symbol,name,followers,current,last_close,percent,market_capital,turnover_rate,pe_ttm,pb,dividend_yield
SH600519,贵州茅台,3726174.0,1263.0,1255.79,0.57,1578853062063.0,0.28,19.388,6.284,4.119
SH601318,中国平安,3170584.0,52.83,52.67,0.3,956626726596.0,0.56,6.005,0.93,5.168
SH600036,招商银行,2930850.0,41.42,41.71,-0.7,1044606004793.0,0.42,6.886,0.912,4.867
SH600887,伊利股份,2248754.0,27.66,27.32,1.24,174959476049.0,0.94,17.283,3.257,4.989
SH601166,兴业银行,2093608.0,18.05,18.24,-1.04,381989707203.0,0.43,5.062,0.455,2.776
SH600276,恒瑞医药,2074983.0,46.85,47.01,-0.34,310952814097.0,0.98,40.246,4.823,0.427
SH601919,中远海控,2068107.0,16.67,16.6,0.42,253689472532.0,0.67,9.483,1.089,5.243
SH601012,隆基绿能,1959415.0,11.24,11.07,1.54,85177504923.0,1.06,-11.305,1.769,
SH603288,海天味业,1934990.0,33.67,33.86,-0.56,196766585859.0,0.26,26.891,5.04,2.379
SH600900,长江电力,1776786.0,28.99,28.9,0.31,709333631587.0,0.54,19.594,3.282,3.449
SH600585,海螺水泥,1718543.0,17.39,17.38,0.06,91768074165.0,0.49,14.741,0.479,4.273
SH603259,药明康德,1601563.0,157.8,162.0,-2.59,478907861615.0,2.44,22.1,5.65,1.303
SH601088,中国神华,1600109.0,48.4,47.49,1.92,1049768620314.0,0.27,19.447,2.328,4.153
SH600436,片仔癀,1588864.0,119.82,118.19,1.38,72289468102.0,0.44,39.954,4.947,2.203
SH600309,万华化学,1569655.0,70.2,69.79,0.59,219759108145.0,0.63,13.345,1.935,2.934
SH601888,中国中免,1568227.0,50.88,50.69,0.37,105718293247.0,0.7,25.83,1.84,1.374
SH600009,上海机场,1545048.0,22.57,22.53,0.18,56161225313.0,0.25,24.539,1.302,2.348
SH601633,长城汽车,1399057.0,13.78,13.41,2.76,118207647661.0,0.31,19.725,1.354,2.533
SH600763,通策医疗,1394796.0,33.8,33.5,0.9,15022611211.0,1.1,24.43,3.655,
SH600702,舍得酒业,1334868.0,32.62,32.37,0.77,10832804016.0,1.42,-144.15,1.555,0.941
SH601155,新城控股,1256540.0,12.76,12.82,-0.47,28781747643.0,0.96,45.395,0.461,
SH600030,中信证券,811918.0,25.91,25.4,2.01,404824893013.0,0.87,10.208,1.3,3.149
SH601899,紫金矿业,747638.0,30.8,29.37,4.87,818996585823.0,1.16,12.105,4.055,2.597
SH600016,民生银行,725854.0,3.49,3.54,-1.41,152800640572.0,0.73,5.32,0.264,4.9
SH600196,复星医药,700411.0,23.89,23.76,0.55,63796556574.0,1.08,18.819,1.309,1.632
SH600031,三一重工,689211.0,16.95,17.03,-0.47,155855325207.0,0.78,17.543,1.693,1.062
SH600660,福耀玻璃,678963.0,54.0,51.65,4.55,140926150728.0,0.94,16.623,3.692,3.889
SH600000,浦发银行,629064.0,9.54,9.7,-1.65,317737697382.0,0.28,6.202,0.422,4.403
SH601398,工商银行,593934.0,8.22,8.31,-1.08,2929659433272.0,0.13,7.83,0.739,3.893
SH601988,中国银行,566890.0,6.77,6.81,-0.59,2181378027981.0,0.14,8.76,0.793,3.486
SH601288,农业银行,561401.0,6.98,7.02,-0.57,2442881576434.0,0.11,8.2,0.854,3.725
SH600570,恒生电子,496015.0,19.49,18.83,3.51,36965229163.0,1.08,30.021,3.8,1.278
SH600089,特变电工,493783.0,17.74,17.79,-0.28,89636540210.0,0.94,16.84,1.265,2.018
SH600048,保利发展,488862.0,5.65,5.77,-2.08,67633005312.0,1.7,-213.071,0.348,0.619
SH601668,中国建筑,485663.0,4.35,4.39,-0.91,179743698431.0,0.6,5.676,0.363,6.253
SH600111,北方稀土,472894.0,35.01,34.5,1.48,126563455128.0,1.11,37.521,4.821,0.371
SH601939,建设银行,460546.0,10.98,11.15,-1.52,2872372188420.0,1.32,8.292,0.802,3.679
SH601328,交通银行,438943.0,7.78,7.83,-0.64,687470241255.0,1.09,7.052,0.589,4.319
SH600150,中国船舶,430392.0,38.54,39.81,-3.19,290037444440.0,1.4,20.681,1.904,2.154
SH600886,国投电力,422522.0,15.78,15.64,0.9,126310919454.0,0.47,17.705,1.904,3.219
SH601766,中国中车,405885.0,6.3,6.22,1.29,180802843754.0,0.69,12.983,1.025,3.651
SH688981,中芯国际,399399.0,108.42,107.08,1.25,928329508976.0,2.3,128.804,5.413,
SH603019,中科曙光,394553.0,75.37,76.78,-1.84,110275036640.0,1.87,45.587,4.784,0.597
SH600584,长电科技,393757.0,62.74,62.6,0.22,112267870122.0,3.83,57.897,3.879,0.239
SH600690,海尔智家,391533.0,20.81,20.43,1.86,193597264693.0,0.49,10.854,1.631,4.32
SH601857,中国石油,391420.0,11.6,11.59,0.09,2123043342689.0,0.11,12.058,1.296,4.397
SH603986,兆易创新,383595.0,326.46,334.4,-2.37,229818512058.0,4.99,28.983,6.145,0.229
SH601688,华泰证券,377684.0,17.97,17.6,2.1,162212742234.0,0.73,7.903,0.907,3.228
SH600566,济川药业,374997.0,26.7,26.02,2.61,24610885707.0,1.23,13.392,1.785,6.502
SH601127,赛力斯,354040.0,46.58,47.97,-2.9,81141665306.0,3.07,62.463,2.165,1.717
SH600438,通威股份,352915.0,11.65,11.44,1.84,52448194451.0,1.09,-5.397,1.625,
SH600028,中国石化,351669.0,5.39,5.48,-1.64,650651042737.0,0.27,18.097,0.772,4.026
SH600703,三安光电,349414.0,11.78,11.88,-0.84,58770640604.0,1.88,-93.642,1.694,
SH600050,中国联通,347235.0,4.3,4.27,0.7,134437028906.0,0.41,19.436,0.784,1.209
SH601933,永辉超市,340631.0,3.01,2.96,1.69,26864361867.0,1.06,-13.05,12.392,
SH600104,上汽集团,334314.0,10.83,10.93,-0.91,124493855368.0,0.31,13.472,0.417,2.438
SH601818,光大银行,332875.0,3.06,3.08,-0.65,180801786247.0,0.45,5.493,0.356,4.935
SH601600,中国铝业,332254.0,9.07,9.02,0.55,155593661835.0,0.94,8.904,1.841,4.664
SH600893,航发动力,330150.0,37.83,38.09,-0.68,100839430024.0,0.85,146.405,2.51,0.19
SH603993,洛阳钼业,325977.0,17.22,16.61,3.67,368410021231.0,0.86,13.243,4.109,2.213
SH601006,大秦铁路,325604.0,4.87,4.84,0.62,96732287829.0,0.99,16.015,0.588,4.559
SH600010,包钢股份,320081.0,2.12,2.1,0.95,95879189850.0,1.03,191.121,1.83,
SH600795,国电电力,318388.0,5.44,5.45,-0.18,97025767806.0,0.64,14.953,1.61,4.43
SH601390,中国中铁,317313.0,4.29,4.28,0.23,105239321311.0,0.42,5.336,0.326,3.497
SH601607,上海医药,316108.0,16.68,16.47,1.28,61855474974.0,0.62,12.967,0.789,2.698
SH600118,中国卫星,313044.0,54.66,56.47,-3.21,64634856119.0,2.05,642.405,10.092,0.022
SH601669,中国电建,310483.0,4.58,4.58,0.0,78895809750.0,0.61,9.388,0.534,2.314
SH600332,白云山,309829.0,19.97,19.69,1.42,32467045252.0,0.79,12.668,0.83,3.756
SH600588,用友网络,298095.0,9.37,9.01,4.0,32017265722.0,1.44,-23.316,4.764,
SH600362,江西铜业,297404.0,42.51,41.89,1.48,147200627007.0,1.51,12.703,1.68,1.411
SH600298,安琪酵母,297120.0,37.86,37.97,-0.29,32855501304.0,0.71,20.206,2.639,1.453
SH600460,士兰微,295538.0,29.09,29.64,-1.86,48407849971.0,4.03,74.511,3.92,0.275
SH601777,千里科技,294518.0,8.27,8.05,2.73,37389497587.0,0.76,284.211,3.621,
SH600019,宝钢股份,288944.0,5.87,5.97,-1.68,127860837477.0,0.49,12.738,0.62,5.264
SH600905,三峡能源,288440.0,3.55,3.53,0.57,101486158004.0,0.23,90.72,1.143,1.155
SH601138,工业富联,288089.0,56.07,55.69,0.68,1112658254364.0,0.4,23.718,6.331,1.159
SH600096,云天化,286859.0,28.32,27.9,1.51,51627097502.0,0.96,9.694,2.032,4.944
SH601009,南京银行,284292.0,11.91,12.11,-1.65,147250085888.0,0.47,6.448,0.762,4.442
SH601985,中国核电,281987.0,9.11,9.17,-0.65,187374498894.0,0.55,25.742,1.582,1.976
SH600487,亨通光电,278841.0,52.95,52.7,0.47,130595470008.0,5.85,31.193,3.874,0.514
SH601727,上海电气,274765.0,6.45,6.42,0.47,100233784552.0,0.37,73.948,1.811,0.217
SH601788,光大证券,273239.0,13.68,13.43,1.86,63075574902.0,0.39,14.771,1.026,2.515
SH600518,康美药业,272630.0,1.35,1.33,1.5,18669010532.0,1.08,633.677,2.549,
SH600316,洪都航空,270470.0,31.56,32.42,-2.65,22632133999.0,1.49,477.402,4.207,0.054
SH603799,华友钴业,267356.0,35.6,35.23,1.05,67409579605.0,2.32,9.76,1.325,1.407
SH601998,中信银行,266138.0,9.0,9.08,-0.88,500806460376.0,0.13,6.981,0.671,4.4
SH600809,山西汾酒,266098.0,115.73,115.1,0.55,141186459412.0,0.44,13.868,3.707,5.668
SH600750,华润江中,266092.0,22.88,22.6,1.24,14542260052.0,0.98,16.606,3.673,6.031
SH600745,*ST闻泰,261776.0,15.64,16.0,-2.25,20654572185.0,2.2,-2.145,0.867,
SH600522,中天科技,258129.0,30.09,30.49,-1.31,102695655029.0,4.37,27.591,2.671,0.864
SH600352,浙江龙盛,256164.0,12.48,12.35,1.05,40601581613.0,1.06,21.312,1.265,3.606
SH601169,北京银行,252577.0,5.57,5.66,-1.59,117766422395.0,0.89,5.626,0.413,7.325
SH600446,金证股份,248399.0,10.68,10.15,5.22,10052736676.0,2.28,-85.977,2.802,
SH601179,中国西电,246788.0,11.66,11.79,-1.1,59767788224.0,1.21,43.961,2.551,0.935
SH600267,海正药业,245997.0,11.94,11.64,2.58,14092448826.0,2.57,16.049,1.567,1.725
SH600085,同仁堂,242232.0,24.28,23.93,1.46,33299297961.0,0.72,34.327,2.444,2.059
SH600547,山东黄金,240961.0,27.17,26.43,2.8,125251785194.0,3.26,22.88,3.78,1.031
SH601800,中国交建,236570.0,6.07,6.05,0.33,98417682714.0,0.52,7.899,0.338,1.285
SH600109,国金证券,235871.0,8.2,8.05,1.86,30202755846.0,0.78,12.183,0.837,0.976
SH600221,海航控股,235710.0,1.22,1.22,0.0,52723071693.0,0.38,24.044,9.599,
SH600029,南方航空,231301.0,4.85,4.81,0.83,87886851474.0,0.23,-67.295,2.918,
SH603501,豪威集团,229672.0,79.15,78.96,0.24,99582721698.0,0.85,30.761,3.074,0.613
SH601628,中国人寿,229397.0,36.15,35.94,0.58,1021769085750.0,0.08,4.126,1.538,2.7
SH601225,陕西煤业,229053.0,26.97,26.6,1.39,261474150000.0,0.41,12.818,2.585,3.585
SH601336,新华保险,226427.0,56.9,56.12,1.39,177502201540.0,0.46,4.009,1.437,4.903
SH601186,中国铁建,225698.0,6.07,6.06,0.17,82427816905.0,0.42,5.041,0.297,4.942
SH601168,西部矿业,225232.0,36.01,35.13,2.5,85811830000.0,1.66,14.44,3.827,0.278
SH601360,三六零,224520.0,9.11,8.67,5.07,63765972278.0,2.12,83.849,2.257,1.647
SH688256,寒武纪,219676.0,985.99,981.0,0.51,620043763348.0,1.81,186.084,45.701,0.102
SH600895,张江高科,216589.0,27.9,27.39,1.86,43208438445.0,1.08,45.656,3.158,0.688
SH600760,中航沈飞,210080.0,43.32,43.57,-0.57,122809142951.0,0.29,43.024,5.247,0.935
SH600999,招商证券,209822.0,17.04,16.86,1.07,148188816774.0,0.59,8.331,1.178,3.615
SH600406,国电南瑞,208601.0,22.4,22.86,-2.01,179911337894.0,0.58,21.419,3.455,2.786
SH600489,中金黄金,208234.0,22.95,21.48,6.84,111245823344.0,1.9,16.867,3.423,1.996
SH600875,东方电气,205003.0,23.5,23.48,0.09,81271467661.0,1.09,17.535,1.762,2.255
SH601377,兴业证券,203398.0,5.77,5.68,1.58,49829646686.0,0.74,13.579,0.886,3.466
SH601106,中国一重,203351.0,2.98,2.95,1.02,20436193122.0,0.77,-98.201,3.946,
SH600143,金发科技,203319.0,13.22,12.82,3.12,35341004399.0,1.48,28.284,1.8,2.262
SH600256,广汇能源,201237.0,7.2,6.8,5.88,46022421341.0,4.37,25.998,1.842,0.875
SH600839,四川长虹,200879.0,6.42,6.43,-0.16,29636287905.0,0.87,13.887,1.782,0.935
SH600600,青岛啤酒,199122.0,51.21,50.42,1.57,69860432146.0,0.81,15.175,2.228,4.589
SH600219,南山铝业,197649.0,4.88,4.88,0.0,56040463608.0,1.27,12.861,1.124,8.176
SH600771,广誉远,195936.0,14.38,14.01,2.64,7038882608.0,2.55,99.358,4.222,
SH600938,中国海油,194998.0,33.82,34.17,-1.02,1607463043739.0,1.24,11.617,1.878,3.82
SH600176,中国巨石,194237.0,38.57,39.55,-2.48,154400983599.0,5.33,34.071,4.657,1.343
SH603027,千禾味业,190306.0,7.4,7.41,-0.13,9847465729.0,0.97,26.257,2.766,3.784
SH600516,方大炭素,189716.0,5.39,5.29,1.89,21699980284.0,1.25,103.603,1.309,0.705
SH601901,方正证券,187210.0,6.71,6.6,1.67,55237400360.0,0.45,12.157,1.047,2.176
SH603444,吉比特,186560.0,346.07,339.28,2.0,24931263823.0,1.76,11.127,4.116,4.893
SH600340,*ST华幸,185737.0,1.32,1.34,-1.49,5139228682.0,2.5,-0.248,-0.236,
SH600315,上海家化,183802.0,19.45,18.5,5.14,13074795311.0,2.73,34.156,1.85,1.311
SH600699,均胜电子,183744.0,22.0,21.11,4.22,34116952386.0,5.51,24.955,2.058,0.818
SH600392,盛和资源,183550.0,19.84,19.7,0.71,34776079149.0,2.22,25.784,2.663,1.764
SH600674,川投能源,183278.0,17.04,16.91,0.77,83063300349.0,0.9,17.968,1.859,2.934
SH601872,招商轮船,181950.0,22.07,22.03,0.18,178205064739.0,2.62,16.429,3.805,1.722
SH600015,华夏银行,181419.0,6.3,6.31,-0.16,100264049348.0,0.51,3.995,0.313,5.079
SH600879,航天电子,180329.0,13.33,13.73,-2.91,43979660122.0,1.98,468.479,2.109,0.158
SH601000,唐山港,177933.0,4.68,4.69,-0.21,27733345914.0,0.77,13.07,1.301,4.274
SH600153,建发股份,176864.0,9.01,8.96,0.56,26124842345.0,1.13,-2.449,0.63,7.769
SH601601,中国太保,175138.0,31.15,30.83,1.04,299673636323.0,0.44,5.314,0.939,5.04
SH600100,同方股份,174560.0,6.63,6.48,2.31,22212473837.0,0.76,90.128,1.423,0.679
SH600521,华海药业,174362.0,17.45,16.65,4.8,26127077135.0,4.82,41.615,2.739,0.573
SH603866,桃李面包,170143.0,4.4,4.3,2.33,7038764282.0,1.29,31.247,1.398,4.545
SH688825,长鑫科技,169700.0,51.0,50.52,0.95,3462089052927.0,6.73,42.318,17.222,
SH600188,兖矿能源,169231.0,20.48,19.95,2.66,205554729370.0,0.9,19.226,2.674,2.539
SH600559,老白干酒,168781.0,11.09,10.95,1.28,10144549154.0,1.13,27.378,1.863,1.803
SH601618,中国中冶,167103.0,2.57,2.55,0.78,53177461267.0,0.5,96.93,0.518,
SH600158,中体产业,165876.0,6.99,6.86,1.9,6706996338.0,2.85,-34.258,2.796,
SH600038,中直股份,165342.0,26.57,26.69,-0.45,21784562669.0,0.68,39.105,1.24,0.9
SH600172,黄河旋风,165056.0,13.61,13.5,0.81,19628130718.0,11.64,-22.483,58.088,
SH600536,中国软件,164359.0,31.32,30.21,3.67,29246195811.0,1.66,1412.119,8.15,
SH601099,太平洋,163582.0,3.49,3.4,2.65,23788944131.0,2.02,101.818,2.367,
SH600867,通化东宝,162613.0,7.88,7.77,1.42,15433317493.0,0.9,11.877,2.258,3.807
SH600066,宇通客车,162608.0,27.04,26.89,0.56,59864916590.0,1.0,10.912,4.613,7.396
SH600941,中国移动,162459.0,97.98,97.96,0.02,2125763345899.0,1.42,16.129,1.495,4.805
SH600498,烽火通信,162213.0,33.65,34.49,-2.44,45702335769.0,4.75,133.607,2.597,0.288
SH600021,上海电力,161263.0,12.87,12.98,-0.85,36317541610.0,0.72,19.529,1.813,2.875
SH600325,华发股份,159721.0,2.89,2.86,1.05,7953719615.0,4.57,-0.597,1.349,
SH600635,大众公用,159698.0,4.49,4.5,-0.22,13256431691.0,1.24,39.96,1.488,1.114
SH600011,华能国际,159296.0,7.33,7.24,1.24,115067024321.0,1.22,9.807,1.784,5.457
SH601018,宁波港,158268.0,3.63,3.59,1.11,70619429888.0,0.42,13.81,0.864,3.333
SH601615,明阳智能,158182.0,9.5,9.56,-0.63,21484218707.0,1.88,133.328,0.823,1.863
SH600372,中航机载,158060.0,11.19,11.16,0.27,54147253290.0,0.39,52.385,1.419,0.608
SH600783,鲁信创投,157992.0,14.12,14.21,-0.63,10510353231.0,1.59,85.709,2.309,0.46
SH603005,晶方科技,156235.0,25.1,25.82,-2.79,16369509821.0,5.55,48.507,3.535,0.478
SH601005,重庆钢铁,154375.0,1.21,1.2,0.83,11627300824.0,0.95,-4.198,0.789,
SH600733,北汽蓝谷,154104.0,4.73,4.77,-0.84,30116638240.0,2.14,-7.182,6.079,
SH600645,中源协和,153814.0,19.1,18.68,2.25,8937823799.0,1.94,76.32,2.39,
SH600737,中粮糖业,153808.0,15.61,15.12,3.24,33387420839.0,5.13,29.952,2.98,2.178
SH600884,杉杉股份,152034.0,11.99,11.87,1.01,26925214703.0,4.08,25.092,1.173,
SH600872,中炬高新,151904.0,17.71,17.26,2.61,13654196595.0,2.01,19.664,2.46,2.484
SH600637,东方明珠,151560.0,8.76,8.48,3.3,29450242397.0,1.29,42.346,0.99,2.055
SH600989,宝丰能源,151547.0,23.25,23.32,-0.3,170500620000.0,0.79,11.1,3.088,3.583
SH600115,中国东航,149353.0,3.3,3.26,1.23,72889531011.0,0.89,-30.613,7.298,
SH600079,ST人福,149350.0,19.23,19.18,0.26,31387705307.0,0.7,15.46,1.626,2.496
SH601728,中国电信,147994.0,6.49,6.42,1.09,593881330157.0,0.16,19.959,1.259,3.867
SH600160,巨化股份,147319.0,33.03,32.28,2.32,89172613055.0,1.51,20.347,4.042,2.361
SH600685,中船防务,147104.0,28.41,29.19,-2.67,40157716199.0,1.89,30.457,2.115,0.827
SH603083,剑桥科技,146800.0,193.0,193.1,-0.05,71072321989.0,8.48,151.113,7.589,0.185
SH601216,君正集团,146172.0,4.85,4.77,1.68,40924384342.0,1.36,13.355,1.49,7.835
SH600535,天士力,145851.0,14.2,14.01,1.36,21214090071.0,1.1,17.347,1.622,2.394
SH600171,上海贝岭,145688.0,21.23,21.3,-0.33,15050441723.0,1.34,69.6,3.305,0.565
SH603658,安图生物,145227.0,33.45,33.21,0.72,19114158490.0,0.45,19.227,2.204,3.916
SH603899,晨光股份,145018.0,22.4,22.13,1.22,20513816445.0,0.24,15.32,2.352,4.464
SH600161,天坛生物,143800.0,12.73,12.55,1.43,25171938508.0,0.95,33.244,2.108,1.178
SH601689,拓普集团,143278.0,43.05,42.88,0.4,74813821719.0,1.28,29.846,3.089,1.138
SH688008,澜起科技,143192.0,197.6,197.01,0.3,241178312950.0,3.06,78.461,11.224,0.299
SH600580,卧龙电驱,142890.0,25.56,25.35,0.83,39927723581.0,1.48,42.451,3.662,0.704
SH600208,衢州发展,142535.0,2.86,2.85,0.35,24335570688.0,1.07,142.762,0.584,
SH600597,光明乳业,141790.0,7.04,6.86,2.62,9704455292.0,1.19,-83.741,1.0,
SH600141,兴发集团,141509.0,27.3,26.87,1.6,32655267836.0,1.7,20.399,1.315,2.564
SH600507,方大特钢,141091.0,4.1,4.12,-0.49,9484070349.0,1.06,12.721,0.957,4.78
SH600177,雅戈尔,140894.0,8.37,8.4,-0.36,38698208720.0,0.69,13.553,0.918,5.711
SH603160,汇顶科技,140530.0,51.95,51.55,0.78,24210866471.0,0.92,36.795,2.601,0.749
SH600266,城建发展,139682.0,4.45,4.35,2.3,9237058606.0,2.79,-8.474,0.516,1.124
SH600741,华域汽车,139357.0,15.55,15.15,2.64,49024857951.0,0.72,7.048,0.737,6.431
SH600410,华胜天成,138545.0,13.98,13.92,0.43,15328995668.0,4.99,-42.924,3.681,0.057
SH600598,北大荒,138436.0,13.16,12.64,4.11,23394267602.0,2.26,-65.944,3.606,4.179
SH601877,正泰电器,136827.0,25.59,25.69,-0.39,54992116096.0,0.64,10.845,1.195,2.517
SH688012,中微公司,135366.0,311.0,313.24,-0.72,297888970228.0,1.97,70.41,10.903,0.074
SH600415,小商品城,135135.0,11.05,10.83,2.03,60593329447.0,0.61,13.49,2.742,5.43
SH600428,中远海特,135058.0,10.95,10.98,-0.27,30045928325.0,1.44,12.915,1.766,2.968
SH600755,厦门国贸,134438.0,5.79,5.69,1.76,12345197640.0,0.94,29.944,0.651,3.817
SH603087,甘李药业,134334.0,75.52,73.56,2.66,45118077403.0,1.91,39.244,3.852,1.324
SH600683,京投发展,133823.0,8.84,8.74,1.14,6548473957.0,2.23,-5.173,-4.471,
SH600064,南京高科,133190.0,7.99,8.02,-0.37,13825413756.0,1.59,8.109,0.695,4.005
SH600056,中国医药,132576.0,9.14,8.98,1.78,13672340897.0,1.23,31.916,1.142,0.821
SH600206,有研新材,132413.0,47.95,44.64,7.41,40592232269.0,9.84,127.65,9.31,0.29
SH603778,国晟科技,132236.0,8.32,8.2,1.46,5491550438.0,8.36,-9.751,23.503,
SH600562,国睿科技,132214.0,26.48,26.44,0.15,32884395603.0,0.86,57.501,4.871,0.94
SH601519,大智慧,131664.0,9.17,8.34,9.95,18240597200.0,4.85,-265.943,14.132,
SH601066,中信建投,131610.0,23.21,22.75,2.02,180032886238.0,0.22,14.322,2.056,2.003
SH600988,赤峰黄金,130857.0,41.38,39.07,5.91,78639014546.0,4.58,21.209,5.489,0.773
SH600312,平高电气,130131.0,20.58,20.53,0.24,27925440539.0,1.14,21.956,2.353,1.871
SH600717,天津港,129873.0,4.37,4.36,0.23,12646784536.0,1.02,10.954,0.618,2.334
SH601211,国泰海通,129598.0,16.81,16.6,1.27,295537584106.0,0.44,9.141,0.889,3.873
SH600271,航天信息,129180.0,6.75,6.57,2.74,12506971307.0,0.81,-15.245,0.972,
SH600549,厦门钨业,127949.0,43.05,43.19,-0.32,68345569809.0,2.06,19.302,3.656,1.905
SH600157,永泰能源,127879.0,1.46,1.45,0.69,31853935652.0,1.7,183.85,0.682,
SH600787,中储股份,127519.0,4.7,4.62,1.73,10199374035.0,1.25,32.078,0.736,2.404
SH600343,航天动力,126811.0,18.39,19.1,-3.72,11736614740.0,4.75,-66.554,9.468,
SH600779,水井坊,126060.0,26.24,25.99,0.96,12788695020.0,0.3,43.461,2.567,0.968
SH600711,盛屯矿业,125739.0,10.62,10.28,3.31,32822294672.0,2.0,12.099,1.836,1.384
SH600062,华润双鹤,124992.0,16.44,16.16,1.73,17074131111.0,1.03,10.583,1.394,2.914
SH600169,ST太重,124765.0,2.22,2.2,0.91,7399574130.0,0.35,30.835,1.411,
SH601117,中国化学,124655.0,7.25,7.15,1.4,44265314800.0,0.89,6.831,0.629,2.979
SH600739,辽宁成大,123554.0,10.33,10.13,1.97,15725523536.0,0.92,9.594,0.526,1.452
SH688041,海光信息,123170.0,219.59,220.53,-0.43,510401401403.0,0.81,162.45,20.116,0.109
SH603000,人民网,122459.0,16.79,16.1,4.29,18564552830.0,1.76,77.638,4.947,0.792
SH603893,瑞芯微,121856.0,202.72,199.56,1.58,85830989160.0,2.91,62.75,17.416,0.739
SH600026,中远海能,121753.0,23.49,22.62,3.85,128519695433.0,4.07,19.143,2.672,2.81
SH603026,石大胜华,121559.0,62.76,59.0,6.37,14604315639.0,10.07,27.98,2.701,0.064
SH601636,旗滨集团,120942.0,5.23,5.22,0.19,15473758997.0,1.5,-35.283,1.077,2.065
SH600881,亚泰集团,120548.0,1.92,1.86,3.23,6205729897.0,3.45,-3.653,58.716,
SH601100,恒立液压,120175.0,84.75,87.39,-3.02,113634579072.0,0.9,41.453,6.344,1.015
SH601020,华钰矿业,119691.0,19.65,19.35,1.55,16112306316.0,2.17,19.871,3.657,0.402
SH601238,广汽集团,118872.0,5.27,5.36,-1.68,53738537293.0,1.05,-5.017,0.535,
SH600348,华阳股份,118275.0,9.08,9.09,-0.11,32756100000.0,0.7,16.527,1.188,2.61
SH601118,海南橡胶,118040.0,7.16,6.51,9.98,30640703027.0,6.64,-533.223,3.225,
SH603589,口子窖,117354.0,18.15,17.79,2.02,10855868417.0,1.04,33.595,1.037,2.749
SH603605,珀莱雅,117031.0,56.22,55.12,2.0,22261780390.0,1.33,11.923,3.344,4.189
SH601111,中国国航,116418.0,5.78,5.74,0.7,118447002753.0,0.37,-52.629,1.979,
SH600499,科达制造,116401.0,11.3,11.43,-1.14,21671777218.0,1.37,11.726,1.635,2.655
SH600198,大唐电信,116376.0,7.16,7.09,0.99,9333801354.0,1.02,-252.173,45.518,
SH688363,华熙生物,115815.0,34.88,34.5,1.1,16800937081.0,0.61,75.005,2.37,0.542
SH603369,今世缘,115546.0,27.62,27.65,-0.11,34436617022.0,0.48,14.018,2.008,4.345
SH600633,浙数文化,115369.0,10.19,9.83,3.66,12921678870.0,1.57,26.019,1.251,2.453
SH600667,太极实业,114684.0,16.32,16.55,-1.39,34133968345.0,6.49,78.197,3.892,0.49
SH600305,恒顺醋业,114569.0,6.85,6.77,1.18,7566987226.0,0.94,49.191,2.266,1.752
SH600025,华能水电,113397.0,10.11,10.1,0.1,188360362938.0,0.16,22.772,2.694,2.028
SH600098,广州发展,113331.0,6.43,6.49,-0.92,22542711828.0,0.53,13.828,0.829,5.443
SH600398,海澜之家,112669.0,6.01,5.85,2.74,28864649479.0,1.06,13.921,1.62,11.314
SH600346,恒力石化,111920.0,16.45,16.4,0.3,115793191480.0,0.31,10.311,1.61,1.763
SH600478,科力远,111697.0,5.1,4.64,9.91,8638986472.0,3.62,59.309,2.888,
SH601698,中国卫通,110672.0,22.58,22.99,-1.78,95386622603.0,0.44,255.185,6.008,0.137
SH601016,节能风电,110350.0,3.26,3.28,-0.61,21335057928.0,1.31,50.848,1.189,0.429
SH600329,达仁堂,109842.0,35.8,35.54,0.73,27569377945.0,0.47,32.505,4.641,9.905
SH600511,国药股份,109550.0,26.67,26.29,1.45,20122594957.0,1.0,10.438,1.07,3.0
SH600993,马应龙,107806.0,22.95,22.65,1.32,9892686798.0,1.28,16.464,2.228,3.05
SH600018,上港集团,107755.0,5.5,5.54,-0.72,128039782772.0,0.2,9.117,0.873,3.545
SH600380,健康元,107733.0,10.13,9.9,2.32,18532362800.0,1.31,15.466,1.218,9.181
SH600369,西南证券,107404.0,3.94,3.88,1.55,26181729949.0,0.5,21.051,0.999,2.69
SH600259,中稀有色,106892.0,70.9,70.1,1.14,23853306019.0,2.16,52.023,6.2,0.212
SH600704,物产中大,106695.0,5.0,4.92,1.63,25855899450.0,1.17,7.246,0.617,4.38
SH603195,公牛集团,106295.0,39.04,38.89,0.39,70406532191.0,0.18,16.917,4.635,4.88
SH601869,长飞光纤,106151.0,387.87,393.99,-1.55,321119554240.0,2.47,93.28,19.623,0.349
SH600004,白云机场,105914.0,7.7,7.67,0.39,19844783405.0,0.45,17.334,0.959,3.701
SH603606,东方电缆,105582.0,36.3,37.54,-3.3,29940548114.0,3.38,21.963,3.541,1.281
SH603127,昭衍新药,104821.0,52.6,52.06,1.04,39415716372.0,8.68,40.039,4.392,0.228
SH601898,中煤能源,103963.0,14.39,14.09,2.13,190792166326.0,0.49,10.408,1.148,2.787
SH600383,金地集团,103791.0,2.54,2.57,-1.17,11467042273.0,3.82,-0.93,0.269,
SH600751,海航科技,103175.0,2.92,2.87,1.74,8466066326.0,1.17,111.021,1.128,0.616
SH600863,华能蒙电,102697.0,5.18,5.1,1.57,40586281921.0,3.19,19.656,2.04,4.247
SH600313,农发种业,102411.0,7.35,6.88,6.83,8536098672.0,9.93,116.777,3.5,0.122
SH601995,中金公司,102377.0,31.1,30.19,3.01,150127688595.0,0.76,10.991,1.44,1.029
SH600105,永鼎股份,102087.0,32.47,33.56,-3.25,47470971221.0,7.5,113.413,13.045,0.154
SH603260,合盛硅业,101339.0,33.04,31.33,5.46,39060117331.0,1.6,-17.213,1.315,
SH601816,京沪高铁,101214.0,4.81,4.81,0.0,235332517770.0,0.37,17.269,1.123,1.975
SH601658,邮储银行,100613.0,5.41,5.49,-1.46,649714239392.0,0.26,7.245,0.621,4.214
SH600596,新安股份,100458.0,10.95,10.48,4.48,14778087687.0,3.42,44.514,1.175,0.913
SH603568,伟明环保,99691.0,13.1,13.36,-1.95,26834792176.0,0.61,15.617,1.838,3.824
SH600606,绿地控股,99633.0,1.48,1.47,0.68,20800243105.0,1.42,-0.904,0.541,
SH600919,江苏银行,99622.0,12.37,12.57,-1.59,227005883607.0,0.58,6.282,0.836,4.559
SH600801,华新建材,99389.0,23.52,23.65,-0.55,48897977664.0,0.37,14.122,1.473,2.338
SH600061,国投资本,99212.0,6.21,6.11,1.64,39707347170.0,0.61,10.512,0.738,2.48
SH600826,兰生股份,99087.0,8.08,7.9,2.28,5851403229.0,0.89,20.446,1.403,3.218
SH601866,中远海发,99013.0,2.46,2.47,-0.4,32304859531.0,0.89,19.705,1.034,1.504
SH601868,中国能建,98906.0,2.39,2.38,0.42,99641881090.0,0.72,18.74,0.893,1.381
SH600199,金种子酒,98869.0,7.06,6.93,1.88,4644045577.0,2.26,-24.286,2.451,
SH600338,西藏珠峰,98788.0,12.28,11.99,2.42,11226500863.0,3.24,19.825,2.363,0.163
SH603881,数据港,98764.0,22.66,22.35,1.39,19534107361.0,1.99,139.867,5.776,0.212
SH600127,金健米业,98324.0,15.18,13.8,10.0,9742269249.0,31.47,-557.651,14.725,
SH603290,斯达半导,97779.0,76.25,78.85,-3.3,18259851783.0,2.44,93.744,2.654,0.666
SH603886,元祖股份,97401.0,13.1,13.21,-0.83,3144000000.0,1.9,41.829,2.338,4.58
SH605499,东鹏饮料,97112.0,114.11,113.04,0.95,83779483264.0,0.59,17.072,4.302,4.314
SH600006,东风股份,97064.0,5.45,5.5,-0.91,10900000000.0,1.66,-24.087,1.378,
SH600072,中船科技,96643.0,9.35,9.47,-1.27,14031074779.0,3.68,-4.209,1.927,
SH600958,东方证券,96410.0,8.67,8.52,1.76,73665914682.0,0.58,11.013,0.903,2.307
SH600611,大众交通,96376.0,4.33,4.25,1.88,10236652001.0,2.18,-59.526,1.081,0.462
SH600873,梅花生物,96100.0,7.7,7.55,1.99,21592660705.0,1.01,9.929,1.378,5.558
SH601058,赛轮轮胎,95674.0,13.19,12.94,1.93,43370042416.0,1.0,11.261,1.914,2.502
SH601991,大唐发电,95312.0,5.34,5.35,-0.19,98825834091.0,1.1,11.883,2.622,3.015
SH601890,亚星锚链,94911.0,9.17,9.46,-3.07,8797698000.0,5.12,24.737,2.253,1.2
SH600765,中航重机,94437.0,13.14,13.03,0.84,20399773170.0,0.71,36.405,1.386,0.502
SH603882,金域医学,94330.0,28.82,28.29,1.87,13351103486.0,2.31,131.207,2.114,3.053
SH600110,诺德股份,94129.0,10.73,11.09,-3.25,18778368400.0,5.47,-152.463,3.1,
SH600132,重庆啤酒,93682.0,38.62,38.27,0.91,18690967667.0,0.71,16.087,11.8,3.107
SH600435,北方导航,93631.0,11.02,11.02,0.0,16666182394.0,0.88,-384.738,5.875,0.227
SH600027,华电国际,92899.0,5.19,5.16,0.58,60265108015.0,1.18,11.433,1.211,4.432
SH601865,福莱特,92733.0,9.38,9.12,2.85,21976244988.0,0.78,61.651,1.038,1.599
SH603659,璞泰来,92537.0,22.33,21.86,2.15,47882474522.0,2.41,17.376,2.237,1.012
SH601918,新集能源,92319.0,11.58,11.53,0.43,29998474044.0,1.85,12.329,1.65,1.036
SH600744,华银电力,92016.0,6.08,6.17,-1.46,12349235586.0,3.21,-168.449,10.172,
SH600859,王府井,90361.0,9.89,9.67,2.28,11115681783.0,1.24,-166.411,0.572,
SH600529,山东药玻,90235.0,18.28,18.1,0.99,12130865986.0,0.88,17.597,1.42,2.626
SH600732,爱旭股份,90151.0,10.95,10.95,0.0,23161380903.0,1.22,-9.906,5.194,
SH601126,四方股份,89537.0,34.34,35.27,-2.64,28608018710.0,2.2,32.993,5.929,3.494
SH600008,首创环保,89142.0,2.77,2.76,0.36,20333436175.0,0.93,12.088,0.97,2.888
SH600546,山煤国际,88967.0,13.9,13.56,2.51,27556140346.0,1.06,18.118,1.59,2.554
SH601808,中海油服,88907.0,12.57,12.56,0.08,59978911440.0,0.6,15.433,1.268,2.251
SH600868,梅雁吉祥,88261.0,2.77,2.75,0.73,5257871841.0,1.89,-76.194,2.7,
SH600120,浙江东方,88250.0,4.67,4.6,1.52,15949831568.0,1.06,11.355,0.952,1.028
SH688525,佰维存储,88164.0,181.01,183.18,-1.18,86311364302.0,3.77,10.469,6.721,0.351
SH688017,绿的谐波,87997.0,263.76,255.88,3.08,48355153770.0,3.1,342.799,13.407,0.08
SH601021,春秋航空,87883.0,40.15,39.65,1.26,39280086933.0,0.43,17.928,2.22,2.082
SH600567,山鹰国际,87746.0,1.32,1.31,0.76,8191204700.0,0.76,-4.406,0.571,
SH600108,亚盛集团,87311.0,4.24,3.97,6.8,8254920113.0,14.29,153.296,1.907,0.071
SH600482,中国动力,87225.0,33.46,34.68,-3.52,75895523473.0,0.92,44.809,1.843,0.953
SH600673,东阳光,87217.0,29.76,30.15,-1.29,89564358556.0,0.82,1719.149,8.548,
SH600583,海油工程,86912.0,6.59,6.61,-0.3,29136728132.0,0.98,14.025,1.01,2.974
SH600789,鲁抗医药,86822.0,8.28,8.15,1.6,8654171362.0,11.27,60.259,1.647,0.604
SH603345,安井食品,86769.0,81.02,78.39,3.36,27003069271.0,1.85,17.938,1.705,3.916
SH600497,驰宏锌锗,86729.0,8.91,8.8,1.25,44909790104.0,1.28,26.521,2.527,0.786
SH600166,福田汽车,86652.0,2.82,2.77,1.81,22327069035.0,1.22,14.961,1.41,
SH600776,东方通信,85924.0,12.32,12.15,1.4,15473920788.0,1.43,28.291,3.84,0.446
SH603486,科沃斯,85626.0,48.66,47.96,1.46,28192656736.0,0.61,13.911,2.797,1.889
SH600797,浙大网新,85508.0,6.55,6.37,2.83,6730297724.0,1.57,-67.535,2.087,0.458
SH600023,浙能电力,85265.0,5.32,5.38,-1.12,71334458225.0,0.46,12.925,0.969,5.639
SH601162,天风证券,85142.0,3.58,3.49,2.58,36064867138.0,1.51,109.89,1.317,
SH600151,航天机电,84698.0,9.04,9.12,-0.88,12965640674.0,1.46,-53.341,2.937,
SH601699,潞安环能,84639.0,15.52,15.27,1.64,46426670784.0,1.0,30.057,0.991,1.205
SH603650,彤程新材,83931.0,57.39,59.07,-2.84,39265568603.0,1.97,65.369,8.42,0.784
SH600426,华鲁恒升,83346.0,20.12,19.82,1.51,55328853462.0,1.06,13.496,1.584,2.247
SH603533,掌阅科技,83336.0,25.44,23.13,9.99,11165535482.0,8.39,-168.02,4.905,
SH600862,中航高科,83230.0,17.56,17.55,0.06,24461942319.0,0.64,28.285,3.131,1.264
SH603690,至纯科技,83182.0,20.73,21.5,-3.58,7938848903.0,4.78,-7.721,2.465,
SH600037,歌华有线,82986.0,7.44,7.16,3.91,10354827457.0,2.48,40.222,0.806,0.672
SH601008,连云港,82848.0,4.45,4.44,0.23,5520839127.0,0.77,28.97,1.315,2.022
SH600456,宝钛股份,82599.0,24.7,24.51,0.78,11801105213.0,0.77,34.598,1.642,1.215
SH688111,金山办公,82312.0,228.95,218.99,4.55,106235875943.0,1.27,29.454,7.046,0.546
SH600845,宝信软件,82178.0,17.7,17.38,1.84,50584903225.0,0.56,38.933,4.563,1.305
SH600537,*ST亿晶,82097.0,2.07,2.09,-0.96,2450290087.0,1.75,-4.826,-11.532,
SH600977,中国电影,81712.0,13.93,13.4,3.96,26007310000.0,2.77,222.556,2.38,0.23
SH601718,ST际华,81680.0,1.94,1.93,0.52,8460474836.0,0.23,-16.796,0.709,
SH601319,中国人保,81672.0,7.82,7.91,-1.14,345831606359.0,0.14,6.082,1.017,3.261
SH600149,廊坊发展,81644.0,5.11,5.16,-0.97,1942617600.0,2.23,135.768,7.751,
SH601606,长城军工,81639.0,30.4,30.5,-0.33,22016543360.0,1.91,-362.694,10.288,0.013
SH600563,法拉电子,81508.0,113.1,113.49,-0.34,25447500000.0,1.28,21.12,4.176,2.034
SH688110,东芯股份,81405.0,104.38,105.73,-1.28,46175352073.0,3.19,80.244,16.522,0.572
SH600718,东软集团,81082.0,8.26,7.82,5.63,9882584918.0,1.5,-14.047,1.136,
SH600422,昆药集团,81037.0,8.36,8.18,2.2,6328317329.0,1.21,-29.8,1.301,2.153
SH600459,贵研铂业,80889.0,18.09,17.97,0.67,14891276471.0,1.57,22.382,1.649,1.747
SH600252,中恒集团,80733.0,2.25,2.17,3.69,7164366908.0,2.55,-16.592,1.371,
SH601958,金钼股份,80537.0,19.05,18.92,0.69,61466813820.0,0.75,17.494,2.974,2.1
SH600756,浪潮软件,79574.0,13.93,13.54,2.88,4870328529.0,2.52,-18.639,2.235,
SH600550,保变电气,79450.0,10.33,10.42,-0.86,19022989198.0,1.0,74.511,19.395,
SH600399,抚顺特钢,79086.0,4.27,4.3,-0.7,8420867000.0,1.95,-10.799,1.601,
SH605117,德业股份,78983.0,75.68,76.96,-1.66,96361987209.0,0.81,22.07,8.389,3.813
SH600233,圆通速递,78516.0,18.21,17.78,2.42,62373116675.0,0.8,11.007,1.678,2.032
SH603538,美诺华,78283.0,28.45,29.46,-3.43,9670956949.0,19.33,82.754,3.298,0.39
SH603392,万泰生物,77373.0,26.96,26.5,1.74,34088029996.0,0.54,-89.108,2.904,
SH603516,淳中科技,77089.0,72.8,73.86,-1.44,14797930711.0,3.68,32.797,8.161,0.136
SH600377,宁沪高速,76953.0,13.49,13.19,2.27,67959213775.0,0.47,14.542,1.636,5.486
SH600126,杭钢股份,76449.0,5.95,5.88,1.19,20094275044.0,0.8,133.185,1.035,0.084
SH600885,宏发股份,76275.0,32.26,32.29,-0.09,49925392537.0,0.75,25.612,3.779,1.076
SH601611,中国核建,75917.0,10.01,10.0,0.1,30168480462.0,0.62,27.981,1.339,0.599
SH600366,宁波韵升,75673.0,10.88,10.81,0.65,11957566635.0,2.46,24.055,1.863,0.91
SH600114,东睦股份,75408.0,23.9,24.27,-1.52,15953588544.0,2.13,33.563,3.963,1.607
SH600307,酒钢宏兴,75173.0,1.48,1.46,1.37,9269768988.0,0.66,-5.92,1.746,
SH600479,千金药业,75071.0,12.44,12.13,2.56,6123092599.0,11.58,18.04,2.026,4.502
SH600138,中青旅,74961.0,7.01,6.89,1.74,5074118400.0,0.89,130.815,0.802,0.514
SH600367,红星发展,74425.0,32.1,32.62,-1.59,10950301954.0,6.73,111.039,4.307,0.125
SH603688,石英股份,74216.0,40.28,41.52,-2.99,21818801481.0,2.26,158.258,3.724,0.214
SH688396,华润微,74169.0,51.9,52.02,-0.23,68934134292.0,1.19,66.019,2.937,0.206
SH600184,光电股份,73941.0,16.96,17.38,-2.42,9883057857.0,2.5,181.025,2.893,0.195
SH603517,ST绝味,73901.0,11.21,11.16,0.45,6793281703.0,0.63,-29.325,1.119,2.23
SH688126,沪硅产业,73744.0,21.37,21.57,-0.93,70628349908.0,1.88,-33.535,3.643,
SH600641,先导基电,73672.0,44.66,45.32,-1.46,42345402607.0,7.87,991.051,5.028,
SH603198,迎驾贡酒,73538.0,38.87,38.5,0.96,31096000000.0,0.37,15.416,2.934,3.859
SH603667,五洲新春,73440.0,47.5,47.0,1.06,18199716295.0,3.77,236.333,4.557,0.253
SH601231,环旭电子,73402.0,22.63,23.07,-1.91,54061614393.0,0.85,26.533,2.413,1.891
SH601233,桐昆股份,73397.0,22.95,22.68,1.19,54498727449.0,1.06,10.565,1.283,0.523
SH600808,马钢股份,73199.0,2.42,2.44,-0.82,18635648470.0,1.19,-91.385,0.778,
SH600268,国电南自,72689.0,10.29,10.31,-0.19,10450387266.0,1.07,20.289,2.796,1.944
SH600586,金晶科技,72592.0,3.97,3.94,0.76,5626830669.0,0.92,-7.017,1.16,
SH600390,五矿资本,72188.0,4.87,4.81,1.25,21905578785.0,0.8,22.231,0.514,0.595
SH600754,锦江酒店,72132.0,18.0,17.54,2.62,19153412316.0,1.07,17.414,1.202,2.839
SH600185,珠免集团,72064.0,4.77,4.69,1.71,8991477642.0,1.28,-12.483,159.532,
SH601222,林洋能源,72049.0,6.04,6.04,0.0,12328969742.0,1.34,35.535,0.795,3.195
SH600602,云赛智联,71958.0,15.98,15.71,1.72,21855421811.0,1.45,108.963,4.39,0.269
SH600877,电科芯片,71843.0,11.04,11.03,0.09,13072016792.0,1.06,581.003,5.245,
SH600285,羚锐制药,71650.0,19.66,19.08,3.04,11149490455.0,2.55,14.29,3.45,5.595
SH600060,海信视像,71591.0,27.19,27.1,0.33,35482195586.0,0.72,13.68,1.605,3.457
SH600557,康缘药业,71343.0,12.4,12.22,1.47,7020369194.0,1.3,22.74,1.414,
SH603629,利通电子,71204.0,94.58,93.64,1.0,34685134240.0,5.45,36.746,13.162,0.458
SH600926,杭州银行,71008.0,17.15,17.43,-1.61,124320393698.0,0.63,6.16,0.864,4.315
SH600773,西藏城投,70846.0,9.89,9.82,0.71,9411194095.0,1.99,-16.885,2.239,
SH601369,陕鼓动力,70614.0,8.44,8.53,-1.06,14531882871.0,0.57,21.838,1.62,2.962
SH603156,养元饮品,70461.0,42.36,42.2,0.38,53385357696.0,0.73,38.968,6.083,3.541
SH600664,哈药股份,70331.0,7.39,7.24,2.07,18611787984.0,17.05,36.336,3.048,
SH603123,翠微股份,70058.0,9.64,9.25,4.22,7699821451.0,4.38,-21.995,4.85,
SH688599,天合光能,70001.0,11.17,10.85,2.95,26166481053.0,1.43,-5.97,1.284,
SH603858,步长制药,69881.0,14.81,14.6,1.44,15618158626.0,0.55,66.272,1.553,1.195
SH600216,浙江医药,69842.0,12.59,12.5,0.72,12107019273.0,1.37,15.019,1.038,2.216
SH603728,鸣志电器,69728.0,49.55,48.61,1.93,20755627875.0,1.39,290.8,6.985,0.05
SH600759,ST洲际,69660.0,2.27,2.29,-0.87,9418251066.0,2.0,32.7,1.045,
SH600528,中铁工业,69653.0,6.86,6.84,0.29,15239843894.0,0.52,11.785,0.597,1.312
SH600820,隧道股份,69633.0,5.31,5.29,0.38,16695150259.0,0.58,8.162,0.527,3.202
SH600211,西藏药业,69589.0,36.78,36.16,1.71,11854900029.0,0.89,12.115,3.029,5.43
SH688836,宇树科技-W,69340.0,432.0,427.8,0.98,174728594880.0,6.28,299.073,19.862,
SH600825,新华传媒,68707.0,12.53,11.39,10.01,13092444761.0,4.78,306.792,5.207,0.104
SH600170,上海建工,68620.0,2.23,2.22,0.45,19815645629.0,1.11,21.181,0.631,1.57
SH601908,京运通,68610.0,2.96,2.92,1.37,7147224469.0,1.51,-4.314,0.997,
SH605111,新洁能,68607.0,49.8,50.18,-0.76,20683561837.0,3.42,52.781,4.596,0.384
SH600678,ST金顶,68524.0,5.54,5.54,0.0,1933404600.0,2.21,-286.876,7.199,
SH603662,柯力传感,68356.0,45.8,45.6,0.44,12862007954.0,1.63,43.102,4.463,0.795
SH600581,*ST八钢,68285.0,2.48,2.45,1.22,3801586718.0,0.47,-2.494,-7.359,
SH600059,古越龙山,67992.0,11.66,11.88,-1.85,10628584536.0,10.92,47.545,1.816,0.755
SH600816,建元信托,67735.0,2.41,2.38,1.26,23725120292.0,0.98,20.665,1.569,
SH600970,中材国际,67724.0,7.76,7.78,-0.26,20345268290.0,0.58,8.567,0.901,6.186
SH600123,兰花科创,67707.0,7.07,6.99,1.14,10415806948.0,1.23,-20.253,0.683,
SH603806,福斯特,67567.0,14.35,14.24,0.77,37435500824.0,1.02,33.54,2.299,1.882
SH600055,万东医疗,67541.0,10.48,10.38,0.96,7368079888.0,0.65,-19.869,1.697,
SH600694,大商股份,67538.0,14.8,14.42,2.64,5606145443.0,1.53,11.399,0.629,6.142
SH601975,招商南油,67158.0,4.78,4.97,-3.82,22372047561.0,9.25,14.403,1.835,0.565
SH603299,苏盐井神,67064.0,8.77,8.71,0.69,8373244656.0,0.59,23.739,1.041,2.873
SH601069,西部黄金,67039.0,26.55,24.14,9.98,24187026716.0,3.17,27.264,4.706,0.776
SH601966,玲珑轮胎,66944.0,10.66,10.47,1.81,15600938601.0,0.65,25.332,0.692,1.642
SH600197,伊力特,66850.0,9.4,9.29,1.18,4447842340.0,0.71,32.784,1.123,4.574
SH603185,弘元绿能,66769.0,14.88,14.87,0.07,10164182814.0,2.42,-51.94,0.899,1.008
SH600326,西藏天路,66709.0,6.63,6.53,1.53,9033139124.0,1.17,-292.867,2.348,
SH601838,成都银行,66653.0,19.29,19.58,-1.48,81759418017.0,0.41,6.024,0.886,7.309
SH600869,远东股份,66473.0,17.11,17.11,0.0,37973125484.0,5.1,314.431,8.687,0.058
SH600503,华丽家族,66419.0,2.52,2.53,-0.4,4037770800.0,6.45,-51.205,1.174,
SH601001,晋控煤业,66411.0,17.7,17.4,1.72,29624490000.0,1.03,17.646,1.548,3.09
SH601598,中国外运,66348.0,6.9,6.71,2.83,49498883466.0,0.43,13.027,1.198,4.275
SH603228,景旺电子,66312.0,96.98,97.89,-0.93,104287387624.0,3.11,88.152,7.248,0.52
SH600481,双良节能,66303.0,4.04,3.97,1.76,8339386257.0,1.52,-6.492,2.097,
SH600409,三友化工,66288.0,6.34,6.32,0.32,13087975500.0,1.13,71.08,0.935,0.473
SH603063,禾望电气,66199.0,25.76,26.66,-3.38,11973643004.0,4.03,26.924,2.19,0.497
SH600655,豫园股份,66175.0,4.68,4.58,2.18,18210855232.0,0.55,-3.796,0.609,
SH603338,浙江鼎力,66155.0,51.48,52.26,-1.49,26066788811.0,0.53,14.193,2.213,2.234
SH688521,芯原股份,65984.0,152.02,153.39,-0.89,79949639801.0,3.79,-97.489,27.328,
SH600556,天下秀,65842.0,4.77,4.48,6.47,8622956252.0,3.34,-116.592,2.309,0.105
SH600376,首开股份,65797.0,3.23,3.2,0.94,8331995732.0,2.41,-1.258,6.665,
SH600495,晋西车轴,65601.0,4.1,4.07,0.74,4953582633.0,0.81,143.065,1.51,0.439
SH600320,振华重工,65315.0,4.12,4.08,0.98,21750517704.0,1.17,24.437,1.367,1.942
SH600378,昊华科技,65230.0,39.91,40.5,-1.46,51483884834.0,2.52,30.269,2.757,0.982
SH600986,浙文互联,65099.0,7.17,6.77,5.91,10664472025.0,3.87,-66.827,2.112,
SH600129,太极集团,64957.0,13.97,13.42,4.1,7703312044.0,3.37,110.632,2.144,
SH603236,移远通信,64356.0,72.2,68.49,5.42,29339307087.0,4.67,30.302,3.951,1.022
SH688795,摩尔线程-U,64300.0,376.9,372.0,1.32,177153634987.0,6.43,-238.942,14.549,
SH600490,鹏欣资源,64274.0,6.83,6.71,1.79,15114018750.0,1.52,48.965,2.376,0.454
SH600855,航天长峰,64148.0,12.38,12.3,0.65,5800558973.0,1.38,-34.495,4.195,
SH600095,湘财股份,64118.0,8.9,8.55,4.09,25446770913.0,3.18,29.874,1.985,
SH600775,南京熊猫,64048.0,9.5,9.44,0.64,8681466026.0,3.17,286.554,2.81,0.105
SH603077,和邦生物,64036.0,2.23,2.19,1.83,19694830883.0,1.46,-94.678,1.042,
SH603305,旭升集团,63941.0,11.06,10.87,1.75,12782136629.0,1.55,31.78,1.375,1.438
SH600022,山东钢铁,63885.0,1.31,1.3,0.77,14015492916.0,1.17,126.401,0.738,
SH601212,白银有色,63823.0,5.73,5.57,2.87,42429357948.0,2.04,-92.649,2.751,
SH600857,宁波中百,63699.0,17.98,17.05,5.45,4033272144.0,4.46,152.338,4.75,0.25
SH603043,广州酒家,63466.0,13.52,13.29,1.73,7647430762.0,0.65,15.942,2.048,3.706
SH600354,敦煌种业,63342.0,9.99,9.08,10.02,5272742779.0,23.67,38.356,6.233,
SH600728,佳都科技,62907.0,4.54,4.4,3.18,9682000645.0,1.43,139.672,1.225,0.176
SH600578,京能电力,62771.0,5.35,5.36,-0.19,35816222430.0,0.74,10.135,1.436,3.178
SH600572,康恩贝,62641.0,4.41,4.3,2.56,11202510310.0,2.43,22.471,1.584,3.401
SH600360,华微电子,62635.0,10.21,10.24,-0.29,9804615054.0,4.34,53.368,2.758,0.627
SH603108,润达医疗,62633.0,9.97,9.66,3.21,6027900125.0,2.69,-11.691,1.633,
SH600860,京城股份,62545.0,7.61,7.51,1.33,4153133818.0,1.25,-41.321,5.248,
SH601928,凤凰传媒,62352.0,8.62,8.33,3.48,21937038000.0,0.71,16.854,1.096,5.8
SH601608,中信重工,62320.0,4.63,4.6,0.65,21203332413.0,0.59,55.585,2.261,0.713
SH688235,百济神州,62287.0,249.42,250.56,-0.45,384758927297.0,2.34,89.865,10.852,
SH600130,波导股份,62158.0,4.86,4.58,6.11,3645000000.0,5.87,732.919,4.016,
SH601015,陕西黑猫,62104.0,3.84,3.83,0.26,7843190934.0,5.02,-7.257,1.648,
SH600990,四创电子,62016.0,17.64,17.42,1.26,4745383957.0,1.05,-12.544,3.251,
SH603719,良品铺子,61966.0,9.52,9.29,2.48,3788801968.0,1.29,-99.956,1.998,2.637
SH600577,精达股份,61787.0,8.66,8.84,-2.04,19327512167.0,3.53,31.295,2.961,1.016
SH603939,益丰药房,61708.0,24.05,23.53,2.21,29158039288.0,1.44,16.546,2.451,2.906
SH601002,晋亿实业,61690.0,5.22,5.3,-1.51,5019816758.0,1.72,15.104,1.121,2.471
SH600876,凯盛新能,61580.0,7.59,7.52,0.93,4900672969.0,2.04,-3.759,2.164,
SH600201,生物股份,61331.0,11.84,11.59,2.16,13023145460.0,1.36,90.572,2.433,0.313
SH601878,浙商证券,61235.0,8.96,8.84,1.36,40633734749.0,0.43,14.136,1.091,2.79
SH600688,上海石化,61226.0,2.83,2.81,0.71,29835607525.0,0.9,-44.528,1.274,
SH601003,柳钢股份,60827.0,3.58,3.57,0.28,9430513940.0,0.63,24.867,1.027,2.793
SH600373,中文传媒,60586.0,7.81,7.37,5.97,10522871595.0,2.1,37.896,0.592,2.561
SH600486,扬农化工,60551.0,52.58,51.55,2.0,21248205700.0,0.78,16.732,1.777,1.814
SH601666,平煤股份,60183.0,8.96,8.85,1.24,22125582232.0,0.99,76.24,1.005,0.636
SH601579,会稽山,59615.0,40.28,39.6,1.72,19312786115.0,9.12,69.12,5.145,0.73
SH688169,石头科技,59588.0,108.14,107.15,0.92,28069659297.0,2.03,16.786,1.931,0.48
SH600416,湘电股份,59415.0,8.28,8.24,0.49,12219478140.0,0.75,256.192,1.26,
SH600638,新黄浦,59377.0,5.26,5.26,0.0,3542067094.0,2.18,19.92,0.746,0.589
SH600480,凌云股份,58900.0,7.77,7.65,1.57,9496706362.0,1.09,13.445,1.178,3.861
SH601778,晶科科技,58853.0,3.38,3.37,0.3,12583902480.0,2.28,639.522,0.765,0.828
SH600587,新华医疗,58801.0,13.12,12.99,1.0,7959176483.0,2.37,18.688,1.003,0.762
SH603833,欧派家居,58723.0,31.08,30.69,1.27,18826001594.0,0.56,13.255,1.051,7.97
SH600686,金龙汽车,58538.0,11.04,11.05,-0.09,7916203484.0,2.46,12.6,2.188,1.947
SH600310,广西能源,58402.0,4.85,4.97,-2.41,7108697002.0,9.44,-447.553,2.507,0.619
SH600630,龙头股份,58390.0,7.92,7.66,3.39,3364903848.0,11.87,59.906,4.102,0.492
SH688180,君实生物-U,58376.0,33.83,33.42,1.23,34732918336.0,1.69,-78.792,5.844,
SH688122,西部超导,58293.0,54.78,52.22,4.9,35588621146.0,2.94,55.744,4.926,1.095
SH603220,中贝通信,58184.0,15.94,15.88,0.38,8549556801.0,3.41,206.605,2.246,0.439
SH600405,动力源,57989.0,4.85,4.88,-0.61,2972223502.0,1.36,-10.593,77.107,
SH600590,泰豪科技,57854.0,7.94,8.02,-1.0,6771785815.0,2.38,156.199,2.144,0.29
SH600612,老凤祥,57806.0,32.14,31.37,2.45,16813004935.0,0.6,13.445,1.27,4.729
SH600995,南网储能,57570.0,12.02,12.06,-0.33,38415989776.0,0.31,19.518,1.64,1.556
SH601717,中创智领,57560.0,13.79,13.35,3.3,24620665035.0,1.71,7.281,1.039,9.065
SH600835,上海机电,57298.0,17.82,17.7,0.68,17949992356.0,0.61,25.742,1.268,0.898
SH600238,ST椰岛,57257.0,4.04,4.05,-0.25,1810728000.0,0.61,-87.694,26.014,
SH600827,百联股份,57248.0,8.04,7.91,1.64,14344711661.0,1.31,11.654,0.702,1.866
SH600531,豫光金铅,57223.0,11.19,10.97,2.01,13531649591.0,2.52,14.701,1.913,1.921
SH600520,三佳科技,57221.0,22.6,23.41,-3.46,3580518000.0,5.46,312.319,8.986,
SH688005,容百科技,57082.0,24.55,24.38,0.7,17543890362.0,3.24,-1818.039,2.257,
SH603393,新天然气,57063.0,25.19,25.46,-1.06,10678578227.0,1.42,18.703,1.102,3.176
SH600078,澄星股份,57021.0,9.98,9.76,2.25,6783035353.0,1.86,63.073,3.753,
SH600039,四川路桥,56941.0,8.84,8.89,-0.56,76869021302.0,0.2,10.104,1.523,5.6
SH688027,国盾量子,56632.0,318.07,314.96,0.99,32716998588.0,2.15,5446.891,10.158,0.005
SH603300,海南华铁,56461.0,4.58,4.5,1.78,9156282034.0,1.82,21.6,1.342,
SH603598,引力传媒,56414.0,19.62,18.49,6.11,5300488188.0,12.46,283.064,22.769,
SH600125,铁龙物流,56399.0,5.32,5.28,0.76,6945376370.0,0.66,13.061,0.878,2.274
SH600740,山西焦化,56195.0,3.83,3.79,1.06,9812924020.0,1.54,67.146,0.648,0.653
SH601881,中国银河,56179.0,11.6,11.4,1.75,126839066170.0,0.33,9.172,1.05,3.233
SH600223,福瑞达,56121.0,5.83,5.69,2.46,5926595958.0,1.15,36.681,1.392,0.978
SH600720,中交设计,56086.0,5.2,5.19,0.19,11931896938.0,0.61,9.908,0.749,2.962
SH603366,日出东方,56062.0,7.56,7.3,3.56,6146643644.0,3.49,36.148,1.422,0.595
SH600610,中毅达,56013.0,7.71,7.56,1.98,8259527205.0,3.09,179.928,53.099,
SH603169,兰石重装,55807.0,6.1,6.06,0.66,7968379968.0,1.08,-9.923,3.189,
SH603686,福龙马,55795.0,14.8,15.1,-1.99,6148369979.0,8.93,37.956,1.762,0.764
SH600419,天润乳业,55746.0,9.33,9.15,1.97,2943781634.0,3.53,25.034,1.189,0.214
SH603283,赛腾股份,55512.0,37.67,39.16,-3.8,13279663574.0,4.49,24.43,3.795,1.102
SH600515,海南机场,55409.0,2.75,2.7,1.85,31419601406.0,0.94,149.839,1.301,0.182
SH600985,淮北矿业,55376.0,16.39,16.29,0.61,44142510241.0,0.89,25.762,1.045,1.525
SH600121,郑州煤电,55355.0,5.53,5.65,-2.12,6737818570.0,14.97,-6.463,11.206,
SH688185,康希诺,55282.0,98.46,99.56,-1.1,24323932646.0,14.09,598.562,4.886,
SH600246,万通发展,55166.0,11.88,12.14,-2.14,23237805405.0,4.16,-27.629,5.108,
SH603025,大豪科技,55138.0,12.91,12.71,1.57,14416013119.0,0.49,17.091,5.22,3.486
SH600388,紫金龙净,54969.0,17.07,16.79,1.67,24107855217.0,0.9,19.7,1.869,1.998
SH600230,沧州大化,54904.0,13.74,13.58,1.18,5687824346.0,3.92,52.566,1.384,0.167
SH600282,南钢股份,54855.0,4.61,4.61,0.0,28421069561.0,0.84,10.424,1.021,5.293
SH600054,黄山旅游,54787.0,10.37,10.29,0.78,7563664793.0,0.71,25.536,1.548,1.36
SH600328,中盐化工,54699.0,5.79,5.7,1.58,8489932196.0,1.07,-33.823,0.726,0.432
SH600975,新五丰,54640.0,5.18,5.09,1.77,6473247813.0,1.02,-3.905,4.535,
SH600882,妙可蓝多,54604.0,21.13,19.21,9.99,10743625561.0,3.07,78.558,2.279,0.947
SH603918,金桥信息,54590.0,10.66,10.19,4.61,3892046227.0,3.35,-70.018,4.012,
SH688313,仕佳光子,54547.0,131.97,127.6,3.42,59648635706.0,5.99,126.813,34.741,0.227
SH603233,大参林,54547.0,18.76,18.36,2.18,21365363380.0,1.19,15.666,2.833,4.771
SH600967,内蒙一机,54498.0,12.49,12.9,-3.18,21255415391.0,2.81,98.077,1.773,0.793
SH600629,华建集团,54359.0,18.02,16.38,10.01,20719483902.0,3.08,-386.677,3.941,0.105
SH603317,天味食品,54321.0,12.73,12.51,1.76,13520241648.0,0.72,17.778,3.186,4.297
SH600359,新农开发,54212.0,7.66,7.31,4.79,2922388201.0,8.63,-343.881,4.364,
SH600782,新钢股份,54093.0,2.7,2.7,0.0,8559489102.0,1.32,-12.741,0.343,5.037
SH601678,滨化股份,54062.0,5.74,5.66,1.41,13827443464.0,2.6,30.23,0.996,0.941
SH600502,安徽建工,53779.0,4.25,4.24,0.24,7295269237.0,1.95,4.746,0.609,6.353
SH603466,风语筑,53760.0,12.0,11.51,4.26,7137941904.0,9.34,122.246,3.368,0.167
SH601789,宁波建工,53753.0,4.24,4.18,1.44,6463421558.0,2.48,23.733,1.031,1.179
SH600331,宏达股份,53411.0,11.71,11.55,1.39,30933136000.0,1.47,-1266.932,9.894,
SH600706,曲江文旅,53389.0,8.03,7.95,1.01,2048130074.0,3.05,-11.667,4.357,
SH600604,市北高新,53379.0,4.76,4.74,0.42,8916930867.0,1.22,-36.542,1.482,
SH601880,辽港股份,53191.0,1.48,1.48,0.0,34886215475.0,0.52,28.226,0.861,1.959
SH601555,东吴证券,53186.0,8.18,7.97,2.63,40643989207.0,0.77,10.058,0.941,2.689
SH600251,冠农股份,52936.0,10.39,10.33,0.58,8072963327.0,2.29,13.784,1.884,0.577
SH600803,新奥股份,52892.0,19.49,19.49,0.0,60325157735.0,0.3,13.832,2.573,4.926
SH601098,中南传媒,52780.0,10.79,10.48,2.96,19378840000.0,1.34,12.831,1.189,4.171
SH603906,龙蟠科技,52618.0,21.37,20.94,2.05,16906061431.0,18.99,50.75,3.263,
SH600777,新潮能源,52601.0,4.13,4.05,1.98,28086047757.0,0.82,48.519,1.249,0.242
SH601229,上海银行,52500.0,9.63,9.81,-1.83,137711047511.0,0.47,5.676,0.531,5.369
SH601137,博威合金,52416.0,18.16,18.41,-1.36,16673303125.0,1.25,-106.321,1.705,0.226
SH603919,金徽酒,52184.0,17.5,16.86,3.8,8877049948.0,3.24,32.858,2.609,2.857
SH603200,上海洗霸,52105.0,53.92,49.21,9.57,9461887154.0,20.5,-393.695,8.714,0.056
SH688063,派能科技,51985.0,42.11,41.2,2.21,10332077975.0,3.78,68.833,1.11,0.287
SH600871,石化油服,51968.0,2.18,2.16,0.93,41326359916.0,0.89,61.122,4.113,
SH600500,中化国际,51875.0,5.03,5.07,-0.79,18049180704.0,2.14,-11.153,1.773,
SH601333,广深铁路,51866.0,3.09,3.09,0.0,21888129330.0,1.27,14.525,0.756,2.913
SH688270,ST臻镭,51463.0,51.5,52.92,-2.68,15425004115.0,1.83,108.116,6.617,
SH603306,华懋科技,51334.0,65.02,66.91,-2.82,21423873743.0,2.97,205.069,6.024,0.12
SH603816,顾家家居,51319.0,23.53,23.29,1.03,21782497772.0,0.55,12.851,1.777,5.202
SH600397,江钨装备,51280.0,15.35,15.72,-2.35,15195884189.0,4.76,-1346.542,78.678,
SH600163,中闽能源,51210.0,5.6,5.67,-1.23,10656778401.0,2.42,21.558,1.482,0.536
SH688072,拓荆科技,51201.0,616.25,616.07,0.03,180051777638.0,1.86,82.776,15.174,0.108
SH600888,新疆众和,51081.0,9.67,9.83,-1.63,15018341127.0,2.19,18.933,1.158,1.344
SH603167,渤海轮渡,51076.0,8.0,8.0,0.0,3753156024.0,0.48,17.34,1.133,10.625
SH603626,科森科技,51072.0,24.49,23.25,5.33,13589003608.0,10.79,524.103,6.298,
SH600323,瀚蓝环境,51001.0,29.81,29.76,0.17,24305498422.0,0.63,10.986,1.601,3.623
SH601992,金隅集团,50885.0,1.42,1.41,0.71,15162435010.0,0.58,-8.994,0.405,3.521
SH600133,东湖高新,50855.0,7.79,7.81,-0.26,8306008626.0,1.11,39.388,0.931,2.131
SH603301,振德医疗,50692.0,81.0,78.49,3.2,21373974225.0,0.69,77.209,3.765,0.37
SH600273,嘉化能源,50661.0,6.3,6.27,0.48,8261247469.0,1.03,13.196,0.829,5.175
SH603588,高能环境,50623.0,16.59,15.74,5.4,25270459642.0,4.16,18.616,2.424,1.423
SH600592,龙溪股份,50582.0,15.32,15.55,-1.48,6121160708.0,5.19,39.006,2.349,0.555
SH600063,皖维高新,50511.0,5.54,5.36,3.36,11462849727.0,2.36,23.328,1.337,1.805
SH600722,金牛化工,50436.0,16.88,16.19,4.26,11483796131.0,23.27,203.904,8.946,
SH603979,金诚信,50360.0,75.05,72.13,4.05,46815779251.0,1.07,16.473,3.836,0.879
SH600589,大位科技,50326.0,7.12,7.09,0.42,10548777617.0,2.6,-67.15,18.08,
SH600396,华电辽能,50269.0,12.23,12.56,-2.63,18011204372.0,5.45,379.671,12.049,
SH600726,华电能源,50264.0,4.98,5.01,-0.6,39378534326.0,0.72,118.065,7.477,
SH600057,厦门象屿,50216.0,6.29,6.23,0.96,17857407740.0,0.79,13.458,1.173,3.498
SH603126,中材节能,50095.0,6.49,6.37,1.88,3962145000.0,1.35,102.588,1.948,0.154
SH601990,南京证券,50073.0,6.62,6.53,1.38,29125536003.0,0.51,23.255,1.248,1.964
SH600619,海立股份,49922.0,13.61,13.39,1.64,14608217366.0,3.86,72.27,2.355,0.206
SH600501,航天晨光,49915.0,14.63,14.73,-0.68,6259068046.0,2.03,-36.647,4.121,
SH603883,老百姓,49623.0,13.53,13.28,1.88,10267784893.0,1.6,23.836,1.471,4.213
SH601696,中银证券,49580.0,11.04,10.76,2.6,30669120000.0,1.13,25.008,1.567,0.426
SH603596,伯特利,49514.0,27.29,27.33,-0.15,24496645486.0,1.14,17.148,2.977,0.942
SH600821,金开新能,49488.0,5.68,5.59,1.61,11174405733.0,2.04,-43.377,1.28,
SH600798,宁波海运,49468.0,3.46,3.47,-0.29,4174608335.0,1.73,72.961,1.064,0.578
SH603496,恒为科技,49445.0,22.29,21.83,2.11,7137464026.0,1.82,182.116,5.082,0.117
SH600295,鄂尔多斯,49391.0,13.21,13.13,0.61,36971834315.0,0.39,13.252,1.727,5.299
SH603379,三美股份,49360.0,48.32,47.75,1.19,29498347068.0,0.93,13.804,3.477,3.56
SH601882,海天精工,49319.0,20.99,21.6,-2.82,10956780000.0,1.26,23.071,3.563,1.429
SH603618,杭电股份,49286.0,31.29,32.09,-2.49,21633143025.0,5.52,384.577,7.214,
SH600916,中国黄金,49222.0,7.32,7.15,2.38,12297600000.0,1.43,52.097,1.717,3.279
SH600736,苏州高新,49221.0,6.48,6.48,0.0,7460378037.0,1.72,12.813,0.948,0.278
SH601952,苏垦农发,49064.0,9.38,8.94,4.92,12925640000.0,2.31,27.007,1.797,2.026
SH601158,重庆水务,49021.0,4.06,4.04,0.5,19488126571.0,0.15,23.463,1.136,2.488
SH600621,华鑫股份,48916.0,14.48,13.16,10.03,15361821748.0,4.72,18.876,1.681,1.45
SH603619,中曼石油,48897.0,21.21,21.65,-2.03,9806198758.0,5.24,31.808,2.246,0.655
SH600075,新疆天业,48862.0,4.72,4.65,1.51,8060805139.0,1.64,-306.771,0.904,
SH600793,宜宾纸业,48839.0,16.02,16.51,-2.97,2834002112.0,2.44,-73.884,13.538,
SH601311,骆驼股份,48807.0,7.53,7.4,1.76,8833790269.0,1.89,15.084,0.89,4.781
SH688146,中船特气,48472.0,177.8,183.21,-2.95,94129411817.0,7.27,182.57,15.667,0.11
SH600998,九州通,48449.0,5.08,5.06,0.4,25615748789.0,0.84,12.745,0.949,3.898
SH600961,株冶集团,48438.0,22.6,22.24,1.62,24246923088.0,2.51,9.746,4.137,
SH600318,新力金融,48325.0,7.12,6.72,5.95,3650620740.0,5.65,85.709,3.291,0.281
SH600477,杭萧钢构,48216.0,2.44,2.41,1.24,5755882984.0,1.12,81.852,1.151,1.434
SH600371,万向德农,47883.0,14.97,13.61,9.99,4379892660.0,22.35,-795.177,8.422,0.668
SH600784,鲁银投资,47776.0,7.03,6.97,0.86,4749835507.0,1.07,32.074,1.409,0.711
SH600210,紫江企业,47723.0,6.6,6.4,3.13,10010458643.0,2.81,9.029,1.493,5.303
SH603363,傲农生物,47722.0,2.84,2.78,2.16,7756215586.0,1.21,-16.398,2.62,
SH603069,海汽集团,47657.0,13.51,13.24,2.04,4269160000.0,1.24,-54.948,5.703,
SH603078,江化微,47642.0,27.63,28.14,-1.81,10655157162.0,4.99,102.772,5.352,0.326
SH601929,吉视传媒,47615.0,2.5,2.27,10.13,8724470420.0,5.72,-19.48,1.914,
SH600963,岳阳林纸,47601.0,3.39,3.36,0.89,5958155025.0,1.45,-15.378,0.783,
SH688777,中控技术,47586.0,77.93,77.08,1.1,61657399839.0,2.05,254.276,6.257,0.481
SH601567,三星电气,47435.0,13.36,13.75,-2.84,18773597584.0,1.74,31.815,1.601,1.078
SH600650,锦江在线,47404.0,10.38,10.24,1.37,5725712911.0,0.69,47.111,1.315,1.252
SH688271,联影医疗,47236.0,107.78,106.42,1.28,88827747947.0,0.63,50.234,4.033,0.285
SH603636,南威软件,47182.0,7.85,7.46,5.23,4555830106.0,7.55,-8.365,2.633,
SH688347,华虹宏力,47154.0,193.42,197.21,-1.92,373009463055.0,3.62,532.004,6.714,
SH600218,全柴动力,47130.0,8.43,8.05,4.72,3672107317.0,6.14,67.565,1.123,0.712
SH600880,博瑞传播,46834.0,4.34,4.11,5.6,4745061279.0,6.06,-61.701,1.613,
SH688036,传音控股,46825.0,48.95,46.1,6.18,56350483478.0,1.65,17.939,2.662,3.473
SH600292,电投水电,46625.0,11.31,11.4,-0.79,53882933074.0,1.36,45.331,2.414,0.495
SH600178,东安动力,46597.0,9.85,9.77,0.82,4594790186.0,2.08,-13697.895,1.802,0.112
SH600483,福能股份,46588.0,11.23,11.22,0.09,31221062938.0,0.7,10.588,1.132,3.776
SH689009,九号公司-WD,46581.0,36.94,36.56,1.04,27182243516.0,1.29,17.826,3.672,3.311
SH603218,日月股份,46524.0,9.44,9.51,-0.74,9721750960.0,1.4,22.503,0.924,3.983
SH600255,鑫科材料,46441.0,3.35,3.34,0.3,6050592299.0,3.5,112.524,4.028,
SH600258,首旅酒店,46412.0,10.97,10.74,2.14,12249136292.0,1.62,14.331,1.02,4.102
SH600996,贵广网络,46395.0,6.89,6.69,2.99,8590450994.0,1.93,-6.579,6.673,
SH603399,永杉锂业,46239.0,14.05,13.55,3.69,7197683618.0,16.45,846.938,4.244,
SH603118,共进股份,46237.0,14.64,15.08,-2.92,11525726584.0,6.78,124.039,2.263,0.205
SH600257,大湖股份,46214.0,5.51,5.4,2.04,2651616906.0,2.69,108.149,3.249,
SH600303,曙光股份,46174.0,3.13,3.17,-1.26,2139681180.0,5.03,-6.295,2.436,
SH600864,哈投股份,46137.0,5.82,5.5,5.82,12108920426.0,3.52,32.568,0.914,0.876
SH601116,三江购物,46016.0,10.43,9.94,4.93,5712285712.0,3.28,35.307,1.731,0.959
SH600668,尖峰集团,46007.0,7.45,7.38,0.95,3076109425.0,0.99,-14.327,0.569,1.329
SH600452,涪陵电力,45762.0,8.85,8.82,0.34,13598393638.0,0.98,31.394,2.378,1.164
SH601858,中国科传,45607.0,22.23,21.15,5.11,17572815000.0,1.52,37.243,3.009,1.377
SH600642,申能股份,45514.0,9.08,9.09,-0.11,44438240734.0,0.52,12.277,1.21,5.066
SH603387,基蛋生物,45492.0,10.05,10.16,-1.08,5096892846.0,2.66,17.211,1.734,2.985
SH600458,时代新材,45369.0,11.27,10.76,4.74,10730310805.0,4.79,19.289,1.322,2.236
SH600381,*ST春天,45329.0,4.13,4.12,0.24,2424560860.0,0.55,-32.443,2.528,
SH600116,三峡水利,45270.0,6.2,6.21,-0.16,11855286005.0,0.68,15.477,1.027,2.0
SH601198,东兴证券,45268.0,13.06,13.06,0.0,42215738491.0,,18.294,1.387,0.689
SH603009,北特科技,45085.0,42.99,43.35,-0.83,14891298147.0,2.56,116.633,7.308,0.323
SH603938,三孚股份,44984.0,40.4,41.39,-2.39,15458029679.0,3.28,96.038,5.914,0.054
SH603099,长白山,44959.0,42.82,43.12,-0.7,11662277925.0,5.27,87.906,7.771,0.339
SH600812,华北制药,44916.0,6.03,5.48,10.04,10345854131.0,6.75,83.837,1.875,0.58
SH600187,*ST国中,44909.0,1.25,1.24,0.81,2017226379.0,1.04,-10.415,0.686,
SH601566,九牧王,44848.0,10.14,9.22,9.98,5826820701.0,7.0,36.432,1.552,4.931
SH688268,华特气体,44830.0,113.79,116.7,-2.49,14528939104.0,3.04,96.68,5.462,0.438
SH603508,思维列控,44820.0,20.51,20.46,0.24,7819937472.0,0.7,13.713,1.897,2.56
SH600350,山东高速,44785.0,10.58,10.26,3.12,51149759329.0,0.46,16.568,1.745,3.97
SH605090,九丰能源,44578.0,31.24,31.69,-1.42,22073700342.0,1.13,14.065,1.796,1.437
SH600032,浙江新能,44562.0,7.58,7.78,-2.57,18227438956.0,2.85,49.239,1.407,0.62
SH688019,安集科技,44416.0,201.4,204.21,-1.38,45991007760.0,2.66,48.938,9.461,0.19
SH600624,ST复华,44252.0,4.63,4.69,-1.28,3145376341.0,0.53,-14.456,7.737,
SH600510,黑牡丹,44234.0,6.25,6.24,0.16,6450159106.0,0.97,-81.357,0.622,0.368
SH600770,综艺股份,44172.0,5.88,6.03,-2.49,7644000000.0,4.78,56.058,2.246,
SH600831,广电网络,44017.0,3.55,3.36,5.65,2523861822.0,3.49,-1.552,46.345,
SH600395,盘江股份,43876.0,5.11,5.07,0.79,10969253208.0,1.41,27.561,1.034,1.174
SH688047,龙芯中科,43823.0,95.83,95.2,0.66,38427830000.0,0.95,-99.92,16.735,
SH601108,财通证券,43779.0,8.11,7.94,2.14,37660972591.0,0.92,10.92,0.966,1.344
SH600101,明星电力,43774.0,7.84,7.85,-0.13,4295241773.0,1.91,26.267,1.386,1.403
SH603983,丸美生物,43670.0,29.1,28.93,0.59,11669100000.0,0.9,51.113,3.451,0.859
SH600203,福日电子,43594.0,9.67,9.64,0.31,5734194753.0,1.94,449.401,3.335,
SH603888,新华网,43502.0,17.8,16.92,5.2,13211373333.0,3.31,41.192,3.452,0.753
SH603868,飞科电器,43487.0,32.16,31.79,1.16,14008896000.0,0.37,25.45,4.039,3.109
SH688018,乐鑫科技,43454.0,116.9,117.65,-0.64,27399525956.0,2.83,48.002,5.823,0.305
SH600103,青山纸业,43379.0,3.42,3.36,1.79,7566165341.0,6.07,194.829,1.924,0.263
SH600509,天富能源,43337.0,7.28,7.26,0.28,10005613123.0,1.14,43.957,1.259,1.154
SH688766,普冉股份,43325.0,327.75,333.79,-1.81,48737589496.0,5.25,49.055,14.581,0.036
SH600496,精工钢构,43076.0,3.34,3.35,-0.3,6647020229.0,1.49,10.668,0.733,6.587
SH601456,国联民生,42926.0,8.49,8.38,1.31,48228232923.0,0.35,20.995,0.919,0.707
SH600976,健民集团,42864.0,27.51,26.98,1.96,4219995486.0,1.27,13.336,1.566,3.272
SH600969,郴电国际,42858.0,9.3,9.51,-2.21,3441469501.0,2.31,33.614,0.946,1.355
SH601595,上海电影,42836.0,24.74,22.49,10.0,11088468000.0,2.8,149.051,6.638,0.214
SH600698,湖南天雁,42818.0,6.63,6.63,0.0,7085068163.0,2.17,-232.82,9.567,
SH600903,贵州燃气,42541.0,6.79,6.84,-0.73,7903488277.0,3.64,435.899,2.539,0.368
SH603985,恒润股份,42478.0,15.98,16.54,-3.39,7044910888.0,2.53,63.093,2.121,0.375
SH603885,吉祥航空,42384.0,9.73,9.67,0.62,21104421258.0,0.51,30.834,2.459,2.014
SH600517,国网英大,42276.0,5.0,5.0,0.0,28592178720.0,0.35,11.068,1.196,2.74
SH600336,澳柯玛,42258.0,6.22,6.14,1.3,4963651863.0,0.95,-16.86,2.406,
SH600576,祥源文旅,42145.0,5.26,5.19,1.35,5546924794.0,0.8,77.087,2.141,
SH600288,大恒科技,42142.0,10.48,10.21,2.64,4577664000.0,3.08,24.693,2.281,0.229
SH603117,万林物流,41930.0,3.97,3.94,0.76,2378815036.0,1.62,622.352,2.31,
SH600231,凌钢股份,41929.0,1.71,1.69,1.18,4911228382.0,0.83,-2.748,1.499,
SH603912,佳力图,41898.0,8.38,8.56,-2.1,4544694310.0,2.93,-43.309,2.714,
SH603477,巨星农牧,41891.0,13.92,13.75,1.24,7279876366.0,2.04,-7.36,2.926,0.136
SH603456,九洲药业,41878.0,16.31,16.35,-0.24,14280137449.0,2.4,24.137,1.63,1.226
SH600425,青松建化,41834.0,3.66,3.63,0.83,5873215568.0,0.81,20.192,0.914,2.732
SH600848,上海临港,41794.0,8.82,8.92,-1.12,22248335375.0,0.58,17.298,1.328,2.268
SH600965,*ST福成,41738.0,2.54,2.56,-0.78,2079500426.0,0.6,52.576,0.947,
SH603929,亚翔集成,41644.0,132.5,137.8,-3.85,28270200000.0,1.85,23.14,11.84,2.491
SH603067,振华股份,41535.0,42.31,38.46,10.01,31966279843.0,5.51,47.76,7.387,0.378
SH600603,广汇物流,41526.0,5.06,4.74,6.75,5838227752.0,2.32,48.344,0.814,
SH600289,ST信通,41512.0,4.98,4.83,3.11,3142639304.0,1.53,-6.455,3.729,
SH603197,保隆科技,41414.0,28.52,28.81,-1.01,6104010882.0,1.38,17.861,1.841,1.999
SH600748,上实发展,41244.0,4.11,4.09,0.49,7581153486.0,0.88,-62.568,0.744,
SH600351,亚宝药业,41228.0,7.07,6.82,3.67,4892440325.0,5.67,15.137,1.734,7.779
SH688322,奥比中光-W,41184.0,81.53,80.03,1.87,33658415700.0,2.37,307.774,8.396,
SH600794,保税科技,41096.0,3.21,3.18,0.94,3852488424.0,1.12,-41.596,1.54,0.623
SH603085,天成自控,40869.0,9.82,10.15,-3.25,3899522000.0,3.44,34.747,3.913,
SH603859,能科科技,40738.0,36.83,35.72,3.11,9811478448.0,3.17,46.788,2.361,0.225
SH600283,钱江水利,40672.0,8.06,8.03,0.37,4520248678.0,0.35,20.691,1.378,3.102
SH600301,华锡有色,40615.0,48.99,48.71,0.57,30989480796.0,3.91,32.525,6.086,0.796
SH688167,炬光科技,40593.0,238.0,244.88,-2.81,30973075098.0,5.15,-383.816,13.622,
SH603529,爱玛科技,40572.0,23.28,22.89,1.7,20119702380.0,1.54,13.531,2.054,4.003
SH600058,五矿发展,40552.0,8.94,8.68,3.0,9582881756.0,1.15,-115.743,1.991,0.38
SH603757,大元泵业,40501.0,72.78,69.61,4.55,13576909510.0,6.87,180.16,6.45,0.412
SH601038,一拖股份,40486.0,13.76,13.78,-0.15,15461358984.0,0.78,18.736,1.881,1.94
SH600987,航民股份,40484.0,6.32,6.29,0.48,6451575277.0,0.58,8.956,0.957,3.956
SH600131,国网信通,40389.0,15.57,15.07,3.32,18637066866.0,1.97,29.922,2.839,0.739
SH601218,吉鑫科技,40381.0,5.8,5.95,-2.52,5620394370.0,18.01,32.529,1.842,0.603
SH600582,天地科技,40326.0,5.01,4.96,1.01,20734330349.0,0.73,18.821,0.826,5.988
SH601388,怡球资源,40298.0,3.2,3.17,0.95,7043912371.0,1.28,19.251,1.495,0.781
SH605009,豪悦护理,40277.0,25.89,25.13,3.02,5565248458.0,1.11,23.448,1.651,3.268
SH688676,金盘科技,40230.0,59.16,61.15,-3.25,27201022170.0,2.63,39.012,5.331,1.52
SH603128,华贸物流,40226.0,5.39,5.41,-0.37,7055760603.0,0.56,14.646,1.097,4.156
SH600992,贵绳股份,40185.0,10.15,10.39,-2.31,2487663500.0,4.34,-66.618,1.805,
SH600971,恒源煤电,40159.0,8.39,8.43,-0.47,10068040977.0,1.28,102.006,0.858,2.956
SH600843,上工申贝,40133.0,8.18,7.44,9.95,5833701806.0,7.83,-47.551,2.196,
SH600327,大东方,40125.0,3.98,3.83,3.92,3521422482.0,1.94,-12.617,1.253,
SH688223,晶科能源,40103.0,3.89,3.79,2.64,39832397978.0,0.84,-5.651,1.719,
SH600345,长江通信,40069.0,45.58,46.42,-1.81,15023720977.0,3.02,22.4,3.584,0.241
SH600715,文投控股,39942.0,1.76,1.6,10.0,7145342160.0,4.37,-102.835,6.692,
SH601011,宝泰隆,39941.0,3.04,2.97,2.36,5823620199.0,3.51,-10.837,1.088,
SH600959,江苏有线,39887.0,3.19,3.09,3.24,15952289418.0,0.86,99.871,0.706,0.502
SH603098,森特股份,39878.0,10.79,10.6,1.79,5821420563.0,0.86,62.808,2.049,0.927
SH600073,光明肉业,39768.0,5.43,5.46,-0.55,5091871033.0,1.18,-25.232,1.085,
SH601101,昊华能源,39700.0,13.17,13.15,0.15,18964772685.0,1.27,23.447,1.525,2.733
SH688195,腾景科技,39657.0,158.02,158.7,-0.43,28615841800.0,4.93,340.221,27.459,0.074
SH600088,中视传媒,39640.0,13.82,13.09,5.58,5496302448.0,4.91,-84.546,4.511,0.159
SH600569,安阳钢铁,39629.0,1.8,1.77,1.69,5170358495.0,0.66,-3.013,5.357,
SH688390,固德威,39544.0,54.0,54.75,-1.37,13128649074.0,3.02,29.975,4.289,
SH688775,影石创新,39529.0,90.75,89.54,1.35,36390750000.0,1.38,82.793,6.913,0.259
SH603611,诺力股份,39494.0,15.85,15.9,-0.31,4082972537.0,0.74,12.555,1.319,5.256
SH601677,明泰铝业,39445.0,16.17,16.06,0.68,20104009439.0,1.41,8.285,0.989,1.948
SH603777,来伊份,39384.0,14.15,14.03,0.86,4732101949.0,2.78,-23.376,3.192,
SH600761,安徽合力,39345.0,15.06,14.92,0.94,13413832981.0,0.93,12.431,1.215,3.984
SH600526,菲达环保,39277.0,4.71,4.7,0.21,4184711786.0,0.76,13.161,0.895,2.229
SH600613,神奇制药,39204.0,8.72,8.2,6.34,4657104596.0,18.92,169.958,2.029,0.803
SH600594,益佰制药,39117.0,3.68,3.59,2.51,2886569552.0,2.95,-7.401,1.383,
SH600137,浪莎股份,38955.0,18.07,18.1,-0.17,1756721815.0,1.61,57.649,3.225,1.107
SH688629,华丰科技,38944.0,94.57,97.45,-2.96,44282872135.0,3.51,124.667,15.068,0.123
SH600764,中国海防,38933.0,18.06,18.31,-1.37,12833966711.0,0.9,157.801,1.553,0.388
SH601139,深圳燃气,38893.0,6.49,6.51,-0.31,18670074200.0,1.12,12.057,1.128,2.465
SH600666,奥瑞德,38884.0,3.19,3.14,1.59,8776702487.0,2.26,121.849,7.878,
SH600470,六国化工,38862.0,5.63,5.51,2.18,2936608000.0,3.47,-6.153,2.029,
SH601969,海南矿业,38764.0,9.11,9.08,0.33,18078880188.0,0.74,27.187,2.542,1.756
SH600182,S佳通,38699.0,12.2,12.27,-0.57,4148000000.0,1.19,19.663,3.842,4.672
SH600439,ST瑞贝卡,38662.0,1.87,1.84,1.63,2116812773.0,0.67,-24.393,0.849,
SH600269,赣粤高速,38580.0,3.87,3.82,1.31,9038025144.0,0.94,12.494,0.47,4.393
SH600389,江山股份,38562.0,18.11,17.95,0.89,7799071500.0,1.24,14.352,1.814,1.657
SH688016,心脉医疗,38558.0,84.9,83.56,1.6,10464953733.0,0.96,18.326,2.458,2.656
SH600730,*ST高科,38556.0,8.79,8.76,0.34,5156706258.0,1.09,-39.391,3.088,
SH600640,国脉文化,38497.0,12.94,12.28,5.37,10242674340.0,2.84,438.621,2.606,0.139
SH600017,日照港,38490.0,2.88,2.86,0.7,8857883197.0,1.39,18.882,0.624,2.535
SH603988,中电电机,38385.0,17.11,17.03,0.47,4024272000.0,1.51,10713.924,6.134,0.263
SH600071,凤凰光学,38360.0,16.18,15.67,3.25,4555865524.0,1.52,257.266,8.775,
SH600513,联环药业,38102.0,16.28,16.6,-1.93,4647228076.0,13.53,-97.258,3.681,0.43
SH600956,新天绿能,38099.0,7.21,7.26,-0.69,32446928480.0,0.37,19.14,1.333,2.774
SH688158,优刻得-W,38098.0,27.37,27.23,0.51,12609498067.0,3.41,-254.337,5.123,
SH600573,惠泉啤酒,38069.0,11.76,11.11,5.85,2940000000.0,8.61,32.961,2.128,0.85
SH603887,城地香江,38000.0,8.33,8.25,0.97,5014905077.0,2.64,-45.23,1.425,
SH603616,韩建河山,37999.0,5.57,5.65,-1.42,2156804260.0,2.91,-62.363,10.541,
SH603267,鸿远电子,37949.0,44.16,45.1,-2.08,10204532191.0,2.8,35.764,2.226,0.564
SH600679,上海凤凰,37857.0,10.77,10.68,0.84,5334319363.0,1.35,56.39,2.595,0.585
SH688303,大全能源,37842.0,16.27,15.73,3.43,34694844568.0,0.57,-21.993,0.934,
SH688116,天奈科技,37786.0,34.4,33.95,1.33,12608702554.0,3.29,51.303,3.311,0.241
SH603716,塞力医疗,37649.0,16.47,16.18,1.79,3718773982.0,4.94,-18.687,3.404,
SH603039,泛微网络,37596.0,34.73,33.2,4.61,10684307541.0,3.65,31.634,3.986,0.397
SH600280,中央商场,37590.0,3.17,2.96,7.09,3576821278.0,5.03,-8.665,14.642,
SH600299,安迪苏,37550.0,8.48,8.35,1.56,26116528099.0,0.83,19.797,1.325,1.781
SH603296,华勤技术,37511.0,74.55,72.55,2.76,113003116036.0,1.78,21.879,3.52,1.179
SH600300,维维股份,37297.0,3.16,3.08,2.6,5110169289.0,1.88,14.801,1.425,3.291
SH600467,好当家,37283.0,2.45,2.39,2.51,3579436045.0,2.56,101.612,1.04,0.245
SH600033,福建高速,37095.0,3.74,3.71,0.81,10264056000.0,1.07,11.262,0.821,3.235
SH600691,潞化科技,37086.0,2.8,2.76,1.45,6652749466.0,1.65,-12.078,2.074,
SH600729,重百集团,37053.0,19.02,18.47,2.98,8377417525.0,2.54,11.669,1.054,4.159
SH688333,铂力特,36927.0,91.93,93.47,-1.65,25218437456.0,3.93,141.185,4.81,0.12
SH600548,深高速,36909.0,8.34,8.16,2.21,21165720099.0,0.4,19.097,0.919,2.926
SH600749,西藏旅游,36876.0,12.62,12.54,0.64,2864304825.0,2.4,118.901,2.694,
SH600710,苏美达,36875.0,11.41,11.43,-0.17,14910011042.0,0.67,10.66,1.769,3.637
SH600846,同济科技,36867.0,10.72,10.68,0.37,6697443452.0,0.28,26.852,1.548,1.231
SH603168,莎普爱思,36859.0,6.04,5.95,1.51,2249984590.0,1.71,-9.333,1.649,
SH603105,芯能科技,36803.0,8.63,8.8,-1.93,4315098166.0,3.72,36.096,2.084,2.317
SH600449,宁夏建材,36787.0,12.24,12.32,-0.65,5852935954.0,1.54,43.591,0.795,1.307
SH600284,浦东建设,36762.0,5.23,5.15,1.55,5074438880.0,1.7,19.701,0.635,2.868
SH603068,博通集成,36761.0,43.5,42.44,2.5,6602748377.0,14.7,123.398,3.692,0.023
SH600595,中孚实业,36717.0,6.08,5.99,1.5,24368063093.0,1.46,8.732,1.332,2.878
SH600508,上海能源,36708.0,10.67,10.65,0.19,10795961484.0,1.77,36.165,0.841,2.202
SH600249,两面针,36660.0,5.44,5.34,1.87,2992000000.0,1.67,291.926,1.377,0.551
SH600551,时代出版,36588.0,8.23,7.95,3.52,5580394617.0,3.79,13.857,0.932,3.645
SH600682,南京新百,36566.0,5.86,5.75,1.91,7882474815.0,1.27,-8.107,0.482,
SH601700,风范股份,36524.0,6.35,6.38,-0.47,7231108855.0,4.36,-23.726,3.273,
SH603129,春风动力,36524.0,271.54,272.97,-0.52,41676709465.0,1.01,23.978,5.205,1.547
SH600272,开开实业,36489.0,15.65,15.5,0.97,4110502939.0,15.37,175.951,5.171,0.096
SH688037,芯源微,36458.0,307.54,311.63,-1.31,62153921956.0,2.55,973.542,22.045,0.012
SH600308,华泰股份,36380.0,3.29,3.25,1.23,4990502879.0,0.49,-43.498,0.551,
SH600433,冠豪高新,36373.0,3.32,3.28,1.22,5810927054.0,1.36,-176.053,1.307,
SH601799,星宇股份,36321.0,68.95,68.1,1.25,19697595940.0,1.41,12.412,1.739,2.87
SH688331,荣昌生物,36309.0,107.86,111.21,-3.01,60884541316.0,1.56,10.459,7.323,
SH601298,青岛港,36282.0,10.04,10.05,-0.1,65170644000.0,0.24,12.552,1.381,3.376
SH603116,红蜻蜓,36210.0,7.18,7.15,0.42,4137121744.0,2.29,-38.201,1.72,3.83
SH688050,爱博医疗,36081.0,39.16,37.79,3.63,7575021703.0,1.76,31.9,2.625,0.817
SH603766,隆鑫通用,36029.0,14.03,14.04,-0.07,28811192156.0,0.81,18.413,3.149,4.989
SH600155,华创云信,36027.0,5.96,5.84,2.05,13011805093.0,1.35,38.068,0.653,
SH603612,索通发展,35986.0,16.32,16.17,0.93,8129064771.0,1.96,12.91,1.344,0.729
SH600966,博汇纸业,35948.0,4.81,4.84,-0.62,6430221025.0,0.88,45.115,0.86,0.478
SH603336,宏辉果蔬,35937.0,9.5,9.6,-1.04,5782829978.0,2.75,360.131,4.033,0.116
SH603223,恒通股份,35906.0,9.24,9.27,-0.32,6521797063.0,1.29,18.573,1.579,1.515
SH603313,梦百合,35902.0,6.38,6.22,2.57,3640344326.0,4.42,-30.571,1.071,
SH600082,ST海泰,35885.0,3.26,3.3,-1.21,2106337593.0,1.11,-29.077,1.259,
SH603505,金石资源,35810.0,14.06,13.9,1.15,11833863511.0,1.14,40.899,6.282,0.853
SH603876,鼎胜新材,35807.0,17.77,17.12,3.8,16513078375.0,2.7,20.516,2.147,1.294
SH600792,云煤能源,35778.0,5.04,5.22,-3.45,5594014944.0,8.35,-9.798,2.447,
SH600982,宁波能源,35767.0,5.31,5.35,-0.75,5934601945.0,4.13,16.215,1.333,3.202
SH688820,盛合晶微,35719.0,111.55,105.95,5.29,207792450520.0,6.16,222.246,10.77,
SH600622,光大嘉宝,35591.0,2.5,2.48,0.81,3749213505.0,2.24,-2.972,2.009,
SH600866,星湖科技,35563.0,4.4,4.25,3.53,7310479510.0,2.11,34.269,0.955,8.636
SH603348,文灿股份,35527.0,14.58,14.41,1.18,4585077459.0,0.78,-7.947,1.199,
SH603896,寿仙谷,35515.0,14.86,14.68,1.23,2945904919.0,0.63,-280.2,1.328,
SH603595,ST东尼,35475.0,30.0,31.0,-3.23,6973269780.0,0.83,57.936,4.134,
SH600657,信达地产,35408.0,3.34,3.35,-0.3,9525274507.0,2.66,-1.73,0.65,
SH688802,沐曦股份-U,35350.0,464.08,467.58,-0.75,185678408000.0,11.28,20870.881,13.386,
SH603222,济民健康,35348.0,8.3,8.05,3.11,4358252105.0,3.95,-17.986,4.005,
SH600810,神马股份,35314.0,6.41,6.27,2.23,6971677840.0,0.65,-273.618,0.971,
SH600119,*ST长投,35314.0,4.82,4.7,2.55,1760603183.0,0.39,-36.601,25.762,
SH600020,中原高速,35296.0,3.92,3.89,0.77,8809697581.0,0.45,13.508,0.74,3.061
SH600734,*ST实达,35276.0,1.87,1.85,1.08,4073426808.0,1.46,-33.622,19.101,
SH600525,长园集团,35274.0,4.74,4.79,-1.04,6251017920.0,1.2,-8.208,2.207,
SH600278,东方创业,35124.0,6.62,6.46,2.48,5696633509.0,0.78,27.221,0.671,1.495
SH603297,永新光学,35116.0,98.38,101.2,-2.79,10893528858.0,1.05,52.605,5.315,0.915
SH601997,贵阳银行,34959.0,5.63,5.64,-0.18,20584395168.0,1.04,4.009,0.312,5.329
SH600165,宁科生物,34950.0,3.38,3.3,2.42,5461687160.0,2.15,-105.346,5.078,
SH603801,志邦家居,34926.0,6.33,6.16,2.76,2749444887.0,1.75,-30.275,0.944,6.161
SH600908,无锡银行,34926.0,5.87,5.93,-1.01,12882781550.0,1.32,5.486,0.538,2.215
SH603613,国联股份,34863.0,18.72,18.44,1.52,13488467859.0,1.61,10.159,1.378,
SH600189,泉阳泉,34809.0,8.76,8.76,0.0,6265132833.0,5.52,206.489,4.953,
SH600236,桂冠电力,34809.0,9.93,9.87,0.61,78272011574.0,0.2,20.326,4.326,3.656
SH601801,皖新传媒,34806.0,5.69,5.41,5.18,11140628739.0,2.06,18.131,0.935,7.03
SH600339,中油工程,34796.0,3.35,3.37,-0.59,18703544028.0,1.24,74.361,0.691,0.388
SH600506,统一股份,34761.0,16.03,16.03,0.0,4001482562.0,4.49,81.843,7.905,0.168
SH603698,航天工程,34750.0,19.76,20.28,-2.56,10591162400.0,2.2,51.942,3.006,0.683
SH605337,李子园,34737.0,9.32,9.14,1.97,3612586358.0,1.1,21.868,2.244,3.809
SH603587,地素时尚,34648.0,12.48,12.37,0.89,5899330782.0,0.6,19.67,1.614,3.197
SH600052,东望时代,34618.0,4.12,3.89,5.91,3478082333.0,7.52,-6.41,1.606,
SH600742,富维股份,34554.0,7.76,7.7,0.78,5766129149.0,0.85,14.782,0.673,5.026
SH600649,城投控股,34549.0,4.03,3.99,1.0,10041957095.0,1.27,119.223,0.485,0.993
SH601949,中国出版,34506.0,6.0,5.73,4.71,11423808324.0,3.1,21.564,1.135,1.7
SH600076,康欣新材,34488.0,2.23,2.16,3.24,2998331708.0,2.66,-7.769,0.863,
SH603166,福达股份,34444.0,10.53,10.37,1.54,6798701355.0,1.05,20.769,2.485,1.871
SH603008,ST喜临门,34436.0,11.08,10.7,3.55,4080680180.0,2.77,-66.592,1.16,
SH600335,国机汽车,34429.0,5.28,5.2,1.54,7853772390.0,0.88,16.844,0.674,2.348
SH603138,海量数据,34366.0,13.9,13.13,5.86,4081188869.0,6.22,-41.916,5.358,
SH603212,赛伍技术,34273.0,11.3,11.3,0.0,4943644187.0,2.27,-24.74,2.061,
SH600639,浦东金桥,34243.0,9.86,10.07,-2.09,11066991125.0,1.21,10.84,0.752,3.976
SH600195,中牧股份,34136.0,6.73,6.64,1.36,6872327790.0,0.84,49.299,1.202,0.758
SH688343,云天励飞-U,34092.0,55.48,56.0,-0.93,19950795522.0,2.62,-42.604,5.596,
SH600420,国药现代,34057.0,8.51,8.42,1.07,11413379609.0,0.67,20.937,0.828,2.938
SH600403,大有能源,34040.0,7.53,7.41,1.62,18002817387.0,5.11,-9.96,5.835,
SH603712,七一二,33950.0,11.26,11.26,0.0,8692720000.0,1.37,-17.787,2.3,
SH600746,江苏索普,33927.0,7.56,7.18,5.29,8828892203.0,3.36,36.803,1.571,0.516
SH600375,汉马科技,33924.0,3.7,3.65,1.37,5931364058.0,1.28,111.782,1.744,
SH600227,赤天化,33919.0,4.12,4.04,1.98,6957558062.0,17.53,-36.976,3.009,
SH603178,圣龙股份,33811.0,16.23,16.3,-0.43,3836964829.0,3.43,-26.975,3.385,
SH600853,龙建股份,33739.0,3.33,3.29,1.22,3375617953.0,0.94,8.598,0.927,1.171
SH600207,安彩高科,33721.0,5.6,5.09,10.02,6100150302.0,4.53,-7.267,3.593,
SH600661,昂立教育,33720.0,9.61,9.52,0.95,2753734256.0,3.66,23.988,10.385,
SH601010,ST文峰,33664.0,1.4,1.4,0.0,2532174680.0,0.59,-17.07,0.637,
SH601236,红塔证券,33648.0,7.13,6.99,2.0,33462756324.0,0.73,31.776,1.373,2.945
SH605089,味知香,33595.0,22.85,22.43,1.87,3153300000.0,1.35,40.438,2.548,2.775
SH600850,电科数字,33536.0,13.61,13.28,2.48,11109005835.0,1.22,38.375,2.297,0.977
SH600167,联美控股,33534.0,6.05,5.8,4.31,13690184801.0,0.96,27.655,1.179,2.43
SH603927,中科软,33509.0,14.05,13.49,4.15,11676112000.0,1.53,56.338,3.8,2.135
SH600084,*ST尼雅,33498.0,4.26,4.26,0.0,4787076296.0,0.28,-251.268,3.754,
SH600830,香溢融通,33490.0,8.91,8.54,4.33,4048015676.0,7.03,47.633,1.772,0.202
SH603960,克来机电,33419.0,15.99,16.19,-1.24,4192544421.0,2.33,11651.444,3.768,0.063
SH600540,新赛股份,33379.0,5.76,5.44,5.88,3348731290.0,18.93,-140.92,7.154,
SH600838,上海九百,33339.0,8.7,8.11,7.27,3487673235.0,6.59,74.819,2.244,0.391
SH603696,安记食品,33277.0,14.09,13.47,4.6,3313968000.0,12.4,104.789,5.847,0.497
SH603035,常熟汽饰,33214.0,10.49,10.39,0.96,3842980869.0,0.67,15.588,0.719,1.563
SH600053,*ST九鼎,33178.0,7.6,7.83,-2.94,3294910080.0,0.56,-8.273,1.519,
SH603131,上海沪工,33137.0,13.49,13.48,0.07,4544878398.0,1.74,-283.68,2.76,
SH600035,楚天高速,33093.0,3.76,3.73,0.8,6054035788.0,0.84,10.538,0.667,4.255
SH600721,百花医药,33019.0,12.61,12.58,0.24,4849145677.0,22.15,161.828,6.056,0.317
SH603214,爱婴室,33014.0,13.77,13.66,0.81,1907696296.0,1.88,24.779,1.607,2.622
SH603565,中谷物流,32929.0,11.75,11.78,-0.25,24675741460.0,0.92,12.262,2.245,2.043
SH600279,重庆港,32888.0,4.34,4.35,-0.23,5150999668.0,0.53,76.0,0.761,0.392
SH603040,新坐标,32722.0,42.0,42.53,-1.25,8289013824.0,1.6,32.888,5.466,1.533
SH600618,氯碱化工,32717.0,9.98,9.85,1.32,11540871760.0,0.83,14.56,1.227,2.405
SH601007,金陵饭店,32707.0,6.81,6.73,1.19,2655900000.0,1.34,39.671,1.679,1.982
SH688120,华海清科,32680.0,225.37,222.3,1.38,111846947682.0,2.11,97.981,14.094,0.126
SH688339,亿华通-U,32678.0,19.67,20.35,-3.34,4731266033.0,4.72,-7.731,2.522,
SH600693,东百集团,32666.0,10.16,9.47,7.29,8837637859.0,11.88,180.581,2.453,0.787
SH600889,*ST京化,32624.0,13.2,13.23,-0.23,7742979380.0,0.34,3958.874,4.902,
SH688585,上纬新材,32561.0,121.77,119.26,2.1,49117357619.0,0.67,-316.169,41.723,
SH688690,纳微科技,32544.0,42.69,44.07,-3.13,17238852318.0,2.62,82.281,8.285,0.239
SH688002,睿创微纳,32388.0,170.72,171.82,-0.64,79478648369.0,1.98,39.095,10.127,0.467
SH605020,永和股份,32362.0,30.7,29.94,2.54,15682134796.0,2.63,19.526,2.597,2.274
SH600476,*ST湘邮,32305.0,9.91,9.86,0.51,1596203700.0,0.63,-3.519,-3.619,
SH600558,大西洋,32290.0,4.96,4.9,1.22,4452119962.0,2.65,22.29,1.835,3.427
SH603318,水发燃气,32290.0,8.9,9.09,-2.09,4936591640.0,7.34,218.675,2.575,
SH601619,嘉泽新能,32255.0,3.97,3.93,1.02,11955005937.0,1.11,24.313,1.453,0.479
SH603322,超讯科技,32192.0,26.45,26.58,-0.49,4168170754.0,3.92,-74.39,13.281,
SH603737,三棵树,32160.0,23.21,22.85,1.58,20549692267.0,1.22,32.101,6.536,2.038
SH600662,外服控股,32076.0,4.32,4.24,1.89,9864474209.0,0.66,14.802,1.882,3.472
SH603429,*ST集友,31911.0,8.65,8.87,-2.48,4536799272.0,0.3,-131.525,3.634,
SH603383,顶点软件,31840.0,27.17,26.11,4.06,5580075674.0,1.75,28.268,3.848,2.944
SH600675,中华企业,31828.0,2.43,2.42,0.41,14692108854.0,0.92,-20.938,1.041,0.247
SH600012,皖通高速,31785.0,16.29,15.94,2.2,27832961872.0,1.06,14.463,2.21,4.052
SH601399,国机重装,31782.0,3.13,3.13,0.0,22578429936.0,1.09,46.735,1.507,
SH601916,浙商银行,31679.0,2.91,2.92,-0.34,79922090652.0,0.78,6.107,0.44,4.502
SH600712,南宁百货,31578.0,5.64,5.33,5.82,3071856230.0,5.05,-115.721,4.059,
SH603990,麦迪科技,31530.0,19.4,19.05,1.84,5921761361.0,5.4,339.083,7.037,
SH688327,云从科技-UW,31475.0,9.62,9.45,1.8,10004562665.0,2.07,-24.729,13.84,
SH603666,亿嘉和,31467.0,24.57,25.28,-2.81,5049882419.0,1.68,-33.95,2.464,
SH600713,南京医药,31451.0,5.14,5.01,2.59,6723966255.0,1.37,10.706,0.928,5.058
SH688787,海天瑞声,31449.0,83.52,80.45,3.82,5038359034.0,3.68,250.831,6.895,0.119
SH688068,热景生物,31239.0,84.54,85.48,-1.1,7841432967.0,3.42,-30.225,3.211,
SH603232,格尔软件,31211.0,16.98,15.44,9.97,3948624203.0,10.83,-53.953,3.134,
SH601330,绿色动力,31196.0,8.24,8.32,-0.96,11786538378.0,0.89,16.722,1.357,4.005
SH603106,恒银科技,31178.0,7.43,7.09,4.8,3867463600.0,2.99,157.819,2.933,0.269
SH600735,ST新华锦,31169.0,6.81,6.51,4.61,2919979671.0,1.61,-21.719,2.747,
SH603010,万盛股份,31168.0,12.48,12.18,2.46,7301178057.0,1.54,-7.416,2.833,0.08
SH603180,金牌家居,31028.0,15.84,15.75,0.57,2443433098.0,0.79,-14.458,0.957,0.625
SH603579,荣泰健康,31022.0,18.01,17.83,1.01,3620953076.0,1.64,20.392,1.312,2.754
SH600909,华安证券,30928.0,7.66,7.5,2.13,38485443069.0,2.01,12.141,1.409,2.859
SH600361,创新新材,30855.0,3.5,3.45,1.45,13064320196.0,0.99,15.799,1.173,2.514
SH603599,广信股份,30843.0,10.46,10.39,0.67,9521417349.0,0.94,14.353,0.932,2.629
SH600616,金枫酒业,30819.0,5.15,5.18,-0.58,3445375493.0,4.65,1009.091,1.819,0.971
SH603699,纽威股份,30807.0,41.67,42.64,-2.27,32480316426.0,0.61,19.132,7.005,3.461
SH603122,合富中国,30771.0,13.76,13.56,1.47,5477204230.0,7.98,-162.028,5.278,
SH600644,乐山电力,30742.0,8.88,9.08,-2.2,5135488864.0,4.07,230.156,2.482,0.169
SH600757,长江传媒,30718.0,7.56,7.36,2.72,9175196064.0,1.17,11.3,0.919,5.423
SH600358,国旅联合,30693.0,5.54,5.47,1.28,6443880966.0,1.77,-233.478,2.992,
SH601588,北辰实业,30662.0,1.83,1.8,1.67,6161646600.0,1.66,-2.699,1.058,
SH600067,冠城新材,30632.0,2.72,2.67,1.87,3785338970.0,1.96,305.868,0.685,1.066
SH600815,厦工股份,30578.0,3.8,3.84,-1.04,6741559024.0,6.47,-52.658,4.782,
SH600874,创业环保,30540.0,5.59,5.55,0.72,8778637095.0,0.71,10.0,0.843,3.739
SH600984,建设机械,30529.0,3.69,3.65,1.1,4638492083.0,2.22,-2.062,2.966,
SH600623,华谊集团,30522.0,8.72,8.69,0.35,18481959898.0,0.68,33.157,0.817,1.261
SH603298,杭叉集团,30425.0,22.05,21.73,1.47,28881355680.0,0.34,12.609,2.369,1.814
SH600128,苏豪弘业,30408.0,8.7,8.68,0.23,2189778690.0,1.29,49.965,1.027,1.667
SH600468,百利电气,30407.0,5.92,5.89,0.51,6439393100.0,1.51,87.199,3.168,0.422
SH603976,正川股份,30382.0,29.63,29.25,1.3,5084938494.0,1.98,297.329,3.85,0.864
SH603660,苏州科达,30342.0,8.88,8.88,0.0,5074855140.0,2.82,-8.963,8.598,
SH603693,江苏新能,30292.0,12.0,12.36,-2.91,10697710560.0,1.6,29.909,1.512,1.25
SH601068,中铝国际,30227.0,4.58,4.44,3.15,13680084289.0,0.87,52.194,4.406,
SH600805,悦达投资,30210.0,4.72,4.65,1.51,4016222012.0,1.47,48.99,0.935,1.059
SH601609,金田股份,30151.0,10.78,11.11,-2.97,18634719721.0,2.55,22.689,1.827,1.262
SH601128,常熟银行,30097.0,6.23,6.28,-0.8,22728163792.0,1.4,5.132,0.678,3.836
SH603227,雪峰科技,30061.0,7.57,7.53,0.53,8112713656.0,0.63,15.412,1.538,1.982
SH600727,鲁北化工,29947.0,7.83,7.8,0.38,4138805947.0,2.85,31.43,1.236,0.639
SH600648,外高桥,29941.0,9.59,9.81,-2.24,13041558171.0,0.39,13.833,0.837,3.65
SH688366,昊海生科,29915.0,30.77,29.78,3.32,7041166640.0,0.32,46.15,1.328,2.772
SH603368,柳药集团,29852.0,15.48,15.22,1.71,6148831775.0,1.13,9.469,0.78,4.289
SH603066,音飞储存,29852.0,9.29,9.27,0.22,2732932887.0,1.49,24.567,1.787,0.366
SH600007,中国国贸,29849.0,20.45,20.71,-1.26,20598927820.0,0.29,17.118,2.214,5.232
SH603119,浙江荣泰,29830.0,48.55,48.84,-0.59,22957351446.0,2.16,75.24,10.939,0.365
SH688082,盛美上海,29820.0,265.96,273.22,-2.66,129061428871.0,1.11,76.408,8.787,0.232
SH603628,清源股份,29818.0,10.35,10.28,0.68,2821814923.0,1.9,-340.461,2.148,0.415
SH600807,济高发展,29758.0,2.7,2.66,1.5,2388513774.0,2.78,-10.983,8.755,
SH688385,复旦微电,29751.0,52.75,54.32,-2.89,43451190438.0,2.34,48.938,6.221,0.11
SH600997,开滦股份,29702.0,5.35,5.31,0.75,8494729203.0,0.91,-15.99,0.63,0.374
SH603721,中广天择,29658.0,19.31,18.06,6.92,2510300000.0,8.8,93.414,5.288,0.414
SH605179,一鸣食品,29636.0,25.54,24.21,5.49,10241540000.0,6.89,176.617,8.836,0.266
SH688561,奇安信-U,29616.0,31.06,27.93,11.21,21190769639.0,3.28,-22.819,3.011,
SH600081,东风科技,29615.0,10.6,10.92,-2.93,5862077402.0,3.82,90.019,1.256,0.104
SH600973,宝胜股份,29601.0,5.74,5.72,0.35,7871642264.0,0.87,373.183,2.197,
SH688630,芯碁微装,29598.0,360.54,366.77,-1.7,52820954523.0,3.47,123.037,9.926,0.174
SH603713,密尔克卫,29596.0,69.07,66.93,3.2,12021532796.0,1.49,18.326,2.253,1.316
SH600191,华资实业,29560.0,8.9,8.73,1.95,4315894800.0,1.34,47.54,2.516,0.258
SH688536,思瑞浦,29556.0,286.36,280.0,2.27,39539295312.0,3.81,95.261,5.972,0.054
SH601599,浙文影业,29552.0,3.35,3.21,4.36,3887817218.0,2.65,36.375,2.427,
SH603708,家家悦,29549.0,9.31,8.95,4.02,5942933064.0,1.18,29.144,2.433,3.233
SH688183,生益电子,29459.0,101.2,105.22,-3.82,87058419980.0,1.99,42.398,9.639,0.567
SH600239,ST云城,29432.0,1.42,1.42,0.0,2280075411.0,0.95,-12.728,2.071,
SH603103,横店影视,29417.0,16.3,15.35,6.19,10337460000.0,1.09,-98.859,8.787,0.859
SH688187,时代电气,29373.0,46.05,44.17,4.26,61278892123.0,0.63,14.811,1.464,2.476
SH688298,东方生物,29356.0,19.5,19.12,1.99,3931200000.0,1.22,-6.213,0.683,
SH603398,*ST沐邦,29353.0,8.56,7.78,10.03,3711971445.0,2.91,-4.485,-49.652,
SH600180,*ST瑞茂,29341.0,1.46,1.46,0.0,1586476097.0,0.98,-0.373,0.456,
SH688029,南微医学,29323.0,83.3,80.9,2.97,15647690253.0,1.18,30.659,3.737,1.789
SH688025,杰普特,29280.0,394.32,389.42,1.26,37479888477.0,3.61,98.893,14.682,0.225
SH603843,*ST正平,29263.0,6.01,5.9,1.86,4204735654.0,2.4,-20.601,-41.024,
SH601965,中国汽研,29250.0,14.35,14.05,2.14,14388004353.0,1.96,13.368,1.793,1.672
SH600834,申通地铁,29241.0,7.7,7.65,0.65,3675840669.0,0.53,62.27,2.096,0.558
SH688088,虹软科技,29158.0,28.61,27.4,4.42,11477485144.0,1.45,46.466,4.189,0.765
SH600684,珠江股份,29114.0,3.64,3.61,0.83,4026110390.0,1.85,58.987,3.145,
SH600505,西昌电力,29069.0,10.49,10.59,-0.94,3824313075.0,1.51,250.916,3.111,0.238
SH600575,淮河能源,29026.0,3.26,3.23,0.93,23363742474.0,1.05,16.784,1.104,5.828
SH688166,博瑞医药,28999.0,33.53,33.43,0.3,14612206048.0,1.89,151.777,4.787,0.048
SH601156,东航物流,28999.0,18.55,18.47,0.43,29449155564.0,0.5,10.452,1.474,3.65
SH603088,宁波精达,28971.0,9.72,9.69,0.31,4883211030.0,2.03,46.494,4.414,1.749
SH600429,三元股份,28969.0,4.94,4.81,2.7,7397933684.0,1.18,-33.103,1.518,0.749
SH600234,科新发展,28949.0,19.04,18.82,1.17,4998399326.0,0.99,-125.828,11.056,
SH688099,晶晨股份,28922.0,99.71,94.57,5.44,42209236701.0,9.22,42.756,5.294,0.199
SH600543,*ST莫高,28909.0,4.08,4.07,0.25,1310169600.0,0.4,-12.589,1.944,
SH688608,恒玄科技,28892.0,109.64,109.37,0.25,25972186193.0,2.91,56.425,3.692,0.912
SH600785,新华百货,28859.0,11.59,10.76,7.71,3661093149.0,16.28,64.15,1.599,0.613
SH600790,轻纺城,28747.0,3.76,3.77,-0.27,5511373889.0,2.84,28.037,0.977,2.952
SH688567,孚能科技,28741.0,9.75,9.43,3.39,11915512879.0,2.15,-12.145,1.339,
SH605006,山东玻纤,28720.0,13.77,14.23,-3.23,9000089956.0,3.9,1273.369,2.875,
SH600714,金瑞矿业,28701.0,16.79,17.05,-1.52,4838479624.0,5.28,434.974,6.277,0.119
SH603767,中马传动,28653.0,14.7,14.64,0.41,4536883050.0,3.74,-1046.126,3.303,
SH603989,艾华集团,28612.0,26.37,26.89,-1.93,10515824908.0,4.01,36.269,2.647,0.758
SH603015,弘讯科技,28611.0,10.46,10.48,-0.19,4228130740.0,1.39,106.192,3.053,0.765
SH603998,方盛制药,28585.0,10.63,10.31,3.1,4667434857.0,3.57,13.941,2.626,3.293
SH601828,美凯龙,28562.0,2.23,2.17,2.76,9708723957.0,1.58,-0.446,0.432,
SH600148,长春一东,28562.0,15.71,15.7,0.06,2223223430.0,1.36,110.456,4.598,0.255
SH603987,康德莱,28543.0,7.64,7.56,1.06,3337082323.0,1.1,14.665,1.18,2.225
SH600192,长城电工,28493.0,7.21,7.21,0.0,3185003080.0,2.41,-8.561,4.71,
SH603229,奥翔药业,28492.0,8.19,8.06,1.61,6800133618.0,0.97,83.885,2.847,0.781
SH688106,金宏气体,28467.0,23.9,24.2,-1.24,12818188819.0,2.37,108.983,3.212,1.033
SH603158,腾龙股份,28454.0,9.98,10.0,-0.2,4897886077.0,2.48,64.922,2.144,0.591
SH600981,苏豪汇鸿,28404.0,2.44,2.39,2.09,5471536988.0,0.83,-17.133,1.141,0.41
SH601375,中原证券,28334.0,3.97,3.91,1.53,18432252259.0,1.09,29.981,1.252,0.856
SH603029,天鹅股份,28284.0,16.64,16.66,-0.12,2019130880.0,2.17,26.584,2.125,1.112
SH688202,美迪西,28259.0,104.0,105.83,-1.73,13972627136.0,4.56,-135.227,6.977,
SH600822,上海物贸,28212.0,9.19,9.02,1.88,4557991080.0,1.54,184.366,3.662,
SH605338,巴比食品,28196.0,18.98,18.77,1.12,4546975245.0,1.22,16.472,2.081,6.322
SH600918,中泰证券,28157.0,5.47,5.36,2.05,43313325248.0,0.74,17.494,0.963,0.914
SH601515,衢州东峰,28141.0,3.24,3.18,1.89,6235284974.0,1.23,-14.061,1.296,
SH603583,捷昌驱动,28115.0,28.27,27.28,3.63,10926975668.0,1.95,30.746,2.3,1.093
SH600901,江苏金租,28047.0,7.0,6.99,0.14,40543065017.0,0.51,11.975,1.573,2.429
SH603825,ST华扬,28024.0,7.25,7.42,-2.29,1836690002.0,0.9,-3.237,-27.133,
SH603319,美湖股份,28016.0,26.55,26.21,1.3,9004423951.0,4.91,156.327,3.644,0.414
SH603600,永艺股份,27930.0,10.23,10.1,1.29,3380331329.0,1.07,14.258,1.474,4.888
SH600653,申华控股,27833.0,1.69,1.66,1.81,3289382736.0,2.22,-23.908,5.227,
SH603609,禾丰股份,27775.0,6.38,6.31,1.11,5767626757.0,0.33,-30.511,0.912,
SH605011,杭州热电,27735.0,18.94,19.11,-0.89,7577894000.0,3.7,44.092,3.047,0.792
SH600368,五洲交通,27698.0,4.24,4.27,-0.7,6824932358.0,1.25,12.317,0.934,3.278
SH600156,华升股份,27692.0,7.35,7.15,2.8,2955513660.0,6.21,-64.727,8.514,0.136
SH600379,宝光股份,27665.0,13.43,13.45,-0.15,4434607005.0,3.03,84.02,5.489,0.477
SH603520,司太立,27663.0,8.72,8.55,1.99,3822934162.0,1.89,181.854,1.543,3.44
SH601086,国芳集团,27624.0,14.94,13.58,10.01,9950040000.0,10.56,83.778,6.214,0.663
SH603258,电魂网络,27617.0,14.5,13.88,4.47,3520088875.0,2.57,-13.356,1.846,
SH603890,春秋电子,27606.0,14.57,14.69,-0.82,7343517025.0,3.84,27.857,2.036,1.215
SH601136,首创证券,27464.0,13.95,13.65,2.2,38130006510.0,0.41,30.804,2.754,1.204
SH603897,长城科技,27456.0,27.46,28.3,-2.97,5668723800.0,3.86,17.719,2.385,5.098
SH688321,微芯生物,27447.0,24.31,24.06,1.04,10767911317.0,1.92,116.099,4.438,0.239
SH601886,江河集团,27419.0,13.07,12.89,1.4,14808336924.0,0.94,20.486,2.047,4.591
SH600179,安通控股,27366.0,4.38,4.39,-0.23,18534088168.0,0.7,15.067,1.482,
SH600609,金杯汽车,27268.0,3.58,3.53,1.42,4670319638.0,3.06,20.759,2.739,0.922
SH688300,联瑞新材,27264.0,136.49,139.36,-2.06,32958790491.0,3.69,108.77,24.723,0.366
SH600654,中安科,27252.0,3.1,2.97,4.38,8820769949.0,3.32,89.208,4.69,
SH600222,太龙药业,27232.0,7.78,7.62,2.1,4351845564.0,2.42,82.606,2.768,0.18
SH601226,华电科工,27173.0,6.62,6.61,0.15,7693920894.0,0.82,42.979,1.74,0.725
SH600906,财达证券,27123.0,6.34,6.22,1.93,20573300000.0,1.14,18.066,1.612,1.893
SH600523,贵航股份,27120.0,11.72,11.7,0.17,4738528670.0,1.0,22.739,1.455,1.229
SH603711,香飘飘,27095.0,12.3,12.07,1.91,5078351430.0,1.26,24.956,1.464,0.569
SH603528,多伦科技,27075.0,6.41,6.25,2.56,4525012140.0,1.57,-74.623,2.428,
SH600791,京能置业,27072.0,6.72,6.71,0.15,3043353600.0,3.5,-2.715,-4.363,
SH603969,银龙股份,27022.0,7.24,7.16,1.12,6309904712.0,1.17,14.508,2.089,0.967
SH603032,德新科技,26990.0,18.56,18.14,2.32,4325062784.0,4.75,58.778,3.646,0.232
SH603530,神马电力,26967.0,40.0,40.71,-1.74,17256175080.0,1.07,35.493,9.512,0.85
SH603515,欧普照明,26958.0,15.11,14.87,1.61,11215847007.0,0.27,13.92,1.691,6.267
SH600106,重庆路桥,26949.0,4.52,4.52,0.0,6007193280.0,0.98,103.352,1.137,0.575
SH603871,嘉友国际,26936.0,12.29,12.18,0.9,16812826407.0,0.65,12.82,2.686,3.881
SH600527,江南高纤,26935.0,2.21,2.17,1.84,3827191593.0,2.62,157.898,1.882,1.357
SH603007,顺景科技,26880.0,4.44,4.43,0.23,3926940688.0,2.04,-26.668,13.578,
SH600113,浙江东日,26874.0,28.81,28.12,2.45,11853331720.0,1.14,99.116,4.761,0.566
SH603559,中通国脉,26799.0,8.61,8.61,0.0,3454994789.0,2.3,-31.063,4.395,
SH603707,健友股份,26693.0,8.18,8.1,0.99,13216025344.0,0.63,27.373,1.904,1.222
SH600250,南京商旅,26593.0,8.8,8.73,0.8,2752564355.0,2.36,375.046,4.394,
SH688662,富信科技,26586.0,114.76,112.14,2.34,13163619705.0,16.86,319.978,18.316,0.268
SH600962,国投中鲁,26530.0,24.78,24.32,1.89,6497563800.0,2.05,367.874,6.903,
SH688076,ST诺泰,26496.0,29.01,28.93,0.28,9190831029.0,0.52,38.711,2.966,1.203
SH600643,爱建集团,26435.0,4.12,4.01,2.74,6563863605.0,1.13,-3.224,0.667,
SH600593,大连圣亚,26330.0,48.7,48.97,-0.55,6352671500.0,8.77,107.001,30.132,
SH600212,绿能慧充,26301.0,5.67,5.63,0.71,3992531708.0,0.97,-413.82,6.954,
SH603225,新凤鸣,26253.0,17.0,17.09,-0.53,28517156260.0,0.61,16.305,1.309,1.159
SH603052,可川科技,26214.0,46.82,48.25,-2.96,8797350743.0,2.34,-233.157,8.395,
SH688535,华海诚科,26178.0,89.1,91.36,-2.47,12765717855.0,4.37,254.489,5.718,0.075
SH603789,ST星农,26163.0,5.96,6.02,-1.0,1580679016.0,1.15,-11.56,27.227,
SH603898,好莱客,26058.0,11.74,11.55,1.65,3524694119.0,1.22,-79.581,1.225,0.366
SH603042,华脉科技,26057.0,15.58,16.05,-2.93,3252586619.0,13.2,-143.963,3.816,0.077
SH600897,厦门空港,26055.0,14.64,14.41,1.6,6103913760.0,0.95,12.505,1.482,2.596
SH603518,锦泓集团,25967.0,7.94,7.81,1.66,2731947433.0,1.74,10.566,0.72,2.531
SH603060,国检集团,25956.0,5.62,5.54,1.44,4518296282.0,0.76,48.598,2.287,1.192
SH600968,海油发展,25870.0,3.98,4.03,-1.24,40457114712.0,0.49,10.313,1.357,3.693
SH603327,福蓉科技,25814.0,8.01,7.94,0.88,8699739226.0,1.14,59.975,3.214,1.323
SH688507,索辰科技,25789.0,126.66,125.45,0.96,11286518581.0,6.18,-7757.827,4.161,0.223
SH600929,雪天盐业,25756.0,5.94,5.88,1.02,9742272741.0,1.27,141.259,1.274,0.253
SH600162,香江控股,25753.0,4.17,4.16,0.24,13629386969.0,2.42,-160.089,2.378,0.12
SH600818,ST中路,25734.0,9.6,9.84,-2.44,3085899936.0,2.3,-48.189,6.156,
SH603776,永安行,25673.0,20.3,20.48,-0.88,5699439612.0,0.64,-32.117,1.67,
SH600400,红豆股份,25654.0,3.98,3.62,9.94,9119659971.0,8.51,-21.692,7.096,
SH600844,金煤科技,25579.0,3.33,3.29,1.22,3385025719.0,4.42,-44.435,42.747,
SH605123,派克新材,25574.0,74.6,76.0,-1.84,9039348543.0,1.07,32.766,1.907,1.046
SH603189,*ST网达,25434.0,10.08,10.2,-1.18,2717047358.0,2.27,-233.929,1.895,0.982
SH600802,福建水泥,25419.0,7.19,7.14,0.7,3294805996.0,15.58,-15.198,3.936,
SH688143,长盈通,25378.0,163.03,160.29,1.71,20995134150.0,8.78,2135.134,15.377,0.03
SH600681,百川能源,25370.0,3.59,3.63,-1.1,4813668768.0,1.8,22.061,1.324,3.621
SH605305,中际联合,25366.0,30.12,30.56,-1.44,6401102400.0,1.4,12.039,2.057,2.523
SH688205,德科立,25333.0,183.61,183.53,0.04,29237595172.0,6.87,206.309,11.917,0.054
SH600651,飞乐音响,25328.0,5.03,4.92,2.24,12610350915.0,0.79,372.935,5.007,
SH605199,ST葫芦娃,25314.0,5.81,5.83,-0.34,2324631849.0,0.38,-5.766,7.772,
SH688819,天能股份,25291.0,21.43,20.98,2.14,20832103000.0,0.4,20.747,1.237,2.562
SH688249,晶合集成,25283.0,29.96,30.01,-0.17,66954224812.0,1.22,108.437,2.583,
SH600136,ST明诚,25263.0,1.48,1.46,1.37,3020422378.0,0.4,-171.9,13.262,
SH603021,*ST华鹏,25250.0,4.5,4.26,5.63,1439766315.0,2.94,-6.057,-5.948,
SH688213,思特威-W,25217.0,97.05,95.16,1.99,39043872514.0,1.92,34.466,7.235,1.035
SH600800,渤海化学,25121.0,3.25,3.22,0.93,3607646952.0,1.62,-6.209,3.772,
SH600628,新世界,25026.0,6.46,6.35,1.73,4178814981.0,1.17,60.935,0.979,0.619
SH603638,艾迪精密,24980.0,19.25,19.79,-2.73,16953360443.0,1.61,34.428,3.682,0.992
SH601900,南方传媒,24969.0,12.9,12.37,4.28,11377414213.0,1.8,10.666,1.291,4.341
SH605277,新亚电子,24963.0,16.28,16.64,-2.16,6329426621.0,2.28,25.283,3.592,1.075
SH603803,瑞斯康达,24909.0,10.58,10.9,-2.94,4495268033.0,5.44,-644.824,2.943,
SH603697,有友食品,24889.0,9.92,9.72,2.06,4242705612.0,1.94,21.087,2.338,4.637
SH600758,辽宁能源,24854.0,3.91,3.87,1.03,5169088011.0,4.86,-6.912,1.033,
SH603439,三力制药,24830.0,12.55,12.65,-0.79,5068194711.0,3.57,13543.534,3.498,0.47
SH601702,华峰铝业,24823.0,15.34,14.91,2.88,15317459404.0,0.66,12.885,2.288,1.956
SH688702,盛科通信-U,24822.0,265.1,268.64,-1.32,108691000000.0,3.31,-755.735,48.297,
SH605133,嵘泰股份,24763.0,26.53,25.17,5.4,7568349783.0,4.42,41.836,1.977,0.784
SH600892,大晟文化,24712.0,4.38,4.05,8.15,2450453143.0,9.05,-28.401,-180.247,
SH600448,华纺股份,24699.0,3.11,3.06,1.63,1958739149.0,8.86,-7.257,2.186,
SH600365,ST通葡,24690.0,2.81,2.86,-1.75,1275543300.0,0.49,-14.079,6.267,
SH600753,ST海钦,24642.0,13.4,13.65,-1.83,3086116145.0,1.58,63.494,35.695,
SH605077,华康股份,24635.0,11.85,11.7,1.28,3587039769.0,2.89,33.043,1.204,2.532
SH605136,丽人丽妆,24567.0,9.44,8.58,10.02,3780328240.0,4.26,-152.996,1.559,0.265
SH600217,中再资环,24517.0,3.34,3.3,1.21,5536563268.0,0.99,-22.127,1.947,
SH600135,乐凯胶片,24487.0,7.56,7.59,-0.4,4183001668.0,1.78,-53.495,1.781,
SH600676,久事动娱,24452.0,6.67,6.5,2.62,6860047936.0,0.74,-33.107,1.405,
SH603050,科林电气,24433.0,15.99,15.92,0.44,6449073896.0,0.71,30.312,3.371,1.238
SH603111,康尼机电,24386.0,6.09,6.07,0.33,5249766792.0,0.63,14.325,1.32,7.274
SH688356,键凯科技,24352.0,107.9,108.81,-0.84,6544210530.0,13.1,153.746,5.037,0.286
SH603718,*ST海利,24304.0,3.06,3.08,-0.65,1985877882.0,0.88,-6.241,2.234,
SH600865,百大集团,24291.0,11.51,10.46,10.04,4330526037.0,10.85,-118.567,1.887,
SH601107,四川成渝,24290.0,6.39,6.27,1.91,19541003400.0,0.73,12.77,1.157,4.648
SH600930,华电新能,24265.0,3.97,3.98,-0.25,165605714285.0,1.2,34.058,1.493,0.756
SH688400,凌云光,24252.0,39.56,39.98,-1.05,18820655956.0,1.66,26.077,2.416,0.212
SH688305,科德数控,24246.0,53.59,53.0,1.11,7103815535.0,1.17,95.464,3.738,0.394
SH600960,渤海汽车,24204.0,3.9,3.86,1.04,6318912491.0,1.09,-46.051,1.144,
SH600692,亚通股份,24190.0,6.63,6.69,-0.9,2332195744.0,3.36,53.377,2.36,
SH600743,华远控股,24181.0,2.36,2.33,1.29,5536798063.0,3.6,-52.978,10.208,
SH603266,天龙股份,24153.0,22.21,21.31,4.22,4417274718.0,8.69,46.57,2.71,0.54
SH603028,赛福天,24134.0,7.01,7.07,-0.85,2012150400.0,1.65,-25.024,4.577,
SH600617,国新能源,24098.0,3.72,3.74,-0.53,7176593407.0,11.8,-28.547,2.254,
SH688568,中科星图,24060.0,29.05,29.98,-3.1,23474692394.0,1.37,-63.898,6.791,0.041
SH688222,成都先导,24056.0,41.45,41.92,-1.12,16628608830.0,5.43,118.658,10.885,0.314
SH603901,永创智能,24031.0,9.21,9.08,1.43,5311320398.0,1.18,26.248,1.48,1.194
SH600261,阳光照明,24000.0,3.27,3.26,0.31,4365623199.0,1.55,30.872,1.286,3.976
SH688472,阿特斯,23944.0,8.47,8.33,1.68,30857396749.0,0.85,52.805,1.358,1.145
SH601368,绿城水务,23936.0,4.65,4.6,1.09,4105824808.0,0.56,33.464,0.849,0.753
SH601968,宝钢包装,23759.0,4.51,4.47,0.89,5753765365.0,0.62,25.108,1.263,2.949
SH603982,泉峰汽车,23743.0,6.63,6.74,-1.63,2420805237.0,5.31,-7.029,1.191,
SH688123,聚辰股份,23730.0,147.35,150.53,-2.11,23424302291.0,5.43,34.258,7.497,0.473
SH600980,北矿科技,23653.0,18.54,18.54,0.0,3583105772.0,1.11,25.869,2.338,1.052
SH600708,光明地产,23637.0,3.09,3.07,0.65,6886487536.0,0.98,-1.856,1.199,
SH688188,柏楚电子,23608.0,95.32,94.6,0.76,38657725935.0,0.59,30.691,6.098,2.055
SH603179,新泉股份,23562.0,37.1,37.51,-1.09,27274385915.0,2.78,33.795,3.485,0.561
SH600117,西宁特钢,23544.0,2.18,2.16,0.93,7096150388.0,0.38,-7.266,2.051,
SH600408,安泰集团,23508.0,3.78,3.44,9.88,3805704000.0,20.91,-13.553,3.359,
SH600475,华光环能,23482.0,14.53,14.4,0.9,13817338445.0,0.73,35.983,1.617,2.395
SH600226,亨通股份,23453.0,5.04,5.18,-2.7,14990881369.0,3.23,90.528,4.019,
SH600979,广安爱众,23428.0,3.93,3.94,-0.25,4917997874.0,2.12,-13.586,1.172,
SH601811,新华文轩,23417.0,20.91,19.01,9.99,25799615310.0,7.47,18.882,1.684,2.822
SH605399,晨光新材,23364.0,13.06,11.87,10.03,4066509230.0,1.95,-31.499,1.996,
SH603355,莱克电气,23292.0,32.27,32.44,-0.52,18503518383.0,0.73,30.663,3.15,
SH688361,中科飞测,23274.0,341.88,331.48,3.14,120359425281.0,2.62,-2386.626,23.683,
SH601798,蓝科高新,23252.0,7.6,7.7,-1.3,2694414305.0,1.83,33.373,2.019,
SH600107,*ST尔雅,23194.0,6.0,5.62,6.76,2160000000.0,0.73,-27.088,5.55,
SH603703,盛洋科技,23177.0,9.53,9.71,-1.85,3954779604.0,2.79,-79.435,4.902,
SH603808,歌力思,23132.0,8.86,8.82,0.45,3222676444.0,0.98,17.872,1.225,2.054
SH600814,杭州解百,23078.0,7.19,6.88,4.51,5285215120.0,2.33,23.392,1.381,1.752
SH603188,亚邦股份,23049.0,5.07,5.04,0.6,2890761900.0,11.68,-60.853,4.124,
SH600828,茂业商业,22978.0,4.57,4.31,6.03,7915160235.0,2.0,-16.88,1.207,
SH600933,爱柯迪,22941.0,13.0,12.9,0.78,13390252317.0,1.14,12.447,1.392,3.062
SH603536,惠发食品,22938.0,10.31,10.19,1.18,2479887601.0,2.77,-69.027,7.068,
SH603566,普莱柯,22920.0,10.29,10.18,1.08,3560980789.0,0.78,24.368,1.398,3.839
SH601200,上海环境,22879.0,6.85,6.82,0.44,9221677219.0,0.58,16.076,0.782,1.971
SH688596,正帆科技,22845.0,53.76,54.45,-1.27,17077964306.0,5.66,-2153.017,4.771,0.173
SH600917,重庆燃气,22840.0,4.96,4.96,0.0,7742757210.0,0.42,42.959,1.333,1.028
SH688220,翱捷科技-U,22781.0,83.59,84.71,-1.32,34965771312.0,1.98,-576.64,5.983,
SH600769,祥龙电业,22748.0,13.9,13.81,0.65,5212183080.0,3.39,372.704,39.703,
SH600333,长春燃气,22734.0,6.87,6.84,0.44,4184040799.0,3.56,171.409,2.205,
SH603669,灵康药业,22707.0,6.96,6.64,4.82,4958021918.0,6.55,-36.351,8.535,
SH600491,ST龙元,22702.0,1.48,1.5,-1.33,2264041773.0,2.93,-0.654,0.361,
SH605488,福莱新材,22676.0,27.89,28.26,-1.31,8366754540.0,3.02,106.829,3.738,0.541
SH600512,腾达建设,22675.0,2.11,2.08,1.44,3349424894.0,1.56,423.522,0.542,0.474
SH600262,北方股份,22620.0,14.7,14.44,1.8,3498600000.0,2.0,13.846,1.872,1.85
SH603556,海兴电力,22480.0,22.26,22.3,-0.18,10824240424.0,0.64,16.293,1.59,3.558
SH603997,继峰股份,22470.0,13.4,13.47,-0.52,17048349178.0,1.3,25.645,3.1,0.799
SH601665,齐鲁银行,22429.0,7.08,7.15,-0.98,43569205077.0,0.75,7.081,0.838,3.517
SH603187,海容冷链,22418.0,10.85,10.71,1.31,4192413320.0,1.05,12.912,0.988,5.069
SH603739,蔚蓝生物,22311.0,13.84,13.71,0.95,3501919505.0,10.1,42.888,1.95,0.723
SH603416,信捷电气,22288.0,45.11,44.15,2.17,7081176218.0,1.2,25.102,2.632,2.104
SH600493,凤竹纺织,22162.0,6.54,6.58,-0.61,1778880000.0,2.36,196.414,1.591,0.275
SH601177,杭齿前进,22155.0,13.58,13.7,-0.88,5536749330.0,1.49,19.436,1.849,0.515
SH600626,申达股份,22152.0,3.79,3.72,1.88,5005622288.0,0.87,52.727,1.559,0.264
SH688362,甬矽电子,22124.0,49.61,50.92,-2.57,22526886476.0,3.69,248.175,5.867,
SH603869,ST智知,22111.0,8.28,8.4,-1.43,4045790061.0,0.14,135.722,1.089,0.29
SH600248,陕建股份,22079.0,2.89,2.87,0.7,10733255637.0,0.46,-17.838,0.388,0.692
SH688262,国芯科技,22071.0,25.22,25.37,-0.59,8473917806.0,2.97,-33.953,4.417,
SH603045,福达合金,22015.0,44.47,45.03,-1.24,6023246043.0,3.52,15.319,4.424,0.333
SH605388,均瑶健康,21911.0,6.91,6.93,-0.29,4149344440.0,10.87,-21.48,2.708,
SH600697,欧亚集团,21907.0,11.48,11.26,1.95,1826331101.0,3.59,-35.621,0.813,0.871
SH688318,财富趋势,21886.0,74.33,69.66,6.7,26652304436.0,2.27,88.694,6.958,0.365
SH688700,东威科技,21824.0,56.2,58.0,-3.1,16770156432.0,4.01,94.45,8.653,0.658
SH603357,设计总院,21821.0,6.03,5.97,1.01,3380075816.0,0.58,21.275,0.87,2.156
SH603020,爱普股份,21802.0,12.93,12.75,1.41,4856996418.0,6.15,76.783,1.504,0.773
SH603113,金能科技,21797.0,5.09,5.0,1.8,4318817235.0,1.75,-7.281,0.573,0.943
SH688007,光峰科技,21767.0,10.22,10.15,0.69,4697271790.0,2.0,-19.991,1.992,
SH600533,栖霞建设,21751.0,2.27,2.24,1.34,2383500000.0,1.93,-0.939,3.346,
SH603100,川仪股份,21735.0,18.63,18.46,0.92,9560416269.0,0.9,15.89,1.97,2.738
SH600293,三峡新材,21680.0,3.93,3.93,0.0,4559370031.0,,-54.414,2.763,
SH688139,海尔生物,21666.0,35.13,34.75,1.09,11118396350.0,1.79,43.532,2.515,0.928
SH600829,人民同泰,21652.0,9.52,9.25,2.92,5520539443.0,1.93,38.805,1.783,
SH688556,高测股份,21613.0,7.15,7.1,0.7,5940033628.0,2.33,-13.441,1.723,
SH600983,惠而浦,21597.0,7.5,7.5,0.0,5748292500.0,0.21,11.942,2.175,8.933
SH688595,芯海科技,21588.0,28.3,28.33,-0.11,4119635981.0,2.5,-39.244,6.236,
SH603558,健盛集团,21574.0,12.83,12.85,-0.16,4132482686.0,0.9,9.438,1.963,5.144
SH600716,凤凰股份,21566.0,3.71,3.7,0.27,3472784789.0,0.81,-4.992,0.851,
SH600281,华阳新材,21558.0,4.66,4.62,0.87,2397113437.0,2.32,-27.885,40.913,
SH603999,读者传媒,21509.0,6.96,6.6,5.45,4008960000.0,3.65,50.592,1.91,0.862
SH603809,豪能股份,21506.0,8.49,8.34,1.8,7813251971.0,0.99,27.788,2.1,1.767
SH600530,ST交昂,21440.0,3.71,3.69,0.54,2874953200.0,0.4,-225.856,9.268,
SH603838,*ST四通,21432.0,12.95,11.77,10.03,4144207200.0,1.34,-45.665,4.792,
SH600689,上海三毛,21370.0,11.89,11.89,0.0,2389787068.0,1.78,184.532,4.986,0.151
SH688515,裕太微-U,21349.0,124.19,126.99,-2.2,9935200000.0,5.2,-96.49,6.908,
SH603968,醋化股份,21308.0,11.86,12.3,-3.58,2425132800.0,8.13,-36.018,1.373,
SH601163,三角轮胎,21295.0,12.27,12.2,0.57,9816000000.0,0.35,11.321,0.703,4.238
SH688114,华大智造,21211.0,67.95,66.56,2.09,28302272732.0,2.82,-133.908,4.021,
SH603848,好太太,21185.0,13.64,13.77,-0.94,5488824810.0,0.6,25.031,2.122,1.466
SH600894,广日股份,21177.0,7.76,7.66,1.31,6574320337.0,0.93,10.998,0.761,6.469
SH600620,天宸股份,21166.0,4.37,4.32,1.16,3000778984.0,1.03,271.686,2.135,0.229
SH603030,全筑股份,21103.0,2.08,2.05,1.46,2739221722.0,2.79,-12.235,3.939,
SH603489,八方股份,21069.0,27.9,27.8,0.36,6545841614.0,0.88,36.792,2.341,0.538
SH600463,空港股份,20987.0,8.19,8.21,-0.24,2457000000.0,1.53,-29.627,2.898,
SH688108,赛诺医疗,20982.0,15.94,15.44,3.24,6662154880.0,2.75,79.528,6.681,
SH688516,奥特维,20956.0,39.22,40.31,-2.7,12344905163.0,2.11,28.383,3.399,2.807
SH605099,共创草坪,20948.0,27.24,27.89,-2.33,10978931199.0,0.43,15.644,3.467,3.043
SH600228,返利科技,20891.0,9.42,9.33,0.96,3925054262.0,5.87,-67.241,10.669,
SH688131,皓元医药,20825.0,93.16,94.15,-1.05,19864890247.0,2.73,76.626,6.169,0.258
SH688609,九联科技,20821.0,8.6,8.6,0.0,4488794923.0,3.82,-85.512,4.56,
SH688006,杭可科技,20783.0,20.62,20.38,1.18,12447719774.0,2.82,51.733,2.286,1.13
SH600854,春兰股份,20750.0,4.76,4.74,0.42,2472622641.0,1.37,23.07,1.005,2.521
SH605333,沪光股份,20747.0,16.5,16.49,0.06,7656666699.0,0.44,29.633,2.292,1.212
SH688582,芯动联科,20743.0,33.27,34.47,-3.48,13365858393.0,1.4,72.028,5.276,0.445
SH600780,通宝能源,20740.0,6.18,6.2,-0.32,7085385592.0,0.95,9.764,0.825,2.913
SH603933,睿能科技,20736.0,18.1,18.12,-0.11,3756556808.0,1.33,57.725,2.778,0.331
SH688165,埃夫特-U,20684.0,14.36,14.32,0.28,7492760800.0,1.12,-18.624,6.439,
SH603018,华设集团,20681.0,5.15,5.11,0.78,4218610794.0,0.89,15.091,0.784,2.777
SH601339,百隆东方,20681.0,7.43,7.38,0.68,11141797670.0,0.49,13.495,1.21,5.787
SH603916,苏博特,20676.0,10.3,10.34,-0.39,4329380656.0,1.55,32.857,1.033,1.184
SH601999,出版传媒,20652.0,7.1,6.7,5.97,3911494370.0,4.39,41.694,1.461,0.845
SH603818,曲美家居,20580.0,4.29,4.05,5.93,2945273138.0,8.05,-16.812,1.541,
SH688778,厦钨新能,20568.0,47.4,46.28,2.42,23922357334.0,4.2,26.259,2.515,1.264
SH688032,禾迈股份,20560.0,68.11,67.35,1.13,8450649150.0,0.67,-24.754,1.541,
SH601059,信达证券,20525.0,15.56,15.56,0.0,50461080000.0,,25.655,2.347,0.257
SH601616,广电电气,20519.0,3.79,3.76,0.8,3235429459.0,1.54,-49.474,1.389,
SH600833,第一医药,20473.0,10.56,10.39,1.64,2355791824.0,2.22,33.706,2.102,0.739
SH600824,益民集团,20453.0,3.84,3.69,4.07,4047463960.0,1.76,-114.833,1.726,0.911
SH688066,*ST航图,20445.0,9.19,9.17,0.22,2819984042.0,3.42,-1.436,-1.669,
SH600322,津投城开,20411.0,2.83,2.82,0.35,3129131000.0,3.34,-3.711,41.014,
SH600719,大连热电,20408.0,8.38,8.39,-0.12,3390544648.0,8.72,-871.581,9.437,
SH603286,日盈电子,20396.0,43.59,42.83,1.77,5143344119.0,3.86,-87.119,6.403,
SH600370,*ST三房,20390.0,1.34,1.36,-1.47,5390368581.0,0.56,-8.719,1.1,
SH603877,太平鸟,20389.0,12.32,12.16,1.32,5789286950.0,0.62,29.198,1.323,2.435
SH603191,望变电气,20376.0,13.19,13.14,0.38,4609348593.0,1.99,136.825,1.696,0.356
SH600159,大龙地产,20346.0,2.77,2.72,1.84,2299108953.0,2.46,-8.292,1.598,
SH688065,凯赛生物,20342.0,38.46,37.72,1.96,27740805477.0,0.67,44.401,1.562,1.167
SH600243,*ST海华,20324.0,3.49,3.56,-1.97,1531586500.0,1.02,-16.331,2.813,
SH688233,神工股份,20295.0,80.3,83.33,-3.64,13675550601.0,5.06,145.046,7.163,0.229
SH688696,极米科技,20264.0,82.83,79.17,4.62,5799756600.0,1.76,42.036,1.972,1.38
SH688083,中望软件,20253.0,50.9,47.78,6.53,8634993921.0,1.45,154.476,3.312,0.688
SH603779,威龙股份,20249.0,8.58,8.35,2.75,2849270029.0,10.11,-39.235,5.906,
SH603309,维力医疗,20215.0,11.26,11.14,1.08,3286472167.0,1.02,57.405,1.848,4.44
SH688295,中复神鹰,20201.0,35.0,34.76,0.69,31500000000.0,0.38,203.994,6.615,0.094
SH605299,舒华体育,20197.0,12.43,12.26,1.39,5067205198.0,1.53,43.889,4.159,1.609
SH603908,牧高笛,20141.0,19.75,20.12,-1.84,1839258013.0,2.61,-38.275,3.696,
SH605588,冠石科技,20135.0,41.46,42.35,-2.1,3038001442.0,1.97,-29.177,3.296,
SH688208,道通科技,20117.0,24.4,23.85,2.31,16352548428.0,1.1,18.391,4.373,4.066
SH600488,津药药业,20097.0,6.47,6.52,-0.77,7064506820.0,8.45,109.64,2.336,0.804
SH688506,百利天恒,20066.0,229.33,227.1,0.98,94684352453.0,0.4,-60.198,20.537,
SH603360,百傲化学,19991.0,12.0,12.19,-1.56,8474683848.0,1.7,48.302,6.039,
SH600819,耀皮玻璃,19988.0,5.59,5.53,1.08,5460072038.0,0.83,65.611,1.411,0.268
SH603861,白云电器,19919.0,10.99,11.0,-0.09,5940402225.0,1.07,28.329,1.484,0.901
SH688409,富创精密,19874.0,156.83,158.97,-1.35,48023035216.0,1.97,423.929,10.367,0.127
SH600774,汉商集团,19839.0,7.92,7.85,0.89,2288945514.0,1.54,-13.281,1.567,
SH688699,明微电子,19829.0,55.72,57.17,-2.54,6132801741.0,4.66,83.006,4.781,0.869
SH600287,苏豪时尚,19826.0,5.04,5.01,0.6,2201452213.0,0.93,103.944,1.002,
SH688660,电气风电,19826.0,8.7,8.9,-2.25,11600000580.0,2.13,-9.268,3.212,
SH603001,奥康国际,19809.0,11.4,11.33,0.62,4571172000.0,2.58,-34.787,1.937,
SH688353,华盛锂电,19800.0,87.18,86.21,1.13,13905210000.0,5.71,46.424,3.809,0.334
SH603610,麒盛科技,19777.0,12.74,12.96,-1.7,4497113252.0,1.45,158.92,1.479,1.099
SH605168,三人行,19769.0,52.1,47.36,10.01,10983564971.0,4.1,88.156,4.144,1.382
SH600080,ST金花,19746.0,4.63,4.58,1.09,1728241420.0,0.71,169.908,1.085,
SH603115,海星股份,19669.0,64.11,66.3,-3.3,15680190486.0,3.42,64.22,7.419,0.925
SH603333,福华尚纬,19664.0,9.01,9.0,0.11,6713904728.0,1.37,-1319.877,2.306,
SH688031,星环科技-U,19659.0,84.82,86.26,-1.67,11463144451.0,5.6,-53.302,13.706,
SH601187,厦门银行,19598.0,6.83,6.89,-0.87,18025243475.0,0.9,6.628,0.656,1.611
SH600229,城市传媒,19588.0,5.91,5.67,4.23,3904783003.0,1.53,-8.493,1.439,
SH600851,海欣股份,19585.0,7.82,7.66,2.09,9439183331.0,0.88,47.715,1.875,0.639
SH600094,大名城,19581.0,4.43,4.39,0.91,10299528699.0,2.29,85.77,1.001,
SH603811,诚意药业,19576.0,7.07,6.92,2.17,3239658159.0,1.24,18.245,2.283,3.027
SH603171,税友股份,19569.0,39.8,37.44,6.3,16154422000.0,1.56,101.451,6.323,0.503
SH600444,国机通用,19527.0,14.45,14.5,-0.34,2115796917.0,1.76,35.832,2.771,1.107
SH601228,广州港,19522.0,3.14,3.16,-0.63,23689828442.0,0.41,28.687,1.097,1.529
SH688136,科兴制药,19522.0,23.24,23.36,-0.51,4694131400.0,3.7,22.442,2.554,1.054
SH601077,渝农商行,19520.0,6.67,6.78,-1.62,75751190000.0,1.07,6.013,0.541,4.813
SH601860,紫金银行,19518.0,2.58,2.59,-0.39,9445649035.0,2.0,7.409,0.446,3.876
SH600861,北京人力,19442.0,12.88,12.81,0.55,7291531808.0,0.37,9.509,1.022,8.02
SH603931,格林达,19372.0,30.4,31.24,-2.69,6066574752.0,2.35,49.702,2.838,0.822
SH603022,新通联,19307.0,9.03,9.08,-0.55,1806000000.0,1.78,30.068,2.124,1.107
SH688052,纳芯微,19306.0,206.77,209.77,-1.43,33807979922.0,2.18,-405.991,4.343,
SH600461,洪城环境,19290.0,8.92,8.89,0.34,11814242108.0,1.5,10.133,1.156,5.078
SH603051,鹿山新材,19199.0,22.6,23.5,-3.83,3680023450.0,4.14,-82.504,2.117,
SH603080,新疆火炬,19145.0,20.13,20.4,-1.32,2848395000.0,2.0,13.354,1.77,2.583
SH600202,哈空调,19133.0,5.21,5.16,0.97,1997204901.0,1.68,-53.134,2.53,
SH601199,江南水务,19084.0,6.27,6.21,0.97,5863768531.0,1.29,16.59,1.251,1.914
SH600724,宁波富达,19082.0,5.02,4.98,0.8,7255110176.0,0.64,39.127,2.58,2.39
SH688808,联讯仪器,19069.0,1390.0,1420.0,-2.11,211205867130.0,5.29,308.672,62.346,
SH688277,天智航-U,19060.0,14.85,14.86,-0.07,6926706156.0,1.13,-35.466,5.805,
SH600841,动力新科,19040.0,5.66,5.68,-0.35,7855071297.0,1.29,2.415,1.217,
SH900948,伊泰B股,19004.0,3.847,3.818,0.76,11268893157.0,0.18,10.625,1.599,7.616
SH603199,九华旅游,18994.0,31.65,31.39,0.83,3503022000.0,0.97,15.7,2.037,2.433
SH603335,迪生力,18967.0,5.99,5.95,0.67,2564586154.0,2.23,39.458,9.912,
SH603339,四方科技,18929.0,12.08,12.08,0.0,3738049394.0,2.19,21.811,1.34,1.283
SH600658,电子城,18919.0,4.19,4.13,1.45,4686871339.0,1.54,-2.481,0.944,
SH600455,博通股份,18914.0,24.71,24.52,0.77,1543337180.0,2.42,31.868,4.301,
SH688316,青云科技-U,18890.0,44.33,45.44,-2.44,2124383147.0,5.03,-35.64,68.106,
SH688372,伟测科技,18868.0,93.42,96.38,-3.07,15795343364.0,4.96,43.702,3.714,0.586
SH603058,永吉股份,18834.0,8.66,8.39,3.22,3591247355.0,2.17,33.396,3.193,
SH600215,派斯林,18827.0,6.09,6.06,0.5,2782416739.0,1.67,-8.172,1.146,
SH601061,中信金属,18795.0,10.99,10.87,1.1,53851000000.0,0.28,13.759,2.174,2.002
SH600382,广东明珠,18725.0,5.69,5.67,0.35,3688924418.0,1.51,21.521,1.295,7.258
SH688617,惠泰医疗,18643.0,242.85,244.4,-0.63,34370356992.0,0.82,36.847,11.133,0.405
SH603367,辰欣药业,18623.0,14.68,14.44,1.66,6646430614.0,2.0,14.559,1.041,2.561
SH603959,ST百利,18580.0,4.27,4.22,1.18,2093576696.0,0.82,-9.015,-25.417,
SH600097,开创国际,18559.0,9.36,9.21,1.63,2255166192.0,1.26,141.095,1.02,1.068
SH688399,硕世生物,18551.0,29.92,27.22,9.92,3713973998.0,6.49,-145.609,1.262,
SH600579,中化装备,18541.0,7.04,7.01,0.43,3474949343.0,0.85,-21.002,2.31,
SH600738,丽尚国潮,18540.0,4.3,4.18,2.87,3273741515.0,1.72,17.442,1.535,2.488
SH601577,长沙银行,18473.0,9.72,9.88,-1.62,39089502489.0,0.87,4.695,0.515,4.63
SH688023,安恒信息,18414.0,48.81,44.48,9.73,4987168730.0,6.46,-125.959,2.319,
SH603630,拉芳家化,18414.0,16.27,15.81,2.91,3664078517.0,13.47,-10972.695,1.925,0.424
SH688469,芯联集成-U,18381.0,8.58,8.36,2.63,71923455936.0,2.39,-491.888,5.387,
SH688425,铁建重工,18343.0,3.97,3.96,0.25,21173983090.0,0.28,16.909,1.136,2.116
SH600173,卧龙新能,18334.0,5.93,5.89,0.68,4154002027.0,0.82,-16.38,1.16,
SH603165,荣晟环保,18304.0,13.79,13.88,-0.65,4312524333.0,2.39,14.417,1.753,12.328
SH603031,安孚科技,18301.0,33.35,33.9,-1.62,12467762433.0,2.56,39.468,4.329,0.249
SH688039,当虹科技,18281.0,33.81,32.54,3.9,3739434145.0,3.79,-31.902,3.632,
SH601188,龙江交通,18248.0,2.91,2.89,0.69,3798917453.0,1.14,23.986,0.829,1.787
SH603607,京华激光,18244.0,21.68,22.05,-1.68,3870244224.0,2.85,36.272,3.862,2.306
SH688502,茂莱光学,18150.0,369.2,373.1,-1.05,19494133630.0,2.73,122974.644,16.45,0.076
SH603023,威帝股份,18141.0,4.02,3.99,0.75,2243631976.0,1.89,-540.438,2.931,
SH603279,景津装备,18087.0,11.25,11.09,1.44,6484196250.0,1.3,15.931,1.422,7.111
SH688411,海博思创,18085.0,159.47,163.8,-2.64,29096072697.0,2.48,22.955,5.624,0.997
SH605598,上海港湾,18047.0,23.48,23.86,-1.59,5655595879.0,1.2,-177.888,3.561,0.349
SH600858,银座股份,18027.0,5.05,4.9,3.06,2626336274.0,2.09,89.551,0.955,0.396
SH688312,燕麦科技,17984.0,41.86,42.8,-2.2,6159911607.0,5.07,50.163,4.138,1.307
SH600235,民丰特纸,17977.0,5.95,5.94,0.17,2090235000.0,1.64,262.048,1.382,0.42
SH688320,禾川科技,17958.0,32.17,33.0,-2.52,4858109700.0,2.27,-70.221,3.915,
SH600778,友好集团,17892.0,5.82,5.71,1.93,1812879669.0,3.38,129.116,7.366,
SH600796,钱江生化,17834.0,5.19,5.12,1.37,4497580126.0,1.72,32.827,1.289,0.597
SH603602,纵横通信,17711.0,12.25,12.18,0.57,2830454302.0,4.15,-17.707,3.103,
SH603729,ST龙韵,17699.0,12.58,12.49,0.72,1159436958.0,1.58,-11.694,4.159,
SH603822,ST嘉澳,17698.0,67.58,68.0,-0.62,5191893376.0,0.91,29.376,11.508,0.181
SH688779,五矿新能,17667.0,8.0,7.64,4.71,15433761408.0,3.02,24.402,2.11,0.513
SH600560,金自天正,17663.0,11.39,11.37,0.18,2547322245.0,0.97,53.389,2.551,0.623
SH600939,重庆建工,17659.0,2.66,2.64,0.76,5060583351.0,0.5,-4.244,0.741,
SH688206,概伦电子,17637.0,33.74,33.07,2.03,17916414047.0,1.74,-959.804,4.249,0.074
SH600538,国发股份,17477.0,4.82,4.78,0.84,2526636037.0,1.36,-27.138,3.735,
SH688508,芯朋微,17431.0,73.48,72.85,0.86,9730247024.0,4.44,38.402,3.362,0.606
SH603038,华立股份,17427.0,15.24,15.24,0.0,4094639095.0,2.23,51.495,2.87,0.328
SH605296,神农集团,17403.0,29.92,30.22,-0.99,15744820091.0,0.65,-18.362,3.797,
SH688062,迈威生物-U,17386.0,24.78,24.33,1.85,11069974356.0,3.53,-11.78,12.673,
SH603722,阿科力,17384.0,27.72,27.86,-0.5,2708801754.0,1.24,-52.976,3.069,
SH688686,奥普特,17376.0,120.11,123.64,-2.86,14681700500.0,1.45,69.687,4.604,0.612
SH605016,百龙创园,17347.0,20.28,20.22,0.3,8517849850.0,0.64,20.805,4.051,1.183
SH603086,先达股份,17346.0,6.11,6.21,-1.61,2656708304.0,4.34,36.364,1.246,1.637
SH603365,水星家纺,17341.0,17.1,16.41,4.2,4488686730.0,1.36,10.794,1.453,6.918
SH603569,长久物流,17336.0,5.96,5.92,0.68,3596903216.0,0.57,-39.925,1.472,5.705
SH688728,格科微,17334.0,13.08,13.16,-0.61,34015673604.0,0.93,1212.083,4.302,
SH605108,同庆楼,17303.0,12.28,12.0,2.33,3192800000.0,1.01,101.273,1.378,0.977
SH603900,莱绅通灵,17274.0,6.51,6.25,4.16,2232303998.0,4.34,122.385,1.139,1.536
SH603016,新宏泰,17260.0,31.57,31.68,-0.35,4677411200.0,2.19,87.135,5.74,1.077
SH688160,步科股份,17235.0,88.92,87.61,1.5,8121593208.0,1.37,98.199,6.065,0.335
SH688147,微导纳米,17220.0,89.01,89.25,-0.27,41342470784.0,2.27,319.339,13.701,0.161
SH603017,中衡设计,17181.0,10.0,10.01,-0.1,2761902930.0,2.24,47.365,1.845,3.46
SH603826,坤彩科技,17176.0,15.0,14.99,0.07,12776400000.0,1.23,374.011,6.481,0.767
SH688028,沃尔德,17164.0,98.8,100.48,-1.67,14913761200.0,5.83,136.418,7.297,0.132
SH688301,奕瑞科技,17071.0,79.99,80.41,-0.52,25069617506.0,1.75,34.766,3.235,0.843
SH603786,科博达,17066.0,37.55,36.4,3.16,15164819085.0,0.56,21.359,2.672,1.651
SH603567,珍宝岛,17051.0,5.4,5.26,2.66,5077270550.0,5.19,-3.256,0.845,
SH600605,汇通能源,17051.0,29.4,29.1,1.03,6064703413.0,2.64,207.116,4.22,0.136
SH603867,新化股份,17045.0,33.9,34.66,-2.19,7372800588.0,3.7,26.859,2.355,1.764
SH603648,畅联股份,16965.0,9.56,9.48,0.84,3464666368.0,0.78,27.714,1.91,3.347
SH688661,和林微纳,16956.0,106.0,92.9,14.1,16100109556.0,6.56,-2104.812,13.319,0.075
SH688261,东微半导,16904.0,67.06,68.38,-1.93,8224595629.0,3.32,65.833,2.718,0.112
SH603590,康辰药业,16895.0,30.98,31.19,-0.67,4996624077.0,3.65,29.281,1.547,1.101
SH688289,圣湘生物,16876.0,17.02,16.49,3.21,9785441424.0,1.21,72.898,1.41,3.073
SH603211,晋拓股份,16865.0,18.35,18.52,-0.92,4987676800.0,1.56,91.788,3.961,0.42
SH688580,伟思医疗,16827.0,41.54,41.62,-0.19,3978339304.0,1.42,23.558,2.352,2.602
SH688009,中国通号,16797.0,4.73,4.71,0.42,50089843870.0,0.32,14.152,1.066,3.594
SH600817,宇通重工,16781.0,9.89,9.85,0.41,5285976007.0,0.51,17.989,2.153,5.035
SH603093,南华期货,16766.0,13.52,13.09,3.28,14035714181.0,2.53,21.818,2.404,0.377
SH603136,天目湖,16757.0,9.11,8.92,2.13,2460854328.0,2.13,31.175,1.818,2.195
SH900905,老凤祥B,16745.0,2.624,2.62,0.15,1372661013.0,0.12,7.351,0.694,8.498
SH688317,之江生物,16724.0,19.19,18.65,2.9,3643100833.0,4.52,-56.017,1.131,
SH600665,天地源,16724.0,3.34,3.35,-0.3,2886169220.0,1.58,-1.689,2.768,
SH603787,新日股份,16596.0,10.5,10.45,0.48,2416509795.0,1.05,104.317,1.594,0.952
SH600099,林海股份,16593.0,9.38,9.35,0.32,2055345600.0,1.39,77.364,3.702,0.48
SH600936,北投科技,16539.0,4.38,4.27,2.58,7319094927.0,2.39,-286.243,7.165,
SH688549,中巨芯-U,16533.0,19.74,20.08,-1.69,29161428240.0,2.4,-2731.447,9.665,
SH688336,三生国健,16495.0,38.1,37.9,0.53,34146188845.0,0.59,11.085,4.015,0.924
SH600928,西安银行,16478.0,3.55,3.57,-0.56,15777777780.0,0.69,5.885,0.435,2.817
SH601996,丰林集团,16461.0,2.88,2.84,1.41,3228233518.0,1.79,-17.012,1.379,
SH688627,精智达,16415.0,402.78,401.47,0.33,40981133046.0,4.16,489.361,8.847,0.051
SH603278,大业股份,16389.0,10.1,10.21,-1.08,3451769859.0,10.8,-28.798,1.82,
SH603608,天创时尚,16364.0,19.35,18.84,2.71,8224324385.0,2.94,229.906,6.927,
SH605577,龙版传媒,16345.0,16.2,14.73,9.98,7200000009.0,8.72,39.406,1.84,0.988
SH603316,诚邦股份,16319.0,14.58,14.64,-0.41,3936585420.0,6.31,-45.373,6.986,
SH603679,华体科技,16316.0,21.92,22.33,-1.84,3894881877.0,4.77,-30.231,4.496,
SH603337,XD杰克科,16280.0,35.02,34.71,0.89,16683110947.0,0.4,19.17,3.086,2.053
SH688626,翔宇医疗,16194.0,40.49,40.33,0.4,6478400000.0,1.71,78.604,3.085,0.435
SH605398,新炬网络,16160.0,23.4,22.87,2.32,3807563269.0,4.54,1565.086,3.716,0.128
SH688308,欧科亿,16159.0,72.6,74.53,-2.59,11527552001.0,4.25,24.334,3.841,0.342
SH603311,金海高科,16111.0,25.0,25.68,-2.65,5897097675.0,1.97,95.823,4.485,0.472
SH601279,英利汽车,16108.0,3.62,3.61,0.28,5740545266.0,0.85,-44.354,1.402,
SH603889,新澳股份,16102.0,6.34,6.24,1.6,6017957646.0,1.27,11.251,1.601,4.243
SH603208,江山欧派,16101.0,11.35,11.4,-0.44,1996230588.0,1.23,-6.709,2.085,
SH603330,天洋新材,16082.0,8.92,9.06,-1.55,3859448949.0,6.55,-16.971,2.929,
SH688105,诺唯赞,16081.0,26.6,26.2,1.53,13751802702.0,3.59,-1566.229,3.809,1.444
SH603006,XD联明股,16071.0,10.61,10.77,-1.49,2697637593.0,1.33,26.623,2.074,4.618
SH600469,风神股份,16027.0,5.02,4.93,1.83,4467974756.0,0.82,18.694,0.962,1.992
SH601963,重庆银行,16007.0,10.91,11.2,-2.59,39557339552.0,0.86,6.612,0.654,4.042
SH605289,罗曼股份,16000.0,88.45,90.36,-2.11,13498398725.0,1.61,119.319,9.867,0.202
SH603977,国泰集团,15989.0,10.6,10.48,1.15,6585163377.0,0.98,28.766,1.916,1.226
SH688278,特宝生物,15970.0,50.77,50.8,-0.06,20723779900.0,0.51,19.191,6.677,1.211
SH605555,德昌股份,15949.0,11.93,12.09,-1.32,5774943647.0,1.57,67.51,2.018,2.347
SH605218,伟时电子,15944.0,13.42,13.48,-0.45,3258573556.0,2.41,-66.521,1.872,0.149
SH603585,苏利股份,15889.0,10.81,10.63,1.69,2976596317.0,1.42,17.838,1.069,2.35
SH688299,长阳科技,15874.0,12.54,12.8,-2.03,3603906891.0,2.22,-28.815,1.835,
SH603110,东方材料,15844.0,23.38,23.95,-2.38,4704680994.0,4.7,1196.924,6.694,
SH603557,*ST起步,15802.0,3.1,3.12,-0.64,1932654353.0,0.66,-13.577,45.521,
SH603915,国茂股份,15795.0,12.88,12.81,0.55,8602326342.0,0.97,32.287,2.253,1.708
SH603012,创力集团,15791.0,8.55,8.61,-0.7,5527575000.0,2.24,50.721,1.44,2.339
SH603815,交建股份,15784.0,5.02,5.07,-0.99,3106999660.0,1.74,-3.727,1.968,
SH601921,浙版传媒,15761.0,7.73,7.45,3.76,17177777784.0,0.66,13.681,1.181,4.14
SH600232,金鹰股份,15749.0,6.86,6.88,-0.29,2501969212.0,3.13,50.803,2.58,
SH603324,盛剑科技,15739.0,22.93,23.55,-2.63,3462047528.0,2.64,-22.019,2.071,
SH603759,海天股份,15716.0,7.96,8.15,-2.33,3675609600.0,1.4,24.632,1.268,1.445
SH603727,博迈科,15687.0,20.93,20.25,3.36,5896384468.0,4.92,-275.812,1.909,0.707
SH600725,云维股份,15636.0,3.33,3.33,0.0,4104125100.0,1.41,-153.743,16.01,
SH603726,朗迪集团,15566.0,23.21,23.22,-0.04,4306831353.0,1.75,17.088,2.806,2.37
SH600568,ST中珠,15520.0,2.26,2.28,-0.88,4503885479.0,0.43,-34.043,2.826,
SH688228,开普云,15451.0,85.98,85.9,0.09,5808014345.0,2.58,-172.215,4.792,
SH605162,新中港,15391.0,10.45,10.35,0.97,4627743950.0,6.0,45.341,2.801,1.512
SH603389,亚振家居,15371.0,43.2,43.5,-0.69,11350886400.0,0.36,-253.389,57.037,
SH688049,炬芯科技,15367.0,42.9,42.45,1.06,7551084856.0,7.92,34.012,3.557,0.601
SH603013,亚普股份,15358.0,14.52,14.29,1.61,7379348069.0,0.62,13.827,1.611,2.755
SH600671,天目药业,15345.0,22.92,22.87,0.22,2791172044.0,2.62,204.077,36.578,
SH605196,华通线缆,15338.0,33.2,34.0,-2.35,16964276409.0,2.23,54.488,4.956,
SH688545,兴福电子,15307.0,64.88,66.27,-2.1,23356800000.0,3.4,103.569,7.864,0.462
SH600955,维远股份,15302.0,13.06,12.59,3.73,7183000000.0,1.17,-8.486,0.951,0.383
SH600319,亚星化学,15290.0,6.32,6.3,0.32,2450323307.0,1.15,-19.608,7.53,
SH603506,南都物业,15285.0,12.06,12.28,-1.79,2264600015.0,2.4,26.643,1.788,1.75
SH603109,神驰机电,15261.0,17.33,17.27,0.35,3619342079.0,0.87,44.549,1.851,1.991
SH603377,ST东时,15243.0,3.07,3.02,1.66,2219092466.0,0.37,-2.66,-26.672,
SH605300,佳禾食品,15196.0,10.61,10.5,1.05,4821169114.0,1.18,102.556,1.683,1.074
SH603917,合力科技,15189.0,13.6,13.74,-1.02,2772224000.0,2.44,175.277,1.679,1.103
SH600168,武汉控股,15142.0,4.43,4.42,0.23,4400751231.0,0.46,41.755,0.811,0.632
SH600731,湖南海利,15109.0,5.93,5.91,0.34,3284344827.0,0.57,18.339,1.007,
SH603359,*ST东珠,15094.0,1.95,1.97,-1.02,869887200.0,1.48,-0.787,0.63,
SH600386,北巴传媒,15059.0,3.59,3.52,1.99,2894976000.0,1.08,-68.232,1.767,
SH601500,通用股份,15039.0,3.9,3.84,1.56,6173702867.0,0.73,22.432,1.031,
SH688179,阿拉丁,14994.0,20.1,20.13,-0.15,7291595233.0,6.83,51.529,5.395,0.667
SH688161,威高骨科,14984.0,22.94,22.3,2.87,9176000000.0,0.48,35.44,2.187,1.43
SH603121,华培动力,14942.0,11.89,11.92,-0.25,4025165871.0,1.66,-59.17,3.672,
SH605188,国光连锁,14924.0,13.84,12.58,10.02,7040387240.0,4.6,403.976,5.674,0.108
SH603639,海利尔,14920.0,10.49,10.45,0.38,3667809996.0,0.32,35.068,1.028,2.86
SH601518,吉林高速,14872.0,2.8,2.78,0.72,5293548873.0,0.64,10.897,0.93,4.643
SH603323,苏农银行,14870.0,4.48,4.54,-1.32,9947372203.0,1.85,4.785,0.499,4.665
SH688418,震有科技,14869.0,27.44,28.17,-2.59,5283699157.0,1.85,-35.367,7.224,
SH603657,春光科技,14845.0,36.65,37.37,-1.93,4954715333.0,4.24,-50.912,5.844,
SH688266,泽璟制药-U,14842.0,104.25,103.29,0.93,27595828391.0,1.27,50.186,16.039,
SH603810,丰山集团,14821.0,12.95,12.41,4.35,2141186942.0,6.06,78.007,1.397,1.375
SH605208,永茂泰,14807.0,14.77,14.51,1.79,4873213800.0,2.26,38.017,2.144,0.406
SH603176,汇通集团,14801.0,5.37,5.26,2.09,2530406856.0,1.09,-52.742,2.425,0.279
SH688432,有研硅,14782.0,45.63,44.93,1.56,57051273781.0,4.6,241.289,12.502,0.121
SH600302,ST标准,14767.0,6.8,6.76,0.59,2352866667.0,0.81,-13.399,5.029,
SH688520,神州细胞,14751.0,36.22,34.7,4.38,17035559561.0,0.87,-18.997,-114.984,
SH600241,时代万恒,14728.0,11.76,10.69,10.01,3460992872.0,1.99,-23.305,3.385,
SH603730,岱美股份,14697.0,9.66,9.68,-0.21,20755414958.0,0.92,24.747,4.458,2.588
SH605007,五洲特纸,14682.0,15.35,15.12,1.52,7302455546.0,1.36,20.688,2.002,1.042
SH603421,鼎信通讯,14678.0,6.18,6.11,1.15,4030537358.0,2.84,-6.547,1.751,
SH603798,康普顿,14604.0,14.31,14.19,0.85,3669794492.0,2.43,90.265,3.021,0.692
SH603079,圣达生物,14592.0,13.31,13.32,-0.08,2515984295.0,2.93,56.063,1.585,0.744
SH603181,皇马科技,14571.0,12.32,12.24,0.65,7252784000.0,0.64,16.117,2.008,1.802
SH603076,乐惠国际,14568.0,20.12,19.97,0.75,2428511041.0,1.53,122.223,1.899,0.994
SH688137,近岸蛋白,14567.0,161.18,150.0,7.45,11269295075.0,12.58,-136.161,5.639,
SH603683,晶华新材,14567.0,14.7,14.86,-1.08,4283322794.0,5.43,42.878,2.49,0.673
SH688380,中微半导,14560.0,36.55,37.29,-1.98,14633340750.0,2.02,39.621,4.533,0.818
SH688095,福昕软件,14551.0,56.36,52.3,7.76,5149022773.0,3.62,104.923,1.973,0.531
SH603966,法兰泰克,14525.0,7.35,7.57,-2.91,3824902486.0,2.32,16.282,1.835,2.925
SH603061,金海通,14509.0,293.02,296.7,-1.24,25492740000.0,4.01,93.829,13.44,0.089
SH603958,哈森股份,14491.0,17.79,17.71,0.45,3902414400.0,3.0,-165.962,5.93,
SH603955,大千生态,14469.0,24.49,24.55,-0.24,4013795260.0,1.13,-27.294,1.901,
SH600847,万里股份,14464.0,13.18,13.1,0.61,2020327932.0,6.67,-28.426,4.421,
SH601825,沪农商行,14459.0,8.55,8.71,-1.84,82460000005.0,0.25,6.664,0.62,5.193
SH603991,领先股份,14444.0,163.02,163.96,-0.57,24894736924.0,3.37,159.363,6.871,0.006
SH688107,安路科技,14393.0,26.34,26.54,-0.75,11862846919.0,1.56,-58.002,5.59,
SH603860,中公高科,14355.0,26.5,26.37,0.49,1767020000.0,2.64,36.416,2.132,0.774
SH605378,野马电池,14353.0,18.08,17.27,4.69,4725142912.0,10.91,279.247,3.929,0.83
SH688001,华兴源创,14330.0,55.2,56.72,-2.68,26030422169.0,2.63,269.873,6.045,0.132
SH603155,新亚强,14271.0,15.43,14.03,9.98,7065255970.0,6.5,74.276,3.147,1.562
SH603163,圣晖集成,14265.0,69.55,72.0,-3.4,6955000000.0,1.93,42.857,5.948,1.222
SH603519,立霸股份,14257.0,17.17,16.43,4.5,4572848996.0,3.0,25.571,4.303,5.766
SH603326,我乐家居,14256.0,7.6,7.68,-1.04,2425744668.0,1.07,18.365,2.103,3.289
SH688135,利扬芯片,14226.0,34.93,35.31,-1.08,8142320659.0,4.9,615.028,5.098,
SH603196,璞源材料,14113.0,17.73,17.44,1.66,7423328311.0,1.15,191.015,3.658,
SH688286,敏芯股份,14085.0,47.19,47.86,-1.4,3695753795.0,5.65,-376.471,3.567,0.407
SH603458,勘设股份,14054.0,10.99,10.77,2.04,3364308409.0,3.97,-8.037,1.365,
SH688177,百奥泰,14020.0,19.3,19.23,0.36,7991744000.0,1.35,-17.412,64.484,
SH605368,蓝天燃气,13929.0,6.84,6.84,0.0,4888180904.0,0.49,20.687,1.441,
SH688698,伟创电气,13915.0,39.4,39.72,-0.81,8472307056.0,1.52,36.501,3.516,0.881
SH688258,卓易信息,13877.0,79.6,78.82,0.99,9642922065.0,2.78,60.704,9.717,0.246
SH601326,秦港股份,13845.0,3.65,3.6,1.39,20394053800.0,0.75,12.478,0.98,3.151
SH603855,华荣股份,13823.0,16.73,16.79,-0.36,5646559030.0,0.59,15.734,2.435,5.923
SH601827,三峰环境,13823.0,8.04,7.9,1.77,13442343732.0,0.82,11.082,1.096,3.308
SH688332,中科蓝讯,13816.0,77.27,79.88,-3.27,13791561913.0,2.45,7.819,2.422,1.748
SH600615,鑫源智造,13791.0,9.89,9.66,2.38,2231427393.0,4.45,-100.376,3.111,
SH603950,长源东谷,13782.0,49.26,50.4,-2.26,15966683208.0,1.87,40.762,5.087,0.264
SH603687,大胜达,13670.0,13.77,13.76,0.07,7573938767.0,3.07,91.827,2.303,0.305
SH603758,秦安股份,13665.0,10.31,10.37,-0.58,4465426465.0,1.61,38.055,1.728,
SH603689,皖天然气,13661.0,7.85,7.85,0.0,4127637168.0,0.99,11.959,1.109,4.459
SH688248,南网科技,13622.0,52.0,48.13,8.04,29364400000.0,0.9,72.959,8.859,0.563
SH603755,日辰股份,13600.0,26.53,26.13,1.53,2616220957.0,1.51,33.378,3.395,1.858
SH688408,中信博,13599.0,22.7,22.58,0.53,4972795612.0,1.34,-13.377,1.28,
SH605005,合兴股份,13596.0,15.98,15.9,0.5,6407980000.0,0.27,35.471,3.086,1.252
SH688365,光云科技,13551.0,15.17,14.46,4.91,6466829676.0,4.48,-2777.852,6.7,
SH603183,建研院,13458.0,5.06,5.19,-2.5,2515595450.0,12.91,-1240.819,1.577,0.099
SH603701,德宏股份,13427.0,19.45,18.95,2.64,5083488974.0,1.77,367.24,6.315,0.206
SH688306,均普智能,13342.0,9.29,9.52,-2.42,11410747212.0,1.13,791.457,6.616,0.086
SH603527,众源新材,13334.0,9.71,9.71,0.0,3077790352.0,2.04,101.496,1.456,1.03
SH603980,吉华集团,13330.0,9.27,9.0,3.0,6274245247.0,8.18,64.681,1.621,1.586
SH600051,宁波联合,13262.0,6.38,6.39,-0.16,1983414400.0,1.94,29.311,0.581,0.94
SH603097,江苏华辰,13235.0,18.31,18.9,-3.12,4210134440.0,0.86,211.287,3.969,0.584
SH603315,福鞍股份,13232.0,10.35,10.46,-1.05,3315790832.0,1.82,124.483,1.918,0.435
SH603682,锦和商管,13215.0,9.01,9.12,-1.21,4257225000.0,5.17,-24.829,6.411,2.442
SH688518,联赢激光,13147.0,19.32,19.41,-0.46,6594400835.0,2.57,31.745,1.994,1.19
SH605339,南侨食品,13146.0,13.48,13.36,0.9,5719437504.0,0.3,783.328,1.678,0.223
SH688117,圣诺生物,13145.0,18.03,17.98,0.28,3972736853.0,3.71,19.459,3.473,1.392
SH603856,东宏股份,13136.0,11.75,11.84,-0.76,3314158705.0,0.93,13.229,1.198,1.949
SH603586,金麒麟,13115.0,13.84,13.74,0.73,2713370475.0,0.9,59.029,1.207,3.974
SH605118,力鼎光电,13092.0,30.48,31.06,-1.87,12533955120.0,0.98,40.718,7.723,1.148
SH605222,起帆电缆,13084.0,21.43,21.6,-0.79,8848650199.0,1.5,43.478,1.85,0.28
SH688772,珠海冠宇,13071.0,13.94,13.9,0.29,15867617959.0,1.55,104.651,2.333,2.116
SH603341,龙旗科技,13035.0,34.47,33.95,1.53,18000325139.0,2.57,37.866,2.465,1.451
SH605266,健之佳,12969.0,16.23,16.06,1.06,2508231721.0,1.13,19.38,0.988,7.505
SH688155,先惠技术,12911.0,56.25,56.96,-1.25,7163991169.0,3.97,17.485,2.933,2.124
SH603956,威派格,12894.0,6.97,6.81,2.35,3972246813.0,2.73,-19.597,2.236,
SH688348,昱能科技,12884.0,30.84,30.1,2.46,4819596095.0,1.03,-13.937,1.477,
SH605116,奥锐特,12877.0,20.02,19.84,0.91,8131788345.0,0.68,21.798,3.061,1.688
SH688639,华恒生物,12853.0,19.34,18.76,3.09,4837237503.0,3.86,40.863,1.787,0.827
SH603090,宏盛股份,12846.0,34.7,34.9,-0.57,3470000000.0,4.24,51.828,5.466,0.865
SH603577,汇金通,12795.0,9.35,9.63,-2.91,3170950585.0,0.99,40.295,1.604,0.652
SH688097,博众精工,12766.0,38.77,39.6,-2.1,17338937985.0,1.28,25.206,3.41,0.382
SH603385,惠达卫浴,12723.0,5.68,5.58,1.79,2162177018.0,1.35,-7.507,0.623,
SH688218,江苏北人,12714.0,39.56,41.0,-3.51,4607764371.0,3.72,-111.589,5.227,
SH603329,上海雅仕,12713.0,10.1,10.23,-1.27,2525516868.0,1.85,19.175,1.648,0.455
SH603261,立航科技,12691.0,49.26,47.61,3.47,3817897384.0,2.44,-20.486,7.794,
SH688416,恒烁股份,12666.0,65.6,66.97,-2.05,7076973526.0,5.13,63.799,4.943,
SH603681,永冠新材,12640.0,18.14,18.41,-1.47,4312636796.0,2.56,23.255,1.242,0.529
SH603948,建业股份,12614.0,20.62,20.79,-0.82,3350526624.0,3.92,21.348,1.642,4.85
SH601022,宁波远洋,12611.0,8.37,8.46,-1.06,12170290008.0,0.73,19.659,1.627,1.529
SH605183,确成股份,12610.0,16.59,16.43,0.97,6887909279.0,0.39,17.319,1.858,2.7
SH603055,台华新材,12601.0,9.7,9.45,2.65,8635850500.0,1.0,14.645,1.573,1.856
SH605100,华丰股份,12582.0,41.11,38.4,7.06,9826194420.0,5.49,344.12,5.444,0.122
SH603706,东方环宇,12578.0,17.43,17.56,-0.74,3300940705.0,0.8,15.344,1.947,5.164
SH688221,前沿生物-U,12567.0,15.85,15.85,0.0,5937071650.0,3.84,-272.708,5.743,
SH688591,泰凌微,12543.0,29.71,29.22,1.68,7176864331.0,4.66,57.441,2.846,0.885
SH605336,*ST帅电,12523.0,11.6,11.65,-0.43,2127584420.0,0.59,-30.541,1.181,
SH600423,*ST柳化,12518.0,2.69,2.67,0.75,2148489620.0,0.23,-143.503,3.972,
SH600356,恒丰纸业,12513.0,10.73,10.8,-0.65,3535926688.0,5.53,16.464,1.15,1.771
SH688783,西安奕材-U,12490.0,24.05,25.01,-3.84,97109090000.0,8.21,-141.313,7.995,
SH600768,富邦新材,12481.0,14.68,14.75,-0.47,1963408896.0,1.67,18.278,4.078,0.341
SH603937,丽岛新材,12468.0,13.16,13.16,0.0,2749019615.0,7.2,117.15,1.766,
SH688707,振华新材,12443.0,11.16,11.12,0.36,5677540688.0,3.53,-14.587,1.489,
SH605286,同力天启,12397.0,24.7,25.2,-1.98,4149600000.0,1.48,40.512,1.921,0.243
SH688133,泰坦科技,12394.0,21.15,20.64,2.47,3477842064.0,3.64,-41.715,1.282,
SH603615,茶花股份,12371.0,18.14,18.23,-0.49,4386614800.0,1.15,234.974,3.822,0.11
SH603213,镇洋发展,12345.0,13.86,13.7,1.17,6166344728.0,0.53,222.271,3.412,1.789
SH605258,协和电子,12343.0,38.04,38.48,-1.14,3347520000.0,6.77,50.718,2.795,1.314
SH688196,卓越新能,12319.0,36.63,36.12,1.41,4658998821.0,6.48,87.455,1.499,1.365
SH688716,中研股份,12278.0,24.64,24.59,0.2,2998195200.0,2.33,-369.068,2.615,0.812
SH605580,恒盛能源,12244.0,20.28,20.2,0.4,5678400000.0,2.86,31.208,5.486,1.479
SH605167,利柏特,12242.0,15.22,15.33,-0.72,7760793581.0,0.82,40.713,2.732,0.296
SH688375,国博电子,12234.0,67.59,69.2,-2.33,40284647091.0,0.94,99.639,6.382,0.63
SH688548,广钢气体,12170.0,28.88,29.17,-0.99,38104229286.0,1.54,89.862,6.165,0.478
SH605178,时空科技,12127.0,61.9,62.87,-1.54,6133052000.0,3.2,-29.67,5.754,
SH688207,格灵深瞳,12078.0,18.4,18.08,1.77,4765105905.0,4.06,-23.646,1.931,
SH603081,大丰实业,12072.0,9.46,9.44,0.21,3996841950.0,0.72,60.632,1.24,0.634
SH603676,卫信康,12072.0,9.18,9.05,1.44,3994782570.0,0.63,20.699,2.593,3.54
SH603238,诺邦股份,12056.0,12.73,12.77,-0.31,2259689570.0,1.31,21.549,1.544,2.357
SH603633,徕木股份,12043.0,6.13,6.13,0.0,2616350314.0,2.14,-10.811,1.525,
SH603970,中农立华,12025.0,11.95,11.68,2.31,3212161601.0,2.6,20.794,2.008,2.678
SH688192,迪哲医药-U,12003.0,59.95,58.3,2.83,27886692228.0,1.71,-46.706,24.678,
SH688655,迅捷兴,11957.0,66.1,67.81,-2.52,8817079000.0,11.57,-1648.253,13.097,
SH603162,海通发展,11949.0,13.23,13.5,-2.0,18196726757.0,2.74,20.183,3.734,0.506
SH688692,达梦数据,11938.0,187.59,175.7,6.77,21242691600.0,1.83,39.857,5.481,0.906
SH688059,华锐精密,11931.0,77.28,80.2,-3.64,10817768388.0,3.15,31.908,4.975,1.074
SH603101,汇嘉时代,11911.0,7.99,7.26,10.06,3758496000.0,3.99,34.799,2.562,1.239
SH603459,红板科技,11870.0,73.51,75.11,-2.13,55408426254.0,8.42,66.038,12.34,
SH603215,比依股份,11824.0,15.31,15.24,0.46,3285450644.0,1.03,-682.871,1.763,1.502
SH603700,宁水集团,11797.0,11.49,11.63,-1.2,2297562622.0,2.33,34.091,1.436,2.585
SH605028,世茂能源,11775.0,23.15,23.43,-1.2,3704000000.0,0.64,32.577,2.893,3.888
SH688089,ST嘉必优,11774.0,8.44,8.33,1.32,1404078425.0,0.66,-21.666,0.928,
SH603995,甬金股份,11754.0,25.03,25.25,-0.87,9101146861.0,1.47,15.084,1.532,3.196
SH603239,浙江仙通,11712.0,14.37,13.58,5.82,3890246400.0,2.51,19.895,2.93,2.088
SH688798,艾为电子,11703.0,50.75,51.31,-1.09,11831306849.0,2.57,46.332,2.819,0.847
SH605567,春雪食品,11696.0,9.68,9.73,-0.51,1926320000.0,2.6,42.15,1.742,1.043
SH601019,山东出版,11679.0,7.06,6.8,3.82,14733514000.0,0.72,12.898,0.947,4.108
SH688323,瑞华泰,11643.0,22.45,22.98,-2.31,4498941543.0,4.93,-46.039,3.706,
SH605599,菜百股份,11626.0,14.35,13.4,7.09,11161111430.0,1.29,10.045,2.523,5.436
SH688680,海优新材,11575.0,37.64,38.09,-1.18,3672570859.0,1.77,-9.015,2.222,
SH603053,成都燃气,11561.0,8.82,8.83,-0.11,7840009800.0,0.24,17.206,1.61,3.401
SH688531,日联科技,11489.0,115.93,119.33,-2.85,19197305348.0,3.43,86.759,5.597,0.514
SH603903,中持股份,11419.0,13.1,13.07,0.23,3344685188.0,4.31,-33.03,2.345,
SH603656,泰禾智能,11417.0,17.09,17.18,-0.52,3126536168.0,1.23,92.63,2.354,0.287
SH603879,永悦科技,11411.0,4.99,5.01,-0.4,1793128756.0,2.42,-29.985,7.545,
SH600927,永安期货,11405.0,12.16,11.94,1.84,17637407017.0,0.41,22.89,1.334,1.151
SH688326,经纬恒润-W,11331.0,55.88,54.88,1.82,6701818042.0,1.2,-34.406,1.802,0.503
SH603380,易德龙,11319.0,30.68,31.16,-1.54,4922336016.0,1.85,22.06,3.101,1.952
SH688328,深科达,11296.0,73.05,74.91,-2.48,6943862350.0,7.55,106.4,7.862,0.218
SH688631,莱斯信息,11238.0,36.22,35.61,1.71,5920883400.0,0.87,122.337,3.199,0.469
SH603070,万控智造,11235.0,11.2,11.44,-2.1,4491200000.0,0.82,172.135,2.108,0.714
SH688229,博睿数据,11221.0,58.97,57.24,3.02,2618268000.0,1.91,-24.64,7.665,
SH603221,爱丽家居,11138.0,25.43,24.29,4.69,6160926100.0,5.47,-124.673,3.983,0.118
SH688033,*ST天宜,11124.0,7.32,7.24,1.1,4115293723.0,0.46,-1.881,3.295,
SH603488,展鹏科技,11123.0,7.62,7.61,0.13,2224967153.0,2.79,-13.508,2.923,
SH603161,科华控股,11102.0,14.18,14.31,-0.91,3178607986.0,1.31,83.415,1.766,1.023
SH688449,联芸科技,11099.0,52.23,52.55,-0.61,24025800000.0,2.27,39.674,9.879,0.096
SH603132,金徽股份,11080.0,17.61,17.86,-1.4,17222580000.0,0.76,24.675,5.079,3.18
SH688475,萤石网络,10990.0,27.63,26.68,3.56,21758625000.0,0.53,32.295,3.697,1.448
SH603717,天域生物,10980.0,6.06,6.02,0.66,1758286214.0,3.13,-10.217,5.189,
SH688010,福光股份,10977.0,24.73,25.63,-3.51,3970687824.0,3.1,139.491,2.31,
SH605169,洪通燃气,10954.0,13.2,13.52,-2.37,3734016000.0,1.83,25.288,1.814,1.485
SH688077,大地熊,10950.0,26.71,26.9,-0.71,3057720842.0,2.57,43.994,2.759,0.794
SH605228,神通科技,10920.0,11.53,11.25,2.49,5530425828.0,1.4,34.301,2.415,1.587
SH688337,普源精电,10880.0,42.9,44.0,-2.5,9381226869.0,4.28,87.662,2.669,0.828
SH603878,武进不锈,10872.0,4.89,4.88,0.2,2744023432.0,1.65,-60.95,1.084,1.022
SH688181,八亿时空,10850.0,38.61,39.7,-2.75,5136282933.0,5.75,54.703,2.493,0.479
SH688186,广大特材,10835.0,14.23,14.16,0.49,3991363536.0,1.31,120.451,0.868,
SH688615,合合信息,10835.0,83.52,79.26,5.37,16369920000.0,3.46,35.169,5.514,1.412
SH688389,普门科技,10818.0,11.32,11.37,-0.44,4850458464.0,0.6,34.178,2.335,2.491
SH603112,华翔股份,10811.0,16.45,16.65,-1.2,8882365046.0,1.73,16.786,1.967,2.426
SH603895,天永智能,10808.0,25.29,25.35,-0.24,2733343200.0,0.87,161.037,13.16,
SH601528,瑞丰银行,10799.0,5.12,5.15,-0.58,10046266342.0,1.22,5.089,0.492,6.055
SH688085,三友医疗,10771.0,13.26,12.99,2.08,4863883998.0,0.83,89.655,2.27,0.128
SH601568,北元化工,10758.0,3.59,3.57,0.56,14260277784.0,0.55,332.06,1.269,1.393
SH688538,和辉光电-U,10717.0,2.1,2.06,1.94,28999819013.0,1.27,-14.289,4.048,
SH603332,苏州龙杰,10689.0,12.02,12.19,-1.39,2600493152.0,1.77,26.537,1.991,2.321
SH688677,海泰新光,10670.0,68.85,69.32,-0.68,8253531450.0,4.47,47.819,6.164,0.86
SH600539,狮头股份,10664.0,13.37,13.3,0.53,3075100000.0,3.61,-141.422,10.23,
SH688456,有研粉材,10598.0,62.97,64.59,-2.51,6527470200.0,5.19,72.914,5.086,0.376
SH688550,瑞联新材,10560.0,34.48,35.3,-2.32,6070828640.0,1.7,22.299,1.828,2.926
SH601113,华鼎股份,10545.0,3.54,3.49,1.43,4793698880.0,0.98,40.332,1.002,
SH605369,拱东医疗,10516.0,17.66,17.73,-0.39,3881721492.0,0.81,69.502,2.291,0.849
SH605186,健麾信息,10513.0,24.77,24.27,2.06,3368720000.0,1.48,102.52,3.035,
SH605098,行动教育,10478.0,56.1,54.02,3.85,6689986710.0,1.2,18.571,6.411,3.907
SH603358,华达科技,10472.0,43.06,44.49,-3.21,20227136853.0,1.51,-708.735,5.919,0.952
SH688275,万润新能,10470.0,70.51,69.98,0.76,8892612826.0,4.28,21.712,1.584,
SH688788,科思科技,10425.0,26.6,27.37,-2.81,5822850949.0,1.51,-16.238,3.521,
SH605066,天正电气,10413.0,6.84,6.72,1.79,3436642575.0,1.93,77.621,2.03,1.462
SH688172,燕东微,10410.0,39.55,40.35,-1.98,56462295736.0,1.22,-58.21,3.118,
SH603551,奥普科技,10360.0,9.56,9.49,0.74,3677575694.0,0.92,13.54,2.869,8.347
SH603511,爱慕股份,10356.0,12.97,12.88,0.7,5264189827.0,0.41,30.096,1.213,4.765
SH688159,有方科技,10355.0,35.15,34.67,1.38,3262296808.0,4.89,85.012,3.297,
SH603096,新经典,10343.0,17.33,15.75,10.03,2672886034.0,2.8,35.98,1.476,3.462
SH688530,欧莱新材,10299.0,48.78,50.66,-3.71,7806986515.0,10.68,214.686,8.914,
SH688070,纵横股份,10297.0,33.96,33.52,1.31,3002760180.0,2.07,138.079,5.063,
SH688809,强一股份,10263.0,479.6,470.0,2.04,62136640280.0,6.44,129.6,14.926,0.209
SH603839,安正时尚,10257.0,6.83,6.8,0.44,2643320646.0,1.26,-19.459,1.531,
SH688403,汇成股份,10249.0,18.83,19.58,-3.83,18700038560.0,5.48,293.55,4.141,0.266
SH603230,内蒙新华,10233.0,13.3,13.02,2.15,4701855900.0,15.45,65.177,1.717,1.128
SH900932,陆家B股,10225.0,0.404,0.413,-2.18,2034202086.0,0.28,8.971,0.534,4.455
SH688663,新风光,10221.0,55.4,55.6,-0.36,10814459213.0,1.25,124.783,7.783,0.282
SH688717,艾罗能源,10190.0,40.33,40.73,-0.98,6452800000.0,6.12,-115.238,1.491,
SH688276,百克生物,10180.0,17.79,17.33,2.65,7358968668.0,0.95,-30.522,1.939,
SH688022,ST瀚川,10177.0,10.47,9.81,6.73,1784705521.0,6.53,121.392,2.768,
SH688560,明冠新材,10167.0,12.84,12.86,-0.16,2584716627.0,1.72,-24.341,1.009,
SH603967,中创物流,10120.0,12.66,12.58,0.64,4388800549.0,1.59,14.974,1.887,5.134
SH603709,中源家居,10105.0,12.53,12.75,-1.73,2045335289.0,2.36,-133.13,4.006,0.886
SH688523,航天环宇,10092.0,36.34,37.75,-3.74,14786019200.0,0.85,876.592,8.784,
SH605001,威奥股份,10076.0,5.85,5.82,0.52,2298383100.0,1.5,1413.659,0.872,1.709
SH603535,嘉诚国际,10075.0,6.37,6.28,1.43,3254549768.0,0.98,-167.214,1.312,0.314
SH601512,中新集团,10071.0,8.34,8.39,-0.6,12500742600.0,0.32,12.819,0.807,2.542
SH605058,澳弘电子,10041.0,53.35,48.5,10.0,7625262790.0,14.82,55.255,4.296,0.937
SH603655,朗博科技,9989.0,29.55,29.95,-1.34,3132300000.0,1.26,69.857,5.591,1.174
SH601096,宏盛华源,9987.0,4.1,4.04,1.49,10968135861.0,1.36,30.774,2.292,1.098
SH603219,富佳股份,9979.0,12.82,13.1,-2.14,7197148000.0,1.25,115.974,4.495,0.39
SH688281,华秦科技,9976.0,47.73,48.2,-0.98,18213717645.0,0.78,54.73,3.764,0.517
SH688199,久日新材,9975.0,26.03,25.41,2.44,4196745344.0,4.83,52.399,1.609,0.231
SH603281,江瀚新材,9975.0,18.95,18.15,4.41,9828167985.0,1.61,25.464,1.976,3.694
SH688484,南芯科技,9944.0,31.25,30.7,1.79,13425333688.0,2.19,188.91,3.322,0.794
SH601083,锦江航运,9895.0,13.38,13.02,2.76,17315325600.0,6.68,11.883,1.872,6.315
SH605507,国邦医药,9883.0,17.31,17.5,-1.09,13542528699.0,1.16,19.166,1.612,2.478
SH688697,纽威数控,9880.0,13.7,14.08,-2.7,8771654228.0,1.26,24.779,4.816,2.343
SH688658,悦康药业,9878.0,13.38,13.18,1.52,6021000000.0,3.22,-22.428,1.876,
SH688818,电科蓝天,9859.0,40.66,41.8,-2.73,70623325367.0,5.5,211.708,12.83,0.184
SH601366,利群股份,9844.0,3.73,3.6,3.61,3579834351.0,1.7,-9.544,0.848,2.681
SH688259,创耀科技,9829.0,30.09,30.9,-2.62,3361053000.0,1.55,57.12,2.135,0.824
SH688678,福立旺,9787.0,28.8,29.24,-1.5,11609467229.0,9.98,82.087,4.971,0.247
SH603059,倍加洁,9736.0,25.73,25.98,-0.96,2588893421.0,1.44,21.685,2.307,1.749
SH603661,恒林股份,9709.0,33.83,33.65,0.53,4704637659.0,1.82,45.296,1.257,1.064
SH603828,*ST利达,9680.0,5.82,5.96,-2.35,3468488120.0,0.62,-11.972,7.484,
SH605069,正和生态,9590.0,13.1,12.69,3.23,2773240892.0,10.21,-11.057,4.397,
SH688079,美迪凯,9529.0,14.04,14.54,-3.44,5783435115.0,5.38,-29.64,4.771,
SH605086,龙高股份,9528.0,22.99,23.1,-0.48,4119808000.0,0.81,35.633,2.575,1.14
SH603177,德创环保,9524.0,10.63,10.8,-1.57,2170560960.0,1.79,-26.579,7.238,
SH688091,上海谊众,9521.0,36.8,36.58,0.6,7606693952.0,1.36,110.473,5.103,
SH601089,福元医药,9502.0,16.42,16.29,0.8,7881600000.0,0.79,20.329,2.112,2.972
SH688726,拉普拉斯,9490.0,41.99,43.35,-3.14,17019646676.0,2.94,31.401,3.962,0.738
SH603217,元利科技,9473.0,25.7,26.5,-3.02,5347851320.0,1.51,22.997,1.528,1.167
SH605055,迎丰股份,9458.0,8.61,8.56,0.58,3788400000.0,0.96,-81.44,3.933,0.674
SH688153,唯捷创芯,9431.0,24.07,24.33,-1.07,10357634103.0,1.11,-243.981,2.389,0.316
SH688378,奥来德,9431.0,42.89,44.08,-2.7,11212525284.0,4.74,50.713,5.339,0.462
SH603130,云中马,9422.0,38.7,39.8,-2.76,5321799540.0,0.99,48.873,3.725,0.594
SH688311,盟升电子,9371.0,22.68,23.41,-3.12,3971426556.0,2.44,-123.519,2.26,
SH688319,欧林生物,9349.0,30.09,29.87,0.74,12198765837.0,1.37,-512.353,14.033,
SH605068,明新旭腾,9334.0,20.18,20.2,-0.1,3273169100.0,2.28,-908.911,2.166,0.198
SH688510,航亚科技,9332.0,21.96,22.5,-2.4,5707900472.0,1.99,62.028,4.696,0.911
SH688118,普元信息,9298.0,19.89,19.44,2.31,1885713478.0,2.51,-226.996,2.317,1.483
SH603036,如通股份,9289.0,13.17,13.49,-2.37,2713099349.0,2.44,26.907,1.945,2.278
SH603049,中策橡胶,9284.0,43.71,43.41,0.69,38223765489.0,0.57,8.961,1.519,3.272
SH688575,亚辉龙,9261.0,10.46,10.51,-0.48,5977035418.0,1.48,88.941,2.172,0.201
SH603277,银都股份,9241.0,11.21,11.18,0.27,6857313548.0,0.36,21.716,2.51,4.915
SH605080,浙江自然,9218.0,22.86,22.62,1.06,3221184769.0,1.39,19.469,1.403,0.621
SH688182,灿勤科技,9214.0,24.74,25.6,-3.36,9896000000.0,1.29,79.372,4.322,0.404
SH688621,阳光诺和,9175.0,67.05,67.71,-0.97,7509600000.0,1.99,151.298,6.25,0.271
SH605198,安德利,9172.0,62.25,63.6,-2.12,20411028000.0,1.13,80.834,7.687,0.492
SH688288,鸿泉技术,9172.0,19.87,19.5,1.9,1983298298.0,1.89,-126.91,2.688,0.503
SH603289,泰瑞机器,9172.0,10.6,10.69,-0.84,3110050589.0,2.4,71.299,2.146,1.415
SH688691,灿芯股份,9167.0,53.88,54.78,-1.64,6465600000.0,5.33,-58.513,5.499,
SH603499,翔港科技,9133.0,12.3,12.45,-1.2,5210675396.0,1.1,43.228,5.466,0.463
SH603817,海峡环保,9119.0,5.84,5.76,1.39,3329290788.0,2.32,14.34,1.002,1.421
SH688302,海创药业-U,9111.0,32.09,31.57,1.65,3177410540.0,1.33,-24.141,3.154,
SH688636,智明达,9093.0,19.06,18.92,0.74,3314656060.0,4.36,28.196,2.311,0.525
SH605008,长鸿高科,9075.0,13.55,13.35,1.5,8752790710.0,0.54,-128.625,4.56,
SH603089,正裕工业,9038.0,9.45,9.48,-0.32,2605546733.0,1.11,-56.843,1.419,1.058
SH605128,上海沿浦,9022.0,24.66,24.78,-0.48,7742913082.0,1.41,38.249,3.546,0.758
SH688392,骄成超声,9003.0,148.25,150.4,-1.43,17157470620.0,2.53,105.614,9.069,0.395
SH603331,百达精工,9002.0,12.26,12.43,-1.37,2478673297.0,1.67,-14.768,2.168,
SH603500,祥和实业,8970.0,10.04,9.83,2.14,3341179020.0,4.71,23.457,3.207,2.191
SH688526,科前生物,8968.0,12.41,12.29,0.98,5784649175.0,0.21,18.39,1.435,5.157
SH600883,博闻科技,8938.0,8.05,8.04,0.12,1900508400.0,1.83,76.808,1.928,0.435
SH688543,国科军工,8930.0,40.22,40.93,-1.73,10079551615.0,1.93,44.104,4.364,1.865
SH688100,威胜信息,8910.0,25.25,24.26,4.08,12415050669.0,0.75,22.031,3.448,1.176
SH603209,兴通股份,8895.0,15.18,15.12,0.4,4933500000.0,1.88,14.2,1.438,1.304
SH605319,无锡振华,8852.0,21.38,22.09,-3.21,7485094470.0,1.46,15.957,2.602,2.105
SH688279,峰岹科技,8819.0,184.03,189.67,-2.97,21184444142.0,2.11,70.232,4.048,0.424
SH603395,红四方,8816.0,26.59,25.39,4.73,6913400000.0,21.6,206.194,4.891,0.241
SH688030,山石网科,8810.0,19.92,19.44,2.47,3590346777.0,3.84,-25.997,5.168,
SH600935,华塑股份,8789.0,2.34,2.3,1.74,8411687051.0,0.54,-82.891,1.431,
SH688635,长进光子,8766.0,231.93,230.36,0.68,21724883100.0,7.18,233.482,14.398,
SH603153,上海建科,8699.0,13.62,13.59,0.22,5582308264.0,0.38,14.932,1.47,1.982
SH688238,和元生物,8676.0,8.58,8.26,3.87,5568734886.0,7.85,-24.013,4.257,
SH603102,百合股份,8676.0,36.73,36.75,-0.05,2350720000.0,1.92,19.816,1.372,1.987
SH603125,常青科技,8676.0,20.63,20.9,-1.29,8351774416.0,0.79,36.664,3.246,0.194
SH603725,天安新材,8646.0,11.83,11.93,-0.84,3606466354.0,3.14,43.513,4.122,1.006
SH688500,慧辰股份,8638.0,29.99,29.87,0.4,2277975562.0,3.41,-33.691,3.205,
SH603192,汇得科技,8632.0,20.84,21.15,-1.47,3482581799.0,2.14,48.428,1.596,1.799
SH688558,国盛智科,8626.0,31.4,31.84,-1.38,4144800000.0,1.15,24.557,2.422,2.369
SH605365,立达信,8614.0,14.53,14.17,2.54,7294247088.0,1.23,34.869,1.955,1.445
SH605303,园林股份,8614.0,32.21,31.53,2.16,5193456912.0,16.3,-31.197,6.601,
SH688198,佰仁医疗,8605.0,69.83,67.6,3.3,9618952127.0,0.35,57.926,7.672,1.146
SH601065,江盐集团,8599.0,6.76,6.64,1.81,4345166294.0,0.72,29.55,0.977,1.775
SH603320,迪贝电气,8596.0,17.74,17.7,0.23,2645853641.0,1.12,37.291,2.228,0.958
SH688628,优利德,8594.0,79.25,80.41,-1.44,8907136374.0,5.04,46.105,6.676,1.004
SH605018,长华集团,8590.0,11.36,11.46,-0.87,5339947408.0,1.75,67.023,1.932,1.312
SH605033,美邦股份,8584.0,19.75,19.75,0.0,2670200000.0,1.76,41.988,2.243,0.759
SH603206,嘉环科技,8541.0,13.58,13.31,2.03,4144615837.0,1.11,105.392,1.818,0.442
SH688807,优迅股份,8540.0,261.15,268.24,-2.64,20892000000.0,9.64,206.148,11.554,0.138
SH688212,澳华内镜,8537.0,27.08,26.89,0.71,3646734970.0,1.88,-109.176,2.982,
SH688622,*ST禾信,8527.0,109.75,112.1,-2.1,7733590930.0,0.83,-79.909,27.211,
SH688314,康拓医疗,8506.0,29.35,29.02,1.14,2395789783.0,1.7,28.153,3.213,1.595
SH603072,天和磁材,8474.0,29.51,29.17,1.17,7798902800.0,1.3,41.584,3.552,0.847
SH603677,奇精机械,8451.0,14.29,14.27,0.14,2752266361.0,0.94,209.779,2.466,1.4
SH601956,东贝集团,8443.0,5.32,5.52,-3.62,3307000259.0,6.26,-79.051,1.404,1.861
SH603065,宿迁联盛,8419.0,13.68,14.03,-2.49,5731476385.0,4.17,-306.052,2.986,1.447
SH688152,麒麟信安,8413.0,45.85,38.21,19.99,4672026785.0,11.24,-93.221,3.835,
SH603880,南卫股份,8398.0,8.56,8.29,3.26,2474199520.0,3.32,-23.224,15.521,
SH688428,诺诚健华,8378.0,28.12,27.03,4.03,49763630469.0,5.36,54.155,6.478,
SH688015,交控科技,8377.0,16.84,16.55,1.75,3177383695.0,1.12,19.913,1.202,2.494
SH603303,XD得邦照,8366.0,28.56,27.73,2.99,13621537062.0,0.54,68.846,4.389,1.232
SH603057,紫燕食品,8334.0,17.63,17.76,-0.73,7318477450.0,0.45,36.858,3.464,1.021
SH603665,康隆达,8334.0,25.07,24.2,3.6,4015404414.0,2.96,389.994,6.174,0.638
SH688315,诺禾致源,8328.0,21.73,18.93,14.79,9044026000.0,9.11,59.76,3.373,0.202
SH603280,南方路机,8294.0,28.9,27.89,3.62,3132952676.0,2.87,45.374,2.274,0.969
SH603617,君禾股份,8261.0,6.68,6.66,0.3,2603939731.0,1.6,50.001,1.661,0.749
SH688351,微电生理,8254.0,17.02,16.74,1.67,8009612000.0,0.72,136.918,4.416,0.123
SH605050,福然德,8235.0,10.2,10.21,-0.1,5026857646.0,0.41,13.149,1.123,3.912
SH605180,华生科技,8234.0,13.85,13.86,-0.07,2340650000.0,1.96,4095.132,2.071,0.505
SH605377,华旺科技,8202.0,8.05,8.08,-0.37,4481195657.0,0.63,18.179,1.143,5.093
SH688606,奥泰生物,8199.0,51.14,51.1,0.08,3868963612.0,1.06,27.829,1.078,1.991
SH603193,润本股份,8193.0,19.94,19.43,2.62,8067590681.0,2.44,22.915,3.446,2.708
SH603351,威尔药业,8184.0,28.48,28.49,-0.04,3857306479.0,1.41,24.888,2.157,2.107
SH600561,江西长运,8165.0,6.06,6.09,-0.49,1723929408.0,1.71,106.665,1.824,
SH600265,*ST景谷,8160.0,22.88,22.63,1.1,2969824000.0,0.59,-24.384,8.996,
SH688093,世华科技,8124.0,20.88,21.2,-1.51,5854392676.0,0.64,17.836,2.077,3.333
SH603082,北自科技,8123.0,38.79,39.4,-1.55,6461370898.0,10.02,44.201,3.698,1.513
SH603159,上海亚虹,8098.0,21.88,22.27,-1.75,3063200000.0,2.79,-425.242,6.169,
SH688148,芳源股份,8093.0,6.21,6.06,2.48,3168174659.0,5.55,34.935,8.582,
SH688652,京仪装备,8087.0,127.51,129.14,-1.26,21421680000.0,3.79,143.029,9.428,0.098
SH688369,致远互联,8071.0,19.38,18.76,3.3,2232926216.0,2.87,-10.684,3.048,
SH688168,安博通,8027.0,39.56,39.44,0.3,4274814238.0,6.02,-63.251,4.428,
SH688687,凯因科技,8021.0,18.33,18.21,0.66,3133411255.0,2.35,314.543,1.837,1.364
SH603237,五芳斋,8015.0,15.32,15.33,-0.07,3002899642.0,0.92,23.613,1.678,3.251
SH605288,凯迪股份,8013.0,65.61,66.32,-1.07,6473904103.0,2.44,1191.807,2.99,0.808
SH688075,安旭生物,7955.0,30.89,30.64,0.82,3925587846.0,0.73,-7463.916,0.782,2.577
SH603819,神力股份,7948.0,15.75,15.96,-1.32,3429250445.0,3.72,107.406,4.199,0.254
SH603139,康惠股份,7946.0,34.01,34.45,-1.28,3620520946.0,2.04,-12.741,6.349,
SH688613,奥精医疗,7940.0,18.57,19.12,-2.88,2544249405.0,5.67,295.208,1.771,0.162
SH688786,悦安新材,7934.0,25.31,25.6,-1.13,4386740843.0,3.02,53.996,5.502,0.656
SH688505,复旦张江,7915.0,8.36,8.26,1.21,8665742756.0,1.27,-68.634,4.026,
SH603356,华菱精工,7902.0,16.47,16.41,0.37,2196109800.0,2.11,-15.905,8.034,
SH900934,锦江B股,7871.0,1.47,1.462,0.55,1564195339.0,0.03,9.524,0.657,5.034
SH688590,新致软件,7861.0,11.97,11.56,3.55,3744995786.0,3.95,-22.28,2.111,0.242
SH688349,三一重能,7845.0,13.59,13.3,2.18,21653439705.0,0.93,29.448,1.55,2.09
SH603173,福斯达,7837.0,29.61,29.88,-0.9,4737600000.0,0.59,14.744,2.371,2.742
SH603170,宝立食品,7825.0,13.78,13.5,2.07,5512137800.0,1.66,20.087,3.698,3.266
SH603797,联泰环保,7823.0,4.76,4.77,-0.21,2744640704.0,4.67,21.738,0.811,
SH603992,松霖科技,7818.0,19.04,19.02,0.11,8435516253.0,0.82,31.592,2.344,2.862
SH601686,友发集团,7817.0,5.07,5.02,1.0,7506538344.0,0.5,11.179,1.087,5.7
SH688358,祥生医疗,7813.0,28.19,27.79,1.44,3160821030.0,0.86,27.305,2.31,4.363
SH603578,三星新材,7799.0,13.79,14.18,-2.75,3227695178.0,2.78,-18.034,2.335,
SH603863,松炀资源,7792.0,13.88,13.62,1.91,2840542000.0,11.71,-15.174,13.029,
SH688739,成大生物,7784.0,21.2,20.89,1.48,8828740000.0,0.62,206.394,0.946,0.467
SH688201,ST信安,7771.0,7.67,7.55,1.59,2432569769.0,0.92,103.659,1.913,0.326
SH688053,ST思科瑞,7746.0,38.05,38.55,-1.3,3805000000.0,0.8,-277.459,2.381,
SH603829,洛凯股份,7721.0,15.63,15.38,1.63,2911340065.0,2.0,56.818,1.919,0.96
SH603226,菲林格尔,7704.0,29.02,28.41,2.15,10316371165.0,1.76,-117.46,12.447,
SH688665,四方光电,7658.0,41.1,40.67,1.06,4159005215.0,0.8,32.277,3.422,0.973
SH688128,中国电研,7652.0,21.66,21.91,-1.14,8761470000.0,0.57,16.225,2.436,3.693
SH603680,今创集团,7645.0,10.13,10.2,-0.69,7939071110.0,0.5,12.261,1.324,3.159
SH605268,王力安防,7634.0,10.29,10.05,2.39,4533259500.0,1.35,35.685,2.567,2.43
SH688533,上声电子,7626.0,19.57,19.63,-0.31,3228798330.0,0.64,23.467,1.852,1.788
SH688382,益方生物-U,7623.0,17.26,17.33,-0.4,10003757989.0,1.89,-29.905,7.089,
SH605056,咸亨国际,7592.0,13.11,13.25,-1.06,5367144852.0,1.7,20.54,3.061,2.975
SH603071,物产环能,7590.0,12.63,12.53,0.8,7046964602.0,0.4,10.1,1.186,3.721
SH688709,成都华微,7585.0,23.65,24.24,-2.43,15061432165.0,1.78,-4113.807,5.324,0.207
SH688381,帝奥微,7573.0,35.96,37.12,-3.13,8900100000.0,5.04,115.926,3.347,0.261
SH603272,*ST联翔,7538.0,14.43,15.01,-3.86,1495337610.0,2.11,-62.689,2.806,
SH603004,鼎龙科技,7538.0,19.75,19.77,-0.1,4651520000.0,10.63,40.69,2.216,1.013
SH605166,聚合顺,7531.0,8.44,8.39,0.6,2656360049.0,1.37,27.321,1.33,0.746
SH688719,爱科赛博,7523.0,51.15,52.87,-3.25,5901964131.0,4.83,-131.956,3.55,
SH605138,盛泰集团,7515.0,6.18,6.15,0.49,3433432982.0,0.58,21.539,1.409,0.874
SH688357,建龙微纳,7481.0,26.38,26.38,0.0,2639580610.0,0.72,30.16,1.517,1.137
SH688071,华依科技,7449.0,35.35,33.71,4.87,2997316743.0,3.93,-61.372,2.938,
SH688190,云路股份,7427.0,66.17,65.16,1.55,7940400000.0,0.89,31.683,2.961,2.04
SH688722,同益中,7391.0,14.37,14.41,-0.28,3220391724.0,1.26,28.57,2.19,0.696
SH688379,华光新材,7354.0,48.52,50.26,-3.46,4608359780.0,3.65,29.431,3.222,1.167
SH688269,凯立新材,7266.0,25.23,25.12,0.44,3297661920.0,1.08,32.546,3.093,1.189
SH688293,奥浦迈,7204.0,71.5,72.56,-1.46,10166885229.0,5.36,79.315,3.236,0.559
SH603207,小方制药,7200.0,24.47,24.07,1.66,3958843762.0,4.62,20.596,3.439,3.085
SH603768,常青股份,7196.0,12.01,12.22,-1.72,2857849843.0,1.83,-17.216,1.298,
SH688682,霍莱沃,7177.0,32.66,33.14,-1.45,3326058311.0,3.81,-171.897,5.586,0.612
SH603685,晨丰科技,7174.0,28.1,26.17,7.37,7107910961.0,2.8,247.643,3.562,0.107
SH688101,三达膜,7151.0,14.29,14.27,0.14,4744452423.0,0.71,12.935,1.055,0.98
SH603033,三维股份,7126.0,7.7,7.65,0.65,7939959366.0,0.71,-14.572,3.234,
SH601121,宝地矿业,7125.0,7.11,7.1,0.14,6997965938.0,1.24,26.102,1.571,1.449
SH688011,新光光电,7114.0,60.97,58.24,4.69,6066515000.0,2.68,-119.533,5.875,
SH688689,银河微电,7107.0,35.86,36.88,-2.77,5196402135.0,4.61,51.479,3.447,0.619
SH688176,亚虹医药-U,7101.0,13.47,12.94,4.1,7707428503.0,3.52,-15.641,5.693,
SH605287,德才股份,7084.0,40.18,36.53,9.99,5625200000.0,6.61,83.884,3.532,0.124
SH603836,海程邦达,7078.0,9.47,9.59,-1.25,2710402374.0,1.38,45.695,1.559,1.489
SH605189,富春染织,7050.0,14.25,14.14,0.78,3394847881.0,2.79,13.966,1.318,0.723
SH688586,江航装备,7016.0,10.96,10.75,1.95,8673077150.0,0.87,181.313,3.49,0.237
SH603216,梦天家居,7007.0,24.1,21.91,10.0,5366829000.0,4.0,87.906,3.003,0.83
SH603273,天元智能,6996.0,14.14,14.44,-2.08,3046228276.0,4.46,129.371,3.396,0.212
SH688058,宝兰德,6990.0,25.77,25.25,2.06,1954307739.0,1.39,-29.645,3.301,
SH688765,禾元生物-U,6975.0,37.86,36.23,4.5,13534950000.0,7.2,-97.961,4.76,
SH688090,瑞松科技,6957.0,66.72,67.13,-0.61,10589962865.0,5.23,193.674,11.296,0.115
SH688376,美埃科技,6933.0,52.92,53.58,-1.23,7157532876.0,1.37,67.23,3.592,0.283
SH603922,ST金鸿顺,6925.0,11.38,11.47,-0.78,2039296000.0,0.59,-20.775,2.176,
SH688522,纳睿雷达,6924.0,17.57,17.81,-1.35,7450427182.0,3.51,65.091,3.162,0.245
SH900926,宝信B,6917.0,0.809,0.798,1.38,2312044447.0,0.18,11.917,1.397,4.203
SH603926,铁流股份,6911.0,16.5,16.25,1.54,3844279082.0,1.77,39.384,2.185,0.788
SH688551,科威尔,6909.0,34.8,35.7,-2.52,3793012393.0,3.95,78.998,2.893,0.943
SH605151,西上海,6907.0,18.48,18.42,0.33,2486562023.0,1.27,73.176,1.785,
SH688189,ST南新,6884.0,6.41,6.38,0.47,1748836544.0,0.98,-13.045,2.253,
SH688046,药康生物,6841.0,34.63,35.5,-2.45,14204748106.0,2.15,77.815,6.265,0.921
SH603255,鼎际得,6838.0,31.89,31.2,2.21,4274190136.0,3.48,84.183,2.66,0.11
SH688080,映翰通,6829.0,35.9,35.83,0.2,2644255139.0,1.46,22.238,2.218,0.306
SH688589,力合微,6823.0,19.68,19.84,-0.81,2860065234.0,2.21,190.571,2.984,0.508
SH688280,精进电动-W,6779.0,4.85,4.83,0.41,2862575085.0,2.28,-44.299,5.125,
SH688685,迈信林,6755.0,35.74,35.59,0.42,5248478579.0,4.14,-412.072,6.493,0.126
SH688729,屹唐股份,6755.0,20.43,20.7,-1.3,60382090800.0,1.74,84.019,6.611,0.132
SH688801,燧原科技-U,6737.0,450.36,426.6,5.57,193813204222.0,19.61,-163.458,22.926,
SH603344,星德胜,6720.0,21.12,21.47,-1.63,4108494298.0,5.78,27.192,1.886,
SH688458,美芯晟,6707.0,34.32,34.49,-0.49,3827937107.0,2.0,-158.11,2.102,
SH603048,浙江黎明,6706.0,23.34,24.12,-3.23,3428179200.0,2.3,123.877,2.747,1.191
SH688443,智翔金泰-U,6666.0,24.95,25.55,-2.35,9148666000.0,2.41,-16.264,7.139,
SH603408,建霖家居,6661.0,11.64,11.42,1.93,5209749720.0,0.35,12.757,1.534,5.498
SH688056,莱伯泰科,6616.0,47.17,45.28,4.17,3181732538.0,5.09,97.369,3.94,0.316
SH688055,龙腾光电,6614.0,3.5,3.51,-0.28,11666666900.0,0.27,-42.412,3.0,
SH688488,艾迪药业,6610.0,15.75,15.38,2.41,6627329226.0,1.68,-1144.777,7.244,
SH688290,景业智能,6576.0,54.1,54.28,-0.33,5528463527.0,0.7,-116.324,4.37,
SH688767,博拓生物,6475.0,39.6,40.38,-1.93,5913600026.0,2.28,291.332,2.762,1.768
SH688529,豪森智能,6448.0,14.85,14.78,0.47,2497412902.0,1.05,-2.057,3.769,
SH688191,智洋创新,6361.0,18.15,18.42,-1.47,5953249695.0,1.63,-2173.185,7.115,0.391
SH688539,高华科技,6350.0,22.38,22.93,-2.4,4160889600.0,1.51,-9446.03,2.447,0.885
SH688360,德马科技,6293.0,16.63,16.09,3.36,4386090442.0,2.46,47.536,2.927,0.661
SH688227,品高股份,6282.0,66.2,67.38,-1.75,7484259205.0,3.25,-231.83,5.914,
SH603790,雅运股份,6279.0,25.3,25.3,0.0,4841408000.0,1.68,53.898,3.707,0.514
SH688439,振华风光,6254.0,36.25,35.79,1.29,7250000000.0,1.09,74.106,1.454,0.469
SH688386,泛亚微透,6253.0,42.48,44.09,-3.65,4231388536.0,2.54,49.615,2.829,0.824
SH688103,国力电子,6235.0,68.11,70.52,-3.42,6492052381.0,3.37,98.052,5.748,0.336
SH603095,越剑智能,6230.0,13.7,13.82,-0.87,3538288040.0,1.26,67.226,1.504,
SH688577,浙海德曼,6208.0,39.35,37.81,4.07,6130400247.0,0.74,69.163,5.997,0.727
SH688768,容知日新,6203.0,53.35,51.92,2.75,4694197839.0,1.99,154.254,4.523,0.562
SH603909,建发合诚,6170.0,10.07,10.09,-0.2,2624978520.0,1.33,22.592,2.241,1.49
SH688226,威腾电气,6145.0,28.42,29.17,-2.57,5572756788.0,4.01,176.934,2.771,0.179
SH688826,频准激光,6144.0,643.0,661.02,-2.73,25720000000.0,8.97,145.416,11.194,
SH688219,会通股份,6142.0,10.22,10.15,0.69,5607033348.0,0.86,28.478,1.863,1.458
SH900911,金桥B股,6116.0,0.697,0.699,-0.29,782321786.0,0.05,5.132,0.356,8.178
SH688216,气派科技,6096.0,35.85,35.95,-0.28,4101394908.0,6.47,-855.315,5.425,
SH603813,原尚股份,6086.0,25.69,25.87,-0.7,2697835350.0,0.65,-32.286,5.677,
SH688255,凯尔达,6085.0,25.21,24.93,1.12,2769542113.0,2.42,53.181,2.591,0.575
SH688307,中润光学,6043.0,40.78,41.48,-1.69,5099971268.0,2.62,68.639,5.548,0.696
SH688393,安必平,5928.0,22.17,21.97,0.91,2074395887.0,2.82,-61.445,1.824,0.451
SH688157,松井股份,5917.0,18.09,18.48,-2.11,3395805885.0,1.36,1179.607,2.544,0.182
SH688087,英科再生,5915.0,31.29,31.45,-0.51,6043491092.0,0.93,20.59,2.053,0.7
SH688209,英集芯,5894.0,28.8,29.06,-0.89,12492980611.0,4.48,54.34,5.386,0.215
SH688721,龙图光罩,5883.0,35.15,36.34,-3.27,4692525000.0,6.06,123.577,3.805,
SH688583,思看科技,5868.0,73.88,75.1,-1.62,9143388800.0,2.52,163.25,7.707,0.194
SH603135,中重科技,5846.0,8.39,8.39,0.0,5321416901.0,1.1,-1266.144,1.786,0.56
SH603375,盛景微,5800.0,40.43,41.78,-3.23,4069953347.0,5.76,-3029.428,2.644,0.245
SH688345,博力威,5777.0,51.9,46.24,12.24,5287174446.0,4.3,57.255,4.178,0.382
SH688330,宏力达,5763.0,35.8,35.5,0.85,5012000000.0,1.03,6.041,1.086,1.279
SH603321,梅轮电梯,5713.0,7.02,7.07,-0.71,2443131772.0,2.22,69.202,1.697,0.712
SH603291,联合水务,5701.0,8.6,8.71,-1.26,3639697194.0,0.67,38.613,2.074,3.256
SH605177,东亚药业,5699.0,28.29,25.72,9.99,3245033079.0,13.36,-19.028,2.04,
SH688291,金橙子,5679.0,37.1,37.12,-0.05,3808934570.0,1.65,52.076,3.717,0.27
SH603175,超颖电子,5654.0,99.76,102.58,-2.75,43598045063.0,4.93,-367.436,17.265,0.16
SH688727,恒坤新材,5643.0,40.62,41.59,-2.33,18251362152.0,4.75,130.114,7.058,
SH688600,皖仪科技,5639.0,32.2,32.2,0.0,4337613378.0,2.59,51.019,5.438,0.578
SH688435,英方软件,5626.0,29.94,28.86,3.74,2499990000.0,4.81,-103.677,2.323,
SH688588,凌志软件,5604.0,9.08,8.77,3.53,3541290827.0,1.41,-115.942,3.219,2.181
SH605122,四方新材,5595.0,11.99,12.08,-0.75,2066524460.0,2.24,-7.447,1.189,
SH688073,毕得医药,5591.0,70.5,70.8,-0.42,6407247834.0,4.95,35.275,3.108,1.56
SH688173,希荻微,5538.0,12.13,12.32,-1.54,5039141870.0,2.8,-50.59,3.358,
SH688410,山外山,5526.0,9.08,8.98,1.11,4062763100.0,2.08,21.935,2.243,3.778
SH688667,菱电电控,5497.0,94.24,94.53,-0.31,4966019868.0,1.38,31.569,2.736,0.849
SH688737,中自科技,5476.0,16.5,16.51,-0.06,1972814399.0,1.46,-17.938,1.153,
SH688162,巨一科技,5450.0,24.56,24.95,-1.56,3367195034.0,0.92,39.585,1.392,0.81
SH600925,苏能股份,5439.0,4.23,4.19,0.95,29140000000.0,0.15,157.243,1.896,0.473
SH688670,金迪克,5409.0,19.17,18.22,5.21,2361744000.0,2.34,-12.438,2.253,
SH688553,汇宇制药-W,5404.0,11.85,11.55,2.6,7416925179.0,3.49,65.401,1.988,1.139
SH688292,浩瀚深度,5389.0,21.23,20.71,2.51,3361790690.0,4.17,-62.656,3.523,0.283
SH688419,耐科装备,5374.0,44.49,45.97,-3.22,5096403754.0,2.65,57.97,4.893,0.895
SH605259,绿田机械,5372.0,17.6,17.41,1.09,3035648000.0,0.54,15.686,1.652,1.705
SH605158,华达新材,5360.0,7.48,7.66,-2.35,3825421600.0,0.98,143.126,1.555,0.655
SH900942,黄山B股,5345.0,0.656,0.649,1.08,478472913.0,0.09,10.818,0.656,3.049
SH688051,佳华科技,5318.0,25.18,24.5,2.78,1947270120.0,3.73,-14.188,3.595,
SH688246,嘉和美康,5287.0,18.59,18.29,1.64,2557716267.0,4.9,-11.94,2.089,
SH688793,倍轻松,5282.0,17.97,17.63,1.93,1527506048.0,2.42,-14.105,8.294,
SH688486,龙迅股份,5278.0,45.2,45.5,-0.66,8446578647.0,2.53,46.235,5.554,1.635
SH605318,法狮龙,5271.0,69.47,71.91,-3.39,8734395575.0,0.92,-715.364,13.925,
SH605155,西大门,5257.0,14.45,14.7,-1.7,2753004925.0,1.59,26.805,2.031,2.083
SH605500,森林包装,5255.0,7.54,7.53,0.13,3124576000.0,1.11,81.595,1.218,0.928
SH688620,安凯微,5217.0,14.61,14.62,-0.07,5727120000.0,7.75,-112.665,4.363,
SH688610,埃科光电,5164.0,132.65,135.43,-2.05,9020200000.0,3.45,92.903,5.496,0.151
SH605566,福莱蒽特,5122.0,33.47,34.12,-1.91,4462889800.0,4.43,86.834,2.165,0.296
SH688619,罗普特,5082.0,12.93,13.04,-0.84,2397713883.0,1.91,-10.818,3.702,
SH688244,永信至诚,5063.0,24.0,20.65,16.22,3623076456.0,15.66,-59.985,3.948,
SH688232,新点软件,5053.0,18.0,17.58,2.39,5795675550.0,0.97,164.875,1.107,0.55
SH688789,宏华数科,5038.0,47.88,48.08,-0.42,8630662403.0,1.23,22.194,2.537,1.232
SH688352,颀中科技,4987.0,15.23,15.8,-3.61,18117207405.0,7.07,-132.387,3.14,0.328
SH688566,吉贝尔,4986.0,27.46,27.26,0.73,5522250623.0,1.1,26.106,2.195,1.894
SH688109,品茗科技,4981.0,62.67,64.21,-2.4,4941046941.0,1.27,286.918,6.406,0.396
SH688648,中邮科技,4973.0,27.51,27.57,-0.22,3741360000.0,3.43,-40.944,1.758,0.909
SH688210,统联精密,4973.0,25.29,25.41,-0.47,4113690873.0,2.24,-61.253,3.314,
SH688799,华纳药厂,4967.0,52.45,53.0,-1.04,7009260650.0,2.36,30.243,3.3,0.341
SH688758,赛分科技,4911.0,29.06,29.77,-2.38,12102446281.0,4.55,65.948,8.72,0.241
SH688633,星球石墨,4879.0,21.76,21.78,-0.09,3707917709.0,1.59,14.981,1.549,2.748
SH688563,航材股份,4875.0,49.15,49.0,0.31,22086021784.0,1.38,45.415,2.115,0.826
SH688557,兰剑智能,4874.0,20.52,20.33,0.93,3043578275.0,1.15,27.18,2.489,1.101
SH688669,聚石化学,4862.0,62.5,60.54,3.24,7583333375.0,3.27,-28.883,7.284,
SH688579,地纬智能,4847.0,8.01,7.78,2.96,3204080100.0,1.28,248.09,2.324,0.624
SH603275,众辰科技,4842.0,35.85,36.11,-0.72,5329276408.0,2.41,28.668,1.746,0.338
SH688265,南模生物,4840.0,60.93,61.11,-0.29,4750316847.0,6.21,212.582,2.766,0.204
SH688581,安杰思,4796.0,54.85,54.68,0.31,4428624982.0,1.94,20.712,1.746,1.903
SH688496,*ST清越,4784.0,0.58,0.58,0.0,261000000.0,,-0.878,0.368,
SH688273,麦澜德,4769.0,27.85,28.29,-1.56,2785000000.0,1.36,36.917,2.086,2.808
SH603201,常润股份,4728.0,14.93,15.17,-1.58,2836397249.0,1.89,14.251,1.594,1.942
SH603257,中国瑞林,4718.0,63.57,63.39,0.28,7628400000.0,5.5,42.052,2.99,0.787
SH688230,芯导科技,4712.0,54.75,54.99,-0.44,6438600000.0,1.26,48.975,2.805,0.785
SH688517,金冠电气,4709.0,17.65,18.23,-3.18,2411222698.0,6.01,42.447,3.228,2.731
SH688513,苑东生物,4696.0,46.19,47.5,-2.76,8154024905.0,1.47,29.411,2.78,1.048
SH603325,博隆技术,4694.0,55.06,54.36,1.29,4405020240.0,1.67,16.595,1.599,1.816
SH900910,海立B股,4688.0,0.626,0.626,0.0,671913598.0,0.24,22.262,0.725,0.639
SH688078,龙软科技,4659.0,29.88,30.32,-1.45,2178042840.0,2.14,-29.747,3.293,
SH601033,永兴股份,4637.0,14.33,14.18,1.06,12897000000.0,1.85,13.993,1.197,4.396
SH603312,西典新能,4635.0,32.16,33.08,-2.78,5145583920.0,1.51,25.026,2.845,2.021
SH603041,美思德,4552.0,11.55,11.43,1.05,2115355843.0,1.49,34.22,1.383,1.03
SH605003,众望布艺,4552.0,24.5,24.21,1.2,2695000000.0,0.92,39.532,1.881,2.041
SH688282,理工导航,4502.0,50.29,49.67,1.25,4481201088.0,0.83,-220.185,3.483,
SH900912,外高B股,4498.0,0.64,0.642,-0.31,870343820.0,0.05,6.182,0.374,7.969
SH688203,海正生材,4473.0,19.22,18.45,4.17,3895472467.0,9.05,141.111,2.606,
SH603248,锡华科技,4471.0,20.64,21.44,-3.73,9494400000.0,25.22,57.235,4.142,0.775
SH900936,鄂资B股,4459.0,1.31,1.308,0.15,3666396893.0,0.13,8.801,1.147,7.786
SH688225,亚信安全,4457.0,16.51,14.9,10.81,6604165100.0,4.07,-19.146,4.531,
SH603062,麦加芯彩,4403.0,37.61,37.59,0.05,4061880000.0,1.19,29.44,2.005,3.547
SH688325,赛微微电,4389.0,102.45,105.0,-2.43,8858485446.0,1.43,99.347,5.225,1.235
SH688659,元琛科技,4388.0,9.0,9.04,-0.44,1440000000.0,1.8,-24.627,2.904,
SH603350,安乃达,4375.0,28.07,28.28,-0.74,3269593600.0,1.38,37.79,2.419,1.069
SH688004,博汇科技,4352.0,31.04,29.3,5.94,2485931520.0,11.04,-94.274,4.43,
SH688061,灿瑞科技,4326.0,39.32,40.13,-2.02,4517450854.0,1.49,-80.739,2.006,0.491
SH688310,迈得医疗,4317.0,14.62,14.72,-0.68,2402425652.0,1.45,56.483,3.097,1.683
SH688197,首药控股-U,4304.0,35.51,34.75,2.19,5281023870.0,4.22,-61.751,8.53,
SH603190,亚通精工,4300.0,16.03,16.11,-0.5,2794926680.0,1.1,21.598,1.246,1.335
SH688236,春立医疗,4297.0,14.21,14.05,1.14,5450508385.0,0.58,19.604,1.788,3.448
SH688593,新相微,4295.0,29.12,29.42,-1.02,13381496477.0,2.77,1404.527,8.694,0.155
SH688045,必易微,4290.0,52.01,53.35,-2.51,3670709198.0,3.7,62.76,2.517,0.104
SH900916,凤凰B股,4270.0,0.555,0.554,0.18,274888324.0,0.77,19.461,0.896,1.622
SH688253,英诺特,4265.0,53.8,52.35,2.77,7422693679.0,1.17,146.928,3.633,0.818
SH688708,佳驰科技,4237.0,37.21,37.52,-0.83,14901771496.0,0.95,37.816,4.394,1.341
SH688021,奥福科技,4216.0,19.57,19.87,-1.51,1495416442.0,2.04,42.44,1.694,0.766
SH688501,青达环保,4195.0,15.04,15.08,-0.27,2615702656.0,2.22,22.012,2.293,1.33
SH603271,永杰新材,4184.0,40.22,38.82,3.61,7968989700.0,2.55,10.718,2.35,2.422
SH688607,康众科技,4156.0,36.4,35.24,3.29,3207896583.0,2.18,-108.245,3.828,
SH603402,陕西旅游,4146.0,59.08,57.7,2.39,5939509373.0,6.62,19.505,2.072,2.603
SH603091,众鑫股份,4143.0,45.82,45.8,0.04,6558414084.0,1.85,19.075,2.876,1.497
SH603307,XD扬州金,4141.0,25.25,25.37,-0.47,2476432888.0,1.13,23.343,1.775,4.333
SH688489,三未信安,4103.0,27.56,26.39,4.43,4673584700.0,2.08,-174.242,2.633,
SH688163,赛伦生物,4071.0,34.87,35.3,-1.22,3773631400.0,1.41,69.289,3.369,1.09
SH603194,中力股份,4064.0,33.25,33.38,-0.39,13333250000.0,0.81,15.885,2.383,1.955
SH688057,金达莱,4058.0,17.7,17.93,-1.28,4885200000.0,1.46,133.052,1.543,1.13
SH900902,市北B股,4041.0,0.16,0.159,0.63,299728769.0,0.04,-8.226,0.334,
SH688211,中科微至,4036.0,31.18,31.0,0.58,4087475437.0,0.89,-233.577,1.153,
SH688569,铁科轨道,4016.0,18.42,18.26,0.88,3880480614.0,0.49,20.112,1.302,2.155
SH688693,锴威特,4002.0,65.16,67.1,-2.89,4801263189.0,3.75,-52.524,6.311,
SH603107,上海汽配,3957.0,12.29,12.42,-1.05,4145847150.0,1.14,30.512,1.976,2.441
SH688151,华强科技,3919.0,16.24,16.45,-1.28,5594680000.0,0.79,116.139,1.326,0.425
SH688252,天德钰,3900.0,19.41,19.56,-0.77,7939104229.0,1.37,36.225,3.165,0.587
SH688511,天微电子,3877.0,20.53,20.6,-0.34,2744406979.0,2.82,343.303,3.357,1.125
SH603235,天新药业,3862.0,25.94,25.77,0.66,11356013200.0,0.13,20.465,2.273,2.109
SH688355,明志科技,3836.0,16.46,16.82,-2.14,2040316945.0,1.05,38.747,1.925,3.026
SH688373,盟科药业-U,3813.0,5.73,5.56,3.06,3760188617.0,2.45,-26.762,23.077,
SH688612,威迈斯,3809.0,30.83,30.45,1.25,12923427552.0,1.75,22.556,3.595,2.134
SH688098,申联生物,3799.0,8.32,8.41,-1.07,3416558080.0,0.89,-127.618,2.464,
SH688565,力源科技,3781.0,11.2,11.38,-1.58,1676976000.0,1.61,162.274,3.378,0.268
SH688329,艾隆科技,3757.0,23.43,23.41,0.09,1808796000.0,2.41,139.393,2.339,1.063
SH603182,嘉华股份,3756.0,13.63,13.64,-0.07,2242816500.0,1.2,25.178,1.987,2.935
SH603014,威高血净,3752.0,30.45,29.97,1.6,21156622942.0,1.24,43.017,1.344,1.126
SH688573,信宇人,3740.0,17.75,18.08,-1.83,1735140387.0,16.62,-3.62,5.771,
SH688247,宣泰医药,3734.0,9.97,9.62,3.64,4519799800.0,1.77,143.036,3.427,0.251
SH688448,磁谷科技,3721.0,64.8,65.99,-1.8,6319227312.0,1.81,946.487,6.16,
SH688309,恒誉科技,3663.0,70.78,72.88,-2.88,5620021820.0,2.42,52.962,6.694,0.24
SH688081,兴图新科,3649.0,23.95,24.69,-3.0,2467808000.0,1.59,-35.822,6.767,
SH603172,万丰股份,3646.0,19.48,19.69,-1.07,2598242400.0,1.91,46.26,2.317,0.359
SH688512,慧智微-U,3646.0,15.72,16.35,-3.85,7755972428.0,11.15,-25.817,4.31,
SH688334,西高院,3634.0,18.18,18.14,0.22,5755414692.0,0.72,22.554,1.929,2.47
SH688335,复洁科技,3625.0,17.77,17.53,1.37,2630574700.0,1.62,-2840.894,2.364,1.114
SH688468,科美诊断,3603.0,6.69,6.6,1.36,2683412520.0,1.09,76.433,1.881,
SH900946,天雁B股,3572.0,0.188,0.191,-1.57,200903894.0,0.26,-44.213,1.816,
SH603231,索宝蛋白,3549.0,17.01,17.05,-0.23,3256719376.0,1.61,20.301,1.625,2.175
SH603120,肯特催化,3545.0,52.9,53.7,-1.49,4782160000.0,7.17,56.776,3.94,0.756
SH688611,杭州柯林,3545.0,61.48,59.5,3.33,9430392608.0,0.94,-220.768,11.175,
SH688084,晶品特装,3543.0,39.7,40.22,-1.29,3003664920.0,1.9,-114.767,1.935,
SH688130,晶华微,3543.0,23.66,24.54,-3.59,2860283284.0,3.65,-134.941,2.306,
SH603282,亚光股份,3525.0,16.99,17.1,-0.64,2273601800.0,1.37,28.231,1.727,1.342
SH603381,永臻股份,3513.0,14.71,14.72,-0.07,3490040555.0,2.1,-14.977,1.049,
SH603435,嘉德利,3500.0,43.2,44.04,-1.91,19836037728.0,6.37,77.973,9.005,
SH688597,煜邦电力,3477.0,6.16,6.18,-0.32,2070132138.0,1.42,312.994,2.726,
SH603202,天有为,3450.0,50.64,50.34,0.6,8102400000.0,1.83,11.779,1.191,3.949
SH601026,道生天合,3435.0,14.95,15.24,-1.9,9858030000.0,6.41,47.92,3.874,3.211
SH601112,振石股份,3430.0,15.38,15.21,1.12,26766834724.0,2.21,33.676,4.08,1.118
SH900938,海科B,3404.0,0.225,0.223,0.9,652351001.0,0.38,57.292,0.582,1.333
SH900906,中毅达B,3386.0,0.193,0.194,-0.52,206755999.0,0.25,30.164,8.894,
SH688272,富吉瑞,3363.0,28.16,27.85,1.11,2140160000.0,2.05,-24.144,5.548,
SH688562,航天软件,3328.0,14.28,14.05,1.64,5712000000.0,0.96,-116.5,3.513,
SH688377,迪威尔,3328.0,16.35,16.68,-1.98,3818890215.0,1.06,37.876,2.025,1.021
SH688096,京源环保,3310.0,8.06,8.03,0.37,1884079905.0,5.56,-27.144,2.292,
SH603092,德力佳,3307.0,47.74,47.42,0.67,19096004774.0,12.84,22.588,3.354,1.301
SH688485,九州一轨,3305.0,100.0,104.0,-3.85,15029206200.0,4.32,-488.629,12.153,
SH688113,联测科技,3294.0,36.42,36.47,-0.14,2345359099.0,1.17,24.728,2.274,0.931
SH900940,大名城B,3275.0,0.217,0.217,0.0,504514160.0,0.02,28.137,0.328,
SH688480,赛恩斯,3207.0,62.8,62.85,-0.08,6097635017.0,1.11,48.699,4.874,0.656
SH688785,恒运昌,3196.0,324.1,335.5,-3.4,21942117081.0,4.46,226.574,9.915,0.247
SH603418,友升股份,3181.0,49.23,50.0,-1.54,9504759498.0,3.31,18.336,2.06,1.686
SH688602,康鹏科技,3174.0,6.88,6.71,2.53,3573300000.0,1.2,-26.273,1.329,
SH688653,康希通信,3166.0,13.36,13.5,-1.04,5671052800.0,4.97,657.913,3.866,
SH688646,逸飞激光,3165.0,69.9,72.0,-2.92,6581966299.0,3.79,-79.427,4.627,
SH688119,中钢洛耐,3151.0,3.79,3.73,1.61,4263750000.0,1.02,-15.912,1.563,
SH688681,科汇股份,3150.0,15.32,15.36,-0.26,1603544400.0,1.64,35.947,2.621,1.247
SH688338,赛科希德,3147.0,30.69,30.45,0.79,3257510256.0,1.32,38.725,1.91,0.831
SH688576,西山科技,3135.0,39.55,39.49,0.15,2675288125.0,1.46,-337.141,1.59,0.845
SH688509,正元地信,3133.0,4.25,4.15,2.41,3272500000.0,1.93,-16.533,3.092,
SH688592,司南导航,3084.0,22.06,21.93,0.59,2562198651.0,2.17,210.3,2.69,0.249
SH688805,健信超导,3049.0,38.4,38.23,0.44,6438912000.0,3.27,69.641,5.267,0.781
SH688217,睿昂基因,3043.0,24.83,25.24,-1.62,1386901898.0,2.72,-20.927,1.666,
SH603075,热威股份,3034.0,19.75,20.04,-1.45,7947417755.0,6.71,24.383,3.885,3.544
SH900925,机电B股,3025.0,1.184,1.168,1.37,1192636978.0,0.16,11.454,0.564,1.943
SH688651,盛邦安全,3017.0,25.1,23.66,6.09,2572573296.0,7.94,-49.821,2.896,
SH688060,云涌科技,2999.0,36.15,35.68,1.32,2175894817.0,0.94,-96.52,2.478,
SH603151,邦基科技,2993.0,18.79,17.85,5.27,3238158303.0,2.55,70.515,2.39,1.059
SH688013,天臣医疗,2991.0,24.0,24.34,-1.4,1947734400.0,1.73,38.406,3.936,3.292
SH900924,上工B股,2973.0,0.307,0.298,3.02,218942109.0,0.62,-11.952,0.552,
SH688828,国仪公司-U,2961.0,80.56,80.0,0.7,32224805600.0,8.44,-9106.194,22.738,
SH688092,爱科科技,2943.0,22.02,22.13,-0.5,1820255555.0,1.32,57.091,2.786,0.954
SH688835,高凯技术,2938.0,341.0,343.07,-0.6,34083191428.0,12.97,184.78,,
SH688350,富淼科技,2938.0,27.94,28.22,-0.99,4002254906.0,1.06,920.866,2.167,0.261
SH688391,钜泉科技,2851.0,24.88,25.21,-1.31,2876713178.0,1.19,151.633,1.558,1.206
SH688129,东来技术,2843.0,22.39,22.37,0.09,2697520332.0,0.82,26.46,2.541,1.139
SH688571,杭华股份,2826.0,8.0,8.06,-0.74,3393365600.0,1.31,30.394,2.039,1.862
SH688267,中触媒,2816.0,21.21,21.0,1.0,4838770796.0,0.8,30.527,1.684,2.348
SH688718,唯赛勃,2783.0,14.3,14.56,-1.79,2484687763.0,1.17,47.005,3.034,0.804
SH688757,胜科纳米,2770.0,25.2,26.05,-3.26,10163449447.0,5.43,216.122,11.482,0.246
SH688069,德林海,2738.0,34.0,34.07,-0.21,5325523224.0,1.62,55.405,4.267,1.024
SH688283,坤恒顺维,2724.0,26.25,26.95,-2.6,3197250000.0,2.33,71.359,3.311,0.983
SH688237,超卓航科,2723.0,57.89,58.88,-1.68,5191688201.0,2.02,329.583,4.263,0.579
SH688125,安达智能,2706.0,105.63,106.82,-1.11,8720632806.0,1.62,-128.885,4.756,
SH688466,金科环境,2685.0,14.19,14.19,0.0,1733367417.0,1.11,85.621,1.536,2.023
SH688811,有研复材,2608.0,18.87,18.73,0.75,9466580926.0,4.55,130.477,6.026,0.223
SH688781,视涯科技-UW,2601.0,43.02,39.2,9.74,43020000000.0,15.97,-300.895,10.607,
SH688790,昂瑞微-UW,2588.0,93.68,94.5,-0.87,9324128532.0,7.55,120.679,3.173,
SH688750,金天钛业,2585.0,13.79,13.72,0.51,6377875000.0,0.81,123.707,2.565,0.167
SH601123,马矿股份,2565.0,17.05,16.85,1.19,21050119443.0,14.91,31.961,,
SH900923,百联B股,2549.0,0.574,0.571,0.53,1024112499.0,0.15,5.572,0.335,3.833
SH603276,恒兴新材,2523.0,18.18,17.68,2.83,3775067855.0,6.47,48.873,2.108,0.825
SH688395,正弦电气,2510.0,25.4,25.75,-1.36,2199582088.0,1.78,50.592,2.778,0.709
SH688038,中科通达,2505.0,18.48,18.48,0.0,2150580432.0,1.97,-2278.195,3.604,
SH900941,东信B股,2496.0,0.483,0.48,0.63,606648031.0,0.18,7.428,1.008,1.656
SH688712,北芯生命,2484.0,30.3,29.97,1.1,12635100000.0,3.19,102.279,6.935,
SH900908,氯碱B股,2455.0,0.591,0.588,0.51,683432386.0,0.11,5.774,0.486,5.922
SH900903,大众B股,2442.0,0.181,0.179,1.12,427906238.0,0.06,-16.664,0.303,1.657
SH688679,通源环境,2424.0,35.82,36.71,-2.42,4717124159.0,2.03,-123.06,4.323,
SH900947,振华B股,2412.0,0.253,0.253,0.0,1335650723.0,0.03,10.05,0.562,4.743
SH688296,和达科技,2411.0,24.39,24.6,-0.85,2619319172.0,3.97,-34.195,4.704,
SH603334,丰倍生物,2407.0,33.02,33.41,-1.17,4738370000.0,7.43,34.608,2.739,1.06
SH688251,井松智能,2353.0,18.29,18.0,1.61,1840019085.0,3.21,-109.51,2.265,0.273
SH603370,华新精科,2327.0,27.52,27.21,1.14,4814624000.0,2.17,35.947,2.466,1.036
SH688285,高铁电气,2313.0,7.69,7.6,1.18,2893669431.0,0.73,52.13,1.685,0.286
SH688759,必贝特-U,2300.0,20.05,20.73,-3.28,9023234973.0,7.34,-50.835,5.664,
SH688175,高凌信息,2288.0,30.66,30.94,-0.9,5154316986.0,4.57,-774.458,3.017,0.251
SH603205,健尔康,2284.0,21.88,21.72,0.74,3413280000.0,2.24,30.007,2.264,1.143
SH603310,巍华新材,2281.0,14.6,14.52,0.55,5041964000.0,0.81,32.031,1.251,1.37
SH688657,浩辰软件,2268.0,33.06,32.5,1.72,3154597498.0,1.65,68.109,2.254,1.237
SH688806,泰诺麦博-U,2256.0,30.34,27.15,11.75,13972971405.0,42.08,-27.369,14.879,
SH603382,海阳科技,2251.0,18.98,18.94,0.21,3440150965.0,1.41,34.173,1.916,0.527
SH688171,纬德信息,2251.0,25.9,24.14,7.29,3026434684.0,4.12,3000.076,3.714,0.124
SH900945,海控B股,2220.0,0.2,0.199,0.5,8643126507.0,0.09,26.397,10.526,
SH603406,天富龙,2174.0,28.11,27.93,0.64,11244281100.0,2.6,23.965,2.383,4.447
SH900939,汇丽B,2164.0,0.417,0.411,1.46,75685500.0,0.25,57.665,2.844,
SH688570,天玛智控,2163.0,14.4,14.31,0.63,6235200000.0,0.67,178.247,1.462,0.694
SH688367,工大高科,2143.0,30.2,30.08,0.4,2646262920.0,1.86,381.467,4.488,0.364
SH603391,力聚热能,2049.0,70.86,71.89,-1.43,6448260000.0,16.14,31.28,2.982,2.117
SH688215,瑞晟智能,2035.0,41.17,41.14,0.07,3719761415.0,1.61,64.187,7.447,0.301
SH688695,中创股份,2029.0,20.29,19.79,2.53,1725692460.0,2.55,-43.494,2.295,
SH688178,万德斯,1982.0,28.81,28.35,1.62,2448787886.0,1.6,-28.619,2.665,
SH900909,华谊B股,1955.0,0.5,0.499,0.2,1059745407.0,0.05,12.732,0.314,3.2
SH603409,汇通控股,1946.0,17.47,17.55,-0.46,3280479791.0,4.56,21.637,2.137,1.151
SH688455,科捷智能,1936.0,17.17,17.33,-0.92,2885086535.0,1.48,23.222,2.778,
SH688132,邦彦技术,1931.0,15.72,15.76,-0.25,2392980207.0,1.37,-9.339,2.149,
SH688184,ST帕瓦,1922.0,10.87,10.9,-0.28,1703632643.0,0.69,-3.442,1.549,
SH688671,碧兴物联,1919.0,24.2,24.66,-1.87,1900157380.0,3.09,-20.639,1.926,
SH603210,泰鸿万立,1908.0,13.61,13.73,-0.87,4632844000.0,2.44,21.623,2.376,0.867
SH688616,西力科技,1908.0,11.14,11.1,0.36,1998273872.0,1.01,19.435,2.255,2.648
SH900937,华电B股,1855.0,0.196,0.196,0.0,1549837897.0,0.29,31.12,1.972,
SH688450,光格科技,1853.0,30.37,30.39,-0.07,2004420000.0,3.28,-40.4,2.16,
SH603376,大明电子,1851.0,28.15,26.85,4.84,11260028150.0,12.55,67.782,6.576,0.533
SH900928,临港B股,1833.0,0.575,0.576,-0.17,1450430027.0,0.13,7.552,0.58,5.043
SH603448,天博智能,1820.0,57.73,58.32,-1.01,6927600000.0,13.63,21.154,1.875,
SH900901,云赛B股,1796.0,0.614,0.602,1.99,839751501.0,0.27,28.039,1.13,0.977
SH900929,锦旅B股,1769.0,0.89,0.891,-0.11,117975080.0,0.09,55.339,0.804,1.685
SH688755,汉邦科技,1737.0,28.88,29.32,-1.5,3303872000.0,3.04,43.329,2.571,0.319
SH603262,技源集团,1735.0,17.35,16.96,2.3,6940173500.0,2.21,63.631,4.39,0.795
SH688528,秦川物联,1722.0,10.14,10.31,-1.65,1703520000.0,1.21,-17.447,3.928,
SH900927,物贸B股,1720.0,0.322,0.321,0.31,159703278.0,0.05,43.262,0.859,
SH688067,爱威科技,1710.0,24.07,24.2,-0.54,1636760000.0,1.83,50.371,3.116,0.631
SH688193,仁度生物,1658.0,51.5,51.92,-0.81,2063598305.0,1.7,117.084,2.334,2.161
SH900913,国新B股,1624.0,0.213,0.217,-1.84,410917848.0,0.42,-10.947,0.864,
SH603352,至信股份,1611.0,25.52,25.0,2.08,5784533342.0,3.0,30.934,1.954,0.431
SH900904,神奇B股,1582.0,0.441,0.439,0.46,235525588.0,0.3,57.564,0.687,2.268
SH900914,锦在线B,1526.0,0.426,0.423,0.71,234985906.0,0.04,12.949,0.361,4.46
SH603293,埃泰克,1487.0,35.05,35.18,-0.37,6277127563.0,3.46,25.174,2.13,
SH688429,时创能源,1465.0,9.7,9.66,0.41,3880007760.0,0.37,-8.939,3.432,
SH688426,康为世纪,1456.0,21.51,21.36,0.7,2419739831.0,2.21,-27.914,1.835,
SH688459,哈铁科技,1455.0,8.12,8.2,-0.98,3897600000.0,0.34,52.44,1.146,1.478
SH900917,海欣B股,1414.0,0.251,0.249,0.8,302971230.0,0.09,10.257,0.403,2.789
SH688479,友车科技,1372.0,32.1,32.07,0.09,6462511956.0,2.34,169.513,3.498,0.573
SH900920,动力B股,1367.0,0.268,0.268,0.0,371936238.0,0.2,0.766,0.386,
SH900915,ST中路B,1362.0,0.27,0.267,1.12,86790936.0,0.99,-9.077,1.159,
SH688420,美腾科技,1210.0,22.27,22.63,-1.59,1969336100.0,1.24,-59.988,1.402,
SH688701,卓锦股份,1208.0,8.43,8.44,-0.12,1131958246.0,1.98,-15.821,10.277,
SH688816,易思维,1202.0,47.07,46.94,0.28,4707000000.0,1.61,101.313,2.63,0.51
SH900918,耀皮B股,1143.0,0.312,0.312,0.0,304748207.0,0.04,24.525,0.527,0.641
SH688370,丛麟科技,1093.0,29.0,28.81,0.66,3976128491.0,1.11,99.647,1.514,0.717
SH688638,誉辰智能,1059.0,34.28,34.82,-1.55,1919680000.0,2.68,-11.214,2.596,
SH603284,林平发展,980.0,41.0,40.23,1.91,3092006800.0,4.89,14.704,1.382,1.512
SH900921,金煤B股,967.0,0.182,0.186,-2.15,185007412.0,0.47,-16.264,15.69,
SH900943,开开B股,934.0,0.428,0.427,0.23,112415032.0,0.09,32.226,0.947,0.467
SH603468,津富士达,908.0,22.08,21.95,0.59,9101855136.0,8.1,24.255,2.54,
SH900922,三毛B股,778.0,0.65,0.65,0.0,130644373.0,0.14,67.56,1.825,0.462
SH603733,仙鹤股份,,17.78,17.94,-0.89,14530762429.0,0.75,13.473,1.446,3.493
