symbol,net_profit_cagr,north_net_inflow,ps,type,percent,has_follow,tick_size,pb_ttm,float_shares,current,amplitude,pcf,current_year_percent,float_market_capital,north_net_inflow_time,market_capital,dividend_yield,lot_size,roe_ttm,total_percent,percent5m,income_cagr,amount,chg,issue_date_ts,eps,main_net_inflows,volume,volume_ratio,pb,followers,turnover_rate,mapping_quote_current,first_percent,name,pe_ttm,dual_counter_mapping_symbol,total_shares,limitup_days,last_close,board,prev,rate_3d,chg_3d
SZ301513,-45.838297246339465,0.0,6.5462,11,19.98,False,0.01,5.212,20148989.0,67.81,24.77,19.0453,156.1,1366302944.0,1790697600000.0,6781000000.0,0.693,100.0,8.631379010859938,-31.72,0.46,28.450228505591713,597216215.84,11.29,1776355200000.0,0.85,74156133.0,9719828.0,3.59,5.212,2029.0,48.24,,286.72,尚水智能,79.894,,100000000.0,0,56.52,创业板,1774.0,14.374295377677566,255.0
SH603073,-27.7077420508572,,3.2433,11,10.01,False,0.01,1.919,116000000.0,22.97,13.75,73.8995,23.02,2664520000.0,,2664520000.0,0.435,100.0,3.628987242200865,2.45,0.97,5.746886863963674,478817025.0,2.09,1678896000000.0,0.43,-9841485.0,21605837.0,2.71,1.919,2405.0,18.63,,43.98,彩蝶实业,53.338,,116000000.0,1,20.88,沪市主板,2276.0,5.6678383128295255,129.0
SZ301599,-3.3425289480900178,0.0,6.4876,11,13.15,False,0.01,7.373,54700536.0,37.0,14.89,20.1539,167.2,2023919832.0,1790697600000.0,15969200000.0,0.405,100.0,14.874749549057228,-22.57,0.0,14.010099272719456,506541398.02,4.3,1777478400000.0,0.56,69212392.0,14072265.0,3.34,7.372,2533.0,25.73,,348.6,理奇智能,65.947,,431600000.0,0,32.7,创业板,2407.0,5.234732031574574,126.0
SH600241,85.66134858191101,,6.9609,11,9.98,False,0.01,3.077,294302115.0,10.69,14.61,,28.02,3146089609.0,,3146089609.0,,100.0,-13.541192499031135,7.47,0.0,-6.732634066990794,326386711.0,0.97,975340800000.0,-0.5,-1642962.0,32032491.0,3.38,3.077,14467.0,10.88,,221.94,时代万恒,-21.184,,294302115.0,4,9.72,沪市主板,14001.0,3.328333690450682,466.0
SZ301190,82.57429082275986,0.0,9.0007,11,9.99,False,0.01,4.247,181854000.0,39.52,11.72,,88.13,7186870080.0,1790697600000.0,8482434480.0,0.364,100.0,5.577931170996779,11.3,0.3,34.48107739548192,1366481915.61,3.59,1640275200000.0,0.51,68314451.0,35011492.0,2.65,4.247,6806.0,19.25,,34.51,善水科技,77.629,,214636500.0,0,35.93,创业板,6613.0,2.9184938756993803,193.0
SZ301677,4.208518432427222,,10.243,11,6.71,False,0.01,3.744,21440018.0,54.23,11.04,27.1306,61.49,1162692176.0,,5423000000.0,,100.0,14.766706409531855,-45.77,0.07,8.87954188882838,315513167.2,3.41,1785340800000.0,1.99,62013230.0,5861327.0,1.62,2.457,1521.0,27.34,,145.38,欣兴工具,27.225,,100000000.0,0,50.82,创业板,1486.0,2.355316285329744,35.0
SZ001316,42.325790523548456,0.0,3.2488,11,-3.1,False,0.01,3.159,150367978.0,26.61,5.9,17.4117,-3.71,4001291895.0,1790697600000.0,4288509857.0,2.484,100.0,16.839844069822696,61.04,0.04,21.58596301785074,79692160.67,-0.85,1656000000000.0,1.36,-6482481.0,2942386.0,1.05,3.159,11070.0,1.96,,44.01,润贝航科,19.627,,161161588.0,0,27.46,深市主板,10841.0,2.112351259108938,229.0
SH600812,168.47674808899896,0.0,1.1485,11,10.04,False,0.01,1.704,1715730370.0,5.48,2.41,7.6079,-0.11,9402202428.0,1790697600000.0,9402202428.0,0.639,100.0,2.2466892828428895,273.27,0.0,-9.93933257248296,494359000.0,0.5,758476800000.0,0.07,-244122226.0,90337032.0,2.77,1.704,44650.0,5.27,,38.0,华北制药,76.19,,1715730370.0,1,4.98,沪市主板,43791.0,1.9615902811079902,859.0
SZ002058,,,3.8977,11,10.0,False,0.01,44.001,143365832.0,22.22,3.96,40.0912,-4.96,3185588787.0,,3187421937.0,,100.0,17.911741164810486,475.36,0.0,73.79033014691423,104419028.0,2.02,1154448000000.0,0.23,-72576570.0,4724400.0,1.69,44.0,23462.0,3.3,,83.55,紫竹高科,94.666,,143448332.0,3,20.2,深市主板,23019.0,1.924497154524523,443.0
SZ301688,26.122448270124554,,4.7366,11,3.01,False,0.01,6.32,25984953.0,40.34,6.61,27.9891,53.21,1048233004.0,,5378666694.0,,100.0,24.14922775172758,-31.63,0.2,17.56535723506587,312737801.83,1.18,1788278400000.0,1.37,11010898.0,7687017.0,1.07,3.317,1063.0,29.58,,104.41,格林生物,29.407,,133333334.0,0,39.16,创业板,1044.0,1.8199233716475096,19.0
SZ001336,9.31862153281422,,4.448,11,10.02,False,0.01,2.613,64298663.0,20.65,10.82,75.7265,10.4,1327767391.0,,2157626608.0,0.446,100.0,5.223554434398351,-0.3,0.0,9.178933175809266,124843842.62,1.88,1658678400000.0,0.41,-65874106.0,6121384.0,3.2,2.613,2833.0,9.52,,43.99,楚环科技,50.964,,104485550.0,1,18.77,深市主板,2783.0,1.7966223499820337,50.0
SZ301119,-3.790364399304469,,9.2449,11,10.07,False,0.01,4.123,117754000.0,30.49,18.88,29.8312,-18.72,3590319460.0,,4439344000.0,0.282,100.0,9.457514241026226,16.03,0.13,6.463880054481175,325003554.21,2.79,1637510400000.0,0.67,34101954.0,10534137.0,2.7,4.123,4249.0,8.95,,193.18,正强股份,45.365,,145600000.0,0,27.7,创业板,4177.0,1.723725161599234,72.0
SZ301636,-65.09855113934945,,3.655,11,10.5,False,0.01,2.643,37781423.0,44.4,13.29,,-9.2,1677495181.0,,2872419061.0,,100.0,-1.3513020663681485,-31.63,0.91,-3.9396858373507038,191692323.87,4.22,1747324800000.0,-0.23,16860749.0,4374295.0,2.76,2.643,2156.0,11.58,,99.52,泽润新能,-193.251,,64694123.0,0,40.18,创业板,2121.0,1.65016501650165,35.0
SH688710,-26.029943424909263,0.0,16.7736,82,1.91,False,0.01,6.387,92456209.0,107.21,12.19,39.898,142.83,9912230167.0,1790697600000.0,15114424524.0,,1.0,1.0144784796866633,253.84,-0.28,-1.0716769057302455,550239129.0,2.01,1725292800000.0,0.17,-14425100.68,5172217.0,1.07,6.387,4024.0,5.59,,41.61,益诺思,633.825,,140979615.0,0,105.2,科创板,3959.0,1.6418287446324829,65.0
SZ300530,-47.885918796944374,0.0,28.6895,11,19.98,False,0.01,47.342,171951354.0,24.08,21.57,,-9.81,4140588604.0,1790697600000.0,4140588604.0,,100.0,-75.78316700494307,267.5,0.0,-6.1318824221993085,400319984.89,4.01,1470672000000.0,-0.4,48040657.0,17725863.0,3.69,47.346,16086.0,10.31,,44.02,领湃科技,-60.534,,171951354.0,1,20.07,创业板,15827.0,1.6364440513047325,259.0
SH603928,24.092153383335436,,2.7888,11,10.02,False,0.01,3.03,340704000.0,14.38,7.27,47.3456,17.98,4899323520.0,,4899323520.0,1.057,100.0,7.657935532427458,142.49,0.0,8.787947195767698,363872133.0,1.31,1481472000000.0,0.35,123808533.0,25758214.0,2.91,3.03,13906.0,7.56,,43.97,兴业股份,40.519,,340704000.0,2,13.07,沪市主板,13685.0,1.6149068322981366,221.0
SZ301234,-22.915112312101837,,22.6428,11,9.09,False,0.01,13.191,40318026.0,147.98,9.16,194.0621,250.16,5966261487.0,,10062640000.0,0.135,100.0,3.1331720567177146,206.03,0.69,-7.0215734900969995,367695150.56,12.33,1656950400000.0,0.35,-2469408.0,2568333.0,0.86,13.191,5622.0,6.37,,78.96,五洲医疗,423.846,,68000000.0,0,135.65,创业板,5535.0,1.5718157181571817,87.0
SH605303,1.0730369131559003,,11.1459,11,10.01,False,0.01,6.461,161237408.0,31.53,0.0,,82.25,5083815474.0,,5083815474.0,,100.0,-19.134161794215114,63.74,0.0,-11.354931692070947,10140048.0,2.87,1614528000000.0,-1.03,-2226018.0,321600.0,0.17,6.461,8549.0,0.2,,44.02,园林股份,-30.538,,161237408.0,3,28.66,沪市主板,8419.0,1.5441263808053214,130.0
SH688625,2.161819121424302,0.0,17.4358,82,-0.02,False,0.01,10.516,259666940.0,66.57,15.2,59.2856,125.23,17286028196.0,1790697600000.0,17286028196.0,,1.0,16.75522369949391,246.61,-0.12,7.977631678816799,824004113.0,-0.01,1622995200000.0,0.99,-48842440.480000004,11710687.0,1.49,10.631,6524.0,4.51,,147.45,呈和科技,67.19,,259666940.0,0,66.58,科创板,6427.0,1.5092578185778744,97.0
SZ002923,2.2255127211501247,,2.8801,11,4.26,False,0.01,3.569,258064083.0,11.5,9.52,22.9693,-5.35,2967736955.0,,3851272789.0,,100.0,1.256237469768662,94.92,0.17,5.605471200023038,473545353.15,0.47,1515081600000.0,0.04,-158204257.0,40394480.0,7.73,3.569,20023.0,15.65,,43.97,润都股份,285.871,,334893286.0,0,11.03,深市主板,19758.0,1.3412288693187568,265.0
SZ300683,56.66461034308394,,7.2512,11,6.7,False,0.01,1.713,122199604.0,27.25,14.68,,-1.73,3329939209.0,,3566872155.0,,100.0,-12.214778312972477,-35.94,1.19,-9.669547953787061,696012863.18,1.71,1502121600000.0,-2.07,-221892194.0,24239871.0,5.75,1.713,17163.0,19.84,,43.99,海特生物,-13.172,,130894391.0,0,25.54,创业板,16938.0,1.3283740701381508,225.0
SH688098,,,12.4021,82,-0.59,False,0.01,2.491,410644000.0,8.41,4.14,442.6572,-5.29,3453516040.0,,3453516040.0,,1.0,-1.9237417553191183,-66.96,0.24,-4.203001416627583,24988529.0,-0.05,1572192000000.0,-0.07,-2388734.0,2926665.0,0.9,2.491,3802.0,0.71,,318.3,申联生物,-128.999,,410644000.0,0,8.46,科创板,3753.0,1.3056221689315215,49.0
SZ301449,-2.518074322120545,0.0,4.4527,11,9.24,False,0.01,3.37,20543479.0,42.8,9.09,26.474,-28.34,879260901.0,1790697600000.0,3907826094.0,1.002,100.0,11.303758099775116,-22.92,0.85,7.069938581406943,138381849.4,3.62,1766419200000.0,1.07,22808975.0,3323935.0,3.59,3.37,1741.0,16.18,,174.48,天溯计量,39.832,,91304348.0,0,39.18,创业板,1719.0,1.2798138452588714,22.0
SH603334,1.2264390525743796,,1.1869,11,5.06,False,0.01,2.772,31816703.0,33.41,6.73,,-19.39,1062996047.0,,4794335000.0,1.048,100.0,10.64724818493225,-48.95,-0.03,42.82704004706943,110767356.0,1.61,1762272000000.0,0.95,15904267.0,3358357.0,3.78,2.772,2385.0,10.56,,172.6,丰倍生物,35.016,,143500000.0,0,31.8,沪市主板,2355.0,1.2738853503184715,30.0
SH603200,,0.0,16.8725,11,9.99,False,0.01,7.953,175480103.0,49.21,10.55,,-30.78,8635375869.0,1790697600000.0,8635375869.0,0.061,100.0,-2.2255799588810707,384.49,0.0,-1.1554387666282695,1534273456.0,4.47,1496246400000.0,-0.14,100616735.26999998,32152564.0,4.06,7.953,51903.0,18.32,,43.98,上海洗霸,-359.305,,175480103.0,3,44.74,沪市主板,51262.0,1.2504389216183527,641.0
SH688805,33.50116265299348,,9.7079,82,-1.55,False,0.01,5.244,33536000.0,38.23,4.25,540.3666,-8.78,1282081280.0,,6410406400.0,0.785,1.0,10.812954851333389,-40.89,-0.16,19.319748690019377,36723859.0,-0.6,1766505600000.0,0.55,1929452.0,954850.0,1.03,5.244,3050.0,2.85,,212.81,健信超导,69.332,,167680000.0,0,38.83,科创板,3014.0,1.1944260119442602,36.0
SZ300619,,0.0,2.8669,11,17.57,False,0.01,3.969,190432446.0,28.17,19.53,22.8524,-16.5,5364482004.0,1790697600000.0,6372041464.0,0.089,100.0,4.8828042938231935,379.91,0.04,7.3498367404567055,698192837.2,4.21,1488297600000.0,0.34,46223288.0,25340977.0,3.08,4.034,22580.0,13.31,,43.99,金银河,83.415,,226199555.0,0,23.96,创业板,22315.0,1.1875420120994846,265.0
SH605507,0.13903526134733113,0.0,2.2344,11,-3.26,False,0.01,1.63,782352900.0,17.5,7.68,15.0229,1.59,13691175750.0,1790697600000.0,13691175750.0,2.451,100.0,8.587606389990702,-28.82,-0.17,5.27875716019508,190475772.0,-0.59,1627833600000.0,0.9,763761.0,10593560.0,1.17,1.63,9870.0,1.35,,44.0,国邦医药,19.376,,782352900.0,0,18.09,沪市主板,9759.0,1.1374116200430373,111.0
SH603137,,,2.9848,11,10.01,False,0.01,3.006,182933334.0,19.56,8.77,,42.36,3578176013.0,,3578176013.0,,100.0,-4.166465865664051,-4.14,0.0,-23.340248521639108,139451524.0,1.78,1681833600000.0,-0.28,23608493.0,7300745.0,0.78,3.006,5402.0,3.99,,59.25,恒尚节能,-70.637,,182933334.0,1,17.78,沪市主板,5343.0,1.104248549504024,59.0
SZ300875,22.40147174228888,,8.5875,11,6.04,False,0.01,3.905,87791669.0,33.19,12.84,156.3652,-18.03,2913805494.0,,3313515386.0,,100.0,-12.559546926374543,-72.74,-0.03,21.096244822658285,369992685.44,1.89,1598198400000.0,-1.14,-10434595.52000001,10676789.0,5.86,3.905,13718.0,12.16,,173.07,捷强装备,-29.215,,99834751.0,0,31.3,创业板,13571.0,1.0831921008031833,147.0
SZ002866,1.6884397014615304,0.0,2.4698,11,10.0,False,0.01,2.566,183768894.0,18.59,14.26,30.4138,3.47,3416263739.0,1790697600000.0,5382218739.0,0.323,100.0,3.1457240368891983,104.23,0.0,7.723750091346182,671544940.17,1.69,1493136000000.0,0.23,-40616961.0,37798595.0,3.16,2.566,53499.0,20.57,,44.03,传艺科技,82.496,,289522256.0,3,16.9,深市主板,52927.0,1.0807338409507434,572.0
SH605366,,0.0,5.6653,11,6.05,False,0.01,3.187,772827700.0,11.04,9.99,,78.06,8532017808.0,1790697600000.0,8532017808.0,,100.0,-6.325442674425595,77.88,0.73,5.155683602964989,1014084063.0,0.63,1597161600000.0,-0.19,-4999227.0,95354584.0,1.2,3.187,22705.0,12.34,,43.99,宏柏新材,-57.008,,772827700.0,0,10.41,沪市主板,22463.0,1.0773271602190269,242.0
SZ301662,-30.694596373091933,0.0,3.9672,11,3.44,False,0.01,5.838,44592018.0,76.43,8.69,19.5868,-7.47,3408167936.0,1790697600000.0,8865880000.0,0.542,100.0,6.70647999531057,56.11,0.09,-6.951184210547101,624612742.05,2.54,1744819200000.0,0.86,32600246.0,8187208.0,1.89,5.838,8672.0,18.36,,165.08,宏工科技,88.568,,116000000.0,0,73.89,创业板,8580.0,1.0722610722610724,92.0
SH688196,-35.416369354410485,0.0,1.5372,82,20.0,False,0.01,1.479,127190795.0,36.12,19.97,,-37.86,4594131515.0,1790697600000.0,4594131515.0,1.384,1.0,1.7859642525804102,-13.21,0.0,3.5632725464774806,217545128.0,6.02,1574265600000.0,0.42,-16549889.0,6399443.0,3.46,1.478,12276.0,5.03,,18.5,卓越新能,86.238,,127190795.0,1,30.1,科创板,12146.0,1.0703112135682529,130.0
SH605177,,,2.9786,11,6.02,False,0.01,1.732,113652363.0,25.72,9.85,145.3576,44.49,2923138776.0,,2950236108.0,,100.0,-9.593403821492274,-27.86,0.23,-8.069367870464362,347291144.0,1.46,1606233600000.0,-1.49,-36569205.0,13278200.0,1.97,1.855,5688.0,11.68,,44.01,东亚药业,-17.299,,114705914.0,0,24.26,沪市主板,5628.0,1.0660980810234542,60.0
SH603863,-18.069985170157523,,5.5652,11,10.02,False,0.01,12.785,204650000.0,13.62,13.09,,-31.73,2787333000.0,,2787333000.0,,100.0,-60.071692496473325,15.02,0.0,-3.4458720527936637,114433836.0,1.24,1561046400000.0,-0.91,6036633.0,8615025.0,1.42,12.785,7723.0,4.21,,44.02,松炀资源,-14.89,,204650000.0,1,12.38,沪市主板,7644.0,1.0334903192046048,79.0
SH603210,12.588316282308053,0.0,1.8799,11,3.78,False,0.01,2.397,232677500.0,13.73,8.47,26.0983,-28.87,3194662075.0,1790697600000.0,4673692000.0,0.859,100.0,11.502499875637774,-53.89,0.15,21.555574325781457,119537416.0,0.5,1744128000000.0,0.63,19643107.0,8719060.0,3.82,2.397,1901.0,3.75,,253.95,泰鸿万立,21.814,,340400000.0,0,13.23,沪市主板,1882.0,1.0095642933049946,19.0
SH601956,,,0.5486,11,9.96,False,0.01,1.457,621616590.0,5.52,10.56,7.8004,-20.92,3431323577.0,,3431323577.0,1.793,100.0,-1.718502898973275,-45.55,0.0,2.5258308226505655,65750575.0,0.5,1608825600000.0,-0.07,2359179.0,12109562.0,1.04,1.457,8349.0,1.95,,37.15,东贝集团,-82.023,,621616590.0,1,5.02,沪市主板,8266.0,1.0041132349383015,83.0
SH688175,-60.80206477700967,,23.0302,82,6.73,False,0.01,3.045,168112100.0,30.94,9.59,,25.24,5201388374.0,,5201388374.0,0.249,1.0,-0.3859615003348327,17.37,-0.1,-14.739788381419583,384460184.0,1.95,1647273600000.0,-0.04,17732933.9,12653722.0,1.18,3.045,2263.0,7.53,,-10.99,高凌信息,-781.531,,168112100.0,0,28.99,科创板,2242.0,0.936663693131133,21.0
SZ001266,,,4.7211,11,4.15,False,0.01,4.477,58147647.0,41.62,9.33,23.576,6.38,2420105068.0,,4313982172.0,0.706,100.0,4.465983096973492,32.16,1.34,42.16491315794797,573437155.34,1.66,1645977600000.0,0.41,-45204493.0,13852699.0,1.95,4.477,9055.0,23.82,,44.0,宏英智能,101.212,,103651662.0,0,39.96,深市主板,8976.0,0.8801247771836006,79.0
SH603906,,0.0,1.3238,11,9.98,False,0.01,3.197,562996503.0,20.94,9.14,,4.65,11789146773.0,1790697600000.0,16565883312.0,,100.0,8.044680659618155,220.54,0.0,26.72095192205417,1705973717.0,1.9,1491753600000.0,0.42,91996506.0,83811870.0,5.51,3.197,52436.0,14.89,,44.01,龙蟠科技,49.729,,791111906.0,2,19.04,沪市主板,51992.0,0.8539775350053855,444.0
SZ301486,-56.68219011247571,0.0,23.183,11,10.03,False,0.01,10.445,72918843.0,209.86,10.83,,69.17,15302748392.0,1790697600000.0,27018057186.0,,100.0,-2.929131223495575,208.93,0.14,38.09416486738299,2481517167.45,19.13,1688659200000.0,-0.59,-43433580.0,11705473.0,2.18,10.44,24236.0,16.05,,9.61,致尚科技,-354.442,,128743244.0,0,190.73,创业板,24032.0,0.8488681757656458,204.0
SH688758,70.66547853294371,0.0,24.7944,82,-1.19,False,0.01,8.933,298183672.0,29.77,7.67,80.9666,68.37,8876927915.0,1790697600000.0,12398135781.0,0.235,1.0,13.699468225836785,6.47,-0.1,36.0269377373319,486456366.0,-0.36,1736438400000.0,0.44,-4622311.0,16159104.0,1.29,8.933,4900.0,5.42,,379.17,赛分科技,67.559,,416464084.0,0,30.13,科创板,4859.0,0.843795019551348,41.0
SZ002774,-36.5004437093117,,4.441,11,9.99,False,0.01,5.66,281771935.0,19.04,9.94,68.9888,110.28,5364937642.0,,6410537616.0,1.576,100.0,4.7747918928937745,239.69,0.0,-5.067067218673471,134655120.0,1.73,1490284800000.0,0.16,747087.0,7235100.0,0.7,5.66,11590.0,2.57,,43.93,快意电梯,116.073,,336687900.0,1,17.31,深市主板,11498.0,0.8001391546355887,92.0
SZ300843,31.18957347800999,0.0,9.7169,11,0.25,False,0.01,11.943,166408357.0,120.11,7.56,145.3421,133.19,19987307759.0,1790697600000.0,20372664960.0,0.161,100.0,9.53244756113842,922.65,0.12,26.961864441934335,724052273.84,0.3,1593619200000.0,0.93,10266335.0,5893783.0,0.9,11.527,19171.0,3.54,,43.96,胜蓝股份,129.269,,169616726.0,0,119.81,创业板,19021.0,0.7886020713947741,150.0
SZ001300,,,7.0446,11,10.02,False,0.01,3.475,243775914.0,13.51,10.99,508.0246,-12.56,3293412598.0,,3293412598.0,,100.0,-9.848166681027053,1.37,0.0,12.740245647433412,113204255.0,1.23,1666108800000.0,-0.4,-22360283.0,8573900.0,2.65,3.475,9869.0,3.52,,43.96,三柏硕,-33.487,,243775914.0,1,12.28,深市主板,9795.0,0.7554874936191934,74.0
SH603968,60.99633258315376,,0.9505,11,6.96,False,0.01,1.424,204480000.0,12.3,9.3,,10.12,2515104000.0,,2515104000.0,,100.0,-3.7395055161209516,11.32,0.16,-4.024094188346428,284314009.0,0.8,1431878400000.0,-0.33,1284853.0,23789689.0,2.13,1.424,21256.0,11.63,,44.02,醋化股份,-37.354,,204480000.0,0,11.5,沪市主板,21098.0,0.7488861503460044,158.0
SH688499,,0.0,2.1638,82,6.64,False,0.01,3.208,168728510.0,44.99,16.95,19.2472,-22.05,7591095665.0,1790697600000.0,7591095665.0,,1.0,2.4625839554754414,-66.96,0.04,-7.5647768311735035,748988274.0,2.8,1625068800000.0,0.34,26646849.700000003,16860677.0,1.61,3.207,25642.0,9.99,,358.69,利元亨,133.07,,168728510.0,0,42.19,科创板,25452.0,0.7465032217507465,190.0
SZ002388,,,2.3218076500274076,11,0.0,False,0.01,4.929,506223495.0,9.1,,42.38757295075038,42.63,4606633805.0,,4609461402.0,,100.0,-4.208291239272213,-40.95,0.0,-1.506971103788235,0.0,0.0,1271088000000.0,-0.08,,0.0,0.0,4.929,25709.0,0.0,,275.33,新亚制程,-113.719,,506534220.0,0,9.1,深市主板,25522.0,0.7327011989655984,187.0
SH688573,,,4.6281,82,5.85,False,0.01,5.878,53216225.0,18.08,13.47,,-20.67,962149348.0,,1767399335.0,,1.0,-93.92263694255094,-56.51,-0.6,1.7708447599173338,166539531.0,1.0,1692201600000.0,-4.9,6876933.300000001,9229447.0,1.31,5.878,3726.0,17.34,,76.1,信宇人,-3.688,,97754388.0,0,17.08,科创板,3699.0,0.7299270072992701,27.0
SH600513,-42.36503511490587,0.0,1.5809,11,10.01,False,0.01,3.754,285456270.0,16.6,6.56,80.6938,-8.91,4738574082.0,1790697600000.0,4738574082.0,0.422,100.0,-3.6862452292636703,475.77,0.0,15.08828633472723,745954769.0,1.51,1048003200000.0,-0.17,-41625290.0,45633643.0,6.51,3.754,37972.0,15.99,,135.53,联环药业,-99.17,,285456270.0,1,15.09,沪市主板,37707.0,0.7027872808762299,265.0
SH688026,-14.59794176589303,,7.1615,82,5.94,False,0.01,3.779,140364467.0,29.25,11.95,28.7724,82.63,4105660660.0,,4105660660.0,0.246,1.0,1.8756951565010644,-22.83,0.83,8.012449050540148,495416141.0,1.64,1579622400000.0,0.16,34964396.92,16950603.0,1.53,3.779,8384.0,12.08,,223.59,洁特生物,180.753,,140364467.0,0,27.61,科创板,8327.0,0.684520235378888,57.0
SZ301283,15.85173846434107,,1.1803,11,0.71,False,0.01,1.829,91361202.0,25.43,3.41,21.9319,-19.71,2323315367.0,,2955544685.0,5.203,100.0,11.306099008347054,-21.8,-0.12,21.438120676970197,14653017.48,0.18,1662048000000.0,1.56,-539214.0,574318.0,0.91,1.829,3938.0,0.63,,-10.93,聚胶股份,16.294,,116222756.0,0,25.25,创业板,3916.0,0.5617977528089888,22.0
SZ300426,142.808365301513,,28.5536,11,2.91,False,0.01,22.801,400000000.0,7.79,9.11,,0.91,3116000000.0,,3508482090.0,,100.0,-96.98540985286901,43.22,-0.13,-26.081397259711636,276424117.7,0.22,1424102400000.0,-0.64,11280878.0,35666065.0,1.51,22.804,23947.0,8.92,,44.02,华智数媒,-12.124,,450382810.0,0,7.57,创业板,23816.0,0.5500503862949278,131.0
SH600789,-16.132000302901474,0.0,1.4561,11,3.82,False,0.01,1.622,1010298197.0,8.15,7.52,11.4395,-9.21,8233930306.0,1790697600000.0,8518296691.0,0.613,100.0,3.12295420025377,87.95,0.49,-1.2490141713443759,1058969466.0,0.3,856886400000.0,0.14,-149796260.0,127554447.0,5.21,1.622,86756.0,12.63,,0.0,鲁抗医药,59.313,,1045189778.0,0,7.85,沪市主板,86282.0,0.5493613963514986,474.0
SZ002882,-27.745307473608584,0.0,2.4604,11,7.89,False,0.01,5.527,246990038.0,26.95,11.53,,-10.24,6656381524.0,1790697600000.0,11666655000.0,0.371,100.0,3.756260231630393,319.17,-1.79,7.222758366325088,921408948.39,1.97,1500220800000.0,0.18,96849483.0,34780139.0,2.2,5.527,47660.0,14.08,,44.03,金龙羽,148.304,,432900000.0,0,24.98,深市主板,47401.0,0.5464019746418852,259.0
SZ000011,,0.0,2.8887,11,-0.98,False,0.01,2.181,526475543.0,12.12,10.95,,34.88,6380883581.0,1790697600000.0,7223266595.0,0.165,100.0,-1.4568743599416782,313.64,-0.82,-3.7951880557885898,1513302213.86,-0.12,701884800000.0,-0.08,-100646144.05000001,116472464.0,3.11,2.181,43456.0,22.12,,205.56,深物业A,-148.266,,595979092.0,0,12.24,深市主板,43222.0,0.541390958308269,234.0
SZ002487,41.80799192588949,0.0,5.4633,11,5.01,False,0.01,2.492,630920266.0,48.61,9.7,14.2659,-6.08,30669034130.0,1790697600000.0,35975573120.0,0.335,100.0,10.424830909597393,400.55,0.93,17.78477377522776,4341799804.11,2.32,1287072000000.0,1.56,123974024.0,91837310.0,1.11,2.484,114470.0,14.56,,23.32,大金重工,31.084,,740085849.0,0,46.29,深市主板,113864.0,0.5322138691772641,606.0
SZ300599,83.01773181633814,,6.628,11,9.72,False,0.01,2.864,317025080.0,15.58,11.55,86.0058,92.6,4939250746.0,,5579689814.0,0.642,100.0,-2.963550918759431,107.39,0.32,-15.509075394313355,499214232.0,1.38,1485100800000.0,-0.16,22264396.0,32348300.0,1.32,2.864,7516.0,10.2,,44.03,雄塑科技,-95.465,,358131567.0,0,14.2,创业板,7477.0,0.5215995720208639,39.0
SZ300689,-24.358667642278043,0.0,15.5532,11,2.4,False,0.01,10.248,101743924.0,61.87,8.59,854.1027,37.77,6294896578.0,1790697600000.0,7152172000.0,0.073,100.0,1.0422353076973945,522.56,0.28,8.556913658170217,304208911.39,1.45,1502208000000.0,0.06,27069603.0,4854872.0,1.09,10.248,10434.0,4.77,,43.99,澄天伟业,989.775,,115600000.0,0,60.42,创业板,10382.0,0.5008668849932576,52.0
SH688662,,0.0,23.0701,82,1.48,False,0.01,17.898,114705644.0,112.14,15.67,330.1329,185.19,12863090918.0,1790697600000.0,12863090918.0,0.275,1.0,5.836487488815028,462.84,0.11,13.233074057133631,1968149613.0,1.64,1617206400000.0,0.36,160139499.35000002,16669964.0,1.02,17.898,26499.0,14.53,,129.98,富信科技,312.673,,114705644.0,0,110.5,科创板,26369.0,0.49300314763548103,130.0
SH605298,20.513632612982647,0.0,15.7489,11,10.0,False,0.01,8.008,186251000.0,44.97,10.62,62.5631,12.9,8375707470.0,1790697600000.0,8447614500.0,0.445,100.0,5.3640426166241735,255.55,0.0,12.475768964332046,38108927.0,4.09,1614528000000.0,0.3,332170.0,864314.0,1.22,8.007,5731.0,0.46,,44.03,必得科技,152.142,,187850000.0,1,40.88,沪市主板,5703.0,0.4909696650885499,28.0
SZ002805,,0.0,1.0139,11,10.02,False,0.01,4.937,278816068.0,17.67,9.78,,-0.34,4926679922.0,1790697600000.0,4948704516.0,,100.0,-7.776594913267481,438.72,0.0,55.993508631651956,424878102.18,1.61,1467820800000.0,-0.34,-3439960.0,24564431.0,2.47,4.937,44714.0,8.81,,43.97,丰元股份,-51.544,,280062508.0,1,16.06,深市主板,44496.0,0.4899316792520676,218.0
SZ002242,-43.87009540715886,0.0,1.3604,11,10.0,False,0.01,3.241,761765625.0,13.75,0.0,31.7683,33.49,10474277344.0,1790697600000.0,10491483750.0,1.091,100.0,1.9858441087252203,77.61,0.0,-9.249130664782912,151183587.5,1.25,1211904000000.0,0.09,-119710552.0,10995170.0,0.46,3.241,119454.0,1.44,,104.13,九阳股份,157.322,,763017000.0,4,12.5,深市主板,118876.0,0.48622093610148387,578.0
SZ001201,,,1.9046,11,-2.91,False,0.01,1.437,212507395.0,15.36,4.24,,5.42,3264113587.0,,3959562255.0,,100.0,-19.166294824347005,-65.32,0.07,25.011317442490856,166816806.84,-0.46,1619539200000.0,-2.28,13189086.8,10759876.0,0.74,1.437,15208.0,5.06,,44.0,东瑞股份,-6.724,,257784001.0,0,15.82,深市主板,15136.0,0.47568710359408034,72.0
SZ002962,-33.52051225283941,,4.1089,11,3.22,False,0.01,2.772,209215730.0,16.69,10.27,34.1888,13.16,3491810534.0,,4867894725.0,0.593,100.0,1.3832124979783276,52.21,0.18,12.290187223265846,971753286.29,0.52,1568649600000.0,0.08,-80678356.0,61165639.0,2.28,2.772,28185.0,29.24,,43.99,五方光电,200.047,,291665352.0,0,16.17,深市主板,28057.0,0.4562141355098549,128.0
SH600663,5.165034933924728,0.0,2.8469,11,9.99,False,0.01,2.195,3934417679.0,11.12,5.04,5.0301,41.83,43750724590.0,1790697600000.0,55990908910.0,1.106,100.0,6.023258480277351,819.01,0.0,26.537899553640653,433492532.0,1.01,741196800000.0,0.3,-135574111.57999998,39228451.0,1.56,2.195,51206.0,1.0,,-33.82,陆家嘴,36.87,,5035153679.0,2,10.11,沪市主板,50975.0,0.45316331535066207,231.0
SH603788,6.101406206367099,,2.1531,11,9.97,False,0.01,1.639,223065068.0,15.0,10.19,22.0356,-3.63,3345976020.0,,3345976020.0,5.333,100.0,10.14090994399258,116.58,0.0,6.498788403235256,161968396.0,1.36,1421683200000.0,0.92,-50734963.0,10949978.0,11.61,1.639,19232.0,4.91,,43.97,宁波高发,16.27,,223065068.0,1,13.64,沪市主板,19148.0,0.4386881136411114,84.0
SH600617,,0.0,0.4981,11,10.0,False,0.01,2.266,1775542689.0,3.74,8.53,3.67,19.11,6640529657.0,1790697600000.0,7215177242.0,,100.0,-6.102876906538145,5.79,0.0,-7.2390178529382565,193125212.0,0.34,718905600000.0,-0.13,-39828583.0,52328192.0,1.99,2.266,23991.0,2.95,,308.6,国新能源,-28.701,,1929191776.0,1,3.4,沪市主板,23887.0,0.43538326286264495,104.0
SZ002951,7.484429997364939,0.0,25.1311,11,9.99,False,0.01,4.551,401121894.0,17.17,9.48,,15.23,6887262920.0,1790697600000.0,6920607163.0,,100.0,-13.477749829294181,69.57,0.0,65.8087423759651,104156942.0,1.56,1552579200000.0,-0.55,-34742172.0,6112800.0,0.65,4.573,14090.0,1.52,,43.96,金时科技,-31.259,,403063900.0,1,15.61,深市主板,14029.0,0.4348136003991731,61.0
SZ002687,-30.450359352125044,,2.4661,11,10.04,False,0.01,2.034,413616563.0,6.14,3.76,19.358,29.88,2539605697.0,,3099346075.0,1.336,100.0,5.4861758733510175,76.08,0.0,-5.679293856670409,128882316.37,0.56,1342108800000.0,0.16,33077094.0,21152965.0,0.9,2.034,16008.0,5.11,,10.35,乔治白,37.566,,504779491.0,1,5.58,深市主板,15939.0,0.4329004329004329,69.0
SZ300450,4.406946768459208,0.0,3.928,11,7.58,False,0.01,3.499,1559413913.0,37.59,9.07,9.4089,-24.25,58618368990.0,1790697600000.0,62933983704.0,0.764,100.0,11.749609961211783,2694.17,0.67,2.4719088494544295,5276339655.33,2.65,1431878400000.0,1.06,372340828.0,143696043.0,2.52,3.498,191829.0,9.21,,43.99,先导智能,35.364,,1674221434.0,0,34.94,创业板,191043.0,0.41142569997330447,786.0
SH688755,22.76182859782525,,4.1718,82,-3.04,False,0.01,2.61,79867159.0,29.32,7.21,18.0984,-3.38,2341705102.0,,3354208000.0,0.314,1.0,6.1153733022518715,-21.76,0.24,12.455609901716036,115270629.0,-0.92,1747324800000.0,0.67,2526711.0,3976017.0,0.91,2.61,1734.0,4.98,,102.46,汉邦科技,43.989,,114400000.0,0,30.24,科创板,1727.0,0.4053271569195136,7.0
SZ000678,6.667658780019425,0.0,3.8893,11,-5.04,False,0.01,7.236,459611797.0,12.24,14.35,,-18.56,5625648395.0,1790697600000.0,5625648395.0,,100.0,-6.985572387795873,132.1,0.41,-0.8347001931235276,1684516376.77,-0.65,852480000000.0,-0.12,39690825.0,129735846.0,3.9,7.236,46415.0,28.23,,118.07,襄阳轴承,-103.781,,459611797.0,0,12.89,深市主板,46228.0,0.40451674309942026,187.0
SZ301010,-45.595659892149406,,2.9503,11,6.17,False,0.01,2.741,108000000.0,21.15,10.59,73.647,-4.51,2284200000.0,,2284200000.0,,100.0,0.7140959216506566,-27.6,0.71,-18.357557230575495,165210433.3,1.23,1623945600000.0,0.05,16863869.0,7844626.0,2.0,2.741,7787.0,7.26,,289.78,晶雪节能,385.216,,108000000.0,0,19.92,创业板,7756.0,0.3996905621454358,31.0
SZ301277,-15.943464236221129,0.0,5.7829,11,0.1,False,0.01,2.679,392078400.0,10.48,9.17,45.3081,-9.54,4108981632.0,1790697600000.0,4108981632.0,1.908,100.0,6.838241072220036,-33.66,0.0,4.523574268509956,94695971.48,0.01,1668528000000.0,0.27,9207039.0,8747264.0,2.83,2.679,5103.0,2.23,,47.41,新天地,39.517,,392078400.0,0,10.47,创业板,5083.0,0.39346842415896127,20.0
SH603395,-42.1863344461257,0.0,1.8873,11,1.8,False,0.01,4.67,65000000.0,25.39,3.85,42.2521,-12.89,1650350000.0,1790697600000.0,6601400000.0,0.252,100.0,2.3867988606896895,-48.9,0.32,-3.009619403150321,202882605.0,0.45,1732550400000.0,0.13,-5901448.0,7977278.0,1.24,4.67,8810.0,12.27,,1917.42,红四方,196.889,,260000000.0,0,24.94,沪市主板,8776.0,0.38742023701002737,34.0
SZ301262,-11.4645382938948,0.0,9.0829,11,0.78,False,0.01,2.238,122075392.0,20.71,6.33,,-14.99,2528181368.0,1790697600000.0,8636070000.0,2.994,100.0,8.965587453422891,-37.3,0.1,-0.9850380678736559,326061515.67,0.16,1687190400000.0,0.82,-24157.0,15812772.0,1.67,2.238,5717.0,12.95,,24.26,海看股份,25.239,,417000000.0,0,20.55,创业板,5695.0,0.3863037752414399,22.0
SZ000523,34.03283071214835,0.0,3.0428,11,6.06,False,0.01,3.22,1794818054.0,3.5,6.06,19.1557,-7.16,6281863189.0,1790697600000.0,6424139614.0,,100.0,6.254130524084362,133.43,0.29,-7.164830966534497,1033652243.85,0.2,752688000000.0,0.07,-7879093.0,290921453.0,2.56,3.22,25217.0,16.21,,42.03,红棉股份,52.685,,1835468461.0,0,3.3,深市主板,25121.0,0.38215039210222523,96.0
SZ300584,8.395773404468997,0.0,5.582,11,8.4,False,0.01,3.779,82131521.0,33.8,12.48,350.4612,-32.53,2776045410.0,1790697600000.0,4056000000.0,0.296,100.0,4.255213878027215,301.39,0.33,15.211356232635008,374718250.95,2.62,1484150400000.0,0.37,62424173.0,11196568.0,4.17,3.778,22083.0,13.63,,44.01,海辰药业,90.202,,120000000.0,0,31.18,创业板,21999.0,0.38183553797899905,84.0
SZ001312,-1.4560582001647782,0.0,2.4291,11,1.35,False,0.01,1.788,57160269.0,18.0,2.2,17.381,-1.05,1028884842.0,1790697600000.0,4200000012.0,1.111,100.0,12.77609395785909,-50.19,0.17,4.607231015148727,38878706.17,0.24,1776700800000.0,0.97,2013729.0,2164390.0,0.84,1.788,1055.0,3.79,,66.32,福恩股份,18.639,,233333334.0,0,17.76,深市主板,1051.0,0.3805899143672693,4.0
SH603739,7.676527218461837,,2.4369,11,-2.35,False,0.01,1.932,253028866.0,13.71,13.11,21.6657,-2.35,3469025753.0,,3469025753.0,0.729,100.0,4.619979770190994,39.35,0.29,7.428062797754031,467364798.0,-0.33,1547568000000.0,0.32,-176964853.2,31833592.0,7.28,1.932,22322.0,12.58,,43.96,蔚蓝生物,42.485,,253028866.0,0,14.04,沪市主板,22239.0,0.373218220243716,83.0
SH600408,-29.371158037217747,,0.6696,11,9.9,False,0.01,3.057,1006800000.0,3.44,9.27,12.7315,-14.64,3463392000.0,,3463392000.0,,100.0,-21.98622423118352,51.12,0.0,-18.694842731558037,217813853.0,0.31,1044979200000.0,-0.28,30962335.0,64692721.0,1.32,3.057,23401.0,6.43,,93.91,安泰集团,-12.334,,1006800000.0,1,3.13,沪市主板,23318.0,0.3559481945278326,83.0
SH605566,23.037701023838196,,5.1397,11,6.39,False,0.01,2.208,133340000.0,34.12,8.95,112.1665,8.75,4549560800.0,,4549560800.0,0.29,100.0,2.531988565681019,-7.15,0.21,2.837441147071762,231362973.0,2.05,1635091200000.0,0.39,8771722.0,6818201.0,1.08,2.208,5108.0,5.11,,24.81,福莱蒽特,88.52,,133340000.0,0,32.07,沪市主板,5090.0,0.35363457760314343,18.0
SZ301311,,0.0,2.5911,11,-5.13,False,0.01,2.475,240000000.0,17.38,6.39,11.1789,-7.16,4171200000.0,1790697600000.0,4171200000.0,,100.0,-7.167244341734748,-20.38,0.0,-14.863394848589662,346124084.35,-0.94,1669737600000.0,-0.52,31634216.0,19772958.0,0.69,2.475,9683.0,8.24,,44.16,昆船智能,-33.336,,240000000.0,0,18.32,创业板,9649.0,0.3523681210488133,34.0
SH603418,19.810715313184723,,1.913,11,3.14,False,0.01,2.093,88048602.0,50.0,6.68,267.0731,-16.06,4402430100.0,,9653422200.0,1.66,100.0,15.232591847066093,-43.59,-0.1,20.868813541103528,230542358.0,1.52,1758556800000.0,2.68,21577205.0,4611677.0,1.03,2.093,3177.0,5.24,,71.48,友升股份,18.623,,193068444.0,0,48.48,沪市主板,3166.0,0.3474415666456096,11.0
SZ001332,3.1501359320719846,0.0,3.6096,11,5.84,False,0.01,1.684,67204901.0,28.47,6.43,24.8553,-28.51,1913323531.0,1790697600000.0,4403910420.0,1.254,100.0,7.96305366530069,-15.96,0.39,0.17642084789413204,166545992.85,1.57,1663603200000.0,1.31,15033856.0,5905255.0,2.29,1.683,5811.0,8.79,,23.09,锡装股份,21.762,,154686000.0,0,26.9,深市主板,5791.0,0.3453634950785702,20.0
SH603391,-19.30598470299859,0.0,6.0918,11,3.35,False,0.01,3.026,22750000.0,71.89,5.32,20.7015,12.42,1635497500.0,1790697600000.0,6541990000.0,2.087,100.0,9.712854935414423,26.35,0.84,-7.3566408254144955,233840387.0,2.33,1722355200000.0,2.27,-16032790.0,3292025.0,1.3,3.026,2046.0,14.47,,50.0,力聚热能,31.734,,91000000.0,0,69.56,沪市主板,2039.0,0.34330554193231977,7.0
SH688375,-25.82917130098441,0.0,18.734,82,8.09,False,0.01,6.535,596014900.0,69.2,11.51,42.6491,-25.35,41244231080.0,1790697600000.0,41244231080.0,0.616,1.0,6.487788450684945,13.4,0.1,-17.885843512340028,538746038.0,5.18,1658419200000.0,0.68,50002320.0,7887993.0,3.19,6.534,12221.0,1.32,,35.43,国博电子,102.013,,596014900.0,0,64.02,科创板,12181.0,0.3283802643461128,40.0
SZ002728,-35.847008004347636,0.0,6.1718,11,0.3,False,0.01,2.867,501308912.0,9.94,8.17,27.8399,-6.67,4983010585.0,1790697600000.0,5102299531.0,1.499,100.0,4.208900757387034,188.45,0.3,-11.474140786888242,472823155.02,0.03,1406736000000.0,0.15,-14045665.0,46779680.0,2.87,2.867,53022.0,9.33,,44.0,特一药业,68.238,,513309812.0,0,9.91,深市主板,52852.0,0.3216529175811701,170.0
SH603823,17.232822177981365,0.0,8.7516,11,9.86,False,0.01,7.689,416367704.0,46.59,10.26,74.8338,211.06,19398571329.0,1790697600000.0,19398571329.0,0.279,100.0,7.4393382848139025,656.72,-0.02,-0.10461233646923418,1796497275.0,4.18,1482163200000.0,0.44,15056189.0,39283627.0,1.41,7.689,19437.0,9.43,,43.96,百合花,106.068,,416367704.0,0,42.41,沪市主板,19376.0,0.314822460776218,61.0
SZ301212,-40.97323624296515,,3.9887,11,6.99,False,0.01,2.227,93750000.0,28.0,10.51,61.9033,-6.14,2625000000.0,,3024000000.0,0.364,100.0,1.0960023633700124,-17.18,0.07,7.583856828457569,108427484.46,1.83,1650297600000.0,0.14,6796944.0,3897259.0,3.8,2.227,6135.0,4.16,,30.74,联盛化学,203.535,,108000000.0,0,26.17,创业板,6116.0,0.3106605624591236,19.0
SZ002733,-32.58071809038982,0.0,1.9636,11,10.02,False,0.01,2.698,368862759.0,18.89,9.84,17.1422,-3.18,6967817518.0,1790697600000.0,7257819707.0,0.778,100.0,1.3903586982837826,193.55,0.0,3.143925655569779,304284347.51,1.72,1417536000000.0,0.1,8894485.0,16285069.0,1.8,2.698,72008.0,4.41,,44.0,雄韬股份,192.544,,384214913.0,1,17.17,深市主板,71786.0,0.30925250048756026,222.0
SZ001317,-57.94225285250442,,5.1977,11,7.16,False,0.01,5.571,85502517.0,66.28,8.13,39.9791,20.27,5667106827.0,,5671301091.0,,100.0,0.7279975789430697,251.16,-0.02,-0.9548351512553177,883168463.35,4.43,1638201600000.0,0.08,34415532.0,13380743.0,0.97,5.571,36810.0,15.65,,44.0,三羊马,841.249,,85565798.0,0,61.85,深市主板,36697.0,0.30792707850777995,113.0
SH600400,,0.0,3.941,11,10.03,False,0.01,6.454,2291371852.0,3.62,9.73,28.2866,52.1,8294766104.0,1790697600000.0,8294766104.0,,100.0,-22.573522177428217,167.3,0.0,-5.1486217132284295,391041912.0,0.33,978883200000.0,-0.18,39611484.0,110190512.0,2.7,6.454,25566.0,4.81,,137.84,红豆股份,-19.73,,2291371852.0,1,3.29,沪市主板,25488.0,0.3060263653483992,78.0
SH600722,23.332601788254713,0.0,23.2208,11,9.99,False,0.01,8.581,680319676.0,16.19,5.37,99.9655,172.56,11014375554.0,1790697600000.0,11014375554.0,,100.0,4.488808599595137,581.25,0.0,-2.1609960856387445,1317375290.0,1.47,835718400000.0,0.08,264818280.8,82460207.0,0.89,8.581,50320.0,12.12,,81.92,金牛化工,195.569,,680319676.0,1,14.72,沪市主板,50168.0,0.30298198054536757,152.0
SH688301,9.06483817542072,0.0,8.8269,82,-3.35,False,0.01,3.265,313409395.0,80.41,5.24,29.2278,11.99,25201249452.0,1790697600000.0,25201249452.0,0.838,1.0,11.456823561606031,89.13,0.05,23.678425398534884,388737880.0,-2.79,1600358400000.0,2.3,-13041422.0,4798609.0,0.72,3.252,17072.0,1.53,,33.86,奕瑞科技,34.948,,313409395.0,0,83.2,科创板,17021.0,0.29962986898537103,51.0
SH603162,147.40194939198997,0.0,3.0367,11,3.53,False,0.01,3.81,1357893748.0,13.5,7.06,11.3094,67.0,18331565598.0,1790697600000.0,18563961848.0,0.496,100.0,19.94793576352915,16.35,0.15,71.25310966854452,569207800.0,0.46,1680019200000.0,0.66,-8942813.0,41579507.0,1.32,3.81,11937.0,3.06,,-11.81,海通发展,20.59,,1375108285.0,0,13.04,沪市主板,11902.0,0.2940682238279281,35.0
SZ000803,76.44453835265186,,2.3962,11,4.01,False,0.01,2.324,464888628.0,7.53,10.91,8.3305,5.31,3500611369.0,,3511210032.0,,100.0,3.6795285596763754,315.26,-0.13,-10.939296752454975,215106264.8,0.29,888854400000.0,0.12,33763548.0,28523864.0,3.37,2.324,19782.0,6.14,,0.0,山高环能,64.038,,466296153.0,0,7.24,深市主板,19724.0,0.29405800040559726,58.0
SH688778,28.023548942660902,0.0,0.872,82,5.49,False,0.01,2.456,504691083.0,46.28,8.98,26.9583,-39.46,23357103321.0,1790697600000.0,23357103321.0,1.294,1.0,9.91721994843973,-34.36,0.06,29.94954268989214,684428174.0,2.41,1628092800000.0,1.81,93362332.63999999,14934052.0,2.48,2.456,20534.0,2.96,,396.57,厦钨新能,25.639,,504691083.0,0,43.87,科创板,20474.0,0.2930546058415551,60.0
SH601026,10.67200053270616,,2.8627,11,4.38,False,0.01,3.949,111085690.0,15.24,8.36,351.1379,-22.18,1692945916.0,,10049256000.0,3.15,100.0,9.27126937192794,-36.67,0.0,3.256683230382129,144061637.0,0.64,1760630400000.0,0.31,13676871.0,9442351.0,2.39,3.949,3429.0,8.5,,396.32,道生天合,48.85,,659400000.0,0,14.6,沪市主板,3419.0,0.2924831822170225,10.0
SZ002702,,,1.9775,11,10.04,False,0.01,3.256,458743750.0,5.92,10.41,21.1668,-16.85,2715763000.0,,3290099200.0,,100.0,-4.165013931057268,49.64,0.0,3.0453234068826607,371309037.78,0.54,1349884800000.0,-0.08,33799654.0,66024410.0,2.06,3.256,50507.0,14.39,,-8.0,海欣食品,-76.54,,555760000.0,1,5.38,深市主板,50360.0,0.29189833200953136,147.0
SZ301683,25.335419915205893,0.0,5.8583,11,1.76,False,0.01,2.647,15076064.0,98.91,4.51,30.1745,27.18,1491173490.0,1790697600000.0,6242843124.0,1.112,100.0,12.227421956268147,-22.12,-0.18,16.865232007538932,136007286.39,1.71,1774972800000.0,3.33,14783956.7,1365654.0,1.65,2.647,2765.0,9.06,,61.66,慧谷新材,29.673,,63116400.0,0,97.2,创业板,2757.0,0.29017047515415306,8.0
SH603266,-8.64911969151676,,3.1152,11,8.89,False,0.01,2.6,198886750.0,21.31,10.73,21.6739,-5.71,4238276642.0,,4238276642.0,0.563,100.0,5.976706967142309,115.1,0.09,2.1116166486578436,332283373.0,1.74,1483977600000.0,0.48,69980571.0,15823982.0,2.08,2.6,24117.0,7.96,,44.02,天龙股份,44.683,,198886750.0,0,19.57,沪市主板,24049.0,0.2827560397521726,68.0
SZ300890,,,1.678,11,1.21,False,0.01,1.611,109298599.0,29.23,9.83,36.6527,-1.62,3194798049.0,,3495322932.0,0.342,100.0,4.831733590033598,-57.61,0.41,16.537218137570807,623429696.88,0.35,1600272000000.0,0.9,21098091.0,20980357.0,2.52,1.611,27008.0,19.2,,308.44,翔丰华,32.357,,119579984.0,0,28.88,创业板,26932.0,0.28219218773206595,76.0
SZ301210,32.28136490334703,0.0,2.2162,11,3.91,False,0.01,2.574,61548470.0,30.32,8.09,119.7506,17.07,1866149610.0,1790697600000.0,4886342457.0,0.353,100.0,4.416792489715675,20.99,0.23,36.41803980137222,197589968.02,1.14,1688054400000.0,0.53,12681907.0,6513929.0,1.7,2.574,4983.0,10.58,,-11.32,金杨精密,57.325,,161159052.0,0,29.18,创业板,4969.0,0.28174683034815856,14.0
SH603590,5.06550885280439,0.0,5.4855,11,-2.87,False,0.01,1.58,158997077.0,31.19,6.32,38.1346,-20.68,4959118832.0,1790697600000.0,5030494028.0,1.093,100.0,5.414357020099389,-2.11,0.32,-0.03851964583159173,286168854.0,-0.92,1535299200000.0,1.06,-26468795.0,9021449.0,3.73,1.557,16911.0,5.67,,44.0,康辰药业,29.48,,161285477.0,0,32.11,沪市主板,16865.0,0.2727542247257634,46.0
SZ002172,-13.982251709876225,,2.5101,11,4.24,False,0.01,21.66,765140730.0,5.66,6.45,241.0733,42.57,4330696532.0,,4334045158.0,,100.0,18.51588443047963,-57.12,0.18,-8.848645620869977,1034874114.59,0.23,1190304000000.0,0.04,7653418.0,184711604.0,1.05,21.661,39584.0,24.14,,170.57,澳洋健康,127.847,,765732360.0,0,5.43,深市主板,39479.0,0.2659641834899567,105.0
SH688767,,0.0,13.1256,82,0.45,False,0.01,2.817,149333334.0,40.38,9.85,89.2165,8.88,6030080027.0,1790697600000.0,6030080027.0,1.734,1.0,0.9096320513968186,-14.29,-0.1,2.2870351722194426,262638132.0,0.18,1631030400000.0,0.14,-6916389.200000003,6216975.0,2.34,2.817,6474.0,4.16,,123.24,博拓生物,297.07,,149333334.0,0,40.2,科创板,6457.0,0.2632801610655103,17.0
SZ301487,53.75085613277941,0.0,2.7911,11,1.69,False,0.01,4.169,459616438.0,17.45,6.12,27.7362,-20.4,8020306843.0,1790697600000.0,8020306843.0,0.034,100.0,2.800279470815152,-22.38,0.17,15.632323257560321,876777791.65,0.29,1691510400000.0,0.12,45382365.0,49810091.0,2.83,4.169,16432.0,10.84,,1742.48,盟固利,150.445,,459616438.0,0,17.16,创业板,16389.0,0.26237110256879614,43.0
SH688399,-18.64365562143765,0.0,10.8681,82,-1.16,False,0.01,1.148,124130147.0,27.22,14.6,129.4783,-41.19,3378822601.0,1790697600000.0,3378822601.0,,1.0,-0.8229790887950018,35.21,-0.04,-10.952678709570307,133561817.0,-0.32,1575475200000.0,-0.21,-9497213.0,4707142.0,2.6,1.148,18549.0,3.79,,17.32,硕世生物,-132.469,,124130147.0,0,27.54,科创板,18501.0,0.25944543538187126,48.0
SZ300904,,,3.3396,11,2.44,False,0.01,6.726,34583232.0,52.08,10.13,,-16.82,1801094723.0,,3769718723.0,,100.0,-16.64143181347888,-3.69,0.17,39.713915281816,211466036.43,1.24,1691510400000.0,-1.41,-1868739.0,4250238.0,1.11,6.726,5944.0,12.29,,261.48,威力传动,-36.875,,72383232.0,0,50.84,创业板,5929.0,0.252993759487266,15.0
SH603268,,0.0,5.7936,11,2.38,False,0.01,17.063,233249792.0,218.75,4.86,30.7236,162.35,51023392000.0,1790697600000.0,222844330844.0,,100.0,67.69041690180457,2130.14,0.29,617.5535278919156,1885362921.0,5.09,1426694400000.0,5.51,-17145141.849999994,8515561.0,1.73,11.142,29619.0,3.65,,44.0,松发股份,39.679,,1018716941.0,0,213.66,沪市主板,29545.0,0.25046539177525806,74.0
SH603727,66.67212529055516,,3.5177,11,8.23,False,0.01,1.847,281719277.0,20.25,9.51,13.9221,46.49,5704815359.0,,5704815359.0,0.731,100.0,-0.6836665368472338,-24.41,0.25,-8.179396849822151,280781647.0,1.54,1479744000000.0,-0.08,-13990543.0,13993935.0,2.51,1.847,15654.0,4.97,,44.02,博迈科,-266.851,,281719277.0,0,18.71,沪市主板,15615.0,0.24975984630163303,39.0
SZ300073,-18.08745033734407,0.0,1.3686,11,6.17,False,0.01,1.493,505969362.0,41.28,6.1,26.582,-28.23,20886415263.0,1790697600000.0,22468442615.0,0.686,100.0,5.719394919630591,142.39,0.05,17.464408120039355,1538151187.1,2.4,1272297600000.0,1.55,198054500.0,37446334.0,3.18,1.493,119824.0,7.4,,73.83,当升科技,26.698,,544293668.0,0,38.88,创业板,119526.0,0.24931813998627914,298.0
SZ001233,-22.729538544815277,0.0,3.6382,11,1.37,False,0.01,1.702,37713127.0,44.4,4.75,21.6952,-23.15,1674462839.0,1790697600000.0,8257216030.0,4.505,100.0,10.640291992927104,-47.33,0.16,0.8665894341450597,110086757.77,0.6,1764000000000.0,2.16,4913608.0,2450451.0,1.4,1.702,2892.0,6.5,,74.0,海安集团,20.513,,185973334.0,0,43.8,深市主板,2885.0,0.24263431542461003,7.0
SZ001378,3.682504076102111,,2.3862,11,1.96,False,0.01,2.07,84340911.0,22.39,6.15,23.4648,25.51,1888392997.0,,3880941095.0,2.229,100.0,5.675252984837119,-49.61,0.13,13.364863658527582,159759353.96,0.43,1698595200000.0,0.61,1920205.0,7085044.0,1.42,2.069,2496.0,8.4,,139.84,德冠新材,36.504,,173333680.0,0,21.96,深市主板,2490.0,0.24096385542168677,6.0
SZ002531,,0.0,2.8755,11,4.64,False,0.01,1.704,1786868599.0,8.35,7.52,54.7061,21.72,14920352802.0,1790697600000.0,15003936794.0,,100.0,-1.949863081600679,169.82,0.24,-13.679606679965461,1462713455.07,0.37,1293724800000.0,-0.1,-7390425.0,179744215.0,1.21,1.704,85017.0,10.06,,1.69,天顺风能,-86.566,,1796878658.0,0,7.98,深市主板,84813.0,0.24052916416115455,204.0
SH605287,-25.103439328832376,0.0,1.4447,11,-2.3,False,0.01,3.211,140000000.0,36.53,8.59,47.6718,41.1,5114200000.0,1790697600000.0,5114200000.0,0.137,100.0,4.2623500660584845,38.72,-0.3,-16.140108645945993,355221998.0,-0.86,1625500800000.0,0.48,-9802584.0,9630760.0,2.91,3.211,7091.0,6.88,,44.01,德才股份,76.264,,140000000.0,0,37.39,沪市主板,7074.0,0.24031665253039297,17.0
SZ301558,-46.86533525140233,0.0,3.2602,11,0.74,False,0.01,3.886,790045023.0,6.78,3.12,86.263,-16.81,5356505256.0,1790697600000.0,5359861356.0,,100.0,2.5143333906304557,-65.95,0.3,-2.1352367748119883,69358786.08,0.05,1695830400000.0,0.04,1151252.0,10287148.0,0.76,3.878,4633.0,1.3,,158.53,三态股份,156.457,,790540023.0,0,6.73,创业板,4622.0,0.2379922111639983,11.0
SZ002490,,0.0,2.9383,11,9.99,False,0.01,12.96,541722000.0,7.6,9.7,75.7668,16.92,4117087200.0,1790697600000.0,6514282240.0,,100.0,-0.5554901884950959,-22.32,0.0,28.06972881041063,499360190.88,0.69,1287590400000.0,0.0,120314686.0,67697423.0,4.91,12.063,38219.0,12.5,,14.06,山东墨龙,-2328.81,,857142400.0,1,6.91,深市主板,38129.0,0.2360408088331716,90.0
SH688663,-21.03744640702976,0.0,5.8858,82,-2.42,False,0.01,7.811,197247984.0,55.6,6.58,55.6735,100.59,10966987910.0,1790697600000.0,10966987910.0,0.281,1.0,6.336255858462028,265.52,0.56,-0.5406439843591793,175019894.0,-1.38,1618243200000.0,0.44,-21968054.0,3086703.0,1.51,7.811,10218.0,1.56,,53.66,新风光,126.543,,197247984.0,0,56.98,科创板,10194.0,0.23543260741612712,24.0
SH688707,,0.0,4.1433,82,3.15,False,0.01,1.484,508740205.0,11.12,6.31,35.2393,-19.71,5657191080.0,1790697600000.0,5657191080.0,,1.0,-9.713398892846262,-80.17,0.09,-42.57528017622199,204182497.0,0.34,1631548800000.0,-0.77,-4075698.4499999993,18280719.0,2.71,1.484,12427.0,3.59,,299.74,振华新材,-14.535,,508740205.0,0,10.78,科创板,12398.0,0.2339086949507985,29.0
SH603231,-3.1366123304475413,,1.682,11,-1.22,False,0.01,1.629,106265982.0,17.05,4.17,11.2493,-4.72,1811834993.0,,3264377740.0,2.17,100.0,8.18802406376978,-39.02,0.29,7.68783552950274,53909229.0,-0.21,1702569600000.0,0.84,-18686086.0,3193839.0,1.68,1.629,3550.0,3.01,,33.68,索宝蛋白,20.349,,191459105.0,0,17.26,沪市主板,3542.0,0.2258610954263128,8.0
SZ002547,28.869974573964697,,1.3946,11,5.81,False,0.01,,1104798466.0,2.73,6.59,12.5665,-41.54,3016099812.0,,3079596069.0,,100.0,152.56018275591882,-27.34,0.37,-2.163510571094873,203917782.11,0.15,1297958400000.0,-0.41,-59192712.0,73566841.0,2.08,-5.83,82173.0,6.66,,37.56,*ST春兴,-6.62,,1128057168.0,0,2.58,深市主板,81988.0,0.22564277699175492,185.0
SH688796,,0.0,32.349,82,-2.97,False,0.01,22.699,38607498.0,123.0,8.99,128.3176,133.84,4748722254.0,1790697600000.0,54968505660.0,,1.0,22.10809990939953,112.07,-0.43,42.861022202304724,243778261.0,-3.77,1765296000000.0,0.82,-19267242.0,1960968.0,0.77,22.699,4956.0,5.08,,146.63,百奥赛图,150.066,,446898420.0,0,126.77,科创板,4945.0,0.2224469160768453,11.0
SZ301616,29.411650337537964,,3.0917,11,4.83,False,0.01,2.049,28401791.0,37.11,5.9,29.0798,-26.55,1053990464.0,,2968800000.0,1.078,100.0,13.407198905127316,-33.87,-0.03,8.89004655206913,61091168.08,1.71,1743004800000.0,2.33,8465659.0,1661300.0,1.62,2.049,2287.0,5.85,,149.11,浙江华业,15.957,,80000000.0,0,35.4,创业板,2282.0,0.21910604732690622,5.0
SZ002669,32.360640350596185,,0.7762,11,7.06,False,0.01,1.63,302717800.0,14.7,10.56,,-2.76,4449951660.0,,4459980000.0,0.653,100.0,3.8007764560579598,133.36,0.2,31.95899925453387,800497970.9,0.97,1334505600000.0,0.34,-43978599.0,54034547.0,1.26,1.629,34373.0,17.85,,12.5,康达新材,43.324,,303400000.0,0,13.73,深市主板,34301.0,0.2099064167225445,72.0
SZ002565,25.515753384400732,0.0,8.9798,11,9.95,False,0.01,5.296,1059955172.0,9.28,10.07,67.1524,-49.37,9836383996.0,1790697600000.0,9836697196.0,,100.0,3.14745797916025,153.39,0.0,-10.821053830964333,1557861795.94,0.84,1300377600000.0,0.05,126996500.0,170589398.0,1.71,5.297,63302.0,16.09,,-2.53,顺灏股份,171.458,,1059988922.0,1,8.44,深市主板,63170.0,0.2089599493430426,132.0
SH600929,-53.79572623360301,0.0,1.8053,11,-1.34,False,0.01,1.261,1640113256.0,5.88,3.02,13.652,4.38,9643865945.0,1790697600000.0,9643865945.0,0.255,100.0,0.9061659701348581,51.43,0.0,-5.619301675940713,121181841.0,-0.08,1521993600000.0,0.04,1623006.0,20379500.0,0.76,1.261,25747.0,1.24,,43.94,雪天盐业,139.832,,1640113256.0,0,5.96,沪市主板,25695.0,0.20237400272426542,52.0
SH603269,15.423103806252092,,5.6263,11,4.92,False,0.01,10.383,431945490.0,24.3,9.41,,161.79,10496275407.0,,10496275407.0,0.527,100.0,11.72231158870068,832.71,-0.16,11.128606014404951,957203632.0,1.14,1494950400000.0,0.28,-78958173.0,38351194.0,2.34,10.169,17917.0,8.88,,43.95,海鸥股份,87.376,,431945490.0,0,23.16,沪市主板,17881.0,0.2013310217549354,36.0
SZ300876,,,4.7841,11,3.92,False,0.01,2.507,113402804.0,16.7,5.97,23.8494,-33.79,1893826827.0,,2539027152.0,,100.0,-5.041606705999452,-58.86,0.54,6.270750328594876,107164398.1,0.63,1598198400000.0,-0.29,6021146.0,6447560.0,2.38,2.507,4521.0,5.69,,201.39,蒙泰高新,-56.622,,152037554.0,0,16.07,创业板,4512.0,0.19946808510638298,9.0
SZ300162,,,4.0408,11,6.46,False,0.01,4.746,342135530.0,9.72,13.14,,19.56,3325557352.0,,4077637492.0,,100.0,-8.458786805411828,9.48,0.41,-4.789745031576875,824961682.18,0.59,1294848000000.0,-0.18,10452325.0,89396902.0,1.33,4.746,30217.0,26.13,,11.08,雷曼光电,-55.027,,419510030.0,0,9.13,创业板,30158.0,0.1956363154055309,59.0
SH605100,-33.06175168828149,0.0,10.0299,11,7.17,False,0.01,5.085,237904800.0,38.4,9.96,,19.55,9135544320.0,1790697600000.0,9178444800.0,0.13,100.0,1.5758156144812832,109.25,-0.03,-8.028531561103424,346608228.0,2.57,1597075200000.0,0.12,31100967.400000006,9068708.0,1.89,5.085,12560.0,3.81,,44.0,华丰股份,321.435,,239022000.0,0,35.83,沪市主板,12536.0,0.1914486279514997,24.0
SH688356,-58.674930001593765,0.0,17.6665,82,2.26,False,0.01,5.079,60650700.0,108.81,10.87,50.7074,32.95,6599402667.0,1790697600000.0,6599402667.0,0.284,1.0,3.301234784410454,-12.14,0.29,15.828780494113449,932891497.0,2.4,1598371200000.0,0.7,-1268290.150000006,8469574.0,1.25,5.079,24347.0,13.96,,232.3,键凯科技,155.043,,60650700.0,0,106.41,科创板,24301.0,0.18929262170281058,46.0
SZ002107,35.05159707760812,,5.2651,11,0.99,False,0.01,5.845,571396391.0,7.16,6.35,30.7041,19.38,4091198160.0,,4132820736.0,3.673,100.0,16.368855564009312,238.53,0.28,-5.99777900164441,203167336.2,0.07,1169568000000.0,0.21,1283510.0,27884960.0,1.99,5.844,36568.0,4.88,,94.01,沃华医药,34.845,,577209600.0,0,7.09,深市主板,36499.0,0.18904627524041756,69.0
SZ301601,,,6.7042,11,-0.5,False,0.01,1.701,73680000.0,16.02,3.35,193.3023,-42.02,1180353600.0,,2250489600.0,0.687,100.0,3.3883152133627297,-70.6,-0.19,-33.54392416136548,62103123.5,-0.08,1736870400000.0,0.31,-349490.0,3844685.0,0.39,1.701,1600.0,5.22,,301.69,惠通科技,50.888,,140480000.0,0,16.1,创业板,1597.0,0.18785222291797118,3.0
SH603002,-0.5172368963134,0.0,5.385,11,7.79,False,0.01,6.095,1134078509.0,18.69,8.48,2697.3711,153.12,21195927333.0,1790697600000.0,21195927333.0,0.08,100.0,1.6901493147977633,332.87,0.05,31.29381980212207,2530765333.0,1.35,1337270400000.0,0.05,133956516.0,135013658.0,2.14,6.095,43409.0,11.91,,137.78,宏昌电子,362.77,,1134078509.0,0,17.34,沪市主板,43328.0,0.1869460856720827,81.0
SZ301152,,,1.1097,11,3.15,False,0.01,2.247,71083757.0,22.93,5.89,25.42,-24.97,1629950548.0,,2722708361.0,,100.0,-9.860896718409103,-70.81,0.09,4.304444406763563,261794295.36,0.7,1661702400000.0,-1.06,232762.0,11400109.0,1.84,2.247,7520.0,16.04,,20.51,天力锂能,-21.633,,118740007.0,0,22.23,创业板,7506.0,0.18651745270450307,14.0
SZ301587,-13.80545936593417,,4.1613,11,4.03,False,0.01,1.673,73452665.0,22.74,5.22,35.7918,-2.82,1670313602.0,,3350239630.0,1.381,100.0,3.146218630841402,-42.13,0.13,10.970647174895664,144572692.0,0.88,1712505600000.0,0.43,2582763.0,6381900.0,1.28,1.673,2722.0,8.69,,73.72,中瑞股份,53.317,,147328040.0,0,21.86,创业板,2717.0,0.18402649981597352,5.0
SZ300461,12.93646826564283,0.0,16.26,11,0.43,False,0.01,10.529,144711257.0,37.51,9.83,,96.59,5428119250.0,1790697600000.0,5909276337.0,,100.0,3.2717337433955676,619.6,0.0,22.53636601822995,490383956.4,0.16,1431964800000.0,0.11,25085610.0,12759341.0,1.55,10.529,22902.0,8.82,,43.94,田中精机,338.344,,157538692.0,0,37.35,创业板,22860.0,0.1837270341207349,42.0
SZ301617,-2.311996107013492,0.0,6.2749,11,-0.13,False,0.01,5.198,68952000.0,53.9,6.02,,-9.46,3716512800.0,1790697600000.0,9364154800.0,0.471,100.0,9.808100498263606,4.63,0.04,14.001703428605738,131580626.12,-0.07,1733846400000.0,0.98,8506122.0,2424417.0,1.06,5.198,5467.0,3.52,,188.47,博苑新材,54.813,,173732000.0,0,53.97,创业板,5457.0,0.1832508704416346,10.0
SZ300905,17.813024487848715,0.0,4.9702,11,0.94,False,0.01,3.822,139328039.0,41.88,4.75,64.1517,30.6,5835058273.0,1790697600000.0,7497177348.0,1.194,100.0,8.11761750328101,-16.63,0.43,8.670226786590952,686044161.2,0.39,1604505600000.0,0.87,19291012.799999997,16324370.0,1.57,3.822,20782.0,11.72,,106.93,宝丽迪,48.023,,179015696.0,0,41.49,创业板,20744.0,0.18318549942151946,38.0
SZ000668,,,6.806994060484738,11,0.0,False,0.01,3.73,146841890.0,18.69,,14.688752404602507,91.69,2744474924.0,,2808930735.0,0.835,100.0,3.7430895883048003,329.53,-0.05,54.054054232295435,0.0,0.0,850147200000.0,0.18,10514287.0,0.0,0.0,3.73,11504.0,0.0,,2180.0,荣丰控股,103.898,,150290569.0,0,18.69,深市主板,11483.0,0.1828790385787686,21.0
SH688485,,,66.808,82,2.52,False,0.01,12.64,150292062.0,104.0,5.35,708.4403,482.96,15630374448.0,,15630374448.0,,1.0,-2.4566885445182796,387.48,0.0,-3.826185590655262,715662642.0,2.56,1673971200000.0,-0.2,16789345.0,6773949.0,0.9,12.639,3304.0,4.51,,23.41,九州一轨,-508.175,,150292062.0,0,101.44,科创板,3298.0,0.18192844147968465,6.0
SH603092,10.925090090893775,,3.4289,11,-1.6,False,0.01,3.331,34571654.0,47.42,5.27,29.0707,-23.29,1639387833.0,,18968004742.0,1.31,100.0,18.836671894339833,-50.55,-0.15,8.437493441832222,162905740.0,-0.77,1762444800000.0,2.11,1188802.0,3458131.0,0.82,3.331,3305.0,10.0,,51.07,德力佳,22.437,,400000100.0,0,48.19,沪市主板,3299.0,0.18187329493785995,6.0
SZ002316,,,3.6832,11,0.61,False,0.01,25.32,340735000.0,4.98,16.36,62.4013,5.29,1696860300.0,,1957737600.0,,100.0,0.5619873334171095,-56.27,6.18,-7.762499617276619,652297532.37,0.03,1260288000000.0,0.0,-159945235.89999998,126749399.0,7.13,25.318,32615.0,37.2,,91.49,亚联发展,4518.162,,393120000.0,0,4.95,深市主板,32556.0,0.18122619486423394,59.0
SZ002972,8.51142064134114,,8.6889,11,5.92,False,0.01,2.742,138488640.0,13.77,7.54,20.3937,17.42,1906988573.0,,3387541176.0,1.801,100.0,6.697530162678735,65.13,0.36,18.267330303418603,175538313.8,0.77,1577376000000.0,0.34,26142554.0,12881360.0,2.3,2.742,7245.0,9.3,,44.04,科安达,40.963,,246008800.0,0,13.0,深市主板,7232.0,0.17975663716814158,13.0
SH603127,109.56805078995839,0.0,23.0444,11,5.6,False,0.01,4.347,627716714.0,52.06,9.05,52.7885,49.15,32678932131.0,1790697600000.0,39011068333.0,0.231,100.0,11.527459945921793,2168.51,-0.42,-9.783256766204262,4309890714.0,2.76,1503590400000.0,1.31,432532553.0,83578864.0,2.02,4.347,104562.0,13.31,,43.96,昭衍新药,39.628,,749348220.0,0,49.3,沪市主板,104375.0,0.17916167664670657,187.0
SZ001390,11.427939740092441,0.0,3.1441,11,-0.7,False,0.01,2.027,117759250.0,16.99,2.63,23.9468,-30.09,2000729657.0,1790697600000.0,3398000000.0,0.759,100.0,10.69652262560859,-43.0,-0.29,10.056535982028558,43334224.2,-0.12,1748448000000.0,0.86,652630.0,2547148.0,0.99,2.027,3379.0,2.16,,164.9,古麒绒材,19.655,,200000000.0,0,17.11,深市主板,3373.0,0.17788319003854136,6.0
SZ001280,18.95012049649969,0.0,5.9716,11,0.33,False,0.01,7.217,173727273.0,60.42,1.53,74.8334,-0.43,10496601835.0,1790697600000.0,124959545444.0,0.43,100.0,12.933741959986284,-2.16,0.03,14.19800952523973,134812636.6,0.2,1764691200000.0,0.9,-4593236.0,2222436.0,0.99,7.217,27116.0,1.28,,280.04,中国铀业,66.899,,2068181818.0,0,60.22,深市主板,27068.0,0.17733116595241613,48.0
SZ300350,19.895249990863807,,4.4111,11,2.28,False,0.01,3.17,461829061.0,4.93,5.19,,-21.87,2276817271.0,,2770720535.0,,100.0,-5.337807736903652,35.21,0.0,34.018126866372775,147291984.34,0.11,1345478400000.0,-0.09,11736250.0,29925045.0,0.84,3.17,22684.0,6.48,,54.0,华鹏飞,-57.834,,562012279.0,0,4.82,创业板,22644.0,0.17664723547076489,40.0
SH688192,-27.281825915037818,0.0,27.9918,82,0.5,False,0.01,23.999,461214092.0,58.3,6.4,,1.22,26888781564.0,1790697600000.0,27119168589.0,,1.0,-43.35703074091962,29.56,0.14,134.6579171214719,474425508.0,0.29,1639065600000.0,-1.28,21715020.060000002,8117035.0,1.53,23.999,11994.0,1.76,,-21.83,迪哲医药-U,-45.421,,465165842.0,0,58.01,科创板,11973.0,0.17539463793535454,21.0
SH600121,,0.0,2.2048,11,5.81,False,0.01,11.448,1218412038.0,5.65,6.74,35.8636,35.49,6884028015.0,1790697600000.0,6884028015.0,,100.0,-91.44064438234938,155.32,0.18,-14.301103909073632,1110719842.0,0.31,884102400000.0,-0.86,65534084.0,199658105.0,1.05,11.449,55311.0,16.39,,0.0,郑州煤电,-6.604,,1218412038.0,0,5.34,沪市主板,55215.0,0.17386579733767998,96.0
SH688317,1.0748740025418924,,29.8724,82,-4.36,False,0.01,1.086,189843712.0,18.65,12.26,67.2689,-7.54,3540585229.0,,3540585229.0,,1.0,-1.9395577736132632,-76.9,-1.06,-25.892005752091187,196726470.0,-0.85,1610899200000.0,-0.34,-7880749.240000002,10005664.0,1.56,1.099,16721.0,5.27,,73.25,之江生物,-54.44,,189843712.0,0,19.5,科创板,16692.0,0.1737359213994728,29.0
SZ301192,-4.446631683793923,,4.2463,11,-0.56,False,0.01,3.012,50385603.0,19.57,3.15,18.4448,-33.62,986046251.0,,1981305940.0,0.756,100.0,6.642965465724172,-29.38,0.2,14.409280451553563,35445905.62,-0.11,1660147200000.0,0.41,755586.0,1803182.0,1.43,3.012,2310.0,3.58,,80.34,泰祥股份,47.591,,101242000.0,0,19.68,创业板,2306.0,0.17346053772766695,4.0
SH600310,506.50110135306664,0.0,1.8222,11,9.96,False,0.01,2.569,1465710722.0,4.97,9.96,4.1536,31.2,7284582288.0,1790697600000.0,7284582288.0,0.604,100.0,-0.5549470562017155,188.63,0.0,-36.11199452669639,400542613.0,0.45,983289600000.0,-0.01,85863309.0,82852903.0,1.82,2.569,58267.0,5.65,,101.14,广西能源,-458.627,,1465710722.0,1,4.52,沪市主板,58167.0,0.17191878556569876,100.0
SZ002454,29.5815141249099,0.0,0.882,11,1.6,False,0.01,1.251,877353836.0,5.7,11.05,12.9823,-6.53,5000916865.0,1790697600000.0,5010719976.0,4.368,100.0,5.753887790724761,23.69,1.97,6.505893865107182,448118225.54,0.09,1279555200000.0,0.26,-26678442.0,76948275.0,7.46,1.251,35070.0,8.77,,22.8,松芝股份,21.774,,879073680.0,0,5.61,深市主板,35010.0,0.17137960582690662,60.0
SH688607,,,9.7115,82,-0.87,False,0.01,3.706,88129027.0,35.24,7.79,,-17.66,3105666911.0,,3105666911.0,,1.0,-3.4961627834571374,-19.54,0.31,5.177179453625702,50645107.0,-0.31,1612108800000.0,-0.34,-3805575.0,1408467.0,1.21,3.706,4157.0,1.6,,266.22,康众科技,-104.796,,88129027.0,0,35.55,科创板,4150.0,0.1686746987951807,7.0
SZ002785,141.63836237498114,0.0,7.5632,11,1.47,False,0.01,9.531,194287773.0,34.41,6.25,72.3646,-2.58,6685442269.0,1790697600000.0,7797983705.0,,100.0,-7.103328265903561,1153.92,0.32,-1.09755305664897,189513865.6,0.5,1450800000000.0,-0.27,8065648.0,5435038.0,0.57,9.531,66196.0,2.8,,44.1,万里石,-128.804,,226619695.0,0,33.91,深市主板,66087.0,0.16493410201703815,109.0
SZ000869,-53.372705120804845,0.0,3.9045,11,10.03,False,0.01,1.174,457666921.0,18.76,11.44,22.5722,-7.51,8585831438.0,1790697600000.0,12067935201.0,1.359,100.0,0.2517848719018933,284.27,0.0,-10.002521828950773,140803249.12,1.71,972489600000.0,0.04,-35139796.0,7691655.0,2.5,1.2,86362.0,1.68,,40.65,张裕A,460.433,,643280128.0,1,17.05,深市主板,86222.0,0.1623715525040013,140.0
SH600521,-15.473771865422869,0.0,2.775,11,1.9,False,0.01,2.549,1497252196.0,16.65,3.3,12.7287,-1.2,24929249063.0,1790697600000.0,24929249063.0,0.601,100.0,6.377425802733303,1332.75,0.0,3.9806875459025726,1028163137.0,0.31,1046707200000.0,0.42,-34419467.0,61239685.0,3.09,2.614,174307.0,4.09,,41.87,华海药业,39.708,,1497252196.0,0,16.34,沪市主板,174025.0,0.16204568309150985,282.0
SH600127,,0.0,2.359,11,5.02,False,0.01,13.386,641783218.0,13.8,11.04,2493.4904,105.36,8856608408.0,1790697600000.0,8856608408.0,,100.0,-2.6060940176848666,321.88,-1.15,-7.253974468149926,3659491224.0,0.66,894384000000.0,-0.03,-126459555.0,262181300.0,1.49,13.386,98284.0,40.85,,0.0,金健米业,-506.955,,641783218.0,0,13.14,沪市主板,98125.0,0.16203821656050954,159.0
SH600403,46.81543788216733,0.0,4.0702,11,5.56,False,0.01,5.742,2390812402.0,7.41,5.41,,6.16,17715919899.0,1790697600000.0,17715919899.0,,100.0,-45.58402023415033,267.36,0.27,-7.332291312619022,843720780.0,0.39,1065628800000.0,-0.76,76659504.0,115680055.0,0.97,5.742,34007.0,4.84,,86.81,大有能源,-9.801,,2390812402.0,0,7.02,沪市主板,33952.0,0.16199340245051838,55.0
SH603351,12.393951153033345,,2.7544,11,3.75,False,0.01,2.158,135439132.0,28.49,5.17,14.9547,12.08,3858660871.0,,3858660871.0,2.106,100.0,8.833552941242536,47.3,0.49,8.235460611966339,90606415.0,1.03,1548777600000.0,1.14,4799149.0,3187800.0,2.13,2.157,8179.0,2.35,,44.0,威尔药业,24.897,,135439132.0,0,27.46,沪市主板,8166.0,0.15919666911584618,13.0
SH603948,-34.8229724444439,,1.6133,11,-2.67,False,0.01,1.656,162489167.0,20.79,10.67,17.7178,-20.83,3378149782.0,,3378149782.0,4.81,100.0,7.689376911411508,58.3,0.92,-7.041316253976504,204060790.0,-0.57,1583078400000.0,0.97,831235.0,9570651.0,6.43,1.656,12613.0,5.89,,44.0,建业股份,21.524,,162489167.0,0,21.36,沪市主板,12593.0,0.15881839116969745,20.0
SZ301166,,,2.6367,11,-0.68,False,0.01,1.564,56420468.0,35.11,4.78,,20.83,1980922631.0,,3025374911.0,1.692,100.0,-1.0783166971612106,-59.0,0.0,-0.14561482031296702,181747140.01,-0.24,1640620800000.0,-0.25,12458748.0,5172731.0,1.61,1.564,8232.0,9.17,,22.05,优宁维,-141.607,,86168468.0,0,35.35,创业板,8219.0,0.1581700936853632,13.0
SH603209,18.9254888031394,0.0,2.6425,11,2.16,False,0.01,1.433,321491597.0,15.12,3.11,8.1212,1.33,4860952947.0,1790697600000.0,4914000000.0,1.31,100.0,10.37611993315466,-13.81,0.0,19.40756905530452,97477308.0,0.32,1648051200000.0,1.07,7211242.0,6432120.0,1.5,1.433,8890.0,2.0,,44.01,兴通股份,14.144,,325000000.0,0,14.8,沪市主板,8876.0,0.15772870662460567,14.0
SH900936,5.228150485908567,,0.9329,11,1.87,False,0.001,1.152,823200000.0,1.308,2.18,4.6025,37.83,1076745600.0,,3660799340.0,7.798,100.0,13.380875345102384,4780.6,0.0,-3.7362865874757345,1253325.0,0.024,814118400000.0,0.15,110240.0,962430.0,1.42,1.146,4458.0,0.12,,-1.92,鄂资B股,8.796,,2798776254.0,0,1.284,B股,4451.0,0.15726802965625702,7.0
SH600026,42.66841288422248,0.0,4.5184,11,10.02,False,0.01,2.573,3828029180.0,22.62,4.47,10.9477,98.72,86590020052.0,1790697600000.0,123759706713.0,2.918,100.0,15.834077068797841,869.98,0.0,10.972450556271873,870079410.0,2.06,1022083200000.0,1.23,-34154433.0,38688510.0,0.67,2.573,121155.0,1.01,,88.14,中远海能,18.434,,5471251402.0,1,20.56,沪市主板,120966.0,0.1562422498883984,189.0
SZ002869,,0.0,7.6274,11,10.0,False,0.01,1.691,158455279.0,19.14,9.54,290.9658,-17.71,3032834040.0,1790697600000.0,3386152928.0,,100.0,-7.547523312065922,22.41,0.0,-6.58310484365513,167174633.34,1.74,1494777600000.0,-0.89,5785234.0,8859559.0,1.51,1.691,39132.0,5.59,,43.99,金溢科技,-21.597,,176914991.0,1,17.4,深市主板,39071.0,0.1561260269765299,61.0
SZ300769,,0.0,0.7807,11,7.2,False,0.01,2.196,251777674.0,42.45,10.68,,-3.54,10687962261.0,1790697600000.0,11893981874.0,,100.0,0.47735887766039664,347.92,0.02,11.225007286165578,1102164536.02,2.85,1555257600000.0,0.09,117912367.0,26088486.0,3.49,2.196,61024.0,10.36,,43.99,德方纳米,470.718,,280188030.0,0,39.6,创业板,60931.0,0.15263166532635278,93.0
SH601083,24.089634398480932,0.0,2.2913,11,2.92,False,0.01,1.822,194120000.0,13.02,3.64,6.4811,23.3,2527442400.0,1790697600000.0,16849442400.0,6.49,100.0,15.973597863732511,-10.86,0.23,13.613061031691664,170817807.0,0.37,1701705600000.0,1.13,11631051.0,13055295.0,2.57,1.822,9882.0,6.73,,58.58,锦江航运,11.563,,1294120000.0,0,12.65,沪市主板,9867.0,0.15202189115232592,15.0
SH688096,20.910201893196543,,3.8276,82,2.42,False,0.01,2.21,233755799.0,8.03,7.65,,1.65,1877059066.0,,1877059066.0,,1.0,-7.859517589162482,-37.94,-0.37,8.908323469131908,179906882.0,0.19,1586361600000.0,-0.3,11785229.519999996,22320113.0,2.66,2.283,3309.0,9.55,,102.58,京源环保,-27.043,,233755799.0,0,7.84,科创板,3304.0,0.1513317191283293,5.0
SH688609,,0.0,1.6445,82,-2.49,False,0.01,4.56,500000000.0,8.6,4.76,13.1189,-15.77,4300000000.0,1790697600000.0,4488794923.0,,1.0,-5.737047842612499,-32.5,0.12,12.94625095460431,154870916.0,-0.22,1616428800000.0,-0.1,-23819426.0,17863936.0,1.33,4.56,20821.0,3.57,,239.35,九联科技,-85.512,,521952898.0,0,8.82,科创板,20790.0,0.1491101491101491,31.0
SZ301548,12.558383127443085,0.0,6.6792,11,-1.44,False,0.01,2.891,33733248.0,52.55,5.5,33.8368,-4.13,1772682182.0,1790697600000.0,4571850000.0,1.174,100.0,9.071269547740005,-1.29,0.46,13.373767111181213,77692573.98,-0.77,1695139200000.0,1.6,3857108.0,1456874.0,1.11,2.891,4033.0,4.32,,19.43,崇德科技,32.807,,87000000.0,0,53.32,创业板,4027.0,0.14899428855227217,6.0
SZ301325,,0.0,6.623,11,5.84,False,0.01,1.833,143892660.0,33.14,7.09,,-34.44,4768602752.0,1790697600000.0,4768602752.0,,100.0,-6.306097782490673,-61.63,0.49,-20.169646052149215,179882997.19,1.83,1683820800000.0,-1.19,6047428.0,5515299.0,2.24,1.833,17517.0,3.83,,17.34,曼恩斯特,-27.766,,143892660.0,0,31.31,创业板,17491.0,0.14864787605054028,26.0
SZ301310,-6.550531732678866,0.0,2.5201,11,-0.96,False,0.01,4.973,98427244.0,61.01,7.61,,100.38,6005046156.0,1790697600000.0,11704532757.0,0.534,100.0,5.756907734058729,88.95,0.63,42.60725786805308,555761210.93,-0.59,1685635200000.0,0.7,-30167004.0,9326542.0,1.01,4.95,6064.0,9.48,,-2.26,鑫宏业,87.631,,191846136.0,0,61.6,创业板,6055.0,0.1486374896779521,9.0
SZ002755,,0.0,7.4698,11,-2.44,False,0.01,3.805,928151576.0,13.22,6.49,32.53,-18.27,12270163835.0,1790697600000.0,12270279840.0,0.908,100.0,6.199527571597611,167.76,0.3,2.1419367771110087,331132182.51,-0.33,1431619200000.0,0.21,-30998769.0,24790591.0,1.75,3.805,27824.0,2.67,,44.06,奥赛康,62.208,,928160351.0,0,13.55,深市主板,27783.0,0.14757225641579383,41.0
SZ301273,,,10.4559,11,6.17,False,0.01,4.428,76980633.0,37.7,7.55,,99.25,2902169864.0,,3781253752.0,,100.0,-8.463491203414634,53.47,0.08,10.763852956948838,121232384.02,2.19,1666627200000.0,-0.75,14904241.0,3267580.0,1.99,4.428,1364.0,4.24,,5.86,瑞晨环保,-49.977,,100298508.0,0,35.51,创业板,1362.0,0.14684287812041116,2.0
SZ001221,32.54618611905327,0.0,3.4049,11,-0.31,False,0.01,4.281,76869554.0,32.54,3.4,14.0878,-43.29,2501335287.0,1790697600000.0,13016325400.0,2.305,100.0,28.91307062851552,-29.71,0.06,23.255140466133906,67851864.17,-0.1,1753804800000.0,1.83,1199531.0,2083427.0,0.83,4.281,4101.0,2.71,,418.47,悍高集团,17.821,,400010000.0,0,32.64,深市主板,4095.0,0.14652014652014653,6.0
SH688772,,0.0,1.0116,82,-3.07,False,0.01,2.327,1138279624.0,13.9,4.04,8.3206,-34.29,15822086774.0,1790697600000.0,15822086774.0,2.122,1.0,2.1069832038097527,-62.34,0.22,14.798541299491074,236711319.0,-0.44,1634227200000.0,0.13,-21267590.0,16789616.0,0.85,2.326,13073.0,1.47,,133.19,珠海冠宇,104.351,,1138279624.0,0,14.34,科创板,13054.0,0.14554925693274093,19.0
SZ001209,-30.740966360490486,,1.3814,11,2.97,False,0.01,1.983,96126596.0,19.43,4.03,22.0576,-6.18,1867739760.0,,2555486450.0,0.602,100.0,1.9750840029516394,-18.74,0.1,5.504781952462756,69066467.5,0.56,1626969600000.0,0.19,4349185.0,3566745.0,1.12,1.982,6198.0,3.71,,44.01,洪兴股份,100.763,,131522720.0,0,18.87,深市主板,6189.0,0.1454192922927775,9.0
SZ301155,21.523884721424945,0.0,3.6166,11,3.88,False,0.01,1.794,124537946.0,46.54,7.05,47.713,-42.3,5795996007.0,1790697600000.0,10117399386.0,0.344,100.0,0.859292672833691,-70.9,0.11,-36.83214035760171,388180621.71,1.74,1637683200000.0,0.22,-3876458.0,8492660.0,1.33,1.794,22746.0,6.82,,175.3,海力风电,209.415,,217391478.0,0,44.8,创业板,22713.0,0.14529124290054155,33.0
SH688185,,0.0,19.9091,82,-3.0,False,0.01,4.941,114372901.0,99.56,9.51,,58.41,11386966024.0,1790697600000.0,24595680828.0,,1.0,0.8225130320675913,-78.71,-0.02,62.62344310493351,2031327965.0,-3.08,1597248000000.0,0.16,-54911148.0,19885782.0,1.82,4.941,55289.0,17.39,,87.45,康希诺,605.249,,247043801.0,0,102.64,科创板,55209.0,0.14490391059428717,80.0
SZ001279,-40.311136943031215,0.0,2.5557,11,3.08,False,0.01,4.266,40000000.0,26.8,6.23,47.8503,-21.38,1072000000.0,1790697600000.0,4288000000.0,0.701,100.0,3.360902822990185,-68.96,0.34,10.010174311780418,38645460.33,0.8,1728576000000.0,0.21,4748131.0,1451599.0,2.98,4.266,4150.0,3.63,,1738.95,强邦新材,127.764,,160000000.0,0,26.0,深市主板,4144.0,0.14478764478764478,6.0
SZ001318,-11.24166649672551,,7.9203,11,-1.61,False,0.01,2.518,282660000.0,12.83,7.67,28.7,-15.92,3626527800.0,,3626527800.0,1.793,100.0,6.3770175985787265,20.19,0.86,-8.379728560798194,264485475.0,-0.21,1652976000000.0,0.32,3966658.0,20823580.0,5.01,2.518,12617.0,7.37,,43.97,阳光乳业,39.841,,282660000.0,0,13.04,深市主板,12599.0,0.14286848162552584,18.0
SH600152,-8.525305447381937,0.0,3.0046,11,8.25,False,0.01,2.985,529079375.0,9.18,12.85,,25.75,4856948663.0,1790697600000.0,4856948663.0,,100.0,-5.661063519355411,153.08,0.66,3.623359296575246,1012445571.0,0.7,897321600000.0,-0.18,45137456.0,114852001.0,3.52,2.985,55463.0,21.71,,0.0,维科技术,-51.217,,529079375.0,0,8.48,沪市主板,55384.0,0.14264047378304204,79.0
SH603538,125.43043780020588,0.0,5.9446,11,3.04,False,0.01,3.415,336919951.0,29.46,6.65,52.7813,115.21,9925661756.0,1790697600000.0,10014284418.0,0.377,100.0,4.513844766220736,257.42,0.1,16.143389593337922,2502003519.0,0.87,1491494400000.0,0.34,-100377711.0,86504946.0,2.29,3.415,78173.0,25.68,,43.98,美诺华,85.692,,339928188.0,0,28.59,沪市主板,78065.0,0.13834624991993852,108.0
SH603172,16.178851397736295,,4.2439,11,-1.45,False,0.01,2.342,133380000.0,19.69,4.9,,11.03,2626252200.0,,2626252200.0,0.356,100.0,5.115608855207141,9.74,0.2,10.847443380371825,62592976.0,-0.29,1683648000000.0,0.42,-1715289.0,3150041.0,1.3,2.342,3644.0,2.36,,30.86,万丰股份,46.759,,133380000.0,0,19.98,沪市主板,3639.0,0.1374003847210772,5.0
SZ300489,,0.0,16.2473,11,-5.51,False,0.01,47.044,137822431.0,263.0,13.58,712.3344,417.72,36247299353.0,1790697600000.0,36598510605.0,,100.0,-9.27956177570259,3316.43,0.99,33.98057255412144,4288097826.98,-15.35,1435680000000.0,-0.48,-92142953.0,16154497.0,1.22,47.044,45314.0,11.72,,44.02,光智科技,-551.086,,139157835.0,0,278.35,创业板,45252.0,0.13701051887209406,62.0
SZ300801,9.42293690475342,0.0,1.7916,11,7.1,False,0.01,1.875,137215576.0,22.92,9.25,14.4146,-16.77,3144981002.0,1790697600000.0,4998833664.0,0.432,100.0,6.160262493398696,24.01,0.04,7.895552422804708,241810999.49,1.52,1574870400000.0,0.73,40678229.0,10700500.0,4.09,1.878,15519.0,7.8,,43.98,泰和科技,31.554,,218099200.0,0,21.4,创业板,15498.0,0.13550135501355012,21.0
SZ300675,,,9.1114,11,3.8,False,0.01,4.484,146666700.0,15.03,11.74,53.105,-3.78,2204400501.0,,2204400501.0,,100.0,-11.25907880100873,254.37,-0.07,-18.762901911654815,272396361.57,0.55,1500393600000.0,-0.4,11480742.0,18283800.0,1.96,4.483,17027.0,12.47,,43.99,建科院,-37.579,,146666700.0,0,14.48,创业板,17004.0,0.13526229122559397,23.0
SZ002259,,,4.1592,11,2.79,False,0.01,8.231,752328267.0,5.15,5.79,257.4565,36.24,3874490575.0,,3874490575.0,,100.0,56.11051975671363,48.11,0.19,3.136632091575131,217968206.0,0.14,1216137600000.0,0.28,1678927.0,42015900.0,0.96,8.231,11959.0,5.58,,94.96,升达林业,18.696,,752328267.0,0,5.01,深市主板,11943.0,0.1339696893577828,16.0
SZ000408,31.549288810000586,0.0,28.4175,11,1.6,False,0.01,6.55,1568898254.0,71.79,2.35,50.0512,-12.33,112631205655.0,1790697600000.0,112632390190.0,3.474,100.0,34.570001311577585,5406.21,0.04,-5.564316625058751,587586274.72,1.13,835891200000.0,3.63,-3807025.8999999985,8141313.0,1.18,6.55,119649.0,0.52,,62.5,藏格矿业,19.794,,1568914754.0,0,70.66,深市主板,119490.0,0.13306552849610848,159.0
SH688155,130.09263450542025,0.0,1.9835,82,3.81,False,0.01,2.991,127359843.0,56.96,6.09,21.6577,-4.1,7254416657.0,1790697600000.0,7254416657.0,2.098,1.0,18.16313935937475,-4.77,-0.12,22.62379115871309,283736032.0,2.09,1597075200000.0,3.22,-5399527.0,5010956.0,1.82,2.97,12885.0,3.93,,111.53,先惠技术,17.706,,127359843.0,0,54.87,科创板,12868.0,0.13211066210755362,17.0
SH605196,-2.3628132797871015,0.0,1.9419,11,2.41,False,0.01,5.075,507390540.0,34.0,6.93,,-2.13,17251278360.0,1790697600000.0,17373054154.0,,100.0,9.38057382133418,473.13,-0.29,25.660427646090955,619437646.0,0.8,1620662400000.0,0.61,-24968429.0,18063809.0,1.51,5.075,15332.0,3.56,,43.96,华通线缆,55.801,,510972181.0,0,33.2,沪市主板,15312.0,0.13061650992685475,20.0
SH603669,,,11.5838,11,4.9,False,0.01,8.142,712359471.0,6.64,6.0,,45.61,4730066887.0,,4730066887.0,,100.0,-19.832128243471026,26.84,0.61,34.956715751705204,338432040.0,0.31,1432742400000.0,-0.19,-10718103.0,51098259.0,1.7,8.142,22702.0,7.17,,44.02,灵康药业,-34.68,,712359471.0,0,6.33,沪市主板,22673.0,0.12790543818638908,29.0
SH603980,,,3.7814,11,-0.66,False,0.01,1.574,676833360.0,9.0,4.64,43.7568,83.4,6091500240.0,,6091500240.0,1.633,100.0,2.505734850386295,-22.17,0.22,0.3850425002729141,556777863.0,-0.06,1497456000000.0,0.14,-29703973.0,60944020.0,1.12,1.574,13329.0,9.0,,44.01,吉华集团,62.797,,676833360.0,0,9.06,沪市主板,13312.0,0.12770432692307693,17.0
SZ300931,,,10.9234,11,3.7,False,0.01,7.599,195426403.0,18.48,6.45,118.902,66.94,3611479927.0,,4493800080.0,,100.0,-8.907400742392534,17.49,0.22,-5.296225229513851,305880039.0,0.66,1611158400000.0,-0.22,-5047004.0,16568600.0,0.57,7.598,5495.0,8.48,,275.87,通用电梯,-83.641,,243171000.0,0,17.82,创业板,5488.0,0.12755102040816327,7.0
SZ002927,,,5.3316,11,4.76,False,0.01,4.303,220737832.0,19.6,9.14,250.3471,-2.39,4326461507.0,,4374566728.0,,100.0,-0.9950947685883229,181.01,0.0,-8.377190882638551,304460779.08,0.89,1519315200000.0,-0.05,62042702.0,15376100.0,1.34,4.303,26721.0,6.97,,43.98,泰永长征,-430.227,,223192180.0,0,18.71,深市主板,26687.0,0.12740285532281637,34.0
SH600926,13.278684069703427,0.0,3.1784,11,1.87,False,0.01,0.879,7249002548.0,17.43,2.69,1.3227,19.19,126350114412.0,1790697600000.0,126350114412.0,4.246,100.0,12.071485297863733,176.81,-0.06,5.0918100711041525,645240362.0,0.32,1477497600000.0,2.78,28620483.0,37220052.0,1.27,0.879,70982.0,0.51,,43.99,杭州银行,6.261,,7249002548.0,0,17.11,沪市主板,70892.0,0.1269536760142188,90.0
SH605011,-8.524871185341665,0.0,2.3288,11,-0.52,False,0.01,3.074,400100000.0,19.11,5.0,67.804,-5.82,7645911000.0,1790697600000.0,7645911000.0,0.785,100.0,7.06540674157667,169.99,-0.05,1.1793956530129712,515551560.0,-0.1,1624982400000.0,0.43,-19125166.0,26589552.0,3.3,3.074,27740.0,6.65,,43.92,杭州热电,44.488,,400100000.0,0,19.21,沪市主板,27705.0,0.12633098718642843,35.0
SZ301656,,0.0,1.5964,11,0.44,False,0.01,3.565,330841360.0,13.77,3.79,14.1706,-47.79,4555685527.0,1790697600000.0,33622638073.0,0.305,100.0,6.670301362293129,-59.64,0.0,31.961333566341654,103205264.18,0.06,1758729600000.0,0.2,3050390.0,7474846.0,1.48,3.511,5565.0,2.26,,147.6,联合动力,67.753,,2441731160.0,0,13.71,创业板,5558.0,0.12594458438287154,7.0
SZ301456,0.9350752285642638,,5.2017,11,-2.29,False,0.01,1.675,68551838.0,24.79,3.0,1262.4263,-20.68,1699400064.0,,3770294367.0,0.807,100.0,4.324261571019352,-49.73,0.2,26.43236095235284,78326941.46,-0.58,1689264000000.0,0.63,2976526.0,3139637.0,0.78,1.675,3181.0,4.58,,32.98,盘古智能,39.45,,152089325.0,0,25.37,创业板,3177.0,0.12590494176896444,4.0
SH688639,-36.26955782837206,0.0,1.5615,82,-1.83,False,0.01,1.734,250115693.0,18.76,6.38,45.0217,-42.09,4692170401.0,1790697600000.0,4692170401.0,0.853,1.0,4.436975824373775,16.02,0.37,17.406888136558287,216298634.0,-0.35,1619020800000.0,0.47,-11501779.32,11297776.0,1.93,1.734,12850.0,4.52,,52.2,华恒生物,39.637,,250115693.0,0,19.11,科创板,12834.0,0.12466884837151317,16.0
SH688156,21.070808934292007,,5.5348,82,7.69,False,0.01,3.18,100714157.0,24.36,15.21,45.0931,52.15,2453396865.0,,2453396865.0,,1.0,-6.039922174017443,-16.41,0.5,15.671763630016212,193764032.0,1.74,1600704000000.0,-0.48,9947322.0,7927336.0,3.02,3.18,4841.0,7.87,,84.16,路德科技,-51.004,,100714157.0,0,22.62,科创板,4835.0,0.12409513960703206,6.0
SH603567,,0.0,13.0255,11,0.0,False,0.01,0.823,939403292.0,5.26,10.46,10.1494,-41.1,4941261316.0,1790697600000.0,4945637610.0,,100.0,-22.706550126742915,-58.7,0.57,-52.80881409550051,255448102.0,0.0,1429804800000.0,-1.66,20499348.0,47115547.0,2.68,0.823,17050.0,5.02,,43.98,珍宝岛,-3.172,,940235287.0,0,5.26,沪市主板,17029.0,0.12331904398379236,21.0
SZ300207,-11.561730142062554,0.0,0.5336,11,-2.27,False,0.01,1.644,1713925731.0,21.5,7.59,61.5377,-17.44,36849403217.0,1790697600000.0,39720442589.0,0.419,100.0,3.317939464766965,578.19,-2.05,23.19092969383405,3279540789.04,-0.5,1303315200000.0,0.44,-60165805.0,146438327.0,1.05,1.644,149419.0,8.54,,12.27,欣旺达,49.404,,1847462446.0,0,22.0,创业板,149235.0,0.12329547358193454,184.0
SZ301286,10.452803364388853,0.0,16.1862,11,4.76,False,0.01,9.585,161295898.0,46.2,5.56,63.349,10.07,7451870488.0,1790697600000.0,18484620000.0,0.978,100.0,13.411381541647865,74.61,-0.28,5.768340715016929,88584844.32,2.1,1655136000000.0,0.63,8497333.0,1915143.0,1.6,9.585,3272.0,1.19,,71.38,侨源股份,73.057,,400100000.0,0,44.1,创业板,3268.0,0.12239902080783352,4.0
SH603186,,0.0,6.7176,11,5.45,False,0.01,14.273,156790518.0,224.25,9.42,61.4208,352.67,35160273662.0,1790697600000.0,35160273662.0,0.058,100.0,20.54726183119794,2979.38,1.2,22.456417075876534,5608257692.0,11.59,1483372800000.0,2.6,243226169.0,25138710.0,1.75,14.273,55036.0,16.03,,43.95,华正新材,86.394,,156790518.0,0,212.66,沪市主板,54969.0,0.12188688169695647,67.0
SH603937,-7.45617212423475,,1.2485,11,5.79,False,0.01,1.766,208891991.0,13.16,10.85,23.5982,9.76,2749018602.0,,2749018602.0,,100.0,1.4893646931830817,4.73,0.38,20.952458591000543,263740771.0,0.72,1509552000000.0,0.11,14618875.0,20223602.0,1.2,1.766,12446.0,9.68,,44.0,丽岛新材,117.15,,208891991.0,0,12.44,沪市主板,12431.0,0.1206660767436248,15.0
SZ301358,97.50749272307846,0.0,0.7871,11,1.01,False,0.01,2.13,763278154.0,51.2,6.1,,-20.49,39079841485.0,1790697600000.0,43403860890.0,0.691,100.0,24.05469339634924,-16.53,0.1,26.695817038960755,907147601.46,0.51,1675872000000.0,4.58,41374095.0,17500040.0,1.79,2.13,38442.0,2.29,,125.49,湖南裕能,11.181,,847731658.0,0,50.69,创业板,38396.0,0.11980414626523594,46.0
SZ000739,-7.830247509449806,0.0,3.4466,11,-1.27,False,0.01,4.808,1157979723.0,27.26,6.74,35.5882,70.46,31566527249.0,1790697600000.0,31579171882.0,1.343,100.0,12.766107549244973,2419.41,0.81,-8.927220475908948,603389680.21,-0.35,863107200000.0,0.73,-7424340.0,21923541.0,1.13,4.808,54387.0,1.89,,0.0,普洛药业,37.152,,1158443576.0,0,27.61,深市主板,54322.0,0.11965686094031884,65.0
SH603822,52.81892801608352,,0.8978,11,5.43,False,0.01,11.58,76332486.0,68.0,9.24,7.0785,-29.42,5190609048.0,,5224160248.0,0.179,100.0,41.74740840077224,404.07,0.47,47.22331276370031,72546273.0,3.5,1461772800000.0,2.3,1894614.0,1077500.0,2.97,11.58,17681.0,1.41,,43.96,ST嘉澳,29.558,,76825886.0,0,64.5,沪市主板,17660.0,0.11891279728199322,21.0
SZ301238,1.7340728117990478,0.0,4.7654,11,3.32,False,0.01,1.658,733333300.0,16.48,5.02,,-17.38,12085332784.0,1790697600000.0,12085332784.0,3.216,100.0,4.443587574194486,-47.19,0.24,-6.1690887918311565,284821913.04,0.53,1655395200000.0,0.44,16448543.0,17350234.0,2.59,1.658,20344.0,2.37,,84.83,瑞泰新材,37.607,,733333300.0,0,15.95,创业板,20320.0,0.11811023622047244,24.0
SZ300736,-10.029284160603746,,13.3641,11,4.46,False,0.01,70.107,124887850.0,34.89,8.38,,124.95,4357337087.0,,4463628564.0,,100.0,-35.238684473689034,273.77,0.14,-27.267544161717883,284091969.2,1.49,1515427200000.0,-0.21,52212005.0,8036880.0,1.86,70.102,6782.0,6.44,,44.0,百邦科技,-169.461,,127934324.0,0,33.4,创业板,6774.0,0.11809861234130499,8.0
SZ001333,-2.741226395953067,,1.536,11,2.96,False,0.01,1.504,74000000.0,20.52,3.66,47.4921,-2.77,1518480000.0,,2626560000.0,1.754,100.0,6.26975499599167,-33.48,-0.1,6.5772616112591775,41061905.0,0.59,1670428800000.0,0.84,2872054.0,2020600.0,1.22,1.504,3419.0,2.73,,43.98,光华股份,24.416,,128000000.0,0,19.93,深市主板,3415.0,0.1171303074670571,4.0
SZ002182,-74.12637171232228,0.0,1.1296,11,5.27,False,0.01,2.184,896610733.0,11.58,10.45,41.8965,-24.31,10382752288.0,1790697600000.0,11484946184.0,,100.0,-1.9038992679756073,129.54,0.17,11.104060705906615,465811219.99,0.58,1194883200000.0,-0.1,8533003.0,39973245.0,5.13,2.184,86779.0,4.46,,100.56,宝武镁业,-113.687,,991791553.0,0,11.0,深市主板,86678.0,0.1165232238861072,101.0
SZ300164,,0.0,5.0356,11,7.26,False,0.01,4.036,583210593.0,9.31,5.41,40.4468,68.66,5429690621.0,1790697600000.0,5478549836.0,,100.0,-1.9094227618434938,3.35,0.11,-0.1429487598557322,1065329923.92,0.63,1294848000000.0,-0.05,100871717.0,116327730.0,2.11,4.036,29291.0,19.95,,14.66,通源石油,-205.551,,588458629.0,0,8.68,创业板,29257.0,0.11621150493898895,34.0
SZ300740,-29.111481088634108,0.0,1.9388,11,3.44,False,0.01,4.252,408976947.0,21.98,9.32,15.8288,-7.39,8989313295.0,1790697600000.0,9669054290.0,0.4,100.0,5.003831595314204,125.53,-0.27,3.6074895498938275,1086287177.12,0.73,1518019200000.0,0.25,110340736.0,48265038.0,1.21,3.794,51723.0,11.8,,43.99,水羊股份,86.211,,439902379.0,0,21.25,创业板,51663.0,0.11613727425817318,60.0
SH688811,17.03649970290444,,16.2909,82,0.32,False,0.01,5.982,92126097.0,18.73,2.95,89.8718,192.77,1725521797.0,,9396346622.0,0.224,1.0,6.250152777123226,-6.21,-0.16,5.201697554502638,68801196.0,0.06,1775750400000.0,0.14,-1182352.0,3641599.0,1.01,5.982,2609.0,3.95,,167.08,有研复材,129.509,,501673605.0,0,18.67,科创板,2606.0,0.11511895625479662,3.0
SH603037,-13.43033604235584,,3.3137,11,3.38,False,0.01,2.968,266150077.0,10.71,8.4,29.4122,-24.65,2850467325.0,,2854623661.0,1.867,100.0,6.838707972492733,105.11,0.0,7.281326639802632,165426750.0,0.35,1484841600000.0,0.25,14519820.0,15707288.0,2.59,2.968,21877.0,5.9,,43.97,凯众股份,42.998,,266538157.0,0,10.36,沪市主板,21852.0,0.11440600402709135,25.0
SH601975,6.2530954321423415,0.0,3.6595,11,9.96,False,0.01,1.908,4680344678.0,4.97,6.42,11.4975,65.41,23261313050.0,1790697600000.0,23261313050.0,0.543,100.0,13.173770033696272,77.77,0.0,3.8818021785395507,1466802817.0,0.45,1546876800000.0,0.33,-100405279.0,297276399.0,2.03,1.908,66791.0,6.35,,-23.2,招商南油,14.975,,4680344678.0,1,4.52,沪市主板,66715.0,0.11391740987783856,76.0
SH603779,26.510916828017763,,8.1383,11,3.47,False,0.01,5.747,332082754.0,8.35,8.92,,29.66,2772890996.0,,2772890996.0,,100.0,-13.963629955697035,85.3,0.24,-6.031254053055446,224341793.0,0.28,1463328000000.0,-0.22,36761159.0,26888900.0,2.92,5.748,20237.0,8.1,,44.03,威龙股份,-38.183,,332082754.0,0,8.07,沪市主板,20214.0,0.11378252696151182,23.0
SZ000498,-11.566700029304222,0.0,0.1454,11,4.26,False,0.01,0.527,1449347779.0,6.12,4.94,,5.45,8870008407.0,1790697600000.0,9500945187.0,3.66,100.0,7.248335655761914,74.14,-0.16,-5.901325936946201,440090567.57,0.25,865785600000.0,1.24,37898818.0,71263023.0,1.38,0.527,33567.0,4.92,,0.0,山东路桥,4.924,,1552442024.0,0,5.87,深市主板,33529.0,0.11333472516329149,38.0
SZ301068,-22.836790138937147,,2.6595,11,6.49,False,0.01,4.273,100321525.0,24.93,10.98,18.4457,-4.92,2501015618.0,,3523001448.0,0.401,100.0,4.760330947294343,30.34,0.0,10.729848249701558,61707478.77,1.52,1632758400000.0,0.27,6688024.0,2471243.0,2.01,4.273,2678.0,2.46,,158.44,大地海洋,91.358,,141315742.0,0,23.41,创业板,2675.0,0.11214953271028037,3.0
SZ002672,16.558552058973298,0.0,1.2771,11,3.51,False,0.01,2.004,905118302.0,3.83,7.84,8.0237,-17.1,3466603097.0,1790697600000.0,4233129722.0,,100.0,-44.94457913275354,-40.22,0.0,-8.029758042169277,139004219.0,0.13,1335369600000.0,-1.11,30394891.0,36735400.0,0.99,2.004,24421.0,4.06,,-3.6,东江环保,-3.465,,1105255802.0,0,3.7,深市主板,24394.0,0.11068295482495696,27.0
SZ301295,9.787621353455322,,4.3528,11,-1.3,False,0.01,3.591,29400000.0,34.89,6.03,,17.62,1025766000.0,,3516912000.0,0.602,100.0,5.128831730062548,20.31,0.35,18.891897813062265,47608652.0,-0.46,1687881600000.0,0.49,-297203.0,1343400.0,1.32,3.591,1815.0,4.57,,20.11,美硕科技,71.038,,100800000.0,0,35.35,创业板,1813.0,0.11031439602868175,2.0
SZ300637,,,2.6169,11,8.23,False,0.01,3.33,234534869.0,10.13,12.29,34.6971,-12.63,2375838223.0,,2378018817.0,0.296,100.0,-0.1832044883576705,67.58,0.2,9.12090099869991,140931988.66,0.77,1491926400000.0,-0.01,30476414.0,14075931.0,6.09,3.33,13657.0,6.0,,44.01,扬帆新材,-1829.45,,234750130.0,0,9.36,创业板,13642.0,0.1099545521184577,15.0
SZ301580,14.87987862994986,0.0,6.3701,11,-3.65,False,0.01,3.291,100823788.0,48.28,8.22,31.0104,54.24,4867772485.0,1790697600000.0,7202910146.0,0.681,100.0,9.882834398090612,-3.48,0.23,16.665417380284776,208058786.52,-1.83,1719331200000.0,1.4,2337353.0,4212421.0,0.75,3.291,14626.0,4.18,,86.92,爱迪特,34.515,,149190351.0,0,50.11,创业板,14610.0,0.10951403148528405,16.0
SZ300483,,0.0,2.9275,11,7.03,False,0.01,2.424,384531740.0,24.5,7.78,5.5267,72.78,9421027630.0,1790697600000.0,9435139630.0,,100.0,11.677204843390191,224.9,0.29,39.47748177418837,455373385.76,1.61,1435593600000.0,0.9,51858847.0,18717700.0,2.18,2.424,24725.0,4.87,,43.99,首华燃气,27.137,,385107740.0,0,22.89,创业板,24698.0,0.10932059276054741,27.0
SH603967,10.064989760799325,,0.4531,11,4.66,False,0.01,1.875,346666710.0,12.58,7.74,13.4165,-4.06,4361067212.0,,4361067212.0,5.167,100.0,12.689256322942699,-0.09,-0.08,12.174221906308613,102789913.0,0.56,1556467200000.0,0.85,13660238.0,8148170.0,3.53,1.875,10111.0,2.35,,43.99,中创物流,14.88,,346666710.0,0,12.02,沪市主板,10100.0,0.10891089108910892,11.0
SH603630,,0.0,4.199,11,3.0,False,0.01,1.87,225204580.0,15.81,7.04,38.415,-18.34,3560484410.0,1790697600000.0,3560484410.0,0.436,100.0,-0.0175285745423476,-15.26,0.06,0.6799659487834342,242385377.0,0.46,1489334400000.0,0.0,9569634.0,15460229.0,1.6,1.87,18408.0,6.86,,43.99,拉芳家化,-10662.466,,225204580.0,0,15.35,沪市主板,18388.0,0.10876658690450293,20.0
SZ300907,-9.55718179469429,,3.195,11,2.3,False,0.01,6.403,96000000.0,53.48,9.64,,81.19,5134080000.0,,5134080000.0,0.467,100.0,4.696352896424484,-5.61,0.24,30.27094418192253,260426620.74,1.2,1605628800000.0,0.39,28901297.0,4714465.0,1.33,6.403,6444.0,4.91,,319.65,康平科技,136.795,,96000000.0,0,52.28,创业板,6437.0,0.10874631039304024,7.0
SH603376,-29.91660702226382,,3.6106,11,1.74,False,0.01,6.272,32000800.0,26.85,4.93,27.3119,-26.81,859221480.0,,10740026850.0,0.559,100.0,11.483516010143632,-55.79,0.19,9.126623818092883,50815018.0,0.46,1762358400000.0,0.42,-2880550.0,1897718.0,1.62,6.272,1851.0,5.93,,413.55,大明电子,64.652,,400001000.0,0,26.39,沪市主板,1849.0,0.1081665765278529,2.0
SH688718,13.879016379380115,,5.8023,82,-0.75,False,0.01,3.09,173754389.0,14.56,4.64,57.0966,11.31,2529863904.0,,2529863904.0,0.79,1.0,6.583249105441197,-58.76,0.28,5.977532749495862,19565671.0,-0.11,1627401600000.0,0.3,-659246.0,1330058.0,0.76,3.09,2783.0,0.77,,586.84,唯赛勃,47.86,,173754389.0,0,14.67,科创板,2780.0,0.1079136690647482,3.0
SZ002940,-8.930337934374355,0.0,3.6304,11,4.05,False,0.01,2.913,184669355.0,23.89,8.36,16.3575,-28.36,4411750891.0,1790697600000.0,4819286364.0,0.611,100.0,7.08628791702564,99.81,0.0,-8.798185732945285,357160276.66,0.93,1540224000000.0,0.57,67370829.0,14927664.0,3.17,2.912,15777.0,8.08,,44.0,昂利康,42.111,,201728186.0,0,22.96,深市主板,15760.0,0.10786802030456853,17.0
SZ000020,15.905458526944205,,5.8286,11,2.73,False,0.01,9.283,181165391.0,14.67,10.43,61.1599,5.77,2657696286.0,,4153975200.0,,100.0,6.818411464010923,116.38,-0.2,-6.976834936165144,390211810.95,0.39,704390400000.0,0.1,23628493.0,26374281.0,1.26,9.282,16866.0,14.56,,631.58,深华发A,140.78,,283161227.0,0,14.28,深市主板,16848.0,0.10683760683760685,18.0
SZ002872,-26.80818378353136,,3.7798,11,-1.13,False,0.01,1.01,214918134.0,6.12,3.07,31.4064,25.93,1315298980.0,,1946160000.0,,100.0,-2.2009621857649124,-65.31,0.33,-3.7941456544050456,25701974.0,-0.07,1495123200000.0,-0.13,156126.0,4142200.0,1.16,1.01,6574.0,1.93,,43.99,ST天圣,-45.382,,318000000.0,0,6.19,深市主板,6567.0,0.10659357393025734,7.0
SZ003013,-13.221304959946846,0.0,3.3872,11,6.38,False,0.01,2.396,412365518.0,17.35,8.71,,24.82,7154541737.0,1790697600000.0,7962411505.0,1.793,100.0,12.163447627601872,26.68,0.52,-5.0281499526851565,342562923.94,1.04,1603296000000.0,0.81,23921900.0,19952340.0,2.68,2.405,7531.0,4.84,,44.01,地铁设计,21.404,,458928617.0,0,16.31,深市主板,7523.0,0.10634055562940316,8.0
SH600577,14.204371047845509,0.0,0.7016,11,1.49,False,0.01,3.123,2231814338.0,8.84,4.59,13.9942,-28.32,19729238748.0,1790697600000.0,19729238748.0,0.995,100.0,10.033956116135172,907.64,0.34,21.155928469389295,911476661.0,0.13,1031673600000.0,0.28,20339010.0,102605797.0,1.56,3.022,61782.0,4.6,,116.87,精达股份,31.946,,2231814338.0,0,8.71,沪市主板,61717.0,0.10531944196898747,65.0
SZ001368,0.5187341928502898,,3.7554,11,0.84,False,0.01,2.966,108080599.0,37.16,14.22,30.4347,53.73,4016275059.0,,4203545294.0,3.108,100.0,7.127794048813789,39.47,-0.21,13.84403903068614,412551358.92,0.31,1678636800000.0,0.89,32223576.0,10869776.0,1.25,2.966,4805.0,10.06,,44.01,通达创智,41.725,,113120164.0,0,36.85,深市主板,4800.0,0.10416666666666667,5.0
SH688184,,,1.8856,82,2.16,False,0.01,1.553,98167934.0,10.9,2.81,,17.46,1070030481.0,,1708334481.0,,1.0,-36.031300475574476,-67.61,0.46,11.216488531784252,7964657.0,0.23,1663516800000.0,-3.16,209746.0,734164.0,1.85,1.553,1922.0,0.75,,-21.76,ST帕瓦,-3.451,,156727934.0,0,10.67,科创板,1920.0,0.10416666666666667,2.0
SZ300851,10.514851637472255,,5.1326,11,0.6,False,0.01,1.687,56663527.0,25.13,2.92,,-4.05,1423954434.0,,2184636342.0,2.706,100.0,6.316627775020113,-19.26,0.24,9.646647749198877,27672005.0,0.15,1594915200000.0,0.93,2037149.0,1099800.0,1.01,1.687,2893.0,1.94,,43.99,交大思诺,26.935,,86933400.0,0,24.98,创业板,2890.0,0.10380622837370243,3.0
SZ002149,-27.200960211909397,0.0,5.3723,11,8.45,False,0.01,2.484,488139124.0,33.62,10.06,175.6374,-25.95,16411237349.0,1790697600000.0,16413763892.0,0.446,100.0,1.8203599718993455,136.84,0.03,-3.9091794398362967,2007077251.78,2.62,1186675200000.0,0.18,268640290.0,59858642.0,4.65,2.484,81458.0,12.26,,415.45,西部材料,188.674,,488214274.0,0,31.0,深市主板,81374.0,0.10322707498709661,84.0
SH600903,-25.17287649611264,0.0,1.2742,11,2.4,False,0.01,2.443,1163985250.0,6.84,4.34,11.0415,3.65,7961659110.0,1790697600000.0,7961659110.0,0.365,100.0,0.5603757909214551,274.65,0.29,-0.92418981769955,437205604.0,0.16,1509984000000.0,0.02,21113585.0,63333638.0,1.87,2.557,42529.0,5.44,,43.89,贵州燃气,439.107,,1163985250.0,0,6.68,沪市主板,42486.0,0.10120981029044862,43.0
SH688353,24.903522091424925,0.0,10.4798,82,7.0,False,0.01,3.766,159500000.0,86.21,9.1,,-24.18,13750495000.0,1790697600000.0,13750495000.0,0.338,1.0,8.578282081604618,17.0,0.21,55.37825154720639,561459558.0,5.64,1657641600000.0,1.88,84203482.0,6570994.0,2.5,3.766,19787.0,4.12,,14.13,华盛锂电,45.907,,159500000.0,0,80.57,科创板,19767.0,0.10117873223048515,20.0
SH603075,9.562084977020424,0.0,3.5913,11,1.57,False,0.01,3.941,42400899.0,20.04,2.79,20.7167,-5.49,849714016.0,1790697600000.0,8064114016.0,3.493,100.0,16.13182598407744,-50.27,0.4,12.459266663945346,49772559.0,0.31,1694361600000.0,0.81,6459588.0,2479671.0,0.81,3.942,3031.0,5.85,,69.26,热威股份,24.741,,402400899.0,0,19.73,沪市主板,3028.0,0.09907529722589167,3.0
SZ300006,124.14507176838679,0.0,7.5711,11,-3.42,False,0.01,3.275,1055820898.0,5.37,7.73,112.0771,4.47,5669758222.0,1790697600000.0,5670243171.0,,100.0,-7.072148589056187,50.1,0.19,-6.987198547947138,193961438.59,-0.19,1256832000000.0,-0.12,-20457793.0,35441487.0,1.33,3.275,27355.0,3.36,,116.97,莱美药业,-44.737,,1055911205.0,0,5.56,创业板,27328.0,0.09879976580796253,27.0
SZ301633,,,6.7378,11,-1.47,False,0.01,3.676,25516692.0,59.06,3.5,67.3177,-14.73,1507015830.0,,3288460800.0,0.847,100.0,3.3170376812215427,-67.68,-0.87,-8.627292062668046,60926420.66,-0.88,1730908800000.0,0.53,-7958335.0,1020576.0,0.56,3.675,2034.0,4.0,,261.44,港迪技术,111.186,,55680000.0,0,59.94,创业板,2032.0,0.09842519685039369,2.0
SH600847,60.887372572517485,,4.2212,11,2.42,False,0.01,4.395,153287400.0,13.1,3.52,400.4061,12.74,2008064940.0,,2008064940.0,,100.0,-14.418219358483086,52.35,0.31,-5.959877846791517,79395867.0,0.31,764438400000.0,-0.46,-5250663.0,6067300.0,1.03,4.395,14458.0,3.96,,249.75,万里股份,-28.253,,153287400.0,0,12.79,沪市主板,14444.0,0.09692605926336195,14.0
SH600664,13.064714423794644,0.0,1.1301,11,-2.16,False,0.01,2.986,2518509876.0,7.24,9.86,34.1059,109.86,18234011502.0,1790697600000.0,18234011502.0,,100.0,8.743938214107281,255.22,0.14,1.7867250956500769,3452202330.0,-0.16,741283200000.0,0.2,-8789911.0,459725344.0,0.88,2.986,70382.0,18.25,,2098.0,哈药股份,35.599,,2518509876.0,0,7.4,沪市主板,70314.0,0.0967090479847541,68.0
SZ000582,-1.0778778207565454,0.0,2.953844164664865,11,0.0,False,0.01,1.099,2156848223.0,8.97,,7.752916920571344,-3.79,19346928560.0,1790697600000.0,22578247786.0,1.761,100.0,5.4284351409457825,509.54,0.0,3.376511879275901,0.0,0.0,815241600000.0,0.42,8049685.0,0.0,0.0,1.099,54496.0,0.0,,748.0,北部湾港,21.2,,2517084480.0,0,8.97,深市主板,54444.0,0.09551098376313276,52.0
SZ301575,-11.473409258145416,0.0,2.3525,11,0.38,False,0.01,2.043,72780400.0,23.84,5.31,77.8782,-34.18,1735084736.0,1790697600000.0,2892697920.0,1.2,100.0,10.369846623895581,-59.38,0.04,18.25471267961005,69172509.0,0.09,1757433600000.0,0.94,463143.0,2861126.0,0.85,2.043,1062.0,3.93,,170.03,艾芬达,25.281,,121338000.0,0,23.75,创业板,1061.0,0.0942507068803016,1.0
SH600368,-5.797042848586321,0.0,5.3399,11,3.89,False,0.01,0.941,1609653858.0,4.27,3.65,8.0965,13.43,6873221974.0,1790697600000.0,6873221974.0,3.255,100.0,7.759768244858169,110.58,0.47,-8.70532583366872,195505609.0,0.16,977328000000.0,0.34,34330285.34,46032452.0,2.4,0.941,27694.0,2.86,,105.47,五洲交通,12.404,,1609653858.0,0,4.11,沪市主板,27668.0,0.09397137487350007,26.0
SZ002846,47.22296685200333,0.0,2.0095,11,3.74,False,0.01,3.497,271391801.0,11.93,6.17,12.864,-25.94,3237704186.0,1790697600000.0,5010524077.0,0.21,100.0,2.995201022856457,216.19,0.25,16.27220430492273,418202241.38,0.43,1486396800000.0,0.1,14023030.0,35224707.0,1.63,3.496,25622.0,12.98,,44.06,英联股份,117.984,,419993636.0,0,11.5,深市主板,25598.0,0.0937573247909993,24.0
SH603099,,0.0,14.1568,11,6.0,False,0.01,7.826,272355860.0,43.12,10.08,60.1105,-4.09,11743984683.0,1790697600000.0,11743984683.0,0.336,100.0,10.052847809400781,719.41,0.0,14.34525322825766,749920386.0,2.44,1408636800000.0,0.49,151305890.0,17449094.0,1.46,7.826,44941.0,6.41,,44.05,长白山,88.522,,272355860.0,0,40.68,沪市主板,44899.0,0.09354328604200539,42.0
SZ300072,175.1567428560969,0.0,2.5005,11,11.37,False,0.01,1.744,2331363778.0,3.82,13.41,,-16.96,8905809632.0,1790697600000.0,8975931554.0,,100.0,-11.629516912109827,54.3,0.0,-13.337129425010518,362607512.01,0.39,1272297600000.0,-0.27,104918679.0,96257345.0,7.23,1.744,107557.0,4.13,,73.47,海新能科,-13.923,,2349720302.0,0,3.43,创业板,107457.0,0.09306048000595586,100.0
SZ300981,187.32985913743823,0.0,3.1943,11,-4.09,False,0.01,1.588,392997379.0,19.47,10.05,33.8037,58.98,7651658969.0,1790697600000.0,8350000752.0,1.793,100.0,0.7615824967235209,-59.67,0.05,10.429555198604401,602807325.8,-0.83,1619452800000.0,0.09,28334751.0,29917233.0,1.25,1.588,13028.0,7.61,,148.82,中红医疗,206.094,,428864959.0,0,20.3,创业板,13016.0,0.09219422249539029,12.0
SH688370,1.126947826001956,,7.6268,82,0.56,False,0.01,1.504,137107879.0,28.81,4.96,33.3098,19.39,3950077994.0,,3950077994.0,0.722,1.0,1.5184831585130263,-13.3,-0.24,-7.092018809304889,52678114.0,0.16,1661356800000.0,0.29,5146887.07,1804289.0,1.25,1.504,1090.0,1.32,,-23.9,丛麟科技,98.994,,137107879.0,0,28.65,科创板,1089.0,0.09182736455463728,1.0
SZ301209,-35.459646975365814,0.0,19.8299,11,3.53,False,0.01,13.364,133956200.0,63.89,9.88,163.3124,-20.58,8558461618.0,1790697600000.0,10017952000.0,0.235,100.0,3.299396733582892,240.65,-0.2,5.2138697604165785,255858122.53,2.18,1661356800000.0,0.16,-3432712.0,4068028.0,1.33,13.364,5452.0,3.04,,160.87,联合化学,405.295,,156800000.0,0,61.71,创业板,5447.0,0.09179364787956673,5.0
SH603682,,,4.7348,11,-3.29,False,0.01,6.49,472500000.0,9.12,13.79,7.214,43.41,4309200000.0,,4309200000.0,2.412,100.0,-20.714954304439473,27.86,-0.11,-5.307931712656488,269010558.0,-0.31,1587398400000.0,-0.36,-41132927.0,28210800.0,3.14,6.49,13211.0,5.97,,43.99,锦和商管,-25.132,,472500000.0,0,9.43,沪市主板,13199.0,0.09091597848321843,12.0
SZ002637,43.81098855778003,0.0,0.3801,11,-0.19,False,0.01,1.319,464770890.0,10.35,2.7,9.7136,2.03,4810378712.0,1790697600000.0,4868650350.0,1.111,100.0,5.9906052407197485,15.99,0.1,9.106221666749503,131402070.01,-0.02,1322150400000.0,0.48,-8757849.0,12632900.0,0.88,1.319,22100.0,2.72,,17.42,赞宇科技,21.688,,470401000.0,0,10.37,深市主板,22080.0,0.09057971014492754,20.0
SH688519,,0.0,9.1111,82,1.54,False,0.01,19.889,235180442.0,276.86,10.19,,242.98,65112057172.0,1790697600000.0,65112057172.0,0.112,1.0,20.97563120727389,552.27,0.27,47.536666153323594,2199387443.0,4.21,1597680000000.0,2.61,33640156.00999999,7715458.0,1.75,19.889,21012.0,3.28,,88.8,南亚新材,106.011,,235180442.0,0,272.65,科创板,20993.0,0.09050635926261134,19.0
SZ301667,,0.0,3.1899,11,3.45,False,0.01,5.056,23729790.0,56.92,6.16,,-28.97,1350699647.0,1790697600000.0,6356233632.0,0.176,100.0,5.32139695484945,-5.0,0.04,26.298758950678724,104336731.09,1.9,1766419200000.0,0.46,13667091.0,1830801.0,1.64,5.056,3320.0,7.72,,408.17,纳百川,124.507,,111669600.0,0,55.02,创业板,3317.0,0.09044317154054868,3.0
SZ000415,-20.47765442713212,0.0,0.5114,11,-3.63,False,0.01,0.789,5392913883.0,3.98,4.36,1.1815,-1.73,21463797254.0,1790697600000.0,24614394702.0,,100.0,16.13448094702311,657.37,0.0,9.326886410054701,247163991.0,-0.15,837446400000.0,0.78,-34095587.0,61427900.0,1.47,0.785,42172.0,1.14,,80.0,渤海租赁,5.11,,6184521282.0,0,4.13,深市主板,42134.0,0.090188446385342,38.0
SZ000993,-53.01290608271809,0.0,14.8454,11,3.8,False,0.01,3.219,457951455.0,17.74,5.62,38.142,50.74,8124058812.0,1790697600000.0,8124058812.0,1.015,100.0,0.6699673570042126,154.43,0.28,-31.06427812321213,1139143542.85,0.65,964972800000.0,0.04,-23981292.0,64808690.0,0.9,3.219,57729.0,14.15,,34.61,闽东电力,475.001,,457951455.0,0,17.09,深市主板,57677.0,0.09015725505834214,52.0
SH688201,17.014767959828923,,4.3547,82,-1.82,False,0.01,1.883,317153816.0,7.55,2.47,164.7714,-48.22,2394511311.0,,2394511311.0,0.331,1.0,1.8523540667195983,-40.44,-0.26,0.8686883401489043,12717091.0,-0.14,1618934400000.0,0.07,-1014892.0,1669841.0,0.73,1.883,7773.0,0.53,,53.73,ST信安,102.037,,317153816.0,0,7.69,科创板,7766.0,0.09013649240278136,7.0
SZ001257,18.58433261981487,0.0,10.1888,11,-0.24,False,0.01,4.872,150499802.0,20.42,1.91,36.463,162.54,3073205957.0,1790697600000.0,37490115683.0,0.735,100.0,15.063583360507405,-12.49,0.05,24.456662751304425,171927785.76,-0.05,1774886400000.0,0.54,-2221596.0,8397327.0,1.16,4.872,5578.0,5.58,,253.96,盛龙股份,38.045,,1835950817.0,0,20.47,深市主板,5573.0,0.0897182845863987,5.0
SH600901,10.004794679935847,0.0,6.1179,11,0.72,False,0.01,1.571,5790452431.0,6.99,3.03,14.9834,17.2,40475262493.0,1790697600000.0,40485146353.0,2.432,100.0,13.570444449778297,99.76,-0.14,14.268553529417204,253921774.0,0.05,1519833600000.0,0.58,19007620.0,36238566.0,1.49,1.571,28041.0,0.63,,44.0,江苏金租,11.958,,5791866431.0,0,6.94,沪市主板,28016.0,0.08923472301541976,25.0
SZ300927,303.34320051977005,,2.2441,11,-0.69,False,0.01,3.87,140888930.0,27.38,3.88,39.3628,17.83,3857538903.0,,3952576800.0,0.274,100.0,7.97191368984694,12.43,0.81,40.8922960891255,247020926.59,-0.19,1609948800000.0,0.54,1563288.0,8959850.0,1.19,3.87,11265.0,6.36,,207.92,江天化学,50.247,,144360000.0,0,27.57,创业板,11255.0,0.0888494002665482,10.0
SH600331,-36.21484958407888,0.0,8.2129,11,-0.09,False,0.01,9.759,2032000000.0,11.55,2.85,,-9.7,23469600000.0,1790697600000.0,30510480000.0,,100.0,-0.7777080310346365,530.98,0.0,6.254325526197335,241386359.0,-0.01,1008777600000.0,-0.01,-9837900.0,20922642.0,0.9,9.758,53404.0,1.03,,62.85,宏达股份,-1249.621,,2641600000.0,0,11.56,沪市主板,53357.0,0.08808591187660475,47.0
SH600861,2.4966380127185106,0.0,0.1611,11,-0.16,False,0.01,1.017,566112718.0,12.81,1.01,14.0291,-24.71,7251903918.0,1790697600000.0,7251903918.0,8.064,100.0,10.890061404220928,276.96,0.0,5.376401329413039,20895507.0,-0.02,769363200000.0,1.35,-1628148.0,1632200.0,1.36,1.017,19426.0,0.29,,51.0,北京人力,9.457,,566112718.0,0,12.83,沪市主板,19409.0,0.08758823226338296,17.0
SZ001238,18.416350013367435,0.0,2.0434,11,-1.12,False,0.01,3.401,145422996.0,25.61,4.36,15.5638,-27.25,3724282928.0,1790697600000.0,3973340280.0,0.277,100.0,1.7537421270887292,88.1,-0.31,24.53028515696747,32796584.51,-0.29,1663516800000.0,0.13,-1164014.0,1263519.0,1.09,3.4,4571.0,0.87,,43.99,浙江正特,195.171,,155148000.0,0,25.9,深市主板,4567.0,0.08758484782132692,4.0
SH600592,-6.339886011849405,0.0,5.1522,11,-4.01,False,0.01,2.384,399553571.0,15.55,3.77,32.8029,-42.74,6213058029.0,1790697600000.0,6213058029.0,0.547,100.0,6.137557140793551,306.83,0.26,-14.237561861452674,474365219.0,-0.65,1028476800000.0,0.39,-10733029.0,30213588.0,2.48,2.384,50588.0,7.56,,121.83,龙溪股份,39.591,,399553571.0,0,16.2,沪市主板,50544.0,0.0870528648306426,44.0
SH688759,5.51866101161087,,,82,-4.43,False,0.01,5.857,72000000.0,20.73,7.01,,-28.66,1492560000.0,,9329259900.0,,1.0,-19.389482661598002,-57.61,-0.29,,124615750.0,-0.96,1761580800000.0,-0.39,-4864929.0,5935244.0,1.57,5.857,2300.0,8.24,,74.41,必贝特-U,-52.559,,450036657.0,0,21.69,科创板,2298.0,0.08703220191470844,2.0
SZ002580,-2.9733218628387625,0.0,2.601,11,9.43,False,0.01,3.967,452338800.0,21.36,12.35,84.4497,72.04,9661956768.0,1790697600000.0,9694641690.0,0.187,100.0,7.039676111171501,288.2,-0.14,12.786332944626588,2546677482.14,1.84,1304611200000.0,0.37,-27477386.0,121625544.0,3.09,3.967,64449.0,26.89,,-8.88,圣阳股份,58.103,,453868993.0,0,19.52,深市主板,64393.0,0.08696597456245245,56.0
SZ301105,57.328063491404976,,13.898,11,-0.49,False,0.01,3.179,19812498.0,48.26,4.87,237.9157,3.66,956151153.0,,2461260000.0,2.031,100.0,-3.3600391803534766,22.03,-0.1,-0.8591579346600708,40536323.52,-0.24,1672329600000.0,-0.53,1268311.0,829564.0,1.91,3.179,1152.0,4.19,,-5.7,鸿铭股份,-91.581,,51000000.0,0,48.5,创业板,1151.0,0.08688097306689835,1.0
SH600573,26.65126318081892,,4.2195,11,6.62,False,0.01,2.011,250000000.0,11.11,9.21,36.673,-5.88,2777500000.0,,2777500000.0,0.9,100.0,6.562086854402178,30.99,0.09,3.126855055574973,241998821.0,0.69,1046188800000.0,0.36,48796909.0,21940597.0,2.32,2.011,38050.0,8.78,,55.78,惠泉啤酒,31.139,,250000000.0,0,10.42,沪市主板,38017.0,0.08680327222032248,33.0
SH600930,-22.552467746868775,,4.0841,11,2.58,False,0.01,1.497,10743195436.0,3.98,3.35,4.962,-36.01,42757917835.0,,166022857142.0,0.754,100.0,3.827056178337894,-26.82,-0.25,12.607318804580459,863161410.0,0.1,1752595200000.0,0.12,326667647.0,218472075.0,2.55,1.497,24258.0,2.03,,125.79,华电新能,34.144,,41714285714.0,0,3.88,沪市主板,24237.0,0.08664438668151998,21.0
SH601033,9.86702553741019,0.0,2.8519,11,0.0,False,0.01,1.184,240000000.0,14.18,1.55,6.9035,-2.39,3403200000.0,1790697600000.0,12762000000.0,4.443,100.0,8.69650366510428,-28.77,-0.14,9.766912503118807,48182474.0,0.0,1705507200000.0,1.02,-3198770.0,3408100.0,1.83,1.184,4637.0,1.42,,37.1,永兴股份,13.847,,900000000.0,0,14.18,沪市主板,4633.0,0.08633714655730627,4.0
SZ000560,-37.88436318544392,0.0,0.9028,11,-1.35,False,0.01,0.919,2342688119.0,3.65,10.27,3.1656,25.0,8550811634.0,1790697600000.0,8597578106.0,,100.0,-0.5778832283979711,265.18,0.0,-10.363702909410222,2282154079.6,-0.05,760118400000.0,-0.02,98747417.0,614408082.0,0.93,0.919,42703.0,26.23,,45.2,我爱我家,-158.51,,2355500851.0,0,3.7,深市主板,42667.0,0.0843743408254623,36.0
SH688512,5.48895987246345,0.0,8.7566,82,0.43,False,0.01,5.268,327267496.0,16.35,11.0,,46.51,5350823560.0,1790697600000.0,8066803385.0,,1.0,-18.185184056777246,-13.4,0.68,24.55689224789044,604456889.0,0.07,1684166400000.0,-0.61,-19526321.439999998,35728994.0,0.8,4.483,3643.0,10.92,,-8.94,慧智微-U,-26.851,,493382470.0,0,16.28,科创板,3640.0,0.08241758241758242,3.0
SH600094,-42.19779872292324,0.0,7.199,11,4.77,False,0.01,0.992,2126229950.0,4.39,9.79,18.468,5.53,9334149481.0,1790697600000.0,10206530698.0,,100.0,1.1746743478558612,-6.62,-0.23,-54.87422230418544,273040545.0,0.2,867859200000.0,0.05,32500191.0,62262881.0,1.78,0.992,19573.0,2.93,,0.0,大名城,84.995,,2324950045.0,0,4.19,沪市主板,19557.0,0.08181213887610574,16.0
SH688818,23.733153812369224,,19.9253,82,5.93,False,0.01,13.19,142021019.0,41.8,9.83,351.1977,341.96,5936478594.0,,72603418602.0,0.179,1.0,7.339551710258744,-48.01,0.05,7.198470324825412,498155481.0,2.34,1770652800000.0,0.19,41032514.0,11914437.0,2.67,13.189,9843.0,8.39,,596.3,电科蓝天,217.644,,1736923890.0,0,39.46,科创板,9835.0,0.0813421453990849,8.0
SZ301398,,0.0,8.3366,11,-3.16,False,0.01,3.996,109182244.0,36.8,11.63,,-31.73,4017906579.0,1790697600000.0,4121654979.0,0.408,100.0,-5.1115147672567085,51.39,-0.14,18.22378158914082,190312037.79,-1.2,1671033600000.0,-0.49,14914396.0,5018050.0,3.37,3.996,11194.0,4.6,,19.59,星源卓镁,-74.883,,112001494.0,0,38.0,创业板,11185.0,0.08046490835940992,9.0
SZ300972,,0.0,0.4871,11,3.26,False,0.01,11.513,180785975.0,157.23,6.0,7.4894,-21.44,28424978849.0,1790697600000.0,31037482184.0,0.71,100.0,96.4764954942345,459.03,-0.03,104.4136844856192,392004055.72,4.96,1618761600000.0,10.55,2519304.0,2511183.0,1.38,11.509,19935.0,1.39,,279.69,万辰集团,14.901,,197401782.0,0,152.27,创业板,19919.0,0.08032531753602089,16.0
SH603219,-45.13000795921318,0.0,2.3635,11,3.97,False,0.01,4.594,561400000.0,13.1,4.6,20.5533,-21.97,7354340000.0,1790697600000.0,7354340000.0,0.382,100.0,3.9620066382370123,73.2,0.15,3.800684838345969,99032359.0,0.5,1637510400000.0,0.11,12051045.0,7678984.0,2.67,4.594,9980.0,1.37,,44.04,富佳股份,118.507,,561400000.0,0,12.6,沪市主板,9972.0,0.08022462896109105,8.0
SH688690,62.445797594890394,0.0,16.4947,82,-2.02,False,0.01,8.553,403814765.0,44.07,6.16,70.2335,71.17,17796116694.0,1790697600000.0,17796116694.0,0.231,1.0,10.754915166828358,-52.07,0.14,29.327396711851094,447551901.0,-0.91,1624377600000.0,0.52,1144744.3100000024,10141843.0,0.95,8.553,32542.0,2.51,,1273.98,纳微科技,84.941,,403814765.0,0,44.98,科创板,32516.0,0.07996063476442367,26.0
SZ001872,10.982074633212747,0.0,3.446,11,1.78,False,0.01,0.936,2302252855.0,24.61,3.85,7.1749,32.18,56658442762.0,1790697600000.0,61085669294.0,4.059,100.0,7.456560317641901,,-0.04,4.982174178812748,83795110.55,0.43,736531200000.0,1.92,7669022.0,3411280.0,0.97,0.936,20141.0,0.15,,,招商港口,12.817,,2482148285.0,0,24.18,深市主板,20125.0,0.07950310559006211,16.0
SZ301115,,,4.4216,11,3.97,False,0.01,2.581,149202150.0,34.85,6.62,36.3074,121.18,5199694928.0,,6344696208.0,0.336,100.0,-1.3648138957340006,15.98,0.14,2.4667358431722075,201156564.28,1.33,1661875200000.0,-0.19,5471581.0,5889691.0,0.66,2.602,2518.0,3.95,,-19.62,联检科技,-183.895,,182057280.0,0,33.52,创业板,2516.0,0.0794912559618442,2.0
SH603355,-27.071792066512145,0.0,1.9092,11,7.03,False,0.01,3.167,573396882.0,32.44,8.58,12.4385,2.24,18600994852.0,1790697600000.0,18600994852.0,,100.0,10.664580644555853,163.53,0.09,3.012470385298971,210457988.0,2.13,1431446400000.0,1.05,30082453.0,6600962.0,1.9,3.167,23274.0,1.15,,44.03,莱克电气,30.825,,573396882.0,0,30.31,沪市主板,23256.0,0.07739938080495357,18.0
SZ300457,7.935814955366638,0.0,1.2533,11,2.53,False,0.01,1.985,643652203.0,21.9,4.49,6.9617,-21.04,14095983246.0,1790697600000.0,14126964409.0,0.384,100.0,9.047584269488642,689.3,0.05,11.432794245020638,535593283.74,0.54,1431532800000.0,0.96,23930557.0,24331240.0,2.04,1.985,65120.0,3.78,,44.0,赢合科技,22.864,,645066868.0,0,21.36,创业板,65070.0,0.0768403258029814,50.0
SH600227,,0.0,2.8817,11,4.94,False,0.01,2.95,1277599803.0,4.04,5.45,23.1439,69.75,5161503204.0,1790697600000.0,6822459847.0,,100.0,-7.817790894816909,93.48,0.75,4.378741766069649,760753388.0,0.19,951062400000.0,-0.11,13198285.0,190420791.0,1.42,2.95,33906.0,14.9,,57.64,赤天化,-36.258,,1688727685.0,0,3.85,沪市主板,33880.0,0.076741440377804,26.0
SZ002361,,0.0,3.9667,11,5.43,False,0.01,4.436,844522984.0,10.1,9.92,42.922,-29.57,8529682138.0,1790697600000.0,9605453187.0,,100.0,-1.878096102979349,301.26,0.2,-1.934828499155683,1825605386.94,0.52,1267545600000.0,-0.04,200579529.0,178441356.0,2.49,4.436,47201.0,21.13,,66.71,神剑股份,-231.441,,951034969.0,0,9.58,深市主板,47165.0,0.07632778543411428,36.0
SZ301168,-75.19682363391634,0.0,4.5183,11,4.19,False,0.01,2.375,95313336.0,42.02,4.76,,-9.97,4005066379.0,1790697600000.0,5042400000.0,0.052,100.0,-0.12326630023988207,-18.58,0.05,-14.92060439273325,120931099.0,1.69,1639065600000.0,-0.02,13491677.0,2896900.0,3.35,2.375,6559.0,3.04,,57.4,通灵股份,-1915.777,,120000000.0,0,40.33,创业板,6554.0,0.07628928898382667,5.0
SZ002948,19.957536984907875,0.0,2.3893,11,1.95,False,0.01,0.835,3522194756.0,6.27,2.6,1.3353,44.53,22084161120.0,1790697600000.0,36493624119.0,2.871,100.0,11.696321353735666,70.02,0.0,8.444540820081748,289725981.86,0.12,1547568000000.0,0.99,18184821.0,46530900.0,1.4,0.835,19897.0,1.32,,44.03,青岛银行,6.356,,5820354724.0,0,6.15,深市主板,19882.0,0.07544512624484459,15.0
SZ001228,-14.089203910464686,,0.6265,11,0.13,False,0.01,2.304,79864609.0,37.95,5.54,,46.2,3030861912.0,,3941661912.0,1.513,100.0,5.9724181819657804,12.78,0.58,47.74585781692979,144904200.01,0.05,1651161600000.0,0.97,6178608.0,3789778.0,0.93,2.223,8005.0,4.75,,43.99,永泰运,39.063,,103864609.0,0,37.9,深市主板,7999.0,0.07500937617202151,6.0
SZ002780,66.54410156039063,,2.2729,11,4.69,False,0.01,3.012,132595301.0,15.18,7.52,22.8877,6.23,2012796669.0,,2510190803.0,0.461,100.0,11.827405802109265,140.1,0.13,16.313698547692358,142349924.65,0.68,1449590400000.0,0.54,10066134.0,9380864.0,1.53,3.012,33373.0,7.07,,43.95,三夫户外,27.973,,165361713.0,0,14.5,深市主板,33348.0,0.07496701451361401,25.0
SH689009,33.655971597802335,,1.1259,82,-1.46,False,0.01,3.657,562231389.0,36.56,3.21,9.752,-32.29,20555179582.0,,26902621087.0,3.345,1.0,21.57407396145952,17.85,0.05,36.534906684846135,255525194.0,-0.54,1603900800000.0,2.07,-21796988.0,6981392.0,1.27,3.634,46577.0,1.24,,103.27,九号公司-WD,17.643,,735848498.0,0,37.1,港股主板,46571.0,0.012883554143136288,6.0
