symbol,net_profit_cagr,north_net_inflow,ps,type,percent,has_follow,tick_size,pb_ttm,float_shares,current,amplitude,pcf,current_year_percent,float_market_capital,north_net_inflow_time,market_capital,dividend_yield,lot_size,roe_ttm,total_percent,percent5m,income_cagr,amount,chg,issue_date_ts,eps,main_net_inflows,volume,volume_ratio,pb,followers,turnover_rate,mapping_quote_current,first_percent,name,pe_ttm,dual_counter_mapping_symbol,total_shares,limitup_days,last_close,board,prev,rate_3d,chg_3d
SH600241,85.66134858191101,,7.6576,11,10.01,False,0.01,3.385,294302115.0,11.76,0.0,,40.84,3460992872.0,,3460992872.0,,100.0,-13.541192499031135,18.22,0.0,-6.732634066990794,68939072.0,1.07,975340800000.0,-0.5,-51328506.8,5862166.0,0.38,3.385,15330.0,1.99,,221.94,时代万恒,-23.305,,294302115.0,5,10.69,沪市主板,14467.0,5.965300338701873,863.0
SZ301513,-45.838297246339465,0.0,6.9401,11,6.02,False,0.01,5.526,20148989.0,71.89,21.81,20.1912,171.51,1448510819.0,1791388800000.0,7189000000.0,0.654,100.0,8.631379010859938,-27.61,-0.04,28.450228505591713,817661850.86,4.08,1776355200000.0,0.85,39980763.0,11618892.0,2.59,5.526,2150.0,57.66,,286.72,尚水智能,84.701,,100000000.0,0,67.81,创业板,2029.0,5.963528831936915,121.0
SZ300964,135.6658176807664,0.0,7.1387,11,9.55,False,0.01,7.5,86396837.0,73.99,14.61,346.1038,86.48,6392501970.0,1791388800000.0,7906541582.0,0.096,100.0,4.945966258725354,54.06,0.24,40.27211395341275,1082207472.35,6.45,1628092800000.0,0.5,15454675.0,14780575.0,2.51,7.5,12880.0,17.11,,113.57,本川智能,149.203,,106859597.0,0,67.54,创业板,12322.0,4.528485635448791,558.0
SZ301190,82.57429082275986,0.0,10.0187,11,11.31,False,0.01,4.727,181854000.0,43.99,12.27,,109.41,7999757460.0,1791388800000.0,9441859635.0,0.327,100.0,5.577931170996779,23.89,1.71,34.48107739548192,1040791348.81,4.47,1640275200000.0,0.51,105678937.0,24591143.0,1.32,4.727,7012.0,13.52,,34.51,善水科技,86.409,,214636500.0,0,39.52,创业板,6806.0,3.026741110784602,206.0
SH688099,29.187169981824578,0.0,5.374,82,5.44,False,0.01,5.294,423319995.0,99.71,6.23,,14.51,42209236701.0,1791388800000.0,42209236701.0,0.199,1.0,13.205864199277183,-25.81,0.31,18.589433176986738,3913551804.0,5.14,1565193600000.0,2.33,201730149.0,39047254.0,3.6,5.294,29259.0,9.22,,272.36,晶晨股份,42.756,,423319995.0,0,94.57,科创板,28626.0,2.211276461957661,633.0
SZ301599,-3.3425289480900178,0.0,6.435,11,-0.81,False,0.01,7.313,54700536.0,36.7,12.51,19.9905,165.03,2007509671.0,1791388800000.0,15839720000.0,0.409,100.0,14.874749549057228,-23.2,0.05,14.010099272719456,693604489.45,-0.3,1777478400000.0,0.56,-73886.0,18503509.0,2.83,7.313,2587.0,33.83,,348.6,理奇智能,65.412,,431600000.0,0,37.0,创业板,2533.0,2.1318594551914725,54.0
SZ001336,9.31862153281422,,4.8938,11,10.02,False,0.01,2.875,64298663.0,22.72,6.88,83.3175,21.47,1460865623.0,,2373911696.0,0.405,100.0,5.223554434398351,9.7,0.0,9.178933175809266,347765040.46,2.07,1658678400000.0,0.41,-50757400.0,15514647.0,5.75,2.875,2890.0,24.13,,43.99,楚环科技,56.073,,104485550.0,2,20.65,深市主板,2833.0,2.0120014119308154,57.0
SH600812,168.47674808899896,0.0,1.2638,11,10.04,False,0.01,1.875,1715730370.0,6.03,8.21,8.3714,9.92,10345854131.0,1791388800000.0,10345854131.0,0.58,100.0,2.2466892828428895,310.73,0.0,-9.93933257248296,687660547.0,0.55,758476800000.0,0.07,51493868.0,115872239.0,2.77,1.875,45362.0,6.75,,38.0,华北制药,83.837,,1715730370.0,2,5.48,沪市主板,44650.0,1.5946248600223965,712.0
SZ301636,-65.09855113934945,,3.5744,11,-2.21,False,0.01,2.584,37781423.0,43.42,6.1,,-11.21,1640469387.0,,2809018821.0,,100.0,-1.3513020663681485,-33.14,0.21,-3.9396858373507038,168132724.85,-0.98,1747324800000.0,-0.23,2029020.0,3906855.0,1.92,2.584,2185.0,10.34,,99.52,泽润新能,-188.985,,64694123.0,0,44.4,创业板,2156.0,1.3450834879406308,29.0
SH603200,,0.0,18.4874,11,9.57,False,0.01,8.714,175480103.0,53.92,13.45,,-24.15,9461887154.0,1791388800000.0,9461887154.0,0.056,100.0,-2.2255799588810707,430.87,-0.3,-1.1554387666282695,1838097115.0,4.71,1496246400000.0,-0.14,87492830.0,35975046.0,2.66,8.714,52528.0,20.5,,43.98,上海洗霸,-393.695,,175480103.0,0,49.21,沪市主板,51903.0,1.2041693158391615,625.0
SZ301486,-56.68219011247571,0.0,24.5241,11,5.78,False,0.01,11.049,72918843.0,222.0,10.48,,78.96,16187983146.0,1791388800000.0,28581000168.0,,100.0,-2.929131223495575,226.8,-0.01,38.09416486738299,2605012762.91,12.14,1688659200000.0,-0.59,79371888.0,11958507.0,1.78,11.044,24525.0,16.4,,9.61,致尚科技,-374.946,,128743244.0,0,209.86,创业板,24236.0,1.192440996864169,289.0
SH601956,,,0.5287,11,-3.62,False,0.01,1.404,621616590.0,5.32,6.7,7.5178,-23.79,3307000259.0,,3307000259.0,1.861,100.0,-1.718502898973275,-47.52,0.19,2.5258308226505655,207451696.0,-0.2,1608825600000.0,-0.07,-29974846.0,38915641.0,2.95,1.404,8443.0,6.26,,37.15,东贝集团,-79.051,,621616590.0,0,5.52,沪市主板,8349.0,1.1258833393220746,94.0
SZ301234,-22.915112312101837,,22.4928,11,-0.66,False,0.01,13.104,40318026.0,147.0,13.9,192.7769,247.84,5926749822.0,,9996000000.0,0.136,100.0,3.1331720567177146,204.0,-0.64,-7.0215734900969995,500055187.76,-0.98,1656950400000.0,0.35,7493964.0,3400421.0,1.32,13.104,5685.0,8.43,,78.96,五洲医疗,421.039,,68000000.0,0,147.98,创业板,5622.0,1.1205976520811098,63.0
SH603183,,,3.2607,11,-2.5,False,0.01,1.577,497153251.0,5.06,10.98,22.0497,17.54,2515595450.0,,2515595450.0,0.099,100.0,-0.12710847300819392,28.82,0.2,-6.00936690653503,327245133.0,-0.13,1504540800000.0,0.0,-31024082.319999993,64161520.0,3.36,1.577,13458.0,12.91,,44.03,建研院,-1240.819,,497153251.0,0,5.19,沪市主板,13310.0,1.111945905334335,148.0
SH688175,-60.80206477700967,,22.8217,82,-0.9,False,0.01,3.017,168112100.0,30.66,6.98,,24.11,5154316986.0,,5154316986.0,0.251,1.0,-0.3859615003348327,16.31,-0.29,-14.739788381419583,229144412.0,-0.28,1647273600000.0,-0.04,-6775406.879999999,7678952.0,0.74,3.017,2288.0,4.57,,-10.99,高凌信息,-774.458,,168112100.0,0,30.94,科创板,2263.0,1.104728236853734,25.0
SZ002058,,,4.2871,11,9.99,False,0.01,48.398,143365832.0,24.44,0.0,44.0967,4.53,3503860934.0,,3505877234.0,,100.0,17.911741164810486,532.85,0.0,73.79033014691423,100791830.88,2.22,1154448000000.0,0.23,-84215352.0,4124052.0,1.26,48.396,23688.0,2.88,,83.55,紫竹高科,104.124,,143448332.0,4,22.22,深市主板,23462.0,0.9632597391526724,226.0
SZ300522,-51.935497569044806,,7.8107,11,0.18,False,0.01,6.875,263695043.0,16.59,10.02,388.8476,32.28,4374700763.0,,5349470501.0,0.241,100.0,0.8487943710626163,287.22,0.61,-1.5080333439014049,1189267738.07,0.03,1467648000000.0,0.02,-50071567.0,71345113.0,3.37,6.875,15596.0,27.06,,43.99,世名科技,798.366,,322451507.0,0,16.56,创业板,15450.0,0.9449838187702265,146.0
SH603334,1.2264390525743796,,1.173,11,-1.17,False,0.01,2.739,31816703.0,33.02,2.75,,-20.34,1050587533.0,,4738370000.0,1.06,100.0,10.64724818493225,-49.55,0.03,42.82704004706943,77180897.0,-0.39,1762272000000.0,0.95,-1106402.0,2364913.0,1.69,2.739,2407.0,7.43,,172.6,丰倍生物,34.608,,143500000.0,0,33.41,沪市主板,2385.0,0.9224318658280923,22.0
SH603863,-18.069985170157523,,5.6714,11,1.91,False,0.01,13.029,204650000.0,13.88,8.22,,-30.43,2840542000.0,,2840542000.0,,100.0,-60.071692496473325,17.21,0.43,-3.4458720527936637,323844747.0,0.26,1561046400000.0,-0.91,14065214.0,23965700.0,3.54,13.029,7792.0,11.71,,44.02,松炀资源,-15.174,,204650000.0,0,13.62,沪市主板,7723.0,0.8934351935776254,69.0
SH605378,,0.0,3.9032,11,4.69,False,0.01,3.929,261346400.0,18.08,7.93,42.8607,-18.81,4725142912.0,1791388800000.0,4725142912.0,0.83,100.0,1.3935730166893332,87.96,-0.11,5.721929978755647,520790925.0,0.81,1618156800000.0,0.06,46815520.0,28501455.0,2.48,3.929,14353.0,10.91,,43.98,野马电池,279.247,,261346400.0,0,17.27,沪市主板,14230.0,0.8643710470836261,123.0
SZ301395,,,1.4032,11,-0.53,False,0.01,2.198,129350688.0,13.02,8.02,,6.2,1684145958.0,,3161912703.0,,100.0,-6.537900174610687,-7.25,0.0,5.147027991758657,177978286.07,-0.07,1688313600000.0,-0.4,-7694197.0,13677136.0,2.47,2.198,1535.0,10.57,,-8.21,仁信新材,-32.474,,242850438.0,0,13.09,创业板,1522.0,0.8541392904073587,13.0
SH603906,,0.0,1.3509,11,2.05,False,0.01,3.263,562996503.0,21.37,8.6,,6.8,12031235269.0,1791388800000.0,16906061431.0,,100.0,8.044680659618155,227.12,0.23,26.72095192205417,2342022541.0,0.43,1491753600000.0,0.42,-146134020.0,106885121.0,3.5,3.263,52849.0,18.99,,44.01,龙蟠科技,50.75,,791111906.0,0,20.94,沪市主板,52436.0,0.7876268212678313,413.0
SH605303,1.0730369131559003,,11.3863,11,2.16,False,0.01,6.601,161237408.0,32.21,17.76,,86.18,5193456912.0,,5193456912.0,,100.0,-19.134161794215114,67.27,-0.09,-11.354931692070947,849336393.0,0.68,1614528000000.0,-1.03,-40470448.0,26283409.0,18.52,6.601,8614.0,16.3,,44.02,园林股份,-31.197,,161237408.0,0,31.53,沪市主板,8549.0,0.7603228447771668,65.0
SZ301688,26.122448270124554,,4.6979,11,-0.82,False,0.01,6.268,25984953.0,40.01,4.51,27.7601,51.96,1039657970.0,,5334666693.0,,100.0,24.14922775172758,-32.19,0.15,17.56535723506587,195430630.54,-0.33,1788278400000.0,1.37,4017800.0,4968403.0,0.7,3.29,1071.0,19.12,,104.41,格林生物,29.166,,133333334.0,0,40.34,创业板,1063.0,0.7525870178739417,8.0
SZ300530,-47.885918796944374,0.0,34.4322,11,20.02,False,0.01,56.819,171951354.0,28.9,13.0,,8.24,4969394131.0,1791388800000.0,4969394131.0,,100.0,-75.78316700494307,341.06,0.0,-6.1318824221993085,722835176.03,4.82,1470672000000.0,-0.4,53456569.0,25865507.0,3.45,56.823,16204.0,15.04,,44.02,领湃科技,-72.651,,171951354.0,2,24.08,创业板,16086.0,0.7335571304239712,118.0
SZ002774,-36.5004437093117,,4.392,11,-1.1,False,0.01,5.598,281771935.0,18.83,7.77,68.2279,107.96,5305765536.0,,6339833157.0,1.593,100.0,4.7747918928937745,235.94,0.75,-5.067067218673471,452031478.0,-0.21,1490284800000.0,0.16,6238330.0,24292140.0,2.6,5.598,11674.0,8.62,,43.93,快意电梯,114.793,,336687900.0,0,19.04,深市主板,11590.0,0.724762726488352,84.0
SH600127,,0.0,2.5949,11,10.0,False,0.01,14.725,641783218.0,15.18,12.9,2742.8394,125.89,9742269249.0,1791388800000.0,9742269249.0,,100.0,-2.6060940176848666,364.06,0.0,-7.253974468149926,2959497543.0,1.38,894384000000.0,-0.03,137695670.0,201939841.0,1.08,14.725,98935.0,31.47,,0.0,金健米业,-557.651,,641783218.0,1,13.8,沪市主板,98284.0,0.6623662040616988,651.0
SZ001316,42.325790523548456,0.0,3.2683,11,0.6,False,0.01,3.178,150367978.0,26.77,5.86,17.5164,-3.13,4025350771.0,1791388800000.0,4314295711.0,2.469,100.0,16.839844069822696,62.01,0.11,21.58596301785074,97093001.7,0.16,1656000000000.0,1.36,2424130.0,3721826.0,1.37,3.178,11142.0,2.48,,44.01,润贝航科,19.745,,161161588.0,0,26.61,深市主板,11070.0,0.6504065040650406,72.0
SZ001300,,,7.7486,11,9.99,False,0.01,3.823,243775914.0,14.86,5.03,558.7895,-3.82,3622510082.0,,3622510082.0,,100.0,-9.848166681027053,11.5,0.0,12.740245647433412,122004198.0,1.35,1666108800000.0,-0.4,-31502490.0,8311400.0,2.15,3.823,9933.0,3.41,,43.96,三柏硕,-36.834,,243775914.0,2,13.51,深市主板,9869.0,0.6484952882764211,64.0
SZ300209,3.198960112557181,0.0,89.7874,11,2.04,False,0.01,34.056,742908901.0,34.46,15.9,833.7474,532.29,25600640728.0,1791388800000.0,32000800902.0,,100.0,-7.701319163876312,325.83,-0.06,23.010530168639185,2289736091.11,0.69,1303747200000.0,-0.08,-86590728.0,70640100.0,1.55,34.055,48885.0,9.51,,-11.79,行云科技,-438.094,,928636126.0,0,33.77,创业板,48600.0,0.5864197530864198,285.0
SZ301449,-2.518074322120545,0.0,4.6701,11,4.88,False,0.01,3.534,20543479.0,44.89,9.53,27.7668,-24.84,922196772.0,1791388800000.0,4098652182.0,0.956,100.0,11.303758099775116,-19.16,0.09,7.069938581406943,234426413.85,2.09,1766419200000.0,1.07,1717237.0,5302529.0,3.69,3.534,1751.0,25.81,,174.48,天溯计量,41.777,,91304348.0,0,42.8,创业板,1741.0,0.5743825387708213,10.0
SZ002242,-43.87009540715886,0.0,1.497,11,10.04,False,0.01,3.566,761765625.0,15.13,11.13,34.9567,46.89,11525513906.0,1791388800000.0,11544447210.0,0.991,100.0,1.9858441087252203,95.43,0.0,-9.249130664782912,2062716607.09,1.38,1211904000000.0,0.09,-186029801.0,139229382.0,6.51,3.566,120139.0,18.28,,104.13,九阳股份,173.112,,763017000.0,5,13.75,深市主板,119454.0,0.5734424966932877,685.0
SZ301119,-3.790364399304469,,10.0029,11,8.2,False,0.01,4.461,117754000.0,32.99,13.22,32.2771,-12.05,3884704460.0,,4803344000.0,0.261,100.0,9.457514241026226,25.54,0.43,6.463880054481175,321106219.42,2.5,1637510400000.0,0.67,15889164.0,10306712.0,1.85,4.461,4273.0,8.75,,193.18,正强股份,49.084,,145600000.0,0,30.49,创业板,4249.0,0.564838785596611,24.0
SH601975,6.2530954321423415,0.0,3.5196,11,-3.82,False,0.01,1.835,4680344678.0,4.78,10.87,11.0579,59.09,22372047561.0,1791388800000.0,22372047561.0,0.565,100.0,13.173770033696272,70.98,0.0,3.8818021785395507,2059249564.0,-0.19,1546876800000.0,0.33,-284745443.0,432855415.0,2.56,1.835,67158.0,9.25,,-23.2,招商南油,14.403,,4680344678.0,0,4.97,沪市主板,66791.0,0.5494752286984773,367.0
SZ002866,1.6884397014615304,0.0,2.434,11,-1.45,False,0.01,2.529,183768894.0,18.32,15.98,29.9721,1.96,3366646138.0,1791388800000.0,5304047730.0,0.328,100.0,3.1457240368891983,101.26,0.66,7.723750091346182,1452604140.73,-0.27,1493136000000.0,0.23,-5161817.0,76327882.0,4.06,2.529,53779.0,41.53,,44.03,传艺科技,81.298,,289522256.0,0,18.59,深市主板,53499.0,0.5233742686779193,280.0
SZ002805,,0.0,1.1155,11,10.02,False,0.01,5.432,278816068.0,19.44,4.98,,9.64,5420184362.0,1791388800000.0,5444415156.0,,100.0,-7.776594913267481,492.68,0.0,55.993508631651956,607293917.39,1.77,1467820800000.0,-0.34,67167098.92000002,31684578.0,2.32,5.432,44942.0,11.36,,43.97,丰元股份,-56.707,,280062508.0,2,17.67,深市主板,44714.0,0.5099074115489556,228.0
SZ300489,,0.0,17.2246,11,6.02,False,0.01,49.874,137822431.0,278.82,11.02,755.1829,448.86,38427650211.0,1791388800000.0,38799987555.0,,100.0,-9.27956177570259,3521.93,0.66,33.98057255412144,4506745364.25,15.82,1435680000000.0,-0.48,337646486.0,16512195.0,1.24,49.874,45541.0,11.98,,44.02,光智科技,-584.235,,139157835.0,0,263.0,创业板,45314.0,0.5009489341042503,227.0
SH600026,42.66841288422248,0.0,4.6922,11,3.85,False,0.01,2.672,3828029180.0,23.49,6.1,11.3688,106.36,89920405438.0,1791388800000.0,128519695433.0,2.81,100.0,15.834077068797841,907.29,0.13,10.972450556271873,3582837246.0,0.87,1022083200000.0,1.23,132395187.0,155656721.0,2.96,2.672,121753.0,4.07,,88.14,中远海能,19.143,,5471251402.0,0,22.62,沪市主板,121155.0,0.49358260080062727,598.0
SZ301662,-30.694596373091933,0.0,4.0581,11,2.29,False,0.01,5.972,44592018.0,78.18,8.13,20.0353,-5.35,3486203967.0,1791388800000.0,9068880000.0,0.53,100.0,6.70647999531057,59.68,-0.04,-6.951184210547101,631526572.2,1.75,1744819200000.0,0.86,11810149.0,8301431.0,1.5,5.971,8712.0,18.62,,165.08,宏工科技,90.596,,116000000.0,0,76.43,创业板,8672.0,0.46125461254612543,40.0
SH600408,-29.371158037217747,,0.7358,11,9.88,False,0.01,3.359,1006800000.0,3.78,13.66,13.9899,-6.2,3805704000.0,,3805704000.0,,100.0,-21.98622423118352,66.06,0.0,-18.694842731558037,750030326.0,0.34,1044979200000.0,-0.28,35549627.0,210563162.0,4.12,3.359,23508.0,20.91,,93.91,安泰集团,-13.553,,1006800000.0,2,3.44,沪市主板,23401.0,0.4572454168625273,107.0
SZ002580,-2.9733218628387625,0.0,2.5231,11,-3.0,False,0.01,3.848,452338800.0,20.72,4.63,81.9194,66.88,9372459936.0,1791388800000.0,9404165535.0,0.193,100.0,7.039676111171501,276.57,-0.29,12.786332944626588,2170350207.12,-0.64,1304611200000.0,0.37,99159499.0,104458509.0,1.83,3.848,64743.0,23.09,,-8.88,圣阳股份,56.362,,453868993.0,0,21.36,深市主板,64449.0,0.45617464972303684,294.0
SZ002951,7.484429997364939,0.0,24.37,11,-3.03,False,0.01,4.413,401121894.0,16.65,12.46,,11.74,6678679535.0,1791388800000.0,6711013935.0,,100.0,-13.477749829294181,64.44,0.67,65.8087423759651,281045117.0,-0.52,1552579200000.0,-0.55,-17156186.0,16782300.0,2.09,4.435,14154.0,4.18,,43.96,金时科技,-30.312,,403063900.0,0,17.17,深市主板,14090.0,0.454222853087296,64.0
SH603248,-10.610109334982177,,7.4673,11,-3.73,False,0.01,4.142,71504951.0,20.64,9.37,,-5.26,1475862189.0,,9494400000.0,0.775,100.0,9.297878076740282,-26.84,-0.29,12.181092673477512,365545255.0,-0.8,1766419200000.0,0.36,-3017928.0,18030005.0,0.79,4.142,4471.0,25.22,,264.46,锡华科技,57.235,,460000000.0,0,21.44,沪市主板,4451.0,0.4493372275893057,20.0
SZ300619,,0.0,2.9256,11,1.17,False,0.01,4.05,190432446.0,28.5,13.28,23.3205,-15.52,5427324711.0,1791388800000.0,6502558718.0,0.088,100.0,4.8828042938231935,385.53,0.6,7.3498367404567055,907544119.62,0.33,1488297600000.0,0.33,27291540.0,32210536.0,2.86,4.082,22681.0,16.91,,43.99,金银河,85.124,,228159955.0,0,28.17,创业板,22580.0,0.44729849424269263,101.0
SZ301560,-77.41249901793661,,4.4976,11,4.34,False,0.01,5.033,58432000.0,39.93,14.03,47.2902,17.55,2333189760.0,,4855488000.0,0.2,100.0,2.146904108364852,-10.82,0.38,10.044297673809744,447942662.04,1.66,1745510400000.0,0.17,9676234.0,11793360.0,0.89,5.033,2026.0,20.18,,179.39,众捷股份,235.338,,121600000.0,0,38.27,创业板,2017.0,0.44620723847297966,9.0
SH600617,,0.0,0.4954,11,-0.53,False,0.01,2.254,1775542689.0,3.72,13.9,3.6504,18.47,6605018803.0,1791388800000.0,7176593407.0,,100.0,-6.102876906538145,5.22,0.27,-7.2390178529382565,788142370.0,-0.02,718905600000.0,-0.13,-14076718.0,209562981.0,6.61,2.254,24098.0,11.8,,308.6,国新能源,-28.547,,1929191776.0,0,3.74,沪市主板,23991.0,0.4460005835521654,107.0
SZ301081,-61.42913380503521,,4.5933,11,0.78,False,0.01,4.069,225165732.0,19.36,5.62,220.5924,91.64,4359208572.0,,4537920151.0,0.258,100.0,0.044750784427108795,32.14,0.57,14.648474986910841,204992084.21,0.15,1634659200000.0,0.0,1561562.0,10704978.0,1.01,4.057,2747.0,4.75,,61.39,严牌股份,8996.333,,234396702.0,0,19.21,创业板,2735.0,0.43875685557586835,12.0
SZ300821,-10.21707996185489,0.0,5.01,11,20.01,False,0.01,3.854,1199790750.0,17.15,12.95,94.8747,47.28,20576411363.0,1791388800000.0,20580000000.0,0.117,100.0,7.1419510335362295,124.5,0.0,-3.483640442201985,2488094392.99,2.86,1583942400000.0,0.31,236261384.0,150720016.0,5.18,3.854,42062.0,12.56,,44.06,东岳硅材,56.034,,1200000000.0,1,14.29,创业板,41885.0,0.4225856511877761,177.0
SZ300450,4.406946768459208,0.0,3.8382,11,-2.29,False,0.01,3.418,1559413913.0,36.73,6.92,9.1936,-25.98,57277273024.0,1791388800000.0,61494153271.0,0.781,100.0,11.749609961211783,2630.25,-0.24,2.4719088494544295,5753272852.4,-0.86,1431878400000.0,1.06,228995434.0,154035528.0,1.89,3.418,192625.0,9.88,,43.99,先导智能,34.555,,1674221434.0,0,37.59,创业板,191829.0,0.4149529007605732,796.0
SH600825,5.759954166092429,0.0,9.0213,11,10.01,False,0.01,5.207,1044887850.0,12.53,0.0,50.5235,103.25,13092444761.0,1791388800000.0,13092444761.0,0.104,100.0,1.7119253157703198,1264.18,0.0,3.610214386509525,625610971.0,1.14,760291200000.0,0.04,-388819355.0,49929048.0,5.39,5.207,68707.0,4.78,,128.15,新华传媒,306.792,,1044887850.0,9,11.39,沪市主板,68432.0,0.401858779518354,275.0
SZ002687,-30.450359352125044,,2.5143,11,1.95,False,0.01,2.074,413616563.0,6.26,8.31,19.7363,32.42,2589239684.0,,3159919614.0,1.31,100.0,5.4861758733510175,79.52,0.64,-5.679293856670409,349536063.04,0.12,1342108800000.0,0.16,-2170135.0,55646681.0,2.94,2.074,16070.0,13.45,,10.35,乔治白,38.301,,504779491.0,0,6.14,深市主板,16008.0,0.3873063468265867,62.0
SH601872,59.68105858869197,0.0,5.0564,11,0.18,False,0.01,3.805,8074538502.0,22.07,9.08,13.0466,149.64,178205064739.0,1791388800000.0,178205064739.0,1.722,100.0,24.850409315428013,608.26,0.0,19.349848353872012,4564449449.0,0.04,1164902400000.0,1.34,-81103542.11000001,211556768.0,1.72,3.805,181950.0,2.62,,71.7,招商轮船,16.429,,8074538502.0,0,22.03,沪市主板,181254.0,0.3839915257042603,696.0
SH688573,,,4.5436,82,-1.83,False,0.01,5.771,53216225.0,17.75,8.74,,-22.11,944587994.0,,1735140387.0,,1.0,-93.92263694255094,-57.31,-0.11,1.7708447599173338,160140985.0,-0.33,1692201600000.0,-4.9,-888616.8000000007,8844115.0,1.2,5.771,3740.0,16.62,,76.1,信宇人,-3.62,,97754388.0,0,18.08,科创板,3726.0,0.3757380568974772,14.0
SH603210,12.588316282308053,0.0,1.8635,11,-0.87,False,0.01,2.376,232677500.0,13.61,2.99,25.8702,-29.49,3166740775.0,1791388800000.0,4632844000.0,0.867,100.0,11.502499875637774,-54.29,-0.07,21.555574325781457,76763910.0,-0.12,1744128000000.0,0.63,2951711.0,5675950.0,1.64,2.376,1908.0,2.44,,253.95,泰鸿万立,21.623,,340400000.0,0,13.73,沪市主板,1901.0,0.3682272488164124,7.0
SH688196,-35.416369354410485,0.0,1.5589,82,1.41,False,0.01,1.499,127190795.0,36.63,7.31,,-36.98,4658998821.0,1791388800000.0,4658998821.0,1.365,1.0,1.7859642525804102,-11.98,0.91,3.5632725464774806,300222043.0,0.51,1574265600000.0,0.42,16644568.32,8247060.0,2.95,1.499,12319.0,6.48,,18.5,卓越新能,87.455,,127190795.0,0,36.12,科创板,12276.0,0.350276963180189,43.0
SH601579,26.243464227069314,0.0,10.3933,11,1.72,False,0.01,5.145,479463409.0,40.28,8.71,66.6689,102.41,19312786115.0,1791388800000.0,19312786115.0,0.73,100.0,7.5827863788127186,771.24,0.02,10.472088119587596,1702515127.0,0.68,1408896000000.0,0.58,7017750.0,43728929.0,0.96,5.145,59615.0,9.12,,44.02,会稽山,69.12,,479463409.0,0,39.6,沪市主板,59407.0,0.350127089400239,208.0
SH600400,,0.0,4.3329,11,9.94,False,0.01,7.096,2291371852.0,3.98,9.39,31.0997,67.23,9119659971.0,1791388800000.0,9119659971.0,,100.0,-22.573522177428217,193.88,0.0,-5.1486217132284295,744163051.0,0.36,978883200000.0,-0.18,107245495.0,194969093.0,3.8,7.096,25654.0,8.51,,137.84,红豆股份,-21.692,,2291371852.0,2,3.62,沪市主板,25566.0,0.34420715012125475,88.0
SH600513,-42.36503511490587,0.0,1.5505,11,-1.93,False,0.01,3.681,285456270.0,16.28,6.39,79.1382,-10.67,4647228076.0,1791388800000.0,4647228076.0,0.43,100.0,-3.6862452292636703,464.67,0.49,15.08828633472723,632873481.0,-0.32,1048003200000.0,-0.17,42173889.0,38608454.0,2.63,3.681,38102.0,13.53,,135.53,联环药业,-97.258,,285456270.0,0,16.6,沪市主板,37972.0,0.3423575265985463,130.0
SZ002029,,0.0,2.2978,11,7.94,False,0.01,1.049,665405959.0,9.92,11.43,14.2925,-9.11,6600827113.0,1791388800000.0,6993833487.0,0.968,100.0,2.189342707000037,890.02,0.0,-3.542878365876223,649187327.94,0.73,1091721600000.0,0.21,116235803.0,67105561.0,1.43,1.049,41856.0,10.08,,65.77,七匹狼,48.272,,705023537.0,0,9.19,深市主板,41715.0,0.33800791082344483,141.0
SZ002733,-32.58071809038982,0.0,2.16,11,10.01,False,0.01,2.968,368862759.0,20.78,3.28,18.8573,6.51,7664968132.0,1791388800000.0,7983985892.0,0.707,100.0,1.3903586982837826,222.92,0.0,3.143925655569779,434396748.67,1.89,1417536000000.0,0.1,-131621451.0,21060939.0,1.95,2.968,72247.0,5.71,,44.0,雄韬股份,211.809,,384214913.0,2,18.89,深市主板,72008.0,0.3319075658260193,239.0
SH601118,,0.0,0.8262,11,9.98,False,0.01,3.225,4279427797.0,7.16,11.52,21.564,22.39,30640703027.0,1791388800000.0,30640703027.0,,100.0,-0.5865128731880545,-21.46,0.0,-1.9895201401804452,1930793299.0,0.65,1294329600000.0,-0.01,145015816.0,284292959.0,2.31,3.225,118375.0,6.64,,83.81,海南橡胶,-533.223,,4279427797.0,1,6.51,沪市主板,117987.0,0.3288497885360252,388.0
SH688662,,0.0,23.6091,82,2.34,False,0.01,18.316,114705644.0,114.76,13.82,337.846,191.86,13163619705.0,1791388800000.0,13163619705.0,0.268,1.0,5.836487488815028,475.99,0.67,13.233074057133631,2153140624.0,2.62,1617206400000.0,0.36,56886586.0,19335068.0,1.24,18.316,26586.0,16.86,,129.98,富信科技,319.978,,114705644.0,0,112.14,科创板,26499.0,0.32831427601041546,87.0
SZ301378,,,6.0877,11,2.82,False,0.01,2.109,61813828.0,25.49,8.31,337.6305,-10.25,1575634476.0,,2462334000.0,,100.0,-11.750547849704933,-50.04,0.16,-6.123729927331434,57760395.0,0.7,1679241600000.0,-1.51,1024480.0,2355200.0,1.65,2.109,4539.0,3.81,,17.4,通达海,-16.906,,96600000.0,0,24.79,创业板,4525.0,0.30939226519337015,14.0
SZ301283,15.85173846434107,,1.178,11,-0.2,False,0.01,1.825,91361202.0,25.38,3.26,21.8888,-19.87,2318747307.0,,2949733547.0,5.213,100.0,11.306099008347054,-21.96,-0.12,21.438120676970197,23619309.4,-0.05,1662048000000.0,1.56,391285.0,938620.0,1.62,1.825,3950.0,1.03,,-10.93,聚胶股份,16.262,,116222756.0,0,25.43,创业板,3938.0,0.30472320975114275,12.0
SZ301683,25.335419915205893,0.0,5.8577,11,-0.01,False,0.01,2.647,15076064.0,98.9,4.01,30.1715,27.17,1491022730.0,1791388800000.0,6242211960.0,1.112,100.0,12.227421956268147,-22.13,0.23,16.865232007538932,114786382.86,-0.01,1774972800000.0,3.33,-1500427.0,1170345.0,1.31,2.647,2773.0,7.76,,61.66,慧谷新材,29.67,,63116400.0,0,98.91,创业板,2765.0,0.28933092224231466,8.0
SZ002882,-27.745307473608584,0.0,2.4595,11,-0.04,False,0.01,5.525,246990038.0,26.94,12.54,,-10.27,6653911624.0,1791388800000.0,11662326000.0,0.371,100.0,3.756260231630393,319.01,-0.07,7.222758366325088,1103813910.24,-0.01,1500220800000.0,0.18,-62341446.0,40585495.0,1.91,5.525,47795.0,16.43,,44.03,金龙羽,148.249,,432900000.0,0,26.95,深市主板,47660.0,0.28325639949643305,135.0
SZ301575,-11.473409258145416,0.0,2.3564,11,0.17,False,0.01,2.046,72780400.0,23.88,4.15,78.0089,-34.07,1737995952.0,1791388800000.0,2897551440.0,1.198,100.0,10.369846623895581,-59.32,0.13,18.25471267961005,68465734.0,0.04,1757433600000.0,0.94,-4843064.0,2920523.0,0.95,2.046,1065.0,4.01,,170.03,艾芬达,25.323,,121338000.0,0,23.84,创业板,1062.0,0.2824858757062147,3.0
SH688370,1.126947826001956,,7.6771,82,0.66,False,0.01,1.514,137107879.0,29.0,4.62,33.5295,20.18,3976128491.0,,3976128491.0,0.717,1.0,1.5184831585130263,-12.73,-0.17,-7.092018809304889,43757499.0,0.19,1661356800000.0,0.29,-546329.0,1526356.0,1.1,1.514,1093.0,1.11,,-23.9,丛麟科技,99.647,,137107879.0,0,28.81,科创板,1090.0,0.27522935779816515,3.0
SH605566,23.037701023838196,,5.0418,11,-1.91,False,0.01,2.166,133340000.0,33.47,8.76,110.0297,6.68,4462889800.0,,4462889800.0,0.296,100.0,2.531988565681019,-8.92,0.18,2.837441147071762,195641075.0,-0.65,1635091200000.0,0.39,-6831986.0,5910500.0,1.04,2.165,5122.0,4.43,,24.81,福莱蒽特,86.834,,133340000.0,0,34.12,沪市主板,5108.0,0.274079874706343,14.0
SH601123,2.2415170258971218,,10.2259,11,1.19,False,0.01,5.044,95828258.0,17.05,5.1,24.5106,156.39,1633871799.0,,21050119443.0,,100.0,17.160047416998268,-25.87,0.47,2.598535117516665,237164768.0,0.2,1788192000000.0,0.53,4347110.0,14291119.0,0.74,,2565.0,14.91,,290.98,马矿股份,31.961,,1234611111.0,0,16.85,沪市主板,2558.0,0.2736512900703675,7.0
SH605069,,,10.0476,11,3.23,False,0.01,4.397,211697778.0,13.1,7.8,97.5789,-10.88,2773240892.0,,2773240892.0,,100.0,-32.841583195964986,-4.92,1.0,3.8912611902183203,273010686.0,0.41,1629043200000.0,-1.18,-5411762.0,21604967.0,1.21,4.397,9590.0,10.21,,44.02,正和生态,-11.057,,211697778.0,0,12.69,沪市主板,9565.0,0.26136957658128596,25.0
SZ301587,-13.80545936593417,,4.1668,11,0.13,False,0.01,1.675,73452665.0,22.77,4.0,35.839,-2.69,1672517182.0,,3354659471.0,1.379,100.0,3.146218630841402,-42.06,0.13,10.970647174895664,141365928.39,0.03,1712505600000.0,0.43,8681800.0,6229700.0,1.07,1.675,2729.0,8.48,,73.72,中瑞股份,53.387,,147328040.0,0,22.74,创业板,2722.0,0.2571638501102131,7.0
SH603127,109.56805078995839,0.0,23.2834,11,1.04,False,0.01,4.392,627716714.0,52.6,5.49,53.336,50.7,33017899156.0,1791388800000.0,39415716372.0,0.228,100.0,11.527459945921793,2192.04,0.06,-9.783256766204262,2818919862.0,0.54,1503590400000.0,1.31,52613213.0,54513558.0,1.14,4.392,104821.0,8.68,,43.96,昭衍新药,40.039,,749348220.0,0,52.06,沪市主板,104562.0,0.24769992922859166,259.0
SH600256,-26.895213562174046,0.0,1.5906,11,5.88,False,0.01,1.842,6392002964.0,7.2,5.0,9.4509,48.07,46022421341.0,1791388800000.0,46022421341.0,0.875,100.0,7.272223705099769,2133.25,0.28,-23.49494808945637,2000957759.0,0.4,959270400000.0,0.28,15910472.0,279227906.0,2.54,1.842,201537.0,4.37,,228.79,广汇能源,25.998,,6392002964.0,0,6.8,沪市主板,201042.0,0.246217208344525,495.0
SZ002172,-13.982251709876225,,2.621,11,4.42,False,0.01,22.617,765140730.0,5.91,10.25,251.7214,48.87,4521981714.0,,4525478248.0,,100.0,18.51588443047963,-55.23,0.34,-8.848645620869977,1149758062.33,0.25,1190304000000.0,0.04,18526817.0,197553742.0,1.08,22.618,39681.0,25.82,,170.57,澳洋健康,133.494,,765732360.0,0,5.66,深市主板,39584.0,0.2450485044462409,97.0
SH603968,60.99633258315376,,0.9165,11,-3.58,False,0.01,1.373,204480000.0,11.86,5.12,,6.18,2425132800.0,,2425132800.0,,100.0,-3.7395055161209516,7.34,-0.17,-4.024094188346428,194775827.0,-0.44,1431878400000.0,-0.33,-17064193.0,16614409.0,1.14,1.373,21308.0,8.13,,44.02,醋化股份,-36.018,,204480000.0,0,12.3,沪市主板,21256.0,0.24463680843056076,52.0
SZ001266,,,4.6099,11,-2.35,False,0.01,4.372,58147647.0,40.64,7.23,23.0209,3.87,2363120374.0,,4212403544.0,0.723,100.0,4.465983096973492,29.05,0.0,42.16491315794797,373234860.23,-0.98,1645977600000.0,0.41,13654866.0,9283125.0,1.18,4.372,9077.0,15.96,,44.0,宏英智能,98.829,,103651662.0,0,41.62,深市主板,9055.0,0.24295969077857538,22.0
SZ001390,11.427939740092441,0.0,3.1737,11,0.94,False,0.01,2.047,117759250.0,17.15,2.77,24.1723,-29.43,2019571137.0,1791388800000.0,3430000000.0,0.752,100.0,10.69652262560859,-42.47,0.12,10.056535982028558,42483568.74,0.16,1748448000000.0,0.86,-1426946.0,2503478.0,0.99,2.046,3387.0,2.13,,164.9,古麒绒材,19.84,,200000000.0,0,16.99,深市主板,3379.0,0.23675643681562594,8.0
SZ300198,-16.71475105825141,,22.9404,11,1.71,False,0.01,5.651,1024486844.0,2.38,3.42,2375.1413,-7.03,2438278689.0,,2455085525.0,,100.0,-115.85206738242432,-17.7,0.42,-28.8870637380933,30182355.17,0.04,1302105600000.0,-0.27,-1813089.0,12580495.0,0.93,5.651,21665.0,1.23,,-4.58,*ST纳川,-8.744,,1031548540.0,0,2.34,创业板,21614.0,0.235958175256778,51.0
SZ002490,,0.0,2.8726,11,-2.24,False,0.01,12.671,541722000.0,7.43,4.08,74.072,14.31,4024994460.0,1791388800000.0,6368568032.0,,100.0,-0.5554901884950959,-24.06,0.13,28.06972881041063,474918270.69,-0.17,1287590400000.0,0.0,-13127653.0,64208352.0,2.76,11.794,38309.0,11.85,,14.06,山东墨龙,-2276.719,,857142400.0,0,7.6,深市主板,38219.0,0.2354849682095293,90.0
SH600310,506.50110135306664,0.0,1.7782,11,-2.41,False,0.01,2.507,1465710722.0,4.85,7.44,4.0533,28.03,7108697002.0,1791388800000.0,7108697002.0,0.619,100.0,-0.5549470562017155,181.67,0.62,-36.11199452669639,665637346.0,-0.12,983289600000.0,-0.01,-11787716.0,138422283.0,2.6,2.507,58402.0,9.44,,101.14,广西能源,-447.553,,1465710722.0,0,4.97,沪市主板,58267.0,0.2316920383750665,135.0
SZ301108,-4.988641936312044,,6.7218,11,-2.23,False,0.01,3.092,64832715.0,52.6,7.32,26.8036,59.56,3410200809.0,,5920458855.0,0.513,100.0,4.573607690936175,-12.94,0.13,18.75803957388442,166296181.76,-1.2,1638460800000.0,0.77,1150710.0,3128640.0,0.81,3.092,4764.0,4.83,,44.37,洁雅股份,68.564,,112556252.0,0,53.8,创业板,4753.0,0.23143277929728595,11.0
SH600722,23.332601788254713,0.0,24.2104,11,4.26,False,0.01,8.946,680319676.0,16.88,10.01,104.2259,184.18,11483796131.0,1791388800000.0,11483796131.0,,100.0,4.488808599595137,610.29,0.18,-2.1609960856387445,2608503538.0,0.69,835718400000.0,0.08,-45599511.0,158276481.0,1.92,8.946,50436.0,23.27,,81.92,金牛化工,203.904,,680319676.0,0,16.19,沪市主板,50320.0,0.2305246422893482,116.0
SH688758,70.66547853294371,0.0,24.2031,82,-2.38,False,0.01,8.72,298183672.0,29.06,6.89,79.0356,64.35,8665217508.0,1791388800000.0,12102446281.0,0.241,1.0,13.699468225836785,3.93,0.03,36.0269377373319,387209055.0,-0.71,1736438400000.0,0.44,-17234175.0,13562148.0,1.05,8.72,4911.0,4.55,,379.17,赛分科技,65.948,,416464084.0,0,29.77,科创板,4900.0,0.22448979591836735,11.0
SZ002074,112.51788979057125,0.0,1.0324,11,-2.84,False,0.01,1.831,1736657690.0,30.41,6.87,14.805,-21.95,52811760353.0,1791388800000.0,55185797650.0,0.329,100.0,12.061462166098542,839.62,-0.56,26.875675260655708,3451359095.78,-0.89,1161100800000.0,1.88,34587064.84000003,112261313.0,1.72,1.831,243204.0,6.46,,87.31,国轩高科,16.218,,1814725342.0,0,31.3,深市主板,242665.0,0.22211691014361362,539.0
SZ301617,-2.311996107013492,0.0,6.2237,11,-0.82,False,0.01,5.156,68952000.0,53.46,5.83,,-10.2,3686173920.0,1791388800000.0,9287712720.0,0.475,100.0,9.808100498263606,3.78,0.04,14.001703428605738,130967199.94,-0.44,1733846400000.0,0.98,-6153090.0,2490469.0,1.03,5.156,5479.0,3.61,,188.47,博苑新材,54.366,,173732000.0,0,53.9,创业板,5467.0,0.2194988110481068,12.0
SZ301010,-45.595659892149406,,2.9113,11,-1.32,False,0.01,2.705,108000000.0,20.87,7.42,72.672,-5.78,2253960000.0,,2253960000.0,,100.0,0.7140959216506566,-28.56,0.34,-18.357557230575495,144256203.43,-0.28,1623945600000.0,0.05,6265595.0,6992113.0,1.48,2.705,7804.0,6.47,,289.78,晶雪节能,380.116,,108000000.0,0,21.15,创业板,7787.0,0.21831257223577757,17.0
SZ002565,25.515753384400732,0.0,9.1347,11,1.72,False,0.01,5.388,1059955172.0,9.44,9.27,68.3102,-48.5,10005976824.0,1791388800000.0,10006295424.0,,100.0,3.14745797916025,157.76,-0.11,-10.821053830964333,2557856653.49,0.16,1300377600000.0,0.05,134268450.0,267150840.0,2.21,5.388,63436.0,25.2,,-2.53,顺灏股份,174.414,,1059988922.0,0,9.28,深市主板,63302.0,0.21168367508135605,134.0
SH603727,66.67212529055516,,3.6358,11,3.36,False,0.01,1.909,281719277.0,20.93,6.07,14.3896,51.41,5896384468.0,,5896384468.0,0.707,100.0,-0.6836665368472338,-21.87,-0.14,-8.179396849822151,284673203.0,0.68,1479744000000.0,-0.08,14284789.0,13860023.0,1.79,1.909,15687.0,4.92,,44.02,博迈科,-275.812,,281719277.0,0,20.25,沪市主板,15654.0,0.21080873898045227,33.0
SZ301262,-11.4645382938948,0.0,9.596,11,5.65,False,0.01,2.365,122075392.0,21.88,9.56,,-10.18,2671009577.0,1791388800000.0,9123960000.0,2.834,100.0,8.965587453422891,-33.76,0.05,-0.9850380678736559,621766746.62,1.17,1687190400000.0,0.82,31481195.0,28964686.0,2.73,2.365,5729.0,23.73,,24.26,海看股份,26.665,,417000000.0,0,20.71,创业板,5717.0,0.2099002973587546,12.0
SH900921,,,1.4987,11,-2.15,False,0.001,15.724,193793606.0,0.182,3.23,45.255,13.04,35270436.0,,185007412.0,,100.0,-64.64280177363155,85.52,-0.55,-1.0244749852623913,166484.0,-0.004,757008000000.0,-0.01,-62773.0,913200.0,1.49,15.69,967.0,0.47,,18.45,金煤B股,-16.252,,1016524240.0,0,0.186,B股,965.0,0.20725388601036268,2.0
SH688155,130.09263450542025,0.0,1.9587,82,-1.25,False,0.01,2.954,127359843.0,56.25,5.39,21.3877,-5.3,7163991169.0,1791388800000.0,7163991169.0,2.124,1.0,18.16313935937475,-5.96,0.05,22.62379115871309,286916514.0,-0.71,1597075200000.0,3.22,-11231164.2,5050072.0,1.49,2.933,12911.0,3.97,,111.53,先惠技术,17.485,,127359843.0,0,56.96,科创板,12885.0,0.20178502134264648,26.0
SH605177,,,3.2763,11,9.99,False,0.01,2.04,113652461.0,28.29,12.25,159.8822,58.93,3215228122.0,,3245033079.0,,100.0,-9.593403821492274,-20.65,0.0,-8.069367870464362,402750333.0,2.57,1606233600000.0,-1.49,-9444420.0,15182900.0,1.95,2.04,5699.0,13.36,,44.01,东亚药业,-19.028,,114706012.0,1,25.72,沪市主板,5688.0,0.19338959212376935,11.0
SZ002869,,0.0,7.7509,11,1.62,False,0.01,1.719,158455279.0,19.45,8.88,295.6784,-16.38,3081955177.0,1791388800000.0,3440996575.0,,100.0,-7.547523312065922,24.39,-0.15,-6.58310484365513,363823100.55,0.31,1494777600000.0,-0.89,-27785107.0,19023182.0,3.29,1.719,39207.0,12.01,,43.99,金溢科技,-21.947,,176914991.0,0,19.14,深市主板,39132.0,0.1916590003066544,75.0
SZ001312,-1.4560582001647782,0.0,2.4426,11,0.56,False,0.01,1.798,57160269.0,18.1,2.44,17.4776,-0.5,1034600869.0,1791388800000.0,4223333345.0,1.105,100.0,12.77609395785909,-49.91,0.0,4.607231015148727,47676146.94,0.1,1776700800000.0,0.97,-710035.0,2653699.0,1.0,1.798,1057.0,4.64,,66.32,福恩股份,18.743,,233333334.0,0,18.0,深市主板,1055.0,0.18957345971563982,2.0
SZ300843,31.18957347800999,0.0,9.5225,11,-3.19,False,0.01,11.704,168489480.0,116.28,10.46,142.4339,125.76,19591956734.0,1791388800000.0,19965025882.0,0.164,100.0,9.53244756113842,890.04,-0.09,26.961864441934335,788707512.5,-3.83,1593619200000.0,0.92,32719741.0,6919101.0,1.04,11.159,19207.0,4.11,,43.96,胜蓝股份,126.682,,171697849.0,0,120.11,创业板,19171.0,0.18778363152678526,36.0
SZ002923,2.2255127211501247,,3.068,11,6.52,False,0.01,3.802,258064083.0,12.25,11.57,24.4673,0.82,3161285017.0,,4102442754.0,,100.0,1.256237469768662,107.63,-0.24,5.605471200023038,641819711.27,0.75,1515081600000.0,0.04,27787365.0,53801005.0,4.36,3.802,20060.0,20.85,,43.97,润都股份,304.515,,334893286.0,0,11.5,深市主板,20023.0,0.18478749438146133,37.0
SH688836,497.7489606883451,,84.1743,82,0.98,False,0.01,60.67,30087720.0,432.0,3.69,312.9467,186.47,12997895040.0,,174728594880.0,,1.0,,-60.73,0.0,151.2539466040155,806972815.0,4.2,1787068800000.0,1.44,18345947.0,1890281.0,0.95,19.862,69340.0,6.28,,460.34,宇树科技-W,299.073,,404464340.0,0,427.8,科创板,69214.0,0.18204409512526368,126.0
SZ002702,,,2.0577,11,4.05,False,0.01,3.388,458743750.0,6.16,11.99,22.0249,-13.48,2825861500.0,,3423481600.0,,100.0,-4.165013931057268,55.71,0.16,3.0453234068826607,1034853103.51,0.24,1349884800000.0,-0.08,-15477073.0,168641293.0,4.5,3.388,50598.0,36.76,,-8.0,海欣食品,-79.643,,555760000.0,0,5.92,深市主板,50507.0,0.18017304532045064,91.0
SZ301212,-40.97323624296515,,3.9089,11,-2.0,False,0.01,2.183,93750000.0,27.44,6.61,60.6653,-8.02,2572500000.0,,2963520000.0,0.372,100.0,1.0960023633700124,-18.83,0.26,7.583856828457569,126082937.0,-0.56,1650297600000.0,0.14,6520655.0,4625900.0,2.88,2.183,6146.0,4.93,,30.74,联盛化学,199.464,,108000000.0,0,28.0,创业板,6135.0,0.17929910350448247,11.0
SH603937,-7.45617212423475,,1.2485,11,0.0,False,0.01,1.766,208892068.0,13.16,5.62,23.5982,9.76,2749019615.0,,2749019615.0,,100.0,1.4893646931830817,4.73,1.39,20.952458591000543,195288625.0,0.0,1509552000000.0,0.11,-4814183.0,15045790.0,0.8,1.766,12468.0,7.2,,44.0,丽岛新材,117.15,,208892068.0,0,13.16,沪市主板,12446.0,0.17676361883336011,22.0
SH605100,-33.06175168828149,0.0,10.7377,11,7.06,False,0.01,5.444,237904800.0,41.11,12.42,,27.98,9780266328.0,1791388800000.0,9826194420.0,0.122,100.0,1.5758156144812832,124.01,0.05,-8.028531561103424,511526927.0,2.71,1597075200000.0,0.12,14417747.0,13055395.0,2.28,5.444,12582.0,5.49,,44.0,华丰股份,344.12,,239022000.0,0,38.4,沪市主板,12560.0,0.17515923566878983,22.0
SH601026,10.67200053270616,,2.8082,11,-1.9,False,0.01,3.874,111085690.0,14.95,3.67,344.4561,-23.66,1660731066.0,,9858030000.0,3.211,100.0,9.27126937192794,-37.87,0.0,3.256683230382129,106317215.0,-0.29,1760630400000.0,0.31,-3938547.0,7126060.0,1.44,3.874,3435.0,6.41,,396.32,道生天合,47.92,,659400000.0,0,15.24,沪市主板,3429.0,0.17497812773403326,6.0
SH688755,22.76182859782525,,4.1092,82,-1.5,False,0.01,2.571,79867159.0,28.88,5.18,17.8268,-4.83,2306563552.0,,3303872000.0,0.319,1.0,6.1153733022518715,-22.94,0.45,12.455609901716036,68693439.0,-0.44,1747324800000.0,0.67,74393.0,2424567.0,0.63,2.571,1737.0,3.04,,102.46,汉邦科技,43.329,,114400000.0,0,29.32,科创板,1734.0,0.17301038062283738,3.0
SZ300801,9.42293690475342,0.0,1.7892,11,-0.13,False,0.01,1.873,137215576.0,22.89,4.36,14.3957,-16.88,3140864535.0,1791388800000.0,4992290688.0,0.433,100.0,6.160262493398696,23.85,0.13,7.895552422804708,248991262.94,-0.03,1574870400000.0,0.73,-814447.0,10995500.0,2.62,1.875,15545.0,8.01,,43.98,泰和科技,31.513,,218099200.0,0,22.92,创业板,15519.0,0.16753656807784006,26.0
SH688778,28.023548942660902,0.0,0.8931,82,2.42,False,0.01,2.515,504691083.0,47.4,5.49,27.6107,-38.0,23922357334.0,1791388800000.0,23922357334.0,1.264,1.0,9.91721994843973,-32.77,0.08,29.94954268989214,1001764921.0,1.12,1628092800000.0,1.81,6039830.599999994,21191213.0,2.53,2.515,20568.0,4.2,,396.57,厦钨新能,26.259,,504691083.0,0,46.28,科创板,20534.0,0.16557903964157006,34.0
SH688818,23.733153812369224,,19.3819,82,-2.73,False,0.01,12.83,142021019.0,40.66,7.46,341.6195,329.91,5774574633.0,,70623325367.0,0.184,1.0,7.339551710258744,-49.43,-0.44,7.198470324825412,316941790.0,-1.14,1770652800000.0,0.19,-8775786.04,7813367.0,1.29,12.83,9859.0,5.5,,596.3,电科蓝天,211.708,,1736923890.0,0,41.8,科创板,9843.0,0.162552067459108,16.0
SH600746,130.7549454904998,0.0,1.4407,11,5.29,False,0.01,1.571,1167842884.0,7.56,7.52,16.704,10.53,8828892203.0,1791388800000.0,8828892203.0,0.516,100.0,4.341110908522464,390.27,0.0,5.896897947048063,295918148.0,0.38,842976000000.0,0.21,24040535.0,39191500.0,3.81,1.571,33927.0,3.36,,107.76,江苏索普,36.803,,1167842884.0,0,7.18,沪市主板,33872.0,0.16237600377893247,55.0
SZ300107,,0.0,7.0565,11,1.24,False,0.01,2.73,347747069.0,7.37,4.81,81.4267,8.06,2562895899.0,1791388800000.0,4147705315.0,,100.0,0.975648643183891,42.3,0.14,2.304839610286691,158289458.7,0.09,1282233600000.0,0.03,7114974.0,21668338.0,1.63,2.73,26564.0,6.23,,44.74,建新股份,281.181,,562782268.0,0,7.28,创业板,26522.0,0.15835909810723173,42.0
SZ300876,,,4.764,11,-0.42,False,0.01,2.497,113402804.0,16.63,7.19,23.7494,-34.06,1885888631.0,,2528384523.0,,100.0,-5.041606705999452,-59.04,0.18,6.270750328594876,130547378.98,-0.07,1598198400000.0,-0.29,8761729.0,8064846.0,2.22,2.497,4528.0,7.11,,201.39,蒙泰高新,-56.384,,152037554.0,0,16.7,创业板,4521.0,0.15483300154833002,7.0
SH605020,79.45164998843883,0.0,2.6603,11,2.54,False,0.01,2.597,510818723.0,30.7,6.38,20.4377,16.6,15682134796.0,1791388800000.0,15682134796.0,2.274,100.0,14.900391688537768,447.62,0.2,15.159873975604254,405117876.0,0.76,1625760000000.0,1.57,-13511861.0,13417455.0,2.18,2.597,32362.0,2.63,,44.01,永和股份,19.526,,510818723.0,0,29.94,沪市主板,32312.0,0.1547412725922258,50.0
SH603266,-8.64911969151676,,3.2467,11,4.22,False,0.01,2.71,198886750.0,22.21,6.05,22.5893,-1.73,4417274718.0,,4417274718.0,0.54,100.0,5.976706967142309,124.19,0.18,2.1116166486578436,377224542.0,0.9,1483977600000.0,0.48,16625838.0,17289500.0,1.83,2.71,24153.0,8.69,,44.02,天龙股份,46.57,,198886750.0,0,21.31,沪市主板,24117.0,0.14927229754944643,36.0
SH603391,-19.30598470299859,0.0,6.0045,11,-1.43,False,0.01,2.982,22750000.0,70.86,6.12,20.4049,10.81,1612065000.0,1791388800000.0,6448260000.0,2.117,100.0,9.712854935414423,24.54,-0.31,-7.3566408254144955,255412911.0,-1.03,1722355200000.0,2.27,11018216.0,3671693.0,1.22,2.982,2049.0,16.14,,50.0,力聚热能,31.28,,91000000.0,0,71.89,沪市主板,2046.0,0.1466275659824047,3.0
SZ301152,,,1.208,11,8.85,False,0.01,2.446,71083757.0,24.96,23.16,27.6704,-18.32,1774250575.0,,2963750575.0,,100.0,-9.860896718409103,-68.23,0.52,4.304444406763563,457392386.24,2.03,1661702400000.0,-1.06,34592825.0,18902803.0,2.45,2.446,7531.0,26.59,,20.51,天力锂能,-23.548,,118740007.0,0,22.93,创业板,7520.0,0.14627659574468085,11.0
SZ300683,56.66461034308394,,7.033,11,-3.01,False,0.01,1.661,122199604.0,26.43,9.83,,-4.69,3229735534.0,,3459538754.0,,100.0,-12.214778312972477,-37.87,-0.15,-9.669547953787061,531397872.45,-0.82,1502121600000.0,-2.07,-31199061.0,21021830.0,2.59,1.661,17188.0,17.2,,43.99,海特生物,-12.776,,130894391.0,0,27.25,创业板,17163.0,0.1456621802715143,25.0
SZ300426,142.808365301513,,30.0564,11,5.26,False,0.01,24.001,400000000.0,8.2,11.3,,6.22,3280000000.0,,3693139042.0,,100.0,-96.98540985286901,50.76,0.74,-26.081397259711636,305465073.15,0.41,1424102400000.0,-0.64,6711244.0,39456665.0,1.61,24.005,23981.0,9.86,,44.02,华智数媒,-12.762,,450382810.0,0,7.79,创业板,23947.0,0.14198020628888797,34.0
SZ000869,-53.372705120804845,0.0,4.0335,11,3.3,False,0.01,1.213,457666921.0,19.38,11.25,23.3181,-4.45,8869584929.0,1791388800000.0,12466768881.0,1.316,100.0,0.2517848719018933,296.97,1.41,-10.002521828950773,375842403.12,0.62,972489600000.0,0.04,-25958062.0,19706190.0,5.62,1.239,86484.0,4.31,,40.65,张裕A,475.65,,643280128.0,0,18.76,深市主板,86362.0,0.14126583451054864,122.0
SH688129,26.12275837031426,,3.9995,82,0.09,False,0.01,2.541,120478800.0,22.39,4.07,52.0199,12.04,2697520332.0,,2697520332.0,1.139,1.0,10.440411075843159,-31.83,0.13,9.896114875343741,21821085.0,0.02,1603382400000.0,0.85,-14126.0,989464.0,1.02,2.541,2843.0,0.82,,123.39,东来技术,26.46,,120478800.0,0,22.37,科创板,2839.0,0.14089468122578372,4.0
SZ301353,-8.408342546406667,,2.4352,11,0.25,False,0.01,2.012,40826873.0,20.42,4.91,47.473,1.15,833684747.0,,2593684547.0,1.851,100.0,5.075037570853018,-22.25,-0.2,19.017907008956403,48975825.09,0.05,1685376000000.0,0.51,5347752.0,2446169.0,1.33,2.012,1429.0,5.99,,31.14,普莱得,39.895,,127016873.0,0,20.37,创业板,1427.0,0.1401541695865452,2.0
SZ300637,,,2.6091,11,-0.3,False,0.01,3.321,234534869.0,10.1,5.92,34.5943,-12.89,2368802177.0,,2370976313.0,0.297,100.0,-0.1832044883576705,67.09,-0.1,9.12090099869991,115229800.87,-0.03,1491926400000.0,-0.01,-7001487.0,11681831.0,2.48,3.321,13676.0,4.98,,44.01,扬帆新材,-1824.032,,234750130.0,0,10.13,创业板,13657.0,0.13912279417148715,19.0
SH601058,10.361356962219936,0.0,1.1055,11,1.93,False,0.01,1.914,3288100259.0,13.19,2.7,10.0207,-16.39,43370042416.0,1791388800000.0,43370042416.0,2.502,100.0,17.82721883154078,644.78,-0.15,17.271796514983407,431963436.0,0.25,1309363200000.0,1.17,30849736.0,32950300.0,1.09,1.914,95674.0,1.0,,45.64,赛轮轮胎,11.261,,3288100259.0,0,12.94,沪市主板,95542.0,0.138159134202759,132.0
SZ002972,8.51142064134114,,8.5312,11,-1.82,False,0.01,2.692,138488640.0,13.52,7.19,20.0234,15.29,1872366413.0,,3326038976.0,1.834,100.0,6.697530162678735,62.14,0.22,18.267330303418603,159771592.2,-0.25,1577376000000.0,0.34,-1142280.0,11967280.0,1.83,2.692,7255.0,8.64,,44.04,科安达,40.219,,246008800.0,0,13.77,深市主板,7245.0,0.13802622498274672,10.0
SH605507,0.13903526134733113,0.0,2.2101,11,-1.09,False,0.01,1.612,782352900.0,17.31,3.31,14.8598,0.49,13542528699.0,1791388800000.0,13542528699.0,2.478,100.0,8.587606389990702,-29.6,0.0,5.27875716019508,158687302.0,-0.19,1627833600000.0,0.9,4620978.0,9039075.0,1.14,1.612,9883.0,1.16,,44.0,国邦医药,19.166,,782352900.0,0,17.5,沪市主板,9870.0,0.13171225937183384,13.0
SH601083,24.089634398480932,0.0,2.3546,11,2.76,False,0.01,1.872,194120000.0,13.38,4.92,6.6603,26.71,2597325600.0,1791388800000.0,17315325600.0,6.315,100.0,15.973597863732511,-8.39,0.22,13.613061031691664,170011584.0,0.36,1701705600000.0,1.13,4773213.0,12964886.0,2.02,1.872,9895.0,6.68,,58.58,锦江航运,11.883,,1294120000.0,0,13.02,沪市主板,9882.0,0.13155231734466707,13.0
SH688707,,0.0,4.1583,82,0.36,False,0.01,1.489,508740205.0,11.16,4.77,35.366,-19.42,5677540688.0,1791388800000.0,5677540688.0,,1.0,-9.713398892846262,-80.1,0.27,-42.57528017622199,200133659.0,0.04,1631548800000.0,-0.77,12963447.23,17953728.0,1.82,1.489,12443.0,3.53,,299.74,振华新材,-14.587,,508740205.0,0,11.12,科创板,12427.0,0.1287519111611813,16.0
SH603107,-9.909975605810306,0.0,1.8316,11,-1.05,False,0.01,1.976,218173998.0,12.29,2.09,26.5198,-15.21,2681358435.0,1791388800000.0,4145847150.0,2.441,100.0,6.529319410288177,-67.4,0.08,6.260245979627954,30486198.0,-0.13,1698768000000.0,0.4,-1681861.0,2487100.0,1.08,1.976,3957.0,1.14,,181.03,上海汽配,30.512,,337335000.0,0,12.42,沪市主板,3952.0,0.12651821862348178,5.0
SH603418,19.810715313184723,,1.8836,11,-1.54,False,0.01,2.06,88048602.0,49.23,3.32,262.9602,-17.35,4334632676.0,,9504759498.0,1.686,100.0,15.232591847066093,-44.45,0.04,20.868813541103528,143832884.0,-0.77,1758556800000.0,2.68,-5994613.0,2917841.0,0.64,2.06,3181.0,3.31,,71.48,友升股份,18.336,,193068444.0,0,50.0,沪市主板,3177.0,0.12590494176896444,4.0
SZ002669,32.360640350596185,,0.7504,11,-3.33,False,0.01,1.575,302717800.0,14.21,6.26,,-6.0,4301619938.0,,4311314000.0,0.908,100.0,3.8007764560579598,125.58,0.07,31.95899925453387,637276695.91,-0.49,1334505600000.0,0.34,27470353.0,45179653.0,1.0,1.575,34415.0,14.92,,12.5,康达新材,41.88,,303400000.0,0,14.7,深市主板,34373.0,0.12218892735577343,42.0
SZ001317,-57.94225285250442,,5.353,11,2.99,False,0.01,5.737,85502517.0,68.26,10.71,41.1734,23.86,5836401810.0,,5840721371.0,,100.0,0.7279975789430697,261.65,0.03,-0.9548351512553177,883796747.69,1.98,1638201600000.0,0.08,-41886598.0,13452985.0,0.95,5.737,36853.0,15.73,,44.0,三羊马,866.38,,85565798.0,0,66.28,深市主板,36810.0,0.11681608258625373,43.0
SH603262,-14.503625431045364,,6.6428,11,2.3,False,0.01,4.39,104347771.0,17.35,3.77,32.4309,-38.9,1810433827.0,,6940173500.0,0.795,100.0,8.333265480119936,-65.87,0.17,3.8640206245300623,39296968.0,0.39,1753200000000.0,0.27,102760.0,2304949.0,0.93,4.39,1735.0,2.21,,274.54,技源集团,63.631,,400010000.0,0,16.96,沪市主板,1733.0,0.1154068090017311,2.0
SZ301669,6.411694424341174,,10.3201,11,4.35,False,0.01,7.299,81887545.0,26.39,13.92,,272.74,2161012313.0,,12667200000.0,,100.0,9.697121283051695,-58.54,0.15,15.040533146828272,391489220.94,1.1,1780934400000.0,0.26,34584886.0,14642986.0,2.58,7.299,2649.0,17.88,,624.58,高特电子,100.987,,480000000.0,0,25.29,创业板,2646.0,0.11337868480725624,3.0
SZ301068,-22.836790138937147,,2.62,11,-1.48,False,0.01,4.21,100321525.0,24.56,6.98,18.1719,-6.33,2463896654.0,,3470714624.0,0.407,100.0,4.760330947294343,28.41,-0.28,10.729848249701558,48326376.0,-0.37,1632758400000.0,0.27,-902059.0,1992158.0,1.33,4.21,2681.0,1.99,,158.44,大地海洋,90.002,,141315742.0,0,24.93,创业板,2678.0,0.11202389843166542,3.0
SZ300675,,,8.8386,11,-2.99,False,0.01,4.349,146666700.0,14.58,6.59,51.5151,-6.66,2138400486.0,,2138400486.0,,100.0,-11.25907880100873,243.76,-0.14,-18.762901911654815,198526603.74,-0.45,1500393600000.0,-0.4,1614220.0,13853100.0,1.1,4.349,17046.0,9.45,,43.99,建科院,-36.454,,146666700.0,0,15.03,创业板,17027.0,0.11158747871028367,19.0
SH603468,9.016656680314261,,1.638,11,0.59,False,0.01,3.071,39988574.0,22.08,4.1,10.453,26.46,882947714.0,,9101855136.0,,100.0,13.465012122647446,-44.24,0.14,18.51984345504343,70198076.0,0.13,1785945600000.0,0.91,159602.0,3238746.0,1.04,2.54,908.0,8.1,,114.72,津富士达,24.255,,412221700.0,0,21.95,沪市主板,907.0,0.11025358324145534,1.0
SH603365,4.517111841213306,0.0,0.9795,11,4.2,False,0.01,1.453,261133700.0,17.1,4.69,11.2179,-14.06,4465386270.0,1791388800000.0,4488686730.0,6.918,100.0,13.85964184334526,30.22,0.12,3.4094623534193236,59769546.0,0.69,1511107200000.0,1.58,4921306.0,3559300.0,2.4,1.453,17351.0,1.36,,44.0,水星家纺,10.794,,262496300.0,0,16.41,沪市主板,17332.0,0.10962381721670898,19.0
SZ300373,20.418177138360495,0.0,5.538,11,3.06,False,0.01,4.527,542143360.0,83.48,5.81,31.3978,23.55,45258127693.0,1791388800000.0,45358673259.0,0.599,100.0,14.925969648492027,1874.6,-0.08,19.872084189797423,1479951718.76,2.48,1390406400000.0,2.63,13898553.0,17663969.0,2.25,4.526,93308.0,3.26,,45.18,扬杰科技,31.762,,543347787.0,0,81.0,创业板,93207.0,0.10836096001373287,101.0
SH688375,-25.82917130098441,0.0,18.2981,82,-2.33,False,0.01,6.383,596014900.0,67.59,6.63,41.6568,-27.08,40284647091.0,1791388800000.0,40284647091.0,0.63,1.0,6.487788450684945,10.76,0.01,-17.885843512340028,371589574.0,-1.61,1658419200000.0,0.68,23256934.2,5582631.0,1.51,6.382,12234.0,0.94,,35.43,国博电子,99.639,,596014900.0,0,69.2,科创板,12221.0,0.10637427379101548,13.0
SH600458,14.90935485501974,0.0,0.4731,11,4.74,False,0.01,1.322,869169015.0,11.27,3.35,30.6093,-13.77,9795534799.0,1791388800000.0,10730310805.0,2.236,100.0,7.047293786216059,581.54,0.18,11.453476784966377,463490730.0,0.51,1040227200000.0,0.58,-17663876.0,41603824.0,3.61,1.322,45369.0,4.79,,132.88,时代新材,19.289,,952112760.0,0,10.76,沪市主板,45323.0,0.10149372283388125,46.0
SH603162,147.40194939198997,0.0,2.9766,11,-2.0,False,0.01,3.734,1358199428.0,13.23,5.56,11.0857,63.66,17968978432.0,1791388800000.0,18196726757.0,0.506,100.0,19.94793576352915,14.02,-0.08,71.25310966854452,484158183.0,-0.27,1680019200000.0,0.66,5306080.0,37148044.0,1.11,3.734,11949.0,2.74,,-11.81,海通发展,20.183,,1375413965.0,0,13.5,沪市主板,11937.0,0.10052777079668257,12.0
SH603075,9.562084977020424,0.0,3.5393,11,-1.45,False,0.01,3.884,42400899.0,19.75,5.64,20.4169,-6.86,837417755.0,1791388800000.0,7947417755.0,3.544,100.0,16.13182598407744,-50.99,-0.2,12.459266663945346,55645484.0,-0.29,1694361600000.0,0.81,-3219969.0,2846100.0,1.09,3.885,3034.0,6.71,,69.26,热威股份,24.383,,402400899.0,0,20.04,沪市主板,3031.0,0.09897723523589574,3.0
SH603159,,,7.8766,11,-1.75,False,0.01,6.169,140000000.0,21.88,4.04,,-14.9,3063200000.0,,3063200000.0,,100.0,-1.4401814326789082,234.43,-0.23,-13.652553921936638,85867375.0,-0.39,1470931200000.0,-0.05,6639483.0,3906400.0,1.13,6.169,8098.0,2.79,,44.04,上海亚虹,-425.242,,140000000.0,0,22.27,沪市主板,8090.0,0.0988875154511743,8.0
SH600403,46.81543788216733,0.0,4.1361,11,1.62,False,0.01,5.835,2390812402.0,7.53,7.56,,7.88,18002817387.0,1791388800000.0,18002817387.0,,100.0,-45.58402023415033,273.31,0.13,-7.332291312619022,900356471.0,0.12,1065628800000.0,-0.76,6448989.0,122236057.0,1.06,5.835,34040.0,5.11,,86.81,大有能源,-9.96,,2390812402.0,0,7.41,沪市主板,34007.0,0.09703884494368806,33.0
SH603307,-22.997483277781516,,2.7853,11,-0.47,False,0.01,1.763,97150000.0,25.25,5.4,21.1755,-2.96,2453037500.0,,2476432888.0,4.333,100.0,7.562016384771751,10.9,-0.43,2.7625312659239842,27345200.0,-0.12,1676476800000.0,1.08,2311578.0,1099345.0,0.95,1.775,4141.0,1.13,,44.01,XD扬州金,23.343,,98076550.0,0,25.37,沪市主板,4137.0,0.09668842156151801,4.0
SH603822,52.81892801608352,,0.8922,11,-0.62,False,0.01,11.508,76332486.0,67.58,3.25,7.0348,-29.85,5158549404.0,,5191893376.0,0.181,100.0,41.74740840077224,400.96,0.12,47.22331276370031,46765449.0,-0.42,1461772800000.0,2.3,-985055.0,694200.0,1.42,11.508,17698.0,0.91,,43.96,ST嘉澳,29.376,,76825886.0,0,68.0,沪市主板,17681.0,0.09614840789548103,17.0
SZ301065,9.847970163459529,,3.1627,11,-1.24,False,0.01,1.512,86287500.0,19.88,4.32,20.1481,-5.46,1715395500.0,,2107677600.0,1.469,100.0,5.800283799448331,-50.01,0.05,-0.3516324548254568,37161873.5,-0.25,1631548800000.0,0.74,-1673343.0,1893300.0,1.29,1.512,3154.0,2.19,,84.4,本立科技,26.7,,106020000.0,0,20.13,创业板,3151.0,0.0952078705172961,3.0
SH688646,-23.976177629172422,,6.2944,82,-2.92,False,0.01,4.627,60732171.0,69.9,7.17,19.515,95.85,4245178753.0,,6581966299.0,,1.0,-5.658351487811799,47.69,-0.14,23.18965192262956,159077927.0,-2.1,1690473600000.0,-0.88,5259609.0,2303608.0,0.9,4.627,3165.0,3.79,,20.73,逸飞激光,-79.427,,94162608.0,0,72.0,科创板,3162.0,0.09487666034155598,3.0
SH688246,,,7.1244,82,1.64,False,0.01,2.089,137585598.0,18.59,10.55,190.8639,-20.04,2557716267.0,,2557716267.0,,1.0,-16.08645017685346,-54.66,0.11,-22.72690872518902,119181483.0,0.3,1639411200000.0,-1.56,2014856.120000001,6742906.0,2.33,2.089,5287.0,4.9,,8.23,嘉和美康,-11.94,,137585598.0,0,18.29,科创板,5282.0,0.09466111321469141,5.0
SH600989,50.62731389960642,0.0,3.0768,11,-0.3,False,0.01,3.089,7333360000.0,23.25,2.1,8.1871,22.16,170500620000.0,1791388800000.0,170500620000.0,3.583,100.0,30.74830140057668,114.96,0.04,29.700389344061872,1346151566.0,-0.07,1557936000000.0,2.09,-112475519.0,58131350.0,1.26,3.088,151547.0,0.79,,43.97,宝丰能源,11.1,,7333360000.0,0,23.32,沪市主板,151408.0,0.09180492444256579,139.0
SZ300769,,0.0,0.837,11,7.21,False,0.01,2.354,251777674.0,45.51,9.4,,3.41,11458401944.0,1791388800000.0,12751357245.0,,100.0,0.47735887766039664,380.21,0.4,11.225007286165578,1737344218.45,3.06,1555257600000.0,0.09,31745191.0,39374411.0,3.42,2.354,61080.0,15.64,,43.99,德方纳米,504.649,,280188030.0,0,42.45,创业板,61024.0,0.09176717357105402,56.0
SZ001217,,,1.7304,11,0.18,False,0.01,1.728,328578747.0,11.34,3.36,13.4016,-17.63,3726082991.0,,3763405800.0,0.882,100.0,-1.9770948439188611,-4.53,0.44,8.435425559480759,50400207.0,0.02,1632844800000.0,-0.13,209581.0,4500800.0,1.03,1.728,14564.0,1.37,,43.98,华尔泰,-85.868,,331870000.0,0,11.32,深市主板,14551.0,0.08934093876709504,13.0
SH603967,10.064989760799325,,0.4559,11,0.64,False,0.01,1.887,346666710.0,12.66,3.02,13.5018,-3.45,4388800549.0,,4388800549.0,5.134,100.0,12.689256322942699,0.54,0.0,12.174221906308613,69650631.0,0.08,1556467200000.0,0.85,8325522.0,5525660.0,1.5,1.887,10120.0,1.59,,43.99,中创物流,14.974,,346666710.0,0,12.58,沪市主板,10111.0,0.08901196716447433,9.0
SZ300890,,,1.6918,11,0.82,False,0.01,1.624,109298599.0,29.47,7.77,36.9537,-0.81,3221029713.0,,3524022128.0,0.339,100.0,4.831733590033598,-57.26,0.27,16.537218137570807,582092686.47,0.24,1600272000000.0,0.9,7947508.0,19737830.0,1.67,1.624,27032.0,18.06,,308.44,翔丰华,32.622,,119579984.0,0,29.23,创业板,27008.0,0.08886255924170616,24.0
SZ300833,-18.261514590132144,0.0,4.6406,11,0.37,False,0.01,2.271,81253477.0,43.85,4.35,24.0534,10.13,3562964966.0,1791388800000.0,5546608425.0,1.596,100.0,7.685308251341483,19.28,0.37,-0.9708849058346902,47875350.04,0.16,1589904000000.0,1.46,2585453.0,1114532.0,0.68,2.271,5642.0,1.37,,44.0,浩洋股份,30.035,,126490500.0,0,43.69,创业板,5637.0,0.08869966294128083,5.0
SZ300584,8.395773404468997,0.0,5.5357,11,-0.83,False,0.01,3.747,82131521.0,33.52,7.1,347.558,-33.09,2753048584.0,1791388800000.0,4022400000.0,0.298,100.0,4.255213878027215,298.07,0.3,15.211356232635008,306928572.25,-0.28,1484150400000.0,0.37,591024.0,9238885.0,2.05,3.747,22102.0,11.25,,44.01,海辰药业,89.455,,120000000.0,0,33.8,创业板,22083.0,0.08603903455146493,19.0
SZ301325,,0.0,6.681,11,0.88,False,0.01,1.849,143892660.0,33.43,9.08,,-33.87,4810331624.0,1791388800000.0,4810331624.0,,100.0,-6.306097782490673,-61.29,0.48,-20.169646052149215,249693132.98,0.29,1683820800000.0,-1.19,-541691.0,7714966.0,2.48,1.849,17532.0,5.36,,17.34,曼恩斯特,-28.009,,143892660.0,0,33.14,创业板,17517.0,0.08563110121596164,15.0
SH688517,-24.387530806717738,,3.4882,82,-3.18,False,0.01,3.228,136613184.0,17.65,7.41,28.9432,15.96,2411222698.0,,2411222698.0,2.731,1.0,7.422610269190509,36.27,-0.28,4.1942990791887125,147199938.0,-0.58,1623945600000.0,0.42,-11738372.0,8209233.0,1.4,3.228,4709.0,6.01,,101.69,金冠电气,42.447,,136613184.0,0,18.23,科创板,4705.0,0.08501594048884166,4.0
SZ300073,-18.08745033734407,0.0,1.3921,11,1.72,False,0.01,1.519,505969362.0,41.99,5.91,27.0392,-27.0,21245653510.0,1791388800000.0,22854891119.0,0.674,100.0,5.719394919630591,146.56,0.24,17.464408120039355,1669644762.46,0.71,1272297600000.0,1.55,39164628.26999998,39945258.0,2.2,1.519,119925.0,7.89,,73.83,当升科技,27.157,,544293668.0,0,41.28,创业板,119824.0,0.08429029242889571,101.0
SZ301296,-53.16674875315499,,0.842,11,0.63,False,0.01,1.027,427531764.0,6.41,3.14,8.8592,-24.77,2740478607.0,,2740541105.0,,100.0,0.30769465236996413,-70.5,-0.16,28.553758183246856,20007374.0,0.04,1662048000000.0,0.02,274960.0,3155000.0,1.32,1.026,2390.0,0.74,,7.04,新巨丰,330.166,,427541514.0,0,6.37,创业板,2388.0,0.08375209380234507,2.0
SZ000523,34.03283071214835,0.0,3.1732,11,4.29,False,0.01,3.358,1794818054.0,3.65,8.0,19.9767,-3.18,6551085897.0,1791388800000.0,6699459883.0,,100.0,6.254130524084362,143.43,0.0,-7.164830966534497,999594947.25,0.15,752688000000.0,0.07,26406767.0,281394597.0,1.91,3.358,25238.0,15.68,,42.03,红棉股份,54.943,,1835468461.0,0,3.5,深市主板,25217.0,0.08327715430067019,21.0
SH600861,2.4966380127185106,0.0,0.162,11,0.55,False,0.01,1.022,566112718.0,12.88,1.25,14.1058,-24.3,7291531808.0,1791388800000.0,7291531808.0,8.02,100.0,10.890061404220928,279.02,0.31,5.376401329413039,27203262.0,0.07,769363200000.0,1.35,-1410219.0,2114640.0,1.56,1.022,19442.0,0.37,,51.0,北京人力,9.509,,566112718.0,0,12.81,沪市主板,19426.0,0.08236384227324205,16.0
SH688512,5.48895987246345,0.0,8.4192,82,-3.85,False,0.01,5.065,327267496.0,15.72,10.95,,40.86,5144645037.0,1791388800000.0,7755972428.0,,1.0,-18.185184056777246,-16.74,-0.25,24.55689224789044,568931130.0,-0.63,1684166400000.0,-0.61,-635550.0,36486588.0,0.91,4.31,3646.0,11.15,,-8.94,慧智微-U,-25.817,,493382470.0,0,16.35,科创板,3643.0,0.08234971177600879,3.0
SZ003816,-2.222334028228601,0.0,2.9906,11,0.45,False,0.01,1.809,39335199311.0,4.43,2.04,7.406,20.46,174254932948.0,1791388800000.0,223709791698.0,1.941,100.0,8.119928057324405,77.18,-0.23,-3.7486168632951955,589981443.0,0.02,1566748800000.0,0.2,31431145.0,132846745.0,1.31,1.809,91505.0,0.34,,44.18,中国广核,22.543,,50498824311.0,0,4.41,深市主板,91430.0,0.0820299682817456,75.0
SZ002846,47.22296685200333,0.0,2.087,11,3.86,False,0.01,3.631,271391801.0,12.39,4.95,13.36,-23.09,3362544414.0,1791388800000.0,5203721150.0,0.202,100.0,2.995201022856457,228.39,0.24,16.27220430492273,487430075.12,0.46,1486396800000.0,0.1,17795892.0,40117933.0,1.6,3.631,25643.0,14.78,,44.06,英联股份,122.534,,419993636.0,0,11.93,深市主板,25622.0,0.08196081492467411,21.0
SZ300164,,0.0,4.8679,11,-3.33,False,0.01,3.902,583210593.0,9.0,5.69,39.1,63.04,5248895337.0,1791388800000.0,5296127661.0,,100.0,-1.9094227618434938,-0.1,0.0,-0.1429487598557322,742467929.38,-0.31,1294848000000.0,-0.05,-39421740.0,82934738.0,1.33,3.902,29315.0,14.22,,14.66,通源石油,-198.707,,588458629.0,0,9.31,创业板,29291.0,0.08193643098562699,24.0
SZ300457,7.935814955366638,0.0,1.3003,11,3.74,False,0.01,2.059,643652203.0,22.72,6.62,7.2224,-18.08,14623778052.0,1791388800000.0,14655919241.0,0.37,100.0,9.047584269488642,718.86,0.18,11.432794245020638,736947392.18,0.82,1431532800000.0,0.96,75304566.0,32781017.0,2.36,2.06,65173.0,5.09,,44.0,赢合科技,23.721,,645066868.0,0,21.9,创业板,65120.0,0.08138820638820639,53.0
SZ301032,56.70956114516172,,1.0655,11,-0.57,False,0.01,1.976,163861801.0,10.39,6.03,13.1272,-12.61,1702524112.0,,2505376026.0,1.251,100.0,9.212502091147416,-33.85,0.1,0.7360523136655583,64778112.0,-0.06,1626883200000.0,0.47,3967825.0,6408000.0,1.93,1.976,4921.0,3.91,,189.34,新柴股份,22.161,,241133400.0,0,10.45,创业板,4917.0,0.08135041692088672,4.0
SH600121,,0.0,2.158,11,-2.12,False,0.01,11.205,1218412038.0,5.53,4.78,35.1018,32.61,6737818570.0,1791388800000.0,6737818570.0,,100.0,-91.44064438234938,149.9,0.0,-14.301103909073632,997060402.0,-0.12,884102400000.0,-0.86,-29004765.0,182350301.0,0.93,11.206,55355.0,14.97,,0.0,郑州煤电,-6.463,,1218412038.0,0,5.65,沪市主板,55311.0,0.07955017989188407,44.0
SZ001201,,,1.8525,11,-2.73,False,0.01,1.397,212507395.0,14.94,5.08,,2.54,3174860481.0,,3851292975.0,,100.0,-19.166294824347005,-66.27,0.2,25.011317442490856,135788358.85,-0.42,1619539200000.0,-2.28,-4397855.0,9045040.0,0.63,1.397,15220.0,4.26,,44.0,东瑞股份,-6.54,,257784001.0,0,15.36,深市主板,15208.0,0.07890583903208837,12.0
SH600521,-15.473771865422869,0.0,2.9083,11,4.8,False,0.01,2.739,1497253704.0,17.45,5.29,13.3403,3.55,26127077135.0,1791388800000.0,26127077135.0,0.573,100.0,6.377425802733303,1401.59,0.23,3.9806875459025726,1238170946.0,0.8,1046707200000.0,0.42,181999324.0,72199528.0,2.52,2.739,174443.0,4.82,,41.87,华海药业,41.615,,1497253704.0,0,16.65,沪市主板,174307.0,0.07802325781523405,136.0
SH603355,-27.071792066512145,0.0,1.8992,11,-0.52,False,0.01,3.15,573396913.0,32.27,4.32,12.3733,1.7,18503518383.0,1791388800000.0,18503518383.0,,100.0,10.664580644555853,162.14,0.06,3.012470385298971,135246270.0,-0.17,1431446400000.0,1.05,5344715.0,4181041.0,1.11,3.15,23292.0,0.73,,44.03,莱克电气,30.663,,573396913.0,0,32.44,沪市主板,23274.0,0.07733952049497293,18.0
SZ301056,-13.193124125088717,,6.3781,11,-2.33,False,0.01,4.547,175995830.0,12.97,8.58,32.5028,-21.43,2282665915.0,,3460223071.0,3.084,100.0,8.64880595579683,-4.53,0.62,-10.131684262597895,57826087.0,-0.31,1630944000000.0,0.25,1106718.0,4559800.0,1.34,4.547,2588.0,2.59,,277.1,森赫股份,51.287,,266786667.0,0,13.28,创业板,2586.0,0.07733952049497293,2.0
SZ301429,0.4231268866388582,,2.176,11,0.0,False,0.01,1.554,43992211.0,17.55,4.56,25.5943,-6.18,772063303.0,,2074761000.0,0.974,100.0,3.683259167974376,-41.89,0.8,15.10727947709718,26788221.83,0.0,1681660800000.0,0.42,-494348.0,1556913.0,0.91,1.554,1301.0,3.54,,14.96,森泰股份,42.013,,118220000.0,0,17.55,创业板,1300.0,0.07692307692307693,1.0
SH600789,-16.132000302901474,0.0,1.4794,11,1.6,False,0.01,1.647,1010298197.0,8.28,6.01,11.622,-7.77,8365269071.0,1791388800000.0,8654171362.0,0.604,100.0,3.12295420025377,90.95,0.24,-1.2490141713443759,933970937.0,0.13,856886400000.0,0.14,39004452.0,113853412.0,2.47,1.647,86822.0,11.27,,0.0,鲁抗医药,60.259,,1045189778.0,0,8.15,沪市主板,86756.0,0.07607542994144498,66.0
SH688192,-27.281825915037818,0.0,28.784,82,2.83,False,0.01,24.678,461214092.0,59.95,9.07,,4.08,27649784815.0,1791388800000.0,27886692228.0,,1.0,-43.35703074091962,33.22,-0.07,134.6579171214719,466470655.0,1.65,1639065600000.0,-1.28,27301525.96,7897133.0,1.31,24.678,12003.0,1.71,,-21.83,迪哲医药-U,-46.706,,465165842.0,0,58.3,科创板,11994.0,0.0750375187593797,9.0
SH688105,-6.393371126433944,0.0,9.3415,82,1.53,False,0.01,3.81,516985064.0,26.6,8.82,53.8543,77.42,13751802702.0,1791388800000.0,13751802702.0,1.444,1.0,-0.23543908929570243,-49.27,1.29,7.376062290954155,472393039.0,0.4,1636905600000.0,-0.02,2099839.759999998,18536245.0,1.08,3.809,16081.0,3.59,,55.18,诺唯赞,-1566.229,,516985064.0,0,26.2,科创板,16069.0,0.07467795133486838,12.0
SH603889,12.612409422438997,0.0,1.0776,11,1.6,False,0.01,1.601,942137356.0,6.34,3.69,15.8974,8.56,5973150837.0,1791388800000.0,6017957646.0,4.243,100.0,14.74458265325217,206.87,0.16,11.212650196010632,74920889.0,0.1,1419955200000.0,0.56,12251246.0,11964529.0,1.54,1.601,16102.0,1.27,,44.01,新澳股份,11.251,,949204676.0,0,6.24,沪市主板,16090.0,0.07458048477315103,12.0
SZ301273,,,11.4183,11,9.2,False,0.01,4.836,76980633.0,41.17,14.96,,117.58,3169292661.0,,4129289574.0,,100.0,-8.463491203414634,67.6,0.19,10.763852956948838,249125992.73,3.47,1666627200000.0,-0.75,19414969.0,6271479.0,3.07,4.836,1365.0,8.15,,5.86,瑞晨环保,-54.577,,100298508.0,0,37.7,创业板,1364.0,0.07331378299120235,1.0
SH600863,-1.1514141045692816,0.0,2.0866,11,1.57,False,0.01,2.04,7063325057.0,5.18,3.92,6.5984,20.99,36588023795.0,1791388800000.0,40586281921.0,4.247,100.0,10.600358831216546,2354.98,0.0,-7.403452451466885,1155043481.0,0.08,769363200000.0,0.26,203686950.0,225349847.0,2.04,2.04,102697.0,3.19,,25.64,华能蒙电,19.656,,7835189560.0,0,5.1,沪市主板,102622.0,0.07308374422638421,75.0
SZ300483,,0.0,2.8916,11,-1.22,False,0.01,2.394,384531740.0,24.2,4.2,5.459,70.66,9305668108.0,1791388800000.0,9319607308.0,,100.0,11.677204843390191,220.92,0.33,39.47748177418837,288731597.0,-0.3,1435593600000.0,0.9,-3912803.0,12095800.0,1.15,2.394,24743.0,3.15,,43.99,首华燃气,26.804,,385107740.0,0,24.5,创业板,24725.0,0.07280080889787664,18.0
SZ301223,-7.757009767677747,,1.0598,11,0.94,False,0.01,1.187,193127560.0,18.3,2.26,8.3804,1.7,3534234348.0,,3534234348.0,3.765,100.0,5.31493035825459,-20.79,0.44,10.872549103756036,18844560.55,0.17,1666713600000.0,0.81,1215637.0,1038940.0,1.42,1.187,1389.0,0.54,,-6.66,中荣股份,22.547,,193127560.0,0,18.13,创业板,1388.0,0.07204610951008646,1.0
SZ001382,-20.959562554650525,0.0,2.2833,11,1.1,False,0.01,4.191,63000000.0,16.56,2.63,,-18.77,1043280000.0,1791388800000.0,6822720000.0,0.634,100.0,5.620991525553759,-54.47,0.12,0.15700130338300866,24535475.0,0.18,1742486400000.0,0.22,2109208.0,1501500.0,1.41,4.191,2868.0,2.38,,304.19,新亚电缆,75.937,,412000000.0,0,16.38,深市主板,2866.0,0.06978367062107467,2.0
SH603192,1.0905693133428596,,1.3519,11,-1.47,False,0.01,1.596,165266678.0,20.84,5.48,16.6293,-19.07,3444157570.0,,3482581799.0,1.799,100.0,3.8431085348589815,28.56,-0.14,-0.3578658703850546,72686316.0,-0.31,1535385600000.0,0.43,1692965.0,3542988.0,1.03,1.596,8632.0,2.14,,43.98,汇得科技,48.428,,167110451.0,0,21.15,沪市主板,8626.0,0.06955715279387896,6.0
SZ301292,280.8547569911737,0.0,2.2419,11,5.91,False,0.01,4.406,85189157.0,61.28,11.67,,-4.86,5220391541.0,1791388800000.0,13652925276.0,,100.0,9.3763370573255,106.4,0.29,29.596754599491916,1321322433.72,3.42,1688659200000.0,1.24,108618115.0,21558000.0,3.86,4.406,20229.0,25.31,,48.57,海科新源,49.286,,222795778.0,0,57.86,创业板,20215.0,0.06925550333910463,14.0
SZ001283,72.4913930895454,0.0,0.99,11,1.07,False,0.01,1.715,103398898.0,48.0,4.27,17.3674,-10.6,4963147104.0,1791388800000.0,6224645760.0,0.604,100.0,7.626060532385724,2.51,0.21,14.189262744808584,179656527.51,0.51,1662307200000.0,1.77,18272197.0,3759116.0,1.12,1.715,13082.0,3.64,,43.99,豪鹏科技,27.147,,129680120.0,0,47.49,深市主板,13073.0,0.06884418266656468,9.0
SH603395,-42.1863344461257,0.0,1.9764,11,4.73,False,0.01,4.891,65000000.0,26.59,8.51,44.249,-8.77,1728350000.0,1791388800000.0,6913400000.0,0.241,100.0,2.3867988606896895,-46.48,0.0,-3.009619403150321,364741635.0,1.2,1732550400000.0,0.13,3736651.0,14037019.0,2.23,4.891,8816.0,21.6,,1917.42,红四方,206.194,,260000000.0,0,25.39,沪市主板,8810.0,0.0681044267877412,6.0
SH600737,-14.392035241408097,0.0,1.39,11,3.24,False,0.01,2.98,2138848228.0,15.61,6.55,22.8932,-6.77,33387420839.0,1791388800000.0,33387420839.0,2.178,100.0,10.11848657883708,2413.28,0.64,-14.221193216326288,1678325478.0,0.49,838742400000.0,0.52,-10561323.0,109707145.0,1.7,2.98,153808.0,5.13,,80.1,中粮糖业,29.952,,2138848228.0,0,15.12,沪市主板,153704.0,0.06766252016863582,104.0
SZ301613,-13.61787074774118,0.0,1.7881,11,1.62,False,0.01,3.595,83901247.0,34.51,5.18,,-32.18,2895432034.0,1791388800000.0,5777072802.0,1.742,100.0,10.425249055273989,-58.42,0.23,24.002049728662644,47079785.0,0.55,1729785600000.0,0.98,5581149.0,1364450.0,2.15,2.413,3027.0,1.63,,323.39,新铝时代,35.19,,167402863.0,0,33.96,创业板,3025.0,0.06611570247933884,2.0
SZ002547,28.869974573964697,,1.3486,11,-3.3,False,0.01,,1104798466.0,2.64,6.59,12.1522,-43.47,2916667950.0,,2978070924.0,,100.0,152.56018275591882,-29.74,0.0,-2.163510571094873,116010771.0,-0.09,1297958400000.0,-0.41,-3722913.0,43394500.0,0.99,-5.637,82227.0,3.93,,37.56,*ST春兴,-6.402,,1128057168.0,0,2.73,深市主板,82173.0,0.06571501588112884,54.0
SH688353,24.903522091424925,0.0,10.5977,82,1.13,False,0.01,3.809,159500000.0,87.18,5.73,,-23.32,13905210000.0,1791388800000.0,13905210000.0,0.334,1.0,8.578282081604618,18.32,-0.19,55.37825154720639,792355321.0,0.97,1657641600000.0,1.88,59106738.92000002,9099753.0,2.59,3.809,19800.0,5.71,,14.13,华盛锂电,46.424,,159500000.0,0,86.21,科创板,19787.0,0.06569970182443018,13.0
SH603619,-40.846798444887675,0.0,2.6862,11,-2.03,False,0.01,2.246,462338461.0,21.21,3.7,7.0834,-7.48,9806198758.0,1791388800000.0,9806198758.0,0.655,100.0,7.208123049444172,-27.21,-0.05,-3.2428503156601174,514615769.0,-0.44,1510848000000.0,0.67,-15327999.0,24207017.0,1.65,2.246,48897.0,5.24,,44.01,中曼石油,31.808,,462338461.0,0,21.65,沪市主板,48865.0,0.06548654456154712,32.0
SZ200550,-6.729091458873116,,0.1786,11,0.21,False,0.01,0.604,344000000.0,9.75,0.62,2.3488,5.02,3354000000.0,,8416336500.0,6.492,100.0,10.28739588035359,3874.72,0.0,8.11795880947155,1524139.0,0.02,812304000000.0,1.62,0.0,156900.0,0.83,0.6,4601.0,0.05,,22.69,江铃B,6.014,,863214000.0,0,9.73,B股,4598.0,0.06524575902566333,3.0
SZ001396,-10.984635317515378,,4.3492,11,0.96,False,0.01,2.354,22717440.0,31.44,3.5,,-26.82,714236314.0,,3361011959.0,0.598,100.0,9.841606221179463,-47.37,0.22,7.923865082274806,27602303.58,0.3,1767024000000.0,1.04,-754375.0,883084.0,1.31,2.354,1549.0,3.89,,124.36,誉帆科技,30.367,,106902416.0,0,31.14,深市主板,1548.0,0.06459948320413438,1.0
SH605169,2.535456614221987,,1.2548,11,-2.37,False,0.01,1.814,282880000.0,13.2,5.77,14.2889,2.18,3734016000.0,,3734016000.0,1.485,100.0,7.405286989467603,1.34,0.08,14.249866308232818,68197419.0,-0.32,1603987200000.0,0.52,-1632252.0,5181085.0,1.54,1.814,10954.0,1.83,,35.46,洪通燃气,25.288,,282880000.0,0,13.52,沪市主板,10947.0,0.06394445966931579,7.0
SH688349,-26.691712354452022,0.0,0.7354,82,2.18,False,0.01,1.55,1566188095.0,13.59,3.68,,-28.74,21284496211.0,1791388800000.0,21653439705.0,2.09,1.0,5.387841827561716,-52.11,0.07,31.489454258926287,196384252.0,0.29,1655827200000.0,0.46,16979574.0,14515035.0,1.89,1.55,7845.0,0.93,,37.45,三一重能,29.448,,1593336255.0,0,13.3,科创板,7840.0,0.06377551020408163,5.0
SZ001376,13.327491497906085,0.0,5.2783,11,-0.57,False,0.01,4.471,214990313.0,12.18,5.06,23.3134,-26.94,2618582012.0,1791388800000.0,5951148000.0,0.772,100.0,15.732877761218939,-66.79,0.08,3.1593059575356186,169380005.9,-0.07,1698940800000.0,0.4,2169136.0,14235000.0,0.63,3.807,6431.0,6.62,,753.07,百通能源,30.402,,488600000.0,0,12.25,深市主板,6427.0,0.062237435817644314,4.0
SH603352,-0.4568407961589416,,1.3395,11,2.08,False,0.01,1.954,45333334.0,25.52,2.4,471.2536,17.17,1156906684.0,,5784533342.0,0.431,100.0,8.069850106252414,-61.16,0.04,22.5993592291996,34450697.0,0.52,1768406400000.0,0.82,-1185448.0,1360237.0,2.16,1.954,1611.0,3.0,,213.44,至信股份,30.934,,226666667.0,0,25.0,沪市主板,1610.0,0.062111801242236024,1.0
SH603351,12.393951153033345,,2.7534,11,-0.04,False,0.01,2.157,135439132.0,28.48,3.58,14.9494,12.04,3857306479.0,,3857306479.0,2.107,100.0,8.833552941242536,47.25,0.25,8.235460611966339,53671521.0,-0.01,1548777600000.0,1.14,433178.0,1907000.0,1.1,2.157,8184.0,1.41,,44.0,威尔药业,24.888,,135439132.0,0,28.49,沪市主板,8179.0,0.0611321677466683,5.0
SZ301286,10.452803364388853,0.0,16.484,11,1.84,False,0.01,9.761,161295898.0,47.05,6.36,64.5145,12.09,7588972001.0,1791388800000.0,18824705000.0,0.961,100.0,13.411381541647865,77.82,0.09,5.768340715016929,81721841.1,0.85,1655136000000.0,0.63,9572272.0,1769490.0,1.26,9.761,3274.0,1.1,,71.38,侨源股份,74.401,,400100000.0,0,46.2,创业板,3272.0,0.061124694376528114,2.0
SZ301168,-75.19682363391634,0.0,4.5355,11,0.38,False,0.01,2.384,95313336.0,42.18,4.4,,-9.63,4020316512.0,1791388800000.0,5061600000.0,0.052,100.0,-0.12326630023988207,-18.27,-0.47,-14.92060439273325,109962793.0,0.16,1639065600000.0,-0.02,4549443.0,2625700.0,1.92,2.384,6563.0,2.75,,57.4,通灵股份,-1923.072,,120000000.0,0,42.02,创业板,6559.0,0.06098490623570667,4.0
SH601717,-5.796788916541695,0.0,0.6128,11,3.3,False,0.01,1.039,1542165730.0,13.79,3.6,7.6751,-39.6,21266465417.0,1791388800000.0,24620665035.0,9.065,100.0,14.800684096509444,52.14,0.36,2.1997369405482914,357652344.0,0.44,1280764800000.0,1.89,8721056.0,26369160.0,1.68,1.039,57560.0,1.71,,57.2,中创智领,7.281,,1785399930.0,0,13.35,沪市主板,57525.0,0.060843111690569315,35.0
SH603092,10.925090090893775,,3.452,11,0.67,False,0.01,3.354,34571654.0,47.74,7.17,29.2669,-22.77,1650450762.0,,19096004774.0,1.301,100.0,18.836671894339833,-50.21,0.13,8.437493441832222,213597284.0,0.32,1762444800000.0,2.11,-1478413.0,4438711.0,0.95,3.354,3307.0,12.84,,51.07,德力佳,22.588,,400000100.0,0,47.42,沪市主板,3305.0,0.0605143721633888,2.0
SH603281,-18.52690841036325,0.0,4.9012,11,4.41,False,0.01,1.976,518636833.0,18.95,5.9,35.7903,-2.78,9828167985.0,1791388800000.0,9828167985.0,3.694,100.0,7.662563290448698,-1.49,0.05,-1.9446909456078743,156857034.0,0.8,1675094400000.0,0.74,14724969.0,8360559.0,2.81,1.976,9975.0,1.61,,44.0,江瀚新材,25.464,,518636833.0,0,18.15,沪市主板,9969.0,0.06018657839301836,6.0
SH688801,-10.198188113596107,,106.7879,82,5.57,False,0.01,73.309,17900325.0,450.36,12.08,,216.75,8061590367.0,,193813204222.0,,1.0,,9.84,0.37,131.84659247704852,1518722309.0,23.76,1789056000000.0,-2.76,-39396372.0,3509414.0,1.55,22.926,6737.0,19.61,,179.22,燧原科技-U,-163.458,,430351728.0,0,426.6,科创板,6733.0,0.059408881627803355,4.0
SH603779,26.510916828017763,,8.3624,11,2.75,False,0.01,5.906,332082754.0,8.58,8.98,,33.23,2849270029.0,,2849270029.0,,100.0,-13.963629955697035,90.41,0.12,-6.031254053055446,276877685.0,0.23,1463328000000.0,-0.22,1942596.0,33577205.0,2.83,5.906,20249.0,10.11,,44.03,威龙股份,-39.235,,332082754.0,0,8.35,沪市主板,20237.0,0.059297326678855566,12.0
SZ300736,-10.029284160603746,,13.6131,11,1.86,False,0.01,71.413,124887850.0,35.54,7.68,,129.14,4438514189.0,,4546785875.0,,100.0,-35.238684473689034,280.74,0.28,-27.267544161717883,248763877.11,0.65,1515427200000.0,-0.21,20156251.0,7173300.0,1.38,71.408,6786.0,5.74,,44.0,百邦科技,-172.618,,127934324.0,0,34.89,创业板,6782.0,0.058979652020053085,4.0
SZ300875,22.40147174228888,,8.7453,11,1.84,False,0.01,3.977,87791669.0,33.8,5.24,159.239,-16.52,2967358412.0,,3374414584.0,,100.0,-12.559546926374543,-72.24,0.63,21.096244822658285,286476166.41,0.61,1598198400000.0,-1.14,10315062.0,8665755.0,2.52,3.977,13726.0,9.87,,173.07,捷强装备,-29.752,,99834751.0,0,33.19,创业板,13718.0,0.0583175389998542,8.0
SZ301265,-9.509208228260624,0.0,7.5831,11,5.89,False,0.01,3.321,243933112.0,23.2,9.58,,67.4,5659248198.0,1791388800000.0,7028977822.0,0.422,100.0,3.014502934279394,48.5,0.22,10.893917107207884,310650362.65,1.29,1671120000000.0,0.21,76818735.0,13799548.0,1.8,3.321,3434.0,5.66,,21.01,华新科技,110.411,,302973182.0,0,21.91,创业板,3432.0,0.05827505827505827,2.0
SH601665,16.132464524160504,0.0,3.1456,11,-0.98,False,0.01,0.838,6153842525.0,7.08,1.68,0.8439,28.6,43569205077.0,1791388800000.0,43569205077.0,3.517,100.0,11.25638562896725,40.52,0.0,6.706021632711567,330737915.0,-0.07,1623945600000.0,1.0,-15393167.0,46394400.0,0.98,0.838,22425.0,0.75,,44.03,齐鲁银行,7.081,,6153842525.0,0,7.15,沪市主板,22412.0,0.058004640371229696,13.0
SZ301216,57.58090157839657,0.0,0.5787,11,-1.29,False,0.01,1.494,544485771.0,16.89,3.74,19.277,0.95,9196364672.0,1791388800000.0,9799677296.0,0.888,100.0,11.355012183680339,-11.2,0.12,1.2700936603845525,236644501.23,-0.22,1648483200000.0,1.16,385102.0,14089158.0,1.19,1.494,8731.0,2.59,,-10.85,万凯新材,14.51,,580205879.0,0,17.11,创业板,8726.0,0.057300022920009165,5.0
SZ301015,-2.8088157849537443,0.0,1.864,11,0.0,False,0.01,5.941,525556577.0,25.94,4.59,23.4799,12.79,13632937607.0,1791388800000.0,13634688557.0,2.201,100.0,23.494528070497818,-14.0,0.04,-4.802389816515118,212351148.66,0.0,1624982400000.0,1.02,5481418.0,8300289.0,1.29,5.941,12273.0,1.58,,635.08,百洋医药,25.428,,525624077.0,0,25.94,创业板,12266.0,0.05706831893037666,7.0
SH688486,24.422692407443435,0.0,13.6315,82,-0.66,False,0.01,5.554,186862347.0,45.2,7.52,63.5393,-13.76,8446178084.0,1791388800000.0,8446578647.0,1.635,1.0,12.253696026677488,35.49,0.85,28.55432600490635,209173539.0,-0.3,1676908800000.0,0.98,-1529005.0,4720211.0,1.07,5.554,5278.0,2.53,,35.87,龙迅股份,46.235,,186871209.0,0,45.5,科创板,5275.0,0.05687203791469195,3.0
SZ001231,12.441425036855659,,2.9268,11,1.75,False,0.01,2.221,50962935.0,23.28,3.8,19.6375,-5.98,1186417127.0,,2320541903.0,0.644,100.0,7.067501862777109,12.84,0.09,10.155578808648237,44810585.0,0.4,1660838400000.0,0.72,3163165.0,1952300.0,1.6,2.227,3535.0,3.83,,44.01,农心科技,32.202,,99679635.0,0,22.88,深市主板,3533.0,0.05660911406736484,2.0
SH603209,18.9254888031394,0.0,2.653,11,0.4,False,0.01,1.438,321491597.0,15.18,2.71,8.1534,1.73,4880242442.0,1791388800000.0,4933500000.0,1.304,100.0,10.37611993315466,-13.47,0.2,19.40756905530452,90996932.0,0.06,1648051200000.0,1.07,250445.0,6038200.0,1.19,1.438,8895.0,1.88,,44.01,兴通股份,14.2,,325000000.0,0,15.12,沪市主板,8890.0,0.05624296962879641,5.0
SH600558,29.05590974074146,0.0,1.1608,11,1.22,False,0.01,1.835,897604831.0,4.96,5.51,21.4558,-16.67,4452119962.0,1791388800000.0,4452119962.0,3.427,100.0,8.176044104849105,139.07,-0.2,4.7309154054100855,116445097.0,0.06,983203200000.0,0.22,4672509.0,23747038.0,1.39,1.835,32290.0,2.65,,123.33,大西洋,22.29,,897604831.0,0,4.9,沪市主板,32272.0,0.05577590480912246,18.0
SZ002614,,,0.9729,11,2.16,False,0.01,1.263,441275311.0,8.52,6.12,17.5767,18.83,3759665650.0,,5314258018.0,1.174,100.0,-2.0564153382894674,1.11,-0.81,5.505809034464448,644739132.81,0.18,1315497600000.0,-0.14,20156738.0,77203693.0,0.67,1.263,44886.0,17.5,,-11.92,奥佳华,-59.926,,623739204.0,0,8.34,深市主板,44861.0,0.05572769220481041,25.0
SZ002467,,0.0,8.3668,11,0.97,False,0.01,4.625,1368201384.0,5.2,4.66,69.7177,-14.61,7114647197.0,1791388800000.0,7151933740.0,,100.0,-19.61897713252204,43.84,-0.19,0.9877732654342886,604629322.61,0.05,1283875200000.0,-0.25,-14305619.349999994,118501637.0,1.24,4.625,57914.0,8.66,,59.58,二六三,-21.066,,1375371873.0,0,5.15,深市主板,57882.0,0.05528488994851594,32.0
SZ000408,31.549288810000586,0.0,29.0508,11,2.23,False,0.01,6.696,1568898254.0,73.39,3.71,51.1667,-10.38,115141442861.0,1791388800000.0,115142653796.0,3.398,100.0,34.570001311577585,5528.93,-0.01,-5.564316625058751,693192694.67,1.6,835891200000.0,3.63,55501118.0,9532293.0,1.32,6.696,119715.0,0.61,,62.5,藏格矿业,20.235,,1568914754.0,0,71.79,深市主板,119649.0,0.055161346939798905,66.0
SH603189,-45.96582554453291,,8.971,11,-1.18,False,0.01,1.895,269548349.0,10.08,5.78,,-46.56,2717047358.0,,2717047358.0,0.982,100.0,-0.7810848735430135,1.77,-0.3,5.834416774086071,61381092.0,-0.12,1473782400000.0,-0.04,1663718.0,6107200.0,2.27,1.895,25434.0,2.27,,43.94,*ST网达,-233.929,,269548349.0,0,10.2,沪市主板,25420.0,0.05507474429583006,14.0
SH603172,16.178851397736295,,4.1986,11,-1.07,False,0.01,2.317,133380000.0,19.48,5.38,,9.84,2598242400.0,,2598242400.0,0.359,100.0,5.115608855207141,8.57,0.31,10.847443380371825,49188471.0,-0.21,1683648000000.0,0.42,-1873313.0,2552799.0,0.99,2.317,3646.0,1.91,,30.86,万丰股份,46.26,,133380000.0,0,19.69,沪市主板,3644.0,0.054884742041712405,2.0
SZ301557,-10.328530924130918,0.0,3.7422,11,-2.77,False,0.01,4.504,24870977.0,74.51,7.36,210.2728,-19.61,1853136496.0,1791388800000.0,4621931226.0,0.863,100.0,7.7007775667293945,33.06,-0.05,14.646774862630728,60265758.6,-2.12,1741017600000.0,1.25,-812090.0,822940.0,0.84,4.504,1824.0,3.31,,211.6,常友科技,59.628,,62031019.0,0,76.63,创业板,1823.0,0.054854635216675815,1.0
SZ301498,-7.492327397405852,0.0,2.2465,11,1.3,False,0.01,3.403,189546952.0,39.78,4.23,24.7675,-38.18,7540177751.0,1791388800000.0,15930809575.0,1.257,100.0,10.647770815220799,-32.07,0.28,19.836079698630904,210464285.35,0.51,1692115200000.0,1.21,-3984175.0,5384100.0,1.48,3.403,27452.0,2.84,,46.16,乖宝宠物,32.795,,400472840.0,0,39.27,创业板,27437.0,0.054670700149433246,15.0
SH688309,161.05156343590883,,11.6621,82,-2.88,False,0.01,6.694,79401269.0,70.78,9.65,530.4832,194.09,5620021820.0,,5620021820.0,0.24,1.0,13.4193206805839,-25.82,0.08,65.07775947130531,132770230.0,-2.1,1594656000000.0,1.34,-7705833.0,1923694.0,1.59,6.694,3663.0,2.42,,239.73,恒誉科技,52.962,,79401269.0,0,72.88,科创板,3661.0,0.054629882545752524,2.0
SZ300277,-30.092962568252048,0.0,36.2702,11,2.39,False,0.01,2.069,765448286.0,13.26,7.57,51.2534,2.12,10149844272.0,1791388800000.0,20110038522.0,0.513,100.0,1.9997931214879194,135.29,0.61,1.6013330163224149,385634719.5,0.31,1321977600000.0,0.07,-20756443.0,30163322.0,2.13,2.069,23911.0,3.94,,35.65,汽轮科技,197.089,,1516594157.0,0,12.95,创业板,23898.0,0.05439785756130219,13.0
SZ000690,9.312068398656525,0.0,1.4395,11,1.64,False,0.01,0.937,2174468225.0,5.59,5.27,6.0039,38.58,12155277378.0,1791388800000.0,12163213149.0,3.578,100.0,8.651217234527603,1522.64,0.0,-6.984655313415833,919346707.04,0.09,854380800000.0,0.5,68486928.0,164348536.0,2.59,0.936,53837.0,7.56,,0.0,宝新能源,11.071,,2175887862.0,0,5.5,深市主板,53808.0,0.053895331549212014,29.0
SZ301446,-4.782350856882478,,5.9853,11,-2.63,False,0.01,3.179,31772000.0,37.39,7.24,240.4571,17.71,1187955080.0,,3888560000.0,0.669,100.0,5.894457309137275,16.58,0.59,22.14929033426094,42488788.68,-1.01,1690214400000.0,0.68,-11006658.0,1140152.0,0.94,3.179,1871.0,3.59,,27.25,福事特,55.116,,104000000.0,0,38.4,创业板,1870.0,0.053475935828877004,1.0
SZ000703,148.94806533884682,0.0,0.5364,11,0.0,False,0.01,2.247,4090903843.0,16.29,3.56,15.5076,59.1,66640823602.0,1791388800000.0,66977784289.0,5.267,100.0,21.527068124357935,958.34,0.06,0.0988056071258514,842999338.72,0.0,859478400000.0,1.44,-66371450.0,52062583.0,0.64,2.088,53291.0,1.27,,0.0,恒逸石化,11.289,,4111588968.0,0,16.29,深市主板,53263.0,0.052569325798396634,28.0
SZ000993,-53.01290608271809,0.0,14.9709,11,0.85,False,0.01,3.246,457951455.0,17.89,11.27,38.4645,52.01,8192751530.0,1791388800000.0,8192751530.0,1.006,100.0,0.6699673570042126,156.58,-0.11,-31.06427812321213,1267431189.56,0.15,964972800000.0,0.04,-16678051.0,72377778.0,0.94,3.246,57759.0,15.8,,34.61,闽东电力,479.017,,457951455.0,0,17.74,深市主板,57729.0,0.051966949020423016,30.0
SZ002182,-74.12637171232228,0.0,1.1998,11,6.22,False,0.01,2.319,896610733.0,12.3,10.1,44.5015,-19.61,11028312016.0,1791388800000.0,12199036102.0,,100.0,-1.9038992679756073,143.82,0.16,11.104060705906615,674996579.35,0.72,1194883200000.0,-0.1,117855965.4,56349884.0,3.94,2.319,86824.0,6.28,,100.56,宝武镁业,-120.755,,991791553.0,0,11.58,深市主板,86779.0,0.05185586374583712,45.0
SH600236,58.232625713969476,0.0,6.5474,11,0.61,False,0.01,4.326,7882377802.0,9.93,2.74,9.967,31.6,78272011574.0,1791388800000.0,78272011574.0,3.656,100.0,18.91579659830986,405.68,0.1,20.90453843516247,159431757.0,0.06,953740800000.0,0.49,8568142.0,16150240.0,1.23,4.326,34809.0,0.2,,184.71,桂冠电力,20.326,,7882377802.0,0,9.87,沪市主板,34791.0,0.05173751832370441,18.0
SZ002959,-19.71592315025086,0.0,1.1484,11,-0.88,False,0.01,1.999,139794390.0,37.17,8.0,12.1191,-8.99,5196157476.0,1791388800000.0,5792332830.0,3.481,100.0,10.55366264510194,32.46,0.03,0.9408317687519929,242159648.41,-0.33,1566489600000.0,1.98,2556892.0,6437347.0,1.37,1.999,85518.0,4.6,,44.0,小熊电器,18.812,,155833544.0,0,37.5,深市主板,85474.0,0.05147764232398156,44.0
SZ000059,109.98931216743499,0.0,0.2295,11,-0.18,False,0.01,0.891,1599412987.0,5.62,3.37,,5.05,8988700987.0,1791388800000.0,8988867058.0,,100.0,-3.9781513298536,-2.81,0.36,-7.624864428033762,212771526.45,-0.01,854553600000.0,-0.26,3702705.0,38229365.0,1.2,0.891,31180.0,2.39,,108.18,华锦股份,-21.978,,1599442537.0,0,5.63,深市主板,31164.0,0.051341291233474515,16.0
SZ301163,-45.02203052866093,,2.4061,11,-1.73,False,0.01,1.666,54725639.0,23.23,5.29,,-12.91,1271276594.0,,1895568000.0,0.538,100.0,1.8162137833337164,-33.54,0.04,1.1999341099631966,36712338.55,-0.41,1650297600000.0,0.25,1902.0,1599567.0,1.24,1.666,3920.0,2.92,,26.08,宏德股份,92.168,,81600000.0,0,23.64,创业板,3918.0,0.05104645227156713,2.0
SZ002911,9.144788169119744,0.0,0.479,11,-1.45,False,0.01,3.394,1277184508.0,11.56,2.9,5.8613,-0.74,14764252912.0,1791388800000.0,15006912595.0,4.498,100.0,12.653832949771699,107.12,0.0,3.8809805584770096,125087078.81,-0.17,1511280000000.0,0.81,-5512486.0,10692075.0,1.84,3.394,21824.0,0.84,,43.97,佛燃能源,14.284,,1298175830.0,0,11.73,深市主板,21813.0,0.05042864346949068,11.0
SZ300854,,,4.6627,11,-0.66,False,0.01,2.394,113981245.0,14.95,5.51,316.0543,24.29,1704019613.0,,2150058170.0,,100.0,-9.0368051373635,-34.99,0.54,-20.252946149768057,47723260.12,-0.1,1631721600000.0,-0.59,-588452.0,3263191.0,1.32,2.327,3969.0,2.86,,262.35,中兰环保,-25.281,,143816600.0,0,15.05,创业板,3967.0,0.050415931434333254,2.0
SH600573,26.65126318081892,,4.4663,11,5.85,False,0.01,2.128,250000000.0,11.76,8.55,38.8186,-0.38,2940000000.0,,2940000000.0,0.85,100.0,6.562086854402178,38.66,-0.59,3.126855055574973,245029133.0,0.65,1046188800000.0,0.36,23549224.0,21525099.0,1.74,2.128,38069.0,8.61,,55.78,惠泉啤酒,32.961,,250000000.0,0,11.11,沪市主板,38050.0,0.049934296977660976,19.0
SH605338,9.326230128406966,0.0,2.4238,11,1.12,False,0.01,2.081,239566662.0,18.98,1.65,12.6943,-36.13,4546975245.0,1791388800000.0,4546975245.0,6.322,100.0,12.60244774543525,43.9,0.32,5.177893941990264,54967863.0,0.21,1602432000000.0,1.15,4630110.0,2917900.0,1.28,2.081,28196.0,1.22,,44.03,巴比食品,16.472,,239566662.0,0,18.77,沪市主板,28182.0,0.04967709885742673,14.0
SZ001872,10.982074633212747,0.0,3.4488,11,0.08,False,0.01,0.937,2302252855.0,24.63,2.36,7.1807,32.29,56704487819.0,1791388800000.0,61135312260.0,4.056,100.0,7.456560317641901,,0.16,4.982174178812748,80282136.44,0.02,736531200000.0,1.92,-3568817.0,3280959.0,0.83,0.937,20151.0,0.14,,,招商港口,12.828,,2482148285.0,0,24.61,深市主板,20141.0,0.04964996772752097,10.0
SZ301310,-6.550531732678866,0.0,2.4825,11,-1.49,False,0.01,4.899,98427244.0,60.1,11.36,,97.39,5915477364.0,1791388800000.0,11529952774.0,0.542,100.0,5.756907734058729,86.13,0.86,42.60725786805308,483135071.4,-0.91,1685635200000.0,0.7,-31114145.0,8101160.0,0.84,4.877,6067.0,8.23,,-2.26,鑫宏业,86.324,,191846136.0,0,61.01,创业板,6064.0,0.04947229551451188,3.0
SZ300977,-37.073509494529674,,5.7213,11,-3.39,False,0.01,2.163,95773533.0,19.4,9.61,,13.66,1858006540.0,,2972047544.0,0.768,100.0,1.2572130625303537,-42.39,0.1,6.232345211267942,125710347.93,-0.68,1618848000000.0,0.11,-866168.0,6618149.0,1.23,2.149,6122.0,6.91,,13.76,深圳瑞捷,171.85,,153198327.0,0,20.08,创业板,6119.0,0.04902761889197581,3.0
SZ301019,6.934223279311591,,6.2447,11,-0.12,False,0.01,3.028,145146658.0,16.25,4.49,31.1744,-11.98,2358633193.0,,3216786121.0,3.335,100.0,11.054028146586031,-37.36,0.18,7.955472082935411,44339869.61,-0.02,1624809600000.0,0.59,-1778061.0,2772561.0,1.45,3.028,4092.0,1.91,,100.17,宁波色母,27.515,,197956069.0,0,16.27,创业板,4090.0,0.04889975550122249,2.0
SZ301487,53.75085613277941,0.0,2.9079,11,4.18,False,0.01,4.343,459616438.0,18.18,7.16,28.8965,-17.07,8355826843.0,1791388800000.0,8355826843.0,0.033,100.0,2.800279470815152,-19.14,0.0,15.632323257560321,968602107.32,0.73,1691510400000.0,0.12,10814832.0,54076705.0,2.06,4.343,16440.0,11.77,,1742.48,盟固利,156.739,,459616438.0,0,17.45,创业板,16432.0,0.04868549172346641,8.0
SH603596,21.730419866093122,0.0,1.8668,11,-0.15,False,0.01,2.977,897641828.0,27.29,2.93,24.9461,-20.6,24496645486.0,1791388800000.0,24496645486.0,0.942,100.0,18.583697803511427,170.02,0.07,24.986010734855356,277148445.0,-0.04,1524758400000.0,1.59,6222850.4,10228849.0,0.99,2.977,49514.0,1.14,,43.97,伯特利,17.148,,897641828.0,0,27.33,沪市主板,49490.0,0.048494645382905634,24.0
SZ300350,19.895249990863807,,4.3753,11,-0.81,False,0.01,3.144,461829061.0,4.89,4.87,,-22.5,2258344108.0,,2748240044.0,,100.0,-5.337807736903652,34.11,0.2,34.018126866372775,134069319.16,-0.04,1345478400000.0,-0.09,-9531894.0,27910999.0,0.85,3.144,22695.0,6.04,,54.0,华鹏飞,-57.365,,562012279.0,0,4.93,创业板,22684.0,0.0484923293951684,11.0
SZ301535,-2.871140604582989,0.0,7.223,11,-0.88,False,0.01,4.852,169796118.0,13.49,4.63,33.3316,-38.12,2290549632.0,1791388800000.0,5737217652.0,0.741,100.0,7.425995377369548,-54.57,0.07,14.611588297527177,30296770.0,-0.12,1743004800000.0,0.2,2632020.0,2288400.0,1.19,4.852,2069.0,1.35,,389.02,浙江华远,66.784,,425294118.0,0,13.61,创业板,2068.0,0.04835589941972921,1.0
SH603551,-8.126661882203612,,1.9278,11,0.74,False,0.01,2.869,381227343.0,9.56,2.11,11.3549,-12.93,3644533399.0,,3677575694.0,8.347,100.0,20.9255651780223,-21.91,-0.31,-0.774523884595868,33397572.0,0.07,1579017600000.0,0.71,-1379817.0,3498200.0,2.04,2.869,10360.0,0.92,,43.98,奥普科技,13.54,,384683650.0,0,9.49,沪市主板,10355.0,0.048285852245292124,5.0
SZ301158,-2.005327565149373,,3.898,11,-1.75,False,0.01,1.961,190154264.0,14.07,4.68,307.4507,-17.69,2675470494.0,,2743863343.0,1.087,100.0,7.519666506069949,-25.11,-0.14,6.047764257579802,63953527.0,-0.25,1642348800000.0,0.53,397151.0,4599800.0,1.84,1.96,8320.0,2.42,,70.01,德石股份,26.625,,195015163.0,0,14.32,创业板,8316.0,0.0481000481000481,4.0
SZ301580,14.87987862994986,0.0,6.1352,11,-3.69,False,0.01,3.17,100823788.0,46.5,8.68,29.8671,48.56,4688306142.0,1791388800000.0,6937351322.0,0.708,100.0,9.882834398090612,-7.04,0.11,16.665417380284776,268083722.4,-1.78,1719331200000.0,1.4,-12963889.0,5860302.0,1.06,3.17,14633.0,5.81,,86.92,爱迪特,33.242,,149190351.0,0,48.28,创业板,14626.0,0.047859975386298374,7.0
SZ301555,33.05386204847694,,1.2136,11,-2.58,False,0.01,2.667,48347250.0,34.0,6.28,,2.34,1643806500.0,,3137067800.0,1.529,100.0,8.907701095594772,-49.99,-0.18,29.735567786739956,59249368.17,-0.9,1698681600000.0,1.1,-545236.0,1747286.0,0.93,2.667,4200.0,3.61,,198.51,惠柏新材,30.976,,92266700.0,0,34.9,创业板,4198.0,0.04764173415912339,2.0
SZ002986,,0.0,0.4638,11,-0.63,False,0.01,1.211,301837442.0,12.67,3.45,8.9306,18.64,3824280390.0,1791388800000.0,4816138037.0,0.781,100.0,1.1964785925571435,-20.97,-0.08,26.66866061498132,43760779.0,-0.08,1591027200000.0,0.13,1068061.0,3472900.0,1.24,1.21,6393.0,1.15,,44.01,宇新股份,100.402,,380121392.0,0,12.75,深市主板,6390.0,0.046948356807511735,3.0
SH603686,-10.533974563126414,0.0,1.2029,11,-1.99,False,0.01,1.762,415430404.0,14.8,3.71,11.0483,-49.73,6148369979.0,1791388800000.0,6148369979.0,0.764,100.0,4.721647348785648,176.14,0.2,1.2640166288471422,544165845.0,-0.3,1422201600000.0,0.39,-28662280.0,37097264.0,0.95,1.762,55795.0,8.93,,44.01,福龙马,37.956,,415430404.0,0,15.1,沪市主板,55769.0,0.04662088256916925,26.0
SZ301291,-30.343162876701825,0.0,1.8978,11,-2.59,False,0.01,2.177,166312433.0,36.16,9.13,36.2566,-12.04,6013857577.0,1791388800000.0,11373884932.0,1.244,100.0,7.386584032931699,8.16,0.39,0.7697236097282012,352036534.69,-0.96,1688054400000.0,1.17,-30304869.0,10018572.0,1.48,2.176,10752.0,6.02,,-14.5,明阳电气,30.819,,314543278.0,0,37.12,创业板,10747.0,0.04652461151949381,5.0
SZ001218,49.57057516422172,,0.5477,11,1.34,False,0.01,1.3,119738560.0,23.52,3.96,48.6308,5.67,2816250931.0,,3157754275.0,2.309,100.0,11.269154837663649,-30.25,0.09,27.575081822366275,42894234.4,0.31,1634227200000.0,1.95,3096796.0,1851100.0,1.29,1.26,4314.0,1.55,,43.99,丽臣实业,12.086,,134258260.0,0,23.21,深市主板,4312.0,0.0463821892393321,2.0
SH603086,,,1.0585,11,-1.61,False,0.01,1.247,434813143.0,6.11,3.86,,-24.42,2656708304.0,,2656708304.0,1.637,100.0,3.4484393005405574,72.06,0.49,1.9697017609388023,113299623.0,-0.1,1494432000000.0,0.17,-11622301.0,18867720.0,1.84,1.246,17346.0,4.34,,43.99,先达股份,36.364,,434813143.0,0,6.21,沪市主板,17338.0,0.04614142346291383,8.0
SZ301302,-7.265234467183424,,8.4309,11,-0.72,False,0.01,2.251,138990000.0,20.54,6.86,,-10.19,2854854600.0,,3201467100.0,,100.0,-14.105757222773047,-48.65,-0.05,13.482935563190912,93007500.0,-0.15,1655913600000.0,-1.38,-4033388.0,4638800.0,1.33,2.251,13094.0,3.34,,28.85,华如科技,-14.893,,155865000.0,0,20.69,创业板,13088.0,0.04584352078239609,6.0
SZ000503,73.53034902316197,0.0,23.1587,11,6.84,False,0.01,7.386,979235472.0,8.43,9.0,,-5.07,8254955029.0,1791388800000.0,8255098339.0,,100.0,-33.59328116268288,649.73,0.12,4.107970396520466,542729269.49,0.54,723052800000.0,-0.42,71025101.0,66410845.0,1.31,7.386,57128.0,6.78,,1170.0,国新健康,-20.274,,979252472.0,0,7.89,深市主板,57102.0,0.04553255577738083,26.0
SH603062,-24.348888986728223,0.0,2.4495,11,0.05,False,0.01,2.005,37073100.0,37.61,3.48,222.5829,-18.23,1394319291.0,1791388800000.0,4061880000.0,3.547,100.0,6.757417991535789,-46.42,0.21,12.138038505235427,16381867.0,0.02,1699286400000.0,1.28,-163222.0,439956.0,1.31,2.005,4403.0,1.19,,28.75,麦加芯彩,29.44,,108000000.0,0,37.59,沪市主板,4401.0,0.04544421722335833,2.0
SZ300972,,0.0,0.4985,11,2.32,False,0.01,11.78,180785975.0,160.88,3.96,7.6633,-19.61,29084847658.0,1791388800000.0,31757998688.0,0.694,100.0,96.4764954942345,472.01,0.39,104.4136844856192,360004953.68,3.65,1618761600000.0,10.55,3295747.0,2263433.0,1.24,11.776,19944.0,1.25,,279.69,万辰集团,15.247,,197401782.0,0,157.23,创业板,19935.0,0.04514672686230248,9.0
SH688225,3.161890432801595,0.0,0.8981,82,10.81,False,0.01,4.531,400010000.0,16.51,14.09,22.7466,-14.9,6604165100.0,1791388800000.0,6604165100.0,,1.0,-21.183612056513244,-52.4,0.18,61.55822703530964,255640385.0,1.61,1644336000000.0,-0.86,11673334.0,16296363.0,1.12,4.531,4457.0,4.07,,27.53,亚信安全,-19.146,,400010000.0,0,14.9,科创板,4455.0,0.044893378226711564,2.0
SH605128,34.77206856179718,0.0,3.0837,11,-0.48,False,0.01,3.546,313986743.0,24.66,3.31,24.1567,0.29,7742913082.0,1791388800000.0,7742913082.0,0.758,100.0,9.602076144972441,203.42,0.08,20.564123467160744,108010002.0,-0.12,1600099200000.0,0.64,7448833.0,4412226.0,1.1,3.546,9022.0,1.41,,44.02,上海沿浦,38.249,,313986743.0,0,24.78,沪市主板,9018.0,0.04435573297848747,4.0
SH688411,48.78019536163334,0.0,2.1736,82,-2.64,False,0.01,5.624,132574276.0,159.47,6.03,29.8218,-35.88,21141619794.0,1791388800000.0,29096072697.0,0.997,1.0,27.38921730629788,120.95,0.26,32.29964671343677,524191759.0,-4.33,1737907200000.0,6.95,-8224293.0,3284190.0,1.53,5.624,18085.0,2.48,,229.21,海博思创,22.955,,182454836.0,0,163.8,科创板,18077.0,0.044255130829230514,8.0
SZ301238,1.7340728117990478,0.0,5.0401,11,5.76,False,0.01,1.754,733333300.0,17.43,8.31,,-12.62,12781999419.0,1791388800000.0,12781999419.0,3.041,100.0,4.443587574194486,-44.15,0.64,-6.1690887918311565,659699021.28,0.95,1655395200000.0,0.44,61952490.0,38570227.0,4.21,1.753,20353.0,5.26,,84.83,瑞泰新材,39.775,,733333300.0,0,16.48,创业板,20344.0,0.04423908769170271,9.0
SH688657,-7.95223965786337,,8.5423,82,1.72,False,0.01,2.254,59694543.0,33.06,5.72,30.9955,-8.5,1973501592.0,,3154597498.0,1.237,1.0,3.321113172465013,-19.19,0.46,14.52605598740142,31644848.0,0.56,1696867200000.0,0.49,-1544850.0,982084.0,1.25,2.254,2268.0,1.65,,-14.03,浩辰软件,68.109,,95420372.0,0,32.5,科创板,2267.0,0.044111160123511246,1.0
SH603310,-33.761896565980166,0.0,4.2948,11,0.55,False,0.01,1.251,194010000.0,14.6,1.31,138.1071,-12.02,2832546000.0,1791388800000.0,5041964000.0,1.37,100.0,3.9487769611776384,-34.06,-0.07,-0.6257190101129795,22821992.0,0.08,1723564800000.0,0.46,428814.0,1568000.0,1.34,1.251,2281.0,0.81,,35.65,巍华新材,32.031,,345340000.0,0,14.52,沪市主板,2280.0,0.043859649122807015,1.0
SZ002204,24.00825699434992,0.0,0.6496,11,0.37,False,0.01,1.302,1931370032.0,5.41,2.78,7.1739,-28.07,10448711873.0,1791388800000.0,10448711873.0,1.738,100.0,8.231184254128012,-17.19,0.0,11.639324566008646,178152160.99,0.02,1200412800000.0,0.33,-13671566.0,33096227.0,1.37,1.302,50628.0,1.71,,189.42,大连重工,16.285,,1931370032.0,0,5.39,深市主板,50606.0,0.043473105955815515,22.0
SZ301519,,,3.9518,11,-0.67,False,0.01,1.43,76092879.0,11.89,5.76,65.8001,-10.67,904744331.0,,1921933831.0,0.841,100.0,-3.4780163061659675,-56.36,0.42,-16.188429071056643,38540406.79,-0.08,1690387200000.0,-0.3,129459.0,3310300.0,2.03,1.43,2303.0,4.35,,62.97,舜禹股份,-39.77,,161642879.0,0,11.97,创业板,2302.0,0.043440486533449174,1.0
SH601827,0.922286020777352,0.0,2.3768,11,1.77,False,0.01,1.096,1671933300.0,8.04,3.42,5.4099,-1.77,13442343732.0,1791388800000.0,13442343732.0,3.308,100.0,10.224924627378497,15.8,0.0,-1.5687158278803959,111082606.0,0.14,1591286400000.0,0.73,-5231634.0,13739100.0,4.21,1.096,13823.0,0.82,,44.01,三峰环境,11.082,,1671933300.0,0,7.9,沪市主板,13817.0,0.04342476659187957,6.0
SZ001393,16.416844906781613,0.0,2.9641,11,-0.79,False,0.01,2.716,48040181.0,40.32,5.14,36.8959,32.72,1936980098.0,1791388800000.0,10053120027.0,0.992,100.0,11.10731586553392,-66.4,0.05,29.799797002886287,105995527.16,-0.32,1778774400000.0,1.2,-3282576.0,2634354.0,1.05,2.716,2305.0,5.48,,297.2,维通利,33.726,,249333334.0,0,40.64,深市主板,2304.0,0.043402777777777776,1.0
SH688131,28.515629583431835,0.0,6.1809,82,-1.05,False,0.01,6.169,213234116.0,93.16,7.1,49.0195,29.58,19864890247.0,1791388800000.0,19864890247.0,0.258,1.0,8.181702542898357,-22.09,0.16,24.36764714719757,533438952.0,-0.99,1623081600000.0,1.22,-44670638.28999999,5828186.0,0.97,6.169,20825.0,2.73,,382.27,皓元医药,76.626,,213234116.0,0,94.15,科创板,20816.0,0.04323597232897771,9.0
SZ002149,-27.200960211909397,0.0,5.2253,11,-2.74,False,0.01,2.416,488139124.0,32.7,9.16,170.8312,-27.98,15962149355.0,1791388800000.0,15964606760.0,0.459,100.0,1.8203599718993455,130.36,-0.3,-3.9091794398362967,1486790331.88,-0.92,1186675200000.0,0.18,11605121.0,45611540.0,2.0,2.416,81493.0,9.34,,415.45,西部材料,183.511,,488214274.0,0,33.62,深市主板,81458.0,0.042966927741903804,35.0
SZ300915,,,3.0053,11,1.47,False,0.01,2.035,57600188.0,24.13,4.58,59.8507,3.3,1389892536.0,,3036501537.0,1.654,100.0,-0.5839559077682166,-63.41,0.12,2.297316046117892,49716484.02,0.35,1606838400000.0,-0.07,6114413.0,2071566.0,0.98,2.035,6993.0,3.6,,104.91,海融科技,-340.572,,125839268.0,0,23.78,创业板,6990.0,0.04291845493562232,3.0
SH600941,-0.8415046134351178,0.0,2.0353,11,0.02,False,0.01,1.495,902767867.0,97.98,1.33,8.0539,1.76,88453195609.0,1791388800000.0,2125763345899.0,4.805,100.0,9.360655190463914,97.72,0.02,0.9747666927800935,1262727746.0,0.02,1641312000000.0,6.07,124597525.0,12830742.0,1.47,1.495,162459.0,1.42,,0.52,中国移动,16.129,,21695890446.0,0,97.96,沪市主板,162390.0,0.04249030112691668,69.0
SH603529,-15.97755155418863,0.0,0.856,11,1.7,False,0.01,2.054,850766217.0,23.28,3.19,33.6948,-18.08,19805837532.0,1791388800000.0,20119702380.0,4.003,100.0,14.956208650954899,41.58,-0.13,1.5514724773379562,304996873.0,0.39,1623686400000.0,1.72,8825594.0,13080951.0,1.72,2.054,40572.0,1.54,,44.01,爱玛科技,13.531,,864248384.0,0,22.89,沪市主板,40555.0,0.04191838244359512,17.0
SH603685,-26.996547242963064,0.0,6.6354,11,7.37,False,0.01,3.562,201465747.0,28.1,11.39,24.7356,44.33,5661187491.0,1791388800000.0,7107910961.0,0.107,100.0,1.8162619701451153,106.31,0.18,-6.494821210549384,152101245.0,1.93,1511712000000.0,0.11,20306188.0,5640787.0,3.47,3.562,7174.0,2.8,,44.01,晨丰科技,247.643,,252950568.0,0,26.17,沪市主板,7171.0,0.0418351694324362,3.0
SH600593,,0.0,12.4321,11,-0.55,False,0.01,30.132,128800000.0,48.7,5.8,32.5755,17.58,6272560000.0,1791388800000.0,6352671500.0,,100.0,34.60567959860249,366.47,0.0,3.4564654231812098,544447983.0,-0.27,1026316800000.0,0.46,-51595488.0,11300000.0,0.88,30.132,26330.0,8.77,,172.37,大连圣亚,107.001,,130445000.0,0,48.97,沪市主板,26319.0,0.0417949010220753,11.0
SZ301565,-14.743626751683303,0.0,3.2993,11,0.97,False,0.01,3.212,128010000.0,19.78,4.29,16.0873,-18.06,2532037800.0,1791388800000.0,7912197800.0,,100.0,4.312917760989129,-60.44,0.66,4.705903321914429,144544535.55,0.19,1718812800000.0,0.26,-4462767.0,7323798.0,2.37,3.212,4802.0,5.72,,228.11,中仑新材,75.641,,400010000.0,0,19.59,创业板,4800.0,0.04166666666666667,2.0
SH600847,60.887372572517485,,4.247,11,0.61,False,0.01,4.421,153287400.0,13.18,11.68,402.8513,13.43,2020327932.0,,2020327932.0,,100.0,-14.418219358483086,53.28,0.69,-5.959877846791517,134797435.0,0.08,764438400000.0,-0.46,13524045.0,10218005.0,1.76,4.421,14464.0,6.67,,249.75,万里股份,-28.426,,153287400.0,0,13.1,沪市主板,14458.0,0.04149951583898188,6.0
SZ301689,33.892379700578054,,27.7935,11,-1.65,False,0.01,23.976,57561452.0,71.01,8.59,120.2467,343.81,4087438707.0,,65890458211.0,,100.0,17.640878857292833,29.11,0.84,2.693338167339765,1300363299.75,-1.19,1788969600000.0,0.48,-17323626.0,18551731.0,0.71,15.351,7275.0,32.23,,237.5,电科思仪,148.192,,927903932.0,0,72.2,创业板,7272.0,0.041254125412541254,3.0
SZ301367,-9.90259741783307,0.0,4.245,11,1.13,False,0.01,1.913,96094563.0,46.71,5.76,33.7041,-23.02,4488577038.0,1791388800000.0,5852032222.0,1.006,100.0,7.380672699026955,-58.76,0.0,13.165010404813128,100566820.84,0.52,1667232000000.0,1.76,1970064.0,2214207.0,1.47,1.913,7334.0,2.3,,141.91,瑞迈特,26.493,,125284355.0,0,46.19,创业板,7331.0,0.04092211158095758,3.0
SH600094,-42.19779872292324,0.0,7.2646,11,0.91,False,0.01,1.001,2126229950.0,4.43,4.78,18.6363,6.49,9419198679.0,1791388800000.0,10299528699.0,,100.0,1.1746743478558612,-5.77,-0.23,-54.87422230418544,215165919.0,0.04,867859200000.0,0.05,2818728.0,48626351.0,1.16,1.001,19581.0,2.29,,0.0,大名城,85.77,,2324950045.0,0,4.39,沪市主板,19573.0,0.040872630664691156,8.0
SZ301287,-34.374465531750374,,4.4484,11,0.0,False,0.01,2.313,17031350.0,40.45,4.38,28.312,-2.33,688918108.0,,2696801500.0,0.593,100.0,4.479379360094663,-23.78,-0.22,1.3209299766419047,28413685.0,0.0,1686672000000.0,0.78,-1794337.0,712800.0,1.02,2.313,2450.0,4.19,,25.55,康力源,52.151,,66670000.0,0,40.45,创业板,2449.0,0.04083299305839118,1.0
SH900908,-1.522118688494345,,0.5722,11,0.51,False,0.001,0.489,406560000.0,0.591,1.36,4.5637,-6.21,240276960.0,,683432386.0,5.922,100.0,8.655913364847036,-80.05,0.0,4.798651263878928,254740.0,0.003,714240000000.0,0.1,-47878.0,431800.0,0.57,0.486,2455.0,0.11,,0.25,氯碱B股,5.77,,1156399976.0,0,0.588,B股,2454.0,0.040749796251018745,1.0
SZ301418,-66.9458455699345,,5.45,11,0.64,False,0.01,1.578,30833334.0,34.5,5.08,,-5.28,1063750023.0,,2530000023.0,0.287,100.0,0.1349908998950265,-67.68,0.88,9.339341254701928,45792132.0,0.22,1692547200000.0,0.03,-1881672.0,1358000.0,1.2,1.578,2467.0,4.4,,93.1,协昌科技,1166.746,,73333334.0,0,34.28,创业板,2466.0,0.04055150040551501,1.0
SZ002948,19.957536984907875,0.0,2.3397,11,-2.07,False,0.01,0.818,3522194756.0,6.14,2.71,1.3076,41.53,21626275802.0,1791388800000.0,35736978005.0,2.932,100.0,11.696321353735666,66.49,-0.16,8.444540820081748,282314491.47,-0.13,1547568000000.0,0.99,-56021725.0,45447839.0,1.19,0.818,19905.0,1.29,,44.03,青岛银行,6.224,,5820354724.0,0,6.27,深市主板,19897.0,0.04020706639191838,8.0
SZ001378,3.682504076102111,,2.3489,11,-1.56,False,0.01,2.037,84340911.0,22.04,6.3,23.098,23.55,1858873678.0,,3820274307.0,2.264,100.0,5.675252984837119,-50.39,0.0,13.364863658527582,141089578.43,-0.35,1698595200000.0,0.61,2795075.0,6449372.0,1.26,2.037,2497.0,7.65,,139.84,德冠新材,35.934,,173333680.0,0,22.39,深市主板,2496.0,0.04006410256410256,1.0
SH603099,,0.0,14.0583,11,-0.7,False,0.01,7.772,272355860.0,42.82,5.17,59.6923,-4.76,11662277925.0,1791388800000.0,11662277925.0,0.339,100.0,10.052847809400781,713.71,0.07,14.34525322825766,614741462.0,-0.3,1408636800000.0,0.49,-27865509.0,14357628.0,1.14,7.771,44959.0,5.27,,44.05,长白山,87.906,,272355860.0,0,43.12,沪市主板,44941.0,0.04005251329520927,18.0
SZ001286,5.974989616839688,0.0,1.5659,11,2.9,False,0.01,1.404,1350000000.0,9.94,3.21,3.8888,10.93,13419000000.0,1791388800000.0,37275000000.0,4.125,100.0,11.738164450614955,15.32,0.3,8.619293786135529,296425061.83,0.28,1681056000000.0,0.81,51899366.0,30024379.0,1.84,1.404,30095.0,2.22,,47.92,陕西能源,12.327,,3750000000.0,0,9.66,深市主板,30083.0,0.03988963866635642,12.0
SZ301197,-1.4537053534890099,,7.4535,11,-3.23,False,0.01,2.454,108749250.0,26.39,8.62,59.041,26.9,2869892708.0,,3181050600.0,0.182,100.0,1.5884417445520735,-38.92,0.27,-8.743650354273925,89167615.64,-0.88,1659888000000.0,0.17,-8613512.0,3455634.0,1.3,2.454,2511.0,3.18,,46.98,工大科雅,153.366,,120540000.0,0,27.27,创业板,2510.0,0.0398406374501992,1.0
SZ003013,-13.221304959946846,0.0,3.3443,11,-1.27,False,0.01,2.366,412365518.0,17.13,4.73,,23.23,7063821323.0,1791388800000.0,7861447209.0,1.816,100.0,12.163447627601872,25.07,-0.06,-5.0281499526851565,201072534.06,-0.22,1603296000000.0,0.81,-1504381.0,11664500.0,1.16,2.375,7534.0,2.83,,44.01,地铁设计,21.133,,458928617.0,0,17.35,深市主板,7531.0,0.039835347231443365,3.0
SH603276,6.950927799812678,,3.922,11,2.83,False,0.01,2.108,76280301.0,18.18,4.64,18.006,10.57,1386775872.0,,3775067855.0,0.825,100.0,4.386862391743388,-28.63,0.22,18.682073122063336,88813347.0,0.5,1695571200000.0,0.37,-672185.0,4938890.0,1.75,2.108,2523.0,6.47,,18.69,恒兴新材,48.873,,207649497.0,0,17.68,沪市主板,2522.0,0.03965107057890563,1.0
SZ001318,-11.24166649672551,,8.2907,11,4.68,False,0.01,2.636,282660000.0,13.43,13.33,30.0421,-11.98,3796123800.0,,3796123800.0,1.713,100.0,6.3770175985787265,25.81,0.52,-8.379728560798194,384247822.46,0.6,1652976000000.0,0.32,15747239.0,29044294.0,3.71,2.635,12622.0,10.28,,43.97,阳光乳业,41.704,,282660000.0,0,12.83,深市主板,12617.0,0.0396290718871364,5.0
SH605196,-2.3628132797871015,0.0,1.8962,11,-2.35,False,0.01,4.956,507390540.0,33.2,6.47,,-4.43,16845365928.0,1791388800000.0,16964276409.0,,100.0,9.38057382133418,459.65,0.0,25.660427646090955,374057590.0,-0.8,1620662400000.0,0.61,-16511014.0,11333700.0,0.93,4.956,15338.0,2.23,,43.96,华通线缆,54.488,,510972181.0,0,34.0,沪市主板,15332.0,0.03913383772501957,6.0
SZ300072,175.1567428560969,0.0,2.4939,11,-0.26,False,0.01,1.74,2331363778.0,3.81,2.62,,-17.17,8882495994.0,1791388800000.0,8952434351.0,,100.0,-11.629516912109827,53.9,-0.26,-13.337129425010518,206470785.0,-0.01,1272297600000.0,-0.27,-3179143.0,54547920.0,1.91,1.74,107599.0,2.34,,73.47,海新能科,-13.887,,2349720302.0,0,3.82,创业板,107557.0,0.03904906235763363,42.0
SZ300844,,,5.0931,11,-1.75,False,0.01,2.929,90039880.0,24.16,8.58,,-31.92,2175363501.0,,2251974861.0,,100.0,-8.582148908707369,-50.85,0.25,6.999443025786101,45161149.0,-0.43,1628784000000.0,-0.71,1774026.0,1916826.0,0.97,2.929,5148.0,2.13,,16.79,山水比德,-34.056,,93210880.0,0,24.59,创业板,5146.0,0.0388651379712398,2.0
SH688750,-31.18088691925458,0.0,9.9976,82,0.51,False,0.01,2.565,232918326.0,13.79,3.21,17.3215,-30.83,3211943716.0,1791388800000.0,6377875000.0,0.167,1.0,2.0908419086857584,-62.52,-0.07,-6.245542119282987,25572501.0,0.07,1732032000000.0,0.11,1321060.0,1875679.0,1.15,2.565,2585.0,0.81,,320.39,金天钛业,123.707,,462500000.0,0,13.72,科创板,2584.0,0.03869969040247678,1.0
SH688790,,,5.1459,82,-0.87,False,0.01,3.174,19906338.0,93.68,7.15,,-36.61,1864825744.0,,9324128532.0,,1.0,3.9883682873842896,-60.97,0.18,0.5931281708026148,138168116.0,-0.82,1765814400000.0,0.78,-1964635.0,1503854.0,0.95,3.173,2588.0,7.55,,160.11,昂瑞微-UW,120.679,,99531688.0,0,94.5,科创板,2587.0,0.038654812524159254,1.0
SH600227,,0.0,2.9388,11,1.98,False,0.01,3.009,1277599803.0,4.12,8.91,23.6022,73.11,5263711188.0,1791388800000.0,6957558062.0,,100.0,-7.817790894816909,97.31,0.0,4.378741766069649,902811978.0,0.08,951062400000.0,-0.11,34861103.0,223929734.0,1.8,3.009,33919.0,17.53,,57.64,赤天化,-36.976,,1688727685.0,0,4.04,沪市主板,33906.0,0.03834129652568867,13.0
SH688469,,0.0,7.7782,82,2.63,False,0.01,5.387,5890567475.0,8.58,5.62,29.6926,28.25,50541068936.0,1791388800000.0,71923455936.0,,1.0,-1.1345176845661364,36.19,-0.23,26.102017422298985,1175127878.0,0.22,1683648000000.0,-0.02,42344404.8,140523158.0,0.97,5.387,18381.0,2.39,,10.72,芯联集成-U,-491.888,,8382687172.0,0,8.36,科创板,18374.0,0.03809731141830848,7.0
SZ301207,-28.033565237261737,0.0,10.0667,11,1.9,False,0.01,2.27,600637988.0,19.88,5.28,28.6289,11.74,11940683201.0,1791388800000.0,11948426700.0,4.482,100.0,3.5511215352857506,-54.72,0.0,-28.255967733500864,187190898.3,0.37,1645113600000.0,0.33,7111737.0,9619412.0,0.84,2.27,13138.0,1.6,,23.59,华兰疫苗,60.174,,601027500.0,0,19.51,创业板,13133.0,0.03807203228508338,5.0
SZ300910,10.810119411293062,0.0,2.7757,11,0.11,False,0.01,2.77,268276110.0,27.45,2.63,23.4993,-35.08,7364179220.0,1791388800000.0,10514510504.0,4.142,100.0,21.529281169656286,-7.5,0.07,13.332898934327918,101790756.78,0.03,1606406400000.0,2.04,1147861.0,3716470.0,1.04,2.77,18421.0,1.39,,240.38,瑞丰新材,13.462,,383042277.0,0,27.42,创业板,18414.0,0.0380145541435864,7.0
SH605318,,0.0,17.6384,11,-3.39,False,0.01,13.925,125729028.0,69.47,8.09,160.4932,6.6,8734395575.0,1791388800000.0,8734395575.0,,100.0,-1.9266350281467983,386.05,-0.17,-14.723906284064848,79814534.0,-2.44,1596384000000.0,-0.1,-6763510.0,1150603.0,1.16,13.925,5271.0,0.92,,44.0,法狮龙,-715.364,,125729028.0,0,71.91,沪市主板,5269.0,0.03795786676788764,2.0
