symbol,net_profit_cagr,north_net_inflow,ps,type,percent,has_follow,tick_size,pb_ttm,float_shares,current,amplitude,pcf,current_year_percent,float_market_capital,north_net_inflow_time,market_capital,dividend_yield,lot_size,roe_ttm,total_percent,percent5m,income_cagr,amount,chg,issue_date_ts,eps,main_net_inflows,volume,volume_ratio,pb,followers,turnover_rate,mapping_quote_current,first_percent,name,pe_ttm,dual_counter_mapping_symbol,total_shares,limitup_days,last_close,board
SH600519,2.5988600266221296,0.0,9.0617,11,-0.22,False,0.01,6.248,1250081601.0,1255.79,1.27,13.1815,-6.66,1569839973720.0,1790697600000.0,1569839973720.0,4.143,100.0,33.24513716328286,32112.13,0.03,4.999727877950733,3145413157.0,-2.83,998841600000.0,65.14,-87584978.39999998,2516757.0,0.81,6.248,3726081.0,0.2,,13.25,贵州茅台,19.277,,1250081601.0,0,1258.62,沪市主板
SH601318,28.879075486064366,0.0,0.8473,11,-1.16,False,0.01,0.928,10660065083.0,52.67,1.48,1.3853,-19.0,561465627922.0,1790697600000.0,953729503877.0,5.183,100.0,16.157514365863506,246.95,0.06,9.756324257142857,3151177341.0,-0.62,1172678400000.0,8.8,-108848264.0,59624310.0,1.13,0.928,3170474.0,0.56,,38.43,中国平安,5.986,,18107641995.0,0,53.29,沪市主板
SH600036,1.48210873601895,0.0,3.0425,11,1.09,False,0.01,0.919,20628944429.0,41.71,2.01,1.6923,4.43,860433272134.0,1790697600000.0,1051919760018.0,4.833,100.0,11.517136082688689,2544.39,0.0,1.4261156130574326,2673146171.0,0.45,1018281600000.0,6.01,60599074.0,64242388.0,1.23,0.919,2930722.0,0.31,,46.03,招商银行,6.934,,25219845601.0,0,41.26,沪市主板
SH600887,-3.92095103717931,0.0,1.4584,11,0.07,False,0.01,3.217,6293929721.0,27.32,1.14,8.1749,-1.13,171950159978.0,1790697600000.0,172808853422.0,5.051,100.0,18.920055409460666,28447.54,-0.07,-1.4642776209555342,1065641504.0,0.02,826560000000.0,1.6,7391232.0,39032020.0,1.02,3.217,2248743.0,0.62,,41.01,伊利股份,17.07,,6325360667.0,0,27.3,沪市主板
SH601166,-1.4278629924519892,0.0,1.8169,11,1.05,False,0.01,0.462,21162859513.0,18.24,1.66,0.5329,-8.35,386010557517.0,1790697600000.0,386010557517.0,2.747,100.0,8.244465968183107,340.64,-0.05,0.21594629560695022,1501087104.0,0.19,1170604800000.0,3.57,199768288.0,82597375.0,1.45,0.46,2093598.0,0.39,,38.8,兴业银行,5.116,,21162859513.0,0,18.05,沪市主板
SH600276,21.60863001246831,0.0,9.9609,11,-0.4,False,0.01,4.84,6379002274.0,47.01,2.84,34.9717,-20.76,299876896901.0,1790697600000.0,312014766077.0,0.425,100.0,12.570257176595561,11354.68,0.04,10.77080539837658,3629285000.0,-0.19,971798400000.0,1.16,-105902446.0,77344096.0,1.23,4.84,2074998.0,1.21,,131.22,恒瑞医药,40.383,,6637199874.0,0,47.2,沪市主板
SH601919,-0.335473417667842,0.0,1.1363,11,1.41,False,0.01,1.081,12506738687.0,16.6,1.83,5.8615,12.95,207611862204.0,1790697600000.0,252624189804.0,5.265,100.0,11.48542632393666,164.37,0.06,8.673724768166258,1261434869.0,0.23,1182787200000.0,1.76,3545008.0,75750723.0,1.3,1.084,2067955.0,0.61,,93.16,中远海控,9.444,,15218324687.0,0,16.37,沪市主板
SH601012,,0.0,1.299,11,-1.25,False,0.01,1.725,7578061602.0,11.07,2.77,,-39.18,83889141934.0,1790697600000.0,83889225468.0,,100.0,-14.096369561858893,1019.43,0.27,-23.49752900974158,727012619.0,-0.14,1334073600000.0,-0.99,-24090350.0,65359649.0,0.92,1.742,1959349.0,0.86,,-5.95,隆基绿能,-11.134,,7578069148.0,0,11.21,沪市主板
SH603288,10.248769207867902,0.0,6.6428,11,2.08,False,0.01,5.062,5559820644.0,33.86,3.74,26.4974,-5.69,188255527006.0,1790697600000.0,197876940814.0,2.366,100.0,18.6946655910254,394.67,0.0,7.614517443356594,490472748.0,0.69,1392048000000.0,1.25,58737711.0,14586906.0,1.31,5.068,1934977.0,0.26,,29.58,海天味业,27.043,,5843973444.0,0,33.17,沪市主板
SH600900,12.69479289913058,0.0,8.0839,11,1.26,False,0.01,3.272,24468217716.0,28.9,1.65,11.6496,10.22,707131491992.0,1790697600000.0,707131491992.0,3.46,100.0,17.130960968427615,1708.96,0.0,4.4850210463007745,3270960934.0,0.36,1069084800000.0,1.48,352207503.0,113466852.0,1.38,3.272,1776567.0,0.46,,43.72,长江电力,19.533,,24468217716.0,0,28.54,沪市主板
SH600585,-23.634318156975485,0.0,1.1755,11,-0.74,False,0.01,0.48,3977460044.0,17.38,1.83,7.1527,-16.97,69128255565.0,1790697600000.0,91715303565.0,4.275,100.0,3.273787284266406,1690.64,0.0,-19.53157710097644,410796460.0,-0.13,1013011200000.0,1.18,33706652.85,23614563.0,0.98,0.479,1718562.0,0.59,,57.8,海螺水泥,14.732,,5277060044.0,0,17.51,沪市主板
SH603259,37.154855482039785,0.0,9.1805,11,-3.19,False,0.01,5.9,2473280246.0,162.0,4.97,25.2502,82.16,400671399852.0,1790697600000.0,491654458692.0,1.269,100.0,30.25558877286289,1521.28,-0.2,16.114541202611665,7434240038.0,-5.34,1525708800000.0,7.14,-116668034.48000002,44716952.0,1.3,5.8,1601486.0,1.81,,43.98,药明康德,22.688,,3034904066.0,0,167.34,沪市主板
SH601088,-2.682456473829109,0.0,3.3353,11,-0.65,False,0.01,2.284,16948703858.0,47.49,4.33,13.1755,20.2,804893946216.0,1790697600000.0,1030031235097.0,4.232,100.0,12.664817890894076,92.24,0.06,-2.4664736041260293,3000106073.0,-0.31,1191859200000.0,2.49,-37273471.5,63234112.0,3.03,2.284,1600057.0,0.37,,87.35,中国神华,19.081,,21689434304.0,0,47.8,沪市主板
SH600436,-16.376615240129667,0.0,8.7004,11,0.16,False,0.01,4.88,603317210.0,118.19,1.32,53.7742,-29.17,71306061050.0,1790697600000.0,71306061050.0,2.234,100.0,12.377223335359751,5027.99,0.12,-8.707892149478457,193730381.0,0.19,1055692800000.0,3.0,-10940067.0,1642105.0,0.94,4.88,1588884.0,0.27,,86.9,片仔癀,39.411,,603317210.0,0,118.0,沪市主板
SH600309,6.980878732724527,0.0,0.9431,11,1.29,False,0.01,1.923,3130471626.0,69.79,2.87,6.3582,-6.51,218475614779.0,1790697600000.0,218475614779.0,2.952,100.0,15.436955193658125,10665.08,0.0,15.008708391621205,1665564576.0,0.89,978624000000.0,5.26,60287572.0,23782795.0,0.89,1.923,1569647.0,0.76,,174.82,万华化学,13.267,,3130471626.0,0,68.9,沪市主板
SH601888,-13.90059844966245,0.0,1.9798,11,-1.46,False,0.01,1.833,1952475544.0,50.69,1.44,17.7579,-45.92,98970985325.0,1790697600000.0,105323511884.0,1.379,100.0,7.266399771540864,635.9,0.06,-7.909287949565091,608704732.0,-0.75,1255536000000.0,1.97,-43822241.0,11962987.0,0.99,1.833,1568272.0,0.61,,44.99,中国中免,25.734,,2077796644.0,0,51.44,沪市主板
SH600009,38.19466461583987,0.0,4.1541,11,-0.22,False,0.01,1.3,2480218840.0,22.53,1.37,9.8259,-29.61,55879330465.0,1790697600000.0,56061692791.0,2.352,100.0,5.378797680965529,624.46,-0.13,7.333742914972907,116799320.0,-0.05,887731200000.0,0.92,-5031107.640000001,5164233.0,0.95,1.3,1545061.0,0.21,,0.0,上海机场,24.496,,2488313040.0,0,22.58,沪市主板
SH601633,-18.246017783408398,0.0,0.4946,11,-2.33,False,0.01,1.321,6213232899.0,13.41,2.33,2.7668,-39.35,83319453176.0,1790697600000.0,115033712274.0,2.603,100.0,6.974784704667369,325.74,-0.07,12.464939425644882,257519320.0,-0.32,1317139200000.0,0.7,-21871385.0,19053958.0,1.52,1.318,1399064.0,0.31,,-8.85,长城汽车,19.195,,8578203749.0,0,13.73,沪市主板
SH600763,10.000916568154272,0.0,5.0038,11,-1.67,False,0.01,3.599,444455953.0,33.5,2.85,17.7644,-16.69,14889274426.0,1790697600000.0,14889274426.0,,100.0,14.840499697671547,1115.75,0.09,2.133333701285145,193262284.0,-0.57,846604800000.0,1.38,-31292448.0,5719357.0,1.08,3.622,1394809.0,1.29,,189.22,通策医疗,24.213,,444455953.0,0,34.07,沪市主板
SH600702,-65.44387088640863,0.0,2.6841,11,-1.04,False,0.01,1.543,331950865.0,32.37,2.26,,-41.84,10745249500.0,1790697600000.0,10749781300.0,0.948,100.0,-1.0720087713864008,1256.49,-0.09,-19.180612097501594,119259177.0,-0.34,832867200000.0,-0.23,2905445.0,3682546.0,0.74,1.543,1334885.0,1.11,,31.59,舍得酒业,-143.045,,332090865.0,0,32.71,沪市主板
SH601155,-4.347459465872216,0.0,0.5955,11,-0.39,False,0.01,0.463,2255622856.0,12.82,6.84,14.7282,-8.1,28917085014.0,1790697600000.0,28917085014.0,,100.0,1.0203627265675708,-11.11,-0.23,-29.18429884680185,528686954.0,-0.05,1449158400000.0,0.28,4736646.0,40836135.0,1.19,0.463,1256547.0,1.81,,198.88,新城控股,45.609,,2255622856.0,0,12.87,沪市主板
SH600030,37.27057113064889,0.0,4.3411,11,-1.78,False,0.01,1.343,12176550974.0,25.4,2.44,2.6567,-9.15,309284394740.0,1790697600000.0,396856514185.0,3.213,100.0,12.081525695365997,2998.32,0.04,23.18519111588091,2180231362.0,-0.46,1041782400000.0,2.54,-216945006.8,85226344.0,1.31,1.274,811877.0,0.7,,11.33,中信证券,10.008,,15624272212.0,0,25.86,沪市主板
SH601899,60.350003706537514,0.0,2.0796,11,-1.41,False,0.01,3.867,20601793140.0,29.37,2.15,7.6512,-12.46,605074664522.0,1790697600000.0,780971744338.0,2.724,100.0,38.88901329972071,557.94,0.17,11.266971094428847,3385707791.0,-0.42,1209052800000.0,2.54,-173962090.0,114872398.0,0.83,3.867,747555.0,0.56,,95.23,紫金矿业,11.543,,26590798241.0,0,29.79,沪市主板
SH600016,-7.9632231145521315,0.0,1.0641,11,0.85,False,0.01,0.267,35462123213.0,3.54,2.28,0.6307,-2.95,125535916174.0,1790697600000.0,154989761497.0,4.831,100.0,4.122456478802077,584.19,0.0,1.753620970473202,874714533.0,0.03,977155200000.0,0.66,52871103.5,246793756.0,1.27,0.267,725851.0,0.7,,57.29,民生银行,5.397,,43782418502.0,0,3.51,沪市主板
SH600196,12.627297949047778,0.0,1.4898,11,-1.08,False,0.01,1.302,2118488825.0,23.76,2.29,11.5296,-8.75,50335294482.0,1790697600000.0,63449400762.0,1.641,100.0,7.0531638871184965,1333.05,-0.21,1.7737561423830206,710012721.0,-0.26,902419200000.0,1.27,-60671768.0,29655609.0,1.19,1.302,700425.0,1.4,,0.0,复星医药,18.716,,2670429325.0,0,24.02,沪市主板
SH600031,26.550485230426425,0.0,1.591,11,-2.63,False,0.01,1.701,8474390037.0,17.03,2.97,7.9858,-18.63,144318862330.0,1790697600000.0,156590925562.0,1.057,100.0,10.731653943293127,3908.95,0.06,13.1329533986438,1114103996.0,-0.46,1057161600000.0,0.97,-96711663.96000001,64929336.0,1.06,1.701,689203.0,0.77,,36.89,三一重工,17.626,,9195004437.0,0,17.49,沪市主板
SH600660,10.982380313659746,0.0,2.9106,11,-3.6,False,0.01,3.531,2002986332.0,51.65,4.55,11.98,-17.07,103454244048.0,1790697600000.0,134793253428.0,4.066,100.0,22.967492771222904,11367.58,-0.1,12.253196821988666,666128806.0,-1.93,739641600000.0,3.25,-137549205.5,12809526.0,1.59,3.531,678954.0,0.64,,2570.0,福耀玻璃,15.899,,2609743532.0,0,53.58,沪市主板
SH600000,12.357434344679508,0.0,1.8234,11,2.32,False,0.01,0.429,33305838300.0,9.7,3.16,0.4257,-18.34,323066631510.0,1790697600000.0,323066631510.0,4.33,100.0,6.299043173977087,471.87,0.1,1.2736868023668801,1106982193.0,0.22,942163200000.0,1.54,199989532.0,115026850.0,1.28,0.429,629057.0,0.35,,177.5,浦发银行,6.306,,33305838300.0,0,9.48,沪市主板
SH601398,1.5154842323074513,0.0,3.377,11,0.36,False,0.01,0.748,269612212539.0,8.31,1.81,1.1975,7.21,2240477486199.0,1790697600000.0,2961735996410.0,3.851,100.0,8.864129748488631,528.12,0.12,2.7427330007905093,2625583216.0,0.03,1161878400000.0,1.05,-149640589.7,315839979.0,1.16,0.747,593898.0,0.12,,5.13,工商银行,7.916,,356406257089.0,0,8.28,沪市主板
SH601988,3.272880225987662,0.0,3.1977,11,1.19,False,0.01,0.798,210765514846.0,6.81,2.67,1.6955,21.28,1435313156101.0,1790697600000.0,2194266524453.0,3.465,100.0,8.180485509370927,351.08,-0.15,4.662244432512641,1769228455.0,0.08,1152028800000.0,0.77,-21362182.0,259926729.0,1.05,0.797,566870.0,0.12,,23.05,中国银行,8.811,,322212411814.0,0,6.73,沪市主板
SH601288,4.272302513959114,0.0,3.2064,11,0.72,False,0.01,0.86,319244210777.0,7.02,1.72,1.7616,-6.81,2241094359655.0,1790697600000.0,2456880897788.0,3.704,100.0,9.207440944480348,483.83,0.14,5.052701699763729,2102919056.0,0.05,1279123200000.0,0.85,68249061.60000002,299711764.0,1.01,0.859,561378.0,0.09,,0.75,农业银行,8.247,,349983033873.0,0,6.97,沪市主板
SH600570,-4.723131512625045,0.0,6.4828,11,-2.94,False,0.01,3.671,1893647942.0,18.83,3.35,36.1805,-36.98,35657390748.0,1790697600000.0,35657390748.0,1.328,100.0,13.34913636898164,4189.29,0.05,-11.137230599403003,347123826.0,-0.57,1071504000000.0,0.65,-21369267.0,18238877.0,1.54,3.671,496017.0,0.96,,28.46,恒生电子,28.958,,1893647942.0,0,19.4,沪市主板
SH600089,-23.59793135552052,0.0,0.852,11,2.71,False,0.01,1.269,5052792571.0,17.79,3.41,8.2365,-18.61,89889179838.0,1790697600000.0,89889179838.0,2.012,100.0,7.224867076464656,8907.59,0.0,5.026903339705835,1146225426.0,0.47,866563200000.0,1.05,83646780.75,64575820.0,1.51,1.269,493751.0,1.28,,0.0,特变电工,16.888,,5052792571.0,0,17.32,沪市主板
SH600048,-62.982198455636286,0.0,0.2348,11,0.0,False,0.01,0.355,11970443418.0,5.77,3.47,2.9114,-4.71,69069458522.0,1790697600000.0,69069458522.0,0.607,100.0,-0.1616053573885497,672.94,0.17,-7.873625680785457,1471249807.0,0.0,1154275200000.0,-0.03,76515709.0,254944007.0,0.78,0.355,488856.0,2.13,,44.87,保利发展,-217.596,,11970443418.0,0,5.77,沪市主板
SH601668,-18.330497759211827,0.0,0.093,11,1.15,False,0.01,0.367,41320390444.0,4.39,1.61,2.4214,-9.2,181396514049.0,1790697600000.0,181396514049.0,6.196,100.0,6.417067375863391,66.19,0.23,-6.816790338759349,1192061574.0,0.05,1248796800000.0,0.77,178999721.0,272371241.0,1.3,0.366,485655.0,0.66,,56.22,中国建筑,5.728,,41320390444.0,0,4.34,沪市主板
SH600111,27.92559179054401,0.0,2.5198,11,-2.27,False,0.01,4.75,3615065842.0,34.5,2.97,89.2273,-24.99,124719771549.0,1790697600000.0,124719771549.0,0.377,100.0,13.623366455957713,9372.82,0.23,20.221490609266745,1159676959.0,-0.8,875030400000.0,0.93,-16043479.0,33414674.0,1.31,4.75,472909.0,0.92,,0.0,北方稀土,36.975,,3615065842.0,0,35.3,沪市主板
SH601939,2.149031213404151,0.0,3.6311,11,0.81,False,0.01,0.815,9593657606.0,11.15,1.27,2.4402,22.63,106969282307.0,1790697600000.0,2916844253268.0,3.623,100.0,9.395672057156187,231.86,0.09,3.0613027891459366,1062363007.0,0.09,1190649600000.0,1.32,100273348.0,95478161.0,0.98,0.814,460539.0,1.0,,32.25,建设银行,8.421,,261600381459.0,0,11.06,沪市主板
SH601328,2.3715456329640006,0.0,2.5247,11,1.03,False,0.01,0.593,26072439569.0,7.83,2.19,3.9785,10.79,204147201825.0,1790697600000.0,691888430466.0,4.291,100.0,7.536780268604107,53.91,-0.25,3.173877973609862,1582843594.0,0.08,1179158400000.0,1.1,-17366165.0,202338571.0,1.19,0.592,438935.0,0.78,,71.39,交通银行,7.098,,88363784223.0,0,7.75,沪市主板
SH600150,91.2295838656645,0.0,1.7534,11,1.82,False,0.01,1.966,7525621288.0,39.81,5.04,13.9436,21.06,299594983475.0,1790697600000.0,299594983475.0,2.085,100.0,13.674648976506656,1830.65,-0.05,36.77755627331707,4991779776.0,0.71,895593600000.0,1.86,287020098.52,123791361.0,1.45,1.966,430268.0,1.64,,0.0,中国船舶,21.362,,7525621288.0,0,39.1,沪市主板
SH600886,0.9040424259864066,0.0,2.445,11,2.62,False,0.01,1.887,7454179797.0,15.64,3.61,4.4046,23.42,116583372025.0,1790697600000.0,125190290258.0,3.248,100.0,10.102496663296568,6786.83,-0.26,-4.575466935372274,673295701.0,0.4,821894400000.0,0.89,26454099.0,43193733.0,1.33,1.887,422488.0,0.58,,1210.0,国投电力,17.548,,8004494262.0,0,15.24,沪市主板
SH601766,7.467538075753044,0.0,0.6264,11,0.48,False,0.01,1.012,24327798048.0,6.22,1.45,10.4734,-6.95,151318903859.0,1790697600000.0,178506934627.0,3.698,100.0,8.040032704917174,140.99,0.0,8.624631135621952,636643935.0,0.03,1218988800000.0,0.49,32817754.0,102535482.0,0.85,1.011,405890.0,0.42,,58.26,中国中车,12.818,,28698864088.0,0,6.19,沪市主板
SH688981,26.60570174271719,0.0,12.4555,82,-4.38,False,0.01,5.348,2000593909.0,107.08,6.53,26.2388,-12.82,214223595776.0,1790697600000.0,916855965884.0,,1.0,4.472819005352104,12.72,0.15,21.1226557064633,5234115684.0,-4.91,1594828800000.0,0.84,92497872.0,48153938.0,1.92,5.346,399412.0,2.41,,201.97,中芯国际,127.212,,8562345591.0,0,111.99,科创板
SH603019,16.478393453456697,0.0,6.7757,11,-3.45,False,0.01,4.873,1463054344.0,76.78,4.95,44.7886,-9.88,112333312532.0,1790697600000.0,112338029896.0,0.586,100.0,11.028935298204988,4031.07,0.1,9.987416610420263,1719399957.0,-2.74,1415203200000.0,1.65,-77525188.0,22088407.0,1.45,4.873,394562.0,1.51,,44.05,中科曙光,46.439,,1463115784.0,0,79.52,沪市主板
SH600584,24.06098108797341,0.0,2.815,11,-2.61,False,0.01,3.87,1789414570.0,62.6,5.91,21.2243,70.51,112017352082.0,1790697600000.0,112017352082.0,0.24,100.0,6.825019909613486,2145.18,0.14,11.211575320501343,3122737633.0,-1.68,1054569600000.0,1.08,-18771987.0,48810875.0,0.93,3.87,393783.0,2.73,,91.1,长电科技,57.768,,1789414570.0,0,64.28,沪市主板
SH600690,0.3334854766347206,0.0,0.6379,11,0.05,False,0.01,1.588,6178486925.0,20.43,1.76,7.7211,-18.42,126226487878.0,1790697600000.0,190062091191.0,4.4,100.0,15.207278127576519,7571.8,-0.2,2.337557392377354,525815674.0,0.01,753638400000.0,1.92,-19828098.0,25728423.0,0.98,1.601,391522.0,0.42,,73.31,海尔智家,10.656,,9303088164.0,0,20.42,沪市主板
SH601857,5.946426623457746,0.0,0.721,11,3.39,False,0.01,1.295,161922077818.0,11.59,4.28,4.859,17.24,1876676881911.0,1790697600000.0,2121213132911.0,4.4,100.0,11.024426683163806,-54.9,0.09,0.051933872165910167,1781854581.0,0.38,1194192000000.0,0.96,136089901.0,154596179.0,1.23,1.295,391294.0,0.1,,163.23,中国石油,12.048,,183020977818.0,0,11.21,沪市主板
SH603986,395.77361084208167,0.0,14.1651,11,-5.51,False,0.01,6.314,670718327.0,334.4,6.44,32.6094,56.31,224288208549.0,1790697600000.0,235408045189.0,0.223,100.0,29.086035784957637,6678.01,0.02,64.50792987511737,10070374399.0,-19.5,1471449600000.0,11.26,10424701.0,29431568.0,1.2,6.294,383636.0,4.39,,43.98,兆易创新,29.688,,703971427.0,0,353.9,沪市主板
SH601688,25.779674605380265,0.0,3.6735,11,-1.12,False,0.01,0.888,7306758106.0,17.6,1.97,2.7102,-23.76,128598942666.0,1790697600000.0,158872802634.0,3.295,100.0,9.861469106808332,19.08,0.0,12.60999785001442,812994993.0,-0.2,1267113600000.0,2.27,-17445309.0,45838327.0,1.18,0.888,377682.0,0.63,,5.3,华泰证券,7.74,,9026863786.0,0,17.8,沪市主板
SH600566,-11.982807090536696,0.0,4.1364,11,1.52,False,0.01,1.739,920149219.0,26.02,4.29,22.2,5.9,23942282678.0,1790697600000.0,23984091614.0,6.672,100.0,13.46583164746682,282.63,0.08,-18.286853121645297,249157530.0,0.39,998409600000.0,1.99,16369035.0,9682110.0,2.43,1.739,375002.0,1.05,,169.23,济川药业,13.051,,921756019.0,0,25.63,沪市主板
SH601127,12.38799782382969,0.0,0.5218,11,2.19,False,0.01,2.23,1557203392.0,47.97,7.84,39.7713,-59.95,74699046714.0,1790697600000.0,83563024575.0,1.668,100.0,4.0445697433118575,630.74,0.06,61.88907978476483,2619032031.0,1.03,1465920000000.0,0.75,-111762403.14999998,53015688.0,2.47,2.23,353910.0,3.4,,44.06,赛力斯,64.327,,1741985086.0,0,46.94,沪市主板
SH600438,,0.0,0.6605,11,-0.69,False,0.01,1.596,4501990940.0,11.44,3.99,14.9759,-44.25,51502776354.0,1790697600000.0,51502776354.0,,100.0,-25.01268477869828,1026.1,0.18,-19.951019195324992,481590929.0,-0.08,1078156800000.0,-2.16,-34959082.0,41806146.0,1.27,1.596,352915.0,0.93,,62.8,通威股份,-5.3,,4501990940.0,0,11.52,沪市主板
SH600028,-14.384107514615973,0.0,0.2353,11,3.79,False,0.01,0.784,94648218325.0,5.48,4.17,4.0341,-7.44,518672236421.0,1790697600000.0,661515345863.0,3.96,100.0,4.302674795789595,466.17,-0.18,-4.045457233826122,1849847663.0,0.2,997200000000.0,0.3,406889695.0,339797752.0,1.68,0.785,351649.0,0.36,,3.32,中国石化,18.399,,120714479172.0,0,5.28,沪市主板
SH600703,-18.843216187494892,0.0,3.8413,11,3.48,False,0.01,1.709,4989018727.0,11.88,7.06,35.7389,-15.92,59269542477.0,1790697600000.0,59269542477.0,,100.0,-1.7896366618079407,2158.98,0.17,-2.7707682500152653,1673246181.0,0.4,833212800000.0,-0.13,-84860855.89999998,137170861.0,1.82,1.709,349408.0,2.75,,20.98,三安光电,-94.437,,4989018727.0,0,11.48,沪市主板
SH600050,-10.040187297239346,0.0,0.3394,11,0.95,False,0.01,0.779,30990409152.0,4.27,1.89,1.3995,-15.37,132329047079.0,1790697600000.0,133499096146.0,1.218,100.0,4.057173973620059,161.72,0.23,1.9221777234036619,796966263.0,0.04,1034092800000.0,0.22,68822929.0,186488589.0,1.72,0.779,347232.0,0.6,,24.78,中国联通,19.301,,31264425327.0,0,4.23,沪市主板
SH601933,,0.0,0.5579,11,-1.0,False,0.01,12.185,8925037165.0,2.96,1.67,,-36.89,26418110008.0,1790697600000.0,26418110008.0,,100.0,-64.95939284869084,-15.26,0.0,-18.542068959086734,175012057.0,-0.03,1292342400000.0,-0.23,-20693700.0,58832560.0,0.91,12.186,340653.0,0.66,,34.65,永辉超市,-12.833,,8925037165.0,0,2.99,沪市主板
SH600104,-15.033212559903042,0.0,0.1917,11,0.46,False,0.01,0.421,11495277504.0,10.93,2.67,1.8594,-26.38,125643383119.0,1790697600000.0,125643383119.0,2.415,100.0,3.111043511789637,818.8,0.0,-4.22747196202825,580063434.0,0.05,880387200000.0,0.8,-13238951.299999997,52687343.0,1.45,0.421,334308.0,0.46,,0.0,上汽集团,13.597,,11495277504.0,0,10.88,沪市主板
SH601818,-10.234985023220188,0.0,1.474,11,1.32,False,0.01,0.359,46406815561.0,3.08,2.3,15.8164,-6.86,142932991928.0,1790697600000.0,181983497268.0,4.903,100.0,5.453810376737921,95.31,-0.32,-6.03983069066949,931096043.0,0.04,1282060800000.0,0.56,246431576.0,302513045.0,2.36,0.359,332868.0,0.65,,18.06,光大银行,5.529,,59085551061.0,0,3.04,沪市主板
SH601600,47.074707669386754,0.0,0.6186,11,1.01,False,0.01,1.831,13203339905.0,9.02,3.36,3.3572,-25.01,119094125943.0,1790697600000.0,154735923898.0,4.69,100.0,22.240480326876327,-50.12,0.11,4.857836001898219,1326149362.0,0.09,1177862400000.0,1.02,67183298.0,146569133.0,1.08,1.831,332254.0,1.11,,180.45,中国铝业,8.855,,17154758747.0,0,8.93,沪市主板
SH600893,-10.74732959642276,0.0,1.9162,11,-1.98,False,0.01,2.528,2665124758.0,38.09,3.99,,-4.68,101514602032.0,1790697600000.0,101532484525.0,0.189,100.0,1.7236700654781678,1417.95,0.03,15.966866948721448,639870622.0,-0.77,828892800000.0,0.26,-6981481.0,16553963.0,0.79,2.528,330159.0,0.62,,22.49,航发动力,147.411,,2665594238.0,0,38.86,沪市主板
SH603993,66.21806020708239,0.0,1.4374,11,-1.6,False,0.01,3.963,17460842176.0,16.61,2.37,14.1195,-15.34,290024588543.0,1790697600000.0,355359492023.0,2.294,100.0,33.975139098218314,619.76,-0.06,16.57755884513341,1315302596.0,-0.27,1349712000000.0,1.3,-137428713.8,78612107.0,0.7,3.963,325990.0,0.45,,221.0,洛阳钼业,12.774,,21394310176.0,0,16.88,沪市主板
SH601006,-20.031609195701705,0.0,1.2024,11,2.11,False,0.01,0.584,19862892778.0,4.84,2.11,7.536,-3.35,96136401046.0,1790697600000.0,96136401046.0,4.587,100.0,3.676269490223926,106.35,0.0,0.5883091399084384,1029548241.0,0.1,1154361600000.0,0.3,188082468.3,213863793.0,2.49,0.584,325592.0,1.08,,11.52,大秦铁路,15.916,,19862892778.0,0,4.74,沪市主板
SH600010,10.20934106084832,0.0,1.506,11,0.48,False,0.01,1.813,31318211887.0,2.1,2.39,19.5127,-11.76,65768244963.0,1790697600000.0,94974669191.0,,100.0,0.9606485082877574,161.49,0.0,-5.590438695170697,699028144.0,0.01,984067200000.0,0.01,27694221.0,330843929.0,1.28,1.813,320083.0,1.06,,23.55,包钢股份,189.318,,45226032948.0,0,2.09,沪市主板
SH600795,1.4424744096321218,0.0,0.5664,11,2.06,False,0.01,1.613,17835619082.0,5.45,3.0,2.0163,11.44,97204123997.0,1790697600000.0,97204123997.0,4.422,100.0,10.975051475158764,7619.55,0.0,-1.4465656215493228,704996078.0,0.11,858614400000.0,0.36,84336544.4,130380565.0,1.09,1.613,318379.0,0.73,,0.0,国电电力,14.98,,17835619082.0,0,5.34,沪市主板
SH601390,-20.609650778390453,0.0,0.0996,11,0.23,False,0.01,0.325,20323920329.0,4.28,1.17,4.8293,-18.21,86986379008.0,1790697600000.0,104994008208.0,3.505,100.0,5.293500177678605,-15.87,0.0,-7.2092573704492295,346971994.0,0.01,1196611200000.0,0.8,30685844.0,80998772.0,1.17,0.325,317321.0,0.4,,68.54,XD中国中,5.324,,24531310329.0,0,4.27,沪市主板
SH601607,6.090242020553505,0.0,0.211,11,1.54,False,0.01,0.78,2789207505.0,16.47,1.85,6.3526,-4.62,45938247607.0,1790697600000.0,61076718994.0,2.732,100.0,6.2174503800139975,716.88,-0.18,4.301429272042667,286188078.0,0.25,764438400000.0,1.29,46192532.0,17380416.0,2.06,0.78,316098.0,0.62,,310.89,上海医药,12.804,,3708361809.0,0,16.22,沪市主板
SH600118,,0.0,10.0153,11,2.62,False,0.01,10.426,1182489135.0,56.47,6.34,495.9052,-40.51,66775161453.0,1790697600000.0,66775161453.0,0.021,100.0,1.5835202347480024,7826.73,0.25,8.174503282849166,1778910698.0,1.44,873648000000.0,0.09,214728892.0,31173474.0,1.78,10.426,313035.0,2.64,,0.0,中国卫星,663.677,,1182489135.0,0,55.03,沪市主板
SH601669,-18.347564432563324,0.0,0.1227,11,0.22,False,0.01,0.534,13071525850.0,4.58,1.09,2.1989,-9.9,59867588393.0,1790697600000.0,78895809750.0,2.314,100.0,5.029569401161536,31.41,-0.22,1.5861379740877313,319594988.0,0.01,1318867200000.0,0.49,20374287.0,69771007.0,1.37,0.534,310475.0,0.53,,17.11,中国电建,9.388,,17226159334.0,0,4.57,沪市主板
SH600332,-15.065950198957722,0.0,0.4109,11,-0.15,False,0.01,0.818,1405890949.0,19.69,1.12,11.0587,-20.71,27681992786.0,1790697600000.0,32011823786.0,3.809,100.0,6.66618889697306,171.4,0.0,1.1419368018686038,112014488.0,-0.03,981388800000.0,1.58,-3940953.0,5677031.0,1.27,0.818,309831.0,0.4,,50.0,白云山,12.491,,1625790949.0,0,19.72,沪市主板
SH600588,12.188014655459401,0.0,3.3006,11,-2.28,False,0.01,4.581,3416997409.0,9.01,3.36,41.6395,-32.05,30787146655.0,1790697600000.0,30787146655.0,,100.0,-19.247475095913362,564.45,0.11,-0.82314119010366,287426867.0,-0.21,990115200000.0,-0.4,-23959388.0,31692496.0,0.95,4.581,298099.0,0.93,,150.82,用友网络,-22.42,,3416997409.0,0,9.22,沪市主板
SH600362,31.355001013787565,0.0,0.2439,11,0.22,False,0.01,1.655,2075247405.0,41.89,2.56,,-22.63,86932113795.0,1790697600000.0,145053734775.0,1.432,100.0,13.837092754309419,1625.5,0.14,7.6472780707592225,1104213092.0,0.09,1010678400000.0,3.35,-35036582.3,26203862.0,0.86,1.655,297405.0,1.26,,103.08,江西铜业,12.518,,3462729405.0,0,41.8,沪市主板
SH600298,10.174062575198217,0.0,1.8289,11,1.33,False,0.01,2.647,860652101.0,37.97,2.16,13.6411,-11.81,32678960275.0,1790697600000.0,32950961028.0,1.449,100.0,13.725260257303837,1069.14,0.21,12.717907985285958,216118727.0,0.5,966528000000.0,1.87,3028231.0,5720600.0,0.8,2.647,297121.0,0.66,,159.93,安琪酵母,20.265,,867815671.0,0,37.47,沪市主板
SH600460,,0.0,3.5287,11,-3.61,False,0.01,3.994,1664071845.0,29.64,7.51,33.8394,4.58,49323089486.0,1790697600000.0,49323089486.0,0.27,100.0,5.270989610651975,2121.22,0.3,17.00293511406541,1688011649.0,-1.11,1047312000000.0,0.39,24914416.5,55538764.0,1.06,3.994,295537.0,3.34,,82.5,士兰微,75.919,,1664071845.0,0,30.75,沪市主板
SH601777,106.13644018687611,0.0,3.3284,11,-1.59,False,0.01,3.524,4521100071.0,8.05,6.36,22.9962,-24.27,36394855572.0,1790697600000.0,36394855572.0,,100.0,1.2600767674432594,-52.49,-0.25,21.81644213627243,329637910.0,-0.13,1290614400000.0,0.03,6264081.0,40388143.0,0.97,3.524,294513.0,0.89,,23.24,千里科技,276.65,,4521100071.0,0,8.18,沪市主板
SH600019,-6.722598883378749,0.0,0.3978,11,0.67,False,0.01,0.631,21414095749.0,5.97,2.02,4.0938,-15.37,127842151622.0,1790697600000.0,130039045952.0,5.176,100.0,4.8971155245032305,334.85,0.0,-0.7527336676555252,569379563.0,0.04,976550400000.0,0.46,64386700.0,95364238.0,1.06,0.631,288927.0,0.45,,45.69,宝钢股份,12.955,,21782084749.0,0,5.93,沪市主板
SH600905,-45.104644933983614,0.0,3.7348,11,0.28,False,0.01,1.137,28587650142.0,3.53,0.85,4.7043,-12.79,100914405001.0,1790697600000.0,100914405001.0,1.161,100.0,1.2606241398141635,18.58,0.0,-0.9655390713825596,201700007.0,0.01,1623254400000.0,0.04,-3675746.0,57026065.0,0.84,1.136,288438.0,0.2,,44.15,三峡能源,90.209,,28587650142.0,0,3.52,沪市主板
SH601138,48.6816234725775,0.0,1.0047,11,-4.31,False,0.01,6.288,19844092284.0,55.69,6.99,98.4747,-8.71,1105117499296.0,1790697600000.0,1105117499296.0,1.167,100.0,28.655680146870015,306.03,0.18,43.11155529884812,4502354498.0,-2.51,1528387200000.0,2.36,-150281067.0,79248569.0,1.43,6.288,288082.0,0.4,,44.01,工业富联,23.557,,19844092284.0,0,58.2,沪市主板
SH600096,6.564432637367701,0.0,1.1014,11,0.14,False,0.01,2.002,1822990731.0,27.9,1.47,6.5078,-12.86,50861441395.0,1790697600000.0,50861441395.0,5.018,100.0,22.184599988242464,890.27,0.07,-13.888801583343813,302017108.0,0.04,868377600000.0,2.92,-14552503.5,10809744.0,0.83,2.002,286871.0,0.59,,30.76,云天化,9.55,,1822990731.0,0,27.86,沪市主板
SH601009,8.432939269830664,0.0,2.5525,11,1.09,False,0.01,0.775,12363567245.0,12.11,2.67,0.7643,7.98,149722799337.0,1790697600000.0,149722799337.0,4.368,100.0,10.752798305232949,356.4,0.08,10.913835835169984,721548297.0,0.13,1184774400000.0,1.85,-45312860.75,59839709.0,1.26,0.775,284285.0,0.48,,72.18,南京银行,6.556,,12363567245.0,0,11.98,沪市主板
SH601985,-17.438356194897874,0.0,2.3724,11,1.1,False,0.01,1.593,18883284867.0,9.17,1.1,4.9815,8.19,173159722230.0,1790697600000.0,188608579019.0,1.963,100.0,6.229566890119872,182.51,-0.11,0.8641056387580504,1225885773.0,0.1,1433865600000.0,0.35,287622414.0,133911986.0,1.74,1.593,281930.0,0.71,,43.95,中国核电,25.911,,20568002074.0,0,9.07,沪市主板
SH600487,34.011505179043475,0.0,1.6917,11,-3.94,False,0.01,3.856,2453646257.0,52.7,5.72,67.0651,113.63,129307157744.0,1790697600000.0,129978871944.0,0.516,100.0,13.160511480192397,4269.46,0.15,22.559042747333113,6057116676.0,-2.16,1061481600000.0,1.7,-68434446.0,112999077.0,0.76,3.856,278957.0,4.61,,16.43,亨通光电,31.046,,2466392257.0,0,54.86,沪市主板
SH601727,21.067305256198864,0.0,0.7352,11,-0.31,False,0.01,1.803,12615639636.0,6.42,1.09,8.173,-25.28,80992406463.0,1790697600000.0,99767580903.0,0.218,100.0,2.478752588512552,22.72,0.0,8.773462372685614,223881955.0,-0.02,1228406400000.0,0.09,-8271609.200000003,34737892.0,0.82,1.803,274770.0,0.28,,42.26,上海电气,73.604,,15540121636.0,0,6.44,沪市主板
SH601788,4.917832993969262,0.0,5.2554,11,-1.83,False,0.01,1.007,3906698839.0,13.43,2.41,3.1518,-22.56,52466965408.0,1790697600000.0,61922877992.0,2.561,100.0,5.946943190504764,-40.96,-0.3,8.52877082026351,194359443.0,-0.25,1250524800000.0,0.93,-32233286.5,14326161.0,1.39,1.007,273241.0,0.37,,29.98,光大证券,14.501,,4610787639.0,0,13.68,沪市主板
SH600518,-40.112809904960386,0.0,3.7042,11,-0.75,False,0.01,2.511,13822352188.0,1.33,2.99,80.1356,-30.37,18383728410.0,1790697600000.0,18392432598.0,,100.0,0.4059090494105311,60.09,0.76,-1.4323984022760583,208450668.0,-0.01,984931200000.0,0.0,-29288235.0,155735807.0,1.57,2.511,272631.0,1.13,,189.74,康美药业,624.289,,13828896690.0,0,1.34,沪市主板
SH600316,49.280235733623655,0.0,2.6822,11,-2.96,False,0.01,4.321,717114512.0,32.42,5.36,37.0343,-7.07,23248852479.0,1790697600000.0,23248852479.0,0.052,100.0,0.8846538548504319,473.61,0.22,53.21997314123954,270197713.0,-0.99,976809600000.0,0.07,-1194923.0,8171631.0,1.12,4.321,270470.0,1.14,,49.53,洪都航空,490.411,,717114512.0,0,33.41,沪市主板
SH603799,33.12455144801065,0.0,0.6712,11,0.66,False,0.01,1.311,1887607197.0,35.23,3.37,14.6872,-47.94,66500401550.0,1790697600000.0,66708974424.0,1.422,100.0,15.356796512010249,1490.23,0.28,22.214099156105107,1192305693.0,0.23,1422460800000.0,3.65,-3633171.0,33815966.0,1.06,1.311,267351.0,1.79,,44.03,华友钴业,9.658,,1893527517.0,0,35.0,沪市主板
SH601998,2.7950682159496365,0.0,2.3423,11,-0.22,False,0.01,0.677,40762999287.0,9.08,1.98,0.7828,20.97,370128033526.0,1790697600000.0,505258073357.0,4.361,100.0,8.510027531674474,108.44,-0.11,2.07132683343918,448055042.0,-0.02,1177603200000.0,1.29,388079.549999997,49499144.0,1.04,0.677,266135.0,0.12,,96.03,中信银行,7.043,,55645162264.0,0,9.1,沪市主板
SH600750,5.877706603558686,0.0,3.5815,11,0.31,False,0.01,3.628,628825289.0,22.6,1.02,14.1491,3.44,14211451531.0,1790697600000.0,14364295331.0,6.106,100.0,22.15702716966103,4607.35,0.04,-5.783956803386148,77210077.0,0.07,843408000000.0,1.38,5403856.0,3423215.0,0.99,3.628,266092.0,0.54,,47.21,华润江中,16.402,,635588289.0,0,22.53,沪市主板
SH600809,-3.872334073731465,0.0,3.9224,11,-0.43,False,0.01,3.686,1219964222.0,115.1,2.81,14.4986,-29.57,140417881952.0,1790697600000.0,140417881952.0,5.699,100.0,27.529785014597408,11151.22,0.02,2.1186398329917866,805792198.0,-0.5,757785600000.0,8.34,9963395.0,7054618.0,1.35,3.686,266092.0,0.58,,98.57,山西汾酒,13.793,,1219964222.0,0,115.6,沪市主板
SH600745,85.17034818507247,,2.8254,11,-2.62,False,0.01,0.914,1311281594.0,16.0,3.41,14.2184,-57.08,20980505504.0,,20980505504.0,,100.0,-32.603572348877584,346.18,-0.06,-68.7525559758534,339901568.0,-0.43,841161600000.0,-7.34,-31304791.0,21050841.0,1.09,0.887,261788.0,1.61,,905.0,*ST闻泰,-2.179,,1311281594.0,0,16.43,沪市主板
SH600522,12.351302395009945,0.0,1.739,11,-2.06,False,0.01,2.707,3412949652.0,30.49,4.72,15.4041,69.29,104060834889.0,1790697600000.0,104060834889.0,0.853,100.0,10.05658953712947,2186.12,0.1,15.160925308619833,2990322311.0,-0.64,1035388800000.0,1.09,-63401540.0,96542532.0,0.67,2.707,258149.0,2.83,,123.89,中天科技,27.958,,3412949652.0,0,31.13,沪市主板
SH600352,8.863952106945927,0.0,2.8491,11,-1.91,False,0.01,1.252,3253331860.0,12.35,3.34,11.5655,20.18,40178648471.0,1790697600000.0,40178648471.0,3.644,100.0,5.724934127380306,2427.63,0.0,-0.8249775046551777,455768583.0,-0.24,1059667200000.0,0.59,-3165128.200000003,36490468.0,1.07,1.252,256160.0,1.12,,31.61,浙江龙盛,21.09,,3253331860.0,0,12.59,沪市主板
SH600391,-9.216456978785414,0.0,2.9769,11,-3.03,False,0.01,7.261,330129367.0,39.38,5.37,10.6791,6.15,13000494472.0,1790697600000.0,13000494472.0,,100.0,3.2161642075547134,330.29,0.23,-0.5934442316597122,336994222.0,-1.23,1008086400000.0,0.17,13243632.0,8456287.0,0.66,7.261,252803.0,2.56,,259.57,航发科技,229.254,,330129367.0,0,40.61,沪市主板
SH601169,-6.0982833566628925,0.0,1.708,11,1.62,False,0.01,0.42,21142984272.0,5.66,2.51,0.5612,9.23,119669290980.0,1790697600000.0,119669290980.0,7.208,100.0,5.29130219925356,28.17,0.0,2.5042477126117513,1032434669.0,0.09,1190131200000.0,0.99,66319704.599999994,182733727.0,1.38,0.42,252550.0,0.86,,81.44,北京银行,5.717,,21142984272.0,0,5.57,沪市主板
SH600446,-47.12067928480472,0.0,4.0807,11,-2.5,False,0.01,2.663,941267479.0,10.15,4.32,,-36.24,9553864912.0,1790697600000.0,9553864912.0,,100.0,-3.214487648676602,952.03,0.0,-28.611075030242596,102826182.0,-0.26,1072195200000.0,-0.12,-3550243.0,9985100.0,0.91,2.663,248400.0,1.06,,23.04,金证股份,-81.711,,941267479.0,0,10.41,沪市主板
SH601179,17.635219144486936,0.0,2.4453,11,1.55,False,0.01,2.58,5125882352.0,11.79,3.62,24.4447,30.58,60434152930.0,1790697600000.0,60434152930.0,0.925,100.0,5.914998662068655,75.13,0.08,6.629470282464478,729412893.0,0.18,1264608000000.0,0.27,15146926.849999994,61549426.0,1.37,2.58,246785.0,1.2,,-1.39,中国西电,44.451,,5125882352.0,0,11.61,沪市主板
SH600267,,0.0,1.4055,11,-0.94,False,0.01,1.528,1180272096.0,11.64,4.34,8.3128,20.1,13738367197.0,1790697600000.0,13738367197.0,1.77,100.0,10.129278607626656,227.72,0.0,-3.6456381985116026,313972536.0,-0.11,964454400000.0,0.74,-8392134.0,26684297.0,1.29,1.528,245995.0,2.26,,121.98,海正药业,15.645,,1180272096.0,0,11.75,沪市主板
SH600085,-18.197762284713768,0.0,2.0685,11,0.8,False,0.01,2.409,1371470262.0,23.93,3.83,13.2994,-24.18,32819283370.0,1790697600000.0,32819283370.0,2.089,100.0,7.171143672792674,1647.1,-0.04,-6.071536804832888,205198990.0,0.19,867168000000.0,0.71,22544510.0,8570991.0,2.54,2.409,242216.0,0.62,,0.0,同仁堂,33.832,,1371470262.0,0,23.74,沪市主板
SH600547,36.95670778587352,0.0,1.205,11,-3.19,False,0.01,3.678,3614443347.0,26.43,2.34,6.4945,-31.03,95529737661.0,1790697600000.0,121840437346.0,1.059,100.0,12.24613309179573,5774.64,0.04,18.42556040141643,1796552059.0,-0.87,1062000000000.0,1.19,-37431917.0,67800582.0,0.72,3.677,240955.0,1.88,,124.06,山东黄金,22.257,,4609929525.0,0,27.3,沪市主板
SH601800,-22.192562236507698,0.0,0.1349,11,1.85,False,0.01,0.337,11722873079.0,6.05,2.69,3.0878,-24.61,70923382128.0,1790697600000.0,98093406988.0,1.289,100.0,3.920240509861677,30.34,-0.33,-1.6099633707710836,401810189.0,0.11,1331222400000.0,0.77,67794376.0,66493382.0,3.35,0.337,236564.0,0.57,,23.33,中国交建,7.873,,16213786279.0,0,5.94,沪市主板
SH600109,16.13241394409586,0.0,3.1209,11,-0.98,False,0.01,0.817,3683262908.0,8.05,2.34,0.8211,-12.64,29650266409.0,1790697600000.0,29650266409.0,0.994,100.0,7.016066311846904,655.23,0.12,16.870165043800544,113779589.0,-0.08,870883200000.0,0.67,-4215875.0,14036896.0,0.87,0.822,235870.0,0.38,,0.0,国金证券,11.96,,3683262908.0,0,8.13,沪市主板
SH600221,211.45641481982605,0.0,0.7436,11,0.0,False,0.01,9.597,42845514933.0,1.22,2.46,3.1657,-32.6,52271528218.0,1790697600000.0,52723071693.0,,100.0,54.43802465267895,-37.82,0.83,7.823072730238634,257645145.0,0.0,943459200000.0,0.05,-42668192.849999994,211975774.0,0.92,9.599,235711.0,0.49,,30.43,海航控股,24.044,,43215632535.0,0,1.22,沪市主板
SH600029,,0.0,0.4572,11,-2.24,False,0.01,2.894,13477002996.0,4.81,1.22,2.3904,-39.95,64824384411.0,1790697600000.0,87162011462.0,,100.0,-4.125469880279243,109.23,0.0,7.732711600801823,254286821.0,-0.11,1059062400000.0,-0.07,-68240392.0,52628639.0,1.24,2.894,231306.0,0.39,,43.7,南方航空,-66.74,,18121000304.0,0,4.92,沪市主板
SH603501,63.60822707230489,0.0,3.4347,11,-3.95,False,0.01,3.059,1207410785.0,78.96,5.44,37.6407,-37.22,95337155584.0,1790697600000.0,99343672840.0,0.614,100.0,10.992385180776047,975.84,0.55,11.318859834587268,1116072174.0,-3.25,1493827200000.0,2.57,-60936543.2,13894911.0,1.48,3.067,229675.0,1.15,,44.02,豪威集团,30.687,,1258151885.0,0,82.21,沪市主板
SH601628,114.65793129151085,0.0,1.253,11,-2.07,False,0.01,1.529,20823530000.0,35.94,2.48,2.2964,-19.69,748397668200.0,1790697600000.0,1015833497700.0,2.716,100.0,41.69580964151194,32.86,0.03,40.262834469413946,850128293.0,-0.76,1168272000000.0,8.76,-44289327.26,23513134.0,1.29,1.529,229390.0,0.11,,106.2,中国人寿,4.102,,28264705000.0,0,36.7,沪市主板
SH601225,2.3131040475210973,0.0,1.621,11,2.19,False,0.01,2.55,9695000000.0,26.6,4.46,6.4486,30.24,257887000000.0,1790697600000.0,257887000000.0,3.635,100.0,21.460844293481532,905.22,0.19,-4.105075056318586,1107386936.0,0.57,1390838400000.0,2.1,25253352.0,41737969.0,1.32,2.55,229005.0,0.43,,13.75,陕西煤业,12.642,,9695000000.0,0,26.03,沪市主板
SH601336,85.80417598271342,0.0,1.024,11,-0.41,False,0.01,1.417,2085439340.0,56.12,1.69,1.6152,-16.74,117034855761.0,1790697600000.0,175068955192.0,4.971,100.0,42.78377660216924,208.35,-0.09,37.873014132072534,431580495.0,-0.23,1323964800000.0,14.19,-2034963.0,7659368.0,0.83,1.417,226414.0,0.37,,13.72,新华保险,3.954,,3119546600.0,0,56.35,沪市主板
SH601186,-17.020478648837667,0.0,0.0849,11,0.66,False,0.01,0.296,11503245500.0,6.06,1.0,23.13,-17.16,69709667730.0,1790697600000.0,82292021490.0,4.95,100.0,4.731893145843437,-14.9,-0.16,-7.458549005165837,256825186.0,0.04,1205078400000.0,1.2,35662532.0,42365021.0,1.72,0.296,225694.0,0.37,,28.19,中国铁建,5.033,,13579541500.0,0,6.02,沪市主板
SH601168,42.81285589621564,0.0,1.2043,11,-0.62,False,0.01,3.734,2383000000.0,35.13,2.77,6.1781,27.51,83714790000.0,1790697600000.0,83714790000.0,0.285,100.0,30.460052959274066,44.18,-0.03,21.64588236809322,992259783.0,-0.22,1184169600000.0,2.49,-11575228.0,27953186.0,0.97,3.734,225237.0,1.17,,143.62,西部矿业,14.087,,2383000000.0,0,35.35,沪市主板
SH601360,-25.783251990203617,0.0,6.7149,11,-3.13,False,0.01,2.148,6999557879.0,8.67,3.35,335.661,-21.15,60686166811.0,1790697600000.0,60686166811.0,1.73,100.0,2.6309022480515756,60.29,0.0,1.525193841990924,774464178.0,-0.28,1326643200000.0,0.11,-149388780.0,88258488.0,0.96,2.148,224534.0,1.26,,-11.37,三六零,79.8,,6999557879.0,0,8.95,沪市主板
SH688256,,0.0,64.1799,82,-2.78,False,0.01,45.51,628854008.0,981.0,5.48,,7.91,616905781848.0,1790697600000.0,616905781848.0,0.103,1.0,32.81067856293213,485.13,0.2,167.13333134043987,9185387638.0,-28.01,1595174400000.0,5.3,-179393438.0,9195331.0,1.27,45.469,219680.0,1.46,,229.86,寒武纪,185.143,,628854008.0,0,1009.01,科创板
SH600895,-2.4476970653595997,0.0,9.7998,11,-2.21,False,0.01,3.1,1548689550.0,27.39,3.0,203.3566,-37.38,42418606775.0,1790697600000.0,42418606775.0,0.701,100.0,5.793665824959423,2439.4,0.0,30.883894178354645,337826150.0,-0.62,830102400000.0,0.61,-12611054.2,12217176.0,0.94,3.1,216593.0,0.79,,267.8,张江高科,44.822,,1548689550.0,0,28.01,沪市主板
SH600760,-21.3258432304117,0.0,3.4103,11,-0.14,False,0.01,5.277,2829552651.0,43.57,1.93,,-21.73,123283609004.0,1790697600000.0,123517875309.0,0.93,100.0,13.917295652661418,1499.25,-0.09,-25.791542674929747,358596628.0,-0.06,844963200000.0,1.01,-320846.0,8182366.0,0.72,5.277,210084.0,0.29,,94.32,中航沈飞,43.273,,2834929431.0,0,43.63,沪市主板
SH600999,42.38880040052943,0.0,4.0333,11,-1.23,False,0.01,1.166,7422005272.0,16.86,2.75,4.0067,4.55,125135008886.0,1790697600000.0,146623441949.0,3.654,100.0,12.881327116716282,9.41,0.18,37.90846952892635,590692915.0,-0.21,1258387200000.0,2.05,1939332.0,34766390.0,1.26,1.166,209812.0,0.47,,8.42,招商证券,8.243,,8696526806.0,0,17.07,沪市主板
SH600406,6.29327178741963,0.0,2.6322,11,1.51,False,0.01,3.526,8008176162.0,22.86,2.35,17.4013,4.49,183066907063.0,1790697600000.0,183605945726.0,2.73,100.0,16.66255558628436,7589.2,0.09,13.664570667455722,1040353371.0,0.34,1066233600000.0,1.05,72615846.49000001,45712174.0,1.16,3.526,208575.0,0.57,,50.24,国电南瑞,21.859,,8031756156.0,0,22.52,沪市主板
SH600489,38.87798220292886,0.0,1.1969,11,-1.92,False,0.01,3.204,4847312564.0,21.48,1.78,10.5024,-6.37,104120273875.0,1790697600000.0,104120273875.0,2.132,100.0,21.705535194696683,3653.28,0.14,16.520931425418574,947708215.0,-0.42,1060790400000.0,1.36,-687872.0,44067615.0,0.74,3.204,208233.0,0.91,,117.78,中金黄金,15.786,,4847312564.0,0,21.9,沪市主板
SH600875,15.30748940378217,0.0,1.0267,11,1.91,False,0.01,1.761,2263366595.0,23.48,3.65,95.6876,-1.41,53143847651.0,1790697600000.0,81202300454.0,2.257,100.0,10.471922405382973,526.55,0.0,9.466159108749794,792205050.0,0.44,813254400000.0,1.34,109152802.0,33533733.0,1.6,1.761,204999.0,1.48,,312.44,东方电气,17.52,,3458360326.0,0,23.04,沪市主板
SH601377,32.74401785834262,0.0,3.7253,11,-0.7,False,0.01,0.872,8635987294.0,5.68,1.92,1.6741,-22.18,49052407830.0,1790697600000.0,49052407830.0,3.521,100.0,5.975952172289179,10.54,0.35,11.539597680225299,311397756.0,-0.04,1286899200000.0,0.42,-43806812.0,54679930.0,1.14,0.872,203400.0,0.63,,48.6,兴业证券,13.368,,8635987294.0,0,5.72,沪市主板
SH601106,-85.66015213395934,0.0,2.1465,11,0.0,False,0.01,3.907,6857782927.0,2.95,3.73,13.6296,-26.07,20230459635.0,1790697600000.0,20230459635.0,,100.0,-3.970665018183865,-45.75,0.34,-19.384198281189203,190762233.0,0.0,1265644800000.0,-0.03,1363232.0,63770067.0,1.35,3.907,203352.0,0.93,,-3.16,中国一重,-97.212,,6857782927.0,0,2.95,沪市主板
SH600143,61.95918352771699,0.0,0.5049,11,0.47,False,0.01,1.745,2634826028.0,12.82,2.82,4.8474,-33.04,33778469679.0,1790697600000.0,34271685052.0,2.332,100.0,6.601415329944846,1573.63,-0.08,13.732356591078032,292033778.0,0.06,1087920000000.0,0.47,26532248.0,22587562.0,1.41,1.745,203305.0,0.86,,48.76,金发科技,27.429,,2673298366.0,0,12.76,沪市主板
SH600256,-26.895213562174046,0.0,1.5023,11,1.95,False,0.01,1.739,6392002964.0,6.8,2.7,8.9259,39.84,43465620155.0,1790697600000.0,43465620155.0,0.926,100.0,7.272223705099769,2009.18,-0.15,-23.49494808945637,872753366.0,0.13,959270400000.0,0.28,34349596.0,128545598.0,1.3,1.739,201042.0,2.01,,228.79,广汇能源,24.554,,6392002964.0,0,6.67,沪市主板
SH600839,67.80862243339757,0.0,0.2689,11,0.16,False,0.01,1.785,4614958631.0,6.43,1.4,,-28.73,29674183997.0,1790697600000.0,29682450347.0,0.933,100.0,13.516460840922164,1020.4,0.0,4.692024926526184,204513620.0,0.01,763315200000.0,0.46,10578352.3,31776625.0,1.25,1.785,200882.0,0.69,,1869.0,四川长虹,13.909,,4616244222.0,0,6.42,沪市主板
SH600600,2.576424821435941,0.0,2.1741,11,0.8,False,0.01,2.194,709125943.0,50.42,1.42,12.9839,-13.93,35754130046.0,1790697600000.0,68782718001.0,4.661,100.0,15.016406044136096,552.8,-0.06,-2.81746344809346,185628308.0,0.4,746380800000.0,3.37,37167047.8,3692145.0,1.25,2.194,199110.0,0.52,,119.44,青岛啤酒,14.941,,1364195121.0,0,50.02,沪市主板
SH600219,5.279043707347353,0.0,1.5601,11,3.61,False,0.01,1.124,11483701559.0,4.88,4.25,11.8622,-6.9,56040463608.0,1790697600000.0,56040463608.0,8.176,100.0,8.580875592806922,273.55,0.0,8.875682866255662,1181166930.0,0.17,945878400000.0,0.38,121570333.0,242800701.0,2.64,1.124,197621.0,2.11,,20.74,南山铝业,12.861,,11483701559.0,0,4.71,沪市主板
SH600771,-8.307664770444322,0.0,4.8487,11,-0.99,False,0.01,4.113,489491141.0,14.01,2.47,29.3457,-22.08,6857770885.0,1790697600000.0,6857770885.0,,100.0,4.275404577635719,879.38,0.0,4.0989875606324055,114201603.0,-0.14,847123200000.0,0.14,-10032133.0,8108172.0,0.93,4.113,195941.0,1.66,,116.67,广誉远,96.801,,489491141.0,0,14.15,沪市主板
SH600938,6.755239136145863,0.0,3.7485,11,2.24,False,0.01,1.897,2990000000.0,34.17,3.59,6.7253,15.17,102168300000.0,1790697600000.0,1624098527633.0,3.781,100.0,16.848115276385947,245.02,0.15,3.764670090367739,1505934997.0,0.75,1650470400000.0,2.91,95270158.0,44218834.0,1.42,1.897,194929.0,1.48,,27.69,中国海油,11.738,,47529953984.0,0,33.42,沪市主板
SH600176,23.340578844622996,0.0,7.5642,11,0.36,False,0.01,4.775,3971587028.0,39.55,4.95,30.5435,132.35,157076266957.0,1790697600000.0,158324057592.0,1.31,100.0,14.178527917356561,14712.73,0.18,15.849866602739638,5871608739.0,0.14,924710400000.0,1.13,-84276580.0,146438147.0,0.95,4.775,194228.0,3.69,,0.0,中国巨石,34.937,,4003136728.0,0,39.41,沪市主板
SH603027,-8.778020035664003,0.0,3.7133,11,1.37,False,0.01,2.765,1330738612.0,7.41,2.6,14.3817,-21.65,9860773115.0,1790697600000.0,9860773115.0,3.779,100.0,10.148142809966195,479.22,0.14,-5.165284245405455,101250314.0,0.1,1457280000000.0,0.28,9691908.0,13714826.0,1.28,2.77,190302.0,1.03,,43.96,千禾味业,26.292,,1330738612.0,0,7.31,沪市主板
SH600516,-11.179660765490251,0.0,5.5946,11,0.0,False,0.01,1.285,4025970368.0,5.29,1.7,177.256,-6.94,21297383247.0,1790697600000.0,21297383247.0,0.718,100.0,1.2778463931492026,490.27,0.38,-7.125376139503203,201362681.0,0.0,1030636800000.0,0.05,-6054418.0,37931024.0,1.03,1.285,189720.0,0.94,,92.24,方大炭素,101.68,,4025970368.0,0,5.29,沪市主板
SH601901,31.775659834225966,0.0,4.4603,11,-1.64,False,0.01,1.029,8232101395.0,6.6,2.09,41.2709,-14.34,54331869207.0,1790697600000.0,54331869207.0,2.212,100.0,8.847164991534036,29.82,0.0,24.128305369018797,216313179.0,-0.11,1312905600000.0,0.55,-74225386.0,32598164.0,1.22,1.03,187207.0,0.4,,43.59,方正证券,11.958,,8232101395.0,0,6.71,沪市主板
SH600183,87.57662242922142,0.0,9.2098,11,1.46,False,0.01,17.311,2411748857.0,131.86,7.64,50.7378,85.68,318013204284.0,1790697600000.0,320288423926.0,0.607,100.0,30.842119450543944,24954.15,0.17,37.01176653594462,9869090642.0,1.9,909504000000.0,2.14,564275425.2,72911558.0,1.8,17.312,187109.0,3.02,,0.0,生益科技,61.66,,2429003670.0,0,129.96,沪市主板
SH603444,39.23405022383661,0.0,3.2969,11,-0.12,False,0.01,4.036,72041101.0,339.28,1.65,8.1692,-16.24,24442104747.0,1790697600000.0,24442104747.0,4.991,100.0,39.479959423780805,518.31,0.01,29.951126267765083,219578446.0,-0.41,1483459200000.0,31.1,-813140.0,646357.0,0.73,4.036,186557.0,0.9,,44.0,吉比特,10.909,,72041101.0,0,339.69,沪市主板
SH600340,37.61395879825018,,0.7091,11,3.08,False,0.01,,3893355062.0,1.34,9.23,,-38.81,5217095783.0,,5217095783.0,,100.0,175.67370063282291,276.4,0.0,-48.47739959192536,167363166.0,0.04,1072713600000.0,-5.32,3875915.0,123863936.0,0.74,-0.24,185735.0,3.18,,22.19,*ST华幸,-0.252,,3893355062.0,0,1.3,沪市主板
SH600315,-8.458594238176776,0.0,1.8758,11,0.65,False,0.01,1.76,672225980.0,18.5,3.37,24.0931,-16.9,12436180630.0,1790697600000.0,12436180630.0,1.378,100.0,5.454065802885575,527.8,-0.22,1.4317007374673452,158535077.0,0.12,984585600000.0,0.57,9515621.0,8642173.0,1.44,1.76,183802.0,1.29,,85.19,上海家化,32.488,,672225980.0,0,18.38,沪市主板
SH600392,81.01855913053069,0.0,1.9652,11,-2.33,False,0.01,2.644,1752826570.0,19.7,3.77,,-7.29,34530683429.0,1790697600000.0,34530683429.0,1.777,100.0,11.47206733380049,969.43,0.56,5.932751608803377,612848850.0,-0.47,1054137600000.0,0.77,-46045704.0,30877631.0,1.19,2.644,183555.0,1.76,,94.96,盛和资源,25.602,,1752826570.0,0,20.17,沪市主板
SH600674,0.7537053385245462,0.0,50.4037,11,1.74,False,0.01,1.845,4874606828.0,16.91,1.93,93.5093,25.51,82429601461.0,1790697600000.0,82429601461.0,2.957,100.0,10.589683189042228,3253.16,-0.06,2.4082594866069673,616089130.0,0.29,748800000000.0,0.95,28640443.0,36518838.0,1.33,1.845,183254.0,0.75,,935.0,川投能源,17.831,,4874606828.0,0,16.62,沪市主板
SH600015,-5.556339201405791,0.0,1.0279,11,0.64,False,0.01,0.314,15387223983.0,6.31,1.28,2.764,-2.29,97093383333.0,1790697600000.0,100423198633.0,5.071,100.0,6.552330522580671,449.65,0.0,3.5854990673677145,531367475.0,0.04,1063296000000.0,1.58,71133406.1,84261948.0,1.57,0.313,181416.0,0.55,,27.68,华夏银行,4.002,,15914928468.0,0,6.27,沪市主板
SH601872,59.68105858869197,0.0,5.0472,11,9.33,False,0.01,3.798,8074538502.0,22.03,5.06,13.023,149.19,177882083199.0,1790697600000.0,177882083199.0,1.725,100.0,24.850409315428013,606.97,0.27,19.349848353872012,5013474950.0,1.88,1164902400000.0,1.34,108234974.35000002,227584969.0,2.24,3.798,181254.0,2.82,,71.7,招商轮船,16.399,,8074538502.0,0,20.15,沪市主板
SH600879,-53.420352039516494,0.0,3.5901,11,1.33,False,0.01,2.172,3299299334.0,13.73,4.28,,-35.54,45299379856.0,1790697600000.0,45299379856.0,0.153,100.0,0.45156485927175943,4000.96,0.22,-16.703928707136573,893538436.0,0.18,816364800000.0,0.03,75611785.0,64497392.0,1.24,2.172,180328.0,1.95,,-87.75,航天电子,482.537,,3299299334.0,0,13.55,沪市主板
SH601000,5.7668557085079675,0.0,4.5731,11,1.52,False,0.01,1.304,5925928614.0,4.69,2.38,13.157,27.53,27792605200.0,1790697600000.0,27792605200.0,4.264,100.0,10.155304002376685,342.49,0.0,3.8540052556044424,223278941.0,0.07,1278259200000.0,0.36,-9188735.0,47584823.0,1.04,1.304,177930.0,0.8,,-3.9,唐山港,13.098,,5925928614.0,0,4.62,沪市主板
SH600153,,0.0,0.0394,11,1.59,False,0.01,0.626,2899538551.0,8.96,2.72,71.9203,4.55,25979865417.0,1790697600000.0,25979865417.0,7.812,100.0,-16.399648106784408,1347.5,0.22,-5.39081368355474,277370309.0,0.14,897926400000.0,-3.68,22376598.0,31073009.0,1.34,0.626,176863.0,1.07,,0.0,建发股份,-2.436,,2899538551.0,0,8.82,沪市主板
SH601601,29.394130230674588,0.0,0.6638,11,-0.74,False,0.01,0.929,6845041455.0,30.83,2.03,1.5602,-23.61,211032628058.0,1790697600000.0,296595127058.0,5.092,100.0,18.76496297417759,1.47,0.1,12.433082943180995,852715903.0,-0.23,1198512000000.0,5.86,-43780991.2,27599098.0,0.83,0.929,175126.0,0.4,,60.57,中国太保,5.259,,9620341455.0,0,31.06,沪市主板
SH600100,-22.85269337769156,0.0,1.5355,11,-0.61,False,0.01,1.391,3350297713.0,6.48,3.22,13.1477,-26.87,21709929180.0,1790697600000.0,21709929180.0,0.694,100.0,1.5132968242966625,410.08,0.15,-24.110849437252668,144615760.0,-0.04,867340800000.0,0.07,-13691866.0,22072141.0,1.21,1.391,174562.0,0.66,,0.0,同方股份,88.089,,3350297713.0,0,6.52,沪市主板
SH600521,-15.473771865422869,0.0,2.775,11,1.9,False,0.01,2.549,1497252196.0,16.65,3.3,12.7287,-1.2,24929249063.0,1790697600000.0,24929249063.0,0.601,100.0,6.377425802733303,1332.75,0.0,3.9806875459025726,1028163137.0,0.31,1046707200000.0,0.42,-34419467.0,61239685.0,3.09,2.614,174307.0,4.09,,41.87,华海药业,39.708,,1497252196.0,0,16.34,沪市主板
SH603866,-29.370228941558686,0.0,1.2747,11,2.14,False,0.01,1.367,1599719155.0,4.3,2.61,10.4453,-14.73,6878792367.0,1790697600000.0,6878792367.0,4.651,100.0,4.433431709022171,-6.06,0.0,-7.552253377222229,85443978.0,0.09,1450713600000.0,0.14,5453751.0,20101810.0,1.39,1.367,170140.0,1.26,,43.97,桃李面包,30.537,,1599719155.0,0,4.21,沪市主板
SH600188,-14.973048022752822,0.0,1.3033,11,2.62,False,0.01,2.605,5961352020.0,19.95,3.03,10.3643,55.52,118928972799.0,1790697600000.0,200235197799.0,2.607,100.0,11.131147589796795,2129.05,0.05,2.9577458309050675,748676408.0,0.51,899222400000.0,1.07,20410249.0,37869126.0,1.47,2.605,169207.0,0.64,,0.0,兖矿能源,18.728,,10036852020.0,0,19.44,沪市主板
SH600559,-19.267211482961024,0.0,2.6756,11,-0.27,False,0.01,1.839,914747444.0,10.95,1.64,,-30.56,10016484512.0,1790697600000.0,10016484512.0,1.826,100.0,6.966512229113853,580.21,0.0,-12.733554744611652,78875879.0,-0.03,1035820800000.0,0.41,4604830.0,7198846.0,0.75,1.839,168782.0,0.79,,180.96,老白干酒,27.033,,914747444.0,0,10.98,沪市主板
SH601618,-51.45294240922066,0.0,0.134,11,0.39,False,0.01,0.514,17852619170.0,2.55,1.97,3.6372,-14.14,45524178884.0,1790697600000.0,52763628884.0,,100.0,0.35646645557393764,-54.79,-0.39,-18.97031326554901,236825136.0,0.01,1253462400000.0,0.03,5586968.0,92652985.0,1.22,0.514,167105.0,0.52,,28.04,中国中冶,96.176,,20691619170.0,0,2.54,沪市主板
SH600158,,0.0,3.0205,11,-1.01,False,0.01,2.744,959513067.0,6.86,2.6,,-21.42,6582259640.0,1790697600000.0,6582259640.0,,100.0,-7.840761409818847,200.53,0.0,-16.258543639519964,116924068.0,-0.07,890928000000.0,-0.2,-827464.0,16897611.0,1.08,2.744,165876.0,1.76,,0.0,中体产业,-33.621,,959513067.0,0,6.93,沪市主板
SH600038,-10.504130208856488,0.0,0.7857,11,-1.37,False,0.01,1.245,668935221.0,26.69,2.85,,-25.47,17853881048.0,1790697600000.0,21882949855.0,0.895,100.0,3.208549047894253,352.26,0.07,-1.2834587181544066,107739037.0,-0.37,977068800000.0,0.68,2119206.0,3989958.0,1.19,1.245,165346.0,0.6,,139.36,中直股份,39.281,,819893213.0,0,27.06,沪市主板
SH600172,-4.042491013715321,0.0,13.2929,11,-4.39,False,0.01,57.61,1284278608.0,13.5,6.3,415.6587,136.43,17337761208.0,1790697600000.0,19469490426.0,,100.0,-112.73416727275702,740.6,0.0,-0.17355207862749245,1750590877.0,-0.62,912009600000.0,-0.61,-33940266.0,127047595.0,0.62,57.618,165160.0,9.89,,0.0,黄河旋风,-22.301,,1442184476.0,0,14.12,沪市主板
SH600536,-69.06292004762228,0.0,6.0631,11,-1.4,False,0.01,7.861,843655895.0,30.21,2.35,42.7993,-34.75,25486844588.0,1790697600000.0,28209692703.0,,100.0,0.5799209199718295,787.93,0.03,-15.34315174512878,220135570.0,-0.43,1021564800000.0,0.02,7796140.0,7235655.0,0.75,7.861,164359.0,0.86,,174.96,中国软件,1362.072,,933786584.0,0,30.64,沪市主板
SH601099,0.0379745401062781,0.0,16.5519,11,-1.73,False,0.01,2.306,6816316370.0,3.4,2.89,7.4786,-17.27,23175475658.0,1790697600000.0,23175475658.0,,100.0,2.3514673436102234,-78.87,0.29,2.6971422539296963,317064666.0,-0.06,1198771200000.0,0.03,-73345600.0,92537774.0,0.93,2.306,163585.0,1.36,,424.0,太平洋,99.193,,6816316370.0,0,3.46,沪市主板
SH600867,12.751008495957294,0.0,4.9047,11,-1.15,False,0.01,2.227,1958542829.0,7.77,2.54,17.021,-1.33,15217877781.0,1790697600000.0,15217877781.0,3.861,100.0,20.059358412557266,1612.96,0.0,2.119758322388998,131328932.0,-0.09,777657600000.0,0.66,-11907692.0,16775172.0,1.33,2.227,162618.0,0.86,,155.38,通化东宝,11.711,,1958542829.0,0,7.86,沪市主板
SH600066,43.40708324779683,0.0,1.4169,11,0.64,False,0.01,4.588,2213939223.0,26.89,3.29,8.0115,-12.78,59532825706.0,1790697600000.0,59532825706.0,7.438,100.0,41.96337601157529,5637.15,-0.04,16.664473468354558,630036449.0,0.17,863020800000.0,2.48,16474433.0,23266115.0,0.99,4.588,162586.0,1.05,,0.0,宇通客车,10.851,,2213939223.0,0,26.72,沪市主板
SH600941,-0.8415046134351178,0.0,2.0349,11,2.25,False,0.01,1.495,902767867.0,97.96,2.43,8.0523,1.74,88435140251.0,1790697600000.0,2125329428090.0,4.806,100.0,9.360655190463914,97.68,0.15,0.9747666927800935,1289069778.0,2.16,1641312000000.0,6.07,192557798.0,13240767.0,1.9,1.494,162390.0,1.47,,0.52,中国移动,16.126,,21695890446.0,0,95.8,沪市主板
SH600498,-16.593989445706615,0.0,1.7894,11,-3.39,False,0.01,2.661,1271621456.0,34.49,6.61,7.9521,7.7,43858224017.0,1790697600000.0,46843196454.0,0.281,100.0,2.1602893016432323,335.68,0.29,-3.767749175614099,1802379620.0,-1.21,998496000000.0,0.25,30018914.0,51398274.0,0.91,2.661,162225.0,4.04,,28.95,烽火通信,136.942,,1358167482.0,0,35.7,沪市主板
SH600021,-3.0440167090752035,0.0,0.929,11,-2.04,False,0.01,1.828,2821875805.0,12.98,1.81,3.0313,-33.64,36627947949.0,1790697600000.0,36627947949.0,2.851,100.0,5.810798339773228,268.77,-0.08,-4.538048855038113,271573856.0,-0.27,1067356800000.0,0.66,-31877394.0,20819334.0,1.05,1.828,161270.0,0.74,,49.48,上海电力,19.695,,2821875805.0,0,13.25,沪市主板
SH600325,378.8991193673965,0.0,0.1225,11,-2.05,False,0.01,1.335,2752152116.0,2.86,5.14,0.826,-32.23,7871155052.0,1790697600000.0,7871155052.0,,100.0,-105.65255798341428,109.99,-0.35,-16.793566719324783,446654673.0,-0.06,1077638400000.0,-4.84,10127772.0,154574736.0,0.86,1.335,159724.0,5.62,,98.15,华发股份,-0.591,,2752152116.0,0,2.92,沪市主板
SH600635,13.547658861842082,0.0,2.1206,11,1.12,False,0.01,1.491,2418791675.0,4.5,2.7,17.9886,-30.47,10884562538.0,1790697600000.0,13285956038.0,1.111,100.0,3.7253600932956243,2357.67,0.0,-0.1279707868701574,115274086.0,0.05,731174400000.0,0.11,576616.0,25547830.0,1.3,1.491,159698.0,1.06,,-21.0,大众公用,40.049,,2952434675.0,0,4.45,沪市主板
SH600011,6.653599669484689,0.0,0.507,11,2.84,False,0.01,1.762,10997709919.0,7.24,3.98,1.8418,2.43,79623419814.0,1790697600000.0,113654195919.0,5.525,100.0,8.380089456806154,204.42,-0.14,-4.8999719814564635,1035570449.0,0.2,1007568000000.0,0.75,213025072.0,144061661.0,1.98,1.762,159282.0,1.31,,71.57,华能国际,9.686,,15698093359.0,0,7.04,沪市主板
SH601018,2.715328816093865,0.0,2.1209,11,1.7,False,0.01,0.856,19454388399.0,3.59,3.4,12.2986,2.33,69841254352.0,1790697600000.0,69841254352.0,3.37,100.0,6.366771971196446,39.78,-0.55,10.401814198064606,296766241.0,0.06,1285603200000.0,0.26,38003647.0,82308567.0,1.66,0.855,158262.0,0.42,,-3.51,宁波港,13.658,,19454388399.0,0,3.53,沪市主板
SH601615,-31.649190912123448,0.0,0.5691,11,-2.15,False,0.01,0.828,2261496706.0,9.56,3.17,,-32.87,21619908509.0,1790697600000.0,21619908509.0,1.851,100.0,0.6159968163386799,88.99,0.21,10.415131537040278,380175082.0,-0.21,1548172800000.0,0.07,-38772220.0,39273740.0,1.0,0.828,158189.0,1.74,,44.0,明阳智能,134.171,,2261496706.0,0,9.77,沪市主板
SH600372,-18.76729445956905,0.0,2.25,11,-0.8,False,0.01,1.416,4838896630.0,11.16,2.76,,-16.49,54002086391.0,1790697600000.0,54002086391.0,0.609,100.0,2.7160107630546255,173.78,0.09,-6.440412205910762,221122124.0,-0.09,994348800000.0,0.21,-24069171.560000002,19637297.0,1.11,1.416,158062.0,0.41,,90.25,中航机载,52.245,,4838896630.0,0,11.25,沪市主板
SH600783,-20.047338116153146,0.0,113.8845,11,-2.13,False,0.01,2.324,744359294.0,14.21,3.65,,-42.34,10577345568.0,1790697600000.0,10577345568.0,0.457,100.0,2.6939429034958824,831.13,0.07,7.5075712015607365,141939487.0,-0.31,851443200000.0,0.16,12851412.0,9898204.0,1.13,2.324,157995.0,1.33,,-90.22,鲁信创投,86.255,,744359294.0,0,14.52,沪市主板
SH603005,25.619898904424087,0.0,11.3536,11,-4.33,False,0.01,3.637,652171706.0,25.82,6.67,32.0026,-6.31,16839073449.0,1790697600000.0,16839073449.0,0.465,100.0,7.424310618501001,215.98,0.04,17.836945859080465,671463627.0,-1.17,1391961600000.0,0.52,-30634723.0,25493293.0,1.13,3.637,156221.0,3.91,,44.0,晶方科技,49.898,,652171706.0,0,26.99,沪市主板
SH601005,35.48528508780291,0.0,0.507,11,-0.83,False,0.01,0.782,8313636567.0,1.2,2.48,8.6626,-17.81,9976363880.0,1790697600000.0,11531207429.0,,100.0,-17.733325834977673,-77.08,-0.83,-17.983442092920875,87352640.0,-0.01,1172592000000.0,-0.29,-465841.0,71980002.0,0.75,0.782,154378.0,0.87,,143.06,重庆钢铁,-4.163,,9609339524.0,0,1.21,沪市主板
SH600645,4.157649123684126,0.0,6.2529,11,-3.76,False,0.01,2.338,467770165.0,18.68,6.44,27.0457,-25.87,8737946682.0,1790697600000.0,8741285265.0,,100.0,3.16934275751124,926.54,-0.21,-5.556282732499396,197023341.0,-0.73,736444800000.0,0.25,-26345249.0,10402700.0,1.24,2.338,153821.0,2.22,,-36.62,中源协和,74.642,,467948890.0,0,19.41,沪市主板
SH600737,-14.392035241408097,0.0,1.3463,11,3.14,False,0.01,2.887,2138848228.0,15.12,5.87,22.1746,-9.7,32339385207.0,1790697600000.0,32339385207.0,2.249,100.0,10.11848657883708,2334.39,0.2,-14.221193216326288,1489006728.0,0.46,838742400000.0,0.52,34701651.0,97048391.0,1.63,2.887,153704.0,4.54,,80.1,中粮糖业,29.012,,2138848228.0,0,14.66,沪市主板
SH600884,33.39582979894533,0.0,1.1172,11,3.13,False,0.01,1.16,1835109746.0,11.87,3.65,16.3484,-12.14,21782752685.0,1790697600000.0,26655737992.0,,100.0,4.785792432643897,2942.81,0.08,11.677697935223907,777985549.0,0.36,822931200000.0,0.48,55248569.0,65973233.0,1.25,1.161,152021.0,3.6,,0.83,杉杉股份,24.841,,2245639258.0,0,11.51,沪市主板
SH600872,-20.0873286357806,0.0,2.8866,11,0.12,False,0.01,2.387,770987950.0,17.26,1.16,13.4132,0.8,13307252017.0,1790697600000.0,13307252017.0,2.549,100.0,12.47356903692737,1565.7,-0.06,-0.859973751657539,124260269.0,0.02,790876800000.0,0.9,7630323.0,7200293.0,1.02,2.398,151902.0,0.93,,34.88,中炬高新,19.164,,770987950.0,0,17.24,沪市主板
SH600637,7.959475852663811,0.0,3.9997,11,-2.42,False,0.01,0.958,3361899817.0,8.48,3.22,23.1283,-11.97,28508910448.0,1790697600000.0,28508910448.0,2.123,100.0,2.3307970903218256,299.98,0.12,-5.694615894706101,300271743.0,-0.21,732211200000.0,0.21,-21168831.1,35117925.0,0.97,0.958,151561.0,1.04,,-73.33,东方明珠,40.993,,3361899817.0,0,8.69,沪市主板
SH600989,50.62731389960642,0.0,3.086,11,3.83,False,0.01,3.098,7333360000.0,23.32,4.01,8.2117,22.53,171013955200.0,1790697600000.0,171013955200.0,3.572,100.0,30.74830140057668,115.61,0.13,29.700389344061872,1683179257.0,0.86,1557936000000.0,2.09,228235265.23000002,72209424.0,1.68,3.098,151408.0,0.98,,43.97,宝丰能源,11.133,,7333360000.0,0,22.46,沪市主板
SH600115,-32.78906148353313,0.0,0.4887,11,-4.12,False,0.01,7.209,17024964893.0,3.26,2.94,1.9951,-45.67,55501385551.0,1790697600000.0,72006021544.0,,100.0,-6.438267265156022,-38.97,0.0,10.96277276919293,824874450.0,-0.14,878659200000.0,-0.11,-233762576.2,249921438.0,1.81,7.209,149350.0,1.47,,0.0,中国东航,-30.242,,22087736670.0,0,3.4,沪市主板
SH600079,0.02905352731878974,,1.3067,11,0.05,False,0.01,1.621,1543178770.0,19.18,1.36,11.7569,8.83,29598168809.0,,31306094009.0,2.503,100.0,10.786419740903172,1610.82,0.0,-0.7795921334944,207614710.0,0.01,865526400000.0,1.24,-11064207.0,10818656.0,1.35,1.621,149338.0,0.7,,0.0,ST人福,15.42,,1632225965.0,0,19.17,沪市主板
SH601728,-2.4750369283048634,0.0,1.144,11,2.23,False,0.01,1.245,77629728699.0,6.42,3.34,4.2614,6.14,498382858248.0,1790697600000.0,587475830448.0,3.91,100.0,6.339346338745344,69.17,0.31,-0.2740784640369087,728585025.0,0.14,1629388800000.0,0.33,59867932.0,114509999.0,1.5,1.245,147990.0,0.15,,34.88,中国电信,19.743,,91507138699.0,0,6.28,沪市主板
SH600160,73.04503985653727,0.0,3.2278,11,-2.57,False,0.01,3.951,2699746081.0,32.28,3.23,14.7073,-14.27,87147803495.0,1790697600000.0,87147803495.0,2.416,100.0,21.22550649957514,3277.63,0.0,9.351101845214615,667660858.0,-0.85,898790400000.0,1.62,-35366637.0,20439420.0,0.79,3.951,147334.0,0.76,,0.0,巨化股份,19.885,,2699746081.0,0,33.13,沪市主板
SH600685,221.84794565123488,0.0,1.9196,11,1.67,False,0.01,2.173,821435181.0,29.19,5.26,12.1371,3.14,23977692933.0,1790697600000.0,41260251174.0,0.805,100.0,7.1888761116824975,834.41,0.17,11.630384803141268,632738025.0,0.48,751737600000.0,0.93,91233473.0,21400574.0,2.02,2.173,147089.0,2.61,,27.92,中船防务,31.293,,1413506378.0,0,28.71,沪市主板
SH601216,1.8859849674453422,0.0,1.5804,11,5.07,False,0.01,1.465,8438017390.0,4.77,6.17,8.1714,7.51,40249342950.0,1790697600000.0,40249342950.0,7.966,100.0,11.04451677448463,260.93,0.0,10.348579779621891,677810558.0,0.23,1298304000000.0,0.36,161239758.0,143640196.0,3.51,1.465,146151.0,1.7,,10.56,君正集团,13.135,,8438017390.0,0,4.54,沪市主板
SH600535,5.9329965125968664,0.0,2.5683,11,0.07,False,0.01,1.601,1493950005.0,14.01,1.43,11.5924,-6.36,20930239570.0,1790697600000.0,20930239570.0,2.427,100.0,9.609211391121795,729.68,0.14,-2.3809525096157635,210578684.0,0.01,1030032000000.0,0.82,-8232863.0,14989065.0,1.52,1.601,145849.0,1.0,,53.54,天士力,17.115,,1493950005.0,0,14.0,沪市主板
SH600171,,0.0,4.399,11,-2.11,False,0.01,3.316,708923303.0,21.3,4.69,81.055,-31.54,15100066354.0,1790697600000.0,15100066354.0,0.563,100.0,4.817678669781541,281.73,0.14,20.97591634671705,207464584.0,-0.46,906566400000.0,0.31,-13010693.0,9590295.0,1.3,3.316,145694.0,1.35,,0.0,上海贝岭,69.829,,708923303.0,0,21.76,沪市主板
SH603658,-8.591585825902337,0.0,4.4926,11,-2.55,False,0.01,2.188,571424768.0,33.21,4.14,16.54,-2.43,18977016545.0,1790697600000.0,18977016545.0,3.945,100.0,11.605340046561698,195.68,-0.21,-1.6947925109027762,125091541.0,-0.87,1472659200000.0,1.74,313729.0,3718500.0,0.73,2.188,145227.0,0.65,,44.03,安图生物,19.089,,571424768.0,0,34.08,沪市主板
SH603899,-3.367278990477185,0.0,0.7924,11,-1.03,False,0.01,2.324,915795377.0,22.13,1.83,9.7053,-14.48,20266551693.0,1790697600000.0,20266551693.0,4.519,100.0,15.525448808018737,183.95,0.0,3.9760333534696324,47307248.0,-0.23,1422288000000.0,1.46,-499235.0,2126315.0,0.9,2.324,145017.0,0.23,,44.03,晨光股份,15.135,,915795377.0,0,22.36,沪市主板
SH600161,-22.558672031064376,0.0,4.3899,11,-0.32,False,0.01,2.078,1977371446.0,12.55,4.61,29.8985,-22.26,24816011647.0,1790697600000.0,24816011647.0,1.195,100.0,6.440426749436582,1143.56,-0.16,-0.2174462704262914,289159212.0,-0.04,897926400000.0,0.38,1983217.0,22715379.0,2.09,2.078,143797.0,1.15,,0.0,天坛生物,32.774,,1977371446.0,0,12.59,沪市主板
SH688008,104.43225817115108,0.0,39.0458,82,-2.62,False,0.01,11.176,1144764521.0,197.01,6.44,104.9413,67.56,225530058282.0,1790697600000.0,240458195517.0,0.299,1.0,18.280461455141207,122.81,-0.02,44.60029202347948,6750787610.0,-5.3,1563724800000.0,2.52,-145908244.0,33576653.0,1.12,11.191,143253.0,2.93,,202.1,澜起科技,78.226,,1220538021.0,0,202.31,科创板
SH600580,11.631413554285297,0.0,2.6595,11,-3.94,False,0.01,3.632,1557632511.0,25.35,4.59,26.4633,-48.12,39485984154.0,1790697600000.0,39599678904.0,0.71,100.0,8.804991496287283,1230.92,0.08,-2.6347196380605675,535696901.0,-1.04,1023292800000.0,0.6,-38785945.0,20833724.0,1.18,3.632,142900.0,1.34,,110.99,卧龙电驱,42.103,,1562117511.0,0,26.39,沪市主板
SH600208,-52.94246447253781,0.0,7.4243,11,-2.06,False,0.01,0.582,8507976337.0,2.85,3.44,,-26.36,24247732560.0,1790697600000.0,24250481280.0,,100.0,0.4096493176278915,18.27,-0.35,-51.60320513734343,260751255.0,-0.06,930067200000.0,0.02,-60609480.0,90304668.0,0.92,0.582,142538.0,1.06,,0.0,衢州发展,142.263,,8508940800.0,0,2.91,沪市主板
SH600597,,0.0,0.4059,11,-1.01,False,0.01,0.975,1378455363.0,6.86,1.73,14.2723,-15.2,9456203790.0,1790697600000.0,9456330014.0,,100.0,-1.177126824877257,46.7,0.0,-4.945904108296951,56979830.0,-0.07,1030464000000.0,-0.08,-4182931.0,8284679.0,1.02,0.975,141788.0,0.6,,96.77,光明乳业,-81.6,,1378473763.0,0,6.93,沪市主板
SH600141,6.989063096082271,0.0,1.0003,11,0.0,False,0.01,1.288,1196163657.0,26.87,3.01,42.2772,-21.28,32140917464.0,1790697600000.0,32140917464.0,2.605,100.0,6.924261162265124,853.14,0.07,7.33785077128275,390991369.0,0.0,929462400000.0,1.34,-1614990.0,14422762.0,0.86,1.294,141506.0,1.21,,0.0,兴发集团,20.078,,1196163657.0,0,26.87,沪市主板
SH600507,-11.055087610367664,0.0,0.5424,11,0.98,False,0.01,0.962,2313187890.0,4.12,2.45,24.8318,-27.04,9530334107.0,1790697600000.0,9530334107.0,4.757,100.0,7.629129973838948,1186.29,-0.24,-14.023728410402892,100224339.0,0.04,1064851200000.0,0.32,9360614.0,24330779.0,1.41,0.962,141091.0,1.05,,32.77,方大特钢,12.783,,2313187890.0,0,4.08,沪市主板
SH600177,-4.090790452844873,0.0,3.3425,11,0.24,False,0.01,0.921,4503441933.0,8.4,1.31,31.3391,17.61,37828912237.0,1790697600000.0,38836911977.0,5.69,100.0,6.731686104976873,1741.7,0.12,-5.328259591826557,239229204.0,0.02,911404800000.0,0.62,11206625.0,28537392.0,1.46,0.921,140880.0,0.63,,0.0,雅戈尔,13.602,,4623441902.0,0,8.38,沪市主板
SH603160,43.6167982375344,0.0,5.2828,11,-3.08,False,0.01,2.581,465982755.0,51.55,4.29,32.7443,-34.35,24021411020.0,1790697600000.0,24021411020.0,0.755,100.0,7.1812910971421156,131.06,0.17,-0.5243812697083294,193485502.0,-1.64,1476633600000.0,1.41,9783986.0,3702419.0,1.13,2.581,140531.0,0.79,,43.98,汇顶科技,36.507,,465982755.0,0,53.19,沪市主板
SH600266,-56.33572674809598,0.0,0.3266,11,-1.58,False,0.01,0.504,2075743507.0,4.35,2.71,,-13.15,9029484255.0,1790697600000.0,9029484255.0,1.149,100.0,-5.2751370552734205,206.58,-0.23,5.669715830206412,200735256.0,-0.07,917971200000.0,-0.53,-4747536.0,45964675.0,0.78,0.504,139682.0,2.21,,0.0,城建发展,-8.283,,2075743507.0,0,4.42,沪市主板
SH600741,-3.0098997536147087,0.0,0.2613,11,-1.5,False,0.01,0.718,3152723984.0,15.15,2.21,4.4795,-19.55,47763768358.0,1790697600000.0,47763768358.0,6.601,100.0,10.763933876619227,9194.48,0.0,2.463845376797691,311379451.0,-0.23,840988800000.0,2.21,13804528.0,20459243.0,1.41,0.718,139343.0,0.65,,66.72,华域汽车,6.867,,3152723984.0,0,15.38,沪市主板
SH600410,-39.639675344782034,0.0,3.1162,11,-1.83,False,0.01,3.665,1096494683.0,13.92,4.44,47.5863,-22.11,15263205987.0,1790697600000.0,15263205987.0,0.057,100.0,-8.205193789841983,631.17,0.29,7.355573763086776,643802958.0,-0.26,1082995200000.0,-0.33,-7749096.0,45652972.0,0.69,3.665,138561.0,4.16,,33.14,华胜天成,-42.739,,1096494683.0,0,14.18,沪市主板
SH600598,,0.0,5.1735,11,0.08,False,0.01,3.463,1777679909.0,12.64,2.22,660.8438,-12.25,22469874050.0,1790697600000.0,22469874050.0,4.351,100.0,-4.955764881684115,396.52,0.0,-9.878798733724558,198949804.0,0.01,1017331200000.0,-0.2,8828317.0,15668929.0,0.75,3.463,138439.0,0.88,,41.82,北大荒,-63.338,,1777679909.0,0,12.63,沪市主板
SH601877,14.28267921781876,0.0,0.8169,11,2.97,False,0.01,1.2,2148968976.0,25.69,3.85,1.895,-5.71,55207012993.0,1790697600000.0,55207012993.0,2.507,100.0,11.408147713222377,98.64,0.08,9.892937014055425,641327620.0,0.74,1264003200000.0,2.36,68555216.0,24984224.0,2.86,1.2,136813.0,1.16,,20.23,正泰电器,10.888,,2148968976.0,0,24.95,沪市主板
SH688012,67.88316826780103,0.0,21.2559,82,-1.67,False,0.01,9.989,942197038.0,313.24,5.27,108.0423,71.27,295133800183.0,1790697600000.0,300034537088.0,0.073,1.0,16.621339154063698,327.67,0.01,38.679910885944714,4635432333.0,-5.31,1563724800000.0,4.42,-20689732.199999988,14524492.0,1.35,10.981,135367.0,1.54,,179.32,中微公司,70.918,,957842348.0,0,318.55,科创板
SH600415,22.50512019086417,0.0,2.6399,11,-2.26,False,0.01,2.687,5483559226.0,10.83,3.07,6.5857,-28.97,59386946418.0,1790697600000.0,59386946418.0,5.54,100.0,21.140517337712147,1815.46,0.0,32.966560207065655,350793880.0,-0.25,1020873600000.0,0.82,-13220194.75,32156306.0,0.47,2.687,135128.0,0.59,,1356.25,小商品城,13.221,,5483559226.0,0,11.08,沪市主板
SH600428,40.614699985891576,0.0,1.1208,11,2.52,False,0.01,1.771,2743920395.0,10.98,2.99,4.0368,59.25,30128245937.0,1790697600000.0,30128245937.0,2.96,100.0,14.018788875317986,542.82,-0.09,36.64050424565095,335306536.0,0.27,1019059200000.0,0.85,-25828818.0,30522041.0,1.19,1.771,135053.0,1.11,,65.09,中远海特,12.951,,2743920395.0,0,10.71,沪市主板
SH600755,-39.93890865664865,0.0,0.0318,11,0.18,False,0.01,0.638,2132158487.0,5.69,1.58,,-17.94,12131981791.0,1790697600000.0,12131981791.0,3.884,100.0,1.213057480282059,615.72,-0.18,-2.3402176846625378,86576594.0,0.01,844272000000.0,0.19,-11542594.0,15182354.0,0.46,0.639,134437.0,0.71,,109.74,厦门国贸,29.426,,2132158487.0,0,5.68,沪市主板
SH603087,50.32201648076278,0.0,10.4428,11,-4.96,False,0.01,3.753,561416587.0,73.56,6.55,45.3977,10.14,41297804140.0,1790697600000.0,43947110352.0,1.359,100.0,10.140747729444433,20.31,0.22,18.669527505373786,996617036.0,-3.84,1593360000000.0,1.92,-56883086.0,13360295.0,1.1,3.752,134355.0,2.38,,44.0,甘李药业,38.225,,597432169.0,0,77.4,沪市主板
SH600683,29.87507977885675,0.0,0.7073,11,-2.35,False,0.01,,740777597.0,8.74,4.8,68.8941,104.68,6474396198.0,1790697600000.0,6474396198.0,,100.0,-35.69625603779306,458.47,0.11,71.04524682567228,126822957.0,-0.21,751478400000.0,-1.71,1268148.0,14306700.0,0.72,-4.421,133825.0,1.93,,286.67,京投发展,-5.115,,740777597.0,0,8.95,沪市主板
SH600064,2.1760642087129245,0.0,4.8413,11,-0.25,False,0.01,0.697,1730339644.0,8.02,1.49,10.286,-3.56,13877323945.0,1790697600000.0,13877323945.0,3.99,100.0,8.801159010443357,944.95,0.0,-19.64278892571143,217959910.0,-0.02,862848000000.0,0.99,6708330.920000002,27191854.0,1.36,0.697,133189.0,1.57,,0.0,南京高科,8.139,,1730339644.0,0,8.04,沪市主板
SH600056,-27.40054717947946,0.0,0.3812,11,1.13,False,0.01,1.122,1495351478.0,8.98,1.24,12.1099,-12.33,13428256272.0,1790697600000.0,13433000137.0,0.835,100.0,3.6154957320380925,548.75,0.0,-3.3011807953992167,100847284.0,0.1,863625600000.0,0.29,6928519.0,11217012.0,1.47,1.122,132575.0,0.75,,0.0,中国医药,31.358,,1495879748.0,0,8.88,沪市主板
SH600206,18.103686430309974,0.0,3.2565,11,-4.25,False,0.01,8.668,846553332.0,44.64,6.44,,120.51,37790140740.0,1790697600000.0,37790140740.0,0.311,100.0,7.646987987719994,876.27,-0.67,9.854196652106118,2139015199.0,-1.98,921772800000.0,0.38,-59283353.0,46325340.0,0.61,8.668,132433.0,5.47,,0.0,有研新材,118.838,,846553332.0,0,46.62,沪市主板
SH603778,95.3781606376953,0.0,6.4978,11,2.24,False,0.01,23.167,642857142.0,8.2,6.86,441.2785,-53.41,5271428564.0,1790697600000.0,5412345384.0,,100.0,-111.25784535103973,89.24,0.24,-3.371085031287846,566746579.0,0.18,1451491200000.0,-0.85,78632072.0,68431030.0,1.29,23.164,132239.0,10.64,,43.99,国晟科技,-9.61,,660042120.0,0,8.02,沪市主板
SH600562,-4.207153109513961,0.0,9.7614,11,-1.38,False,0.01,4.864,1241857840.0,26.44,5.15,1090.1204,-5.76,32834721290.0,1790697600000.0,32834721290.0,0.942,100.0,8.854155083157227,1211.25,0.23,0.8763863365234048,161507933.0,-0.37,1043683200000.0,0.46,-700134.0,6041813.0,1.04,4.864,132217.0,0.49,,115.0,国睿科技,57.414,,1241857840.0,0,26.81,沪市主板
SH601519,,0.0,19.4659,11,-3.58,False,0.01,12.852,1989160000.0,8.34,4.51,1064.8233,-35.2,16589594400.0,1790697600000.0,16589594400.0,,100.0,-5.127905488703509,-2.63,0.36,4.320215100264346,464026994.0,-0.31,1296144000000.0,-0.03,-25622785.0,55201542.0,1.22,12.853,131676.0,2.78,,9.4,大智慧,-241.872,,1989160000.0,0,8.65,沪市主板
SH601066,31.49436348679837,0.0,6.125,11,-1.22,False,0.01,2.015,6495671035.0,22.75,2.61,2.1069,-13.89,147776516046.0,1790697600000.0,176464806632.0,2.044,100.0,10.673508935597079,289.33,0.09,14.881414120162283,230044377.0,-0.28,1529424000000.0,1.62,-10411746.0,10055184.0,1.21,2.015,131614.0,0.15,,43.91,中信建投,14.039,,7756694797.0,0,23.03,沪市主板
SH600988,81.71557079636385,0.0,5.1618,11,-1.24,False,0.01,5.183,1663911378.0,39.07,3.64,12.7505,26.12,65009017538.0,1790697600000.0,74249064724.0,0.819,100.0,28.595660537272416,1319.69,-0.15,32.56860813039144,1217095204.0,-0.49,1081872000000.0,1.95,45913152.2,31080524.0,0.77,5.183,130858.0,1.87,,78.19,赤峰黄金,20.025,,1900411178.0,0,39.56,沪市主板
SH600312,19.039219526535224,0.0,2.2842,11,1.18,False,0.01,2.348,1356921309.0,20.53,2.51,50.5742,19.26,27857594474.0,1790697600000.0,27857594474.0,1.875,100.0,11.096993103450409,657.76,0.0,2.16199187747943,365245031.0,0.24,982684800000.0,0.94,11110471.0,17861281.0,1.02,2.348,130124.0,1.32,,56.22,平高电气,21.903,,1356921309.0,0,20.29,沪市主板
SH600717,10.360883056053849,0.0,1.0535,11,1.4,False,0.01,0.617,2894001038.0,4.36,2.09,4.8069,-0.1,12617844526.0,1790697600000.0,12617844526.0,2.339,100.0,5.75850497589065,1446.1,0.0,-1.7356948442228126,99092877.0,0.06,834681600000.0,0.4,10173555.0,22762213.0,1.38,0.617,129870.0,0.79,,542.86,天津港,10.929,,2894001038.0,0,4.3,沪市主板
SH601211,56.309801734079535,0.0,3.3779,11,-1.6,False,0.01,0.882,13449124024.0,16.6,2.55,2.15,-17.64,223255458798.0,1790697600000.0,291845561937.0,3.922,100.0,9.312050355834572,-3.97,-0.06,51.098706867436164,1052261238.0,-0.27,1435248000000.0,1.84,-67620368.0,62974375.0,1.2,0.878,129599.0,0.47,,43.99,国泰海通,9.027,,17581057948.0,0,16.87,沪市主板
SH600271,,0.0,2.3332,11,-1.05,False,0.01,0.946,1852884638.0,6.57,2.41,118.5664,-43.8,12173452072.0,1790697600000.0,12173452072.0,,100.0,-6.177643185896691,353.89,0.15,-27.44297627171831,55428597.0,-0.07,1057852800000.0,-0.44,-5091314.0,8389798.0,1.02,0.946,129182.0,0.45,,26.43,航天信息,-14.839,,1852884638.0,0,6.64,沪市主板
SH600549,48.481502432357445,0.0,1.1058,11,-2.09,False,0.01,3.668,1553931980.0,43.19,3.81,,6.81,67114322216.0,1790697600000.0,68567831825.0,1.899,100.0,20.253821862687303,2932.37,0.09,28.738652567520084,1054691039.0,-0.92,1036598400000.0,2.23,-28432577.799999997,24199134.0,0.91,3.668,127954.0,1.56,,75.26,厦门钨业,19.365,,1587585826.0,0,44.11,沪市主板
SH600157,-59.54247507606936,0.0,1.3423,11,0.0,False,0.01,0.678,21817764145.0,1.45,2.76,5.1798,-7.64,31635758010.0,1790697600000.0,31635758010.0,,100.0,0.3697705162761535,184.87,0.69,-8.25016981929354,523449365.0,0.0,894988800000.0,0.01,-22203034.0,358946183.0,1.02,0.678,127886.0,1.65,,0.0,永泰能源,182.591,,21817764145.0,0,1.45,沪市主板
SH600787,-32.08375988715003,0.0,0.1332,11,0.0,False,0.01,0.724,2170079582.0,4.62,1.52,118.7963,-15.68,10025767669.0,1790697600000.0,10025767669.0,2.446,100.0,2.29335187973453,1382.67,-0.22,8.183280750009825,67984633.0,0.0,853776000000.0,0.15,1264987.0,14659000.0,1.18,0.724,127516.0,0.68,,0.0,中储股份,31.532,,2170079582.0,0,4.62,沪市主板
SH600343,-8.465181478036277,0.0,16.0774,11,1.17,False,0.01,9.833,638206348.0,19.1,6.41,,-61.0,12189741247.0,1790697600000.0,12189741247.0,,100.0,-13.40132882711188,452.02,0.16,-9.873576309180587,761212345.0,0.22,1049731200000.0,-0.28,104272816.0,38899552.0,0.97,9.833,126815.0,6.1,,227.99,航天动力,-69.123,,638206348.0,0,18.88,沪市主板
SH600779,,0.0,4.8315,11,-0.73,False,0.01,2.542,487374048.0,25.99,1.64,,-31.83,12666851508.0,1790697600000.0,12666851508.0,0.977,100.0,6.00720745282526,1193.42,0.19,-23.77229295424804,33174545.0,-0.19,849801600000.0,0.6,-1260701.0,1274804.0,0.69,2.542,126061.0,0.26,,227.73,水井坊,43.047,,487374048.0,0,26.18,沪市主板
SH600711,133.30405866134848,0.0,0.8959,11,1.38,False,0.01,1.777,3090611551.0,10.28,2.76,10.2091,-31.62,31771486744.0,1790697600000.0,31771486744.0,1.43,100.0,15.882168314504113,969.39,0.1,19.630901876488572,464909791.0,0.14,833472000000.0,0.88,62806852.0,45120736.0,1.18,1.777,125738.0,1.46,,554.12,盛屯矿业,11.712,,3090611551.0,0,10.14,沪市主板
SH600062,-1.6210565909982155,0.0,1.5539,11,-0.49,False,0.01,1.37,1038225388.0,16.16,1.85,11.7025,-9.61,16777722270.0,1790697600000.0,16783330824.0,2.964,100.0,13.85495715531363,1130.02,0.0,-2.0687021210025747,131912268.0,-0.08,864230400000.0,1.55,-9358155.0,8119901.0,1.53,1.37,124990.0,0.78,,0.0,华润双鹤,10.403,,1038572452.0,0,16.24,沪市主板
SH600169,10.424283477088991,,0.6909,11,0.46,False,0.01,1.398,3333141500.0,2.2,1.83,2.3053,-3.51,7332911300.0,,7332911300.0,,100.0,4.668551309450926,263.7,-0.45,9.164343201885972,19073878.0,0.01,904838400000.0,0.07,1869129.0,8657333.0,1.16,1.398,124766.0,0.26,,0.0,ST太重,30.558,,3333141500.0,0,2.19,沪市主板
SH601117,6.349710796074404,0.0,0.2284,11,-0.28,False,0.01,0.62,6088067362.0,7.15,1.26,3.7776,-2.59,43529681638.0,1790697600000.0,43654758733.0,3.021,100.0,9.535954740942195,65.64,0.14,2.3613075138389394,323003484.0,-0.02,1262793600000.0,1.06,-6213028.0,45116143.0,1.23,0.62,124648.0,0.74,,5.89,中国化学,6.737,,6105560662.0,0,7.17,沪市主板
SH600739,92.51047972548075,0.0,1.6744,11,-0.78,False,0.01,0.516,1522315928.0,10.13,2.45,28.2214,-8.13,15421060351.0,1790697600000.0,15421060351.0,1.481,100.0,5.467589682365839,2411.78,0.0,-5.99797204465321,111885003.0,-0.08,840384000000.0,1.08,-6121962.0,10961202.0,1.3,0.516,123555.0,0.72,,57.0,辽宁成大,9.409,,1522315928.0,0,10.21,沪市主板
SH688041,44.47750926177589,0.0,28.4586,82,-2.76,False,0.01,20.202,2324338091.0,220.53,4.36,,-1.65,512586279208.0,1790697600000.0,512586279208.0,0.109,1.0,13.518287288755534,216.3,0.1,58.5028611542167,3789619627.0,-6.27,1660233600000.0,1.35,-53088562.400000006,16954613.0,0.95,20.202,123194.0,0.73,,66.94,海光信息,163.145,,2324338091.0,0,226.8,科创板
SH603000,,0.0,8.5372,11,-2.48,False,0.01,4.744,1105691056.0,16.1,3.21,42.8928,-14.78,17801626002.0,1790697600000.0,17801626002.0,0.826,100.0,6.479048449599214,128.72,0.06,-0.1708731418662235,221189644.0,-0.41,1335456000000.0,0.22,-23778502.0,13605055.0,0.95,4.744,122463.0,1.23,,73.6,人民网,74.447,,1105691056.0,0,16.51,沪市主板
SH603026,,0.0,1.5998,11,3.65,False,0.01,2.539,232701014.0,59.0,6.61,,-21.1,13729359826.0,1790697600000.0,13729359826.0,0.068,100.0,11.271667255454041,715.01,0.39,24.29092414646621,667925705.0,2.08,1432828800000.0,2.24,29775353.0,11354612.0,2.77,2.539,121553.0,4.88,,43.93,石大胜华,26.303,,232701014.0,0,56.92,沪市主板
SH600026,42.66841288422248,0.0,4.5184,11,10.02,False,0.01,2.573,3828029180.0,22.62,4.47,10.9477,98.72,86590020052.0,1790697600000.0,123759706713.0,2.918,100.0,15.834077068797841,869.98,0.0,10.972450556271873,870079410.0,2.06,1022083200000.0,1.23,-34154433.0,38688510.0,0.67,2.573,121155.0,1.01,,88.14,中远海能,18.434,,5471251402.0,1,20.56,沪市主板
SH601636,,0.0,0.9928,11,-3.15,False,0.01,1.075,2958653728.0,5.22,4.82,9.8811,-10.63,15444172460.0,1790697600000.0,15444172460.0,2.069,100.0,-3.1063460814404604,40.19,0.0,-0.7060555731545626,241013284.0,-0.17,1313078400000.0,-0.15,-58732391.0,45666131.0,0.72,1.075,120948.0,1.54,,57.22,旗滨集团,-35.215,,2958653728.0,0,5.39,沪市主板
SH600881,-32.895552333458646,0.0,1.0491,11,0.54,False,0.01,56.89,3232150988.0,1.86,2.16,7.1462,0.0,6011800838.0,1790697600000.0,6011800838.0,,100.0,-171.5448777961246,390.51,0.0,-18.326569626117863,160163346.0,0.01,816364800000.0,-0.53,-1609832.0,86067253.0,1.06,56.881,120550.0,2.66,,-91.5,亚泰集团,-3.539,,3232150988.0,0,1.85,沪市主板
SH601100,3.2176213888090777,0.0,9.2978,11,-3.23,False,0.01,6.542,1340820992.0,87.39,3.52,47.8924,-20.07,117174346491.0,1790697600000.0,117174346491.0,0.984,100.0,15.987220187319778,1263.87,-0.32,17.178944192689592,821183322.0,-2.92,1319731200000.0,2.04,-46232966.0,9350679.0,1.24,6.541,120178.0,0.7,,3.39,恒立液压,42.745,,1340820992.0,0,90.31,沪市主板
SH601020,99.25911472003762,0.0,7.9542,11,-1.58,False,0.01,3.601,819964698.0,19.35,2.29,26.8383,-27.69,15866316906.0,1790697600000.0,15866316906.0,0.408,100.0,20.248129506894774,226.03,0.0,29.11355166106835,191271694.0,-0.31,1458057600000.0,0.99,2616413.0,9838168.0,0.43,3.601,119694.0,1.2,,44.01,华钰矿业,19.567,,819964698.0,0,19.66,沪市主板
SH600348,-23.597345387950096,0.0,1.6294,11,2.36,False,0.01,1.189,3607500000.0,9.09,3.04,8.57,13.15,32792175000.0,1790697600000.0,32792175000.0,2.607,100.0,5.637888291463306,1771.91,0.0,-12.770133637779434,251222217.0,0.21,1061395200000.0,0.55,19378172.0,27655292.0,1.4,1.189,118270.0,0.77,,10.73,华阳股份,16.546,,3607500000.0,0,8.88,沪市主板
SH601118,,0.0,0.7512,11,2.2,False,0.01,2.933,4279427797.0,6.51,6.44,19.6064,11.28,27859074958.0,1790697600000.0,27859074958.0,,100.0,-0.5865128731880545,-28.59,0.0,-1.9895201401804452,1334095091.0,0.14,1294329600000.0,-0.01,-5445499.0,202697884.0,1.95,2.933,117987.0,4.74,,83.81,海南橡胶,-484.815,,4279427797.0,0,6.37,沪市主板
SH603589,-41.55833402461543,0.0,3.1192,11,0.06,False,0.01,1.017,598119472.0,17.79,1.69,,-39.22,10640545407.0,1790697600000.0,10640545407.0,2.805,100.0,3.090414117138174,20.6,0.17,-19.783769268597297,80188916.0,0.01,1435507200000.0,0.54,-2009745.0,4516899.0,0.72,1.016,117357.0,0.76,,44.0,口子窖,32.929,,598119472.0,0,17.78,沪市主板
SH603605,22.42465336724202,0.0,2.0571,11,0.77,False,0.01,3.254,395976100.0,55.12,2.01,11.7938,-17.82,21826202632.0,1790697600000.0,21826202632.0,4.272,100.0,30.029211999615015,435.21,0.04,6.058122266048227,212544611.0,0.42,1510675200000.0,4.72,-5995587.0,3884670.0,0.82,3.278,116998.0,0.98,,44.0,珀莱雅,11.69,,395976100.0,0,54.7,沪市主板
SH601111,28.90359385002217,0.0,0.6535,11,-2.88,False,0.01,1.965,11638109474.0,5.74,1.86,3.1052,-38.74,66802748381.0,1790697600000.0,117627300312.0,,100.0,-4.39102637454199,136.18,0.0,10.340848018968906,493891491.0,-0.17,1155830400000.0,-0.11,-126175962.0,85510987.0,1.36,1.965,116419.0,0.73,,0.0,中国国航,-52.265,,20492561030.0,0,5.91,沪市主板
SH600499,2.5530064039813283,0.0,1.1188,11,2.14,False,0.01,1.654,1917856391.0,11.43,4.65,8.6823,-16.0,21921098549.0,1790697600000.0,21921098549.0,2.625,100.0,14.626347559961225,1640.26,0.0,31.545304949939855,438075327.0,0.24,1034179200000.0,0.96,38861781.0,38686502.0,0.92,1.654,116387.0,2.02,,65.56,科达制造,11.861,,1917856391.0,0,11.19,沪市主板
SH600198,,0.0,8.486,11,-1.66,False,0.01,45.07,1301949804.0,7.09,2.77,518.173,-26.53,9230824110.0,1790697600000.0,9242549106.0,,100.0,-16.610423759661632,-26.29,0.14,8.57490886778185,79524708.0,-0.12,908899200000.0,-0.03,-7872476.0,11154275.0,0.97,45.073,116379.0,0.86,,0.0,大唐电信,-249.708,,1303603541.0,0,7.21,沪市主板
SH688363,-30.137462195051924,0.0,4.4979,82,-0.89,False,0.01,2.344,481678242.0,34.5,2.84,17.8057,-20.6,16617899349.0,1790697600000.0,16617899349.0,0.548,1.0,3.1720356132713707,-54.52,0.5,-18.725031815514082,93822420.0,-0.31,1572969600000.0,0.47,-5010692.0,2714322.0,1.0,2.344,115814.0,0.56,,78.07,华熙生物,74.188,,481678242.0,0,34.81,科创板
SH603369,-8.126594404608255,0.0,3.5663,11,-1.57,False,0.01,2.01,1246800037.0,27.65,2.06,16.824,-17.13,34474021023.0,1790697600000.0,34474021023.0,4.34,100.0,14.7391145477778,313.45,-0.07,-2.27300340072939,245875735.0,-0.44,1404316800000.0,1.97,884916.0,8856528.0,0.85,2.01,115543.0,0.71,,44.0,今世缘,14.033,,1246800037.0,0,28.09,沪市主板
SH600633,-11.641992757606157,0.0,3.6721,11,-1.7,False,0.01,1.206,1268074472.0,9.83,2.3,22.6211,-21.75,12465172060.0,1790697600000.0,12465172060.0,2.543,100.0,4.850165264398354,423.6,-0.1,6.936239086943585,138332680.0,-0.17,731174400000.0,0.39,-29252396.0,13952639.0,1.46,1.206,115372.0,1.1,,-67.67,浙数文化,25.1,,1268074472.0,0,10.0,沪市主板
SH600667,-16.041679751124562,0.0,1.2195,11,-4.28,False,0.01,3.947,2091542178.0,16.55,6.3,19.6601,108.12,34615023046.0,1790697600000.0,34615023046.0,0.483,100.0,5.0118948581867295,843.13,0.06,-12.791543772562775,1793610494.0,-0.74,743788800000.0,0.21,-13695122.0,106019951.0,0.69,3.947,114702.0,5.07,,134.72,太极实业,79.299,,2091542178.0,0,17.29,沪市主板
SH600305,21.761534679511072,0.0,3.135,11,0.45,False,0.01,2.24,1102959908.0,6.77,1.04,26.6917,-12.93,7467038577.0,1790697600000.0,7478613652.0,1.773,100.0,4.6157940764867496,321.75,0.15,5.701557090856735,34434848.0,0.03,981388800000.0,0.14,882860.0,5104877.0,0.83,2.24,114566.0,0.46,,124.23,恒顺醋业,48.616,,1104669668.0,0,6.74,沪市主板
SH600025,1.8705180815874467,0.0,7.0257,11,2.12,False,0.01,2.691,18631094257.0,10.1,2.73,9.6387,13.82,188174051996.0,1790697600000.0,188174051996.0,2.03,100.0,10.296822336359673,391.2,0.0,4.771035643103794,405527514.0,0.21,1513267200000.0,0.44,66399690.0,40245543.0,1.38,2.691,113375.0,0.22,,43.78,华能水电,22.75,,18631094257.0,0,9.89,沪市主板
SH600098,-6.431893270586475,0.0,0.429,11,2.69,False,0.01,0.837,3505864981.0,6.49,2.69,4.3809,3.25,22753063727.0,1790697600000.0,22753063727.0,5.393,100.0,6.004419257526415,174.85,0.15,5.899847699970184,155991715.0,0.17,869155200000.0,0.46,20371161.0,24178635.0,1.62,0.837,113331.0,0.69,,0.0,广州发展,13.957,,3505864981.0,0,6.32,沪市主板
SH600398,-11.601429037621724,0.0,1.2499,11,3.54,False,0.01,1.576,4802770296.0,5.85,3.19,6.3542,3.09,28096206232.0,1790697600000.0,28096206232.0,11.624,100.0,11.662682104685231,240.02,0.17,2.5575152859090844,250343806.0,0.2,977932800000.0,0.43,50034875.0,43277187.0,2.08,1.576,112655.0,0.9,,110.62,海澜之家,13.551,,4802770296.0,0,5.65,沪市主板
SH600346,34.26902262422278,0.0,0.5908,11,2.05,False,0.01,1.605,7039099786.0,16.4,4.92,7.6228,-26.0,115441236490.0,1790697600000.0,115441236490.0,1.768,100.0,16.621856244645983,866.98,0.12,-6.808176818275891,481340781.0,0.33,998236800000.0,1.6,50949329.0,29059655.0,0.92,1.605,111913.0,0.41,,255.41,恒力石化,10.28,,7039099786.0,0,16.07,沪市主板
SH600478,,0.0,1.2274,11,2.2,False,0.01,2.672,1693918916.0,4.64,3.3,,-32.66,7859783770.0,1790697600000.0,7859783770.0,,100.0,5.047491506277893,326.35,0.22,28.28124180174756,148412052.0,0.1,1063814400000.0,0.09,10195343.0,31978900.0,1.39,2.627,111695.0,1.89,,94.32,科力远,53.959,,1693918916.0,0,4.54,沪市主板
SH601698,-7.461210904601645,0.0,36.6093,11,1.73,False,0.01,6.117,4224385412.0,22.99,3.76,74.4158,-35.59,97118620622.0,1790697600000.0,97118620622.0,0.135,100.0,2.363538703622569,614.0,0.26,0.5896326936060348,495113958.0,0.39,1561651200000.0,0.09,58256292.0,21429528.0,1.49,6.117,110670.0,0.51,,44.12,中国卫通,259.818,,4224385412.0,0,22.6,沪市主板
SH601016,-35.99749011041299,0.0,5.0632,11,0.61,False,0.01,1.196,6038260256.0,3.28,1.23,5.4768,11.63,19805493640.0,1790697600000.0,21465929086.0,0.427,100.0,2.332848767459301,240.25,0.0,-7.684501189824466,206819700.0,0.02,1411920000000.0,0.06,3287207.0,63081505.0,1.06,1.196,110348.0,1.04,,43.78,节能风电,51.16,,6544490575.0,0,3.26,沪市主板
SH600329,-10.273172045396517,0.0,5.7968,11,0.62,False,0.01,4.607,567089356.0,35.54,1.36,33.9814,-12.72,20154355712.0,1790697600000.0,27369153412.0,9.977,100.0,11.519211596184284,405.12,0.11,-17.877651641162252,64877463.0,0.22,991756800000.0,1.1,6676882.0,1829765.0,1.1,4.607,109842.0,0.32,,180.0,达仁堂,32.269,,770094356.0,0,35.32,沪市主板
SH600511,-4.795679838292088,0.0,0.3703,11,0.73,False,0.01,1.055,553346424.0,26.29,0.92,22.4996,-5.86,14547477487.0,1790697600000.0,19835883817.0,3.043,100.0,10.626357360667956,1451.4,-0.08,3.2548507187282194,93330784.0,0.19,1038326400000.0,2.56,4693560.0,3553711.0,1.19,1.055,109535.0,0.64,,131.0,国药股份,10.289,,754502998.0,0,26.1,沪市主板
SH600993,11.49459868366458,0.0,2.4847,11,0.58,False,0.01,2.199,430317966.0,22.65,1.38,13.5579,-16.74,9746701930.0,1790697600000.0,9763370631.0,3.091,100.0,14.00338075553913,1159.03,0.0,8.359944747768445,57064295.0,0.13,1084723200000.0,1.39,102177.0,2526200.0,1.13,2.199,107805.0,0.59,,43.64,马应龙,16.248,,431053891.0,0,22.52,沪市主板
SH600018,2.873195188115396,0.0,3.1099,11,1.65,False,0.01,0.88,23278320278.0,5.54,2.2,10.3474,6.08,128961894340.0,1790697600000.0,128970981192.0,3.52,100.0,9.917155103675539,477.44,0.18,4.923398818920832,329165995.0,0.09,963936000000.0,0.6,61213.0,59503484.0,1.45,0.88,107744.0,0.26,,66.94,上港集团,9.183,,23279960504.0,0,5.45,沪市主板
SH600380,-8.59105278349227,0.0,1.303,11,-2.56,False,0.01,1.19,1829453386.0,9.9,3.44,4.5189,-12.33,18111588521.0,1790697600000.0,18111588521.0,9.394,100.0,8.024091642698771,169.3,0.1,-8.669379822068423,285628873.0,-0.26,991929600000.0,0.65,-4557587.0,28629636.0,1.01,1.19,107738.0,1.56,,68.51,健康元,15.115,,1829453386.0,0,10.16,沪市主板
SH600369,36.083658156178956,0.0,6.8323,11,-1.02,False,0.01,0.983,6645109124.0,3.88,2.04,,-11.79,25783023401.0,1790697600000.0,25783023401.0,2.732,100.0,4.787583172872697,40.63,-0.26,23.773709243024534,82158097.0,-0.04,978969600000.0,0.19,-15831386.0,21057945.0,0.93,0.983,107403.0,0.32,,147.25,西南证券,20.73,,6645109124.0,0,3.92,沪市主板
SH600259,51.688437520706934,0.0,4.1749,11,-4.94,False,0.01,6.13,336435910.0,70.1,5.97,28.5533,24.8,23584157291.0,1790697600000.0,23584157291.0,0.214,100.0,12.587558398490772,467.83,0.13,-36.02160921265243,453606253.0,-3.64,959184000000.0,1.36,1392062.0,6407301.0,1.17,6.13,106895.0,1.9,,255.68,中稀有色,51.436,,336435910.0,0,73.74,沪市主板
SH600704,-0.8498559599150357,0.0,0.0426,11,1.03,False,0.01,0.607,5171179890.0,4.92,1.64,,-7.93,25442205059.0,1790697600000.0,25442205059.0,4.451,100.0,7.8906742377694545,1073.1,0.0,1.0838973216202419,206996209.0,0.05,833990400000.0,0.69,46953747.0,42118588.0,1.36,0.607,106695.0,0.81,,76.7,物产中大,7.13,,5171179890.0,0,4.87,沪市主板
SH603195,3.1798984641764783,0.0,4.3155,11,0.46,False,0.01,4.616,1800163355.0,38.89,1.91,15.2411,-0.2,70008352876.0,1790697600000.0,70136015290.0,4.898,100.0,27.844662883921345,95.13,-0.03,1.6190461374496756,135719941.0,0.18,1580918400000.0,2.31,-8410669.0,3503770.0,1.64,4.618,106297.0,0.19,,44.0,公牛集团,16.852,,1803446009.0,0,38.71,沪市主板
SH601869,83.73004640274854,0.0,18.453,11,-4.18,False,0.01,19.933,406338314.0,393.99,6.72,70.3478,238.88,160093232333.0,1790697600000.0,326186333501.0,0.344,100.0,24.70492355383202,1240.25,0.05,17.923946090440456,3338732849.0,-17.17,1532016000000.0,4.16,52887122.0,8339131.0,0.85,19.933,106220.0,2.05,,43.99,长飞光纤,94.752,,827905108.0,0,411.16,沪市主板
SH600004,23.630226918044084,0.0,2.3849,11,-1.16,False,0.01,0.955,2366718283.0,7.67,1.93,6.4145,-15.91,18152729231.0,1790697600000.0,19767466067.0,3.716,100.0,5.8068091338175725,176.82,-0.26,10.459228896410755,73156812.0,-0.09,1051459200000.0,0.44,-9682954.0,9446755.0,1.28,0.955,105919.0,0.4,,48.81,白云机场,17.266,,2577244598.0,0,7.76,沪市主板
SH603606,14.932170639325658,0.0,2.5357,11,2.76,False,0.01,3.662,824808488.0,37.54,3.42,28.3246,-23.9,30963310640.0,1790697600000.0,30963310640.0,1.239,100.0,17.485736372873678,1819.12,0.13,24.739904683169243,837826012.0,1.01,1413302400000.0,1.65,51408341.0,22424982.0,1.79,3.661,105551.0,2.72,,44.02,东方电缆,22.713,,824808488.0,0,36.53,沪市主板
SH603127,109.56805078995839,0.0,23.0444,11,5.6,False,0.01,4.347,627716714.0,52.06,9.05,52.7885,49.15,32678932131.0,1790697600000.0,39011068333.0,0.231,100.0,11.527459945921793,2168.51,-0.42,-9.783256766204262,4309890714.0,2.76,1503590400000.0,1.31,432532553.0,83578864.0,2.02,4.347,104562.0,13.31,,43.96,昭衍新药,39.628,,749348220.0,0,49.3,沪市主板
SH601898,-1.049621198344175,0.0,1.273,11,2.1,False,0.01,1.124,9152000400.0,14.09,3.41,5.8408,14.92,128951685636.0,1790697600000.0,186814567306.0,2.846,100.0,11.39000014218721,-12.74,0.07,-8.992975096712374,445113530.0,0.29,1201795200000.0,1.38,16046516.0,31798132.0,1.09,1.124,103949.0,0.35,,31.91,中煤能源,10.191,,13258663400.0,0,13.8,沪市主板
SH600751,-35.59052842715854,0.0,4.675,11,-1.37,False,0.01,1.108,2573189052.0,2.87,4.47,,-24.63,7385052579.0,1790697600000.0,8321099437.0,0.627,100.0,1.0121960524503688,83.23,0.0,47.449869517761265,68563845.0,-0.04,842198400000.0,0.03,-11557748.0,23620600.0,1.06,1.108,103175.0,0.92,,878.67,海航科技,109.12,,2899337783.0,0,2.91,沪市主板
SH600863,-1.1514141045692816,0.0,2.0543,11,8.05,False,0.01,2.009,7063325057.0,5.1,8.69,6.4965,19.12,36022957791.0,1790697600000.0,39959466756.0,4.314,100.0,10.600358831216546,2317.06,0.0,-7.403452451466885,1413796771.0,0.38,769363200000.0,0.26,349567443.0,283683795.0,4.03,2.009,102622.0,4.02,,25.64,华能蒙电,19.353,,7835189560.0,0,4.72,沪市主板
SH600313,-18.13759178195933,0.0,1.0498,11,2.23,False,0.01,3.276,1082198663.0,6.88,6.09,16.5649,7.0,7445526801.0,1790697600000.0,7990252907.0,0.131,100.0,3.3130577856303676,125.71,0.0,9.34302612990756,381455803.0,0.15,979833600000.0,0.06,22364611.0,55141424.0,1.49,3.276,102412.0,5.1,,126.19,农发种业,109.309,,1161373969.0,0,6.73,沪市主板
SH601995,44.406706956467914,0.0,4.1692,11,-1.44,False,0.01,1.398,2923542440.0,30.19,2.35,1.4132,-13.16,88261746264.0,1790697600000.0,145734884845.0,1.06,100.0,10.804791149886649,-9.44,0.13,23.0710036384669,525982310.0,-0.44,1604246400000.0,2.83,-23619325.0,17268407.0,0.66,1.398,102371.0,0.59,,30.99,中金公司,10.669,,4827256868.0,0,30.63,沪市主板
SH603260,-2.3252063641279186,0.0,1.7736,11,-0.7,False,0.01,1.247,1182206941.0,31.33,2.47,11.8535,-40.55,37038543462.0,1790697600000.0,37038543462.0,,100.0,-7.301388470372791,70.41,0.29,-7.111670713114748,146729421.0,-0.22,1509292800000.0,-1.92,353020.0,4655662.0,0.82,1.247,101332.0,0.39,,44.01,合盛硅业,-16.322,,1182206941.0,0,31.55,沪市主板
SH601816,6.94292809705126,0.0,5.3618,11,1.05,False,0.01,1.123,48925679370.0,4.81,1.68,10.8844,-4.82,235332517770.0,1790697600000.0,235332517770.0,1.975,100.0,6.619249743961721,-9.66,0.21,3.234741437299604,849467378.0,0.05,1579104000000.0,0.28,63263293.0,177789557.0,1.18,1.123,101206.0,0.36,,38.73,京沪高铁,17.269,,48925679370.0,0,4.76,沪市主板
SH601658,1.960185079551957,0.0,1.7879,11,0.55,False,0.01,0.63,72527800605.0,5.49,2.01,1.1351,5.06,398177625321.0,1790697600000.0,659321843671.0,4.153,100.0,7.681357169103949,36.07,0.0,3.665674985955092,934882030.0,0.03,1575907200000.0,0.75,-96139788.6,170320262.0,1.1,0.63,100613.0,0.23,,2.0,邮储银行,7.352,,120095053492.0,0,5.46,沪市主板
SH600596,59.126536196624556,0.0,0.9349,11,-1.04,False,0.01,1.125,1349597049.0,10.48,3.12,16.9473,-8.02,14143777074.0,1790697600000.0,14143777074.0,0.954,100.0,2.655903028331471,631.23,0.0,2.03163747637245,269825152.0,-0.11,999705600000.0,0.25,10508376.0,25469413.0,0.67,1.125,100460.0,1.89,,146.58,新安股份,42.603,,1349597049.0,0,10.59,沪市主板
SH600601,126.49518555539161,0.0,8.6369,11,-4.17,False,0.01,10.695,4170293287.0,12.65,7.27,59.4885,7.94,52754210081.0,1790697600000.0,56132847513.0,,100.0,18.326276645271516,44285.96,0.08,39.45241685893905,1875471529.0,-0.55,661536000000.0,0.2,-55766039.0,145000841.0,0.82,7.783,99799.0,3.48,,18430.0,方正科技,64.284,,4437379250.0,0,13.2,沪市主板
SH603568,-10.998816017936807,0.0,5.0673,11,-0.45,False,0.01,1.874,2048457418.0,13.36,3.35,8.9752,-34.81,27367391104.0,1790697600000.0,27367391104.0,3.75,100.0,12.00530802755585,289.89,0.07,-6.642521263553447,132808974.0,-0.06,1432742400000.0,0.84,-495867.0,9919122.0,1.93,1.874,99692.0,0.48,,44.01,伟明环保,15.927,,2048457418.0,0,13.42,沪市主板
SH600606,-38.19792395126708,0.0,0.1352,11,-4.55,False,0.01,0.537,14054218314.0,1.47,7.14,3.2476,-11.45,20659700922.0,1790697600000.0,20659700922.0,,100.0,-46.41926691253246,,0.0,-29.23636666244216,454481631.0,-0.07,701625600000.0,-1.64,-37986328.0,302021381.0,0.73,0.537,99636.0,2.15,,,绿地控股,-0.898,,14054218314.0,0,1.54,沪市主板
SH600919,9.057953605691482,0.0,2.5065,11,1.53,False,0.01,0.85,18351324463.0,12.57,2.34,0.528,27.37,230676148500.0,1790697600000.0,230676148500.0,4.487,100.0,10.616521603839074,185.18,-0.08,8.902627473223589,1056592332.0,0.19,1470067200000.0,1.97,33968872.3,84419347.0,1.0,0.85,99605.0,0.46,,44.02,江苏银行,6.383,,18351324463.0,0,12.38,沪市主板
SH600801,17.044095216728252,0.0,1.2673,11,-0.63,False,0.01,1.481,1341697649.0,23.65,4.79,6.3332,-2.57,31731149399.0,1790697600000.0,49168247099.0,2.326,100.0,10.872848433122462,2744.26,0.17,8.358533518859378,244668761.0,-0.15,757526400000.0,1.67,-4391312.0,10366734.0,1.47,1.481,99384.0,0.77,,152.63,华新建材,14.2,,2078995649.0,0,23.8,沪市主板
SH600061,21.619531761426547,0.0,2.5286,11,-1.29,False,0.01,0.726,6394097773.0,6.11,2.42,1.0488,-18.2,39067937393.0,1790697600000.0,39067937393.0,2.52,100.0,6.737236855032385,268.49,0.0,0.6467644599163158,165004320.0,-0.08,863971200000.0,0.59,-33523839.0,26859260.0,1.13,0.726,99213.0,0.42,,0.0,国投资本,10.343,,6394097773.0,0,6.19,沪市主板
SH600826,-28.792518772435894,0.0,3.5562,11,-0.88,False,0.01,1.35,724183568.0,7.9,2.63,41.5223,-23.08,5721050187.0,1790697600000.0,5721050187.0,3.291,100.0,6.773279536094108,408.01,0.13,3.475956422592086,37417819.0,-0.07,760291200000.0,0.4,-809594.0,4715580.0,0.54,1.371,99090.0,0.65,,144.55,兰生股份,19.991,,724183568.0,0,7.97,沪市主板
SH601866,5.595449050249757,0.0,1.2212,11,1.23,False,0.01,1.033,9710427720.0,2.47,3.28,5.5977,-1.39,23984756468.0,1790697600000.0,32436180098.0,1.498,100.0,5.2878644877592045,-71.27,0.41,21.306294333351627,241915326.0,0.03,1197388800000.0,0.12,18326924.0,97504342.0,1.88,1.039,99011.0,1.0,,74.77,中远海发,19.785,,13132056720.0,0,2.44,沪市主板
SH601868,-15.90402097949326,0.0,0.2344,11,-0.42,False,0.01,0.89,34977747243.0,2.38,1.26,74.875,2.55,83247038438.0,1790697600000.0,99224969454.0,1.387,100.0,4.361337865504751,10.46,0.0,3.0910349249475555,611023333.0,-0.01,1632758400000.0,0.13,-66825025.0,255078411.0,1.57,0.89,98911.0,0.73,,40.31,中国能建,18.662,,41691163636.0,0,2.39,沪市主板
SH600199,100.67103263612039,0.0,9.6077,11,-1.0,False,0.01,2.406,657796824.0,6.93,1.86,,-28.41,4558531990.0,1790697600000.0,4558531990.0,,100.0,-9.577721419759353,220.82,0.14,-37.87110915926546,85447854.0,-0.07,902851200000.0,-0.29,-5689399.0,12288465.0,0.55,2.406,98870.0,1.87,,0.0,金种子酒,-23.839,,657796824.0,0,7.0,沪市主板
SH600338,,0.0,3.737,11,-0.08,False,0.01,2.308,914210168.0,11.99,2.5,11.7264,-20.15,10961379914.0,1790697600000.0,10961379914.0,0.167,100.0,12.734466446222642,39.6,0.0,33.82100694993597,204207900.0,-0.01,977846400000.0,0.62,-9588675.0,16937036.0,0.87,2.308,98788.0,1.85,,115.95,西藏珠峰,19.357,,914210168.0,0,12.0,沪市主板
SH603881,4.478221182358877,0.0,11.3875,11,-2.49,False,0.01,5.697,862052399.0,22.35,3.58,15.0467,-11.77,19266871118.0,1790697600000.0,19266871118.0,0.215,100.0,4.190635235750219,794.82,0.0,2.4746598763536465,273431476.0,-0.57,1486483200000.0,0.16,-11804561.0,12077166.0,0.81,5.697,98770.0,1.4,,43.97,数据港,137.954,,862052399.0,0,22.92,沪市主板
SH600127,,0.0,2.359,11,5.02,False,0.01,13.386,641783218.0,13.8,11.04,2493.4904,105.36,8856608408.0,1790697600000.0,8856608408.0,,100.0,-2.6060940176848666,321.88,-1.15,-7.253974468149926,3659491224.0,0.66,894384000000.0,-0.03,-126459555.0,262181300.0,1.49,13.386,98284.0,40.85,,0.0,金健米业,-506.955,,641783218.0,0,13.14,沪市主板
SH603290,-52.819506860805454,0.0,4.7153,11,-2.91,False,0.01,2.745,239473466.0,78.85,5.48,42.8815,-17.58,18882482794.0,1790697600000.0,18882482794.0,0.644,100.0,2.842760436025575,648.43,0.01,2.9440640912893556,280465311.0,-2.36,1580745600000.0,0.81,-8424974.0,3499666.0,1.13,2.745,97785.0,1.46,,44.03,斯达半导,96.94,,239473466.0,0,81.21,沪市主板
SH603886,,,1.5848,11,3.53,False,0.01,2.358,240000000.0,13.21,6.11,11.3581,-0.28,3170400000.0,,3170400000.0,4.542,100.0,5.42275422808529,75.71,0.0,-10.918929583396098,112548850.0,0.45,1482854400000.0,0.31,4164160.0,8471000.0,1.5,2.358,97402.0,3.53,,44.0,元祖股份,42.18,,240000000.0,0,12.76,沪市主板
SH605499,37.737272124062216,0.0,3.6753,11,0.7,False,0.01,4.262,676016900.0,113.04,2.44,11.9823,-42.81,76416950376.0,1790697600000.0,82993890002.0,4.355,100.0,34.79011120099223,283.32,0.05,29.02726738304404,320693938.0,0.79,1622044800000.0,6.68,14590526.439999998,2858651.0,1.17,4.261,97079.0,0.42,,44.0,东鹏饮料,16.912,,734199310.0,0,112.25,沪市主板
SH600006,,0.0,1.1774,11,-4.01,False,0.01,1.39,2000000000.0,5.5,3.14,,-23.4,11000000000.0,1790697600000.0,11000000000.0,,100.0,-5.560908360007896,186.89,0.0,-6.99014927373508,234095836.0,-0.23,933004800000.0,-0.23,-37897989.0,42202415.0,0.74,1.39,97066.0,2.11,,31.37,东风股份,-24.308,,2000000000.0,0,5.73,沪市主板
SH600072,,0.0,1.2695,11,-2.37,False,0.01,1.951,1083337316.0,9.47,3.4,20.7803,-18.5,10259204383.0,1790697600000.0,14211152744.0,,100.0,-37.72256443881202,153.57,0.42,-4.382390319605845,678812319.0,-0.23,865267200000.0,-2.22,-24449342.0,71305470.0,3.52,1.951,96650.0,6.58,,0.0,中船科技,-4.263,,1500649709.0,0,9.7,沪市主板
SH600958,38.71685426378277,0.0,4.2792,11,-1.5,False,0.01,0.887,7469482864.0,8.52,2.54,4.1987,-20.08,63639994001.0,1790697600000.0,72391417888.0,2.347,100.0,7.89479511161921,-9.69,0.12,2.4005796471859187,386989586.0,-0.13,1427040000000.0,0.79,-62371344.05,45085311.0,1.38,0.887,96410.0,0.6,,43.97,东方证券,10.823,,8496645292.0,0,8.65,沪市主板
SH600611,,0.0,4.7646,11,-0.93,False,0.01,1.061,1563316364.0,4.25,2.33,7.7236,-21.74,6644094547.0,1790697600000.0,10047522172.0,0.471,100.0,-1.7507026295146815,1454.5,-0.23,-23.82559950450187,100288696.0,-0.04,713116800000.0,-0.07,4785058.0,23487320.0,0.63,1.061,96383.0,1.5,,326.12,大众交通,-58.426,,2364122864.0,0,4.29,沪市主板
SH600873,-27.18115061735422,0.0,0.8762,11,0.94,False,0.01,1.351,2804241650.0,7.55,1.74,10.1515,-21.67,21172024458.0,1790697600000.0,21172024458.0,5.669,100.0,14.190656190578624,1166.57,0.0,-4.5787695717349415,130786434.0,0.07,792950400000.0,0.78,13017577.0,17340105.0,1.06,1.351,96096.0,0.62,,70.0,梅花生物,9.735,,2804241650.0,0,7.48,沪市主板
SH601058,10.361356962219936,0.0,1.0845,11,-2.27,False,0.01,1.878,3288100259.0,12.94,3.25,9.8307,-17.98,42548017351.0,1790697600000.0,42548017351.0,2.55,100.0,17.82721883154078,630.66,0.15,17.271796514983407,543099528.0,-0.3,1309363200000.0,1.17,-41633455.0,41667239.0,1.49,1.877,95542.0,1.27,,45.64,赛轮轮胎,11.047,,3288100259.0,0,13.24,沪市主板
SH601991,86.64510938010079,0.0,0.8084,11,0.75,False,0.01,2.627,12396089106.0,5.35,1.51,2.6372,55.75,66319076717.0,1790697600000.0,99010901196.0,3.009,100.0,9.806389434487569,48.1,0.19,0.3870231541573954,649837158.0,0.04,1166544000000.0,0.45,45179982.0,121706869.0,0.92,2.627,95318.0,0.98,,70.81,大唐发电,11.905,,18506710504.0,0,5.31,沪市主板
SH601890,21.41785344879612,0.0,4.0862,11,1.18,False,0.01,2.325,959400000.0,9.46,3.85,,-6.96,9075924000.0,1790697600000.0,9075924000.0,1.163,100.0,9.422842660955581,8.14,0.11,6.873319661793675,498390181.0,0.11,1293465600000.0,0.37,21931523.0,52222874.0,1.56,2.325,94906.0,5.44,,6.58,亚星锚链,25.519,,959400000.0,0,9.35,沪市主板
SH600765,-25.70092303063448,0.0,2.1224,11,-1.21,False,0.01,1.374,1552494153.0,13.03,2.58,,-31.96,20228998814.0,1790697600000.0,20228998814.0,0.507,100.0,3.8623576784160187,1504.48,0.0,-7.74903089878819,118382200.0,-0.16,847209600000.0,0.36,-2193557.0,9008326.0,1.02,1.374,94437.0,0.58,,96.55,中航重机,36.1,,1552494153.0,0,13.19,沪市主板
SH603882,-15.475269949318704,0.0,2.2146,11,-2.65,False,0.01,2.076,458034577.0,28.29,5.09,11.9777,2.56,12957798183.0,1790697600000.0,13105576600.0,3.111,100.0,1.5489371215425518,222.4,-0.18,-12.079345770126293,277241673.0,-0.77,1504800000000.0,0.22,-27598832.0,9661600.0,0.86,2.076,94330.0,2.11,,44.01,金域医学,128.794,,463258275.0,0,29.06,沪市主板
SH600110,149.47492412655103,0.0,1.7908,11,2.02,False,0.01,3.204,1735180932.0,11.09,5.89,,56.42,19243156536.0,1790697600000.0,19243156536.0,,100.0,-2.1164886482716185,1197.23,0.18,50.65753550366752,1056944820.0,0.22,876153600000.0,-0.07,-2448075.0,94476390.0,0.81,3.204,94120.0,5.44,,0.0,诺德股份,-156.237,,1735180932.0,0,10.87,沪市主板
SH600132,-5.370053315910561,0.0,1.281,11,0.63,False,0.01,11.693,483971198.0,38.27,1.6,7.1991,-24.83,18521577747.0,1790697600000.0,18521577747.0,3.136,100.0,72.56147258243388,1994.92,0.1,-1.2105381924621184,105200104.0,0.24,878140800000.0,2.4,7780443.0,2756392.0,1.18,11.693,93687.0,0.57,,0.0,重庆啤酒,15.942,,483971198.0,0,38.03,沪市主板
SH600435,,0.0,4.8747,11,-1.25,False,0.01,5.875,1512357749.0,11.02,4.3,17.0535,-28.4,16666182394.0,1790697600000.0,16666182394.0,0.227,100.0,-1.5109499251011838,1062.69,0.27,-13.724786598864181,142876250.0,-0.14,1057248000000.0,-0.03,-4278630.0,12836100.0,0.92,5.875,93631.0,0.85,,36.56,北方导航,-384.738,,1512357749.0,0,11.16,沪市主板
SH600027,2.2051169590212805,0.0,0.498,11,4.24,False,0.01,1.204,9215677327.0,5.16,4.65,2.8683,7.26,47552895007.0,1790697600000.0,59916754789.0,4.457,100.0,7.784308984903646,231.34,0.0,-0.8953686898435675,642172692.0,0.21,1107360000000.0,0.45,81955991.75,125843844.0,1.82,1.204,92871.0,1.37,,78.97,华电国际,11.367,,11611774184.0,0,4.95,沪市主板
SH601865,,0.0,1.4738,11,-1.08,False,0.01,1.009,1901028261.0,9.12,2.71,7.4937,-41.0,17337377740.0,1790697600000.0,21367095340.0,1.645,100.0,1.6378859816503235,239.25,0.11,-14.577487358572371,91036033.0,-0.1,1550160000000.0,0.15,-275207.0,9906061.0,1.14,1.009,92729.0,0.52,,44.0,福莱特,59.942,,2342883261.0,0,9.22,沪市主板
SH603659,19.29637263001669,0.0,2.5014,11,1.91,False,0.01,2.19,2144184175.0,21.86,4.85,14.322,-19.54,46871866066.0,1790697600000.0,46871866066.0,1.034,100.0,13.609389541080711,295.36,0.18,13.485697071309556,598087256.0,0.41,1509638400000.0,1.29,16895582.0,27282864.0,1.81,2.19,92531.0,1.27,,43.98,璞泰来,17.01,,2144184175.0,0,21.45,沪市主板
SH601918,10.23291845631864,0.0,2.0798,11,2.13,False,0.01,1.643,2590541800.0,11.53,3.63,8.0615,77.82,29868946954.0,1790697600000.0,29868946954.0,1.041,100.0,14.061621243309833,44.78,0.26,9.097551876231357,469761318.0,0.24,1197993600000.0,0.94,8931539.0,41092776.0,1.2,1.643,92312.0,1.59,,136.22,新集能源,12.276,,2590541800.0,0,11.29,沪市主板
SH600744,,0.0,1.6177,11,1.82,False,0.01,10.323,2031124274.0,6.17,2.31,3.7263,4.93,12532036771.0,1790697600000.0,12532036771.0,,100.0,-4.175101936816121,68.83,0.33,-9.188588525197328,381665515.0,0.11,841852800000.0,-0.04,10609025.0,62071594.0,1.03,10.323,92016.0,3.06,,31.31,华银电力,-170.942,,2031124274.0,0,6.06,沪市主板
SH600859,,0.0,1.1118,11,-1.73,False,0.01,0.559,1123828064.0,9.67,2.24,4.8139,-37.73,10867417379.0,1790697600000.0,10868416870.0,,100.0,-0.3424908104401217,285.83,0.1,-8.25070422583456,90472022.0,-0.17,768153600000.0,-0.06,-1506475.0,9308173.0,0.96,0.559,90365.0,0.83,,37.25,王府井,-162.709,,1123931424.0,0,9.84,沪市主板
SH600529,-3.8725405511083166,0.0,2.6667,11,-0.39,False,0.01,1.406,663614113.0,18.1,1.76,17.7072,-6.75,12011415445.0,1790697600000.0,12011415445.0,2.652,100.0,8.25069776495719,602.72,-0.06,-1.6827315165825807,59128860.0,-0.07,1023033600000.0,1.04,1517145.0,3252799.0,0.92,1.406,90239.0,0.49,,65.52,山东药玻,17.424,,663614113.0,0,18.17,沪市主板
SH600732,,0.0,1.4165,11,-5.36,False,0.01,5.194,2105253328.0,10.95,5.27,11.445,-18.28,23052523942.0,1790697600000.0,23161380903.0,,100.0,-60.72170211997088,532.98,0.0,-14.51084555401384,379216620.0,-0.62,840124800000.0,-1.11,-83711481.0,34002764.0,1.32,5.194,90146.0,1.62,,125.87,爱旭股份,-9.906,,2115194603.0,0,11.57,沪市主板
SH601126,12.595997794725378,0.0,3.3949,11,-3.34,False,0.01,6.09,825727900.0,35.27,6.41,34.8664,19.87,29123423033.0,1790697600000.0,29382784505.0,3.402,100.0,18.623815235405168,306.68,0.31,16.675055194971677,695155198.0,-1.22,1293724800000.0,1.04,-11216370.0,19602608.0,1.36,6.09,89539.0,2.37,,35.26,四方股份,33.887,,833081500.0,0,36.49,沪市主板
SH600008,-0.19294818694819416,0.0,1.0943,11,1.1,False,0.01,0.967,7340590677.0,2.76,1.47,5.439,-4.33,20260030269.0,1790697600000.0,20260030269.0,2.899,100.0,5.481101715489258,61.19,-0.36,-5.35966143269242,194026033.0,0.03,956764800000.0,0.23,39560647.0,70391293.0,1.36,0.967,89141.0,0.96,,93.99,首创环保,12.045,,7340590677.0,0,2.73,沪市主板
SH600546,-24.98905797580401,0.0,1.2048,11,3.35,False,0.01,1.551,1982456140.0,13.56,4.57,4.2098,38.28,26882105258.0,1790697600000.0,26882105258.0,2.618,100.0,9.141343657919125,1162.22,0.15,-12.658960785506157,284315653.0,0.44,1059580800000.0,0.77,23959865.0,21041462.0,1.59,1.551,88950.0,1.06,,21.31,山煤国际,17.674,,1982456140.0,0,13.12,沪市主板
SH601808,9.250392790712514,0.0,1.1809,11,2.78,False,0.01,1.267,2960468000.0,12.56,3.19,5.7839,-8.45,37183478080.0,1790697600000.0,59931195520.0,2.253,100.0,8.447564433961254,-55.01,0.16,5.156257493123895,193092403.0,0.34,1190908800000.0,0.81,21542299.0,15420521.0,1.82,1.267,88896.0,0.52,,195.99,中海油服,15.421,,4771592000.0,0,12.22,沪市主板
SH600868,-58.31559634646284,0.0,10.7013,11,-0.72,False,0.01,2.68,1898148679.0,2.75,2.53,49.7873,-17.66,5219908867.0,1790697600000.0,5219908867.0,,100.0,-3.552302988747632,331.78,0.0,42.10755306847807,70678954.0,-0.02,779299200000.0,-0.04,-4217039.0,25549857.0,0.92,2.68,88260.0,1.35,,216.67,梅雁吉祥,-75.644,,1898148679.0,0,2.77,沪市主板
SH600120,55.50770878766733,0.0,9.1955,11,-1.08,False,0.01,0.938,3415381492.0,4.6,2.8,11.3671,-24.3,15710754863.0,1790697600000.0,15710754863.0,1.043,100.0,8.102447171041788,1537.01,-0.22,-52.09546001798093,97704212.0,-0.05,880905600000.0,0.41,269774.0,21109805.0,1.06,0.938,88250.0,0.62,,0.0,浙江东方,11.184,,3415381492.0,0,4.65,沪市主板
SH688525,251.30925377512284,0.0,3.8034,82,-4.77,False,0.01,6.878,476832022.0,183.18,5.67,,60.0,87346089790.0,1790697600000.0,87346089790.0,0.347,1.0,97.54423878338582,1094.98,0.1,132.26985335579116,3077556611.0,-9.17,1672329600000.0,17.29,97852622.63999999,16488424.0,0.94,6.802,88173.0,3.46,,14.8,佰维存储,10.595,,476832022.0,0,192.35,科创板
SH601021,-2.8974862086625253,0.0,1.6513,11,-2.72,False,0.01,2.192,978333423.0,39.65,2.4,5.3167,-32.1,38790920222.0,1790697600000.0,38790920222.0,2.108,100.0,12.44091407291545,294.3,-0.13,12.72005685964237,164245127.0,-1.11,1421769600000.0,2.24,-4185289.0,4109667.0,0.52,2.192,87867.0,0.42,,44.0,春秋航空,17.704,,978333423.0,0,40.76,沪市主板
SH600567,391.1849243024316,0.0,0.2784,11,-0.76,False,0.01,0.558,6205458106.0,1.31,2.27,2.2321,-22.49,8129150119.0,1790697600000.0,8129150119.0,,100.0,-12.527258363903313,-52.66,-0.76,0.353394599916812,61224904.0,-0.01,1008604800000.0,-0.3,2416953.0,46246300.0,1.05,0.567,87745.0,0.75,,264.38,山鹰国际,-4.373,,6205458106.0,0,1.32,沪市主板
SH600108,-21.424997785866175,0.0,1.8395,11,0.0,False,0.01,1.786,1946915121.0,3.97,4.79,90.2467,26.16,7729253030.0,1790697600000.0,7729253030.0,0.076,100.0,1.2478164420200317,311.57,0.25,1.0289037434958015,546116118.0,0.0,871833600000.0,0.03,-12374932.0,136089871.0,0.96,1.785,87314.0,6.99,,0.0,亚盛集团,143.535,,1946915121.0,0,3.97,沪市主板
SH600673,,0.0,5.2797,11,-0.72,False,0.01,8.66,3001557927.0,30.15,5.83,25.5246,34.42,90496971499.0,1790697600000.0,90738085029.0,,100.0,0.5230140248747297,2942.07,0.1,21.889717493012096,615810359.0,-0.22,748195200000.0,0.02,-1961480.6000000015,20085191.0,1.38,8.66,87219.0,0.67,,238.16,东阳光,1741.679,,3009555059.0,0,30.37,沪市主板
SH600482,33.554304795822596,0.0,1.2897,11,3.49,False,0.01,1.91,2268246368.0,34.68,7.61,5.9977,68.77,78662784042.0,1790697600000.0,78662784042.0,0.92,100.0,4.185730502863364,1592.12,0.06,12.647179515910478,710979226.0,1.17,1089734400000.0,0.75,71717370.0,20195208.0,1.88,1.91,87216.0,0.89,,11.89,中国动力,46.443,,2268246368.0,0,33.51,沪市主板
SH600583,8.522833444604894,0.0,1.0353,11,-0.15,False,0.01,1.013,4421354800.0,6.61,3.63,10.0039,24.78,29225155228.0,1790697600000.0,29225155228.0,2.965,100.0,7.507903486178639,849.71,0.0,-1.1296173609253168,397270544.0,-0.01,1012838400000.0,0.47,295173.8500000015,59475973.0,1.24,1.013,86905.0,1.35,,62.08,海油工程,14.068,,4421354800.0,0,6.62,沪市主板
SH600789,-16.132000302901474,0.0,1.4561,11,3.82,False,0.01,1.622,1010298197.0,8.15,7.52,11.4395,-9.21,8233930306.0,1790697600000.0,8518296691.0,0.613,100.0,3.12295420025377,87.95,0.49,-1.2490141713443759,1058969466.0,0.3,856886400000.0,0.14,-149796260.0,127554447.0,5.21,1.622,86756.0,12.63,,0.0,鲁抗医药,59.313,,1045189778.0,0,7.85,沪市主板
SH603345,3.801488411263221,0.0,1.4633,11,-1.27,False,0.01,1.65,293294232.0,78.39,1.5,8.8126,2.8,22991334846.0,1790697600000.0,26126519379.0,4.048,100.0,10.320321029291998,482.88,-0.2,11.997838247267168,286628822.0,-1.01,1487692800000.0,4.52,-12070525.0,3636827.0,0.94,1.65,86740.0,1.24,,43.97,安井食品,17.355,,333288932.0,0,79.4,沪市主板
SH600497,5.421773623891379,0.0,1.6238,11,-1.79,False,0.01,2.496,5040380483.0,8.8,3.12,11.4346,21.23,44355348250.0,1790697600000.0,44355348250.0,0.795,100.0,9.909344503413491,1436.04,0.11,12.550398438826571,429660923.0,-0.16,1082390400000.0,0.34,-17400670.0,48452218.0,0.76,2.496,86735.0,0.96,,162.24,驰宏锌锗,26.194,,5040380483.0,0,8.96,沪市主板
SH600166,20.45336777625595,0.0,0.3398,11,-1.07,False,0.01,1.385,7917400367.0,2.77,2.14,6.9662,-5.14,21931199017.0,1790697600000.0,21931199017.0,,100.0,9.652374909602765,236.66,0.36,6.570468831190257,202835967.0,-0.03,896716800000.0,0.19,-42585526.0,72926000.0,1.04,1.385,86650.0,0.92,,0.0,福田汽车,14.696,,7917400367.0,0,2.8,沪市主板
SH600776,78.61566025169127,0.0,5.7936,11,-1.06,False,0.01,3.787,956000064.0,12.15,3.83,,-26.03,11615400778.0,1790697600000.0,15260400778.0,0.453,100.0,14.438020975113488,171.7,0.16,-0.8903601831873886,120938863.0,-0.13,848937600000.0,0.44,-73455.0,9897971.0,0.69,3.787,85928.0,1.04,,94.35,东方通信,27.901,,1256000064.0,0,12.28,沪市主板
SH603486,54.106893801115376,0.0,1.3421,11,-3.87,False,0.01,2.761,574610784.0,47.96,4.53,12.9996,-39.48,27558333201.0,1790697600000.0,27787090363.0,1.916,100.0,22.21304304609956,198.96,-0.02,13.543676085098388,229349730.0,-1.93,1527436800000.0,3.5,-35330947.0,4765168.0,1.57,2.757,85624.0,0.83,,44.01,科沃斯,13.711,,579380533.0,0,49.89,沪市主板
SH600797,,0.0,2.0549,11,-1.24,False,0.01,2.029,1027526370.0,6.37,2.64,19.2,-35.42,6545342977.0,1790697600000.0,6545342977.0,0.471,100.0,-3.036663667330375,445.89,0.16,-5.021694780098684,59154802.0,-0.08,861292800000.0,-0.1,-7950246.0,9239156.0,1.0,2.029,85510.0,0.9,,0.0,浙大网新,-65.679,,1027526370.0,0,6.45,沪市主板
SH600023,-20.943316994825068,0.0,0.941,11,3.07,False,0.01,0.98,13408732749.0,5.38,3.83,7.2275,14.61,72138982190.0,1790697600000.0,72138982190.0,5.576,100.0,7.489231842811327,33.69,0.0,-8.69012529826928,385463351.0,0.16,1387382400000.0,0.41,53722286.75,72371146.0,1.49,0.98,85257.0,0.54,,60.58,浙能电力,13.071,,13408732749.0,0,5.22,沪市主板
SH601162,48.76723146452573,0.0,10.9201,11,-1.97,False,0.01,1.284,8597970474.0,3.49,3.09,26.7253,-16.11,30006916954.0,1790697600000.0,35158208467.0,,100.0,1.198640815483806,84.21,0.0,2.6685418226635615,308865313.0,-0.07,1539878400000.0,0.03,-70516926.0,87706724.0,0.87,1.284,85148.0,1.02,,44.13,天风证券,107.127,,10073985234.0,0,3.56,沪市主板
SH600151,-59.76336654740586,0.0,4.0087,11,-0.11,False,0.01,2.963,1434252287.0,9.12,4.38,23.4451,-48.03,13080380857.0,1790697600000.0,13080380857.0,,100.0,-5.347016257223718,210.4,0.0,-31.79604642939301,151657743.0,-0.01,896976000000.0,-0.17,4440291.0,16427901.0,1.16,2.963,84702.0,1.15,,0.0,航天机电,-53.813,,1434252287.0,0,9.13,沪市主板
SH601699,-42.95694364395784,0.0,1.5883,11,1.19,False,0.01,0.975,2991409200.0,15.27,1.79,7.2773,31.05,45678818484.0,1790697600000.0,45678818484.0,1.225,100.0,3.311336639236469,814.81,0.0,-11.718668731069748,274783053.0,0.18,1158854400000.0,0.52,-4672658.0,18059155.0,1.03,0.975,84632.0,0.6,,29.27,潞安环能,29.572,,2991409200.0,0,15.09,沪市主板
SH603650,15.326511128145714,0.0,10.3355,11,-5.18,False,0.01,9.624,616042968.0,59.07,7.21,174.3927,35.1,36389658120.0,1790697600000.0,40415005008.0,0.762,100.0,15.997363171176469,266.9,0.02,14.569002905628059,816267272.0,-3.23,1530028800000.0,0.88,-11489091.0,13452424.0,0.93,8.666,83942.0,2.18,,43.99,彤程新材,67.283,,684188336.0,0,62.3,沪市主板
SH600426,11.61723294111161,0.0,1.6839,11,2.01,False,0.01,1.56,2749943015.0,19.82,3.86,11.9576,-17.17,54503870557.0,1790697600000.0,54503870557.0,2.281,100.0,12.256045762220353,3337.99,0.1,7.3433108462069185,584729472.0,0.39,1024502400000.0,1.49,65038401.0,29547250.0,1.19,1.56,83338.0,1.07,,66.4,华鲁恒升,13.295,,2749943015.0,0,19.43,沪市主板
SH603533,,0.0,2.9001,11,-3.14,False,0.01,4.459,438896835.0,23.13,4.77,,4.57,10151683794.0,1790697600000.0,10151683794.0,,100.0,-2.86148722905445,308.97,0.04,10.907979693495061,602269214.0,-0.75,1505923200000.0,-0.15,7801311.0,25846275.0,0.99,4.459,83332.0,5.89,,43.95,掌阅科技,-152.764,,438896835.0,0,23.88,沪市主板
SH600862,-10.157422658893822,0.0,5.287,11,-1.68,False,0.01,3.129,1393049107.0,17.55,3.31,14.6121,-24.86,24448011828.0,1790697600000.0,24448011828.0,1.265,100.0,11.411002009989952,1848.7,0.06,-3.399592688108566,126091519.0,-0.3,769363200000.0,0.62,-14028678.0,7120500.0,0.89,3.129,83234.0,0.51,,84.21,中航高科,28.269,,1393049107.0,0,17.85,沪市主板
SH603690,,0.0,3.6325,11,-3.24,False,0.01,2.556,382964250.0,21.5,6.03,27.0053,-31.64,8233731375.0,1790697600000.0,8233731375.0,,100.0,-28.134275247518552,1176.12,0.05,-16.862598906178672,275249488.0,-0.72,1484236800000.0,-2.68,-7896186.0,12615558.0,0.79,2.556,83184.0,3.29,,43.93,至纯科技,-8.008,,382964250.0,0,22.22,沪市主板
SH600037,63.63422604762865,0.0,3.782,11,1.27,False,0.01,0.775,1391777884.0,7.16,2.83,54.1027,-1.18,9965129649.0,1790697600000.0,9965129649.0,0.698,100.0,2.018003629128077,27.05,0.14,9.631884233386433,176608893.0,0.09,981561600000.0,0.18,9525918.0,24727306.0,1.78,0.775,82981.0,1.78,,83.55,歌华有线,38.708,,1391777884.0,0,7.07,沪市主板
SH601008,7.108485725326874,0.0,2.0897,11,0.91,False,0.01,1.312,1240638006.0,4.44,2.5,18.6642,-14.93,5508432747.0,1790697600000.0,5508432747.0,2.027,100.0,4.609078673387598,-48.27,0.23,2.3853075125699563,50798368.0,0.04,1177516800000.0,0.15,6524079.0,11411795.0,1.15,1.312,82850.0,0.92,,187.35,连云港,28.905,,1240638006.0,0,4.4,沪市主板
SH600456,-19.46977520521791,0.0,1.9014,11,-0.49,False,0.01,1.629,477777539.0,24.51,2.35,,-37.28,11710327481.0,1790697600000.0,11710327481.0,1.224,100.0,4.796925006248195,319.48,0.12,-3.6514347698304417,63320656.0,-0.12,1018540800000.0,0.71,4477917.0,2564422.0,1.02,1.629,82602.0,0.54,,240.74,宝钛股份,34.331,,477777539.0,0,24.63,沪市主板
SH688111,67.45585957506822,0.0,15.4314,82,0.09,False,0.01,6.74,464013435.0,218.99,2.25,42.2364,-28.27,101614302131.0,1790697600000.0,101614302131.0,0.571,1.0,27.004418756979735,59.65,-0.18,17.510178817730292,704886213.0,0.19,1574006400000.0,7.77,56051018.0,3203650.0,0.85,6.74,82316.0,0.69,,175.51,金山办公,28.173,,464013435.0,0,218.8,科创板
SH600845,-20.265516236572523,0.0,4.1779,11,-1.75,False,0.01,4.48,2134054153.0,17.38,3.34,22.0897,-15.26,37089861179.0,1790697600000.0,49670373901.0,1.329,100.0,11.985979577399833,2513.93,0.17,0.4886527196595214,220803725.0,-0.31,763315200000.0,0.45,-19419588.299999997,12570893.0,1.02,4.48,82181.0,0.59,,260.0,宝信软件,38.23,,2857904137.0,0,17.69,沪市主板
SH600537,,,2.2785,11,-0.95,False,0.01,,1183715018.0,2.09,1.9,14.9364,-49.76,2473964388.0,,2473964388.0,,100.0,-1381.5771152133611,-22.25,0.48,-59.113623118346595,34394080.0,-0.02,1043251200000.0,-0.43,-5941986.0,16380500.0,0.58,-11.643,82086.0,1.38,,116.67,*ST亿晶,-4.872,,1183715018.0,0,2.11,沪市主板
SH600977,-23.752390752817266,0.0,5.4055,11,3.96,False,0.01,2.289,1867000000.0,13.4,4.65,125.6153,-14.54,25017800000.0,1790697600000.0,25017800000.0,0.239,100.0,1.0717090449473032,37.39,0.0,-7.263917820533772,622331900.0,0.51,1470672000000.0,0.06,73068611.0,46771704.0,1.85,2.289,81707.0,2.51,,43.95,中国电影,214.089,,1867000000.0,0,12.89,沪市主板
SH601718,,,1.3732,11,-0.52,False,0.01,0.706,4361069503.0,1.93,3.09,21.4298,-42.39,8416864141.0,,8416864141.0,,100.0,-4.124790018935041,-62.11,0.0,-23.352050461652595,26637075.0,-0.01,1281888000000.0,-0.12,-5321116.0,13670169.0,1.19,0.706,81675.0,0.31,,76.29,ST际华,-16.709,,4361069503.0,0,1.94,沪市主板
SH601319,41.56364004368134,0.0,0.4996,11,-0.88,False,0.01,1.028,35497756583.0,7.91,2.38,3.2456,-9.89,280787254572.0,1790697600000.0,349811765512.0,3.224,100.0,18.188244702119153,138.37,0.13,9.854926962638277,403043743.0,-0.07,1542297600000.0,1.29,-21338154.0,50778395.0,0.93,1.029,81667.0,0.14,,44.01,中国人保,6.152,,44223990583.0,0,7.98,沪市主板
SH601606,3.1817766001376313,0.0,16.5535,11,-0.65,False,0.01,10.322,724228400.0,30.5,2.51,264.8976,-36.61,22088966200.0,1790697600000.0,22088966200.0,0.013,100.0,-2.797950806346252,675.43,0.13,-13.367357750568376,333152611.0,-0.2,1533484800000.0,-0.08,3721334.0,10863359.0,0.71,10.322,81645.0,1.5,,44.14,长城军工,-363.887,,724228400.0,0,30.7,沪市主板
SH600149,,,9.9878,11,-0.39,False,0.01,7.826,380160000.0,5.16,2.32,45.068,3.41,1961625600.0,,1961625600.0,,100.0,5.876365897724445,63.81,0.19,-0.4131083449656403,39924356.0,-0.02,939830400000.0,0.04,-3326352.0,7760300.0,1.09,7.826,81642.0,2.04,,62.41,廊坊发展,137.096,,380160000.0,0,5.18,沪市主板
SH600563,5.975176188841647,0.0,4.5669,11,-1.54,False,0.01,4.19,225000000.0,113.49,3.95,20.6381,9.82,25535250000.0,1790697600000.0,25535250000.0,2.027,100.0,20.950091622786715,2551.33,0.04,14.933666148725422,273645587.0,-1.77,1039449600000.0,5.36,5022516.0,2385531.0,0.77,4.19,81510.0,1.06,,68.78,法拉电子,21.193,,225000000.0,0,115.26,沪市主板
SH600718,191.51057631963576,0.0,0.7967,11,-1.14,False,0.01,1.075,1196438852.0,7.82,2.02,7.497,-22.34,9356151823.0,1790697600000.0,9356151823.0,,100.0,-7.760583452751907,1015.23,-0.26,2.286959318435322,50789272.0,-0.09,835027200000.0,-0.59,4904172.0,6463126.0,1.08,1.075,81083.0,0.54,,102.01,东软集团,-13.299,,1196438852.0,0,7.91,沪市主板
SH600422,,0.0,1.2723,11,0.86,False,0.01,1.273,756975757.0,8.18,1.97,,-33.58,6192061692.0,1790697600000.0,6192061692.0,2.2,100.0,-4.2089259292705385,200.07,-0.12,-27.417079837449464,40362812.0,0.07,976032000000.0,-0.28,2640138.0,4911900.0,1.34,1.273,81038.0,0.65,,179.35,昆药集团,-29.158,,756975757.0,0,8.11,沪市主板
SH600459,13.758968412460604,0.0,0.3033,11,-0.28,False,0.01,1.638,759706258.0,17.97,3.72,,-2.54,13651921456.0,1790697600000.0,14792495200.0,1.758,100.0,8.089904156348036,619.52,0.11,-1.817072041322465,179967965.0,-0.05,1053014400000.0,0.81,9644515.0,9914170.0,1.15,1.638,80889.0,1.31,,117.5,贵研铂业,22.233,,823177251.0,0,18.02,沪市主板
SH600252,99.8257355807331,0.0,4.7905,11,-1.36,False,0.01,1.322,3184163070.0,2.17,4.55,75.7823,-20.8,6909633862.0,1790697600000.0,6909633862.0,,100.0,-7.796086789953486,327.92,0.0,-25.46204853716705,128353118.0,-0.03,975513600000.0,-0.14,-5127509.0,58428100.0,1.21,1.322,80732.0,1.83,,245.9,中恒集团,-16.002,,3184163070.0,0,2.2,沪市主板
SH601958,8.63645958026018,0.0,4.1266,11,-2.32,False,0.01,2.954,3226604400.0,18.92,3.67,18.5779,23.59,61047355248.0,1790697600000.0,61047355248.0,2.114,100.0,17.9622912356841,53.02,0.16,10.931035274671874,321043179.0,-0.45,1208361600000.0,1.09,-23084033.0,16829554.0,0.86,2.954,80536.0,0.52,,36.09,金钼股份,17.375,,3226604400.0,0,19.37,沪市主板
SH600756,,0.0,4.0409,11,-1.6,False,0.01,2.172,324098753.0,13.54,3.34,,-26.49,4388297116.0,1790697600000.0,4733973316.0,,100.0,-12.002445608301523,478.58,0.0,-22.277244789125362,61230967.0,-0.22,843408000000.0,-0.75,-110224.0,4486498.0,0.76,2.172,79576.0,1.38,,113.39,浪潮软件,-18.117,,349628753.0,0,13.76,沪市主板
SH600550,,0.0,2.9253,11,1.96,False,0.01,19.566,1841528480.0,10.42,3.42,42.3131,-1.23,19188726762.0,1790697600000.0,19188726762.0,,100.0,30.792222144286498,354.51,0.19,28.41291557291448,204002430.0,0.2,983289600000.0,0.14,20340476.0,19577825.0,1.35,19.564,79446.0,1.06,,81.87,保变电气,75.16,,1841528480.0,0,10.22,沪市主板
SH600399,,0.0,1.0397,11,0.23,False,0.01,1.612,1972100000.0,4.3,6.76,,-26.37,8480030000.0,1790697600000.0,8480030000.0,,100.0,-13.803426578729121,107.79,0.0,-0.1255885466188933,167880551.0,0.01,978019200000.0,-0.4,15151622.0,38377369.0,1.86,1.612,79085.0,1.95,,30.55,抚顺特钢,-10.875,,1972100000.0,0,4.29,沪市主板
SH605117,46.75516372921984,0.0,5.6547,11,-1.54,False,0.01,8.532,1273282072.0,76.96,3.53,14.7018,26.34,97991788261.0,1790697600000.0,97991788261.0,3.75,100.0,41.84706608995708,1414.45,0.08,46.45942427969707,646629989.0,-1.2,1618848000000.0,3.43,-8640890.0,8329806.0,0.57,8.531,78981.0,0.65,,44.01,德业股份,22.444,,1273282072.0,0,78.16,沪市主板
SH601208,12.722181195608083,0.0,8.8009,11,5.6,False,0.01,8.272,1010182943.0,50.92,6.99,115.2329,89.24,51438515458.0,1790697600000.0,51438515458.0,0.491,100.0,7.494038289880248,647.8,0.71,20.840870023792846,5794652515.0,2.7,1305820800000.0,0.4,393961529.0,111165937.0,1.48,8.272,78539.0,11.0,,13.9,东材科技,126.437,,1010182943.0,0,48.22,沪市主板
SH600233,26.282387419885154,0.0,0.7779,11,-0.06,False,0.01,1.639,3425113538.0,17.78,1.63,6.6378,10.67,60898518706.0,1790697600000.0,60898518706.0,2.081,100.0,16.32608925648758,401.92,0.17,12.252377232801482,253244192.0,-0.01,960393600000.0,1.65,6846993.9,14212203.0,0.79,1.638,78513.0,0.41,,131.0,圆通速递,10.747,,3425113538.0,0,17.79,沪市主板
SH603538,125.43043780020588,0.0,5.9446,11,3.04,False,0.01,3.415,336919951.0,29.46,6.65,52.7813,115.21,9925661756.0,1790697600000.0,10014284418.0,0.377,100.0,4.513844766220736,257.42,0.1,16.143389593337922,2502003519.0,0.87,1491494400000.0,0.34,-100377711.0,86504946.0,2.29,3.415,78173.0,25.68,,43.98,美诺华,85.692,,339928188.0,0,28.59,沪市主板
SH603392,,0.0,16.5556,11,-3.07,False,0.01,2.855,1264392804.0,26.5,5.27,446.8545,-41.03,33506409306.0,1790697600000.0,33506409306.0,,100.0,-3.2072498620820524,507.77,0.15,-25.695258274213007,200803539.0,-0.84,1588089600000.0,-0.3,-6176685.0,7472771.0,1.15,2.855,77374.0,0.59,,44.0,万泰生物,-87.588,,1264392804.0,0,27.34,沪市主板
SH603516,,0.0,47.2272,11,-4.65,False,0.01,8.28,203268279.0,73.86,5.81,3811.8073,-66.93,15013395087.0,1790697600000.0,15013395087.0,0.134,100.0,28.232142646372303,559.25,-0.18,-15.571110517006403,332660031.0,-3.6,1517500800000.0,2.22,17646340.0,4413616.0,1.3,8.28,77106.0,2.17,,43.99,淳中科技,33.275,,203268279.0,0,77.46,沪市主板
SH600377,2.4412638369815776,0.0,3.2933,11,1.46,False,0.01,1.6,3802183001.0,13.19,2.46,9.3757,13.36,50150793783.0,1790697600000.0,66447889525.0,5.61,100.0,11.44231974652195,615.06,0.08,9.683011846593192,160546198.0,0.19,979574400000.0,0.93,12443442.0,12228544.0,1.23,1.6,76934.0,0.32,,76.67,宁沪高速,14.219,,5037747500.0,0,13.0,沪市主板
SH600126,,0.0,0.5631,11,-1.01,False,0.01,1.022,3377189083.0,5.88,2.02,6.2291,-27.88,19857871808.0,1790697600000.0,19857871808.0,0.085,100.0,0.7794537245434218,396.41,0.17,-26.41480654232208,117809197.0,-0.06,889545600000.0,0.04,-4710552.0,19937830.0,0.79,1.022,76451.0,0.59,,0.0,杭钢股份,131.619,,3377189083.0,0,5.94,沪市主板
SH600885,14.793606846796337,0.0,2.514,11,-3.7,False,0.01,3.782,1547594313.0,32.29,5.07,22.2343,7.36,49971820367.0,1790697600000.0,49971820367.0,1.075,100.0,16.833146939110772,3643.33,-0.25,20.663577863345317,618912346.0,-1.24,823449600000.0,1.26,-36213588.0,19027191.0,2.29,3.782,76277.0,1.23,,97.0,宏发股份,25.635,,1547594313.0,0,33.53,沪市主板
SH601611,-23.576442975209144,0.0,0.3262,11,-0.79,False,0.01,1.338,3013834212.0,10.0,3.08,,-25.49,30138342120.0,1790697600000.0,30138342120.0,0.6,100.0,3.2275559887921816,160.78,0.0,-8.502105743529341,180913380.0,-0.08,1465142400000.0,0.36,5692220.0,17877910.0,1.59,1.338,75923.0,0.59,,44.09,中国核建,27.953,,3013834212.0,0,10.08,沪市主板
SH600366,,0.0,1.8415,11,0.93,False,0.01,1.851,1099041051.0,10.81,5.42,33.4215,-21.06,11880633761.0,1790697600000.0,11880633761.0,0.916,100.0,8.036014513138987,349.59,0.09,13.063423819515773,300276197.0,0.1,972835200000.0,0.45,33919809.0,27219350.0,1.85,1.851,75678.0,2.48,,161.14,宁波韵升,23.901,,1099041051.0,0,10.71,沪市主板
SH600114,27.650124853892866,0.0,2.6185,11,-4.56,False,0.01,4.621,616383477.0,24.27,6.88,13.2949,-19.64,14959626987.0,1790697600000.0,16200568785.0,1.582,100.0,14.885236981235044,1040.51,0.29,18.01145890731113,290365807.0,-1.16,1084204800000.0,0.71,-18453586.0,11765098.0,1.17,4.024,75411.0,1.91,,45.4,东睦股份,34.082,,667514165.0,0,25.43,沪市主板
SH600307,-14.064391184206372,0.0,0.2937,11,-0.68,False,0.01,1.722,6263357424.0,1.46,3.4,5.7451,-11.52,9144501839.0,1790697600000.0,9144501839.0,,100.0,-25.673043159414693,-10.56,0.0,-7.053824380241391,53840890.0,-0.01,977241600000.0,-0.25,-9619275.0,36598000.0,0.79,1.722,75172.0,0.58,,21.82,酒钢宏兴,-5.84,,6263357424.0,0,1.47,沪市主板
SH600479,8.155309819324463,0.0,1.601,11,-2.18,False,0.01,1.976,418507117.0,12.13,4.27,10.3336,24.26,5076491329.0,1790697600000.0,5970507494.0,4.617,100.0,12.42356617440003,511.14,0.0,0.26749976572073564,466477262.0,-0.27,1079020800000.0,0.69,10004146.0,37990640.0,0.57,1.976,75076.0,9.08,,56.01,千金药业,17.591,,492210016.0,0,12.4,沪市主板
SH600138,-47.768375636293904,0.0,0.4206,11,-1.57,False,0.01,0.788,723840000.0,6.89,2.0,4.6212,-29.92,4987257600.0,1790697600000.0,4987257600.0,0.522,100.0,0.6132298044424062,218.89,0.0,9.204998806193787,49136612.0,-0.11,881078400000.0,0.05,-14163683.0,7094430.0,1.4,0.788,74958.0,0.98,,0.0,中青旅,128.575,,723840000.0,0,7.0,沪市主板
SH600367,55.614425066846884,0.0,5.2648,11,-1.39,False,0.01,4.376,321973182.0,32.62,4.99,67.1641,86.92,10502765197.0,1790697600000.0,11127690023.0,0.123,100.0,3.946319252407787,300.45,0.37,-1.6075576755337107,661554948.0,-0.46,985017600000.0,0.29,14641986.0,20070510.0,0.7,4.376,74436.0,6.23,,199.45,红星发展,112.838,,341130902.0,0,33.08,沪市主板
SH603688,-70.36588715897152,0.0,21.6471,11,-4.64,False,0.01,3.839,541678289.0,41.52,6.64,408.0662,13.63,22490482559.0,1790697600000.0,22490482559.0,0.207,100.0,2.3711212569623963,1335.14,0.1,-47.01639061369263,424168296.0,-2.02,1414684800000.0,0.25,6753337.0,10039228.0,0.97,3.839,74225.0,1.85,,44.03,石英股份,163.13,,541678289.0,0,43.54,沪市主板
SH688396,-1.6217593105946948,0.0,5.7751,82,-5.59,False,0.01,2.943,1328210680.0,52.02,8.09,25.0069,-1.53,69093519574.0,1790697600000.0,69093519574.0,0.206,1.0,4.521992969983976,5.48,0.5,9.452981469628096,892430364.0,-3.08,1582732800000.0,0.79,-34642605.08,16827830.0,1.36,2.943,74174.0,1.27,,228.2,华润微,66.172,,1328210680.0,0,55.1,科创板
SH600184,-1.7606458785934587,0.0,4.3091,11,-2.63,False,0.01,2.965,582727468.0,17.38,6.05,,-8.71,10127803394.0,1790697600000.0,10127803394.0,0.19,100.0,1.8888986243642336,449.32,-0.11,-0.2626104652735828,230848685.0,-0.47,1068048000000.0,0.09,-1557753.0,13099628.0,0.74,2.964,73950.0,2.25,,74.43,光电股份,185.508,,582727468.0,0,17.85,沪市主板
SH603517,,,1.3102,11,-2.36,False,0.01,1.114,606001936.0,11.16,1.4,66.2264,-12.54,6762981606.0,,6762981606.0,2.24,100.0,-3.754730680160588,-7.53,0.0,-12.435586023345913,44001559.0,-0.27,1489680000000.0,-0.38,-3092509.0,3919200.0,0.95,1.114,73899.0,0.65,,44.0,ST绝味,-29.194,,606001936.0,0,11.43,沪市主板
SH603198,-3.656633040993762,0.0,4.9091,11,-0.57,False,0.01,2.907,800000000.0,38.5,2.17,15.4554,1.76,30800000000.0,1790697600000.0,30800000000.0,3.896,100.0,19.80418685166591,274.16,0.21,-1.3265981683951877,106529285.0,-0.22,1432742400000.0,2.52,3013787.0,2778001.0,0.78,2.906,73540.0,0.35,,43.98,迎驾贡酒,15.269,,800000000.0,0,38.72,沪市主板
SH603667,-18.816665429527855,0.0,6.0373,11,-4.92,False,0.01,4.509,366202770.0,47.0,6.03,74.2437,-32.71,17211530190.0,1790697600000.0,18008140334.0,0.255,100.0,2.214359892421182,439.44,0.04,-4.479870708490774,572057063.0,-2.43,1477324800000.0,0.2,-36069462.0,11963332.0,0.81,4.509,73443.0,3.27,,43.98,五洲新春,233.846,,383151922.0,0,49.43,沪市主板
SH601231,7.02800508380923,0.0,0.9291,11,-2.82,False,0.01,2.46,2388935678.0,23.07,6.87,111.245,-22.12,55112746091.0,1790697600000.0,55112746091.0,1.855,100.0,9.965609535894796,416.2,0.39,-0.7346665921261875,462982890.0,-0.67,1329667200000.0,0.85,6745563.0,19700072.0,0.84,2.46,73406.0,0.82,,53.03,环旭电子,27.049,,2388935678.0,0,23.74,沪市主板
SH601233,114.14300810117118,0.0,0.5257,11,-0.22,False,0.01,1.266,2374672220.0,22.68,3.96,8.9686,32.52,53857565950.0,1790697600000.0,53857565950.0,0.529,100.0,12.863724956932884,170.14,0.4,10.688856148246373,477201781.0,-0.05,1305648000000.0,2.17,11951556.0,20790706.0,0.87,1.268,73399.0,0.88,,10.04,桐昆股份,10.441,,2374672220.0,0,22.73,沪市主板
SH600808,-47.216189871183914,0.0,0.2451,11,-2.79,False,0.01,0.784,5967751186.0,2.44,5.18,2.7127,-42.18,14561312894.0,1790697600000.0,18789662094.0,,100.0,-0.8521364407860154,50.08,0.0,-8.500125711080898,229228374.0,-0.07,757785600000.0,-0.03,-19013166.0,93295681.0,1.49,0.784,73201.0,1.56,,13.91,马钢股份,-92.14,,7700681186.0,0,2.51,沪市主板
SH600268,37.189213923185015,0.0,1.1247,11,2.18,False,0.01,2.801,1015495450.0,10.31,2.48,17.9387,0.07,10469758090.0,1790697600000.0,10470699001.0,1.94,100.0,14.471243745609502,413.8,0.29,5.259883853075631,121185622.0,0.22,942854400000.0,0.51,30764165.0,11765222.0,1.28,2.802,72689.0,1.16,,204.29,国电南自,20.329,,1015586712.0,0,10.09,沪市主板
SH600586,,0.0,1.4183,11,-1.25,False,0.01,1.151,1417337700.0,3.94,2.76,22.0704,-30.02,5584310538.0,1790697600000.0,5584310538.0,,100.0,-15.244677502824134,188.75,0.0,-24.575849643845025,45242645.0,-0.05,1029340800000.0,-0.57,-3858559.0,11424900.0,0.91,1.151,72592.0,0.81,,86.01,金晶科技,-6.964,,1417337700.0,0,3.99,沪市主板
SH600390,-27.15716496591636,0.0,3.1616,11,-0.82,False,0.01,0.508,4498065459.0,4.81,2.89,,-13.08,21635694858.0,1790697600000.0,21635694858.0,0.603,100.0,2.1880221687153627,-18.36,0.21,-11.680873723635155,141951459.0,-0.04,979488000000.0,0.22,-17836583.0,29300867.0,1.1,0.507,72187.0,0.65,,161.17,五矿资本,21.957,,4498065459.0,0,4.85,沪市主板
SH600754,10.754002126637419,0.0,1.325,11,-2.83,False,0.01,1.169,906044063.0,17.54,2.99,4.5826,-28.91,15892012865.0,1790697600000.0,18663936223.0,2.913,100.0,6.994052051679699,395.42,0.06,-0.588195646158074,144700755.0,-0.51,844963200000.0,1.03,-20320652.0,8200735.0,1.18,1.171,72129.0,0.91,,140.41,锦江酒店,16.969,,1064078462.0,0,18.05,沪市主板
SH603678,-2.3104365086574763,0.0,3.6757,11,-1.29,False,0.01,3.115,475566631.0,42.17,7.49,,19.54,20054644829.0,1790697600000.0,20054644829.0,0.496,100.0,4.790985712422554,656.15,0.38,27.28953187381169,594665804.0,-0.55,1422201600000.0,0.63,13860914.0,13742482.0,0.88,3.115,72100.0,2.89,,44.03,火炬电子,66.623,,475566631.0,0,42.72,沪市主板
SH600185,,0.0,3.069,11,-2.29,False,0.01,156.925,1885005795.0,4.69,3.33,18.3817,-31.13,8840677179.0,1790697600000.0,8840677179.0,,100.0,-157.07969444705995,72.96,0.0,-30.02238832122186,103900251.0,-0.11,929030400000.0,-0.38,-7022961.0,21893349.0,0.92,156.856,72065.0,1.16,,0.0,珠免集团,-12.273,,1885005795.0,0,4.8,沪市主板
SH601222,-32.18225867445096,0.0,1.7815,11,1.68,False,0.01,0.795,2041220156.0,6.04,2.53,21.9757,10.42,12328969742.0,1790697600000.0,12328969742.0,3.195,100.0,2.237593897205861,55.53,0.0,8.97420185031741,180101364.0,0.1,1312732800000.0,0.17,27065878.0,29693121.0,1.96,0.795,72046.0,1.45,,22.06,林洋能源,35.535,,2041220156.0,0,5.94,沪市主板
SH600602,2.4917468969266388,0.0,3.5234,11,-2.12,False,0.01,4.316,1074302990.0,15.71,3.24,26.2899,-15.74,16877299973.0,1790697600000.0,21486149978.0,0.274,100.0,4.089173874218269,2283.55,0.06,3.531861243912582,202687458.0,-0.34,661536000000.0,0.15,3025540.0,12782486.0,1.15,4.316,71965.0,1.19,,38300.0,云赛智联,107.122,,1367673455.0,0,16.05,沪市主板
SH600877,,0.0,13.9411,11,-1.69,False,0.01,5.241,1184059492.0,11.03,3.74,766.8721,-37.15,13060176197.0,1790697600000.0,13060176197.0,,100.0,0.9069233313870493,120.43,0.18,-18.41437249728778,107736561.0,-0.19,813513600000.0,0.02,-10164558.0,9654800.0,1.07,5.241,71845.0,0.82,,2088.0,电科芯片,580.477,,1184059492.0,0,11.22,沪市主板
SH600285,11.742149715988347,0.0,2.773,11,0.53,False,0.01,3.348,566490486.0,19.08,0.9,11.7406,-3.02,10808638473.0,1790697600000.0,10820563473.0,5.765,100.0,24.776278247745175,843.67,-0.05,5.99015694899554,79518444.0,0.1,971798400000.0,1.38,992440.0,4178320.0,0.95,3.348,71644.0,0.74,,123.98,羚锐制药,13.869,,567115486.0,0,18.98,沪市主板
SH600060,9.855724837861079,0.0,0.6026,11,-1.28,False,0.01,1.599,1304972254.0,27.1,4.15,9.0309,15.74,35364748083.0,1790697600000.0,35364748083.0,3.469,100.0,12.378907640180573,1118.25,0.33,3.715840736940046,209696700.0,-0.35,861638400000.0,1.99,-1276229.0,7665730.0,1.36,1.599,71591.0,0.59,,0.0,海信视像,13.635,,1304972254.0,0,27.45,沪市主板
SH600557,-12.200419592074175,0.0,2.0884,11,-0.65,False,0.01,1.393,566158806.0,12.22,2.76,12.617,-13.39,6918460609.0,1790697600000.0,6918460609.0,,100.0,6.416538811278237,524.55,0.33,-11.838452351604722,64810725.0,-0.08,1032278400000.0,0.55,-4618505.0,5270717.0,1.31,1.393,71345.0,0.93,,141.0,康缘药业,22.41,,566158806.0,0,12.3,沪市主板
SH603629,364.2857309733036,0.0,8.8227,11,-2.42,False,0.01,13.031,360723400.0,93.64,6.09,10.7247,392.27,33778139176.0,1790697600000.0,34340409920.0,0.462,100.0,43.31748351711707,864.21,0.1,34.27588087191449,1290662980.0,-2.32,1545580800000.0,2.57,52889404.8,13541661.0,0.83,13.031,71211.0,3.75,,44.01,利通电子,36.38,,366728000.0,0,95.96,沪市主板
SH600926,13.278684069703427,0.0,3.1784,11,1.87,False,0.01,0.879,7249002548.0,17.43,2.69,1.3227,19.19,126350114412.0,1790697600000.0,126350114412.0,4.246,100.0,12.071485297863733,176.81,-0.06,5.0918100711041525,645240362.0,0.32,1477497600000.0,2.78,28620483.0,37220052.0,1.27,0.879,70982.0,0.51,,43.99,杭州银行,6.261,,7249002548.0,0,17.11,沪市主板
SH600773,,0.0,23.5528,11,0.0,False,0.01,2.223,951586865.0,9.82,3.16,,-20.74,9344583014.0,1790697600000.0,9344583014.0,,100.0,-12.396958984573676,302.21,0.0,-51.51819319116795,172497493.0,0.0,847382400000.0,-0.59,-381929.0,17415281.0,0.92,2.223,70845.0,1.83,,177.99,西藏城投,-16.766,,951586865.0,0,9.82,沪市主板
SH601369,-16.275260160010962,0.0,1.5394,11,0.24,False,0.01,1.636,1721385070.0,8.53,2.0,12.1573,-13.37,14683414647.0,1790697600000.0,14686843707.0,2.931,100.0,7.468740884561279,22.25,0.12,-1.641613455552493,65182456.0,0.02,1272384000000.0,0.39,88650.0,7677601.0,0.85,1.637,70615.0,0.45,,24.32,陕鼓动力,22.071,,1721787070.0,0,8.51,沪市主板
SH603156,-0.48128739431875234,0.0,8.348,11,-3.28,False,0.01,6.06,1260277566.0,42.2,5.45,23.4143,52.03,53183713285.0,1790697600000.0,53183713285.0,3.555,100.0,15.367062027136564,78.41,0.09,7.12989349970905,445443483.0,-1.43,1518364800000.0,1.09,-44624845.0,10342369.0,1.11,6.06,70461.0,0.82,,44.0,养元饮品,38.821,,1260277566.0,0,43.63,沪市主板
SH600664,13.064714423794644,0.0,1.1301,11,-2.16,False,0.01,2.986,2518509876.0,7.24,9.86,34.1059,109.86,18234011502.0,1790697600000.0,18234011502.0,,100.0,8.743938214107281,255.22,0.14,1.7867250956500769,3452202330.0,-0.16,741283200000.0,0.2,-8789911.0,459725344.0,0.88,2.986,70382.0,18.25,,2098.0,哈药股份,35.599,,2518509876.0,0,7.4,沪市主板
SH603123,-33.6282207841159,0.0,3.4098,11,-2.53,False,0.01,4.654,652275949.0,9.25,4.0,422.0132,-44.97,6033552528.0,1790697600000.0,7388314151.0,,100.0,-19.86953164992585,-5.74,0.11,-18.2125286254744,218235190.0,-0.24,1335974400000.0,-0.44,14190016.0,23313129.0,1.03,4.654,70059.0,3.57,,56.44,翠微股份,-21.105,,798736665.0,0,9.49,沪市主板
SH688599,,0.0,0.3743,82,-1.27,False,0.01,1.248,2342567686.0,10.85,3.18,2.5088,-34.44,25416859393.0,1790697600000.0,25416859393.0,,1.0,-19.907306085865635,-30.75,0.37,-15.273388222283435,268768692.0,-0.14,1591718400000.0,-1.87,-16557092.85,24595998.0,1.06,1.248,70007.0,1.05,,110.91,天合光能,-5.799,,2342567686.0,0,10.99,科创板
SH603858,-3.2501449967965224,0.0,1.373,11,-0.27,False,0.01,1.531,1054568442.0,14.6,1.71,31.0135,-5.56,15396699253.0,1790697600000.0,15396699253.0,1.212,100.0,2.2657422483500045,-50.29,0.14,-7.4800928647077995,63905024.0,-0.04,1479398400000.0,0.22,-8993819.0,4369110.0,1.32,1.531,69880.0,0.41,,44.01,步长制药,65.332,,1054568442.0,0,14.64,沪市主板
SH600216,22.308545483820197,0.0,1.344,11,0.56,False,0.01,1.031,951389475.0,12.5,2.65,7.8063,-7.67,11892368438.0,1790697600000.0,12020471875.0,2.232,100.0,7.047819603906282,610.19,0.08,4.953302280341698,179172088.0,0.07,940435200000.0,0.84,4846947.0,14236800.0,1.51,1.031,69834.0,1.5,,151.36,浙江医药,14.912,,961637750.0,0,12.43,沪市主板
SH603728,-15.623866533580532,0.0,6.7546,11,-5.61,False,0.01,6.853,418882500.0,48.61,6.35,113.3958,-32.79,20361878325.0,1790697600000.0,20361878325.0,0.051,100.0,2.412029285434214,378.0,0.25,8.99589351966501,238991818.0,-2.89,1494259200000.0,0.17,-10551973.0,4829451.0,0.81,6.853,69733.0,1.15,,43.99,鸣志电器,285.283,,418882500.0,0,51.5,沪市主板
SH600759,-23.84038173742531,,3.9298,11,1.78,False,0.01,1.054,4143685780.0,2.29,3.11,10.6759,-26.6,9489040436.0,,9501231251.0,,100.0,3.2514793340867016,-36.18,0.0,0.02665597449438284,240981213.0,0.04,844704000000.0,0.07,-1631995.0,105213074.0,1.33,1.054,69655.0,2.54,,-91.8,ST洲际,32.988,,4149009280.0,0,2.25,沪市主板
SH600528,-11.211862009059903,0.0,0.5787,11,-0.15,False,0.01,0.595,2221551588.0,6.84,1.02,11.0711,-15.3,15195412862.0,1790697600000.0,15195412862.0,1.316,100.0,4.697328287209911,86.21,-0.15,-6.257563262401156,41169968.0,-0.01,990979200000.0,0.58,2558920.0,6003680.0,1.08,0.595,69653.0,0.27,,76.63,中铁工业,11.75,,2221551588.0,0,6.85,沪市主板
SH600820,-16.72164993473385,0.0,0.2965,11,-0.19,False,0.01,0.526,3144096094.0,5.29,0.94,4.1521,-15.95,16632268337.0,1790697600000.0,16632268337.0,3.214,100.0,5.0006771947133295,1094.13,-0.38,-10.567851227141222,54484648.0,-0.01,759686400000.0,0.65,-5158374.0,10271700.0,0.94,0.526,69633.0,0.33,,205.29,隧道股份,8.131,,3144096094.0,0,5.3,沪市主板
SH600211,7.8641441505792775,0.0,4.0395,11,-0.52,False,0.01,2.978,322319196.0,36.16,2.09,13.189,-10.5,11655062127.0,1790697600000.0,11655062127.0,5.523,100.0,24.238346861479656,527.34,-0.19,-3.6023519146880845,81516943.0,-0.19,932486400000.0,3.04,-3982127.0,2241200.0,0.95,2.978,69583.0,0.7,,283.33,西藏药业,11.91,,322319196.0,0,36.35,沪市主板
SH688836,497.7489606883451,,83.3559,82,-5.02,False,0.01,60.08,30087720.0,427.8,4.53,309.9041,183.69,12871526616.0,,173029844652.0,,1.0,,-61.11,0.1,151.2539466040155,936959002.0,-22.6,1787068800000.0,1.44,-51874160.0,2156240.0,1.14,19.669,69214.0,7.17,,460.34,宇树科技-W,296.165,,404464340.0,0,450.4,科创板
SH603738,5.831021839059081,0.0,11.6647,11,-4.83,False,0.01,6.526,385887492.0,31.15,7.3,79.0992,98.42,12020395376.0,1790697600000.0,12020395376.0,0.132,100.0,4.508847537185518,700.24,0.13,12.276018389915722,683928825.0,-1.58,1474992000000.0,0.21,-15479937.0,21569942.0,0.96,6.526,68988.0,5.59,,43.99,泰晶科技,148.649,,385887492.0,0,32.73,沪市主板
SH600170,-22.982902468021017,0.0,0.1001,11,-0.89,False,0.01,0.629,8885939744.0,2.22,2.23,2.0874,-14.88,19726786232.0,1790697600000.0,19726786232.0,1.577,100.0,1.9388691787482044,248.84,0.0,-14.808264391449278,221103144.0,-0.02,898531200000.0,0.11,-37061055.0,99234279.0,0.7,0.628,68613.0,1.12,,0.0,上海建工,21.086,,8885939744.0,0,2.24,沪市主板
SH601908,,0.0,2.8787,11,-0.34,False,0.01,0.984,2414602861.0,2.92,2.39,10.7286,-25.32,7050640354.0,1790697600000.0,7050640354.0,,100.0,-20.730794238506512,-74.06,0.0,-44.87840837801404,67820890.0,-0.01,1315411200000.0,-0.69,-8630848.0,23112000.0,0.99,0.984,68612.0,0.96,,11.02,京运通,-4.256,,2414602861.0,0,2.93,沪市主板
SH600678,,,2.9131,11,-4.15,False,0.01,7.198,348990000.0,5.54,5.02,339.8408,-59.53,1933404600.0,,1933404600.0,,100.0,-2.487599463947696,-15.87,-0.18,30.745883928773623,57096077.0,-0.24,750009600000.0,-0.02,-2459621.0,10110700.0,1.53,7.199,68518.0,2.9,,2410.0,ST金顶,-286.876,,348990000.0,0,5.78,沪市主板
SH600825,5.759954166092429,0.0,8.2006,11,10.05,False,0.01,4.733,1044887850.0,11.39,0.0,45.9268,84.76,11901272612.0,1790697600000.0,11901272612.0,0.114,100.0,1.7119253157703198,1140.07,0.0,3.610214386509525,64324547.0,1.04,760291200000.0,0.04,-40303241.39,5647458.0,0.62,4.733,68432.0,0.54,,128.15,新华传媒,278.879,,1044887850.0,8,10.35,沪市主板
SH603662,-6.240814476893341,0.0,7.4843,11,-4.78,False,0.01,4.443,280829868.0,45.6,5.74,30.8471,-36.27,12805841981.0,1790697600000.0,12805841981.0,0.798,100.0,10.421156522635746,305.48,-0.09,21.128311619957472,164794629.0,-2.29,1565020800000.0,1.06,-19460322.0,3555776.0,1.31,4.443,68363.0,1.27,,44.02,柯力传感,42.914,,280829868.0,0,47.89,沪市主板
SH600581,-7.423844434245652,,0.1942,11,-0.81,False,0.01,,1532897870.0,2.45,2.83,,-26.65,3755599782.0,,3755599782.0,,100.0,275.27384194835906,103.02,0.0,-4.501971082654322,16312661.0,-0.02,1029427200000.0,-0.99,-5173190.0,6588900.0,0.8,-7.27,68287.0,0.43,,29.81,*ST八钢,-2.464,,1532897870.0,0,2.47,沪市主板
SH600059,-17.172358404304344,0.0,6.2791,11,-3.18,False,0.01,1.85,911542413.0,11.88,7.09,61.157,29.77,10829123866.0,1790697600000.0,10829123866.0,0.741,100.0,3.8159840524353186,316.94,-0.5,-3.294814183209349,1723118402.0,-0.39,863712000000.0,0.25,-6660684.0,141494130.0,1.27,1.85,67990.0,15.52,,0.0,古越龙山,48.442,,911542413.0,0,12.27,沪市主板
SH600816,318.4331266099348,0.0,23.2276,11,0.0,False,0.01,1.55,5469137919.0,2.38,2.1,,-15.9,13016548247.0,1790697600000.0,23429786845.0,,100.0,7.856588783691672,602.48,0.42,32.66646317716915,109937227.0,0.0,759686400000.0,0.12,-12383807.0,46058130.0,1.04,1.55,67735.0,0.84,,503.33,建元信托,20.408,,9844448254.0,0,2.38,沪市主板
SH600970,-13.603836470310437,0.0,0.4147,11,0.78,False,0.01,0.904,2621812924.0,7.78,1.3,9.131,-20.91,20397704549.0,1790697600000.0,20397704549.0,6.17,100.0,10.768394507091516,688.49,0.13,2.0342923608679175,96906242.0,0.06,1113235200000.0,0.91,11508353.0,12492211.0,0.91,0.904,67720.0,0.48,,133.86,中材国际,8.59,,2621812924.0,0,7.72,沪市主板
SH600123,,0.0,1.1592,11,1.9,False,0.01,0.675,1473240021.0,6.99,3.06,25.7807,18.27,10297947747.0,1790697600000.0,10297947747.0,,100.0,-3.2804421858940365,1304.18,0.14,-10.15720676680173,112196301.0,0.13,913824000000.0,-0.35,-5482943.0,16140480.0,1.06,0.675,67708.0,1.1,,0.0,兰花科创,-20.024,,1473240021.0,0,6.86,沪市主板
SH603806,-10.925574928093395,0.0,2.5584,11,2.74,False,0.01,2.281,2608745702.0,14.24,5.19,10.2289,2.82,37148538796.0,1790697600000.0,37148538796.0,1.896,100.0,6.765397429777717,201.07,0.07,-15.557017924225548,437616608.0,0.38,1409846400000.0,0.43,67633666.0,30514431.0,2.03,2.281,67564.0,1.17,,44.0,福斯特,33.283,,2608745702.0,0,13.86,沪市主板
SH600055,29.258721337365955,0.0,5.2947,11,-2.08,False,0.01,1.681,703061058.0,10.38,3.49,,-33.38,7297773782.0,1790697600000.0,7297773782.0,,100.0,-8.178278971516386,531.73,0.0,4.147589165021759,45303741.0,-0.22,863971200000.0,-0.53,-2996056.0,4334966.0,0.97,1.681,67538.0,0.62,,0.0,万东医疗,-19.68,,703061058.0,0,10.6,沪市主板
SH600694,-0.8626721964758,0.0,0.8773,11,0.14,False,0.01,0.613,378793611.0,14.42,1.04,11.2152,-6.06,5462203871.0,1790697600000.0,5462203871.0,6.304,100.0,5.561840747414595,751.04,0.0,-5.2024400836525375,39579573.0,0.02,753897600000.0,1.3,464880.0,2740689.0,1.5,0.613,67535.0,0.72,,1318.0,大商股份,11.106,,378793611.0,0,14.4,沪市主板
SH603299,-28.920852743542923,0.0,1.9169,11,0.23,False,0.01,1.034,944420338.0,8.71,0.92,36.5545,-14.24,8225901144.0,1790697600000.0,8315959060.0,2.893,100.0,4.995461611515921,103.3,-0.23,-9.69121553893013,24201065.0,0.02,1451491200000.0,0.37,696343.0,2774500.0,1.1,1.034,67068.0,0.29,,43.9,苏盐井神,23.577,,954759938.0,0,8.69,沪市主板
SH601069,,0.0,1.123,11,-1.71,False,0.01,4.279,887188443.0,24.14,2.2,8.9895,-8.81,21416729014.0,1790697600000.0,21991518829.0,0.853,100.0,17.94751566017067,480.14,0.08,88.22227715161479,194606710.0,-0.42,1421856000000.0,0.97,524286.0,8066941.0,0.7,4.279,67042.0,0.91,,43.98,西部黄金,24.789,,910999123.0,0,24.56,沪市主板
SH601966,-51.10998653024175,0.0,0.5994,11,-0.19,False,0.01,0.68,1463502683.0,10.47,1.62,4.6947,-27.66,15322873091.0,1790697600000.0,15322873091.0,1.671,100.0,2.7052830538799384,-22.75,-0.1,9.62221425594134,75948983.0,-0.02,1467734400000.0,0.42,5319649.0,7221360.0,1.35,0.68,66943.0,0.49,,43.99,玲珑轮胎,24.881,,1463502683.0,0,10.49,沪市主板
SH600197,-31.557548255115186,0.0,3.1891,11,-0.32,False,0.01,1.11,473174717.0,9.29,1.29,,-30.03,4395793121.0,1790697600000.0,4395793121.0,4.629,100.0,3.477155259605342,195.12,0.0,-19.386449972403696,21890405.0,-0.03,937411200000.0,0.29,1387095.0,2350806.0,0.5,1.11,66850.0,0.5,,126.84,伊力特,32.4,,473174717.0,0,9.32,沪市主板
SH601975,6.2530954321423415,0.0,3.6595,11,9.96,False,0.01,1.908,4680344678.0,4.97,6.42,11.4975,65.41,23261313050.0,1790697600000.0,23261313050.0,0.543,100.0,13.173770033696272,77.77,0.0,3.8818021785395507,1466802817.0,0.45,1546876800000.0,0.33,-100405279.0,297276399.0,2.03,1.908,66791.0,6.35,,-23.2,招商南油,14.975,,4680344678.0,1,4.52,沪市主板
SH603185,-16.727121328936622,0.0,1.1979,11,-1.85,False,0.01,0.899,679022202.0,14.87,4.09,13.4588,-50.85,10097060144.0,1790697600000.0,10157352046.0,1.009,100.0,-1.7111548717976734,17.31,0.13,-5.99978752874687,341282045.0,-0.28,1545926400000.0,-0.29,-1937304.0,22606149.0,2.93,0.899,66779.0,3.33,,43.99,弘元绿能,-51.906,,683076802.0,0,15.15,沪市主板
SH600326,-56.56201983709526,0.0,2.6557,11,-2.97,False,0.01,2.312,1362464423.0,6.53,3.57,25.1654,-40.8,8896892682.0,1790697600000.0,8896892682.0,,100.0,-0.8099309077308473,284.41,-0.15,-9.41787715953507,92659274.0,-0.2,979574400000.0,-0.02,-3741427.0,13967930.0,0.52,2.312,66709.0,1.03,,176.45,西藏天路,-288.45,,1362464423.0,0,6.73,沪市主板
SH601838,5.901026808240184,0.0,3.4422,11,1.4,False,0.01,0.9,4238435356.0,19.58,2.69,0.8913,30.88,82988564270.0,1790697600000.0,82988564270.0,7.201,100.0,14.15491386683987,256.58,0.0,4.233158221982025,541450779.0,0.27,1517328000000.0,3.2,47901035.0,27828482.0,1.36,0.9,66639.0,0.66,,44.06,成都银行,6.115,,4238435356.0,0,19.31,沪市主板
SH600869,-35.88075504289121,0.0,1.3503,11,-3.06,False,0.01,8.687,2219352746.0,17.11,5.84,40.7832,112.64,37973125484.0,1790697600000.0,37973125484.0,0.058,100.0,2.7539597496491797,2099.51,0.06,4.777023419188997,1432385692.0,-0.54,792000000000.0,0.05,-12411234.0,82304070.0,0.62,8.687,66476.0,3.71,,0.0,远东股份,314.431,,2219352746.0,0,17.65,沪市主板
SH600503,,,10.4855,11,0.0,False,0.01,1.178,1602290000.0,2.53,5.53,18.5626,-5.6,4053793700.0,,4053793700.0,,100.0,-2.2496619531949333,-67.4,0.0,35.10973400948374,408806112.0,0.0,1026144000000.0,-0.05,30448199.0,158588413.0,0.62,1.178,66423.0,9.9,,160.02,华丽家族,-51.408,,1602290000.0,0,2.53,沪市主板
SH601001,-22.909352855965835,0.0,2.1959,11,1.1,False,0.01,1.522,1673700000.0,17.4,2.85,7.6204,36.27,29122380000.0,1790697600000.0,29122380000.0,3.144,100.0,8.96478146780336,369.38,0.06,-4.301279324833152,253316819.0,0.19,1150992000000.0,1.0,5606806.0,14675536.0,1.15,1.522,66408.0,0.88,,63.31,晋控煤业,17.347,,1673700000.0,0,17.21,沪市主板
SH601598,-5.444619589063415,0.0,0.519,11,1.51,False,0.01,1.165,5157470227.0,6.71,2.87,23.3708,14.09,34606625223.0,1790697600000.0,48135870733.0,4.396,100.0,9.326268490106564,79.18,0.3,-4.365826663020789,102638525.0,0.1,1547740800000.0,0.53,4369285.0,15293398.0,1.03,1.165,66345.0,0.3,,-6.68,中国外运,12.668,,7173751227.0,0,6.61,沪市主板
SH603228,6.787530394773067,0.0,6.2568,11,-3.28,False,0.01,7.98,982060061.0,97.89,8.82,64.8688,34.97,96133859371.0,1790697600000.0,105265955605.0,0.515,100.0,9.640566410504299,562.17,0.13,19.980363408447268,2687337542.0,-3.32,1483632000000.0,1.1,-77636697.0,26581023.0,1.01,7.316,66344.0,2.71,,44.0,景旺电子,88.98,,1075349429.0,0,101.21,沪市主板
SH600481,,0.0,1.3118,11,-1.49,False,0.01,2.061,2064204519.0,3.97,3.72,3.8152,-39.3,8194891940.0,1790697600000.0,8194891940.0,,100.0,-31.165634207207287,293.73,0.0,-38.85030012754147,131786847.0,-0.06,1050940800000.0,-0.62,-25837128.0,32836737.0,0.86,2.061,66303.0,1.59,,46.41,双良节能,-6.379,,2064204519.0,0,4.03,沪市主板
SH600409,-28.686729538942014,0.0,0.6841,11,2.6,False,0.01,0.932,2064349448.0,6.32,4.38,14.003,2.55,13046688511.0,1790697600000.0,13046688511.0,0.475,100.0,1.3229522495980894,481.26,0.0,-4.147475800841216,143311335.0,0.16,1055865600000.0,0.09,6383825.0,22665394.0,1.53,0.932,66285.0,1.1,,40.5,三友化工,70.855,,2064349448.0,0,6.16,沪市主板
SH603063,-12.0073760848854,0.0,3.091,11,-3.44,False,0.01,2.27,462233234.0,26.66,6.05,16.0606,-19.21,12323138018.0,1790697600000.0,12374058618.0,0.48,100.0,8.69873582592878,73.06,0.19,0.5704026096160497,323226590.0,-0.95,1501171200000.0,0.96,-1109902.0,11943942.0,1.12,2.266,66203.0,2.58,,44.01,禾望电气,27.824,,464143234.0,0,27.61,沪市主板
SH600655,,0.0,0.5199,11,-1.72,False,0.01,0.596,3889846273.0,4.58,2.36,19.156,-10.72,17815495930.0,1790697600000.0,17821734394.0,,100.0,-14.769595140171374,282.4,0.0,-17.724009704804544,58483814.0,-0.08,715363200000.0,-1.23,-1576953.0,12641270.0,1.03,0.596,66173.0,0.32,,223.75,豫园股份,-3.714,,3891208383.0,0,4.66,沪市主板
SH603338,-1.4661072410037002,0.0,2.7412,11,-2.06,False,0.01,2.246,506347879.0,52.26,3.75,15.0228,-5.3,26461740157.0,1790697600000.0,26461740157.0,2.201,100.0,16.43029638392884,836.49,-0.25,19.26264556613093,138373368.0,-1.1,1427212800000.0,3.63,-7373305.0,2605900.0,0.85,2.246,66157.0,0.51,,44.01,浙江鼎力,14.408,,506347879.0,0,53.36,沪市主板
SH600556,,0.0,1.8782,11,-1.97,False,0.01,2.168,1807747642.0,4.48,3.06,,-26.11,8098709436.0,1790697600000.0,8098709436.0,0.112,100.0,-1.9495656922121032,5.02,0.22,4.300453013705896,133960097.0,-0.09,997113600000.0,-0.04,-11069000.0,29747450.0,0.82,2.168,65843.0,1.65,,139.48,天下秀,-109.504,,1807747642.0,0,4.57,沪市主板
SH600376,1.4608550993950198,0.0,0.3485,11,-3.03,False,0.01,6.603,2579565242.0,3.2,4.55,4.5431,-51.59,8254608774.0,1790697600000.0,8254608774.0,,100.0,-78.97435720806622,21.27,0.0,-25.942046388476648,247106726.0,-0.1,984326400000.0,-2.57,5668687.0,75620503.0,0.83,6.603,65809.0,2.93,,178.85,首开股份,-1.246,,2579565242.0,0,3.3,沪市主板
SH600495,26.197012381855657,0.0,3.6336,11,-0.25,False,0.01,1.499,1208190886.0,4.07,2.21,28.7302,-14.42,4917336906.0,1790697600000.0,4917336906.0,0.442,100.0,1.059407105352699,245.71,0.0,3.3534699602537854,27344489.0,-0.01,1085500800000.0,0.03,-3598201.0,6731380.0,0.93,1.499,65601.0,0.56,,37.25,晋西车轴,142.019,,1208190886.0,0,4.08,沪市主板
SH600320,27.115558231578607,0.0,0.5902,11,0.25,False,0.01,1.36,3332896030.0,4.08,2.7,4.9574,-19.38,13598215802.0,1790697600000.0,21539347630.0,1.961,100.0,5.510857249208549,353.38,-0.24,3.716649222101065,157523126.0,0.01,977328000000.0,0.17,1097901.0,38339111.0,1.29,1.354,65313.0,1.15,,36.84,振华重工,24.2,,5279251870.0,0,4.07,沪市主板
SH600378,19.497835580092705,0.0,2.8061,11,-1.7,False,0.01,2.798,1072565363.0,40.5,3.91,18.0626,27.5,43438897202.0,1790697600000.0,52244984610.0,0.968,100.0,9.42646355031856,465.32,0.02,12.79047296376492,851772615.0,-0.7,979142400000.0,1.32,12296882.0,20765300.0,0.76,2.798,65238.0,1.94,,323.86,昊华科技,30.716,,1289999620.0,0,41.2,沪市主板
SH600986,,0.0,1.1258,11,-1.74,False,0.01,1.994,1487374062.0,6.77,3.05,21.8385,-13.43,10069522400.0,1790697600000.0,10069522400.0,,100.0,-3.111170835759865,228.21,0.15,-3.609610506689276,166431270.0,-0.12,1082908800000.0,-0.11,-9478452.0,24411920.0,0.62,1.994,65100.0,1.64,,39.07,浙文互联,-63.099,,1487374062.0,0,6.89,沪市主板
SH600129,-54.72069440492797,0.0,0.7454,11,-0.89,False,0.01,2.06,551418185.0,13.42,3.03,29.8936,-25.65,7400032043.0,1790697600000.0,7400032043.0,,100.0,1.9279492541184335,167.19,-0.07,-15.468377359237895,123114452.0,-0.12,879782400000.0,0.13,4511013.0,9103200.0,1.18,2.06,64961.0,1.65,,0.0,太极集团,106.276,,551418185.0,0,13.54,沪市主板
SH603601,3.0589379987852716,0.0,8.8379,11,3.26,False,0.01,4.112,1142340971.0,9.81,9.58,47.5334,-21.28,11206364926.0,1790697600000.0,11206364926.0,0.102,100.0,1.643213877433879,1347.76,0.2,-8.65498377376105,1334256799.0,0.31,1421856000000.0,0.04,134969871.0,133368305.0,1.08,4.112,64782.0,11.67,,44.05,再升科技,275.532,,1142340971.0,0,9.5,沪市主板
SH603236,127.64841518615326,0.0,0.9902,11,-4.01,False,0.01,3.771,405365158.0,68.49,6.71,,1.88,27763459671.0,1790697600000.0,27763459671.0,1.08,100.0,16.459746735422215,444.66,0.37,32.36994203533325,863431598.0,-2.86,1563206400000.0,2.39,-36695474.0,12477447.0,1.21,3.748,64365.0,3.08,,44.0,移远通信,28.674,,405365158.0,0,71.35,沪市主板
SH688795,-70.72820553060049,,68.8368,82,-5.57,False,0.01,14.359,56000000.0,372.0,6.8,,-36.72,20832000000.0,,174850496724.0,,1.0,-8.986249019809502,-42.77,-0.16,210.87728465109868,1274602736.0,-21.94,1764864000000.0,-1.58,4530927.0,3358334.0,0.76,14.359,64300.0,6.0,,425.46,摩尔线程-U,-235.836,,470028217.0,0,393.94,科创板
SH600490,,0.0,3.5432,11,-1.32,False,0.01,2.334,1992621386.0,6.71,2.35,13.2092,-12.78,13370489500.0,1790697600000.0,14848472300.0,0.462,100.0,4.891969683171475,509.06,0.15,0.42343224435195115,141088996.0,-0.09,1056556800000.0,0.14,-2245887.0,21012669.0,0.76,2.334,64277.0,1.05,,110.43,鹏欣资源,48.104,,2212887079.0,0,6.8,沪市主板
SH600855,-11.859216288628504,0.0,5.0191,11,-0.81,False,0.01,4.168,467639728.0,12.3,4.84,,-41.54,5751968654.0,1790697600000.0,5763075554.0,,100.0,-11.455700409462438,248.84,-0.24,-13.444542050655429,75491992.0,-0.1,767203200000.0,-0.36,2063732.0,6016026.0,0.84,4.168,64150.0,1.29,,82.0,航天长峰,-34.272,,468542728.0,0,12.4,沪市主板
SH600095,143.99305212554873,0.0,9.8672,11,-2.06,False,0.01,1.907,2859187743.0,8.55,2.86,42.965,-22.69,24446055203.0,1790697600000.0,24446055203.0,,100.0,6.879209039281628,196.83,0.23,3.0768409149925846,269652457.0,-0.18,868291200000.0,0.3,-11205229.0,31401118.0,0.76,1.907,64121.0,1.1,,0.0,湘财股份,28.699,,2859187743.0,0,8.73,沪市主板
SH600775,,0.0,3.0982,11,1.94,False,0.01,2.793,671838529.0,9.44,7.78,,-22.68,6342155714.0,1790697600000.0,8626635714.0,0.106,100.0,0.9840509315968582,26.12,0.11,3.139841715357705,211270630.0,0.18,848246400000.0,0.03,39757761.0,21961826.0,2.02,2.793,64047.0,3.27,,149.8,南京熊猫,284.745,,913838529.0,0,9.26,沪市主板
SH603077,,0.0,3.1426,11,0.0,False,0.01,1.004,8831762228.0,2.19,2.28,17.2716,-3.1,19341559279.0,1790697600000.0,19341559279.0,,100.0,-1.1017461010724794,96.87,0.46,-15.658983001444538,221672988.0,0.0,1343664000000.0,-0.02,-36584197.0,101072818.0,1.17,1.023,64036.0,1.14,,-6.17,和邦生物,-92.979,,8831762228.0,0,2.19,沪市主板
SH603305,-15.386030374051629,0.0,2.6271,11,-2.95,False,0.01,1.352,1155708556.0,10.87,4.64,16.6011,-32.05,12562552004.0,1790697600000.0,12562552004.0,1.463,100.0,5.0322478194073375,72.81,0.0,2.1685267589635293,187758005.0,-0.33,1499616000000.0,0.35,-2683965.0,17112301.0,1.38,1.352,63944.0,1.48,,43.96,旭升集团,31.234,,1155708556.0,0,11.2,沪市主板
SH600022,,0.0,0.216,11,-0.76,False,0.01,0.732,10698849554.0,1.3,2.29,5.6788,-13.91,13908504420.0,1790697600000.0,13908504420.0,,100.0,0.587598331946322,22.66,-0.76,-11.96895846535112,130678152.0,-0.01,1088438400000.0,0.01,12537232.0,99200133.0,0.9,0.732,63885.0,0.93,,0.16,山东钢铁,125.436,,10698849554.0,0,1.31,沪市主板
SH601212,37.218337973779846,0.0,0.4758,11,-1.42,False,0.01,2.674,7404774511.0,5.57,2.83,,-4.79,41244594026.0,1790697600000.0,41244594026.0,,100.0,-2.9676891183702034,162.93,0.36,0.31915783524110175,473422110.0,-0.08,1487088000000.0,-0.06,-19851837.0,84544593.0,0.62,2.674,63830.0,1.14,,43.82,白银有色,-90.062,,7404774511.0,0,5.65,沪市主板
SH600857,-29.405202602236514,,14.4675,11,-0.99,False,0.01,4.504,224319919.0,17.05,5.34,264.8138,24.72,3824654619.0,,3824654619.0,0.264,100.0,3.0911767685964078,974.35,-0.12,-49.957934039162886,144711753.0,-0.17,767203200000.0,0.12,853508.0,8317700.0,0.77,4.504,63700.0,3.71,,44.83,宁波中百,144.458,,224319919.0,0,17.22,沪市主板
SH603043,-11.253062953727898,0.0,1.3499,11,1.14,False,0.01,2.007,562452370.0,13.29,2.28,10.1068,-22.41,7474991997.0,1790697600000.0,7517333937.0,3.77,100.0,13.062456839466158,16.3,-0.23,6.305591209643802,56663685.0,0.15,1498492800000.0,0.85,-2251373.0,4266770.0,1.72,2.013,63463.0,0.76,,44.01,广州酒家,15.671,,565638370.0,0,13.14,沪市主板
SH600545,,0.0,1.8052,11,0.26,False,0.01,2.742,1787912222.0,3.85,6.25,30.5894,50.39,6883462055.0,1790697600000.0,6883462055.0,,100.0,-16.936953713858774,90.41,0.52,-11.9990620909887,325816582.0,0.01,1070380800000.0,-0.27,3747939.0,82975809.0,0.94,2.742,63402.0,4.64,,44.3,卓郎智能,-14.068,,1787912222.0,0,3.84,沪市主板
SH600354,45.4511209609513,,3.6556,11,-1.73,False,0.01,5.666,527802080.0,9.08,5.52,11.03,40.34,4792442886.0,,4792442886.0,,100.0,17.713970513540694,210.26,0.0,6.629942827342972,669425636.0,-0.16,1074096000000.0,0.26,647340.0,72714935.0,0.87,5.665,63346.0,13.78,,96.48,敦煌种业,34.862,,527802080.0,0,9.24,沪市主板
SH600728,-53.56762591193961,0.0,0.8884,11,-1.12,False,0.01,1.188,2132599261.0,4.4,2.92,57.7654,-34.0,9383436748.0,1790697600000.0,9383436748.0,0.182,100.0,0.8843228093465128,217.99,0.0,20.961244627625717,59496873.0,-0.05,837446400000.0,0.03,-6097400.0,13441600.0,0.86,1.188,62909.0,0.63,,112.7,佳都科技,135.365,,2132599261.0,0,4.45,沪市主板
SH600578,56.492996509683316,0.0,1.0305,11,2.88,False,0.01,1.439,6694621015.0,5.36,2.88,3.7709,8.45,35883168640.0,1790697600000.0,35883168640.0,3.172,100.0,12.397317322990482,217.8,0.0,0.873153158873019,371605213.0,0.15,1020960000000.0,0.53,72948774.0,69982689.0,2.09,1.439,62771.0,1.05,,137.4,京能电力,10.154,,6694621015.0,0,5.21,沪市主板
SH600360,72.85078979834677,0.0,4.2138,11,-5.45,False,0.01,2.766,960295304.0,10.24,8.96,48.9355,28.85,9833423913.0,1790697600000.0,9833423913.0,0.625,100.0,5.269275536461807,271.22,0.29,11.230945370806356,569604339.0,-0.59,984672000000.0,0.19,-21836198.0,54165596.0,0.73,2.766,62641.0,5.64,,181.35,华微电子,53.525,,960295304.0,0,10.83,沪市主板
SH600572,-5.026420663886954,0.0,1.6014,11,-0.23,False,0.01,1.545,2531790178.0,4.3,1.62,10.0782,-0.01,10886697765.0,1790697600000.0,10915687733.0,3.488,100.0,7.183183902180613,426.77,0.0,1.9501840624869482,158515177.0,-0.01,1081699200000.0,0.2,-22672746.0,36717103.0,0.97,1.545,62641.0,1.45,,77.21,康恩贝,21.896,,2538532031.0,0,4.31,沪市主板
SH603108,,0.0,0.8689,11,-3.11,False,0.01,1.583,604603824.0,9.66,5.62,7.7182,-35.38,5840472940.0,1790697600000.0,5840472940.0,,100.0,-13.042225623852127,123.65,-0.1,-11.037878371309661,125547641.0,-0.31,1432656000000.0,-0.85,-19109066.0,12797002.0,1.01,1.583,62640.0,2.12,,44.0,润达医疗,-11.327,,604603824.0,0,9.97,沪市主板
SH600571,-8.201137749587817,0.0,2.2649,11,-1.37,False,0.01,4.048,457751703.0,10.07,2.64,,-36.31,4609559649.0,1790697600000.0,4695825372.0,0.427,100.0,3.629494444993966,373.3,0.1,-0.4956493812148022,43951521.0,-0.14,1036080000000.0,0.09,-5213820.0,4340000.0,0.87,4.048,62619.0,0.95,,83.13,信雅达,112.192,,466318309.0,0,10.21,沪市主板
SH600860,60.38669969966668,0.0,2.7328,11,0.54,False,0.01,5.163,444040788.0,7.51,2.41,662.6465,-40.11,3334746318.0,1790697600000.0,4098559129.0,,100.0,-10.774423546920582,84.66,-0.13,1.3821198857658423,31827024.0,0.04,768153600000.0,-0.18,2199594.0,4224000.0,0.82,5.179,62545.0,0.95,,28.87,京城股份,-40.778,,545746888.0,0,7.47,沪市主板
SH601928,-25.178163884423665,0.0,1.8704,11,-0.12,False,0.01,1.059,2544900000.0,8.33,1.44,10.8969,-13.34,21199017000.0,1790697600000.0,21199017000.0,6.002,100.0,6.509316175029268,17.4,0.36,-8.10431181992155,70892568.0,-0.01,1322582400000.0,0.51,-2244649.0,8512969.0,0.78,1.059,62350.0,0.33,,34.77,凤凰传媒,16.287,,2544900000.0,0,8.34,沪市主板
SH601608,0.2552036782188294,0.0,2.5844,11,0.22,False,0.01,2.246,4579553437.0,4.6,3.05,12.1577,-29.69,21065945810.0,1790697600000.0,21065945810.0,0.717,100.0,4.11245572843428,59.58,0.22,-4.987381054694917,158202661.0,0.01,1341504000000.0,0.08,-6545764.0,34150326.0,1.65,2.246,62324.0,0.75,,2.57,中信重工,55.225,,4579553437.0,0,4.59,沪市主板
SH688235,,0.0,9.0042,82,-5.24,False,0.01,10.91,115055260.0,250.56,5.29,23.3967,-6.72,28828245946.0,1790697600000.0,386517507912.0,,1.0,13.748745591084417,41.59,0.28,40.654371947230295,895473095.0,-13.85,1639497600000.0,2.78,-51050383.09,3527619.0,1.38,10.902,62289.0,3.07,,-16.42,百济神州,90.276,,1542614575.0,0,264.41,科创板
SH603308,10.549409927274201,0.0,7.8088,11,1.21,False,0.01,5.065,728433921.0,36.07,5.75,100.2432,-13.35,26274611530.0,1790697600000.0,26274611530.0,0.413,100.0,7.5603404322160035,441.55,0.17,16.964908660395437,1070719703.0,0.43,1390320000000.0,0.52,65899044.0,29257756.0,1.44,4.722,62218.0,4.02,,34.06,应流股份,68.85,,728433921.0,0,35.64,沪市主板
SH600130,-29.537521129766773,,6.7432,11,0.44,False,0.01,3.785,750000000.0,4.58,3.73,,9.31,3435000000.0,,3435000000.0,,100.0,0.5307914871697812,-29.2,0.22,9.72603207622631,79930808.0,0.02,962812800000.0,0.01,6002371.0,17381400.0,0.93,3.785,62158.0,2.32,,119.06,波导股份,690.693,,750000000.0,0,4.56,沪市主板
SH601015,22.10668620160421,0.0,0.7862,11,6.98,False,0.01,1.644,2042497639.0,3.83,8.1,,5.8,7822765957.0,1790697600000.0,7822765957.0,,100.0,-20.239509332771775,27.97,0.0,-19.280321486873387,535073879.0,0.25,1415116800000.0,-0.53,126751357.0,140922399.0,2.08,1.644,62087.0,6.9,,44.06,陕西黑猫,-7.238,,2042497639.0,0,3.58,沪市主板
SH600990,17.024719290969713,0.0,3.0185,11,-2.35,False,0.01,3.186,269012696.0,17.42,4.04,18.2906,-44.96,4686201164.0,1790697600000.0,4686201164.0,,100.0,-22.791573776376833,346.27,-0.06,-13.477276072867571,41731192.0,-0.42,1084118400000.0,-1.41,1831514.0,2362793.0,1.21,3.211,62017.0,0.88,,84.47,四创电子,-12.387,,269012696.0,0,17.84,沪市主板
SH603719,-47.85714544769848,0.0,0.6373,11,0.87,False,0.01,1.935,397983400.0,9.29,1.95,18.3836,-18.67,3697265786.0,1790697600000.0,3697265786.0,2.702,100.0,-1.9143806643736636,-39.74,0.11,-8.821652321980089,36238192.0,0.08,1582473600000.0,-0.1,3779744.0,3912726.0,1.44,1.95,61968.0,0.98,,44.03,良品铺子,-97.541,,397983400.0,0,9.21,沪市主板
SH600577,14.204371047845509,0.0,0.7016,11,1.49,False,0.01,3.123,2231814338.0,8.84,4.59,13.9942,-28.32,19729238748.0,1790697600000.0,19729238748.0,0.995,100.0,10.033956116135172,907.64,0.34,21.155928469389295,911476661.0,0.13,1031673600000.0,0.28,20339010.0,102605797.0,1.56,3.022,61782.0,4.6,,116.87,精达股份,31.946,,2231814338.0,0,8.71,沪市主板
SH603939,9.190780955141765,0.0,1.1484,11,0.94,False,0.01,2.398,1212392486.0,23.53,3.09,8.7985,12.09,28527595196.0,1790697600000.0,28527595196.0,2.971,100.0,15.144833073793881,485.38,0.0,3.8295386524680675,293136922.0,0.22,1424102400000.0,1.45,-5237261.0,12504346.0,1.56,2.398,61710.0,1.03,,44.02,益丰药房,16.189,,1212392486.0,0,23.31,沪市主板
SH601002,,0.0,2.1333,11,0.76,False,0.01,1.147,954440720.0,5.3,3.04,9.5321,4.5,5058535816.0,1790697600000.0,5096748816.0,2.434,100.0,7.689916578329457,-22.0,0.38,1.7866100185771616,71806812.0,0.04,1169740800000.0,0.35,-7133096.0,13501134.0,1.85,1.138,61689.0,1.41,,109.86,晋亿实业,15.336,,961650720.0,0,5.26,沪市主板
SH600876,,0.0,1.7633,11,0.67,False,0.01,2.144,395674963.0,7.52,3.08,,-23.73,2975475722.0,1790697600000.0,4855475722.0,,100.0,-44.7084749488379,-36.07,0.4,-29.67300437581467,51830627.0,0.05,815068800000.0,-2.02,-4323631.0,6901256.0,0.52,2.144,61580.0,1.74,,198.61,凯盛新能,-3.724,,645674963.0,0,7.47,沪市主板
SH600201,-15.278979800264391,0.0,8.3143,11,-0.17,False,0.01,2.356,1099927826.0,11.59,3.88,45.8242,-22.86,12748163503.0,1790697600000.0,12748163503.0,0.319,100.0,2.667232571144076,1266.42,-0.09,2.1771471921074204,144645122.0,-0.02,916329600000.0,0.13,-11124474.0,12391806.0,1.3,2.381,61334.0,1.13,,0.0,生物股份,88.659,,1099927826.0,0,11.61,沪市主板
SH601878,24.481690248664954,0.0,3.738,11,-1.45,False,0.01,1.068,4535015039.0,8.84,2.12,2.9994,-16.82,40089532945.0,1790697600000.0,40089532945.0,2.828,100.0,7.822168532713196,-18.71,0.11,-9.205022814350073,167246205.0,-0.13,1498406400000.0,0.63,-51874479.0,18812914.0,1.48,1.077,61235.0,0.41,,44.02,浙商证券,13.947,,4535015039.0,0,8.97,沪市主板
SH600688,,0.0,0.3948,11,2.18,False,0.01,1.265,7328813500.0,2.81,3.64,78.8515,1.08,20593965935.0,1790697600000.0,29624755175.0,,100.0,-2.807761417300249,130.73,0.36,-7.111425809867022,249894067.0,0.06,752688000000.0,-0.06,66484167.0,89068013.0,2.08,1.265,61226.0,1.22,,92.0,上海石化,-44.214,,10542617500.0,0,2.75,沪市主板
SH601003,,0.0,0.14,11,-0.28,False,0.01,1.024,2634221771.0,3.57,3.35,2.1781,-27.13,9404171722.0,1790697600000.0,9404171722.0,2.801,100.0,4.230448197075319,28.66,0.0,-6.330202923812656,54513819.0,-0.01,1172505600000.0,0.14,-991472.0,15196500.0,0.77,1.024,60827.0,0.58,,63.62,柳钢股份,24.797,,2634221771.0,0,3.58,沪市主板
SH600373,-49.91231472221923,0.0,1.3568,11,-1.86,False,0.01,0.558,1347358719.0,7.37,2.13,30.3697,-19.03,9930033759.0,1790697600000.0,9930033759.0,2.714,100.0,1.5702870410122571,290.3,0.0,-14.547761394813218,83536334.0,-0.14,1015171200000.0,0.21,-22633.0,11264454.0,0.79,0.558,60586.0,0.84,,311.57,中文传媒,35.761,,1347358719.0,0,7.51,沪市主板
SH600486,-6.961943039589846,0.0,1.7016,11,0.72,False,0.01,1.742,404111938.0,51.55,2.58,10.8028,-24.4,20831970404.0,1790697600000.0,20831970404.0,1.851,100.0,11.00432771229879,1331.15,0.16,3.1026082182572967,126242487.0,0.37,1019664000000.0,3.14,3884052.0,2432365.0,1.04,1.742,60551.0,0.6,,157.04,扬农化工,16.404,,404111938.0,0,51.18,沪市主板
SH601666,-58.124722881654314,0.0,0.9631,11,0.34,False,0.01,0.992,2469365109.0,8.85,2.27,5.9796,13.3,21853881215.0,1790697600000.0,21853881215.0,0.644,100.0,1.1117432499146862,271.1,0.0,-7.643490302139011,168126361.0,0.03,1164211200000.0,0.12,-3580014.0,18938400.0,0.97,0.992,60183.0,0.77,,20.47,平煤股份,75.304,,2469365109.0,0,8.82,沪市主板
SH600186,53.1485828969281,0.0,5.485,11,0.0,False,0.01,10.19,1789138291.0,11.46,6.11,99.9707,91.64,20503524815.0,1790697600000.0,20545082786.0,0.07,100.0,20.447369593704458,478.82,0.09,24.738305632368252,1800288673.0,0.0,903974400000.0,0.22,87081154.0,153573119.0,0.68,10.189,59769.0,8.58,,0.0,莲花控股,52.495,,1792764641.0,0,11.46,沪市主板
SH600416,-64.37629504080992,0.0,2.6502,11,-0.96,False,0.01,1.254,1475782384.0,8.24,3.61,50.4339,-47.78,12160446844.0,1790697600000.0,12160446844.0,,100.0,0.5493394086580056,117.2,0.0,-1.8673036833123824,87503180.0,-0.08,1026921600000.0,0.03,2842100.0,10509100.0,1.0,1.254,59418.0,0.71,,135.0,湘电股份,254.954,,1475782384.0,0,8.32,沪市主板
SH601579,26.243464227069314,0.0,10.2178,11,6.17,False,0.01,5.058,479463409.0,39.6,13.49,65.5434,98.99,18986750996.0,1790697600000.0,18986750996.0,0.742,100.0,7.5827863788127186,756.53,-0.25,10.472088119587596,2347559819.0,2.3,1408896000000.0,0.58,8325570.0,58974502.0,1.23,5.058,59407.0,12.3,,44.02,会稽山,67.953,,479463409.0,0,37.3,沪市主板
SH600638,31.418395857235872,,1.4532,11,-0.75,False,0.01,0.746,673396786.0,5.26,3.96,2.0921,-18.13,3542067094.0,,3542067094.0,0.589,100.0,3.8042131001671775,303.71,-0.19,-14.97751316615089,94310053.0,-0.04,733075200000.0,0.26,140875.0,17756400.0,1.03,0.746,59378.0,2.64,,-50.99,新黄浦,19.92,,673396786.0,0,5.3,沪市主板
SH600480,-2.424682681603152,0.0,0.4617,11,-1.16,False,0.01,1.159,1213185142.0,7.65,2.97,4.6243,-36.01,9280866336.0,1790697600000.0,9350039082.0,3.922,100.0,8.926522600574643,339.93,-0.13,3.486767294019044,79599482.0,-0.09,1060876800000.0,0.58,-4281594.0,10321710.0,1.16,1.159,58902.0,0.85,,100.0,凌云股份,13.237,,1222227331.0,0,7.74,沪市主板
SH601778,,0.0,3.9464,11,-0.59,False,0.01,0.754,3723044498.0,3.37,2.95,4.7182,-8.82,12546659958.0,1790697600000.0,12546659958.0,0.831,100.0,0.12068588021407702,-33.81,0.3,-16.148887651065813,245383331.0,-0.02,1589817600000.0,0.01,-22561045.0,72506749.0,1.14,0.763,58856.0,1.95,,43.94,晶科科技,637.629,,3723044498.0,0,3.39,沪市主板
SH600587,-15.880862940500728,0.0,0.7797,11,-0.23,False,0.01,0.993,606644549.0,12.99,2.0,10.9052,-9.03,7880312692.0,1790697600000.0,7880312692.0,0.77,100.0,5.418136467891106,356.78,0.23,1.56268952658134,163667347.0,-0.03,1033056000000.0,0.7,-4088620.0,12592441.0,0.77,0.993,58799.0,2.08,,139.67,新华医疗,18.503,,606644549.0,0,13.02,沪市主板
SH603833,-34.1646982945774,0.0,1.2442,11,-2.54,False,0.01,1.032,605727207.0,30.69,2.99,10.1983,-37.32,18589767983.0,1790697600000.0,18589767983.0,8.071,100.0,7.676079484237391,-25.42,0.0,-18.25925721848992,72720013.0,-0.8,1490630400000.0,2.34,1764016.0,2350369.0,0.54,1.038,58724.0,0.39,,44.01,欧派家居,13.089,,605727207.0,0,31.49,沪市主板
SH600686,145.61004599396773,0.0,0.3131,11,-1.78,False,0.01,2.19,717047417.0,11.05,3.91,6.0472,-36.51,7923373958.0,1790697600000.0,7923373958.0,1.946,100.0,18.54802720494021,1406.48,0.0,10.743200021881849,215904366.0,-0.2,752688000000.0,0.88,-16950746.0,19380674.0,0.97,2.19,58539.0,2.7,,471.67,金龙汽车,12.612,,717047417.0,0,11.25,沪市主板
SH600630,60.85602142830802,,1.7067,11,0.39,False,0.01,3.967,424861597.0,7.66,4.85,25.4743,-14.68,3254439833.0,,3254439833.0,0.509,100.0,7.028093159970976,40.79,0.13,4.079990892571983,349315852.0,0.03,729187200000.0,0.13,6713273.0,45022194.0,0.59,3.967,58394.0,10.6,,-49.79,龙头股份,57.94,,424861597.0,0,7.63,沪市主板
SH688122,-10.986625472312529,0.0,6.6327,82,0.54,False,0.01,4.696,649664497.0,52.22,3.23,126.3262,-29.44,33925480033.0,1790697600000.0,33925480033.0,1.149,1.0,9.096399507740042,92.83,0.06,6.424769347489279,601817257.0,0.28,1563724800000.0,0.98,18534210.0,11436679.0,1.15,4.696,58291.0,1.76,,266.6,西部超导,53.139,,649664497.0,0,51.94,科创板
SH600310,506.50110135306664,0.0,1.8222,11,9.96,False,0.01,2.569,1465710722.0,4.97,9.96,4.1536,31.2,7284582288.0,1790697600000.0,7284582288.0,0.604,100.0,-0.5549470562017155,188.63,0.0,-36.11199452669639,400542613.0,0.45,983289600000.0,-0.01,85863309.0,82852903.0,1.82,2.569,58267.0,5.65,,101.14,广西能源,-458.627,,1465710722.0,1,4.52,沪市主板
SH603220,-50.811103914152234,0.0,2.822,11,-4.97,False,0.01,2.188,536358207.0,15.88,6.94,15.9298,-25.14,8517368327.0,1790697600000.0,8517368327.0,0.441,100.0,1.3931533309911184,131.89,0.13,-0.9573086362798522,297547995.0,-0.83,1542211200000.0,0.08,-32694296.0,18322930.0,1.51,2.237,58189.0,3.42,,43.95,中贝通信,205.827,,536358207.0,0,16.71,沪市主板
SH600405,-11.964676343376436,,6.6635,11,-1.21,False,0.01,77.53,612829588.0,4.88,3.04,,-6.33,2990608389.0,,2990608389.0,,100.0,-181.04790255403358,82.35,-0.41,-17.96771220777914,30020718.0,-0.06,1080748800000.0,-0.46,-1574711.0,6082378.0,0.76,77.583,57989.0,0.99,,144.39,动力源,-10.658,,612829588.0,0,4.94,沪市主板
SH600590,-3.430410061945799,0.0,1.4782,11,-0.12,False,0.01,2.166,843569523.0,8.02,4.23,15.8416,-14.6,6765427574.0,1790697600000.0,6840015395.0,0.287,100.0,1.3532259481565694,88.7,0.12,3.722483481437777,162622533.0,-0.01,1025625600000.0,0.05,-5519197.0,20032492.0,1.33,2.166,57853.0,2.37,,326.05,泰豪科技,157.773,,852869750.0,0,8.03,沪市主板
SH600612,-22.532786105024893,0.0,0.4159,11,0.0,False,0.01,1.239,317109630.0,31.37,1.47,15.6435,-26.71,9947729093.0,1790697600000.0,16410204257.0,4.845,100.0,9.597456321950053,3394.49,-0.29,-23.76393173250364,25008545.0,0.0,713721600000.0,2.39,-454677.0,796520.0,0.8,1.239,57804.0,0.25,,280.0,老凤祥,13.123,,523117764.0,0,31.37,沪市主板
SH600995,30.56405923786074,0.0,4.7023,11,1.69,False,0.01,1.645,3196005805.0,12.06,1.77,7.8916,-2.71,38543830008.0,1790697600000.0,38543830008.0,1.551,100.0,8.670607699476177,745.84,0.0,17.826911012715495,125690996.0,0.2,1087228800000.0,0.62,11162763.0,10444900.0,1.52,1.645,57570.0,0.33,,70.73,南网储能,19.583,,3196005805.0,0,11.86,沪市主板
SH601717,-5.796788916541695,0.0,0.5933,11,0.0,False,0.01,1.006,1542165730.0,13.35,2.4,7.4303,-41.53,20587912496.0,1790697600000.0,23835089066.0,9.363,100.0,14.800684096509444,47.29,0.07,2.1997369405482914,192587135.0,0.0,1280764800000.0,1.89,726893.0,14415299.0,0.98,1.006,57525.0,0.93,,57.2,中创智领,7.048,,1785399930.0,0,13.35,沪市主板
SH600835,-13.874901062721278,0.0,0.9228,11,-3.23,False,0.01,1.26,806504300.0,17.7,4.1,33.8137,-40.57,14275126110.0,1790697600000.0,17829116987.0,0.904,100.0,4.95635786696672,894.61,0.0,-4.651250485426795,91730588.0,-0.59,762019200000.0,0.69,-14236040.0,5116890.0,0.76,1.26,57299.0,0.63,,82.91,上海机电,25.568,,1007294745.0,0,18.29,沪市主板
SH600238,-54.66624260338469,,3.989,11,1.0,False,0.01,26.082,445271580.0,4.05,2.49,36.2139,-36.02,1803349899.0,,1815210000.0,,100.0,-26.248088830256695,54.34,0.0,47.47374978335759,16269759.0,0.04,948297600000.0,-0.05,652981.0,4017600.0,0.93,26.079,57260.0,0.9,,173.17,ST椰岛,-87.911,,448200000.0,0,4.01,沪市主板
SH600827,66.44252676287338,0.0,0.5985,11,-0.38,False,0.01,0.69,1604449920.0,7.91,1.51,13.3735,-10.26,12691198867.0,1790697600000.0,14112769805.0,1.896,100.0,6.078192203358893,492.33,-0.13,-9.616321772299907,76368112.0,-0.03,760291200000.0,0.69,5817409.0,9660388.0,1.0,0.69,57249.0,0.6,,144.23,百联股份,11.466,,1784168117.0,0,7.94,沪市主板
SH600531,18.503849949754205,0.0,0.2161,11,-1.26,False,0.01,1.875,1209262698.0,10.97,2.52,,-5.08,13265611797.0,1790697600000.0,13265611797.0,1.96,100.0,14.351176477328023,734.41,0.09,33.033258663492184,197728454.0,-0.14,1027958400000.0,0.76,-4335899.0,17924200.0,0.82,1.875,57227.0,1.48,,101.5,豫光金铅,14.412,,1209262698.0,0,11.11,沪市主板
SH600520,,0.0,8.139,11,-3.7,False,0.01,9.308,158430000.0,23.41,6.33,87.1687,-4.84,3708846300.0,1790697600000.0,3708846300.0,,100.0,2.9318593200010774,99.59,-0.43,20.012899761108294,128941838.0,-0.9,1010419200000.0,0.07,-94617.0,5431301.0,0.88,9.308,57224.0,3.43,,303.82,三佳科技,323.513,,158430000.0,0,24.31,沪市主板
SH688005,-19.78603242539555,0.0,1.182,82,3.83,False,0.01,2.241,714618752.0,24.38,6.47,244.9351,-31.13,17422405174.0,1790697600000.0,17422405174.0,,1.0,-0.1200558060743124,-11.45,0.12,-8.914786634873561,548180117.0,0.9,1563724800000.0,-0.01,34316393.2,22382406.0,2.58,2.242,57066.0,3.13,,86.06,容百科技,-1805.45,,714618752.0,0,23.48,科创板
SH603393,-21.8171545493112,0.0,2.8482,11,4.0,False,0.01,1.114,423921327.0,25.46,4.21,4.3886,-1.26,10793036985.0,1790697600000.0,10793036985.0,3.142,100.0,6.179475148791533,132.45,-0.04,1.390255327936929,204931731.0,0.98,1473609600000.0,1.35,7761289.0,8113484.0,1.78,1.114,57058.0,1.91,,44.0,新天然气,18.904,,423921327.0,0,24.48,沪市主板
SH600078,,0.0,1.676,11,-0.31,False,0.01,3.686,662572861.0,9.76,2.35,16.177,1.77,6466711123.0,1790697600000.0,6633509523.0,,100.0,6.1833350900924495,373.6,0.0,11.760788426743263,83529250.0,-0.03,867340800000.0,0.16,-2595149.0,8529200.0,1.11,3.67,57022.0,1.29,,0.0,澄星股份,61.683,,679662861.0,0,9.79,沪市主板
SH600039,-3.409934819433047,0.0,0.6528,11,1.83,False,0.01,1.532,8695590645.0,8.89,2.41,10.7319,-6.12,77303800834.0,1790697600000.0,77303800834.0,5.568,100.0,15.145061702886062,1402.45,0.23,2.4978381823077322,160604371.0,0.16,1048521600000.0,0.87,-927958.0,18168252.0,1.16,1.532,56941.0,0.21,,32.02,四川路桥,10.161,,8695590645.0,0,8.73,沪市主板
SH688027,,0.0,103.6131,82,-4.12,False,0.01,10.059,80374370.0,314.96,5.62,1185.541,-37.48,25314711575.0,1790697600000.0,32397100875.0,0.005,1.0,0.18663516449263665,12.56,-0.01,26.515199541649736,419438148.0,-13.53,1594224000000.0,0.06,-8342500.0,1307473.0,0.58,10.059,56633.0,1.63,,923.91,国盾量子,5393.632,,102861001.0,0,328.49,科创板
SH603300,-22.862077861562323,0.0,1.4147,11,-0.22,False,0.01,1.318,1999188217.0,4.5,2.22,2.7117,-42.68,8996346977.0,1790697600000.0,8996346977.0,,100.0,6.346737629601655,113.08,0.0,15.13906869473962,88202756.0,-0.01,1432828800000.0,0.21,-11790995.0,19528250.0,0.93,1.318,56467.0,0.98,,44.04,海南华铁,21.223,,1999188217.0,0,4.51,沪市主板
SH603598,-26.796576633216084,0.0,0.5828,11,-1.54,False,0.01,21.594,270157400.0,18.49,2.24,,8.83,4995210326.0,1790697600000.0,4995210326.0,,100.0,8.626969566522497,330.84,0.05,22.9621425554527,308980934.0,-0.29,1432656000000.0,0.07,12864795.0,16653700.0,0.48,21.458,56421.0,6.16,,44.03,引力传媒,266.761,,270157400.0,0,18.78,沪市主板
SH600125,4.313204490218925,0.0,0.6058,11,0.19,False,0.01,0.871,1305521874.0,5.28,0.95,7.927,-16.94,6893155495.0,1790697600000.0,6893155495.0,2.292,100.0,6.827273849959882,288.15,-0.19,-8.507929731173647,30898531.0,0.01,894816000000.0,0.41,3440665.0,5846683.0,0.9,0.871,56399.0,0.45,,0.0,铁龙物流,12.963,,1305521874.0,0,5.27,沪市主板
SH600740,-76.93763834316624,0.0,1.6032,11,0.8,False,0.01,0.641,2562121154.0,3.79,2.39,,1.49,9710439174.0,1790697600000.0,9710439174.0,0.66,100.0,0.9628409433652655,427.19,0.26,-12.081449718473014,113353208.0,0.03,839433600000.0,0.06,3483358.0,29974344.0,1.18,0.641,56192.0,1.17,,67.5,山西焦化,66.445,,2562121154.0,0,3.76,沪市主板
SH601881,24.066978263059944,0.0,3.9691,11,-1.64,False,0.01,1.032,7243417623.0,11.4,2.24,1.5073,-26.21,82574960902.0,1790697600000.0,124652185718.0,3.289,100.0,9.224281042911695,68.3,0.18,1.0274841052450023,274655593.0,-0.19,1485100800000.0,1.26,-28057448.0,23948988.0,1.25,1.032,56173.0,0.33,,44.05,中国银河,9.014,,10934402256.0,0,11.59,沪市主板
SH600223,-22.317634646566287,0.0,1.534,11,-0.87,False,0.01,1.359,1016568775.0,5.69,2.09,19.8107,-21.88,5784276330.0,1790697600000.0,5784276330.0,1.002,100.0,3.843010682875031,7.46,0.18,-5.246465240846499,35860274.0,-0.05,947692800000.0,0.16,-512263.0,6258600.0,0.86,1.359,56121.0,0.62,,70.29,福瑞达,35.8,,1016568775.0,0,5.74,沪市主板
SH600720,-23.11882546090771,0.0,1.1067,11,0.0,False,0.01,0.748,1009049771.0,5.19,1.35,50.7523,-26.37,5236968311.0,1790697600000.0,11908950982.0,2.967,100.0,7.76946638640265,1038.66,0.19,-8.647636987374874,27368305.0,0.0,837446400000.0,0.52,652588.0,5267285.0,1.07,0.747,56087.0,0.52,,57.5,中交设计,9.889,,2294595565.0,0,5.19,沪市主板
SH603366,-9.42933141650557,0.0,1.372,11,0.41,False,0.01,1.373,813048101.0,7.3,2.2,12.0468,-23.52,5935251137.0,1790697600000.0,5935251137.0,0.616,100.0,4.009158489802231,-9.51,0.14,-1.609807290995735,90158328.0,0.03,1337529600000.0,0.21,-4619757.0,12298609.0,0.85,1.373,56062.0,1.51,,-6.7,日出东方,34.905,,813048101.0,0,7.27,沪市主板
SH600610,,0.0,7.3343,11,2.02,False,0.01,52.058,708726705.0,7.56,3.37,56.1311,-23.87,5357973890.0,1790697600000.0,8098836014.0,,100.0,34.927121587276574,-67.93,0.13,-1.05089833763643,110714333.0,0.15,712944000000.0,0.04,6214528.0,14682621.0,0.76,52.066,56014.0,2.07,,289.47,中毅达,176.427,,1071274605.0,0,7.41,沪市主板
SH603169,484.7123699562095,0.0,1.3496,11,2.19,False,0.01,3.168,1306291798.0,6.06,4.72,,-43.15,7916128296.0,1790697600000.0,7916128296.0,,100.0,-27.681212268920223,388.51,0.17,-0.6215575967940534,89262499.0,0.13,1412784000000.0,-0.61,2379353.0,14649560.0,1.93,3.168,55806.0,1.12,,44.05,兰石重装,-9.858,,1306291798.0,0,5.93,沪市主板
SH603686,-10.533974563126414,0.0,1.2273,11,5.67,False,0.01,1.798,415430404.0,15.1,8.26,11.2723,-48.71,6272999100.0,1790697600000.0,6272999100.0,0.748,100.0,4.721647348785648,181.74,0.4,1.2640166288471422,740350298.0,0.81,1422201600000.0,0.39,32075436.0,50208771.0,1.37,1.798,55769.0,12.09,,44.01,福龙马,38.725,,415430404.0,0,14.29,沪市主板
SH600419,,,1.0285,11,2.35,False,0.01,1.166,315515296.0,9.15,6.04,4.0332,-7.37,2886964958.0,,2886964958.0,0.219,100.0,4.817967958377112,3.11,-0.11,1.7640683648487698,90368704.0,0.21,993657600000.0,0.37,15740686.0,9930500.0,3.05,1.166,55728.0,3.15,,413.79,天润乳业,24.551,,315515296.0,0,8.94,沪市主板
SH600152,-8.525305447381937,0.0,3.0046,11,8.25,False,0.01,2.985,529079375.0,9.18,12.85,,25.75,4856948663.0,1790697600000.0,4856948663.0,,100.0,-5.661063519355411,153.08,0.66,3.623359296575246,1012445571.0,0.7,897321600000.0,-0.18,45137456.0,114852001.0,3.52,2.985,55463.0,21.71,,0.0,维科技术,-51.217,,529079375.0,0,8.48,沪市主板
SH600515,-40.23759942725443,0.0,6.0231,11,-1.82,False,0.01,1.278,9176012508.0,2.7,2.91,24.1728,-49.25,24775233772.0,1790697600000.0,30848335925.0,0.185,100.0,0.8800327265873209,-28.03,0.0,-5.191785683582529,247611854.0,-0.05,1028563200000.0,0.02,-41859176.8,91005872.0,1.18,1.278,55410.0,0.99,,184.35,海南机场,147.115,,11425309602.0,0,2.75,沪市主板
SH600985,-33.762677623594364,0.0,1.0446,11,2.65,False,0.01,1.039,2693258709.0,16.29,2.71,7.7149,48.8,43873184370.0,1790697600000.0,43873184370.0,1.535,100.0,4.09800001750956,729.05,0.18,-16.55582071411993,287940229.0,0.42,1083081600000.0,0.64,11520493.0,17798350.0,1.21,1.039,55360.0,0.66,,108.2,淮北矿业,25.605,,2693258709.0,0,15.87,沪市主板
SH600121,,0.0,2.2048,11,5.81,False,0.01,11.448,1218412038.0,5.65,6.74,35.8636,35.49,6884028015.0,1790697600000.0,6884028015.0,,100.0,-91.44064438234938,155.32,0.18,-14.301103909073632,1110719842.0,0.31,884102400000.0,-0.86,65534084.0,199658105.0,1.05,11.449,55311.0,16.39,,0.0,郑州煤电,-6.604,,1218412038.0,0,5.34,沪市主板
SH688185,,0.0,19.9091,82,-3.0,False,0.01,4.941,114372901.0,99.56,9.51,,58.41,11386966024.0,1790697600000.0,24595680828.0,,1.0,0.8225130320675913,-78.71,-0.02,62.62344310493351,2031327965.0,-3.08,1597248000000.0,0.16,-54911148.0,19885782.0,1.82,4.941,55289.0,17.39,,87.45,康希诺,605.249,,247043801.0,0,102.64,科创板
SH600246,134.08314764724824,0.0,46.9933,11,-3.5,False,0.01,5.255,1890412476.0,12.14,7.0,,-1.3,22949607459.0,1790697600000.0,23746376904.0,,100.0,-17.184204641161287,704.51,0.08,5.2169076388219215,899995688.0,-0.44,969552000000.0,-0.43,-49389842.0,73637190.0,0.72,5.22,55169.0,3.9,,185.88,万通发展,-28.233,,1956044226.0,0,12.58,沪市主板
SH603025,32.70377400713562,0.0,4.2388,11,-1.7,False,0.01,5.139,1109174773.0,12.71,3.17,25.7323,-27.29,14097611365.0,1790697600000.0,14192682165.0,3.541,100.0,32.679984789331854,142.77,0.0,22.135802381054237,63401385.0,-0.22,1429632000000.0,0.76,-602906.0,4947195.0,1.12,5.139,55136.0,0.45,,43.96,大豪科技,16.826,,1116654773.0,0,12.93,沪市主板
SH603186,,0.0,6.7176,11,5.45,False,0.01,14.273,156790518.0,224.25,9.42,61.4208,352.67,35160273662.0,1790697600000.0,35160273662.0,0.058,100.0,20.54726183119794,2979.38,1.2,22.456417075876534,5608257692.0,11.59,1483372800000.0,2.6,243226169.0,25138710.0,1.75,14.273,55036.0,16.03,,43.95,华正新材,86.394,,156790518.0,0,212.66,沪市主板
SH600388,39.79763510661769,0.0,1.886,11,-0.06,False,0.01,2.173,1270046293.0,16.79,1.55,15.3384,5.1,21324077259.0,1790697600000.0,23712412952.0,2.031,100.0,11.544762771249834,632.32,-0.18,7.546399089757605,74505273.0,-0.01,978019200000.0,0.87,677512.0,4419774.0,0.48,1.838,54967.0,0.35,,217.36,紫金龙净,19.377,,1412293803.0,0,16.8,沪市主板
SH600230,-11.295023634755863,0.0,1.2573,11,3.27,False,0.01,1.368,413961015.0,13.58,7.07,15.244,-10.85,5621590584.0,1790697600000.0,5621590584.0,0.169,100.0,2.6659786791566558,168.14,0.0,-3.483908111479772,317158195.0,0.43,954950400000.0,0.26,38595292.0,23138713.0,0.92,1.368,54905.0,5.59,,150.45,沧州大化,51.953,,413961015.0,0,13.15,沪市主板
SH600282,6.82890407309924,0.0,0.4723,11,1.54,False,0.01,1.021,6165091011.0,4.61,2.64,9.6292,-8.06,28421069561.0,1790697600000.0,28421069561.0,5.293,100.0,9.955845332563314,367.07,0.44,-4.908903548614097,198378085.0,0.07,969292800000.0,0.44,27643557.0,43368888.0,1.26,1.021,54853.0,0.7,,37.93,南钢股份,10.424,,6165091011.0,0,4.54,沪市主板
SH600054,-10.708247759586564,0.0,3.4789,11,-2.0,False,0.01,1.536,513300000.0,10.29,1.9,11.5748,-7.96,5281857000.0,1790697600000.0,7505314438.0,1.37,100.0,6.206997680894035,131.0,0.0,4.742270221423439,54938092.0,-0.21,862848000000.0,0.41,-5415394.0,5294700.0,1.32,1.536,54789.0,1.03,,0.0,黄山旅游,25.339,,729379440.0,0,10.5,沪市主板
SH600328,,0.0,0.8168,11,0.35,False,0.01,0.715,1466309533.0,5.7,2.11,,-30.56,8357964338.0,1790697600000.0,8357964338.0,0.439,100.0,-2.1185083947759837,48.82,0.0,-17.15628475964953,64350950.0,0.02,977414400000.0,-0.17,-5377694.0,11273160.0,1.08,0.715,54694.0,0.77,,110.53,中盐化工,-33.297,,1466309533.0,0,5.68,沪市主板
SH600975,,0.0,0.9934,11,-1.93,False,0.01,4.456,1249661740.0,5.09,2.7,,-13.58,6360778257.0,1790697600000.0,6360778257.0,,100.0,-73.76453818996859,148.29,-0.2,-0.3346029911004966,64186087.0,-0.1,1086710400000.0,-1.33,-8288681.0,12517420.0,0.74,4.456,54641.0,1.0,,69.35,新五丰,-3.837,,1249661740.0,0,5.19,沪市主板
SH600882,30.915304044078006,0.0,1.5334,11,-0.52,False,0.01,2.065,508453647.0,19.21,2.23,18.6443,-23.59,9767394559.0,1790697600000.0,9767394559.0,1.041,100.0,2.9440590906098207,452.54,0.16,10.853621523081337,73903232.0,-0.1,818179200000.0,0.27,-1039131.0,3823834.0,1.3,2.072,54595.0,0.75,,735.0,妙可蓝多,71.42,,508453647.0,0,19.31,沪市主板
SH603918,,0.0,5.3747,11,-2.11,False,0.01,3.835,365107526.0,10.19,4.03,33.9815,-35.05,3720445690.0,1790697600000.0,3720445690.0,,100.0,-5.588872767762757,217.84,0.1,-9.466765458667581,58609087.0,-0.22,1432742400000.0,-0.15,-963351.0,5706391.0,0.72,3.835,54595.0,1.56,,44.0,金桥信息,-66.931,,365107526.0,0,10.41,沪市主板
SH603233,7.128609981661294,0.0,0.7475,11,0.88,False,0.01,2.704,1138854520.0,18.36,3.19,5.6071,7.49,20909368987.0,1790697600000.0,20909368987.0,4.875,100.0,18.106435166931593,100.25,0.22,5.070103531141701,162783588.0,0.16,1501430400000.0,1.2,684824.879999999,8922184.0,1.39,2.772,54546.0,0.78,,44.01,大参林,15.332,,1138854520.0,0,18.2,沪市主板
SH600967,-38.45336466371775,0.0,2.3036,11,0.62,False,0.01,1.832,1701794667.0,12.9,2.96,153.5271,-22.49,21953151204.0,1790697600000.0,21953151204.0,0.767,100.0,1.8159778053521456,651.66,0.47,-2.9193169481193104,573652573.0,0.08,1084809600000.0,0.13,-3730300.0,44821005.0,1.07,1.832,54484.0,2.63,,46.25,内蒙一机,101.296,,1701794667.0,0,12.82,沪市主板
SH600629,-75.58807879903404,0.0,2.9621,11,0.06,False,0.01,3.583,1149804878.0,16.38,8.8,151.0396,-9.29,18833803902.0,1790697600000.0,18833803902.0,0.116,100.0,-1.0168456652429396,1278.21,0.31,-15.181608160974047,460668772.0,0.01,729187200000.0,-0.05,18351378.0,27746423.0,1.36,3.583,54360.0,2.41,,-28.86,华建集团,-351.486,,1149804878.0,0,16.37,沪市主板
SH603317,35.7182594097875,0.0,3.2521,11,-0.32,False,0.01,3.124,1062077113.0,12.51,1.91,16.5803,3.38,13286584684.0,1790697600000.0,13286584684.0,4.373,100.0,18.054201333609875,118.02,0.24,16.885455029210505,79552059.0,-0.04,1555344000000.0,0.72,-848759.0,6345855.0,1.26,3.131,54319.0,0.6,,43.98,天味食品,17.471,,1062077113.0,0,12.55,沪市主板
SH600359,,,7.0538,11,-1.22,False,0.01,4.165,381512820.0,7.31,5.0,,2.24,2788858714.0,,2788858714.0,,100.0,-1.261655951413782,92.48,-0.27,-15.309789002735918,170351821.0,-0.09,925315200000.0,-0.02,-6280181.0,22957473.0,0.66,4.165,54216.0,6.02,,0.0,新农开发,-328.168,,381512820.0,0,7.4,沪市主板
SH600782,,0.0,0.2488,11,0.0,False,0.01,0.341,3145652149.0,2.7,3.33,,-26.85,8493260802.0,1790697600000.0,8559489102.0,5.037,100.0,-2.61943911643015,224.99,0.0,-22.640288299391987,94575018.0,0.0,851443200000.0,-0.21,473953.0,34881300.0,1.04,0.343,54093.0,1.11,,92.31,新钢股份,-12.741,,3170181149.0,0,2.7,沪市主板
SH601678,21.927006860133645,0.0,0.8661,11,-0.35,False,0.01,1.151,2043336276.0,5.66,2.82,5.537,34.9,11565283322.0,1790697600000.0,13634726482.0,0.954,100.0,3.9305795643165125,35.82,0.0,31.633966959206774,241662552.0,-0.02,1266854400000.0,0.19,-20932609.0,42343221.0,1.1,0.982,54063.0,2.07,,16.53,滨化股份,29.809,,2408962276.0,0,5.68,沪市主板
SH600502,0.08766050361743716,0.0,0.087,11,0.24,False,0.01,0.607,1716533938.0,4.24,1.18,,-4.28,7278103897.0,1790697600000.0,7278103897.0,6.368,100.0,8.000676367396476,537.59,0.0,-2.494774453862969,115617241.0,0.01,1050336000000.0,0.9,3218757.0,27297314.0,1.01,0.607,53779.0,1.59,,105.81,安徽建工,4.734,,1716533938.0,0,4.23,沪市主板
SH603466,,0.0,4.1382,11,-3.11,False,0.01,3.23,594828492.0,11.51,4.71,59.6562,23.19,6846475943.0,1790697600000.0,6846475943.0,0.174,100.0,2.736892636125358,165.35,0.0,-11.192308534631955,350673048.0,-0.37,1508428800000.0,0.1,-6918435.0,30256123.0,0.68,3.23,53770.0,5.09,,44.02,风语筑,117.254,,594828492.0,0,11.88,沪市主板
SH601789,-5.726527210832688,0.0,0.3275,11,-0.71,False,0.01,1.016,1086798590.0,4.18,1.9,,-15.17,4542818106.0,1790697600000.0,6371958046.0,1.196,100.0,4.829318643774635,-4.36,0.24,-7.790536771672951,74115486.0,-0.03,1313424000000.0,0.18,2869331.0,17653995.0,0.56,1.016,53753.0,1.62,,75.74,宁波建工,23.397,,1524391877.0,0,4.21,沪市主板
SH603256,,0.0,67.574,11,-4.64,False,0.01,38.228,904586445.0,124.64,9.12,236.882,238.73,112747654505.0,1790697600000.0,112747654505.0,0.055,100.0,22.01901971089888,2336.47,0.29,49.95789179501844,1969277892.0,-6.06,1563465600000.0,0.55,60172.0,15264521.0,0.7,38.228,53492.0,1.69,,44.02,宏和科技,228.223,,904586445.0,0,130.7,沪市主板
SH600331,-36.21484958407888,0.0,8.2129,11,-0.09,False,0.01,9.759,2032000000.0,11.55,2.85,,-9.7,23469600000.0,1790697600000.0,30510480000.0,,100.0,-0.7777080310346365,530.98,0.0,6.254325526197335,241386359.0,-0.01,1008777600000.0,-0.01,-9837900.0,20922642.0,0.9,9.758,53404.0,1.03,,62.85,宏达股份,-1249.621,,2641600000.0,0,11.56,沪市主板
SH600706,,,2.4586,11,-1.85,False,0.01,4.314,254030185.0,7.95,3.09,23.9461,-25.0,2019539971.0,,2027725291.0,,100.0,-31.47002864619856,36.65,0.25,-22.194737795964905,59181786.0,-0.15,832176000000.0,-0.69,920964.0,7434300.0,1.0,4.314,53392.0,2.93,,820.0,曲江文旅,-11.551,,255059785.0,0,8.1,沪市主板
SH600604,-3.9522420411441606,0.0,4.912,11,-2.47,False,0.01,1.475,1407454804.0,4.74,3.5,17.3752,-14.44,6671335771.0,1790697600000.0,8879464771.0,,100.0,-3.974061250263467,,0.21,32.81050917385937,66737363.0,-0.12,701625600000.0,-0.13,-6978576.0,13952813.0,0.51,1.475,53379.0,0.99,,,市北高新,-36.388,,1873304804.0,0,4.86,沪市主板
SH601880,-3.4209891528063974,0.0,3.1669,11,0.68,False,0.01,0.861,18413051214.0,1.48,2.04,5.9419,-5.64,27251315797.0,1790697600000.0,34886215475.0,1.959,100.0,3.068260337697183,-7.11,-0.67,-4.407008598812679,160312941.0,0.01,1291564800000.0,0.05,11222848.329999998,107829437.0,1.35,0.861,53188.0,0.59,,37.89,辽港股份,28.226,,23571767213.0,0,1.47,沪市主板
SH601555,30.519745904283504,0.0,3.8249,11,-1.97,False,0.01,0.917,4968702837.0,7.97,3.2,1.425,-9.61,39600561611.0,1790697600000.0,39600561611.0,2.76,100.0,9.406697031100753,46.16,0.13,1.3051985138418765,208763327.0,-0.16,1323619200000.0,0.81,-12254125.0,25905593.0,1.07,0.917,53185.0,0.52,,13.08,东吴证券,9.799,,4968702837.0,0,8.13,沪市主板
SH600251,-4.65680173527403,0.0,3.1865,11,3.4,False,0.01,1.874,776993583.0,10.33,4.2,,12.68,8026343712.0,1790697600000.0,8026343712.0,0.581,100.0,14.44426983074134,795.69,0.0,-16.600519063034557,239306724.0,0.34,1055088000000.0,0.75,7638509.0,23426273.0,1.26,1.874,52936.0,3.01,,87.13,冠农股份,13.704,,776993583.0,0,9.99,沪市主板
SH600803,-16.96784245548718,0.0,0.4658,11,1.51,False,0.01,2.573,3071726707.0,19.49,3.33,4.5801,-0.39,59867953519.0,1790697600000.0,60325157735.0,4.926,100.0,18.72857623494821,1958.08,0.21,-3.936510369526791,220897511.0,0.29,757526400000.0,1.41,-7150515.0,11454396.0,1.89,2.573,52882.0,0.37,,60.0,新奥股份,13.832,,3095185107.0,0,19.2,沪市主板
SH601098,-7.61063597695677,0.0,1.5586,11,2.04,False,0.01,1.155,1796000000.0,10.48,2.43,,-2.66,18822080000.0,1790697600000.0,18822080000.0,4.294,100.0,9.417171618162277,34.15,0.1,-5.296476362325697,181236674.0,0.21,1288195200000.0,0.84,7319056.0,17278428.0,1.85,1.155,52774.0,0.96,,29.46,中南传媒,12.463,,1796000000.0,0,10.27,沪市主板
SH600777,-45.708583018985784,0.0,4.2905,11,1.25,False,0.01,1.225,6366152391.0,4.05,2.0,6.5539,5.73,25782917184.0,1790697600000.0,27542008091.0,0.247,100.0,2.523988436037606,725.86,-0.25,-13.592079838842363,116447303.0,0.05,848505600000.0,0.09,25236842.0,28800480.0,1.99,1.225,52602.0,0.45,,1312.0,新潮能源,47.58,,6800495825.0,0,4.0,沪市主板
SH601229,2.555229613175536,0.0,2.4935,11,0.62,False,0.01,0.546,14300212618.0,9.81,1.13,2.2415,-0.52,140285085783.0,1790697600000.0,140285085783.0,5.27,100.0,9.138935925122386,77.18,-0.2,4.535752548804095,591245080.0,0.06,1479225600000.0,1.7,66411833.0,60390463.0,1.41,0.541,52496.0,0.42,,44.01,上海银行,5.782,,14300212618.0,0,9.75,沪市主板
SH603906,,0.0,1.3238,11,9.98,False,0.01,3.197,562996503.0,20.94,9.14,,4.65,11789146773.0,1790697600000.0,16565883312.0,,100.0,8.044680659618155,220.54,0.0,26.72095192205417,1705973717.0,1.9,1491753600000.0,0.42,91996506.0,83811870.0,5.51,3.197,52436.0,14.89,,44.01,龙蟠科技,49.729,,791111906.0,2,19.04,沪市主板
SH601137,-59.82470487169714,0.0,0.7296,11,-2.64,False,0.01,1.727,918126932.0,18.41,4.18,,-13.67,16902716818.0,1790697600000.0,16902716818.0,0.223,100.0,-1.703766927287733,74.91,0.11,13.051144305691942,170291302.0,-0.5,1296057600000.0,-0.17,681631.0,9182500.0,1.1,1.728,52416.0,1.0,,-4.63,博威合金,-107.784,,918126932.0,0,18.91,沪市主板
SH603919,-8.210834488887153,0.0,2.8751,11,-3.1,False,0.01,2.514,507259997.0,16.86,3.79,23.0564,-15.56,8552403549.0,1790697600000.0,8552403549.0,2.966,100.0,7.974357340801432,150.31,0.0,5.7369388517368725,266022429.0,-0.54,1457539200000.0,0.53,-18398447.0,15690658.0,2.61,2.514,52188.0,3.09,,43.97,金徽酒,31.656,,507259997.0,0,17.4,沪市主板
SH603920,-32.89893531091206,0.0,5.1762,11,-2.75,False,0.01,4.922,720592317.0,43.18,8.11,41.1464,-10.36,31115176248.0,1790697600000.0,31115176248.0,1.39,100.0,6.014379755065046,298.67,0.0,12.975119258106126,1048122276.0,-1.22,1493136000000.0,0.53,12220684.0,23747998.0,0.7,4.922,52090.0,3.3,,44.03,世运电路,81.049,,720592317.0,0,44.4,沪市主板
SH688063,-2.163532207458718,0.0,2.1699,82,0.73,False,0.01,1.086,245359249.0,41.2,2.98,103.0494,-27.37,10108801059.0,1790697600000.0,10108801059.0,0.294,1.0,1.6309981906465483,-69.91,0.07,30.1785515358157,224441775.0,0.3,1609257600000.0,0.61,2746000.0,5407292.0,1.37,1.086,51987.0,2.2,,320.16,派能科技,67.346,,245359249.0,0,40.9,科创板
SH600871,4.993923739453399,0.0,0.5035,11,2.86,False,0.01,4.091,13547012351.0,2.16,3.81,5.5096,0.0,29261546678.0,1790697600000.0,40947218999.0,,100.0,7.002273301940387,84.65,-0.46,0.8544324249578406,408800708.0,0.06,797529600000.0,0.04,95588565.0,189632191.0,2.21,4.075,51965.0,1.4,,17.93,石化油服,60.562,,18957045833.0,0,2.1,沪市主板
SH603200,,0.0,16.8725,11,9.99,False,0.01,7.953,175480103.0,49.21,10.55,,-30.78,8635375869.0,1790697600000.0,8635375869.0,0.061,100.0,-2.2255799588810707,384.49,0.0,-1.1554387666282695,1534273456.0,4.47,1496246400000.0,-0.14,100616735.26999998,32152564.0,4.06,7.953,51903.0,18.32,,43.98,上海洗霸,-359.305,,175480103.0,3,44.74,沪市主板
SH600500,-27.46522908785092,0.0,0.3911,11,-0.2,False,0.01,1.788,3588306303.0,5.07,5.71,7.0051,29.34,18192712956.0,1790697600000.0,18192712956.0,,100.0,-14.688257366859913,286.52,0.2,-5.53708046271546,453573726.0,-0.01,951840000000.0,-0.45,23302584.0,87444935.0,0.98,1.788,51879.0,2.44,,41.38,中化国际,-11.242,,3588306303.0,0,5.08,沪市主板
SH601333,13.077605235782762,0.0,0.7418,11,0.32,False,0.01,0.756,5652237000.0,3.09,1.62,7.1596,4.87,17465412330.0,1790697600000.0,21888129330.0,2.913,100.0,5.30438767402681,-33.4,-0.32,5.052644819747121,193793827.0,0.01,1166716800000.0,0.21,-9335919.0,62532850.0,1.2,0.756,51864.0,1.11,,64.1,广深铁路,14.525,,7083537000.0,0,3.08,沪市主板
SH688270,27.87030268020385,,35.5094,82,-0.53,False,0.01,6.8,299514643.0,52.92,6.15,164.1921,-39.34,15850314908.0,,15850314908.0,,1.0,6.300286472889447,112.89,0.08,18.10648084566484,229309461.0,-0.28,1643212800000.0,0.48,-5604556.0,4232724.0,1.42,6.8,51462.0,1.41,,-9.18,ST臻镭,111.098,,299514643.0,0,53.2,科创板
SH603816,-6.809661245879783,0.0,1.071,11,-2.18,False,0.01,2.074,815880346.0,23.29,2.31,9.2168,-19.45,19001853258.0,1790697600000.0,21560321849.0,5.255,100.0,16.79264363173585,89.78,0.22,1.69864924663079,126977542.0,-0.52,1476374400000.0,1.83,-9458017.0,5441773.0,0.78,1.759,51320.0,0.67,,44.0,顾家家居,12.72,,925733012.0,0,23.81,沪市主板
SH600397,,0.0,20.3611,11,-2.48,False,0.01,80.557,989959882.0,15.72,5.89,,106.84,15562169345.0,1790697600000.0,15562169345.0,,100.0,-16.336987400107645,422.47,0.06,-71.34945123581456,588219552.0,-0.4,1025539200000.0,-0.01,-4307156.0,36953184.0,0.63,80.574,51280.0,3.73,,102.34,江钨装备,-1378.999,,989959882.0,0,16.12,沪市主板
SH600163,-10.672680518311218,0.0,6.719,11,1.25,False,0.01,1.501,1902996143.0,5.67,3.21,4.1364,5.26,10789988131.0,1790697600000.0,10789988131.0,0.529,100.0,7.001731099292188,56.1,0.18,-2.4975165400822674,308935953.0,0.07,896716800000.0,0.26,15808575.0,54664247.0,0.84,1.501,51210.0,2.87,,0.0,中闽能源,21.827,,1902996143.0,0,5.6,沪市主板
SH688072,171.0691684169829,0.0,24.0711,82,-3.74,False,0.01,14.156,284187298.0,616.07,6.39,82.4681,86.79,175079268679.0,1790697600000.0,179999186449.0,0.108,1.0,23.99837213641317,1326.31,0.18,53.154278516739176,2819976330.0,-23.93,1650384000000.0,7.44,20433119.0,4493698.0,1.11,15.169,51208.0,1.58,,28.41,拓荆科技,82.752,,292173270.0,0,640.0,科创板
SH600663,5.165034933924728,0.0,2.8469,11,9.99,False,0.01,2.195,3934417679.0,11.12,5.04,5.0301,41.83,43750724590.0,1790697600000.0,55990908910.0,1.106,100.0,6.023258480277351,819.01,0.0,26.537899553640653,433492532.0,1.01,741196800000.0,0.3,-135574111.57999998,39228451.0,1.56,2.195,51206.0,1.0,,-33.82,陆家嘴,36.87,,5035153679.0,2,10.11,沪市主板
SH600888,-17.273120995085222,0.0,1.914,11,0.51,False,0.01,1.177,1553085949.0,9.83,3.78,29.4799,21.44,15266834879.0,1790697600000.0,15266834879.0,1.322,100.0,6.565365755107787,1732.25,0.0,7.226116425202189,306878020.0,0.05,824313600000.0,0.51,11528980.0,31255007.0,0.77,1.177,51082.0,2.01,,92.38,新疆众和,19.246,,1553085949.0,0,9.78,沪市主板
SH603167,-17.241025113212416,,2.0409,11,0.13,False,0.01,1.133,469144503.0,8.0,0.63,8.2368,-10.14,3753156024.0,,3753156024.0,10.625,100.0,6.5101201884654305,21.99,0.13,-0.17722458812359232,16415003.0,0.01,1346860800000.0,0.46,434369.0,2054600.0,1.07,1.133,51078.0,0.44,,6.91,渤海轮渡,17.34,,469144503.0,0,7.99,沪市主板
SH603626,,0.0,4.8505,11,-4.0,False,0.01,5.979,554879690.0,23.25,8.46,57.5278,11.03,12900952793.0,1790697600000.0,12900952793.0,,100.0,1.2053262510788982,116.06,0.17,-5.435142299720064,1176252001.0,-0.97,1486569600000.0,0.05,19624695.0,48970453.0,0.94,5.979,51073.0,8.83,,43.98,科森科技,497.566,,554879690.0,0,24.22,沪市主板
SH600323,19.855816341215714,0.0,1.5251,11,0.95,False,0.01,1.598,815347146.0,29.76,1.9,5.479,6.89,24264731065.0,1790697600000.0,24264731065.0,3.629,100.0,15.275748361287588,704.96,-0.03,14.264911477434005,117992839.0,0.28,977673600000.0,2.71,-8623854.0,3983512.0,1.15,1.598,51002.0,0.49,,98.95,瀚蓝环境,10.967,,815347146.0,0,29.48,沪市主板
SH601992,,0.0,0.1848,11,-1.4,False,0.01,0.402,8334158264.0,1.41,3.5,2.7875,-12.49,11751163152.0,1790697600000.0,15055657299.0,3.546,100.0,-2.4198195789138426,-74.57,0.0,-12.703717576644703,77740783.0,-0.02,1298908800000.0,-0.16,-4696086.0,54601500.0,0.79,0.402,50889.0,0.66,,67.22,金隅集团,-8.931,,10677771134.0,0,1.43,沪市主板
SH600133,,0.0,2.3227,11,-0.76,False,0.01,0.934,1066239875.0,7.81,2.03,66.5014,-12.06,8327333424.0,1790697600000.0,8327333424.0,2.125,100.0,2.387961236472346,188.8,0.26,-39.985631039862504,70734147.0,-0.06,887212800000.0,0.2,-8926506.0,9043466.0,1.07,0.934,50855.0,0.85,,0.0,东湖高新,39.489,,1066239875.0,0,7.87,沪市主板
SH603301,13.944706735225342,0.0,4.6507,11,4.42,False,0.01,3.649,263876225.0,78.49,5.69,49.001,11.71,20711644900.0,1790697600000.0,20711644900.0,0.382,100.0,4.896085871828722,557.72,-0.37,3.569472094579851,119340775.0,3.32,1523462400000.0,1.05,5960781.0,1524983.0,0.91,3.649,50689.0,0.58,,44.0,振德医疗,74.817,,263876225.0,0,75.17,沪市主板
SH600273,-31.911972873442984,0.0,0.8053,11,1.13,False,0.01,0.825,1311309122.0,6.27,1.29,17.4876,-24.97,8221908195.0,1790697600000.0,8221908195.0,5.199,100.0,6.183620079024418,96.97,0.16,5.2846690077490655,73327928.0,0.07,1056643200000.0,0.48,5926196.0,11751494.0,1.36,0.825,50662.0,0.9,,45.76,嘉化能源,13.133,,1311309122.0,0,6.2,沪市主板
SH603588,50.03824951657803,0.0,1.3065,11,-4.84,False,0.01,2.3,1523234457.0,15.74,7.86,108.9573,106.84,23975710353.0,1790697600000.0,23975710353.0,1.499,100.0,13.658352159725451,414.04,0.06,28.956832478838024,764309005.0,-0.8,1419782400000.0,0.89,-29131264.0,47189724.0,0.87,2.3,50622.0,3.1,,43.99,高能环境,17.662,,1523234457.0,0,16.54,沪市主板
SH600592,-6.339886011849405,0.0,5.1522,11,-4.01,False,0.01,2.384,399553571.0,15.55,3.77,32.8029,-42.74,6213058029.0,1790697600000.0,6213058029.0,0.547,100.0,6.137557140793551,306.83,0.26,-14.237561861452674,474365219.0,-0.65,1028476800000.0,0.39,-10733029.0,30213588.0,2.48,2.384,50588.0,7.56,,121.83,龙溪股份,39.591,,399553571.0,0,16.2,沪市主板
SH600063,15.852366465445634,0.0,1.3545,11,0.37,False,0.01,1.293,2069106449.0,5.36,2.25,17.7536,-8.7,11090410567.0,1790697600000.0,11090410567.0,1.866,100.0,5.763270947453824,508.75,0.0,0.38367677177757464,123551803.0,0.02,864748800000.0,0.24,12823524.0,22925622.0,0.75,1.293,50513.0,1.11,,0.0,皖维高新,22.57,,2069106449.0,0,5.34,沪市主板
SH603011,277.9922401923044,0.0,5.7061,11,-2.71,False,0.01,6.209,494414437.0,23.33,7.88,50.6695,-1.6,11534688815.0,1790697600000.0,11534688815.0,,100.0,-14.569097397665336,698.95,0.0,2.5486546404381194,481063464.0,-0.65,1415289600000.0,-0.59,-13830465.0,20121969.0,0.72,6.209,50508.0,4.07,,43.9,合锻智能,-39.429,,494414437.0,0,23.98,沪市主板
SH603979,48.80854526124436,0.0,2.9565,11,-0.21,False,0.01,3.631,623792580.0,72.13,2.74,11.1869,-4.3,44994158795.0,1790697600000.0,44994158795.0,0.915,100.0,25.51008256884447,484.08,0.29,31.455247732158085,248793542.0,-0.15,1435593600000.0,4.56,20407257.0,3449344.0,1.0,3.687,50366.0,0.55,,43.98,金诚信,15.832,,623792580.0,0,72.28,沪市主板
SH600589,-38.05765573663861,0.0,21.4498,11,-3.54,False,0.01,17.969,1478469890.0,7.09,4.35,175.7932,-0.98,10482351520.0,1790697600000.0,10504330520.0,,100.0,-23.77468399034266,24.71,-0.14,14.437522330231744,223429431.0,-0.26,992275200000.0,-0.11,-7728395.0,30996958.0,0.73,18.004,50331.0,2.1,,237.98,大位科技,-66.867,,1481569890.0,0,7.35,沪市主板
SH600722,23.332601788254713,0.0,23.2208,11,9.99,False,0.01,8.581,680319676.0,16.19,5.37,99.9655,172.56,11014375554.0,1790697600000.0,11014375554.0,,100.0,4.488808599595137,581.25,0.0,-2.1609960856387445,1317375290.0,1.47,835718400000.0,0.08,264818280.8,82460207.0,0.89,8.581,50320.0,12.12,,81.92,金牛化工,195.569,,680319676.0,1,14.72,沪市主板
SH600396,-74.6855628070018,0.0,4.0427,11,1.37,False,0.01,12.374,1472706817.0,12.56,3.15,16.1861,340.7,18497197622.0,1790697600000.0,18497197622.0,,100.0,3.241626225790109,409.78,0.32,-8.337131343906812,867591428.0,0.17,985708800000.0,0.03,41343160.0,68923518.0,0.97,12.374,50272.0,4.68,,189.83,华电辽能,389.915,,1472706817.0,0,12.39,沪市主板
SH600726,,0.0,2.4145,11,1.01,False,0.01,7.523,7475336208.0,5.01,1.81,12.0773,109.62,37451434402.0,1790697600000.0,39615754412.0,,100.0,7.00870322828407,76.61,0.2,-5.004607844525333,206248311.0,0.05,836150400000.0,0.04,4370446.0,41322500.0,0.88,7.523,50270.0,0.55,,78.23,华电能源,118.776,,7907336210.0,0,4.96,沪市主板
SH600057,-5.330031960495674,0.0,0.0426,11,1.96,False,0.01,1.162,2092510164.0,6.23,4.09,,-25.41,13036338322.0,1790697600000.0,17687066808.0,3.531,100.0,4.251716881671527,334.96,-0.16,-2.8770036341489336,178308970.0,0.12,865353600000.0,0.47,25777078.0,28457846.0,1.99,1.162,50215.0,1.36,,0.0,厦门象屿,13.33,,2839015539.0,0,6.11,沪市主板
SH603126,,,0.9,11,0.95,False,0.01,1.912,610500000.0,6.37,1.74,,-5.08,3888885000.0,,3888885000.0,0.157,100.0,1.9054735084944727,155.16,0.16,21.942607286556903,32216679.0,0.06,1406736000000.0,0.06,-2763731.0,5055700.0,1.02,1.912,50095.0,0.83,,43.93,中材节能,100.691,,610500000.0,0,6.31,沪市主板
SH603663,36.514999566298826,0.0,21.2283,11,-3.49,False,0.01,17.115,593166927.0,41.73,6.82,93.0167,65.53,24752855864.0,1790697600000.0,24769681400.0,0.17,100.0,10.656705428524003,2127.26,-0.1,2.6545195516149533,635539371.0,-1.51,1469980800000.0,0.25,-11236741.0,14850011.0,0.67,17.115,50093.0,2.5,,43.94,三祥新材,165.515,,593570127.0,0,43.24,沪市主板
SH601990,26.826644346258632,0.0,9.2801,11,-0.76,False,0.01,1.232,4231724800.0,6.53,2.13,,-16.58,27633162944.0,1790697600000.0,28729569501.0,1.991,100.0,6.018377009897004,89.38,0.0,10.444704561482233,92862484.0,-0.05,1528819200000.0,0.28,2131821.0,14141580.0,1.11,1.232,50077.0,0.33,,44.06,南京证券,22.939,,4399627795.0,0,6.58,沪市主板
SH600619,126.04271345471396,0.0,0.7011,11,3.56,False,0.01,2.317,789174798.0,13.39,5.57,12.4843,-36.42,10567050545.0,1790697600000.0,14372081596.0,0.209,100.0,3.2817606156568764,1188.99,0.3,6.375875697930611,294377845.0,0.46,721843200000.0,0.19,41595890.0,22341500.0,1.21,2.317,49920.0,2.83,,-4.92,海立股份,71.102,,1073344406.0,0,12.93,沪市主板
SH600501,,0.0,2.6098,11,1.94,False,0.01,4.149,427824200.0,14.73,6.09,43.383,-51.11,6301850466.0,1790697600000.0,6301850466.0,,100.0,-10.362993879015637,124.93,0.34,-8.547612467474108,124469354.0,0.28,992534400000.0,-0.4,20233770.0,8327976.0,1.82,4.149,49917.0,1.95,,258.5,航天晨光,-36.897,,427824200.0,0,14.45,沪市主板
SH603883,-22.718585740634477,0.0,0.4487,11,1.84,False,0.01,1.443,758890236.0,13.28,1.84,3.4507,-6.03,10078062334.0,1790697600000.0,10078062334.0,4.292,100.0,6.281479614255184,90.36,0.15,0.3849245875115148,131118691.0,0.24,1429718400000.0,0.57,3839428.0,9916418.0,1.29,1.443,49621.0,1.31,,44.0,老百姓,23.396,,758890236.0,0,13.04,沪市主板
SH601696,15.292145535410784,0.0,7.8519,11,-1.82,False,0.01,1.527,2778000000.0,10.76,2.74,1.5791,-28.11,29891280000.0,1790697600000.0,29891280000.0,0.437,100.0,6.436742772366036,67.54,0.09,13.760041787772902,214216431.0,-0.2,1582646400000.0,0.44,-24358153.0,19759377.0,1.02,1.527,49580.0,0.71,,44.06,中银证券,24.373,,2778000000.0,0,10.96,沪市主板
SH600821,-71.50378251783013,0.0,3.4141,11,-1.58,False,0.01,1.26,1967324953.0,5.59,3.17,4.2695,9.61,10997346487.0,1790697600000.0,10997346487.0,,100.0,-2.8198390224702634,230.85,-0.36,-2.9931903220113965,206072548.0,-0.09,759686400000.0,-0.13,-19537487.0,36543716.0,1.07,1.26,49491.0,1.86,,358.67,金开新能,-42.69,,1967324953.0,0,5.68,沪市主板
SH603596,21.730419866093122,0.0,1.8695,11,-2.88,False,0.01,2.981,897641828.0,27.33,4.62,24.9827,-20.48,24532551159.0,1790697600000.0,24532551159.0,0.94,100.0,18.583697803511427,170.42,0.11,24.986010734855356,287788797.0,-0.81,1524758400000.0,1.59,-23185020.0,10416110.0,1.02,2.981,49490.0,1.16,,43.97,伯特利,17.173,,897641828.0,0,28.14,沪市主板
SH600798,-61.1435484078809,,1.2082,11,1.76,False,0.01,1.068,1206534201.0,3.47,3.23,7.358,-0.77,4186673677.0,,4186673677.0,0.576,100.0,1.4633386892676907,65.14,0.29,25.537423932234283,84325342.0,0.06,861724800000.0,0.05,2334751.0,24279328.0,1.54,1.067,49464.0,2.01,,0.0,宁波海运,73.172,,1206534201.0,0,3.41,沪市主板
SH603496,-18.099934280538566,0.0,7.0765,11,-0.64,False,0.01,4.977,320209243.0,21.83,2.28,62.7686,-19.89,6990167775.0,1790697600000.0,6990167775.0,0.119,100.0,2.8228210798461,267.64,0.05,6.065952990529144,73988244.0,-0.14,1496764800000.0,0.12,994923.0,3382503.0,0.84,4.977,49450.0,1.06,,43.99,恒为科技,178.358,,320209243.0,0,21.97,沪市主板
SH600295,5.228150485908567,0.0,1.39,11,0.54,False,0.01,1.717,1975576254.0,13.13,2.68,6.858,11.89,25939316215.0,1790697600000.0,36747932215.0,5.331,100.0,13.380875345102384,447.47,0.0,-3.7362865874757345,121544387.0,0.07,988214400000.0,1.0,2727915.0,9253816.0,1.34,1.717,49388.0,0.47,,32.32,鄂尔多斯,13.172,,2798776254.0,0,13.06,沪市主板
SH603379,99.42946934386082,0.0,4.5295,11,-2.79,False,0.01,3.436,610479037.0,47.75,4.15,14.2376,-19.07,29150374017.0,1790697600000.0,29150374017.0,3.602,100.0,27.261629513641545,56.53,0.25,28.428893126932376,195227102.0,-1.37,1554134400000.0,3.5,-3789773.0,4050643.0,0.78,3.436,49359.0,0.66,,44.0,三美股份,13.642,,610479037.0,0,49.12,沪市主板
SH601882,-5.637383635792325,0.0,3.0393,11,-4.51,False,0.01,3.667,522000000.0,21.6,6.59,24.2478,12.69,11275200000.0,1790697600000.0,11275200000.0,1.389,100.0,16.294384659576167,1024.88,0.0,6.901760203648699,135150617.0,-1.02,1478448000000.0,0.91,-9051304.0,6145900.0,1.27,3.667,49322.0,1.18,,44.0,海天精工,23.742,,522000000.0,0,22.62,沪市主板
SH603618,,0.0,2.2133,11,-2.02,False,0.01,7.398,691375616.0,32.09,5.13,,298.14,22186243517.0,1790697600000.0,22186243517.0,,100.0,1.8968954598116559,530.07,0.31,13.069070966892937,1075302557.0,-0.66,1424102400000.0,0.08,7594619.0,33151330.0,0.75,7.398,49301.0,4.79,,44.03,杭电股份,394.41,,691375616.0,0,32.75,沪市主板
SH600736,36.41708118818763,0.0,1.4733,11,-1.37,False,0.01,0.948,1151292907.0,6.48,3.04,23.6623,-3.89,7460378037.0,1790697600000.0,7460378037.0,0.278,100.0,5.8066850968177315,946.34,-0.15,-15.97656610520557,129222486.0,-0.09,840038400000.0,0.51,-21056926.0,19693800.0,1.07,0.948,49223.0,1.71,,130.19,苏州高新,12.813,,1151292907.0,0,6.57,沪市主板
SH600916,-37.17363760860161,0.0,0.1888,11,-0.56,False,0.01,1.677,1680000000.0,7.15,1.25,,-9.35,12012000000.0,1790697600000.0,12012000000.0,3.357,100.0,3.291152739146175,42.06,0.0,-0.2728307791576623,96724830.0,-0.04,1612454400000.0,0.14,-6516992.0,13495701.0,0.9,1.677,49220.0,0.8,,44.09,中国黄金,50.887,,1680000000.0,0,7.19,沪市主板
SH601952,-23.188273521197623,0.0,1.2552,11,-0.33,False,0.01,1.712,1378000000.0,8.94,3.68,7.2271,0.0,12319320000.0,1790697600000.0,12319320000.0,2.125,100.0,6.845586990460674,28.59,0.0,-7.894013918843634,140638973.0,-0.03,1494777600000.0,0.35,4522212.0,15582777.0,0.88,1.712,49064.0,1.13,,43.99,苏垦农发,25.74,,1378000000.0,0,8.97,沪市主板
SH601158,-8.056294946562371,0.0,2.5585,11,0.5,False,0.01,1.131,4800030119.0,4.04,0.75,10.5635,-7.37,19392121681.0,1790697600000.0,19392121681.0,2.5,100.0,4.863883628976993,-30.22,0.0,1.7424132150834382,19365540.0,0.02,1269792000000.0,0.17,-1448456.0,4809400.0,0.95,1.131,49021.0,0.1,,73.35,重庆水务,23.347,,4800030119.0,0,4.02,沪市主板
SH600621,42.13628042412214,0.0,4.8939,11,-1.57,False,0.01,1.528,1060899292.0,13.16,2.47,1.9922,-12.28,13961434683.0,1790697600000.0,13961434683.0,1.596,100.0,9.109566270276657,3290.88,0.0,16.326783940269742,148343775.0,-0.21,723225600000.0,0.77,-9216217.0,11222103.0,0.57,1.528,48919.0,1.06,,245.24,华鑫股份,17.156,,1060899292.0,0,13.37,沪市主板
SH603619,-40.846798444887675,0.0,2.7419,11,4.44,False,0.01,2.293,462338461.0,21.65,4.49,7.2304,-5.56,10009627681.0,1790697600000.0,10009627681.0,0.642,100.0,7.208123049444172,-25.7,0.28,-3.2428503156601174,542830929.0,0.92,1510848000000.0,0.67,-15365825.0,25290178.0,1.98,2.293,48865.0,5.47,,44.01,中曼石油,32.468,,462338461.0,0,20.73,沪市主板
SH600075,,0.0,0.7707,11,1.31,False,0.01,0.89,1707797343.0,4.65,7.84,6.1484,-6.06,7941257645.0,1790697600000.0,7941257645.0,,100.0,-0.2832755044181122,220.51,0.22,-4.095923736143437,180606419.0,0.06,866476800000.0,-0.02,-5517471.0,37975863.0,3.32,0.89,48863.0,2.22,,0.0,新疆天业,-302.221,,1707797343.0,0,4.59,沪市主板
SH600793,,,1.3782,11,0.92,False,0.01,13.952,176904002.0,16.51,3.91,15.1468,-21.75,2920685073.0,,2920685073.0,,100.0,-16.884950818459345,268.36,0.18,-7.466012951858914,57898736.0,0.15,856368000000.0,-0.22,-312655.0,3508500.0,0.89,13.953,48837.0,1.98,,0.0,宜宾纸业,-76.144,,176904002.0,0,16.36,沪市主板
SH601311,-8.367746784965213,0.0,0.5443,11,0.54,False,0.01,0.874,1173146118.0,7.4,1.63,13.9203,-15.58,8681281273.0,1790697600000.0,8681281273.0,4.865,100.0,5.947455909060136,44.24,0.0,3.442318044788095,85445750.0,0.04,1306944000000.0,0.5,988591.0,11531705.0,1.64,0.874,48804.0,0.98,,-5.65,骆驼股份,14.824,,1173146118.0,0,7.36,沪市主板
SH688146,26.38053870200734,0.0,31.0441,82,-3.91,False,0.01,16.144,144970842.0,183.21,4.73,942.3097,353.77,26560107963.0,1790697600000.0,96993529466.0,0.107,1.0,8.879112452614505,238.56,0.17,36.80835388552723,1585836769.0,-7.45,1682006400000.0,0.97,45805431.2,8555851.0,0.81,16.144,48527.0,5.9,,35.8,中船特气,188.125,,529411765.0,0,190.66,科创板
SH600998,-4.851725663954465,0.0,0.1523,11,0.2,False,0.01,0.946,5042470234.0,5.06,2.97,7.3305,2.92,25514899384.0,1790697600000.0,25514899384.0,3.913,100.0,7.111329702677106,-5.17,0.0,4.973386229214016,350028114.0,0.01,1288627200000.0,0.4,18938800.0,68437749.0,2.12,0.946,48451.0,1.36,,46.0,九州通,12.695,,5042470234.0,0,5.05,沪市主板
SH600961,82.97922405675666,0.0,0.9182,11,-1.42,False,0.01,4.072,1072872703.0,22.24,2.57,7.8914,38.14,23860688915.0,1790697600000.0,23860688915.0,,100.0,47.077370644921565,630.52,0.04,15.928407946712287,364613242.0,-0.32,1093795200000.0,2.32,-52001885.0,16320924.0,0.89,4.071,48436.0,1.52,,35.14,株冶集团,9.591,,1072872703.0,0,22.56,沪市主板
SH600318,17.367589957737817,0.0,9.2119,11,-1.18,False,0.01,3.106,512727632.0,6.72,3.68,,-24.93,3445529687.0,1790697600000.0,3445529687.0,0.298,100.0,3.8997285066445446,49.63,0.15,5.741563257249616,94075450.0,-0.08,976204800000.0,0.08,717890.0,13902800.0,0.9,3.106,48331.0,2.71,,146.86,新力金融,80.894,,512727632.0,0,6.8,沪市主板
SH600477,-36.71901849382532,0.0,1.0689,11,-0.82,False,0.01,1.137,2358968436.0,2.41,3.29,16.0484,-18.36,5685113931.0,1790697600000.0,5685113931.0,1.452,100.0,1.389210129757215,446.11,0.0,-25.70397648110305,45981824.0,-0.02,1068393600000.0,0.03,-6263077.0,18950610.0,0.81,1.137,48217.0,0.8,,33.9,杭萧钢构,80.846,,2358968436.0,0,2.43,沪市主板
SH600371,-63.87438075556309,,22.1157,11,0.74,False,0.01,7.657,292578000.0,13.61,8.14,,58.08,3981986580.0,,3981986580.0,0.735,100.0,-1.0249036717347013,337.28,-0.07,-19.292589992574648,809359457.0,0.1,1032105600000.0,-0.02,-34167231.0,58636056.0,0.96,7.657,47883.0,20.04,,358.21,万向德农,-722.936,,292578000.0,0,13.51,沪市主板
SH600784,-18.750378073815465,,1.3839,11,-0.43,False,0.01,1.397,675652277.0,6.97,2.14,14.7534,0.52,4709296371.0,,4709296371.0,0.717,100.0,4.484250464073682,275.13,0.14,1.041347724676811,33578721.0,-0.03,851443200000.0,0.22,-3814827.0,4792403.0,0.95,1.397,47776.0,0.71,,145.44,鲁银投资,31.801,,675652277.0,0,7.0,沪市主板
SH600210,28.739447069277247,0.0,1.0558,11,0.63,False,0.01,1.448,1516736158.0,6.4,1.1,14.6224,-8.01,9707111411.0,1790697600000.0,9707111411.0,5.469,100.0,17.212785585326092,313.06,-0.16,-0.963631273585297,107075991.0,0.04,935424000000.0,0.73,7674313.0,16761222.0,1.37,1.448,47724.0,1.11,,88.01,紫江企业,8.756,,1516736158.0,0,6.36,沪市主板
SH603363,-77.63536605802055,0.0,0.84,11,-1.07,False,0.01,2.565,2146684580.0,2.78,2.85,54.0715,-39.7,5967783132.0,1790697600000.0,7592351876.0,,100.0,-15.407976844293989,-46.42,0.36,-20.755477857536253,53030402.0,-0.03,1506355200000.0,-0.17,-4020334.0,18969742.0,0.86,2.565,47723.0,0.88,,44.05,傲农生物,-16.051,,2731061826.0,0,2.81,沪市主板
SH603069,12.335471625558636,0.0,7.7584,11,-2.29,False,0.01,5.589,316000000.0,13.24,3.84,64.8354,-51.23,4183840000.0,1790697600000.0,4183840000.0,,100.0,-9.842708889910737,195.4,-0.08,-16.997866683274488,35709136.0,-0.31,1468252800000.0,-0.25,2945410.0,2670600.0,0.74,5.589,47659.0,0.85,,43.98,海汽集团,-53.85,,316000000.0,0,13.55,沪市主板
SH603078,-0.9307603369878792,0.0,8.1362,11,-2.39,False,0.01,5.451,385637248.0,28.14,6.9,60.5765,57.99,10851832159.0,1790697600000.0,10851832159.0,0.32,100.0,5.304266702536002,336.75,0.29,11.982389456996124,305025555.0,-0.69,1491753600000.0,0.27,-6814014.0,10652831.0,0.92,5.451,47645.0,2.76,,44.0,江化微,104.668,,385637248.0,0,28.83,沪市主板
SH601929,-12.120395009054297,0.0,3.9604,11,-1.73,False,0.01,1.738,3489788168.0,2.27,3.9,16.5637,-34.01,7921819141.0,1790697600000.0,7921819141.0,,100.0,-9.254877230669184,-54.1,0.0,3.20559884138083,203792522.0,-0.04,1329926400000.0,-0.13,7691932.0,89129574.0,0.7,1.737,47620.0,2.55,,87.43,吉视传媒,-17.688,,3489788168.0,0,2.31,沪市主板
SH600963,-40.56598600279888,0.0,0.7253,11,-0.59,False,0.01,0.776,1757567854.0,3.36,3.25,11.4428,-28.05,5905427989.0,1790697600000.0,5905427989.0,,100.0,-4.962679827754915,103.62,0.3,-8.197252282273848,79224341.0,-0.02,1085414400000.0,-0.22,774188.0,23379890.0,0.98,0.776,47604.0,1.33,,20.33,岳阳林纸,-15.242,,1757567854.0,0,3.38,沪市主板
SH688777,-44.01186278905331,0.0,7.7419,82,-3.71,False,0.01,6.188,787199115.0,77.08,4.81,275.5371,56.65,60677307784.0,1790697600000.0,60984888741.0,0.487,1.0,2.425935260780317,6.89,0.09,-3.8548053686569883,733608977.0,-2.97,1606147200000.0,0.31,-18308935.0,9355463.0,0.99,6.188,47589.0,1.19,,204.03,中控技术,251.503,,791189527.0,0,80.05,科创板
SH601567,-33.27720891797497,0.0,1.4154,11,0.59,False,0.01,1.648,1405209400.0,13.75,3.22,9.798,-39.68,19321629250.0,1790697600000.0,19321629250.0,1.047,100.0,4.939749521369219,308.19,0.22,4.503544599934672,306102218.0,0.08,1308067200000.0,0.42,7512070.0,22167114.0,0.7,1.648,47436.0,1.58,,-5.45,三星电气,32.744,,1405209400.0,0,13.67,沪市主板
SH600650,-11.480439534868003,0.0,4.0433,11,0.2,False,0.01,1.297,390560075.0,10.24,1.96,26.1399,-31.76,3999335168.0,1790697600000.0,5648487496.0,1.27,100.0,2.81670619504959,71.34,0.2,-12.194449324748668,20601534.0,0.02,739382400000.0,0.22,-63996.0,2009213.0,0.45,1.297,47407.0,0.51,,-37.87,锦江在线,46.476,,551610107.0,0,10.22,沪市主板
SH688271,-5.23675159199577,0.0,5.9118,82,-0.88,False,0.01,3.982,824157988.0,106.42,1.45,36.7245,-14.96,87706893083.0,1790697600000.0,87706893083.0,0.288,1.0,8.258817468342587,-36.87,-0.06,12.336088551863146,445499144.0,-0.95,1661097600000.0,2.15,-20793867.0,4169623.0,0.86,3.982,47236.0,0.51,,64.93,联影医疗,49.6,,824157988.0,0,107.37,科创板
SH603636,,0.0,5.8766,11,-2.74,False,0.01,2.503,580360523.0,7.46,4.04,15.7836,-36.99,4329489502.0,1790697600000.0,4329489502.0,,100.0,-27.108660654902543,103.7,0.4,-30.146889436368983,253702549.0,-0.21,1419868800000.0,-0.94,-12734986.0,33759016.0,0.46,2.503,47188.0,5.82,,44.01,南威软件,-7.949,,580360523.0,0,7.67,沪市主板
SH688347,1.442658960214871,0.0,20.1781,82,-5.15,False,0.01,8.043,407750000.0,197.21,8.64,55.5925,82.82,80412377500.0,1790697600000.0,380318458325.0,,1.0,1.5397758294939794,236.32,0.21,8.352834243017782,3050790262.0,-10.71,1691337600000.0,0.36,69883743.88,15067117.0,1.38,6.846,47162.0,3.7,,2.04,华虹宏力,542.428,,1928494794.0,0,207.92,科创板
SH600218,-18.71014449655133,,0.8022,11,0.25,False,0.01,1.072,435599919.0,8.05,2.99,5.7099,-21.25,3506579348.0,,3506579348.0,0.745,100.0,1.670121900084751,69.08,0.37,-3.3671874463634843,105498769.0,0.02,912614400000.0,0.12,-54666.0,13129000.0,0.95,1.072,47124.0,3.01,,0.0,全柴动力,64.519,,435599919.0,0,8.03,沪市主板
SH600880,56.04076999101346,0.0,9.0588,11,1.23,False,0.01,1.528,1093030175.0,4.11,2.71,,-16.8,4492354019.0,1790697600000.0,4493594898.0,,100.0,-2.5716150349797737,846.13,0.0,-4.30183601277867,108662371.0,0.05,816364800000.0,-0.07,835368.0,26441278.0,0.5,1.528,46835.0,2.42,,-87.9,博瑞传播,-58.431,,1093332092.0,0,4.06,沪市主板
SH600292,180.14902805096634,0.0,4.4167,11,-0.18,False,0.01,3.019,439283583.0,11.4,1.75,11.6961,-12.28,5007832846.0,1790697600000.0,54311709730.0,0.491,100.0,10.264547321599423,125.62,-0.09,43.06595026140503,94097738.0,-0.02,973008000000.0,0.25,-511745.0,8255559.0,1.13,2.434,46626.0,1.88,,187.67,电投水电,45.692,,4764185064.0,0,11.42,沪市主板
SH603396,-18.41980923436699,0.0,1.6927,11,-4.75,False,0.01,1.694,138527478.0,31.91,6.33,8.6804,-4.4,4420411823.0,1790697600000.0,4420411823.0,0.47,100.0,1.9683016117939167,102.4,-0.53,1.6167820760088158,738912365.0,-1.59,1508256000000.0,0.37,1671072.0,22596603.0,1.29,1.694,46624.0,16.31,,44.02,金辰股份,86.62,,138527478.0,0,33.5,沪市主板
SH600178,,0.0,0.7967,11,-1.21,False,0.01,1.788,466476161.0,9.77,3.64,8.3451,-23.52,4557472093.0,1790697600000.0,4557472093.0,0.113,100.0,-0.013149675628914597,83.16,0.1,1.9391274755022891,78011230.0,-0.12,908294400000.0,0.0,1182958.0,7914300.0,0.62,1.788,46598.0,1.7,,0.0,东安动力,-13586.643,,466476161.0,0,9.89,沪市主板
SH600483,3.8515451019429436,0.0,2.2378,11,1.81,False,0.01,1.123,2780146609.0,11.22,2.18,6.0375,22.43,31193244953.0,1790697600000.0,31193244953.0,3.779,100.0,11.00554988431464,709.58,0.0,-1.2343292313966137,202061676.0,0.2,1085932800000.0,1.06,17667745.5,18042089.0,1.43,1.131,46587.0,0.65,,31.82,福能股份,10.579,,2780146609.0,0,11.02,沪市主板
SH689009,33.655971597802335,,1.1259,82,-1.46,False,0.01,3.657,562231389.0,36.56,3.21,9.752,-32.29,20555179582.0,,26902621087.0,3.345,1.0,21.57407396145952,17.85,0.05,36.534906684846135,255525194.0,-0.54,1603900800000.0,2.07,-21796988.0,6981392.0,1.27,3.634,46577.0,1.24,,103.27,九号公司-WD,17.643,,735848498.0,0,37.1,港股主板
SH603218,-13.04752049910437,0.0,1.7536,11,-0.52,False,0.01,0.931,1028936500.0,9.51,2.3,7.3301,-25.32,9785186115.0,1790697600000.0,9793840215.0,3.954,100.0,4.125238349032148,-40.49,-0.11,2.097739758524808,108136032.0,-0.05,1482854400000.0,0.42,-5704029.0,11357792.0,1.17,0.931,46525.0,1.1,,44.02,日月股份,22.67,,1029846500.0,0,9.56,沪市主板
SH600255,,0.0,1.1372,11,-0.3,False,0.01,4.016,1806146955.0,3.34,3.28,,-13.25,6032530830.0,1790697600000.0,6032530830.0,,100.0,3.64257413595528,8.22,0.6,23.06522729614473,143570447.0,-0.01,974822400000.0,0.03,-16073584.0,42974500.0,0.79,4.016,46431.0,2.38,,204.08,鑫科材料,112.188,,1806146955.0,0,3.35,沪市主板
SH600258,4.225480283927885,0.0,1.5935,11,-2.45,False,0.01,0.998,1116603126.0,10.74,2.63,3.7142,-33.51,11992317573.0,1790697600000.0,11992317573.0,4.19,100.0,7.211677695637843,29.33,0.0,-1.5409454479512141,187130673.0,-0.27,959788800000.0,0.77,-26738421.0,17377100.0,1.41,0.998,46403.0,1.56,,266.95,首旅酒店,14.03,,1116603126.0,0,11.01,沪市主板
SH600996,-2.4476973422911663,0.0,7.0961,11,-1.04,False,0.01,6.479,1246799854.0,6.69,2.51,26.3258,-33.37,8341091023.0,1790697600000.0,8341091023.0,,100.0,-67.29995092414775,-34.32,-0.15,-16.430477180093973,90775112.0,-0.07,1482681600000.0,-1.05,7558340.0,13425648.0,0.88,6.479,46396.0,1.08,,43.95,贵广网络,-6.388,,1246799854.0,0,6.76,沪市主板
SH603118,14.936758747689804,0.0,1.2034,11,-4.07,False,0.01,2.331,787276406.0,15.08,7.57,71.1867,31.47,11872128202.0,1790697600000.0,11872128202.0,0.199,100.0,1.8384334672528047,124.88,0.07,7.771697386771392,854439040.0,-0.64,1424793600000.0,0.12,-24556181.0,55198150.0,0.89,2.331,46247.0,7.01,,44.02,共进股份,127.766,,787276406.0,0,15.72,沪市主板
SH603399,,0.0,0.9386,11,4.15,False,0.01,4.093,512290649.0,13.55,7.92,,30.41,6941538294.0,1790697600000.0,6941538294.0,,100.0,0.5107881545396054,34.09,0.22,9.662725757252222,611198236.0,0.54,1345737600000.0,0.02,47840551.0,45134258.0,2.05,4.093,46231.0,8.81,,85.13,永杉锂业,816.798,,512290649.0,0,13.01,沪市主板
SH600257,59.732952869661894,,2.7989,11,-1.82,False,0.01,3.184,481237188.0,5.4,2.91,13.6931,-14.01,2598680815.0,,2598680815.0,,100.0,3.0434917871886538,77.01,0.0,-7.70574933127145,63708945.0,-0.1,960739200000.0,0.05,-8918231.0,11699997.0,1.2,3.184,46216.0,2.43,,100.45,大湖股份,105.99,,481237188.0,0,5.5,沪市主板
SH600303,-12.647755952501383,,1.8082,11,1.93,False,0.01,2.467,677512211.0,3.17,5.79,,-2.76,2147713709.0,,2167025349.0,,100.0,-32.72698434641958,15.51,0.0,-12.606058746324944,130630171.0,0.06,977760000000.0,-0.5,17564598.0,40627288.0,1.41,2.467,46171.0,6.0,,111.7,曙光股份,-6.375,,683604211.0,0,3.11,沪市主板
SH600864,21.350838949750894,0.0,4.0524,11,-2.14,False,0.01,0.864,2080570520.0,5.5,3.74,5.569,-16.25,11443137860.0,1790697600000.0,11443137860.0,0.927,100.0,2.812941934383418,270.87,0.0,1.4778406831029711,155402131.0,-0.12,776361600000.0,0.18,-21110951.0,27950637.0,0.97,0.864,46139.0,1.34,,122.83,哈投股份,30.777,,2080570520.0,0,5.62,沪市主板
SH601116,-0.6885854785904533,0.0,1.4469,11,0.3,False,0.01,1.65,547678400.0,9.94,2.42,29.9746,-27.19,5443923296.0,1790697600000.0,5443923296.0,1.006,100.0,4.984313319608806,-32.6,0.51,-2.5832222448390008,66949057.0,0.03,1298995200000.0,0.3,-576202.0,6749684.0,0.91,1.65,46017.0,1.23,,84.58,三江购物,33.648,,547678400.0,0,9.91,沪市主板
SH600668,,,1.2522,11,-1.07,False,0.01,0.564,412900594.0,7.38,2.68,13.6518,-33.77,3047206384.0,,3047206384.0,1.341,100.0,-3.859554953147399,380.63,0.0,-7.332193321716362,22513282.0,-0.08,743788800000.0,-0.52,-817325.0,3024757.0,0.87,0.564,46007.0,0.73,,-86.9,尖峰集团,-14.193,,412900594.0,0,7.46,沪市主板
SH600452,-2.474781408164295,0.0,4.7049,11,0.46,False,0.01,2.37,1536541654.0,8.82,0.91,13.132,-4.85,13552297388.0,1790697600000.0,13552297388.0,1.168,100.0,7.791724702861584,939.11,0.11,-7.19627658322477,103940147.0,0.04,1078243200000.0,0.28,-2364871.0,11798466.0,0.67,2.37,45759.0,0.77,,153.99,涪陵电力,31.287,,1536541654.0,0,8.78,沪市主板
SH601858,-4.0706351489650405,0.0,5.687,11,-1.99,False,0.01,2.863,790500000.0,21.15,4.87,31.7496,18.55,16719075000.0,1790697600000.0,16719075000.0,1.447,100.0,8.260791665465526,152.14,0.28,-0.4846457075890598,186423725.0,-0.43,1484668800000.0,0.6,-6970472.0,8881390.0,0.81,2.863,45606.0,1.12,,44.01,中国科传,35.433,,790500000.0,0,21.58,沪市主板
SH600642,-2.03058837914315,0.0,1.6006,11,3.53,False,0.01,1.212,4894079376.0,9.09,4.1,5.1997,23.21,44487181528.0,1790697600000.0,44487181528.0,5.061,100.0,9.047512704925678,482.47,-0.11,-1.8893532030485383,273504945.0,0.31,734889600000.0,0.74,52421444.0,30328311.0,1.65,1.211,45505.0,0.62,,-21.43,申能股份,12.291,,4894079376.0,0,8.78,沪市主板
SH603387,10.133920035177123,0.0,4.7084,11,1.5,False,0.01,1.753,507153517.0,10.16,3.2,11.872,25.66,5152679733.0,1790697600000.0,5152679733.0,2.953,100.0,10.53217289977573,44.34,1.3,-5.945272427367875,131847234.0,0.15,1500220800000.0,0.58,-5898627.0,13157760.0,1.4,1.753,45486.0,2.59,,44.0,基蛋生物,17.399,,507153517.0,0,10.01,沪市主板
SH600381,,,8.7114,11,-1.9,False,0.01,2.522,587060741.0,4.12,5.71,208.4032,-7.0,2418690253.0,,2418690253.0,,100.0,-7.499543661225835,-83.74,-0.72,-8.744852453837638,15253274.0,-0.08,989251200000.0,-0.13,-698340.0,3636586.0,0.7,2.522,45332.0,0.62,,293.13,*ST春天,-32.364,,587060741.0,0,4.2,沪市主板
SH600458,14.90935485501974,0.0,0.4517,11,-2.09,False,0.01,1.262,869169015.0,10.76,3.91,29.2241,-17.67,9352258601.0,1790697600000.0,10244733298.0,2.342,100.0,7.047293786216059,550.7,0.0,11.453476784966377,135939675.0,-0.23,1040227200000.0,0.58,-2751524.0,12463800.0,1.13,1.262,45323.0,1.43,,132.88,时代新材,18.416,,952112760.0,0,10.99,沪市主板
SH601198,47.489140771305614,,8.49886548686715,11,0.0,False,0.01,1.387,3232445520.0,13.06,,,-5.29,42215738491.0,,42215738491.0,0.689,100.0,7.377725873170404,37.59,,3.4862168304022,,0.0,1424880000000.0,0.71,,,,1.387,45274.0,,,44.01,东兴证券,18.294,,3232445520.0,0,13.06,沪市主板
SH600116,88.20631068128064,0.0,1.1477,11,0.98,False,0.01,1.029,1912142904.0,6.21,2.28,5.4836,-3.24,11874407434.0,1790697600000.0,11874407434.0,1.997,100.0,6.789998179094177,189.34,0.0,-1.9602729265415397,78688487.0,0.06,870624000000.0,0.4,9839542.0,12693003.0,1.25,1.029,45265.0,0.66,,0.0,三峡水利,15.502,,1912142904.0,0,6.15,沪市主板
SH603009,39.20330009375937,0.0,6.2202,11,-5.51,False,0.01,7.37,346389815.0,43.35,5.99,66.5071,-9.75,15015998480.0,1790697600000.0,15015998480.0,0.321,100.0,6.871321205872014,1258.17,0.09,10.137998559352578,284630023.0,-2.53,1405612800000.0,0.37,-28817215.0,6464159.0,1.05,7.37,45088.0,1.87,,43.94,北特科技,117.61,,346389815.0,0,45.88,沪市主板
SH605589,4.430150638970831,0.0,2.5964,11,0.36,False,0.01,2.806,845918998.0,35.8,9.92,,27.86,30283900128.0,1790697600000.0,30300493428.0,1.813,100.0,9.185341793893299,34.62,0.03,10.895749820760582,1440578470.0,0.13,1628524800000.0,1.13,51275063.0,38810130.0,1.53,2.806,45062.0,4.59,,43.98,圣泉集团,31.793,,846382498.0,0,35.67,沪市主板
SH603938,8.365429594758567,0.0,6.5957,11,-3.02,False,0.01,6.059,382624497.0,41.39,5.37,226.4351,116.68,15836827931.0,1790697600000.0,15836827931.0,0.053,100.0,6.346278281548185,692.37,-0.02,8.63643534732985,437854894.0,-1.29,1498579200000.0,0.42,-4226340.0,10438131.0,0.54,6.059,44995.0,2.73,,43.98,三孚股份,98.392,,382624497.0,0,42.68,沪市主板
SH603099,,0.0,14.1568,11,6.0,False,0.01,7.826,272355860.0,43.12,10.08,60.1105,-4.09,11743984683.0,1790697600000.0,11743984683.0,0.336,100.0,10.052847809400781,719.41,0.0,14.34525322825766,749920386.0,2.44,1408636800000.0,0.49,151305890.0,17449094.0,1.46,7.826,44941.0,6.41,,44.05,长白山,88.522,,272355860.0,0,40.68,沪市主板
SH600187,3.9158022044515794,,6.8343,11,0.0,False,0.01,0.681,1613781103.0,1.24,3.23,818.7853,-50.2,2001088568.0,,2001088568.0,,100.0,-6.3229467143544245,-45.56,-0.8,23.451907117369466,19275489.0,0.0,910713600000.0,-0.12,732865.0,15422001.0,1.16,0.681,44912.0,0.96,,0.0,*ST国中,-10.332,,1613781103.0,0,1.24,沪市主板
SH601566,-29.410758775443146,0.0,1.7464,11,1.77,False,0.01,1.411,574637150.0,9.22,5.85,10.2151,-26.66,5298154523.0,1790697600000.0,5298154523.0,5.423,100.0,4.156861324292485,-15.56,0.11,0.3980839995093355,173678648.0,0.16,1306684800000.0,0.28,13245305.0,18726791.0,0.72,1.411,44841.0,3.26,,-13.05,九牧王,33.126,,574637150.0,0,9.06,沪市主板
SH688268,-1.952971368254286,0.0,9.2285,82,-3.43,False,0.01,5.601,127682038.0,116.7,6.08,49.0703,103.82,14900493835.0,1790697600000.0,14900493835.0,0.427,1.0,6.4034141946237675,143.5,0.41,6.836697751449883,312557875.0,-4.15,1577289600000.0,1.18,2810560.5,2642289.0,1.05,5.601,44835.0,2.07,,134.66,华特气体,99.152,,127682038.0,0,120.85,科创板
SH603508,12.19660337816797,0.0,5.0034,11,-0.63,False,0.01,1.893,381274377.0,20.46,1.65,12.0171,-24.92,7800873753.0,1790697600000.0,7800873753.0,2.566,100.0,13.146751392178366,10.72,0.05,10.829268604455876,32246701.0,-0.13,1450886400000.0,1.5,-5267326.0,1569712.0,1.06,1.893,44816.0,0.41,,44.01,思维列控,13.68,,381274377.0,0,20.59,沪市主板
SH600350,-3.2953771950756994,0.0,2.0539,11,0.98,False,0.01,1.693,4834570825.0,10.26,1.67,7.1315,9.28,49602696665.0,1790697600000.0,49602696665.0,4.094,100.0,7.120734782801147,617.78,0.1,-2.734477922202805,96804972.0,0.1,1016380800000.0,0.64,3031588.0,9459600.0,1.1,1.693,44783.0,0.2,,73.85,山东高速,16.067,,4834570825.0,0,10.16,沪市主板
SH600812,168.47674808899896,0.0,1.1485,11,10.04,False,0.01,1.704,1715730370.0,5.48,2.41,7.6079,-0.11,9402202428.0,1790697600000.0,9402202428.0,0.639,100.0,2.2466892828428895,273.27,0.0,-9.93933257248296,494359000.0,0.5,758476800000.0,0.07,-244122226.0,90337032.0,2.77,1.704,44650.0,5.27,,38.0,华北制药,76.19,,1715730370.0,1,4.98,沪市主板
SH605090,7.751681489307649,0.0,1.1497,11,1.41,False,0.01,1.824,705871718.0,31.69,2.59,8.3989,-25.94,22369074743.0,1790697600000.0,22391663375.0,1.417,100.0,14.141108466709658,20.79,0.13,-11.000174230086024,267437153.0,0.44,1621872000000.0,2.22,-8378578.0,8421958.0,1.37,1.822,44578.0,1.19,,24.53,九丰能源,14.268,,706584518.0,0,31.25,沪市主板
SH600032,-24.44867799844944,0.0,4.0265,11,1.04,False,0.01,1.445,2404675324.0,7.78,2.86,3.9612,5.61,18708374021.0,1790697600000.0,18708374021.0,0.604,100.0,2.885218466701584,92.22,0.39,-0.7701596760958829,654039400.0,0.08,1621872000000.0,0.15,34301850.0,84442278.0,1.54,1.445,44564.0,3.51,,43.87,浙江新能,50.538,,2404675324.0,0,7.7,沪市主板
SH688019,40.17982954868984,0.0,16.1408,82,-3.22,False,0.01,9.629,228356543.0,204.21,6.4,90.5528,22.04,46632689646.0,1790697600000.0,46632689646.0,0.188,1.0,23.818539733374298,443.1,0.19,39.33658271940963,1139578696.0,-6.79,1563724800000.0,4.12,-5753833.5,5479576.0,1.38,9.593,44419.0,2.4,,400.15,安集科技,49.621,,228356543.0,0,211.0,科创板
SH600624,225.48744356716603,,5.3601,11,1.74,False,0.01,7.837,679346942.0,4.69,2.17,,-11.34,3186137158.0,,3186137158.0,,100.0,-41.746058168025485,538.79,0.21,-6.786589413973799,17252588.0,0.08,726163200000.0,-0.32,383686.0,3706037.0,1.43,7.838,44252.0,0.55,,-70.27,ST复华,-14.643,,679346942.0,0,4.61,沪市主板
SH600510,,0.0,1.5105,11,-2.5,False,0.01,0.621,1032025457.0,6.24,5.16,230.0302,-25.39,6439838852.0,1790697600000.0,6439838852.0,0.369,100.0,-0.7559541287978945,131.01,-0.64,-19.91858268219596,49730924.0,-0.16,1024329600000.0,-0.08,254068.0,7807200.0,1.09,0.621,44234.0,0.76,,28.5,黑牡丹,-81.227,,1032025457.0,0,6.4,沪市主板
SH600770,,0.0,13.2956,11,-5.19,False,0.01,2.304,1300000000.0,6.03,5.35,64.6579,16.63,7839000000.0,1790697600000.0,7839000000.0,,100.0,4.029002319680343,731.95,-0.17,31.557055657183675,375974502.0,-0.33,848419200000.0,0.1,-39008568.54,61639275.0,0.62,2.304,44177.0,4.74,,94.42,综艺股份,57.488,,1300000000.0,0,6.36,沪市主板
SH600831,47.942162305946056,,2.4256,11,-1.18,False,0.01,43.844,710946992.0,3.36,4.41,6.4632,-20.0,2388781893.0,,2388781893.0,,100.0,-184.00074535927965,81.62,0.3,-26.909040946692464,67224677.0,-0.04,762019200000.0,-2.29,-95875.0,19876139.0,0.54,43.864,44018.0,2.8,,1006.0,广电网络,-1.469,,710946992.0,0,3.4,沪市主板
SH600395,,0.0,1.1511,11,1.6,False,0.01,1.026,2146624894.0,5.07,2.4,6.2067,10.08,10883388213.0,1790697600000.0,10883388213.0,1.183,100.0,3.780867791962486,191.23,0.4,-0.7962992814402825,113003381.0,0.08,991238400000.0,0.19,6360734.0,22369100.0,0.97,1.026,43873.0,1.04,,104.17,盘江股份,27.345,,2146624894.0,0,4.99,沪市主板
SH688047,1.6567772700342598,0.0,57.5215,82,-2.96,False,0.01,16.625,401000000.0,95.2,4.26,,-27.94,38175200000.0,1790697600000.0,38175200000.0,,1.0,-15.536989861802903,-1.12,-0.13,11.937664289164163,332901975.0,-2.9,1656000000000.0,-0.96,-9011316.0,3446487.0,0.99,16.625,43823.0,0.86,,48.3,龙芯中科,-99.263,,401000000.0,0,98.1,科创板
SH601108,27.03275817439952,0.0,4.4369,11,-2.58,False,0.01,0.935,4643768990.0,7.94,3.56,,-8.45,36871525781.0,1790697600000.0,36871525781.0,1.373,100.0,9.065127587427462,-29.71,-0.13,15.983783384100313,333426894.0,-0.21,1508774400000.0,0.74,-47821792.0,41485799.0,1.35,0.946,43780.0,0.89,,44.02,财通证券,10.691,,4643768990.0,0,8.15,沪市主板
SH600101,-9.57065489490997,0.0,1.4075,11,0.26,False,0.01,1.387,547862471.0,7.85,1.02,19.9324,-14.07,4300720397.0,1790697600000.0,4300720397.0,1.401,100.0,5.362437158384939,211.43,0.13,5.0296775125913795,56167147.0,0.02,867340800000.0,0.3,951275.0,7149830.0,0.98,1.387,43772.0,1.31,,0.0,明星电力,26.301,,547862471.0,0,7.83,沪市主板
SH600203,-13.85016997702887,0.0,0.3469,11,-1.43,False,0.01,3.325,592988082.0,9.64,3.27,395.5601,-27.74,5716405110.0,1790697600000.0,5716405110.0,,100.0,0.7535626078195735,140.09,0.0,24.69984621106711,85509563.0,-0.14,926611200000.0,0.02,-176692.0,8785246.0,0.74,3.324,43593.0,1.48,,0.0,福日电子,448.007,,592988082.0,0,9.78,沪市主板
SH603888,4.384083464752431,0.0,5.5721,11,-1.63,False,0.01,3.281,742211985.0,16.92,2.97,24.4392,-3.38,12558226786.0,1790697600000.0,12558226786.0,0.792,100.0,8.607367281844827,100.72,0.06,3.2497557019862677,197556086.0,-0.28,1477584000000.0,0.43,-13817819.0,11659205.0,0.59,3.281,43504.0,1.57,,43.99,新华网,39.155,,742211985.0,0,17.2,沪市主板
SH603868,-17.46471454875651,0.0,3.6783,11,2.25,False,0.01,3.993,435600000.0,31.79,2.83,15.115,-24.29,13847724000.0,1790697600000.0,13847724000.0,3.146,100.0,16.670406403620404,62.32,0.03,-10.026959440560857,52820264.0,0.7,1460908800000.0,1.26,5204658.0,1677601.0,1.35,3.993,43485.0,0.39,,43.98,飞科电器,25.157,,435600000.0,0,31.09,沪市主板
SH688018,67.21963096194648,0.0,9.8468,82,2.23,False,0.01,5.86,234384311.0,117.65,7.15,57.3714,-2.83,27575314189.0,1790697600000.0,27575314189.0,0.303,1.0,15.996278730875673,117.89,0.25,28.625435206809048,1315405893.0,2.57,1563724800000.0,2.44,104940880.0,10978745.0,2.39,5.86,43450.0,4.68,,106.25,乐鑫科技,48.31,,234384311.0,0,115.08,科创板
SH603002,-0.5172368963134,0.0,5.385,11,7.79,False,0.01,6.095,1134078509.0,18.69,8.48,2697.3711,153.12,21195927333.0,1790697600000.0,21195927333.0,0.08,100.0,1.6901493147977633,332.87,0.05,31.29381980212207,2530765333.0,1.35,1337270400000.0,0.05,133956516.0,135013658.0,2.14,6.095,43409.0,11.91,,137.78,宏昌电子,362.77,,1134078509.0,0,17.34,沪市主板
SH600103,-31.472393404952005,0.0,3.0832,11,-1.18,False,0.01,1.89,2212329047.0,3.36,5.0,16.5805,-19.65,7433425598.0,1790697600000.0,7529177870.0,0.268,100.0,0.9774412847821614,127.64,0.3,-2.6633521130017046,422011671.0,-0.04,867859200000.0,0.02,4452341.0,123796790.0,0.98,1.89,43387.0,5.6,,0.0,青山纸业,193.876,,2240826747.0,0,3.4,沪市主板
SH600509,-19.091842233241685,0.0,1.1784,11,1.54,False,0.01,1.256,1374397407.0,7.26,3.08,4.1901,-11.24,9978125175.0,1790697600000.0,9978125175.0,1.157,100.0,2.916029083176226,215.12,0.0,-3.456015730250539,109434885.0,0.11,1014825600000.0,0.17,26254965.0,15106093.0,1.27,1.256,43338.0,1.1,,107.14,天富能源,43.836,,1374397407.0,0,7.15,沪市主板
SH600496,5.083173929328755,0.0,0.3237,11,-1.18,False,0.01,0.735,1990125599.0,3.35,2.06,65.4944,-14.37,6666920757.0,1790697600000.0,6666920757.0,6.567,100.0,6.783863983676956,245.25,0.0,7.180205428900632,72241356.0,-0.04,1023206400000.0,0.31,-7737631.0,21392800.0,0.87,0.735,43073.0,1.07,,222.16,精工钢构,10.7,,1990125599.0,0,3.39,沪市主板
SH601456,55.46824621319158,0.0,5.7825,11,-1.53,False,0.01,0.907,4383266216.0,8.38,2.0,,-17.04,36731770890.0,1790697600000.0,47603367714.0,0.716,100.0,4.436226994105781,71.61,-0.12,43.55026379734846,104192833.0,-0.13,1596124800000.0,0.4,-18694982.0,12351461.0,1.04,0.907,42926.0,0.28,,44.0,国联民生,20.723,,5680592806.0,0,8.51,沪市主板
SH600976,-17.855886013613997,0.0,1.3029,11,0.45,False,0.01,1.535,153298600.0,26.98,1.38,12.1982,-17.39,4135996228.0,1790697600000.0,4138694228.0,3.336,100.0,12.138970427831355,464.23,0.04,-10.616990821529004,29317425.0,0.12,1082304000000.0,2.06,1735425.0,1084237.0,1.34,1.535,42862.0,0.71,,41.98,健民集团,13.079,,153398600.0,0,26.86,沪市主板
SH600969,,,0.8387,11,-0.11,False,0.01,0.968,370050484.0,9.51,2.52,2.3655,-5.81,3519180103.0,,3519180103.0,1.325,100.0,2.826057350945473,55.73,0.11,2.73855395152256,60544163.0,-0.01,1081353600000.0,0.28,-5528410.0,6346800.0,0.93,0.968,42860.0,1.72,,138.69,郴电国际,34.373,,370050484.0,0,9.52,沪市主板
SH601595,-36.810526948400735,0.0,11.5384,11,-2.22,False,0.01,6.034,448200000.0,22.49,4.35,24.4599,-21.19,10080018000.0,1790697600000.0,10080018000.0,0.236,100.0,4.42403217894864,134.96,-0.31,0.4018093824748492,169025640.0,-0.51,1471363200000.0,0.17,14155443.0,7423655.0,0.79,6.034,42839.0,1.66,,43.96,上海电影,135.495,,448200000.0,0,23.0,沪市主板
SH600698,,0.0,12.089,11,-1.04,False,0.01,9.567,830451741.0,6.63,3.43,125.5677,-26.66,5505895043.0,1790697600000.0,7085068163.0,,100.0,-4.0284295810798065,117.85,0.0,11.08243544238412,106140778.0,-0.07,755107200000.0,-0.03,1955471.0,15876046.0,0.75,9.567,42823.0,1.91,,143.26,湖南天雁,-232.82,,1068637732.0,0,6.7,沪市主板
SH600903,-25.17287649611264,0.0,1.2742,11,2.4,False,0.01,2.443,1163985250.0,6.84,4.34,11.0415,3.65,7961659110.0,1790697600000.0,7961659110.0,0.365,100.0,0.5603757909214551,274.65,0.29,-0.92418981769955,437205604.0,0.16,1509984000000.0,0.02,21113585.0,63333638.0,1.87,2.557,42529.0,5.44,,43.89,贵州燃气,439.107,,1163985250.0,0,6.68,沪市主板
SH603985,,0.0,1.941,11,-2.59,False,0.01,2.196,440858003.0,16.54,5.54,,8.8,7291791370.0,1790697600000.0,7291791370.0,0.363,100.0,3.4264913212163295,97.87,0.0,24.546987973290157,139517198.0,-0.44,1493913600000.0,0.25,878304.0,8250404.0,0.93,2.195,42482.0,1.87,,44.01,恒润股份,65.304,,440858003.0,0,16.98,沪市主板
SH603885,-26.484435923519733,0.0,0.892,11,-2.91,False,0.01,2.427,2169005268.0,9.67,2.41,2.4702,-33.82,20974280942.0,1790697600000.0,20974280942.0,2.027,100.0,7.69271307135824,85.7,0.1,6.916603769228713,117225602.0,-0.29,1432656000000.0,0.32,-14892507.0,12031000.0,0.88,2.444,42377.0,0.55,,44.01,吉祥航空,30.644,,2169005268.0,0,9.96,沪市主板
SH600517,24.724378251699243,0.0,2.3116,11,1.21,False,0.01,1.196,5718435744.0,5.0,2.63,20.2632,-14.39,28592178720.0,1790697600000.0,28592178720.0,2.74,100.0,11.16260870997861,846.43,0.2,5.757465926596894,128109337.0,0.06,1065715200000.0,0.45,9035190.0,25576500.0,1.58,1.196,42275.0,0.45,,102.06,国网英大,11.068,,5718435744.0,0,4.94,沪市主板
SH600336,62.997035453712314,0.0,0.7826,11,-1.29,False,0.01,2.375,798014769.0,6.14,3.22,6.7118,-25.3,4899810682.0,1790697600000.0,4899810682.0,,100.0,-12.973067870997737,43.37,0.66,-14.137969806359152,35452626.0,-0.08,978019200000.0,-0.37,2170637.0,5749000.0,1.29,2.375,42259.0,0.72,,60.44,澳柯玛,-16.643,,798014769.0,0,6.22,沪市主板
SH600576,-26.564325733949367,0.0,4.5131,11,-2.08,False,0.01,2.113,660390083.0,5.19,2.83,13.7701,-16.83,3427424531.0,1790697600000.0,5473106404.0,,100.0,2.6183428495699426,42.21,-0.19,20.50841693486054,34833828.0,-0.11,1045670400000.0,0.07,-7133544.0,6652400.0,1.38,2.113,42147.0,1.01,,81.05,祥源文旅,76.061,,1054548440.0,0,5.3,沪市主板
SH600288,,0.0,2.5584,11,-1.45,False,0.01,2.222,436800000.0,10.21,3.19,,-31.7,4459728000.0,1790697600000.0,4459728000.0,0.235,100.0,9.658858376968,34.14,0.1,-9.23822734157076,108315642.0,-0.15,975427200000.0,0.42,-6182799.0,10519397.0,1.17,2.222,42144.0,2.41,,307.22,大恒科技,24.056,,436800000.0,0,10.36,沪市主板
SH600231,47.29423103192918,0.0,0.3014,11,0.0,False,0.01,1.482,2836383381.0,1.69,4.73,,-21.03,4793487914.0,1790697600000.0,4853787114.0,,100.0,-42.98794290950641,85.67,0.6,-6.525736948638617,45255463.0,0.0,957974400000.0,-0.62,-1060472.0,26679090.0,0.51,1.482,41929.0,0.94,,60.93,凌钢股份,-2.716,,2872063381.0,0,1.69,沪市主板
SH603117,-76.90112904660643,,10.0781,11,-0.76,False,0.01,2.293,599197742.0,3.94,3.78,30.0045,-16.53,2360839103.0,,2360839103.0,,100.0,0.37192680825269026,-31.57,0.25,-17.00484673819457,35301873.0,-0.03,1435507200000.0,0.01,1964471.0,8902300.0,1.09,2.292,41929.0,1.49,,44.01,万林物流,617.649,,599197742.0,0,3.97,沪市主板
SH603912,,0.0,6.4524,11,-2.62,False,0.01,2.775,542326290.0,8.56,5.12,,-0.12,4642313042.0,1790697600000.0,4642313042.0,,100.0,-5.921840240185391,149.56,0.35,3.0131683745547866,101687388.0,-0.23,1509465600000.0,-0.19,5045616.0,11758320.0,0.52,2.772,41902.0,2.17,,43.98,佳力图,-44.239,,542326290.0,0,8.79,沪市主板
SH603477,-39.86085842506291,0.0,0.9172,11,-4.38,False,0.01,2.89,510070813.0,13.75,5.01,21.7976,-20.01,7013473679.0,1790697600000.0,7190969830.0,0.138,100.0,-32.779492831299784,113.28,0.07,23.73765542689221,162087685.0,-0.63,1513526400000.0,-1.89,-21369441.0,11615551.0,1.11,2.89,41894.0,2.28,,44.09,巨星农牧,-7.27,,522979624.0,0,14.38,沪市主板
SH603456,-19.557044976085592,0.0,2.7461,11,-2.39,False,0.01,1.608,875544908.0,16.35,4.48,9.3408,-7.32,14315159246.0,1790697600000.0,14315159246.0,1.223,100.0,6.718866581796208,274.63,0.0,-3.6447220732858665,369070587.0,-0.4,1412870400000.0,0.68,-338158.0,22428473.0,0.94,1.634,41878.0,2.56,,44.01,九洲药业,24.196,,875544908.0,0,16.75,沪市主板
SH600425,-12.27492212814042,0.0,1.5797,11,-1.63,False,0.01,0.906,1604703707.0,3.63,2.71,8.1615,-10.2,5825074456.0,1790697600000.0,5825074456.0,2.755,100.0,4.559882603576321,207.73,0.0,-8.372346742696324,52064755.0,-0.06,1058976000000.0,0.18,-13532060.0,14247901.0,0.85,0.906,41833.0,0.89,,87.44,青松建化,20.027,,1604703707.0,0,3.69,沪市主板
SH600848,28.110392146432783,0.0,2.8856,11,-1.44,False,0.01,1.344,2393912273.0,8.92,2.76,33.782,-21.71,21353697475.0,1790697600000.0,22500584076.0,2.242,100.0,7.863389710476164,34.72,0.45,2.159034999879572,169468925.0,-0.13,764438400000.0,0.51,16840413.0,18873160.0,1.51,1.343,41793.0,0.79,,421.43,上海临港,17.494,,2522487004.0,0,9.05,沪市主板
SH600965,-33.40887373108339,,1.7478,11,-0.39,False,0.01,0.954,818700955.0,2.56,2.72,13.663,-56.97,2095874445.0,,2095874445.0,,100.0,1.81674802964239,9.02,-0.39,5.897229373984358,9012111.0,-0.01,1089648000000.0,0.05,-825472.0,3485400.0,0.91,0.954,41738.0,0.43,,61.27,*ST福成,52.99,,818700955.0,0,2.57,沪市主板
SH603929,111.63321914027247,0.0,5.0946,11,-1.19,False,0.01,12.314,213360000.0,137.8,6.24,44.7094,47.15,29401008000.0,1790697600000.0,29401008000.0,2.395,100.0,58.129510362180994,2266.32,0.04,32.380805617847265,342509383.0,-1.66,1483027200000.0,5.73,-5959607.0,2427630.0,1.07,12.314,41644.0,1.14,,43.93,亚翔集成,24.066,,213360000.0,0,139.46,沪市主板
SH603067,22.507713314831612,0.0,5.6402,11,-4.45,False,0.01,6.714,755525404.0,38.46,5.27,145.4969,34.04,29057507038.0,1790697600000.0,29057507038.0,0.416,100.0,17.401975737993506,1238.2,0.0,16.25998360722032,965136200.0,-1.79,1473696000000.0,0.89,-33175167.0,24840834.0,0.61,6.714,41540.0,3.29,,44.05,振华股份,43.414,,755525404.0,0,40.25,沪市主板
SH600603,-68.56761111119702,0.0,2.3203,11,-1.46,False,0.01,0.748,1153799951.0,4.74,3.33,5.3878,-23.79,5469011768.0,1790697600000.0,5469011768.0,,100.0,1.6592955881744773,919.79,0.0,-25.502732524214856,44275059.0,-0.07,695232000000.0,0.1,-2151068.0,9259971.0,1.13,0.762,41524.0,0.8,,1.05,广汇物流,45.286,,1153799951.0,0,4.81,沪市主板
SH600289,-18.833466206938244,,3.7643,11,9.77,False,0.01,3.617,565922684.0,4.83,9.77,,-27.26,2733406564.0,,3047981493.0,,100.0,-48.6325829010211,-44.59,-0.21,139.3418688237821,50038019.0,0.43,964022400000.0,-0.77,4875633.0,10462770.0,5.39,3.617,41506.0,1.85,,248.41,ST信通,-6.261,,631052069.0,0,4.4,沪市主板
SH603197,3.2021263281432732,0.0,0.6503,11,-1.0,False,0.01,1.86,211152127.0,28.81,4.4,10.7743,-20.58,6083292779.0,1790697600000.0,6166078314.0,1.978,100.0,10.1856014516952,40.08,0.07,20.713000815024785,80950654.0,-0.29,1495123200000.0,1.6,7741326.0,2776379.0,1.55,1.86,41416.0,1.31,,43.99,保隆科技,18.042,,214025627.0,0,29.1,沪市主板
SH600748,,0.0,2.3787,11,-0.24,False,0.01,0.74,1844562892.0,4.09,4.15,4.3401,-24.54,7544262228.0,1790697600000.0,7544262228.0,,100.0,-1.1827863963482972,172.94,0.0,-34.318843337777636,92934912.0,-0.01,843580800000.0,-0.07,-5483515.0,22531410.0,1.01,0.74,41244.0,1.22,,110.74,上实发展,-62.264,,1844562892.0,0,4.1,沪市主板
SH600351,17.754567936092002,0.0,2.1016,11,0.0,False,0.01,1.673,692000046.0,6.82,2.64,7.8745,14.09,4719440314.0,1790697600000.0,4719440314.0,8.065,100.0,11.501169985017176,288.98,0.15,-8.201403075520897,133823311.0,0.0,1032969600000.0,0.47,-3967733.0,19523433.0,1.08,1.673,41227.0,2.82,,223.96,亚宝药业,14.602,,692000046.0,0,6.82,沪市主板
SH688322,,0.0,35.0407,82,-5.18,False,0.01,8.273,320263792.0,80.03,5.78,2691.4934,-10.75,25630711274.0,1790697600000.0,33039163602.0,,1.0,3.1580899775124993,77.84,0.0,37.96294201341346,441807085.0,-4.37,1657123200000.0,0.26,-6867641.0,5410799.0,1.18,8.241,41203.0,1.69,,38.85,奥比中光-W,302.112,,412834732.0,0,84.4,科创板
SH600794,,0.0,6.8687,11,-0.31,False,0.01,1.526,1200152157.0,3.18,2.19,10.2685,-17.96,3816483859.0,1790697600000.0,3816483859.0,0.629,100.0,-3.6188828160412854,464.13,0.32,-29.115204604669465,31136088.0,-0.01,857577600000.0,-0.08,-3622775.0,9748420.0,1.03,1.526,41095.0,0.81,,0.0,保税科技,-41.208,,1200152157.0,0,3.19,沪市主板
SH603936,-74.89754066244538,0.0,3.2426,11,-2.07,False,0.01,2.872,630398004.0,18.95,9.41,39.0389,49.28,11946042176.0,1790697600000.0,12229344676.0,0.053,100.0,-1.9146796202687826,228.22,0.21,10.678086040016188,664024048.0,-0.4,1449590400000.0,-0.13,-23545948.0,33931668.0,0.71,2.871,41070.0,5.38,,44.04,博敏电子,-148.104,,645348004.0,0,19.35,沪市主板
SH603085,135.29061040215478,,1.1877,11,4.32,False,0.01,4.044,397100000.0,10.15,7.71,8.7162,-14.35,4030565000.0,,4030565000.0,,100.0,12.142704081061954,155.26,0.0,40.97626407897137,153108766.0,0.42,1435593600000.0,0.28,19889970.0,15066600.0,3.93,4.044,40859.0,3.79,,44.02,天成自控,35.915,,397100000.0,0,9.73,沪市主板
SH603859,-5.10280285358774,0.0,6.2319,11,-5.28,False,0.01,2.274,244697701.0,35.72,7.69,82.951,-14.9,8740601880.0,1790697600000.0,9515775459.0,0.232,100.0,5.837510888432851,497.02,0.42,2.8687842618630333,187623842.0,-1.99,1476979200000.0,0.79,-13426845.0,5183888.0,1.17,2.29,40748.0,2.12,,44.03,能科科技,45.378,,266399089.0,0,37.71,沪市主板
SH600353,24.83183462901428,0.0,12.9243,11,-3.94,False,0.01,11.96,828811159.0,27.55,6.0,942.3967,71.41,22833747430.0,1790697600000.0,22833747430.0,0.254,100.0,9.034488094668461,1689.54,0.04,13.191322116826832,871435351.0,-1.13,1037721600000.0,0.2,1994193.0,31233759.0,0.63,11.96,40683.0,3.77,,117.05,旭光电子,135.118,,828811159.0,0,28.68,沪市主板
SH600283,2.435176477580425,0.0,1.721,11,-0.12,False,0.01,1.373,560824898.0,8.03,1.12,17.5375,-9.71,4503423931.0,1790697600000.0,4503423931.0,3.113,100.0,6.925933701281413,84.17,0.0,6.779593053610977,14839878.0,-0.01,971798400000.0,0.39,-1218895.0,1847408.0,0.93,1.373,40674.0,0.33,,100.83,钱江水利,20.614,,560824898.0,0,8.04,沪市主板
SH600301,47.285793198050484,0.0,5.0891,11,-2.25,False,0.01,6.051,275335681.0,48.71,2.23,20.5007,27.88,13411601022.0,1790697600000.0,30812361902.0,0.801,100.0,20.114035766629062,581.53,0.14,25.499434657966557,429611609.0,-1.12,963331200000.0,1.51,-21242269.0,8819722.0,0.65,6.051,40604.0,3.2,,172.26,华锡有色,32.34,,632567479.0,0,49.83,沪市主板
SH688234,,0.0,31.3451,82,-1.81,False,0.01,6.987,429711044.0,102.5,10.93,,15.32,44045382010.0,1790697600000.0,49673400760.0,,1.0,-4.46688065488226,31.44,0.03,10.468501549758402,1081170439.0,-1.89,1641916800000.0,-0.57,32366265.0,10133229.0,1.08,6.987,40568.0,2.36,,3.27,天岳先进,-178.8,,484618544.0,0,104.39,科创板
SH603529,-15.97755155418863,0.0,0.8417,11,2.97,False,0.01,2.019,850766217.0,22.89,4.9,33.1303,-19.46,19474038707.0,1790697600000.0,19782645510.0,4.072,100.0,14.956208650954899,39.21,-0.09,1.5514724773379562,294079417.0,0.66,1623686400000.0,1.72,25575644.0,12950919.0,2.24,2.019,40555.0,1.52,,44.01,爱玛科技,13.304,,864248384.0,0,22.23,沪市主板
SH600058,-82.67254713613733,0.0,0.1869,11,1.88,False,0.01,1.933,1071910711.0,8.68,3.29,8.2524,-24.42,9304184971.0,1790697600000.0,9304184971.0,0.392,100.0,-1.2208951644936716,120.56,0.23,-15.97508412844386,63858515.0,0.16,864748800000.0,-0.08,-435485.0,7364884.0,0.68,1.933,40551.0,0.69,,0.0,五矿发展,-112.376,,1071910711.0,0,8.52,沪市主板
SH603757,-45.89747724559705,0.0,6.9798,11,-1.64,False,0.01,6.169,186547259.0,69.61,4.65,92.2631,57.63,12985554699.0,1790697600000.0,12985554699.0,0.431,100.0,3.9390919133999773,561.45,0.01,-1.5501311171988719,416382561.0,-1.16,1499702400000.0,0.4,-6928442.0,5939707.0,0.72,6.169,40503.0,3.18,,43.98,大元泵业,172.313,,186547259.0,0,70.77,沪市主板
SH601038,-6.082010786799263,0.0,1.3143,11,0.51,False,0.01,1.884,731705275.0,13.78,4.01,9.802,-0.63,10082898690.0,1790697600000.0,15483831890.0,1.938,100.0,10.371177668187274,97.09,-0.07,2.223164066922978,64398062.0,0.07,1344355200000.0,0.73,-594857.0,4659500.0,0.7,1.884,40485.0,0.64,,63.89,一拖股份,18.764,,1123645275.0,0,13.71,沪市主板
SH600987,0.7698809515848781,0.0,0.7004,11,0.16,False,0.01,0.952,1020818873.0,6.29,1.11,5.8368,-5.25,6420950711.0,1790697600000.0,6420950711.0,3.975,100.0,10.979768445695726,562.04,0.0,-7.460104085905217,22349294.0,0.01,1091980800000.0,0.71,-2320243.0,3547533.0,1.1,0.952,40481.0,0.35,,6.25,航民股份,8.913,,1020818873.0,0,6.28,沪市主板
SH600131,-11.604750854909051,0.0,1.712,11,-2.08,False,0.01,2.745,1195905149.0,15.07,3.83,35.0104,-5.68,18022290595.0,1790697600000.0,18038574032.0,0.763,100.0,9.788713816163924,438.39,-0.26,10.496927638357544,334326359.0,-0.32,891446400000.0,0.52,-7733584.0,22304931.0,2.53,2.748,40397.0,1.87,,0.0,国网信通,28.961,,1196985669.0,0,15.39,沪市主板
SH601218,14.579788686755002,0.0,3.4172,11,-2.14,False,0.01,1.889,969033512.0,5.95,6.25,14.4897,18.21,5765749396.0,1790697600000.0,5765749396.0,0.588,100.0,5.782159931380937,-23.61,-0.5,12.125743348766104,1145711113.0,-0.13,1304611200000.0,0.18,4135845.0,188108521.0,0.91,1.889,40380.0,19.41,,-11.24,吉鑫科技,33.371,,969033512.0,0,6.08,沪市主板
SH600582,-28.438257368294696,0.0,0.7414,11,1.22,False,0.01,0.817,4138588892.0,4.96,1.84,146.7074,-10.04,20527400904.0,1790697600000.0,20527400904.0,6.048,100.0,4.376244581746903,683.2,0.2,-4.551713992065476,102993997.0,0.06,1021392000000.0,0.27,12883996.0,20847263.0,1.45,0.817,40323.0,0.5,,123.88,天地科技,18.633,,4138588892.0,0,4.9,沪市主板
SH601388,114.0200927732657,0.0,0.8669,11,-0.31,False,0.01,1.481,2201222616.0,3.17,1.89,,6.06,6977875693.0,1790697600000.0,6977875693.0,0.789,100.0,7.924156540608733,26.31,0.0,7.976612872233613,56082786.0,-0.01,1335110400000.0,0.17,1674818.0,17659694.0,0.82,1.481,40301.0,0.8,,16.46,怡球资源,19.07,,2201222616.0,0,3.18,沪市主板
SH605009,-18.165655321170593,0.0,1.3651,11,-1.53,False,0.01,1.602,214957453.0,25.13,2.23,8.1361,-15.88,5401880794.0,1790697600000.0,5401880794.0,3.366,100.0,7.082590722536818,-17.22,0.04,14.928454187441487,32222145.0,-0.39,1599753600000.0,1.1,-2042032.0,1276512.0,1.07,1.602,40277.0,0.59,,43.99,豪悦护理,22.759,,214957453.0,0,25.52,沪市主板
SH688676,14.290011432581974,0.0,3.6531,82,-0.26,False,0.01,5.511,459787393.0,61.15,4.18,82.1093,-31.58,28115999082.0,1790697600000.0,28115999082.0,1.47,1.0,14.253808679871607,133.23,0.41,7.241682887026379,377451206.0,-0.16,1615219200000.0,1.52,-211721.0,6102880.0,1.03,5.51,40234.0,1.33,,141.09,XD金盘科,40.324,,459787393.0,0,61.31,科创板
SH603128,-8.378932105181446,0.0,0.3729,11,0.74,False,0.01,1.101,1309046494.0,5.41,2.23,29.1764,-7.5,7081941533.0,1790697600000.0,7081941533.0,4.14,100.0,7.631949694808983,140.75,0.0,11.170611384928296,56485743.0,0.04,1338220800000.0,0.37,-3216625.0,10411723.0,0.92,1.101,40227.0,0.8,,20.87,华贸物流,14.701,,1309046494.0,0,5.37,沪市主板
SH600992,34.26270199266583,,1.2801,11,1.86,False,0.01,1.848,245090000.0,10.39,3.43,,-23.43,2546485100.0,,2546485100.0,,100.0,-2.6741688012916844,81.64,0.48,-5.062644918050663,87517968.0,0.19,1084464000000.0,-0.15,-716121.0,8468533.0,0.96,1.848,40177.0,3.46,,32.57,贵绳股份,-68.194,,245090000.0,0,10.2,沪市主板
SH600971,-51.015968825788164,0.0,1.5331,11,2.93,False,0.01,0.862,1200004884.0,8.43,3.91,4.5586,39.61,10116041172.0,1790697600000.0,10116041172.0,2.942,100.0,0.8343838840867195,655.04,0.24,0.960941188494191,129833438.0,0.24,1092672000000.0,0.08,459273.0,15500393.0,1.5,0.862,40154.0,1.29,,72.57,恒源煤电,102.492,,1200004884.0,0,8.19,沪市主板
SH600843,,0.0,1.214,11,-1.85,False,0.01,1.997,469222730.0,7.44,4.22,,-40.67,3491017111.0,1790697600000.0,5305958611.0,,100.0,-4.358830015788417,94.47,0.13,5.018442426175129,150676882.0,-0.14,763315200000.0,-0.17,376090.0,19994180.0,0.5,1.997,40137.0,4.26,,137.76,上工申贝,-43.25,,713166480.0,0,7.58,沪市主板
SH600327,,,1.2293,11,-1.29,False,0.01,1.206,884779518.0,3.83,3.09,14.2782,-22.63,3388705554.0,,3388705554.0,,100.0,-9.003939761664002,248.63,0.0,-12.557362271129458,40721445.0,-0.05,1024934400000.0,-0.32,-6055218.0,10575912.0,0.9,1.206,40125.0,1.2,,91.38,大东方,-12.141,,884779518.0,0,3.88,沪市主板
SH688223,,0.0,0.6647,82,-1.04,False,0.01,1.67,10239690997.0,3.79,2.61,5.9757,-32.8,38808428879.0,1790697600000.0,38808428879.0,,1.0,-26.340601707875045,-53.83,0.53,-24.59919447837111,257191659.0,-0.04,1643126400000.0,-0.69,-23333353.0,67574686.0,1.02,1.674,40106.0,0.66,,111.0,晶科能源,-5.505,,10239690997.0,0,3.83,科创板
SH600345,,0.0,14.9502,11,-4.86,False,0.01,3.65,211559297.0,46.42,6.07,,34.22,9820582567.0,1790697600000.0,15300595167.0,0.237,100.0,17.493181560662144,110.35,-0.06,13.915851372729104,346090436.0,-2.37,977414400000.0,2.03,-19196116.0,7370067.0,0.92,3.65,40071.0,3.48,,476.77,长江通信,22.813,,329612132.0,0,48.79,沪市主板
SH600715,,0.0,25.9012,11,-2.44,False,0.01,6.084,2862372241.0,1.6,4.27,279.9875,-26.61,4579795586.0,1790697600000.0,6495765600.0,,100.0,-6.346624087853938,-14.36,0.0,-31.415420789931648,54347657.0,-0.04,836150400000.0,-0.02,-9527165.0,33674100.0,0.59,6.084,39941.0,1.18,,79.45,文投控股,-93.486,,4059853500.0,0,1.64,沪市主板
SH601011,,0.0,8.8029,11,2.41,False,0.01,1.063,1915664539.0,2.97,4.83,27.3081,-12.65,5689523681.0,1790697600000.0,5689523681.0,,100.0,-9.63430886259859,-71.11,0.34,-45.28339981712737,157274819.0,0.07,1299600000000.0,-0.28,3294445.0,52935800.0,1.37,1.063,39934.0,2.76,,43.06,宝泰隆,-10.587,,1915664539.0,0,2.9,沪市主板
SH600959,-26.942484126528086,0.0,2.0613,11,-0.64,False,0.01,0.684,5000717686.0,3.09,1.93,15.8609,-9.7,15452217650.0,1790697600000.0,15452217650.0,0.518,100.0,0.7063510476126699,-33.12,0.0,-2.5073052732372147,57823766.0,-0.02,1430150400000.0,0.03,-3379136.5999999996,18648580.0,0.71,0.684,39887.0,0.37,,44.06,江苏有线,96.74,,5000717686.0,0,3.11,沪市主板
SH603098,15.131339326293492,0.0,2.2559,11,-0.47,False,0.01,2.013,538799978.0,10.6,3.47,,-23.14,5711279767.0,1790697600000.0,5718911767.0,0.943,100.0,3.283870702664968,3.65,0.0,-15.34374207297854,27976675.0,-0.05,1481817600000.0,0.17,-3657611.0,2635280.0,1.0,2.013,39878.0,0.49,,44.01,森特股份,61.702,,539519978.0,0,10.65,沪市主板
SH600073,,0.0,0.2237,11,-1.27,False,0.01,1.091,937729472.0,5.46,2.35,,-14.69,5120002917.0,1790697600000.0,5120002917.0,,100.0,-4.085771874770447,177.38,0.18,1.6770058145135325,51119163.0,-0.07,867945600000.0,-0.22,-7475401.0,9320000.0,1.29,1.091,39769.0,0.99,,0.0,光明肉业,-25.371,,937729472.0,0,5.53,沪市主板
SH601101,-6.45453079192686,0.0,2.2429,11,3.3,False,0.01,1.523,1439997926.0,13.15,3.93,7.4635,87.36,18935972727.0,1790697600000.0,18935972727.0,2.738,100.0,6.6437350461022655,56.26,0.08,1.3608168279787503,285912296.0,0.42,1269964800000.0,0.56,-4743762.0,21987194.0,1.49,1.523,39696.0,1.53,,30.74,昊华能源,23.412,,1439997926.0,0,12.73,沪市主板
SH600088,-53.19478468187411,0.0,4.9248,11,-2.02,False,0.01,4.273,397706400.0,13.09,2.62,,-18.94,5205976776.0,1790697600000.0,5205976776.0,0.168,100.0,-5.174193359940636,136.49,0.08,0.3388999946928317,120339293.0,-0.27,866390400000.0,-0.16,-7331019.0,9168518.0,0.44,4.273,39646.0,2.31,,0.0,中视传媒,-80.08,,397706400.0,0,13.36,沪市主板
SH600569,,0.0,0.1729,11,-2.75,False,0.01,5.267,2872421386.0,1.77,4.4,,-21.33,5084185853.0,1790697600000.0,5084185853.0,,100.0,-93.56051669127748,-29.27,-0.56,-11.8791718539212,36539886.0,-0.05,998236800000.0,-0.6,-542054.0,20321601.0,0.7,5.268,39629.0,0.71,,0.74,安阳钢铁,-2.963,,2872421386.0,0,1.82,沪市主板
SH688390,,0.0,1.2043,82,-1.1,False,0.01,4.348,243123131.0,54.75,3.31,15.8352,-11.88,13310991422.0,1790697600000.0,13310991422.0,,1.0,15.176757612123692,34.82,0.4,22.7422924801296,349122563.0,-0.61,1599148800000.0,1.8,7184956.0,6389571.0,1.28,4.348,39550.0,2.63,,255.92,固德威,30.392,,243123131.0,0,55.36,科创板
SH688775,-59.68858501601915,,3.0987,82,-0.71,False,0.01,6.821,259358231.0,89.54,3.88,,-61.81,23222936004.0,,35905540000.0,0.262,1.0,8.206565485341727,-50.71,0.32,59.08322417135812,343877602.0,-0.64,1749571200000.0,1.1,4256311.0,3809617.0,0.93,6.821,39532.0,1.47,,274.44,影石创新,81.689,,401000000.0,0,90.18,科创板
SH603611,-18.51780443902422,0.0,0.5945,11,2.78,False,0.01,1.323,257600791.0,15.9,3.88,7.6678,-32.26,4095852577.0,1790697600000.0,4095852577.0,5.239,100.0,10.673301143611651,165.96,0.06,0.6777015531168384,49330409.0,0.43,1422374400000.0,1.26,7099355.0,3103100.0,2.59,1.323,39496.0,1.2,,43.98,诺力股份,12.595,,257600791.0,0,15.47,沪市主板
SH601677,29.588162433584706,0.0,0.5087,11,-0.68,False,0.01,0.982,1243290627.0,16.06,1.55,21.706,10.0,19967247470.0,1790697600000.0,19967247470.0,1.961,100.0,12.583831706776675,42.71,-0.25,18.184223724703163,230430027.0,-0.11,1316361600000.0,1.95,-1387163.0,14263840.0,0.69,0.982,39448.0,1.15,,-8.7,明泰铝业,8.229,,1243290627.0,0,16.17,沪市主板
SH603777,,,1.2712,11,3.93,False,0.01,3.165,334424166.0,14.03,5.48,59.0377,2.18,4691971049.0,,4691971049.0,,100.0,-12.884325301438551,47.4,0.5,-3.5633709723595586,100820629.0,0.53,1476201600000.0,-0.61,9654122.0,7246101.0,0.95,3.165,39381.0,2.17,,43.96,来伊份,-23.178,,334424166.0,0,13.5,沪市主板
SH600761,-8.573656422631448,0.0,0.632,11,0.47,False,0.01,1.204,890692761.0,14.92,1.41,8.0017,-26.04,13289135994.0,1790697600000.0,13289135994.0,4.021,100.0,9.964369884652676,2135.54,-0.07,9.002766923684579,86451311.0,0.07,844790400000.0,1.21,-46070.0,5770233.0,0.92,1.204,39347.0,0.65,,98.08,安徽合力,12.316,,890692761.0,0,14.85,沪市主板
SH600526,14.629197525878457,,0.8607,11,1.51,False,0.01,0.893,880480640.0,4.7,2.59,6.818,-10.28,4138259008.0,,4175827048.0,2.234,100.0,7.021571812668567,-3.23,0.21,3.0251776179234025,41584608.0,0.07,1027267200000.0,0.36,3555078.0,8853487.0,1.52,0.893,39275.0,1.01,,156.25,菲达环保,13.133,,888473840.0,0,4.63,沪市主板
SH600613,-23.414145849206424,,2.3806,11,0.12,False,0.01,1.908,479319978.0,8.2,7.08,24.9648,37.05,3930423820.0,,4379387350.0,0.854,100.0,1.1892723074043856,-14.26,0.12,-9.705867877401763,627808170.0,0.01,714240000000.0,0.05,49567372.0,74776200.0,1.0,1.908,39210.0,15.6,,306.94,神奇制药,159.823,,534071628.0,0,8.19,沪市主板
SH600594,,,1.8061,11,-1.37,False,0.01,1.336,784393900.0,3.59,3.3,18.7364,-9.8,2815974101.0,,2815974101.0,,100.0,-17.040432362440008,124.01,0.28,-22.890766605846892,58842674.0,-0.05,1079971200000.0,-0.5,-3992503.0,16267100.0,0.92,1.349,39116.0,2.07,,85.21,益佰制药,-7.22,,784393900.0,0,3.64,沪市主板
SH688629,69.20330589043375,0.0,17.0049,82,-3.85,False,0.01,15.527,460992831.0,97.45,6.32,74.8314,-2.5,44923751381.0,1790697600000.0,45631446437.0,0.119,1.0,15.611766561577978,365.41,0.22,47.230107977043346,948816483.0,-3.9,1687795200000.0,0.76,-29169008.0,9526916.0,0.91,15.527,38943.0,2.07,,149.57,华丰科技,128.463,,468254966.0,0,101.35,科创板
SH600137,5.612103631310261,,4.4776,11,0.39,False,0.01,3.231,97217588.0,18.1,2.88,36.0513,-4.72,1759638343.0,,1759638343.0,1.105,100.0,5.652062895598255,73.2,-0.17,0.9117215833354564,21325277.0,0.07,892656000000.0,0.31,-70742.0,1173300.0,0.92,3.231,38941.0,1.21,,0.0,浪莎股份,57.745,,97217588.0,0,18.03,沪市主板
SH600764,-38.85182544308956,0.0,3.7856,11,-0.44,False,0.01,1.575,710629386.0,18.31,4.19,52.9384,-32.87,13011624058.0,1790697600000.0,13011624058.0,0.382,100.0,0.9855432572922826,1207.3,0.0,-2.948871378261264,125905090.0,-0.08,847036800000.0,0.11,5098473.0,6766616.0,1.53,1.575,38931.0,0.95,,89.0,中国海防,159.985,,710629386.0,0,18.39,沪市主板
SH601139,6.063714556564848,0.0,0.6423,11,4.16,False,0.01,1.116,2876744455.0,6.51,4.0,4.2959,1.25,18727606402.0,1790697600000.0,18727606402.0,2.458,100.0,9.522916951837356,33.16,0.15,-2.6228764237799074,204198269.0,0.26,1261670400000.0,0.54,39205722.0,31790725.0,2.52,1.131,38887.0,1.11,,118.27,深圳燃气,12.095,,2876744455.0,0,6.25,沪市主板
SH600666,-69.9336158462285,0.0,15.733,11,-0.63,False,0.01,7.754,2571845679.0,3.14,2.53,116.5844,-6.55,8075595432.0,1790697600000.0,8639136617.0,,100.0,7.15125534338105,278.68,-0.32,25.179519169034116,121996638.0,-0.02,742406400000.0,0.03,5687790.0,38549636.0,0.64,7.755,38887.0,1.5,,1360.0,奥瑞德,119.939,,2751317394.0,0,3.16,沪市主板
SH600470,,,0.4604,11,1.1,False,0.01,1.986,521600000.0,5.51,1.83,,-7.86,2874016000.0,,2874016000.0,,100.0,-30.476979710257897,41.33,-0.18,-4.520866414929148,61254455.0,0.06,1078416000000.0,-0.92,-1087809.0,11095237.0,0.82,1.986,38865.0,2.13,,105.71,六国化工,-6.021,,521600000.0,0,5.45,沪市主板
SH601969,8.123306113030072,0.0,3.8177,11,1.79,False,0.01,2.533,1972476616.0,9.08,3.36,13.1289,-23.05,17910087673.0,1790697600000.0,18019344907.0,1.762,100.0,9.372487487606799,-22.36,0.11,2.0444511978896296,98011057.0,0.16,1418054400000.0,0.34,6442070.0,10828200.0,1.23,2.533,38764.0,0.55,,44.0,海南矿业,27.098,,1984509351.0,0,8.92,沪市主板
SH600182,10.248420355790566,,0.8722,11,-1.05,False,0.01,3.864,170000000.0,12.27,1.85,6.7364,-15.73,2085900000.0,,4171800000.0,4.645,100.0,19.69654991419624,207.17,-0.24,4.225467973231689,11656168.0,-0.13,926006400000.0,0.62,-808450.0,941400.0,0.71,3.864,38699.0,0.55,,0.0,S佳通,19.776,,340000000.0,0,12.4,沪市主板
SH600439,,,1.5549,11,0.0,False,0.01,0.835,1131985440.0,1.84,2.17,6.6245,-33.57,2082853210.0,,2082853210.0,,100.0,-3.386332058023279,96.83,0.0,4.368978170571736,13188428.0,0.0,1057766400000.0,-0.08,3358382.0,7128660.0,1.05,0.835,38661.0,0.63,,47.98,ST瑞贝卡,-24.002,,1131985440.0,0,1.84,沪市主板
SH600269,-33.39489920009685,0.0,1.5218,11,0.26,False,0.01,0.464,2335407014.0,3.82,1.05,3.4686,-23.33,8921254793.0,1790697600000.0,8921254793.0,4.45,100.0,3.782821954187517,201.57,0.26,-10.20268507545955,49800637.0,0.01,958579200000.0,0.31,5082662.0,13022587.0,1.13,0.464,38582.0,0.56,,61.82,赣粤高速,12.333,,2335407014.0,0,3.81,沪市主板
SH600389,24.772761686112222,0.0,1.2434,11,0.34,False,0.01,1.798,430650000.0,17.95,2.79,50.8127,-28.71,7730167500.0,1790697600000.0,7730167500.0,1.671,100.0,13.07688285938049,385.48,0.06,8.580414111500367,97389179.0,0.06,979056000000.0,1.26,-4636626.0,5410640.0,0.83,1.798,38561.0,1.26,,206.29,江山股份,14.225,,430650000.0,0,17.89,沪市主板
SH600730,356.1314836767285,,83.5502,11,2.46,False,0.01,3.077,586656002.0,8.76,5.15,,-19.93,5139106578.0,,5139106578.0,,100.0,-7.54341881108276,226.77,0.11,-25.37644855553983,61443460.0,0.21,838310400000.0,-0.22,2038236.0,7044900.0,0.97,3.077,38560.0,1.2,,216.25,*ST高科,-39.257,,586656002.0,0,8.55,沪市主板
SH688016,5.433325007109224,0.0,7.2019,82,-2.25,False,0.01,2.419,123262117.0,83.56,2.84,18.9318,-7.93,10299782497.0,1790697600000.0,10299782497.0,2.699,1.0,13.780172240734442,-4.28,-0.11,8.130513739849231,82758474.0,-1.92,1563724800000.0,4.63,-2460773.0,980737.0,1.1,2.419,38559.0,0.8,,242.42,心脉医疗,18.037,,123262117.0,0,85.48,科创板
SH600640,67.31690352301544,0.0,5.3391,11,-2.77,False,0.01,2.473,791551340.0,12.28,4.12,59.2874,-2.07,9720250455.0,1790697600000.0,9720250455.0,0.147,100.0,0.5904413680922522,190.69,0.0,-8.56781502765841,175377040.0,-0.35,734112000000.0,0.03,-9705666.0,14129451.0,0.61,2.473,38500.0,1.79,,-11.97,国脉文化,416.249,,791551340.0,0,12.63,沪市主板
SH600017,-10.499631608610594,0.0,1.1043,11,1.06,False,0.01,0.62,3075653888.0,2.86,2.12,3.6265,-3.22,8796370120.0,1790697600000.0,8796370120.0,2.552,100.0,3.3427586481673455,67.69,-0.35,-0.09107264386105651,95384040.0,0.03,1161014400000.0,0.15,14183249.0,33353339.0,1.33,0.62,38490.0,1.08,,37.23,日照港,18.751,,3075653888.0,0,2.83,沪市主板
SH603988,-54.31453978625572,0.0,6.6407,11,0.18,False,0.01,6.105,235200000.0,17.03,4.06,24.4406,-29.78,4005456000.0,1790697600000.0,4005456000.0,0.264,100.0,0.05678076010578488,173.34,0.24,-10.647747576153765,61469995.0,0.03,1415030400000.0,0.0,1678028.0,3572800.0,1.39,6.105,38385.0,1.52,,44.02,中电电机,10663.829,,235200000.0,0,17.0,沪市主板
SH600071,,0.0,2.7114,11,-3.75,False,0.01,8.499,281573889.0,15.67,5.96,29.4998,-27.12,4412262841.0,1790697600000.0,4412262841.0,,100.0,3.4883743334112394,462.78,0.19,-2.5747312749273443,62738994.0,-0.61,864748800000.0,0.06,-3036767.0,3930476.0,2.18,8.499,38360.0,1.4,,0.0,凤凰光学,249.157,,281573889.0,0,16.28,沪市主板
SH688158,,,6.6378,82,-2.75,False,0.01,5.097,409873908.0,27.23,6.29,47.7311,-3.06,11160866515.0,,12544999356.0,,1.0,-2.034623714054724,-62.15,0.07,11.646293283777464,281403829.0,-0.77,1579449600000.0,-0.11,-6232783.35,10090138.0,1.04,5.097,38100.0,2.46,,119.53,优刻得-W,-253.036,,460705081.0,0,28.0,科创板
SH600956,-9.12169010618098,0.0,1.8007,11,2.4,False,0.01,1.339,2348088677.0,7.26,2.96,4.4973,3.03,17047123795.0,1790697600000.0,32671941854.0,2.755,100.0,6.825638012101357,118.92,0.0,-6.155403150266769,98257860.0,0.17,1593360000000.0,0.38,7647678.0,13572495.0,2.51,1.342,38095.0,0.58,,44.03,新天绿能,19.272,,4500267473.0,0,7.09,沪市主板
SH600573,26.65126318081892,,4.2195,11,6.62,False,0.01,2.011,250000000.0,11.11,9.21,36.673,-5.88,2777500000.0,,2777500000.0,0.9,100.0,6.562086854402178,30.99,0.09,3.126855055574973,241998821.0,0.69,1046188800000.0,0.36,48796909.0,21940597.0,2.32,2.011,38050.0,8.78,,55.78,惠泉啤酒,31.139,,250000000.0,0,10.42,沪市主板
SH603887,,0.0,1.2276,11,0.49,False,0.01,1.411,602029421.0,8.25,5.12,6.2367,-38.98,4966742723.0,1790697600000.0,4966742723.0,,100.0,-3.114481986879738,36.43,0.0,22.03515343142275,128818915.0,0.04,1476028800000.0,-0.18,3603324.0,15416852.0,1.29,1.411,38004.0,2.56,,44.02,城地香江,-44.795,,602029421.0,0,8.21,沪市主板
SH603616,,,2.9716,11,0.0,False,0.01,10.693,387068000.0,5.65,3.19,101.5847,8.86,2186934200.0,,2187781700.0,,100.0,-15.614634710363292,-16.43,0.89,-4.633676378379192,48499624.0,0.0,1433952000000.0,-0.09,-672682.0,8599455.0,0.89,10.693,38001.0,2.22,,43.96,韩建河山,-63.259,,387218000.0,0,5.65,沪市主板
SH600513,-42.36503511490587,0.0,1.5809,11,10.01,False,0.01,3.754,285456270.0,16.6,6.56,80.6938,-8.91,4738574082.0,1790697600000.0,4738574082.0,0.422,100.0,-3.6862452292636703,475.77,0.0,15.08828633472723,745954769.0,1.51,1048003200000.0,-0.17,-41625290.0,45633643.0,6.51,3.754,37972.0,15.99,,135.53,联环药业,-99.17,,285456270.0,1,15.09,沪市主板
SH603267,3.052127315542319,0.0,6.1328,11,-2.28,False,0.01,2.274,231080892.0,45.1,6.07,111.158,-16.78,10421748229.0,1790697600000.0,10421748229.0,0.552,100.0,6.367475152806172,125.25,0.22,-0.9812946243261789,232366782.0,-1.05,1557849600000.0,1.23,4164013.0,5022776.0,0.95,2.274,37949.0,2.17,,44.02,鸿远电子,36.525,,231080892.0,0,46.15,沪市主板
SH600679,20.72687433874274,,2.3762,11,1.23,False,0.01,2.574,343694257.0,10.68,3.6,17.7217,-19.94,3670654665.0,,5289742878.0,0.59,100.0,4.569709278799991,54.76,0.47,9.303330691429945,47174861.0,0.13,750009600000.0,0.19,-236192.0,4445200.0,0.65,2.574,37854.0,1.29,,151.67,上海凤凰,55.919,,495294277.0,0,10.55,沪市主板
SH688303,,0.0,8.4042,82,-1.63,False,0.01,0.898,2132442813.0,15.73,2.88,,-41.35,33543325448.0,1790697600000.0,33543325448.0,,1.0,-4.13028568079097,-78.22,0.0,-49.92875758807948,141731554.0,-0.26,1626883200000.0,-0.74,-3409029.5999999996,8916709.0,1.1,0.903,37844.0,0.42,,184.36,大全能源,-21.263,,2132442813.0,0,15.99,科创板
SH688116,-4.006166795271704,0.0,9.0695,82,0.59,False,0.01,3.268,366532051.0,33.95,4.18,41.2258,-27.84,12443763131.0,1790697600000.0,12443763131.0,0.244,1.0,6.433041245240228,11.5,-0.09,0.9738077394270572,349244592.0,0.2,1569340800000.0,0.67,24427291.0,10146689.0,1.81,3.268,37783.0,2.77,,221.19,天奈科技,50.632,,366532051.0,0,33.75,科创板
SH603716,3.671862217518451,0.0,4.3688,11,-2.65,False,0.01,3.344,225790770.0,16.18,5.05,550.7395,-21.27,3653294659.0,1790697600000.0,3653294659.0,,100.0,-20.21320308156031,47.22,-0.19,-31.93309140822924,145859138.0,-0.44,1477843200000.0,-0.88,6091782.0,8842283.0,0.61,3.344,37650.0,3.92,,44.0,塞力医疗,-18.358,,225790770.0,0,16.62,沪市主板
SH603039,41.317682892820365,0.0,4.388,11,-4.41,False,0.01,3.81,307639146.0,33.2,5.47,29.4974,-25.32,10213619647.0,1790697600000.0,10213619647.0,0.416,100.0,13.800893102486647,602.04,0.15,0.1253703868281164,278591278.0,-1.53,1484236800000.0,1.1,2346817.0,8301978.0,0.57,3.81,37600.0,2.7,,44.03,泛微网络,30.24,,307639146.0,0,34.73,沪市主板
SH600280,103.16749890887498,,1.7447,11,-1.66,False,0.01,13.674,1128334788.0,2.96,3.65,10.5652,-23.12,3339870972.0,,3339870972.0,,100.0,-91.21749996188889,88.86,0.0,-10.968848746318427,70036479.0,-0.05,969897600000.0,-0.37,-6955159.0,23496340.0,0.93,13.672,37593.0,2.08,,157.86,中央商场,-8.091,,1128334788.0,0,3.01,沪市主板
SH600299,200.20621930843436,0.0,1.3957,11,1.71,False,0.01,1.304,3079779257.0,8.35,4.02,8.3482,-5.27,25716156796.0,1790697600000.0,25716156796.0,1.808,100.0,7.218095050390973,56.72,0.12,14.227960694612785,266188542.0,0.14,956160000000.0,0.43,33589708.0,31637441.0,1.23,1.304,37546.0,1.03,,142.12,安迪苏,19.494,,3079779257.0,0,8.21,沪市主板
SH603296,33.484100231090274,0.0,0.6069,11,-2.6,False,0.01,3.424,798596051.0,72.55,3.81,56.6345,13.21,57938143500.0,1790697600000.0,109971509972.0,1.212,100.0,18.542837024414954,82.82,-0.07,30.900342655581127,921391741.0,-1.94,1691424000000.0,3.41,-63429765.5,12545733.0,1.09,3.425,37511.0,1.57,,-9.29,华勤技术,21.292,,1515803032.0,0,74.49,沪市主板
SH600300,20.25986300886298,0.0,1.4256,11,-0.65,False,0.01,1.389,1617142180.0,3.08,1.61,7.9897,-9.47,4980797914.0,1790697600000.0,4980797914.0,3.377,100.0,9.884672863502129,25.51,-0.65,-3.1325365455163845,68092534.0,-0.02,962294400000.0,0.21,-9779212.0,21975530.0,1.01,1.389,37295.0,1.36,,69.84,维维股份,14.426,,1617142180.0,0,3.1,沪市主板
SH600467,-9.733345824056116,,3.0532,11,-2.05,False,0.01,1.015,1460994304.0,2.39,3.69,6.9925,-7.82,3491776387.0,,3491776387.0,0.251,100.0,1.0272011594170356,88.4,0.0,-8.757171965035171,92564754.0,-0.05,1081094400000.0,0.02,-5442514.0,38501038.0,1.26,1.015,37283.0,2.64,,81.71,好当家,99.124,,1460994304.0,0,2.44,沪市主板
SH600033,-0.6714038844961245,0.0,3.3878,11,1.09,False,0.01,0.815,2744400000.0,3.71,1.91,3.7973,-8.34,10181724000.0,1790697600000.0,10181724000.0,3.261,100.0,7.35849206698335,283.22,0.0,-0.9941125445752319,111831895.0,0.04,981648000000.0,0.33,-7820819.0,30167536.0,0.77,0.815,37096.0,1.1,,32.88,福建高速,11.171,,2744400000.0,0,3.67,沪市主板
SH600691,,0.0,0.6956,11,1.47,False,0.01,2.044,2375585952.0,2.76,3.31,9.0017,0.0,6556617228.0,1790697600000.0,6557710188.0,,100.0,-15.820674934825435,130.29,0.0,-12.764914901248204,101128509.0,0.04,753638400000.0,-0.23,7286727.0,36669374.0,0.97,2.044,37085.0,1.54,,1020.0,潞化科技,-11.906,,2375981952.0,0,2.72,沪市主板
SH600729,-22.763895178944725,0.0,0.5711,11,0.16,False,0.01,1.024,192482844.0,18.47,1.3,3.4822,-25.7,3555158129.0,1790697600000.0,8135168332.0,4.283,100.0,9.206730816854328,894.24,0.0,-9.950183390715372,30145696.0,0.03,836236800000.0,1.63,36961.0,1635500.0,0.76,1.024,37053.0,0.85,,498.67,重百集团,11.332,,440453077.0,0,18.44,沪市主板
SH688333,7.399897226278007,0.0,13.1172,82,-4.53,False,0.01,4.89,274322174.0,93.47,7.83,69.9114,-16.09,25640893604.0,1790697600000.0,25640893604.0,0.118,1.0,3.534311926492309,323.63,-0.05,22.872005238643546,812205510.0,-4.43,1563724800000.0,0.65,-59020067.0,8464302.0,0.8,4.89,36933.0,3.09,,94.94,铂力特,143.55,,274322174.0,0,97.9,科创板
SH600548,-22.098335129120848,0.0,2.3013,11,0.49,False,0.01,0.9,1790356127.0,8.16,1.11,4.3987,-4.6,14609305996.0,1790697600000.0,20708905996.0,2.99,100.0,4.109737633151213,269.78,0.25,-2.421402387375804,30837819.0,0.04,1009209600000.0,0.44,240801.0,3783600.0,1.62,0.9,36908.0,0.21,,82.24,深高速,18.685,,2537856127.0,0,8.12,沪市主板
SH600749,30.655398697045634,,14.9085,11,-0.87,False,0.01,2.677,226965517.0,12.54,2.21,91.869,-26.58,2846147583.0,,2846147583.0,,100.0,2.2856627547728303,300.42,-0.08,-2.8949549499181937,47610242.0,-0.11,845308800000.0,0.11,-757368.0,3782500.0,0.81,2.677,36878.0,1.67,,202.5,西藏旅游,118.147,,226965517.0,0,12.65,沪市主板
SH600710,12.021605659659397,0.0,0.116,11,1.33,False,0.01,1.772,1306749434.0,11.43,2.57,5.7649,9.86,14936146031.0,1790697600000.0,14936146031.0,3.631,100.0,17.26876707221125,1292.04,0.09,4.64559874431052,109354419.0,0.15,836150400000.0,1.07,7583068.0,9570156.0,1.41,1.772,36873.0,0.73,,43.01,苏美达,10.679,,1306749434.0,0,11.28,沪市主板
SH600846,-15.554160731749933,0.0,1.2731,11,0.19,False,0.01,1.542,624761516.0,10.68,1.97,24.1739,-17.89,6672452991.0,1790697600000.0,6672452991.0,1.236,100.0,5.920195178436637,830.15,0.0,6.133515873719375,20071762.0,0.02,763315200000.0,0.4,652135.0,1875954.0,1.01,1.542,36867.0,0.3,,353.17,同济科技,26.752,,624761516.0,0,10.66,沪市主板
SH603168,,,5.2374,11,-1.49,False,0.01,1.617,372514005.0,5.95,3.81,,-19.16,2216458330.0,,2216458330.0,,100.0,-16.159765420680955,8.3,0.68,-15.787102346702863,32766898.0,-0.09,1404230400000.0,-0.65,-735662.0,5481920.0,0.87,1.624,36861.0,1.47,,43.98,莎普爱思,-9.194,,372514005.0,0,6.04,沪市主板
SH603105,-40.66392968374471,0.0,6.2962,11,3.53,False,0.01,2.125,500011375.0,8.8,4.71,11.261,-2.09,4400100100.0,1790697600000.0,4400100100.0,2.273,100.0,5.439900178423216,66.5,0.11,-1.3845510497794034,208681405.0,0.3,1531065600000.0,0.24,-8939109.0,24292147.0,0.76,2.125,36797.0,4.86,,44.1,芯能科技,36.807,,500011375.0,0,8.5,沪市主板
SH600449,-30.54567355888873,0.0,1.4015,11,-1.28,False,0.01,0.8,478181042.0,12.32,2.72,7.9021,0.85,5891190437.0,1790697600000.0,5891190437.0,1.299,100.0,1.8328606348294225,642.17,0.08,-32.44197303124028,57854629.0,-0.16,1062086400000.0,0.28,3381664.0,4663200.0,0.83,0.8,36792.0,0.98,,17.01,宁夏建材,43.876,,478181042.0,0,12.48,沪市主板
SH603068,,0.0,5.4533,11,-5.37,False,0.01,3.602,151787319.0,42.44,7.58,,13.14,6441853818.0,1790697600000.0,6441853818.0,0.024,100.0,3.0735973825859806,60.94,0.24,30.398235378957427,485085135.0,-2.41,1555257600000.0,0.35,15143350.0,11196000.0,0.55,3.602,36768.0,7.38,,44.02,博通集成,120.391,,151787319.0,0,44.85,沪市主板
SH600284,-29.226988137720756,0.0,0.3938,11,0.19,False,0.01,0.625,970256000.0,5.15,1.56,9.4512,-38.08,4996818400.0,1790697600000.0,4996818400.0,2.913,100.0,3.246785006853975,99.6,0.19,-15.46763090955967,47894607.0,0.01,1079366400000.0,0.27,586529.0,9299360.0,1.02,0.625,36761.0,0.96,,127.01,浦东建设,19.4,,970256000.0,0,5.14,沪市主板
SH600595,54.79302175237037,0.0,0.8974,11,0.67,False,0.01,1.312,4007905114.0,5.99,2.35,12.8117,-21.81,24007351633.0,1790697600000.0,24007351633.0,2.922,100.0,16.17940906663926,216.51,0.17,18.291685779590793,352959690.0,0.04,1025020800000.0,0.7,43387506.08,58655455.0,1.26,1.312,36715.0,1.46,,89.52,中孚实业,8.603,,4007905114.0,0,5.95,沪市主板
SH600508,-32.03676172250972,0.0,1.2489,11,0.66,False,0.01,0.839,1011805200.0,10.65,2.36,7.4728,29.83,10775725380.0,1790697600000.0,10775725380.0,2.207,100.0,2.3238306680875285,354.33,0.38,-3.826501800656601,132272902.0,0.07,999014400000.0,0.3,-1402731.0,12421837.0,0.99,0.839,36704.0,1.23,,40.0,上海能源,36.098,,1011805200.0,0,10.58,沪市主板
SH600237,7.225322136499135,0.0,4.2283,11,3.39,False,0.01,2.815,624615795.0,8.84,9.24,22.371,-0.57,5521603628.0,1790697600000.0,5573529434.0,0.905,100.0,5.855689963018826,33.74,0.57,4.82197832411122,415407050.0,0.29,960480000000.0,0.18,46247416.0,46363736.0,1.07,2.815,36678.0,7.42,,209.53,铜峰电子,49.071,,630489755.0,0,8.55,沪市主板
SH600249,-26.473158406761755,,2.8952,11,-0.19,False,0.01,1.352,550000000.0,5.34,2.62,1221.3783,-6.61,2937000000.0,,2937000000.0,0.562,100.0,0.4709574697499071,83.54,0.0,-1.0327740378384354,30961330.0,-0.01,1075392000000.0,0.02,677220.0,5789553.0,0.99,1.352,36661.0,1.05,,19.07,两面针,286.56,,550000000.0,0,5.35,沪市主板
SH600551,-10.651773623854288,0.0,0.9192,11,-0.38,False,0.01,0.9,678055239.0,7.95,2.63,7.6005,0.77,5390539150.0,1790697600000.0,5390539150.0,3.774,100.0,6.835408837491013,136.83,-0.13,-15.415620063493996,99774193.0,-0.03,1031155200000.0,0.59,-619477.0,12565554.0,0.5,0.9,36588.0,1.85,,428.25,时代出版,13.386,,678055239.0,0,7.98,沪市主板
SH600682,,0.0,1.2807,11,-1.54,False,0.01,0.473,1164060275.0,5.75,3.25,13.99,-34.21,6693346581.0,1790697600000.0,7734510271.0,,100.0,-5.715618209138588,617.32,0.0,-4.492023097977205,74133147.0,-0.09,750873600000.0,-0.72,-7492936.0,12812100.0,0.98,0.472,36565.0,1.1,,108.33,南京新百,-7.955,,1345132221.0,0,5.84,沪市主板
SH603129,20.89509370523217,0.0,1.8,11,-4.91,False,0.01,5.232,153482763.0,272.97,5.68,10.9881,-0.33,41896189816.0,1790697600000.0,41896189816.0,1.539,100.0,23.50027686794339,1452.86,-0.03,30.345763569005335,404889759.0,-14.09,1502985600000.0,11.32,-47748893.0,1468182.0,1.08,5.232,36527.0,0.96,,44.02,春风动力,24.105,,153482763.0,0,287.06,沪市主板
SH601700,,0.0,2.049,11,3.07,False,0.01,3.288,1138757300.0,6.38,5.33,53.1449,12.72,7265271574.0,1790697600000.0,7265271574.0,,100.0,-12.679218223887446,34.88,0.0,7.611592983423576,366187117.0,0.19,1295280000000.0,-0.27,22531633.0,57182476.0,1.35,3.288,36524.0,5.02,,-14.4,风范股份,-23.839,,1138757300.0,0,6.19,沪市主板
SH600272,-14.730423020029004,,3.4978,11,3.26,False,0.01,5.122,160000000.0,15.5,5.73,54.8702,13.88,2480000000.0,,4071105148.0,0.097,100.0,3.3023430099822173,35.56,0.78,9.001036058938517,365238342.0,0.49,983289600000.0,0.09,39511087.0,23555821.0,0.94,5.122,36489.0,14.72,,64.38,开开实业,174.265,,262651945.0,0,15.01,沪市主板
SH688037,-47.482290548137904,0.0,29.4826,82,-4.78,False,0.01,22.375,202100286.0,311.63,7.33,,109.86,62980512126.0,1790697600000.0,62980512126.0,0.012,1.0,2.3089825794902925,1175.07,-0.23,12.799486831383543,1020930930.0,-15.64,1576425600000.0,0.32,12455587.0,3198188.0,1.14,22.338,36465.0,1.58,,139.15,芯源微,986.489,,202100286.0,0,327.27,科创板
SH600308,,0.0,0.4022,11,-0.61,False,0.01,0.544,1516870176.0,3.25,1.83,35.0074,-16.67,4929828072.0,1790697600000.0,4929828072.0,,100.0,-1.2582231278116724,90.33,-0.31,-3.164745808593372,20604133.0,-0.02,970070400000.0,-0.08,-2665065.0,6302378.0,0.65,0.544,36381.0,0.42,,41.82,华泰股份,-42.969,,1516870176.0,0,3.27,沪市主板
SH600433,,0.0,0.7771,11,0.61,False,0.01,1.292,1750279233.0,3.28,2.45,10.1429,0.0,5740915884.0,1790697600000.0,5740915884.0,,100.0,-0.7393803580027374,132.76,0.31,1.0890657306423357,60649767.0,0.02,1055952000000.0,-0.02,3616500.0,18467503.0,1.03,1.291,36374.0,1.06,,133.7,冠豪高新,-173.932,,1750279233.0,0,3.26,沪市主板
SH688297,-20.311175446048747,0.0,6.6632,82,-0.53,False,0.01,5.058,675000000.0,41.57,4.33,339.7736,-13.05,28059750000.0,1790697600000.0,28059750000.0,0.479,1.0,1.9826575529284844,-16.19,0.07,61.55749540554773,278913830.0,-0.22,1656432000000.0,0.17,3247441.0,6608761.0,1.12,5.058,36334.0,0.98,,76.2,中无人机,251.145,,675000000.0,0,41.79,科创板
SH601799,11.766174575753418,0.0,1.2647,11,-3.17,False,0.01,1.717,285679419.0,68.1,4.44,8.7264,-44.07,19454768434.0,1790697600000.0,19454768434.0,2.906,100.0,14.449752210680266,357.03,0.28,14.891209731476751,243482810.0,-2.23,1296489600000.0,5.56,-31038839.0,3554714.0,1.15,1.717,36326.0,1.24,,-7.11,星宇股份,12.259,,285679419.0,0,70.33,沪市主板
SH688331,69.50094697519494,0.0,7.8407,82,-5.22,False,0.01,7.551,355896244.0,111.21,5.16,13.9121,42.96,39579221295.0,1790697600000.0,62775540884.0,,1.0,109.10304996491773,141.76,-0.04,152.0055670252791,811572203.0,-6.13,1648656000000.0,10.31,-53242257.0,7202752.0,1.17,7.551,36303.0,2.02,,-14.92,荣昌生物,10.783,,564477483.0,0,117.34,科创板
SH601298,1.3406837893821466,0.0,3.2899,11,-0.1,False,0.01,1.382,5392075000.0,10.05,2.39,10.7216,23.26,54190353750.0,1790697600000.0,65235555000.0,3.373,100.0,11.382955410948515,149.26,-0.1,4.678713705263626,107728637.0,-0.01,1548000000000.0,0.8,1930912.0,10679429.0,1.06,1.382,36277.0,0.2,,44.03,青岛港,12.565,,6491100000.0,0,10.06,沪市主板
SH603116,1.699770965086178,,2.0361,11,-1.79,False,0.01,1.713,576200800.0,7.15,5.08,27.3275,20.39,4119835720.0,,4119835720.0,3.846,100.0,-4.292548306340819,-44.21,0.14,-6.43543706282852,106811595.0,-0.13,1435507200000.0,-0.19,-2307717.0,14861980.0,0.81,1.712,36213.0,2.58,,44.01,红蜻蜓,-38.041,,576200800.0,0,7.28,沪市主板
SH688050,-8.934087663643053,0.0,4.488,82,-2.6,False,0.01,2.533,193437735.0,37.79,3.94,21.8065,-37.19,7310012006.0,1790697600000.0,7310012006.0,0.847,1.0,8.36818156079477,-63.23,-0.13,22.721461625600337,85058234.0,-1.01,1595952000000.0,1.23,-10541432.36,2231865.0,1.19,2.533,36081.0,1.15,,616.84,爱博医疗,30.784,,193437735.0,0,38.8,科创板
SH603766,37.61337568470835,0.0,1.5049,11,-0.99,False,0.01,3.152,2053541850.0,14.04,3.95,12.4946,-8.45,28831727574.0,1790697600000.0,28831727574.0,4.986,100.0,16.840003312656435,342.05,0.43,13.650083109410915,196878045.0,-0.14,1344528000000.0,0.76,-2571025.0,14081385.0,1.09,3.152,36031.0,0.69,,103.04,隆鑫通用,18.426,,2053541850.0,0,14.18,沪市主板
SH600155,6.015285149382721,0.0,3.5482,11,-1.35,False,0.01,0.631,2183188774.0,5.84,2.87,4.0995,-11.78,12749822440.0,1790697600000.0,12749822440.0,,100.0,1.7060699083342994,37.01,0.0,11.96682549929764,100299970.0,-0.08,906048000000.0,0.16,-4901851.0,17026100.0,0.86,0.64,36027.0,0.78,,0.0,华创云信,37.301,,2183188774.0,0,5.92,沪市主板
SH603612,,0.0,0.4068,11,0.56,False,0.01,1.331,498104459.0,16.17,3.61,,-30.79,8054349102.0,1790697600000.0,8054349102.0,0.736,100.0,10.82666002220148,129.52,-0.12,13.153247786453592,134099457.0,0.09,1500307200000.0,1.26,15643567.0,8236900.0,0.93,1.331,35987.0,1.65,,44.04,索通发展,12.791,,498104459.0,0,16.08,沪市主板
SH600966,-9.875833232482577,0.0,0.3397,11,-0.21,False,0.01,0.865,1336844288.0,4.84,3.3,2.364,-28.8,6470326354.0,1790697600000.0,6470326354.0,0.475,100.0,1.9837997499218125,187.39,0.41,0.4336583896918711,39923135.0,-0.01,1086624000000.0,0.11,-3694800.0,8199542.0,0.98,0.865,35948.0,0.61,,24.73,博汇纸业,45.396,,1336844288.0,0,4.85,沪市主板
SH603336,-17.81232165288943,0.0,5.843,11,-2.93,False,0.01,4.075,608718945.0,9.6,4.95,22.4526,12.23,5843701872.0,1790697600000.0,5843701872.0,0.115,100.0,1.228282910424466,269.96,-0.21,-4.841290327418291,133972613.0,-0.29,1479916800000.0,0.03,-5293458.0,13717620.0,0.93,4.075,35937.0,2.25,,44.04,宏辉果蔬,363.922,,608718945.0,0,9.89,沪市主板
SH603223,61.37682919295846,0.0,4.6351,11,-1.28,False,0.01,1.584,705822193.0,9.27,4.05,10.7512,1.19,6542971729.0,1790697600000.0,6542971729.0,1.51,100.0,8.79182707010962,217.35,0.22,-26.94480378403189,81203439.0,-0.12,1435593600000.0,0.5,-2041835.0,8645559.0,1.55,1.584,35905.0,1.22,,44.04,恒通股份,18.633,,705822193.0,0,9.39,沪市主板
SH603313,,0.0,0.3836,11,0.16,False,0.01,1.044,570586885.0,6.22,3.86,3.007,-30.11,3549050425.0,1790697600000.0,3549050425.0,,100.0,-3.3326987640642862,-48.94,0.16,6.422375701377336,80383363.0,0.01,1476288000000.0,-0.21,5725857.0,13003000.0,0.83,1.044,35905.0,2.28,,44.0,梦百合,-29.804,,570586885.0,0,6.21,沪市主板
SH600082,,,4.7421,11,-0.6,False,0.01,1.274,634335412.0,3.3,2.11,3.2751,-18.72,2093306860.0,,2132182226.0,,100.0,-4.236927123214816,95.22,0.0,-0.19881704724837856,25317459.0,-0.02,866736000000.0,-0.11,1404284.0,7644500.0,0.73,1.274,35885.0,1.21,,0.0,ST海泰,-29.433,,646115826.0,0,3.32,沪市主板
SH603505,-12.753246488416359,0.0,2.884,11,-0.57,False,0.01,6.21,841668813.0,13.9,2.5,68.309,-25.36,11699196501.0,1790697600000.0,11699196501.0,0.863,100.0,16.179549622914262,1080.37,0.0,31.064821294966947,109510251.0,-0.08,1493740800000.0,0.34,-17266905.0,7780074.0,1.17,6.21,35811.0,0.92,,44.12,金石资源,40.434,,841668813.0,0,13.98,沪市主板
SH603876,34.79657811801686,0.0,0.5591,11,-0.7,False,0.01,2.068,929267213.0,17.12,4.29,9.1612,15.23,15909054687.0,1790697600000.0,15909054687.0,1.343,100.0,10.772538822044869,107.72,0.06,17.028675566220453,238477847.0,-0.12,1523980800000.0,0.87,2815536.0,13775165.0,0.89,2.068,35807.0,1.48,,44.02,鼎胜新材,19.766,,929267213.0,0,17.24,沪市主板
SH600792,,,1.0058,11,3.57,False,0.01,2.534,1109923600.0,5.22,8.53,32.0526,34.54,5793801192.0,,5793801192.0,,100.0,-22.19037468295362,176.6,0.19,-6.6189161134015295,505869598.0,0.18,853948800000.0,-0.51,44502169.0,96886217.0,0.72,2.534,35778.0,8.73,,0.0,云煤能源,-10.148,,1109923600.0,0,5.04,沪市主板
SH600982,-1.2183610054598337,0.0,1.4953,11,0.94,False,0.01,1.344,1117627485.0,5.35,3.02,8.8277,26.72,5979307045.0,1790697600000.0,5979307045.0,3.178,100.0,7.122691018643302,191.55,0.19,-7.851040771790096,351622935.0,0.05,1089043200000.0,0.33,10887493.0,66057299.0,1.3,1.343,35772.0,5.91,,120.48,宁波能源,16.337,,1117627485.0,0,5.3,沪市主板
SH600622,-24.49839426524173,,3.1436,11,-3.13,False,0.01,1.994,1499685402.0,2.48,4.69,27.5828,-13.29,3719219797.0,,3719219797.0,,100.0,-50.58695610857219,259.32,0.4,-36.423621025171194,103720772.0,-0.08,723312000000.0,-0.84,2260071.0,41298670.0,0.95,1.993,35590.0,2.75,,262.2,光大嘉宝,-2.948,,1499685402.0,0,2.56,沪市主板
SH600866,-50.38973066650059,0.0,0.4433,11,1.43,False,0.01,0.923,1661472616.0,4.25,2.39,,-33.91,7061258618.0,1790697600000.0,7061258618.0,8.941,100.0,2.703368233711194,348.79,-0.23,-2.7947178067629475,102125090.0,0.06,777139200000.0,0.13,10753899.0,24003500.0,1.52,0.923,35562.0,1.44,,208.71,星湖科技,33.101,,1661472616.0,0,4.19,沪市主板
SH603348,384.342874363194,0.0,0.7673,11,-1.3,False,0.01,1.185,314477192.0,14.41,2.47,12.9125,-25.18,4531616337.0,1790697600000.0,4531616337.0,,100.0,-14.195917827299107,-17.42,0.14,4.980969656082079,37921468.0,-0.19,1524672000000.0,-1.83,4876597.0,2612912.0,1.11,1.185,35527.0,0.83,,43.97,文灿股份,-7.854,,314477192.0,0,14.6,沪市主板
SH603896,-65.75331256589878,,4.7202,11,-0.94,False,0.01,1.312,198243938.0,14.68,1.96,41.6837,-24.25,2910221010.0,,2910221010.0,,100.0,-0.4571945707663312,48.19,0.0,-9.071035738948064,20311181.0,-0.14,1494345600000.0,-0.05,-970381.0,1376650.0,1.0,1.312,35517.0,0.69,,44.02,寿仙谷,-276.806,,198243938.0,0,14.82,沪市主板
SH603595,,,3.084,11,-0.06,False,0.01,4.272,232442326.0,31.0,4.32,40.6839,83.32,7205712106.0,,7205712106.0,,100.0,7.508324815494769,226.97,-0.1,13.461446791260357,37764124.0,-0.02,1499788800000.0,0.52,914500.0,1194200.0,0.68,4.272,35475.0,0.51,,43.97,ST东尼,59.867,,232442326.0,0,31.02,沪市主板
SH600657,,0.0,2.3363,11,-5.63,False,0.01,0.652,2851878595.0,3.35,7.32,14.0674,-2.9,9553793293.0,1790697600000.0,9553793293.0,,100.0,-31.64195083123514,97.96,-0.3,-33.835095417457374,448900969.0,-0.2,738172800000.0,-1.93,-26667043.519999996,130646630.0,1.37,0.652,35415.0,4.58,,1213.33,信达地产,-1.736,,2851878595.0,0,3.55,沪市主板
SH603222,52.08265225798341,,6.4323,11,-0.25,False,0.01,3.884,525090615.0,8.05,6.07,110.3255,-11.83,4226979451.0,,4226979451.0,,100.0,-19.291239840358482,117.49,0.12,-10.932981474480751,186099789.0,-0.02,1424102400000.0,-0.46,6808529.0,23012820.0,0.72,3.884,35351.0,4.38,,44.02,济民健康,-17.445,,525090615.0,0,8.07,沪市主板
SH600119,,,7.0663,11,-0.84,False,0.01,25.115,365270370.0,4.7,4.01,,-40.13,1716770739.0,,1716770739.0,,100.0,-49.92875475366982,6.6,-0.42,-31.742758598653264,8024462.0,-0.04,884793600000.0,-0.13,-613118.0,1692400.0,1.34,25.12,35315.0,0.46,,0.0,*ST长投,-35.69,,365270370.0,0,4.74,沪市主板
SH600810,-10.695420850950555,0.0,0.5507,11,-0.48,False,0.01,0.947,1077799248.0,6.27,1.75,4.1276,-30.26,6757801285.0,1790697600000.0,6819410305.0,,100.0,-0.29514038557923183,365.1,0.16,-3.116508180242794,25270290.0,-0.03,757785600000.0,-0.02,-1615097.0,4010689.0,0.78,0.95,35314.0,0.37,,28.63,神马股份,-267.642,,1087625248.0,0,6.3,沪市主板
SH600020,-7.722104710564204,0.0,1.3624,11,0.52,False,0.01,0.734,2247371832.0,3.89,1.29,3.739,-5.67,8742276426.0,1790697600000.0,8742276426.0,3.085,100.0,4.233149324807617,133.89,0.0,2.893856225443825,34872565.0,0.02,1060272000000.0,0.29,-206373.0,8957328.0,0.78,0.734,35296.0,0.4,,19.81,中原高速,13.405,,2247371832.0,0,3.87,沪市主板
SH600734,,,106.0979,11,-0.54,False,0.01,18.894,2177853106.0,1.85,3.23,,-59.78,4029028246.0,,4029860746.0,,100.0,-43.604826281108885,16.37,-0.54,-43.6583103569642,44168688.0,-0.01,839433600000.0,-0.06,-920873.0,23540000.0,0.79,18.897,35277.0,1.08,,77.69,*ST实达,-33.262,,2178303106.0,0,1.86,沪市主板
SH600525,3.781726072819347,,0.7665,11,-1.44,False,0.01,2.23,1318780152.0,4.79,4.32,5.5067,35.69,6316956928.0,,6316956928.0,,100.0,-23.952725923834077,160.07,0.21,0.7665589789837446,53849576.0,-0.07,1038758400000.0,-0.58,-10406974.0,11159600.0,1.09,2.23,35274.0,0.85,,175.79,长园集团,-8.295,,1318780152.0,0,4.86,沪市主板
SH600278,-7.6558015012408775,0.0,0.1658,11,-0.92,False,0.01,0.655,860518657.0,6.46,2.76,,-14.06,5558950524.0,1790697600000.0,5558950524.0,1.533,100.0,2.6083123943963398,-10.36,0.16,0.41467030685702344,30442325.0,-0.06,963331200000.0,0.24,-2307757.0,4703404.0,1.1,0.655,35125.0,0.55,,198.88,东方创业,26.563,,860518657.0,0,6.52,沪市主板
SH603297,-6.250917995390203,0.0,10.2918,11,-5.35,False,0.01,5.457,110729100.0,101.2,7.3,52.9233,-3.19,11205784920.0,1790697600000.0,11205784920.0,0.889,100.0,10.333162988400215,361.45,0.26,13.098213727061857,111737685.0,-5.72,1536508800000.0,1.87,-10737473.0,1089600.0,1.32,5.467,35118.0,0.98,,43.99,永新光学,54.113,,110729100.0,0,106.92,沪市主板
SH601997,-3.442084715901894,0.0,1.5046,11,0.53,False,0.01,0.312,3656198076.0,5.64,1.25,1.0975,1.17,20620957149.0,1790697600000.0,20620957149.0,5.319,100.0,7.423651465923023,17.37,-0.18,-1.5352877214962257,219404080.0,0.03,1471276800000.0,1.4,15655389.0,38929070.0,1.06,0.312,34959.0,1.06,,44.05,贵阳银行,4.016,,3656198076.0,0,5.61,沪市主板
SH600165,-46.78946756335347,,10.5957,11,-1.49,False,0.01,4.958,732913646.0,3.3,3.58,,-20.48,2418615032.0,,5332416458.0,,100.0,-10.62111439635237,103.15,0.3,25.571012355417146,44772608.0,-0.05,896371200000.0,-0.03,-3782252.0,13448000.0,0.74,4.958,34952.0,1.83,,0.0,宁科生物,-102.852,,1615883775.0,0,3.35,沪市主板
SH603801,,,0.6822,11,-2.07,False,0.01,0.918,434351483.0,6.16,4.45,11.4639,-28.35,2675605135.0,,2675605135.0,6.331,100.0,-2.867068834326002,-33.28,-0.32,-18.100314283811613,40161134.0,-0.13,1498752000000.0,-0.21,-3633038.0,6452296.0,0.85,0.918,34927.0,1.49,,44.01,志邦家居,-29.462,,434351483.0,0,6.29,沪市主板
SH600908,2.571839123374664,0.0,2.6566,11,0.51,False,0.01,0.544,1999312665.0,5.93,1.02,0.8893,2.48,11855924103.0,1790697600000.0,13014462451.0,2.192,100.0,9.705882833120581,52.25,-0.17,3.041875451876197,127786537.0,0.03,1474560000000.0,1.07,-13606388.0,21583610.0,1.23,0.544,34925.0,1.08,,44.07,无锡银行,5.542,,2194681695.0,0,5.9,沪市主板
SH603613,-2.2770805867848742,0.0,0.282,11,-1.81,False,0.01,1.358,720537813.0,18.44,3.62,,-34.14,13286717272.0,1790697600000.0,13286717272.0,,100.0,14.51899357320961,358.38,0.16,-5.4961664595388315,155814244.0,-0.34,1564416000000.0,1.84,-5247042.0,8371131.0,0.8,1.358,34860.0,1.16,,44.02,国联股份,10.007,,720537813.0,0,18.78,沪市主板
SH601801,-14.711180573247251,0.0,1.4531,11,-1.46,False,0.01,0.889,1957931237.0,5.41,3.1,,-13.17,10592407992.0,1790697600000.0,10592407992.0,7.394,100.0,5.148603357089322,-21.26,0.0,-15.594006941309734,112409626.0,-0.08,1263744000000.0,0.31,1063813.0,20672015.0,0.5,0.889,34809.0,1.06,,49.41,皖新传媒,17.239,,1957931237.0,0,5.49,沪市主板
SH600189,,0.0,4.6387,11,-2.12,False,0.01,4.953,715197812.0,8.76,3.58,22.3748,26.77,6265132833.0,1790697600000.0,6265132833.0,,100.0,2.427542502112952,170.78,0.11,8.379821814026522,262840123.0,-0.19,907689600000.0,0.04,5730999.0,29634870.0,0.85,4.953,34803.0,4.14,,0.0,泉阳泉,206.489,,715197812.0,0,8.95,沪市主板
SH600236,58.232625713969476,0.0,6.5078,11,6.47,False,0.01,4.3,7882377802.0,9.87,7.87,9.9068,30.8,77799068906.0,1790697600000.0,77799068906.0,3.678,100.0,18.91579659830986,402.62,-0.4,20.90453843516247,289676197.0,0.6,953740800000.0,0.49,77059575.0,29901521.0,3.52,4.3,34791.0,0.38,,184.71,桂冠电力,20.203,,7882377802.0,0,9.27,沪市主板
SH600339,-28.129807583724798,0.0,0.1848,11,4.01,False,0.01,0.696,5583147471.0,3.37,4.94,1.621,0.98,18815206977.0,1790697600000.0,18815206977.0,0.386,100.0,0.9344109199368407,-32.35,-0.3,9.514914107524874,304095797.0,0.13,977673600000.0,0.05,78656653.0,90852799.0,2.73,0.695,34791.0,1.63,,216.35,中油工程,74.805,,5583147471.0,0,3.24,沪市主板
SH600506,,,1.3817,11,-1.05,False,0.01,7.905,249624614.0,16.03,4.32,14.89,-20.37,4001482562.0,,4001482562.0,0.168,100.0,10.077891214571629,114.62,0.19,13.676071416193757,181961728.0,-0.17,1009296000000.0,0.2,3784157.0,11238200.0,0.49,7.905,34762.0,4.5,,155.06,统一股份,81.843,,249624614.0,0,16.2,沪市主板
SH603698,0.209340534489022,0.0,2.4269,11,2.22,False,0.01,3.085,535990000.0,20.28,8.17,34.7157,-47.4,10869877200.0,1790697600000.0,10869877200.0,0.666,100.0,5.8545940747360845,88.67,0.25,19.3489203218435,317668128.0,0.44,1422374400000.0,0.38,44366815.0,15402184.0,2.02,3.085,34748.0,2.87,,44.01,航天工程,53.309,,535990000.0,0,19.84,沪市主板
SH605337,-17.551725609363633,0.0,2.7702,11,-0.22,False,0.01,2.186,387616562.0,9.14,1.97,16.7487,-20.01,3542815377.0,1790697600000.0,3542815377.0,3.884,100.0,10.051842939943379,14.62,0.11,-3.7035858096836516,36587509.0,-0.02,1612713600000.0,0.43,1753299.0,4012671.0,1.55,2.2,34737.0,1.04,,44.01,XD李子园,21.445,,387616562.0,0,9.16,沪市主板
SH603587,-13.375743485579616,0.0,2.6885,11,-0.48,False,0.01,1.6,472702787.0,12.37,2.82,9.9118,-4.22,5847333475.0,1790697600000.0,5847333475.0,3.226,100.0,8.316545696578778,-32.72,0.0,-5.805102370121784,44208135.0,-0.06,1529596800000.0,0.63,1467730.0,3568773.0,1.14,1.6,34649.0,0.75,,44.0,地素时尚,19.497,,472702787.0,0,12.43,沪市主板
SH603328,-18.44631816010699,0.0,3.2988,11,-2.02,False,0.01,3.208,998442611.0,13.55,8.97,16.7673,25.13,13528897379.0,1790697600000.0,13528897379.0,1.24,100.0,7.346290545508519,125.01,0.44,9.531782808081047,792830417.0,-0.28,1404144000000.0,0.31,51781207.0,56683067.0,0.88,3.207,34627.0,5.68,,44.02,依顿电子,43.251,,998442611.0,0,13.83,沪市主板
SH600052,-5.553620564845585,,8.144,11,1.83,False,0.01,1.517,844194741.0,3.89,7.33,26.8038,-17.41,3283917542.0,,3283917542.0,,100.0,-22.191450781239702,-18.95,0.52,-11.014546849988015,87955887.0,0.07,861033600000.0,-0.64,11667114.0,22738099.0,2.01,1.517,34618.0,2.69,,0.0,东望时代,-6.053,,844194741.0,0,3.82,沪市主板
SH600742,-13.787880264845576,0.0,0.3231,11,0.39,False,0.01,0.668,743057880.0,7.7,2.09,2.8691,-19.39,5721545676.0,1790697600000.0,5721545676.0,5.065,100.0,4.557929874131679,1251.35,0.26,-9.77236029317934,31284021.0,0.03,840988800000.0,0.52,588024.0,4062956.0,0.87,0.668,34553.0,0.55,,63.81,富维股份,14.668,,743057880.0,0,7.67,沪市主板
SH600649,,0.0,0.8743,11,-1.72,False,0.01,0.477,2491800768.0,3.99,2.71,,-9.32,9942285064.0,1790697600000.0,9942285064.0,1.003,100.0,0.4032206142065735,245.45,-0.5,39.38977046066216,113312130.0,-0.07,737654400000.0,0.03,-2336397.0,28197538.0,0.76,0.48,34550.0,1.13,,-41.0,城投控股,118.04,,2491800768.0,0,4.06,沪市主板
SH601949,-57.32442611177372,0.0,2.1167,11,-3.05,False,0.01,1.084,1903968054.0,5.73,3.72,13.5337,-9.34,10909736949.0,1790697600000.0,10909736949.0,1.78,100.0,5.351537318158572,70.39,0.0,-8.174179882270128,268923044.0,-0.18,1503244800000.0,0.28,-133274.0,46552005.0,0.51,1.084,34510.0,2.44,,44.01,中国出版,20.594,,1903968054.0,0,5.91,沪市主板
SH600076,10.190680204706371,,7.467,11,1.41,False,0.01,0.835,1344543367.0,2.16,4.69,,-35.91,2904213673.0,,2904213673.0,,100.0,-10.512626419954863,-65.23,0.0,17.37568531801599,73037647.0,0.03,864576000000.0,-0.29,10308367.0,33571200.0,1.04,0.835,34487.0,2.5,,0.0,康欣新材,-7.525,,1344543367.0,0,2.13,沪市主板
SH603166,48.62328428959748,0.0,3.1845,11,-2.26,False,0.01,2.448,640715651.0,10.37,3.86,20.8757,-33.04,6644221301.0,1790697600000.0,6695397251.0,1.9,100.0,12.55308190988296,98.38,0.1,18.160398806678547,58986178.0,-0.24,1417017600000.0,0.51,-3968912.0,5655200.0,1.19,2.448,34445.0,0.88,,43.97,福达股份,20.453,,645650651.0,0,10.61,沪市主板
SH603008,,,0.4577,11,0.94,False,0.01,1.121,368292435.0,10.7,4.43,4.976,-47.75,3940729054.0,,3940729054.0,,100.0,-1.6813662825609792,60.73,0.09,-1.2310311381170447,91252196.0,0.1,1342454400000.0,-0.17,-1884892.0,8482742.0,0.88,1.121,34439.0,2.3,,-6.72,ST喜临门,-64.308,,368292435.0,0,10.6,沪市主板
SH600335,190.60360257466476,0.0,0.2266,11,-1.14,False,0.01,0.664,1487456892.0,5.2,2.28,7.1982,-18.81,7734775838.0,1790697600000.0,7734775838.0,2.385,100.0,4.02910354914216,61.16,0.0,-9.274017226373378,49539637.0,-0.06,983721600000.0,0.31,-3362597.0,9459183.0,0.99,0.664,34430.0,0.64,,204.5,国机汽车,16.588,,1487456892.0,0,5.26,沪市主板
SH603138,7.267507378050997,0.0,8.1733,11,-4.99,False,0.01,5.057,288342850.0,13.13,6.8,,-7.67,3785941621.0,1790697600000.0,3855108622.0,,100.0,-12.541630635720983,183.86,0.08,17.348692255735966,173493850.0,-0.69,1488729600000.0,-0.33,2048550.0,12933220.0,0.69,5.061,34370.0,4.49,,44.04,海量数据,-39.594,,293610710.0,0,13.82,沪市主板
SH603212,,0.0,1.9513,11,-1.4,False,0.01,2.061,437490636.0,11.3,3.23,57.7989,-20.92,4943644187.0,1790697600000.0,4943644187.0,,100.0,-7.993834535824497,-23.37,0.18,-16.209447143287427,85768125.0,-0.16,1588176000000.0,-0.46,-8177801.0,7535630.0,0.83,2.061,34276.0,1.72,,43.98,赛伍技术,-24.74,,437490636.0,0,11.46,沪市主板
SH603733,20.213673680508148,0.0,1.1584,11,1.13,False,0.01,1.646,817253230.0,17.94,3.27,16.704,-23.9,14661522946.0,1790697600000.0,14661522946.0,3.462,100.0,12.458257584967331,28.78,0.22,14.94002110721484,89752185.0,0.2,1524153600000.0,1.32,-2751970.0,4991356.0,0.88,1.459,34274.0,0.61,,44.0,仙鹤股份,13.595,,817253230.0,0,17.74,沪市主板
SH600639,-25.507554838144998,0.0,1.8612,11,1.92,False,0.01,0.768,850236703.0,10.07,3.95,310.5942,2.07,8561883599.0,1790697600000.0,11302697833.0,3.893,100.0,7.071231674940661,657.03,-0.1,0.24436244200920498,135050387.0,0.19,733075200000.0,0.91,21793589.0,13359638.0,1.98,0.768,34240.0,1.57,,-51.6,浦东金桥,11.07,,1122412893.0,0,9.88,沪市主板
SH600195,-36.246270577779306,0.0,1.0301,11,-1.34,False,0.01,1.186,1021148260.0,6.64,4.9,5.9113,-14.94,6780424446.0,1790697600000.0,6780424446.0,0.768,100.0,2.464292829273779,292.64,0.45,9.22345149283952,67857063.0,-0.09,915638400000.0,0.14,-1525656.0,10079002.0,1.79,1.186,34136.0,0.99,,0.0,中牧股份,48.64,,1021148260.0,0,6.73,沪市主板
SH600420,-17.669686097292313,0.0,1.3403,11,0.36,False,0.01,0.819,1341172692.0,8.42,2.03,10.4718,-14.28,11292674067.0,1790697600000.0,11292674067.0,2.969,100.0,3.974701662940016,455.78,0.24,-14.42721274420281,67020450.0,0.03,1087315200000.0,0.41,4239952.0,7916303.0,1.43,0.819,34056.0,0.59,,68.44,国药现代,20.716,,1341172692.0,0,8.39,沪市主板
SH600403,46.81543788216733,0.0,4.0702,11,5.56,False,0.01,5.742,2390812402.0,7.41,5.41,,6.16,17715919899.0,1790697600000.0,17715919899.0,,100.0,-45.58402023415033,267.36,0.27,-7.332291312619022,843720780.0,0.39,1065628800000.0,-0.76,76659504.0,115680055.0,0.97,5.742,34007.0,4.84,,86.81,大有能源,-9.801,,2390812402.0,0,7.02,沪市主板
SH603712,,0.0,3.8164,11,-1.31,False,0.01,2.3,772000000.0,11.26,4.03,,-45.79,8692720000.0,1790697600000.0,8692720000.0,,100.0,-12.149214700520236,110.33,0.09,-7.45851861357224,80798708.0,-0.15,1519574400000.0,-0.63,-1390187.0,7085900.0,0.88,2.3,33951.0,0.92,,43.96,七一二,-17.787,,772000000.0,0,11.41,沪市主板
SH600375,,0.0,0.7763,11,-2.14,False,0.01,1.721,1462685760.0,3.65,3.49,14.7321,-37.93,5338803024.0,1790697600000.0,5851210490.0,,100.0,1.5777020586276655,-47.98,0.0,31.51175664656829,57286391.0,-0.08,1049126400000.0,0.03,-9220860.0,15521100.0,0.95,1.721,33927.0,1.06,,163.64,汉马科技,110.271,,1603071367.0,0,3.73,沪市主板
SH600227,,0.0,2.8817,11,4.94,False,0.01,2.95,1277599803.0,4.04,5.45,23.1439,69.75,5161503204.0,1790697600000.0,6822459847.0,,100.0,-7.817790894816909,93.48,0.75,4.378741766069649,760753388.0,0.19,951062400000.0,-0.11,13198285.0,190420791.0,1.42,2.95,33906.0,14.9,,57.64,赤天化,-36.258,,1688727685.0,0,3.85,沪市主板
SH600746,130.7549454904998,0.0,1.3683,11,4.36,False,0.01,1.492,1167842884.0,7.18,5.52,15.8644,4.97,8385111907.0,1790697600000.0,8385111907.0,0.543,100.0,4.341110908522464,365.63,0.14,5.896897947048063,121565587.0,0.3,842976000000.0,0.21,10816309.0,17013210.0,1.77,1.492,33872.0,1.46,,107.76,江苏索普,34.953,,1167842884.0,0,6.88,沪市主板
SH603178,0.263112883045169,0.0,2.3651,11,1.12,False,0.01,3.4,236411881.0,16.3,4.34,21.5663,-13.62,3853513660.0,1790697600000.0,3853513660.0,,100.0,-12.023189942714534,59.37,0.12,2.9722153277130126,132023537.0,0.18,1490630400000.0,-0.6,-1225586.0,8108500.0,0.97,3.4,33809.0,3.43,,43.96,圣龙股份,-27.091,,236411881.0,0,16.12,沪市主板
SH600853,7.029753655800763,,0.1911,11,-0.9,False,0.01,0.916,1013699085.0,3.29,3.01,9.0875,-23.07,3335069990.0,,3335069990.0,1.185,100.0,9.792293821504092,52.67,-0.3,-0.7193966721299683,23868764.0,-0.03,765388800000.0,0.39,-3030645.0,7187512.0,0.84,0.915,33740.0,0.71,,28.98,龙建股份,8.495,,1013699085.0,0,3.32,沪市主板
SH600207,285.6127853648611,0.0,2.4595,11,-3.23,False,0.01,3.265,1089312554.0,5.09,6.46,,-1.17,5544600900.0,1790697600000.0,5544600900.0,,100.0,-39.65231113926815,-27.42,0.2,-29.713068355091988,243436941.0,-0.17,931881600000.0,-0.77,-320562.0,46785800.0,0.67,3.265,33726.0,4.29,,60.42,安彩高科,-6.605,,1089312554.0,0,5.26,沪市主板
SH600661,,,1.9134,11,3.82,False,0.01,10.288,286548830.0,9.52,6.32,10.2588,-7.12,2727944862.0,,2727944862.0,,100.0,71.05156077930536,132.83,0.11,15.497794035885137,106580597.0,0.35,739987200000.0,0.4,11137646.0,11273426.0,0.87,10.287,33722.0,3.93,,-53.94,昂立教育,23.763,,286548830.0,0,9.17,沪市主板
SH601010,,,1.8578,11,-1.41,False,0.01,0.624,1808696200.0,1.4,2.11,9.1697,-48.72,2532174680.0,,2532174680.0,,100.0,-3.5579432299351255,-57.87,0.0,-16.602673613481745,14729122.0,-0.02,1307030400000.0,-0.08,-1219796.0,10432800.0,1.15,0.637,33664.0,0.58,,-8.3,ST文峰,-17.07,,1808696200.0,0,1.42,沪市主板
SH601236,43.51804979518339,0.0,14.468,11,-0.29,False,0.01,1.347,4693233706.0,6.99,1.85,,-12.03,32805703605.0,1790697600000.0,32805703605.0,3.004,100.0,4.249592090397383,107.36,0.14,20.344998322677,153379748.0,-0.02,1562256000000.0,0.22,-3679065.0,21838000.0,1.22,1.346,33647.0,0.47,,43.93,红塔证券,31.152,,4693233706.0,0,7.01,沪市主板
SH605089,-13.1824752457241,,4.3936,11,2.7,False,0.01,2.502,138000000.0,22.43,3.16,59.6056,-10.43,3095340000.0,,3095340000.0,2.827,100.0,6.38772773025387,-17.49,0.18,-4.001335901705872,44251734.0,0.59,1619452800000.0,0.57,6418741.0,1989725.0,1.08,2.502,33593.0,1.44,,43.99,味知香,39.695,,138000000.0,0,21.84,沪市主板
SH600850,-25.122378305137328,0.0,0.9773,11,-2.57,False,0.01,2.241,816238489.0,13.28,4.18,33.6382,-45.77,10839647134.0,1790697600000.0,10839647134.0,1.002,100.0,6.061904448037784,487.71,0.15,4.815985512506971,100959632.0,-0.35,764438400000.0,0.35,-2221942.0,7516480.0,1.18,2.241,33539.0,0.92,,661.33,电科数字,37.445,,816238489.0,0,13.63,沪市主板
SH600167,-20.214400855239067,0.0,4.2667,11,2.65,False,0.01,1.13,2262840463.0,5.8,3.19,10.0569,-15.39,13124474685.0,1790697600000.0,13124474685.0,2.534,100.0,4.404562964571667,278.47,0.17,-4.614051868511082,60150681.0,0.15,917452800000.0,0.22,7771019.0,10536433.0,2.0,1.13,33533.0,0.47,,0.0,联美控股,26.512,,2262840463.0,0,5.65,沪市主板
SH603927,-33.90748686003442,0.0,1.8593,11,-1.1,False,0.01,3.648,831040000.0,13.49,2.86,27.4245,-27.86,11210729600.0,1790697600000.0,11210729600.0,2.224,100.0,6.695322081260737,53.92,0.37,-0.8886675358631302,73725446.0,-0.15,1567958400000.0,0.25,-3573148.0,5429953.0,1.13,3.648,33509.0,0.65,,44.0,中科软,54.092,,831040000.0,0,13.64,沪市主板
SH600084,,,35.0432,11,-4.27,False,0.01,3.754,1123726830.0,4.26,4.27,,-18.86,4787076296.0,,4787076296.0,,100.0,-1.4827969126571139,130.43,-0.47,-11.455324513107513,21271482.0,-0.19,868550400000.0,-0.02,-3365372.0,4917600.0,2.3,3.754,33497.0,0.44,,0.0,*ST尼雅,-251.268,,1123726830.0,0,4.45,沪市主板
SH600830,58.299829503146626,,7.8699,11,1.91,False,0.01,1.698,454322747.0,8.54,3.1,,-10.59,3879916259.0,,3879916259.0,0.211,100.0,3.7826078556786684,996.14,0.23,25.1203191030817,104003370.0,0.16,762019200000.0,0.19,-4427350.0,12353601.0,1.54,1.698,33488.0,2.72,,54.62,香溢融通,45.655,,454322747.0,0,8.38,沪市主板
SH603960,,0.0,9.4074,11,-3.69,False,0.01,3.815,262197900.0,16.19,5.77,46.5884,-18.36,4244984001.0,1790697600000.0,4244984001.0,0.062,100.0,0.03222383153878699,278.16,0.31,-16.741671289193448,90247835.0,-0.62,1489420800000.0,0.0,-4165252.0,5501403.0,0.61,3.815,33419.0,2.1,,43.95,克来机电,11797.178,,262197900.0,0,16.81,沪市主板
SH600540,,,0.7655,11,-1.45,False,0.01,6.756,581376960.0,5.44,6.7,,19.04,3162690662.0,,3162690662.0,,100.0,-4.960790591516115,89.76,0.18,76.42417948063095,420170149.0,-0.08,1073404800000.0,-0.04,6182924.0,75767269.0,0.73,6.756,33381.0,13.03,,40.18,新赛股份,-133.091,,581376960.0,0,5.52,沪市主板
SH605376,,0.0,18.8628,11,-3.94,False,0.01,15.748,261600000.0,109.82,7.55,,68.0,28728912000.0,1790697600000.0,28728912000.0,0.091,100.0,14.55345862064731,717.96,0.21,42.09322368614667,1140010501.0,-4.5,1607356800000.0,0.95,-6379025.0,10116651.0,0.83,15.748,33377.0,3.87,,43.97,博迁新材,115.255,,261600000.0,0,114.32,沪市主板
SH600838,-8.416008574762056,,34.654,11,-0.86,False,0.01,2.091,400881981.0,8.11,3.55,,-24.7,3251152866.0,,3251152866.0,0.419,100.0,3.0237446313201075,601.19,0.0,1.9699635696194262,66253263.0,-0.07,762019200000.0,0.12,-233851.0,8092600.0,0.74,2.091,33338.0,2.02,,105.6,上海九百,69.745,,400881981.0,0,8.18,沪市主板
SH603696,8.522306270339254,,5.3984,11,3.14,False,0.01,5.59,235200000.0,13.47,7.2,103.5424,-33.22,3168144000.0,,3168144000.0,0.52,100.0,5.645521664122498,119.06,0.52,1.7484109930402836,255874724.0,0.41,1449590400000.0,0.13,-8730258.0,18992425.0,1.36,5.59,33273.0,8.08,,43.96,安记食品,100.178,,235200000.0,0,13.06,沪市主板
SH603035,-30.07981508105082,0.0,0.4867,11,-1.05,False,0.01,0.712,366347080.0,10.39,2.48,16.159,-31.91,3806346161.0,1790697600000.0,3806346161.0,1.578,100.0,4.668788257595981,3.87,0.1,24.75215186409583,24817077.0,-0.11,1483545600000.0,0.67,-2230800.0,2375400.0,0.75,0.712,33216.0,0.65,,43.97,常熟汽饰,15.439,,366347080.0,0,10.5,沪市主板
SH600053,77.93201931892453,,13.0092,11,0.77,False,0.01,1.565,433540800.0,7.83,1.8,,-60.59,3394624464.0,,3394624464.0,,100.0,-16.77797773060157,32.28,0.26,-9.247728894126638,10724033.0,0.06,861292800000.0,-0.92,584643.0,1375212.0,0.56,1.565,33180.0,0.32,,0.0,*ST九鼎,-8.523,,433540800.0,0,7.77,沪市主板
SH603131,-21.31725993635817,0.0,4.7445,11,-0.66,False,0.01,2.758,336907220.0,13.48,4.13,263.6212,-55.44,4541509326.0,1790697600000.0,4541509326.0,,100.0,-1.1154144795101035,170.04,0.07,-1.823383639667575,65187352.0,-0.09,1465228800000.0,-0.05,7076963.0,4762500.0,1.13,2.758,33137.0,1.41,,44.0,上海沪工,-283.47,,336907220.0,0,13.57,沪市主板
SH600035,-14.629029541898708,0.0,0.9107,11,-0.27,False,0.01,0.662,1610115901.0,3.73,0.8,4.0039,0.58,6005732311.0,1790697600000.0,6005732311.0,4.29,100.0,6.449516355390347,133.07,-0.27,27.555185245817416,39188851.0,-0.01,1078848000000.0,0.36,-663274.0,10504300.0,0.93,0.662,33094.0,0.65,,103.0,楚天高速,10.454,,1610115901.0,0,3.74,沪市主板
SH600721,22.01918148744926,,14.0796,11,-4.04,False,0.01,6.042,384547635.0,12.58,7.63,142.9148,3.27,4837609248.0,,4837609248.0,0.318,100.0,3.778598423607811,97.77,-0.32,-6.446125139720326,1215941095.0,-0.53,835718400000.0,0.08,8318282.0,94354919.0,0.65,6.042,33030.0,24.54,,113.81,百花医药,161.443,,384547635.0,0,13.11,沪市主板
SH603214,-11.062081320670503,,0.504,11,-1.44,False,0.01,1.594,138540036.0,13.66,2.74,3.5205,-19.13,1892456892.0,,1892456892.0,2.643,100.0,6.545633350787837,-8.63,-0.07,3.7995728221945857,35557387.0,-0.2,1522339200000.0,0.56,-2170108.0,2595641.0,0.85,1.594,33015.0,1.87,,44.01,爱婴室,24.581,,138540036.0,0,13.86,沪市主板
SH603565,5.597625421081953,0.0,2.3042,11,1.64,False,0.01,2.25,2100063103.0,11.78,2.93,7.2527,20.07,24738743353.0,1790697600000.0,24738743353.0,2.037,100.0,18.76582371479753,84.16,0.17,-4.438966653459875,202165091.0,0.19,1600963200000.0,0.96,4322948.0,17159752.0,1.53,2.25,32928.0,0.82,,43.98,中谷物流,12.294,,2100063103.0,0,11.59,沪市主板
SH600279,-30.80500020113959,0.0,1.214,11,0.69,False,0.01,0.763,1186866283.0,4.35,1.62,11.7972,-19.99,5162868331.0,1790697600000.0,5162868331.0,0.391,100.0,1.0035736479831223,-6.91,0.23,-6.680059602238031,23362564.0,0.03,964972800000.0,0.06,1049060.0,5371202.0,1.03,0.763,32890.0,0.45,,84.79,重庆港,76.176,,1186866283.0,0,4.32,沪市主板
SH603040,9.030619225700388,0.0,10.172,11,-4.0,False,0.01,5.535,197350222.0,42.53,6.73,22.0918,-32.41,8393304942.0,1790697600000.0,8393613284.0,1.514,100.0,17.22164580301049,570.71,0.07,13.260712631176009,71143241.0,-1.77,1486569600000.0,1.28,-6817661.0,1654295.0,0.8,5.535,32724.0,0.84,,43.98,新坐标,33.303,,197357472.0,0,44.3,沪市主板
SH600618,-1.522118688494345,0.0,1.4165,11,1.97,False,0.01,1.211,749839976.0,9.85,3.42,11.2968,-15.14,7385923764.0,1790697600000.0,11390539764.0,2.437,100.0,8.655913364847036,435.53,0.1,4.798651263878928,43586281.0,0.19,721584000000.0,0.69,2378248.0,4433503.0,1.23,1.211,32717.0,0.59,,0.74,氯碱化工,14.371,,1156399976.0,0,9.66,沪市主板
SH601007,5.99331425329328,,1.4726,11,-0.74,False,0.01,1.66,390000000.0,6.73,2.06,8.9032,-11.94,2624700000.0,,2624700000.0,2.006,100.0,4.253001617502608,23.9,0.0,-1.8139842204583645,32103736.0,-0.05,1175788800000.0,0.17,-1622353.0,4765597.0,0.98,1.66,32708.0,1.22,,214.59,金陵饭店,39.205,,390000000.0,0,6.78,沪市主板
SH688120,18.60920044349106,0.0,20.6527,82,-2.26,False,0.01,13.946,496281438.0,222.3,4.58,230.7251,107.53,110323363667.0,1790697600000.0,110323363667.0,0.128,1.0,15.322455201699265,341.38,0.33,35.951056589732076,1661101334.0,-5.13,1654617600000.0,2.3,-13031869.0,7388299.0,1.09,13.902,32687.0,1.49,,63.98,华海清科,96.646,,496281438.0,0,227.43,科创板
SH688339,20.72907210414392,0.0,18.7865,82,-0.34,False,0.01,2.609,195787119.0,20.35,4.7,279.5971,-24.52,3984267872.0,1790697600000.0,4894827848.0,,1.0,-28.637258592196297,-78.52,0.05,-30.76150267655693,173644116.0,-0.07,1596988800000.0,-2.54,-577537.379999999,8491548.0,0.92,2.609,32678.0,4.34,,144.12,亿华通-U,-7.998,,240532081.0,0,20.42,科创板
SH600693,10.896219276834174,0.0,4.423,11,1.61,False,0.01,2.286,868952782.0,9.47,4.08,10.9352,-46.37,8228982846.0,1790697600000.0,8237443950.0,0.845,100.0,1.366266660105892,782.57,0.53,-0.14563637572517774,354069102.0,0.15,753897600000.0,0.06,-3023495.0,37322298.0,0.77,2.286,32662.0,4.3,,380.0,东百集团,168.317,,869846246.0,0,9.32,沪市主板
SH600889,,,21.6076,11,-0.68,False,0.01,4.913,366346010.0,13.23,2.1,47.7979,-21.72,4846757712.0,,7760577061.0,,100.0,0.20427371090334895,717.98,0.08,-9.840833610362143,12580983.0,-0.09,826214400000.0,0.0,903414.0,946220.0,0.79,4.913,32627.0,0.26,,105.61,*ST京化,3967.871,,586589347.0,0,13.32,沪市主板
SH688690,62.445797594890394,0.0,16.4947,82,-2.02,False,0.01,8.553,403814765.0,44.07,6.16,70.2335,71.17,17796116694.0,1790697600000.0,17796116694.0,0.231,1.0,10.754915166828358,-52.07,0.14,29.327396711851094,447551901.0,-0.91,1624377600000.0,0.52,1144744.3100000024,10141843.0,0.95,8.553,32542.0,2.51,,1273.98,纳微科技,84.941,,403814765.0,0,44.98,科创板
SH688002,101.149657940481,0.0,9.8064,82,-0.92,False,0.01,10.097,465549721.0,171.82,4.52,26.9111,71.25,79990753062.0,1790697600000.0,79990753062.0,0.464,1.0,29.32350032314755,196.64,0.07,45.20945225025723,1466446574.0,-1.6,1563724800000.0,4.37,-32684225.439999998,8375480.0,1.28,10.193,32391.0,1.8,,151.0,睿创微纳,39.347,,465549721.0,0,173.42,科创板
SH605020,79.45164998843883,0.0,2.5945,11,-1.19,False,0.01,2.533,510818723.0,29.94,2.71,19.9318,13.71,15293912567.0,1790697600000.0,15293912567.0,2.331,100.0,14.900391688537768,434.06,-0.03,15.159873975604254,212264569.0,-0.36,1625760000000.0,1.57,-19252775.0,7046056.0,1.2,2.533,32312.0,1.38,,44.01,永和股份,19.042,,510818723.0,0,30.3,沪市主板
SH600476,,,3.3279,11,-0.6,False,0.01,,161070000.0,9.86,3.02,12.3063,-38.41,1588150200.0,,1588150200.0,,100.0,211.71591271830502,80.24,0.51,-5.808740199414942,9316019.0,-0.06,1070985600000.0,-2.82,586200.0,944400.0,0.98,-3.601,32306.0,0.59,,131.47,*ST湘邮,-3.501,,161070000.0,0,9.92,沪市主板
SH603318,-13.533852293016047,,2.0347,11,4.36,False,0.01,2.63,459070924.0,9.09,5.86,41.342,35.67,4172954699.0,,5041979552.0,,100.0,1.3467818558673614,201.34,0.33,-9.79208858779308,436798861.0,0.38,1429804800000.0,0.04,45557842.0,48064716.0,1.85,2.63,32282.0,10.47,,44.02,水发燃气,223.344,,554673218.0,0,8.71,沪市主板
SH600558,29.05590974074146,0.0,1.1468,11,2.94,False,0.01,1.813,897604831.0,4.9,5.04,21.1963,-17.68,4398263672.0,1790697600000.0,4398263672.0,3.469,100.0,8.176044104849105,136.18,0.41,4.7309154054100855,101815247.0,0.14,983203200000.0,0.22,21300211.0,20852880.0,1.37,1.813,32272.0,2.32,,123.33,大西洋,22.02,,897604831.0,0,4.76,沪市主板
SH601619,-22.866380645801144,0.0,4.9324,11,1.03,False,0.01,1.488,2533248859.0,3.93,2.31,4.0737,-11.12,9955668016.0,1790697600000.0,11834552476.0,0.483,100.0,6.659855741130164,206.19,0.0,-1.3289488362591362,87253120.0,0.04,1500480000000.0,0.16,14068903.0,22183676.0,0.74,1.439,32254.0,0.88,,43.65,嘉泽新能,24.068,,3011336508.0,0,3.89,沪市主板
SH603322,,0.0,3.2834,11,-4.04,False,0.01,13.346,157586796.0,26.58,5.31,25.2884,-30.71,4188657038.0,1790697600000.0,4188657038.0,,100.0,-18.245936720684416,265.09,-0.08,-29.263913786425245,162185168.0,-1.12,1469635200000.0,-0.36,-10034269.0,6005551.0,0.67,13.346,32197.0,3.81,,44.04,超讯科技,-74.755,,157586796.0,0,27.7,沪市主板
SH603737,45.570433695593906,0.0,1.5867,11,0.88,False,0.01,6.435,885380968.0,22.85,5.12,13.2589,-40.63,20230955119.0,1790697600000.0,20230955119.0,2.07,100.0,21.038044695054644,787.69,-0.04,1.401780220328197,334402862.0,0.2,1464883200000.0,0.72,-26136.0,14666959.0,1.29,6.434,32160.0,1.66,,43.98,三棵树,31.603,,885380968.0,0,22.65,沪市主板
SH600662,4.8942127123268175,0.0,0.3884,11,-0.47,False,0.01,1.847,2276762040.0,4.24,1.41,22.3863,-12.6,9653471050.0,1790697600000.0,9681798761.0,3.538,100.0,13.136219128832277,765.84,-0.24,10.295950795774012,40289008.0,-0.02,739987200000.0,0.29,-968796.0,9475397.0,1.12,1.847,32076.0,0.42,,10.18,外服控股,14.528,,2283443104.0,0,4.26,沪市主板
SH603429,,,43.0349,11,-2.42,False,0.01,3.727,524485465.0,8.87,2.86,,-10.49,4652186075.0,,4652186075.0,,100.0,-2.774001892729804,212.81,-0.11,-53.320672370232224,18127947.0,-0.22,1485187200000.0,-0.07,-2805982.0,2018900.0,1.06,3.726,31911.0,0.38,,44.0,*ST集友,-134.87,,524485465.0,0,9.09,沪市主板
SH603383,1.3584682276587046,0.0,9.1834,11,-2.5,False,0.01,3.697,205376359.0,26.11,3.58,24.1203,-26.37,5362376733.0,1790697600000.0,5362376733.0,3.064,100.0,13.818368853850641,212.25,0.08,-7.583137425309527,47634959.0,-0.67,1495382400000.0,0.96,-8574347.0,1804728.0,1.48,3.697,31839.0,0.88,,43.99,顶点软件,27.165,,205376359.0,0,26.78,沪市主板
SH600675,,0.0,1.9043,11,-3.97,False,0.01,1.037,6046135331.0,2.42,4.37,,-10.47,14631647501.0,1790697600000.0,14631647501.0,0.248,100.0,-4.845178047689012,430.93,-0.82,-22.978715851970833,172278438.0,-0.1,748800000000.0,-0.12,-15712697.0,69828478.0,0.5,1.037,31831.0,1.15,,212.46,中华企业,-20.852,,6046135331.0,0,2.52,沪市主板
SH600012,5.860047556220982,0.0,4.3877,11,2.31,False,0.01,2.162,1165600000.0,15.94,2.95,7.2982,11.61,18579664000.0,1790697600000.0,27234954711.0,4.141,100.0,15.688307732677748,1081.97,0.0,-4.3820293165729325,95864119.0,0.36,1041868800000.0,1.13,7703708.0,6067365.0,1.88,2.162,31783.0,0.52,,96.82,皖通高速,14.153,,1708591889.0,0,15.58,沪市主板
SH601399,5.182042167826961,0.0,1.6115,11,-0.63,False,0.01,1.507,7213555890.0,3.13,3.81,,-34.52,22578429936.0,1790697600000.0,22578429936.0,,100.0,3.2629699772588903,-47.83,0.32,7.897537689051037,270198319.0,-0.02,1591545600000.0,0.07,4854433.0,85158026.0,1.39,1.507,31783.0,1.18,,85.24,国机重装,46.735,,7213555890.0,0,3.15,沪市主板
SH601916,-4.28377338942777,0.0,1.2827,11,1.39,False,0.01,0.442,21544435963.0,2.92,1.74,0.5244,0.45,62909753012.0,1790697600000.0,80196737012.0,4.486,100.0,6.4331408994502235,-14.67,-0.34,-0.6186198281988742,520261086.0,0.04,1574697600000.0,0.48,31657881.0,178253675.0,1.56,0.442,31676.0,0.83,,0.61,浙商银行,6.128,,27464635963.0,0,2.88,沪市主板
SH600712,-15.480169120379061,,6.2522,11,-1.11,False,0.01,3.836,538648371.0,5.33,4.45,,-21.85,2870995817.0,,2903013069.0,,100.0,-3.447225181260717,359.96,0.19,-12.26221831960287,78713452.0,-0.06,835718400000.0,-0.05,2895176.0,14632723.0,0.8,3.836,31581.0,2.72,,13.55,南宁百货,-109.36,,544655360.0,0,5.39,沪市主板
SH603990,,,20.0903,11,-1.5,False,0.01,6.91,305245431.0,19.05,3.21,83.2684,25.58,5814925461.0,,5814925461.0,,100.0,2.092198679113445,326.7,0.26,-23.694592440306884,184553008.0,-0.29,1481126400000.0,0.06,-11907344.0,9699368.0,0.76,6.91,31533.0,3.18,,43.96,麦迪科技,332.966,,305245431.0,0,19.34,沪市主板
SH688327,-33.357583014776196,0.0,22.756,82,-2.58,False,0.01,13.596,834867849.0,9.45,4.33,,-34.24,7889501173.0,1790697600000.0,9827766859.0,,1.0,-47.036522562062565,-44.88,0.11,-22.09241903132004,122145339.0,-0.25,1653580800000.0,-0.39,-13129915.0,12791651.0,1.07,13.595,31483.0,1.53,,39.23,云从科技-UW,-24.292,,1039975329.0,0,9.7,科创板
SH603666,198.20779443155163,0.0,13.2044,11,-5.57,False,0.01,2.535,205530420.0,25.28,8.22,16.3566,-14.88,5195809018.0,1790697600000.0,5195809018.0,,100.0,-7.101769298073228,42.47,0.28,-32.75449667923742,84006998.0,-1.49,1528732800000.0,-0.72,-4493611.0,3276665.0,1.04,2.535,31469.0,1.59,,43.99,亿嘉和,-34.931,,205530420.0,0,26.77,沪市主板
SH688787,,0.0,11.775,82,-5.38,False,0.01,6.641,60325180.0,80.45,6.68,133.9431,-30.59,4853160731.0,1790697600000.0,4853160731.0,0.123,1.0,2.752295189421019,-33.54,-0.06,39.508940508727505,132809523.0,-4.57,1628784000000.0,0.33,-453638.0,1619599.0,1.19,6.641,31453.0,2.68,,277.59,海天瑞声,241.611,,60325180.0,0,85.02,科创板
SH600713,3.0153252707975975,0.0,0.1196,11,0.2,False,0.01,0.903,1289814116.0,5.01,1.8,,-3.44,6461968721.0,1790697600000.0,6553903824.0,5.19,100.0,8.899073305289441,755.83,0.0,0.6728161614756756,49165976.0,0.01,836150400000.0,0.48,2952866.0,9779716.0,1.23,0.904,31451.0,0.76,,18.06,南京医药,10.436,,1308164436.0,0,5.0,沪市主板
SH603232,,0.0,9.7246,11,-4.28,False,0.01,2.831,231299995.0,15.44,4.34,,-32.72,3571271923.0,1790697600000.0,3590503987.0,,100.0,-5.618190365524241,110.87,0.06,-11.159130803738492,158714754.0,-0.69,1492704000000.0,-0.31,-8743809.0,10148620.0,0.5,2.85,31215.0,4.39,,43.98,格尔软件,-49.06,,232545595.0,0,16.13,沪市主板
SH601330,6.51649461614352,0.0,3.1937,11,2.21,False,0.01,1.445,989095351.0,8.32,2.95,6.2014,27.61,8229273320.0,1790697600000.0,11900970790.0,3.966,100.0,8.486320462457586,110.52,0.12,-0.14722526252568535,105778987.0,0.18,1528646400000.0,0.49,568885.0,12798700.0,1.26,1.371,31195.0,1.29,,44.07,绿色动力,16.884,,1430405143.0,0,8.14,沪市主板
SH603106,,0.0,12.9678,11,-0.98,False,0.01,2.799,520520000.0,7.09,2.93,,-33.49,3690486800.0,1790697600000.0,3690486800.0,0.282,100.0,1.86848287055849,-13.1,0.0,-20.615298047786457,51607352.0,-0.07,1505836800000.0,0.05,-2587932.0,7241000.0,0.83,2.799,31178.0,1.39,,44.0,恒银科技,150.597,,520520000.0,0,7.16,沪市主板
SH603010,,0.0,1.9144,11,-0.9,False,0.01,2.765,570778293.0,12.18,3.42,31.6657,15.86,6952079609.0,1790697600000.0,7125668969.0,0.082,100.0,-31.84671162558614,322.77,0.0,12.833919461706378,72140528.0,-0.11,1412870400000.0,-1.68,-6841006.0,5850361.0,0.8,2.764,31168.0,1.02,,44.02,万盛股份,-7.238,,585030293.0,0,12.29,沪市主板
SH600735,,,2.1915,11,-2.11,False,0.01,2.626,425451827.0,6.51,2.86,18.2875,37.05,2769691394.0,,2791346206.0,,100.0,-11.788249462098282,246.72,-0.31,-20.083777616594777,21038707.0,-0.14,838310400000.0,-0.31,-468390.0,3197300.0,0.89,2.626,31168.0,0.75,,970.0,ST新华锦,-20.762,,428778219.0,0,6.65,沪市主板
SH603800,-54.47233353340268,0.0,9.8543,11,-3.89,False,0.01,13.806,208000000.0,50.93,7.08,75.9833,4.43,10593440000.0,1790697600000.0,10593440000.0,,100.0,0.36464124273262327,257.79,-0.04,-21.83972388288753,216379411.0,-2.06,1449676800000.0,0.01,-5884088.0,4164822.0,1.15,13.806,31032.0,2.0,,44.02,洪田股份,3796.078,,208000000.0,0,52.99,沪市主板
SH603180,,,0.8057,11,-0.88,False,0.01,0.951,154257140.0,15.75,2.77,,-22.22,2429549955.0,,2429549955.0,0.629,100.0,-6.251199557609077,-7.81,-0.06,-9.973204256211353,12994552.0,-0.14,1494518400000.0,-1.1,-1254868.0,824200.0,0.85,0.951,31029.0,0.53,,43.99,金牌家居,-14.376,,154257140.0,0,15.89,沪市主板
SH603579,-0.7558734548545942,0.0,2.0443,11,0.17,False,0.01,1.299,201052364.0,17.83,4.1,43.0813,-23.08,3584763650.0,1790697600000.0,3584763650.0,2.782,100.0,7.3805183176106475,10.22,0.22,1.2158022513098166,43416985.0,0.03,1484064000000.0,0.88,1879131.0,2404800.0,0.8,1.299,31023.0,1.2,,44.0,荣泰健康,20.188,,201052364.0,0,17.8,沪市主板
SH600909,49.64089740739972,0.0,5.6656,11,-3.47,False,0.01,1.38,5024209278.0,7.5,4.76,4.8975,12.14,37681569585.0,1790697600000.0,37681569585.0,2.92,100.0,12.573285082515525,26.51,0.0,31.881696153999094,630685838.0,-0.27,1480953600000.0,0.63,-83239976.0,82610895.0,1.34,1.379,30930.0,1.64,,43.99,华安证券,11.887,,5024209278.0,0,7.77,沪市主板
SH600361,-2.8897687383309667,0.0,0.1581,11,-1.15,False,0.01,1.156,3732662913.0,3.45,2.87,10.0247,-16.6,12877687050.0,1790697600000.0,12877687050.0,2.551,100.0,7.5271234493424695,28.66,0.29,5.5697276496598835,145464597.0,-0.04,1006963200000.0,0.22,-23360721.0,41902100.0,1.59,1.156,30855.0,1.12,,118.99,创新新材,15.573,,3732662913.0,0,3.49,沪市主板
SH603599,-22.53140475095261,0.0,2.9015,11,0.87,False,0.01,0.926,910269345.0,10.39,2.52,19.3686,-7.39,9457698495.0,1790697600000.0,9457698495.0,2.647,100.0,6.624521404917981,161.36,0.29,-19.836792866121844,66430676.0,0.09,1431446400000.0,0.73,-979495.0,6374278.0,0.98,0.926,30846.0,0.7,,44.01,广信股份,14.257,,910269345.0,0,10.3,沪市主板
SH600616,-74.92835597286249,,6.9199,11,-1.71,False,0.01,1.83,669004950.0,5.18,5.69,130.3535,-2.1,3465445641.0,,3465445641.0,0.965,100.0,0.1772724152596647,966.06,-0.19,-6.919950117927809,180978166.0,-0.09,717696000000.0,0.01,7897031.0,34816644.0,0.46,1.83,30821.0,5.2,,217.16,金枫酒业,1014.969,,669004950.0,0,5.27,沪市主板
SH603699,36.71112130411471,0.0,4.0236,11,-1.32,False,0.01,7.207,761569462.0,42.64,3.22,18.2613,-16.21,32473321860.0,1790697600000.0,33236397706.0,3.382,100.0,38.88838764149365,191.42,0.21,17.051413093340372,152580564.0,-0.57,1389888000000.0,2.18,-6084732.0,3534392.0,1.01,7.168,30806.0,0.46,,43.49,纽威股份,19.578,,779465237.0,0,43.21,沪市主板
SH603122,,0.0,8.3186,11,-2.16,False,0.01,5.201,398052633.0,13.56,6.28,,-44.43,5397593703.0,1790697600000.0,5397593703.0,,100.0,-3.1452221227823727,187.02,-0.44,-17.01223492004428,444745557.0,-0.3,1644940800000.0,-0.08,25922553.0,31991600.0,0.53,5.201,30771.0,8.04,,43.91,合富中国,-159.673,,398052633.0,0,13.86,沪市主板
SH600644,-5.734331527474601,0.0,1.5888,11,2.25,False,0.01,2.538,578320818.0,9.08,3.6,10.7932,-6.7,5251153027.0,1790697600000.0,5251153027.0,0.165,100.0,1.0839046376465902,185.36,0.44,2.4101672767171234,224779196.0,0.2,735753600000.0,0.04,26685072.0,24792067.0,0.89,2.538,30741.0,4.29,,3550.0,乐山电力,235.34,,578320818.0,0,8.88,沪市主板
SH600757,-11.024395657676756,0.0,1.3761,11,-0.94,False,0.01,0.894,1213497103.0,7.36,1.88,13.0336,-12.67,8931338678.0,1790697600000.0,8932466009.0,5.571,100.0,8.254966710513003,277.38,-0.14,-4.415621943816161,63743948.0,-0.07,844272000000.0,0.67,2483781.0,8636926.0,1.21,0.894,30717.0,0.71,,110.53,长江传媒,11.001,,1213650273.0,0,7.43,沪市主板
SH600358,-5.182426632591863,,13.316,11,-3.87,False,0.01,134.103,504936660.0,5.47,4.92,,-9.74,2762003530.0,,6362460087.0,,100.0,-50.51864203136138,20.71,-0.18,-2.4562031220518032,64890081.0,-0.22,969552000000.0,-0.02,-13265544.0,11685300.0,0.54,2.954,30696.0,2.31,,188.4,国旅联合,-230.528,,1163155409.0,0,5.69,沪市主板
SH601588,,0.0,0.9957,11,-1.64,False,0.01,1.041,2660000000.0,1.8,3.83,4.3169,3.45,4788000000.0,1790697600000.0,6060636000.0,,100.0,-32.76254209869835,-28.94,0.0,-27.058003230936023,93138881.0,-0.03,1160928000000.0,-0.68,-4605876.0,51190801.0,0.95,1.041,30664.0,1.92,,51.25,北辰实业,-2.655,,3367020000.0,0,1.83,沪市主板
SH600067,-28.409408360128374,0.0,0.2952,11,0.38,False,0.01,0.672,1391668739.0,2.67,3.76,4.1719,-35.03,3715755533.0,1790697600000.0,3715755533.0,1.086,100.0,0.2231972193578043,290.41,-0.37,9.954991956148485,90027939.0,0.01,863020800000.0,0.01,-5839242.0,33288846.0,1.12,0.672,30628.0,2.39,,0.0,冠城新材,300.245,,1391668739.0,0,2.66,沪市主板
SH600815,,0.0,9.4907,11,0.52,False,0.01,4.833,1774094480.0,3.84,8.64,,11.3,6812522803.0,1790697600000.0,6812522803.0,,100.0,-8.7205617264511,71.48,-0.26,-2.083500015580686,547763568.0,0.02,759686400000.0,-0.07,-11004844.0,138997951.0,0.77,4.833,30581.0,7.83,,169.0,厦工股份,-53.212,,1774094480.0,0,3.82,沪市主板
SH600874,0.9701139777561485,0.0,1.8039,11,0.54,False,0.01,0.837,1230418085.0,5.55,1.09,2.3553,-2.91,6828820372.0,1790697600000.0,8715820372.0,3.766,100.0,8.653417156596701,254.29,0.0,1.7632880858116984,37233254.0,0.03,804441600000.0,0.56,-190145.0,6714900.0,1.27,0.836,30540.0,0.55,,64.0,创业环保,9.928,,1570418085.0,0,5.52,沪市主板
SH600984,48.78451533321806,0.0,1.8214,11,1.39,False,0.01,2.934,1257043925.0,3.65,2.5,8.9362,-10.76,4588210326.0,1790697600000.0,4588210326.0,,100.0,-60.82635233045265,3.92,0.55,-8.298552798266702,105973719.0,0.05,1089129600000.0,-1.79,-947732.0,29241120.0,1.22,2.934,30528.0,2.33,,31.09,建设机械,-2.04,,1257043925.0,0,3.6,沪市主板
SH600623,-13.475093659792247,0.0,0.393,11,2.36,False,0.01,0.815,1876034733.0,8.69,2.94,2.6622,14.16,16302741830.0,1790697600000.0,18418375174.0,1.266,100.0,2.4851300097360625,25.3,0.12,4.599757394615267,91713238.0,0.2,723398400000.0,0.26,8737955.0,10544092.0,0.82,0.815,30517.0,0.56,,217.65,华谊集团,33.043,,2119490814.0,0,8.49,沪市主板
SH603298,11.623474393124056,0.0,1.535,11,-0.64,False,0.01,2.334,1309812049.0,21.73,2.15,16.5603,-16.93,28462215825.0,1790697600000.0,28462215825.0,1.841,100.0,19.8815049916533,191.01,0.05,5.746137006790497,102539055.0,-0.14,1482768000000.0,1.75,-5853663.0,4680658.0,0.85,2.334,30425.0,0.36,,43.96,杭叉集团,12.426,,1309812049.0,0,21.87,沪市主板
SH600128,7.115510898404698,,0.3076,11,0.23,False,0.01,1.025,246767500.0,8.68,1.96,13.6037,-19.57,2141941900.0,,2184744716.0,1.671,100.0,2.058963381911684,128.07,0.12,-1.175140226778737,27913534.0,0.02,873043200000.0,0.17,2348482.0,3209000.0,1.15,1.025,30409.0,1.3,,0.0,苏豪弘业,49.85,,251698700.0,0,8.66,沪市主板
SH600468,-18.100682300737358,0.0,2.6513,11,0.34,False,0.01,3.152,1087735321.0,5.89,2.73,38.2336,-16.64,6406761041.0,1790697600000.0,6406761041.0,0.424,100.0,3.6770457852881613,184.84,0.51,9.152190299070618,74393620.0,0.02,992534400000.0,0.07,-2768861.0,12609880.0,0.82,3.152,30409.0,1.16,,340.15,百利电气,86.758,,1087735321.0,0,5.87,沪市主板
SH603976,-25.745669194333342,,6.9594,11,-1.15,False,0.01,4.284,171614529.0,29.25,4.66,32.0881,53.35,5019724973.0,,5019724973.0,0.875,100.0,1.4281431094566266,161.45,0.14,-4.632086870446795,83873869.0,-0.34,1503331200000.0,0.1,-3243693.0,2859364.0,0.73,3.801,30382.0,1.67,,43.99,正川股份,293.516,,171614529.0,0,29.59,沪市主板
SH603660,35.471319310290305,0.0,5.3913,11,-2.42,False,0.01,8.598,571492696.0,8.88,5.71,264.2972,-19.49,5074855140.0,1790697600000.0,5074855140.0,,100.0,-78.12788732029392,85.61,0.11,-23.434757886167045,123471226.0,-0.22,1480521600000.0,-0.99,-11352160.0,13737920.0,1.16,8.598,30342.0,2.4,,43.96,苏州科达,-8.963,,571492696.0,0,9.1,沪市主板
SH603693,-20.450452018703746,0.0,5.5922,11,0.9,False,0.01,1.558,891475880.0,12.36,2.29,9.8272,5.29,11018641877.0,1790697600000.0,11018641877.0,1.214,100.0,5.137575176117878,65.1,0.16,-1.5600804186937545,168122137.0,0.11,1530547200000.0,0.4,8451184.0,13647132.0,0.77,1.558,30289.0,1.53,,44.0,江苏新能,30.806,,891475880.0,0,12.25,沪市主板
SH601068,,0.0,0.5918,11,2.54,False,0.01,4.27,2559590667.0,4.44,3.23,9.6165,-16.07,11364582561.0,1790697600000.0,13261915773.0,,100.0,3.8630236219660072,7.85,0.0,-1.2449894477404633,95414230.0,0.11,1535644800000.0,0.09,8530214.0,21529500.0,0.91,4.272,30228.0,0.84,,44.06,中铝国际,50.598,,2986917967.0,0,4.33,沪市主板
SH600805,59.45710013701706,,1.4804,11,0.43,False,0.01,0.921,850275368.0,4.65,2.59,13.6666,-13.41,3953780461.0,,3956659397.0,1.075,100.0,1.8900058518280214,364.26,0.0,-3.899550173394628,33877235.0,0.02,757526400000.0,0.1,-98002.59999999963,7260290.0,0.91,0.921,30211.0,0.85,,135.15,悦达投资,48.264,,850894494.0,0,4.63,沪市主板
SH601609,19.15736751119823,0.0,0.1324,11,-5.2,False,0.01,1.883,1728638193.0,11.11,6.23,,3.99,19205170324.0,1790697600000.0,19205170324.0,1.224,100.0,8.614197608239762,55.18,-0.18,14.818538571953255,499337357.0,-0.61,1587484800000.0,0.48,-24972098.0,44011080.0,0.88,1.883,30161.0,2.55,,43.97,金田股份,23.383,,1728638193.0,0,11.72,沪市主板
SH601128,12.467672984538458,0.0,1.9115,11,0.32,False,0.01,0.698,3648179244.0,6.28,1.44,,-0.17,22910565652.0,1790697600000.0,22910565652.0,3.806,100.0,13.96713589298019,115.54,0.0,7.6751532167679715,274492773.0,0.02,1475164800000.0,1.21,28081860.0,43756496.0,0.99,0.683,30096.0,1.2,,43.93,常熟银行,5.173,,3648179244.0,0,6.26,沪市主板
SH603227,-13.455676566210828,0.0,1.4942,11,1.48,False,0.01,1.53,1071692689.0,7.53,2.7,26.4287,-7.89,8069845948.0,1790697600000.0,8069845948.0,1.992,100.0,10.321645361577371,143.0,0.13,-9.360709288226865,39788166.0,0.11,1431619200000.0,0.49,3361324.0,5298600.0,1.25,1.53,30062.0,0.49,,43.98,雪峰科技,15.33,,1071692689.0,0,7.42,沪市主板
SH600727,-6.096710447225762,,0.744,11,4.14,False,0.01,1.232,528583135.0,7.8,5.47,417.1765,14.79,4122948453.0,,4122948453.0,0.641,100.0,3.999872321644838,275.29,0.26,6.204100263586043,140609367.0,0.31,836236800000.0,0.25,14351434.0,18144880.0,2.32,1.232,29941.0,3.43,,114.97,鲁北化工,31.309,,528583135.0,0,7.49,沪市主板
SH600648,2.6274146947246058,0.0,2.095,11,1.55,False,0.01,0.857,1137770691.0,9.81,4.45,25.7803,1.38,11161530479.0,1790697600000.0,13340738859.0,3.568,100.0,6.146364095344756,83.81,0.1,-4.0255768205823,62118225.0,0.15,736444800000.0,0.69,-5392443.0,6336673.0,2.23,0.857,29935.0,0.56,,33.93,外高桥,14.15,,1359912218.0,0,9.66,沪市主板
SH688366,-31.467056700226948,0.0,2.9027,82,-1.97,False,0.01,1.285,194051855.0,29.78,3.36,21.5652,-30.25,5778864242.0,1790697600000.0,6814622767.0,2.864,1.0,2.79572116107648,-69.72,-0.1,-5.560291791106675,10369092.0,-0.6,1572364800000.0,0.67,330707.0,344084.0,0.8,1.285,29915.0,0.18,,46.48,昊海生科,44.665,,228832195.0,0,30.38,科创板
SH603368,-10.449436237039222,0.0,0.2858,11,0.26,False,0.01,0.767,397211355.0,15.22,1.38,5.375,-11.05,6045556823.0,1790697600000.0,6045556823.0,4.363,100.0,8.30518657278657,61.27,0.0,0.9080682834441189,39919844.0,0.04,1417622400000.0,1.63,-1026931.0,2617700.0,0.99,0.767,29851.0,0.66,,44.01,柳药集团,9.31,,397211355.0,0,15.18,沪市主板
SH603066,-19.307096018133695,,2.0292,11,-0.11,False,0.01,1.783,294180074.0,9.27,2.05,93.3981,-13.48,2727049286.0,,2727049286.0,0.367,100.0,7.50047159973422,101.05,0.0,-2.468348496829176,28334236.0,-0.01,1433952000000.0,0.38,-848669.0,3048000.0,0.85,1.783,29851.0,1.04,,44.01,音飞储存,24.514,,294180074.0,0,9.28,沪市主板
SH600007,-1.4732637642912882,0.0,5.6436,11,1.02,False,0.01,2.242,1007282534.0,20.71,3.37,13.6516,10.68,20860821279.0,1790697600000.0,20860821279.0,5.167,100.0,13.023294527452064,713.59,0.44,-2.869639795693091,87934113.0,0.21,921168000000.0,1.19,5522152.0,4243639.0,2.06,2.242,29840.0,0.42,,0.0,中国国贸,17.335,,1007282534.0,0,20.5,沪市主板
SH603628,-56.47934807597359,,1.6483,11,0.78,False,0.01,2.13,272173673.0,10.28,2.06,73.8724,-23.51,2797945358.0,,2802730184.0,0.418,100.0,-0.6179981288096178,60.33,0.39,-9.893490799334382,39855158.0,0.08,1484150400000.0,-0.03,485936.0,3879000.0,0.81,2.134,29817.0,1.43,,43.99,清源股份,-338.159,,272639123.0,0,10.2,沪市主板
SH600807,37.87900449296071,,7.1437,11,-0.75,False,0.01,8.626,787525589.0,2.66,3.36,61.5467,-13.64,2094818067.0,,2353128384.0,,100.0,-127.92779029769912,104.63,0.38,-24.977053822669127,36056942.0,-0.02,757526400000.0,-0.25,879968.0,13514090.0,1.01,8.625,29759.0,1.72,,89.0,济高发展,-10.82,,884634731.0,0,2.68,沪市主板
SH688385,12.300175416051662,0.0,10.2416,82,-3.31,False,0.01,6.406,539389250.0,54.32,4.63,32.6897,-26.23,29299624060.0,1790697600000.0,44744429660.0,0.107,1.0,13.640347978478347,2.43,0.26,10.871988833158097,625868793.0,-1.86,1628006400000.0,1.08,35408.0,11353998.0,1.07,6.406,29753.0,2.1,,797.27,复旦微电,50.395,,823719250.0,0,56.18,科创板
SH600997,-77.51242876235325,0.0,0.4676,11,1.72,False,0.01,0.625,1587799851.0,5.31,3.26,,-7.31,8431217209.0,1790697600000.0,8431217209.0,0.377,100.0,-3.8268365553119743,159.57,-0.19,-6.531674370189489,59878869.0,0.09,1086105600000.0,-0.33,2666193.0,11299501.0,1.17,0.625,29702.0,0.71,,55.71,开滦股份,-15.871,,1587799851.0,0,5.22,沪市主板
SH603721,,,7.1781,11,-2.11,False,0.01,4.946,130000000.0,18.06,2.38,67.424,-5.78,2347800000.0,,2347800000.0,0.443,100.0,5.771233967751953,188.92,-0.22,9.485818803121138,66855215.0,-0.39,1502380800000.0,0.21,-895647.0,3673400.0,0.71,4.946,29660.0,2.83,,43.97,中广天择,87.367,,130000000.0,0,18.45,沪市主板
SH605179,40.73812624051683,0.0,3.3568,11,2.76,False,0.01,8.375,401000000.0,24.21,6.03,30.3972,16.09,9708210000.0,1790697600000.0,9708210000.0,0.281,100.0,5.0833921285823145,87.32,0.46,2.893240310094214,376239127.0,0.65,1609084800000.0,0.14,12012330.0,15612897.0,0.67,8.375,29639.0,3.89,,43.97,一鸣食品,167.419,,401000000.0,0,23.56,沪市主板
SH603268,,0.0,5.7936,11,2.38,False,0.01,17.063,233249792.0,218.75,4.86,30.7236,162.35,51023392000.0,1790697600000.0,222844330844.0,,100.0,67.69041690180457,2130.14,0.29,617.5535278919156,1885362921.0,5.09,1426694400000.0,5.51,-17145141.849999994,8515561.0,1.73,11.142,29619.0,3.65,,44.0,松发股份,39.679,,1018716941.0,0,213.66,沪市主板
SH688630,47.41813868923781,0.0,28.9001,82,-5.64,False,0.01,10.232,131740716.0,366.77,10.28,109.966,173.38,48318542407.0,1790697600000.0,53733681395.0,0.171,1.0,11.590191720119128,716.3,-0.06,42.11525942224792,1348540820.0,-21.91,1617206400000.0,2.93,-2862585.0,3574047.0,1.33,10.098,29601.0,2.71,,189.56,芯碁微装,125.163,,146505116.0,0,388.68,科创板
SH600973,,0.0,0.1374,11,0.18,False,0.01,2.189,1371366248.0,5.72,2.28,11.8767,-21.64,7844214939.0,1790697600000.0,7844214939.0,,100.0,0.5949322725801284,462.33,0.18,14.267154357399159,51054185.0,0.01,1091376000000.0,0.02,-969320.0,8908100.0,0.87,2.189,29600.0,0.65,,17.95,宝胜股份,371.883,,1371366248.0,0,5.71,沪市主板
SH603713,16.328907848749385,0.0,0.8163,11,-1.37,False,0.01,2.403,174048542.0,66.93,6.79,,22.27,11649068916.0,1790697600000.0,11649068916.0,1.358,100.0,13.944791612073173,336.49,-0.4,15.706269974785858,180131285.0,-0.93,1531411200000.0,3.77,1829632.0,2640258.0,1.33,2.183,29599.0,1.52,,44.01,密尔克卫,17.758,,174048542.0,0,67.86,沪市主板
SH600191,195.1889006222022,0.0,5.5878,11,-1.36,False,0.01,2.468,484932000.0,8.73,3.84,757.703,-31.92,4233456360.0,1790697600000.0,4233456360.0,0.263,100.0,5.405743625867501,186.88,0.0,15.98722234011336,46289204.0,-0.12,913219200000.0,0.19,-3422700.0,5251560.0,0.9,2.468,29560.0,1.08,,0.0,华资实业,46.632,,484932000.0,0,8.85,沪市主板
SH601599,0.8137242822759738,,1.1148,11,-1.23,False,0.01,2.325,1160542453.0,3.21,2.15,18.9496,-19.35,3725341274.0,,3725341274.0,,100.0,6.611307378502413,-26.22,0.0,6.12585840336437,47627685.0,-0.04,1306425600000.0,0.09,-8541730.0,14808000.0,0.92,2.325,29553.0,1.28,,67.9,浙文影业,34.855,,1160542453.0,0,3.25,沪市主板
SH603708,14.404851095501957,0.0,0.3189,11,-0.44,False,0.01,2.339,638338675.0,8.95,1.78,3.2734,-23.1,5713131141.0,1790697600000.0,5713131141.0,3.363,100.0,8.271654544607387,9.92,0.11,0.2077478943508959,29023938.0,-0.04,1481558400000.0,0.32,-708315.0,3246335.0,1.1,2.339,29549.0,0.51,,43.99,家家悦,28.017,,638338675.0,0,8.99,沪市主板
SH688183,,0.0,7.8651,82,-2.57,False,0.01,13.9,837591234.0,105.22,7.4,42.9804,10.47,88131349641.0,1790697600000.0,90516669470.0,0.546,1.0,36.39332869446134,391.4,0.28,64.49912072184286,1405796311.0,-2.78,1614182400000.0,2.39,16871443.0,13048962.0,0.97,10.022,29463.0,1.56,,72.62,生益电子,44.083,,860261067.0,0,108.0,科创板
SH600239,,,1.5222,11,-1.39,False,0.01,2.071,1605686909.0,1.42,2.78,5.8017,-39.57,2280075411.0,,2280075411.0,,100.0,-15.047594773699775,52.05,-0.7,-13.469509901101674,22612527.0,-0.02,944064000000.0,-0.11,-944532.0,15733400.0,0.81,2.071,29432.0,0.98,,231.07,ST云城,-12.728,,1605686909.0,0,1.44,沪市主板
SH603103,,0.0,5.6207,11,-2.97,False,0.01,8.275,634200000.0,15.35,4.36,44.5214,-7.42,9734970000.0,1790697600000.0,9734970000.0,0.912,100.0,-8.213185916960123,21.39,0.13,-16.835736629869203,56226358.0,-0.47,1507737600000.0,-0.16,-4208083.0,3641000.0,0.93,8.274,29418.0,0.57,,44.01,横店影视,-93.098,,634200000.0,0,15.82,沪市主板
SH688187,11.336048769795081,0.0,1.9885,82,-0.96,False,0.01,1.386,868907512.0,44.17,2.76,16.4799,-12.69,38379644805.0,1790697600000.0,58777169708.0,2.581,1.0,9.962468851139011,-12.83,0.34,11.83083551078823,98346116.0,-0.43,1630944000000.0,3.11,-4199525.0,2211033.0,0.88,1.404,29373.0,0.25,,83.24,时代电气,14.207,,1330703412.0,0,44.6,科创板
SH688298,25.269266005284543,0.0,3.8222,82,-1.29,False,0.01,0.67,201600000.0,19.12,6.92,,-18.4,3854592000.0,1790697600000.0,3854592000.0,,1.0,-10.359939599822784,-61.05,0.37,9.97728769683821,63514126.0,-0.25,1580832000000.0,-3.14,-5530033.53,3247279.0,1.88,0.67,29358.0,1.61,,586.96,东方生物,-6.092,,201600000.0,0,19.37,科创板
SH600180,483.11182864039415,,0.1232,11,-2.01,False,0.01,0.456,1086627464.0,1.46,4.03,,-58.29,1586476097.0,,1586476097.0,,100.0,-74.66952989752843,-72.08,-0.68,-64.2715294648231,14539904.0,-0.03,899395200000.0,-3.91,-2903635.0,9794000.0,0.78,0.456,29343.0,0.9,,0.0,*ST瑞茂,-0.373,,1086627464.0,0,1.49,沪市主板
SH601965,9.76835781254528,0.0,2.7629,11,3.54,False,0.01,1.755,1002297837.0,14.05,6.12,10.3755,-13.65,14082284610.0,1790697600000.0,14087209837.0,1.708,100.0,14.105010451770575,254.7,-0.28,9.034194772248938,247259951.0,0.48,1339344000000.0,1.07,18937772.0,17694712.0,2.75,1.755,29246.0,1.77,,-7.56,中国汽研,13.088,,1002648387.0,0,13.57,沪市主板
SH600834,-4.1847803884942465,,5.3907,11,0.0,False,0.01,2.083,477381905.0,7.65,1.31,13.397,-9.05,3651971573.0,,3651971573.0,0.562,100.0,3.4040591623357126,209.35,-0.26,7.336164828841252,19393253.0,0.0,762019200000.0,0.12,314893.0,2531768.0,1.58,2.083,29241.0,0.53,,633.33,申通地铁,61.866,,477381905.0,0,7.65,沪市主板
SH688088,36.51817327823159,0.0,11.5407,82,-4.6,False,0.01,4.012,401170400.0,27.4,5.43,72.477,-44.26,10992068960.0,1790697600000.0,10992068960.0,0.799,1.0,9.067005025703025,-66.81,-0.07,13.858169457347614,151240869.0,-1.32,1563724800000.0,0.62,-14554568.0,5432113.0,1.9,4.012,29162.0,1.35,,126.97,虹软科技,44.501,,401170400.0,0,28.72,科创板
SH600684,,,2.4746,11,-0.82,False,0.01,3.119,853460723.0,3.61,3.02,94.2883,-17.2,3080993210.0,,3992928162.0,,100.0,7.7576330443934705,241.47,0.0,-20.514277656517866,52838056.0,-0.03,751737600000.0,0.06,551523.0,14599720.0,0.78,3.119,29112.0,1.71,,137.41,珠江股份,58.5,,1106074283.0,0,3.64,沪市主板
SH600505,,0.0,2.6215,11,1.53,False,0.01,3.141,364567500.0,10.59,2.4,12.375,-18.78,3860769825.0,1790697600000.0,3860769825.0,0.236,100.0,1.2491448060618173,195.66,0.09,0.6193009498267621,66399976.0,0.16,1022688000000.0,0.04,6168319.0,6297902.0,0.91,3.141,29064.0,1.73,,181.19,西昌电力,253.308,,364567500.0,0,10.43,沪市主板
SH600575,8.648033343335527,0.0,0.5729,11,2.22,False,0.01,1.094,3886261065.0,3.23,2.53,5.4215,-0.2,12552623240.0,1790697600000.0,23148738709.0,5.882,100.0,8.401568943874093,417.71,0.31,15.727357388308572,146166821.0,0.07,1048780800000.0,0.19,34847477.0,45630584.0,1.95,1.094,29029.0,1.17,,69.63,淮河能源,16.629,,7166792170.0,0,3.16,沪市主板
SH601156,5.936760909434002,0.0,1.0756,11,0.44,False,0.01,1.468,944595556.0,18.47,3.05,3.9488,4.62,17446679919.0,1790697600000.0,29322151119.0,3.665,100.0,14.709249804349461,12.7,0.05,14.213389054029646,137769346.0,0.08,1623168000000.0,1.77,-2330175.0,7410547.0,1.11,1.468,28996.0,0.78,,44.01,东航物流,10.407,,1587555556.0,0,18.39,沪市主板
SH603088,-16.63444621825201,0.0,5.2371,11,-2.12,False,0.01,4.4,437871840.0,9.69,4.95,20.5131,-4.66,4242978130.0,1790697600000.0,4868139391.0,1.754,100.0,9.626159767662578,550.47,0.21,11.711333307857764,60063447.0,-0.21,1415635200000.0,0.21,-1349013.0,6119600.0,1.06,4.4,28974.0,1.4,,43.99,宁波精达,46.35,,502387966.0,0,9.9,沪市主板
SH600429,,0.0,1.1121,11,-0.82,False,0.01,1.474,1497557426.0,4.81,2.89,20.6905,-6.39,7203251219.0,1790697600000.0,7203251219.0,0.769,100.0,-4.43517794427883,9.54,0.0,-5.632244222259364,71898391.0,-0.04,1063555200000.0,-0.15,2492756.0,14977400.0,0.89,1.478,28970.0,1.0,,180.77,三元股份,-32.232,,1497557426.0,0,4.85,沪市主板
SH600234,-88.44012061753442,,12.1681,11,-1.93,False,0.01,10.929,262520973.0,18.82,5.99,,46.46,4940644712.0,,4940644712.0,,100.0,-8.41700760463231,176.57,-0.11,85.7907477758934,43743761.0,-0.37,960998400000.0,-0.15,1180824.0,2271500.0,1.08,10.929,28949.0,0.87,,244.9,科新发展,-124.374,,262520973.0,0,19.19,沪市主板
SH600543,32.44305868919899,,5.0489,11,0.0,False,0.01,1.94,321120000.0,4.07,1.97,,-23.35,1306958400.0,,1306958400.0,,100.0,-14.33982731441486,-14.13,0.25,14.344263603744633,3742689.0,0.0,1080057600000.0,-0.32,0.0,916900.0,0.61,1.94,28911.0,0.29,,88.73,*ST莫高,-12.558,,321120000.0,0,4.07,沪市主板
SH688608,39.19811132267383,0.0,8.8196,82,-0.22,False,0.01,3.683,236886047.0,109.37,3.9,46.7389,-31.96,25908226960.0,1790697600000.0,25908226960.0,0.914,1.0,6.707800172953562,-44.17,0.2,4.126790367750144,687894017.0,-0.24,1608048000000.0,1.94,-15572983.0,6243137.0,1.11,3.683,28892.0,2.64,,123.36,恒玄科技,56.286,,236886047.0,0,109.61,科创板
SH600785,-24.144695129810188,,0.5682,11,1.03,False,0.01,1.484,315883792.0,10.76,3.66,3.9017,11.92,3398909602.0,,3398909602.0,0.66,100.0,2.4983314411632462,738.2,0.0,-0.4205223113684542,191574317.0,0.11,852652800000.0,0.18,3701269.0,17958554.0,0.99,1.484,28853.0,5.69,,0.0,新华百货,59.556,,315883792.0,0,10.65,沪市主板
SH600790,,0.0,6.74,11,2.45,False,0.01,0.98,1465790928.0,3.77,6.79,,1.72,5526031799.0,1790697600000.0,5526031799.0,2.944,100.0,3.2408974313657315,257.11,0.0,-3.033200398237079,197449834.0,0.09,857059200000.0,0.13,42103077.0,52710633.0,0.81,0.98,28743.0,3.6,,0.0,轻纺城,28.111,,1465790928.0,0,3.68,沪市主板
SH688567,-0.7026102506997312,0.0,1.3752,82,2.5,False,0.01,1.296,1222103885.0,9.43,5.0,6.3411,-39.74,11524439636.0,1790697600000.0,11524439636.0,,1.0,-10.475687074451281,-72.26,0.43,-22.761358069100012,154314404.0,0.23,1594915200000.0,-0.8,283163.0,16287221.0,1.84,1.296,28734.0,1.33,,75.85,孚能科技,-11.746,,1222103885.0,0,9.2,科创板
SH605006,,0.0,3.1891,11,-2.4,False,0.01,3.011,653601304.0,14.23,5.69,31.0878,94.93,9300746556.0,1790697600000.0,9300746556.0,,100.0,0.24598462797904386,294.99,0.49,15.983280332776673,299814902.0,-0.35,1599062400000.0,0.01,325551.0,20773750.0,0.68,2.971,28725.0,3.18,,44.01,山东玻纤,1315.907,,653601304.0,0,14.58,沪市主板
SH600714,22.666577432373213,0.0,16.1633,11,-0.58,False,0.01,6.374,288176273.0,17.05,4.55,147.7711,39.07,4913405455.0,1790697600000.0,4913405455.0,0.117,100.0,1.4413944168218553,342.98,0.12,0.6411104244452792,179608293.0,-0.1,833990400000.0,0.04,-570546.0,10427300.0,0.58,6.374,28703.0,3.62,,103.92,金瑞矿业,441.71,,288176273.0,0,17.15,沪市主板
SH688388,214.68968503397593,0.0,1.323,82,-2.22,False,0.01,2.091,659907307.0,26.45,6.47,,-6.47,17454548270.0,1790697600000.0,17454548270.0,0.117,1.0,5.252961274200963,-15.51,0.04,54.37898252937441,709139465.0,-0.6,1563724800000.0,0.61,11691016.0,26250969.0,0.72,2.091,28669.0,3.98,,100.5,嘉元科技,43.364,,659907307.0,0,27.05,科创板
SH603767,,0.0,4.962,11,-1.28,False,0.01,3.289,308631500.0,14.64,3.64,29.9216,-39.13,4518365160.0,1790697600000.0,4518365160.0,,100.0,-0.3153661598390796,55.1,0.21,-6.31004809970187,172822445.0,-0.19,1497283200000.0,-0.01,21743120.0,11702800.0,0.66,3.289,28658.0,3.79,,43.97,中马传动,-1041.857,,308631500.0,0,14.83,沪市主板
SH688099,29.187169981824578,0.0,5.097,82,-2.3,False,0.01,5.021,423319995.0,94.57,4.82,,8.61,40033371927.0,1790697600000.0,40033371927.0,0.209,1.0,13.205864199277183,-29.63,0.17,18.589433176986738,1201073707.0,-2.23,1565193600000.0,2.33,-17086272.200000003,12603310.0,1.24,5.021,28626.0,2.98,,272.36,晶晨股份,40.552,,423319995.0,0,96.8,科创板
SH603989,-3.9913911262045576,0.0,2.5091,11,-0.44,False,0.01,2.699,398779860.0,26.89,5.85,53.921,60.88,10723190435.0,1790697600000.0,10723190435.0,0.744,100.0,7.4892115872243705,155.32,0.26,10.680037095868954,352989484.0,-0.12,1431619200000.0,0.73,12697514.0,12944866.0,0.73,2.699,28612.0,3.25,,44.02,艾华集团,36.984,,398779860.0,0,27.01,沪市主板
SH603015,-15.79300625978124,0.0,5.0761,11,1.75,False,0.01,3.059,404219000.0,10.48,6.02,88.479,-15.97,4236215120.0,1790697600000.0,4236215120.0,0.763,100.0,2.84678699141014,85.59,0.29,5.184168811256962,71272833.0,0.18,1425312000000.0,0.1,12513425.0,6753300.0,1.86,3.059,28610.0,1.67,,43.96,弘讯科技,106.395,,404219000.0,0,10.3,沪市主板
SH603998,24.189611818937507,,2.4209,11,-0.48,False,0.01,2.547,439081360.0,10.31,2.9,8.6226,-3.86,4526928822.0,,4526928822.0,3.395,100.0,19.60261518651119,180.54,0.19,7.17748091030701,98523718.0,-0.05,1417708800000.0,0.76,-6758575.0,9468900.0,1.38,2.547,28584.0,2.16,,43.97,方盛制药,13.521,,439081360.0,0,10.36,沪市主板
SH600148,303.18131141762075,,2.6489,11,-0.63,False,0.01,4.595,141516450.0,15.7,2.41,34.663,-19.57,2221808265.0,,2221808265.0,0.255,100.0,4.219837821409384,203.59,-0.19,9.423109768716653,22867917.0,-0.1,895593600000.0,0.14,-982840.0,1443979.0,1.05,4.595,28563.0,1.02,,0.0,长春一东,110.386,,141516450.0,0,15.8,沪市主板
SH601828,,0.0,1.4902,11,-2.69,False,0.01,0.42,3612402239.0,2.17,4.04,6.3088,-19.63,7838912859.0,1790697600000.0,9447502684.0,,100.0,-65.03193959620248,-78.53,-0.46,-19.06922817165071,134169505.0,-0.06,1516118400000.0,-5.0,-17680729.0,60890759.0,1.07,0.42,28563.0,1.69,,43.99,美凯龙,-0.434,,4353687873.0,0,2.23,沪市主板
SH603987,-2.234755242573616,,1.4596,11,-0.4,False,0.01,1.167,436790880.0,7.56,2.5,7.3395,-10.1,3302139053.0,,3302139053.0,2.249,100.0,8.38326546108843,61.24,0.0,-3.199257292619373,39885925.0,-0.03,1479657600000.0,0.52,769799.0,5250100.0,1.48,1.167,28540.0,1.2,,44.0,康德莱,14.511,,436790880.0,0,7.59,沪市主板
SH603229,-28.604792562675996,0.0,8.5963,11,-2.42,False,0.01,2.801,830297145.0,8.06,4.6,97.3524,-18.15,6692194989.0,1790697600000.0,6692194989.0,0.794,100.0,3.3674259074737525,246.8,-0.12,-1.9757775848382342,65045103.0,-0.2,1494259200000.0,0.1,-3732913.0,7970074.0,0.6,2.801,28492.0,0.96,,44.05,奥翔药业,82.554,,830297145.0,0,8.26,沪市主板
SH600192,56.60968255905709,,2.1215,11,0.28,False,0.01,4.71,441748000.0,7.21,3.34,,-28.9,3185003080.0,,3185003080.0,,100.0,-42.809067589463396,41.22,0.42,-11.842819107547708,61421640.0,0.02,914428800000.0,-0.84,2708962.0,8524839.0,0.61,4.71,28490.0,1.93,,0.0,长城电工,-8.561,,441748000.0,0,7.19,沪市主板
SH688106,-29.80264473975227,0.0,4.4209,82,-1.83,False,0.01,3.258,530554892.0,24.2,3.94,22.6638,24.6,12839428386.0,1790697600000.0,12979086586.0,1.021,1.0,3.318977608293985,-34.86,-0.17,8.64797935833581,214103063.0,-0.45,1592236800000.0,0.22,-7149125.0,8753838.0,0.86,3.252,28472.0,1.65,,151.49,金宏气体,110.351,,536325892.0,0,24.65,科创板
SH603158,-30.470264626492593,0.0,1.1349,11,-2.15,False,0.01,2.148,490770148.0,10.0,3.82,19.2402,-5.03,4907701480.0,1790697600000.0,4907701480.0,0.59,100.0,3.308096533138169,111.72,0.0,10.905893893954044,116434655.0,-0.22,1426780800000.0,0.15,1616354.0,11543600.0,1.39,2.148,28457.0,2.35,,43.98,腾龙股份,65.052,,490770148.0,0,10.22,沪市主板
SH600981,-25.82694911392599,0.0,0.0931,11,-1.24,False,0.01,1.118,2242433192.0,2.39,3.31,,-23.54,5359415329.0,1790697600000.0,5359415329.0,0.418,100.0,-6.421854333629678,52.79,0.0,6.623137662806067,40938829.0,-0.03,1088524800000.0,-0.14,837142.0,17146490.0,1.11,1.118,28405.0,0.76,,12.92,苏豪汇鸿,-16.782,,2242433192.0,0,2.42,沪市主板
SH601375,51.39086436103841,0.0,7.8811,11,-0.76,False,0.01,1.235,3447519700.0,3.91,2.28,2.326,-8.59,13479802027.0,1790697600000.0,18153679177.0,0.87,100.0,4.2494423439339934,-13.19,0.0,10.956864634920693,91613349.0,-0.03,1483372800000.0,0.13,-16588916.0,23290999.0,0.98,1.233,28334.0,0.68,,44.0,中原证券,29.528,,4642884700.0,0,3.94,沪市主板
SH603029,6.985292373171226,,2.0184,11,0.06,False,0.01,2.128,121342000.0,16.66,3.06,125.2872,-7.56,2021557720.0,,2021557720.0,1.11,100.0,8.23487770162394,81.03,0.36,15.561872161812197,35525409.0,0.01,1461686400000.0,0.63,-815347.0,2130800.0,0.94,2.128,28283.0,1.76,,44.01,天鹅股份,26.616,,121342000.0,0,16.65,沪市主板
SH688202,,0.0,10.2725,82,-1.68,False,0.01,7.1,134352184.0,105.83,10.45,86.0145,87.64,14218491633.0,1790697600000.0,14218491633.0,,1.0,-5.056295524830821,213.66,-0.16,6.26768944144358,978710824.0,-1.81,1572883200000.0,-0.77,962615.0,8944548.0,1.31,7.1,28259.0,6.66,,71.08,美迪西,-137.606,,134352184.0,0,107.64,科创板
SH600822,-47.32787400452683,,3.072,11,1.12,False,0.01,3.594,396147908.0,9.02,4.82,67.513,-15.78,3573254130.0,,4473675684.0,,100.0,2.0057530988465357,95.54,0.0,-28.600089035860687,53252691.0,0.1,760291200000.0,0.05,5287577.0,5871102.0,0.67,3.594,28213.0,1.48,,278.65,上海物贸,180.956,,495972914.0,0,8.92,沪市主板
SH605338,9.326230128406966,0.0,2.3969,11,4.45,False,0.01,2.058,239566662.0,18.77,5.95,12.5538,-36.83,4496666246.0,1790697600000.0,4496666246.0,6.393,100.0,12.60244774543525,42.3,0.32,5.177893941990264,85055316.0,0.8,1602432000000.0,1.15,13808031.0,4583326.0,2.84,2.058,28182.0,1.91,,44.03,巴比食品,16.29,,239566662.0,0,17.97,沪市主板
SH600918,25.232044583808722,0.0,3.0805,11,-1.11,False,0.01,0.943,4562824063.0,5.36,2.21,3.2687,-16.75,24456736978.0,1790697600000.0,42442307739.0,0.933,100.0,5.329211191788713,6.39,-0.19,9.306972262852863,134207146.0,-0.06,1591113600000.0,0.31,-6836395.0,24862056.0,1.15,0.943,28158.0,0.54,,44.06,中泰证券,17.142,,7918340996.0,0,5.42,沪市主板
SH601515,,0.0,4.3383,11,0.0,False,0.01,1.272,1924470671.0,3.18,2.52,,-26.05,6119816734.0,1790697600000.0,6119816734.0,,100.0,-8.898067904835946,-8.79,0.0,-15.884165326072575,44714333.0,0.0,1329321600000.0,-0.23,-4848388.0,13990004.0,1.2,1.272,28141.0,0.73,,20.98,衢州东峰,-13.8,,1924470671.0,0,3.18,沪市主板
SH603583,17.712356210498093,0.0,2.5479,11,-1.34,False,0.01,2.224,383293655.0,27.28,5.24,28.3726,-27.44,10456250908.0,1790697600000.0,10544318932.0,1.133,100.0,7.644905022543126,139.82,0.07,11.819239853571206,98531083.0,-0.37,1537459200000.0,0.92,7416554.0,3551977.0,0.84,2.22,28117.0,0.93,,43.98,捷昌驱动,29.669,,386521955.0,0,27.65,沪市主板
SH600901,10.004794679935847,0.0,6.1179,11,0.72,False,0.01,1.571,5790452431.0,6.99,3.03,14.9834,17.2,40475262493.0,1790697600000.0,40485146353.0,2.432,100.0,13.570444449778297,99.76,-0.14,14.268553529417204,253921774.0,0.05,1519833600000.0,0.58,19007620.0,36238566.0,1.49,1.571,28041.0,0.63,,44.0,江苏金租,11.958,,5791866431.0,0,6.94,沪市主板
SH603825,-17.439310032938515,,1.2201,11,-2.5,False,0.01,,253336552.0,7.42,3.02,,-18.1,1879757216.0,,1879757216.0,,100.0,-736.2590885723785,-47.42,0.41,-32.00048190759289,10224209.0,-0.19,1501603200000.0,-2.24,-2211524.0,1363800.0,1.06,-27.769,28028.0,0.54,,43.97,ST华扬,-3.313,,253336552.0,0,7.61,沪市主板
SH603600,-6.902994211999236,,0.6379,11,0.2,False,0.01,1.455,330433170.0,10.1,2.08,7.7939,-10.78,3337375017.0,,3337375017.0,4.95,100.0,10.338576728702176,147.82,0.1,16.966161307935955,42840549.0,0.02,1421942400000.0,0.72,1431050.0,4231371.0,1.18,1.455,27930.0,1.28,,44.03,永艺股份,14.076,,330433170.0,0,10.08,沪市主板
SH600653,-34.5012931038855,,1.0064,11,-1.19,False,0.01,5.135,1946380317.0,1.66,4.76,31.1842,-12.63,3230991326.0,,3230991326.0,,100.0,-19.79716674722326,,0.61,-18.628197375210178,68835307.0,-0.02,661536000000.0,-0.07,-12255478.0,41012319.0,0.53,5.135,27834.0,2.11,,,申华控股,-23.484,,1946380317.0,0,1.68,沪市主板
SH603609,-83.89078856523305,0.0,0.1529,11,-0.47,False,0.01,0.897,904016733.0,6.31,1.74,6.7758,-11.0,5704345585.0,1790697600000.0,5704345585.0,,100.0,-2.8184054174780755,47.88,0.32,2.6959982600786025,20909202.0,-0.03,1407427200000.0,-0.21,-735688.0,3318200.0,0.98,0.902,27775.0,0.37,,44.05,禾丰股份,-30.177,,904016733.0,0,6.34,沪市主板
SH605011,-8.524871185341665,0.0,2.3288,11,-0.52,False,0.01,3.074,400100000.0,19.11,5.0,67.804,-5.82,7645911000.0,1790697600000.0,7645911000.0,0.785,100.0,7.06540674157667,169.99,-0.05,1.1793956530129712,515551560.0,-0.1,1624982400000.0,0.43,-19125166.0,26589552.0,3.3,3.074,27740.0,6.65,,43.92,杭州热电,44.488,,400100000.0,0,19.21,沪市主板
SH600368,-5.797042848586321,0.0,5.3399,11,3.89,False,0.01,0.941,1609653858.0,4.27,3.65,8.0965,13.43,6873221974.0,1790697600000.0,6873221974.0,3.255,100.0,7.759768244858169,110.58,0.47,-8.70532583366872,195505609.0,0.16,977328000000.0,0.34,34330285.34,46032452.0,2.4,0.941,27694.0,2.86,,105.47,五洲交通,12.404,,1609653858.0,0,4.11,沪市主板
SH600156,,,4.1942,11,-2.72,False,0.01,8.282,402110702.0,7.15,9.52,,-13.36,2875091519.0,,2875091519.0,0.14,100.0,-12.27461399249599,18.3,-0.14,0.6118376700731121,251439818.0,-0.2,896198400000.0,-0.11,32845914.0,33834713.0,0.79,8.282,27692.0,8.41,,0.0,华升股份,-62.966,,402110702.0,0,7.35,沪市主板
SH603507,79.57230134354137,0.0,1.3102,11,-1.05,False,0.01,2.511,236303834.0,27.42,4.87,19.0172,36.75,6479451128.0,1790697600000.0,6551570115.0,0.842,100.0,9.76505837379628,31.09,0.15,17.296365145727897,285621278.0,-0.29,1509897600000.0,1.03,-73713.0,10334738.0,0.64,2.511,27689.0,4.37,,44.0,振江股份,26.682,,238933994.0,0,27.71,沪市主板
SH600379,-8.93324314563798,,3.3592,11,-3.52,False,0.01,5.497,330201564.0,13.45,6.1,119.3961,15.9,4441211036.0,,4441211036.0,0.476,100.0,6.672514901222912,285.03,0.07,0.7874081677877065,114498047.0,-0.49,1011110400000.0,0.16,-1140087.0,8352600.0,0.78,5.497,27667.0,2.53,,305.07,宝光股份,84.145,,330201564.0,0,13.94,沪市主板
SH603520,-31.82172933975481,,1.5223,11,-2.29,False,0.01,1.513,438409881.0,8.55,3.66,,-6.16,3748404483.0,,3748404483.0,3.509,100.0,0.8238424491408926,53.16,0.23,4.062662389354532,83437776.0,-0.2,1457452800000.0,0.05,-2117981.0,9679508.0,1.41,1.513,27661.0,2.21,,44.03,司太立,178.309,,438409881.0,0,8.75,沪市主板
SH601086,11.84903960692223,0.0,10.7684,11,1.88,False,0.01,5.648,666000000.0,13.58,9.45,34.117,35.37,9044280000.0,1790697600000.0,9044280000.0,0.729,100.0,7.529875835110792,399.1,0.07,-3.066974372753284,1019748662.0,0.25,1506614400000.0,0.18,63034736.0,74388994.0,0.94,5.648,27621.0,11.17,,43.99,国芳集团,76.152,,666000000.0,0,13.33,沪市主板
SH603258,,0.0,9.0132,11,-1.07,False,0.01,1.767,241341350.0,13.88,3.64,,-25.01,3349817938.0,1790697600000.0,3369574730.0,,100.0,-12.853079586885457,-30.16,0.29,-18.762533590006413,48860869.0,-0.15,1477411200000.0,-1.09,3067760.0,3488620.0,0.59,1.767,27617.0,1.45,,43.98,电魂网络,-12.785,,242764750.0,0,14.03,沪市主板
SH603890,101.8342502601198,0.0,1.587,11,-1.87,False,0.01,2.316,504016268.0,14.69,4.61,14.9834,-8.2,7403998977.0,1790697600000.0,7403998977.0,1.205,100.0,8.505731234631789,55.82,-0.07,15.47193255943049,218000113.0,-0.28,1513008000000.0,0.52,14342063.0,14613127.0,0.72,2.053,27612.0,2.9,,44.01,春秋电子,28.087,,504016268.0,0,14.97,沪市主板
SH601136,27.334942750944656,0.0,13.3804,11,-1.73,False,0.01,2.695,2733333800.0,13.65,2.52,,-27.01,37310006370.0,1790697600000.0,37310006370.0,1.231,100.0,8.370985921687916,65.92,0.0,16.425250516371136,128627958.0,-0.24,1671638400000.0,0.45,-10646223.0,9346334.0,1.05,2.695,27466.0,0.34,,43.99,首创证券,30.141,,2733333800.0,0,13.89,沪市主板
SH603897,14.584071913447595,0.0,0.4207,11,-4.33,False,0.01,2.458,206435681.0,28.3,7.71,,7.54,5842129772.0,1790697600000.0,5842129772.0,4.947,100.0,13.420494270435077,57.86,0.32,11.09004045543729,197169939.0,-1.28,1523289600000.0,1.55,-7946458.0,6838500.0,1.29,2.458,27456.0,3.31,,44.0,长城科技,18.261,,206435681.0,0,29.58,沪市主板
SH688321,11.431449541222904,0.0,10.1818,82,-4.6,False,0.01,4.392,442941642.0,24.06,6.82,85.7569,-17.51,10657175907.0,1790697600000.0,10657175907.0,0.241,1.0,4.45395692974637,-80.72,-0.33,32.41352578259471,267595347.0,-1.16,1565539200000.0,0.21,-19134728.0,10864125.0,1.42,4.392,27449.0,2.45,,366.52,微芯生物,114.905,,442941642.0,0,25.22,科创板
SH601886,6.863813955122433,0.0,0.626,11,-1.53,False,0.01,2.019,1133002060.0,12.89,3.36,7.7981,66.95,14604396553.0,1790697600000.0,14604396553.0,4.655,100.0,9.998843692040502,45.72,0.31,6.511208060029827,117256164.0,-0.2,1313596800000.0,0.64,-3439143.0,9096186.0,0.79,2.019,27419.0,0.8,,31.75,江河集团,20.204,,1133002060.0,0,13.09,沪市主板
SH600179,34.83562802762086,0.0,1.9953,11,0.92,False,0.01,1.485,3862278495.0,4.39,2.3,8.456,-20.47,16955402593.0,1790697600000.0,18576403438.0,,100.0,10.340074744460226,76.79,0.0,9.177241060715913,113511495.0,0.04,910108800000.0,0.29,14064474.0,25800796.0,1.17,1.485,27367.0,0.67,,0.0,安通控股,15.101,,4231526979.0,0,4.35,沪市主板
SH600609,20.390340493255678,0.0,0.965,11,-2.49,False,0.01,2.7,1304558558.0,3.53,3.31,12.2974,-23.27,4605091710.0,1790697600000.0,4605091710.0,0.935,100.0,14.048808483739137,-92.32,0.28,-0.7930930922911084,127850284.0,-0.09,711907200000.0,0.17,-9460846.0,35948563.0,0.71,2.7,27270.0,2.76,,64.5,金杯汽车,20.469,,1304558558.0,0,3.62,沪市主板
SH688300,21.817677619820653,0.0,27.4565,82,-3.42,False,0.01,18.841,241469190.0,139.36,10.05,124.2933,125.12,33651146318.0,1790697600000.0,33651146318.0,0.359,1.0,18.156228331708054,861.06,0.38,23.851849709152482,1201991032.0,-4.94,1573747200000.0,1.25,6315067.0,8389649.0,0.94,19.417,27269.0,3.47,,61.29,联瑞新材,111.054,,241469190.0,0,144.3,科创板
SH600654,124.53942097702604,0.0,3.1592,11,-1.66,False,0.01,4.493,2317431823.0,2.97,2.98,145.3209,-21.22,6882772514.0,1790697600000.0,8450866693.0,,100.0,5.541644190307844,,0.0,-7.122868888629885,123790101.0,-0.05,661536000000.0,0.03,-14715043.0,41412699.0,0.91,4.493,27254.0,1.79,,,中安科,85.467,,2845409661.0,0,3.02,沪市主板
SH600222,-5.025139457015271,,2.4589,11,-3.42,False,0.01,2.642,559363183.0,7.62,6.21,43.1313,16.04,4262347454.0,,4262347454.0,0.184,100.0,3.278877362245438,81.28,0.0,-6.323101605001513,118939770.0,-0.27,941731200000.0,0.09,-8327607.0,15299400.0,1.13,2.711,27232.0,2.74,,154.75,太龙药业,80.907,,559363183.0,0,7.89,沪市主板
SH601226,31.415950820217752,0.0,0.6895,11,1.54,False,0.01,1.737,1162223700.0,6.61,2.46,72.6538,-15.11,7682298657.0,1790697600000.0,7682298657.0,0.726,100.0,4.087921657661775,-10.43,0.15,19.87800209257873,63515716.0,0.1,1418227200000.0,0.15,4044190.0,9610194.0,1.23,1.737,27171.0,0.83,,44.0,华电科工,42.914,,1162223700.0,0,6.51,沪市主板
SH600906,36.13405300989907,0.0,5.7032,11,-1.11,False,0.01,1.582,2124234950.0,6.22,2.38,10.1372,-5.58,13212741389.0,1790697600000.0,20183900000.0,1.929,100.0,9.201925600223692,48.05,0.0,25.082019715317983,106591410.0,-0.07,1620316800000.0,0.35,-16914029.0,17057339.0,1.07,1.582,27124.0,0.8,,43.88,财达证券,17.724,,3245000000.0,0,6.29,沪市主板
SH600523,11.46508697164852,0.0,1.8234,11,-1.1,False,0.01,1.453,404044620.0,11.7,2.87,40.9768,-24.64,4727322054.0,1790697600000.0,4730442444.0,1.231,100.0,6.555757560165077,173.81,0.17,4.556048286239789,34879735.0,-0.13,1009382400000.0,0.52,-585728.0,2957625.0,1.34,1.453,27122.0,0.73,,100.61,贵航股份,22.701,,404311320.0,0,11.83,沪市主板
SH603711,,0.0,1.5735,11,3.69,False,0.01,1.437,412874100.0,12.07,5.07,10.5624,-9.62,4983390387.0,1790697600000.0,4983390387.0,0.58,100.0,5.9268739961265675,-20.94,0.25,-0.15871997389095283,80811338.0,0.43,1511971200000.0,0.49,2474218.0,6751657.0,2.58,1.437,27087.0,1.64,,44.01,香飘飘,24.489,,412874100.0,0,11.64,沪市主板
SH603528,-4.58028619201859,0.0,10.4154,11,-1.26,False,0.01,2.368,705930131.0,6.25,3.63,,-35.37,4412063319.0,1790697600000.0,4412063319.0,,100.0,-3.209609391013647,45.42,0.0,-5.582894478808232,40562466.0,-0.08,1462204800000.0,-0.09,-2047792.0,6426500.0,0.81,2.368,27077.0,0.91,,44.02,多伦科技,-72.761,,705930131.0,0,6.33,沪市主板
SH600791,30.050926202396823,,1.433,11,-3.31,False,0.01,,452313696.0,6.71,6.77,22.8309,43.38,3035024900.0,,3038824800.0,,100.0,-59.36389620343212,372.14,-0.15,-25.707680911475915,87919005.0,-0.23,854553600000.0,-2.48,319960.0,12835900.0,0.81,-4.356,27071.0,2.84,,0.0,京能置业,-2.711,,452880000.0,0,6.94,沪市主板
SH603969,44.08412208635837,0.0,1.8775,11,-0.56,False,0.01,2.066,851553800.0,7.16,2.36,35.8354,-28.53,6097125208.0,1790697600000.0,6240182008.0,0.978,100.0,15.412477733288213,108.35,0.14,7.990870329455979,48016413.0,-0.04,1424966400000.0,0.5,-2039356.0,6719072.0,1.04,2.066,27023.0,0.79,,44.02,银龙股份,14.348,,871533800.0,0,7.2,沪市主板
SH603032,-1.8629820685863718,,6.87,11,2.08,False,0.01,3.56,232881600.0,18.14,6.25,55.7826,-5.16,4224472224.0,,4227189596.0,0.237,100.0,6.377407546405029,342.96,0.28,6.801604753581714,133026628.0,0.37,1483545600000.0,0.32,12139629.0,7273407.0,1.63,3.563,26990.0,3.12,,44.06,德新科技,57.448,,233031400.0,0,17.77,沪市主板
SH603530,53.997462195542624,0.0,9.1915,11,-1.24,False,0.01,9.675,427464774.0,40.71,5.19,41.7804,-0.24,17402090950.0,1790697600000.0,17562472188.0,0.835,100.0,27.28704623167179,406.99,-0.22,31.579086457175777,117305261.0,-0.51,1564934400000.0,1.13,6733824.0,2846467.0,1.18,9.681,26970.0,0.67,,43.94,神马电力,36.123,,431404377.0,0,41.22,沪市主板
SH603515,-11.791120568838064,0.0,1.5787,11,0.0,False,0.01,1.662,737750549.0,14.87,1.41,10.9426,-14.02,10970350664.0,1790697600000.0,11037699868.0,6.369,100.0,12.324679642641389,42.81,0.13,-3.4455409157067685,14827278.0,0.0,1471536000000.0,1.09,506365.0,998051.0,0.84,1.664,26956.0,0.14,,43.98,欧普照明,13.699,,742279749.0,0,14.87,沪市主板
SH600106,-32.15453370858504,0.0,56.7888,11,0.22,False,0.01,1.137,1329025062.0,4.52,1.55,113.806,-27.38,6007193280.0,1790697600000.0,6007193280.0,0.575,100.0,1.0920810470251536,192.29,0.44,-5.458958723542018,39667165.0,0.01,866563200000.0,0.04,-6270526.0,8801300.0,0.68,1.137,26949.0,0.66,,0.0,重庆路桥,103.352,,1329025062.0,0,4.51,沪市主板
SH600527,-18.008351611590555,,6.7716,11,0.0,False,0.01,1.848,1731760902.0,2.17,2.76,22.0944,2.24,3757921157.0,,3757921157.0,1.382,100.0,1.184094452739053,573.91,0.0,-10.491795824610472,63763815.0,0.0,1069862400000.0,0.01,3178394.0,29269860.0,1.09,1.848,26935.0,1.69,,70.65,江南高纤,155.04,,1731760902.0,0,2.17,沪市主板
SH603871,12.721324084072872,0.0,2.0175,11,1.5,False,0.01,2.662,1368008658.0,12.18,3.25,12.0785,-11.04,16662345454.0,1790697600000.0,16662345454.0,3.916,100.0,21.797629798264,317.57,0.0,5.161186127023631,112689398.0,0.18,1517846400000.0,0.96,-987271.0,9228560.0,1.34,2.662,26930.0,0.67,,44.0,嘉友国际,12.705,,1368008658.0,0,12.0,沪市主板
SH603007,,0.0,5.0721,11,-0.89,False,0.01,13.547,695089029.0,4.43,3.58,,-26.66,3079244398.0,1790697600000.0,3918096227.0,,100.0,-38.32073960020544,51.41,0.0,301.4371241219636,48529750.0,-0.04,1472140800000.0,-0.17,-3323668.0,10855425.0,0.85,13.547,26880.0,1.56,,44.0,顺景科技,-26.608,,884446101.0,0,4.47,沪市主板
SH600113,-23.460483448783542,0.0,15.6495,11,0.46,False,0.01,4.647,411431160.0,28.12,5.07,31.8092,-55.32,11569444219.0,1790697600000.0,11569444219.0,0.58,100.0,4.843467838796599,1211.26,0.07,-7.43230316714042,115913973.0,0.13,877363200000.0,0.29,4161848.0,4052484.0,1.43,4.647,26877.0,0.98,,0.0,浙江东日,96.742,,411431160.0,0,27.99,沪市主板
SH688559,-41.486853790579225,0.0,2.0897,82,-2.77,False,0.01,4.748,247759044.0,47.45,4.86,4.8551,-1.27,11756166638.0,1790697600000.0,11756166638.0,,1.0,-4.754365582688397,54.12,0.13,17.461452458592074,479106669.0,-1.35,1599580800000.0,-0.48,14437879.0,9986818.0,0.73,4.748,26833.0,4.03,,119.51,海目星,-98.601,,247759044.0,0,48.8,科创板
SH603559,,,7.4254,11,0.47,False,0.01,4.395,401276979.0,8.61,4.2,,23.18,3454994789.0,,3454994789.0,,100.0,-12.643286630511025,51.29,0.12,20.19770397254166,54353830.0,0.04,1480608000000.0,-0.28,1655212.0,6250100.0,0.79,4.395,26800.0,1.56,,44.0,中通国脉,-31.063,,401276979.0,0,8.57,沪市主板
SH603707,,0.0,3.324,11,-1.1,False,0.01,1.886,1615651020.0,8.1,2.81,8.6883,-9.15,13086773262.0,1790697600000.0,13086773262.0,1.235,100.0,7.128924111261085,208.06,0.0,-0.4147781435782538,113127856.0,-0.09,1500393600000.0,0.3,-6292182.0,13851528.0,1.27,1.886,26691.0,0.86,,43.97,健友股份,27.105,,1615651020.0,0,8.19,沪市主板
SH600250,-40.564790969837716,,3.6364,11,-0.23,False,0.01,4.359,312791404.0,8.73,2.86,19.655,-24.15,2730668957.0,,2730668957.0,,100.0,1.184913308936274,38.25,0.11,-3.994342578738641,53209511.0,-0.02,983808000000.0,0.02,-91314.0,6084801.0,0.94,4.359,26595.0,1.95,,111.58,南京商旅,372.062,,312791404.0,0,8.75,沪市主板
SH688662,,0.0,23.0701,82,1.48,False,0.01,17.898,114705644.0,112.14,15.67,330.1329,185.19,12863090918.0,1790697600000.0,12863090918.0,0.275,1.0,5.836487488815028,462.84,0.11,13.233074057133631,1968149613.0,1.64,1617206400000.0,0.36,160139499.35000002,16669964.0,1.02,17.898,26499.0,14.53,,129.98,富信科技,312.673,,114705644.0,0,110.5,科创板
SH688076,12.268970070596641,,4.5057,82,-2.79,False,0.01,2.965,316815961.0,28.93,3.6,13.5721,-22.26,9165485752.0,,9165485752.0,1.206,1.0,7.845738125408797,-48.88,-0.14,26.901047862081494,78919762.0,-0.83,1621440000000.0,0.75,-11522651.0,2692065.0,1.24,2.958,26497.0,0.85,,397.75,ST诺泰,38.604,,316815961.0,0,29.76,科创板
SH600643,,0.0,5.2093,11,-2.2,False,0.01,0.649,1590351716.0,4.01,3.9,63.6174,-27.49,6377310381.0,1790697600000.0,6388614820.0,,100.0,-18.716522875479704,-19.25,0.0,-23.757337230891018,53910649.0,-0.09,735753600000.0,-1.28,-8608248.0,13369920.0,0.96,0.649,26436.0,0.84,,-35.37,爱建集团,-3.138,,1593170778.0,0,4.1,沪市主板
SH600593,,0.0,12.501,11,1.77,False,0.01,30.299,128800000.0,48.97,6.86,32.7561,18.23,6307336000.0,1790697600000.0,6387891650.0,,100.0,34.60567959860249,369.06,-0.1,3.4564654231812098,602733259.0,0.85,1026316800000.0,0.46,22222902.0,12182202.0,0.86,30.299,26319.0,9.46,,172.37,大连圣亚,107.594,,130445000.0,0,48.12,沪市主板
SH600212,,0.0,2.5897,11,0.0,False,0.01,6.904,684680213.0,5.63,2.84,,-30.06,3854749599.0,1790697600000.0,3964365699.0,,100.0,-1.7693989580915954,15.74,-0.35,38.41008095384208,39514831.0,0.0,934819200000.0,-0.01,1239133.0,6991900.0,0.58,6.905,26302.0,1.02,,103.83,绿能慧充,-410.9,,704150213.0,0,5.63,沪市主板
SH603225,23.961245283355726,0.0,0.364,11,2.21,False,0.01,1.316,1668545680.0,17.09,3.95,11.6092,-11.35,28515445671.0,1790697600000.0,28668129440.0,1.153,100.0,8.878647009169685,15.68,1.06,12.251334723979014,168387899.0,0.37,1492444800000.0,1.04,4129655.0,9872729.0,0.89,1.316,26251.0,0.59,,44.0,新凤鸣,16.391,,1677479780.0,0,16.72,沪市主板
SH603052,,0.0,9.5076,11,-5.43,False,0.01,8.652,187897282.0,48.25,8.41,,52.93,9066043857.0,1790697600000.0,9066043857.0,,100.0,-3.532499252278729,226.67,0.17,10.995485150506434,188623812.0,-2.77,1665417600000.0,-0.2,-1476948.0,3836600.0,0.87,8.652,26221.0,2.04,,44.0,可川科技,-240.278,,187897282.0,0,51.02,沪市主板
SH603789,46.04469296739844,,3.3564,11,3.08,False,0.01,27.5,260000000.0,6.02,8.9,,13.16,1565200000.0,,1596591892.0,,100.0,-108.14250338567804,-40.95,0.17,41.6670978764198,29960087.0,0.18,1430064000000.0,-0.52,2697082.0,4976180.0,2.66,27.501,26165.0,1.91,,43.99,ST星农,-11.677,,265214600.0,0,5.84,沪市主板
SH603042,,,4.0118,11,-3.66,False,0.01,3.932,208766792.0,16.05,6.36,36.1925,23.04,3350707012.0,,3350707012.0,0.075,100.0,-2.6125274470696533,30.89,0.0,-3.0304994241928895,447397490.0,-0.61,1496332800000.0,-0.11,-12724767.100000001,27528235.0,0.66,3.932,26065.0,13.19,,43.96,华脉科技,-148.306,,208766792.0,0,16.66,沪市主板
SH603898,,,2.4202,11,-2.61,False,0.01,1.162,300229482.0,11.55,6.16,,-12.89,3467650517.0,,3467650517.0,0.372,100.0,-1.4479154981014501,78.89,-0.26,-19.101807092937683,33779297.0,-0.31,1424102400000.0,-0.15,-291896.0,2885700.0,0.7,1.205,26058.0,0.96,,44.0,好莱客,-78.294,,300229482.0,0,11.86,沪市主板
SH600897,9.318753514973576,0.0,2.9713,11,-4.57,False,0.01,1.458,416934000.0,14.41,3.58,10.6014,-14.02,6008018940.0,1790697600000.0,6008018940.0,2.637,100.0,11.21280424966338,827.88,-0.21,5.539794630788508,108646035.0,-0.69,833472000000.0,1.17,-13357786.0,7421033.0,1.08,1.458,26055.0,1.78,,56.82,厦门空港,12.309,,416934000.0,0,15.1,沪市主板
SH603518,-0.8155827545194838,,0.6499,11,0.26,False,0.01,0.706,344073984.0,7.81,1.67,6.3973,-17.53,2687217815.0,,2687217815.0,2.574,100.0,6.95007421429762,-47.53,0.26,-3.6859644396443514,38809193.0,0.02,1417536000000.0,0.75,-3070855.0,4981000.0,0.93,0.708,25966.0,1.45,,44.01,锦泓集团,10.393,,344073984.0,0,7.79,沪市主板
SH603060,,0.0,1.6794,11,0.18,False,0.01,2.181,803964055.0,5.54,1.45,14.6414,-7.9,4453960865.0,1790697600000.0,4453960865.0,1.209,100.0,4.607042579965382,85.65,0.18,0.7787627114493434,35563485.0,0.01,1478620800000.0,0.12,-4929340.0,6423700.0,0.79,2.255,25955.0,0.8,,44.02,国检集团,47.906,,803964055.0,0,5.53,沪市主板
SH600968,8.783235919004738,0.0,0.8057,11,2.81,False,0.01,1.374,10165104199.0,4.03,3.32,13.4051,9.17,40965369922.0,1790697600000.0,40965369922.0,3.648,100.0,13.660117288140295,96.97,0.0,1.4201153808060862,237135762.0,0.11,1561478400000.0,0.39,42689342.0,59271870.0,2.33,1.374,25868.0,0.58,,44.12,海油发展,10.442,,10165104199.0,0,3.92,沪市主板
SH603327,-11.261758400818767,0.0,2.8331,11,-0.75,False,0.01,3.441,1045459360.0,7.94,2.87,167.7413,-26.09,8300947318.0,1790697600000.0,8300947318.0,1.385,100.0,6.587841665379724,117.3,0.25,19.73303509093065,81326121.0,-0.06,1558540800000.0,0.14,-3972432.0,10225202.0,1.05,3.441,25815.0,0.98,,44.02,福蓉科技,57.226,,1045459360.0,0,8.0,沪市主板
SH600162,,0.0,9.5956,11,-2.35,False,0.01,2.372,3268438122.0,4.16,4.46,52.0749,125.27,13596702588.0,1790697600000.0,13596702588.0,0.12,100.0,-1.4701779276653675,343.78,0.0,-25.02014345891722,225896275.0,-0.1,897321600000.0,-0.03,-8359031.0,53641400.0,0.51,2.372,25757.0,1.64,,0.0,香江控股,-159.706,,3268438122.0,0,4.26,沪市主板
SH600929,-53.79572623360301,0.0,1.8053,11,-1.34,False,0.01,1.261,1640113256.0,5.88,3.02,13.652,4.38,9643865945.0,1790697600000.0,9643865945.0,0.255,100.0,0.9061659701348581,51.43,0.0,-5.619301675940713,121181841.0,-0.08,1521993600000.0,0.04,1623006.0,20379500.0,0.76,1.261,25747.0,1.24,,43.94,雪天盐业,139.832,,1640113256.0,0,5.96,沪市主板
SH600818,,,3.4128,11,5.69,False,0.01,6.31,237957910.0,9.84,6.23,,2.61,2341505834.0,,3163047434.0,,100.0,-11.949883733713838,84.42,0.41,-6.536988772307739,57652964.0,0.53,759686400000.0,-0.2,5175289.0,5931800.0,1.54,6.31,25728.0,2.49,,87.27,ST中路,-49.394,,321447910.0,0,9.31,沪市主板
SH603776,-25.044543244930175,0.0,10.6462,11,-1.68,False,0.01,1.685,280760572.0,20.48,3.41,74.4818,14.54,5749976515.0,1790697600000.0,5749976515.0,,100.0,-5.504514536240956,67.35,-0.05,7.926297519792502,25823343.0,-0.35,1502899200000.0,-0.63,-1071820.0,1248384.0,0.42,1.685,25672.0,0.44,,43.99,永安行,-32.402,,280760572.0,0,20.83,沪市主板
SH688499,,0.0,2.1638,82,6.64,False,0.01,3.208,168728510.0,44.99,16.95,19.2472,-22.05,7591095665.0,1790697600000.0,7591095665.0,,1.0,2.4625839554754414,-66.96,0.04,-7.5647768311735035,748988274.0,2.8,1625068800000.0,0.34,26646849.700000003,16860677.0,1.61,3.207,25642.0,9.99,,358.69,利元亨,133.07,,168728510.0,0,42.19,科创板
SH600844,,,4.0239,11,1.86,False,0.01,42.216,822730634.0,3.29,3.41,121.5017,14.24,2706783786.0,,3344364750.0,,100.0,-64.64280177363155,102.5,0.61,-1.0244749852623913,94760183.0,0.06,763315200000.0,-0.07,-5408275.0,28733200.0,1.2,42.234,25581.0,3.49,,158.45,金煤科技,-43.901,,1016524240.0,0,3.23,沪市主板
SH605123,-16.528078196425668,0.0,2.3012,11,-0.52,False,0.01,1.943,121170892.0,76.0,3.57,10.3996,-26.19,9208987792.0,1790697600000.0,9208987792.0,1.026,100.0,5.935022975445616,122.42,0.0,7.20064754465255,81817704.0,-0.4,1598284800000.0,2.28,261553.0,1064643.0,1.02,1.943,25578.0,0.88,,44.02,派克新材,33.381,,121170892.0,0,76.4,沪市主板
SH600400,,0.0,3.941,11,10.03,False,0.01,6.454,2291371852.0,3.62,9.73,28.2866,52.1,8294766104.0,1790697600000.0,8294766104.0,,100.0,-22.573522177428217,167.3,0.0,-5.1486217132284295,391041912.0,0.33,978883200000.0,-0.18,39611484.0,110190512.0,2.7,6.454,25566.0,4.81,,137.84,红豆股份,-19.73,,2291371852.0,1,3.29,沪市主板
SH603189,-45.96582554453291,,9.0778,11,10.03,False,0.01,1.918,269548349.0,10.2,10.79,,-45.93,2749393160.0,,2749393160.0,0.971,100.0,-0.7810848735430135,2.98,0.0,5.834416774086071,85105250.0,0.93,1473782400000.0,-0.04,6731616.0,8598503.0,6.34,1.918,25420.0,3.19,,43.94,*ST网达,-236.714,,269548349.0,1,9.27,沪市主板
SH600802,,,2.4011,11,-1.38,False,0.01,3.909,458248400.0,7.14,15.75,,8.84,3271893576.0,,3271893576.0,,100.0,-21.128564196182015,154.99,-0.28,-16.35959192454188,572618337.0,-0.1,757526400000.0,-0.47,55962898.0,78945451.0,0.96,3.909,25411.0,17.23,,250.0,福建水泥,-15.092,,458248400.0,0,7.24,沪市主板
SH600681,-17.109903399975657,0.0,0.9813,11,3.13,False,0.01,1.338,1339808772.0,3.63,3.13,8.2592,-14.62,4863505842.0,1790697600000.0,4867302960.0,3.581,100.0,6.0257909580429425,308.55,0.0,-3.0036715109388434,134774116.0,0.11,750873600000.0,0.16,30623170.0,37381140.0,2.09,1.338,25369.0,2.79,,252.5,百川能源,22.307,,1340854810.0,0,3.52,沪市主板
SH605305,37.10625131895699,0.0,3.2118,11,0.76,False,0.01,2.087,212520000.0,30.56,2.24,28.6545,-25.06,6494611200.0,1790697600000.0,6494611200.0,2.487,100.0,18.121527156032514,41.23,0.2,25.974583682262576,70010117.0,0.23,1620230400000.0,2.5,4400549.0,2289241.0,0.98,2.087,25357.0,1.08,,43.99,中际联合,12.215,,212520000.0,0,30.33,沪市主板
SH600651,-51.731968391851034,0.0,7.4601,11,-1.2,False,0.01,4.898,2507028015.0,4.92,3.41,52.6944,-32.51,12334577834.0,1790697600000.0,12334577834.0,,100.0,1.3529003057042557,,-0.2,-8.993119226396828,68537638.0,-0.06,661536000000.0,0.01,-5928959.0,13831062.0,0.73,4.898,25328.0,0.55,,0.0,飞乐音响,364.779,,2507028015.0,0,4.98,沪市主板
SH605199,992.5699195781925,,3.679,11,2.1,False,0.01,7.799,400108752.0,5.83,4.73,13.9518,-23.49,2332634024.0,,2332634024.0,,100.0,-80.4691725211397,-4.71,0.0,-38.02068412722826,11079521.0,0.12,1594310400000.0,-1.01,2914820.0,1890502.0,2.74,7.798,25315.0,0.47,,43.93,ST葫芦娃,-5.786,,400108752.0,0,5.71,沪市主板
SH688819,-39.30194080542505,0.0,0.4321,82,0.96,False,0.01,1.211,972100000.0,20.98,3.18,4.8305,-35.32,20394658000.0,1790697600000.0,20394658000.0,2.617,1.0,6.050841786857518,-70.63,0.14,0.7810535029982413,65348620.0,0.2,1610899200000.0,1.03,5028265.0,3094478.0,1.9,1.211,25294.0,0.32,,47.12,天能股份,20.311,,972100000.0,0,20.78,科创板
SH600136,-83.779574180289,,6.4981,11,-2.01,False,0.01,13.087,1943089494.0,1.46,3.36,4924.8352,-13.61,2836910661.0,,2979605859.0,,100.0,-7.430264493527469,-73.6,-0.68,-6.895369681482455,11211537.0,-0.03,888854400000.0,-0.01,-4858271.0,7557300.0,1.03,13.082,25264.0,0.39,,0.0,ST明诚,-169.577,,2040825931.0,0,1.49,沪市主板
SH603021,-1.4001348379954592,,3.8314,11,-4.48,False,0.01,,319948070.0,4.26,6.28,34.5966,-8.78,1362978778.0,,1362978778.0,,100.0,192.90138526795198,-9.69,0.24,-13.312089228512658,47900205.0,-0.2,1429718400000.0,-0.74,2794700.0,11242120.0,1.68,-5.63,25253.0,3.51,,43.99,*ST华鹏,-5.734,,319948070.0,0,4.46,沪市主板
SH688213,354.3339453615913,0.0,3.8888,82,-2.78,False,0.01,7.094,323509476.0,95.16,5.77,14.7439,0.84,30785161736.0,1790697600000.0,38283512709.0,1.055,1.0,22.62731267581245,89.13,-0.03,56.58967032093918,551752493.0,-2.72,1652976000000.0,2.82,737309.6099999994,5704892.0,1.17,7.094,25214.0,1.76,,79.82,思特威-W,33.795,,402306775.0,0,97.88,科创板
SH688200,65.44948038026945,0.0,47.6182,82,-1.85,False,0.01,10.137,201117417.0,367.09,6.24,216.8624,186.3,73828192607.0,1790697600000.0,73828192607.0,0.218,1.0,13.747743158559608,245.1,0.08,39.123812097122546,1480018648.0,-6.91,1581955200000.0,3.76,55048274.43000001,3947433.0,0.86,10.11,25184.0,1.96,,216.55,华峰测控,97.587,,201117417.0,0,374.0,科创板
SH600800,0.485339186646927,0.0,1.2801,11,0.31,False,0.01,3.737,1109730216.0,3.22,2.8,,-6.94,3573331296.0,1790697600000.0,3574345596.0,,100.0,-49.105272712949464,259.13,0.31,-9.17101542334855,49240746.0,0.01,755107200000.0,-0.52,-8286332.0,15296020.0,1.04,3.737,25121.0,1.38,,283.23,渤海化学,-6.152,,1110045216.0,0,3.21,沪市主板
SH600628,29.95299549505326,0.0,3.7103,11,-0.16,False,0.01,0.962,646875384.0,6.35,1.73,17.2842,-18.69,4107658688.0,1790697600000.0,4107658688.0,0.63,100.0,1.6089011366173296,553.09,0.16,-0.5993711321425677,31871357.0,-0.01,727372800000.0,0.11,-1618145.0,5010100.0,0.93,0.962,25026.0,0.77,,-44.55,新世界,59.897,,646875384.0,0,6.36,沪市主板
SH603638,27.789042921545935,0.0,4.4811,11,-0.15,False,0.01,3.825,880694049.0,19.79,2.62,51.5804,4.99,17428935230.0,1790697600000.0,17428935230.0,0.965,100.0,12.062156347730431,1086.95,0.2,27.276531000488657,227020324.0,-0.03,1484841600000.0,0.56,-21683989.0,11455279.0,0.8,3.785,24977.0,1.3,,44.07,艾迪精密,35.394,,880694049.0,0,19.82,沪市主板
SH601900,-5.078483324448191,0.0,1.2908,11,-2.52,False,0.01,1.238,881970094.0,12.37,3.47,5.7486,-3.27,10909970063.0,1790697600000.0,10909970063.0,4.527,100.0,12.510432212773292,133.18,0.32,-4.187832356650212,112826258.0,-0.32,1455465600000.0,1.21,8690314.0,9065704.0,0.7,1.238,24966.0,1.03,,44.05,南方传媒,10.228,,881970094.0,0,12.69,沪市主板
SH605277,25.69528087769628,0.0,1.5437,11,-0.54,False,0.01,3.672,386196112.0,16.64,4.24,15.9265,-8.36,6426303304.0,1790697600000.0,6469389372.0,1.052,100.0,15.185936364125627,106.11,0.12,11.895968969632541,120308711.0,-0.09,1609862400000.0,0.64,4561063.0,7138606.0,0.95,3.672,24966.0,1.85,,44.01,新亚电子,25.842,,388785419.0,0,16.73,沪市主板
SH603803,-71.2493785290021,0.0,3.4341,11,-1.45,False,0.01,3.032,424883557.0,10.9,7.14,,-1.71,4631230771.0,1790697600000.0,4631230771.0,,100.0,-0.4492729630495846,-29.3,-0.27,-2.675169546957523,233820602.0,-0.16,1492617600000.0,-0.02,50860.0,21040900.0,0.53,3.032,24911.0,4.95,,44.02,瑞斯康达,-664.327,,424883557.0,0,11.06,沪市主板
SH603697,22.269116550620517,0.0,2.2451,11,1.25,False,0.01,2.291,427692098.0,9.72,2.92,9.0432,-16.95,4157167193.0,1790697600000.0,4157167193.0,4.733,100.0,11.154516667391032,58.57,0.31,30.15731634515262,39682363.0,0.12,1557244800000.0,0.47,-702115.0,4110340.0,0.69,2.291,24889.0,0.96,,43.96,有友食品,20.662,,427692098.0,0,9.6,沪市主板
SH600758,618.5516762209563,0.0,1.2701,11,3.2,False,0.01,1.023,1320743394.0,3.87,4.53,55.1971,6.32,5111276935.0,1790697600000.0,5116207315.0,,100.0,-14.0862223440383,-35.5,0.26,-15.28710288147379,298793072.0,0.12,846518400000.0,-0.57,19175448.0,77740170.0,1.04,1.023,24850.0,5.89,,84.79,辽宁能源,-6.841,,1322017394.0,0,3.75,沪市主板
SH603439,-58.64297112907681,0.0,3.274,11,-4.02,False,0.01,3.482,403840216.0,12.65,7.51,19.7544,8.62,5108578732.0,1790697600000.0,5108578732.0,0.466,100.0,0.025396440401578874,53.73,0.32,-6.021309520173512,141045671.0,-0.53,1588003200000.0,0.0,5717398.0,10970200.0,0.89,3.525,24840.0,2.72,,43.95,三力制药,13651.451,,403840216.0,0,13.18,沪市主板
SH601702,9.305915243138374,0.0,1.1504,11,0.2,False,0.01,2.224,998530600.0,14.91,1.95,58.3451,-26.08,14888091246.0,1790697600000.0,14888091246.0,2.012,100.0,19.01887316826435,258.86,0.0,13.09197406812974,37064000.0,0.03,1599408000000.0,1.19,4115576.0,2490100.0,0.77,2.224,24822.0,0.25,,43.9,华峰铝业,12.524,,998530600.0,0,14.88,沪市主板
SH605133,5.509311525405525,0.0,1.9122,11,4.83,False,0.01,1.876,282118112.0,25.17,9.2,22.7224,-26.17,7100912879.0,1790697600000.0,7180375576.0,0.826,100.0,4.786880500268565,39.54,0.08,30.592096209075347,235500194.0,1.16,1614096000000.0,0.63,21238784.0,9266407.0,1.95,1.876,24762.0,3.28,,44.0,嵘泰股份,39.691,,285275152.0,0,24.01,沪市主板
SH600892,69.28002498603666,,5.9859,11,-1.22,False,0.01,,559319536.0,4.05,3.17,,10.66,2265244121.0,,2265829961.0,,100.0,-593.5155838552424,265.85,0.0,27.533768023253536,99348696.0,-0.05,826819200000.0,-0.15,-8671309.0,24381000.0,0.79,-166.667,24711.0,4.36,,577.0,大晟文化,-26.261,,559464188.0,0,4.1,沪市主板
SH600448,,,0.644,11,-1.29,False,0.01,2.151,629819662.0,3.06,4.84,18.7794,-2.86,1927248166.0,,1927248166.0,,100.0,-26.115598735371222,-38.06,0.33,2.9058830984181494,157811529.0,-0.04,999446400000.0,-0.43,-1600909.0,50914728.0,0.4,2.151,24704.0,8.08,,69.59,华纺股份,-7.14,,629819662.0,0,3.1,沪市主板
SH600365,14.42196318144886,,2.1837,11,0.0,False,0.01,6.378,439230000.0,2.86,1.75,,-12.0,1256197800.0,,1298239800.0,,100.0,-38.290362208189315,-51.61,0.35,-15.074576713872268,2850788.0,0.0,979488000000.0,-0.2,269856.0,993900.0,0.65,6.378,24691.0,0.23,,104.1,ST通葡,-14.33,,453930000.0,0,2.86,沪市主板
SH600753,,,1.6536,11,4.92,False,0.01,36.365,230307175.0,13.65,5.15,47.9043,60.78,3143692939.0,,3143692939.0,,100.0,110.19836201033226,461.1,0.37,38.53550336557101,55924315.0,0.64,843753600000.0,0.21,4420039.0,4180842.0,0.72,36.361,24641.0,1.82,,98.84,ST海钦,64.679,,230307175.0,0,13.01,沪市主板
SH605077,-44.685981269730256,0.0,0.7372,11,1.47,False,0.01,1.188,299709178.0,11.7,3.73,7.8975,-18.82,3506597383.0,1790697600000.0,3541634203.0,2.564,100.0,3.387897283076762,-43.71,0.0,26.027062176464643,110709447.0,0.17,1612800000000.0,0.36,7809318.0,9398241.0,1.08,1.189,24635.0,3.14,,44.01,华康股份,32.624,,302703778.0,0,11.53,沪市主板
SH605136,23.03621380288936,,1.9574,11,-0.92,False,0.01,1.417,400458500.0,8.58,3.12,43.0541,-21.41,3435933930.0,,3435933930.0,0.291,100.0,-1.013399318091859,-49.77,0.23,-12.971274032363734,100378167.0,-0.08,1601308800000.0,-0.06,-6988273.0,11650600.0,0.68,1.417,24567.0,2.91,,43.99,丽人丽妆,-139.058,,400458500.0,0,8.66,沪市主板
SH600217,,0.0,1.8154,11,0.92,False,0.01,1.924,1657653673.0,3.3,1.83,3.5549,-19.12,5470257121.0,1790697600000.0,5470257121.0,,100.0,-8.445685344958507,67.16,0.3,-8.264334883598146,28199694.0,0.03,945273600000.0,-0.15,1647056.0,8577704.0,1.03,1.924,24517.0,0.52,,35.25,中再资环,-21.862,,1657653673.0,0,3.27,沪市主板
SH600135,9.004382519003261,0.0,2.9657,11,2.02,False,0.01,1.788,553307099.0,7.59,3.23,,-26.45,4199600881.0,1790697600000.0,4199600881.0,,100.0,-3.280491099424022,92.04,0.0,-10.519188258883528,65164897.0,0.15,885398400000.0,-0.14,-1134392.0,8582401.0,1.06,1.788,24487.0,1.55,,0.0,乐凯胶片,-53.707,,553307099.0,0,7.44,沪市主板
SH600676,99.07888551284891,0.0,1.7396,11,-1.52,False,0.01,1.369,1028492944.0,6.5,3.64,18.6165,10.54,6685204136.0,1790697600000.0,6685204136.0,,100.0,-4.1513886184097935,618.15,0.0,-12.44950172974928,51125600.0,-0.1,749145600000.0,-0.2,-11173591.0,7783400.0,0.71,1.369,24453.0,0.76,,237.5,久事动娱,-32.263,,1028492944.0,0,6.6,沪市主板
SH603050,-14.730343093602471,0.0,1.4527,11,-2.63,False,0.01,3.356,403319193.0,15.92,3.67,13.3083,-10.96,6420841553.0,1790697600000.0,6420841553.0,1.244,100.0,11.542470847910243,336.56,0.32,4.482872556550288,50089781.0,-0.43,1492099200000.0,0.53,-5027749.0,3118688.0,1.13,3.356,24433.0,0.77,,44.02,科林电气,30.179,,403319193.0,0,16.35,沪市主板
SH603111,3.4007980315286845,0.0,1.2197,11,-0.98,False,0.01,1.316,837595196.0,6.07,1.96,10.7074,-4.58,5084202840.0,1790697600000.0,5232526179.0,7.298,100.0,9.346671507934747,118.89,-0.16,7.698211090923168,23399324.0,-0.06,1406822400000.0,0.43,-2911049.0,3842400.0,0.99,1.316,24383.0,0.46,,43.98,康尼机电,14.278,,862030672.0,0,6.13,沪市主板
SH688356,-58.674930001593765,0.0,17.6665,82,2.26,False,0.01,5.079,60650700.0,108.81,10.87,50.7074,32.95,6599402667.0,1790697600000.0,6599402667.0,0.284,1.0,3.301234784410454,-12.14,0.29,15.828780494113449,932891497.0,2.4,1598371200000.0,0.7,-1268290.150000006,8469574.0,1.25,5.079,24347.0,13.96,,232.3,键凯科技,155.043,,60650700.0,0,106.41,科创板
SH603718,,,9.3411,11,-0.32,False,0.01,2.239,648979700.0,3.08,2.27,46.2044,-49.51,1998857476.0,,1998857476.0,,100.0,-25.719387743801818,-25.47,-0.32,-1.1430467489401352,11258262.0,-0.01,1431619200000.0,-0.49,73461.0,3650189.0,0.99,2.249,24304.0,0.56,,44.05,*ST海利,-6.281,,648979700.0,0,3.09,沪市主板
SH600865,-47.551208812751746,,19.54,11,0.29,False,0.01,1.715,376240316.0,10.46,4.03,51.0074,-36.22,3935473705.0,,3935473705.0,,100.0,-1.5790537656058468,420.55,0.29,-3.599154865146792,138668329.0,0.03,776361600000.0,-0.1,-3636312.0,13214208.0,0.62,1.715,24291.0,3.51,,67.24,百大集团,-107.75,,376240316.0,0,10.43,沪市主板
SH601107,9.12610635037483,0.0,2.0588,11,2.96,False,0.01,1.136,2162740000.0,6.27,3.78,5.209,8.55,13560379800.0,1790697600000.0,19174036200.0,4.737,100.0,7.713897516682853,32.14,0.0,-5.394504206565054,69466564.0,0.18,1248624000000.0,0.5,7006134.0,11136073.0,1.19,1.136,24289.0,0.51,,202.78,四川成渝,12.53,,3058060000.0,0,6.09,沪市主板
SH600930,-22.552467746868775,,4.0841,11,2.58,False,0.01,1.497,10743195436.0,3.98,3.35,4.962,-36.01,42757917835.0,,166022857142.0,0.754,100.0,3.827056178337894,-26.82,-0.25,12.607318804580459,863161410.0,0.1,1752595200000.0,0.12,326667647.0,218472075.0,2.55,1.497,24258.0,2.03,,125.79,华电新能,34.144,,41714285714.0,0,3.88,沪市主板
SH688400,88.75423715424449,0.0,6.3509,82,-3.82,False,0.01,2.423,475749645.0,39.98,7.07,133.9817,-5.52,19020470807.0,1790697600000.0,19020470807.0,0.21,1.0,12.180953927933933,20.43,-0.15,5.361108748611199,300286711.0,-1.59,1657036800000.0,1.52,8492656.0,7348074.0,0.92,2.441,24256.0,1.54,,55.4,凌云光,26.354,,475749645.0,0,41.57,科创板
SH688305,-14.846173848844336,0.0,14.9102,82,-2.57,False,0.01,3.688,132213778.0,53.0,3.95,72.3418,-13.94,7007330234.0,1790697600000.0,7025605959.0,0.398,1.0,3.953594647084741,-32.25,0.04,-3.9466345556030125,73200914.0,-1.4,1625760000000.0,0.56,-6225563.0,1366790.0,1.13,3.697,24249.0,1.03,,853.04,科德数控,94.413,,132558603.0,0,54.4,科创板
SH600960,-79.48993035999787,,2.1461,11,-1.03,False,0.01,1.944,950515518.0,3.86,3.59,,-30.82,3668989899.0,,6254103132.0,,100.0,-4.016616295110133,7.09,0.26,-16.18848892443068,33366558.0,-0.04,1081267200000.0,-0.08,-5681703.0,8596000.0,1.11,1.133,24204.0,0.9,,100.0,渤海汽车,-45.579,,1620233972.0,0,3.9,沪市主板
SH600692,,,1.0112,11,-0.45,False,0.01,2.382,255010517.0,6.69,2.53,3.2036,-4.56,1706020359.0,,2353301588.0,,100.0,4.55443375810496,403.05,0.15,82.27813005420279,54262028.0,-0.03,753638400000.0,0.12,5034021.0,8091447.0,1.05,2.382,24191.0,3.17,,316.07,亚通股份,53.86,,351764064.0,0,6.72,沪市主板
SH600743,-59.782102039816934,0.0,17.233,11,-0.85,False,0.01,10.078,2346100874.0,2.33,4.68,93.7572,16.5,5466415036.0,1790697600000.0,5466415036.0,,100.0,-17.57537624707169,101.98,0.0,-72.88445578394473,268884907.0,-0.02,842198400000.0,-0.04,3473524.0,114255396.0,0.6,10.078,24185.0,4.87,,166.99,华远控股,-52.304,,2346100874.0,0,2.35,沪市主板
SH603028,145.71772736810885,,1.6211,11,-1.26,False,0.01,4.616,285460000.0,7.07,4.33,,-24.14,2018202200.0,,2029372800.0,,100.0,-16.868327938259704,54.31,0.14,-15.646684143705691,24075249.0,-0.09,1459353600000.0,-0.28,-217819.0,3387950.0,0.93,4.616,24135.0,1.19,,43.9,赛福天,-25.239,,287040000.0,0,7.16,沪市主板
SH603266,-8.64911969151676,,3.1152,11,8.89,False,0.01,2.6,198886750.0,21.31,10.73,21.6739,-5.71,4238276642.0,,4238276642.0,0.563,100.0,5.976706967142309,115.1,0.09,2.1116166486578436,332283373.0,1.74,1483977600000.0,0.48,69980571.0,15823982.0,2.08,2.6,24117.0,7.96,,44.02,天龙股份,44.683,,198886750.0,0,19.57,沪市主板
SH688568,,0.0,13.145,82,2.71,False,0.01,7.009,808078912.0,29.98,5.79,4892.312,-49.17,24226205782.0,1790697600000.0,24226205782.0,0.04,1.0,-10.127554779414655,11.96,0.1,-25.95614776030515,340536121.0,0.79,1594137600000.0,-0.45,24096491.98,11260374.0,1.71,7.009,24057.0,1.39,,438.37,中科星图,-65.944,,808078912.0,0,29.19,科创板
SH603901,51.4610462028628,0.0,1.2459,11,-2.16,False,0.01,1.459,568899147.0,9.08,3.88,7.7989,-35.38,5165604255.0,1790697600000.0,5236350621.0,1.211,100.0,6.597087030454232,72.84,0.11,12.149634346791238,61603892.0,-0.2,1432828800000.0,0.35,-4528170.0,6735900.0,1.16,1.459,24031.0,1.18,,44.02,永创智能,25.877,,576690597.0,0,9.28,沪市主板
SH600261,-23.484081641316756,,1.6447,11,-0.91,False,0.01,1.282,1335052966.0,3.26,2.43,23.5132,0.6,4352272669.0,,4352272669.0,3.988,100.0,4.138347254901635,299.8,0.0,-5.155983173340428,48241672.0,-0.03,964022400000.0,0.11,-2062346.0,14692200.0,0.75,1.282,23997.0,1.1,,102.0,阳光照明,30.778,,1335052966.0,0,3.29,沪市主板
SH600617,,0.0,0.4981,11,10.0,False,0.01,2.266,1775542689.0,3.74,8.53,3.67,19.11,6640529657.0,1790697600000.0,7215177242.0,,100.0,-6.102876906538145,5.79,0.0,-7.2390178529382565,193125212.0,0.34,718905600000.0,-0.13,-39828583.0,52328192.0,1.99,2.266,23991.0,2.95,,308.6,国新能源,-28.701,,1929191776.0,1,3.4,沪市主板
SH688472,-47.65940794231085,0.0,0.9487,82,-1.07,False,0.01,1.335,3643140112.0,8.33,2.26,12.6487,-43.54,30347357133.0,1790697600000.0,30347357133.0,1.164,1.0,2.5386351853283053,-33.25,0.0,-21.89628983601245,185141108.0,-0.09,1686240000000.0,0.16,-7423434.740000002,22152937.0,1.01,1.335,23945.0,0.61,,17.57,阿特斯,51.932,,3643140112.0,0,8.42,科创板
SH688102,24.485521890758434,0.0,11.7797,82,-1.04,False,0.01,10.75,778807308.0,28.43,5.12,261.8817,-26.43,22141491766.0,1790697600000.0,22205962449.0,0.281,1.0,10.311046225070323,212.66,0.42,23.275563562944825,253246490.0,-0.3,1647360000000.0,0.22,11935436.84,8786284.0,1.11,10.751,23944.0,1.13,,90.08,斯瑞新材,131.457,,781075007.0,0,28.73,科创板
SH601368,37.829801478813806,,1.6174,11,0.22,False,0.01,0.84,882973077.0,4.6,1.96,7.7169,-6.52,4061676154.0,,4061676154.0,0.761,100.0,2.5627140927750323,-31.33,0.0,2.6273334630349643,24134224.0,0.01,1434038400000.0,0.14,-293831.0,5244900.0,1.16,0.84,23935.0,0.59,,44.01,绿城水务,33.104,,882973077.0,0,4.59,沪市主板
SH601968,6.440751635504993,0.0,0.5928,11,-0.67,False,0.01,1.252,1275779460.0,4.47,2.22,,-14.59,5702734186.0,1790697600000.0,5702734186.0,2.975,100.0,5.051534486694016,14.21,-0.45,10.626052207350178,30665462.0,-0.03,1433952000000.0,0.18,-709699.0,6831500.0,1.06,1.252,23759.0,0.54,,44.16,宝钢包装,24.886,,1275779460.0,0,4.5,沪市主板
SH603982,-13.82197839260142,,0.9525,11,-0.44,False,0.01,1.211,339553548.0,6.74,5.32,,-19.47,2288590914.0,,2460969426.0,,100.0,-17.730886525435636,-41.77,1.35,5.780529770861054,192283869.0,-0.03,1558454400000.0,-0.94,11029892.68,28644255.0,2.73,1.211,23740.0,8.44,,44.02,泉峰汽车,-7.145,,365128995.0,0,6.77,沪市主板
SH605255,,0.0,24.2776,11,-4.71,False,0.01,9.432,134080000.0,56.1,4.67,81.6675,-74.26,7521888000.0,1790697600000.0,7521888000.0,0.045,100.0,0.06510644684583335,320.68,-0.99,-4.826226693293534,40092394.0,-2.77,1598284800000.0,0.0,-5361127.0,702500.0,1.01,9.432,23705.0,0.52,,44.0,天普股份,14388.805,,134080000.0,0,58.87,沪市主板
SH600980,19.49436386779375,,2.5375,11,-1.12,False,0.01,2.338,189263526.0,18.54,3.04,21.9138,-18.56,3508945772.0,,3583105772.0,1.052,100.0,9.360228181374799,182.0,0.11,18.732534450210593,38034170.0,-0.21,1084291200000.0,0.72,1648222.0,2042100.0,0.99,2.338,23654.0,1.08,,85.52,北矿科技,25.869,,193263526.0,0,18.75,沪市主板
SH600708,,0.0,2.0712,11,-1.6,False,0.01,1.192,2225277771.0,3.07,3.21,18.4938,-21.08,6831602757.0,1790697600000.0,6841914801.0,,100.0,-48.90354610469442,123.35,0.33,-32.85757618855719,75501441.0,-0.05,833990400000.0,-1.67,-9447886.0,24398900.0,0.83,1.191,23636.0,1.1,,190.86,光明地产,-1.844,,2228636743.0,0,3.12,沪市主板
SH688188,23.352198174907457,0.0,16.1853,82,-3.44,False,0.01,6.052,405557343.0,94.6,4.77,36.36,-1.21,38365724648.0,1790697600000.0,38365724648.0,2.071,1.0,20.899791520040726,78.21,-0.27,21.813178410236866,197481601.0,-3.37,1565193600000.0,3.11,-10582984.93,2051543.0,1.26,6.052,23609.0,0.51,,255.61,柏楚电子,30.459,,405557343.0,0,97.97,科创板
SH600117,,0.0,1.2011,11,-0.46,False,0.01,2.032,3255114857.0,2.16,2.76,,-23.94,7031048091.0,1790697600000.0,7031048091.0,,100.0,-25.02262100349032,-25.73,0.0,5.3850276359937554,25362900.0,-0.01,876844800000.0,-0.3,-2183088.0,11695800.0,0.81,2.032,23544.0,0.36,,0.0,西宁特钢,-7.199,,3255114857.0,0,2.17,沪市主板
SH600475,-19.774370076941285,0.0,1.648,11,3.08,False,0.01,1.595,942885729.0,14.4,5.08,12.1897,-19.52,13577554498.0,1790697600000.0,13693714632.0,2.417,100.0,4.381601551437834,833.73,0.07,-10.956482727043715,93572250.0,0.43,1058716800000.0,0.4,14084643.0,6486622.0,1.2,1.603,23484.0,0.69,,82.52,华光环能,35.661,,950952405.0,0,13.97,沪市主板
SH600226,-4.360168528493801,0.0,6.3102,11,0.58,False,0.01,4.131,2974381224.0,5.18,7.57,,-2.81,15407294740.0,1790697600000.0,15407294740.0,,100.0,4.549112006595311,550.43,0.0,70.07991129865425,602975253.0,0.03,942681600000.0,0.06,11573990.0,113478782.0,1.46,4.131,23454.0,3.82,,123.1,亨通股份,93.042,,2974381224.0,0,5.15,沪市主板
SH600979,,0.0,1.6256,11,1.55,False,0.01,1.165,1241686456.0,3.94,2.58,14.708,-10.25,4892244637.0,1790697600000.0,4930511863.0,,100.0,-8.232324308622086,306.35,0.0,2.3980917773631427,90302322.0,0.06,1094400000000.0,-0.29,14682059.0,22977990.0,1.35,1.175,23428.0,1.85,,36.75,广安爱众,-13.621,,1251398950.0,0,3.88,沪市主板
SH600408,-29.371158037217747,,0.6696,11,9.9,False,0.01,3.057,1006800000.0,3.44,9.27,12.7315,-14.64,3463392000.0,,3463392000.0,,100.0,-21.98622423118352,51.12,0.0,-18.694842731558037,217813853.0,0.31,1044979200000.0,-0.28,30962335.0,64692721.0,1.32,3.057,23401.0,6.43,,93.91,安泰集团,-12.334,,1006800000.0,1,3.13,沪市主板
SH605399,,,2.9246,11,2.06,False,0.01,1.812,311044304.0,11.87,3.87,,-12.2,3692095888.0,,3695977378.0,,100.0,-6.126946641810904,33.95,0.08,7.452589105988139,53453210.0,0.24,1596470400000.0,-0.41,3126229.0,4517186.0,0.93,1.815,23361.0,1.45,,44.0,晨光新材,-28.629,,311371304.0,0,11.63,沪市主板
SH688361,42.63190602443512,0.0,50.9122,82,-5.04,False,0.01,22.962,352051671.0,331.48,7.69,,116.67,116698087903.0,1790697600000.0,116698087903.0,,1.0,-1.3260616637258364,403.68,0.16,45.632632423120434,2179133755.0,-17.61,1684425600000.0,-0.14,28701517.0,6474003.0,1.05,22.962,23276.0,1.84,,189.62,中科飞测,-2314.025,,352051671.0,0,349.09,科创板
SH603355,-27.071792066512145,0.0,1.9092,11,7.03,False,0.01,3.167,573396882.0,32.44,8.58,12.4385,2.24,18600994852.0,1790697600000.0,18600994852.0,,100.0,10.664580644555853,163.53,0.09,3.012470385298971,210457988.0,2.13,1431446400000.0,1.05,30082453.0,6600962.0,1.9,3.167,23274.0,1.15,,44.03,莱克电气,30.825,,573396882.0,0,30.31,沪市主板
SH601798,,,2.7653,11,0.26,False,0.01,2.046,354528198.0,7.7,2.21,99.6747,-13.19,2729867125.0,,2729867125.0,,100.0,6.233034772057211,-44.04,0.0,-4.223257516867928,36053967.0,0.02,1308672000000.0,0.23,3177356.0,4669510.0,1.18,2.046,23253.0,1.32,,23.0,蓝科高新,33.813,,354528198.0,0,7.68,沪市主板
SH688003,,0.0,6.4866,82,-3.66,False,0.01,6.665,194782316.0,69.27,8.72,102.2028,18.15,13492571029.0,1790697600000.0,13492571029.0,0.716,1.0,9.735025905875235,34.76,-0.06,17.30470980703447,212896257.0,-2.63,1563724800000.0,0.97,-4947305.0,2990858.0,0.99,6.623,23214.0,1.54,,85.88,天准科技,71.464,,194782316.0,0,71.9,科创板
SH600107,-5.005858093485105,,8.0573,11,0.0,False,0.01,5.199,360000000.0,5.62,2.67,,-19.02,2023200000.0,,2023200000.0,,100.0,-18.554561184237137,-25.4,0.54,-16.589600871032083,4328766.0,0.0,878745600000.0,-0.22,0.0,767485.0,1.18,5.199,23195.0,0.21,,0.0,*ST尔雅,-25.373,,360000000.0,0,5.62,沪市主板
SH603703,203.16547770203564,0.0,3.6059,11,-0.51,False,0.01,4.995,414982120.0,9.71,4.61,,-33.4,4029476385.0,1790697600000.0,4029476385.0,,100.0,-6.0996620508216495,109.46,0.0,27.691774289315816,84884961.0,-0.05,1429718400000.0,-0.12,-5168349.0,8655300.0,0.9,4.995,23177.0,2.09,,43.99,盛洋科技,-80.935,,414982120.0,0,9.76,沪市主板
SH603808,22.628009905417933,,1.0955,11,-0.11,False,0.01,1.22,363733233.0,8.82,2.94,4.8007,6.04,3208127115.0,,3208127115.0,2.063,100.0,6.9475175789243035,-23.71,0.23,1.0302147572954778,37215575.0,-0.01,1429632000000.0,0.5,1265073.0,4255700.0,1.29,1.22,23134.0,1.17,,44.0,歌力思,17.791,,363733233.0,0,8.83,沪市主板
SH600814,-4.498210826131388,0.0,2.9887,11,-0.72,False,0.01,1.321,735078598.0,6.88,1.88,8.826,-13.96,5057340754.0,1790697600000.0,5057340754.0,1.831,100.0,6.009788354326669,228.93,0.15,-5.979436626756951,34057370.0,-0.05,758476800000.0,0.31,-1085378.0,4954860.0,0.87,1.321,23077.0,0.67,,128.87,杭州解百,22.383,,735078598.0,0,6.93,沪市主板
SH600828,197.98248022700787,0.0,3.6715,11,-0.46,False,0.01,1.139,1731360181.0,4.31,3.0,31.4724,-26.2,7462162380.0,1790697600000.0,7464844773.0,,100.0,-6.9063913491712645,785.92,0.23,-18.059372793745354,52112016.0,-0.02,762019200000.0,-0.27,-1249835.0,12075100.0,0.63,1.139,22977.0,0.7,,54.63,茂业商业,-15.92,,1731982546.0,0,4.33,沪市主板
SH688668,79.1903252419604,0.0,14.9703,82,-4.58,False,0.01,13.068,139270606.0,196.95,8.2,77.8227,59.28,27429345852.0,1790697600000.0,27429345852.0,0.355,1.0,14.975517706882385,626.69,0.24,45.032646704921845,697222876.0,-9.46,1608480000000.0,2.22,3951784.0,3478615.0,0.79,13.068,22957.0,2.5,,123.67,鼎通科技,88.799,,139270606.0,0,206.41,科创板
SH600933,2.229806196939488,0.0,1.6095,11,-2.79,False,0.01,1.381,968279862.0,12.9,3.77,8.2587,-34.07,12490810220.0,1790697600000.0,13287250376.0,3.085,100.0,11.730904163919789,16.37,0.0,15.684994263974072,117434606.0,-0.37,1510848000000.0,1.04,-13523375.0,9018900.0,0.85,1.381,22941.0,0.93,,43.96,爱柯迪,12.351,,1030019409.0,0,13.27,沪市主板
SH603536,3.8696860193282445,,1.8147,11,0.0,False,0.01,6.932,240532260.0,10.19,2.26,52.7175,-8.36,2451023729.0,,2451023729.0,,100.0,-9.267115276786427,88.02,0.1,-13.413231077717057,52666368.0,0.0,1497283200000.0,-0.15,-2476396.0,5179588.0,1.15,6.986,22939.0,2.15,,44.04,惠发食品,-68.224,,240532260.0,0,10.19,沪市主板
SH603566,-10.97778730035861,0.0,3.448,11,-0.59,False,0.01,1.383,346062273.0,10.18,3.32,14.7192,-14.91,3522913939.0,1790697600000.0,3522913939.0,3.88,100.0,5.672982177427047,13.33,0.0,-8.581136323567073,29428679.0,-0.06,1431878400000.0,0.42,-1474600.0,2861403.0,1.71,1.383,22922.0,0.83,,44.01,普莱柯,24.107,,346062273.0,0,10.24,沪市主板
SH601200,0.22187082162283822,0.0,1.5405,11,0.29,False,0.01,0.779,1346230251.0,6.82,1.47,4.8014,-13.64,9181290312.0,1790697600000.0,9181290312.0,1.979,100.0,4.942266520354113,-52.44,0.15,-4.096368865983802,32914999.0,0.02,1490889600000.0,0.43,2710832.0,4835400.0,1.02,0.779,22882.0,0.36,,44.0,上海环境,16.005,,1346230251.0,0,6.8,沪市主板
SH600917,-32.997407953253614,0.0,0.7695,11,2.48,False,0.01,1.333,1561039760.0,4.96,3.51,10.0651,-8.82,7742757210.0,1790697600000.0,7742757210.0,1.028,100.0,3.131697823230791,25.46,0.2,-1.4331817364545696,56291379.0,0.12,1412006400000.0,0.12,9418545.0,11397199.0,2.62,1.333,22839.0,0.73,,44.0,重庆燃气,42.959,,1561039760.0,0,4.84,沪市主板
SH600333,-62.69841067204809,,1.6146,11,0.29,False,0.01,2.196,609030684.0,6.84,4.25,13.6629,23.69,4165769879.0,,4165769879.0,,100.0,1.2913880079801172,10.1,0.29,5.815819404446332,139733871.0,0.02,976464000000.0,0.04,-8899877.0,20296449.0,2.41,2.196,22733.0,3.33,,147.83,长春燃气,170.66,,609030684.0,0,6.82,沪市主板
SH605366,,0.0,5.6653,11,6.05,False,0.01,3.187,772827700.0,11.04,9.99,,78.06,8532017808.0,1790697600000.0,8532017808.0,,100.0,-6.325442674425595,77.88,0.73,5.155683602964989,1014084063.0,0.63,1597161600000.0,-0.19,-4999227.0,95354584.0,1.2,3.187,22705.0,12.34,,43.99,宏柏新材,-57.008,,772827700.0,0,10.41,沪市主板
SH600491,,,0.6172,11,-4.46,False,0.01,0.366,1529757955.0,1.5,5.1,0.8782,-43.18,2294636933.0,,2294636933.0,,100.0,-42.1631176335695,-19.28,0.0,-28.882460642755937,57604923.0,-0.07,1085328000000.0,-2.26,-13585302.0,37664500.0,0.85,0.365,22704.0,2.46,,17.04,ST龙元,-0.663,,1529757955.0,0,1.57,沪市主板
SH603669,,,11.5838,11,4.9,False,0.01,8.142,712359471.0,6.64,6.0,,45.61,4730066887.0,,4730066887.0,,100.0,-19.832128243471026,26.84,0.61,34.956715751705204,338432040.0,0.31,1432742400000.0,-0.19,-10718103.0,51098259.0,1.7,8.142,22702.0,7.17,,44.02,灵康药业,-34.68,,712359471.0,0,6.33,沪市主板
SH605488,3.9785390944877985,0.0,2.6198,11,-3.94,False,0.01,3.763,298478649.0,28.26,6.22,31.0498,-17.37,8435006621.0,1790697600000.0,8477751284.0,0.534,100.0,4.105447222340292,153.36,-0.11,19.864907219871753,213180950.0,-1.16,1620835200000.0,0.26,-11119728.0,7399111.0,0.73,3.787,22676.0,2.48,,44.0,福莱新材,108.247,,299991199.0,0,29.42,沪市主板
SH600512,-19.84159397024068,,0.6911,11,-0.48,False,0.01,0.535,1587405163.0,2.08,2.39,,-13.6,3301802739.0,,3301802739.0,0.481,100.0,0.12721310440048475,26.98,0.0,4.531141592936749,56116047.0,-0.01,1040832000000.0,0.0,-3949911.0,26907300.0,1.18,0.535,22675.0,1.7,,107.4,腾达建设,417.5,,1587405163.0,0,2.09,沪市主板
SH600262,27.800914128070065,,1.0994,11,-0.55,False,0.01,1.839,238000000.0,14.44,3.03,4.8701,-20.76,3436720000.0,,3436720000.0,1.884,100.0,14.249881442341724,108.36,0.21,9.664354433704037,44232355.0,-0.08,962294400000.0,1.06,5152432.0,3035660.0,0.94,1.839,22621.0,1.28,,85.62,北方股份,13.601,,238000000.0,0,14.52,沪市主板
SH603556,-14.801936442969732,0.0,2.069,11,-0.67,False,0.01,1.593,486264170.0,22.3,3.03,19.6921,-36.54,10843690991.0,1790697600000.0,10843690991.0,3.552,100.0,9.56059864403311,32.45,0.04,12.275228656633285,40622675.0,-0.15,1478707200000.0,1.37,196297.0,1804965.0,0.78,1.593,22480.0,0.37,,44.01,海兴电力,16.322,,486264170.0,0,22.45,沪市主板
SH603997,74.11597605798919,0.0,0.6764,11,-1.32,False,0.01,3.116,1272264864.0,13.47,6.08,9.16,-2.33,17137407718.0,1790697600000.0,17137407718.0,0.794,100.0,12.653940933957855,141.94,-0.22,9.488988267592235,309600221.0,-0.18,1425225600000.0,0.52,-4222200.0,22581393.0,0.98,3.116,22471.0,1.77,,44.04,继峰股份,25.779,,1272264864.0,0,13.65,沪市主板
SH603978,,0.0,1.4987,11,3.67,False,0.01,3.336,211094299.0,26.25,6.08,,-7.05,5541225349.0,1790697600000.0,5541225349.0,,100.0,-2.2837497787946566,47.37,-0.15,38.61416824510844,382622204.0,0.93,1502035200000.0,-0.18,20035541.0,14641585.0,0.82,3.336,22462.0,6.94,,44.0,深圳新星,-149.971,,211094299.0,0,25.32,沪市主板
SH603187,-12.555111340539149,0.0,1.2182,11,0.09,False,0.01,0.975,382361891.0,10.71,1.4,9.7613,-29.03,4095095853.0,1790697600000.0,4138317664.0,5.135,100.0,7.723913242473046,6.29,0.19,2.360340256427129,22063465.0,0.01,1543420800000.0,0.84,-152066.0,2058600.0,1.03,0.975,22417.0,0.54,,44.0,海容冷链,12.745,,386397541.0,0,10.7,沪市主板
SH601665,16.132464524160504,0.0,3.1767,11,0.28,False,0.01,0.846,6153842525.0,7.15,1.68,0.8522,29.87,43999974054.0,1790697600000.0,43999974054.0,3.483,100.0,11.25638562896725,41.91,-0.14,6.706021632711567,352266179.0,0.02,1623945600000.0,1.0,-9898842.0,49341926.0,1.1,0.846,22412.0,0.8,,44.03,齐鲁银行,7.151,,6153842525.0,0,7.13,沪市主板
SH603739,7.676527218461837,,2.4369,11,-2.35,False,0.01,1.932,253028866.0,13.71,13.11,21.6657,-2.35,3469025753.0,,3469025753.0,0.729,100.0,4.619979770190994,39.35,0.29,7.428062797754031,467364798.0,-0.33,1547568000000.0,0.32,-176964853.2,31833592.0,7.28,1.932,22322.0,12.58,,43.96,蔚蓝生物,42.485,,253028866.0,0,14.04,沪市主板
SH603416,15.923122054912842,0.0,3.0966,11,-4.04,False,0.01,2.576,139546120.0,44.15,5.19,46.3884,-18.51,6160961198.0,1790697600000.0,6930479495.0,2.149,100.0,10.520782167584814,215.81,-0.02,18.88619966228058,96095732.0,-1.86,1482249600000.0,1.8,-10513899.0,2145711.0,2.0,2.576,22287.0,1.54,,43.98,信捷电气,24.568,,156975753.0,0,46.01,沪市主板
SH600493,-78.87630569223221,,1.8642,11,1.08,False,0.01,1.601,272000000.0,6.58,3.07,11.9259,-10.56,1789760000.0,,1789760000.0,0.274,100.0,0.8107318814276222,124.69,0.3,0.3351838424806797,32461343.0,0.07,1082476800000.0,0.03,-3455021.0,4934500.0,0.72,1.601,22163.0,1.81,,47.62,凤竹纺织,197.616,,272000000.0,0,6.51,沪市主板
SH601177,14.314924964195797,0.0,2.2159,11,-1.08,False,0.01,1.865,402416500.0,13.7,3.83,21.2738,-20.58,5513106050.0,1790697600000.0,5585674950.0,0.511,100.0,9.922725496678074,-9.2,0.0,12.361636036116153,74163081.0,-0.15,1286726400000.0,0.7,1456961.0,5366178.0,1.27,1.865,22157.0,1.33,,117.85,杭齿前进,19.608,,407713500.0,0,13.85,沪市主板
SH600626,-79.9427068462489,0.0,0.4648,11,-1.33,False,0.01,1.53,1320744667.0,3.72,2.12,6.3148,-22.75,4913170161.0,1790697600000.0,4913170161.0,0.269,100.0,2.972844265958976,233.6,0.27,-3.7931847126648766,37689765.0,-0.05,726336000000.0,0.07,192507.0,10084000.0,0.63,1.53,22152.0,0.76,,-61.7,申达股份,51.753,,1320744667.0,0,3.77,沪市主板
SH603869,,,6.5624,11,-2.33,False,0.01,1.093,488621988.0,8.4,2.91,15.073,-20.43,4104424699.0,,4104424699.0,0.286,100.0,0.797112733130084,77.05,-0.47,-16.806878068680543,4484991.0,-0.2,1427299200000.0,0.06,-1163877.0,525905.0,1.17,1.105,22110.0,0.11,,43.94,ST智知,137.689,,488621988.0,0,8.6,沪市主板
SH600248,-76.99734435100798,0.0,0.0935,11,-0.69,False,0.01,0.386,3705739286.0,2.87,2.08,,-18.13,10635471751.0,1790697600000.0,10658977051.0,0.697,100.0,-1.7503026544895721,-36.66,-0.35,-18.75099146486432,45145895.0,-0.02,961603200000.0,-0.16,1355293.0,15616500.0,1.0,0.386,22079.0,0.42,,170.31,陕建股份,-17.714,,3713929286.0,0,2.89,沪市主板
SH603045,220.6536871759186,,0.8474,11,-2.17,False,0.01,4.48,135445155.0,45.03,4.65,,129.58,6099095330.0,,6099095330.0,0.329,100.0,33.482195074145196,370.09,0.09,52.46098790937046,175252340.0,-1.0,1526486400000.0,2.9,-4984171.0,3851000.0,0.86,4.48,22014.0,2.84,,44.04,福达合金,15.512,,135445155.0,0,46.03,沪市主板
SH600697,,,0.2727,11,-1.49,False,0.01,0.797,155376015.0,11.26,2.71,1.704,-13.75,1749533929.0,,1791331725.0,0.888,100.0,-2.2515440326786442,269.88,0.0,-2.9080215565737033,43570525.0,-0.17,755107200000.0,-0.32,-653322.0,3853250.0,0.77,0.797,21907.0,2.48,,996.0,欧亚集团,-34.938,,159088075.0,0,11.43,沪市主板
SH603037,-13.43033604235584,,3.3137,11,3.38,False,0.01,2.968,266150077.0,10.71,8.4,29.4122,-24.65,2850467325.0,,2854623661.0,1.867,100.0,6.838707972492733,105.11,0.0,7.281326639802632,165426750.0,0.35,1484841600000.0,0.25,14519820.0,15707288.0,2.59,2.968,21877.0,5.9,,43.97,凯众股份,42.998,,266538157.0,0,10.36,沪市主板
SH688700,23.0365589359921,0.0,13.026,82,-3.91,False,0.01,8.93,298401360.0,58.0,9.56,32.9042,65.32,17307278880.0,1790697600000.0,17307278880.0,0.638,1.0,9.6302884028286,257.85,0.09,22.43814721996302,561555399.0,-2.36,1623686400000.0,0.6,-7476590.4,9434069.0,0.89,8.93,21824.0,3.16,,339.21,东威科技,97.475,,298401360.0,0,60.36,科创板
SH603357,,0.0,1.6826,11,-0.67,False,0.01,0.861,560543253.0,5.97,1.66,9.9636,-25.2,3346443220.0,1790697600000.0,3346443220.0,2.178,100.0,4.1254048111570265,4.35,-0.33,-23.834849067252563,13261876.0,-0.04,1501516800000.0,0.28,-192155.0,2211548.0,0.97,0.861,21822.0,0.39,,43.97,设计总院,21.063,,560543253.0,0,6.01,沪市主板
SH603020,-11.824714266684976,,1.887,11,2.16,False,0.01,1.483,375637774.0,12.75,8.33,90.3535,26.64,4789381619.0,,4789381619.0,0.784,100.0,1.9438904014505338,0.16,-0.08,-2.164578339920531,433055987.0,0.27,1427212800000.0,0.17,-21955728.900000006,32522836.0,1.69,1.483,21801.0,8.66,,44.02,爱普股份,75.714,,375637774.0,0,12.48,沪市主板
SH603113,,0.0,0.2512,11,1.21,False,0.01,0.563,848490616.0,5.0,3.24,,-17.35,4242453080.0,1790697600000.0,4242453080.0,0.96,100.0,-7.371194107558911,-62.53,0.6,4.966264887025229,76389464.0,0.06,1494432000000.0,-0.7,-369565.0,15246397.0,1.42,0.563,21798.0,1.8,,43.98,金能科技,-7.152,,848490616.0,0,4.94,沪市主板
SH688007,,0.0,3.8079,82,-3.7,False,0.01,1.978,459615635.0,10.15,5.79,65.931,-45.34,4665098695.0,1790697600000.0,4665098695.0,,1.0,-9.518607382481745,-70.5,0.2,-27.356559427749183,60110166.0,-0.39,1563724800000.0,-0.51,1411279.0,5822810.0,0.81,1.978,21768.0,1.27,,121.94,光峰科技,-19.854,,459615635.0,0,10.54,科创板
SH600533,,,1.2585,11,-2.18,False,0.01,3.302,1050000000.0,2.24,3.49,,-12.5,2352000000.0,,2352000000.0,,100.0,-124.89637360927624,-3.33,-0.44,-40.543954301105586,39908540.0,-0.05,1017244800000.0,-2.42,-2009119.0,17660200.0,0.93,3.302,21751.0,1.68,,176.87,栖霞建设,-0.927,,1050000000.0,0,2.29,沪市主板
SH603100,-8.94202521943911,0.0,1.3646,11,0.93,False,0.01,1.952,511539166.0,18.46,3.5,26.102,-17.92,9443013004.0,1790697600000.0,9473176829.0,2.763,100.0,12.845339028898584,279.06,-0.11,-1.4677438902579443,112341216.0,0.17,1407168000000.0,1.17,11980724.0,6021425.0,1.73,1.952,21735.0,1.18,,44.05,川仪股份,15.745,,513173176.0,0,18.29,沪市主板
SH600293,,,4.77422726086276,11,0.0,False,0.01,2.763,1160145046.0,3.93,,,24.76,4559370031.0,,4559370031.0,,100.0,-4.976349280477429,-18.65,0.51,-30.060094783433122,,0.0,969292800000.0,-0.07,,,,2.763,21679.0,,,97.23,三峡新材,-54.414,,1160145046.0,0,3.93,沪市主板
SH688139,-13.92705096109992,0.0,4.5266,82,-3.07,False,0.01,2.488,316492922.0,34.75,4.32,29.2092,10.68,10998129040.0,1790697600000.0,10998129040.0,0.938,1.0,5.851629285801906,23.4,0.06,3.4519942422821748,212252776.0,-1.1,1571932800000.0,0.81,-340278.0,6037884.0,1.2,2.487,21663.0,1.91,,96.2,海尔生物,43.061,,316492922.0,0,35.85,科创板
SH600829,-20.03848173510312,0.0,0.5043,11,-1.91,False,0.01,1.733,579888597.0,9.25,5.3,610.5952,-14.43,5363969522.0,1790697600000.0,5363969522.0,,100.0,4.703043640856002,1250.17,0.43,1.6110279771419211,90116474.0,-0.18,762019200000.0,0.25,-2354142.0,9646530.0,1.1,1.733,21649.0,1.66,,48.27,人民同泰,37.705,,579888597.0,0,9.43,沪市主板
SH688556,,0.0,1.5599,82,-4.95,False,0.01,1.711,830773934.0,7.1,6.56,12.4282,-37.83,5898494931.0,1790697600000.0,5898494931.0,,1.0,-12.726397205078484,-18.39,0.0,-13.657333798516092,123391093.0,-0.37,1596729600000.0,-0.53,-8047370.0,16922682.0,1.37,1.711,21613.0,2.04,,240.39,高测股份,-13.347,,830773934.0,0,7.47,科创板
SH600983,73.9792897012366,0.0,1.3611,11,-0.53,False,0.01,2.175,766439000.0,7.5,2.39,18.114,-15.21,5748292500.0,1790697600000.0,5748292500.0,8.933,100.0,18.119989896917662,365.15,0.27,-0.5737468484633745,9060077.0,-0.04,1090857600000.0,0.63,119069.0,1210900.0,0.73,2.175,21597.0,0.16,,87.69,惠而浦,11.942,,766439000.0,0,7.54,沪市主板
SH688595,-10.114386773301732,0.0,4.532,82,-5.0,False,0.01,6.307,144093526.0,28.33,7.68,,-13.63,4082169592.0,1790697600000.0,4124003086.0,,1.0,-14.409089188338573,-44.53,0.14,31.65409834111914,71756320.0,-1.49,1601222400000.0,-0.72,-2489739.0,2475765.0,1.06,6.243,21588.0,1.72,,175.24,芯海科技,-39.285,,145570176.0,0,29.82,科创板
SH603668,-41.92629639072181,0.0,0.9189,11,-5.57,False,0.01,2.665,505796732.0,11.19,5.82,21.1472,-32.83,5659865431.0,1790697600000.0,5659865431.0,,100.0,-10.283890377153325,97.03,0.18,-3.3332929525587973,71016083.0,-0.66,1484582400000.0,-0.45,-469510.0,6223810.0,1.2,2.665,21584.0,1.23,,43.96,天马科技,-24.898,,505796732.0,0,11.85,沪市主板
SH603558,22.654011888656832,,1.675,11,-0.23,False,0.01,1.966,342638049.0,12.85,1.79,9.4207,20.19,4402898930.0,,4402898930.0,4.825,100.0,18.781331571996432,138.76,0.08,5.473953643864338,37748378.0,-0.03,1422288000000.0,1.28,-1363740.0,2942100.0,0.6,1.966,21566.0,0.86,,44.0,健盛集团,10.056,,342638049.0,0,12.88,沪市主板
SH600716,1008.0007424525623,,6.4665,11,-2.37,False,0.01,0.849,936060590.0,3.7,3.17,10.1855,-4.39,3463424183.0,,3463424183.0,,100.0,-15.369601384601783,130.76,-0.27,-5.518958281215736,22678247.0,-0.09,836236800000.0,-0.74,-3602681.0,6065410.0,0.98,0.849,21566.0,0.65,,21.52,凤凰股份,-4.979,,936060590.0,0,3.79,沪市主板
SH600281,-90.35226755814377,,4.383,11,0.0,False,0.01,40.573,514402025.0,4.62,3.68,,-21.69,2376537356.0,,2376537356.0,,100.0,-85.03067975290728,-26.58,0.22,38.840637355643096,46691044.0,0.0,973699200000.0,-0.17,2196272.0,10071100.0,0.57,40.562,21558.0,1.96,,155.45,华阳新材,-27.646,,514402025.0,0,4.62,沪市主板
SH603999,-9.965781900412074,,4.604,11,-2.65,False,0.01,1.812,576000000.0,6.6,3.69,35.3484,-5.06,3801600000.0,,3801600000.0,0.909,100.0,3.862508004849806,21.09,0.15,-17.229024087920486,90607871.0,-0.18,1449676800000.0,0.14,-3358215.0,13662500.0,0.59,1.812,21508.0,2.37,,44.01,读者传媒,47.975,,576000000.0,0,6.78,沪市主板
SH603809,15.890582592348412,0.0,2.6183,11,-1.53,False,0.01,2.063,920288807.0,8.34,3.19,36.13,-41.03,7675208650.0,1790697600000.0,7675208650.0,1.799,100.0,7.863617211397966,151.52,0.24,18.148157694201483,54515314.0,-0.13,1511798400000.0,0.31,-7743174.0,6477082.0,1.31,2.063,21505.0,0.7,,43.99,豪能股份,27.297,,920288807.0,0,8.47,沪市主板
SH600530,-14.795349832994532,,9.4269,11,-1.86,False,0.01,9.218,774920000.0,3.69,2.66,58.3379,-42.7,2859454800.0,,2859454800.0,,100.0,-4.047297767810107,-32.14,0.0,-0.5294735456742861,11060916.0,-0.07,994003200000.0,-0.02,-3133686.0,2980825.0,0.76,9.218,21441.0,0.38,,127.31,ST交昂,-224.638,,774920000.0,0,3.76,沪市主板
SH600689,-9.69509253583688,,1.5529,11,-0.25,False,0.01,4.986,152204143.0,11.89,3.1,,-11.37,1809707260.0,,2389787068.0,0.151,100.0,2.729401321276172,179.27,-0.08,12.162360905288839,26690068.0,-0.03,752688000000.0,0.06,386610.0,2231907.0,0.93,4.986,21371.0,1.47,,199.25,上海三毛,184.532,,200991343.0,0,11.92,沪市主板
SH601163,-17.197201264124107,0.0,0.9637,11,-0.33,False,0.01,0.699,800000000.0,12.2,1.31,10.3966,-11.1,9760000000.0,1790697600000.0,9760000000.0,4.262,100.0,6.330434911303619,-40.13,0.16,0.0945164062502446,26473694.0,-0.04,1473350400000.0,1.08,-3723539.0,2166500.0,1.33,0.699,21292.0,0.27,,44.0,三角轮胎,11.257,,800000000.0,0,12.24,沪市主板
SH603968,60.99633258315376,,0.9505,11,6.96,False,0.01,1.424,204480000.0,12.3,9.3,,10.12,2515104000.0,,2515104000.0,,100.0,-3.7395055161209516,11.32,0.16,-4.024094188346428,284314009.0,0.8,1431878400000.0,-0.33,1284853.0,23789689.0,2.13,1.424,21256.0,11.63,,44.02,醋化股份,-37.354,,204480000.0,0,11.5,沪市主板
SH603848,-9.683546501629293,0.0,3.4217,11,4.16,False,0.01,2.143,402406511.0,13.77,5.75,17.3916,-23.54,5541137656.0,1790697600000.0,5541137656.0,1.452,100.0,8.713174604908035,66.95,0.22,0.554772379391455,66960640.0,0.55,1512057600000.0,0.54,7152791.0,4913394.0,2.49,2.143,21182.0,1.22,,43.98,好太太,25.269,,402406511.0,0,13.22,沪市主板
SH600894,-18.903207488337735,0.0,0.8952,11,0.13,False,0.01,0.747,843144445.0,7.66,1.18,9.8957,-12.99,6458486449.0,1790697600000.0,6489599714.0,6.554,100.0,6.950755564080876,516.0,-0.13,-0.593230782026577,50403146.0,0.01,827942400000.0,0.71,-5009979.0,6585821.0,0.73,0.751,21175.0,0.78,,56.39,广日股份,10.856,,847206229.0,0,7.65,沪市主板
SH600620,-20.32161201140793,,13.7822,11,-0.92,False,0.01,2.111,686677113.0,4.32,3.21,,-33.39,2966445128.0,,2966445128.0,0.231,100.0,0.773781369457849,2358.74,0.0,-19.296612781096133,22973770.0,-0.04,721929600000.0,0.02,-346395.0,5252986.0,0.95,2.111,21166.0,0.76,,-3.29,天宸股份,268.578,,686677113.0,0,4.36,沪市主板
SH603030,,,2.6509,11,-1.44,False,0.01,3.883,1316933520.0,2.05,4.81,,-30.74,2699713716.0,,2699713716.0,,100.0,-28.299200094736353,-47.98,0.0,1.788740559668489,61001995.0,-0.03,1426780800000.0,-0.17,-3788625.0,29387891.0,1.11,3.883,21103.0,2.23,,43.96,全筑股份,-12.059,,1316933520.0,0,2.08,沪市主板
SH603489,38.904781808893674,0.0,4.1961,11,-2.39,False,0.01,2.333,234617979.0,27.8,3.97,125.3929,-8.67,6522379816.0,1790697600000.0,6522379816.0,0.54,100.0,6.519784248536858,14.97,0.0,2.776848885957439,58379135.0,-0.68,1573401600000.0,0.76,-992650.0,2083791.0,1.09,2.333,21064.0,0.89,,43.99,八方股份,36.66,,234617979.0,0,28.48,沪市主板
SH688519,,0.0,9.1111,82,1.54,False,0.01,19.889,235180442.0,276.86,10.19,,242.98,65112057172.0,1790697600000.0,65112057172.0,0.112,1.0,20.97563120727389,552.27,0.27,47.536666153323594,2199387443.0,4.21,1597680000000.0,2.61,33640156.00999999,7715458.0,1.75,19.889,21012.0,3.28,,88.8,南亚新材,106.011,,235180442.0,0,272.65,科创板
SH600463,-13.404470763947307,,3.7131,11,-1.91,False,0.01,2.905,300000000.0,8.21,3.58,,-27.47,2463000000.0,,2463000000.0,,100.0,-9.32567256489751,60.39,-0.36,15.209352078390538,29531159.0,-0.16,1079539200000.0,-0.28,121111.0,3549100.0,0.85,2.905,20988.0,1.18,,124.83,空港股份,-29.699,,300000000.0,0,8.37,沪市主板
SH688108,,0.0,10.9456,82,3.83,False,0.01,6.471,417952000.0,15.44,9.62,31.6987,-19.75,6453178880.0,1790697600000.0,6453178880.0,,1.0,8.858913581365554,-38.03,0.06,24.699032050215152,286037680.0,0.57,1572364800000.0,0.2,47870854.0,18216597.0,2.98,6.471,20978.0,4.36,,217.74,赛诺医疗,77.033,,417952000.0,0,14.87,科创板
SH688516,-30.00406791750133,0.0,2.2118,82,-3.86,False,0.01,3.487,314760458.0,40.31,6.75,17.8658,-9.0,12687994062.0,1790697600000.0,12687994062.0,2.731,1.0,11.33768860410075,149.84,-0.07,-6.530127379792871,250970543.0,-1.62,1589990400000.0,1.38,5445490.0,6097733.0,1.09,3.494,20955.0,1.94,,167.18,奥特维,29.172,,314760458.0,0,41.93,科创板
SH605099,19.386979668551206,0.0,3.2732,11,-0.29,False,0.01,3.553,402126336.0,27.89,1.75,15.3413,-20.02,11215303511.0,1790697600000.0,11230263707.0,2.972,100.0,23.413122948091704,41.46,0.11,13.140961884834601,19954479.0,-0.08,1601395200000.0,1.74,1834521.0,714600.0,0.88,3.55,20950.0,0.18,,43.98,共创草坪,16.002,,402662736.0,0,27.97,沪市主板
SH688609,,0.0,1.6445,82,-2.49,False,0.01,4.56,500000000.0,8.6,4.76,13.1189,-15.77,4300000000.0,1790697600000.0,4488794923.0,,1.0,-5.737047842612499,-32.5,0.12,12.94625095460431,154870916.0,-0.22,1616428800000.0,-0.1,-23819426.0,17863936.0,1.33,4.56,20821.0,3.57,,239.35,九联科技,-85.512,,521952898.0,0,8.82,科创板
SH688131,28.515629583431835,0.0,6.2466,82,-5.35,False,0.01,6.234,213234116.0,94.15,6.11,49.5404,30.96,20075992021.0,1790697600000.0,20075992021.0,0.255,1.0,8.181702542898357,-21.26,-0.03,24.36764714719757,629125595.0,-5.32,1623081600000.0,1.22,-59442895.0,6572124.0,0.96,6.234,20816.0,3.08,,382.27,皓元医药,77.44,,213234116.0,0,99.47,科创板
SH688006,-37.07516148683931,0.0,3.9586,82,0.15,False,0.01,2.26,603672152.0,20.38,5.31,10.9304,-29.9,12302838458.0,1790697600000.0,12302838458.0,1.143,1.0,4.443925843421172,-38.05,0.2,-7.025792848456447,249433296.0,0.03,1563724800000.0,0.4,4119526.0,12062627.0,1.82,2.26,20778.0,2.0,,99.13,杭可科技,51.13,,603672152.0,0,20.35,科创板
SH600854,-10.649703810681766,,19.6275,11,-0.21,False,0.01,1.0,519458538.0,4.74,1.89,,-2.49,2462233470.0,,2462233470.0,2.532,100.0,4.383978060997949,155.7,0.21,-3.271329059270034,30494723.0,-0.01,767203200000.0,0.21,2150547.0,6420000.0,0.96,1.0,20750.0,1.24,,40.62,春兰股份,22.973,,519458538.0,0,4.75,沪市主板
SH605333,19.93738521409827,0.0,0.9125,11,-0.48,False,0.01,2.29,464040406.0,16.49,3.14,39.0275,-44.14,7652026295.0,1790697600000.0,7652026295.0,1.213,100.0,9.00068504684613,165.85,0.06,27.241557419358276,30560222.0,-0.08,1597680000000.0,0.56,-1400564.0,1855505.0,0.99,2.29,20745.0,0.4,,43.96,沪光股份,29.615,,464040406.0,0,16.57,沪市主板
SH688582,-24.311502994056134,0.0,32.415,82,-4.04,False,0.01,5.466,401739056.0,34.47,5.21,110.4337,-47.71,13847945260.0,1790697600000.0,13847945260.0,0.429,1.0,7.530191725004745,-31.46,0.44,0.7227391642310455,121254422.0,-1.45,1688054400000.0,0.46,-8361318.0,3469798.0,1.25,5.466,20743.0,0.86,,75.21,芯动联科,74.626,,401739056.0,0,35.92,科创板
SH600780,5.930180443494337,0.0,0.6326,11,1.14,False,0.01,0.828,1146502523.0,6.2,1.96,5.3595,12.47,7108315643.0,1790697600000.0,7108315643.0,2.903,100.0,8.734601386464035,409.49,0.16,0.9718272474694922,73969800.0,0.07,849715200000.0,0.63,9237266.0,11928901.0,1.66,0.828,20743.0,1.04,,227.73,通宝能源,9.796,,1146502523.0,0,6.13,沪市主板
SH603933,2.9210377306196467,,1.4108,11,-1.04,False,0.01,2.781,207544575.0,18.12,4.7,,-30.29,3760707699.0,,3760707699.0,0.331,100.0,4.874945123336396,31.24,0.06,18.596844002795663,42716970.0,-0.19,1499270400000.0,0.31,-1274357.0,2331303.0,0.96,2.781,20738.0,1.12,,44.01,睿能科技,57.789,,207544575.0,0,18.31,沪市主板
SH688165,57.825716244360216,0.0,6.9233,82,-3.96,False,0.01,6.421,521780000.0,14.32,4.69,,-39.73,7471889600.0,1790697600000.0,7471889600.0,,1.0,-29.812479829884776,-46.29,-0.21,-13.95417210503329,80543516.0,-0.59,1594742400000.0,-0.77,-117841.59999999963,5508995.0,1.19,6.421,20685.0,1.06,,387.87,埃夫特-U,-18.572,,521780000.0,0,14.91,科创板
SH601339,23.14282895412361,0.0,1.2953,11,1.79,False,0.01,1.202,1499569000.0,7.38,2.62,5.4319,35.2,11066819220.0,1790697600000.0,11066819220.0,5.827,100.0,8.873056458455045,116.58,0.27,10.610128659964468,60534177.0,0.13,1339430400000.0,0.55,5476201.0,8290300.0,0.86,1.202,20681.0,0.55,,-9.34,百隆东方,13.405,,1499569000.0,0,7.25,沪市主板
SH603018,-25.497385780257265,0.0,1.0156,11,-1.73,False,0.01,0.778,819147727.0,5.11,2.88,8.8537,-17.35,4185844885.0,1790697600000.0,4185844885.0,2.798,100.0,5.268760414550317,26.39,0.2,-8.199128548835233,40290335.0,-0.09,1413129600000.0,0.34,-5507344.0,7822857.0,1.35,0.778,20680.0,0.95,,43.99,华设集团,14.974,,819147727.0,0,5.2,沪市主板
SH603916,-4.078980477565375,,1.235,11,-1.24,False,0.01,0.997,420327791.0,10.34,3.63,7.7398,10.28,4346189359.0,,4346189359.0,1.18,100.0,3.0469665581363956,31.16,0.39,-0.977509172940727,39183034.0,-0.13,1510243200000.0,0.31,-1143313.0,3764700.0,0.93,1.037,20676.0,0.9,,44.01,苏博特,32.984,,420327791.0,0,10.47,沪市主板
SH601999,-11.429688345031408,,1.9553,11,-1.62,False,0.01,1.379,550914700.0,6.7,3.96,15.2841,-1.49,3691128490.0,,3691128490.0,0.896,100.0,3.5449124162656513,-53.57,0.3,-11.764186888204941,108189025.0,-0.11,1198166400000.0,0.17,-102517.0,16134500.0,0.54,1.379,20652.0,2.93,,329.53,出版传媒,39.345,,550914700.0,0,6.81,沪市主板
SH603818,-8.528604339756797,,0.833,11,0.0,False,0.01,1.455,686543855.0,4.05,3.46,4.8935,12.19,2780502613.0,,2780502613.0,,100.0,-8.500505217477308,-35.93,0.0,-6.7351931847869135,89915710.0,0.0,1429632000000.0,-0.26,-11066658.0,21975783.0,0.83,1.455,20579.0,3.2,,43.99,曲美家居,-15.872,,686543855.0,0,4.05,沪市主板
SH688032,46.93899049905499,0.0,3.0869,82,-0.33,False,0.01,1.523,124073545.0,67.35,2.55,,-33.18,8356353256.0,1790697600000.0,8356353256.0,,1.0,-6.0025408667359725,-64.6,0.06,19.084278302454006,39162481.0,-0.22,1639929600000.0,-2.75,-1711087.0,578379.0,0.98,1.523,20561.0,0.47,,29.98,禾迈股份,-24.477,,124073545.0,0,67.57,科创板
SH688778,28.023548942660902,0.0,0.872,82,5.49,False,0.01,2.456,504691083.0,46.28,8.98,26.9583,-39.46,23357103321.0,1790697600000.0,23357103321.0,1.294,1.0,9.91721994843973,-34.36,0.06,29.94954268989214,684428174.0,2.41,1628092800000.0,1.81,93362332.63999999,14934052.0,2.48,2.456,20534.0,2.96,,396.57,厦钨新能,25.639,,504691083.0,0,43.87,科创板
SH601059,11.4201691371427,,11.360866655712256,11,0.0,False,0.01,2.347,3243000000.0,15.56,,35.58002142143304,-11.93,50461080000.0,,50461080000.0,0.257,100.0,7.386750705959225,59.41,,11.535929577501648,,0.0,1675180800000.0,0.61,,,,2.347,20528.0,,,44.0,信达证券,25.655,,3243000000.0,0,15.56,沪市主板
SH601616,206.30519354573056,,3.6151,11,0.27,False,0.01,1.378,853675319.0,3.76,2.4,,-2.59,3209819199.0,,3209819199.0,,100.0,-2.740168903807551,-56.29,0.27,9.756151982839345,29393883.0,0.01,1296489600000.0,-0.08,-2627902.0,7797100.0,0.91,1.378,20517.0,0.91,,-5.79,广电电气,-49.083,,853675319.0,0,3.75,沪市主板
SH600833,6.473354629756134,,1.0958,11,-0.86,False,0.01,2.068,223086347.0,10.39,3.82,42.3611,-18.97,2317867145.0,,2317867145.0,0.751,100.0,6.279017156990065,273.86,0.1,4.863564616623606,55423189.0,-0.09,762019200000.0,0.31,5595344.0,5296601.0,1.31,2.068,20473.0,2.37,,396.34,第一医药,33.163,,223086347.0,0,10.48,沪市主板
SH600824,,,6.3153,11,-0.54,False,0.01,1.659,1054027073.0,3.69,2.16,64.3191,-17.74,3889359899.0,,3889359899.0,0.949,100.0,-1.4803244803989941,550.79,0.27,-18.18986465688448,37347428.0,-0.02,760291200000.0,-0.03,2862753.0,10083800.0,1.02,1.659,20453.0,0.96,,147.12,益民集团,-110.348,,1054027073.0,0,3.71,沪市主板
SH688066,91.65103422427106,,13.3811,82,4.2,False,0.01,,304842257.0,9.17,5.23,,-71.84,2795403497.0,,2795403497.0,,1.0,532.771531238989,-69.97,0.22,-64.91314413150309,107018616.0,0.37,1563724800000.0,-6.44,3789955.2,11769812.0,0.88,-1.665,20446.0,3.86,,175.94,*ST航图,-1.424,,304842257.0,0,8.8,科创板
SH600337,195.83779907914294,,2.6703,11,-2.09,False,0.01,59.317,1436998137.0,3.74,7.07,83.1706,28.08,5374373032.0,,5374373032.0,,100.0,-183.6148563294033,49.05,-0.53,-27.883811664317637,161985951.0,-0.08,975254400000.0,-1.75,-28710801.0,42247590.0,1.08,59.271,20420.0,2.94,,136.82,ST美克,-2.135,,1436998137.0,0,3.82,沪市主板
SH600322,-71.79626162602588,,6.3132,11,1.08,False,0.01,40.881,1105700000.0,2.82,4.3,8.1056,21.03,3118074000.0,,3118074000.0,,100.0,396.90427312286886,-13.47,0.36,-69.76537992667882,109193939.0,0.03,1000051200000.0,-0.76,-512591.0,38910310.0,1.15,40.87,20409.0,3.52,,133.6,津投城开,-3.697,,1105700000.0,0,2.79,沪市主板
SH600719,3.3991666145789745,,5.6055,11,-3.78,False,0.01,9.448,404599600.0,8.39,3.21,124.8525,28.68,3394590644.0,,3394590644.0,,100.0,-1.0735879514425164,207.25,0.12,-1.4220341385279833,404441911.0,-0.33,837446400000.0,-0.01,7647604.520000011,47847862.0,1.19,9.448,20408.0,11.83,,102.59,大连热电,-872.621,,404599600.0,0,8.72,沪市主板
SH600370,,,0.2648,11,-0.73,False,0.01,1.116,4022663120.0,1.36,4.38,13.533,-39.82,5470821843.0,,5470821843.0,,100.0,-11.653965052530403,-14.02,0.74,-2.708494712585241,18654255.0,-0.01,1046880000000.0,-0.15,308556.0,13640600.0,0.85,1.116,20391.0,0.34,,48.29,*ST三房,-8.849,,4022663120.0,0,1.37,沪市主板
SH603877,-18.53644062349161,0.0,0.905,11,2.1,False,0.01,1.284,469323560.0,12.16,2.94,4.5325,-14.32,5706974490.0,1790697600000.0,5714042404.0,2.467,100.0,4.485829972463529,-36.96,0.33,-6.894878837596652,29671094.0,0.25,1483891200000.0,0.42,2919875.0,2448300.0,2.06,1.306,20388.0,0.52,,43.99,太平鸟,28.818,,469904803.0,0,11.91,沪市主板
SH603191,-53.11388559102039,0.0,1.1621,11,0.15,False,0.01,1.842,329964639.0,13.14,2.97,51.0127,-11.0,4335735356.0,1790697600000.0,4591875702.0,0.358,100.0,1.3546037466775367,-5.15,0.31,13.659428845136002,61653479.0,0.02,1651075200000.0,0.1,912504.0,4660182.0,1.1,1.689,20375.0,1.41,,44.01,望变电气,136.306,,349457816.0,0,13.12,沪市主板
SH600159,34.60783616444425,,4.4721,11,-3.2,False,0.01,1.569,830003232.0,2.72,4.27,,-1.81,2257608791.0,,2257608791.0,,100.0,-17.57386550304803,-42.31,-0.73,-23.074158239503063,56752962.0,-0.09,896112000000.0,-0.33,-5421724.0,20545700.0,1.03,1.569,20346.0,2.48,,0.0,大龙地产,-8.142,,830003232.0,0,2.81,沪市主板
SH688065,22.701354429171094,0.0,7.7195,82,-2.38,False,0.01,1.532,583378039.0,37.72,3.55,33.3662,-23.48,22005019631.0,1790697600000.0,27207051030.0,1.19,1.0,3.548516772331758,-63.65,0.24,21.022667142894313,124640756.0,-0.92,1597161600000.0,0.87,1080985.0,3267143.0,1.02,1.532,20344.0,0.56,,17.65,凯赛生物,43.546,,721289794.0,0,38.64,科创板
SH600243,49.83128674975137,,3.9046,11,-2.2,False,0.01,2.869,438850000.0,3.56,4.95,,-32.83,1562306000.0,,1562306000.0,,100.0,-15.864752938629364,-66.93,-0.28,15.15696151262944,25303074.0,-0.08,974649600000.0,-0.21,-1231983.0,6932100.0,0.91,2.869,20325.0,1.58,,339.56,*ST海华,-16.659,,438850000.0,0,3.64,沪市主板
SH688233,,0.0,31.8285,82,-5.22,False,0.01,7.433,170305736.0,83.33,9.07,59.1615,19.26,14191576981.0,1790697600000.0,14191576981.0,0.221,1.0,5.043970273496321,-5.49,1.52,49.86922947994172,488666719.0,-4.59,1582214400000.0,0.55,11795226.0,5778596.0,1.12,7.433,20297.0,3.39,,259.76,神工股份,150.519,,170305736.0,0,87.92,科创板
SH688083,-51.90915960615372,0.0,8.8123,82,-4.65,False,0.01,3.109,169646246.0,47.78,5.37,39.1777,-29.4,8105697634.0,1790697600000.0,8105697634.0,0.733,1.0,2.161765757537411,-68.07,0.34,5.223640842477528,89154570.0,-2.33,1615392000000.0,0.33,-3858263.0,1841006.0,1.63,3.109,20254.0,1.09,,171.76,中望软件,145.007,,169646246.0,0,50.11,科创板
SH603779,26.510916828017763,,8.1383,11,3.47,False,0.01,5.747,332082754.0,8.35,8.92,,29.66,2772890996.0,,2772890996.0,,100.0,-13.963629955697035,85.3,0.24,-6.031254053055446,224341793.0,0.28,1463328000000.0,-0.22,36761159.0,26888900.0,2.92,5.748,20237.0,8.1,,44.03,威龙股份,-38.183,,332082754.0,0,8.07,沪市主板
SH603309,-30.613605674351895,,1.9648,11,-0.36,False,0.01,1.828,291871418.0,11.14,1.88,7.1205,-14.84,3251447597.0,,3251447597.0,4.488,100.0,3.144160284350607,92.09,-0.09,6.641753730676125,24668629.0,-0.04,1425225600000.0,0.2,-1769206.0,2210100.0,1.06,1.828,20215.0,0.76,,44.03,维力医疗,56.793,,291871418.0,0,11.18,沪市主板
SH688295,21.1686617479685,0.0,12.8496,82,-2.36,False,0.01,6.57,900000000.0,34.76,4.38,55.8707,6.01,31284000000.0,1790697600000.0,31284000000.0,0.095,1.0,3.28501792010469,7.81,0.09,6.99459990129645,128598317.0,-0.84,1649174400000.0,0.17,-1026775.0,3656777.0,1.02,6.57,20203.0,0.41,,24.62,中复神鹰,202.595,,900000000.0,0,35.6,科创板
SH605299,16.748336375896788,0.0,2.8715,11,0.49,False,0.01,4.102,407659308.0,12.26,3.11,33.8462,7.69,4997903116.0,1790697600000.0,4997903116.0,1.631,100.0,9.507692788122762,60.46,0.25,12.230859618715751,65655299.0,0.06,1607961600000.0,0.28,4374876.0,5346600.0,0.71,4.102,20198.0,1.31,,44.02,舒华体育,43.289,,407659308.0,0,12.2,沪市主板
SH605588,,,2.3923,11,-4.27,False,0.01,3.367,73099561.0,42.35,6.69,21.9658,-16.12,3095766408.0,,3103216620.0,,100.0,-10.669232868615818,29.79,0.24,11.234207238210647,45661513.0,-1.89,1628697600000.0,-1.42,-2738728.0,1060349.0,0.93,3.367,20141.0,1.45,,43.98,冠石科技,-29.804,,73275481.0,0,44.24,沪市主板
SH603908,,,1.8809,11,3.44,False,0.01,3.765,93126988.0,20.12,4.83,13.4846,-13.83,1873714999.0,,1873714999.0,,100.0,-9.189948368200827,48.27,0.35,-12.19442404258908,50771429.0,0.67,1488816000000.0,-0.52,2113233.0,2506240.0,1.95,3.765,20138.0,2.69,,43.98,牧高笛,-38.992,,93126988.0,0,19.45,沪市主板
SH688208,67.66994653037214,0.0,3.1055,82,-4.02,False,0.01,4.274,670186411.0,23.85,5.03,16.4689,-33.04,15983945902.0,1790697600000.0,15983945902.0,4.159,1.0,23.296604710484516,-50.94,-0.08,19.011707404717804,137194398.0,-1.0,1581523200000.0,1.33,-15574053.0,5634171.0,1.32,4.274,20118.0,0.84,,204.19,道通科技,17.977,,670186411.0,0,24.85,科创板
SH600488,-19.181142239948635,0.0,2.7041,11,-2.54,False,0.01,2.354,1091886680.0,6.52,4.33,23.1097,60.79,7119101154.0,1790697600000.0,7119101154.0,0.798,100.0,2.137859061143294,23.16,0.15,-14.02518764702262,923351654.0,-0.17,992793600000.0,0.06,70398957.0,139504369.0,1.19,2.354,20107.0,12.78,,228.89,津药药业,110.487,,1091886680.0,0,6.69,沪市主板
SH603360,-25.30367662129954,0.0,5.6862,11,-0.57,False,0.01,6.135,706223654.0,12.19,5.79,17.9121,-62.17,8608866342.0,1790697600000.0,8608866342.0,,100.0,11.543852870448678,638.07,-0.08,5.895348916891674,131682477.0,-0.07,1486310400000.0,0.25,4291041.0,10600680.0,1.66,6.135,19990.0,1.5,,44.05,百傲化学,49.067,,706223654.0,0,12.26,沪市主板
SH600819,,0.0,0.9558,11,-1.6,False,0.01,1.395,789257071.0,5.53,4.27,7.699,-31.37,4364591603.0,1790697600000.0,5401466614.0,0.271,100.0,2.24843515699981,21.11,0.18,0.44466725972689414,36294173.0,-0.09,759686400000.0,0.09,-3274216.0,6505500.0,0.85,1.395,19989.0,0.82,,116.18,耀皮玻璃,64.907,,976757073.0,0,5.62,沪市主板
SH603861,25.771696876459327,0.0,1.2069,11,1.01,False,0.01,1.486,528586478.0,11.0,3.76,,-9.01,5814451258.0,1790697600000.0,5945807505.0,0.9,100.0,5.571945906829206,-2.28,0.18,4.375806157944773,75011870.0,0.11,1458576000000.0,0.39,4716201.0,6769966.0,1.48,1.486,19921.0,1.28,,44.0,白云电器,28.354,,540527955.0,0,10.89,沪市主板
SH600774,,,2.3145,11,-1.51,False,0.01,1.521,288856047.0,7.85,4.14,23.0041,-14.11,2267519969.0,,2268714935.0,,100.0,-10.930578889857056,235.69,-0.38,-12.586254851609457,36427514.0,-0.12,847382400000.0,-0.6,-2250815.0,4598495.0,1.32,1.553,19840.0,1.59,,1535.0,汉商集团,-13.164,,289008272.0,0,7.97,沪市主板
SH600287,-35.78297819696652,,0.8834,11,-0.2,False,0.01,0.996,436796074.0,5.01,2.59,16.8777,-8.24,2188348331.0,,2188348331.0,,100.0,0.9611384989938003,-11.9,0.2,-10.004261228612998,16049738.0,-0.01,967737600000.0,0.05,703470.0,3192000.0,1.05,0.996,19826.0,0.73,,180.3,苏豪时尚,103.325,,436796074.0,0,5.02,沪市主板
SH688660,14.738889858948024,0.0,0.7118,82,-1.55,False,0.01,3.286,1333333400.0,8.9,5.31,,-47.68,11866667260.0,1790697600000.0,11866667260.0,,1.0,-29.613995453178532,-18.15,0.34,42.13196621736306,246235130.0,-0.14,1621353600000.0,-0.94,13665400.100000001,27729452.0,1.29,3.286,19825.0,2.08,,115.99,电气风电,-9.481,,1333333400.0,0,9.04,科创板
SH603386,-71.88614520343728,,2.1788,11,0.57,False,0.01,4.324,326322560.0,17.5,5.0,,14.16,5710644800.0,,5710644800.0,,100.0,-3.9591377107106425,196.29,0.34,3.69735593070335,201369963.0,0.1,1505145600000.0,-0.16,-3103717.0,11497727.0,0.74,4.324,19821.0,3.52,,43.98,骏亚科技,-106.835,,326322560.0,0,17.4,沪市主板
SH603001,,,2.8193,11,0.35,False,0.01,1.925,400980000.0,11.33,3.45,9.2255,26.59,4543103400.0,,4543103400.0,,100.0,-5.411398356301309,-24.96,-0.18,-23.751852303182797,128201793.0,0.04,1335369600000.0,-0.33,-2730616.0,11287700.0,0.55,1.925,19808.0,2.82,,-7.25,奥康国际,-34.573,,400980000.0,0,11.29,沪市主板
SH688353,24.903522091424925,0.0,10.4798,82,7.0,False,0.01,3.766,159500000.0,86.21,9.1,,-24.18,13750495000.0,1790697600000.0,13750495000.0,0.338,1.0,8.578282081604618,17.0,0.21,55.37825154720639,561459558.0,5.64,1657641600000.0,1.88,84203482.0,6570994.0,2.5,3.766,19787.0,4.12,,14.13,华盛锂电,45.907,,159500000.0,0,80.57,科创板
SH603610,-48.05827079967122,0.0,1.3881,11,-0.84,False,0.01,1.504,352991621.0,12.96,5.74,11.3462,-31.44,4574771408.0,1790697600000.0,4574771408.0,1.08,100.0,0.9187257650277789,-31.8,0.08,4.901802334366523,107612492.0,-0.11,1572278400000.0,0.08,2125189.0,8143300.0,1.42,1.504,19777.0,2.31,,44.0,麒盛科技,161.664,,352991621.0,0,13.07,沪市主板
SH605168,-41.84001884204975,0.0,2.5033,11,-5.34,False,0.01,3.767,210816986.0,47.36,8.24,1484.5087,24.32,9984292457.0,1790697600000.0,9984292457.0,1.52,100.0,4.674867168574525,130.6,0.06,-6.052822247032452,215701402.0,-2.67,1590595200000.0,0.59,8576224.0,4464153.0,0.93,3.767,19771.0,2.12,,44.0,三人行,80.136,,210816986.0,0,50.03,沪市主板
SH600080,,,3.1174,11,-0.65,False,0.01,1.073,373270285.0,4.58,2.17,41.3723,-39.26,1709577905.0,,1709577905.0,,100.0,0.6460333775754978,77.51,-0.43,-0.6848670282092462,9390200.0,-0.03,866044800000.0,0.03,567526.0,2032276.0,1.04,1.073,19746.0,0.54,,0.0,ST金花,168.073,,373270285.0,0,4.61,沪市主板
SH603115,33.32793963665879,0.0,6.3361,11,-5.37,False,0.01,7.758,244582600.0,66.3,7.31,581.4454,256.1,16215826380.0,1790697600000.0,16215826380.0,0.894,100.0,12.055658349003275,487.08,0.18,16.760726463371324,510378724.0,-3.76,1565280000000.0,1.0,19769577.0,7563892.0,0.82,7.672,19672.0,3.09,,44.01,海星股份,66.414,,244582600.0,0,70.06,沪市主板
SH603333,-8.17968773013077,0.0,3.4451,11,1.35,False,0.01,3.262,621527586.0,9.0,2.59,,7.78,5593748274.0,1790697600000.0,6706453113.0,,100.0,-0.24733881222545073,20.97,0.11,8.114574140443098,68569256.0,0.12,1336320000000.0,-0.01,-3172534.0,7614186.0,1.07,2.303,19665.0,1.23,,25.48,福华尚纬,-1318.412,,745161457.0,0,8.88,沪市主板
SH688031,-12.4350113122075,0.0,24.8767,82,-1.98,False,0.01,15.55,121135916.0,86.26,4.38,,-20.27,10449184114.0,1790697600000.0,11657755722.0,,1.0,-25.09296266931517,19.81,0.09,1.2488366379960203,401934104.0,-1.74,1666022400000.0,-1.59,-4325352.0,4613896.0,0.87,13.938,19660.0,3.81,,60.54,星环科技-U,-54.206,,135146716.0,0,88.0,科创板
SH601187,2.00598980080966,0.0,2.847,11,-0.14,False,0.01,0.662,2633380092.0,6.89,1.3,1.4204,-4.7,18143988834.0,1790697600000.0,18183591148.0,1.597,100.0,8.395291448036271,10.67,0.0,7.7476767673815505,145516521.0,-0.01,1603728000000.0,1.03,-15374496.0,21120040.0,1.48,0.662,19600.0,0.8,,40.24,厦门银行,6.687,,2639127888.0,0,6.9,沪市主板
SH600229,-18.367263258182355,0.0,1.9952,11,-1.39,False,0.01,1.38,660707784.0,5.67,2.43,127.1103,-10.57,3746213135.0,1790697600000.0,3746213135.0,,100.0,-15.61705002471009,35.04,0.35,-12.661841455827016,37278886.0,-0.08,952531200000.0,-0.7,2471063.0,6573638.0,0.7,1.38,19589.0,0.99,,166.67,城市传媒,-8.148,,660707784.0,0,5.75,沪市主板
SH600851,8.442032258844456,0.0,13.2634,11,-3.4,False,0.01,1.837,738206110.0,7.66,6.18,,12.88,5654658803.0,1790697600000.0,9246054261.0,0.653,100.0,4.188111686554101,278.74,0.0,-18.73375489593867,59953530.0,-0.27,765388800000.0,0.16,-7580092.0,7691602.0,1.35,1.837,19584.0,1.04,,184.14,海欣股份,46.739,,1207056692.0,0,7.93,沪市主板
SH603811,0.35735927188458305,,3.8321,11,-1.0,False,0.01,2.234,458226048.0,6.92,2.29,11.325,-5.13,3170924252.0,,3170924252.0,3.092,100.0,13.13715705489232,136.92,0.0,7.820010185929682,25669086.0,-0.07,1489507200000.0,0.39,-136552.0,3690532.0,1.06,2.234,19575.0,0.81,,43.97,诚意药业,17.858,,458226048.0,0,6.99,沪市主板
SH600094,-42.19779872292324,0.0,7.199,11,4.77,False,0.01,0.992,2126229950.0,4.39,9.79,18.468,5.53,9334149481.0,1790697600000.0,10206530698.0,,100.0,1.1746743478558612,-6.62,-0.23,-54.87422230418544,273040545.0,0.2,867859200000.0,0.05,32500191.0,62262881.0,1.78,0.992,19573.0,2.93,,0.0,大名城,84.995,,2324950045.0,0,4.19,沪市主板
SH603171,29.323114854179334,0.0,7.0898,11,-3.93,False,0.01,5.941,405890000.0,37.44,5.16,55.1915,-31.78,15196521600.0,1790697600000.0,15196521600.0,0.534,100.0,6.31601665836325,141.88,-0.11,7.209061050388721,162338009.0,-1.53,1624982400000.0,0.39,-9924542.0,4269583.0,1.08,5.948,19565.0,1.05,,44.04,税友股份,95.436,,405890000.0,0,38.97,沪市主板
SH600444,14.192573899177653,,2.199,11,-0.07,False,0.01,2.78,146421932.0,14.5,2.55,28.9676,-19.87,2123118014.0,,2123118014.0,1.103,100.0,7.935809798891505,74.85,-0.41,11.421494238858077,31019356.0,-0.01,1077120000000.0,0.4,-1153544.0,2130621.0,1.06,2.78,19528.0,1.46,,269.78,国机通用,35.956,,146421932.0,0,14.51,沪市主板
SH601228,-8.458355832712105,0.0,1.7577,11,1.61,False,0.01,1.104,7544531351.0,3.16,2.57,10.4861,-1.4,23840719069.0,1790697600000.0,23840719069.0,1.519,100.0,3.874139676266173,28.45,0.0,0.05053414291109615,118300014.0,0.05,1490716800000.0,0.11,18748956.0,37542900.0,1.99,1.104,19525.0,0.5,,44.1,广州港,28.87,,7544531351.0,0,3.11,沪市主板
SH688136,,0.0,3.2751,82,-3.75,False,0.01,2.567,201985000.0,23.36,6.67,57.9108,-25.28,4718369600.0,1790697600000.0,4718369600.0,1.049,1.0,11.884579102149784,-45.84,0.13,1.8346311751974875,228541830.0,-0.91,1607875200000.0,1.04,6394329.440000001,9718257.0,0.98,2.567,19524.0,4.81,,83.65,科兴制药,22.558,,201985000.0,0,24.27,科创板
SH601077,5.679486925745558,0.0,2.584,11,1.04,False,0.01,0.55,8838242409.0,6.78,1.94,2.5271,10.39,59923283533.0,1790697600000.0,77000460000.0,4.735,100.0,8.909691168291682,13.92,0.3,3.377254560949061,408294697.0,0.07,1572278400000.0,1.11,-22345865.0,60571630.0,0.87,0.55,19519.0,0.69,,27.04,渝农商行,6.112,,11357000000.0,0,6.71,沪市主板
SH601860,-7.384053500652998,0.0,2.4138,11,0.39,False,0.01,0.456,3551687961.0,2.59,1.94,1.3895,-2.6,9198871819.0,1790697600000.0,9482260077.0,3.861,100.0,6.140151508036538,-11.9,-0.38,-4.983072780623699,155933130.0,0.01,1546444800000.0,0.35,28894850.0,59987056.0,1.18,0.448,19518.0,1.69,,43.95,紫金银行,7.438,,3661104277.0,0,2.58,沪市主板
SH603823,17.232822177981365,0.0,8.7516,11,9.86,False,0.01,7.689,416367704.0,46.59,10.26,74.8338,211.06,19398571329.0,1790697600000.0,19398571329.0,0.279,100.0,7.4393382848139025,656.72,-0.02,-0.10461233646923418,1796497275.0,4.18,1482163200000.0,0.44,15056189.0,39283627.0,1.41,7.689,19437.0,9.43,,43.96,百合花,106.068,,416367704.0,0,42.41,沪市主板
SH600861,2.4966380127185106,0.0,0.1611,11,-0.16,False,0.01,1.017,566112718.0,12.81,1.01,14.0291,-24.71,7251903918.0,1790697600000.0,7251903918.0,8.064,100.0,10.890061404220928,276.96,0.0,5.376401329413039,20895507.0,-0.02,769363200000.0,1.35,-1628148.0,1632200.0,1.36,1.017,19426.0,0.29,,51.0,北京人力,9.457,,566112718.0,0,12.83,沪市主板
SH603931,-11.438612228232003,0.0,10.156,11,-3.64,False,0.01,2.917,199558380.0,31.24,5.95,43.6637,-0.56,6234203791.0,1790697600000.0,6234203791.0,0.8,100.0,6.5624941903374605,109.18,0.55,-4.690018256437634,126813721.0,-1.18,1597766400000.0,0.61,-1205111.0,4000101.0,1.22,2.917,19373.0,2.0,,44.01,格林达,51.076,,199558380.0,0,32.42,沪市主板
SH603022,5.6952915960427175,,1.7644,11,0.22,False,0.01,2.136,200000000.0,9.08,3.42,60.5829,-10.5,1816000000.0,,1816000000.0,1.101,100.0,7.2561548791382044,16.16,0.22,7.942128405076043,28237980.0,0.02,1431878400000.0,0.3,954685.0,3110056.0,1.08,2.136,19307.0,1.56,,44.03,新通联,30.235,,200000000.0,0,9.06,沪市主板
SH600461,1.7217815241939771,0.0,1.6272,11,0.91,False,0.01,1.182,1317757625.0,8.89,1.36,5.4877,1.0,11714865286.0,1790697600000.0,11714865286.0,5.118,100.0,12.022635825799673,493.74,-0.11,-4.982343662105537,111882456.0,0.08,1086019200000.0,0.88,30334349.0,12628617.0,1.6,1.152,19290.0,0.96,,89.27,洪城环境,10.047,,1317757625.0,0,8.81,沪市主板
SH603788,6.101406206367099,,2.1531,11,9.97,False,0.01,1.639,223065068.0,15.0,10.19,22.0356,-3.63,3345976020.0,,3345976020.0,5.333,100.0,10.14090994399258,116.58,0.0,6.498788403235256,161968396.0,1.36,1421683200000.0,0.92,-50734963.0,10949978.0,11.61,1.639,19232.0,4.91,,43.97,宁波高发,16.27,,223065068.0,1,13.64,沪市主板
SH603051,33.35455776593486,,2.5217,11,-3.13,False,0.01,2.218,161632896.0,23.5,6.68,14.7886,10.9,3798373056.0,,3826573056.0,,100.0,-2.700017746591844,9.45,0.3,-19.910871217059988,163309417.0,-0.76,1648137600000.0,-0.27,-4903072.0,6977676.0,1.31,2.201,19201.0,4.32,,44.01,鹿山新材,-85.79,,162832896.0,0,24.26,沪市主板
SH603080,17.17481423714693,,1.7678,11,2.26,False,0.01,1.794,141500000.0,20.4,2.86,10.2602,-11.71,2886600000.0,,2886600000.0,2.549,100.0,13.889750549985457,45.89,0.69,14.484602093612686,44759684.0,0.45,1514908800000.0,1.51,3474670.0,2214400.0,1.91,1.794,19142.0,1.56,,43.97,新疆火炬,13.533,,141500000.0,0,19.95,沪市主板
SH600202,33.02732111756945,,1.3859,11,-0.39,False,0.01,2.506,383340672.0,5.16,2.7,,-12.1,1978037868.0,,1978037868.0,,100.0,-4.652268155635148,99.49,0.19,-4.032816992635646,26572311.0,-0.02,928339200000.0,-0.1,-3097054.0,5137988.0,1.03,2.506,19133.0,1.34,,0.0,哈空调,-52.624,,383340672.0,0,5.18,沪市主板
SH601199,1.0041515282340097,0.0,3.8939,11,-1.43,False,0.01,1.239,935210292.0,6.21,2.54,19.3725,13.18,5807655913.0,1790697600000.0,5807655913.0,1.932,100.0,7.733485373122635,46.09,-0.32,4.081000382262512,63948190.0,-0.09,1300291200000.0,0.38,-6456549.0,10168700.0,0.71,1.239,19085.0,1.09,,9.31,江南水务,16.431,,935210292.0,0,6.3,沪市主板
SH600724,-6.748587611132528,0.0,5.3507,11,-0.6,False,0.01,2.559,1444942664.0,4.98,2.99,21.488,-11.98,7195814467.0,1790697600000.0,7197300534.0,2.41,100.0,6.608370947774349,718.27,0.2,-27.348867098560913,33678312.0,-0.03,837446400000.0,0.13,907927.0,6728400.0,0.79,2.559,19082.0,0.47,,53.79,宁波富达,38.815,,1445241071.0,0,5.01,沪市主板
SH688277,12.49308959827713,0.0,26.7856,82,-4.99,False,0.01,5.809,466444859.0,14.86,6.46,,-2.17,6931370605.0,1790697600000.0,6931370605.0,,1.0,-15.99165843048759,-78.77,0.07,3.6987865715184753,75773220.0,-0.78,1594051200000.0,-0.42,-4984355.0,4993451.0,1.05,5.809,19060.0,1.07,,614.29,天智航-U,-35.49,,466444859.0,0,15.64,科创板
SH600841,-32.44471506672076,0.0,1.289,11,-0.35,False,0.01,1.221,1043024484.0,5.68,2.98,8.8792,-6.73,5924379069.0,1790697600000.0,7882827733.0,,100.0,67.27445364950148,44.55,0.35,-9.181178216655594,44866325.0,-0.02,763315200000.0,2.34,478269.0,7854300.0,0.81,1.221,19042.0,0.75,,177.88,动力新科,2.424,,1387821784.0,0,5.7,沪市主板
SH900948,6.280444158386311,,1.7042,11,2.19,False,0.001,1.596,1328000000.0,3.818,1.79,8.4817,123.21,5070304000.0,,11183944392.0,7.674,100.0,14.977899566707048,26787.32,0.16,-3.9441895109156078,9125225.0,0.082,870969600000.0,0.36,-54015.919999999925,2408097.0,0.81,1.588,18998.0,0.18,,0.0,伊泰B股,10.554,,2929267782.0,0,3.736,B股
SH603199,9.337321981589831,,3.8812,11,-1.81,False,0.01,2.02,110680000.0,31.39,2.47,9.9604,-12.69,3474245200.0,,3474245200.0,2.453,100.0,13.519300874526072,101.69,-0.03,7.887814456606423,53913485.0,-0.58,1427299200000.0,2.02,-3051994.0,1718900.0,1.86,2.02,18993.0,1.55,,44.04,九华旅游,15.571,,110680000.0,0,31.97,沪市主板
SH688503,,0.0,0.8464,82,-5.69,False,0.01,3.3,242033643.0,65.6,7.58,,8.01,15877406981.0,1790697600000.0,15877406981.0,0.63,1.0,3.1892001507107346,-8.17,-0.06,32.690791503120685,558890956.0,-3.96,1670515200000.0,0.63,-15213948.0,8332233.0,0.7,3.3,18973.0,3.44,,35.37,聚和材料,104.094,,242033643.0,0,69.56,科创板
SH603335,,,3.0747,11,-1.33,False,0.01,9.846,428144600.0,5.95,4.31,32.5485,5.68,2547460370.0,,2547460370.0,,100.0,28.30495524050245,137.62,0.51,-26.13847086087987,40771444.0,-0.08,1497888000000.0,0.15,-1089043.0,6827732.0,1.04,9.846,18966.0,1.59,,43.92,迪生力,39.195,,428144600.0,0,6.03,沪市主板
SH603339,-16.78747432742589,,2.0829,11,-0.98,False,0.01,1.34,309441175.0,12.08,3.03,12.0532,-4.54,3738049394.0,,3738049394.0,1.283,100.0,6.396059738585323,40.49,0.25,-5.269623370679188,54955259.0,-0.12,1463587200000.0,0.55,221811.0,4512436.0,0.74,1.34,18933.0,1.46,,43.96,四方科技,21.811,,309441175.0,0,12.2,沪市主板
SH600658,136.72100117390374,0.0,4.5339,11,-1.9,False,0.01,0.931,1118585045.0,4.13,3.56,29.7117,-24.77,4619756236.0,1790697600000.0,4619756236.0,,100.0,-35.58505369626624,23.11,0.24,-32.53035741740015,70835995.0,-0.08,738172800000.0,-1.69,-4403176.0,17002000.0,0.95,0.931,18919.0,1.52,,1000.0,电子城,-2.445,,1118585045.0,0,4.21,沪市主板
SH600455,26.802480052454356,,4.9999,11,-0.45,False,0.01,4.268,62458000.0,24.52,3.33,16.0568,-5.58,1531470160.0,,1531470160.0,,100.0,14.47330951089766,27.1,-0.04,5.9760763169619535,25793200.0,-0.11,1080489600000.0,0.78,-247874.0,1046800.0,0.81,4.268,18914.0,1.68,,150.12,博通股份,31.623,,62458000.0,0,24.63,沪市主板
SH688316,-31.21675093243259,,10.1039,82,2.34,False,0.01,69.843,47898129.0,45.44,9.95,,-24.48,2176490982.0,,2176490982.0,,1.0,-159.34974433371212,-40.21,0.07,-15.969933033818096,203937871.0,1.04,1615824000000.0,-1.24,21817759.759999998,4290550.0,2.94,69.811,18888.0,8.96,,28.93,青云科技-U,-36.514,,47898129.0,0,44.4,科创板
SH688372,59.397756200858694,0.0,8.0983,82,-3.48,False,0.01,3.854,168996530.0,96.38,8.73,17.8267,-11.34,16287885561.0,1790697600000.0,16295816672.0,0.568,1.0,10.389504164254845,84.89,0.01,53.44641649849602,742977670.0,-3.47,1666713600000.0,2.14,22723612.97,7515640.0,1.35,3.832,18863.0,4.45,,81.59,伟测科技,45.087,,169078820.0,0,99.85,科创板
SH603058,5.912964901697437,,4.2972,11,-1.41,False,0.01,3.055,414663566.0,8.39,3.64,31.8405,-10.46,3479027319.0,,3479279019.0,,100.0,9.110212373092788,72.69,0.0,-3.5269935531920593,40991818.0,-0.12,1482422400000.0,0.26,-773805.0,4846000.0,0.65,3.094,18836.0,1.17,,43.91,永吉股份,32.355,,414693566.0,0,8.51,沪市主板
SH600215,,,2.7233,11,-2.73,False,0.01,1.14,456882880.0,6.06,4.98,148.5228,-15.24,2768710253.0,,2768710253.0,,100.0,-15.178106004650818,-27.55,0.17,-19.436380735238078,34428555.0,-0.17,936806400000.0,-0.75,-2443909.0,5615200.0,0.93,1.14,18829.0,1.23,,95.68,派斯林,-8.131,,456882880.0,0,6.23,沪市主板
SH601061,34.11632235811959,0.0,0.3227,11,3.03,False,0.01,2.151,4900000000.0,10.87,5.88,6.3364,-23.25,53263000000.0,1790697600000.0,53263000000.0,2.024,100.0,16.554483456780034,31.94,0.09,15.705482247107238,205948055.0,0.32,1681056000000.0,0.8,34657384.0,18827850.0,1.64,2.151,18793.0,0.38,,70.82,中信金属,13.608,,4900000000.0,0,10.55,沪市主板
SH688127,78.51269338175035,0.0,11.9263,82,-5.11,False,0.01,9.847,405897700.0,57.93,7.44,28.9615,51.01,23513653761.0,1790697600000.0,23513653761.0,0.518,1.0,26.233369017411178,101.52,-0.09,52.87821209294676,440654797.0,-3.12,1600617600000.0,1.37,-9894639.0,7458253.0,1.06,9.847,18761.0,1.84,,126.02,蓝特光学,42.175,,405897700.0,0,61.05,科创板
SH600382,2.02375908265946,0.0,3.6673,11,0.53,False,0.01,1.205,648317121.0,5.67,3.9,11.3811,-16.83,3675958076.0,1790697600000.0,3675958076.0,7.284,100.0,5.9336448937969495,241.96,-0.18,15.58442179089985,62462475.0,0.03,979747200000.0,0.26,982662.0,10975417.0,0.83,1.29,18724.0,1.69,,144.73,广东明珠,21.445,,648317121.0,0,5.64,沪市主板
SH688617,24.771877038286117,0.0,11.942,82,-1.55,False,0.01,11.204,141529162.0,244.4,3.42,32.2546,0.88,34589727193.0,1790697600000.0,34589727193.0,0.402,1.0,31.718629781204104,137.03,0.16,25.337813626115224,405064500.0,-3.85,1609948800000.0,6.59,-7976569.800000001,1652091.0,1.08,11.204,18644.0,1.17,,245.18,惠泰医疗,37.082,,141529162.0,0,248.25,科创板
SH603367,-2.305580274220176,0.0,1.9239,11,-0.62,False,0.01,1.024,452754129.0,14.44,3.85,12.1036,-14.33,6537769623.0,1790697600000.0,6537769623.0,2.604,100.0,7.3238842470219305,26.5,0.14,-9.092712848685258,129036808.0,-0.09,1506614400000.0,1.01,-910241.0,8864501.0,1.53,1.024,18624.0,1.96,,44.0,辰欣药业,14.321,,452754129.0,0,14.53,沪市主板
SH603959,48.34322213919926,,5.6783,11,3.18,False,0.01,,490298992.0,4.22,3.91,,-26.48,2069061746.0,,2069061746.0,,100.0,-9119.851286855104,-3.53,0.0,-54.21598750055,24812273.0,0.13,1463414400000.0,-0.47,3658581.0,5861799.0,1.43,-25.119,18582.0,1.2,,43.95,ST百利,-8.909,,490298992.0,0,4.09,沪市主板
SH600097,,,0.9778,11,-0.43,False,0.01,1.004,240936559.0,9.21,2.38,24.8396,-18.03,2219025708.0,,2219025708.0,1.086,100.0,0.709387418916508,-2.98,0.44,3.1531767653696363,25263386.0,-0.04,866649600000.0,0.07,-1283000.0,2730700.0,1.08,1.004,18559.0,1.13,,0.0,开创国际,138.834,,240936559.0,0,9.25,沪市主板
SH688399,-18.64365562143765,0.0,10.8681,82,-1.16,False,0.01,1.148,124130147.0,27.22,14.6,129.4783,-41.19,3378822601.0,1790697600000.0,3378822601.0,,1.0,-0.8229790887950018,35.21,-0.04,-10.952678709570307,133561817.0,-0.32,1575475200000.0,-0.21,-9497213.0,4707142.0,2.6,1.148,18549.0,3.79,,17.32,硕世生物,-132.469,,124130147.0,0,27.54,科创板
SH600738,37.04975004865177,,5.0111,11,-1.18,False,0.01,1.492,760666196.0,4.18,2.36,8.2091,-16.79,3179584699.0,,3182381286.0,2.56,100.0,9.081621745730244,228.26,0.24,-10.257969144947399,41593497.0,-0.05,838915200000.0,0.25,1403170.0,9936200.0,0.92,1.492,18541.0,1.31,,176.28,丽尚国潮,16.956,,761335236.0,0,4.23,沪市主板
SH600579,-46.577498635815765,,2.5383,11,-0.28,False,0.01,2.3,493600759.0,7.01,1.71,,-15.54,3460141321.0,,3460141321.0,,100.0,-10.465635861876876,9.88,-0.14,-55.06143848072844,18929569.0,-0.02,1028822400000.0,-0.34,98812.0,2690845.0,0.66,2.3,18541.0,0.55,,153.8,中化装备,-20.912,,493600759.0,0,7.03,沪市主板
SH601577,4.504814993007078,0.0,1.5281,11,1.75,False,0.01,0.523,4021553754.0,9.88,2.68,0.7171,6.84,39732951090.0,1790697600000.0,39732951090.0,4.555,100.0,10.098213045270825,46.88,0.0,2.2191735186746886,261813988.0,0.17,1537891200000.0,2.07,30347757.0,26770122.0,1.31,0.523,18468.0,0.67,,44.06,长沙银行,4.772,,4021553754.0,0,9.71,沪市主板
SH688023,-47.45616419951823,0.0,2.1063,82,-3.87,False,0.01,2.114,102175143.0,44.48,5.34,16.2586,-13.48,4544750361.0,1790697600000.0,4544750361.0,,1.0,-1.7601757521900159,-22.85,-0.11,-0.004544878814993769,148107196.0,-1.79,1572883200000.0,-0.39,-5403011.72,3283940.0,0.59,2.114,18412.0,3.21,,39.93,安恒信息,-114.785,,102175143.0,0,46.27,科创板
SH603630,,0.0,4.199,11,3.0,False,0.01,1.87,225204580.0,15.81,7.04,38.415,-18.34,3560484410.0,1790697600000.0,3560484410.0,0.436,100.0,-0.0175285745423476,-15.26,0.06,0.6799659487834342,242385377.0,0.46,1489334400000.0,0.0,9569634.0,15460229.0,1.6,1.87,18408.0,6.86,,43.99,拉芳家化,-10662.466,,225204580.0,0,15.35,沪市主板
SH688469,,0.0,7.5788,82,-5.64,False,0.01,5.249,5890567475.0,8.36,7.22,28.9312,24.96,49245144091.0,1790697600000.0,70079264758.0,,1.0,-1.1345176845661364,32.7,0.12,26.102017422298985,1327021487.0,-0.5,1683648000000.0,-0.02,-131251543.19999999,155437778.0,1.24,5.249,18374.0,2.64,,10.72,芯联集成-U,-479.275,,8382687172.0,0,8.86,科创板
SH688425,-13.883941243030673,0.0,2.2273,82,0.25,False,0.01,1.133,5333497000.0,3.96,1.01,47.5751,-20.32,21120648120.0,1790697600000.0,21120648120.0,2.121,1.0,6.864026756506797,-24.29,0.25,-3.9809785005693876,40646521.0,0.01,1624291200000.0,0.23,-1635468.0,10266482.0,1.07,1.133,18343.0,0.19,,186.41,铁建重工,16.866,,5333497000.0,0,3.95,科创板
SH600173,,0.0,2.0277,11,-1.17,False,0.01,1.153,700416244.0,5.89,3.19,5.736,-17.39,4125451677.0,1790697600000.0,4125981777.0,,100.0,-6.839991934059865,145.33,0.17,-30.048179568076318,32808320.0,-0.07,924105600000.0,-0.36,-2258981.0,5529300.0,1.04,1.153,18334.0,0.79,,0.0,卧龙新能,-16.27,,700506244.0,0,5.96,沪市主板
SH603165,11.020930066246336,,1.829,11,4.05,False,0.01,1.764,312728378.0,13.88,7.72,,25.44,4340669887.0,,4340669887.0,12.248,100.0,12.75567781693632,179.66,-0.14,3.057524624405805,158877024.0,0.54,1484582400000.0,0.96,19718815.0,11397524.0,2.98,1.764,18298.0,3.64,,43.97,荣晟环保,14.511,,312728378.0,0,13.34,沪市主板
SH601188,6.3510228706123995,,5.0377,11,0.35,False,0.01,0.824,1305469915.0,2.89,1.04,7.7447,-16.9,3772808054.0,,3772808054.0,1.799,100.0,3.4188827846117222,-18.18,0.35,2.7238928770936033,33977224.0,0.01,1268928000000.0,0.12,-1664108.0,11756710.0,1.19,0.824,18247.0,0.9,,108.65,龙江交通,23.822,,1305469915.0,0,2.88,沪市主板
SH603607,4.9371829675504575,,5.0746,11,-4.75,False,0.01,3.928,178516800.0,22.05,6.13,22.5189,-17.33,3936295440.0,,3936295440.0,2.268,100.0,10.740376349250868,129.36,0.27,-2.4563887540642315,127299221.0,-1.1,1508860800000.0,0.6,4491072.0,5700796.0,1.52,3.928,18242.0,3.19,,44.02,京华激光,36.891,,178516800.0,0,23.15,沪市主板
SH603023,53.059381132355334,,11.8916,11,-1.72,False,0.01,2.909,558117407.0,3.99,4.68,,-20.68,2226888454.0,,2226888454.0,,100.0,-0.5408130568947975,44.49,0.0,49.59505728585536,34268628.0,-0.07,1432656000000.0,-0.01,-3241157.0,8516400.0,1.1,2.909,18141.0,1.53,,44.0,威帝股份,-536.405,,558117407.0,0,4.06,沪市主板
SH603279,-30.36975408974991,0.0,1.1119,11,1.37,False,0.01,1.402,576373000.0,11.09,1.74,9.0607,-32.94,6391976570.0,1790697600000.0,6391976570.0,7.214,100.0,8.874294124377268,7.68,-0.09,-3.15539830524707,64124428.0,0.15,1564329600000.0,0.71,6652210.0,5800100.0,1.1,1.402,18082.0,1.01,,44.03,景津装备,15.705,,576373000.0,0,10.94,沪市主板
SH688411,48.78019536163334,0.0,2.2326,82,3.11,False,0.01,5.776,132574276.0,163.8,4.83,30.6316,-34.14,21715666409.0,1790697600000.0,29886102137.0,0.971,1.0,27.38921730629788,126.95,0.05,32.29964671343677,514748557.0,4.94,1737907200000.0,6.95,22634394.0,3173053.0,1.81,5.776,18077.0,2.39,,229.21,海博思创,23.578,,182454836.0,0,158.86,科创板
SH605598,,0.0,3.844,11,0.8,False,0.01,3.587,240868649.0,23.86,5.37,36.6974,-65.6,5747125965.0,1790697600000.0,5747125965.0,0.344,100.0,-1.8485413979035046,104.97,-0.04,3.7466121935807006,74885433.0,0.19,1631808000000.0,-0.13,5195435.0,3087440.0,1.57,3.619,18047.0,1.28,,43.98,上海港湾,-180.767,,240868649.0,0,23.67,沪市主板
SH600858,-42.019796569271094,,0.4914,11,-1.01,False,0.01,0.927,517548029.0,4.9,2.42,2.0875,-21.31,2535985342.0,,2548326286.0,0.408,100.0,1.068463880584828,323.84,0.0,-2.6503156874082334,28225016.0,-0.05,768153600000.0,0.06,131764.0,5721711.0,0.91,0.927,18029.0,1.11,,-95.71,银座股份,86.891,,520066589.0,0,4.95,沪市主板
SH600235,-46.11729242249461,,1.7227,11,-0.5,False,0.01,1.38,351300000.0,5.94,3.18,8.0347,-12.31,2086722000.0,,2086722000.0,0.421,100.0,0.5278879856120338,-2.14,-0.5,-9.025449424056086,31194534.0,-0.03,960998400000.0,0.02,-3020326.0,5200800.0,1.15,1.38,17975.0,1.48,,121.34,民丰特纸,261.608,,351300000.0,0,5.97,沪市主板
SH603269,15.423103806252092,,5.6263,11,4.92,False,0.01,10.383,431945490.0,24.3,9.41,,161.79,10496275407.0,,10496275407.0,0.527,100.0,11.72231158870068,832.71,-0.16,11.128606014404951,957203632.0,1.14,1494950400000.0,0.28,-78958173.0,38351194.0,2.34,10.169,17917.0,8.88,,43.95,海鸥股份,87.376,,431945490.0,0,23.16,沪市主板
SH600778,,,1.3158,11,-1.04,False,0.01,7.227,311214882.0,5.71,3.12,7.989,-14.39,1777036976.0,,1778615620.0,,100.0,5.8977905344714365,70.57,0.35,-9.114754538852242,42405009.0,-0.06,849542400000.0,0.05,2498286.0,7416200.0,0.87,7.227,17894.0,2.38,,206.9,友好集团,126.675,,311491352.0,0,5.77,沪市主板
SH600796,-16.92979807124233,0.0,2.6936,11,0.2,False,0.01,1.272,311477889.0,5.12,2.35,8.4614,-14.95,1594766792.0,1790697600000.0,4436919122.0,0.605,100.0,3.9887039199269907,125.1,0.39,-7.832217496129168,29388148.0,0.01,860428800000.0,0.16,-445887.0,5755600.0,1.6,1.272,17835.0,1.85,,0.0,钱江生化,32.384,,866585766.0,0,5.11,沪市主板
SH603602,,,1.3916,11,-1.54,False,0.01,3.085,231057494.0,12.18,2.51,19.7749,-16.35,2814280277.0,,2814280277.0,,100.0,-16.342973085315123,74.88,0.25,18.569969020888564,133384182.0,-0.19,1502294400000.0,-0.69,-15194679.0,10942702.0,1.43,3.085,17710.0,4.74,,44.01,纵横通信,-17.606,,231057494.0,0,12.37,沪市主板
SH603729,,,3.8544,11,0.32,False,0.01,4.13,92165100.0,12.49,3.53,48.0475,-22.37,1151142099.0,,1151142099.0,,100.0,-30.71298160445532,-44.88,0.24,-7.881978157217651,9908809.0,0.04,1427126400000.0,-1.08,966475.0,786840.0,0.98,4.129,17700.0,0.85,,44.01,ST龙韵,-11.61,,92165100.0,0,12.45,沪市主板
SH603822,52.81892801608352,,0.8978,11,5.43,False,0.01,11.58,76332486.0,68.0,9.24,7.0785,-29.42,5190609048.0,,5224160248.0,0.179,100.0,41.74740840077224,404.07,0.47,47.22331276370031,72546273.0,3.5,1461772800000.0,2.3,1894614.0,1077500.0,2.97,11.58,17681.0,1.41,,43.96,ST嘉澳,29.558,,76825886.0,0,64.5,沪市主板
SH688779,195.4477646845227,0.0,1.0345,82,2.55,False,0.01,1.951,1929219984.0,7.64,4.16,,2.48,14739240678.0,1790697600000.0,14739240678.0,0.537,1.0,8.68176345099397,-62.46,0.13,32.79435922211078,204160740.0,0.19,1628611200000.0,0.33,11439294.0,26753455.0,1.5,2.015,17665.0,1.39,,310.09,五矿新能,23.304,,1929219984.0,0,7.45,科创板
SH600560,-6.928630215704024,,2.9259,11,-0.79,False,0.01,2.546,223645500.0,11.37,3.66,,-29.95,2542849335.0,,2542849335.0,0.624,100.0,4.898342456556133,154.85,0.0,4.797248649110286,23180558.0,-0.09,1032364800000.0,0.21,-117374.0,2025475.0,0.7,2.546,17664.0,0.91,,132.33,金自天正,53.296,,223645500.0,0,11.46,沪市主板
SH600939,,0.0,0.2735,11,-1.86,False,0.01,0.735,1902474944.0,2.64,3.35,4.9602,-16.72,5022533852.0,1790697600000.0,5022533852.0,,100.0,-16.1302831990629,-23.67,0.0,-28.50493615403382,34106515.0,-0.05,1487606400000.0,-0.63,-1611557.0,12822800.0,0.93,0.735,17660.0,0.67,,43.91,重庆建工,-4.212,,1902474944.0,0,2.69,沪市主板
SH688206,-55.41371614984551,0.0,34.731,82,-3.7,False,0.01,8.751,436578835.0,33.07,6.93,259.4223,-5.0,14437662073.0,1790697600000.0,17560634634.0,0.076,1.0,-0.9270141489060807,-39.57,0.06,17.40598952126713,128073006.0,-1.27,1640620800000.0,-0.04,480401.0,3791119.0,0.98,4.165,17639.0,0.87,,51.03,概伦电子,-940.744,,531014050.0,0,34.34,科创板
SH600538,27.31394328918222,,7.5009,11,-0.21,False,0.01,3.704,524198348.0,4.78,3.97,,-21.9,2505668103.0,,2505668103.0,,100.0,-12.877303451240184,6.11,-0.21,-2.6437441032347353,41791985.0,-0.01,1042473600000.0,-0.18,-7868105.0,8722200.0,1.12,3.704,17478.0,1.66,,112.71,国发股份,-26.913,,524198348.0,0,4.79,沪市主板
SH688508,76.02510363968804,0.0,8.2324,82,-4.88,False,0.01,3.333,132420346.0,72.85,6.79,,20.31,9646822206.0,1790697600000.0,9646822206.0,0.611,1.0,9.252815947642821,-26.06,0.36,15.261945725929094,319252183.0,-3.74,1595347200000.0,1.91,14981421.0,4324810.0,0.95,3.333,17430.0,3.27,,367.67,芯朋微,38.072,,132420346.0,0,76.59,科创板
SH603038,69.55797860518378,,2.951,11,-2.99,False,0.01,2.871,268677106.0,15.24,5.47,21.9765,-5.05,4094639095.0,,4094639095.0,0.328,100.0,5.698629818002714,75.96,0.13,25.704727773900714,82138966.0,-0.47,1484496000000.0,0.3,-1172332.0,5360300.0,0.89,2.87,17429.0,2.0,,43.98,华立股份,51.495,,268677106.0,0,15.71,沪市主板
SH605296,20.810535936435272,0.0,3.153,11,-4.0,False,0.01,3.846,517984418.0,30.22,4.73,,3.07,15653489112.0,1790697600000.0,15902689276.0,,100.0,-18.5240146741275,-39.37,-0.07,6.964908067597664,59082360.0,-1.26,1622131200000.0,-1.63,573980.0,1934700.0,0.41,3.835,17403.0,0.37,,12.91,神农集团,-18.546,,526230618.0,0,31.48,沪市主板
SH603722,,,4.761,11,-0.78,False,0.01,3.085,96306121.0,27.86,4.24,252.8799,-29.41,2683088531.0,,2722482571.0,,100.0,-5.685073360066433,118.84,-0.36,8.23557532886554,29621638.0,-0.22,1508860800000.0,-0.52,-1533117.0,1053000.0,1.26,3.084,17385.0,1.09,,44.04,阿科力,-53.244,,97720121.0,0,28.08,沪市主板
SH688686,3.925106442963422,0.0,10.1388,82,-3.71,False,0.01,4.739,122235455.0,123.64,4.88,,0.2,15113191656.0,1790697600000.0,15113191656.0,0.594,1.0,6.79606736170231,-5.43,-0.16,21.214044460528882,124363646.0,-4.76,1609344000000.0,1.72,3581745.0,992060.0,1.02,4.739,17378.0,0.81,,176.21,奥普特,71.735,,122235455.0,0,128.4,科创板
SH605016,33.310206252359876,0.0,5.7023,11,-4.22,False,0.01,4.039,420012320.0,20.22,5.83,21.502,-5.44,8492649110.0,1790697600000.0,8492649110.0,1.187,100.0,20.959691409375818,297.03,-0.15,22.938935000560214,95082618.0,-0.89,1618934400000.0,0.97,-10851967.0,4636300.0,1.65,4.039,17346.0,1.1,,43.98,百龙创园,20.744,,420012320.0,0,21.11,沪市主板
SH603086,,,1.0758,11,5.79,False,0.01,1.267,434813143.0,6.21,8.86,,-23.18,2700189618.0,,2700189618.0,1.61,100.0,3.4484393005405574,74.88,0.32,1.9697017609388023,162620728.0,0.34,1494432000000.0,0.17,26125208.0,26507049.0,4.26,1.267,17338.0,6.1,,43.99,先达股份,36.959,,434813143.0,0,5.87,沪市主板
SH603569,,0.0,1.0038,11,1.02,False,0.01,1.463,603507251.0,5.92,2.22,15.7773,-18.15,3572762926.0,1790697600000.0,3572762926.0,5.743,100.0,-3.328581381187586,-44.4,0.34,-3.265039853958762,22620428.0,0.06,1470758400000.0,-0.15,-70976.0,3833800.0,1.57,1.462,17336.0,0.64,,44.01,长久物流,-39.657,,603507251.0,0,5.86,沪市主板
SH688728,-36.39050355572624,0.0,4.1242,82,-5.66,False,0.01,4.329,2598791667.0,13.16,7.67,15.673,-11.91,34200098338.0,1790697600000.0,34223720538.0,,1.0,0.3580393041885148,-67.77,0.38,23.681787238369022,409373126.0,-0.79,1629216000000.0,0.01,-39231168.68,30624648.0,1.8,4.329,17334.0,1.18,,145.13,格科微,1219.497,,2600586667.0,0,13.95,科创板
SH603365,4.517111841213306,0.0,0.94,11,2.37,False,0.01,1.395,261133700.0,16.41,2.5,10.7653,-17.53,4285204017.0,1790697600000.0,4307564283.0,7.209,100.0,13.85964184334526,24.96,-0.06,3.4094623534193236,32450842.0,0.38,1511107200000.0,1.58,2385375.0,1994200.0,1.44,1.395,17332.0,0.76,,44.0,水星家纺,10.359,,262496300.0,0,16.03,沪市主板
SH605108,-81.32392085330835,0.0,1.165,11,-0.91,False,0.01,1.346,260000000.0,12.0,1.98,5.3179,-36.94,3120000000.0,1790697600000.0,3120000000.0,1.0,100.0,1.3634724446347994,-31.16,-0.08,3.66993335706447,24264031.0,-0.11,1594828800000.0,0.12,-256687.0,2014220.0,0.94,1.346,17303.0,0.77,,44.01,同庆楼,98.964,,260000000.0,0,12.11,沪市主板
SH603900,,,1.7331,11,-0.32,False,0.01,1.093,342723840.0,6.25,2.07,,-26.12,2142024000.0,,2143149000.0,1.6,100.0,0.9277259624021287,-48.11,-0.16,11.464450478207876,57507378.0,-0.02,1479830400000.0,0.05,-4534266.0,9171803.0,0.81,1.093,17276.0,2.68,,44.0,莱绅通灵,117.498,,342903840.0,0,6.27,沪市主板
SH603016,-12.661751272870958,0.0,7.8631,11,-1.49,False,0.01,5.76,148160000.0,31.68,7.09,64.8164,6.15,4693708800.0,1790697600000.0,4693708800.0,1.073,100.0,6.602431080605619,207.27,0.41,-2.5981993088867728,131872114.0,-0.48,1467302400000.0,0.36,7593971.0,4087217.0,1.08,5.76,17261.0,2.76,,44.05,新宏泰,87.439,,148160000.0,0,32.16,沪市主板
SH603017,-18.84415285171297,,2.3201,11,-0.2,False,0.01,1.847,276190293.0,10.01,2.29,15.7065,-8.44,2764664833.0,,2764664833.0,3.457,100.0,3.8442054091261446,20.35,-0.3,-11.23019147158002,62984087.0,-0.02,1419955200000.0,0.21,4278918.0,6270800.0,1.02,1.847,17180.0,2.27,,44.01,中衡设计,47.413,,276190293.0,0,10.03,沪市主板
SH603826,,0.0,8.3201,11,-2.47,False,0.01,6.477,851760000.0,14.99,4.68,58.5099,15.44,12767882400.0,1790697600000.0,12767882400.0,0.767,100.0,1.7578989115754704,271.48,-0.07,31.023655809800353,159691635.0,-0.38,1492099200000.0,0.04,-7680156.0,10560140.0,0.51,6.477,17177.0,1.24,,44.04,坤彩科技,373.762,,851760000.0,0,15.37,沪市主板
SH688301,9.06483817542072,0.0,8.8269,82,-3.35,False,0.01,3.265,313409395.0,80.41,5.24,29.2278,11.99,25201249452.0,1790697600000.0,25201249452.0,0.838,1.0,11.456823561606031,89.13,0.05,23.678425398534884,388737880.0,-2.79,1600358400000.0,2.3,-13041422.0,4798609.0,0.72,3.252,17072.0,1.53,,33.86,奕瑞科技,34.948,,313409395.0,0,83.2,科创板
SH603786,-0.5878230100803461,0.0,2.1774,11,-0.95,False,0.01,2.59,403856700.0,36.4,3.65,26.3953,-52.79,14700383880.0,1790697600000.0,14700383880.0,1.703,100.0,12.74397657950401,20.17,0.14,12.271898909462543,73411580.0,-0.35,1571068800000.0,1.76,594263.0,1985209.0,1.46,2.59,17068.0,0.49,,43.99,科博达,20.705,,403856700.0,0,36.75,沪市主板
SH600605,-18.860544733836694,0.0,46.6547,11,-1.02,False,0.01,4.177,206282429.0,29.1,5.2,,-2.88,6002818684.0,1790697600000.0,6002818684.0,0.137,100.0,2.052733043220517,,0.17,4.614851414177168,132627610.0,-0.3,701625600000.0,0.14,1010059.0,4500214.0,0.43,4.177,17053.0,2.18,,,汇通能源,205.003,,206282429.0,0,29.4,沪市主板
SH603567,,0.0,13.0255,11,0.0,False,0.01,0.823,939403292.0,5.26,10.46,10.1494,-41.1,4941261316.0,1790697600000.0,4945637610.0,,100.0,-22.706550126742915,-58.7,0.57,-52.80881409550051,255448102.0,0.0,1429804800000.0,-1.66,20499348.0,47115547.0,2.68,0.823,17050.0,5.02,,43.98,珍宝岛,-3.172,,940235287.0,0,5.26,沪市主板
SH603867,4.120532274549604,0.0,2.3858,11,0.81,False,0.01,2.408,215686743.0,34.66,3.87,22.1549,38.74,7475702512.0,1790697600000.0,7538090512.0,1.725,100.0,9.780915395187582,115.85,0.14,9.111387431666085,288780001.0,0.28,1561564800000.0,1.26,-19300210.0,8255813.0,0.88,2.407,17043.0,3.83,,44.01,新化股份,27.461,,217486743.0,0,34.38,沪市主板
SH603648,-6.172688930206327,,2.1865,11,-0.42,False,0.01,1.894,362412800.0,9.48,2.31,9.3786,-9.93,3435673344.0,,3435673344.0,3.376,100.0,6.903844519693286,35.59,0.0,-0.4923484321268434,22945840.0,-0.04,1505232000000.0,0.34,-529751.0,2420600.0,1.22,1.894,16965.0,0.67,,43.96,畅联股份,27.482,,362412800.0,0,9.52,沪市主板
SH688661,-32.08786588747448,0.0,16.8197,82,0.41,False,0.01,11.673,151887826.0,92.9,13.83,2145.776,79.61,14110379035.0,1790697600000.0,14110379035.0,0.086,1.0,-0.6270209992536815,334.6,-0.01,41.58557372986691,663908425.0,0.38,1616947200000.0,-0.05,-1620838.0,7068130.0,2.3,11.673,16957.0,4.65,,86.9,和林微纳,-1844.689,,151887826.0,0,92.52,科创板
SH603590,5.06550885280439,0.0,5.4855,11,-2.87,False,0.01,1.58,158997077.0,31.19,6.32,38.1346,-20.68,4959118832.0,1790697600000.0,5030494028.0,1.093,100.0,5.414357020099389,-2.11,0.32,-0.03851964583159173,286168854.0,-0.92,1535299200000.0,1.06,-26468795.0,9021449.0,3.73,1.557,16911.0,5.67,,44.0,康辰药业,29.48,,161285477.0,0,32.11,沪市主板
SH603390,103.41033771726593,,4.0158,11,2.17,False,0.01,2.343,351073968.0,11.32,3.07,39.238,-12.16,3974157318.0,,3980496699.0,1.413,100.0,7.631745775771065,-1.58,0.35,18.921153695439298,179740715.0,0.24,1574611200000.0,0.36,8972.0,16050946.0,1.05,2.343,16891.0,4.57,,43.99,通达电气,31.565,,351633984.0,0,11.08,沪市主板
SH688289,-30.933061274271278,0.0,5.8988,82,-1.38,False,0.01,1.355,574937804.0,16.49,6.34,30.4698,-11.19,9480724388.0,1790697600000.0,9480724388.0,3.172,1.0,1.8840432561800655,-80.89,-0.12,16.115507573817656,110213722.0,-0.23,1598544000000.0,0.23,-5543114.24,6565999.0,1.27,1.366,16874.0,1.14,,129.91,圣湘生物,70.628,,574937804.0,0,16.72,科创板
SH603211,-9.328126966129046,0.0,3.6095,11,-1.02,False,0.01,3.998,271808000.0,18.52,4.76,,-17.7,5033884160.0,1790697600000.0,5033884160.0,0.416,100.0,4.409970729025428,139.01,0.22,14.835574316728728,67746732.0,-0.19,1658678400000.0,0.2,1058375.0,3626900.0,0.97,3.998,16869.0,1.33,,43.97,晋拓股份,92.638,,271808000.0,0,18.71,沪市主板
SH688580,13.53516073915062,0.0,8.3266,82,-1.49,False,0.01,2.357,95771288.0,41.62,4.28,23.2801,-12.24,3986001007.0,1790697600000.0,3986001007.0,2.597,1.0,10.195205459964432,-60.57,0.07,2.507258828797787,36945347.0,-0.63,1595260800000.0,1.76,-47598.0,878178.0,0.91,2.357,16825.0,0.92,,167.83,伟思医疗,23.604,,95771288.0,0,42.25,科创板
SH688009,-1.2172471694505638,0.0,1.4632,82,0.43,False,0.01,1.061,8621018000.0,4.71,1.28,21.6484,-11.07,40604994780.0,1790697600000.0,49878047490.0,3.609,1.0,7.272177555864469,-49.53,0.0,-3.5339219819337186,127211917.0,0.02,1563724800000.0,0.33,603225.1000000015,27055237.0,1.73,1.061,16796.0,0.31,,109.74,中国通号,14.092,,10589819000.0,0,4.69,科创板
SH600817,7.173274637716576,0.0,1.5829,11,0.61,False,0.01,2.145,529726846.0,9.85,2.96,12.3457,-8.7,5217809433.0,1790697600000.0,5264596933.0,5.056,100.0,12.076229064273408,243.76,0.41,2.693571354068558,19106382.0,0.06,759686400000.0,0.55,472340.0,1939800.0,1.26,2.144,16783.0,0.37,,550.61,宇通重工,17.916,,534476846.0,0,9.79,沪市主板
SH603093,26.65732751442316,0.0,8.1211,11,-0.53,False,0.01,2.328,882038990.0,13.09,4.41,0.7756,-2.53,11545890379.0,1790697600000.0,13589312029.0,0.39,100.0,12.713943041372866,179.16,0.08,-30.95614073155045,159229155.0,-0.07,1567094400000.0,0.62,6304310.0,12049750.0,0.64,2.328,16768.0,1.37,,44.01,南华期货,21.124,,1038144540.0,0,13.16,沪市主板
SH603136,-23.12587606229566,,4.9379,11,-1.33,False,0.01,1.78,270126710.0,8.92,1.99,12.1217,-22.66,2409530253.0,,2409530253.0,2.242,100.0,5.880445507368928,32.04,0.11,-9.51760356843403,53725702.0,-0.12,1506441600000.0,0.29,-642487.0,5995984.0,0.88,1.78,16759.0,2.22,,44.0,天目湖,30.525,,270126710.0,0,9.04,沪市主板
SH601133,-0.4117378458094567,0.0,2.6314,11,-2.68,False,0.01,3.758,524386744.0,21.81,5.31,100.5111,42.16,11436874887.0,1790697600000.0,11475905954.0,0.55,100.0,6.989050285459035,10.01,-0.05,4.349290077991164,184719549.0,-0.6,1681056000000.0,0.39,8718969.0,8320922.0,0.52,3.758,16748.0,1.59,,110.63,柏诚股份,55.258,,526176339.0,0,22.41,沪市主板
SH900905,-22.532786105024893,,0.234,11,-1.13,False,0.001,0.697,206008134.0,2.62,1.21,8.8017,-19.09,539741311.0,,1370568542.0,8.511,100.0,9.597456321950053,655.91,0.0,-23.76393173250364,948793.0,-0.03,712252800000.0,0.36,-180306.0,360749.0,1.24,0.694,16747.0,0.18,,6.67,老凤祥B,7.347,,523117764.0,0,2.65,B股
SH600665,142.43414113656266,,0.5499,11,-3.18,False,0.01,2.776,864122521.0,3.35,4.34,4.1238,2.13,2894810445.0,,2894810445.0,,100.0,-90.05586141132254,39.64,0.3,-29.504842155186882,42643686.0,-0.11,742147200000.0,-1.98,-6385385.0,12602796.0,0.83,2.776,16724.0,1.46,,-64.29,天地源,-1.695,,864122521.0,0,3.46,沪市主板
SH688317,1.0748740025418924,,29.8724,82,-4.36,False,0.01,1.086,189843712.0,18.65,12.26,67.2689,-7.54,3540585229.0,,3540585229.0,,1.0,-1.9395577736132632,-76.9,-1.06,-25.892005752091187,196726470.0,-0.85,1610899200000.0,-0.34,-7880749.240000002,10005664.0,1.56,1.099,16721.0,5.27,,73.25,之江生物,-54.44,,189843712.0,0,19.5,科创板
SH603787,-31.915281125249486,,0.6129,11,-0.1,False,0.01,1.586,230143790.0,10.45,1.82,,-24.97,2405002606.0,,2405002606.0,0.957,100.0,1.5060089808771655,61.55,-0.1,-2.913640520198113,26158070.0,-0.01,1493222400000.0,0.1,-4076462.0,2492800.0,1.16,1.586,16598.0,1.08,,44.01,新日股份,103.82,,230143790.0,0,10.46,沪市主板
SH600099,29.331101161860595,,1.5994,11,-0.53,False,0.01,3.69,219120000.0,9.35,2.66,18.5323,-10.03,2048772000.0,,2048772000.0,0.481,100.0,4.858042069524282,121.24,0.11,27.024768496702723,28430143.0,-0.05,867945600000.0,0.12,575038.0,3029400.0,1.0,3.69,16593.0,1.38,,0.0,林海股份,77.117,,219120000.0,0,9.4,沪市主板
SH600936,,0.0,2.4051,11,0.71,False,0.01,6.985,1671026239.0,4.27,2.59,36.4684,1.18,7135282041.0,1790697600000.0,7135282041.0,,100.0,-3.8427717577162195,-23.98,0.23,21.020136359099627,122413896.0,0.03,1471190400000.0,-0.02,-2040620.0,28512125.0,1.1,6.985,16544.0,1.71,,43.96,北投科技,-279.055,,1671026239.0,0,4.24,沪市主板
SH688549,,0.0,20.5467,82,-3.97,False,0.01,9.831,1477276000.0,20.08,6.7,605.546,120.18,29663702080.0,1790697600000.0,29663702080.0,,1.0,-0.35296899393635883,33.08,0.1,24.084462856237423,531775151.0,-0.83,1694102400000.0,-0.01,-2024546.0,26014690.0,0.78,9.831,16536.0,1.76,,182.05,中巨芯-U,-2778.493,,1477276000.0,0,20.91,科创板
SH600928,3.2046241444424695,0.0,1.5224,11,0.56,False,0.01,0.437,4423354066.0,3.57,1.69,1.0328,-0.66,15791374016.0,1790697600000.0,15866666669.0,2.801,100.0,6.6419090367991585,-17.76,0.0,14.586428925152717,96304603.0,0.02,1551369600000.0,0.6,16441585.0,26961148.0,1.38,0.437,16479.0,0.61,,44.02,西安银行,5.918,,4444444445.0,0,3.55,沪市主板
SH601996,,,1.8795,11,-1.39,False,0.01,1.359,1120914416.0,2.84,3.47,22.4362,26.22,3183396941.0,,3183396941.0,,100.0,-7.738820824931351,9.89,-0.35,-10.2820183633911,40472928.0,-0.04,1317225600000.0,-0.17,-7190331.0,14091900.0,0.76,1.359,16460.0,1.26,,-5.5,丰林集团,-16.776,,1120914416.0,0,2.88,沪市主板
SH688627,-3.298325551022696,0.0,27.4488,82,-5.04,False,0.01,22.853,94128154.0,401.47,7.82,,79.64,37789629986.0,1790697600000.0,40847846179.0,0.052,1.0,4.827692118226964,514.79,0.22,46.60670764770936,1184826660.0,-21.33,1689609600000.0,0.82,19955042.0,2888876.0,1.11,8.818,16426.0,3.07,,63.78,精智达,487.77,,101745700.0,0,422.8,科创板
SH603278,-40.36149001113814,,0.7025,11,-0.58,False,0.01,1.84,341759392.0,10.21,6.04,,-40.08,3489363392.0,,3489363392.0,,100.0,-6.093851957847103,-31.72,-1.16,-4.039431406510885,510008479.0,-0.06,1510502400000.0,-0.35,40066620.0,49299326.0,1.07,1.84,16392.0,14.43,,44.02,大业股份,-29.112,,341759392.0,0,10.27,沪市主板
SH603608,,,7.0713,11,-1.98,False,0.01,6.744,425029684.0,18.84,6.09,58.9781,82.91,8007559247.0,,8007559247.0,,100.0,3.1582554597555066,155.86,0.21,-4.38255182711178,165204173.0,-0.38,1455724800000.0,0.08,-1458204.0,8674281.0,0.92,6.744,16365.0,2.04,,43.98,天创时尚,223.847,,425029684.0,0,19.22,沪市主板
SH603316,,,6.1923,11,-3.68,False,0.01,7.167,264264000.0,14.64,5.99,104.4947,0.97,3868824960.0,,3952785360.0,,100.0,-14.58023618769412,140.04,0.07,22.86882508896253,256555387.0,-0.56,1497801600000.0,-0.32,12205323.0,17175920.0,0.6,7.015,16325.0,6.5,,43.99,诚邦股份,-45.559,,269999000.0,0,15.2,沪市主板
SH603679,,,7.0983,11,-3.87,False,0.01,4.58,177686217.0,22.33,8.09,,38.18,3967733226.0,,3967733226.0,,100.0,-15.40996751486967,136.28,0.04,4.542048897669737,132324293.0,-0.9,1497974400000.0,-0.73,1064485.0,5771622.0,0.45,4.58,16317.0,3.25,,43.96,华体科技,-30.796,,177686217.0,0,23.23,沪市主板
SH603337,17.867278450243738,0.0,2.3369,11,-0.2,False,0.01,3.085,467029791.0,35.0,3.05,12.6617,-18.33,16346042685.0,1790697600000.0,16673583185.0,2.054,100.0,17.258601823659472,237.26,-0.28,13.090019134330365,64695136.0,-0.07,1484755200000.0,1.83,-926102.0,1828869.0,0.72,3.085,16284.0,0.39,,44.02,杰克科技,19.159,,476388091.0,0,35.07,沪市主板
SH603580,126.41344464446674,,21.2737,11,-0.38,False,0.01,21.222,130673200.0,72.67,4.54,,347.06,9496021444.0,,9496021444.0,0.113,100.0,9.335484536387817,1173.44,1.06,65.92130619421937,283414597.0,-0.28,1495641600000.0,0.31,-8637786.0,3915700.0,0.36,21.222,16256.0,3.0,,44.04,艾艾精工,235.378,,130673200.0,0,72.95,沪市主板
SH688626,-27.219808238137066,0.0,8.253,82,-3.86,False,0.01,3.073,160000000.0,40.33,7.37,35.7375,-33.1,6452800000.0,1790697600000.0,6452800000.0,0.436,1.0,4.011916652394221,-1.74,0.25,2.3235172151718775,112406163.0,-1.62,1617120000000.0,0.52,-3148927.0,2718689.0,1.11,3.073,16195.0,1.7,,55.45,翔宇医疗,78.294,,160000000.0,0,41.95,科创板
SH688308,568.356957627387,0.0,5.7428,82,-3.35,False,0.01,3.943,158781708.0,74.53,5.71,,136.14,11834000697.0,1790697600000.0,11834000697.0,0.333,1.0,17.06532148513002,174.17,-0.07,41.59991192599109,317883092.0,-2.58,1607529600000.0,2.98,-3865402.0,4159086.0,0.85,3.943,16166.0,2.62,,76.7,欧科亿,24.981,,158781708.0,0,77.11,科创板
SH605398,,0.0,6.9026,11,-3.75,False,0.01,3.632,162716379.0,22.87,2.65,,-19.73,3721323588.0,1790697600000.0,3721323588.0,0.131,100.0,0.23710029876816116,42.63,0.57,-5.9292752817541095,169081105.0,-0.89,1611158400000.0,0.01,20434021.0,7449864.0,0.92,3.632,16165.0,4.58,,44.0,新炬网络,1529.637,,162716379.0,0,23.76,沪市主板
SH603311,4.947105321487033,,7.2377,11,0.23,False,0.01,4.607,235883907.0,25.68,5.11,64.5903,68.83,6057498732.0,,6057498732.0,0.46,100.0,4.598624674662274,270.2,0.39,4.259178151363319,161322514.0,0.06,1431878400000.0,0.26,11032598.0,6240600.0,1.21,4.607,16112.0,2.65,,43.97,金海高科,98.429,,235883907.0,0,25.62,沪市主板
SH601279,,0.0,1.4283,11,-1.1,False,0.01,1.399,1585785985.0,3.61,3.01,10.8037,-30.58,5724687406.0,1790697600000.0,5724687406.0,,100.0,-3.1121718061613284,46.77,0.28,-11.604369235618538,60666252.0,-0.04,1618416000000.0,-0.08,877734.0,16797700.0,1.12,1.399,16106.0,1.06,,43.96,英利汽车,-44.231,,1585785985.0,0,3.65,沪市主板
SH603208,66.13212435751328,,1.6809,11,-0.87,False,0.01,2.094,175879347.0,11.4,3.04,,-21.65,2005024556.0,,2005024556.0,,100.0,-26.092674434714937,-13.85,-0.09,-39.791151064208876,20901336.0,-0.1,1486656000000.0,-1.69,-1909813.0,1828128.0,0.93,2.094,16103.0,1.04,,44.02,江山欧派,-6.738,,175879347.0,0,11.5,沪市主板
SH603889,12.612409422438997,0.0,1.0606,11,3.14,False,0.01,1.576,942137356.0,6.24,3.97,15.6466,6.84,5878937101.0,1790697600000.0,5923037178.0,4.311,100.0,14.74458265325217,202.03,0.16,11.212650196010632,76193234.0,0.19,1419955200000.0,0.56,9721214.0,12371261.0,1.91,1.576,16090.0,1.31,,44.01,新澳股份,11.074,,949204676.0,0,6.05,沪市主板
SH603378,,,6.2917,11,-3.87,False,0.01,,428596642.0,4.72,9.37,15.3949,-30.69,2022976150.0,,2022976150.0,,100.0,-342.26458208079833,-32.9,1.51,-58.613090242535,48075370.0,-0.19,1506528000000.0,-3.3,-3831162.0,9954535.0,0.74,-6.921,16086.0,2.32,,43.97,*ST亚士,-1.432,,428596642.0,0,4.91,沪市主板
SH603330,,,5.3749,11,-1.09,False,0.01,2.975,432673649.0,9.06,4.37,19.6521,25.14,3920023260.0,,3920023260.0,,100.0,-15.991581110599848,83.79,0.0,-22.401186660288342,244829654.0,-0.1,1486915200000.0,-0.53,2684164.0,26682100.0,1.14,2.975,16085.0,6.17,,43.98,天洋新材,-17.237,,432673649.0,0,9.16,沪市主板
SH603006,3.2086849656270733,,3.0109,11,1.02,False,0.01,2.139,254254250.0,10.94,2.68,28.7277,-14.72,2781541495.0,,2781541495.0,4.479,100.0,7.5680027668319685,134.48,0.18,-4.102542387279151,31331049.0,0.11,1404057600000.0,0.4,763697.0,2868600.0,1.38,2.139,16070.0,1.13,,44.01,联明股份,27.451,,254254250.0,0,10.83,沪市主板
SH688105,-6.393371126433944,0.0,9.2011,82,-3.82,False,0.01,3.752,516985064.0,26.2,9.36,53.0444,74.76,13545008677.0,1790697600000.0,13545008677.0,1.466,1.0,-0.23543908929570243,-50.03,0.19,7.376062290954155,484804260.0,-1.04,1636905600000.0,-0.02,-7827204.299999997,18307907.0,0.93,3.752,16069.0,3.54,,55.18,诺唯赞,-1542.677,,516985064.0,0,27.24,科创板
SH600469,-11.307569894614478,0.0,0.5702,11,-0.2,False,0.01,0.945,846239192.0,4.93,2.02,7.7128,-27.76,4171959217.0,1790697600000.0,4387871623.0,2.028,100.0,5.941297530444613,93.87,-0.2,11.747724691239592,22629950.0,-0.01,1066665600000.0,0.27,-226751.0,4562400.0,1.15,0.944,16026.0,0.54,,71.86,风神股份,18.359,,890034812.0,0,4.94,沪市主板
SH601963,8.148656537024568,0.0,2.5476,11,0.0,False,0.01,0.682,2034066716.0,11.2,1.96,0.6788,8.0,22781547219.0,1790697600000.0,40608817872.0,3.938,100.0,9.189192784420747,13.01,-0.09,8.218982794203345,108265139.0,0.0,1612454400000.0,1.65,-2588527.0,9647223.0,1.02,0.671,16006.0,0.47,,44.04,重庆银行,6.788,,3625787310.0,0,11.2,沪市主板
SH605289,54.303250742003954,0.0,5.7549,11,-3.92,False,0.01,10.08,152483884.0,90.36,8.87,33.2864,92.7,13778443758.0,1790697600000.0,13789884780.0,0.198,100.0,8.563936044125178,400.37,-0.12,88.8913936163347,262042346.0,-3.69,1619366400000.0,0.74,-17338617.0,2811040.0,1.49,10.08,16001.0,1.84,,44.0,罗曼股份,121.896,,152610500.0,0,94.05,沪市主板
SH603977,-12.631565757221242,0.0,2.6497,11,-0.85,False,0.01,1.894,621241828.0,10.48,2.65,,-23.99,6510614357.0,1790697600000.0,6510614357.0,1.24,100.0,6.819370191683097,201.91,0.1,0.45228731237123565,54044396.0,-0.09,1478793600000.0,0.37,-1557841.0,5121700.0,1.2,1.894,15991.0,0.82,,44.03,国泰集团,28.44,,621241828.0,0,10.57,沪市主板
SH688278,27.395749551165327,0.0,5.1563,82,-3.95,False,0.01,6.681,408189480.0,50.8,5.52,29.3972,-38.61,20736025584.0,1790697600000.0,20736025584.0,1.211,1.0,36.86073637253572,72.82,0.08,28.84940725811509,138812187.0,-2.09,1579190400000.0,2.65,-1029089.2899999991,2685486.0,1.13,6.681,15968.0,0.66,,328.4,特宝生物,19.202,,408189480.0,0,52.89,科创板
SH605555,-46.49563244650774,0.0,1.235,11,-4.5,False,0.01,2.045,484069040.0,12.09,5.06,100.0097,-32.7,5852394694.0,1790697600000.0,5852394694.0,2.316,100.0,2.928836657062187,-13.4,-0.08,21.868925569858398,69960953.0,-0.57,1634745600000.0,0.18,-2966157.0,5720830.0,0.94,2.045,15952.0,1.18,,29.74,德昌股份,68.415,,484069040.0,0,12.66,沪市主板
SH605218,,,1.2935,11,-3.02,False,0.01,1.881,242814721.0,13.48,6.55,,-26.85,3273142439.0,,3273142439.0,0.148,100.0,-3.205800910046482,6.11,0.45,20.659516366603903,75845301.0,-0.42,1601222400000.0,-0.2,-5377351.0,5523325.0,0.56,1.881,15945.0,2.27,,44.03,伟时电子,-66.818,,242814721.0,0,13.9,沪市主板
SH603585,86.521565805983,,1.0419,11,0.95,False,0.01,1.051,270796011.0,10.63,1.8,6.7576,-18.97,2878561597.0,,2927032271.0,2.389,100.0,6.100085521977484,-15.64,0.19,13.270492284192525,33900753.0,0.1,1481644800000.0,0.61,3913501.0,3186493.0,1.21,1.051,15889.0,1.18,,44.01,苏利股份,17.541,,275355811.0,0,10.53,沪市主板
SH688299,20.57845742919442,0.0,3.6208,82,-2.66,False,0.01,1.873,287392894.0,12.8,4.71,16.4346,-24.35,3678629043.0,1790697600000.0,3678629043.0,,1.0,-6.187147651426805,-28.97,0.31,-9.421241236545574,60825791.0,-0.35,1572969600000.0,-0.44,2738766.0,4684531.0,1.11,1.873,15874.0,1.63,,30.27,长阳科技,-29.412,,287392894.0,0,13.15,科创板
SH603110,,,11.9446,11,-0.75,False,0.01,6.858,201226732.0,23.95,7.58,271.5611,49.13,4819380231.0,,4819380231.0,,100.0,0.5630230760917013,222.23,0.21,3.048615768322671,230094109.0,-0.18,1507824000000.0,0.02,21970294.0,9329300.0,1.11,6.858,15847.0,4.64,,44.02,东方材料,1226.105,,201226732.0,0,24.13,沪市主板
SH603557,-37.86751423044389,,2.8755,11,2.3,False,0.01,45.818,623436888.0,3.12,5.9,,23.32,1945123091.0,,1945123091.0,,100.0,-172.05926097987384,-70.34,0.0,60.843992138850965,24768669.0,0.07,1502985600000.0,-0.23,1549462.0,7888105.0,1.08,45.815,15802.0,1.27,,43.98,*ST起步,-13.664,,623436888.0,0,3.05,沪市主板
SH603915,-8.386017418200387,0.0,3.0371,11,-3.61,False,0.01,2.241,656632480.0,12.81,4.51,20.83,-29.96,8411462069.0,1790697600000.0,8555574569.0,1.717,100.0,7.099288195249385,58.73,0.0,4.05100090593884,77643380.0,-0.48,1560441600000.0,0.4,-5602566.0,5971000.0,1.28,2.241,15796.0,0.91,,43.96,国茂股份,32.111,,667882480.0,0,13.29,沪市主板
SH603012,-35.085950669425294,0.0,2.2235,11,1.18,False,0.01,1.45,646500000.0,8.61,4.7,9.7117,45.86,5566365000.0,1790697600000.0,5566365000.0,2.323,100.0,2.8579391924845305,1.82,0.0,-4.057851988510541,136030973.0,0.1,1426780800000.0,0.17,6655250.0,15607245.0,1.07,1.45,15791.0,2.41,,44.03,创力集团,51.077,,646500000.0,0,8.51,沪市主板
SH603815,,0.0,1.0642,11,-0.78,False,0.01,1.988,618924235.0,5.07,2.94,,-31.85,3137945871.0,1790697600000.0,3137945871.0,,100.0,-41.98100040427788,-27.2,0.0,-24.347415163598363,32391397.0,-0.04,1571587200000.0,-1.35,1152296.0,6309600.0,1.15,1.988,15785.0,1.02,,43.97,交建股份,-3.764,,618924235.0,0,5.11,沪市主板
SH601921,-6.627203682541339,0.0,1.6461,11,-1.46,False,0.01,1.139,2222222223.0,7.45,2.38,25.4699,-0.5,16555555561.0,1790697600000.0,16555555561.0,4.295,100.0,8.890718927111417,-25.2,0.13,-6.516721980834617,68412878.0,-0.11,1626969600000.0,0.57,-9540481.0,9132578.0,1.07,1.139,15762.0,0.41,,43.97,浙版传媒,13.185,,2222222223.0,0,7.56,沪市主板
SH688711,-41.800439312038876,0.0,3.7168,82,-5.45,False,0.01,4.923,216752529.0,24.1,9.26,14.9651,-24.05,5223735949.0,1790697600000.0,5223735949.0,,1.0,1.6741624282034346,-32.99,0.0,-0.9535774617466353,170619670.0,-1.39,1630425600000.0,0.08,1174124.0,6886189.0,0.73,4.841,15751.0,3.18,,179.53,宏微科技,288.246,,216752529.0,0,25.49,科创板
SH600232,,,1.6552,11,3.3,False,0.01,2.588,364718544.0,6.88,4.5,87.65,-13.02,2509263583.0,,2509263583.0,,100.0,5.206074176629186,36.58,0.58,6.937658016089054,77633119.0,0.22,959875200000.0,0.14,4869821.0,11405040.0,1.03,2.588,15746.0,3.13,,191.67,金鹰股份,50.951,,364718544.0,0,6.66,沪市主板
SH603324,-37.85388231674266,,3.5525,11,-2.73,False,0.01,2.175,145878420.0,23.55,9.38,,-4.93,3435436791.0,,3555657186.0,,100.0,-9.446938696830255,22.99,0.34,-21.53793079105527,95533175.0,-0.66,1617724800000.0,-1.04,-1659348.0,3952501.0,1.81,2.127,15741.0,2.71,,43.99,盛剑科技,-22.614,,150983320.0,0,24.21,沪市主板
SH603759,-26.164831896078987,,0.7369,11,1.75,False,0.01,1.298,461760000.0,8.15,2.25,,-21.4,3763344000.0,,3763344000.0,1.411,100.0,5.222401586779196,-3.14,0.0,93.89209289988965,44767493.0,0.14,1616688000000.0,0.32,813078.0,5502720.0,1.27,1.298,15717.0,1.19,,43.98,海天股份,25.22,,461760000.0,0,8.01,沪市主板
SH688387,-25.22075438938115,0.0,6.8015,82,6.72,False,0.01,7.022,3418750000.0,12.23,9.08,85.607,-5.19,41811312500.0,1790697600000.0,41811312500.0,,1.0,-3.982438469114579,127.32,0.08,-7.803976788520606,664622785.0,0.77,1664121600000.0,-0.07,92024532.0,54502212.0,2.31,7.022,15712.0,1.59,,-3.31,信科移动-U,-172.75,,3418750000.0,0,11.46,科创板
SH603727,66.67212529055516,,3.5177,11,8.23,False,0.01,1.847,281719277.0,20.25,9.51,13.9221,46.49,5704815359.0,,5704815359.0,0.731,100.0,-0.6836665368472338,-24.41,0.25,-8.179396849822151,280781647.0,1.54,1479744000000.0,-0.08,-13990543.0,13993935.0,2.51,1.847,15654.0,4.97,,44.02,博迈科,-266.851,,281719277.0,0,18.71,沪市主板
SH600725,,0.0,7.9134,11,1.83,False,0.01,16.011,1232470000.0,3.33,2.14,93.2948,-20.33,4104125100.0,1790697600000.0,4104125100.0,,100.0,-9.89870024186263,243.48,0.0,-17.354527078715996,56050855.0,0.06,836236800000.0,-0.02,7182660.0,16917101.0,1.27,16.01,15633.0,1.37,,73.61,云维股份,-153.743,,1232470000.0,0,3.27,沪市主板
SH603726,43.45767732298575,,2.4083,11,-0.6,False,0.01,2.806,185499300.0,23.22,5.01,24.3221,-2.2,4307293746.0,,4308686946.0,2.369,100.0,17.720134412791843,244.86,0.17,2.6581117797498166,69663205.0,-0.14,1461168000000.0,1.36,2113867.0,2965900.0,1.03,2.807,15567.0,1.6,,43.99,朗迪集团,17.096,,185559300.0,0,23.36,沪市主板
SH688239,9.126770781222593,0.0,4.2481,82,-0.62,False,0.01,4.39,190912852.0,51.53,5.4,22.6347,-23.65,9837739264.0,1790697600000.0,9837739264.0,0.291,1.0,10.31761895812468,81.31,0.57,8.152132662501543,264340460.0,-0.32,1625414400000.0,1.11,3315525.0,5064222.0,1.06,4.39,15529.0,2.65,,240.77,航宇科技,46.235,,190912852.0,0,51.85,科创板
SH600568,-16.552999942017966,,8.5108,11,-3.8,False,0.01,2.851,1669067279.0,2.28,6.75,181.3705,-9.16,3805473396.0,,4543742873.0,,100.0,-7.9706965765388285,-17.09,-0.44,-8.170464428303026,35747466.0,-0.09,990115200000.0,-0.07,-6488993.0,15483800.0,2.94,2.851,15521.0,0.93,,270.1,ST中珠,-34.345,,1992869681.0,0,2.37,沪市主板
SH688228,10.271789495856009,0.0,15.4271,82,-4.13,False,0.01,4.788,67550760.0,85.9,5.38,47.7539,-55.86,5802610284.0,1790697600000.0,5802610284.0,,1.0,-2.6870836337970583,-11.16,0.7,-23.80667974962879,162832839.0,-3.7,1585238400000.0,-0.5,-12969216.0,1870701.0,0.86,4.788,15453.0,2.77,,51.97,开普云,-172.055,,67550760.0,0,89.6,科创板
SH605162,-18.257351652901367,,6.78,11,-2.27,False,0.01,2.774,442846311.0,10.35,5.95,22.6506,23.54,4583459319.0,,4583459319.0,1.527,100.0,6.895797688686413,60.39,1.47,-12.221940382269436,307509573.0,-0.24,1625587200000.0,0.23,-1197799.0,29773003.0,0.84,2.774,15393.0,6.72,,43.99,新中港,44.907,,442846311.0,0,10.59,沪市主板
SH603389,-37.611778174846066,,14.3574,11,-2.4,False,0.01,57.434,262752000.0,43.5,4.89,,-3.68,11429712000.0,,11429712000.0,,100.0,-21.211253750960495,471.34,0.39,124.89751860282468,83964270.0,-1.07,1481731200000.0,-0.17,1985606.0,1914000.0,1.18,57.433,15371.0,0.73,,44.03,亚振家居,-255.149,,262752000.0,0,44.57,沪市主板
SH603013,4.917501550433134,0.0,0.7929,11,0.21,False,0.01,1.586,508219564.0,14.29,1.82,7.7354,-40.9,7262457570.0,1790697600000.0,7262457570.0,2.799,100.0,11.849947741045208,9.79,-0.21,2.29121017581837,26952451.0,0.03,1525795200000.0,1.05,2072861.0,1888800.0,0.98,1.586,15358.0,0.37,,43.96,亚普股份,13.608,,508219564.0,0,14.26,沪市主板
SH600671,,,13.4214,11,4.96,False,0.01,36.498,121770533.0,22.87,7.11,59.3204,32.12,2784892090.0,,2785083100.0,,100.0,19.687612221467244,415.17,0.18,18.585988706588452,76952640.0,1.08,746035200000.0,0.11,9612006.0,3393700.0,1.56,36.499,15341.0,2.79,,1336.0,天目药业,203.632,,121778885.0,0,21.79,沪市主板
SH605196,-2.3628132797871015,0.0,1.9419,11,2.41,False,0.01,5.075,507390540.0,34.0,6.93,,-2.13,17251278360.0,1790697600000.0,17373054154.0,,100.0,9.38057382133418,473.13,-0.29,25.660427646090955,619437646.0,0.8,1620662400000.0,0.61,-24968429.0,18063809.0,1.51,5.075,15332.0,3.56,,43.96,华通线缆,55.801,,510972181.0,0,33.2,沪市主板
SH688545,25.289627937893155,0.0,13.4868,82,-3.54,False,0.01,8.033,182250000.0,66.27,6.17,157.2453,76.99,12077707500.0,1790697600000.0,23857200000.0,0.453,1.0,7.738597375344533,100.79,0.12,34.13198488120672,357960111.0,-2.43,1737475200000.0,0.63,-4716672.0,5307176.0,0.84,8.033,15310.0,2.91,,134.5,兴福电子,105.788,,360000000.0,0,68.7,科创板
SH600955,,0.0,0.7088,11,1.86,False,0.01,0.917,550000000.0,12.59,2.51,7.3133,-22.03,6924500000.0,1790697600000.0,6924500000.0,0.397,100.0,-10.595981972478604,-63.49,0.0,14.832290093168066,35887463.0,0.23,1631635200000.0,-1.54,4395179.0,2852300.0,1.46,0.917,15304.0,0.52,,44.01,维远股份,-8.181,,550000000.0,0,12.36,沪市主板
SH600319,,,2.8752,11,-0.32,False,0.01,7.506,387709384.0,6.3,4.27,,-32.11,2442569119.0,,2442569119.0,,100.0,-32.219891535155135,-45.11,0.48,0.5616443287407291,22408876.0,-0.02,985536000000.0,-0.32,140030.0,3539200.0,1.06,7.506,15292.0,0.91,,79.13,亚星化学,-19.546,,387709384.0,0,6.32,沪市主板
SH603506,-21.938848185188952,,1.2418,11,0.24,False,0.01,1.821,187777779.0,12.28,4.9,32.7207,-4.05,2305911126.0,,2305911126.0,1.718,100.0,6.830603164477969,73.69,0.16,0.010547004658034709,64195543.0,0.03,1517414400000.0,0.45,3416259.0,5211800.0,1.25,1.821,15285.0,2.78,,44.0,南都物业,27.129,,187777779.0,0,12.25,沪市主板
SH603109,-31.07474301249149,0.0,1.1933,11,-0.58,False,0.01,1.845,208848360.0,17.27,2.42,9.4797,-32.19,3606811177.0,1790697600000.0,3606811177.0,1.998,100.0,4.1800683843985516,21.48,-0.06,5.301015751253013,21916232.0,-0.1,1577721600000.0,0.39,338132.0,1260700.0,0.78,1.845,15264.0,0.6,,44.02,神驰机电,44.395,,208848360.0,0,17.37,沪市主板
SH603377,55.64157326533265,,3.7305,11,-1.31,False,0.01,,722831422.0,3.02,2.61,17.1842,-19.68,2182950894.0,,2182950894.0,,100.0,-226.42979867211125,-72.7,0.0,-19.21013924130188,5998033.0,-0.04,1454601600000.0,-1.15,-398848.0,1970462.0,0.71,-26.238,15244.0,0.27,,44.02,ST东时,-2.617,,722831422.0,0,3.06,沪市主板
SH605300,-34.94681751812675,0.0,2.1675,11,1.06,False,0.01,1.666,454398597.0,10.5,2.02,35.321,-8.78,4771185269.0,1790697600000.0,4771185269.0,1.086,100.0,1.6448762182833616,-18.57,-0.19,-8.850313521298524,45281555.0,0.11,1619712000000.0,0.1,3314407.0,4341400.0,1.17,1.666,15195.0,0.96,,44.0,佳禾食品,101.492,,454398597.0,0,10.39,沪市主板
SH603917,,,3.8636,11,-0.79,False,0.01,1.696,203840000.0,13.74,2.53,15.3087,-5.9,2800761600.0,,2800761600.0,1.092,100.0,0.9541418381294958,3.58,0.15,0.5760972494534666,38540002.0,-0.11,1512316800000.0,0.08,-2556348.0,2788100.0,1.02,1.696,15188.0,1.37,,44.02,合力科技,177.081,,203840000.0,0,13.85,沪市主板
SH600168,-9.861164263644284,0.0,1.1345,11,0.23,False,0.01,0.809,993397569.0,4.42,1.59,30.7583,-12.57,4390817255.0,1790697600000.0,4390817255.0,0.633,100.0,1.52795410153738,-12.41,0.23,5.912473055329559,17522439.0,0.01,893606400000.0,0.11,-1872919.0,3968240.0,0.93,0.809,15141.0,0.4,,0.0,武汉控股,41.661,,993397569.0,0,4.41,沪市主板
SH600731,-21.192642134946006,,1.7739,11,-0.67,False,0.01,1.004,541682665.0,5.91,2.02,9.6022,-12.7,3201344550.0,,3273267779.0,,100.0,5.454423608488556,354.02,-0.17,-4.509839686054495,17974709.0,-0.04,838915200000.0,0.32,-1245307.0,3031290.0,0.86,1.004,15110.0,0.56,,85.25,湖南海利,18.277,,553852416.0,0,5.95,沪市主板
SH603359,134.58518170970143,,5.0906,11,-2.96,False,0.01,0.636,446096000.0,1.97,5.91,16.0485,-79.35,878809120.0,,878809120.0,,100.0,-54.636271651835386,-84.4,0.0,-45.78279864571743,15941693.0,-0.06,1504195200000.0,-2.48,1726508.0,7855184.0,1.52,0.636,15095.0,1.76,,44.0,*ST东珠,-0.795,,446096000.0,0,2.03,沪市主板
SH600386,34.83472954489337,,0.8642,11,-0.56,False,0.01,1.732,806400000.0,3.52,3.39,5.5665,-19.82,2838528000.0,,2838528000.0,,100.0,-2.484230545416629,47.91,0.0,-18.249105351926342,23029048.0,-0.02,982252800000.0,-0.05,-2889348.0,6502300.0,0.77,1.732,15059.0,0.81,,46.37,北巴传媒,-66.902,,806400000.0,0,3.54,沪市主板
SH601500,25.988256559242483,0.0,0.6796,11,-0.52,False,0.01,1.011,1583000735.0,3.84,2.59,3.5454,-20.33,6078722822.0,1790697600000.0,6078722822.0,,100.0,4.555646969643024,-14.11,0.26,23.103782342924717,46983335.0,-0.02,1474214400000.0,0.17,1279402.0,12224663.0,1.35,1.015,15038.0,0.77,,43.9,通用股份,22.087,,1583000735.0,0,3.86,沪市主板
SH688161,30.608718629931086,0.0,6.0015,82,2.34,False,0.01,2.126,400000000.0,22.3,4.04,24.1326,-19.22,8920000000.0,1790697600000.0,8920000000.0,1.471,1.0,6.291047198618839,-80.26,0.04,4.095295596831461,48967772.0,0.51,1624982400000.0,0.65,616144.0,2201691.0,2.84,2.126,14984.0,0.55,,192.79,威高骨科,34.451,,400000000.0,0,21.79,科创板
SH603121,-55.81242852446028,0.0,3.4289,11,-3.01,False,0.01,3.682,338533715.0,11.92,4.96,51.784,-43.67,4035321883.0,1790697600000.0,4035321883.0,,100.0,-5.966945101325386,43.23,0.25,-1.843148379102011,49525075.0,-0.37,1547136000000.0,-0.2,-4267489.0,4113756.0,0.59,3.682,14940.0,1.22,,44.02,华培动力,-59.32,,338533715.0,0,12.29,沪市主板
SH605188,5.488808568892334,0.0,2.2598,11,1.45,False,0.01,5.167,508698500.0,12.58,3.31,52.884,-35.05,6399427130.0,1790697600000.0,6399427130.0,0.119,100.0,1.4455523121384424,129.21,0.08,5.675020810171572,94744341.0,0.18,1595865600000.0,0.03,-2326042.0,7537100.0,1.04,5.157,14924.0,1.48,,44.09,国光连锁,367.198,,508698500.0,0,12.4,沪市主板
SH603639,-38.12707595203987,0.0,0.9697,11,-0.38,False,0.01,1.024,339878336.0,10.45,2.19,9.3186,-15.29,3551728611.0,1790697600000.0,3653824066.0,2.871,100.0,2.908476960789197,2.68,0.1,-7.314662993851007,12081365.0,-0.04,1484150400000.0,0.3,569806.0,1154600.0,1.27,1.024,14919.0,0.34,,44.01,海利尔,34.934,,349648236.0,0,10.49,沪市主板
SH601518,-4.237052103751637,0.0,3.9224,11,-0.36,False,0.01,0.923,1890553169.0,2.78,1.43,6.4638,3.29,5255737810.0,1790697600000.0,5255737810.0,4.676,100.0,8.718276938295979,1.74,0.0,-3.553580292947567,26332850.0,-0.01,1268928000000.0,0.26,-5606044.0,9474360.0,1.09,0.923,14874.0,0.5,,140.22,吉林高速,10.82,,1890553169.0,0,2.79,沪市主板
SH688418,28.13997630930565,0.0,6.9513,82,-2.36,False,0.01,7.416,192554634.0,28.17,7.31,,-35.21,5424264040.0,1790697600000.0,5424264040.0,,1.0,-18.622402875814043,-11.63,-0.42,-10.448344812252476,96362034.0,-0.68,1595347200000.0,-0.78,300381.0,3320090.0,1.26,7.416,14873.0,1.72,,158.4,震有科技,-36.308,,192554634.0,0,28.85,科创板
SH603323,6.499069453032691,0.0,2.3801,11,1.11,False,0.01,0.505,2220395581.0,4.54,1.78,8.8002,1.43,10080595938.0,1790697600000.0,10080595938.0,4.604,100.0,10.798516010242928,27.76,0.22,1.6904041392448166,134339303.0,0.05,1480348800000.0,0.94,3294985.0,29665031.0,1.07,0.506,14867.0,1.34,,44.07,苏农银行,4.849,,2220395581.0,0,4.49,沪市主板
SH603657,65.17920423644293,,1.864,11,-5.39,False,0.01,5.959,135190050.0,37.37,11.14,65.1132,25.4,5052052169.0,,5052052169.0,,100.0,-10.83147412843895,166.93,-0.4,16.351142916760942,254306122.0,-2.13,1532880000000.0,-0.72,692533.0,6685700.0,1.14,5.959,14846.0,4.95,,43.99,春光科技,-51.912,,135190050.0,0,39.5,沪市主板
SH603810,,,1.486,11,1.47,False,0.01,1.339,165342252.0,12.41,7.11,103.5218,-21.16,2051897347.0,,2051897347.0,1.434,100.0,1.703231247005051,-28.62,0.0,8.74553906325859,50597441.0,0.18,1537113600000.0,0.17,893602.0,4038816.0,2.65,1.339,14822.0,2.44,,44.0,丰山集团,74.754,,165342252.0,0,12.23,沪市主板
SH605208,107.13173575229264,,0.7707,11,-0.55,False,0.01,2.106,329940000.0,14.51,5.0,,7.3,4787429400.0,,4787429400.0,0.414,100.0,5.798018747486697,63.26,0.14,23.501902381691274,119133324.0,-0.08,1615132800000.0,0.39,6304299.0,8094432.0,1.29,2.106,14807.0,2.45,,44.03,永茂泰,37.348,,329940000.0,0,14.59,沪市主板
SH603176,,,1.1082,11,0.38,False,0.01,2.356,461817005.0,5.26,3.24,,0.31,2429157446.0,,2478573568.0,0.285,100.0,-4.167437906446887,163.05,-0.38,-8.32861446780856,21109040.0,0.02,1640880000000.0,-0.1,-3734669.0,3993900.0,1.13,2.376,14802.0,0.86,,44.12,汇通集团,-51.661,,471211705.0,0,5.24,沪市主板
SH688432,1.153890210284425,0.0,50.0878,82,-4.59,False,0.01,12.31,1250301858.0,44.93,7.18,175.604,262.87,56176062480.0,1790697600000.0,56176062480.0,0.122,1.0,5.283211284706516,127.64,0.07,8.254412447682524,1636528960.0,-2.16,1668009600000.0,0.19,37465396.95,35463478.0,0.61,12.31,14789.0,2.84,,91.73,有研硅,237.587,,1250301858.0,0,47.09,科创板
SH600302,51.334568639681535,,7.5767,11,0.0,False,0.01,4.999,346009804.0,6.76,3.85,,-35.56,2339026275.0,,2339026275.0,,100.0,-32.01643247760329,-1.74,0.0,-17.447297233851234,17854789.0,0.0,976636800000.0,-0.51,-1491668.0,2612500.0,0.82,4.999,14766.0,0.76,,131.97,ST标准,-13.32,,346009804.0,0,6.76,沪市主板
SH603730,20.667106931055823,0.0,3.3179,11,-1.73,False,0.01,4.468,2148593681.0,9.68,4.06,16.5601,12.76,20798386832.0,1790697600000.0,20798386832.0,2.583,100.0,18.390858570356798,83.12,-0.21,1.4062931709978521,195593559.0,-0.17,1501171200000.0,0.39,21409185.0,20023582.0,1.01,4.467,14697.0,0.93,,43.98,岱美股份,24.798,,2148593681.0,0,9.85,沪市主板
SH603421,,0.0,3.1863,11,-1.13,False,0.01,1.731,652190511.0,6.11,4.05,18.572,-14.66,3984884022.0,1790697600000.0,3984884022.0,,100.0,-23.5877794988078,-45.31,0.16,-35.72473240656484,88921559.0,-0.07,1476115200000.0,-0.94,-1542164.0,14445450.0,0.65,1.731,14681.0,2.21,,44.01,鼎信通讯,-6.473,,652190511.0,0,6.18,沪市主板
SH605007,19.404193746908895,0.0,0.7448,11,5.15,False,0.01,1.972,474577103.0,15.12,5.42,58.6098,13.21,7175605797.0,1790697600000.0,7193037645.0,1.058,100.0,9.621806983569119,36.81,0.4,17.407205526602688,81629781.0,0.74,1604937600000.0,0.74,4139090.0,5454496.0,1.8,1.972,14678.0,1.15,,44.0,五洲特纸,20.378,,475730003.0,0,14.38,沪市主板
SH603798,-4.843102284522005,,4.0344,11,-3.27,False,0.01,2.996,256449650.0,14.19,5.66,33.1521,-13.48,3639020534.0,,3639020534.0,0.698,100.0,3.4220921985636568,96.49,-0.56,-10.147376516732265,93573578.0,-0.48,1459872000000.0,0.16,-4991852.0,6471170.0,0.93,2.996,14603.0,2.52,,44.03,康普顿,89.508,,256449650.0,0,14.67,沪市主板
SH603079,,,3.0232,11,-2.13,False,0.01,1.586,189029624.0,13.32,5.8,19.8808,-24.17,2517874592.0,,2517874592.0,0.743,100.0,2.851647679894758,53.62,0.3,4.072123335380962,72097175.0,-0.29,1503417600000.0,0.24,266524.0,5358336.0,1.36,1.586,14593.0,2.83,,44.0,圣达生物,56.105,,189029624.0,0,13.61,沪市主板
SH603181,12.580787971812878,0.0,2.8502,11,-0.24,False,0.01,1.995,588700000.0,12.24,2.2,15.7268,-12.89,7205688000.0,1790697600000.0,7205688000.0,1.814,100.0,13.179403214236599,165.91,0.16,11.893314579921356,42343699.0,-0.03,1503504000000.0,0.76,-4931604.0,3452200.0,1.04,1.994,14572.0,0.59,,44.02,皇马科技,16.013,,588700000.0,0,12.27,沪市主板
SH603683,26.45431920733867,0.0,1.8519,11,-1.13,False,0.01,2.519,288433143.0,14.86,7.19,16.8695,-41.71,4286116505.0,1790697600000.0,4329943995.0,0.666,100.0,6.070457859185987,94.36,0.0,17.907951982936666,241450059.0,-0.17,1508428800000.0,0.34,13045703.0,15802200.0,1.3,2.517,14569.0,5.48,,44.0,晶华新材,43.345,,291382503.0,0,15.03,沪市主板
SH603076,-0.05106810988375621,,1.3808,11,-0.75,False,0.01,1.885,120701344.0,19.97,3.13,12.798,-14.07,2410405840.0,,2410405840.0,1.002,100.0,1.548299834137258,24.16,-0.05,6.757438397131765,34484665.0,-0.15,1510502400000.0,0.16,-683760.0,1710201.0,1.19,1.885,14568.0,1.42,,43.99,乐惠国际,121.312,,120701344.0,0,20.12,沪市主板
SH688380,,0.0,11.1086,82,-5.19,False,0.01,4.625,400365000.0,37.29,7.25,49.3383,16.68,14929610850.0,1790697600000.0,14929610850.0,0.802,1.0,11.898017774070722,-16.83,0.13,31.32265305508959,236895436.0,-2.04,1659628800000.0,0.92,-15755277.0,6221599.0,0.98,4.625,14558.0,1.55,,82.11,中微半导,40.423,,400365000.0,0,39.33,科创板
SH603966,12.915713092762493,0.0,1.5865,11,3.56,False,0.01,1.89,519697056.0,7.57,5.06,12.9395,-15.43,3934106714.0,1790697600000.0,3939389363.0,2.84,100.0,11.589205828099015,143.17,0.26,8.455563636415974,64458809.0,0.26,1485273600000.0,0.45,12661104.0,8579744.0,1.57,1.89,14524.0,1.65,,43.99,法兰泰克,16.77,,520394896.0,0,7.31,沪市主板
SH603061,67.37033536464952,0.0,26.0349,11,-4.82,False,0.01,13.609,87000000.0,296.7,7.01,152.6937,206.77,25812900000.0,1790697600000.0,25812900000.0,0.088,100.0,16.39083354676016,517.21,0.07,57.7953929344847,796302964.0,-15.03,1677772800000.0,3.12,15511450.0,2597508.0,1.13,13.609,14509.0,2.99,,44.01,金海通,95.007,,87000000.0,0,311.73,沪市主板
SH603958,,,2.504,11,-1.61,False,0.01,5.904,219360000.0,17.71,4.72,23.0123,33.16,3884865600.0,,3884865600.0,,100.0,-3.4495429753683013,66.51,0.06,26.66734854595374,112194245.0,-0.29,1467129600000.0,-0.11,-5127309.0,6277401.0,0.6,5.904,14494.0,2.86,,44.04,哈森股份,-165.215,,219360000.0,0,18.0,沪市主板
SH603955,55.08804701044252,,8.0248,11,-1.68,False,0.01,2.872,135720000.0,24.55,6.33,,-15.37,3331926000.0,,4023628977.0,,100.0,-9.999259520079026,80.76,0.57,115.10902774289957,51581107.0,-0.42,1489075200000.0,-0.9,2453424.0,2109702.0,0.66,1.905,14469.0,1.55,,43.97,大千生态,-27.361,,163895274.0,0,24.97,沪市主板
SH600241,85.66134858191101,,6.9609,11,9.98,False,0.01,3.077,294302115.0,10.69,14.61,,28.02,3146089609.0,,3146089609.0,,100.0,-13.541192499031135,7.47,0.0,-6.732634066990794,326386711.0,0.97,975340800000.0,-0.5,-1642962.0,32032491.0,3.38,3.077,14467.0,10.88,,221.94,时代万恒,-21.184,,294302115.0,4,9.72,沪市主板
SH600847,60.887372572517485,,4.2212,11,2.42,False,0.01,4.395,153287400.0,13.1,3.52,400.4061,12.74,2008064940.0,,2008064940.0,,100.0,-14.418219358483086,52.35,0.31,-5.959877846791517,79395867.0,0.31,764438400000.0,-0.46,-5250663.0,6067300.0,1.03,4.395,14458.0,3.96,,249.75,万里股份,-28.253,,153287400.0,0,12.79,沪市主板
SH601825,0.7560745398197621,0.0,3.2167,11,1.16,False,0.01,0.631,9432299197.0,8.71,2.09,7.5848,-1.16,82155326006.0,1790697600000.0,84003111116.0,5.098,100.0,9.521268133452002,14.1,0.0,-0.09280485856545395,169730488.0,0.1,1629302400000.0,1.28,-41833.0,19570522.0,1.05,0.631,14457.0,0.21,,20.22,沪农商行,6.789,,9644444445.0,0,8.61,沪市主板
SH603991,,0.0,10.2368,11,-1.12,False,0.01,6.911,89536498.0,163.96,4.77,573.9867,122.62,14680404212.0,1790697600000.0,25038284052.0,0.006,100.0,8.161377051802097,1204.23,0.06,253.35955011089055,358870895.0,-1.86,1488902400000.0,1.02,2823638.0,2158316.0,0.51,6.911,14447.0,2.41,,44.02,领先股份,160.282,,152709710.0,0,165.82,沪市主板
SH688141,33.473959139848006,0.0,12.9049,82,-4.85,False,0.01,37.721,454868456.0,90.39,7.68,,108.13,41115559738.0,1790697600000.0,41115559738.0,,1.0,-64.42604213559383,102.9,0.38,43.63191994501649,2362328777.0,-4.61,1671724800000.0,-2.07,81647425.0,25798108.0,1.83,37.344,14426.0,5.67,,32.62,杰华特,-43.647,,454868456.0,0,95.0,科创板
SH688107,-10.265464720690009,0.0,16.4097,82,-5.25,False,0.01,13.752,400849367.0,26.54,7.25,,-2.35,10638542200.0,1790697600000.0,11952921687.0,,1.0,-21.057339969630732,-65.08,0.11,12.778491985447339,167358062.0,-1.47,1636646400000.0,-0.45,-12991860.2,6185741.0,1.22,5.633,14398.0,1.54,,170.19,安路科技,-58.443,,450373839.0,0,28.01,科创板
SH603860,,,6.3388,11,0.19,False,0.01,2.121,66680000.0,26.37,2.28,24.2144,-11.97,1758351600.0,,1758351600.0,0.777,100.0,5.979152326662096,23.17,-0.15,3.4442034882404826,25839338.0,0.05,1501603200000.0,0.73,1523638.0,977200.0,0.98,2.121,14356.0,1.47,,43.98,中公高科,36.237,,66680000.0,0,26.32,沪市主板
SH603155,-6.701175550462379,0.0,9.4525,11,-2.97,False,0.01,2.862,457890860.0,14.03,6.22,65.2488,20.46,6424208766.0,1790697600000.0,6424208766.0,1.718,100.0,4.281852228144422,25.23,0.21,3.7245276992455167,115845674.0,-0.43,1598889600000.0,0.21,-3524727.0,8122457.0,0.68,2.862,14274.0,1.77,,43.99,新亚强,67.537,,457890860.0,0,14.46,沪市主板
SH603163,7.815774934334185,0.0,2.5888,11,-2.6,False,0.01,6.158,100000000.0,72.0,5.79,18.1305,5.81,7200000000.0,1790697600000.0,7200000000.0,1.181,100.0,14.34078403563678,198.21,0.04,7.7089662336699005,112342491.0,-1.92,1665590400000.0,1.62,1577540.0,1534120.0,0.79,6.158,14267.0,1.53,,44.0,圣晖集成,44.367,,100000000.0,0,73.92,沪市主板
SH603519,-31.892897169084065,,2.5919,11,-3.47,False,0.01,4.118,266327839.0,16.43,7.58,27.9413,45.96,4375766395.0,,4375766395.0,6.026,100.0,16.182892755887256,445.72,0.0,3.4693470559813644,131755066.0,-0.59,1426694400000.0,0.67,-4476832.0,7859200.0,0.71,4.118,14260.0,2.95,,43.97,立霸股份,24.469,,266327839.0,0,17.02,沪市主板
SH603326,-15.521108698793729,,1.8237,11,0.0,False,0.01,2.125,319176930.0,7.68,2.47,12.9459,-10.94,2451278822.0,,2451278822.0,3.255,100.0,11.47246616101813,62.32,0.0,-10.680936714485123,30111309.0,0.0,1497542400000.0,0.41,-2402867.0,3920202.0,1.26,2.125,14257.0,1.23,,43.97,我乐家居,18.558,,319176930.0,0,7.68,沪市主板
SH605378,,0.0,3.7283,11,10.0,False,0.01,3.753,261346400.0,17.27,13.89,40.9405,-22.45,4513452328.0,1790697600000.0,4513452328.0,0.869,100.0,1.3935730166893332,79.54,0.0,5.721929978755647,271600143.0,1.57,1618156800000.0,0.06,-2450003.0,16117466.0,1.8,3.753,14230.0,6.17,,43.98,野马电池,266.737,,261346400.0,1,15.7,沪市主板
SH688135,-2.6716830714914375,0.0,11.917,82,-3.26,False,0.01,5.153,233103941.0,35.31,7.97,25.2164,27.2,8230900157.0,1790697600000.0,8230900157.0,,1.0,0.9719718265284739,-24.98,0.11,15.53144699777176,351902872.0,-1.19,1605024000000.0,0.06,2163288.0,9709365.0,0.78,5.153,14229.0,4.17,,297.77,利扬芯片,621.719,,233103941.0,0,36.5,科创板
SH603196,17.632323358224532,0.0,6.0359,11,-2.13,False,0.01,3.598,236988282.0,17.44,5.22,29.995,-31.69,4133075638.0,1790697600000.0,7301908954.0,,100.0,2.8746240895904887,129.58,0.23,17.498349104003875,33196925.0,-0.38,1496160000000.0,0.09,2769035.0,1880100.0,1.44,3.598,14114.0,0.79,,44.07,璞源材料,187.89,,418687440.0,0,17.82,沪市主板
SH603458,,,2.6907,11,3.36,False,0.01,1.338,306124514.0,10.77,4.89,12.8857,7.49,3296961016.0,,3296961016.0,,100.0,-15.614013257446462,-25.9,0.19,-19.115228704249375,99012207.0,0.35,1502208000000.0,-1.37,9312237.0,9213793.0,1.07,1.338,14054.0,3.01,,44.01,勘设股份,-7.876,,306124514.0,0,10.42,沪市主板
SH605368,-28.783273392565732,0.0,1.229,11,2.4,False,0.01,1.441,714635915.0,6.84,2.54,9.4233,-11.4,4888109659.0,1790697600000.0,4888109659.0,,100.0,6.8066095496271375,-25.81,0.29,-7.507678680510377,39201742.0,0.16,1611849600000.0,0.33,1368134.0,5771160.0,2.7,1.441,13927.0,0.81,,43.98,蓝天燃气,20.687,,714635915.0,0,6.68,沪市主板
SH688698,2.5201210455032097,0.0,4.0378,82,-4.47,False,0.01,3.545,215033174.0,39.72,5.34,,-59.62,8541117671.0,1790697600000.0,8541117671.0,0.874,1.0,10.023082182149887,109.46,-0.08,21.02068564740862,121661072.0,-1.86,1609171200000.0,1.08,-4416435.0,3012616.0,1.32,3.545,13920.0,1.4,,86.23,伟创电气,36.798,,215033174.0,0,41.58,科创板
SH603928,24.092153383335436,,2.7888,11,10.02,False,0.01,3.03,340704000.0,14.38,7.27,47.3456,17.98,4899323520.0,,4899323520.0,1.057,100.0,7.657935532427458,142.49,0.0,8.787947195767698,363872133.0,1.31,1481472000000.0,0.35,123808533.0,25758214.0,2.91,3.03,13906.0,7.56,,43.97,兴业股份,40.519,,340704000.0,2,13.07,沪市主板
SH688258,77.16652024074327,0.0,28.1875,82,-5.04,False,0.01,9.622,121142237.0,78.82,6.3,87.2686,3.02,9548431120.0,1790697600000.0,9548431120.0,0.249,1.0,17.147557887503144,173.42,0.28,2.2144532782302218,228518232.0,-4.18,1575820800000.0,1.31,1469560.0,2859955.0,1.05,9.622,13878.0,2.36,,108.38,卓易信息,60.109,,121142237.0,0,83.0,科创板
SH688020,18.98290148520967,0.0,29.0141,82,-3.45,False,0.01,7.975,82423000.0,126.06,13.67,,85.33,10390243380.0,1790697600000.0,10390243380.0,,1.0,-7.024042483410773,22.21,-0.03,1.2843102179638688,387660358.0,-4.5,1563724800000.0,-1.13,8469172.0,2933036.0,0.96,7.973,13857.0,3.56,,87.64,方邦股份,-112.005,,82423000.0,0,130.56,科创板
SH601326,2.5647898771597344,0.0,2.8043,11,1.41,False,0.01,0.967,4757559000.0,3.6,2.54,7.6144,6.68,17127212400.0,1790697600000.0,20114683200.0,3.194,100.0,8.030151413153193,61.35,0.0,1.4410789172237148,83861652.0,0.05,1502812800000.0,0.29,12819692.0,23302182.0,1.24,0.967,13843.0,0.49,,44.02,秦港股份,12.307,,5587412000.0,0,3.55,沪市主板
SH603855,-8.840248380146765,0.0,1.8834,11,-0.18,False,0.01,2.444,335532500.0,16.79,1.61,18.5632,-8.04,5633590675.0,1790697600000.0,5666809690.0,5.902,100.0,16.661204149657195,167.96,0.06,-4.244822250234703,18874388.0,-0.03,1495555200000.0,1.06,1020548.0,1127700.0,0.93,2.444,13823.0,0.34,,44.01,华荣股份,15.791,,337511000.0,0,16.82,沪市主板
SH601827,0.922286020777352,0.0,2.3355,11,0.0,False,0.01,1.077,1671933300.0,7.9,1.39,5.3157,-3.48,13208273070.0,1790697600000.0,13208273070.0,3.367,100.0,10.224924627378497,13.78,0.0,-1.5687158278803959,37598495.0,0.0,1591286400000.0,0.73,2692384.0,4743440.0,1.58,1.077,13817.0,0.28,,44.01,三峰环境,10.889,,1671933300.0,0,7.9,沪市主板
SH600615,0.28905762082676034,,3.5783,11,1.36,False,0.01,3.039,225266050.0,9.66,10.07,52.1461,-13.6,2176070043.0,,2179533733.0,,100.0,-3.05378220092986,351.11,1.26,56.22189925248442,55861828.0,0.13,716054400000.0,-0.1,3670452.0,5744776.0,3.14,3.039,13790.0,2.55,,208.18,鑫源智造,-98.042,,225624610.0,0,9.53,沪市主板
SH603950,21.839215742113403,0.0,7.3111,11,-2.55,False,0.01,5.205,323868800.0,50.4,6.13,26.1456,74.43,16322987520.0,1790697600000.0,16336192320.0,0.258,100.0,13.224005766854855,237.77,0.02,14.491025723645624,187569189.0,-1.32,1590422400000.0,1.21,-17332155.0,3669168.0,1.02,5.204,13780.0,1.13,,44.02,长源东谷,41.705,,324130800.0,0,51.72,沪市主板
SH603687,-1.7001742391094532,0.0,3.3451,11,-1.64,False,0.01,2.301,550031864.0,13.76,4.79,23.5967,44.7,7568438449.0,1790697600000.0,7568438449.0,0.305,100.0,2.531646110887688,61.18,0.0,4.9760546855690535,173094741.0,-0.23,1564070400000.0,0.15,9511582.0,12361748.0,1.04,2.301,13675.0,2.25,,43.95,大胜达,91.761,,550031864.0,0,13.99,沪市主板
SH603758,-29.903818979142926,0.0,3.2489,11,-3.45,False,0.01,1.715,433116049.0,10.37,5.21,13.1301,-40.37,4491413428.0,1790697600000.0,4491413428.0,,100.0,4.595874786999897,5.16,0.19,-6.708028632157925,62545256.0,-0.37,1494950400000.0,0.27,-6183145.0,5968200.0,1.09,1.738,13669.0,1.38,,43.98,秦安股份,38.276,,433116049.0,0,10.74,沪市主板
SH603689,1.6007694607342637,,0.8213,11,1.68,False,0.01,1.096,523447965.0,7.85,1.94,11.4775,0.47,4109066525.0,,4127634758.0,4.459,100.0,9.71780188105424,22.49,0.13,-6.743240251184357,51346233.0,0.13,1483977600000.0,0.66,1626912.0,6557398.0,2.57,1.109,13662.0,1.25,,43.96,皖天然气,11.959,,525813345.0,0,7.72,沪市主板
SH688248,10.215864706456745,0.0,7.6441,82,-3.28,False,0.01,8.2,564700000.0,48.13,5.99,45.2642,8.05,27179011000.0,1790697600000.0,27179011000.0,0.609,1.0,12.574935959969524,54.64,-0.41,9.65981994609546,136521396.0,-1.63,1640102400000.0,0.71,-293118.0,2792529.0,0.76,8.2,13624.0,0.49,,124.67,南网科技,67.529,,564700000.0,0,49.76,科创板
SH688408,-66.43258209902062,0.0,0.8588,82,-1.74,False,0.01,1.273,219065886.0,22.58,3.61,,-46.38,4946507706.0,1790697600000.0,4946507706.0,,1.0,-9.049677049090675,-53.62,0.18,-8.064501807914892,50634103.0,-0.4,1598544000000.0,-1.7,-3931612.3200000003,2220826.0,0.92,1.273,13601.0,1.01,,84.4,中信博,-13.306,,219065886.0,0,22.98,科创板
SH603755,7.589611051362377,,5.1393,11,1.08,False,0.01,3.344,98613681.0,26.13,3.87,23.3293,-28.15,2576775485.0,,2576775485.0,1.887,100.0,10.385357477541032,22.67,-0.08,14.838241852397793,51105276.0,0.28,1566921600000.0,0.79,7381603.0,1959800.0,0.77,3.344,13598.0,1.99,,44.01,日辰股份,32.875,,98613681.0,0,25.85,沪市主板
SH605005,-11.510736586754877,0.0,3.4162,11,-1.06,False,0.01,3.071,401000000.0,15.9,2.24,14.8347,-16.05,6375900000.0,1790697600000.0,6375900000.0,1.258,100.0,8.871666667569984,121.06,0.06,3.832771504444743,10401400.0,-0.17,1610985600000.0,0.45,-623155.0,651990.0,0.91,3.071,13596.0,0.16,,44.04,合兴股份,35.293,,401000000.0,0,16.07,沪市主板
SH603701,-10.703517771636795,0.0,4.6154,11,4.06,False,0.01,6.153,261361901.0,18.95,4.94,,-5.86,4952808024.0,1790697600000.0,4952808024.0,0.211,100.0,1.7233739155433976,249.81,-0.21,24.778632012188773,68833114.0,0.74,1460390400000.0,0.05,-2266388.0,3704566.0,1.6,6.153,13425.0,1.42,,44.0,德宏股份,357.799,,261361901.0,0,18.21,沪市主板
SH688306,,0.0,4.2408,82,-3.64,False,0.01,6.78,1228282800.0,9.52,4.45,125.3871,-17.85,11693252256.0,1790697600000.0,11693252256.0,0.084,1.0,0.8077924454810651,56.21,0.0,13.317505705852263,108335790.0,-0.36,1647878400000.0,0.01,-8237401.0,11264726.0,0.82,6.78,13343.0,0.92,,35.43,均普智能,811.051,,1228282800.0,0,9.88,科创板
SH603527,-28.84974214638063,,0.211,11,-0.1,False,0.01,1.456,316971200.0,9.71,2.88,,-11.84,3077790352.0,,3077790352.0,1.03,100.0,1.4546647528655263,14.59,0.1,36.280981427984926,45426876.0,-0.01,1504713600000.0,0.1,-3248176.0,4663965.0,0.81,1.456,13338.0,1.47,,44.01,众源新材,101.496,,316971200.0,0,9.72,沪市主板
SH603980,,,3.7814,11,-0.66,False,0.01,1.574,676833360.0,9.0,4.64,43.7568,83.4,6091500240.0,,6091500240.0,1.633,100.0,2.505734850386295,-22.17,0.22,0.3850425002729141,556777863.0,-0.06,1497456000000.0,0.14,-29703973.0,60944020.0,1.12,1.574,13329.0,9.0,,44.01,吉华集团,62.797,,676833360.0,0,9.06,沪市主板
SH603183,,,3.3444764365094657,11,0.0,False,0.01,1.618,497153251.0,5.19,,22.616201131440796,20.56,2580225373.0,,2580225373.0,0.096,100.0,-0.12710847300819392,32.12,0.39,-6.00936690653503,,0.0,1504540800000.0,0.0,,,,1.618,13310.0,,,44.03,建研院,-1272.698,,497153251.0,0,5.19,沪市主板
SH688776,,0.0,26.6432,82,-5.0,False,0.01,2.916,108383419.0,45.03,10.32,,-55.3,4880505358.0,1790697600000.0,4880505358.0,,1.0,-9.054108552881043,-57.51,0.11,-39.540503669674386,135426117.0,-2.37,1630339200000.0,-1.47,-3278157.0,2908383.0,0.63,2.916,13271.0,2.68,,166.64,国光电气,-30.675,,108383419.0,0,47.4,科创板
SH600051,-25.374697613547536,,2.0689,11,0.16,False,0.01,0.582,310880000.0,6.39,2.51,9.4078,-14.43,1986523200.0,,1986523200.0,0.939,100.0,1.9962771749609869,3.32,0.0,-29.972213342478792,27741780.0,0.01,860601600000.0,0.22,420487.0,4330988.0,1.04,0.582,13262.0,1.39,,0.0,宁波联合,29.357,,310880000.0,0,6.38,沪市主板
SH603097,,0.0,2.1188,11,1.23,False,0.01,3.881,224676768.0,18.9,4.28,46.3098,-6.29,4246390915.0,1790697600000.0,4345787905.0,0.566,100.0,1.791189888414162,166.65,0.11,5.285711888955169,55700991.0,0.23,1652284800000.0,0.09,486689.0,2954118.0,1.68,4.097,13235.0,1.31,,43.96,江苏华辰,218.095,,229935868.0,0,18.67,沪市主板
SH603315,-25.55154373663485,0.0,2.7814,11,-0.1,False,0.01,1.938,320366264.0,10.46,3.06,36.0209,-32.4,3351031121.0,1790697600000.0,3351031121.0,0.43,100.0,1.5385092257063868,41.93,0.48,3.1301697735289347,51372570.0,-0.01,1429804800000.0,0.08,-934861.0,4872000.0,1.04,1.938,13233.0,1.52,,44.01,福鞍股份,125.806,,320366264.0,0,10.47,沪市主板
SH603682,,,4.7348,11,-3.29,False,0.01,6.49,472500000.0,9.12,13.79,7.214,43.41,4309200000.0,,4309200000.0,2.412,100.0,-20.714954304439473,27.86,-0.11,-5.307931712656488,269010558.0,-0.31,1587398400000.0,-0.36,-41132927.0,28210800.0,3.14,6.49,13211.0,5.97,,43.99,锦和商管,-25.132,,472500000.0,0,9.43,沪市主板
SH688518,-0.25276107115237423,0.0,1.9091,82,-3.43,False,0.01,2.004,341325095.0,19.41,4.48,,-19.32,6625120094.0,1790697600000.0,6625120094.0,1.185,1.0,6.4311788631948295,-27.53,-0.1,1.8030626265846506,206744717.0,-0.69,1592755200000.0,0.61,16541680.0,10464324.0,1.04,2.004,13147.0,3.07,,235.72,联赢激光,31.893,,341325095.0,0,20.1,科创板
SH688117,50.55011500859581,0.0,4.348,82,-3.13,False,0.01,3.463,220340369.0,17.98,4.63,21.5296,-32.73,3961719835.0,1790697600000.0,3961719835.0,1.396,1.0,19.107114194862003,-36.77,-0.11,36.81961720026645,158255544.0,-0.58,1622649600000.0,0.93,-3108038.0,8656505.0,0.64,3.463,13147.0,3.93,,265.98,圣诺生物,19.405,,220340369.0,0,18.56,科创板
SH605339,-76.71622361006855,0.0,1.9045,11,0.75,False,0.01,1.663,424290616.0,13.36,2.87,54.1278,-31.76,5668522630.0,1790697600000.0,5668522630.0,0.225,100.0,0.21400949931389635,-30.54,0.07,-2.1192221800862665,18327018.0,0.1,1621267200000.0,0.02,2199280.0,1370900.0,1.12,1.663,13146.0,0.32,,43.99,南侨食品,776.354,,424290616.0,0,13.26,沪市主板
SH603856,16.100802823904715,,1.5063,11,0.94,False,0.01,1.208,282056060.0,11.84,1.96,8.7686,-3.2,3339543750.0,,3339543750.0,1.934,100.0,9.266562760064847,15.45,0.17,-7.9804455650226425,30213606.0,0.11,1509897600000.0,0.89,170086.0,2555000.0,1.46,1.208,13137.0,0.91,,43.99,东宏股份,13.331,,282056060.0,0,11.73,沪市主板
SH603586,-45.21967263017608,,1.7064,11,-0.79,False,0.01,1.198,196052780.0,13.74,3.1,7.2341,-26.05,2693765197.0,,2693765197.0,4.003,100.0,2.024769710860339,-42.86,0.07,-3.957550965880896,25265837.0,-0.11,1491408000000.0,0.23,-1655436.0,1830700.0,0.94,1.198,13115.0,0.93,,43.99,金麒麟,58.603,,196052780.0,0,13.85,沪市主板
SH605118,32.219113935110144,0.0,12.3672,11,-3.45,False,0.01,7.869,408868500.0,31.06,6.65,30.4144,4.26,12699455610.0,1790697600000.0,12772462140.0,1.127,100.0,19.624610903494396,203.78,-0.13,28.520693410462773,122034183.0,-1.11,1596038400000.0,0.75,-9743807.0,3885056.0,0.89,7.87,13097.0,0.95,,43.97,力鼎光电,41.493,,411219000.0,0,32.17,沪市主板
SH605222,-21.468754901684562,0.0,0.3785,11,-2.31,False,0.01,1.813,412907753.0,21.6,3.57,,17.75,8918807465.0,1790697600000.0,8918807465.0,0.278,100.0,4.1932665300246255,1.57,0.42,3.3621056269952154,91658277.0,-0.51,1596124800000.0,0.49,-2162598.0,4208200.0,0.97,1.865,13085.0,1.02,,44.0,起帆电缆,43.823,,412907753.0,0,22.11,沪市主板
SH688772,,0.0,1.0116,82,-3.07,False,0.01,2.327,1138279624.0,13.9,4.04,8.3206,-34.29,15822086774.0,1790697600000.0,15822086774.0,2.122,1.0,2.1069832038097527,-62.34,0.22,14.798541299491074,236711319.0,-0.44,1634227200000.0,0.13,-21267590.0,16789616.0,0.85,2.326,13073.0,1.47,,133.19,珠海冠宇,104.351,,1138279624.0,0,14.34,科创板
SH603341,-12.570646126829676,0.0,0.4337,11,-3.58,False,0.01,2.426,267402331.0,33.95,5.17,29.6555,-18.65,9078309137.0,1790697600000.0,17728779764.0,1.473,100.0,7.430718717219863,-41.29,0.0,13.251211616366575,356745618.0,-1.26,1709222400000.0,0.91,-44083521.0,10370374.0,1.21,2.428,13038.0,3.88,,99.69,龙旗科技,37.295,,522202644.0,0,35.21,沪市主板
SH605266,-35.76764665973242,,0.287,11,0.12,False,0.01,0.978,154542928.0,16.06,2.0,2.0447,-10.5,2481959424.0,,2481959424.0,7.584,100.0,5.040340387615813,-40.34,-0.12,-2.667872651647296,24879370.0,0.02,1606752000000.0,0.84,636620.0,1544451.0,1.3,0.978,12970.0,1.0,,44.0,健之佳,19.177,,154542928.0,0,16.04,沪市主板
SH605088,-6.90916452774103,0.0,0.997,11,1.54,False,0.01,1.656,201193893.0,23.69,4.71,4.811,-32.3,4766283325.0,1790697600000.0,4800183715.0,2.499,100.0,9.341926881232636,45.88,0.42,18.174417632642047,193855590.0,0.36,1597593600000.0,1.28,-470536.0,8253500.0,0.56,1.657,12931.0,4.1,,43.99,冠盛股份,18.529,,202624893.0,0,23.33,沪市主板
SH603956,,,4.0007,11,-1.02,False,0.01,2.184,569906286.0,6.81,4.65,1563.7815,5.42,3881061808.0,,3881061808.0,,100.0,-10.816593013530067,6.91,-0.15,-29.61013855148227,98108891.0,-0.07,1550764800000.0,-0.36,-1203785.0,14256600.0,0.94,2.184,12898.0,2.5,,44.04,威派格,-19.147,,569906286.0,0,6.88,沪市主板
SH688155,130.09263450542025,0.0,1.9835,82,3.81,False,0.01,2.991,127359843.0,56.96,6.09,21.6577,-4.1,7254416657.0,1790697600000.0,7254416657.0,2.098,1.0,18.16313935937475,-4.77,-0.12,22.62379115871309,283736032.0,2.09,1597075200000.0,3.22,-5399527.0,5010956.0,1.82,2.97,12885.0,3.93,,111.53,先惠技术,17.706,,127359843.0,0,54.87,科创板
SH688348,0.6679258926006293,0.0,5.625,82,-1.21,False,0.01,1.441,156277435.0,30.1,3.51,,-40.27,4703950794.0,1790697600000.0,4703950794.0,,1.0,-9.948599524011245,-79.77,-0.33,-27.239898759585568,41422451.0,-0.37,1654617600000.0,-2.21,-4988954.0,1353791.0,1.41,1.441,12885.0,0.87,,77.98,昱能科技,-13.602,,156277435.0,0,30.47,科创板
SH605116,1.6044796840154252,0.0,4.7296,11,-1.15,False,0.01,3.033,406183234.0,19.84,2.89,19.4705,-19.46,8058675363.0,1790697600000.0,8058675363.0,1.704,100.0,14.614986496476263,109.97,0.1,10.656627062649338,50115963.0,-0.23,1600617600000.0,0.92,-3776642.0,2509200.0,1.33,3.033,12875.0,0.62,,43.97,奥锐特,21.602,,406183234.0,0,20.07,沪市主板
SH688639,-36.26955782837206,0.0,1.5615,82,-1.83,False,0.01,1.734,250115693.0,18.76,6.38,45.0217,-42.09,4692170401.0,1790697600000.0,4692170401.0,0.853,1.0,4.436975824373775,16.02,0.37,17.406888136558287,216298634.0,-0.35,1619020800000.0,0.47,-11501779.32,11297776.0,1.93,1.734,12850.0,4.52,,52.2,华恒生物,39.637,,250115693.0,0,19.11,科创板
SH603090,0.5176263112803614,0.0,4.1298,11,-5.29,False,0.01,5.497,100000000.0,34.9,6.7,38.1223,-36.77,3490000000.0,1790697600000.0,3490000000.0,0.86,100.0,10.89003862349081,272.54,0.2,10.430679585953717,116771104.0,-1.95,1472572800000.0,0.67,-1904924.0,3288900.0,0.94,5.497,12850.0,3.29,,44.04,宏盛股份,52.126,,100000000.0,0,36.85,沪市主板
SH603577,33.46059064108991,,0.8517,11,-0.72,False,0.01,1.652,339139100.0,9.63,3.92,19.8256,-7.93,3265909533.0,,3265909533.0,0.633,100.0,4.039485550708805,35.29,0.31,-5.497299307501724,30535633.0,-0.07,1482336000000.0,0.23,-2318589.0,3151400.0,1.18,1.652,12795.0,0.93,,43.96,汇金通,41.501,,339139100.0,0,9.7,沪市主板
SH688097,33.95567041548215,0.0,2.2347,82,-3.88,False,0.01,3.488,447225638.0,39.6,6.99,,5.25,17710135265.0,1790697600000.0,17710135265.0,0.374,1.0,14.273589899294095,92.64,0.25,32.748429810326506,203742518.0,-1.6,1620748800000.0,1.54,-15094970.0,5083169.0,1.17,3.483,12765.0,1.14,,85.27,博众精工,25.746,,447225638.0,0,41.2,科创板
SH603385,,,0.7962,11,-2.62,False,0.01,0.612,380664968.0,5.58,4.01,15.0582,-18.42,2124110521.0,,2124110521.0,,100.0,-7.972767952643254,-56.1,-1.41,-13.00154915024464,18975600.0,-0.15,1491321600000.0,-0.76,-1302378.0,3335200.0,0.97,0.612,12723.0,0.88,,44.01,惠达卫浴,-7.375,,380664968.0,0,5.73,沪市主板
SH688218,-12.973203176309877,,8.6287,82,0.0,False,0.01,5.417,116475338.0,41.0,9.2,54.1841,79.67,4775488858.0,,4775488858.0,,1.0,-4.63414550010288,7.28,2.47,-10.246455226478247,292382796.0,0.0,1575993600000.0,-0.35,-19786399.799999997,7122729.0,2.2,5.417,12715.0,6.12,,84.74,江苏北人,-115.651,,116475338.0,0,41.0,科创板
SH603329,179.45841805657085,,0.8888,11,-0.2,False,0.01,1.669,206383053.0,10.23,2.73,4.5437,-6.52,2111298632.0,,2558023520.0,0.45,100.0,9.969861053873547,15.16,0.0,4.151519965755157,34431880.0,-0.02,1514476800000.0,0.53,1236435.0,3348532.0,1.53,1.669,12713.0,1.62,,44.02,上海雅仕,19.422,,250051175.0,0,10.25,沪市主板
SH603261,15.993475123340396,,9.0296,11,0.59,False,0.01,7.533,77505022.0,47.61,5.03,,97.14,3690014097.0,,3690014097.0,,100.0,-31.99370126811707,103.48,0.15,47.36724681440787,81767436.0,0.28,1647273600000.0,-2.4,5763812.0,1700200.0,0.79,7.533,12692.0,2.19,,44.01,立航科技,-19.799,,77505022.0,0,47.33,沪市主板
SH603681,64.99221167869096,,0.6237,11,0.55,False,0.01,1.26,237741830.0,18.41,3.82,5.761,-2.52,4376827090.0,,4376827090.0,0.521,100.0,6.136890732586413,65.14,0.16,10.509291835591794,110193620.0,0.1,1553529600000.0,0.78,-554932.0,5947764.0,0.64,1.26,12641.0,2.5,,44.0,永冠新材,23.601,,237741830.0,0,18.31,沪市主板
SH603948,-34.8229724444439,,1.6133,11,-2.67,False,0.01,1.656,162489167.0,20.79,10.67,17.7178,-20.83,3378149782.0,,3378149782.0,4.81,100.0,7.689376911411508,58.3,0.92,-7.041316253976504,204060790.0,-0.57,1583078400000.0,0.97,831235.0,9570651.0,6.43,1.656,12613.0,5.89,,44.0,建业股份,21.524,,162489167.0,0,21.36,沪市主板
SH601022,5.592373604601408,0.0,1.8569,11,2.55,False,0.01,1.922,1308633334.0,8.46,3.52,9.3986,-6.28,11071038006.0,1790697600000.0,12301153341.0,1.513,100.0,9.998453381516114,-8.61,0.0,17.15437917181093,86815569.0,0.21,1670428800000.0,0.43,8240444.0,10252966.0,1.76,1.645,12610.0,0.78,,44.04,宁波远洋,19.871,,1454037038.0,0,8.25,沪市主板
SH605183,-8.279905759810834,0.0,2.9316,11,0.18,False,0.01,1.841,412429445.0,16.43,2.8,14.1138,-14.98,6776215781.0,1790697600000.0,6821479774.0,2.727,100.0,11.035204169561808,9.41,0.24,10.354121016995176,26584112.0,0.03,1607270400000.0,0.96,3145032.0,1621900.0,0.9,1.841,12610.0,0.39,,44.02,确成股份,17.152,,415184405.0,0,16.4,沪市主板
SH603055,11.747042742254376,0.0,1.2615,11,3.05,False,0.01,1.533,888479904.0,9.45,3.27,4.3557,2.26,8396135093.0,1790697600000.0,8413276448.0,1.905,100.0,11.05953812279789,14.27,0.0,10.87900752083748,63851103.0,0.28,1505923200000.0,0.66,4190367.0,6808166.0,0.68,1.533,12602.0,0.77,,43.97,台华新材,14.268,,890293804.0,0,9.17,沪市主板
SH603706,2.7939034803716734,,2.6244,11,2.15,False,0.01,1.962,189382714.0,17.56,2.33,10.3862,-5.57,3325560458.0,,3325560458.0,5.125,100.0,12.884988948073792,27.79,0.0,0.18360803060177844,33341991.0,0.37,1531065600000.0,1.14,4924874.0,1907600.0,2.39,1.962,12577.0,1.01,,44.0,东方环宇,15.458,,189382714.0,0,17.19,沪市主板
SH605100,-33.06175168828149,0.0,10.0299,11,7.17,False,0.01,5.085,237904800.0,38.4,9.96,,19.55,9135544320.0,1790697600000.0,9178444800.0,0.13,100.0,1.5758156144812832,109.25,-0.03,-8.028531561103424,346608228.0,2.57,1597075200000.0,0.12,31100967.400000006,9068708.0,1.89,5.085,12560.0,3.81,,44.0,华丰股份,321.435,,239022000.0,0,35.83,沪市主板
SH688591,35.68723906297792,0.0,6.7088,82,-4.2,False,0.01,2.799,196348829.0,29.22,7.93,66.5357,-30.81,5737312783.0,1790697600000.0,7058498005.0,0.9,1.0,5.048846946291703,-10.93,0.21,19.65932000287236,132962941.0,-1.28,1692892800000.0,0.52,-4272117.0,4434062.0,0.73,2.799,12545.0,2.26,,30.9,泰凌微,56.494,,241563929.0,0,30.5,科创板
SH605336,-3.56048909655996,,13.0964,11,-1.69,False,0.01,1.186,183412450.0,11.65,4.05,,-25.98,2136755043.0,,2136755043.0,,100.0,-3.79532403401667,-38.14,0.26,-49.49066525789363,10945253.0,-0.2,1603036800000.0,-0.38,-339015.0,929700.0,1.02,1.186,12521.0,0.51,,44.01,*ST帅电,-30.673,,183412450.0,0,11.85,沪市主板
SH600423,,,14.5949,11,0.0,False,0.01,3.942,798695026.0,2.67,2.25,1037.4372,-28.23,2132515719.0,,2132515719.0,,100.0,-2.7314847311850174,12.5,0.38,4.7792978661930885,5476584.0,0.0,1058371200000.0,-0.02,-990604.0,2045400.0,0.85,3.942,12518.0,0.26,,27.44,*ST柳化,-142.436,,798695026.0,0,2.67,沪市主板
SH600768,154.05053474929838,,1.1986,11,0.0,False,0.01,4.097,133747200.0,14.75,2.78,,5.76,1972771200.0,,1972771200.0,0.339,100.0,24.914561410625975,341.33,0.07,42.616785859736964,27705501.0,0.0,847641600000.0,0.8,-2436049.0,1877100.0,0.86,4.097,12482.0,1.4,,114.23,富邦新材,18.365,,133747200.0,0,14.75,沪市主板
SH603937,-7.45617212423475,,1.2485,11,5.79,False,0.01,1.766,208891991.0,13.16,10.85,23.5982,9.76,2749018602.0,,2749018602.0,,100.0,1.4893646931830817,4.73,0.38,20.952458591000543,263740771.0,0.72,1509552000000.0,0.11,14618875.0,20223602.0,1.2,1.766,12446.0,9.68,,44.0,丽岛新材,117.15,,208891991.0,0,12.44,沪市主板
SH688707,,0.0,4.1433,82,3.15,False,0.01,1.484,508740205.0,11.12,6.31,35.2393,-19.71,5657191080.0,1790697600000.0,5657191080.0,,1.0,-9.713398892846262,-80.17,0.09,-42.57528017622199,204182497.0,0.34,1631548800000.0,-0.77,-4075698.4499999993,18280719.0,2.71,1.484,12427.0,3.59,,299.74,振华新材,-14.535,,508740205.0,0,10.78,科创板
SH605286,-46.316769467751605,0.0,2.136,11,1.41,False,0.01,1.96,168000000.0,25.2,2.54,,-37.85,4233600000.0,1790697600000.0,4233600000.0,0.238,100.0,4.83840771589618,20.91,0.28,-9.003295428791503,51765412.0,0.35,1616342400000.0,0.61,949889.0,2068200.0,1.06,1.96,12397.0,1.23,,44.03,同力天启,41.333,,168000000.0,0,24.85,沪市主板
SH603615,,0.0,2.1095,11,-1.25,False,0.01,3.841,241820000.0,18.23,7.2,,-21.94,4408378600.0,1790697600000.0,4408378600.0,0.11,100.0,1.6357024832892653,110.02,0.5,83.41552544144044,79491946.0,-0.23,1486915200000.0,0.08,-4459041.0,4276700.0,1.35,3.841,12372.0,1.77,,43.97,茶花股份,236.14,,241820000.0,0,18.46,沪市主板
SH605258,20.365403030549523,,3.5335,11,-2.85,False,0.01,2.828,88000000.0,38.48,6.56,26.2647,24.75,3386240000.0,,3386240000.0,1.299,100.0,5.556790330128942,32.14,-0.03,8.404572565403058,280097812.0,-1.13,1606924800000.0,0.75,3957027.0,7147180.0,0.72,2.828,12348.0,8.12,,44.01,协和电子,51.304,,88000000.0,0,39.61,沪市主板
SH603213,-74.53710750627613,0.0,2.4825,11,-1.23,False,0.01,3.373,444893635.0,13.7,1.8,22.8045,6.26,6095042800.0,1790697600000.0,6095042800.0,1.81,100.0,1.49066097956025,120.36,0.0,2.710233652941163,22469640.0,-0.17,1636560000000.0,0.06,-762828.0,1634000.0,1.01,3.373,12345.0,0.37,,44.07,镇洋发展,219.701,,444893635.0,0,13.87,沪市主板
SH688716,,,9.6645,82,-3.64,False,0.01,2.609,69927170.0,24.59,5.96,,-41.58,1719509110.0,,2992111200.0,0.813,1.0,-0.6985421328527051,-25.28,-0.04,2.0449178863963136,29673540.0,-0.93,1695139200000.0,-0.07,-3690550.0,1187414.0,0.94,2.609,12281.0,1.7,,7.15,中研股份,-368.319,,121680000.0,0,25.52,科创板
SH688196,-35.416369354410485,0.0,1.5372,82,20.0,False,0.01,1.479,127190795.0,36.12,19.97,,-37.86,4594131515.0,1790697600000.0,4594131515.0,1.384,1.0,1.7859642525804102,-13.21,0.0,3.5632725464774806,217545128.0,6.02,1574265600000.0,0.42,-16549889.0,6399443.0,3.46,1.478,12276.0,5.03,,18.5,卓越新能,86.238,,127190795.0,1,30.1,科创板
SH605580,16.602292391283193,0.0,4.9139,11,-3.12,False,0.01,5.464,280000000.0,20.2,4.65,17.1612,-9.46,5656000000.0,1790697600000.0,5656000000.0,1.485,100.0,18.441054793291812,226.51,0.2,18.348704138844706,137786831.0,-0.65,1629302400000.0,0.65,7776233.0,6738900.0,0.67,5.464,12251.0,2.41,,44.03,恒盛能源,31.084,,280000000.0,0,20.85,沪市主板
SH605167,-3.9835453405177024,0.0,3.6671,11,-2.23,False,0.01,2.752,509907594.0,15.33,6.63,92.3793,-6.38,7816883416.0,1790697600000.0,7816883416.0,0.294,100.0,8.013059758920306,172.9,-0.07,-18.890710779654295,77718140.0,-0.35,1627228800000.0,0.37,-7915355.0,4981530.0,1.03,2.752,12243.0,0.98,,44.01,利柏特,41.007,,509907594.0,0,15.68,沪市主板
SH688375,-25.82917130098441,0.0,18.734,82,8.09,False,0.01,6.535,596014900.0,69.2,11.51,42.6491,-25.35,41244231080.0,1790697600000.0,41244231080.0,0.616,1.0,6.487788450684945,13.4,0.1,-17.885843512340028,538746038.0,5.18,1658419200000.0,0.68,50002320.0,7887993.0,3.19,6.534,12221.0,1.32,,35.43,国博电子,102.013,,596014900.0,0,64.02,科创板
SH688548,24.85052478576195,0.0,14.5607,82,-5.05,False,0.01,6.227,1319398521.0,29.17,6.61,51.7772,100.92,38486854858.0,1790697600000.0,38486854858.0,0.473,1.0,7.030279856479363,76.51,0.0,16.475908135097583,637435411.0,-1.55,1692028800000.0,0.32,-5606494.0,21487538.0,1.07,6.227,12174.0,1.63,,33.23,广钢气体,90.764,,1319398521.0,0,30.72,科创板
SH605178,-20.175737788358617,0.0,19.103,11,-0.84,False,0.01,5.844,99080000.0,62.87,6.45,,21.39,6229159600.0,1790697600000.0,6229159600.0,,100.0,-17.70945225850866,14.46,0.06,13.427823682713381,246310299.0,-0.53,1597939200000.0,-2.09,13236958.0,3905600.0,0.89,5.844,12132.0,3.94,,44.01,时空科技,-30.135,,99080000.0,0,63.4,沪市主板
SH603081,-14.897403706093137,0.0,1.5424,11,0.85,False,0.01,1.238,422499149.0,9.44,2.78,9.3718,-32.27,3988391967.0,1790697600000.0,3988391967.0,0.636,100.0,2.0405594656555865,-31.24,0.32,13.907775428755563,31417175.0,0.08,1492617600000.0,0.16,624950.0,3309310.0,1.59,1.238,12072.0,0.78,,43.95,大丰实业,60.504,,422499149.0,0,9.36,沪市主板
SH603676,-5.244548077434175,0.0,3.4733,11,-0.44,False,0.01,2.556,435161500.0,9.05,2.97,16.1521,-12.06,3938211575.0,1790697600000.0,3938211575.0,3.591,100.0,12.735185612099187,33.23,0.0,-5.053330002028755,20106751.0,-0.04,1500566400000.0,0.44,-2535691.0,2204400.0,1.75,2.556,12072.0,0.51,,43.94,卫信康,20.406,,435161500.0,0,9.09,沪市主板
SH603238,4.737581399653434,,0.7342,11,-0.7,False,0.01,1.549,177509000.0,12.77,2.8,5.7208,-25.87,2266789930.0,,2266789930.0,2.349,100.0,7.291502691700284,9.48,0.08,20.27890171741418,33386041.0,-0.09,1487692800000.0,0.59,677437.0,2606200.0,0.83,1.549,12056.0,1.47,,44.03,诺邦股份,21.616,,177509000.0,0,12.86,沪市主板
SH603633,57.260701399570316,,1.6569,11,-1.45,False,0.01,1.525,426810818.0,6.13,4.82,143.0436,-39.49,2616350314.0,,2616350314.0,,100.0,-13.13108241672635,113.91,0.33,14.546927427159595,43172271.0,-0.09,1479312000000.0,-0.57,-2523911.0,6982043.0,0.89,1.525,12043.0,1.64,,44.0,徕木股份,-10.811,,426810818.0,0,6.22,沪市主板
SH603970,-12.50043943541752,,0.2774,11,-1.35,False,0.01,1.963,268800134.0,11.68,6.93,2.4479,-6.44,3139585565.0,,3139585565.0,2.74,100.0,9.838457713770886,55.21,-0.68,2.8219155381444594,95621017.0,-0.16,1510761600000.0,0.57,-14316948.0,8065100.0,0.61,1.963,12029.0,3.0,,44.03,中农立华,20.324,,268800134.0,0,11.84,沪市主板
SH688192,-27.281825915037818,0.0,27.9918,82,0.5,False,0.01,23.999,461214092.0,58.3,6.4,,1.22,26888781564.0,1790697600000.0,27119168589.0,,1.0,-43.35703074091962,29.56,0.14,134.6579171214719,474425508.0,0.29,1639065600000.0,-1.28,21715020.060000002,8117035.0,1.53,23.999,11994.0,1.76,,-21.83,迪哲医药-U,-45.421,,465165842.0,0,58.01,科创板
SH688655,104.6189234640872,,9.8791,82,-5.69,False,0.01,13.436,133390000.0,67.81,13.07,,295.86,9045175900.0,,9045175900.0,,1.0,-0.7893716135071261,153.16,0.7,38.121527471176364,829750872.0,-4.09,1620662400000.0,-0.04,38758883.00999999,11911798.0,0.9,13.436,11959.0,8.93,,197.23,迅捷兴,-1690.893,,133390000.0,0,71.9,科创板
SH688692,23.512264439110297,0.0,13.3034,82,-3.84,False,0.01,5.134,74164708.0,175.7,4.56,37.5176,-32.27,13030739196.0,1790697600000.0,19896268000.0,0.968,1.0,14.566067810407981,-14.35,0.02,30.849761262245433,160713500.0,-7.02,1718121600000.0,4.71,-4990233.0,899535.0,1.09,5.134,11943.0,1.21,,176.91,达梦数据,37.331,,113240000.0,0,182.72,科创板
SH603162,147.40194939198997,0.0,3.0367,11,3.53,False,0.01,3.81,1357893748.0,13.5,7.06,11.3094,67.0,18331565598.0,1790697600000.0,18563961848.0,0.496,100.0,19.94793576352915,16.35,0.15,71.25310966854452,569207800.0,0.46,1680019200000.0,0.66,-8942813.0,41579507.0,1.32,3.81,11937.0,3.06,,-11.81,海通发展,20.59,,1375108285.0,0,13.04,沪市主板
SH688059,48.725181452712384,0.0,10.1812,82,-2.22,False,0.01,5.163,131009992.0,80.2,4.74,79.1411,44.32,10507001358.0,1790697600000.0,11226514295.0,1.035,1.0,19.079079359256763,147.59,0.1,14.66508984596182,196958352.0,-1.82,1612713600000.0,2.42,-5631403.0,2421819.0,0.91,5.163,11932.0,1.85,,132.41,华锐精密,33.113,,139981475.0,0,82.02,科创板
SH603101,-11.3371132078803,,1.3588,11,-1.76,False,0.01,2.328,470400000.0,7.26,2.3,5.7551,-23.92,3415104000.0,,3415104000.0,1.364,100.0,7.520534193855148,22.57,0.14,1.030550540000097,38567880.0,-0.13,1462464000000.0,0.23,-929315.0,5289097.0,1.16,2.328,11911.0,1.12,,44.04,汇嘉时代,31.62,,470400000.0,0,7.39,沪市主板
SH603459,126.12807555914003,,13.9407,11,-4.07,False,0.01,12.609,81865539.0,75.11,6.53,82.558,324.35,6148920634.0,,56614431995.0,,100.0,25.81699160097864,44.44,0.08,24.39057731638048,618653496.0,-3.19,1775577600000.0,1.11,10671464.96,8093881.0,1.27,12.609,11879.0,9.89,,225.99,红板科技,67.476,,753753588.0,0,78.3,沪市主板
SH688733,-15.404758919098017,0.0,7.4627,82,4.09,False,0.01,2.749,199775190.0,28.73,10.98,,-0.63,5739541209.0,1790697600000.0,5739541209.0,0.345,1.0,0.3334607520002849,-57.96,0.49,27.05027449665065,288546763.0,1.13,1629129600000.0,0.04,35402237.0,9771944.0,2.1,2.749,11829.0,4.89,,302.84,壹石通,809.394,,199775190.0,0,27.6,科创板
SH603215,,,1.4399,11,-2.5,False,0.01,1.755,187228380.0,15.24,3.01,,-29.76,2853360511.0,,3270428989.0,1.509,100.0,-0.31628017972661154,12.35,0.0,11.977114658475351,34221632.0,-0.39,1645113600000.0,-0.02,-2429327.0,2225600.0,0.51,1.755,11826.0,1.19,,44.0,比依股份,-679.748,,214595078.0,0,15.63,沪市主板
SH605060,4.949735581520254,0.0,6.4567,11,1.35,False,0.01,3.472,238884000.0,37.53,9.53,25.4788,2.22,8965316520.0,1790697600000.0,9029042460.0,0.933,100.0,10.240991570875801,121.9,-0.24,8.856858843622462,292028798.0,0.5,1614528000000.0,1.07,24411292.0,7619850.0,2.84,3.472,11808.0,3.19,,44.0,联德股份,35.022,,240582000.0,0,37.03,沪市主板
SH603353,,0.0,2.5368,11,-3.16,False,0.01,3.835,170418000.0,37.13,5.97,116.2412,36.15,6327620340.0,1790697600000.0,6327620340.0,0.544,100.0,2.7890334373112005,57.02,0.08,-9.500069179384097,206703043.0,-1.21,1586188800000.0,0.27,9216069.0,5489500.0,0.67,3.868,11796.0,3.22,,44.01,和顺石油,137.901,,170418000.0,0,38.34,沪市主板
SH603700,-28.40324302560261,,1.2363,11,-1.52,False,0.01,1.454,199961934.0,11.63,3.13,,-12.19,2325557292.0,,2325557292.0,2.554,100.0,4.202814496534389,-8.36,-0.34,5.205947793403598,49539377.0,-0.18,1548086400000.0,0.34,-1857855.0,4253999.0,0.72,1.454,11796.0,2.13,,44.02,宁水集团,34.507,,199961934.0,0,11.81,沪市主板
SH605028,-59.78340914600204,,11.3141,11,-1.35,False,0.01,2.928,160000000.0,23.43,2.95,18.198,-18.05,3748800000.0,,3748800000.0,3.841,100.0,8.778018141194785,66.71,0.26,-1.9910301950542664,29128171.0,-0.32,1626019200000.0,0.71,-3550200.0,1240200.0,0.71,2.928,11776.0,0.78,,44.01,世茂能源,32.971,,160000000.0,0,23.75,沪市主板
SH688089,,,4.4134,82,-1.07,False,0.01,0.905,166360003.0,8.33,2.14,9.6333,-64.22,1385778825.0,,1385778825.0,,1.0,-4.104921512404088,-72.36,0.0,-38.00744379350959,5299164.0,-0.09,1576684800000.0,-0.39,417278.0,630550.0,0.63,0.916,11773.0,0.38,,93.18,ST嘉必优,-21.384,,166360003.0,0,8.42,科创板
SH603995,12.610482018776992,0.0,0.2028,11,-1.44,False,0.01,1.546,363609543.0,25.25,4.84,6.4881,43.43,9181140961.0,1790697600000.0,9181140961.0,3.168,100.0,10.136815845308336,63.53,0.12,6.5326184970646795,115840975.0,-0.37,1577116800000.0,1.66,-5262917.0,4566800.0,1.48,1.546,11756.0,1.26,,44.01,甬金股份,15.216,,363609543.0,0,25.62,沪市主板
SH603239,3.457247793061402,0.0,2.3861,11,-1.24,False,0.01,2.769,270720000.0,13.58,3.42,29.6777,-32.78,3676377600.0,1790697600000.0,3676377600.0,2.209,100.0,15.414964775883064,65.56,-0.15,13.643261184486422,24726217.0,-0.17,1483027200000.0,0.72,-2949779.0,1801892.0,0.83,2.769,11714.0,0.67,,44.0,浙江仙通,18.801,,270720000.0,0,13.75,沪市主板
SH688798,55.59563604138602,0.0,4.2202,82,-4.59,False,0.01,2.812,135743603.0,51.31,6.17,38.0895,-32.17,6965004270.0,1790697600000.0,11961848939.0,0.838,1.0,6.158135964387673,-71.05,0.02,3.5933270828518937,180517066.0,-2.47,1629043200000.0,1.1,-11858312.0,3458024.0,1.44,2.85,11705.0,2.55,,240.56,艾为电子,46.843,,233128999.0,0,53.78,科创板
SH605567,,,0.7044,11,0.62,False,0.01,1.743,199000000.0,9.73,2.17,12.5915,-10.5,1936270000.0,,1936270000.0,1.038,100.0,4.186472430947214,-28.45,0.0,1.0574767538640284,36904326.0,0.06,1634054400000.0,0.23,4665921.0,3795600.0,1.03,1.751,11695.0,1.91,,43.98,春雪食品,42.368,,199000000.0,0,9.67,沪市主板
SH601019,-22.20547944347112,0.0,1.3171,11,-0.58,False,0.01,0.913,2086900000.0,6.8,1.9,16.0213,-18.53,14190920000.0,1790697600000.0,14190920000.0,4.265,100.0,7.4893695801744204,-18.17,0.15,-5.4435139022775525,77082786.0,-0.04,1511280000000.0,0.55,255911.0,11282792.0,0.97,0.913,11678.0,0.54,,44.0,山东出版,12.423,,2086900000.0,0,6.84,沪市主板
SH688323,76.10440924784324,,10.6997,82,-2.09,False,0.01,3.8,200398287.0,22.98,8.9,116.4801,2.09,4605152635.0,,4605152635.0,,1.0,-9.202196921354865,4.18,-0.17,20.230839840887715,247187698.0,-0.49,1619539200000.0,-0.49,18631628.71,10466140.0,1.11,3.793,11646.0,5.22,,354.27,瑞华泰,-47.126,,200398287.0,0,23.47,科创板
SH605599,15.142899846010183,0.0,0.3011,11,-1.03,False,0.01,2.356,777777800.0,13.4,2.07,9.6158,-13.76,10422222520.0,1790697600000.0,10422222520.0,5.821,100.0,26.605560253934353,38.03,-0.07,33.93831575211388,53648923.0,-0.14,1631116800000.0,1.43,-2800294.0,3999666.0,0.85,2.356,11622.0,0.51,,44.0,菜百股份,9.38,,777777800.0,0,13.54,沪市主板
SH688680,-8.327303874670777,,3.2627,82,-1.86,False,0.01,2.249,97570958.0,38.09,3.66,34.6969,-0.42,3716477790.0,,3716477790.0,,1.0,-25.960918549317135,-82.69,-0.16,-38.73065234354084,57895244.0,-0.72,1611244800000.0,-4.18,-564632.0,1497927.0,0.7,2.249,11575.0,1.54,,211.7,海优新材,-9.122,,97570958.0,0,38.81,科创板
SH603053,-6.018525751641068,0.0,1.5025,11,0.91,False,0.01,1.612,888890000.0,8.83,1.71,27.8515,-4.81,7848898700.0,1790697600000.0,7848898700.0,3.398,100.0,9.537581817073573,-14.14,0.11,-0.4023062001389244,18477234.0,0.08,1576512000000.0,0.51,477569.0,2095700.0,1.62,1.612,11561.0,0.24,,44.02,成都燃气,17.225,,888890000.0,0,8.75,沪市主板
SH688531,33.56661111746506,0.0,14.8246,82,-4.2,False,0.01,5.762,165593939.0,119.33,8.83,111.8119,81.32,19760324741.0,1790697600000.0,19760324741.0,0.499,1.0,6.533192577410611,6.87,0.21,41.80598746154476,519947455.0,-5.23,1680192000000.0,1.34,11063822.0,4236921.0,1.22,5.761,11491.0,2.56,,27.44,日联科技,89.304,,165593939.0,0,124.56,科创板
SH603903,,,3.5866,11,-4.6,False,0.01,2.339,192186502.0,13.07,6.93,10.7982,-10.17,2511877581.0,,3337025604.0,,100.0,-6.859862384537213,95.78,0.15,-20.972153670235848,116673627.0,-0.63,1489420800000.0,-0.4,-2709994.0,8681980.0,0.57,2.339,11422.0,4.52,,44.03,中持股份,-32.955,,255319480.0,0,13.7,沪市主板
SH603656,54.70814017629109,,4.6487,11,-0.06,False,0.01,2.366,182945358.0,17.18,1.57,17.8741,-25.21,3143001250.0,,3143001250.0,0.285,100.0,2.5697336425170954,35.63,0.23,14.490602803527853,25142603.0,-0.01,1490025600000.0,0.18,-2728200.0,1461073.0,0.99,2.366,11416.0,0.8,,44.0,泰禾智能,93.118,,182945358.0,0,17.19,沪市主板
SH603879,16.358276503772395,,5.1315,11,2.04,False,0.01,7.575,359344440.0,5.01,3.26,,-29.24,1800315644.0,,1800315644.0,,100.0,-24.084577564124494,34.05,0.2,3.6833213227391415,43119543.0,0.1,1497369600000.0,-0.17,1170497.0,8622930.0,1.18,7.575,11412.0,2.4,,44.0,永悦科技,-30.105,,359344440.0,0,4.91,沪市主板
SH600927,13.733755341355792,0.0,8.5061,11,-1.32,False,0.01,1.305,1450444656.0,11.94,2.89,4.6497,-24.99,17318309193.0,1790697600000.0,17318309193.0,1.173,100.0,5.89809875736639,-41.58,0.17,-53.176803245613335,56120684.0,-0.16,1640188800000.0,0.53,-4022020.0,4674115.0,1.26,1.31,11408.0,0.32,,44.02,永安期货,22.476,,1450444656.0,0,12.1,沪市主板
SH688326,,,1.0029,82,-2.87,False,0.01,1.77,111623521.0,54.88,4.32,,-53.11,6125898832.0,,6581885722.0,0.512,1.0,-5.095904380990637,-46.04,-0.02,9.709088475842309,62548529.0,-1.62,1650297600000.0,-1.62,-4212894.0,1122007.0,1.59,1.77,11330.0,1.01,,-17.35,经纬恒润-W,-33.79,,119932320.0,0,56.5,科创板
SH605389,10.750360283816951,0.0,9.5801,11,-2.43,False,0.01,5.226,186997210.0,59.4,5.83,107.2027,-0.11,11107634274.0,1790697600000.0,11107634274.0,1.173,100.0,6.265728163851027,152.78,-0.18,16.384618082148883,61948655.0,-1.48,1616342400000.0,0.71,-201514.0,1022090.0,1.47,5.234,11328.0,0.55,,44.01,长龄液压,83.873,,186997210.0,0,60.88,沪市主板
SH603380,18.896140586348544,0.0,2.0978,11,-3.83,False,0.01,3.149,160441200.0,31.16,6.23,13.0925,-16.58,4999347792.0,1790697600000.0,4999347792.0,1.922,100.0,14.611935317905514,131.65,0.13,8.85188687671481,77507338.0,-1.24,1498060800000.0,1.39,-4155909.0,2459500.0,1.01,3.149,11320.0,1.53,,44.01,易德龙,22.405,,160441200.0,0,32.4,沪市主板
SH688328,,,9.5191,82,4.75,False,0.01,8.113,95056295.0,74.91,14.43,35.5358,157.26,7120667058.0,,7120667058.0,0.212,1.0,7.619647939573222,68.46,0.31,13.384142480620387,675872274.0,3.4,1615219200000.0,0.69,24126209.0,8692096.0,2.06,8.062,11292.0,9.14,,216.56,深科达,109.109,,95056295.0,0,71.51,科创板
SH688631,-20.094629075649085,0.0,5.072,82,-0.75,False,0.01,3.145,163470000.0,35.61,4.24,,-47.51,5821166700.0,1790697600000.0,5821166700.0,0.477,1.0,2.6297271350348415,3.3,-0.28,-18.04257998568819,42330653.0,-0.27,1687881600000.0,0.3,-971637.0,1176758.0,0.96,3.145,11240.0,0.72,,32.36,莱斯信息,120.276,,163470000.0,0,35.88,科创板
SH603070,,0.0,2.5919,11,1.24,False,0.01,2.153,401000000.0,11.44,2.57,17.6481,-11.28,4587440000.0,1790697600000.0,4587440000.0,0.699,100.0,1.2223823969100496,4.88,-0.17,-10.398478437130908,24194856.0,0.14,1646841600000.0,0.07,453862.0,2129100.0,1.56,2.153,11235.0,0.53,,43.95,万控智造,175.824,,401000000.0,0,11.3,沪市主板
SH688229,7.289448949623201,,22.3461,82,-2.07,False,0.01,7.44,44400000.0,57.24,4.84,,-8.68,2541456000.0,,2541456000.0,,1.0,-28.895336640011138,-48.76,0.14,-5.05759036459793,28144308.0,-1.21,1597593600000.0,-2.39,0.0,484105.0,1.11,7.44,11222.0,1.09,,84.0,博睿数据,-23.917,,44400000.0,0,58.45,科创板
SH603221,,,5.3799,11,-3.23,False,0.01,3.804,242270000.0,24.29,5.62,3301.1203,85.62,5884738300.0,,5884738300.0,0.124,100.0,-3.1324524919452195,65.23,0.45,-3.5500031321223036,212278960.0,-0.81,1584892800000.0,-0.2,-5126595.0,8657466.0,0.6,3.804,11145.0,3.57,,44.03,爱丽家居,-119.084,,242270000.0,0,25.1,沪市主板
SH603488,,,3.955,11,-1.17,False,0.01,2.92,291990440.0,7.61,5.06,,-2.44,2222047248.0,,2222047248.0,,100.0,-19.304519606751185,15.63,1.06,9.791003745313631,43503363.0,-0.09,1494864000000.0,-0.56,569520.0,5708400.0,1.24,2.92,11124.0,1.95,,43.94,展鹏科技,-13.49,,291990440.0,0,7.7,沪市主板
SH688033,,,8.2539,82,0.42,False,0.01,3.259,562198596.0,7.24,2.22,46.2051,-5.97,4070317835.0,,4070317835.0,,1.0,-92.94633006113791,-78.97,0.42,-43.717050671125925,14302146.0,0.03,1563724800000.0,-3.89,-929935.0,1986400.0,0.59,3.259,11124.0,0.35,,96.76,*ST天宜,-1.86,,562198596.0,0,7.21,科创板
SH688260,11.226663424173001,,16.6556,82,-0.63,False,0.01,83.007,120000000.0,96.51,7.46,229.2889,235.1,11581200000.0,,11581200000.0,,1.0,-118.02745173143016,203.28,0.12,18.140687617439323,524020542.0,-0.61,1617638400000.0,-1.51,-11237052.0,5280025.0,1.09,83.005,11107.0,4.4,,196.26,昀冢科技,-63.847,,120000000.0,0,97.12,科创板
SH603161,,,1.4606,11,-0.49,False,0.01,2.171,192212333.0,14.31,2.29,11.4506,5.41,2750558485.0,,3207748961.0,1.013,100.0,2.591193937701695,-8.47,0.07,-6.322308523704767,28277823.0,-0.07,1515081600000.0,0.17,5870646.0,1966924.0,0.84,1.783,11104.0,1.02,,44.0,科华控股,84.18,,224161353.0,0,14.38,沪市主板
SH603132,36.68452906985047,0.0,8.6616,11,-2.56,False,0.01,5.152,978000000.0,17.86,4.36,15.1762,25.43,17467080000.0,1790697600000.0,17467080000.0,3.135,100.0,21.00117203061968,61.81,0.06,22.55579916761461,87202316.0,-0.47,1645459200000.0,0.71,-127089.0,4845181.0,0.84,5.152,11080.0,0.5,,43.98,金徽股份,25.025,,978000000.0,0,18.33,沪市主板
SH688150,35.262527912172104,0.0,26.2166,82,-5.5,False,0.01,6.87,402437585.0,36.94,7.96,62.6863,37.02,14866044390.0,1790697600000.0,14866044390.0,0.322,1.0,10.125613065301964,114.51,0.63,24.504831546902906,218124871.0,-2.15,1647532800000.0,0.5,6110548.0,5792983.0,0.87,6.87,11071.0,1.44,,-13.83,莱特光电,73.333,,402437585.0,0,39.09,科创板
SH688475,10.863057377037366,0.0,3.4552,82,-1.55,False,0.01,3.57,787500000.0,26.68,2.69,28.7479,-10.19,21010500000.0,1790697600000.0,21010500000.0,1.499,1.0,11.811342346863936,35.06,0.0,9.038759517630513,96574599.0,-0.42,1672156800000.0,0.86,-5294374.0,3590254.0,1.09,3.57,10988.0,0.46,,-12.23,萤石网络,31.184,,787500000.0,0,27.1,科创板
SH603717,,,2.6308,11,0.0,False,0.01,5.155,290146240.0,6.02,3.65,10.7036,-23.21,1746680365.0,,1746680365.0,,100.0,-39.63615146834884,-51.5,0.5,-2.7258313994862005,42522084.0,0.0,1490544000000.0,-0.59,-3834573.0,7067500.0,0.98,5.155,10982.0,2.44,,44.02,天域生物,-10.149,,290146240.0,0,6.02,沪市主板
SH688010,,0.0,6.4431,82,-5.63,False,0.01,2.394,160561578.0,25.63,9.61,,-17.64,4115193244.0,1790697600000.0,4115193244.0,,1.0,1.6695830148892286,-31.74,0.04,0.23752862398604968,128682728.0,-1.53,1563724800000.0,0.18,-6401048.0,4879322.0,0.96,2.394,10974.0,3.04,,92.98,福光股份,144.567,,160561578.0,0,27.16,科创板
SH688077,,,1.6185,82,-0.66,False,0.01,2.778,114478504.0,26.9,4.62,122.4754,-11.31,3079471758.0,,3079471758.0,0.788,1.0,6.394279640656957,-24.77,-0.3,15.939924337270138,63022128.0,-0.18,1595347200000.0,0.61,2917110.0,2315438.0,0.61,2.778,10954.0,2.02,,117.35,大地熊,44.307,,114478504.0,0,27.08,科创板
SH605169,2.535456614221987,,1.2853,11,2.35,False,0.01,1.858,282880000.0,13.52,2.95,14.6353,4.65,3824537600.0,,3824537600.0,1.45,100.0,7.405286989467603,3.79,0.22,14.249866308232818,61205392.0,0.31,1603987200000.0,0.52,4215005.0,4557749.0,1.55,1.858,10947.0,1.61,,35.46,洪通燃气,25.901,,282880000.0,0,13.21,沪市主板
SH605228,51.753578041009774,0.0,2.8568,11,0.09,False,0.01,2.359,477135319.0,11.25,2.67,10.0847,-23.72,5367772339.0,1790697600000.0,5396122339.0,1.627,100.0,8.310805855806466,65.45,0.09,4.973357690602231,50298537.0,0.01,1611072000000.0,0.34,-2848445.0,4456300.0,1.1,2.357,10920.0,0.93,,43.97,神通科技,33.468,,479655319.0,0,11.24,沪市主板
SH603878,,,1.3458,11,-0.41,False,0.01,1.082,561149986.0,4.88,3.88,20.6731,-46.85,2738411932.0,,2738411932.0,1.025,100.0,-1.7407093153263127,4.73,0.41,-21.364205178882145,37731750.0,-0.02,1482076800000.0,-0.08,-745497.0,7677739.0,0.93,1.082,10874.0,1.37,,43.98,武进不锈,-60.826,,561149986.0,0,4.9,沪市主板
SH688615,13.775598764407594,0.0,7.7772,82,-4.75,False,0.01,5.233,137298342.0,79.26,5.07,22.3977,-50.79,10882266587.0,1790697600000.0,15534960000.0,1.488,1.0,16.44613479280253,58.13,0.09,23.091193262354317,293837272.0,-3.95,1727280000000.0,2.37,-15933611.0,3644148.0,0.91,5.232,10839.0,2.65,,105.91,合合信息,33.375,,196000000.0,0,83.21,科创板
SH688186,-49.903703970441484,0.0,0.8456,82,0.35,False,0.01,0.864,280489356.0,14.16,3.83,,-37.57,3971729281.0,1790697600000.0,3971729281.0,,1.0,0.7978301585690885,-63.93,0.07,5.891202161487219,53174785.0,0.05,1581350400000.0,0.12,4180350.0999999996,3717749.0,1.01,0.864,10833.0,1.33,,210.2,广大特材,119.858,,280489356.0,0,14.11,科创板
SH688389,-28.496678121687136,0.0,4.2928,82,-0.09,False,0.01,2.345,428485730.0,11.37,4.04,17.8052,-10.3,4871882750.0,1790697600000.0,4871882750.0,2.48,1.0,6.868469941037825,-43.28,1.52,2.5762660412380844,27176410.0,-0.01,1572883200000.0,0.33,-1869769.5,2409332.0,1.12,2.345,10823.0,0.56,,115.71,普门科技,34.329,,428485730.0,0,11.38,科创板
SH603112,8.917223059581936,0.0,2.0632,11,0.6,False,0.01,1.99,534606541.0,16.65,4.89,72.9899,-3.24,8901198908.0,1790697600000.0,8990357327.0,2.396,100.0,12.029391204295417,101.21,0.36,12.185671836544154,125704697.0,0.1,1600272000000.0,0.98,-3100834.0,7478700.0,1.0,1.99,10809.0,1.4,,43.99,华翔股份,16.99,,539961401.0,0,16.55,沪市主板
SH603895,,,5.1054,11,-1.63,False,0.01,13.192,108080000.0,25.35,4.35,,-13.07,2739828000.0,,2739828000.0,,100.0,8.520422390316723,62.73,-0.08,-3.156022893635091,24105966.0,-0.42,1516550400000.0,0.16,1802712.0,940700.0,0.9,13.191,10808.0,0.87,,44.03,天永智能,161.419,,108080000.0,0,25.77,沪市主板
SH601528,4.736878527889532,0.0,2.3157,11,0.19,False,0.01,0.495,1855770886.0,5.15,1.56,1.0264,-4.03,9557220063.0,1790697600000.0,10105131184.0,6.019,100.0,9.984144241006526,-18.08,0.0,4.346737990668803,70057826.0,0.01,1624550400000.0,1.01,2131401.0,13567819.0,0.94,0.495,10798.0,0.73,,43.97,瑞丰银行,5.119,,1962161395.0,0,5.14,沪市主板
SH688085,-20.60040840524,0.0,8.4028,82,-2.04,False,0.01,2.223,350615573.0,12.99,3.62,56.6602,-20.59,4554496293.0,1790697600000.0,4764845637.0,0.131,1.0,2.5852865926264896,-47.0,-0.31,8.957079534560464,32105039.0,-0.27,1586361600000.0,0.15,512726.0,2450015.0,0.98,2.223,10771.0,0.7,,71.76,三友医疗,87.829,,366808748.0,0,13.26,科创板
SH601568,-46.48241579961861,0.0,1.6227,11,0.56,False,0.01,1.262,3972222224.0,3.57,2.25,12.4017,-2.69,14180833340.0,1790697600000.0,14180833340.0,1.401,100.0,0.37972632056504474,-58.9,0.0,-7.968107731883944,62674625.0,0.02,1603123200000.0,0.01,2907320.0,17544021.0,1.12,1.262,10757.0,0.44,,38.74,北元化工,330.21,,3972222224.0,0,3.55,沪市主板
SH688538,-13.395504995140472,0.0,5.2468,82,-0.48,False,0.01,3.97,5752235725.0,2.06,2.9,28.1828,-22.56,11849605594.0,1790697600000.0,28447441508.0,,1.0,-24.81202409510104,-57.96,0.0,20.665594402585995,122299777.0,-0.01,1622131200000.0,-0.15,-19259284.0,58962290.0,1.35,3.971,10717.0,1.03,,58.49,和辉光电-U,-14.017,,13809437625.0,0,2.07,科创板
SH603332,106.09440210606098,,1.4129,11,1.5,False,0.01,2.019,216347184.0,12.19,2.5,9.6531,-9.94,2637272173.0,,2637272173.0,2.289,100.0,7.657168218631967,-9.29,0.25,10.403679246790642,48490739.0,0.18,1547654400000.0,0.45,-312344.0,3986030.0,1.48,2.019,10688.0,1.84,,43.98,苏州龙杰,26.912,,216347184.0,0,12.01,沪市主板
SH600539,-30.734231788562983,,6.7063,11,-1.34,False,0.01,10.176,230000000.0,13.3,4.53,,30.65,3059000000.0,,3059000000.0,,100.0,-6.980657027095047,32.1,0.0,0.929022046843242,82016868.0,-0.18,998582400000.0,-0.09,-4251636.0,6115300.0,0.39,10.176,10667.0,2.66,,78.8,狮头股份,-140.681,,230000000.0,0,13.48,沪市主板
SH688601,,0.0,8.8703,82,-3.39,False,0.01,5.953,133692700.0,55.51,7.83,,30.56,7421281777.0,1790697600000.0,7421281777.0,0.178,1.0,1.324045638601016,-24.54,-0.07,1.1443360770504674,197114955.0,-1.95,1624809600000.0,0.12,4378744.0,3456187.0,1.16,5.953,10637.0,2.59,,327.63,力芯微,452.758,,133692700.0,0,57.46,科创板
SH688456,25.22733039251581,0.0,1.4143,82,-3.86,False,0.01,5.217,103660000.0,64.59,7.2,,-16.74,6695399400.0,1790697600000.0,6695399400.0,0.367,1.0,7.122010713237198,81.02,0.28,28.692659707675183,265762263.0,-2.59,1615910400000.0,0.86,4761337.0,4027422.0,0.81,5.217,10597.0,3.89,,290.49,有研粉材,74.79,,103660000.0,0,67.18,科创板
SH688550,21.441492046170964,0.0,3.6678,82,-1.18,False,0.01,1.872,176068116.0,35.3,4.03,16.8076,-20.53,6215204495.0,1790697600000.0,6215204495.0,2.858,1.0,8.462223313143634,-32.17,0.37,12.369989294745043,94080587.0,-0.42,1598976000000.0,1.55,-795381.0,2635855.0,1.16,1.872,10561.0,1.5,,11.84,瑞联新材,22.829,,176068116.0,0,35.72,科创板
SH601113,-23.861129677155567,0.0,0.9938,11,-0.29,False,0.01,0.988,1104152226.0,3.49,2.57,25.0058,-25.43,3853491269.0,1790697600000.0,4725991269.0,,100.0,2.7246942268001706,-44.82,0.29,-18.130543703645575,31146227.0,-0.01,1304870400000.0,0.09,-2653919.0,8890300.0,0.73,0.987,10545.0,0.81,,-4.14,华鼎股份,39.763,,1354152226.0,0,3.5,沪市主板
SH605369,-19.96296826720414,0.0,3.34,11,-2.58,False,0.01,2.293,219803029.0,17.73,4.67,13.2393,-4.07,3897107704.0,1790697600000.0,3897107704.0,0.846,100.0,3.290170924528526,40.22,0.17,7.137229721353511,31866666.0,-0.47,1600185600000.0,0.25,904786.0,1784227.0,0.99,2.3,10518.0,0.81,,44.01,拱东医疗,69.778,,219803029.0,0,18.2,沪市主板
SH605186,-10.163346472258272,,8.8823,11,-1.58,False,0.01,2.974,136000000.0,24.27,4.38,121.8643,23.51,3300720000.0,,3300720000.0,,100.0,3.0053422309376194,20.62,0.08,9.369769987781073,39437472.0,-0.39,1608566400000.0,0.24,3559118.0,1603500.0,0.95,2.974,10514.0,1.18,,44.01,健麾信息,100.451,,136000000.0,0,24.66,沪市主板
SH601091,26.746486624086163,,7.3124,11,4.54,False,0.01,13.359,211163182.0,24.2,9.81,127.8552,451.25,5110149004.0,,75262062654.0,,100.0,13.912252585041465,86.15,-0.04,8.518737573252565,1993050419.0,1.05,1789574400000.0,0.24,115968262.0,81970328.0,0.92,10.916,10499.0,38.82,,373.8,沈鼓集团,102.684,,3110002589.0,0,23.15,沪市主板
SH605098,23.964978642160673,0.0,7.1955,11,2.25,False,0.01,6.173,119251100.0,54.02,3.41,11.3219,34.53,6441944422.0,1790697600000.0,6441944422.0,4.058,100.0,35.24270436754059,205.86,0.2,14.513528094555127,62395818.0,1.19,1618934400000.0,3.02,10800444.0,1163765.0,1.98,6.173,10478.0,0.98,,44.02,行动教育,17.883,,119251100.0,0,52.83,沪市主板
SH603358,,0.0,4.3754,11,0.2,False,0.01,6.116,461770643.0,44.49,3.38,,-11.08,20544175907.0,1790697600000.0,20898869451.0,0.922,100.0,-0.8090178145806808,288.63,-0.02,-4.919014240891162,249315678.0,0.09,1485273600000.0,-0.06,7587712.0,5542532.0,0.95,6.116,10472.0,1.2,,44.0,华达科技,-732.271,,469743076.0,0,44.4,沪市主板
SH688275,,0.0,0.453,82,2.41,False,0.01,1.572,124061188.0,69.98,7.29,,-7.19,8681801936.0,1790697600000.0,8825770041.0,,1.0,7.495586728075251,-57.54,-0.16,38.28373858579208,357457053.0,1.65,1664380800000.0,3.25,14337544.0,5067973.0,1.44,1.572,10470.0,4.09,,-27.59,万润新能,21.549,,126118463.0,0,68.33,科创板
SH688788,32.40057228387234,0.0,26.2636,82,-0.87,False,0.01,3.623,218904171.0,27.37,7.9,,-43.28,5991407160.0,1790697600000.0,5991407160.0,,1.0,-19.276942306870108,-63.48,0.22,-8.702639233106835,82099334.0,-0.24,1603296000000.0,-1.64,12335652.0,2920717.0,1.21,3.623,10426.0,1.33,,107.01,科思科技,-16.708,,218904171.0,0,27.61,科创板
SH605066,-38.19699342291103,,1.2194,11,0.15,False,0.01,1.995,502433125.0,6.72,2.53,28.6043,-6.78,3376350600.0,,3376350600.0,1.488,100.0,2.5629223463209976,-18.36,0.15,-1.7960712555786573,26868728.0,0.01,1596729600000.0,0.09,-3485654.0,4001700.0,1.08,1.995,10413.0,0.8,,44.01,天正电气,76.259,,502433125.0,0,6.71,沪市主板
SH688172,45.347583678109935,0.0,26.7574,82,-4.9,False,0.01,3.181,1198754111.0,40.35,9.99,426.8054,39.43,48369728379.0,1790697600000.0,57604390214.0,,1.0,-5.900018873338676,82.0,0.05,8.575870964619758,467324431.0,-2.08,1671120000000.0,-0.68,7416163.0,11452942.0,1.46,3.181,10408.0,0.96,,4.69,燕东微,-59.387,,1427618097.0,0,42.43,科创板
SH603511,-15.44272954686483,0.0,1.7023,11,-0.92,False,0.01,1.198,401887312.0,12.88,2.62,9.487,-14.46,5176308579.0,1790697600000.0,5227661139.0,4.798,100.0,4.009883208424289,-37.99,0.0,-3.8206922854582492,20013289.0,-0.12,1622390400000.0,0.43,-1490124.0,1550900.0,0.86,1.205,10356.0,0.39,,44.02,爱慕股份,29.887,,405874312.0,0,13.0,沪市主板
SH603551,-8.126661882203612,,1.9137,11,0.96,False,0.01,2.848,381227343.0,9.49,1.49,11.2718,-13.57,3617847485.0,,3650647839.0,8.409,100.0,20.9255651780223,-22.48,0.0,-0.774523884595868,18419718.0,0.09,1579017600000.0,0.71,-997171.0,1940800.0,1.16,2.848,10355.0,0.51,,43.98,奥普科技,13.441,,384683650.0,0,9.4,沪市主板
SH688159,,0.0,1.8907,82,-0.86,False,0.01,3.254,92810720.0,34.67,5.29,64.17,-28.28,3217747662.0,1790697600000.0,3217747662.0,,1.0,4.0013672642158005,-35.74,-0.2,14.36692900730523,115725031.0,-0.3,1579708800000.0,0.41,-2410616.0,3275541.0,0.82,3.252,10354.0,3.53,,178.18,有方科技,83.851,,92810720.0,0,34.97,科创板
SH603096,-23.176941995047073,,3.9188,11,-2.17,False,0.01,1.341,154234624.0,15.75,3.66,26.6191,-6.0,2429195328.0,,2429195328.0,3.81,100.0,4.070295974558727,-6.1,0.06,-13.043760156017969,38582876.0,-0.35,1493049600000.0,0.48,637320.0,2452040.0,1.27,1.341,10342.0,1.59,,43.99,新经典,32.699,,154234624.0,0,16.1,沪市主板
SH688070,,,4.4706,82,-5.23,False,0.01,4.998,88420500.0,33.52,7.8,,-39.49,2963855160.0,,2963855160.0,,1.0,3.707917333718696,-44.33,-0.15,39.248996599083874,49571113.0,-1.85,1612886400000.0,0.25,-4222528.0,1438974.0,0.73,4.998,10298.0,1.63,,137.52,纵横股份,136.29,,88420500.0,0,35.37,科创板
SH603637,-19.22045269920858,,6.791,11,-2.52,False,0.01,3.095,238685877.0,13.52,6.27,37.5418,25.03,3227033057.0,,3227033057.0,0.74,100.0,5.967185343375042,84.19,-0.07,-5.256232534504457,63626732.0,-0.35,1486483200000.0,0.26,1536782.0,4646200.0,0.86,3.095,10290.0,1.95,,44.01,镇海股份,52.802,,238685877.0,0,13.87,沪市主板
SH688809,224.41222753263358,,48.2569,82,-3.81,False,0.01,14.627,25911906.0,470.0,5.73,128.9299,83.31,12178595820.0,,60892871000.0,0.213,1.0,17.6712692400609,77.24,-0.04,68.21987427384171,460309738.0,-18.64,1767024000000.0,3.7,3703121.0,962184.0,0.96,14.627,10261.0,3.71,,165.61,强一股份,127.006,,129559300.0,0,488.64,科创板
SH603839,,,1.0925,11,-0.29,False,0.01,1.525,387016200.0,6.8,2.79,34.7926,-16.77,2631710160.0,,2631710160.0,,100.0,-7.6062580410633265,-45.93,0.15,4.4937721182767065,30425110.0,-0.02,1487001600000.0,-0.35,-4071759.0,4451560.0,1.19,1.525,10258.0,1.15,,43.98,安正时尚,-19.374,,387016200.0,0,6.82,沪市主板
SH900932,5.165034933924728,,0.7123,11,1.23,False,0.001,0.549,1100736000.0,0.413,3.92,1.2585,5.52,454603968.0,,2079518469.0,4.358,100.0,6.023258480277351,468.87,0.0,26.537899553640653,2000669.0,0.005,785433600000.0,0.04,157248.0,4829399.0,2.44,0.546,10223.0,0.44,,23.31,陆家B股,9.179,,5035153679.0,0,0.408,B股
SH688663,-21.03744640702976,0.0,5.8858,82,-2.42,False,0.01,7.811,197247984.0,55.6,6.58,55.6735,100.59,10966987910.0,1790697600000.0,10966987910.0,0.281,1.0,6.336255858462028,265.52,0.56,-0.5406439843591793,175019894.0,-1.38,1618243200000.0,0.44,-21968054.0,3086703.0,1.51,7.811,10218.0,1.56,,53.66,新风光,126.543,,197247984.0,0,56.98,科创板
SH688717,,0.0,1.2002,82,-1.0,False,0.01,1.505,99047808.0,40.73,3.16,18.8578,-33.88,4034217220.0,1790697600000.0,6516800000.0,,1.0,-1.2623610901555822,-57.11,0.25,16.796331293084332,197858304.0,-0.41,1704211200000.0,-0.35,-2557265.0,4832155.0,0.95,1.505,10189.0,4.88,,57.98,艾罗能源,-116.381,,160000000.0,0,41.14,科创板
SH688276,,0.0,11.4755,82,-3.45,False,0.01,1.889,413657598.0,17.33,5.74,26.5265,-8.11,7168686173.0,1790697600000.0,7168686173.0,,1.0,-6.130616257139556,-85.32,-0.06,-29.230308135118754,70078814.0,-0.62,1624550400000.0,-0.58,4083124.0,3986253.0,0.88,1.889,10179.0,0.96,,226.0,百克生物,-29.732,,413657598.0,0,17.95,科创板
SH688022,,,2.6784,82,6.51,False,0.01,2.514,170458980.0,9.81,11.07,10.5077,-35.88,1672202594.0,,1672202594.0,,1.0,2.1926313207976733,-79.4,-0.41,-28.198072811166153,72064338.0,0.6,1563724800000.0,0.09,2298515.0,7301789.0,3.36,2.594,10176.0,4.28,,94.61,ST瀚川,113.74,,170458980.0,0,9.21,科创板
SH688560,24.90356563567808,,3.4648,82,0.63,False,0.01,1.011,201301918.0,12.86,2.27,,-10.01,2588742665.0,,2588742665.0,,1.0,-4.050323927985063,-67.96,-0.08,-17.940676662262934,35325089.0,0.08,1608739200000.0,-0.53,1102978.0,2741276.0,1.08,1.011,10165.0,1.36,,109.7,明冠新材,-24.379,,201301918.0,0,12.78,科创板
SH603967,10.064989760799325,,0.4531,11,4.66,False,0.01,1.875,346666710.0,12.58,7.74,13.4165,-4.06,4361067212.0,,4361067212.0,5.167,100.0,12.689256322942699,-0.09,-0.08,12.174221906308613,102789913.0,0.56,1556467200000.0,0.85,13660238.0,8148170.0,3.53,1.875,10111.0,2.35,,43.99,中创物流,14.88,,346666710.0,0,12.02,沪市主板
SH603709,-22.568062303104508,,1.0896,11,0.55,False,0.01,4.077,162642051.0,12.75,3.39,26.9141,2.23,2073686150.0,,2081247002.0,0.871,100.0,-2.9729343351125848,-5.02,1.51,27.20652079992587,33923301.0,0.07,1518019200000.0,-0.09,1967080.0,2682340.0,0.71,4.077,10104.0,1.65,,44.01,中源家居,-135.467,,163235059.0,0,12.68,沪市主板
SH688523,-65.64022384293766,0.0,37.6766,82,0.88,False,0.01,9.125,406880000.0,37.75,4.84,120.1229,-32.54,15359720000.0,1790697600000.0,15359720000.0,,1.0,1.0071248853203973,22.68,0.08,-8.784527976777012,113766450.0,0.33,1685635200000.0,0.04,9114094.0,2978480.0,1.25,9.125,10092.0,0.73,,55.49,航天环宇,910.604,,406880000.0,0,37.42,科创板
SH605001,,,1.2584,11,0.69,False,0.01,0.867,392886000.0,5.82,3.63,,-22.51,2286596520.0,,2286596520.0,1.718,100.0,0.0608708425446378,-56.96,0.0,16.264441281274287,23903930.0,0.04,1590076800000.0,0.0,-1969354.0,4089600.0,1.18,0.867,10077.0,1.04,,43.99,威奥股份,1406.41,,392886000.0,0,5.78,沪市主板
SH603535,-56.10171496533829,0.0,3.2074,11,2.61,False,0.01,1.294,510918331.0,6.28,3.92,12.6342,-41.18,3208567119.0,1790697600000.0,3208567119.0,0.318,100.0,-0.7335704141408023,-4.21,0.32,-8.491356884936485,31042332.0,0.16,1502121600000.0,-0.04,26152.0,4963387.0,1.99,1.294,10072.0,0.97,,43.97,嘉诚国际,-164.851,,510918331.0,0,6.12,沪市主板
SH601512,-12.522965202607118,0.0,5.6755,11,-0.83,False,0.01,0.811,1498890000.0,8.39,3.66,10.8241,-4.23,12575687100.0,1790697600000.0,12575687100.0,2.527,100.0,6.4280127576566235,-12.32,-0.12,-22.70514507787561,37614847.0,-0.07,1576771200000.0,0.65,-690923.0,4445041.0,1.42,0.811,10071.0,0.3,,43.95,中新集团,12.896,,1498890000.0,0,8.46,沪市主板
SH603655,30.263835005759464,,11.6427,11,-3.04,False,0.01,5.667,106000000.0,29.95,6.18,55.1444,-27.57,3174700000.0,,3174700000.0,1.159,100.0,8.069401051236618,305.73,0.47,11.8843449811457,29895994.0,-0.94,1514476800000.0,0.42,-148654.0,991600.0,0.63,5.667,9990.0,0.94,,43.96,朗博科技,70.802,,106000000.0,0,30.89,沪市主板
SH601096,40.43713751853508,0.0,1.1311,11,1.76,False,0.01,2.258,1642976541.0,4.04,2.27,65.8449,-1.64,6637625226.0,1790697600000.0,10807626556.0,1.114,100.0,7.626218978186385,-25.97,0.25,0.8584069130863181,66384830.0,0.07,1703174400000.0,0.13,4692929.0,16470773.0,1.05,2.258,9986.0,1.0,,340.59,宏盛华源,30.324,,2675155088.0,0,3.97,沪市主板
SH603219,-45.13000795921318,0.0,2.3635,11,3.97,False,0.01,4.594,561400000.0,13.1,4.6,20.5533,-21.97,7354340000.0,1790697600000.0,7354340000.0,0.382,100.0,3.9620066382370123,73.2,0.15,3.800684838345969,99032359.0,0.5,1637510400000.0,0.11,12051045.0,7678984.0,2.67,4.594,9980.0,1.37,,44.04,富佳股份,118.507,,561400000.0,0,12.6,沪市主板
SH688281,2.537050061403545,0.0,12.5868,82,-0.56,False,0.01,3.801,381598945.0,48.2,4.87,34.2439,-8.15,18393069149.0,1790697600000.0,18393069149.0,0.512,1.0,7.055226788555428,12.08,0.1,24.434444738425242,113670670.0,-0.27,1646582400000.0,0.87,-3267711.0,2314806.0,0.98,3.801,9976.0,0.61,,37.2,华秦科技,55.269,,381598945.0,0,48.47,科创板
SH688199,11.256141602987135,,2.4977,82,1.24,False,0.01,1.57,161227251.0,25.41,3.07,107.0246,8.0,4096784448.0,,4096784448.0,0.236,1.0,3.10509951698535,-46.88,0.04,13.526959267656302,148568831.0,0.31,1572883200000.0,0.5,5521333.0,5885817.0,1.43,1.57,9976.0,3.65,,6.42,久日新材,51.151,,161227251.0,0,25.1,科创板
SH603281,-18.52690841036325,0.0,4.6943,11,0.72,False,0.01,1.893,518636833.0,18.15,4.16,34.2794,-6.88,9413258519.0,1790697600000.0,9413258519.0,3.857,100.0,7.662563290448698,-5.65,0.0,-1.9446909456078743,58419894.0,0.13,1675094400000.0,0.74,3198070.0,3174681.0,0.8,1.893,9969.0,0.61,,44.0,江瀚新材,24.389,,518636833.0,0,18.02,沪市主板
SH688484,,0.0,3.9526,82,-4.15,False,0.01,3.278,429610678.0,30.7,6.68,,-24.06,13189047815.0,1790697600000.0,13189047815.0,0.808,1.0,1.771776673002633,-41.54,-0.07,24.42551487774356,284608150.0,-1.33,1680796800000.0,0.17,-16504407.0,9235652.0,2.19,3.263,9945.0,2.15,,48.41,南芯科技,185.585,,429610678.0,0,32.03,科创板
SH601083,24.089634398480932,0.0,2.2913,11,2.92,False,0.01,1.822,194120000.0,13.02,3.64,6.4811,23.3,2527442400.0,1790697600000.0,16849442400.0,6.49,100.0,15.973597863732511,-10.86,0.23,13.613061031691664,170817807.0,0.37,1701705600000.0,1.13,11631051.0,13055295.0,2.57,1.822,9882.0,6.73,,58.58,锦江航运,11.563,,1294120000.0,0,12.65,沪市主板
SH688697,9.81490153021316,0.0,2.7464,82,-1.88,False,0.01,4.95,640266732.0,14.08,4.81,28.58,31.01,9014955587.0,1790697600000.0,9014955587.0,2.28,1.0,20.26903649105628,11.35,0.36,17.58866689942007,80872694.0,-0.27,1631808000000.0,0.55,162565.0,5696152.0,1.16,4.95,9882.0,0.89,,197.62,纽威数控,25.466,,640266732.0,0,14.35,科创板
SH605507,0.13903526134733113,0.0,2.2344,11,-3.26,False,0.01,1.63,782352900.0,17.5,7.68,15.0229,1.59,13691175750.0,1790697600000.0,13691175750.0,2.451,100.0,8.587606389990702,-28.82,-0.17,5.27875716019508,190475772.0,-0.59,1627833600000.0,0.9,763761.0,10593560.0,1.17,1.63,9870.0,1.35,,44.0,国邦医药,19.376,,782352900.0,0,18.09,沪市主板
SH601366,305.7810233792307,,0.5886,11,-1.37,False,0.01,0.818,959741113.0,3.6,2.74,2.55,-24.01,3455068007.0,,3455068007.0,2.778,100.0,-8.922753331544904,-59.74,-0.28,-12.660732305948741,28092524.0,-0.05,1491926400000.0,-0.39,-4814753.0,7751300.0,0.87,0.818,9845.0,0.81,,43.99,利群股份,-9.212,,959741113.0,0,3.65,沪市主板
SH688818,23.733153812369224,,19.9253,82,5.93,False,0.01,13.19,142021019.0,41.8,9.83,351.1977,341.96,5936478594.0,,72603418602.0,0.179,1.0,7.339551710258744,-48.01,0.05,7.198470324825412,498155481.0,2.34,1770652800000.0,0.19,41032514.0,11914437.0,2.67,13.189,9843.0,8.39,,596.3,电科蓝天,217.644,,1736923890.0,0,39.46,科创板
SH688259,-20.735594362308774,,9.996,82,-3.41,False,0.01,2.192,111700000.0,30.9,5.91,58.0448,-25.64,3451530000.0,,3451530000.0,0.803,1.0,3.781722147981312,-45.28,0.06,-20.740030848559854,43701061.0,-1.09,1641916800000.0,0.53,603125.0,1397239.0,0.91,2.192,9829.0,1.25,,32.36,创耀科技,58.658,,111700000.0,0,31.99,科创板
SH603059,11.112435311530477,,1.5427,11,-0.92,False,0.01,2.33,100448700.0,25.98,3.66,14.2364,-12.65,2609657226.0,,2614047846.0,1.732,100.0,11.047900945756643,-0.36,0.08,20.71503946956601,52415244.0,-0.24,1519920000000.0,1.19,-270738.0,1992300.0,1.43,2.33,9734.0,1.98,,44.0,倍加洁,21.896,,100617700.0,0,26.22,沪市主板
SH603661,-25.301559981413114,0.0,0.36,11,1.63,False,0.01,1.251,139067031.0,33.65,4.38,6.0805,6.21,4679605593.0,1790697600000.0,4679605593.0,1.07,100.0,2.7620481718316983,-21.13,0.21,21.123365670585702,80067950.0,0.54,1511193600000.0,0.75,771718.0,2388300.0,0.75,1.251,9710.0,1.72,,44.0,恒林股份,45.055,,139067031.0,0,33.11,沪市主板
SH603828,,,3.347,11,-3.72,False,0.01,7.663,595939625.0,5.96,5.98,,-28.88,3551800165.0,,3551922542.0,,100.0,-47.62434118258124,12.03,-1.0,-34.53951976487486,22036981.0,-0.23,1424880000000.0,-0.49,-3473021.0,3648800.0,1.45,7.664,9680.0,0.61,,44.01,*ST利达,-12.26,,595960158.0,0,6.19,沪市主板
SH605069,,,9.7332,11,7.0,False,0.01,4.259,211697778.0,12.69,11.89,94.5249,-13.67,2686444803.0,,2686444803.0,,100.0,-32.841583195964986,-7.9,-0.24,3.8912611902183203,288052522.0,0.83,1629043200000.0,-1.18,-10582490.099999994,22650483.0,1.42,4.259,9565.0,10.7,,44.02,正和生态,-10.711,,211697778.0,0,11.86,沪市主板
SH605086,-2.0138046650228447,0.0,15.6548,11,-0.47,False,0.01,2.588,179200000.0,23.1,2.76,39.9273,-48.87,4139520000.0,1790697600000.0,4139520000.0,1.134,100.0,8.05730873471521,125.41,0.0,-8.652374824185316,26608748.0,-0.11,1618502400000.0,0.65,1459147.0,1144300.0,1.12,2.588,9529.0,0.64,,44.01,龙高股份,35.804,,179200000.0,0,23.21,沪市主板
SH603177,,,2.2068,11,-1.91,False,0.01,7.353,204192000.0,10.8,4.27,13.8123,-2.96,2205273600.0,,2205273600.0,,100.0,-23.812574774037785,111.99,-0.09,4.587868302789455,26251123.0,-0.21,1486396800000.0,-0.4,-4075096.0,2405400.0,0.8,7.353,9524.0,1.18,,43.89,德创环保,-27.004,,204192000.0,0,11.01,沪市主板
SH601089,-12.605057946149357,0.0,2.1838,11,-1.15,False,0.01,2.096,480000000.0,16.29,3.09,19.5648,-30.29,7819200000.0,1790697600000.0,7819200000.0,2.996,100.0,10.60814631805546,3.88,0.0,3.1738526094425623,48222100.0,-0.19,1656518400000.0,0.81,2500980.0,2937700.0,1.07,2.096,9499.0,0.61,,43.98,福元医药,20.169,,480000000.0,0,16.48,沪市主板
SH688726,6.487437636570692,0.0,3.731,82,-2.63,False,0.01,4.09,219924474.0,43.35,6.58,6.9101,21.07,9533725948.0,1790697600000.0,17570890293.0,0.715,1.0,13.367662002501742,-56.0,-0.02,11.568772793774972,222299615.0,-1.17,1730131200000.0,1.34,-3439746.0,5007988.0,0.73,4.09,9491.0,2.28,,286.29,拉普拉斯,32.418,,405326189.0,0,44.52,科创板
SH688383,,0.0,13.9025,82,-5.23,False,0.01,9.457,101646500.0,119.22,8.59,,52.32,12118295730.0,1790697600000.0,12118295730.0,,1.0,-6.196583047462511,151.4,0.08,-1.6709635819020185,218226165.0,-6.58,1619539200000.0,-0.81,12724439.0,1787322.0,0.76,9.457,9488.0,1.76,,234.53,新益昌,-146.793,,101646500.0,0,125.8,科创板
SH603217,1.866155334691122,0.0,2.3187,11,-2.11,False,0.01,1.576,208087600.0,26.5,4.54,,4.84,5514321400.0,1790697600000.0,5514321400.0,1.132,100.0,6.82455232976455,2.07,-0.08,5.609992373415351,65847650.0,-0.57,1560960000000.0,1.12,2498607.0,2449140.0,1.05,1.576,9474.0,1.18,,44.0,元利科技,23.713,,208087600.0,0,27.07,沪市主板
SH605055,,,2.2089,11,-1.5,False,0.01,3.91,440000000.0,8.56,4.14,5.8754,-11.4,3766400000.0,,3766400000.0,0.678,100.0,-4.5133929133877135,51.94,-0.23,6.13369758748028,26689030.0,-0.13,1611849600000.0,-0.11,-2172983.0,3084900.0,0.9,3.91,9458.0,0.7,,43.98,迎丰股份,-80.967,,440000000.0,0,8.69,沪市主板
SH688153,57.867938357689795,0.0,4.5351,82,-4.1,False,0.01,2.415,418165234.0,24.33,6.58,60.5285,-35.18,10173960143.0,1790697600000.0,10469515485.0,0.312,1.0,-1.0247644960362794,-46.87,-0.04,-8.396233714547884,83281637.0,-1.04,1649692800000.0,-0.1,-6754500.0,3381660.0,1.18,2.415,9434.0,0.81,,-36.04,唯捷创芯,-246.616,,430313008.0,0,25.37,科创板
SH688378,56.72399460195305,0.0,15.2206,82,-2.26,False,0.01,5.487,261425164.0,44.08,6.9,68.2292,62.01,11523621229.0,1790697600000.0,11523621229.0,0.449,1.0,11.756497284380789,59.8,0.25,22.32992090947956,359746493.0,-1.02,1599062400000.0,0.85,6174058.0,7990937.0,0.8,5.487,9433.0,3.06,,51.25,奥来德,52.12,,261425164.0,0,45.1,科创板
SH603130,-0.6384837096162888,0.0,2.0387,11,0.43,False,0.01,3.83,137514200.0,39.8,3.46,7.6414,-29.4,5473065160.0,1790697600000.0,5473065160.0,0.578,100.0,7.832649138357999,75.01,-0.1,5.062174237759498,58209079.0,0.17,1668700800000.0,0.79,2324025.0,1460400.0,1.25,3.83,9422.0,1.06,,44.02,云中马,50.262,,137514200.0,0,39.63,沪市主板
SH688311,-25.442393035275856,0.0,7.6004,82,-1.76,False,0.01,2.332,175106991.0,23.41,5.33,,-48.66,4099254659.0,1790697600000.0,4099254659.0,,1.0,-1.9182605018810799,-77.99,-0.04,21.04091984610086,65312503.0,-0.42,1596124800000.0,-0.18,999972.0,2739595.0,0.84,2.332,9372.0,1.56,,228.91,盟升电子,-127.495,,175106991.0,0,23.83,科创板
SH688319,,0.0,15.9414,82,-4.2,False,0.01,13.93,405409300.0,29.87,6.96,220.8506,17.78,12109575791.0,1790697600000.0,12109575791.0,,1.0,-2.6530106124657196,-36.34,-0.27,18.80211913878844,169264777.0,-1.31,1623081600000.0,-0.06,-5585371.0,5599810.0,0.59,13.93,9346.0,1.38,,303.85,欧林生物,-508.607,,405409300.0,0,31.18,科创板
SH605068,-24.095059941176377,,2.1506,11,-0.59,False,0.01,2.168,162198667.0,20.2,5.51,11.0809,-20.84,3276413073.0,,3276413073.0,0.198,100.0,-0.2179806200831579,-24.36,0.25,20.43816982697557,50657995.0,-0.12,1606060800000.0,-0.02,980079.0,2506200.0,0.57,2.168,9333.0,1.55,,43.98,明新旭腾,-909.812,,162198667.0,0,20.32,沪市主板
SH688510,-1.7952832678594821,0.0,8.3453,82,-4.26,False,0.01,4.812,259922608.0,22.5,6.26,26.5747,-15.81,5848258680.0,1790697600000.0,5848258680.0,0.889,1.0,7.73208357425056,-33.48,0.09,9.033905979665802,93154245.0,-1.0,1608048000000.0,0.35,-4515777.0,4045725.0,0.76,4.812,9332.0,1.56,,355.08,航亚科技,63.553,,259922608.0,0,23.5,科创板
SH688118,,,5.8206,82,-2.75,False,0.01,2.301,94807113.0,19.44,4.35,328.7136,-22.82,1843050277.0,,1843050277.0,1.517,1.0,-1.027104778107703,-48.47,-0.1,-18.417258531176483,30342696.0,-0.55,1575388800000.0,-0.09,-349331.0,1543067.0,0.89,2.265,9298.0,1.63,,60.78,普元信息,-221.86,,94807113.0,0,19.99,科创板
SH603036,0.7411326289378684,,6.6357,11,-0.22,False,0.01,1.992,206006025.0,13.49,2.81,15.0996,-35.5,2779021277.0,,2779021277.0,2.224,100.0,7.3734015343609824,55.67,-0.07,1.7131140822856494,60144217.0,-0.03,1481212800000.0,0.49,1009050.0,4445298.0,1.33,1.992,9289.0,2.16,,44.01,如通股份,27.561,,206006025.0,0,13.52,沪市主板
SH603049,18.221249826645234,,0.815,11,-1.25,False,0.01,1.509,504980262.0,43.41,2.82,13.8914,-19.97,21921193173.0,,37961419809.0,3.294,100.0,17.742045294067264,-19.18,-0.02,11.057802316603338,135719017.0,-0.55,1749052800000.0,4.88,-3323232.0,3091167.0,2.18,1.509,9285.0,0.61,,6.84,中策橡胶,8.899,,874485598.0,0,43.96,沪市主板
SH688575,-44.01019204536454,0.0,3.1773,82,-0.19,False,0.01,2.182,571418300.0,10.51,4.08,9.5726,-25.82,6005606333.0,1790697600000.0,6005606333.0,0.2,1.0,2.479683049936624,-75.81,0.19,-1.0562551823810051,113317258.0,-0.02,1621180800000.0,0.12,-618473.6799999997,10783794.0,1.21,2.182,9263.0,1.89,,332.43,亚辉龙,89.366,,571418300.0,0,10.53,科创板
SH603277,-21.54639701389367,0.0,2.5658,11,-1.15,False,0.01,2.496,609746025.0,11.18,2.83,12.743,-31.49,6816960560.0,1790697600000.0,6838962129.0,4.928,100.0,11.106717965598962,22.59,0.09,-0.5779743297658735,15507087.0,-0.13,1505059200000.0,0.52,1527339.0,1377400.0,0.87,2.504,9240.0,0.23,,43.98,银都股份,21.658,,611713965.0,0,11.31,沪市主板
SH688182,40.76988317446033,0.0,9.887,82,-1.8,False,0.01,4.472,400000000.0,25.6,6.64,,-13.06,10240000000.0,1790697600000.0,10240000000.0,0.391,1.0,5.55012380427238,16.7,0.2,59.81665307292721,161411593.0,-0.47,1636992000000.0,0.31,-3357973.0,6185166.0,1.47,4.472,9217.0,1.55,,85.71,灿勤科技,82.131,,400000000.0,0,26.07,科创板
SH605080,6.369065324975964,,3.0029,11,-0.44,False,0.01,1.382,140351200.0,22.62,3.61,14.5911,-0.95,3174744144.0,,3187366556.0,0.628,100.0,7.412452179880055,-12.5,-0.04,9.47133797826445,29294142.0,-0.1,1620230400000.0,1.17,2081270.0,1298200.0,0.83,1.389,9217.0,0.92,,44.0,浙江自然,19.265,,140909220.0,0,22.72,沪市主板
SH688621,,0.0,7.1672,82,-4.63,False,0.01,6.312,112000000.0,67.71,9.42,,9.34,7583520000.0,1790697600000.0,7583520000.0,0.269,1.0,4.282203470486322,-26.15,0.01,-1.8130298973877856,209879448.0,-3.29,1624204800000.0,0.44,2079618.0,3082123.0,1.88,6.312,9178.0,2.75,,346.6,阳光诺和,152.787,,112000000.0,0,71.0,科创板
SH603289,-44.5391715882042,,2.7057,11,-3.17,False,0.01,2.148,293397874.0,10.69,7.07,,7.22,3136423273.0,,3136423273.0,1.403,100.0,2.993641654270397,43.84,-0.19,3.4517916147644323,125196893.0,-0.35,1509379200000.0,0.15,-934818.0,11757886.0,0.96,2.164,9174.0,4.01,,44.06,泰瑞机器,71.904,,293397874.0,0,11.04,沪市主板
SH688288,-46.08206506698605,,2.6812,82,0.1,False,0.01,2.638,99813704.0,19.5,5.24,,-26.93,1946367228.0,,1946367228.0,0.513,1.0,-2.08042007861673,-42.98,0.1,22.718126816171868,41437773.0,0.02,1572969600000.0,-0.16,3263413.0,2090815.0,1.2,2.638,9173.0,2.09,,25.09,鸿泉技术,-124.547,,99813704.0,0,19.48,科创板
SH605198,-7.462078008449136,0.0,14.4277,11,-1.78,False,0.01,7.706,270536000.0,63.6,5.41,87.4688,69.88,17206089600.0,1790697600000.0,20853676800.0,0.481,100.0,9.37287743724787,617.23,-0.25,13.089943644989122,224471566.0,-1.15,1600358400000.0,0.77,-4096462.0,3506366.0,0.53,7.854,9172.0,1.3,,43.95,安德利,82.587,,327888000.0,0,64.75,沪市主板
SH603499,151.7371305782786,0.0,4.9867,11,-1.19,False,0.01,5.532,423632146.0,12.45,4.37,21.9941,-14.38,5274220218.0,1790697600000.0,5274220218.0,0.458,100.0,13.315156949580656,348.12,0.0,15.911150371053996,32481378.0,-0.15,1508083200000.0,0.28,-311388.0,2579260.0,1.02,5.532,9134.0,0.61,,44.05,翔港科技,43.755,,423632146.0,0,12.6,沪市主板
SH688797,37.453505185801774,,36.1094,82,-5.22,False,0.01,12.151,29192698.0,228.98,6.62,109.4079,413.87,6684543988.0,,35558371978.0,,1.0,12.41984749751989,-48.89,0.08,31.255782299221746,415089258.0,-12.62,1782230400000.0,1.6,-157538.80000000075,1771419.0,0.86,12.151,9126.0,6.07,,1212.84,臻宝科技,143.461,,155290296.0,0,241.6,科创板
SH603817,19.516132552910715,,2.4248,11,1.05,False,0.01,0.988,570084039.0,5.76,2.63,61.5231,-18.13,3283684065.0,,3283684065.0,1.441,100.0,7.193158685128082,8.02,0.17,8.03161612445049,77500977.0,0.06,1487520000000.0,0.41,4122123.0,13432900.0,0.66,0.988,9119.0,2.36,,44.06,海峡环保,14.143,,570084039.0,0,5.7,沪市主板
SH688302,-24.869227999454946,0.0,50.1968,82,-5.31,False,0.01,3.103,99015598.0,31.57,7.89,,-35.79,3125922429.0,1790697600000.0,3125922429.0,,1.0,-12.272497360236018,-23.0,0.57,,54969096.0,-1.77,1649692800000.0,-1.33,-1531783.0,1714478.0,1.3,3.103,9113.0,1.73,,-29.87,海创药业-U,-23.75,,99015598.0,0,33.34,科创板
SH688720,26.856507178021992,0.0,10.9271,82,-5.37,False,0.01,6.858,78189364.0,58.7,10.11,89.4502,16.47,4589715667.0,1790697600000.0,7198849485.0,0.133,1.0,5.513551576920431,37.43,0.03,26.72577339044142,240533161.0,-3.33,1701792000000.0,0.46,8266123.879999999,3949619.0,1.15,6.874,9107.0,5.05,,118.34,艾森股份,127.885,,122637981.0,0,62.03,科创板
SH688636,14.155244486141605,0.0,4.6283,82,-2.77,False,0.01,2.294,173906404.0,18.92,5.5,,-55.73,3290309164.0,1790697600000.0,3290309164.0,0.529,1.0,9.175954201317449,-25.28,0.11,2.4899374320136225,98240606.0,-0.54,1617811200000.0,0.68,-1350866.0,5106282.0,1.08,2.294,9095.0,2.94,,212.99,智明达,27.989,,173906404.0,0,19.46,科创板
SH605008,43.04611094825215,0.0,2.3782,11,-2.63,False,0.01,4.492,645962414.0,13.35,5.18,,-6.45,8623598227.0,1790697600000.0,8623598227.0,,100.0,-3.469576458053504,52.43,-0.15,32.46423106865179,48514327.0,-0.36,1597939200000.0,-0.11,-429292.0,3564364.0,0.75,4.492,9076.0,0.55,,44.02,长鸿高科,-126.727,,645962414.0,0,13.71,沪市主板
SH603089,,,0.9372,11,0.21,False,0.01,1.423,275719231.0,9.48,3.17,28.9295,-24.45,2613818310.0,,2613818310.0,1.055,100.0,-2.7624904623351694,25.48,0.11,16.75959718140847,25215653.0,0.02,1485360000000.0,-0.17,215478.0,2652200.0,0.93,1.423,9040.0,0.96,,44.02,正裕工业,-57.023,,275719231.0,0,9.46,沪市主板
SH605128,34.77206856179718,0.0,3.0987,11,4.34,False,0.01,3.563,313986743.0,24.78,5.6,24.2743,0.78,7780591492.0,1790697600000.0,7780591492.0,0.755,100.0,9.602076144972441,204.9,0.08,20.564123467160744,179362279.0,1.03,1600099200000.0,0.64,29728971.0,7290036.0,1.78,3.563,9018.0,2.32,,44.02,上海沿浦,38.435,,313986743.0,0,23.75,沪市主板
SH603331,,,1.9005,11,0.4,False,0.01,2.198,202175636.0,12.43,3.47,16.0931,-12.77,2513043155.0,,2513043155.0,,100.0,-13.676627944167526,67.59,0.16,-4.550451761926988,40436557.0,0.05,1499184000000.0,-0.83,5186243.0,3293916.0,1.1,2.198,9002.0,1.63,,44.03,百达精工,-14.973,,202175636.0,0,12.38,沪市主板
SH688392,46.33015157452236,0.0,19.3949,82,-3.86,False,0.01,9.2,115733360.0,150.4,7.85,188.7884,34.37,17406297344.0,1790697600000.0,17406297344.0,0.389,1.0,8.904090096985538,87.1,0.21,26.772365175769153,488398501.0,-6.04,1664208000000.0,1.4,33293107.0,3195094.0,1.13,9.2,9001.0,2.76,,69.46,骄成超声,107.145,,115733360.0,0,156.44,科创板
SH688605,6.840202236393678,0.0,12.4718,82,-3.92,False,0.01,9.24,108351730.0,76.78,6.26,196.3383,19.65,8319245829.0,1790697600000.0,15538725344.0,0.13,1.0,8.512206100238856,-9.24,-0.12,30.979181535076638,207512470.0,-3.13,1733932800000.0,0.68,-3904106.0,2651757.0,0.78,9.24,9001.0,2.45,,533.84,先锋精科,112.812,,202379856.0,0,79.91,科创板
SH603500,31.118410351035752,,3.89,11,-2.19,False,0.01,3.071,332783246.0,9.83,3.38,26.8224,-16.65,3271259308.0,,3271259308.0,2.238,100.0,14.00495617741365,91.77,0.31,9.812845889691978,134079282.0,-0.22,1504454400000.0,0.43,-6572564.0,13537798.0,0.68,3.14,8973.0,4.07,,43.96,祥和实业,22.967,,332783246.0,0,10.05,沪市主板
SH688526,-17.74381277894198,0.0,6.8502,82,-0.41,False,0.01,1.421,466128056.0,12.29,2.76,13.97,-15.66,5728713808.0,1790697600000.0,5728713808.0,5.207,1.0,7.7807828125397975,-53.02,0.08,-11.86015848903349,15073069.0,-0.05,1600704000000.0,0.67,229499.0,1214830.0,1.61,1.421,8971.0,0.26,,170.15,科前生物,18.212,,466128056.0,0,12.34,科创板
SH600883,-35.958457119894305,,35.6255,11,-1.47,False,0.01,1.926,236088000.0,8.04,3.06,,0.23,1898147520.0,,1898147520.0,0.435,100.0,2.5295432912616582,380.11,-0.12,33.901990204483546,26536096.0,-0.12,818352000000.0,0.1,-2204144.0,3278500.0,0.94,1.926,8938.0,1.39,,-99.02,博闻科技,76.712,,236088000.0,0,8.16,沪市主板
SH688543,10.312850157841202,0.0,7.4502,82,-2.99,False,0.01,4.441,250610433.0,40.93,5.26,84.2032,-19.62,10257485023.0,1790697600000.0,10257485023.0,1.832,1.0,10.089574704630856,34.61,0.05,7.634134898481437,245440133.0,-1.26,1687276800000.0,0.91,7371009.0,5925918.0,1.2,4.441,8933.0,2.36,,16.05,国科军工,44.883,,250610433.0,0,42.19,科创板
SH688478,,0.0,74.0798,82,0.48,False,0.01,4.261,138366096.0,46.27,9.38,,23.68,6402199262.0,1790697600000.0,6402199262.0,,1.0,-2.9095283923597703,18.09,0.7,-45.04147817681922,372354489.0,0.22,1682265600000.0,-0.32,5298016.0,7775823.0,1.02,4.261,8932.0,5.62,,30.69,晶升股份,-144.799,,138366096.0,0,46.05,科创板
SH688100,-5.59835163769865,0.0,4.4568,82,-1.42,False,0.01,3.313,491685175.0,24.26,4.43,50.2447,-37.78,11928282346.0,1790697600000.0,11928282346.0,1.224,1.0,16.29221402352396,-15.14,0.25,1.428366513297319,79272556.0,-0.35,1579536000000.0,1.15,7041892.0,3294543.0,1.78,3.313,8910.0,0.67,,192.45,威胜信息,21.168,,491685175.0,0,24.61,科创板
SH603209,18.9254888031394,0.0,2.6425,11,2.16,False,0.01,1.433,321491597.0,15.12,3.11,8.1212,1.33,4860952947.0,1790697600000.0,4914000000.0,1.31,100.0,10.37611993315466,-13.81,0.0,19.40756905530452,97477308.0,0.32,1648051200000.0,1.07,7211242.0,6432120.0,1.5,1.433,8890.0,2.0,,44.01,兴通股份,14.144,,325000000.0,0,14.8,沪市主板
SH605319,19.589307564599913,0.0,2.5118,11,-0.59,False,0.01,2.689,348151964.0,22.09,7.11,13.7376,6.9,7690676885.0,1790697600000.0,7733664025.0,2.037,100.0,17.18016443732995,149.37,-0.27,11.72615315213157,131561895.0,-0.13,1622995200000.0,1.34,858748.0,5771241.0,1.71,2.689,8851.0,1.66,,44.03,无锡振华,16.487,,350097964.0,0,22.22,沪市主板
SH688279,28.884241059846836,0.0,22.7489,82,-4.84,False,0.01,4.172,93558080.0,189.67,10.81,145.3734,-6.45,17745161034.0,1790697600000.0,21833687554.0,0.411,1.0,7.663501972619347,218.38,0.17,41.17534185186553,523231383.0,-9.64,1650384000000.0,2.62,26678735.0,2648728.0,2.23,4.172,8818.0,2.83,,-19.27,峰岹科技,72.385,,115114080.0,0,199.31,科创板
SH603395,-42.1863344461257,0.0,1.8873,11,1.8,False,0.01,4.67,65000000.0,25.39,3.85,42.2521,-12.89,1650350000.0,1790697600000.0,6601400000.0,0.252,100.0,2.3867988606896895,-48.9,0.32,-3.009619403150321,202882605.0,0.45,1732550400000.0,0.13,-5901448.0,7977278.0,1.24,4.67,8810.0,12.27,,1917.42,红四方,196.889,,260000000.0,0,24.94,沪市主板
SH688030,-39.391410667396975,,3.7042,82,-0.77,False,0.01,5.043,180238292.0,19.44,6.48,,6.99,3503832396.0,,3503832396.0,,1.0,-17.725346486023284,-62.22,0.31,3.079271594426225,154752421.0,-0.15,1569772800000.0,-0.77,5622867.800000001,7845215.0,1.71,5.043,8807.0,4.35,,112.73,山石网科,-25.371,,180238292.0,0,19.59,科创板
SH600935,,0.0,1.7824,11,-0.43,False,0.01,1.406,3507401812.0,2.3,2.16,18.0435,-6.12,8067024168.0,1790697600000.0,8267897529.0,,100.0,-1.7113623449879194,-50.1,0.44,-6.052252165813632,41135976.0,-0.01,1637856000000.0,-0.03,-1409733.0,17829100.0,1.04,1.406,8790.0,0.51,,43.91,华塑股份,-81.474,,3594738056.0,0,2.31,沪市主板
SH603153,12.745525260254853,0.0,1.112,11,-0.66,False,0.01,1.467,403780169.0,13.59,2.41,13.1885,-18.38,5487372497.0,1790697600000.0,5570012431.0,1.987,100.0,10.202381645397013,4.89,0.44,7.800733160943962,26754313.0,-0.09,1678636800000.0,0.91,-2775014.0,1971200.0,1.09,1.467,8700.0,0.49,,44.03,上海建科,14.899,,409861106.0,0,13.68,沪市主板
SH603125,14.00107618648192,0.0,6.7286,11,-0.19,False,0.01,3.289,404836375.0,20.9,4.63,57.1511,24.01,8461080237.0,1790697600000.0,8461080237.0,0.191,100.0,9.241267340660793,5.75,-0.19,13.991975952450474,88804680.0,-0.04,1681056000000.0,0.56,2558670.0,4185506.0,0.53,3.288,8678.0,1.03,,71.67,常青科技,37.144,,404836375.0,0,20.94,沪市主板
SH603102,-13.10858582498965,,2.3657,11,-1.45,False,0.01,1.373,64000000.0,36.75,3.33,13.8945,-12.94,2352000000.0,,2352000000.0,1.986,100.0,7.002423869545011,-21.02,0.38,7.797799644067527,49557065.0,-0.54,1643040000000.0,1.85,-2591119.0,1351900.0,1.11,1.373,8675.0,2.11,,44.0,百合股份,19.826,,64000000.0,0,37.29,沪市主板
SH603725,-20.799855370193644,,1.2429,11,1.36,False,0.01,4.157,304857680.0,11.93,3.48,17.3156,30.12,3636952122.0,,3636952122.0,0.997,100.0,9.944616781410035,82.11,-0.17,-4.405476640652994,102083863.0,0.16,1504627200000.0,0.27,-1105062.0,8604710.0,0.66,4.157,8646.0,2.82,,43.98,天安新材,43.88,,304857680.0,0,11.77,沪市主板
SH688500,-24.0552774788244,,4.4468,82,-1.32,False,0.01,3.191,74967438.0,29.87,10.54,57.3174,-51.64,2239277373.0,,2268860621.0,,1.0,-9.491619001718753,-70.05,-0.13,-1.3412117442977656,76091188.0,-0.4,1594828800000.0,-0.89,3371983.0,2452099.0,1.32,3.192,8640.0,3.27,,218.65,慧辰股份,-33.556,,75957838.0,0,30.27,科创板
SH688558,7.924447677784063,,3.0869,82,-2.93,False,0.01,2.456,132000000.0,31.84,6.43,17.9256,12.35,4202880000.0,,4202880000.0,2.337,1.0,10.072324960020538,-23.74,0.7,9.523441162557301,35998135.0,-0.96,1593446400000.0,1.28,-3873849.0,1121918.0,0.93,2.456,8626.0,0.85,,155.04,国盛智科,24.901,,132000000.0,0,32.8,科创板
SH603192,1.0905693133428596,,1.372,11,6.12,False,0.01,1.619,165266678.0,21.15,8.68,16.8766,-17.87,3495390240.0,,3534386039.0,1.773,100.0,3.8431085348589815,30.47,-0.05,-0.3578658703850546,102290363.0,1.22,1535385600000.0,0.43,17947713.0,4877926.0,1.3,1.62,8626.0,2.95,,43.98,汇得科技,49.148,,167110451.0,0,19.93,沪市主板
SH605365,-12.444625878009319,0.0,1.0314,11,-2.48,False,0.01,1.906,502012876.0,14.17,4.06,77.4937,-45.72,7113522453.0,1790697600000.0,7113522453.0,1.482,100.0,5.65697647157815,-23.68,0.0,1.243703303245658,65384741.0,-0.36,1626710400000.0,0.42,2026615.0,4562200.0,0.83,1.906,8616.0,0.91,,44.02,立达信,34.005,,502012876.0,0,14.53,沪市主板
SH688198,1.079077591108013,0.0,14.8756,82,-1.43,False,0.01,7.427,137748133.0,67.6,3.34,75.7025,-36.25,9311773791.0,1790697600000.0,9311773791.0,1.183,1.0,13.436217648643922,215.94,-0.37,19.640030120899187,37282656.0,-0.98,1575820800000.0,1.21,919561.0,551700.0,1.39,7.427,8607.0,0.4,,49.41,佰仁医疗,56.076,,137748133.0,0,68.58,科创板
SH601065,-46.78186642711641,0.0,1.9848,11,-0.45,False,0.01,0.96,642776079.0,6.64,1.65,8.2192,-18.62,4268033165.0,1790697600000.0,4268033165.0,1.807,100.0,3.3310251190130757,-46.38,0.0,-10.901665751221866,23691767.0,-0.03,1681056000000.0,0.23,1135207.0,3541700.0,1.44,0.96,8600.0,0.55,,57.34,江盐集团,29.026,,642776079.0,0,6.67,沪市主板
SH603320,14.49438303323376,,2.6531,11,-2.05,False,0.01,2.223,149146203.0,17.7,5.7,23.638,-6.49,2639887793.0,,2639887793.0,0.96,100.0,6.090991155851739,108.38,-0.23,2.6682212677954453,26257438.0,-0.37,1493654400000.0,0.48,-2096434.0,1474300.0,1.0,2.223,8596.0,0.99,,44.01,迪贝电气,37.207,,149146203.0,0,18.07,沪市主板
SH605018,-22.51990120607964,0.0,2.5933,11,-1.72,False,0.01,1.95,470065793.0,11.46,3.77,28.4729,0.06,5386953988.0,1790697600000.0,5386953988.0,1.3,100.0,2.9206623342488025,8.3,0.44,-6.523111191936115,76723388.0,-0.2,1601308800000.0,0.17,1691399.0,6668100.0,0.64,1.949,8591.0,1.42,,44.03,长华集团,67.613,,470065793.0,0,11.66,沪市主板
SH605033,6.112855186426724,,2.7204,11,0.77,False,0.01,2.243,135200000.0,19.75,1.94,23.3256,-1.12,2670200000.0,,2670200000.0,0.759,100.0,5.440402566628401,35.99,0.1,14.260437391720693,41121674.0,0.15,1631721600000.0,0.47,-512181.0,2088300.0,1.17,2.243,8584.0,1.54,,43.97,美邦股份,41.988,,135200000.0,0,19.6,沪市主板
SH605303,1.0730369131559003,,11.1459,11,10.01,False,0.01,6.461,161237408.0,31.53,0.0,,82.25,5083815474.0,,5083815474.0,,100.0,-19.134161794215114,63.74,0.0,-11.354931692070947,10140048.0,2.87,1614528000000.0,-1.03,-2226018.0,321600.0,0.17,6.461,8549.0,0.2,,44.02,园林股份,-30.538,,161237408.0,3,28.66,沪市主板
SH688212,-25.365126101364034,0.0,4.5661,82,-4.37,False,0.01,2.961,134665250.0,26.89,5.69,,-38.48,3621148573.0,1790697600000.0,3621148573.0,,1.0,-2.689130608765087,-17.6,0.22,7.0093827164430245,89737789.0,-1.23,1636905600000.0,-0.25,-20323834.0,3264823.0,1.32,2.961,8542.0,2.42,,71.16,澳华内镜,-108.41,,134665250.0,0,28.12,科创板
SH603206,-41.66184068784745,0.0,0.891,11,-1.7,False,0.01,1.782,305199988.0,13.31,3.55,27.5826,-22.73,4062211840.0,1790697600000.0,4062211840.0,0.451,100.0,1.7331155184022526,-20.4,0.23,0.20417812301660732,31317440.0,-0.23,1651766400000.0,0.13,-1791448.0,2337200.0,0.83,1.782,8542.0,0.77,,43.98,嘉环科技,103.297,,305199988.0,0,13.54,沪市主板
SH688314,-0.5430977760177313,,6.735,82,-3.91,False,0.01,3.177,81628272.0,29.02,6.09,20.5166,-11.14,2368852453.0,,2368852453.0,1.613,1.0,11.933174509434192,-56.29,0.52,8.615678465227838,55393808.0,-1.18,1621267200000.0,1.04,-3918522.0,1881754.0,1.38,3.177,8509.0,2.31,,430.85,康拓医疗,27.837,,81628272.0,0,30.2,科创板
SH603072,12.555974265853864,0.0,2.8595,11,-0.75,False,0.01,3.511,126230000.0,29.17,2.62,32.3398,-27.81,3682129100.0,1790697600000.0,7709047600.0,0.857,100.0,8.785587442140063,-26.28,0.0,6.69740616963983,30947274.0,-0.22,1735833600000.0,0.71,31329.0,1054184.0,0.94,3.511,8475.0,0.84,,290.24,天和磁材,41.105,,264280000.0,0,29.39,沪市主板
SH603677,-54.73615345718857,,1.3466,11,-0.56,False,0.01,2.463,192600865.0,14.27,2.93,24.5108,-20.5,2748414344.0,,2748414344.0,1.402,100.0,1.1574700397356512,33.3,-0.07,4.384874818873974,18085006.0,-0.08,1486310400000.0,0.07,930777.0,1262800.0,0.87,2.463,8452.0,0.66,,44.01,奇精机械,209.485,,192600865.0,0,14.35,沪市主板
SH603065,,,4.2532,11,-1.41,False,0.01,3.063,418967572.0,14.03,7.59,34.8896,72.11,5878115035.0,,5878115035.0,1.411,100.0,-0.9488050932796237,-3.62,-0.14,1.307957927355985,323157786.0,-0.2,1679328000000.0,-0.04,4592497.0,22439700.0,0.71,3.063,8426.0,5.36,,43.97,宿迁联盛,-313.882,,418967572.0,0,14.23,沪市主板
SH603880,-1.81255276392438,,4.2389,11,-1.89,False,0.01,15.033,289042000.0,8.29,4.85,56.1737,33.07,2396158180.0,,2396158180.0,,100.0,-50.04930038174217,74.62,-0.12,-3.9718271696488006,57814792.0,-0.16,1502035200000.0,-0.37,-546963.0,6933510.0,0.98,15.032,8399.0,2.4,,44.03,南卫股份,-22.492,,289042000.0,0,8.45,沪市主板
SH688026,-14.59794176589303,,7.1615,82,5.94,False,0.01,3.779,140364467.0,29.25,11.95,28.7724,82.63,4105660660.0,,4105660660.0,0.246,1.0,1.8756951565010644,-22.83,0.83,8.012449050540148,495416141.0,1.64,1579622400000.0,0.16,34964396.92,16950603.0,1.53,3.779,8384.0,12.08,,223.59,洁特生物,180.753,,140364467.0,0,27.61,科创板
SH688015,23.115485423672723,,1.2324,82,-2.88,False,0.01,1.181,188680742.0,16.55,4.99,15.8551,-25.68,3122666280.0,,3122666280.0,2.538,1.0,6.131391883714549,-55.12,-0.36,8.38324703240103,48774254.0,-0.49,1563724800000.0,0.85,-4198344.15,2913578.0,1.99,1.181,8376.0,1.54,,134.24,交控科技,19.57,,188680742.0,0,17.04,科创板
SH603303,-27.798721556785132,0.0,3.1429,11,0.54,False,0.01,4.269,476944575.0,27.78,3.8,16.1261,117.56,13249520294.0,1790697600000.0,13249520294.0,1.267,100.0,6.1222512154613025,175.44,0.04,-4.381131373227842,73758119.0,0.15,1490803200000.0,0.41,620049.0,2630600.0,0.92,4.269,8367.0,0.55,,44.02,得邦照明,66.966,,476944575.0,0,27.63,沪市主板
SH601956,,,0.5486,11,9.96,False,0.01,1.457,621616590.0,5.52,10.56,7.8004,-20.92,3431323577.0,,3431323577.0,1.793,100.0,-1.718502898973275,-45.55,0.0,2.5258308226505655,65750575.0,0.5,1608825600000.0,-0.07,2359179.0,12109562.0,1.04,1.457,8349.0,1.95,,37.15,东贝集团,-82.023,,621616590.0,1,5.02,沪市主板
SH603665,,0.0,2.6855,11,3.64,False,0.01,5.96,160167707.0,24.2,4.5,26.566,-23.76,3876058509.0,1790697600000.0,3876058509.0,0.661,100.0,1.5182070204199019,50.79,0.04,-1.8132659739999002,123044444.0,0.85,1489334400000.0,0.06,-2535331.0,5162115.0,1.01,5.96,8337.0,3.22,,44.02,康隆达,376.46,,160167707.0,0,23.35,沪市主板
SH603057,-23.016056835648925,0.0,2.1501,11,-0.45,False,0.01,3.489,412000000.0,17.76,2.97,1126.0912,-11.98,7317120000.0,1790697600000.0,7372442400.0,1.014,100.0,9.876871620823172,10.54,0.06,0.9973599912629805,36851543.0,-0.08,1664121600000.0,0.48,-2714507.0,2070500.0,0.62,3.489,8332.0,0.5,,44.03,紫燕食品,37.13,,415115000.0,0,17.84,沪市主板
SH688315,-9.074279009611697,0.0,3.4504,82,-4.25,False,0.01,2.939,416200000.0,18.93,9.51,22.1848,43.03,7878666000.0,1790697600000.0,7878666000.0,0.232,1.0,5.763912143207004,-23.23,-0.73,5.729160189645821,519844242.0,-0.84,1618243200000.0,0.36,1660640.2800000012,27194790.0,0.91,2.939,8330.0,6.53,,114.73,诺禾致源,52.059,,416200000.0,0,19.77,科创板
SH603280,-24.091387251419306,,3.156,11,1.38,False,0.01,2.195,108406667.0,27.89,2.51,32.2746,-24.59,3023461943.0,,3023461943.0,1.004,100.0,5.083775157569995,3.0,-0.07,-8.5426271750079,57523335.0,0.38,1667836800000.0,0.64,269490.0,2060301.0,0.65,2.195,8292.0,1.9,,44.0,南方路机,43.789,,108406667.0,0,27.51,沪市主板
SH603617,13.165932399387925,,2.0928,11,-1.19,False,0.01,1.656,386726337.0,6.66,3.71,36.1677,-11.06,2575597404.0,,2596143504.0,0.751,100.0,3.3946847764163035,88.01,0.0,23.434447077470534,35315065.0,-0.08,1499011200000.0,0.13,-596226.0,5256600.0,1.13,1.656,8262.0,1.36,,44.01,君禾股份,49.851,,389811337.0,0,6.74,沪市主板
SH688351,122.52428613795941,0.0,15.2663,82,-1.88,False,0.01,4.343,470600000.0,16.74,4.87,283.7157,-27.63,7877844000.0,1790697600000.0,7877844000.0,0.125,1.0,3.2575877423583837,8.09,0.24,20.182229017852894,50703001.0,-0.32,1661875200000.0,0.12,-5131048.0,3028904.0,1.41,4.343,8254.0,0.64,,-20.35,微电生理,134.665,,470600000.0,0,17.06,科创板
SH605050,-2.0471911372089147,0.0,0.4227,11,1.59,False,0.01,1.125,492829181.0,10.21,4.38,,-21.46,5031785938.0,1790697600000.0,5031785938.0,3.908,100.0,8.738299956260846,-6.29,-0.1,7.368933788495391,31087617.0,0.16,1600876800000.0,0.78,5076015.0,3022600.0,2.83,1.125,8235.0,0.61,,44.04,福然德,13.161,,492829181.0,0,10.05,沪市主板
SH605180,,,6.1455,11,-0.29,False,0.01,2.072,169000000.0,13.86,3.88,,-4.26,2342340000.0,,2342340000.0,0.505,100.0,0.050319326642998666,-21.81,-0.22,20.09881046066184,35464817.0,-0.04,1619712000000.0,0.0,913346.0,2538690.0,0.49,2.072,8234.0,1.5,,44.01,华生科技,4098.088,,169000000.0,0,13.9,沪市主板
SH605377,-26.10057451793044,0.0,1.4832,11,0.0,False,0.01,1.147,556670268.0,8.08,1.24,7.2875,-0.8,4497895765.0,1790697600000.0,4497895765.0,5.074,100.0,6.290549938968107,12.52,0.0,-10.310834241166255,23330764.0,0.0,1609084800000.0,0.44,-716991.0,2885520.0,0.75,1.147,8203.0,0.52,,30.54,华旺科技,18.247,,556670268.0,0,8.08,沪市主板
SH688606,-22.269706631040588,0.0,4.4557,82,2.61,False,0.01,1.028,75654353.0,51.1,4.74,19.5127,-18.35,3865937438.0,1790697600000.0,3865937438.0,1.992,1.0,3.625790528547981,-33.37,0.2,3.052127908846569,48873404.0,1.3,1616601600000.0,1.84,4289744.05,967340.0,2.22,1.077,8197.0,1.28,,30.13,奥泰生物,27.808,,75654353.0,0,49.8,科创板
SH603193,18.646157972640776,0.0,4.6146,11,-4.05,False,0.01,3.358,103336314.0,19.43,4.74,23.7894,-17.7,2007824581.0,1790697600000.0,7861248091.0,2.779,100.0,15.592697754566846,-6.71,0.1,20.753556856909317,44972031.0,-0.82,1697472000000.0,0.87,-1936616.0,2273400.0,1.37,3.358,8192.0,2.2,,27.04,润本股份,22.329,,404593314.0,0,20.25,沪市主板
SH603351,12.393951153033345,,2.7544,11,3.75,False,0.01,2.158,135439132.0,28.49,5.17,14.9547,12.08,3858660871.0,,3858660871.0,2.106,100.0,8.833552941242536,47.3,0.49,8.235460611966339,90606415.0,1.03,1548777600000.0,1.14,4799149.0,3187800.0,2.13,2.157,8179.0,2.35,,44.0,威尔药业,24.897,,135439132.0,0,27.46,沪市主板
SH600561,,,1.2944,11,1.16,False,0.01,1.833,284476800.0,6.09,3.65,5.4298,-6.02,1732463712.0,,1732463712.0,,100.0,1.7315532301075767,-1.57,0.0,-7.520473196838395,28315786.0,0.07,1026748800000.0,0.06,3042613.0,4652200.0,1.24,1.833,8165.0,1.64,,246.44,江西长运,107.193,,284476800.0,0,6.02,沪市主板
SH600265,,,23.0732,11,-1.39,False,0.01,8.898,129800000.0,22.63,2.96,268.5306,12.64,2937374000.0,,2937374000.0,,100.0,-56.99563310217337,99.72,0.67,-46.898756196001266,16203069.0,-0.32,967132800000.0,-0.94,-929320.0,714703.0,0.86,8.898,8161.0,0.55,,344.7,*ST景谷,-24.117,,129800000.0,0,22.95,沪市主板
SH603082,-10.003261304517718,0.0,3.0611,11,-4.48,False,0.01,3.82,40556900.0,39.4,5.72,41.1166,8.19,1597941860.0,1790697600000.0,6562980495.0,1.49,100.0,8.94301885228208,-10.42,0.08,5.545227996072666,171003837.0,-1.85,1706544000000.0,0.88,-2012884.0,4280619.0,0.65,3.756,8129.0,10.55,,118.05,北自科技,44.896,,166573109.0,0,41.25,沪市主板
SH688093,9.337716965349308,0.0,6.2402,82,-3.85,False,0.01,2.109,280382791.0,21.2,4.22,12.1945,-41.98,5944115169.0,1790697600000.0,5944115169.0,3.283,1.0,13.316380401643926,8.27,0.0,16.79514537389617,36989257.0,-0.85,1601395200000.0,1.17,-1255788.0,1715552.0,0.98,2.109,8121.0,0.61,,62.22,世华科技,18.109,,280382791.0,0,22.05,科创板
SH688652,8.21132084690741,0.0,13.2909,82,-1.18,False,0.01,9.549,120750000.0,129.14,6.83,33.7262,31.48,15593655000.0,1790697600000.0,21695520000.0,0.097,1.0,6.783933641311471,115.81,-0.05,35.00278528851757,419614728.0,-1.54,1701187200000.0,0.89,-5714119.0,3187261.0,1.13,9.549,8092.0,2.64,,74.59,京仪装备,144.858,,168000000.0,0,130.68,科创板
SH688148,,,1.0872,82,2.36,False,0.01,8.375,510173053.0,6.06,5.24,122.4263,-30.9,3091648701.0,,3091648701.0,,1.0,19.135029770347995,-82.61,0.33,20.84242459997714,105223945.0,0.14,1628179200000.0,0.18,10057706.0,17285290.0,1.52,8.375,8092.0,3.39,,659.83,芳源股份,34.091,,510173053.0,0,5.92,科创板
SH603159,,,8.017,11,-0.49,False,0.01,6.279,140000000.0,22.27,2.77,,-13.38,3117800000.0,,3117800000.0,,100.0,-1.4401814326789082,240.39,0.0,-13.652553921936638,64383921.0,-0.11,1470931200000.0,-0.05,-7000157.0,2903200.0,0.69,6.279,8090.0,2.07,,44.04,上海亚虹,-432.822,,140000000.0,0,22.38,沪市主板
SH688369,56.78012962352095,,2.3197,82,-3.75,False,0.01,2.951,115218071.0,18.76,5.23,,-26.23,2161491012.0,,2161491012.0,,1.0,-25.346867505014835,-61.44,0.21,-2.1178047862417504,53686096.0,-0.73,1572451200000.0,-1.81,-874194.0,2837218.0,1.06,2.951,8071.0,2.46,,55.7,致远互联,-10.342,,115218071.0,0,19.49,科创板
SH688687,-47.07739818777296,,2.5285,82,-3.7,False,0.01,1.825,170944422.0,18.21,6.45,29.5929,-25.84,3112897925.0,,3112897925.0,1.373,1.0,0.560661372639201,-67.23,-0.05,-7.659134494981224,72341556.0,-0.7,1612713600000.0,0.06,-2784739.62,3900504.0,0.94,1.825,8026.0,2.28,,121.29,凯因科技,312.484,,170944422.0,0,18.91,科创板
SH603237,-8.952591172454316,,1.4141,11,0.86,False,0.01,1.679,189806926.0,15.33,2.17,8.2848,-5.09,2909740176.0,,3004859760.0,3.249,100.0,7.048252412834069,-17.77,0.2,-7.628964502634483,24424959.0,0.13,1661875200000.0,0.65,881533.0,1599928.0,1.03,1.679,8014.0,0.84,,44.0,五芳斋,23.628,,196011726.0,0,15.2,沪市主板
SH688433,-0.5260678338496416,0.0,38.4599,82,-4.23,False,0.01,14.655,416270341.0,75.45,9.03,1399.9198,14.08,31407597228.0,1790697600000.0,31407597228.0,0.068,1.0,3.559762596063698,89.9,0.53,18.86748133827738,305716561.0,-3.33,1681660800000.0,0.18,14180204.0,3951349.0,1.03,14.63,7999.0,0.95,,15.9,华曙高科,430.643,,416270341.0,0,78.78,科创板
SH688075,,0.0,9.4887,82,-1.03,False,0.01,0.775,127082805.0,30.64,6.04,,-18.62,3893817145.0,1790697600000.0,3893817145.0,2.598,1.0,-0.010330992144071299,-15.03,0.33,-9.674798157402364,42537587.0,-0.32,1637164800000.0,0.0,-2718332.0,1378954.0,1.89,0.775,7956.0,1.09,,13.44,安旭生物,-7403.509,,127082805.0,0,30.96,科创板
SH603819,-33.41563681870446,,2.2658,11,-0.62,False,0.01,4.255,217730187.0,15.96,3.8,22.4722,31.92,3474973785.0,,3474973785.0,0.251,100.0,3.9660012383414474,150.09,0.38,7.3786429948213605,86729251.0,-0.1,1480003200000.0,0.15,3219495.0,5418882.0,0.62,4.255,7949.0,2.49,,44.01,神力股份,108.838,,217730187.0,0,16.06,沪市主板
SH603139,,,8.5469,11,0.79,False,0.01,6.854,99880000.0,34.45,3.13,344.7166,68.3,3440866000.0,,3667360970.0,,100.0,-42.028748855391456,68.95,0.2,-16.560398414184483,48519725.0,0.27,1492704000000.0,-2.67,2272766.0,1402400.0,0.73,6.431,7945.0,1.4,,43.99,康惠股份,-12.906,,106454600.0,0,34.18,沪市主板
SH688613,-55.4971162848925,,11.5014,82,-4.88,False,0.01,1.823,137008584.0,19.12,7.86,,-5.67,2619604126.0,,2619604126.0,0.157,1.0,0.6013977716090406,-75.58,0.21,0.9142983994071319,108433550.0,-0.98,1621526400000.0,0.06,-3330708.8000000007,5568113.0,0.7,1.823,7939.0,4.06,,478.27,奥精医疗,303.952,,137008584.0,0,20.1,科创板
SH688786,-0.2102032572038226,,9.4885,82,-1.99,False,0.01,5.589,173320460.0,25.6,6.36,39.1975,9.41,4437003776.0,,4437003776.0,0.648,1.0,10.729969258495998,-22.51,0.16,10.875523954482436,91084156.0,-0.52,1629907200000.0,0.47,2442598.0,3542152.0,1.13,5.565,7935.0,2.04,,527.04,悦安新材,54.614,,173320460.0,0,26.12,科创板
SH688505,,0.0,12.8187,82,-3.39,False,0.01,3.977,710572100.0,8.26,5.61,52.9138,-0.48,5869325546.0,1790697600000.0,8562085546.0,,1.0,-5.6969934817762695,-75.56,0.0,-8.374357223286522,106311541.0,-0.29,1592496000000.0,-0.12,-10273125.0,12762351.0,1.17,3.977,7915.0,1.8,,313.41,复旦张江,-67.813,,1036572100.0,0,8.55,科创板
SH603356,9.594474127566954,,2.3363,11,-0.61,False,0.01,8.004,133340000.0,16.41,3.63,10.7888,15.64,2188109400.0,,2188109400.0,,100.0,-40.5796634091108,15.32,0.74,-16.208004229040828,42652980.0,-0.1,1516723200000.0,-1.04,916094.0,2601100.0,0.72,8.004,7904.0,1.95,,43.98,华菱精工,-15.847,,133340000.0,0,16.51,沪市主板
SH900934,10.754002126637419,,0.744,11,-1.08,False,0.001,0.656,156000000.0,1.462,1.56,2.5732,14.46,228072000.0,,1555682711.0,5.062,100.0,6.994052051679699,1533.52,0.0,-0.588195646158074,262977.0,-0.016,787420800000.0,0.15,10595.0,178858.0,0.77,0.654,7871.0,0.11,,-8.05,锦江B股,9.481,,1064078462.0,0,1.478,B股
SH688590,-14.09037578870005,0.0,1.6277,82,-2.36,False,0.01,2.039,281517184.0,11.56,5.07,,-38.05,3254338647.0,1790697600000.0,3616721076.0,0.251,1.0,-10.24681964969855,-53.67,0.26,12.211999478786929,59172312.0,-0.28,1607270400000.0,-0.54,-10395226.0,5051609.0,1.06,2.039,7861.0,1.79,,151.26,新致软件,-21.517,,312865145.0,0,11.84,科创板
SH688349,-26.691712354452022,0.0,0.7197,82,0.45,False,0.01,1.517,1566188095.0,13.3,2.49,,-30.26,20830301664.0,1790697600000.0,21191372192.0,2.135,1.0,5.387841827561716,-53.13,-0.15,31.489454258926287,108936065.0,0.06,1655827200000.0,0.46,926892.0,8181168.0,1.12,1.517,7840.0,0.52,,37.45,三一重能,28.82,,1593336255.0,0,13.24,科创板
SH603173,9.879893083930336,0.0,1.7706,11,-0.07,False,0.01,2.392,160000000.0,29.88,2.24,12.6745,-28.56,4780800000.0,1790697600000.0,4780800000.0,2.718,100.0,16.92138811994472,41.39,0.4,3.451683029375352,28752629.0,-0.02,1675008000000.0,2.01,447570.0,961803.0,1.58,2.392,7836.0,0.6,,44.02,福斯达,14.878,,160000000.0,0,29.9,沪市主板
SH603170,-1.3291705914032836,0.0,1.7113,11,-1.32,False,0.01,3.623,400010000.0,13.5,3.73,19.5368,-2.02,5400135000.0,1790697600000.0,5400135000.0,3.333,100.0,19.03653529580005,25.38,-0.22,12.85840537894838,100413405.0,-0.18,1657814400000.0,0.69,957482.0,7389720.0,0.86,3.623,7826.0,1.85,,43.98,宝立食品,19.679,,400010000.0,0,13.68,沪市主板
SH603797,-17.50069365401744,,2.6833,11,-1.04,False,0.01,0.813,576605190.0,4.77,11.83,6.0765,2.14,2750406756.0,,2750406756.0,,100.0,3.801364764887728,46.38,0.63,-9.14956088822725,211248611.0,-0.05,1492012800000.0,0.22,33925331.0,43562017.0,1.93,0.813,7825.0,7.55,,43.96,联泰环保,21.784,,576605190.0,0,4.82,沪市主板
SH601686,5.026182537352564,0.0,0.1462,11,0.4,False,0.01,1.076,1479347326.0,5.02,1.2,8.519,-16.37,7426323577.0,1790697600000.0,7426323577.0,5.777,100.0,9.789147132783995,-59.49,0.0,-5.784213881423106,22378461.0,0.02,1607011200000.0,0.45,1241245.0,4459268.0,1.03,1.076,7820.0,0.3,,44.01,友发集团,11.059,,1479347326.0,0,5.0,沪市主板
SH603992,-1.064998584334853,0.0,2.6998,11,-1.91,False,0.01,2.341,443041820.0,19.02,4.49,32.5408,-52.43,8426655416.0,1790697600000.0,8426655416.0,2.865,100.0,7.819112125690155,9.91,0.0,8.128779732729118,52903777.0,-0.37,1566748800000.0,0.6,-1929259.0,2741022.0,1.28,2.341,7819.0,0.62,,44.02,松霖科技,31.559,,443041820.0,0,19.39,沪市主板
SH688358,-7.677901873332349,,7.064,82,-4.01,False,0.01,2.278,111975613.0,27.79,5.63,34.7596,-5.23,3111802285.0,,3115970785.0,4.426,1.0,8.430982265297764,-13.81,0.22,-2.7086293946278595,46049829.0,-1.16,1575302400000.0,1.03,-4463401.0,1638129.0,2.49,2.278,7814.0,1.46,,2.04,祥生医疗,26.917,,112125613.0,0,28.95,科创板
SH603578,,,2.1047,11,-1.18,False,0.01,2.401,180357032.0,14.18,5.23,10.3995,17.38,2557462714.0,,3318978798.0,,100.0,-15.115034345888695,57.66,3.13,21.81443519996391,51194439.0,-0.17,1488729600000.0,-0.76,-5477272.0,3646800.0,0.9,2.401,7799.0,2.02,,43.96,三星新材,-18.544,,234060564.0,0,14.35,沪市主板
SH688739,-57.461317716447226,0.0,6.3931,82,-0.62,False,0.01,0.932,416450000.0,20.89,2.62,30.5095,-18.53,8699640500.0,1790697600000.0,8699640500.0,0.474,1.0,0.45768161879100416,-73.95,0.05,-8.692627962441202,48493172.0,-0.13,1635350400000.0,0.1,-3153323.2199999997,2304290.0,1.45,0.932,7784.0,0.55,,-27.27,成大生物,203.376,,416450000.0,0,21.02,科创板
SH688201,17.014767959828923,,4.3547,82,-1.82,False,0.01,1.883,317153816.0,7.55,2.47,164.7714,-48.22,2394511311.0,,2394511311.0,0.331,1.0,1.8523540667195983,-40.44,-0.26,0.8686883401489043,12717091.0,-0.14,1618934400000.0,0.07,-1014892.0,1669841.0,0.73,1.883,7773.0,0.53,,53.73,ST信安,102.037,,317153816.0,0,7.69,科创板
SH688053,,,19.2922,82,-2.13,False,0.01,2.413,100000000.0,38.55,3.5,101.3742,4.9,3855000000.0,,3855000000.0,,1.0,-0.8545811012136488,-32.66,-0.1,1.014617490729064,23469570.0,-0.84,1657209600000.0,-0.14,-1106569.0,599407.0,1.19,2.413,7747.0,0.6,,-3.12,ST思科瑞,-281.105,,100000000.0,0,39.39,科创板
SH603124,32.86182576035783,0.0,1.3682,11,-3.67,False,0.01,8.662,77608810.0,115.45,7.27,,46.85,8959937115.0,1790697600000.0,16826283225.0,0.398,100.0,14.877461067462544,76.85,0.26,28.744378237709654,481837323.0,-4.4,1742400000000.0,1.88,8155241.0,4088878.0,0.61,8.662,7741.0,5.27,,606.83,江南新材,61.468,,145745199.0,0,119.85,沪市主板
SH603863,-18.069985170157523,,5.5652,11,10.02,False,0.01,12.785,204650000.0,13.62,13.09,,-31.73,2787333000.0,,2787333000.0,,100.0,-60.071692496473325,15.02,0.0,-3.4458720527936637,114433836.0,1.24,1561046400000.0,-0.91,6036633.0,8615025.0,1.42,12.785,7723.0,4.21,,44.02,松炀资源,-14.89,,204650000.0,1,12.38,沪市主板
SH603829,-28.393847308344856,,1.3032,11,-0.71,False,0.01,1.889,186266159.0,15.38,4.33,21.8048,-30.14,2864773525.0,,2864773525.0,0.975,100.0,3.8652402962108012,59.26,0.39,3.5798120159205027,39126214.0,-0.11,1508169600000.0,0.28,2525808.0,2522800.0,1.02,1.889,7721.0,1.35,,43.98,洛凯股份,55.91,,186266159.0,0,15.49,沪市主板
SH603226,84.49962223936416,0.0,31.2863,11,0.53,False,0.01,12.186,355491770.0,28.41,3.86,,-10.15,10099521186.0,1790697600000.0,10099521186.0,,100.0,-10.063817163569636,368.01,-0.39,-14.197571783891938,123370971.0,0.15,1497456000000.0,-0.25,13772824.0,4330873.0,0.61,12.186,7706.0,1.22,,44.02,菲林格尔,-114.991,,355491770.0,0,28.26,沪市主板
SH688665,-1.511717288437442,0.0,3.8819,82,-1.0,False,0.01,3.386,101192341.0,40.67,3.82,29.1664,-16.01,4115492508.0,1790697600000.0,4115492508.0,0.984,1.0,11.190803617158275,1.27,-0.17,16.54606819268234,26797540.0,-0.41,1612800000000.0,1.27,-2463400.0,650116.0,0.49,3.386,7660.0,0.64,,121.81,四方光电,31.94,,101192341.0,0,41.08,科创板
SH688128,10.004276472293894,0.0,1.8019,82,-0.99,False,0.01,2.464,404500000.0,21.91,2.89,7.4389,-22.28,8862595000.0,1790697600000.0,8862595000.0,3.651,1.0,15.70205313917343,8.69,-0.05,6.761124482073666,36521865.0,-0.22,1572883200000.0,1.33,3746073.0,1656165.0,1.29,2.464,7651.0,0.41,,43.27,中国电研,16.413,,404500000.0,0,22.13,科创板
SH603680,35.20549021098098,0.0,1.9568,11,1.8,False,0.01,1.333,783718767.0,10.2,5.49,8.2134,-32.88,7993931423.0,1790697600000.0,7993931423.0,3.137,100.0,11.179627567826287,-45.97,0.1,1.7882367051309966,59062989.0,0.18,1519660800000.0,0.83,3803441.0,5759605.0,1.47,1.333,7644.0,0.73,,43.99,今创集团,12.346,,783718767.0,0,10.02,沪市主板
SH605268,32.87216364029515,0.0,1.3853,11,-0.69,False,0.01,2.507,440550000.0,10.05,2.67,9.3074,-3.16,4427527500.0,1790697600000.0,4427527500.0,2.488,100.0,7.298552402292971,-7.61,0.3,1.1342511273050526,35117169.0,-0.07,1614096000000.0,0.29,-275195.0,3486293.0,0.32,2.507,7634.0,0.79,,43.99,王力安防,34.853,,440550000.0,0,10.12,沪市主板
SH688533,-18.6188682604554,0.0,1.0514,82,-1.41,False,0.01,1.815,164987109.0,19.63,4.22,10.2964,-31.91,3238696950.0,1790697600000.0,3238696950.0,1.783,1.0,8.072884959162261,-10.35,0.46,10.635180928141818,14020984.0,-0.28,1618761600000.0,0.83,-512054.0,710903.0,0.72,1.858,7626.0,0.43,,316.84,上声电子,23.539,,164987109.0,0,19.91,科创板
SH605056,40.27927249127507,0.0,1.0868,11,-1.71,False,0.01,3.093,403393200.0,13.25,3.78,9.8376,-18.12,5344959900.0,1790697600000.0,5424459900.0,2.943,100.0,15.489946224959589,-7.67,-0.23,25.60076623809222,68269739.0,-0.23,1626710400000.0,0.64,-3583521.0,5108900.0,0.66,3.093,7592.0,1.27,,44.03,咸亨国际,20.76,,409393200.0,0,13.48,沪市主板
SH603071,-10.316897106113244,0.0,0.194,11,0.32,False,0.01,1.177,557954442.0,12.53,2.0,,-1.79,6991169158.0,1790697600000.0,6991169158.0,3.751,100.0,12.211722360936578,-16.44,-0.08,-7.787427998020602,41029872.0,0.04,1639584000000.0,1.25,-291634.0,3264200.0,2.09,1.177,7588.0,0.59,,43.97,物产环能,10.02,,557954442.0,0,12.49,沪市主板
SH688709,,0.0,23.5703,82,-1.5,False,0.01,5.457,221746251.0,24.24,4.06,,-47.21,5375129124.0,1790697600000.0,15437171910.0,0.202,1.0,-0.12910748201354016,14.49,-0.04,-16.710814339981482,117661798.0,-0.37,1707235200000.0,-0.01,2460281.0,4789717.0,1.12,5.457,7585.0,2.16,,25.49,成都华微,-4216.435,,636847026.0,0,24.61,科创板
SH603004,-20.053880948161982,0.0,6.7237,11,-0.5,False,0.01,2.218,58880000.0,19.77,4.43,18.6642,-14.86,1164057600.0,1790697600000.0,4656230400.0,1.012,100.0,5.531548733901694,-43.21,-0.05,-2.717561665850099,102309552.0,-0.1,1703606400000.0,0.49,-624633.0,5142800.0,1.48,2.218,7539.0,8.73,,79.05,鼎龙科技,40.732,,235520000.0,0,19.87,沪市主板
SH603272,,,13.3814,11,0.07,False,0.01,2.919,103627000.0,15.01,5.07,101.0136,-25.36,1555441270.0,,1555441270.0,,100.0,-4.339800361291394,-3.72,-0.13,-15.814917181682176,27501380.0,0.01,1652976000000.0,-0.23,693513.0,1815800.0,0.6,2.919,7536.0,1.75,,43.99,*ST联翔,-65.209,,103627000.0,0,15.0,沪市主板
SH605166,-25.14957931175774,,0.5135,11,-0.36,False,0.01,1.307,314733976.0,8.39,2.49,20.9869,-18.59,2640618059.0,,2640618059.0,0.751,100.0,4.898503162110439,8.98,0.12,-7.078227991416441,29417560.0,-0.03,1592409600000.0,0.31,-2035602.0,3487400.0,1.05,1.322,7531.0,1.11,,43.97,聚合顺,27.159,,314733976.0,0,8.42,沪市主板
SH688719,,0.0,7.0072,82,-5.59,False,0.01,3.669,96159498.0,52.87,11.04,1088.6869,19.75,5083952659.0,1790697600000.0,6100427050.0,,1.0,-2.6542309141627283,7.67,0.27,0.47032172640040226,206560037.0,-3.13,1695830400000.0,-0.39,14731755.0,3771540.0,0.72,3.669,7524.0,3.92,,-6.3,爱科赛博,-136.394,,115385418.0,0,56.0,科创板
SH605138,14.320566249310197,,0.9951,11,-0.65,False,0.01,1.402,555571680.0,6.15,3.07,7.7922,-10.88,3416765832.0,,3416765832.0,0.878,100.0,6.3548410818431975,-44.53,0.0,-9.542092341455998,18223851.0,-0.04,1635264000000.0,0.29,-192185.0,2948000.0,0.99,1.402,7514.0,0.53,,44.03,盛泰集团,21.435,,555571680.0,0,6.19,沪市主板
SH688357,-20.722079769482438,,3.0861,82,0.27,False,0.01,1.517,100059875.0,26.38,3.19,19.2673,-19.33,2639579503.0,,2639579503.0,1.137,1.0,4.7593509137301755,9.7,-0.26,-3.515392798345951,24997480.0,0.07,1575388800000.0,0.87,-1034769.0,942884.0,1.2,1.517,7481.0,0.94,,-2.15,建龙微纳,30.16,,100059875.0,0,26.31,科创板
SH688071,,,5.0892,82,-4.21,False,0.01,2.802,84789724.0,33.71,6.91,21.6305,1.63,2858261596.0,,2858261596.0,,1.0,-4.646785206421147,-32.58,-0.41,20.090609867954235,65563630.0,-1.48,1627488000000.0,-0.58,-4168710.0,1911291.0,0.85,2.802,7449.0,2.25,,213.18,华依科技,-58.525,,84789724.0,0,35.19,科创板
SH688190,-13.033651789823143,0.0,4.1107,82,-0.94,False,0.01,2.916,120000000.0,65.16,3.8,51.6084,-32.38,7819200000.0,1790697600000.0,7819200000.0,2.072,1.0,9.491797351922756,-43.0,0.03,2.596224143496073,35245513.0,-0.62,1637856000000.0,2.09,-818197.0,537634.0,0.74,2.916,7428.0,0.45,,182.22,云路股份,31.199,,120000000.0,0,65.78,科创板
SH688722,-9.249786705634877,,3.1991,82,-1.03,False,0.01,2.19,224105200.0,14.41,3.09,25.3352,-25.84,3229355932.0,,3229355932.0,0.694,1.0,7.879026500340856,1.35,0.07,17.68316549345663,37530787.0,-0.15,1634572800000.0,0.5,-3706074.0,2575440.0,1.2,2.196,7392.0,1.15,,262.08,同益中,28.65,,224105200.0,0,14.56,科创板
SH688379,49.85442289118169,0.0,1.3047,82,-4.08,False,0.01,3.338,94978561.0,50.26,8.11,,-8.11,4773622476.0,1790697600000.0,4773622476.0,1.126,1.0,12.375994641780425,11.97,0.1,51.214236538299865,169000187.0,-2.14,1597766400000.0,1.65,4649133.0,3282548.0,0.56,3.338,7357.0,3.46,,199.23,华光新材,30.487,,94978561.0,0,52.4,科创板
SH688269,-5.493503148116297,0.0,1.2847,82,-5.14,False,0.01,3.08,130704000.0,25.12,5.4,,-36.63,3283284480.0,1790697600000.0,3283284480.0,1.194,1.0,9.772316930020198,-40.9,0.04,19.955474746323887,62398678.0,-1.36,1623168000000.0,0.78,790683.0,2448235.0,2.08,3.08,7266.0,1.87,,320.22,凯立新材,32.404,,130704000.0,0,26.48,科创板
SH603207,-3.803629828531163,0.0,7.2459,11,-1.59,False,0.01,3.406,54602946.0,24.07,3.07,23.1418,-14.56,1314292910.0,1790697600000.0,3894130337.0,3.137,100.0,17.015007335384784,-12.54,0.08,5.1707621693865224,51011700.0,-0.39,1724601600000.0,1.19,2423890.0,2101814.0,0.82,3.383,7199.0,3.85,,167.04,小方制药,20.259,,161783562.0,0,24.46,沪市主板
SH603768,12.212103810823894,,0.7575,11,0.66,False,0.01,1.321,237955857.0,12.22,3.71,,5.34,2907820573.0,,2907820573.0,,100.0,-7.1977517819021894,-34.11,0.08,9.072714215184629,75687446.0,0.08,1490284800000.0,-0.7,5291031.0,6215200.0,1.91,1.321,7194.0,2.61,,44.0,常青股份,-17.517,,237955857.0,0,12.14,沪市主板
SH688682,,0.0,10.5632,82,-1.52,False,0.01,5.668,101838895.0,33.14,4.55,30.3565,-37.03,3374940980.0,1790697600000.0,3374940980.0,0.604,1.0,-3.141252844050328,-26.72,0.0,-3.75597230511574,113387145.0,-0.51,1618848000000.0,-0.19,778308.7000000002,3390757.0,0.64,5.668,7178.0,3.33,,126.4,霍莱沃,-174.423,,101838895.0,0,33.65,科创板
SH603685,-26.996547242963064,0.0,6.1796,11,5.44,False,0.01,3.317,201465747.0,26.17,6.49,23.0367,34.42,5272358599.0,1790697600000.0,6619716365.0,0.115,100.0,1.8162619701451153,92.14,-0.15,-6.494821210549384,81045819.0,1.35,1511712000000.0,0.11,3810831.0,3134900.0,2.14,3.317,7171.0,1.56,,44.01,晨丰科技,230.634,,252950568.0,0,24.82,沪市主板
SH688101,11.922353712273459,0.0,2.7577,82,0.42,False,0.01,1.053,332012066.0,14.27,2.04,27.0251,-11.51,4737812182.0,1790697600000.0,4737812182.0,0.981,1.0,8.39250429859663,-33.01,-0.07,10.107217943490433,20616430.0,0.06,1573747200000.0,1.1,-490679.0,1438504.0,0.87,1.053,7151.0,0.43,,48.96,三达膜,12.917,,332012066.0,0,14.21,科创板
SH603033,,0.0,1.5863,11,-0.78,False,0.01,3.213,1012531018.0,7.65,3.11,19.3352,-29.23,7745862288.0,1790697600000.0,7888401188.0,,100.0,-19.958974625292164,145.75,-0.26,10.84380020759992,43684087.0,-0.06,1481040000000.0,-0.53,573275.0,5686887.0,0.9,3.213,7126.0,0.56,,43.99,三维股份,-14.477,,1031163554.0,0,7.71,沪市主板
SH601121,32.2289081689616,0.0,3.9284,11,1.0,False,0.01,1.568,831438936.0,7.1,3.56,11.6683,-2.29,5903216446.0,1790697600000.0,6988123511.0,1.451,100.0,7.1069625584454235,44.17,-0.14,31.839688879554906,94145683.0,0.07,1678377600000.0,0.27,10846498.0,13259700.0,1.84,1.568,7126.0,1.59,,44.06,宝地矿业,26.065,,984242748.0,0,7.03,沪市主板
SH688011,16.15208002775892,0.0,36.5213,82,-1.69,False,0.01,5.583,99162523.0,58.24,5.32,,-8.77,5775225340.0,1790697600000.0,5794880000.0,,1.0,-4.810317718175141,-2.3,-0.22,29.05605175915731,98135124.0,-1.0,1563724800000.0,-0.51,1355357.0,1662486.0,0.58,5.611,7116.0,1.68,,84.22,新光光电,-114.181,,99500000.0,0,59.24,科创板
SH688689,30.287268256945875,,4.5125,82,-2.41,False,0.01,3.901,144908035.0,36.88,8.57,72.403,30.64,5344208331.0,,5344208331.0,0.602,1.0,7.178178549977213,2.82,0.38,24.64270455173687,188231354.0,-0.91,1611676800000.0,0.7,4309628.0,4979677.0,0.84,3.545,7109.0,3.44,,128.91,银河微电,52.943,,144908035.0,0,37.79,科创板
SH605287,-25.103439328832376,0.0,1.4447,11,-2.3,False,0.01,3.211,140000000.0,36.53,8.59,47.6718,41.1,5114200000.0,1790697600000.0,5114200000.0,0.137,100.0,4.2623500660584845,38.72,-0.3,-16.140108645945993,355221998.0,-0.86,1625500800000.0,0.48,-9802584.0,9630760.0,2.91,3.211,7091.0,6.88,,44.01,德才股份,76.264,,140000000.0,0,37.39,沪市主板
SH603836,-21.251292066097015,,0.2898,11,0.42,False,0.01,1.579,278929332.0,9.59,2.51,,-1.11,2674932294.0,,2744747494.0,1.47,100.0,3.3594574773535175,-25.54,0.31,17.52538377568891,21712418.0,0.04,1621958400000.0,0.21,173503.0,2267360.0,1.02,1.579,7079.0,0.81,,44.0,海程邦达,46.274,,286209332.0,0,9.55,沪市主板
SH605189,114.22541764860608,,0.8218,11,2.99,False,0.01,1.308,238234939.0,14.14,3.42,6.7206,-9.07,3368642037.0,,3368642037.0,0.728,100.0,10.965976618080212,-0.86,0.07,25.890738156837067,100596339.0,0.41,1622131200000.0,1.02,13804874.0,7137469.0,1.22,1.308,7049.0,3.0,,44.01,富春染织,13.858,,238234939.0,0,13.73,沪市主板
SH688586,-38.80559669726475,0.0,9.2717,82,-1.38,False,0.01,3.423,791339156.0,10.75,4.31,,-17.41,8506895927.0,1790697600000.0,8506895927.0,0.242,1.0,1.9332711265635623,-50.76,0.09,-9.926339269803819,37595524.0,-0.15,1596124800000.0,0.06,111238.0,3460737.0,0.92,3.423,7016.0,0.44,,292.99,江航装备,177.839,,791339156.0,0,10.9,科创板
SH603216,-15.432499290355327,0.0,4.6635,11,2.48,False,0.01,2.73,222690000.0,21.91,8.51,180.2343,-52.96,4879137900.0,1790697600000.0,4879137900.0,0.913,100.0,3.4323409080340865,19.67,0.41,-8.821473794170764,153870837.0,0.53,1639497600000.0,0.27,6434995.0,6943885.0,0.66,2.73,7008.0,3.12,,44.01,梦天家居,79.918,,222690000.0,0,21.38,沪市主板
SH603273,-27.8610744983256,,6.7536,11,-0.55,False,0.01,3.486,56058400.0,14.44,3.65,34.841,-31.08,809483296.0,,3110858296.0,0.208,100.0,2.6530811704825954,-27.25,0.0,-19.63439638373494,29340999.0,-0.08,1697990400000.0,0.11,-218186.0,2020000.0,1.41,3.468,6997.0,3.6,,140.84,天元智能,132.116,,215433400.0,0,14.52,沪市主板
SH688058,,,8.0127,82,-1.37,False,0.01,3.234,75836544.0,25.25,4.14,,-7.27,1914872736.0,,1914872736.0,,1.0,-10.526763715192306,-48.65,-0.32,-5.920384330055839,24849066.0,-0.35,1572537600000.0,-0.87,1928531.38,972630.0,0.9,3.234,6990.0,1.28,,26.36,宝兰德,-29.047,,75836544.0,0,25.6,科创板
SH688376,-15.90640781833753,0.0,3.4948,82,-4.27,False,0.01,3.637,135251944.0,53.58,7.4,26.8548,-7.16,7246799160.0,1790697600000.0,7246799160.0,0.28,1.0,5.496661271993262,56.15,0.43,13.950836420852685,116312815.0,-2.39,1668700800000.0,0.79,-4319723.0,2145127.0,1.84,3.637,6936.0,1.59,,29.15,美埃科技,68.068,,135251944.0,0,55.97,科创板
SH603922,,,3.0279,11,-4.58,False,0.01,2.194,179200000.0,11.47,6.49,61.7904,-44.75,2055424000.0,,2055424000.0,,100.0,-9.968172541595848,-21.81,0.17,16.424762254529224,23915774.0,-0.55,1508688000000.0,-0.55,2969148.0,2082680.0,2.73,2.194,6925.0,1.16,,44.01,ST金鸿顺,-20.939,,179200000.0,0,12.02,沪市主板
SH688522,23.437281790527507,0.0,13.9746,82,-0.06,False,0.01,3.205,172184486.0,17.81,8.25,435.6113,-37.45,3066605696.0,1790697600000.0,7552197388.0,0.241,1.0,4.946705168478698,-10.6,0.17,48.61864878497908,143006263.0,-0.01,1677600000000.0,0.27,2573237.079999998,7772175.0,2.86,3.205,6924.0,4.51,,29.39,纳睿雷达,65.981,,424042526.0,0,17.82,科创板
SH900926,-20.265516236572523,,1.2923,11,-1.85,False,0.001,1.386,723849984.0,0.798,2.71,6.8327,-19.21,577632287.0,,2280607501.0,4.261,100.0,11.985979577399833,3197.52,-0.13,0.4886527196595214,1624740.0,-0.015,763660800000.0,0.07,-596969.0,2027254.0,1.69,1.379,6916.0,0.28,,0.5,宝信B,11.766,,2857904137.0,0,0.813,B股
SH688551,-35.72735108646028,,7.6969,82,-3.2,False,0.01,2.968,108994609.0,35.7,11.61,48.2742,26.63,3891107541.0,,3891107541.0,0.919,1.0,3.6929065451446452,-4.01,0.39,-2.089841166025086,147742861.0,-1.18,1599667200000.0,0.44,1072591.0,3966429.0,0.83,2.968,6912.0,3.64,,33.1,科威尔,81.041,,108994609.0,0,36.88,科创板
SH603926,3.6465277027714738,,1.5776,11,-2.99,False,0.01,2.152,230838611.0,16.25,5.07,8.4671,-4.16,3751127429.0,,3786032429.0,0.8,100.0,5.657040809000205,39.38,0.18,3.208019255582073,43332106.0,-0.5,1494345600000.0,0.42,-898030.0,2632978.0,1.1,2.152,6911.0,1.14,,44.02,铁流股份,38.788,,232986611.0,0,16.75,沪市主板
SH605151,-33.583628587187185,,1.3115,11,-1.02,False,0.01,1.779,134554222.0,18.42,3.33,9.1803,-2.49,2478488769.0,,2478488769.0,,100.0,2.4778245460818114,2.12,0.44,15.420568731450013,30348450.0,-0.19,1607961600000.0,0.25,-814451.0,1638600.0,1.51,1.779,6907.0,1.22,,44.02,西上海,72.938,,134554222.0,0,18.61,沪市主板
SH688189,81.51068520646032,,12.7871,82,-0.93,False,0.01,2.23,272829414.0,6.38,2.48,83.9313,-19.95,1740651661.0,,1740651661.0,,1.0,-16.005762687117485,-81.73,-0.16,-41.888139147884296,15469383.0,-0.06,1585152000000.0,-0.49,993898.0,2406452.0,0.93,2.243,6884.0,0.88,,86.29,ST南新,-12.984,,272829414.0,0,6.44,科创板
SH603255,24.26961031646624,,3.7816,11,1.04,False,0.01,2.592,60675248.0,31.2,4.18,18.4545,6.52,1893067738.0,,4181710010.0,0.112,100.0,3.1778697966854494,19.37,-0.03,21.26326596087562,45066537.0,0.32,1660752000000.0,0.38,2090610.0,1461366.0,0.82,2.603,6837.0,2.41,,44.01,鼎际得,82.361,,134029167.0,0,30.88,沪市主板
SH688080,-4.2884864711961175,,3.5605,82,-2.24,False,0.01,2.214,73656132.0,35.83,4.53,13.4971,-28.86,2639099210.0,,2639099210.0,0.307,1.0,10.350215823769204,-63.72,-0.17,12.259126669551357,27547007.0,-0.82,1581436800000.0,1.61,-76054.0,754849.0,1.0,2.214,6829.0,1.02,,383.17,映翰通,22.195,,73656132.0,0,36.65,科创板
SH688589,-46.94208441637371,,7.7971,82,-1.44,False,0.01,3.008,145328518.0,19.84,5.86,90.1266,-12.36,2883317797.0,,2883317797.0,0.504,1.0,1.4266755984500463,-42.61,0.15,-13.153730756882332,70194585.0,-0.29,1595347200000.0,0.1,1479043.0,3503522.0,1.35,3.008,6823.0,2.41,,341.49,力合微,192.121,,145328518.0,0,20.13,科创板
SH688280,9.086740905080415,,1.1812,82,-2.03,False,0.01,5.104,520544145.0,4.83,4.87,18.7454,-44.48,2514228220.0,,2850770652.0,,1.0,-10.98202363785767,-67.78,0.21,29.635799910220626,48135771.0,-0.1,1635264000000.0,-0.11,-493593.0,9909830.0,0.78,5.104,6779.0,1.9,,28.45,精进电动-W,-44.116,,590221667.0,0,4.93,科创板
SH688801,-10.198188113596107,,101.154,82,1.47,False,0.01,69.441,17900325.0,426.6,6.21,,200.04,7636278645.0,,183588047165.0,,1.0,,4.05,0.55,131.84659247704852,930844027.0,6.2,1789056000000.0,-2.76,-15779132.0,2185588.0,0.99,21.716,6733.0,12.21,,179.22,燧原科技-U,-154.834,,430351728.0,0,420.4,科创板
SH603344,-12.600006466584102,0.0,1.5612,11,-2.28,False,0.01,1.917,54030980.0,21.47,3.14,16.3713,-42.53,1160045141.0,1790697600000.0,4176580141.0,,100.0,7.135204889484383,-37.08,0.23,10.714597076053046,60120863.0,-0.5,1710864000000.0,0.78,1734783.0,2782900.0,1.16,1.917,6720.0,5.15,,82.48,星德胜,27.643,,194530980.0,0,21.97,沪市主板
SH603048,-15.673519508749855,,4.5136,11,-4.55,False,0.01,2.838,146880000.0,24.12,6.81,35.4222,16.05,3542745600.0,,3542745600.0,1.153,100.0,2.196507673275487,25.85,-0.21,11.556996095632766,69475885.0,-1.15,1636992000000.0,0.19,-10131878.0,2821800.0,1.09,2.838,6707.0,1.92,,43.98,浙江黎明,128.017,,146880000.0,0,25.27,沪市主板
SH688443,-9.935940338388072,0.0,27.6822,82,0.99,False,0.01,7.31,143390000.0,25.55,3.83,,-6.2,3663614500.0,1790697600000.0,9368674000.0,,1.0,-36.14402827609123,-27.0,-0.2,762.8304743980538,152379202.0,0.25,1687190400000.0,-1.53,-2638633.0,6075469.0,1.49,7.31,6666.0,4.24,,-10.19,智翔金泰-U,-16.655,,366680000.0,0,25.3,科创板
SH603408,-3.572231203795173,0.0,0.9192,11,-1.47,False,0.01,1.505,447573000.0,11.42,2.59,12.5043,-10.77,5111283660.0,1790697600000.0,5111283660.0,5.604,100.0,12.14238160049373,-33.27,0.26,11.858458359290779,20153282.0,-0.17,1596038400000.0,0.91,-2598796.0,1761464.0,1.25,1.505,6661.0,0.39,,43.98,建霖家居,12.516,,447573000.0,0,11.59,沪市主板
SH688055,5.090305756438296,0.0,5.3995,82,-3.04,False,0.01,3.009,3333333400.0,3.51,5.25,251.9148,-2.5,11700000234.0,1790697600000.0,11700000234.0,,1.0,-6.82947214708187,-59.19,0.0,-21.13309467970428,35128570.0,-0.11,1597593600000.0,-0.08,-5484276.0,9826254.0,1.36,3.008,6614.0,0.29,,707.38,龙腾光电,-42.533,,3333333400.0,0,3.62,科创板
SH688359,,0.0,17.434,82,-4.77,False,0.01,13.835,99680147.0,99.99,9.25,,50.07,9967017899.0,1790697600000.0,9967017899.0,,1.0,-2.1398433070555853,234.83,0.21,11.37439137485794,406322476.0,-5.01,1621526400000.0,-0.14,-11134340.0,3948533.0,1.02,13.835,6596.0,3.96,,253.58,三孚新科,-692.275,,99680147.0,0,105.0,科创板
SH688290,55.95026488404527,0.0,28.4663,82,-3.9,False,0.01,4.384,102189714.0,54.28,5.52,75.2756,-8.68,5546857676.0,1790697600000.0,5546857676.0,,1.0,-3.7224882665884578,119.96,-0.13,-9.278058919545607,37444428.0,-2.2,1651161600000.0,-0.47,-4047044.0,677232.0,0.9,4.384,6577.0,0.66,,-6.37,景业智能,-116.711,,102189714.0,0,56.48,科创板
SH688656,-12.419389148321747,0.0,19.8655,82,-3.96,False,0.01,9.667,63518621.0,126.51,7.18,92.413,-17.6,8035740743.0,1790697600000.0,8035740743.0,0.156,1.0,3.3677151830498846,102.58,0.0,1.4020436346525278,120003624.0,-5.21,1610467200000.0,0.44,-9153371.0,926382.0,0.67,9.667,6546.0,1.46,,81.51,浩欧博,290.003,,63518621.0,0,131.72,科创板
SH688625,2.161819121424302,0.0,17.4358,82,-0.02,False,0.01,10.516,259666940.0,66.57,15.2,59.2856,125.23,17286028196.0,1790697600000.0,17286028196.0,,1.0,16.75522369949391,246.61,-0.12,7.977631678816799,824004113.0,-0.01,1622995200000.0,0.99,-48842440.480000004,11710687.0,1.49,10.631,6524.0,4.51,,147.45,呈和科技,67.19,,259666940.0,0,66.58,科创板
SH688767,,0.0,13.1256,82,0.45,False,0.01,2.817,149333334.0,40.38,9.85,89.2165,8.88,6030080027.0,1790697600000.0,6030080027.0,1.734,1.0,0.9096320513968186,-14.29,-0.1,2.2870351722194426,262638132.0,0.18,1631030400000.0,0.14,-6916389.200000003,6216975.0,2.34,2.817,6474.0,4.16,,123.24,博拓生物,297.07,,149333334.0,0,40.2,科创板
SH688529,,,1.8264,82,-0.07,False,0.01,3.751,168175953.0,14.78,3.72,8.0218,-19.85,2485640585.0,,2485640585.0,,1.0,-95.38680895289613,-74.75,-0.4,-14.016185534142789,28016901.0,-0.01,1604851200000.0,-7.22,-1985338.0,1877076.0,1.09,3.751,6448.0,1.12,,291.58,豪森智能,-2.047,,168175953.0,0,14.79,科创板
SH603150,-14.178145867192127,,0.8625,11,-2.3,False,0.01,3.189,85483000.0,64.87,7.86,15.1552,71.28,5545282210.0,,5545282210.0,0.277,100.0,5.648842646555,65.14,-0.08,53.4701658454541,160504541.0,-1.53,1642953600000.0,1.13,-12823687.0,2443501.0,0.76,3.189,6371.0,2.86,,43.99,万朗磁塑,57.585,,85483000.0,0,66.4,沪市主板
SH688191,,0.0,5.3572,82,-5.3,False,0.01,7.221,328002738.0,18.42,8.53,83.7981,-19.86,6041810434.0,1790697600000.0,6041810434.0,0.385,1.0,-0.3257828410131472,63.63,0.05,9.386866115113834,98957062.0,-1.03,1617811200000.0,-0.01,-8202143.0,5267351.0,0.79,7.22,6361.0,1.61,,116.61,智洋创新,-2205.513,,328002738.0,0,19.45,科创板
SH688539,,0.0,11.9096,82,-2.05,False,0.01,2.507,185920000.0,22.93,5.68,,-53.4,4263145600.0,1790697600000.0,4263145600.0,0.863,1.0,-0.025781681678480283,-22.81,-0.22,-4.12289640110518,32549751.0,-0.48,1681747200000.0,0.0,1442644.0,1392105.0,0.91,2.507,6350.0,0.75,,-8.42,高华科技,-9678.171,,185920000.0,0,23.41,科创板
SH688360,1.581797686416997,0.0,2.3125,82,2.03,False,0.01,2.832,263745667.0,16.09,7.42,10.3291,-23.94,4243667782.0,1790697600000.0,4243667782.0,0.684,1.0,6.281079384994355,-31.15,0.06,13.218571809857815,93914062.0,0.32,1591027200000.0,0.35,11653729.3,5759154.0,1.17,2.832,6293.0,2.18,,193.79,德马科技,45.992,,263745667.0,0,15.77,科创板
SH688227,,0.0,15.5123,82,-4.17,False,0.01,6.019,113055275.0,67.38,6.49,501.8265,3.65,7617664429.0,1790697600000.0,7617664429.0,,1.0,-2.505177017520616,106.6,-0.1,-1.4954282267220842,145037379.0,-2.93,1640793600000.0,-0.29,-14578209.0,2109643.0,0.75,6.019,6286.0,1.87,,-11.51,品高股份,-235.963,,113055275.0,0,70.31,科创板
SH603790,31.774355611208094,,5.3122,11,2.22,False,0.01,3.707,191360000.0,25.3,7.23,57.8006,30.49,4841408000.0,,4841408000.0,0.514,100.0,7.07073746046169,124.05,0.4,8.355699720281585,88046447.0,0.55,1536681600000.0,0.47,8634188.0,3428476.0,1.21,3.707,6280.0,1.79,,43.99,雅运股份,53.898,,191360000.0,0,24.75,沪市主板
SH688439,,0.0,11.7204,82,-2.48,False,0.01,1.435,200000000.0,35.79,4.06,13.2126,-44.38,7158000000.0,1790697600000.0,7158000000.0,0.475,1.0,1.9746184218809426,-61.93,0.17,-27.007977792146608,70784354.0,-0.91,1661443200000.0,0.49,-1949194.0,1952200.0,1.14,1.435,6255.0,0.98,,49.54,振华风光,73.166,,200000000.0,0,36.7,科创板
SH688386,-10.459397982437746,0.0,5.5783,82,-2.69,False,0.01,2.936,99608958.0,44.09,6.49,41.575,-49.44,4391758958.0,1790697600000.0,4391758958.0,0.794,1.0,7.51813928395791,58.74,0.07,29.274478293699357,86276247.0,-1.22,1602777600000.0,0.86,-6643816.0,1928333.0,0.6,2.936,6254.0,1.94,,183.6,泛亚微透,51.495,,99608958.0,0,45.31,科创板
SH603095,-5.607713640378775,,3.7456,11,-1.36,False,0.01,1.517,258269200.0,13.82,3.57,52.3066,-22.53,3569280344.0,,3569280344.0,,100.0,2.2251834654913663,4.46,0.29,7.487418637600296,44344439.0,-0.19,1586880000000.0,0.2,-1210382.0,3194076.0,0.67,1.517,6231.0,1.24,,44.0,越剑智能,67.814,,258269200.0,0,14.01,沪市主板
SH688577,114.24721536155657,0.0,5.6378,82,-3.62,False,0.01,5.762,155791620.0,37.81,4.56,26.4993,-45.02,5890481152.0,1790697600000.0,5890481152.0,0.756,1.0,8.878180786454298,88.1,-0.18,24.540961764849612,28100731.0,-1.42,1600185600000.0,0.57,-177861.0,734155.0,0.91,5.762,6210.0,0.47,,85.15,浙海德曼,66.456,,155791620.0,0,39.23,科创板
SH688768,,,7.8326,82,-0.73,False,0.01,4.402,87263549.0,51.92,4.28,388.8414,20.25,4530723464.0,,4568373979.0,0.578,1.0,2.9403303153771922,43.5,0.39,-0.6371376605146084,55822273.0,-0.38,1627228800000.0,0.35,-7539087.0,1083806.0,0.74,4.402,6203.0,1.24,,251.23,容知日新,150.119,,87988713.0,0,52.3,科创板
SH603909,24.153549477291957,,0.3218,11,-0.39,False,0.01,2.245,260673140.0,10.09,3.06,5.5454,-9.43,2630191983.0,,2630191983.0,1.487,100.0,10.27118242819271,79.11,0.2,30.86792474512108,49591768.0,-0.04,1467043200000.0,0.45,-3925693.0,4875452.0,0.86,2.245,6170.0,1.87,,43.98,建发合诚,22.636,,260673140.0,0,10.13,沪市主板
SH688226,-35.447159120559704,0.0,1.2958,82,-4.33,False,0.01,2.844,188775520.0,29.17,6.13,50.2632,-21.23,5506581918.0,1790697600000.0,5719821094.0,0.175,1.0,1.7119327113834435,78.09,-0.03,21.458385929129008,202991276.0,-1.32,1625587200000.0,0.16,3322380.4800000004,6851228.0,0.78,2.844,6145.0,3.63,,196.73,威腾电气,181.603,,196085742.0,0,30.49,科创板
SH688219,10.571952947729436,0.0,0.7845,82,-0.39,False,0.01,1.847,548633400.0,10.15,2.45,12.9823,-17.29,5568629010.0,1790697600000.0,5568629010.0,1.468,1.0,7.4148794392154525,-70.5,0.1,13.387958128822275,33380473.0,-0.04,1605628800000.0,0.36,-2191940.0,3261839.0,0.97,1.85,6142.0,0.59,,373.46,会通股份,28.283,,548633400.0,0,10.19,科创板
SH900911,-25.507554838144998,,0.8704,11,0.14,False,0.001,0.359,272176190.0,0.699,0.86,145.2407,2.78,190251157.0,,784566612.0,8.155,100.0,7.071231674940661,696.13,-0.29,0.24436244200920498,208039.0,0.001,738777600000.0,0.14,-50394.0,296607.0,1.34,0.357,6116.0,0.11,,19.12,金桥B股,5.151,,1122412893.0,0,0.698,B股
SH688216,,,4.2807,82,-5.1,False,0.01,5.441,106241721.0,35.95,9.0,69.6929,61.36,3819389870.0,,4112835340.0,,1.0,-0.7087519874766058,-44.54,0.0,30.13917398265813,188127561.0,-1.93,1624377600000.0,-0.04,-3919407.9800000004,5098622.0,0.69,5.441,6096.0,4.8,,386.64,气派科技,-857.701,,114404321.0,0,37.88,科创板
SH688255,132.56792891992987,,3.6067,82,-4.04,False,0.01,2.562,109858870.0,24.93,5.39,34.043,-31.64,2738781629.0,,2738781629.0,0.582,1.0,4.92735370015303,-18.54,-0.28,22.03097221448327,54384080.0,-1.05,1635091200000.0,0.47,4221812.0,2149244.0,0.99,2.562,6087.0,1.96,,10.76,凯尔达,52.591,,109858870.0,0,25.98,科创板
SH603813,136.589523702587,,7.72,11,-0.19,False,0.01,5.717,105015000.0,25.87,5.79,87.1893,-32.19,2716738050.0,,2716738050.0,,100.0,-16.16393717955616,91.01,-0.04,-7.410702383121636,20631146.0,-0.05,1505664000000.0,-0.8,86028.0,788515.0,1.03,5.717,6086.0,0.75,,43.95,原尚股份,-32.512,,105015000.0,0,25.92,沪市主板
SH688307,38.991389318284696,0.0,6.384,82,-5.58,False,0.01,5.679,125060600.0,41.48,8.15,67.8788,34.81,5187513688.0,1790697600000.0,5187513688.0,0.685,1.0,8.39211473508003,32.43,0.27,41.1400644526422,142542158.0,-2.45,1676476800000.0,0.59,-2788502.0,3359121.0,1.27,5.644,6042.0,2.69,,102.18,中润光学,69.817,,125060600.0,0,43.93,科创板
SH688552,-71.61052999677315,0.0,13.9023,82,-1.62,False,0.01,3.724,337248000.0,28.51,5.45,,-21.42,9614940480.0,1790697600000.0,9614940480.0,0.102,1.0,-0.662533195155465,4.91,0.0,-4.850112026622133,52037805.0,-0.47,1684339200000.0,-0.05,-868478.0,1813234.0,1.02,3.724,5953.0,0.54,,27.68,航天南湖,-559.153,,337248000.0,0,28.98,科创板
SH688393,-58.42878080735697,,5.7653,82,-2.14,False,0.01,1.808,93567699.0,21.97,6.55,84.5863,-6.82,2055682347.0,,2055682347.0,0.455,1.0,-2.8508603914941495,-67.05,0.0,-9.334514790654502,49741677.0,-0.48,1597852800000.0,-0.36,3531386.0,2237556.0,0.81,1.808,5931.0,2.39,,97.91,安必平,-60.891,,93567699.0,0,22.45,科创板
SH688157,,0.0,4.9099,82,-0.16,False,0.01,2.599,187717296.0,18.48,5.02,30.7002,-38.7,3469015630.0,1790697600000.0,3469015630.0,0.179,1.0,0.21764454869316685,-46.0,0.05,5.357285149512814,44219249.0,-0.03,1591632000000.0,0.02,2380728.0,2349546.0,1.01,2.599,5915.0,1.25,,166.82,松井股份,1205.038,,187717296.0,0,18.51,科创板
SH688087,15.439223708288408,0.0,1.5086,82,-2.18,False,0.01,2.053,187568730.0,31.45,3.98,10.1847,2.41,5899036559.0,1790697600000.0,6074394211.0,0.696,1.0,10.372115849335477,-35.39,-0.13,23.000539737549698,86178146.0,-0.7,1625760000000.0,1.52,8791091.0,2725389.0,2.0,2.063,5915.0,1.45,,255.28,英科再生,20.695,,193144490.0,0,32.15,科创板
SH688721,-31.299434841465633,0.0,18.1592,82,-4.14,False,0.01,3.933,55153290.0,36.34,7.23,81.6517,-21.9,2004270559.0,1790697600000.0,4851390000.0,,1.0,3.1361558479965557,-10.59,0.33,9.96630322395129,96067097.0,-1.57,1722873600000.0,0.28,1523016.0,2601912.0,1.0,3.933,5885.0,4.72,,88.65,龙图光罩,127.761,,133500000.0,0,37.91,科创板
SH688583,-39.68179637756117,0.0,24.4864,82,-3.13,False,0.01,7.835,43124819.0,75.1,4.23,252.8747,12.99,3238673907.0,1790697600000.0,9294376000.0,0.19,1.0,4.813223334551645,31.25,0.28,12.672575019085253,66803204.0,-2.43,1736870400000.0,0.45,-5219851.0,881824.0,0.38,7.835,5869.0,2.04,,198.86,思看科技,165.946,,123760000.0,0,77.53,科创板
SH603135,,0.0,10.725,11,-1.64,False,0.01,1.786,629538080.0,8.39,3.99,46.5974,-8.9,5281824491.0,1790697600000.0,5321416901.0,0.56,100.0,-0.1412608791679791,-53.2,-0.12,-19.736155316890013,50274637.0,-0.14,1681056000000.0,-0.01,-3360379.0,5929697.0,1.2,1.786,5848.0,0.94,,60.0,中重科技,-1266.144,,634257080.0,0,8.53,沪市主板
SH603375,-78.08673841931248,,9.8075,11,-4.61,False,0.01,2.733,63780929.0,41.78,7.05,45.8141,14.7,2664767214.0,,4205853347.0,0.237,100.0,-0.08631666666642997,-34.7,-0.14,-22.162291961501314,143491610.0,-2.02,1706025600000.0,-0.01,-7194207.0,3357100.0,0.55,2.733,5801.0,5.26,,54.4,盛景微,-3130.584,,100666667.0,0,43.8,沪市主板
SH688345,,,1.4977,82,-1.49,False,0.01,3.716,101386140.0,46.24,6.37,16.8558,48.77,4688095114.0,,4710577002.0,0.428,1.0,7.864765410217471,-53.43,-0.39,16.89084528188878,55523838.0,-0.7,1623340800000.0,0.91,2462895.0,1179563.0,0.99,3.723,5778.0,1.16,,228.44,博力威,51.011,,101872340.0,0,46.94,科创板
SH688330,112.94237176828884,0.0,7.5153,82,-3.27,False,0.01,1.077,140000000.0,35.5,4.31,6.9682,-0.54,4970000000.0,1790697600000.0,4970000000.0,1.29,1.0,19.660000835471454,-53.96,0.11,-12.118703527383023,47714162.0,-1.2,1602691200000.0,5.93,-3478074.0,1328545.0,0.94,1.077,5764.0,0.95,,22.97,宏力达,5.99,,140000000.0,0,36.7,科创板
SH605298,20.513632612982647,0.0,15.7489,11,10.0,False,0.01,8.008,186251000.0,44.97,10.62,62.5631,12.9,8375707470.0,1790697600000.0,8447614500.0,0.445,100.0,5.3640426166241735,255.55,0.0,12.475768964332046,38108927.0,4.09,1614528000000.0,0.3,332170.0,864314.0,1.22,8.007,5731.0,0.46,,44.03,必得科技,152.142,,187850000.0,1,40.88,沪市主板
SH603321,-22.69179283164049,,3.6416,11,-1.94,False,0.01,1.705,344564469.0,7.07,3.19,100.5527,-11.35,2436070796.0,,2460532996.0,0.707,100.0,2.677901924952466,9.88,0.71,-10.99564602692331,52101360.0,-0.14,1505404800000.0,0.1,5747394.0,7312000.0,0.82,1.709,5713.0,2.12,,43.99,梅轮电梯,69.695,,348024469.0,0,7.21,沪市主板
SH603291,-20.09345319127853,0.0,3.6223,11,2.11,False,0.01,2.101,423220604.0,8.71,3.87,12.6941,-7.06,3686251461.0,1790697600000.0,3686251461.0,3.215,100.0,5.383164978391202,31.52,0.0,-6.150535499036369,33054008.0,0.18,1679846400000.0,0.22,3015444.0,3771500.0,1.16,2.1,5699.0,0.89,,44.03,联合水务,39.107,,423220604.0,0,8.53,沪市主板
SH605177,,,2.9786,11,6.02,False,0.01,1.732,113652363.0,25.72,9.85,145.3576,44.49,2923138776.0,,2950236108.0,,100.0,-9.593403821492274,-27.86,0.23,-8.069367870464362,347291144.0,1.46,1606233600000.0,-1.49,-36569205.0,13278200.0,1.97,1.855,5688.0,11.68,,44.01,东亚药业,-17.299,,114705914.0,0,24.26,沪市主板
SH603175,,,8.1813,11,-1.79,False,0.01,17.753,45474240.0,102.58,6.12,166.3778,50.7,4664747539.0,,44830467748.0,0.156,100.0,-5.211261877712099,46.62,-0.08,20.103045502563454,210981795.0,-1.87,1761235200000.0,-0.27,-900027.0,2044462.0,0.67,17.753,5656.0,4.5,,397.6,超颖电子,-377.823,,437029321.0,0,104.45,沪市主板
SH688727,30.055505786160207,,26.4719,82,-4.28,False,0.01,7.226,54028245.0,41.59,6.97,,-12.94,2247034710.0,,18687202164.0,,1.0,6.780243812989187,-28.29,0.05,27.61436986322099,88057782.0,-1.86,1763395200000.0,0.31,-5604826.0,2081855.0,0.94,7.226,5645.0,3.85,,310.61,恒坤新材,133.221,,449319600.0,0,43.45,科创板
SH688435,,,13.5978,82,-2.96,False,0.01,2.24,56048150.0,28.86,5.08,,-38.29,1617549609.0,,2409810000.0,,1.0,-2.212193692921184,-67.94,0.35,-12.42381131350755,54458359.0,-0.88,1674057600000.0,-0.29,-451367.0,1863318.0,0.98,2.24,5631.0,3.32,,176.77,英方软件,-99.937,,83500000.0,0,29.74,科创板
SH688588,,0.0,3.454,82,-0.9,False,0.01,3.032,390010003.0,8.77,3.28,21.9238,-37.53,3420387726.0,1790697600000.0,3420387726.0,2.258,1.0,-2.576463237759346,-79.67,0.34,9.866452008873704,19453590.0,-0.08,1589126400000.0,-0.08,-1321321.0,2204440.0,0.95,3.109,5605.0,0.57,,264.93,凌志软件,-111.984,,390010003.0,0,8.85,科创板
SH605122,88.29301376794534,,2.2584,11,-1.63,False,0.01,1.198,172354000.0,12.08,3.26,17.7799,-8.14,2082036320.0,,2082036320.0,,100.0,-14.78023424256493,-66.45,0.08,-25.582479921417946,42422490.0,-0.2,1615305600000.0,-1.61,926088.0,3496600.0,1.1,1.198,5595.0,2.03,,32.88,四方新材,-7.502,,172354000.0,0,12.28,沪市主板
SH688173,12.640322413872696,0.0,5.1081,82,-3.22,False,0.01,3.412,411437214.0,12.32,6.28,,-16.19,5068906476.0,1790697600000.0,5116877871.0,,1.0,-6.728476397846922,-70.53,0.24,39.33856660261203,102535160.0,-0.41,1642694400000.0,-0.24,-3463915.0,8214950.0,1.01,3.41,5539.0,2.0,,31.22,希荻微,-51.37,,415330996.0,0,12.73,科创板
SH688410,8.747811687462859,0.0,4.3991,82,-4.26,False,0.01,2.218,447440870.0,8.98,6.93,14.3211,-12.97,4018019013.0,1790697600000.0,4018019013.0,3.82,1.0,10.493847632988915,5.68,0.11,14.920057338536562,116920701.0,-0.4,1671984000000.0,0.41,-11526477.370000001,12761603.0,1.79,2.218,5526.0,2.85,,-18.98,山外山,21.694,,447440870.0,0,9.38,科创板
SH688667,60.7177577820234,0.0,4.9004,82,-3.53,False,0.01,2.744,52695457.0,94.53,5.62,21.6709,35.28,4981301550.0,1790697600000.0,4981301550.0,0.846,1.0,9.035499540819877,-22.64,-0.48,-5.211739862614251,65373966.0,-3.46,1615478400000.0,2.99,-5999554.0,681210.0,0.78,2.744,5495.0,1.29,,65.08,菱电电控,31.666,,52695457.0,0,97.99,科创板
SH688737,,,0.8609,82,-1.49,False,0.01,1.154,119564509.0,16.51,5.25,,-26.43,1974010044.0,,1974010044.0,,1.0,-6.241128207262208,-66.76,-0.18,24.19585504289723,29911597.0,-0.25,1634832000000.0,-0.92,1513233.0,1787881.0,1.14,1.154,5476.0,1.5,,-6.87,中自科技,-17.949,,119564509.0,0,16.76,科创板
SH688162,,,0.7572,82,-3.52,False,0.01,1.414,137100775.0,24.95,6.03,16.6419,-18.35,3420664336.0,,3420664336.0,0.798,1.0,3.5414908882260905,-68.26,0.12,8.784683868843523,37664273.0,-0.91,1636473600000.0,0.62,-1258903.9,1491022.0,1.15,1.414,5449.0,1.09,,94.57,巨一科技,40.213,,137100775.0,0,25.86,科创板
SH600925,-62.27446814672801,0.0,2.0144,11,0.24,False,0.01,1.878,6888888889.0,4.19,0.96,12.9653,-7.25,28864444445.0,1790697600000.0,28864444445.0,0.477,100.0,1.2089528590851564,-37.56,0.0,10.983662303361697,31463403.0,0.01,1680019200000.0,0.03,-1686220.0,7519600.0,1.0,1.878,5438.0,0.11,,28.48,苏能股份,155.756,,6888888889.0,0,4.18,沪市主板
SH688670,47.938750914801446,,20.3565,82,-2.72,False,0.01,2.142,123200000.0,18.22,8.97,,-9.94,2244704000.0,,2244704000.0,,1.0,-16.612827022429048,-70.54,0.22,-39.92755987846921,47555878.0,-0.51,1627833600000.0,-1.54,-3051144.2,2602182.0,1.22,2.142,5409.0,2.11,,50.25,金迪克,-11.822,,123200000.0,0,18.73,科创板
SH603137,,,2.9848,11,10.01,False,0.01,3.006,182933334.0,19.56,8.77,,42.36,3578176013.0,,3578176013.0,,100.0,-4.166465865664051,-4.14,0.0,-23.340248521639108,139451524.0,1.78,1681833600000.0,-0.28,23608493.0,7300745.0,0.78,3.006,5402.0,3.99,,59.25,恒尚节能,-70.637,,182933334.0,1,17.78,沪市主板
SH688419,21.895003903003495,,15.4235,82,-3.18,False,0.01,5.056,114551669.0,45.97,8.4,88.3335,65.76,5265940224.0,,5265940224.0,0.866,1.0,8.611136745978296,24.15,0.33,25.635752792375776,119546098.0,-1.51,1667750400000.0,0.77,790004.0,2531902.0,1.15,5.055,5374.0,2.21,,19.13,耐科装备,59.898,,114551669.0,0,47.48,科创板
SH605259,-4.918810753050984,,1.1738,11,0.12,False,0.01,1.634,172480000.0,17.41,1.32,18.8153,-20.95,3002876800.0,,3002876800.0,1.723,100.0,10.836070239940277,0.04,0.06,16.79210676461007,11917516.0,0.02,1623686400000.0,1.12,2050112.0,686096.0,1.39,1.634,5371.0,0.4,,43.99,绿田机械,15.517,,172480000.0,0,17.39,沪市主板
SH688398,-68.35439509562994,,3.5112,82,-3.8,False,0.01,3.138,167814205.0,21.29,6.33,25.9768,25.47,3572764424.0,,3572764424.0,0.235,1.0,1.2121596222183737,-32.3,0.09,7.4862729336308,49531993.0,-0.84,1581350400000.0,0.08,445917.0,2297726.0,1.27,3.497,5363.0,1.37,,252.4,赛特新材,259.522,,167814205.0,0,22.13,科创板
SH605158,-55.88630438770987,,0.483,11,0.66,False,0.01,1.593,511420000.0,7.66,4.6,1.9709,-4.04,3917477200.0,,3917477200.0,0.64,100.0,1.0759885388553037,8.0,-0.13,7.856627224850099,48888658.0,0.05,1596556800000.0,0.05,511267.0,6345366.0,1.52,1.593,5360.0,1.24,,43.98,华达新材,146.57,,511420000.0,0,7.61,沪市主板
SH900942,-10.708247759586564,,1.4781,11,-1.67,False,0.001,0.653,216079440.0,0.649,1.67,4.918,-5.48,140235557.0,,473367257.0,3.082,100.0,6.206997680894035,940.06,0.0,4.742270221423439,223143.0,-0.011,848592000000.0,0.06,-30549.0,341771.0,2.98,0.649,5345.0,0.16,,7.75,黄山B股,10.712,,729379440.0,0,0.66,B股
SH688051,-6.646588994344594,,10.5256,82,-2.12,False,0.01,3.497,77334000.0,24.5,5.51,148.0442,-38.15,1894683000.0,,1894683000.0,,1.0,-22.48619264948405,-81.2,-0.24,-21.409033449557636,39834469.0,-0.53,1584633600000.0,-1.77,1287637.0,1603074.0,0.89,3.497,5318.0,2.07,,130.29,佳华科技,-13.805,,77334000.0,0,25.03,科创板
SH688793,35.6546585474633,,1.9717,82,-3.77,False,0.01,8.048,85003119.0,17.63,5.73,,-19.13,1498604988.0,,1498604988.0,,1.0,-44.37990514141169,-84.35,-0.06,-16.55578849898668,39990236.0,-0.69,1626278400000.0,-1.27,2384916.5,2237574.0,1.04,8.138,5285.0,2.63,,524.74,倍轻松,-13.838,,85003119.0,0,18.32,科创板
SH688246,,,7.0094,82,3.39,False,0.01,2.056,137585598.0,18.29,9.67,187.7838,-21.33,2516440587.0,,2516440587.0,,1.0,-16.08645017685346,-55.39,0.16,-22.72690872518902,113257899.0,0.6,1639411200000.0,-1.56,12121629.85,6097770.0,2.76,2.056,5282.0,4.43,,8.23,嘉和美康,-11.747,,137585598.0,0,17.69,科创板
SH688486,24.422692407443435,0.0,13.722,82,-3.25,False,0.01,5.591,186862347.0,45.5,5.83,63.961,-13.18,8502236789.0,1790697600000.0,8502640010.0,1.624,1.0,12.253696026677488,36.39,0.22,28.55432600490635,216610011.0,-1.53,1676908800000.0,0.98,-10259211.0,4731006.0,1.01,5.591,5275.0,2.53,,35.87,龙迅股份,46.542,,186871209.0,0,47.03,科创板
SH605318,,0.0,18.2579,11,2.3,False,0.01,14.414,125729028.0,71.91,6.33,166.1302,10.34,9041174403.0,1790697600000.0,9041174403.0,,100.0,-1.9266350281467983,403.12,0.18,-14.723906284064848,66640275.0,1.62,1596384000000.0,-0.1,287656.0,917203.0,0.89,14.414,5269.0,0.73,,44.0,法狮龙,-740.49,,125729028.0,0,70.29,沪市主板
SH605155,0.9366721232340947,,3.0895,11,3.16,False,0.01,2.058,187428372.0,14.7,5.68,17.5943,-13.49,2755197068.0,,2800634768.0,2.048,100.0,7.743607312325993,23.61,0.27,13.555016609239123,52708755.0,0.45,1609344000000.0,0.54,5798287.0,3582060.0,2.11,2.067,5256.0,1.91,,43.98,西大门,27.269,,190519372.0,0,14.25,沪市主板
SH605500,-53.215396848671624,,0.8534,11,1.89,False,0.01,1.217,414400000.0,7.53,3.11,15.025,-15.03,3120432000.0,,3120432000.0,0.93,100.0,1.4959979829096606,-35.88,0.4,27.89950063556208,38090217.0,0.14,1608566400000.0,0.09,2550282.0,5085505.0,1.8,1.217,5254.0,1.23,,44.02,森林包装,81.487,,414400000.0,0,7.39,沪市主板
SH605566,23.037701023838196,,5.1397,11,6.39,False,0.01,2.208,133340000.0,34.12,8.95,112.1665,8.75,4549560800.0,,4549560800.0,0.29,100.0,2.531988565681019,-7.15,0.21,2.837441147071762,231362973.0,2.05,1635091200000.0,0.39,8771722.0,6818201.0,1.08,2.208,5108.0,5.11,,24.81,福莱蒽特,88.52,,133340000.0,0,32.07,沪市主板
SH688619,61.0115741029263,,16.6806,82,-3.62,False,0.01,3.734,185438042.0,13.04,8.5,50.4316,-4.12,2418112068.0,,2418112068.0,,1.0,-29.692726130616325,-68.75,0.54,-32.736018975558345,44008313.0,-0.49,1614009600000.0,-1.2,-3869937.0,3324593.0,1.24,3.734,5082.0,1.79,,102.43,罗普特,-10.91,,185438042.0,0,13.53,科创板
SH688232,-42.662783103616576,0.0,3.2543,82,-0.45,False,0.01,1.081,321981975.0,17.58,2.21,18.1731,-28.83,5660443120.0,1790697600000.0,5660443120.0,0.563,1.0,0.6645566435093733,-61.49,0.29,-13.696674473765535,33319285.0,-0.08,1637078400000.0,0.11,171088.0,1901987.0,1.11,1.081,5053.0,0.59,,-4.5,新点软件,161.028,,321981975.0,0,17.66,科创板
SH688789,-10.355378951286731,0.0,4.0201,82,-3.84,False,0.01,2.548,180256107.0,48.08,5.06,50.0928,-40.38,8666713625.0,1790697600000.0,8666713625.0,1.227,1.0,11.57425660709067,-27.74,-0.12,16.259917319755736,94047309.0,-1.92,1625673600000.0,2.16,-716567.0,1944099.0,0.53,2.548,5040.0,1.08,,446.57,宏华数科,22.286,,180256107.0,0,50.0,科创板
SH688566,-7.416285703190084,0.0,5.4782,82,-0.73,False,0.01,2.179,201101625.0,27.26,4.26,24.42,-7.74,5482030298.0,1790697600000.0,5482030298.0,1.908,1.0,8.690136197236434,-38.61,-0.04,6.488401823275258,75509163.0,-0.2,1589731200000.0,1.05,-3545777.0,2776449.0,0.91,2.179,4986.0,1.38,,92.91,吉贝尔,25.916,,201101625.0,0,27.46,科创板
SH688648,,0.0,2.1224,82,-3.4,False,0.01,1.762,69528924.0,27.57,5.57,,-54.79,1916912435.0,1790697600000.0,3749520000.0,0.907,1.0,-4.171107213942826,-26.31,0.55,10.080798824972902,40226392.0,-0.97,1699804800000.0,-0.67,-2235786.0,1443125.0,1.12,1.762,4974.0,2.08,,132.02,中邮科技,-41.033,,136000000.0,0,28.54,科创板
SH688796,,0.0,32.349,82,-2.97,False,0.01,22.699,38607498.0,123.0,8.99,128.3176,133.84,4748722254.0,1790697600000.0,54968505660.0,,1.0,22.10809990939953,112.07,-0.43,42.861022202304724,243778261.0,-3.77,1765296000000.0,0.82,-19267242.0,1960968.0,0.77,22.699,4956.0,5.08,,146.63,百奥赛图,150.066,,446898420.0,0,126.77,科创板
SH603373,6.866328745478945,0.0,2.866,11,4.03,False,0.01,4.189,63602151.0,52.2,7.01,17.5136,93.88,3320032282.0,1790697600000.0,7858064547.0,0.67,100.0,7.325963287470624,67.16,0.08,3.677286082237119,253989031.0,2.02,1703001600000.0,0.89,-2283204.0,4882511.0,0.85,4.189,4947.0,7.68,,141.88,安邦护卫,58.417,,150537635.0,0,50.18,沪市主板
SH688758,70.66547853294371,0.0,24.7944,82,-1.19,False,0.01,8.933,298183672.0,29.77,7.67,80.9666,68.37,8876927915.0,1790697600000.0,12398135781.0,0.235,1.0,13.699468225836785,6.47,-0.1,36.0269377373319,486456366.0,-0.36,1736438400000.0,0.44,-4622311.0,16159104.0,1.29,8.933,4900.0,5.42,,379.17,赛分科技,67.559,,416464084.0,0,30.13,科创板
SH688563,-8.504334636079413,0.0,7.7661,82,-2.18,False,0.01,2.106,135542674.0,49.0,4.33,237.0605,-15.8,6641591026.0,1790697600000.0,22018617852.0,0.829,1.0,4.639637874082698,-28.16,1.07,0.08763969499381297,128321424.0,-1.09,1689696000000.0,1.08,-12616560.0,2602281.0,1.08,2.109,4879.0,1.92,,-19.43,航材股份,45.277,,449359548.0,0,50.09,科创板
SH688633,45.32544775430838,,3.9755,82,0.05,False,0.01,1.551,170400630.0,21.78,2.85,12.6512,-6.19,3711325721.0,,3711325721.0,2.746,1.0,12.233432657149026,-34.0,0.46,13.825945179533527,33482627.0,0.01,1616515200000.0,1.45,-2998356.0,1532085.0,1.08,1.551,4879.0,0.9,,84.12,星球石墨,14.994,,170400630.0,0,21.77,科创板
SH688557,1.6871250457529463,,1.971,82,-2.54,False,0.01,2.466,148322528.0,20.33,4.27,,-18.54,3015396994.0,,3015396994.0,1.112,1.0,9.335716580069024,-36.65,0.44,17.161239720808965,29777719.0,-0.53,1606838400000.0,0.75,-2496864.0,1448904.0,1.34,2.466,4874.0,0.98,,137.36,兰剑智能,26.928,,148322528.0,0,20.86,科创板
SH688669,482.4754783970928,,2.0199,82,0.07,False,0.01,7.056,121333334.0,60.54,9.16,42.4277,160.5,7345520040.0,,7345520040.0,,1.0,-22.369894390532426,48.26,0.12,-3.0106497301404134,174145078.0,0.04,1611504000000.0,-2.16,7191511.0,2793835.0,1.47,7.056,4861.0,2.3,,42.84,聚石化学,-27.977,,121333334.0,0,60.5,科创板
SH688579,,,7.0632,82,-0.77,False,0.01,2.258,400010000.0,7.78,3.83,44.6908,-27.35,3112077800.0,,3112077800.0,0.643,1.0,0.940695049236806,-75.32,0.39,-15.685795430030725,22459049.0,-0.06,1594915200000.0,0.03,495746.0,2863704.0,1.06,2.258,4849.0,0.72,,271.92,地纬智能,240.966,,400010000.0,0,7.84,科创板
SH603275,-0.008876011147207485,0.0,6.4273,11,-1.53,False,0.01,1.757,44921179.0,36.11,3.74,78.4634,-20.52,1622103774.0,1790697600000.0,5367926670.0,0.335,100.0,6.27037467752696,-41.38,0.06,16.173874754167763,32288322.0,-0.56,1692720000000.0,1.25,4014625.0,885700.0,1.4,1.758,4842.0,1.97,,29.22,众辰科技,28.876,,148654851.0,0,36.67,沪市主板
SH688156,21.070808934292007,,5.5348,82,7.69,False,0.01,3.18,100714157.0,24.36,15.21,45.0931,52.15,2453396865.0,,2453396865.0,,1.0,-6.039922174017443,-16.41,0.5,15.671763630016212,193764032.0,1.74,1600704000000.0,-0.48,9947322.0,7927336.0,3.02,3.18,4841.0,7.87,,84.16,路德科技,-51.004,,100714157.0,0,22.62,科创板
SH688581,-1.4664934113460038,0.0,7.4465,82,-3.03,False,0.01,1.733,41178278.0,54.68,5.67,20.1616,-4.96,2251628241.0,1790697600000.0,4414899070.0,1.909,1.0,8.595370662030408,-33.13,0.31,5.184514840912091,46756887.0,-1.71,1684425600000.0,2.65,-3635641.0,842727.0,0.8,1.741,4799.0,2.05,,-1.19,安杰思,20.648,,80740656.0,0,56.39,科创板
SH688496,84.10835516602076,,0.42384101923499407,82,0.0,False,0.01,0.368,237945600.0,0.58,,,-90.24,138008448.0,,261000000.0,,1.0,-34.92665330647822,-93.16,,-5.353362074817181,,0.0,1672156800000.0,-0.66,,,1.07,0.368,4784.0,,,8.84,*ST清越,-0.878,,450000000.0,0,0.58,科创板
SH688273,-13.083910797586695,,7.3806,82,-4.1,False,0.01,2.119,100000000.0,28.29,6.34,42.5248,-32.7,2829000000.0,,2829000000.0,2.764,1.0,5.648920391514734,-25.29,-0.04,0.42495090610150665,23748332.0,-1.21,1660147200000.0,0.75,-1262936.0,820546.0,0.81,2.119,4770.0,0.82,,9.38,麦澜德,37.5,,100000000.0,0,29.5,科创板
SH603201,-4.633587183739851,,0.9039,11,-0.59,False,0.01,1.619,188354742.0,15.17,2.56,9.3861,-8.22,2857341436.0,,2881992383.0,1.912,100.0,11.507700609650549,6.57,0.07,6.7583705109504955,28392230.0,-0.09,1659024000000.0,1.05,-277702.0,1857220.0,0.89,1.619,4727.0,0.99,,44.01,常润股份,14.48,,189979722.0,0,15.26,沪市主板
SH603257,11.375919252459443,0.0,4.3855,11,-1.26,False,0.01,2.981,24900000.0,63.39,3.49,35.0677,7.66,1578411000.0,1790697600000.0,7606800000.0,0.789,100.0,7.284669988599347,5.61,0.65,-19.951918781739874,68818893.0,-0.81,1744041600000.0,1.51,1617420.0,1072963.0,0.64,2.981,4719.0,4.31,,386.84,中国瑞林,41.933,,120000000.0,0,64.2,沪市主板
SH688230,18.284898202558388,0.0,14.5956,82,-5.19,False,0.01,2.817,117600000.0,54.99,7.45,95.6037,-23.64,6466824000.0,1790697600000.0,6466824000.0,0.782,1.0,5.820304749823729,-42.79,0.2,16.01304126988097,62730795.0,-3.01,1638288000000.0,1.12,2284671.0,1107820.0,1.07,2.817,4712.0,0.94,,39.92,芯导科技,49.19,,117600000.0,0,58.0,科创板
SH688517,-24.387530806717738,,3.6028,82,-2.51,False,0.01,3.334,136613184.0,18.23,6.47,29.8943,19.77,2490458344.0,,2490458344.0,2.644,1.0,7.422610269190509,40.75,0.16,4.1942990791887125,124544321.0,-0.47,1623945600000.0,0.42,-8657810.32,6868554.0,1.44,3.334,4705.0,5.03,,101.69,金冠电气,43.842,,136613184.0,0,18.7,科创板
SH603325,-16.841289195674324,0.0,3.6395,11,1.68,False,0.01,1.579,34183200.0,54.36,1.83,233.3745,-28.76,1858198752.0,1790697600000.0,4349017440.0,1.84,100.0,9.876514526992331,-12.15,0.0,-4.742993330390122,20328781.0,0.9,1704816000000.0,3.32,1210197.0,376266.0,1.62,1.579,4697.0,1.1,,17.21,博隆技术,16.384,,80004000.0,0,53.46,沪市主板
SH900910,126.04271345471396,,0.2208,11,0.0,False,0.001,0.73,284169608.0,0.626,1.12,3.9319,5.23,177890175.0,,671913598.0,0.639,100.0,3.2817606156568764,,0.0,6.375875697930611,292932.0,0.0,727286400000.0,0.03,41620.0,470412.0,1.56,0.726,4688.0,0.17,,,海立B股,22.282,,1073344406.0,0,0.626,B股
SH688078,25.141072916025454,,14.2207,82,0.4,False,0.01,3.342,72893000.0,30.32,4.14,88.3708,10.25,2210115760.0,,2210115760.0,,1.0,-10.482388759460408,-36.2,-0.03,-26.598904928328448,44831619.0,0.12,1577635200000.0,-1.0,692445.0,1492664.0,0.94,3.342,4659.0,2.05,,126.49,龙软科技,-30.185,,72893000.0,0,30.2,科创板
SH601033,9.86702553741019,0.0,2.8519,11,0.0,False,0.01,1.184,240000000.0,14.18,1.55,6.9035,-2.39,3403200000.0,1790697600000.0,12762000000.0,4.443,100.0,8.69650366510428,-28.77,-0.14,9.766912503118807,48182474.0,0.0,1705507200000.0,1.02,-3198770.0,3408100.0,1.83,1.184,4637.0,1.42,,37.1,永兴股份,13.847,,900000000.0,0,14.18,沪市主板
SH603312,-7.418888143254199,0.0,2.0514,11,0.55,False,0.01,2.926,50919500.0,33.08,3.77,13.4207,-28.57,1684417060.0,1790697600000.0,5292783460.0,1.965,100.0,11.699304164424792,-17.14,0.15,9.031010781419834,36680284.0,0.18,1704902400000.0,1.29,533294.0,1097900.0,1.15,2.926,4634.0,2.16,,43.69,西典新能,25.742,,159999500.0,0,32.9,沪市主板
SH603407,15.928366802568238,,13.1765,11,-1.76,False,0.01,10.742,35911992.0,56.45,3.53,79.9388,307.29,2027231948.0,,23024556790.0,,100.0,15.575465800777092,-17.89,0.07,2.1512218378727077,125796270.0,-1.01,1778428800000.0,0.67,3527304.0,2199226.0,0.53,10.742,4565.0,6.12,,562.63,长裕集团,83.959,,407875231.0,0,57.46,沪市主板
SH688813,3.162730941961711,,8.6948,82,-4.08,False,0.01,10.778,32000000.0,122.87,8.55,162.3839,370.1,3931840000.0,,19659200000.0,0.488,1.0,14.97425998028261,152.13,0.15,8.282347278081836,587287760.0,-5.22,1774886400000.0,1.17,-23188958.38,4645827.0,0.88,10.778,4564.0,14.52,,88.24,泰金新能,105.119,,160000000.0,0,128.09,科创板
SH603041,-15.805360027443538,,3.1706,11,-0.87,False,0.01,1.368,183147692.0,11.43,3.47,14.629,-4.13,2093378120.0,,2093378120.0,1.041,100.0,4.0921463887546805,-4.12,-0.44,11.915219018803436,25857952.0,-0.1,1490803200000.0,0.34,-2061931.0,2244500.0,0.77,1.368,4552.0,1.23,,43.96,美思德,33.865,,183147692.0,0,11.53,沪市主板
SH605003,-41.41374679069051,,4.7502,11,0.0,False,0.01,1.859,110000000.0,24.21,2.6,25.2598,-30.35,2663100000.0,,2663100000.0,2.065,100.0,4.777798572192891,-7.58,0.12,8.195123477131672,22256607.0,0.0,1599494400000.0,0.62,745042.0,917300.0,0.78,1.859,4552.0,0.83,,44.0,众望布艺,39.065,,110000000.0,0,24.21,沪市主板
SH688282,-12.053619811789229,0.0,15.7629,82,-1.41,False,0.01,3.445,89107200.0,49.67,5.5,,-21.78,4425954624.0,1790697600000.0,4425954624.0,,1.0,-1.5943310175215708,-7.54,0.1,81.73357156161998,29048771.0,-0.71,1647532800000.0,-0.23,1021297.0,580994.0,0.85,3.44,4503.0,0.65,,-15.04,理工导航,-217.47,,89107200.0,0,50.38,科创板
SH900912,2.6274146947246058,,0.9236,11,0.0,False,0.001,0.378,200557500.0,0.642,0.47,11.3658,2.0,128757915.0,,873063644.0,7.944,100.0,6.146364095344756,608.61,0.0,-4.0255768205823,151669.0,0.0,743616000000.0,0.1,-62595.0,236044.0,1.49,0.376,4498.0,0.12,,0.0,外高B股,6.207,,1359912218.0,0,0.642,B股
SH688203,14.20904041053328,,3.562,82,-2.64,False,0.01,2.502,202678068.0,18.45,7.02,128.4432,44.37,3739410355.0,,3739410355.0,,1.0,1.857622638916165,-18.31,0.16,18.86214805704165,330759947.0,-0.5,1660579200000.0,0.14,6218208.0,17601272.0,0.65,2.502,4479.0,8.68,,25.0,海正生材,135.457,,202678068.0,0,18.95,科创板
SH900936,5.228150485908567,,0.9329,11,1.87,False,0.001,1.152,823200000.0,1.308,2.18,4.6025,37.83,1076745600.0,,3660799340.0,7.798,100.0,13.380875345102384,4780.6,0.0,-3.7362865874757345,1253325.0,0.024,814118400000.0,0.15,110240.0,962430.0,1.42,1.146,4458.0,0.12,,-1.92,鄂资B股,8.796,,2798776254.0,0,1.284,B股
SH688225,3.161890432801595,0.0,0.8105,82,-5.1,False,0.01,4.089,400010000.0,14.9,5.35,20.5284,-23.2,5960149000.0,1790697600000.0,5960149000.0,,1.0,-21.183612056513244,-57.04,0.27,61.55822703530964,115783761.0,-0.8,1644336000000.0,-0.86,4785175.0,7661660.0,0.54,4.089,4455.0,1.92,,27.53,亚信安全,-17.279,,400010000.0,0,15.7,科创板
SH603248,-10.610109334982177,,7.7567,11,4.94,False,0.01,4.303,71504951.0,21.44,11.16,,-1.59,1533066149.0,,9862400000.0,0.746,100.0,9.297878076740282,-24.01,0.7,12.181092673477512,457048826.0,1.01,1766419200000.0,0.36,49338368.0,21230069.0,0.91,4.303,4451.0,29.69,,264.46,锡华科技,59.454,,460000000.0,0,20.43,沪市主板
SH603062,-24.348888986728223,0.0,2.4482,11,2.04,False,0.01,2.004,37073100.0,37.59,4.13,222.4646,-18.27,1393577829.0,1790697600000.0,4059720000.0,3.549,100.0,6.757417991535789,-46.45,0.19,12.138038505235427,13464650.0,0.75,1699286400000.0,1.28,-979339.0,357701.0,1.03,2.004,4401.0,0.96,,28.75,麦加芯彩,29.425,,108000000.0,0,36.84,沪市主板
SH688325,8.860037260112662,0.0,17.6349,82,-2.33,False,0.01,5.376,82181375.0,105.0,5.27,1434.6255,21.24,8629044375.0,1790697600000.0,9078974835.0,1.205,1.0,5.2741055633402105,108.33,0.4,29.95854127861226,83178878.0,-2.5,1650556800000.0,1.03,-1965671.0,796099.0,0.85,5.355,4389.0,0.97,,-26.06,赛微微电,101.82,,86466427.0,0,107.5,科创板
SH688659,,,1.9109,82,-0.66,False,0.01,2.917,160000000.0,9.04,4.62,,-4.34,1446400000.0,,1446400000.0,,1.0,-11.289940988999927,-55.97,0.78,15.812416090917214,30011363.0,-0.06,1617120000000.0,-0.37,-1702481.0,3299337.0,1.15,2.917,4388.0,2.06,,160.77,元琛科技,-24.737,,160000000.0,0,9.1,科创板
SH603350,-21.516503112533393,,1.6629,11,0.04,False,0.01,2.437,44124500.0,28.28,2.02,28.1438,-25.13,1247840860.0,,3294054400.0,1.061,100.0,6.455832955492548,-26.3,0.53,11.12661557435648,13511397.0,0.01,1719936000000.0,0.74,-1299753.0,475900.0,1.03,2.437,4375.0,1.08,,100.34,安乃达,38.072,,116480000.0,0,28.27,沪市主板
SH688004,-13.802354442049413,,14.6724,82,-2.17,False,0.01,4.182,80088000.0,29.3,5.88,,26.68,2346578400.0,,2346578400.0,,1.0,-4.585322025302804,-54.6,0.41,-11.267265639085867,240727191.0,-0.65,1591891200000.0,-0.33,7003531.0,8074518.0,0.81,4.182,4358.0,10.08,,340.74,博汇科技,-88.99,,80088000.0,0,29.95,科创板
SH688061,,,7.2314,82,-5.29,False,0.01,2.047,114889391.0,40.13,8.99,,23.56,4610511261.0,,4610511261.0,0.481,1.0,-2.412773423548611,-39.86,0.17,12.854218287769093,63348531.0,-2.24,1666022400000.0,-0.49,-2009518.0,1534994.0,0.76,2.047,4326.0,1.34,,-16.65,灿瑞科技,-82.402,,114889391.0,0,42.37,科创板
SH688310,,,5.1869,82,-3.29,False,0.01,3.119,164324600.0,14.72,6.18,118.6793,-2.56,2418858112.0,,2418858112.0,1.671,1.0,5.3985173971116165,-0.43,-0.14,1.8565921683515452,27551294.0,-0.5,1575302400000.0,0.26,-776068.6600000001,1840787.0,1.02,3.119,4318.0,1.12,,25.17,迈得医疗,56.869,,164324600.0,0,15.22,科创板
SH603190,-0.05375404579271992,,1.3821,11,-1.1,False,0.01,1.252,168000000.0,16.11,2.89,17.2932,-15.31,2706480000.0,,2808875160.0,1.328,100.0,5.911290966137638,-31.91,0.12,9.589144038776887,25967897.0,-0.18,1676563200000.0,0.74,-1734311.0,1596480.0,1.2,1.252,4301.0,0.95,,44.0,亚通精工,21.706,,174356000.0,0,16.29,沪市主板
SH688236,0.9252979598681543,0.0,5.5258,82,-1.26,False,0.01,1.768,288428000.0,14.05,3.23,18.1041,-37.47,4052413400.0,1790697600000.0,5389137425.0,3.488,1.0,9.33651723365552,-49.25,0.21,-9.540430661469635,28108798.0,-0.18,1640793600000.0,0.72,1114120.0,1980046.0,1.1,1.768,4296.0,0.69,,-3.99,春立医疗,19.383,,383568500.0,0,14.23,科创板
SH688593,-29.084604435617067,0.0,21.1315,82,-4.76,False,0.01,8.784,459529412.0,29.42,8.19,166.4707,46.0,13519355301.0,1790697600000.0,13519355301.0,0.153,1.0,0.6179448357282813,55.74,0.03,11.736666855823863,357084649.0,-1.47,1685548800000.0,0.02,-27407391.0,11884142.0,0.89,8.784,4296.0,2.59,,88.46,新相微,1418.997,,459529412.0,0,30.89,科创板
SH688045,39.257745052357016,,4.4148,82,-3.35,False,0.01,2.581,70576989.0,53.35,9.46,51.8964,38.01,3765282363.0,,3765282363.0,0.101,1.0,4.130661499488575,-23.72,0.11,23.63454659538913,138216543.0,-1.85,1653494400000.0,0.83,-875247.0,2501121.0,1.39,2.581,4290.0,3.54,,13.51,必易微,64.377,,70576989.0,0,55.2,科创板
SH900916,20.72687433874274,,0.8304,11,-0.36,False,0.001,0.899,151600020.0,0.554,1.26,6.1929,49.41,83986411.0,,274393029.0,1.625,100.0,4.569709278799991,136.35,0.0,9.303330691429945,387106.0,-0.002,753638400000.0,0.03,0.0,697719.0,0.61,0.895,4270.0,0.46,,67.9,凤凰B股,19.443,,495294277.0,0,0.556,B股
SH688253,-40.880271872214,0.0,25.2249,82,-3.63,False,0.01,3.56,137968284.0,52.35,7.12,159.5151,74.75,7222639667.0,1790697600000.0,7222639667.0,0.84,1.0,2.4963663615650415,63.42,0.11,-23.399652364279223,54665377.0,-1.97,1658937600000.0,0.37,-4264920.0,1026327.0,1.19,3.535,4265.0,0.74,,26.63,英诺特,142.968,,137968284.0,0,54.32,科创板
SH688708,-22.715768916500913,0.0,13.7958,82,-2.04,False,0.01,4.431,142743950.0,37.52,4.46,,-39.12,5355753004.0,1790697600000.0,15025919552.0,1.33,1.0,12.021127545978228,-55.1,0.46,1.8179312088563604,56186634.0,-0.78,1733328000000.0,0.98,1421766.0,1489805.0,1.35,4.431,4238.0,1.04,,151.11,佳驰科技,38.131,,400477600.0,0,38.3,科创板
SH688021,140.5787521538498,,4.3498,82,0.3,False,0.01,1.72,76413717.0,19.87,3.43,17.3199,9.04,1518340557.0,,1518340557.0,0.755,1.0,4.054201994545099,-31.92,0.25,1.6320372606273281,23818588.0,0.06,1572969600000.0,0.46,613023.0,1196264.0,0.99,1.72,4216.0,1.57,,26.9,奥福科技,43.091,,76413717.0,0,19.81,科创板
SH688501,-0.9033093328943753,,1.5649,82,1.21,False,0.01,2.299,173916400.0,15.08,4.83,,-18.92,2622659312.0,,2622659312.0,1.326,1.0,10.894788160411437,5.35,0.2,11.965271132553301,56862219.0,0.18,1626364800000.0,0.68,3687960.0,3729098.0,1.04,2.299,4194.0,2.14,,134.91,青达环保,22.07,,173916400.0,0,14.9,科创板
SH603271,69.02773226887258,0.0,0.7368,11,1.04,False,0.01,2.269,94575996.0,38.82,2.19,21.8182,-4.64,3671440165.0,1790697600000.0,7691600700.0,2.509,100.0,24.29758120586122,-16.05,0.23,20.503696321462293,42073202.0,0.4,1741622400000.0,3.75,-875304.0,1088300.0,1.27,2.269,4187.0,1.15,,124.42,永杰新材,10.345,,198135000.0,0,38.42,沪市主板
SH688607,,,9.7115,82,-0.87,False,0.01,3.706,88129027.0,35.24,7.79,,-17.66,3105666911.0,,3105666911.0,,1.0,-3.4961627834571374,-19.54,0.31,5.177179453625702,50645107.0,-0.31,1612108800000.0,-0.34,-3805575.0,1408467.0,1.21,3.706,4157.0,1.6,,266.22,康众科技,-104.796,,88129027.0,0,35.55,科创板
SH603402,-18.154431863034038,,6.2216,11,-1.95,False,0.01,2.024,25133334.0,57.7,2.84,13.1872,-4.73,1450193372.0,,5800773372.0,2.666,100.0,14.997321616249353,-41.57,-0.02,-8.429201774746776,76941820.0,-1.15,1767628800000.0,3.03,551301.0,1323430.0,0.88,2.024,4146.0,5.27,,64.1,陕西旅游,19.05,,100533334.0,0,58.85,沪市主板
SH603091,24.215457589051013,0.0,3.7825,11,1.06,False,0.01,2.875,44948920.0,45.8,2.34,19.7623,-17.91,2058660536.0,1790697600000.0,6555551398.0,1.498,100.0,15.95105206624567,41.49,0.0,14.927931717650589,24530769.0,0.48,1726761600000.0,2.4,39447.0,535780.0,0.95,2.875,4144.0,1.19,,58.0,众鑫股份,19.066,,143134310.0,0,45.32,沪市主板
SH603307,-22.997483277781516,,2.8426,11,1.1,False,0.01,1.8,97150000.0,25.77,1.65,21.6116,-2.5,2503555500.0,,2527432694.0,4.245,100.0,7.562016384771751,11.43,0.0,2.7625312659239842,29495337.0,0.28,1676476800000.0,1.08,-2831031.0,1144020.0,0.94,1.811,4137.0,1.18,,44.01,扬州金泉,23.823,,98076550.0,0,25.49,沪市主板
SH688489,,0.0,7.8735,82,-3.69,False,0.01,2.522,168277447.0,26.39,5.36,49.7306,-15.02,4440841826.0,1790697600000.0,4475177803.0,,1.0,-1.491750308167131,-54.26,0.61,18.378015290368644,53611135.0,-1.01,1669910400000.0,-0.16,826771.0,2008145.0,0.54,2.522,4104.0,1.19,,51.48,三未信安,-166.845,,169578545.0,0,27.4,科创板
SH603194,0.6539626856624459,0.0,1.7295,11,1.06,False,0.01,2.392,158026913.0,33.38,1.48,16.7152,-14.11,5274938356.0,1790697600000.0,13385380000.0,1.947,100.0,15.787943064951527,-50.71,0.06,11.828591897065998,22182155.0,0.35,1734969600000.0,2.09,-507838.0,667200.0,1.11,2.392,4064.0,0.42,,166.14,中力股份,15.947,,401000000.0,0,33.03,沪市主板
SH688057,-63.28954528659646,,17.1526,82,-3.13,False,0.01,1.563,276000000.0,17.93,5.19,17.013,48.21,4948680000.0,,4948680000.0,1.115,1.0,1.151054998631995,-45.78,0.0,-19.86209691643559,45721754.0,-0.58,1605024000000.0,0.13,-4168695.0,2513203.0,0.47,1.563,4058.0,0.91,,70.12,金达莱,134.781,,276000000.0,0,18.51,科创板
SH900902,-3.9522420411441606,,1.11,11,-1.85,False,0.001,0.333,465850000.0,0.159,1.85,3.9264,-8.62,74070150.0,,297855464.0,,100.0,-3.974061250263467,-92.25,-0.63,32.81050917385937,74449.0,-0.003,709920000000.0,-0.02,0.0,465400.0,0.92,0.332,4041.0,0.1,,0.0,市北B股,-8.182,,1873304804.0,0,0.162,B股
SH688211,-2.4582996687548486,,1.5267,82,-2.67,False,0.01,1.147,131092862.0,31.0,4.71,19.2256,0.65,4063878722.0,,4063878722.0,,1.0,-0.4973515480010088,-64.92,-0.1,13.364863504253165,22573088.0,-0.85,1635177600000.0,-0.13,301029.0,717761.0,0.88,1.147,4036.0,0.55,,-12.63,中科微至,-232.229,,131092862.0,0,31.85,科创板
SH688710,-26.029943424909263,0.0,16.7736,82,1.91,False,0.01,6.387,92456209.0,107.21,12.19,39.898,142.83,9912230167.0,1790697600000.0,15114424524.0,,1.0,1.0144784796866633,253.84,-0.28,-1.0716769057302455,550239129.0,2.01,1725292800000.0,0.17,-14425100.68,5172217.0,1.07,6.387,4024.0,5.59,,41.61,益诺思,633.825,,140979615.0,0,105.2,科创板
SH688569,-7.942864958416839,0.0,2.7438,82,-1.3,False,0.01,1.29,210666700.0,18.26,3.24,25.0363,-15.17,3846773942.0,1790697600000.0,3846773942.0,2.174,1.0,6.626271956886234,-44.64,-0.27,-0.8473775379906789,23302882.0,-0.24,1598803200000.0,0.92,-1275556.0,1268474.0,1.57,1.29,4016.0,0.6,,52.89,铁科轨道,19.937,,210666700.0,0,18.5,科创板
SH688693,,,16.2362,82,-4.42,False,0.01,6.498,38904414.0,67.1,7.81,,79.22,2610486179.0,,4944210558.0,,1.0,-11.268274179260365,-15.61,0.37,19.972292087048693,67741972.0,-3.1,1692288000000.0,-1.24,1118290.0,990045.0,0.9,6.498,4003.0,2.54,,109.4,锴威特,-54.088,,73684211.0,0,70.2,科创板
SH603107,-9.909975605810306,0.0,1.851,11,1.55,False,0.01,1.997,218173998.0,12.42,2.29,26.8003,-14.32,2709721055.0,1790697600000.0,4189700700.0,2.415,100.0,6.529319410288177,-67.06,0.08,6.260245979627954,35279049.0,0.19,1698768000000.0,0.4,699274.0,2863800.0,1.41,1.997,3952.0,1.31,,181.03,上海汽配,30.835,,337335000.0,0,12.23,沪市主板
SH688151,131.72427509965766,0.0,8.4636,82,-1.2,False,0.01,1.344,344500000.0,16.45,4.56,86.4281,-19.94,5667025000.0,1790697600000.0,5667025000.0,0.419,1.0,1.1460185039164028,-58.12,0.3,10.565461948549814,46939008.0,-0.2,1638720000000.0,0.14,-2355411.0,2827033.0,1.18,1.344,3918.0,0.82,,24.25,华强科技,117.641,,344500000.0,0,16.65,科创板
SH688252,23.300923170464614,0.0,3.6584,82,-4.12,False,0.01,3.19,409021341.0,19.56,7.06,16.9896,-7.11,8000457430.0,1790697600000.0,8000457430.0,0.583,1.0,9.10171144362888,-3.37,0.41,21.806617349115154,87883008.0,-0.84,1664208000000.0,0.54,6215285.0,4430705.0,1.19,3.19,3899.0,1.08,,-4.47,天德钰,36.505,,409021341.0,0,20.4,科创板
SH688511,-65.69601710297522,,28.7702,82,-5.2,False,0.01,3.369,133677885.0,20.6,10.77,33.1567,-5.58,2753764431.0,,2753764431.0,1.121,1.0,0.9644563814712215,-58.22,-0.24,-27.837241843898575,108737847.0,-1.13,1627574400000.0,0.06,14949038.759999998,5381182.0,4.13,3.369,3877.0,4.03,,268.46,天微电子,344.474,,133677885.0,0,21.73,科创板
SH603235,3.69756854699852,0.0,4.4555,11,-0.73,False,0.01,2.258,437780000.0,25.77,2.5,16.8146,-2.04,11281590600.0,1790697600000.0,11281590600.0,2.123,100.0,11.467693673570409,-36.03,0.08,13.28094315627939,22887590.0,-0.19,1657555200000.0,1.27,755273.0,885770.0,1.49,2.258,3861.0,0.2,,44.01,天新药业,20.331,,437780000.0,0,25.96,沪市主板
SH688231,39.31878678756122,0.0,4.0837,82,-3.42,False,0.01,3.389,319579289.0,30.24,5.56,,50.79,9664077699.0,1790697600000.0,9664077699.0,1.022,1.0,4.569136994263258,17.08,0.03,35.471617543201916,106129857.0,-1.07,1658419200000.0,0.4,-3991468.0,3468742.0,0.87,3.389,3837.0,1.09,,-4.38,隆达股份,75.332,,319579289.0,0,31.31,科创板
SH688355,26.95418067291162,,4.2559,82,0.72,False,0.01,1.967,123956072.0,16.82,2.81,8.5755,-2.69,2084941131.0,,2084941131.0,2.961,1.0,4.956596877045129,-43.16,0.6,-5.859963949131397,24155072.0,0.12,1620748800000.0,0.42,185950.0,1439006.0,1.7,1.967,3836.0,1.16,,54.11,明志科技,39.595,,123956072.0,0,16.7,科创板
SH688373,-46.234659518894304,,22.2027,82,-3.81,False,0.01,22.392,656228380.0,5.56,6.23,,-7.95,3648629793.0,,3648629793.0,,1.0,-58.99530872357561,-57.26,0.91,27.811502984567383,75871254.0,-0.22,1659628800000.0,-0.21,-6582367.0,13487799.0,0.76,22.392,3813.0,2.06,,33.33,盟科药业-U,-25.968,,656228380.0,0,5.78,科创板
SH688098,,,12.4021,82,-0.59,False,0.01,2.491,410644000.0,8.41,4.14,442.6572,-5.29,3453516040.0,,3453516040.0,,1.0,-1.9237417553191183,-66.96,0.24,-4.203001416627583,24988529.0,-0.05,1572192000000.0,-0.07,-2388734.0,2926665.0,0.9,2.491,3802.0,0.71,,318.3,申联生物,-128.999,,410644000.0,0,8.46,科创板
SH688565,,,6.6438,82,-1.73,False,0.01,3.433,149730000.0,11.38,3.54,24.1481,1.99,1703927400.0,,1703927400.0,0.264,1.0,2.095154895476826,-18.82,0.0,-4.071143066641703,22045268.0,-0.2,1620835200000.0,0.07,-338516.48,1924259.0,1.02,3.433,3782.0,1.29,,176.89,力源科技,164.882,,149730000.0,0,11.58,科创板
SH688329,1.55372682524193,,3.6354,82,-2.25,False,0.01,2.337,77200000.0,23.41,7.47,23.5723,11.31,1807252000.0,,1807252000.0,1.064,1.0,1.6883536860220798,-15.72,0.34,20.007661449636018,44712683.0,-0.54,1616947200000.0,0.17,-2536749.24,1885569.0,1.09,2.337,3757.0,2.44,,68.35,艾隆科技,139.274,,77200000.0,0,23.95,科创板
SH603182,-7.8602916280321455,,1.4383,11,-0.37,False,0.01,1.989,164550000.0,13.64,2.78,15.4952,-11.01,2244462000.0,,2244462000.0,2.933,100.0,7.917691409393543,21.05,-0.15,0.912183956152024,28776316.0,-0.05,1662652800000.0,0.54,-1218493.0,2094400.0,1.25,1.989,3756.0,1.27,,43.98,嘉华股份,25.197,,164550000.0,0,13.69,沪市主板
SH603014,4.408269154975475,0.0,5.5347,11,-2.66,False,0.01,2.88,101484882.0,29.97,3.57,28.3863,-23.07,3041501914.0,1790697600000.0,20823119527.0,1.144,100.0,7.011864456702672,-38.77,0.13,2.0601420077003496,48985607.0,-0.82,1747584000000.0,0.71,-7157752.0,1617700.0,1.87,1.323,3751.0,1.59,,56.26,威高血净,42.339,,694798783.0,0,30.79,沪市主板
SH688247,-20.284167712183777,0.0,10.4303,82,-4.66,False,0.01,3.307,453340000.0,9.62,6.34,33.1914,-0.69,4361130800.0,1790697600000.0,4361130800.0,0.26,1.0,2.4119883651292926,-37.9,0.1,9.035588601039501,80982636.0,-0.47,1661356800000.0,0.07,-6120747.0,8332987.0,1.05,3.307,3734.0,1.84,,45.14,宣泰医药,138.015,,453340000.0,0,10.09,科创板
SH688573,,,4.6281,82,5.85,False,0.01,5.878,53216225.0,18.08,13.47,,-20.67,962149348.0,,1767399335.0,,1.0,-93.92263694255094,-56.51,-0.6,1.7708447599173338,166539531.0,1.0,1692201600000.0,-4.9,6876933.300000001,9229447.0,1.31,5.878,3726.0,17.34,,76.1,信宇人,-3.688,,97754388.0,0,17.08,科创板
SH688448,-61.78220496578639,,17.0739,82,-1.93,False,0.01,6.273,97518940.0,65.99,7.77,71.0804,83.7,6435274851.0,,6435274851.0,,1.0,0.656071004914711,202.25,2.12,-1.9920815367755584,173654758.0,-1.3,1663689600000.0,0.07,-619519.0,2638344.0,1.12,6.273,3721.0,2.71,,-11.0,磁谷科技,963.869,,97518940.0,0,67.29,科创板
SH688309,161.05156343590883,,12.0081,82,-1.51,False,0.01,6.892,79401269.0,72.88,4.95,546.2223,202.81,5786764485.0,,5786764485.0,0.233,1.0,13.4193206805839,-23.62,0.08,65.07775947130531,70947783.0,-1.12,1594656000000.0,1.34,-2768618.0,967085.0,0.72,6.892,3661.0,1.22,,239.73,恒誉科技,54.534,,79401269.0,0,74.0,科创板
SH688081,1.1976901487094738,,18.6499,82,-1.32,False,0.01,6.976,103040000.0,24.69,6.47,,-31.57,2544057600.0,,2544057600.0,,1.0,-17.888038606902352,-39.54,1.6,-4.976670562327934,30276580.0,-0.33,1578240000000.0,-0.67,1056789.0,1220710.0,1.01,6.976,3649.0,1.18,,86.92,兴图新科,-36.929,,103040000.0,0,25.02,科创板
SH603172,16.178851397736295,,4.2439,11,-1.45,False,0.01,2.342,133380000.0,19.69,4.9,,11.03,2626252200.0,,2626252200.0,0.356,100.0,5.115608855207141,9.74,0.2,10.847443380371825,62592976.0,-0.29,1683648000000.0,0.42,-1715289.0,3150041.0,1.3,2.342,3644.0,2.36,,30.86,万丰股份,46.759,,133380000.0,0,19.98,沪市主板
SH688512,5.48895987246345,0.0,8.7566,82,0.43,False,0.01,5.268,327267496.0,16.35,11.0,,46.51,5350823560.0,1790697600000.0,8066803385.0,,1.0,-18.185184056777246,-13.4,0.68,24.55689224789044,604456889.0,0.07,1684166400000.0,-0.61,-19526321.439999998,35728994.0,0.8,4.483,3643.0,10.92,,-8.94,慧智微-U,-26.851,,493382470.0,0,16.28,科创板
SH688334,11.270889809607443,0.0,6.458,82,0.89,False,0.01,1.925,312171069.0,18.14,1.95,11.5164,-4.06,5662783192.0,1790697600000.0,5742751513.0,2.475,1.0,8.724787192755354,-11.93,0.17,6.495509256632759,26651505.0,0.16,1687104000000.0,0.81,2902455.0,1468386.0,1.4,1.925,3635.0,0.47,,46.4,西高院,22.504,,316579466.0,0,17.98,科创板
SH688335,,,7.6943,82,0.4,False,0.01,2.332,148034592.0,17.53,5.15,,-34.55,2595046398.0,,2595046398.0,1.129,1.0,-0.08191838082554605,-40.48,0.11,-17.027220511357697,46262577.0,0.07,1597593600000.0,-0.01,486911.0,2605994.0,1.25,2.332,3625.0,1.76,,40.89,复洁科技,-2802.525,,148034592.0,0,17.46,科创板
SH688618,,,8.965,82,-0.97,False,0.01,3.764,110047848.0,27.69,4.79,62.6197,4.4,3047224911.0,,3047224911.0,0.571,1.0,2.3421939241362306,17.45,-0.04,-9.964374233289774,58340765.0,-0.27,1609257600000.0,0.18,-1296132.0,2096985.0,1.39,3.769,3618.0,1.91,,79.49,三旺通信,155.796,,110047848.0,0,27.96,科创板
SH603285,-10.491566751353588,0.0,9.0226,11,-0.24,False,0.01,3.436,62296780.0,36.91,5.05,43.0665,52.5,2299374150.0,1790697600000.0,5905600000.0,0.702,100.0,8.09306575595774,-0.21,0.52,0.8200739841663474,146050437.0,-0.09,1720108800000.0,0.85,-22475754.0,3930000.0,1.38,3.436,3610.0,6.31,,133.24,键邦股份,43.456,,160000000.0,0,37.0,沪市主板
SH688468,-42.492336165971636,,8.2081,82,-1.35,False,0.01,1.856,401108000.0,6.6,6.13,24.7756,-10.08,2647312800.0,,2647312800.0,,1.0,2.4919016235091798,-64.29,-0.15,-11.169639408886145,28527259.0,-0.09,1617897600000.0,0.09,-2521461.3200000003,4265473.0,1.35,1.856,3604.0,1.06,,248.81,科美诊断,75.405,,401108000.0,0,6.69,科创板
SH688371,25.690294314010174,0.0,14.9802,82,-1.79,False,0.01,3.755,335472356.0,21.42,7.52,873.4005,16.12,7185817866.0,1790697600000.0,7185817866.0,0.229,1.0,-1.677432794011568,-3.48,0.99,10.31727317715827,156438819.0,-0.39,1659369600000.0,-0.1,-4576631.0,7190505.0,1.12,3.755,3597.0,2.14,,57.98,菲沃泰,-223.51,,335472356.0,0,21.81,科创板
SH900946,,,2.3462,11,-0.52,False,0.001,1.857,230000000.0,0.191,1.56,24.3694,-11.98,43930000.0,,204109807.0,,100.0,-4.0284295810798065,-67.52,0.53,11.08243544238412,82917.0,-0.001,866476800000.0,0.0,-18941.0,436200.0,0.95,1.847,3572.0,0.19,,0.0,天雁B股,-44.958,,1068637732.0,0,0.192,B股
SH603231,-3.1366123304475413,,1.682,11,-1.22,False,0.01,1.629,106265982.0,17.05,4.17,11.2493,-4.72,1811834993.0,,3264377740.0,2.17,100.0,8.18802406376978,-39.02,0.29,7.68783552950274,53909229.0,-0.21,1702569600000.0,0.84,-18686086.0,3193839.0,1.68,1.629,3550.0,3.01,,33.68,索宝蛋白,20.349,,191459105.0,0,17.26,沪市主板
SH603120,0.38375616815566893,,7.4636,11,-4.19,False,0.01,4.0,37900000.0,53.7,6.78,44.8403,39.48,2035230000.0,,4854480000.0,0.745,100.0,7.078935471133334,-1.2,0.34,1.2953675634310935,148437649.0,-2.35,1744732800000.0,0.93,-1459917.0,2690000.0,0.75,4.0,3545.0,7.1,,226.0,肯特催化,57.635,,90400000.0,0,56.05,沪市主板
SH688611,-57.11898996773995,0.0,52.3167,82,-5.15,False,0.01,10.815,153389600.0,59.5,7.56,110.1497,17.01,9126681200.0,1790697600000.0,9126681200.0,,1.0,-4.936979018396201,221.73,0.49,-9.384513970366138,62210491.0,-3.23,1618156800000.0,-0.28,-3354784.0,1032458.0,1.11,10.815,3545.0,0.67,,68.36,杭州柯林,-213.658,,153389600.0,0,62.73,科创板
SH688084,,0.0,10.4974,82,-2.02,False,0.01,2.004,75659066.0,40.22,4.97,73.517,-51.43,3043007635.0,1790697600000.0,3043007635.0,,1.0,-1.7044228692790608,-49.27,-0.05,7.864355948196944,48237335.0,-0.83,1670428800000.0,-0.35,-2930667.0,1179005.0,1.28,1.96,3545.0,1.56,,44.47,晶品特装,-116.27,,75659066.0,0,41.05,科创板
SH688130,-43.319166857547145,,14.6771,82,-4.51,False,0.01,2.392,60285094.0,24.54,7.55,,17.19,1479396207.0,,2966667447.0,,1.0,-1.6995598841561015,-22.34,0.0,23.110502655733,50434764.0,-1.16,1659024000000.0,-0.18,5150.0,2000387.0,0.88,2.392,3543.0,3.32,,-7.67,晶华微,-139.96,,120891094.0,0,25.7,科创板
SH603282,-28.02585424500129,,2.6596,11,0.12,False,0.01,1.739,133820000.0,17.1,3.81,17.5549,-12.48,2288322000.0,,2288322000.0,1.333,100.0,6.243925680303812,-15.86,0.29,-4.782627007075813,19329877.0,0.02,1678809600000.0,0.6,-69581.0,1128500.0,0.76,1.739,3525.0,0.84,,44.0,亚光股份,28.414,,133820000.0,0,17.08,沪市主板
SH603381,,0.0,0.3649,11,0.0,False,0.01,1.05,142137686.0,14.72,2.79,,-25.88,2092266738.0,1790697600000.0,3492413119.0,,100.0,-6.6909043812233655,-57.07,0.27,16.669685251591517,33800720.0,0.0,1719331200000.0,-0.98,1292994.0,2287203.0,0.92,1.05,3512.0,1.61,,47.62,永臻股份,-14.987,,237256326.0,0,14.72,沪市主板
SH603435,23.426301307875242,,24.2009,11,2.3,False,0.01,9.18,35687542.0,44.04,7.5,84.2366,179.44,1571679350.0,,20221738462.0,,100.0,14.514882130069093,-49.95,0.05,20.268614275786767,129956842.0,0.99,1779379200000.0,0.55,8604409.0,2898676.0,1.38,9.18,3499.0,8.12,,710.15,嘉德利,79.489,,459167540.0,0,43.05,沪市主板
SH688597,,,2.0735,82,-0.32,False,0.01,2.735,336060276.0,6.18,3.55,,-24.73,2076852506.0,,2076852506.0,,1.0,0.7839608000477803,-22.04,0.16,21.33399436472192,20504536.0,-0.02,1623859200000.0,0.02,-1515791.0,3303830.0,0.84,2.735,3477.0,0.98,,144.56,煜邦电力,314.01,,336060276.0,0,6.2,科创板
SH603202,-15.308240371886628,0.0,2.1308,11,-1.87,False,0.01,1.184,50213572.0,50.34,2.42,11.1807,-43.9,2527751214.0,1790697600000.0,8054400000.0,3.973,100.0,10.312876890762361,-61.88,0.04,1.264176514746529,38942760.0,-0.96,1745424000000.0,4.3,-3098583.0,766307.0,0.9,1.184,3452.0,1.53,,24.06,天有为,11.709,,160000000.0,0,51.3,沪市主板
SH601112,2.2440646104836537,,3.4153,11,-3.86,False,0.01,4.035,182738500.0,15.21,4.93,31.625,37.35,2779452585.0,,26470972442.0,1.131,100.0,16.0297428834777,-48.82,0.0,17.950778507635224,96118120.0,-0.61,1769616000000.0,0.46,654023.0,6203877.0,1.18,4.035,3433.0,3.39,,121.65,振石股份,33.304,,1740366367.0,0,15.82,沪市主板
SH601026,10.67200053270616,,2.8627,11,4.38,False,0.01,3.949,111085690.0,15.24,8.36,351.1379,-22.18,1692945916.0,,10049256000.0,3.15,100.0,9.27126937192794,-36.67,0.0,3.256683230382129,144061637.0,0.64,1760630400000.0,0.31,13676871.0,9442351.0,2.39,3.949,3429.0,8.5,,396.32,道生天合,48.85,,659400000.0,0,14.6,沪市主板
SH900938,-35.59052842715854,,2.4471,11,-2.19,False,0.001,0.58,326148731.0,0.223,3.95,,-12.1,72731167.0,,646552326.0,1.345,100.0,1.0121960524503688,202.99,-3.04,47.449869517761265,131451.0,-0.005,830793600000.0,0.0,47967.0,582648.0,1.16,0.577,3404.0,0.18,,350.0,海科B,56.832,,2899337783.0,0,0.228,B股
SH900906,,,1.2679,11,0.52,False,0.001,8.999,360360000.0,0.194,2.07,9.7036,-31.45,69909840.0,,207827273.0,,100.0,34.927121587276574,-83.47,0.52,-1.05089833763643,227493.0,0.001,712252800000.0,0.01,29195.0,1169200.0,0.97,8.94,3386.0,0.32,,944.52,中毅达B,30.347,,1071274605.0,0,0.193,B股
SH688272,4.052859584190349,,10.3877,82,-1.69,False,0.01,5.487,76000000.0,27.85,6.42,,-14.73,2116600000.0,,2116600000.0,,1.0,-20.431242540153853,-31.79,0.07,-1.7574877475068584,37714335.0,-0.48,1634486400000.0,-1.17,800249.0,1328922.0,1.09,5.487,3363.0,1.75,,104.39,富吉瑞,-23.878,,76000000.0,0,28.33,科创板
SH688562,,0.0,4.8185,82,-1.47,False,0.01,3.456,400000000.0,14.05,4.21,,-41.16,5620000000.0,1790697600000.0,5620000000.0,,1.0,-2.9703336017791315,-44.06,0.0,-14.880029542976247,36728331.0,-0.21,1684857600000.0,-0.12,-265477.0,2577737.0,1.13,3.456,3328.0,0.64,,125.55,航天软件,-114.623,,400000000.0,0,14.26,科创板
SH688377,-18.738955074781018,0.0,3.1969,82,-0.36,False,0.01,2.066,233571267.0,16.68,5.38,14.1721,-45.2,3895968734.0,1790697600000.0,3895968734.0,1.001,1.0,5.394636170894839,-47.86,-0.24,0.5881981269216574,48883366.0,-0.06,1594137600000.0,0.43,-1074940.0,2915430.0,1.27,2.066,3328.0,1.25,,143.61,迪威尔,38.64,,233571267.0,0,16.74,科创板
SH688096,20.910201893196543,,3.8276,82,2.42,False,0.01,2.21,233755799.0,8.03,7.65,,1.65,1877059066.0,,1877059066.0,,1.0,-7.859517589162482,-37.94,-0.37,8.908323469131908,179906882.0,0.19,1586361600000.0,-0.3,11785229.519999996,22320113.0,2.66,2.283,3309.0,9.55,,102.58,京源环保,-27.043,,233755799.0,0,7.84,科创板
SH603092,10.925090090893775,,3.4289,11,-1.6,False,0.01,3.331,34571654.0,47.42,5.27,29.0707,-23.29,1639387833.0,,18968004742.0,1.31,100.0,18.836671894339833,-50.55,-0.15,8.437493441832222,162905740.0,-0.77,1762444800000.0,2.11,1188802.0,3458131.0,0.82,3.331,3305.0,10.0,,51.07,德力佳,22.437,,400000100.0,0,48.19,沪市主板
SH688485,,,66.808,82,2.52,False,0.01,12.64,150292062.0,104.0,5.35,708.4403,482.96,15630374448.0,,15630374448.0,,1.0,-2.4566885445182796,387.48,0.0,-3.826185590655262,715662642.0,2.56,1673971200000.0,-0.2,16789345.0,6773949.0,0.9,12.639,3304.0,4.51,,23.41,九州一轨,-508.175,,150292062.0,0,101.44,科创板
SH688113,2.686152639034245,,4.2981,82,-1.3,False,0.01,2.278,64397559.0,36.47,3.6,16.6392,-7.31,2348578977.0,,2348578977.0,0.93,1.0,9.517412074068044,-26.93,-0.3,6.20449820279152,27225071.0,-0.48,1620230400000.0,1.47,1162102.0,737702.0,0.91,2.278,3293.0,1.15,,251.93,联测科技,24.762,,64397559.0,0,36.95,科创板
SH900940,-42.19779872292324,,2.3973,11,0.0,False,0.001,0.33,198720095.0,0.217,1.38,6.1498,1.88,43122261.0,,504514160.0,,100.0,1.1746743478558612,121.2,0.0,-54.87422230418544,19427.0,0.0,838310400000.0,0.01,0.0,89800.0,0.94,0.329,3275.0,0.05,,0.0,大名城B,28.162,,2324950045.0,0,0.217,B股
SH688480,17.73843136753319,0.0,4.4895,82,-4.05,False,0.01,4.968,97096099.0,62.85,5.1,35.3779,22.58,6102489822.0,1790697600000.0,6102489822.0,0.656,1.0,10.620143020694341,147.15,0.46,25.691624072137053,49114929.0,-2.65,1669305600000.0,1.29,-1730858.0,772975.0,1.03,4.878,3208.0,0.8,,33.11,赛恩斯,48.737,,97096099.0,0,65.5,科创板
SH688785,2.4891735550643723,,45.0875,82,-3.17,False,0.01,10.263,13544448.0,335.5,7.67,178.138,264.72,4544162304.0,,22713916324.0,0.238,1.0,6.536079734685566,8.45,-0.39,14.222347066747364,186675580.0,-10.98,1769529600000.0,1.43,0.0,543714.0,0.86,10.263,3196.0,4.01,,302.8,恒运昌,234.543,,67701688.0,0,346.48,科创板
SH603418,19.810715313184723,,1.913,11,3.14,False,0.01,2.093,88048602.0,50.0,6.68,267.0731,-16.06,4402430100.0,,9653422200.0,1.66,100.0,15.232591847066093,-43.59,-0.1,20.868813541103528,230542358.0,1.52,1758556800000.0,2.68,21577205.0,4611677.0,1.03,2.093,3177.0,5.24,,71.48,友升股份,18.623,,193068444.0,0,48.48,沪市主板
SH688602,-9.178664887176124,,5.4094,82,-1.32,False,0.01,1.297,519375000.0,6.71,2.65,99.4498,-22.7,3485006250.0,,3485006250.0,,1.0,-4.947685519517471,-49.93,0.15,-17.574377374707638,21679393.0,-0.09,1689782400000.0,-0.26,-689451.0,3210909.0,0.82,1.297,3174.0,0.62,,38.57,康鹏科技,-25.624,,519375000.0,0,6.8,科创板
SH688653,69.762918047719,0.0,7.633,82,-5.46,False,0.01,3.906,316411597.0,13.5,8.61,2042.3403,11.11,4271556560.0,1790697600000.0,5730480000.0,,1.0,0.5930807874552815,-48.08,0.45,25.689572794725102,168830849.0,-0.78,1700150400000.0,0.02,-17488791.36,12253381.0,1.01,3.906,3167.0,3.87,,151.33,康希通信,664.808,,424480000.0,0,14.28,科创板
SH688646,-23.976177629172422,,6.4835,82,1.05,False,0.01,4.766,60732171.0,72.0,5.29,20.1012,101.74,4372716312.0,,6779707776.0,,1.0,-5.658351487811799,52.13,0.14,23.18965192262956,108426333.0,0.75,1690473600000.0,-0.88,6862174.0,1494080.0,0.57,4.766,3162.0,2.46,,20.73,逸飞激光,-81.814,,94162608.0,0,71.25,科创板
SH688119,77.6918825268949,0.0,2.1494,82,-2.1,False,0.01,1.538,1125000000.0,3.73,4.46,18.18,-33.27,4196250000.0,1790697600000.0,4196250000.0,,1.0,-9.371370273044867,-72.65,0.0,-8.750314816496651,38069157.0,-0.08,1654444800000.0,-0.24,-6767209.0,10048468.0,1.26,1.538,3151.0,0.89,,150.59,中钢洛耐,-15.66,,1125000000.0,0,3.81,科创板
SH688681,46.85930090720949,,3.0234,82,-0.84,False,0.01,2.628,104670000.0,15.36,3.23,20.486,-11.67,1607731200.0,,1607731200.0,1.243,1.0,7.4819045100649975,-36.07,-0.07,18.27087581968454,23737115.0,-0.13,1623772800000.0,0.43,-93845.0,1537289.0,1.02,2.628,3150.0,1.47,,157.43,科汇股份,36.041,,104670000.0,0,15.49,科创板
SH688338,-12.110646879530195,,12.5639,82,-4.09,False,0.01,1.895,106142400.0,30.45,5.95,40.336,18.85,3232036080.0,,3232036080.0,0.837,1.0,5.016710778661394,-76.78,-0.2,-2.9412712054459056,46802783.0,-1.3,1596643200000.0,0.79,-5390416.0,1511068.0,0.97,1.895,3147.0,1.42,,237.99,赛科希德,38.422,,106142400.0,0,31.75,科创板
SH688576,,,8.7144,82,-0.9,False,0.01,1.587,32318536.0,39.49,3.64,,-6.1,1276258987.0,,2671229534.0,0.846,1.0,-0.4679794837379291,-65.65,-0.03,-9.905300148828221,19358507.0,-0.36,1685980800000.0,-0.12,505597.0,484982.0,1.17,1.587,3136.0,1.5,,40.79,西山科技,-336.63,,67643189.0,0,39.85,科创板
SH688509,100.50195697602086,,6.3325,82,-0.48,False,0.01,3.019,384792200.0,4.15,2.4,56.6134,-24.41,1596887630.0,,3195500000.0,,1.0,-17.102651267175197,-66.88,0.0,-20.42885051505403,17502460.0,-0.02,1627574400000.0,-0.26,1090178.0,4187825.0,1.01,3.019,3134.0,1.09,,321.83,正元地信,-16.144,,770000000.0,0,4.17,科创板
SH688592,-4.523780456463711,,4.7888,82,-0.77,False,0.01,2.674,55335492.0,21.93,4.62,,-22.84,1213507340.0,,2547099565.0,0.251,1.0,1.2814838886233857,-41.16,-0.05,9.125701915962914,22922481.0,-0.17,1692115200000.0,0.1,-427557.0,1028323.0,1.11,2.674,3083.0,1.86,,27.64,司南导航,209.061,,116146811.0,0,22.1,科创板
SH688805,33.50116265299348,,9.7079,82,-1.55,False,0.01,5.244,33536000.0,38.23,4.25,540.3666,-8.78,1282081280.0,,6410406400.0,0.785,1.0,10.812954851333389,-40.89,-0.16,19.319748690019377,36723859.0,-0.6,1766505600000.0,0.55,1929452.0,954850.0,1.03,5.244,3050.0,2.85,,212.81,健信超导,69.332,,167680000.0,0,38.83,科创板
SH688217,180.43877132555525,,8.9926,82,-1.6,False,0.01,1.693,55855896.0,25.24,7.25,34.5826,-4.21,1409802815.0,,1409802815.0,,1.0,-7.594173586507812,-73.15,0.04,-18.251711582621823,36061201.0,-0.41,1621180800000.0,-1.19,1717531.2999999998,1399481.0,1.33,1.693,3044.0,2.51,,477.74,睿昂基因,-21.273,,55855896.0,0,25.65,科创板
SH603075,9.562084977020424,0.0,3.5913,11,1.57,False,0.01,3.941,42400899.0,20.04,2.79,20.7167,-5.49,849714016.0,1790697600000.0,8064114016.0,3.493,100.0,16.13182598407744,-50.27,0.4,12.459266663945346,49772559.0,0.31,1694361600000.0,0.81,6459588.0,2479671.0,0.81,3.942,3031.0,5.85,,69.26,热威股份,24.741,,402400899.0,0,19.73,沪市主板
SH900925,-13.874901062721278,,0.4102,11,-3.07,False,0.001,0.56,200790445.0,1.168,3.82,15.0317,-25.38,234523240.0,,1176520262.0,1.969,100.0,4.95635786696672,908.64,0.0,-4.651250485426795,666151.0,-0.037,759945600000.0,0.1,-192200.0,562619.0,1.48,0.557,3025.0,0.28,,0.0,机电B股,11.309,,1007294745.0,0,1.205,B股
SH688651,,,8.3207,82,-5.21,False,0.01,2.73,47018051.0,23.66,5.77,,-26.94,1112447087.0,,2424983434.0,,1.0,-5.631952624290559,-43.12,0.08,-3.817826163904625,52847935.0,-1.3,1690300800000.0,-0.5,-2705420.8,2190110.0,0.81,2.73,3018.0,4.66,,37.84,盛邦安全,-46.962,,102492960.0,0,24.96,科创板
SH688060,57.74476557836263,,6.2219,82,-1.3,False,0.01,2.446,60190728.0,35.68,5.53,,-15.71,2147605175.0,,2147605175.0,,1.0,-2.5318272164174145,-85.68,-0.03,0.6308372111615279,15229564.0,-0.47,1594310400000.0,-0.37,-1243532.0,421558.0,0.99,2.446,2999.0,0.7,,468.05,云涌科技,-95.265,,60190728.0,0,36.15,科创板
SH603151,,,0.5111,11,0.73,False,0.01,2.27,171281800.0,17.85,2.93,33.5968,0.39,3057380130.0,,3057380130.0,1.12,100.0,3.4610779074318434,-11.24,1.42,57.005254695528286,46650137.0,0.13,1666108800000.0,0.27,-944729.0,2629017.0,0.66,2.27,2993.0,1.53,,39.28,邦基科技,66.578,,171281800.0,0,17.72,沪市主板
SH688013,-19.939424443128072,,6.9578,82,-1.89,False,0.01,3.992,81155600.0,24.34,4.39,47.2109,-47.81,1975327304.0,,1975327304.0,3.246,1.0,9.486506364494458,-38.07,0.0,-2.2202995548116666,30488374.0,-0.47,1601222400000.0,0.62,1291838.0,1246537.0,0.77,3.992,2993.0,1.54,,118.64,天臣医疗,38.95,,81155600.0,0,24.81,科创板
SH900924,,,0.3276,11,-1.65,False,0.001,0.539,243943750.0,0.298,2.31,,-26.42,72695238.0,,212523611.0,,100.0,-4.358830015788417,,0.0,5.018442426175129,90612.0,-0.005,758822400000.0,-0.03,0.0,304400.0,0.35,0.536,2973.0,0.12,,,上工B股,-11.612,,713166480.0,0,0.303,B股
SH688828,-65.76383974313148,,42.4659,82,-3.24,False,0.01,46.126,26039033.0,80.0,4.85,,277.0,2083122640.0,,32000800000.0,,1.0,-0.5172037906010862,-27.27,0.4,36.041901732805016,97222701.0,-2.68,1786377600000.0,-0.01,-1266546.0,1202090.0,0.43,22.58,2963.0,4.62,,419.46,国仪公司-U,-9042.894,,400010000.0,0,82.68,科创板
SH688092,-42.691350494849814,,3.9564,82,-1.64,False,0.01,2.8,82663740.0,22.13,4.04,21.5051,-11.25,1829348566.0,,1829348566.0,0.949,1.0,4.861238582763588,-24.67,2.03,7.5342891465315365,16469469.0,-0.37,1616083200000.0,0.39,-1351018.0,750624.0,0.89,2.8,2943.0,0.91,,128.21,爱科科技,57.376,,82663740.0,0,22.5,科创板
SH688350,-35.93075745404373,,2.9271,82,-2.69,False,0.01,2.189,143244628.0,28.22,5.24,13.8795,9.88,4042363402.0,,4042363402.0,0.259,1.0,0.2655204948367134,42.72,0.11,-5.74697066087303,37791250.0,-0.78,1611763200000.0,0.03,-1317432.0,1320766.0,0.58,2.189,2938.0,0.92,,94.04,富淼科技,930.094,,143244628.0,0,29.0,科创板
SH688835,113.79723654776078,,57.5083,82,0.76,False,0.01,40.499,18782785.0,343.07,8.78,162.8906,459.11,6443810050.0,,34290089394.0,,1.0,24.64061172145589,64.15,0.01,45.24835795890751,688827793.0,2.6,1787587200000.0,1.85,23166341.0,1963560.0,0.89,,2938.0,10.45,,282.99,高凯技术,185.902,,99950708.0,0,340.47,科创板
SH688115,-11.666334877327822,,18.2478,82,-2.95,False,0.01,4.403,93338000.0,60.26,8.04,,28.98,5624547880.0,,5624547880.0,0.239,1.0,1.1240451378014948,61.19,0.37,31.655627466589543,118829827.0,-1.83,1647187200000.0,0.15,3600270.0,1907016.0,0.61,4.403,2913.0,2.04,,-23.67,思林杰,395.689,,93338000.0,0,62.09,科创板
SH688121,,,0.2055,82,5.88,False,0.01,0.115,202666667.0,1.08,13.73,6.3534,-90.11,218880000.0,,252303123.0,,1.0,-12.112225487160053,-96.93,-0.92,-39.36161312922911,16456854.0,0.06,1630857600000.0,-1.23,-354284.0,14949915.0,1.2,0.115,2895.0,7.38,,116.02,*ST卓然,-0.88,,233614003.0,0,1.02,科创板
SH688391,-50.91308213479297,,5.3479,82,-3.63,False,0.01,1.579,115623520.0,25.21,5.39,65.6712,-10.21,2914868939.0,,2914868939.0,1.19,1.0,1.0269312344920485,-53.56,0.2,-2.9462467301021533,29617620.0,-0.95,1662998400000.0,0.16,-1322633.0,1151627.0,0.97,1.579,2853.0,1.0,,20.09,钜泉科技,153.645,,115623520.0,0,26.16,科创板
SH688129,26.12275837031426,,3.9959,82,-1.06,False,0.01,2.539,120478800.0,22.37,4.42,51.9734,11.94,2695110756.0,,2695110756.0,1.14,1.0,10.440411075843159,-31.89,0.72,9.896114875343741,14185755.0,-0.24,1603382400000.0,0.85,-836139.0,632395.0,0.49,2.539,2839.0,0.52,,123.39,东来技术,26.437,,120478800.0,0,22.61,科创板
SH688571,-1.9409237192746454,,2.6412,82,-0.62,False,0.01,2.054,424170700.0,8.06,3.95,25.5558,10.11,3418815842.0,,3418815842.0,1.849,1.0,6.912462724088743,-26.91,-0.25,4.254871752426581,37020811.0,-0.05,1607616000000.0,0.26,-1338887.0,4547280.0,0.78,2.054,2825.0,1.07,,174.3,杭华股份,30.622,,424170700.0,0,8.11,科创板
SH688267,19.12134857163048,0.0,5.6783,82,-3.23,False,0.01,1.667,228136294.0,21.0,4.29,19.3424,-2.34,4790862174.0,1790697600000.0,4790862174.0,2.371,1.0,5.587595783973934,-32.86,0.1,15.26073628732123,48147453.0,-0.7,1644940800000.0,0.69,4788679.0,2278834.0,1.12,1.667,2817.0,1.0,,0.72,中触媒,30.224,,228136294.0,0,21.7,科创板
SH688718,13.879016379380115,,5.8023,82,-0.75,False,0.01,3.09,173754389.0,14.56,4.64,57.0966,11.31,2529863904.0,,2529863904.0,0.79,1.0,6.583249105441197,-58.76,0.28,5.977532749495862,19565671.0,-0.11,1627401600000.0,0.3,-659246.0,1330058.0,0.76,3.09,2783.0,0.77,,586.84,唯赛勃,47.86,,173754389.0,0,14.67,科创板
SH688757,-29.63069157806131,0.0,17.8776,82,-5.27,False,0.01,11.869,181220347.0,26.05,9.31,44.9448,-0.88,4720790039.0,1790697600000.0,10506264210.0,0.238,1.0,5.3300430736685165,-15.3,0.27,18.658944127819122,203100347.0,-1.45,1742832000000.0,0.12,-1594200.5600000005,7598256.0,0.69,11.869,2771.0,4.19,,202.42,胜科纳米,223.412,,403311486.0,0,27.5,科创板
SH688069,,,8.4231,82,-1.87,False,0.01,4.275,156633036.0,34.07,4.58,,112.35,5336487537.0,,5336487537.0,1.021,1.0,7.809469428097953,7.95,0.15,42.10004987462164,43465433.0,-0.65,1595347200000.0,0.61,-5422747.0,1254948.0,0.66,4.275,2738.0,0.8,,51.34,德林海,55.519,,156633036.0,0,34.72,科创板
SH688237,,,12.9474,82,-0.08,False,0.01,4.337,89681952.0,58.88,3.11,141.1276,21.55,5280473334.0,,5280473334.0,0.569,1.0,1.3030108645633374,3.38,0.22,17.098713222113403,61995577.0,-0.05,1656604800000.0,0.18,4304959.0,1049271.0,1.04,4.336,2723.0,1.17,,68.4,超卓航科,335.22,,89681952.0,0,58.93,科创板
SH688466,-38.9528379029313,,3.8047,82,1.36,False,0.01,1.536,122154152.0,14.19,2.43,9.529,-10.81,1733367417.0,,1733367417.0,2.023,1.0,1.7804716407315753,-59.42,-0.35,-11.63762854478384,19955188.0,0.19,1588867200000.0,0.17,2522189.0,1404638.0,1.25,1.536,2685.0,1.15,,112.52,金科环境,85.621,,122154152.0,0,14.0,科创板
SH688811,17.03649970290444,,16.2909,82,0.32,False,0.01,5.982,92126097.0,18.73,2.95,89.8718,192.77,1725521797.0,,9396346622.0,0.224,1.0,6.250152777123226,-6.21,-0.16,5.201697554502638,68801196.0,0.06,1775750400000.0,0.14,-1182352.0,3641599.0,1.01,5.982,2609.0,3.95,,167.08,有研复材,129.509,,501673605.0,0,18.67,科创板
SH688781,-32.704164159679436,,41.426,82,-2.51,False,0.01,9.665,41629001.0,39.2,6.94,,72.84,1631856839.0,,39200000000.0,,1.0,-4.678751342631511,-21.6,0.9,109.81267494520313,121563385.0,-1.01,1774368000000.0,-0.14,-4325227.0,3061200.0,0.5,9.665,2603.0,7.35,,102.82,视涯科技-UW,-274.177,,1000000000.0,0,40.21,科创板
SH688790,,,5.1909,82,-2.7,False,0.01,3.201,19906338.0,94.5,5.85,,-36.05,1881148941.0,,9405744516.0,,1.0,3.9883682873842896,-60.62,0.25,0.5931281708026148,116271619.0,-2.62,1765814400000.0,0.78,-5364006.0,1215408.0,0.64,3.201,2587.0,6.11,,160.11,昂瑞微-UW,121.735,,99531688.0,0,97.12,科创板
SH688750,-31.18088691925458,0.0,9.9469,82,-0.51,False,0.01,2.552,232918326.0,13.72,3.12,17.2336,-31.18,3195639433.0,1790697600000.0,6345500000.0,0.168,1.0,2.0908419086857584,-62.71,0.15,-6.245542119282987,21908929.0,-0.07,1732032000000.0,0.11,-3281298.0,1582429.0,1.0,2.552,2584.0,0.68,,320.39,金天钛业,123.079,,462500000.0,0,13.79,科创板
SH688837,,,19.4415,82,0.4,False,0.01,40.33,48593986.0,49.6,7.85,79.9072,79.71,2410261706.0,,21600255144.0,,1.0,124.04029297594236,4.27,0.81,,711786569.0,0.2,1789488000000.0,0.94,28050203.08,14353149.0,0.89,9.738,2566.0,29.54,,45.58,信诺维,52.876,,435489015.0,0,49.4,科创板
SH601123,2.2415170258971218,,10.1059,11,0.78,False,0.01,4.985,95828258.0,16.85,4.25,24.2231,153.38,1614706147.0,,20803197220.0,,100.0,17.160047416998268,-26.74,0.3,2.598535117516665,296581255.0,0.13,1788192000000.0,0.53,19233745.0,17412446.0,0.77,,2558.0,18.17,,290.98,马矿股份,31.586,,1234611111.0,0,16.72,沪市主板
SH900923,66.44252676287338,,0.291,11,-0.35,False,0.001,0.336,179718197.0,0.571,1.4,6.5036,11.24,102619090.0,,1018759995.0,3.853,100.0,6.078192203358893,961.34,0.35,-9.616321772299907,99755.0,-0.002,757699200000.0,0.1,-24194.0,175854.0,0.46,0.334,2549.0,0.1,,79.55,百联B股,5.548,,1784168117.0,0,0.573,B股
SH603276,6.950927799812678,,3.8141,11,1.03,False,0.01,2.05,76280301.0,17.68,2.69,17.5108,7.52,1348635722.0,,3671243107.0,0.848,100.0,4.386862391743388,-30.59,0.06,18.682073122063336,53549068.0,0.18,1695571200000.0,0.37,-1592547.0,3029584.0,1.04,2.05,2522.0,3.97,,18.69,恒兴新材,47.529,,207649497.0,0,17.5,沪市主板
SH688395,-3.2427874658784273,,4.6513,82,-1.72,False,0.01,2.817,86597720.0,25.75,4.66,48.1181,6.67,2229891290.0,,2229891290.0,0.699,1.0,5.565224767372258,-32.2,0.31,11.492261138972037,36795805.0,-0.45,1619625600000.0,0.5,2121668.0,1417320.0,0.74,2.816,2511.0,1.64,,124.58,正弦电气,51.289,,86597720.0,0,26.2,科创板
SH688038,,,8.0958,82,-2.38,False,0.01,3.604,116373400.0,18.48,5.02,,4.58,2150580432.0,,2150580432.0,,1.0,-0.15782526156538312,-53.44,0.16,8.505885053038043,31060228.0,-0.45,1626105600000.0,-0.01,1453743.0,1660582.0,1.2,3.604,2505.0,1.43,,263.02,中科通达,-2278.195,,116373400.0,0,18.93,科创板
SH900941,78.61566025169127,,1.5419,11,-1.23,False,0.001,1.008,300000000.0,0.48,4.53,,3.92,144000000.0,,602880031.0,1.667,100.0,14.438020975113488,203.8,-0.21,-0.8903601831873886,492254.0,-0.006,839520000000.0,0.06,-144624.0,1012781.0,1.26,1.003,2496.0,0.34,,0.0,东信B股,7.388,,1256000064.0,0,0.486,B股
SH688712,,,18.6574,82,-3.07,False,0.01,6.86,45600000.0,29.97,4.27,52.1828,71.06,1366632000.0,,12497490000.0,,1.0,9.586990018885327,-40.43,-0.07,63.872164088662345,51434503.0,-0.95,1770220800000.0,0.3,-2107255.0,1700348.0,1.09,6.86,2487.0,3.73,,183.33,北芯生命,101.165,,417000000.0,0,30.92,科创板
SH688683,21.76798917318905,0.0,3.6137,82,-0.92,False,0.01,3.878,161097800.0,29.12,4.25,466.7623,-7.94,4691167936.0,1790697600000.0,4691167936.0,0.275,1.0,4.227268562326582,49.22,-0.27,59.94413648025758,30871160.0,-0.27,1618156800000.0,0.29,-1531549.0,1045650.0,0.99,3.878,2465.0,0.65,,85.7,莱尔科技,99.862,,161097800.0,0,29.39,科创板
SH900908,-1.522118688494345,,0.5696,11,1.73,False,0.001,0.487,406560000.0,0.588,2.6,4.543,-6.68,239057280.0,,679963186.0,5.952,100.0,8.655913364847036,-80.15,0.0,4.798651263878928,602380.0,0.01,714240000000.0,0.1,-60827.0,1036501.0,1.17,0.484,2454.0,0.25,,0.25,氯碱B股,5.75,,1156399976.0,0,0.578,B股
SH900903,,,1.3519,11,-0.56,False,0.001,0.301,800806500.0,0.179,2.22,2.1915,-8.53,143344364.0,,423177993.0,1.676,100.0,-1.7507026295146815,-27.27,0.0,-23.82559950450187,66611.0,-0.001,711734400000.0,-0.01,-25877.0,370900.0,0.93,0.3,2442.0,0.05,,7.36,大众B股,-16.495,,2364122864.0,0,0.18,B股
SH688679,,0.0,3.6803,82,-4.15,False,0.01,4.43,131689675.0,36.71,7.75,71.326,38.01,4834327969.0,1790697600000.0,4834327969.0,,1.0,-3.4527245394462613,113.67,-0.16,-6.190099204048616,92062607.0,-1.59,1608825600000.0,-0.29,-2897911.0,2429400.0,0.83,4.43,2424.0,1.84,,57.84,通源环境,-126.118,,131689675.0,0,38.3,科创板
SH900947,27.115558231578607,,0.2466,11,0.8,False,0.001,0.568,1946355840.0,0.253,1.59,2.0709,-4.71,492428028.0,,1335650723.0,4.743,100.0,5.510857249208549,847.57,0.0,3.716649222101065,222460.0,0.002,870710400000.0,0.03,-90361.0,886375.0,1.07,0.563,2412.0,0.05,,0.0,振华B股,10.059,,5279251870.0,0,0.251,B股
SH688296,48.77230912376027,,8.5426,82,-3.91,False,0.01,4.723,107393160.0,24.6,7.03,4133.655,85.66,2641871736.0,,2641871736.0,,1.0,-12.445980907332608,-36.49,0.08,-3.1100339391136878,109898850.0,-1.0,1627315200000.0,-0.71,-6896423.0,4429381.0,0.61,4.745,2412.0,4.12,,161.72,和达科技,-34.489,,107393160.0,0,25.6,科创板
SH603073,-27.7077420508572,,3.2433,11,10.01,False,0.01,1.919,116000000.0,22.97,13.75,73.8995,23.02,2664520000.0,,2664520000.0,0.435,100.0,3.628987242200865,2.45,0.97,5.746886863963674,478817025.0,2.09,1678896000000.0,0.43,-9841485.0,21605837.0,2.71,1.919,2405.0,18.63,,43.98,彩蝶实业,53.338,,116000000.0,1,20.88,沪市主板
SH603334,1.2264390525743796,,1.1869,11,5.06,False,0.01,2.772,31816703.0,33.41,6.73,,-19.39,1062996047.0,,4794335000.0,1.048,100.0,10.64724818493225,-48.95,-0.03,42.82704004706943,110767356.0,1.61,1762272000000.0,0.95,15904267.0,3358357.0,3.78,2.772,2385.0,10.56,,172.6,丰倍生物,35.016,,143500000.0,0,31.8,沪市主板
SH688251,,,2.0175,82,-2.44,False,0.01,2.23,99903290.0,18.0,5.85,13.9804,-38.65,1798259220.0,,1810844370.0,0.278,1.0,-2.049786662518292,-42.51,0.5,-1.4191586821873825,46963854.0,-0.45,1654444800000.0,-0.17,-264505.0,2613196.0,1.09,2.229,2353.0,2.62,,56.54,井松智能,-107.773,,100602465.0,0,18.45,科创板
SH603370,-10.28614256135617,,3.0865,11,-1.16,False,0.01,2.438,84453703.0,27.21,3.09,59.8156,-42.07,2297985259.0,,4760389500.0,1.047,100.0,8.660842752672906,-57.85,0.26,8.06620726718843,30922951.0,-0.32,1757001600000.0,0.77,-2114590.0,1131817.0,0.64,2.438,2327.0,1.34,,272.58,华新精科,35.543,,174950000.0,0,27.53,沪市主板
SH688285,2.1660169630421944,,2.1484,82,0.0,False,0.01,1.665,376289913.0,7.6,2.63,25.5478,-12.19,2859803339.0,,2859803339.0,0.289,1.0,3.2771049177672014,-37.47,0.4,7.9488485864099845,13129080.0,0.0,1634659200000.0,0.15,723.0,1723797.0,1.04,1.665,2313.0,0.46,,48.33,高铁电气,51.52,,376289913.0,0,7.6,科创板
SH688759,5.51866101161087,,,82,-4.43,False,0.01,5.857,72000000.0,20.73,7.01,,-28.66,1492560000.0,,9329259900.0,,1.0,-19.389482661598002,-57.61,-0.29,,124615750.0,-0.96,1761580800000.0,-0.39,-4864929.0,5935244.0,1.57,5.857,2300.0,8.24,,74.41,必贝特-U,-52.559,,450036657.0,0,21.69,科创板
SH603205,-1.8562899431073365,,3.2227,11,-0.09,False,0.01,2.247,41340000.0,21.72,2.94,20.8094,-23.12,897904800.0,,3388320000.0,1.151,100.0,7.746530971588256,-64.4,0.28,1.5936272131922946,23714054.0,-0.02,1730908800000.0,0.73,2394621.0,1087950.0,1.36,2.247,2285.0,2.63,,378.36,健尔康,29.787,,156000000.0,0,21.74,沪市主板
SH603310,-33.761896565980166,0.0,4.2713,11,-0.14,False,0.01,1.244,194010000.0,14.52,1.24,137.3503,-12.5,2817025200.0,1790697600000.0,5014336800.0,1.377,100.0,3.9487769611776384,-34.43,-0.07,-0.6257190101129795,14953469.0,-0.02,1723564800000.0,0.46,-1054357.0,1025400.0,0.84,1.244,2280.0,0.53,,35.65,巍华新材,31.856,,345340000.0,0,14.54,沪市主板
SH688657,-7.95223965786337,,8.3976,82,-2.64,False,0.01,2.216,59694543.0,32.5,6.5,30.4704,-10.05,1940072648.0,,3101162090.0,1.258,1.0,3.321113172465013,-20.55,0.09,14.52605598740142,30798814.0,-0.88,1696867200000.0,0.49,-3442511.0,931556.0,1.17,2.216,2267.0,1.56,,-14.03,浩辰软件,66.955,,95420372.0,0,33.38,科创板
SH688175,-60.80206477700967,,23.0302,82,6.73,False,0.01,3.045,168112100.0,30.94,9.59,,25.24,5201388374.0,,5201388374.0,0.249,1.0,-0.3859615003348327,17.37,-0.1,-14.739788381419583,384460184.0,1.95,1647273600000.0,-0.04,17732933.9,12653722.0,1.18,3.045,2263.0,7.53,,-10.99,高凌信息,-781.531,,168112100.0,0,28.99,科创板
SH688171,,,18.7113,82,0.63,False,0.01,3.462,116850760.0,24.14,8.96,,-27.75,2820777346.0,,2820777346.0,0.133,1.0,0.1234030932198934,1.3,-0.12,13.092045876068603,86681533.0,0.15,1643212800000.0,0.01,7606804.0,3516922.0,0.8,3.462,2251.0,3.01,,23.57,纬德信息,2796.21,,116850760.0,0,23.99,科创板
SH603382,-8.979688512790052,,0.8293,11,-0.89,False,0.01,1.912,115485886.0,18.94,2.83,8.591,-40.97,2187302681.0,,3432900910.0,0.528,100.0,5.6699438906296935,-42.0,-0.05,-0.6863785936687239,40315012.0,-0.17,1749657600000.0,0.56,2764282.0,2119187.0,1.08,1.912,2251.0,1.84,,386.7,海阳科技,34.101,,181251368.0,0,19.11,沪市主板
SH900945,211.45641481982605,,0.8171,11,-1.0,False,0.001,10.546,369446402.0,0.199,3.98,3.4786,-33.0,73519834.0,,8599910874.0,,100.0,54.43802465267895,2.68,1.53,7.823072730238634,14660.0,-0.002,867254400000.0,0.01,0.0,74200.0,1.01,10.474,2220.0,0.02,,0.0,海控B股,26.288,,43215632535.0,0,0.201,B股
SH603406,4.725199920904455,,3.2907,11,2.08,False,0.01,2.368,58719829.0,27.93,3.03,19.3077,-29.67,1640044824.0,,11172279300.0,4.475,100.0,11.141167647455791,-59.19,0.18,-0.5535318408735779,48836415.0,0.57,1754582400000.0,1.17,754410.0,1755658.0,1.43,2.368,2174.0,2.99,,140.68,天富龙,23.811,,400010000.0,0,27.36,沪市主板
SH900939,-22.354962753751128,,36.4481,11,-1.67,False,0.001,2.819,88000000.0,0.411,5.02,,-36.08,36168000.0,,74596500.0,,100.0,5.040580315202671,151.38,-0.24,-6.660391357124118,81175.0,-0.007,835891200000.0,0.01,17577.0,198866.0,2.28,2.805,2164.0,0.23,,4.86,汇丽B,56.885,,181500000.0,0,0.418,B股
SH688570,-71.94410164496871,,3.8524,82,-2.32,False,0.01,1.453,188200000.0,14.31,3.48,52.6233,-21.84,2693142000.0,,6196230000.0,0.699,1.0,0.8195506055248898,-55.52,0.0,-10.27327359235003,13365565.0,-0.34,1685894400000.0,0.08,-2462155.0,924717.0,1.93,1.453,2163.0,0.49,,9.48,天玛智控,177.133,,433000000.0,0,14.65,科创板
SH688367,-33.36067751386294,,13.8342,82,3.12,False,0.01,4.47,87624600.0,30.08,5.14,64.8655,-2.48,2635747968.0,,2635747968.0,0.366,1.0,1.1738659807836882,21.2,1.28,-7.310573297764755,42158677.0,0.91,1624809600000.0,0.08,4345580.0,1426881.0,1.18,4.47,2143.0,1.63,,108.15,工大高科,379.951,,87624600.0,0,29.17,科创板
SH603391,-19.30598470299859,0.0,6.0918,11,3.35,False,0.01,3.026,22750000.0,71.89,5.32,20.7015,12.42,1635497500.0,1790697600000.0,6541990000.0,2.087,100.0,9.712854935414423,26.35,0.84,-7.3566408254144955,233840387.0,2.33,1722355200000.0,2.27,-16032790.0,3292025.0,1.3,3.026,2046.0,14.47,,50.0,力聚热能,31.734,,91000000.0,0,69.56,沪市主板
SH688215,180.6864622372037,,7.0502,82,-4.94,False,0.01,7.442,90351261.0,41.14,7.12,,-17.66,3717050878.0,,3717050878.0,0.301,1.0,12.162460324227395,5.36,0.34,20.63466500340203,38089832.0,-2.14,1598544000000.0,0.64,-883857.0,906763.0,0.96,7.442,2035.0,1.0,,160.32,瑞晟智能,64.141,,90351261.0,0,43.28,科创板
SH688695,,,12.1297,82,-0.35,False,0.01,2.239,53395478.0,19.79,6.04,196.4964,-27.85,1056696510.0,,1683166771.0,,1.0,-5.142059448878443,-63.6,0.25,-11.61093084757473,28948556.0,-0.07,1710259200000.0,-0.47,676713.0,1438145.0,1.34,2.239,2029.0,2.69,,116.9,中创股份,-42.422,,85051378.0,0,19.86,科创板
SH688178,,,3.6288,82,-1.73,False,0.01,2.622,84997844.0,28.35,5.68,33.9778,17.98,2409688877.0,,2409688877.0,,1.0,-8.897208465924868,-35.43,-0.18,3.3960223118320476,33052103.0,-0.5,1578931200000.0,-1.01,-4155377.4800000004,1151799.0,1.06,2.622,1982.0,1.36,,102.9,万德斯,-28.162,,84997844.0,0,28.85,科创板
SH900909,-13.475093659792247,,0.152,11,-0.2,False,0.001,0.315,243100000.0,0.499,1.4,1.0298,0.63,121306900.0,,1057625916.0,3.206,100.0,2.4851300097360625,-88.27,0.2,4.599757394615267,77923.0,-0.001,714931200000.0,0.04,0.0,156011.0,1.06,0.314,1955.0,0.06,,-9.17,华谊B股,12.718,,2119490814.0,0,0.5,B股
SH603409,0.8498463558474612,,2.3457,11,-1.68,False,0.01,2.147,53878012.0,17.55,2.41,29.7821,-29.09,945559111.0,,3295502022.0,1.145,100.0,10.1769303819076,-44.78,-0.11,28.669628073224928,42236368.0,-0.3,1741017600000.0,0.81,179033.0,2384194.0,1.31,2.147,1947.0,4.43,,110.13,汇通控股,21.736,,187777893.0,0,17.85,沪市主板
SH688455,-16.014109552994338,,1.1518,82,-0.23,False,0.01,2.804,168030666.0,17.33,3.68,,-13.74,2911971442.0,,2911971442.0,,1.0,12.8880803404156,-23.6,-0.29,43.71198891231896,35380328.0,-0.04,1663171200000.0,0.74,606545.0,2030828.0,1.02,2.804,1936.0,1.21,,-3.2,科捷智能,23.439,,168030666.0,0,17.37,科创板
SH688132,94.14692933588766,,21.9665,82,-2.6,False,0.01,2.155,152225204.0,15.76,5.87,,-14.44,2399069215.0,,2399069215.0,,1.0,-20.43784772232758,-41.19,0.13,-22.730773100466507,26513454.0,-0.42,1663862400000.0,-1.68,-2251050.0,1666541.0,0.92,2.155,1932.0,1.09,,-15.17,邦彦技术,-9.363,,152225204.0,0,16.18,科创板
SH688184,,,1.8856,82,2.16,False,0.01,1.553,98167934.0,10.9,2.81,,17.46,1070030481.0,,1708334481.0,,1.0,-36.031300475574476,-67.61,0.46,11.216488531784252,7964657.0,0.23,1663516800000.0,-3.16,209746.0,734164.0,1.85,1.553,1922.0,0.75,,-21.76,ST帕瓦,-3.451,,156727934.0,0,10.67,科创板
SH688671,,,6.0727,82,-1.24,False,0.01,1.963,53772122.0,24.66,6.21,,-0.44,1326020529.0,,1936276074.0,,1.0,-8.915821227984084,-36.46,-0.24,-4.517980953910749,30691418.0,-0.31,1691510400000.0,-1.17,-1718741.0,1221734.0,0.95,1.963,1919.0,2.27,,93.8,碧兴物联,-21.031,,78518900.0,0,24.97,科创板
SH688616,10.708730988354521,,3.4232,82,-0.09,False,0.01,2.247,179378265.0,11.1,2.43,12.4154,-6.82,1991098742.0,,1991098742.0,2.658,1.0,12.049777950249844,-36.53,0.09,2.0598972322719344,18513837.0,-0.01,1615996800000.0,0.57,-302962.43999999994,1665247.0,1.1,2.247,1908.0,0.93,,150.07,西力科技,19.365,,179378265.0,0,11.11,科创板
SH603210,12.588316282308053,0.0,1.8799,11,3.78,False,0.01,2.397,232677500.0,13.73,8.47,26.0983,-28.87,3194662075.0,1790697600000.0,4673692000.0,0.859,100.0,11.502499875637774,-53.89,0.15,21.555574325781457,119537416.0,0.5,1744128000000.0,0.63,19643107.0,8719060.0,3.82,2.397,1901.0,3.75,,253.95,泰鸿万立,21.814,,340400000.0,0,13.23,沪市主板
SH900937,,,0.6363,11,-0.51,False,0.001,1.983,432000002.0,0.196,1.52,3.183,27.27,84672000.0,,1549837897.0,,100.0,7.00870322828407,133.61,0.0,-5.004607844525333,155276.0,-0.001,830102400000.0,0.01,-26773.0,789400.0,1.18,1.972,1855.0,0.18,,2.63,华电B股,31.147,,7907336210.0,0,0.197,B股
SH688450,,,9.0598,82,-3.03,False,0.01,2.162,48930672.0,30.39,7.08,,10.19,1487003122.0,,2005740000.0,,1.0,-5.223128020021385,-36.14,0.66,-8.946226006816914,39819541.0,-0.95,1690128000000.0,-0.75,2187379.0,1287280.0,1.11,2.162,1853.0,2.63,,-13.69,光格科技,-40.427,,66000000.0,0,31.34,科创板
SH603376,-29.91660702226382,,3.6106,11,1.74,False,0.01,6.272,32000800.0,26.85,4.93,27.3119,-26.81,859221480.0,,10740026850.0,0.559,100.0,11.483516010143632,-55.79,0.19,9.126623818092883,50815018.0,0.46,1762358400000.0,0.42,-2880550.0,1897718.0,1.62,6.272,1851.0,5.93,,413.55,大明电子,64.652,,400001000.0,0,26.39,沪市主板
SH900928,28.110392146432783,,1.2553,11,-0.69,False,0.001,0.584,128574731.0,0.576,2.41,14.6957,-17.07,74059045.0,,1452952514.0,5.035,100.0,7.863389710476164,522.03,0.0,2.159034999879572,108482.0,-0.004,767548800000.0,0.08,0.0,187760.0,1.04,0.582,1833.0,0.15,,0.81,临港B股,7.572,,2522487004.0,0,0.58,B股
SH603448,39.876172093651974,,3.5246,11,-1.65,False,0.01,3.66,23516837.0,58.32,2.58,19.1385,-6.91,1371501934.0,,6998400000.0,,100.0,18.92905443757328,-38.41,0.03,16.61167934266723,140586295.0,-0.98,1788710400000.0,2.73,-4056307.0,2388911.0,0.6,1.895,1828.0,10.16,,33.25,天博智能,21.371,,120000000.0,0,59.3,沪市主板
SH900901,2.4917468969266388,,0.9096,11,-1.63,False,0.001,1.114,293370465.0,0.602,1.96,6.7867,-6.67,176609020.0,,823339420.0,0.997,100.0,4.089173874218269,224.0,0.0,3.531861243912582,362179.0,-0.01,698601600000.0,0.02,0.0,597710.0,1.28,1.109,1797.0,0.2,,24.88,云赛B股,27.515,,1367673455.0,0,0.612,B股
SH900929,-44.383644579405704,,0.8594,11,-1.76,False,0.001,0.809,66000000.0,0.891,2.98,,-20.1,58806000.0,,118107637.0,1.684,100.0,1.389107908441425,257.83,0.11,12.708709980095101,72212.0,-0.016,780681600000.0,0.02,-70.0,81200.0,2.82,0.805,1769.0,0.12,,38.89,锦旅B股,55.45,,132556270.0,0,0.907,B股
SH688755,22.76182859782525,,4.1718,82,-3.04,False,0.01,2.61,79867159.0,29.32,7.21,18.0984,-3.38,2341705102.0,,3354208000.0,0.314,1.0,6.1153733022518715,-21.76,0.24,12.455609901716036,115270629.0,-0.92,1747324800000.0,0.67,2526711.0,3976017.0,0.91,2.61,1734.0,4.98,,102.46,汉邦科技,43.989,,114400000.0,0,30.24,科创板
SH603262,-14.503625431045364,,6.4934,11,-0.59,False,0.01,4.291,104347771.0,16.96,2.11,31.7019,-40.27,1769738196.0,,6784169600.0,0.814,100.0,8.333265480119936,-66.63,0.06,3.8640206245300623,29694410.0,-0.1,1753200000000.0,0.27,-722133.0,1743153.0,0.62,4.291,1733.0,1.67,,274.54,技源集团,62.201,,400010000.0,0,17.06,沪市主板
SH688528,11.084470448526318,,6.0219,82,0.19,False,0.01,3.994,168000000.0,10.31,3.79,,-4.27,1732080000.0,,1732080000.0,,1.0,-21.266614660918304,-66.35,0.19,-2.0505369174195986,16461423.0,0.02,1593532800000.0,-0.58,-1462958.0,1587732.0,0.94,3.994,1723.0,0.95,,186.41,秦川物联,-17.739,,168000000.0,0,10.29,科创板
SH900927,-47.32787400452683,,0.7365,11,-1.53,False,0.001,0.862,99825006.0,0.321,5.21,16.1857,-18.94,32043827.0,,159207305.0,,100.0,2.0057530988465357,171.11,0.0,-28.600089035860687,43604.0,-0.005,764956800000.0,0.01,0.0,136100.0,1.59,0.857,1720.0,0.14,,0.78,物贸B股,43.166,,495972914.0,0,0.326,B股
SH688067,19.0309524405766,,7.367,82,-1.31,False,0.01,3.133,68000000.0,24.2,4.24,47.496,-0.99,1645600000.0,,1645600000.0,0.628,1.0,6.318648622853382,-34.25,0.04,4.273213162035994,27376799.0,-0.32,1623772800000.0,0.48,401068.0,1121214.0,1.15,3.132,1710.0,1.65,,160.37,爱威科技,50.643,,68000000.0,0,24.52,科创板
SH688193,79.03324069330355,,12.9915,82,-0.52,False,0.01,2.353,40069870.0,51.92,5.0,97.2432,9.34,2080427650.0,,2080427650.0,2.144,1.0,1.9640929132463305,-20.78,0.27,-1.2456310729895614,37744821.0,-0.27,1648569600000.0,0.44,-1953492.6899999995,717464.0,1.31,2.353,1660.0,1.79,,-10.86,仁度生物,118.039,,40069870.0,0,52.19,科创板
SH688623,-17.545083412709573,0.0,15.1635,82,1.39,False,0.01,2.598,35519584.0,64.28,5.82,57.2218,-0.01,2283198860.0,1790697600000.0,5496718881.0,1.05,1.0,3.3062666403038308,-17.68,0.39,-3.510571919824401,65192096.0,0.88,1686153600000.0,0.82,5435879.0,1002993.0,0.96,2.598,1625.0,2.82,,-18.66,双元科技,78.864,,85512117.0,0,63.4,科创板
SH900913,,,0.1947,11,3.33,False,0.001,0.886,153649087.0,0.217,4.76,1.4345,2.84,33341852.0,,418634615.0,,100.0,-6.102876906538145,78.6,-0.46,-7.2390178529382565,439809.0,0.007,749145600000.0,-0.02,40981.0,2017980.0,10.77,0.881,1624.0,1.31,,21.05,国新B股,-11.162,,1929191776.0,0,0.21,B股
SH603352,-0.4568407961589416,,1.3122,11,0.77,False,0.01,1.914,45333334.0,25.0,2.06,461.6512,14.78,1133333350.0,,5666666675.0,0.44,100.0,8.069850106252414,-61.96,0.12,22.5993592291996,12543704.0,0.19,1768406400000.0,0.82,-147483.0,501892.0,0.75,1.914,1610.0,1.11,,213.44,至信股份,30.304,,226666667.0,0,24.81,沪市主板
SH900904,-23.414145849206424,,0.8586,11,-0.23,False,0.001,0.688,54751650.0,0.439,1.36,9.0038,-8.41,24035974.0,,234457445.0,2.278,100.0,1.1892723074043856,-85.62,0.0,-9.705867877401763,39918.0,-0.001,711734400000.0,0.01,0.0,90200.0,0.59,0.685,1582.0,0.16,,5.26,神奇B股,57.353,,534071628.0,0,0.44,B股
SH900914,-11.480439534868003,,1.1252,11,-0.7,False,0.001,0.361,161050032.0,0.423,1.17,7.2743,-11.97,68124164.0,,233331075.0,4.492,100.0,2.81670619504959,367.92,0.0,-12.194449324748668,32965.0,-0.003,750873600000.0,0.03,0.0,77600.0,0.52,0.359,1527.0,0.05,,18.67,锦在线B,12.869,,551610107.0,0,0.426,B股
SH603293,9.581902408353415,,1.6294,11,0.03,False,0.01,2.138,35096511.0,35.18,2.19,50.7996,5.05,1234695257.0,,6300409348.0,,100.0,11.671123936549051,-50.45,0.0,12.012064301976766,31029831.0,0.01,1776268800000.0,1.39,2478954.0,881759.0,0.92,2.138,1488.0,2.51,,112.06,埃泰克,25.268,,179090658.0,0,35.17,沪市主板
SH688429,,0.0,3.5123,82,-2.72,False,0.01,3.417,400000800.0,9.66,5.14,,-26.2,3864007728.0,1790697600000.0,3864007728.0,,1.0,-32.880289904993084,-67.7,-0.1,-11.40320871441155,13591831.0,-0.27,1687968000000.0,-1.09,-1887662.0,1387253.0,1.19,3.417,1465.0,0.35,,63.91,时创能源,-8.903,,400000800.0,0,9.93,科创板
SH688426,-7.1374143431988335,,10.9509,82,-5.4,False,0.01,1.823,112227568.0,21.36,10.14,,-10.37,2397180852.0,,2402865774.0,,1.0,-6.356044933616426,-39.44,0.28,13.580086488414045,77361541.0,-1.22,1666627200000.0,-0.77,-4088701.379999999,3536752.0,0.82,1.822,1458.0,3.15,,-10.94,康为世纪,-27.719,,112493716.0,0,22.58,科创板
SH688459,,,3.6888,82,-0.36,False,0.01,1.158,480000000.0,8.2,1.82,32.4019,-13.77,3936000000.0,,3936000000.0,1.463,1.0,2.1884543538611974,-7.57,0.0,-1.794220207388686,5640951.0,-0.03,1665504000000.0,0.15,33902.0,685795.0,0.84,1.158,1455.0,0.14,,-30.34,哈铁科技,52.956,,480000000.0,0,8.23,科创板
SH900917,8.442032258844456,,2.9045,11,-0.8,False,0.001,0.402,468850582.0,0.249,1.59,,-2.12,116743795.0,,300557116.0,2.811,100.0,4.188111686554101,,0.0,-18.73375489593867,81380.0,-0.002,755280000000.0,0.02,0.0,326608.0,0.64,0.4,1414.0,0.07,,,海欣B股,10.184,,1207056692.0,0,0.251,B股
SH900920,-32.44471506672076,,0.4097,11,0.37,False,0.001,0.388,344797300.0,0.268,1.5,2.8223,3.08,92405676.0,,371936238.0,,100.0,67.27445364950148,47.58,1.13,-9.181178216655594,114217.0,0.001,757008000000.0,0.35,-27453.0,429460.0,1.0,0.386,1367.0,0.12,,52.96,动力B股,0.767,,1387821784.0,0,0.267,B股
SH900915,,,0.6238,11,1.14,False,0.001,1.153,83490000.0,0.267,4.55,,-35.04,22291830.0,,85826592.0,,100.0,-11.949883733713838,4.05,0.0,-6.536988772307739,17241.0,0.003,753292800000.0,-0.03,0.0,64801.0,0.24,1.147,1362.0,0.08,,35.21,ST中路B,-8.984,,321447910.0,0,0.264,B股
SH688420,-43.05058614674626,,4.509,82,-1.18,False,0.01,1.425,88430000.0,22.63,4.06,110.9331,-5.19,2001170900.0,,2001170900.0,,1.0,-2.310639971931143,-51.34,0.67,-12.59068070490187,16951994.0,-0.27,1670515200000.0,-0.37,-1606762.0,746392.0,0.97,1.425,1210.0,0.84,,1.94,美腾科技,-60.958,,88430000.0,0,22.9,科创板
SH688701,-7.439258205228338,,8.5353,82,-2.76,False,0.01,10.289,134277372.0,8.44,5.88,29.0588,3.56,1133301020.0,,1133301020.0,,1.0,-49.32262536329633,-55.18,-0.24,-25.120898226774237,19793169.0,-0.24,1631721600000.0,-0.53,-1285601.0,2303957.0,1.04,10.289,1208.0,1.72,,127.27,卓锦股份,-15.84,,134277372.0,0,8.68,科创板
SH688816,110.66324249429655,,10.8823,82,1.47,False,0.01,2.623,20536018.0,46.94,2.55,58.7244,-15.79,963960685.0,,4694000000.0,0.511,1.0,4.114504170623321,-52.88,0.09,3.139389893844191,13114815.0,0.68,1770739200000.0,0.46,418901.0,279644.0,0.98,2.623,1202.0,1.36,,58.93,易思维,101.033,,100000000.0,0,46.26,科创板
SH900918,,,0.3633,11,-0.95,False,0.001,0.53,187500002.0,0.312,2.22,2.9263,-11.76,58500001.0,,304748207.0,0.641,100.0,2.24843515699981,,0.0,0.44466725972689414,31683.0,-0.003,755452800000.0,0.01,0.0,101400.0,4.36,0.528,1143.0,0.05,,,耀皮B股,24.546,,976757073.0,0,0.315,B股
SH688370,1.126947826001956,,7.6268,82,0.56,False,0.01,1.504,137107879.0,28.81,4.96,33.3098,19.39,3950077994.0,,3950077994.0,0.722,1.0,1.5184831585130263,-13.3,-0.24,-7.092018809304889,52678114.0,0.16,1661356800000.0,0.29,5146887.07,1804289.0,1.25,1.504,1090.0,1.32,,-23.9,丛麟科技,98.994,,137107879.0,0,28.65,科创板
SH688638,,,2.5676,82,0.32,False,0.01,2.637,26461022.0,34.82,3.63,,-4.16,921372786.0,,1949920000.0,,1.0,-20.84510081839947,-40.35,0.2,-10.230830107670307,17223390.0,0.11,1689091200000.0,-3.06,-103491.0,492779.0,0.88,2.637,1059.0,1.86,,-7.81,誉辰智能,-11.391,,56000000.0,0,34.71,科创板
SH603284,3.698129029216335,,0.9574,11,-0.64,False,0.01,1.356,18853700.0,40.23,2.3,85.3061,7.98,758484351.0,,3033937404.0,1.541,100.0,11.446907387800161,-35.19,-0.25,10.346430545977391,30273650.0,-0.26,1770652800000.0,2.79,3686280.0,746636.0,0.81,1.356,981.0,3.96,,55.57,林平发展,14.428,,75414800.0,0,40.49,沪市主板
SH900921,,,1.5325,11,0.54,False,0.001,16.078,193793606.0,0.186,2.16,46.275,15.53,36045611.0,,189073509.0,,100.0,-64.64280177363155,89.6,0.0,-1.0244749852623913,110455.0,0.001,757008000000.0,-0.01,42356.0,592800.0,0.68,16.034,965.0,0.31,,18.45,金煤B股,-16.636,,1016524240.0,0,0.185,B股
SH900943,-14.730423020029004,,0.6491,11,0.0,False,0.001,0.951,80000000.0,0.427,0.94,10.1831,-11.65,34160000.0,,112152381.0,0.468,100.0,3.3023430099822173,105.49,0.0,9.001036058938517,23468.0,0.0,852652800000.0,0.01,0.0,54800.0,0.7,0.946,934.0,0.07,,0.0,开开B股,32.179,,262651945.0,0,0.427,B股
SH603468,9.016656680314261,,1.6284,11,-0.14,False,0.01,3.053,39988574.0,21.95,2.05,10.3915,25.72,877749199.0,,9048266315.0,,100.0,13.465012122647446,-44.57,0.27,18.51984345504343,45462410.0,-0.03,1785945600000.0,0.91,-973600.0,2063315.0,0.65,2.525,907.0,5.16,,114.72,津富士达,24.112,,412221700.0,0,21.98,沪市主板
SH900922,-9.69509253583688,,0.5719,11,0.78,False,0.001,1.836,48787200.0,0.65,2.95,,-4.83,31711680.0,,130644373.0,0.462,100.0,2.729401321276172,,0.0,12.162360905288839,17731.0,0.005,757267200000.0,0.01,0.0,27300.0,0.76,1.827,778.0,0.06,,,三毛B股,67.62,,200991343.0,0,0.645,B股
