symbol,net_profit_cagr,north_net_inflow,ps,type,percent,has_follow,tick_size,pb_ttm,float_shares,current,amplitude,pcf,current_year_percent,float_market_capital,north_net_inflow_time,market_capital,dividend_yield,lot_size,roe_ttm,total_percent,percent5m,income_cagr,amount,chg,issue_date_ts,eps,main_net_inflows,volume,volume_ratio,pb,followers,turnover_rate,mapping_quote_current,first_percent,name,pe_ttm,dual_counter_mapping_symbol,total_shares,limitup_days,last_close,board
SZ000651,-2.712664931467046,0.0,1.3155,11,0.1,False,0.01,1.445,5512892991.0,38.32,1.49,5.8227,2.59,211254059415.0,1790697600000.0,214645867995.0,7.821,100.0,19.632223511219877,52901.38,-0.26,-8.474293150904321,1048965231.58,0.04,848246400000.0,4.98,621015.75,27358930.0,1.28,1.445,2627036.0,0.5,,1900.0,格力电器,7.702,,5601405741.0,0,38.28,深市主板
SZ002594,-4.798317955166709,0.0,0.9583,11,-1.91,False,0.01,3.105,3487068722.0,81.72,2.02,11.5268,-16.06,284963255962.0,1790697600000.0,745057385012.0,0.438,100.0,11.94109731506242,1074.66,0.06,7.423442872928754,2039984055.34,-1.59,1309363200000.0,3.23,-176688745.6,24840572.0,1.28,3.105,2433819.0,0.71,,41.39,比亚迪,25.313,,9117197565.0,0,83.31,深市主板
SZ000002,,0.0,0.2443,11,-4.69,False,0.01,0.474,9715113154.0,4.06,6.1,19.0303,-12.69,39443359405.0,1790697600000.0,48438680452.0,,100.0,-62.36668946327064,4779.81,0.25,-30.623315325108546,3048906401.02,-0.2,665078400000.0,-7.67,82900431.29999995,735739353.0,0.86,0.474,2254420.0,7.57,,-0.88,万科A,-0.529,,11930709471.0,0,4.26,深市主板
SZ000858,-17.521597507547625,0.0,5.9922,11,0.11,False,0.01,2.298,3881513391.0,70.14,1.17,,-31.48,272249349245.0,1790697600000.0,272255985471.0,7.351,100.0,10.720174839045029,4892.53,0.06,-16.209623283078834,1179720585.45,0.08,893606400000.0,3.37,69047508.0,16835562.0,1.1,2.298,2123095.0,0.43,,0.0,五粮液,20.809,,3881608005.0,0,70.06,深市主板
SZ300059,28.793288682878316,0.0,13.8668,11,-2.87,False,0.01,2.778,13392365708.0,17.28,3.49,17.6804,-25.08,231420079434.0,1790697600000.0,273407613840.0,0.579,100.0,15.850452739775866,2219.77,0.17,30.48428659053206,3240978158.32,-0.51,1268928000000.0,0.92,-97127001.0,185379082.0,1.52,2.778,1986975.0,1.38,,43.79,东方财富,18.75,,15822199875.0,0,17.79,创业板
SZ000333,9.831896009625062,0.0,1.3348,11,2.05,False,0.01,2.945,6885990383.0,81.74,4.47,11.632,9.8,562860853906.0,1790697600000.0,623670794534.0,5.251,100.0,20.69032616049396,1095.01,-0.04,8.273233852311556,3141585528.0,1.64,1379433600000.0,5.82,26391957.0,38781834.0,1.62,2.939,1976957.0,0.56,,-5.21,美的集团,14.054,,7629933870.0,0,80.1,深市主板
SZ000725,54.88977782174125,0.0,0.9869,11,-3.85,False,0.01,1.53,35367134117.0,5.5,5.59,4.1723,31.74,194519237644.0,1790697600000.0,203743804352.0,1.018,100.0,5.905238453217816,55.59,0.18,6.076739306983514,5653432093.2,-0.22,979228800000.0,0.21,-414876558.0,1010114319.0,0.86,1.53,1970583.0,2.86,,35.54,京东方A,25.929,,37044328064.0,0,5.72,深市主板
SZ300750,32.448013761766646,0.0,2.5432,11,-1.5,False,0.01,3.498,4260617083.0,286.75,2.85,9.8469,-20.41,1221731948550.0,1790697600000.0,1326863847461.0,2.885,100.0,25.212243347030526,1759.88,0.05,17.830920853275313,10594534584.1,-4.36,1528646400000.0,18.37,-353798362.0,36682465.0,1.25,3.497,1960242.0,0.86,,43.99,宁德时代,15.61,,4627249686.0,0,291.11,创业板
SZ002415,11.98397660113788,0.0,3.1016,11,1.66,False,0.01,3.586,9046093710.0,33.0,1.76,13.0206,14.93,298521092430.0,1790697600000.0,302440761150.0,3.939,100.0,20.17657193242631,947.49,0.03,5.052400044445182,1756013564.87,0.54,1274976000000.0,1.79,3756351.0,53274562.0,1.8,3.586,1920223.0,0.59,,20.49,海康威视,18.404,,9164871550.0,0,32.46,深市主板
SZ000895,0.08737666742477668,0.0,1.3861,11,0.0,False,0.01,3.922,3464212167.0,23.66,1.14,13.5378,-8.09,81963259871.0,1790697600000.0,81973884300.0,6.128,100.0,24.37356900150231,5380.66,0.08,-0.727761277718586,189778062.1,0.0,913219200000.0,1.47,-6592308.8999999985,8051545.0,0.86,3.922,1862554.0,0.23,,0.0,双汇发展,16.114,,3464661213.0,0,23.66,深市主板
SZ002304,-49.09309422243442,0.0,3.7289,11,-0.62,False,0.01,1.182,1506409974.0,37.02,0.86,,-36.73,55767297237.0,1790697600000.0,55768596639.0,3.971,100.0,0.9657640843780004,97.91,0.14,-25.520918132913508,176902201.78,-0.23,1257436800000.0,0.31,-17219531.0,4779554.0,1.02,1.182,1709990.0,0.32,,46.52,洋河股份,120.16,,1506445074.0,0,37.25,深市主板
SZ000001,-1.7571266376898986,0.0,1.723,11,1.82,False,0.01,0.488,19405684991.0,11.78,2.85,0.6418,8.98,228598969194.0,1790697600000.0,228601716372.0,5.17,100.0,8.213169343347104,3817.53,-0.17,-6.696996890345064,1743402510.4,0.21,670608000000.0,2.24,295220528.0,148168594.0,1.68,0.488,1693586.0,0.76,,-20.31,平安银行,5.26,,19405918198.0,0,11.57,深市主板
SZ002714,27.989767495958407,0.0,1.8683,11,-3.11,False,0.01,2.999,3280499320.0,41.13,3.16,22.6531,-17.79,134926937032.0,1790697600000.0,237443331403.0,1.038,100.0,-1.4131264692378431,2759.63,-0.07,0.3408722931924624,1063666664.32,-1.32,1390838400000.0,-0.19,-54849010.45,25530652.0,0.86,2.999,1665978.0,0.78,,44.0,牧原股份,-211.849,,5772996144.0,0,42.45,深市主板
SZ000568,-22.638070753783314,0.0,5.4115,11,0.46,False,0.01,2.337,1471161037.0,72.61,2.24,34.0327,-33.23,106821002897.0,1790697600000.0,106874765228.0,7.953,100.0,16.271362267156128,32358.65,0.08,-18.482924292012438,750952950.53,0.33,768412800000.0,5.1,10838771.75,10445482.0,1.13,2.337,1636441.0,0.71,,68.95,泸州老窖,14.237,,1471901463.0,0,72.28,深市主板
SZ300015,-13.89941961985791,0.0,3.2071,11,-1.5,False,0.01,3.175,7957892308.0,7.86,2.76,13.3064,-27.12,62549033541.0,1790697600000.0,73094578809.0,2.29,100.0,11.394645013183816,971.57,0.0,4.443366856360154,415168420.91,-0.12,1256832000000.0,0.27,-31934043.0,52459062.0,1.36,3.184,1585589.0,0.66,,85.36,爱尔眼科,28.706,,9299564734.0,0,7.98,创业板
SZ002460,,0.0,2.4521,11,1.8,False,0.01,1.923,1211369263.0,44.21,4.86,23.3327,-29.5,53554635117.0,1790697600000.0,92694859601.0,0.339,100.0,14.479577962026132,929.36,0.0,24.512628827400217,1983007972.5,0.78,1281369600000.0,3.05,78678371.0,44729247.0,1.61,1.923,1548114.0,3.69,,185.99,赣锋锂业,14.48,,2096694404.0,0,43.43,深市主板
SZ000661,-74.52373392150699,0.0,2.5621,11,-3.62,False,0.01,1.26,394777531.0,69.23,6.03,21.6936,-25.05,27330448471.0,1790697600000.0,28241515133.0,0.228,100.0,-1.5583572585511145,3487.42,0.0,-11.364468132392268,487172918.8,-2.6,850838400000.0,-0.86,-41763368.0,6882819.0,1.69,1.26,1492380.0,1.74,,111.36,长春高新,-80.1,,407937529.0,0,71.83,深市主板
SZ300274,-1.0262142042871458,0.0,2.1795,11,-2.42,False,0.01,3.328,1587459661.0,80.49,3.47,9.6915,-52.37,127774628114.0,1790697600000.0,166872787518.0,1.64,100.0,23.706587809550207,2481.55,0.15,-4.298386731538706,2903107685.76,-2.0,1320163200000.0,5.3,54900962.67,35735311.0,1.04,3.328,1485556.0,2.25,,13.84,阳光电源,15.191,,2073211424.0,0,82.49,创业板
SZ300760,-12.725946313988445,0.0,5.5702,11,-2.31,False,0.01,4.709,1210662145.0,157.6,2.58,17.2056,-15.74,190800354052.0,1790697600000.0,190979590326.0,2.692,100.0,19.75906442333144,205.02,0.12,0.3290504124397131,886662232.48,-3.72,1539619200000.0,6.49,-11801691.049999997,5596325.0,0.87,4.711,1440702.0,0.46,,44.0,迈瑞医疗,24.286,,1211799431.0,0,161.32,创业板
SZ002027,-10.51790081952807,0.0,5.4168,11,0.21,False,0.01,4.893,14442199726.0,4.74,1.48,8.2874,-32.39,68456026701.0,1790697600000.0,68456026701.0,6.118,100.0,22.477009996035864,468.48,0.21,1.6592952156174512,585604491.92,0.01,1091548800000.0,0.24,29166327.0,124335331.0,1.12,4.893,1410735.0,0.86,,38.54,分众传媒,20.077,,14442199726.0,0,4.73,深市主板
SZ300142,-18.964900154361864,0.0,10.7323,11,-1.05,False,0.01,3.226,1577850555.0,14.08,7.31,41.0788,30.7,22216135814.0,1790697600000.0,22518827457.0,0.888,100.0,2.2912795446332135,36.91,0.21,-24.823252400162765,1819092122.9,-0.15,1289491200000.0,0.12,-141932320.0,127155346.0,1.25,3.226,1353207.0,8.06,,43.53,沃森生物,119.29,,1599348541.0,0,14.23,创业板
SZ002271,-62.1685129651933,0.0,0.8826,11,0.57,False,0.01,1.241,1950672787.0,10.67,3.77,7.0604,-21.49,20813678637.0,1790697600000.0,25487427570.0,,100.0,0.7490105786613188,2086.92,0.28,-2.719357291628277,507678264.68,0.06,1220976000000.0,0.07,25831660.0,47580048.0,1.2,1.241,1331768.0,2.44,,15.35,东方雨虹,157.119,,2388699866.0,0,10.61,深市主板
SZ300146,-28.418986220705378,0.0,2.4908,11,0.0,False,0.01,1.467,1120818659.0,9.43,0.85,21.2686,-18.21,10569319954.0,1790697600000.0,15952514402.0,4.73,100.0,5.878077289532178,106.16,0.11,-11.537243603238235,73492640.71,0.0,1292342400000.0,0.38,6964912.0,7800131.0,1.08,1.467,1270302.0,0.7,,33.44,汤臣倍健,24.589,,1691677031.0,0,9.43,创业板
SZ002230,2.8977463311417484,0.0,3.1855,11,-0.89,False,0.01,3.88,2189966940.0,36.89,1.99,29.1965,-26.48,80787880417.0,1790697600000.0,88612725334.0,0.271,100.0,4.296719427600806,1687.13,0.0,13.687095475397705,555743315.2,-0.33,1210521600000.0,0.36,-18636548.799999997,14954893.0,1.07,3.88,810478.0,0.68,,139.42,科大讯飞,101.332,,2402079841.0,0,37.22,深市主板
SZ002024,,,0.256,11,-0.86,False,0.01,0.872,9252720668.0,1.15,1.72,4.2809,-32.35,10640628768.0,,10654482761.0,,100.0,1.1069079665696535,238.73,0.0,-17.568868410471474,21239027.0,-0.01,1090339200000.0,0.01,-7841969.0,18469400.0,1.27,0.872,696216.0,0.2,,100.24,ST易购,77.921,,9264767618.0,0,1.16,深市主板
SZ002466,47.14563785464823,0.0,3.9258,11,1.09,False,0.01,1.443,1475861414.0,40.69,3.95,20.7948,-26.53,60052800936.0,1790697600000.0,69706250914.0,,100.0,10.23827385149827,350.26,0.0,-13.505297460672239,1133949189.64,0.44,1283184000000.0,2.7,20488263.200000003,27709059.0,1.18,1.443,632619.0,1.88,,176.83,天齐锂业,15.087,,1713105208.0,0,40.25,深市主板
SZ000063,-31.044076969472655,0.0,0.9992,11,-4.12,False,0.01,1.861,4027621232.0,29.32,4.94,56.2647,-21.58,118089854522.0,1790697600000.0,140253242887.0,1.402,100.0,4.364535206896816,2227.54,0.21,5.525797446742664,2436154017.81,-1.26,879782400000.0,0.69,-87594075.0,81743437.0,1.57,1.852,600013.0,2.03,,0.0,中兴通讯,42.334,,4783534887.0,0,30.58,深市主板
SZ000538,8.647629232403364,0.0,2.1715,11,0.89,False,0.01,2.216,1784132393.0,50.89,1.43,19.138,-5.76,90794497480.0,1790697600000.0,90801123867.0,3.111,100.0,12.833035019749218,18995.68,0.0,2.729232055728703,464291256.33,0.45,755884800000.0,2.93,15207804.0,9149972.0,1.37,2.216,567609.0,0.51,,206.21,云南白药,17.389,,1784262603.0,0,50.44,深市主板
SZ002241,55.3142017928884,0.0,0.7795,11,-4.78,False,0.01,2.032,3151501771.0,21.7,6.45,16.3121,-23.94,68387588431.0,1790697600000.0,77209958377.0,1.581,100.0,11.097794858361771,1533.3,0.05,1.4650425576625326,1759278060.08,-1.09,1211385600000.0,1.12,-158515655.0,79454080.0,1.07,2.028,527000.0,2.52,,65.39,歌尔股份,19.354,,3558062598.0,0,22.79,深市主板
SZ002475,21.394840936578554,0.0,0.9807,11,-2.02,False,0.01,4.028,7329787476.0,48.43,4.61,22.6743,-14.13,354981607463.0,1790697600000.0,374970823791.0,0.824,100.0,21.146776230181153,4701.71,0.44,26.173383388693928,3403331514.42,-1.0,1284480000000.0,2.3,-33352349.650000006,69467702.0,1.08,3.806,515414.0,0.95,,38.85,立讯精密,21.068,,7742531980.0,0,49.43,深市主板
SZ000625,-49.55765284635826,0.0,0.4447,11,-0.98,False,0.01,0.918,8267021316.0,7.04,1.41,,-39.65,58199830065.0,1790697600000.0,69786855058.0,1.634,100.0,3.4211196222592744,762.32,0.0,-0.7143431256984356,324171671.71,-0.07,865872000000.0,0.26,-50191654.0,45895829.0,0.91,0.918,480383.0,0.56,,95.75,长安汽车,26.827,,9912905548.0,0,7.11,深市主板
SZ002508,-16.179816096216193,0.0,1.7025,11,-0.18,False,0.01,1.39,933635787.0,17.08,3.04,22.2841,-9.11,15946499242.0,1790697600000.0,16140991405.0,5.855,100.0,9.743160137852245,299.5,0.12,-8.004187815817366,139712367.06,-0.03,1290441600000.0,1.19,589561.0,8160460.0,1.14,1.39,474449.0,0.87,,63.17,老板电器,14.38,,945022916.0,0,17.11,深市主板
SZ300033,63.07228697246525,0.0,20.8811,11,-2.92,False,0.01,18.766,438409939.0,191.3,4.48,29.6705,-15.39,83867821331.0,1790697600000.0,143980032000.0,2.009,100.0,50.321016538287246,3338.61,0.21,35.991258332797415,1272615458.68,-5.76,1261670400000.0,4.86,-31989105.0,6563188.0,1.15,18.766,460747.0,1.5,,33.3,同花顺,39.387,,752640000.0,0,197.06,创业板
SZ000423,16.869898331074484,0.0,4.3652,11,1.02,False,0.01,2.924,638700293.0,46.42,2.55,21.1463,0.13,29648467601.0,1790697600000.0,29700761170.0,5.997,100.0,17.439384061124667,5683.7,0.19,13.683576175705102,264208532.76,0.47,838569600000.0,2.79,11491925.0,5713503.0,1.32,2.924,454003.0,0.89,,112.12,东阿阿胶,16.641,,639826824.0,0,45.95,深市主板
SZ002372,-9.37860834286981,0.0,2.7305,11,2.06,False,0.01,3.01,1470108109.0,8.92,3.32,14.1335,-11.67,13113364332.0,1790697600000.0,14200978853.0,3.879,100.0,18.51495164817463,287.69,-0.11,-8.332432121419242,187983121.19,0.18,1268841600000.0,0.54,20168253.0,21181401.0,2.02,3.01,424246.0,1.44,,38.29,伟星新材,16.517,,1592037988.0,0,8.74,深市主板
SZ000338,18.280997715880787,0.0,0.8882,11,-0.96,False,0.01,2.235,4956392543.0,24.86,6.61,6.471,46.28,123215918619.0,1790697600000.0,214795884638.0,3.584,100.0,13.993531886484456,743.54,0.16,5.650935433963378,2823172399.51,-0.24,1177862400000.0,1.5,61764784.0,110200493.0,1.56,2.241,416233.0,2.22,,217.2,潍柴动力,16.538,,8640220621.0,0,25.1,深市主板
SZ000100,60.35292702995727,0.0,0.5427,11,-3.34,False,0.01,1.624,20114980236.0,4.63,5.01,2.9564,3.99,93132358493.0,1790697600000.0,101611906779.0,1.836,100.0,10.995894126754942,157.9,0.22,3.0170320927927596,2076297484.11,-0.16,1075392000000.0,0.29,-427549831.0,443427390.0,1.55,1.511,393651.0,2.2,,78.17,TCL科技,15.774,,21946416151.0,0,4.79,深市主板
SZ002407,60.725168025311824,0.0,2.9463,11,1.9,False,0.01,4.12,1080918296.0,30.05,4.44,70.236,-10.92,32481594795.0,1790697600000.0,35772498698.0,0.646,100.0,7.958268340630942,549.36,0.03,8.707343138488554,1837110458.42,0.56,1274112000000.0,0.57,26246614.0,60888718.0,1.4,4.12,381493.0,5.63,,-5.03,多氟多,53.129,,1190432569.0,0,29.49,深市主板
SZ000977,71.02193495823619,0.0,0.5611,11,-2.08,False,0.01,3.864,1466915664.0,64.56,4.2,26.8125,-3.01,94704075268.0,1790697600000.0,94804852847.0,0.062,100.0,20.310725949885946,1800.33,0.28,38.07489644217246,2167795136.04,-1.37,960393600000.0,3.11,-54342441.0,33157681.0,0.96,3.864,371836.0,2.26,,285.34,浪潮信息,20.763,,1468476655.0,0,65.93,深市主板
SZ002340,31.57160125355347,0.0,0.8425,11,1.47,False,0.01,1.462,5075981882.0,6.2,2.95,10.7498,-24.8,31471087668.0,1790697600000.0,31634629898.0,2.048,100.0,8.893076438396537,197.86,0.0,7.593514744075391,445431296.55,0.09,1264089600000.0,0.36,61459640.0,71815789.0,1.67,1.461,366379.0,1.41,,77.22,格林美,17.031,,5102359661.0,0,6.11,深市主板
SZ002352,8.987870821203758,0.0,0.4957,11,0.33,False,0.01,1.529,4638955259.0,30.77,0.98,6.0909,-17.48,142740653319.0,1790697600000.0,157085406360.0,3.022,100.0,10.981021789307835,261.31,0.13,8.094606223405098,472274771.6,0.1,1265299200000.0,2.13,5792820.0,15344050.0,1.33,1.577,361574.0,0.33,,0.75,顺丰控股,14.436,,5105148078.0,0,30.67,深市主板
SZ002129,,0.0,1.2642,11,1.85,False,0.01,2.061,4039759377.0,9.37,3.91,40.2445,9.33,37852545362.0,1790697600000.0,37883883421.0,,100.0,-36.50034422782557,206.38,0.11,-19.34049768134062,950599180.03,0.17,1176998400000.0,-2.03,-83041379.0,101269871.0,1.36,2.061,356139.0,2.51,,198.97,TCL中环,-4.606,,4043103887.0,0,9.2,深市主板
SZ000792,36.578383962740666,0.0,5.9531,11,0.55,False,0.01,2.655,5291518096.0,23.96,2.6,12.3736,-14.91,126784773580.0,1790697600000.0,126786078082.0,,100.0,27.75790979706744,1890.2,-0.13,8.920285630104852,1170962513.68,0.13,873302400000.0,2.28,6595356.659999996,48787874.0,1.07,2.655,347726.0,0.92,,0.0,盐湖股份,10.521,,5291572541.0,0,23.83,深市主板
SZ002456,30.164285640768473,0.0,1.1084,11,-1.54,False,0.01,5.017,3317615011.0,6.39,4.31,34.6242,-39.83,21199559920.0,1790697600000.0,22338898230.0,,100.0,-7.084786446234903,183.94,0.0,1.5426726105290056,433529813.9,-0.1,1280764800000.0,-0.08,-42597746.0,67148490.0,1.38,3.776,343468.0,2.02,,54.33,欧菲光,-76.243,,3495915216.0,0,6.49,深市主板
SZ002007,-22.15707931332913,0.0,5.5229,11,-1.05,False,0.01,2.197,1573543054.0,13.2,2.55,24.3382,-9.38,20770768313.0,1790697600000.0,24099121015.0,5.303,100.0,7.029834878618993,2029.72,0.15,-9.167438636119563,153074504.84,-0.14,1088092800000.0,0.44,-11191775.0,11517148.0,1.18,2.196,338899.0,0.73,,69.63,华兰生物,29.829,,1825690986.0,0,13.34,深市主板
SZ000768,-1.6773600823270063,0.0,1.7562,11,-2.25,False,0.01,2.806,2776414009.0,22.6,4.24,21.5151,-10.32,62746956603.0,1790697600000.0,62841789051.0,0.664,100.0,4.33999071776793,1380.61,0.18,-9.405365066870242,482227218.66,-0.52,867254400000.0,0.34,-29488580.0,21086110.0,0.77,2.806,334750.0,0.76,,97.56,中航西飞,66.006,,2780610135.0,0,23.12,深市主板
SZ300308,156.9977657802065,0.0,14.1395,11,-3.15,False,0.01,23.139,1109937003.0,783.0,7.71,97.3167,28.51,869080673349.0,1790697600000.0,922303248903.0,0.274,100.0,65.26509720624877,25104.4,0.4,116.0079542323503,21291312889.42,-25.44,1333987200000.0,17.36,-153181952.0,26682145.0,1.4,21.908,327231.0,2.4,,9.0,中际旭创,45.093,,1177909641.0,0,808.44,创业板
SZ000963,7.235573565453168,0.0,1.0741,11,-2.67,False,0.01,1.858,1753013098.0,26.95,3.21,11.0218,-29.29,47243702991.0,1790697600000.0,47263208054.0,3.451,100.0,14.068042242120296,2210.33,0.11,3.0073301247623307,681907999.51,-0.74,948902400000.0,1.97,-139571221.55,25153484.0,1.29,1.858,312585.0,1.43,,257.99,华东医药,13.659,,1753736848.0,0,27.69,深市主板
SZ002049,-13.188782983096015,0.0,7.2362,11,-3.01,False,0.01,3.303,843119864.0,56.14,3.94,42.4203,-28.51,47332749165.0,1790697600000.0,47339138571.0,0.55,100.0,11.340025220903103,5419.61,0.16,-2.8581243528634226,574040270.28,-1.74,1117987200000.0,1.83,-24833485.5,10060219.0,1.2,3.369,311607.0,1.19,,46.44,紫光国微,30.682,,843233676.0,0,57.88,深市主板
SZ002202,37.48285207361175,0.0,0.9004,11,-3.14,False,0.01,1.788,3363605081.0,16.68,2.67,14.3317,-17.44,56104932751.0,1790697600000.0,70431661072.0,1.199,100.0,7.461510333408154,2.56,0.0,19.606536423004762,1095174703.1,-0.54,1198598400000.0,0.74,-42444973.0,65023913.0,1.17,1.789,311035.0,1.93,,263.89,金风科技,22.421,,4222521647.0,0,17.22,深市主板
SZ300014,28.044525533469432,0.0,1.3889,11,1.35,False,0.01,2.187,2112982103.0,50.48,4.02,23.186,-22.61,106663336559.0,1790697600000.0,109708029279.0,0.919,100.0,13.104558575513481,2361.0,0.04,26.90554860678269,2140254520.31,0.67,1256832000000.0,2.68,112669066.85,42236685.0,1.73,2.187,307176.0,2.0,,140.44,亿纬锂能,18.817,,2173296935.0,0,49.81,创业板
SZ002312,-1.855063433183346,0.0,1.446,11,0.0,False,0.01,1.593,1884636265.0,8.16,1.84,16.4369,-24.58,15378631922.0,1790697600000.0,15403707431.0,1.716,100.0,4.201794096941909,181.85,0.25,14.038083723085792,107049770.4,0.0,1259769600000.0,0.21,-6353570.0,13081954.0,0.76,1.593,304574.0,0.69,,130.77,川发龙蟒,38.4,,1887709244.0,0,8.16,深市主板
SZ300251,-61.01346461965507,0.0,27.6839,11,-3.46,False,0.01,3.267,2753141609.0,10.59,2.37,,-34.59,29155769639.0,1790697600000.0,31066701495.0,1.416,100.0,-5.273762435569236,310.12,-0.19,-36.05747385996915,351623847.1,-0.38,1312300800000.0,-0.18,-39126720.45,32900758.0,1.46,3.267,300387.0,1.2,,40.95,光线传媒,-59.264,,2933588432.0,0,10.97,创业板
SZ002192,105.04198115608152,0.0,7.2079,11,1.45,False,0.01,3.267,259117641.0,57.22,5.62,25.944,10.84,14826711418.0,1790697600000.0,14857470716.0,0.384,100.0,30.07688745615657,777.18,0.05,51.63858306167033,657906088.51,0.82,1196784000000.0,4.6,24745263.0,11402625.0,1.38,3.267,293918.0,4.4,,144.89,融捷股份,12.431,,259655203.0,0,56.4,深市主板
SZ000559,9.248617346823917,0.0,2.7708,11,-4.23,False,0.01,4.192,3327079064.0,10.41,5.06,31.6082,-38.8,34634893056.0,1790697600000.0,34655109068.0,1.912,100.0,12.133972342282481,4997.94,0.0,-5.779714230079236,442367629.07,-0.46,758131200000.0,0.32,-18624052.0,41779676.0,0.74,4.175,292897.0,1.26,,130.26,万向钱潮,32.881,,3329021044.0,0,10.87,深市主板
SZ002050,10.452715423851133,0.0,4.5126,11,-4.96,False,0.01,4.394,3691044992.0,33.94,5.82,22.6163,-37.88,125274067028.0,1790697600000.0,142819992954.0,1.179,100.0,12.984270958426725,5477.65,0.0,9.481962101883855,1833464375.36,-1.77,1118073600000.0,0.95,-21681598.0,52881405.0,1.42,4.394,286663.0,1.43,,13.67,三花智控,35.732,,4208013935.0,0,35.71,深市主板
SZ002677,,0.0,10.4603,11,-0.98,False,0.01,2.708,545882225.0,6.07,4.08,99.0121,-27.12,3313505106.0,1790697600000.0,3921533497.0,0.264,100.0,-0.7848170950325134,174.3,0.0,-44.58505625919527,39592444.0,-0.06,1337875200000.0,-0.02,-34145.0,6485400.0,0.62,2.708,282792.0,1.19,,16.88,浙江美大,-342.553,,646051647.0,0,6.13,深市主板
SZ000799,,0.0,11.0137,11,-0.49,False,0.01,3.246,324897530.0,36.49,1.75,,-32.65,11855510870.0,1790697600000.0,11856658480.0,0.822,100.0,-0.8229405302948343,244.63,0.19,-28.23082403221853,113467926.44,-0.18,869155200000.0,-0.09,2286046.0,3108613.0,0.71,3.246,281746.0,0.96,,0.0,酒鬼酒,-387.628,,324928980.0,0,36.67,深市主板
SZ300496,14.379738138039011,0.0,2.7209,11,-2.16,False,0.01,2.259,369530900.0,51.76,4.56,68.4197,-23.11,19126919384.0,1790697600000.0,23898474715.0,0.355,100.0,5.2286364869923805,636.05,0.04,24.627411911136754,341086372.46,-1.14,1449676800000.0,1.16,-13281125.0,6499046.0,1.21,2.259,279573.0,1.76,,44.01,中科创达,44.482,,461717054.0,0,52.9,创业板
SZ000623,37.93846415674081,0.0,9.2156,11,-0.86,False,0.01,0.645,1191023318.0,17.26,1.61,65.954,-10.16,20557062469.0,1790697600000.0,20641154380.0,2.839,100.0,10.213960954575866,2023.78,0.06,-14.743021079956486,126957746.68,-0.15,846432000000.0,2.65,-4999517.0,7320500.0,1.24,0.645,277970.0,0.61,,208.47,吉林敖东,6.524,,1195895387.0,0,17.41,深市主板
SZ300058,61.67038346706586,0.0,0.6102,11,-2.59,False,0.01,5.433,3477930282.0,12.05,3.96,30.1576,4.68,41909059898.0,1790697600000.0,43262165785.0,0.083,100.0,4.340979768169884,647.52,0.33,11.718562874255234,1443113043.3,-0.32,1267113600000.0,0.09,-19216456.9,118518398.0,0.66,5.433,271757.0,3.41,,18.07,蓝色光标,127.351,,3590221227.0,0,12.37,创业板
SZ300136,8.128738723932582,0.0,5.4062,11,0.76,False,0.01,6.234,825012463.0,51.62,6.17,47.5015,-16.7,42587143340.0,1790697600000.0,49945893094.0,0.097,100.0,9.031777791080337,1467.71,0.19,8.726608706940775,2142921733.38,0.39,1288886400000.0,0.72,161266747.60000002,40742999.0,1.24,6.234,271187.0,4.94,,63.37,信维通信,71.619,,967568638.0,0,51.23,创业板
SZ000776,52.35317302248108,0.0,3.218,11,-2.82,False,0.01,1.094,5904049311.0,19.32,3.87,43.0499,-10.14,114066232689.0,1790697600000.0,151176015273.0,3.882,100.0,11.523670193847547,1174.83,0.05,38.54807274595255,845842683.08,-0.56,865958400000.0,2.41,-48535519.0,43288461.0,1.35,1.094,269879.0,0.73,,0.0,广发证券,8.006,,7824845511.0,0,19.88,深市主板
SZ002371,14.159479038558143,0.0,10.0442,11,-2.54,False,0.01,10.745,725085683.0,600.32,6.4,47.8809,30.88,435283437219.0,1790697600000.0,435645740544.0,0.127,100.0,15.292469606732157,6589.7,0.05,30.57364597835639,4765038021.4,-15.65,1268668800000.0,7.83,-23323771.0,7762069.0,1.65,10.745,268982.0,1.07,,78.79,北方华创,76.644,,725689200.0,0,615.97,深市主板
SZ002156,210.64176073678706,0.0,2.8826,11,-1.7,False,0.01,5.293,1517452222.0,55.93,4.83,12.0164,48.52,84871102776.0,1790697600000.0,89141105697.0,0.138,100.0,15.978304646695488,463.69,0.27,15.544172263303025,2920248210.39,-0.97,1187193600000.0,1.58,-34057228.59,51323281.0,0.82,4.234,260773.0,3.38,,256.01,通富微电,35.316,,1593797706.0,0,56.9,深市主板
SZ002709,97.40612636704698,0.0,2.739,11,4.78,False,0.01,3.285,1509011019.0,32.69,7.21,56.9415,-28.76,49329570211.0,1790697600000.0,66640583411.0,1.065,100.0,23.69631441751707,2822.66,0.06,31.268439098643164,2786100524.76,1.49,1390406400000.0,1.94,81950591.94999999,85430042.0,2.59,3.285,260552.0,5.66,,45.17,天赐材料,16.85,,2038561744.0,0,31.2,深市主板
SZ002236,-20.395743464467543,0.0,1.4588,11,-0.2,False,0.01,1.279,2391139515.0,15.29,1.37,23.1271,-16.01,36560523184.0,1790697600000.0,49987017111.0,5.612,100.0,9.883710303532405,1490.06,0.0,3.7949538779917136,221860505.27,-0.03,1211212800000.0,1.15,-19164435.0,14483939.0,0.87,1.279,259069.0,0.61,,73.31,大华股份,13.276,,3269262074.0,0,15.32,深市主板
SZ002008,56.4165830211929,0.0,3.2747,11,-2.4,False,0.01,3.747,956729903.0,78.11,8.97,53.3018,89.9,74730172723.0,1790697600000.0,80422322199.0,0.256,100.0,10.55944101139456,2543.5,0.37,32.86523001846133,3383128165.67,-1.92,1088092800000.0,1.93,51292079.0,42126581.0,1.29,3.747,257806.0,4.4,,324.89,大族激光,40.423,,1029603408.0,0,80.03,深市主板
SZ002183,,0.0,0.1911,11,0.48,False,0.01,1.208,2596994091.0,4.2,2.87,23.8085,-11.76,10907375182.0,1790697600000.0,10907438182.0,,100.0,-3.5472170676521566,22.82,0.24,-20.689342406775467,144533769.0,0.02,1194883200000.0,-0.12,-4802711.0,34353100.0,0.85,1.208,251777.0,1.32,,111.01,怡亚通,-33.638,,2597009091.0,0,4.18,深市主板
SZ000157,1.757487491111176,0.0,0.9589,11,1.01,False,0.01,0.905,7070417363.0,6.03,2.68,9.4107,-26.48,42634616699.0,1790697600000.0,52150667473.0,3.317,100.0,7.310391317791002,2159.27,0.17,6.5149052096515,265637940.55,0.06,971280000000.0,0.49,24190044.0,44124407.0,1.0,0.905,249320.0,0.62,,89.4,中联重科,12.429,,8648535236.0,0,5.97,深市主板
SZ002038,20.63980062684816,0.0,10.1246,11,-2.26,False,0.01,1.172,852194786.0,5.62,4.87,10.3399,-23.61,4789334697.0,1790697600000.0,5773707000.0,0.178,100.0,-13.622104461584364,960.98,0.54,-20.357242241040485,131764293.5,-0.13,1094659200000.0,-0.7,-24401239.0,23162650.0,1.31,1.172,247786.0,2.72,,10.08,双鹭药业,-7.982,,1027350000.0,0,5.75,深市主板
SZ002142,8.800619230778617,0.0,3.0897,11,0.71,False,0.01,0.971,6599384253.0,35.68,2.17,2.3396,30.64,235466030147.0,1790697600000.0,235616119459.0,3.643,100.0,11.780492143941315,343.98,-0.34,9.237843337291828,957503958.99,0.25,1184774400000.0,4.71,-52930509.0,26814289.0,1.2,0.971,247525.0,0.41,,140.54,宁波银行,7.57,,6603590792.0,0,35.43,深市主板
SZ300027,-32.85209335735545,,18.782,11,-0.61,False,0.01,,2566307029.0,1.64,3.03,,-24.42,4208743528.0,,4550189707.0,,100.0,-244.33075838627033,-61.08,0.61,-36.18848391490227,44135011.08,-0.01,1256832000000.0,-0.11,-1693610.0,26745422.0,0.62,-77.725,247060.0,1.04,,147.76,ST华谊,-15.388,,2774505919.0,0,1.65,创业板
SZ000876,152.75146709913372,0.0,0.3031,11,-2.17,False,0.01,1.6,4500008269.0,6.77,3.03,5.7221,-26.57,30465055981.0,1790697600000.0,33593695349.0,,100.0,-18.060719882139555,661.53,0.3,-6.706572476755812,188322855.18,-0.15,889545600000.0,-0.85,-29035352.0,27625033.0,0.92,1.633,244068.0,0.61,,0.0,新希望,-7.92,,4962141115.0,0,6.92,深市主板
SZ002555,11.227475552703936,0.0,2.5235,11,-2.15,False,0.01,2.643,1633762624.0,16.83,2.33,12.9548,-26.1,27496224962.0,1790697600000.0,37231960171.0,4.195,100.0,24.114595151589118,597.82,0.0,-6.130390595830059,270513972.26,-0.37,1298995200000.0,1.48,-30246119.0,15901400.0,1.1,2.642,243744.0,0.97,,5.37,三七互娱,11.399,,2212237681.0,0,17.2,深市主板
SZ002074,112.51788979057125,0.0,1.0626,11,6.1,False,0.01,1.885,1736657690.0,31.3,9.05,15.2383,-19.66,54357385697.0,1790697600000.0,56800903205.0,0.319,100.0,12.061462166098542,867.12,-0.03,26.875675260655708,3666273461.18,1.8,1161100800000.0,1.88,359649628.0,119387048.0,2.5,1.885,242665.0,6.87,,87.31,国轩高科,16.693,,1814725342.0,0,29.5,深市主板
SZ002463,63.7412239340605,0.0,9.2373,11,-0.04,False,0.01,12.396,1922851736.0,115.88,7.0,76.2315,59.33,222820059168.0,1790697600000.0,222995246668.0,0.431,100.0,32.9529346939415,1787.88,0.26,50.60565873392697,5494283299.05,-0.05,1282060800000.0,2.63,215498505.5,46138581.0,1.16,12.396,242423.0,2.4,,26.38,沪电股份,44.045,,1924363537.0,0,115.93,深市主板
SZ002223,-24.322491526522416,0.0,3.2816,11,-1.22,False,0.01,1.936,934463165.0,25.95,3.05,17.0009,-29.51,24249319132.0,1790697600000.0,25811083811.0,4.651,100.0,8.425064832109005,1509.5,0.12,-0.7150646226711022,235049637.33,-0.32,1208448000000.0,1.13,-7147667.0,9030817.0,1.12,1.951,240494.0,0.97,,50.84,鱼跃医疗,23.006,,994646775.0,0,26.27,深市主板
SZ300377,,0.0,6.7482,11,-2.07,False,0.01,3.98,701045832.0,12.8,4.06,188.0723,-43.24,8973386650.0,1790697600000.0,9612839424.0,,100.0,-0.12764283991373626,442.46,0.39,-2.070480943122621,185269926.91,-0.27,1390752000000.0,0.0,9430449.0,14340206.0,0.89,3.98,239286.0,2.05,,44.02,赢时胜,-3115.94,,751003080.0,0,13.07,创业板
SZ300124,0.2658705325864652,0.0,2.7416,11,-3.95,False,0.01,3.672,2412443450.0,49.85,4.35,23.9677,-33.39,120260305983.0,1790697600000.0,135082566599.0,1.001,100.0,14.59637283594532,1305.81,0.34,21.28065115447404,2218357928.7,-2.05,1285603200000.0,1.8,-218252434.72,44414577.0,1.97,3.669,237717.0,1.84,,27.98,汇川技术,27.618,,2709780674.0,0,51.9,创业板
SZ002603,2.5216487793078723,0.0,3.269,11,0.26,False,0.01,2.357,1376272762.0,15.39,2.41,12.1042,-6.92,21180837807.0,1790697600000.0,25712155737.0,3.249,100.0,12.626326791624457,64.15,0.2,-8.525625198100927,206265178.0,0.04,1311782400000.0,0.82,-4671544.0,13306400.0,1.26,2.357,236975.0,0.97,,29.28,以岭药业,18.696,,1670705376.0,0,15.35,深市主板
SZ002405,,0.0,3.3852,11,-0.17,False,0.01,1.683,2355762401.0,5.9,2.2,,-34.52,13898998166.0,1790697600000.0,13983801303.0,,100.0,-0.8902832340890959,-9.16,0.51,9.859265777873683,141032028.19,-0.01,1274112000000.0,-0.03,809289.0,23899749.0,1.15,1.683,235795.0,1.01,,12.38,四维图新,-187.084,,2370135814.0,0,5.91,深市主板
SZ300999,13.104991376918584,0.0,0.5136,11,-0.83,False,0.01,1.329,542647097.0,23.9,1.62,71.1756,-16.1,12969265618.0,1790697600000.0,129576037710.0,0.962,100.0,3.8356284651042802,-50.15,0.04,1.152024090301773,201815682.01,-0.2,1602691200000.0,0.68,-20783893.0,8405909.0,1.14,1.329,229115.0,1.55,,117.9,金龙鱼,35.1,,5421591536.0,0,24.1,创业板
SZ000938,18.60736722097396,0.0,0.7665,11,-2.51,False,0.01,4.84,2860072674.0,30.24,4.64,41.303,23.24,86488597662.0,1790697600000.0,86488815390.0,0.215,100.0,17.583751658506134,709.18,0.17,18.786090301016966,2361365502.64,-0.78,941644800000.0,0.98,-25091087.0,77132163.0,0.88,4.84,227244.0,2.7,,341.87,紫光股份,30.762,,2860079874.0,0,31.02,深市主板
SZ002432,82.14265370315603,0.0,24.1951,11,-2.75,False,0.01,1.183,437417974.0,58.73,4.72,,49.53,25689557613.0,1790697600000.0,27378990431.0,2.527,100.0,19.667243937051115,571.9,0.17,-33.55081318361588,685137386.07,-1.66,1276099200000.0,9.47,-63100031.0,11529946.0,1.15,1.183,225383.0,2.64,,37.31,九安医疗,6.199,,466184070.0,0,60.39,深市主板
SZ002185,124.23645387172901,0.0,2.6738,11,-2.61,False,0.01,2.804,3326026532.0,16.03,5.59,18.3819,46.31,53316205308.0,1790697600000.0,53327929265.0,0.137,100.0,7.202433353430801,730.35,0.06,27.204117521277425,2358424376.34,-0.43,1195488000000.0,0.39,-29741270.6,144012484.0,0.69,2.803,224977.0,4.33,,104.93,华天科技,41.103,,3326757908.0,0,16.46,深市主板
SZ300502,197.93444488541078,0.0,14.9488,11,-2.7,False,0.01,21.728,1254723748.0,378.5,8.89,63.1095,23.14,474912938618.0,1790697600000.0,527908058966.0,0.189,100.0,72.0993711530187,24505.08,0.62,152.33333574186543,14388021240.61,-10.5,1456934400000.0,9.41,14870749.049999952,37094238.0,1.36,21.72,224862.0,2.96,,44.01,新易盛,40.241,,1394737276.0,0,389.0,创业板
SZ002507,-4.817518784739983,0.0,5.1967,11,-0.09,False,0.01,1.45,1153718438.0,11.19,0.89,14.3584,-10.28,12910109321.0,1790697600000.0,12912353923.0,3.753,100.0,8.386921004474512,256.17,-0.09,1.0758899438269909,80238873.13,-0.01,1290441600000.0,0.64,8818457.0,7173005.0,1.19,1.45,221437.0,0.62,,191.64,涪陵榨菜,17.536,,1153919028.0,0,11.2,深市主板
SZ002261,7.585495266321174,0.0,9.5284,11,1.26,False,0.01,11.586,1146105481.0,24.02,5.06,54.0446,-27.36,27529453654.0,1790697600000.0,30263474739.0,0.104,100.0,2.089671949234461,709.87,0.04,0.308750253317025,721316450.69,0.3,1216742400000.0,0.04,37819600.0,30023226.0,1.37,11.586,217572.0,2.62,,101.69,拓维信息,558.789,,1259928174.0,0,23.72,深市主板
SZ002176,20.184225539674937,0.0,7.4517,11,-1.51,False,0.01,4.941,1699760581.0,8.48,3.02,65.5651,-12.94,14413969727.0,1790697600000.0,14435084927.0,,100.0,-14.826402156826065,169.22,0.0,-11.822929902375135,349544804.32,-0.13,1192118400000.0,-0.28,-14898172.0,40826824.0,1.2,4.953,217106.0,2.4,,336.44,江特电机,-30.832,,1702250581.0,0,8.61,深市主板
SZ000997,5.280311662226467,0.0,1.8454,11,-2.22,False,0.01,2.49,1007439381.0,18.9,4.66,,-32.34,19040604301.0,1790697600000.0,19147550594.0,1.307,100.0,14.99268576149876,649.43,0.0,14.187321212299086,200925382.32,-0.43,965577600000.0,1.09,-297551.0,10522358.0,1.32,2.49,214356.0,1.04,,121.91,新大陆,17.324,,1013097915.0,0,19.33,深市主板
SZ300476,104.57553878251468,0.0,9.2587,11,-1.94,False,0.01,5.346,865194945.0,206.23,7.23,32.0508,-27.82,178429153507.0,1790697600000.0,202679711985.0,0.859,100.0,20.569609987327944,5323.39,0.31,46.31532764951185,4621785901.5,-4.07,1433952000000.0,5.11,144587701.45,21872732.0,0.9,5.346,211146.0,2.53,,43.99,胜宏科技,40.329,,982784813.0,0,210.3,创业板
SZ300144,,0.0,6.7622,11,-1.6,False,0.01,1.991,2581597994.0,5.53,1.78,11.6699,-29.76,14276236907.0,1790697600000.0,14427077633.0,4.521,100.0,9.960765372284905,42.48,0.18,1.2530481008934613,127017199.0,-0.09,1291824000000.0,0.29,-9949068.0,22818697.0,1.15,2.003,205372.0,0.88,,21.68,宋城演艺,18.998,,2608874798.0,0,5.62,创业板
SZ000723,,0.0,0.8503,11,0.85,False,0.01,1.253,4395176042.0,3.54,2.56,11.3381,-24.68,15558923189.0,1790697600000.0,15588398007.0,,100.0,-8.01040732527722,16.04,0.28,-3.3953914252287665,204600723.59,0.03,863625600000.0,-0.24,18252850.0,58053514.0,1.35,1.293,202029.0,1.32,,0.0,美锦能源,-14.871,,4403502262.0,0,3.51,深市主板
SZ002030,,0.0,11.1988,11,3.65,False,0.01,1.192,1403446032.0,5.96,9.22,23.5081,0.0,8364538351.0,1790697600000.0,8364538351.0,,100.0,-9.276061597502766,1015.69,1.71,-14.673411772667533,563622153.02,0.21,1091980800000.0,-0.49,-141407904.06,93784808.0,4.31,1.192,201984.0,6.68,,113.29,达安基因,-12.254,,1403446032.0,0,5.75,深市主板
SZ002353,1.7135407403216618,0.0,6.61,11,-0.61,False,0.01,4.817,691070465.0,109.55,4.54,75.4794,55.57,75706769441.0,1790697600000.0,112163406505.0,0.773,100.0,11.677863100361472,1379.37,0.16,8.918261551781015,1622744707.2,-0.67,1265299200000.0,2.57,31352341.2,14679855.0,0.92,4.817,200632.0,2.12,,12.91,杰瑞股份,42.563,,1023855833.0,0,110.22,深市主板
SZ300024,,0.0,5.1132,11,-0.78,False,0.01,4.937,1565174707.0,12.78,2.33,,-29.74,20002932755.0,1790697600000.0,20008622961.0,,100.0,-11.676015183286102,309.71,0.0,-3.148488450451048,155511784.21,-0.1,1256832000000.0,-0.31,-13530793.0,12088427.0,0.88,4.936,198498.0,0.77,,88.82,机器人,-40.7,,1565619950.0,0,12.88,创业板
SZ000630,22.990046371690287,0.0,0.3529,11,-0.52,False,0.01,2.026,11143001681.0,5.75,1.9,,-3.58,64072259666.0,1790697600000.0,77104461183.0,1.913,100.0,11.03456093651646,1114.62,0.17,26.225631300232166,597593218.24,-0.03,848419200000.0,0.3,9786391.0,103271256.0,0.73,2.026,197468.0,0.93,,171.43,铜陵有色,19.43,,13409471510.0,0,5.78,深市主板
SZ300122,,0.0,4.0394,11,-2.79,False,0.01,2.164,1414306248.0,13.59,5.79,5.895,-27.98,19220421910.0,1790697600000.0,32531602662.0,,100.0,-65.91149178643312,111.22,0.22,-48.31210921755713,655540447.1,-0.39,1285603200000.0,-6.24,-35582309.0,47844665.0,1.22,2.164,196747.0,3.38,,1.5,智飞生物,-2.18,,2393789747.0,0,13.98,创业板
SZ002273,26.941399334647166,0.0,4.3586,11,-5.12,False,0.01,3.154,1366081377.0,23.15,7.09,20.5325,-6.98,31624783878.0,1790697600000.0,32193135916.0,1.296,100.0,12.28783917496696,1691.24,0.22,16.267331320765187,1635580918.96,-1.25,1221753600000.0,0.86,-57982728.0,68883786.0,1.61,3.154,196426.0,5.04,,232.24,水晶光电,26.915,,1390632221.0,0,24.4,深市主板
SZ000777,-14.705389049385708,0.0,4.0949,11,0.31,False,0.01,2.454,383410827.0,16.17,2.48,445.2467,-37.01,6199753073.0,1790697600000.0,6199862479.0,0.798,100.0,6.475264844705722,1081.41,0.06,-12.872261973980482,54217084.75,0.05,868464000000.0,0.41,3174048.0,3328344.0,1.37,2.454,195830.0,0.87,,69.98,中核科技,39.904,,383417593.0,0,16.12,深市主板
SZ300418,17.19476161671849,0.0,5.0177,11,-4.29,False,0.01,3.331,1174457697.0,38.36,5.16,,-8.01,45052197257.0,1790697600000.0,49293931667.0,,100.0,2.4468652489773275,537.36,0.16,33.779877086420626,1414127811.47,-1.72,1421769600000.0,0.27,-20962721.0,36184479.0,0.99,3.33,195130.0,3.08,,43.99,昆仑万维,140.509,,1285034715.0,0,40.08,创业板
SZ002294,5.995915261926932,0.0,7.1502,11,-1.66,False,0.01,3.924,1114565736.0,30.15,2.71,30.7417,-38.17,33604156940.0,1790697600000.0,33611718530.0,1.824,100.0,7.874778110071235,476.38,0.1,14.59077324809015,270593107.76,-0.51,1252512000000.0,0.6,-23436943.0,8890546.0,1.15,3.924,192415.0,0.8,,58.05,信立泰,49.905,,1114816535.0,0,30.66,深市主板
SZ300450,4.406946768459208,0.0,3.928,11,7.58,False,0.01,3.499,1559413913.0,37.59,9.07,9.4089,-24.25,58618368990.0,1790697600000.0,62933983704.0,0.764,100.0,11.749609961211783,2694.17,0.67,2.4719088494544295,5276339655.33,2.65,1431878400000.0,1.06,372340828.0,143696043.0,2.52,3.498,191829.0,9.21,,43.99,先导智能,35.364,,1674221434.0,0,34.94,创业板
SZ000930,-53.481215125469994,0.0,0.567,11,0.0,False,0.01,0.929,1856302967.0,5.16,5.23,53.1418,-9.99,9578523310.0,1790697600000.0,9579242763.0,0.581,100.0,-2.2686178200225915,65.64,0.19,-7.205643289405151,275434075.56,0.0,931708800000.0,-0.13,17070386.0,52311062.0,1.26,0.929,189502.0,2.82,,162.0,中粮科技,-40.22,,1856442396.0,0,5.16,深市主板
SZ300079,34.307087229460805,0.0,8.9236,11,-2.51,False,0.01,1.628,1292182156.0,4.66,3.97,58.5922,-13.14,6021568847.0,1790697600000.0,6645290769.0,0.429,100.0,0.9436785254315617,-10.98,0.0,2.7519733903980104,86755888.0,-0.12,1272556800000.0,0.03,-6004738.0,18458300.0,1.2,1.628,188197.0,1.43,,4.04,数码视讯,169.676,,1426028062.0,0,4.78,创业板
SZ000860,-50.635047549571595,0.0,1.1873,11,-0.77,False,0.01,1.125,741766989.0,10.3,2.31,178.0017,-29.69,7640199987.0,1790697600000.0,7640199987.0,,100.0,-4.109215575076995,111.61,0.0,-17.336804980753573,75314538.26,-0.08,910108800000.0,-0.38,-7222420.0,7295556.0,0.75,1.125,187262.0,0.98,,0.0,顺鑫农业,-26.818,,741766989.0,0,10.38,深市主板
SZ300339,-6.4738856295005975,0.0,6.6403,11,1.48,False,0.01,7.459,777686667.0,34.3,3.52,,-30.6,26674652678.0,1790697600000.0,27316891846.0,0.405,100.0,3.3085363080423833,677.27,-0.03,11.29588252126663,541565211.48,0.5,1342540800000.0,0.15,24081246.0,15733085.0,1.69,7.459,186738.0,2.02,,17.21,润和软件,227.994,,796410841.0,0,33.8,创业板
SZ300003,-17.932667873901853,0.0,3.3387,11,-1.72,False,0.01,1.288,1578912054.0,11.46,3.52,13.9616,-26.52,18094332139.0,1790697600000.0,21125647245.0,2.836,100.0,4.78687136674422,-9.53,0.09,-8.14685069690001,182438955.81,-0.2,1256832000000.0,0.42,-27399931.0,15780439.0,1.28,1.288,185656.0,1.0,,118.62,乐普医疗,27.416,,1843424716.0,0,11.66,创业板
SZ002739,,0.0,1.5274,11,-2.8,False,0.01,2.35,2099912448.0,7.99,2.19,11.7587,-29.42,16778300460.0,1790697600000.0,16873111877.0,,100.0,-2.406253950575741,-13.06,0.13,-13.015428093688486,368920650.23,-0.23,1421856000000.0,-0.08,-61390510.0,45916782.0,1.38,2.349,185203.0,2.19,,43.98,儒意电影,-95.475,,2111778708.0,0,8.22,深市主板
SZ300347,,0.0,6.5517,11,-5.02,False,0.01,2.452,566474906.0,55.47,5.68,42.0711,-1.9,31422363036.0,1790697600000.0,47761114994.0,0.227,100.0,0.4569482531186958,1142.0,0.14,1.8161663397601835,699578786.15,-2.93,1345132800000.0,0.11,-79390975.75,12392749.0,1.21,2.452,184543.0,2.19,,32.0,泰格医药,522.588,,861026050.0,0,58.4,创业板
SZ300529,6.159587945761591,0.0,6.2722,11,-1.77,False,0.01,3.587,512402075.0,15.0,3.27,20.1618,-21.57,7686031125.0,1790697600000.0,11979079125.0,3.36,100.0,15.956423628946528,157.64,-0.07,-1.60923183342091,67408233.0,-0.27,1470067200000.0,0.66,-4286323.0,4461700.0,1.28,3.587,182064.0,0.87,,43.98,健帆生物,22.814,,798605275.0,0,15.27,创业板
SZ002422,-7.9095854089941575,0.0,3.3743,11,-5.14,False,0.01,2.504,1298556616.0,38.75,6.19,16.2487,33.89,50319068870.0,1790697600000.0,61642771810.0,1.533,100.0,7.574421261675157,240.73,-0.1,-5.65887113301703,870187747.23,-2.1,1275494400000.0,1.15,-60225825.0,22095124.0,1.12,2.504,180920.0,1.7,,7.53,科伦药业,33.702,,1590781208.0,0,40.85,深市主板
SZ300498,1.1739831535602985,0.0,0.982,11,-1.65,False,0.01,2.763,5945879969.0,14.87,3.11,17.1669,-10.46,88415235139.0,1790697600000.0,98943928765.0,3.356,100.0,-6.607687015788609,-54.57,0.27,2.6941219730018284,471045682.56,-0.25,1446393600000.0,-0.39,-11800027.0,31422917.0,1.14,2.826,179720.0,0.53,,242.48,温氏股份,-38.437,,6653929305.0,0,15.12,创业板
SZ000807,61.96976801109941,0.0,1.3831,11,0.38,False,0.01,2.39,3467920301.0,26.3,2.63,6.9696,-18.76,91206303916.0,1790697600000.0,91207279752.0,4.814,100.0,31.873035672668486,2279.44,0.08,19.18071857790784,1053978122.9,0.1,891964800000.0,3.16,66973214.64,40036085.0,0.81,2.39,177012.0,1.15,,0.0,云铝股份,8.314,,3467957405.0,0,26.2,深市主板
SZ300896,-19.476239979860953,0.0,12.1564,11,0.19,False,0.01,3.64,221012302.0,95.18,1.29,23.9158,-31.64,21035950904.0,1790697600000.0,28800712366.0,1.884,100.0,14.249895733054718,-19.45,0.0,-7.173294342512704,239461250.93,0.18,1601222400000.0,3.62,-4355253.1499999985,2527326.0,1.09,3.64,175080.0,1.14,,187.56,爱美客,26.304,,302592061.0,0,95.0,创业板
SZ002385,,0.0,0.4503,11,-0.32,False,0.01,1.927,3443890807.0,3.09,2.58,,-22.75,10641622594.0,1790697600000.0,13226349372.0,0.971,100.0,-19.896169860384834,-44.78,0.32,-3.8717379616833747,150560760.0,-0.01,1270742400000.0,-0.36,-4233413.0,48598500.0,1.02,1.936,174654.0,1.41,,72.2,大北农,-8.515,,4280371965.0,0,3.1,深市主板
SZ300238,-20.130133944352025,,8.8855,11,-2.18,False,0.01,5.507,265134082.0,11.69,5.77,126.3078,-15.6,3099417419.0,,3211194112.0,,100.0,2.9909438682341394,44.32,0.17,-5.890529275455581,54336318.22,-0.26,1309881600000.0,0.06,-8160518.0,4572054.0,1.06,4.734,172524.0,1.72,,146.76,冠昊生物,186.896,,274695818.0,0,11.95,创业板
SZ000878,2.0796115382129443,0.0,0.1882,11,0.19,False,0.01,2.044,2003620810.0,16.07,2.49,,-20.59,32198186417.0,1790697600000.0,38972707523.0,1.68,100.0,10.038744849870145,494.39,0.12,17.48689615649306,445549666.82,0.03,896716800000.0,0.71,3879872.0,27612773.0,0.8,2.044,172266.0,1.38,,0.0,云南铜业,22.547,,2425184040.0,0,16.04,深市主板
SZ000425,3.9011407029675205,0.0,0.7839,11,-0.28,False,0.01,1.303,8998084894.0,7.18,2.08,5.769,-36.49,64606249539.0,1790697600000.0,84086491024.0,3.398,100.0,9.882319421545988,3424.79,0.0,6.661638060446884,555610839.26,-0.02,841161600000.0,0.53,-9141955.0,77372505.0,0.81,1.303,171547.0,0.86,,76.25,徐工机械,13.615,,11711210449.0,0,7.2,深市主板
SZ000738,-31.344389161814213,0.0,4.6806,11,-1.39,False,0.01,1.932,1315184001.0,18.49,3.84,49.9119,-12.86,24317752178.0,1790697600000.0,24317752178.0,0.416,100.0,1.9408305127055885,185.14,0.11,-0.6776001050710634,195988998.43,-0.26,867254400000.0,0.18,-469528.0,10481868.0,1.18,1.932,170635.0,0.8,,52.22,航发控制,100.144,,1315184001.0,0,18.75,深市主板
SZ000066,-49.51083304356072,0.0,2.5676,11,-1.77,False,0.01,3.943,3225589838.0,13.85,3.97,,-3.89,44674419256.0,1790697600000.0,44677317369.0,,100.0,1.0473676915785843,617.32,0.14,13.767704923749523,1049876303.87,-0.25,867254400000.0,0.04,-47262175.4,75032573.0,0.5,3.943,169901.0,2.33,,0.0,中国长城,378.389,,3225799088.0,0,14.1,深市主板
SZ000039,-32.81273512858813,0.0,0.2936,11,0.93,False,0.01,1.021,2301407141.0,8.68,3.72,4.334,-12.21,19976213984.0,1790697600000.0,46807076942.0,2.062,100.0,-0.6227792568756825,2870.57,0.23,8.316135605176633,148398333.0,0.08,765734400000.0,-0.06,594747.0,16995750.0,0.97,0.91,168510.0,0.74,,52.94,中集集团,-147.274,,5392520385.0,0,8.6,深市主板
SZ000636,41.64474368222217,0.0,8.9185,11,1.59,False,0.01,4.571,1147489969.0,50.4,5.54,258.6552,210.06,57833494438.0,1790697600000.0,57833517118.0,0.198,100.0,3.2572853672475777,3886.71,0.12,19.859340096642764,4470769497.83,0.79,849196800000.0,0.35,105893421.0,87521422.0,1.15,4.609,168320.0,7.63,,181.18,风华高科,142.171,,1147490419.0,0,49.61,深市主板
SZ000069,39.51198882577218,0.0,0.4663,11,-2.54,False,0.01,0.485,6898601781.0,1.92,5.08,1.9565,-22.58,13245315420.0,1790697600000.0,15432495462.0,,100.0,-35.40890452229059,588.91,0.52,-13.454488860441005,249555793.88,-0.05,873820800000.0,-1.88,-22610834.0,128199452.0,0.91,0.485,167499.0,1.86,,0.0,华侨城A,-1.021,,8037758053.0,0,1.97,深市主板
SZ300676,,0.0,4.74,11,-4.58,False,0.01,2.149,416035950.0,43.76,8.61,248.8073,-3.53,18205733172.0,1790697600000.0,18305555202.0,,100.0,-6.471564441897201,177.02,0.02,-2.2643445719649713,688625263.42,-2.1,1499961600000.0,-1.37,-27990814.0,15627474.0,0.9,2.149,166626.0,3.76,,43.99,华大基因,-31.833,,418317075.0,0,45.86,创业板
SZ002032,-3.8883068482185035,0.0,1.4546,11,3.73,False,0.01,6.54,796593100.0,41.44,5.03,12.6169,-0.79,33010818064.0,1790697600000.0,33025653418.0,6.347,100.0,39.81649946576321,3709.17,0.24,2.0442747371376413,186269397.86,1.49,1092672000000.0,2.54,33302956.0,4531816.0,2.74,6.564,163431.0,0.57,,-8.27,苏泊尔,16.314,,796951096.0,0,39.95,深市主板
SZ000410,-48.951899642145825,0.0,3.6042,11,-1.17,False,0.01,3.191,1971018333.0,5.05,2.74,31.3955,-29.37,9953642582.0,1790697600000.0,13377818695.0,,100.0,-2.053591888665419,176.41,0.2,34.89941331599271,69188186.0,-0.06,837619200000.0,-0.03,-8526473.0,13623400.0,0.82,3.191,163207.0,0.69,,44.23,沈阳机床,-192.789,,2649073009.0,0,5.11,深市主板
SZ002600,-2.880266869517367,0.0,1.7603,11,-3.87,False,0.01,2.957,7200000669.0,11.42,4.38,20.8555,-26.31,82224007640.0,1790697600000.0,92733899442.0,0.333,100.0,8.170451287855697,145.68,-0.09,17.066453424468953,695372580.34,-0.46,1310659200000.0,0.26,-18038584.0,59841117.0,1.07,2.942,163060.0,0.83,,149.38,领益智造,43.712,,8120306431.0,0,11.88,深市主板
SZ002624,,0.0,3.2426,11,-1.54,False,0.01,2.848,1827733041.0,9.56,2.57,14.9806,-40.19,17473127872.0,1790697600000.0,18546097942.0,3.452,100.0,1.6269856636348994,65.47,0.42,-13.952198981208163,263794925.67,-0.15,1319731200000.0,0.06,-4465075.0,27495439.0,0.78,2.848,161533.0,1.5,,123.93,完美世界,169.811,,1939968404.0,0,9.71,深市主板
SZ002465,332.00199209904576,0.0,5.8922,11,1.31,False,0.01,2.243,2477887109.0,10.02,3.54,,-36.14,24828428832.0,1790697600000.0,24867976159.0,0.599,100.0,-8.239004607836147,50.45,0.1,-14.305902593289455,585451342.06,0.13,1283184000000.0,-0.39,58549523.0,57982471.0,1.23,2.243,159525.0,2.34,,31.39,海格通信,-25.635,,2481833948.0,0,9.89,深市主板
SZ300474,,0.0,29.8022,11,-3.17,False,0.01,3.787,406479684.0,49.1,5.25,,-31.68,19958152484.0,1790697600000.0,25660603849.0,,100.0,-2.693573380548521,816.39,-0.2,20.417062817866082,305154638.48,-1.61,1459353600000.0,-0.35,-1582635.0,6070998.0,0.79,3.787,159380.0,1.49,,43.99,景嘉微,-138.739,,522619223.0,0,50.71,创业板
SZ000783,63.71817409167051,0.0,3.2286,11,-2.27,False,0.01,1.163,5530072948.0,7.76,3.53,1.9939,-0.93,42913366076.0,1790697600000.0,42913366076.0,4.51,100.0,12.366883890956663,414.59,0.26,34.364136932555155,499007710.52,-0.18,870278400000.0,0.93,-35374747.0,63693210.0,1.26,1.163,155025.0,1.15,,73.51,长江证券,8.33,,5530072948.0,0,7.94,深市主板
SZ000158,,0.0,2.6891,11,3.86,False,0.01,3.851,1590643645.0,12.64,7.97,,-37.89,20105735673.0,1790697600000.0,20206515353.0,0.214,100.0,0.24786916213753235,274.23,-0.08,-6.101175638685897,514071619.1,0.47,964368000000.0,0.01,54315045.0,40613382.0,2.41,3.851,154971.0,2.55,,59.39,常山北明,1549.035,,1598616721.0,0,12.17,深市主板
SZ000021,28.446233392546393,0.0,3.2229,11,0.88,False,0.01,3.941,1584586762.0,33.12,5.27,123.1599,31.76,52481513557.0,1790697600000.0,52488607861.0,0.661,100.0,9.571499775855822,5953.74,0.36,5.6959901221238285,1833463104.25,0.29,760118400000.0,0.77,129684289.0,54668039.0,1.22,3.915,154654.0,3.45,,69.89,深科技,42.767,,1584800962.0,0,32.83,深市主板
SZ002157,-38.37854204500447,0.0,1.6993,11,-1.37,False,0.01,2.625,7787895012.0,2.88,2.74,66.0917,-11.11,22429137635.0,1790697600000.0,26640468256.0,,100.0,-13.504403100262202,-6.3,0.0,33.68276975464233,312101272.99,-0.04,1187280000000.0,-0.16,-74941283.0,107350023.0,1.11,2.625,154407.0,1.38,,261.95,正邦科技,-17.945,,9250162589.0,0,2.92,深市主板
SZ000728,16.34900488685691,0.0,4.6028,11,-1.1,False,0.01,0.81,4363777891.0,7.17,2.21,5.5707,-13.0,31288287478.0,1790697600000.0,31288287478.0,2.789,100.0,7.116635663178012,58.4,0.14,4.530397080679549,120579461.0,-0.08,866390400000.0,0.62,-10512700.0,16710036.0,1.01,0.81,152788.0,0.38,,-0.07,国元证券,11.484,,4363777891.0,0,7.25,深市主板
SZ002837,9.138051663116098,0.0,10.1991,11,-3.74,False,0.01,18.527,1134937948.0,51.93,5.71,146.5805,-36.72,58937327640.0,1790697600000.0,66409615520.0,0.25,100.0,14.890199107570787,3074.98,0.04,26.32470919177914,1145378508.82,-2.02,1482940800000.0,0.38,14281066.0,21663714.0,0.76,18.502,152153.0,1.91,,44.0,英维克,135.242,,1278829492.0,0,53.95,深市主板
SZ000788,1.224755936865396,,3.3595,11,0.37,False,0.01,2.152,595987425.0,5.48,4.95,5.3847,-7.86,3266011089.0,,3266011089.0,3.431,100.0,2.4568128978263135,83.79,0.0,-31.91660731757725,117444151.52,0.02,866390400000.0,0.06,-9481317.0,21123701.0,2.01,2.152,152072.0,3.54,,0.0,北大医药,85.364,,595987425.0,0,5.46,深市主板
SZ002916,57.11896054065848,0.0,8.799,11,-1.34,False,0.01,13.904,664809450.0,368.02,7.92,65.2027,59.39,244663173789.0,1790697600000.0,250682930292.0,0.652,100.0,25.067395274956706,3670.5,0.07,36.76457544958647,3402905417.84,-4.99,1513094400000.0,6.12,-10134604.800000012,8980824.0,1.22,13.904,151768.0,1.35,,43.99,深南电路,60.157,,681166595.0,0,373.01,深市主板
SZ002625,-0.8971466558503338,0.0,22.362,11,-1.78,False,0.01,5.076,2154572262.0,23.15,4.96,61.2928,-52.47,49878347865.0,1790697600000.0,49878709005.0,0.151,100.0,6.476391802627221,673.68,0.17,17.86078359595955,503236078.35,-0.42,1320249600000.0,0.29,46439249.0,21421693.0,0.57,5.076,151648.0,0.99,,72.0,光启技术,80.448,,2154587862.0,0,23.57,深市主板
SZ002428,113.15998514394772,0.0,44.141,11,-1.34,False,0.01,36.472,653007500.0,85.71,8.0,,169.98,55969272825.0,1790697600000.0,55978915200.0,0.012,100.0,4.825849897437165,711.06,0.25,29.905517572336816,3343092966.16,-1.16,1275926400000.0,0.11,85085348.0,38265805.0,1.1,36.472,151071.0,5.86,,102.0,云南锗业,774.622,,653120000.0,0,86.87,深市主板
SZ002649,-35.089936709687045,0.0,0.8247,11,-1.75,False,0.01,1.287,585166782.0,8.98,2.84,29.2542,-30.9,5254797702.0,1790697600000.0,5311082097.0,1.448,100.0,1.2331706806772333,153.88,0.11,-2.0577203670473776,52955577.0,-0.16,1325779200000.0,0.09,-10661068.0,5859600.0,0.91,1.286,151024.0,1.0,,-9.41,博彦科技,103.694,,591434532.0,0,9.14,深市主板
SZ000933,19.414850197951704,0.0,1.302,11,0.69,False,0.01,2.145,2247569459.0,26.4,3.32,5.1599,-1.26,59335833718.0,1790697600000.0,59373716134.0,3.011,100.0,27.513984105269145,3298.12,-0.04,9.976936457507101,926080099.02,0.18,936028800000.0,3.06,95962949.0,34893268.0,1.13,2.145,150392.0,1.55,,63.6,神火股份,8.627,,2249004399.0,0,26.22,深市主板
SZ002572,-48.25699343344708,0.0,0.8804,11,-2.98,False,0.01,1.078,729247004.0,7.49,3.89,,-40.73,5462060060.0,1790697600000.0,7213223258.0,10.681,100.0,9.512481513294466,128.1,0.0,-15.855106721968626,111467934.0,-0.23,1302537600000.0,0.67,-16902701.0,14808300.0,1.38,1.078,150318.0,2.03,,-10.0,索菲亚,11.204,,963047164.0,0,7.72,深市主板
SZ002001,40.67943482361878,0.0,3.3304,11,1.39,False,0.01,2.318,3036852928.0,26.31,3.16,8.7942,7.24,79899600536.0,1790697600000.0,80861724401.0,3.797,100.0,21.943213684793715,4399.74,0.15,20.300115017149523,790652959.68,0.36,1088092800000.0,2.33,24354283.200000003,29851058.0,1.65,2.318,150150.0,0.98,,86.65,新和成,11.275,,3073421680.0,0,25.95,深市主板
SZ002511,12.860395613402487,0.0,1.0006,11,-1.0,False,0.01,1.601,1265003933.0,6.92,2.29,5.4612,-18.74,8753827216.0,1790697600000.0,8865479202.0,0.592,100.0,7.1344411882681715,11.46,0.0,-3.0103014107926707,54637466.58,-0.07,1290614400000.0,0.31,-1246314.0,7863406.0,1.1,1.608,149505.0,0.62,,29.53,中顺洁柔,22.508,,1281138613.0,0,6.99,深市主板
SZ300207,-11.561730142062554,0.0,0.5336,11,-2.27,False,0.01,1.644,1713925731.0,21.5,7.59,61.5377,-17.44,36849403217.0,1790697600000.0,39720442589.0,0.419,100.0,3.317939464766965,578.19,-2.05,23.19092969383405,3279540789.04,-0.5,1303315200000.0,0.44,-60165805.0,146438327.0,1.05,1.644,149419.0,8.54,,12.27,欣旺达,49.404,,1847462446.0,0,22.0,创业板
SZ002738,37.22416764957883,0.0,4.346,11,-2.73,False,0.01,2.319,711015264.0,41.34,4.89,17.4594,-46.97,29393371014.0,1790697600000.0,30152770815.0,1.197,100.0,11.876498937930759,1362.43,0.0,6.833865117829574,894273927.05,-1.16,1419868800000.0,2.03,9694323.700000003,21353614.0,1.08,2.294,148514.0,3.0,,43.99,中矿资源,20.377,,729384877.0,0,42.5,深市主板
SZ001979,-61.05402962311183,0.0,0.4462,11,3.17,False,0.01,0.723,8869713675.0,7.82,6.86,1.9675,-8.82,69361160939.0,1790697600000.0,70505371577.0,0.652,100.0,0.10282308922498917,-54.55,0.26,-2.014442071786582,1401123379.26,0.24,1451404800000.0,0.01,41013975.0,180615281.0,1.12,0.723,145873.0,2.04,,-8.38,招商蛇口,680.194,,9016032171.0,0,7.58,深市主板
SZ002812,,0.0,2.7195,11,0.73,False,0.01,1.727,819552873.0,45.84,4.79,21.4726,-19.07,37568303698.0,1790697600000.0,44983640865.0,0.89,100.0,4.153788419538871,498.32,0.09,19.427660741663356,1007473637.81,0.33,1473782400000.0,1.08,-38791494.0,21749378.0,2.11,1.728,145717.0,2.65,,44.0,恩捷股份,42.599,,981318518.0,0,45.51,深市主板
SZ000088,11.673717546487627,0.0,27.247,11,1.93,False,0.01,1.365,3162920742.0,4.75,2.36,64.8893,9.47,15023873525.0,1790697600000.0,24697545894.0,2.253,100.0,8.325764822893543,255.73,0.21,2.5957744481063916,187225287.84,0.09,870019200000.0,0.29,16378993.0,39496278.0,1.86,1.365,144076.0,1.25,,101.88,盐田港,16.566,,5199483346.0,0,4.66,深市主板
SZ002414,323.01760653533773,0.0,6.9322,11,0.18,False,0.01,5.697,3398612431.0,11.2,1.88,31.2549,-23.03,38064459227.0,1790697600000.0,47832244410.0,0.893,100.0,24.886991937871908,550.29,0.09,60.93261666496874,331240954.76,0.02,1279209600000.0,0.43,-10470140.0,29472940.0,0.93,5.697,143709.0,0.87,,-2.04,高德红外,25.765,,4270736108.0,0,11.18,深市主板
SZ000998,11.315237411921043,0.0,1.5846,11,-0.12,False,0.01,1.923,1315050546.0,8.65,3.93,14.9309,-7.11,11375187223.0,1790697600000.0,12710725728.0,0.486,100.0,0.8928849184119271,279.69,0.23,-10.138665971930305,209675414.15,-0.01,976464000000.0,0.04,-13561443.0,24074299.0,1.04,1.923,143420.0,1.83,,211.02,隆平高科,223.008,,1469448061.0,0,8.66,深市主板
SZ000778,-13.594774118107079,0.0,0.354,11,1.4,False,0.01,0.546,3893451290.0,3.61,2.81,4.6904,-11.89,14055359157.0,1790697600000.0,14307088049.0,2.078,100.0,3.507616938455423,209.15,0.0,0.6627076033387524,181211690.74,0.05,865526400000.0,0.23,28371770.0,50129383.0,1.42,0.546,142710.0,1.29,,100.82,新兴铸管,15.639,,3963182285.0,0,3.56,深市主板
SZ002400,-30.347750962488075,0.0,0.4681,11,-2.04,False,0.01,2.164,1726164618.0,6.23,3.14,,-29.71,10754005570.0,1790697600000.0,10860990307.0,0.257,100.0,1.2844222718108094,161.29,0.32,15.382132992388797,267642441.48,-0.13,1273075200000.0,0.04,-25010011.0,42715759.0,0.86,2.164,142158.0,2.47,,10.43,省广集团,169.411,,1743337128.0,0,6.36,深市主板
SZ000009,,0.0,0.7006,11,0.14,False,0.01,1.835,2576020465.0,6.94,2.45,14.5785,-29.25,17877582027.0,1790697600000.0,17899744917.0,0.432,100.0,-0.7120181705370251,1557.12,0.14,-2.591456930325209,90892874.61,0.01,677775600000.0,-0.03,-3893072.0,13044457.0,1.0,1.835,141797.0,0.51,,330.0,中国宝安,-253.977,,2579213965.0,0,6.93,深市主板
SZ002104,,0.0,9.7551,11,-1.28,False,0.01,3.364,607621646.0,9.99,3.26,2319.7979,-53.61,6070140244.0,1790697600000.0,7076418038.0,0.33,100.0,-1.055465634264432,373.46,0.1,-22.729732962925763,186367550.41,-0.13,1168358400000.0,-0.03,-607655.0,18510491.0,0.58,3.364,141384.0,3.05,,63.7,恒宝股份,-315.824,,708350154.0,0,10.12,深市主板
SZ000519,,0.0,1.9462,11,-1.19,False,0.01,1.895,1392558982.0,14.13,4.06,17.6002,-22.32,19676858416.0,1790697600000.0,19676858416.0,0.177,100.0,1.1604385993867568,762.74,0.14,27.953514233959066,432776750.21,-0.17,750009600000.0,0.09,-7878997.0,30279814.0,1.03,1.895,141266.0,2.17,,-94.0,中兵红箭,164.51,,1392558982.0,0,14.3,深市主板
SZ002229,,0.0,11.966,11,-1.09,False,0.01,4.665,493164301.0,9.94,3.68,,-35.66,4902053152.0,1790697600000.0,4902295807.0,,100.0,-20.460658774143223,129.19,0.2,-27.19028536164417,145193642.16,-0.11,1210176000000.0,-0.49,2431314.0,14469839.0,0.82,4.693,141235.0,2.93,,67.44,鸿博股份,-20.465,,493188713.0,0,10.05,深市主板
SZ000400,-8.676269487254695,0.0,1.4694,11,0.6,False,0.01,1.791,1015065609.0,21.74,2.04,17.8581,-13.88,22067526340.0,1790697600000.0,22143456116.0,1.771,100.0,7.852575507000406,753.55,0.0,-3.83298413080696,299058549.86,0.13,861292800000.0,0.93,14204338.0,13797829.0,0.96,1.791,140243.0,1.36,,0.0,许继电气,23.329,,1018558239.0,0,21.61,深市主板
SZ002607,,0.0,5.0413,11,-0.54,False,0.01,13.665,5720105606.0,1.84,2.7,25.9246,-32.85,10524994315.0,1790697600000.0,11348014876.0,,100.0,7.4637963184422045,-49.4,0.55,-9.810329237030357,193804480.08,-0.01,1312905600000.0,0.01,-24581135.0,104673384.0,0.88,13.66,140022.0,1.83,,43.98,中公教育,188.095,,6167399389.0,0,1.85,深市主板
SZ000592,,0.0,14.7383,11,-5.28,False,0.01,9.158,1915092449.0,8.08,8.79,89.1378,-47.53,15473946988.0,1790697600000.0,15608789607.0,,100.0,-10.955206532546136,978.05,0.0,-11.451412111988358,2303816801.61,-0.45,827856000000.0,-0.1,10325873.439999998,275666402.0,0.74,9.158,139418.0,14.39,,15.7,平潭发展,-79.018,,1931780892.0,0,8.53,深市主板
SZ000507,-6.591803493871229,0.0,1.0614,11,0.4,False,0.01,0.533,902354455.0,4.96,1.42,4.5991,-3.77,4475678097.0,1790697600000.0,4561885079.0,1.069,100.0,2.996320106060148,28.72,0.2,-8.255658427160828,32626953.68,0.02,733075200000.0,0.25,50454.0,6579923.0,1.12,0.533,138869.0,0.73,,129.0,珠海港,19.815,,919734895.0,0,4.94,深市主板
SZ300346,23.01196772835614,0.0,12.0705,11,-3.76,False,0.01,9.283,661995930.0,47.59,6.55,52.0955,11.65,31504386309.0,1790697600000.0,32892157014.0,0.756,100.0,10.4857170413702,687.59,0.34,19.121074318650734,895468384.58,-1.86,1344268800000.0,0.53,13904993.0,18440148.0,0.89,9.283,138828.0,2.79,,23.97,南大光电,89.44,,691156903.0,0,49.45,创业板
SZ000422,12.707364592919479,0.0,0.4534,11,-2.08,False,0.01,2.001,1067165412.0,11.28,3.82,3.163,-19.14,12037625847.0,1790697600000.0,12260785871.0,2.66,100.0,11.062432868397618,1152.5,0.0,18.8515266157939,145681024.83,-0.24,840038400000.0,0.67,-37521781.0,12743488.0,1.35,2.002,137937.0,1.19,,130.51,湖北宜化,16.818,,1086949102.0,0,11.52,深市主板
SZ002497,420.2555483979621,0.0,1.5316,11,0.13,False,0.01,1.489,1059587615.0,15.72,3.38,,-36.31,16656717308.0,1790697600000.0,18118282814.0,0.382,100.0,15.010267105634515,169.7,0.13,12.076600311553776,440662821.25,0.02,1289232000000.0,1.49,9558754.0,27869520.0,1.5,1.489,137873.0,2.63,,31.02,雅化集团,10.58,,1152562520.0,0,15.7,深市主板
SZ002179,-20.415938310749315,0.0,3.25,11,-0.45,False,0.01,2.872,2096422744.0,33.18,4.2,46.0776,-5.11,69559306646.0,1790697600000.0,69686172134.0,1.667,100.0,7.7330019509927475,871.62,0.03,2.302718439255469,724112243.62,-0.15,1193846400000.0,0.88,20282398.0,21444196.0,1.32,2.872,136794.0,1.02,,181.41,中航光电,37.8,,2100246297.0,0,33.33,深市主板
SZ000917,,0.0,2.0496,11,-2.07,False,0.01,0.913,1417459363.0,6.63,3.1,18.0114,-35.21,9397755577.0,1790697600000.0,9398398521.0,0.452,100.0,0.4010329558559662,180.68,0.0,7.6141306066279,102653529.16,-0.14,922291200000.0,0.03,-16533763.0,15380818.0,0.94,0.913,136639.0,1.09,,0.0,电广传媒,227.278,,1417556338.0,0,6.77,深市主板
SZ002023,,0.0,4.2146,11,-1.3,False,0.01,1.806,740860235.0,9.13,4.54,22.8382,-32.1,6764053946.0,1790697600000.0,6764053946.0,0.701,100.0,-13.518917913219392,530.87,-0.11,16.389778292023728,104048742.34,-0.12,1090339200000.0,-0.74,-2848790.0,11254413.0,0.72,1.806,135811.0,1.52,,27.61,海特高新,-12.366,,740860235.0,0,9.25,深市主板
SZ000547,-26.207263233843424,0.0,7.6354,11,1.1,False,0.01,6.042,1589121062.0,13.83,8.41,57.9182,-58.1,21977544287.0,1790697600000.0,22106816160.0,,100.0,-27.242168062842453,1443.01,0.07,28.285149521090847,1165075759.69,0.15,754588800000.0,-0.72,90973201.0,82457549.0,1.3,6.042,135450.0,5.19,,328.57,航天发展,-19.16,,1598468269.0,0,13.68,深市主板
SZ300285,5.455233089702549,0.0,12.1478,11,-4.54,False,0.01,8.189,853072983.0,60.2,9.28,64.7685,120.2,51354993577.0,1790697600000.0,60022307600.0,0.248,100.0,9.0146428422806,2788.95,0.23,11.467669652169077,3639744413.16,-2.86,1326384000000.0,0.64,80383461.0,58275772.0,0.7,8.189,135333.0,6.83,,1.88,国瓷材料,93.584,,997048299.0,0,63.06,创业板
SZ002044,-22.529416241805333,0.0,1.7527,11,-0.44,False,0.01,2.225,3874227627.0,4.52,4.19,9.8659,-14.23,17511508874.0,1790697600000.0,17692427732.0,0.199,100.0,4.158980539132521,785.06,0.22,-3.821797286298878,308785551.41,-0.02,1116345600000.0,0.08,-12096083.0,67424176.0,1.28,2.225,135285.0,1.74,,48.17,美年健康,54.556,,3914253923.0,0,4.54,深市主板
SZ000960,25.504420928396733,0.0,0.9124,11,-1.67,False,0.01,2.296,1645431952.0,29.95,3.48,24.0276,8.43,49280686962.0,1790697600000.0,49280686962.0,1.202,100.0,10.980049243045155,954.99,0.2,15.438927249321853,596025389.39,-0.51,951062400000.0,1.46,-14651995.0,19718710.0,0.96,2.296,134118.0,1.2,,48.33,锡业股份,20.466,,1645431952.0,0,30.46,深市主板
SZ002151,,0.0,5.9923,11,1.4,False,0.01,3.137,442871741.0,28.21,3.99,70.3417,-37.9,12493411814.0,1790697600000.0,15315516856.0,,100.0,-4.3420243624993455,190.55,0.07,-9.121009861222806,451089433.6,0.39,1186934400000.0,-0.4,35963963.0,15854741.0,1.03,3.137,132865.0,3.58,,380.71,北斗星通,-70.36,,542910913.0,0,27.82,深市主板
SZ002292,53.44317680896155,0.0,4.766,11,-0.83,False,0.01,4.098,1017883481.0,8.4,3.78,115.0187,-5.08,8550221240.0,1790697600000.0,12421077455.0,,100.0,6.910963237625942,58.27,0.12,0.11241317488923652,371879050.08,-0.07,1252512000000.0,0.14,19379201.0,44015370.0,1.05,4.098,132442.0,4.32,,78.66,奥飞娱乐,59.412,,1478699697.0,0,8.47,深市主板
SZ300047,0.732853564604441,0.0,0.5587,11,-2.47,False,0.01,1.671,580575819.0,8.68,4.27,,-30.73,5039398109.0,1790697600000.0,5535623753.0,0.173,100.0,0.8695631454294066,30.91,0.12,17.08553040565328,104835259.28,-0.22,1263916800000.0,0.05,-7966370.0,11947896.0,1.09,1.671,132311.0,2.06,,17.57,天源迪科,192.727,,637744672.0,0,8.9,创业板
SZ002602,162.70493451847682,0.0,2.29,11,-3.62,False,0.01,2.865,6796829127.0,13.3,5.51,10.7215,-21.29,90397827389.0,1790697600000.0,98030074883.0,1.045,100.0,24.126974981916238,427.09,0.08,54.20467821456536,861093300.28,-0.5,1311782400000.0,1.01,-43359822.0,63496386.0,1.03,2.865,131619.0,0.93,,10.39,世纪华通,13.156,,7370682322.0,0,13.8,深市主板
SZ002080,-0.3770819372241774,0.0,2.6351,11,-3.95,False,0.01,4.276,1678123584.0,52.01,7.57,27.1338,43.94,87279207604.0,1790697600000.0,87279207604.0,0.834,100.0,10.249956789058743,1730.5,-0.04,12.455222804397525,2277108076.77,-2.14,1163952000000.0,1.21,-23603868.0,42700242.0,0.83,4.276,131555.0,2.54,,65.14,中材科技,43.062,,1678123584.0,0,54.15,深市主板
SZ000402,-38.062142471523764,0.0,1.003,11,-2.55,False,0.01,0.411,2988667172.0,2.67,3.65,7.8729,-2.91,7979741349.0,1790697600000.0,7980442852.0,,100.0,-19.70037430425319,1647.38,0.0,-14.246096288994558,233818034.99,-0.07,835718400000.0,-1.49,-12652866.0,87052497.0,0.82,0.411,131424.0,2.91,,72.55,金融街,-1.788,,2988929907.0,0,2.74,深市主板
SZ002657,18.46097468013934,0.0,5.4265,11,-1.64,False,0.01,3.054,336127440.0,14.36,4.04,,-51.91,4826790038.0,1790697600000.0,4872547891.0,,100.0,-10.046527180793902,30.69,0.63,-0.3800500825221653,78982735.0,-0.24,1330358400000.0,-0.49,1749849.0,5469400.0,0.92,3.061,130712.0,1.63,,82.09,中科金财,-29.039,,339313920.0,0,14.6,深市主板
SZ300315,,0.0,15.1685,11,-3.05,False,0.01,2.251,2707580778.0,3.82,4.57,,-22.67,10342958572.0,1790697600000.0,10343074031.0,,100.0,-3.548593120189241,82.92,0.26,-12.470654867359954,221423199.64,-0.12,1336665600000.0,-0.06,-32312548.0,57401258.0,1.5,2.251,130460.0,2.12,,50.0,掌趣科技,-61.368,,2707611003.0,0,3.94,创业板
SZ000031,,0.0,0.3673,11,-2.85,False,0.01,1.039,4286304701.0,2.39,4.07,84.8607,-15.25,10244268235.0,1790697600000.0,10244288880.0,,100.0,-30.826951351248148,192.96,0.84,-12.307947684620569,198753787.31,-0.07,750009600000.0,-0.74,-7658520.0,82799571.0,0.97,1.039,129483.0,1.93,,164.84,大悦城,-3.22,,4286313339.0,0,2.46,深市主板
SZ000830,12.230104116568995,0.0,0.7392,11,1.05,False,0.01,1.125,1904178218.0,11.55,2.1,8.3512,-29.2,21993258418.0,1790697600000.0,21994884577.0,2.597,100.0,5.830609886068712,696.22,0.26,6.179044017264923,181702449.48,0.12,902419200000.0,0.59,12480552.0,15708300.0,0.93,1.125,129245.0,0.82,,0.0,鲁西化工,19.678,,1904319011.0,0,11.43,深市主板
SZ000999,3.343025786662346,0.0,1.2809,11,1.2,False,0.01,1.784,1662560811.0,24.48,2.23,8.0266,-11.84,40699488653.0,1790697600000.0,40740053164.0,4.105,100.0,14.835391076262502,317.33,0.08,8.998910169003672,297597122.54,0.29,952531200000.0,1.97,36598409.0,12246636.0,1.77,1.784,128408.0,0.74,,201.42,华润三九,12.434,,1664217858.0,0,24.19,深市主板
SZ002240,15.012848527781198,0.0,2.1289,11,0.52,False,0.01,2.04,912801222.0,25.14,4.36,44.181,-26.98,22947822721.0,1790697600000.0,23010487942.0,,100.0,8.753392088700725,98.37,0.12,42.669940306650986,663387054.94,0.13,1211472000000.0,1.05,28679902.0,26184047.0,1.32,2.04,128324.0,2.87,,30.19,盛新锂能,23.851,,915293872.0,0,25.01,深市主板
SZ002081,-28.05718866269399,0.0,0.7965,11,-0.21,False,0.01,0.923,2652550572.0,4.76,5.45,23.8418,42.17,12626140723.0,1790697600000.0,12639340760.0,2.731,100.0,2.8710908622769433,687.95,0.0,-10.040248062991564,796670394.09,-0.01,1163952000000.0,0.15,56642222.0,165067394.0,0.71,0.923,128316.0,6.22,,55.0,金螳螂,32.13,,2655323689.0,0,4.77,深市主板
SZ000786,-16.227383454515177,0.0,1.1547,11,-0.48,False,0.01,1.028,1689507842.0,16.52,2.83,7.161,-31.62,27910669550.0,1790697600000.0,28120939414.0,4.146,100.0,8.793082656182362,1176.27,0.06,1.6469430461722334,395888491.24,-0.08,865526400000.0,1.38,11566725.0,23949632.0,1.14,1.028,128037.0,1.42,,162.06,北新建材,11.955,,1702236042.0,0,16.6,深市主板
SZ000516,-30.44206560198792,0.0,2.4026,11,0.0,False,0.01,3.008,2204748361.0,4.37,2.06,8.3099,1.86,9634750338.0,1790697600000.0,9783978811.0,,100.0,-6.353041470542385,2214.62,0.23,-4.122409900683987,82831828.85,0.0,744825600000.0,-0.1,-8315651.0,18922951.0,1.08,3.008,127969.0,0.86,,-90.05,国际医学,-45.841,,2238896753.0,0,4.37,深市主板
SZ002402,10.702313303312593,0.0,1.4765,11,-0.57,False,0.01,2.235,818478591.0,17.52,3.97,26.9322,-54.92,14339744914.0,1790697600000.0,16177783777.0,1.136,100.0,8.964818564396833,374.57,0.11,14.210335539641573,330775728.06,-0.1,1273507200000.0,0.6,-644915.0,18770130.0,1.41,2.234,127874.0,2.29,,34.66,和而泰,29.443,,923389485.0,0,17.62,深市主板
SZ002153,6.74407381021771,0.0,6.9851,11,-2.44,False,0.01,2.989,1599763804.0,7.19,3.53,96.38,-33.54,11502301751.0,1790697600000.0,19622903717.0,0.139,100.0,-2.5794952812661966,251.5,0.0,1.0085583236146167,89363723.88,-0.18,1186934400000.0,-0.06,-9002072.0,12246042.0,0.87,2.929,127689.0,0.77,,287.49,石基信息,-112.806,,2729193841.0,0,7.37,深市主板
SZ000426,71.00308328503206,0.0,7.4027,11,-2.54,False,0.01,4.724,1775175464.0,30.7,3.02,18.444,-13.53,54497886745.0,1790697600000.0,54512017187.0,0.684,100.0,31.529307369388498,5005.6,0.1,37.42236721346535,869060411.09,-0.8,841161600000.0,1.79,23154344.450000003,28159307.0,0.83,4.724,126911.0,1.59,,91.67,兴业银锡,17.187,,1775635739.0,0,31.5,深市主板
SZ002036,,0.0,0.8526,11,-2.35,False,0.01,9.166,1055467775.0,5.83,4.52,14.1659,-47.1,6153377128.0,1790697600000.0,6165796666.0,,100.0,-97.01323753832958,460.95,0.34,-14.067317967382476,120589609.01,-0.14,1094140800000.0,-1.32,-10462044.0,20478184.0,1.15,9.167,126851.0,1.94,,14.33,联创电子,-4.425,,1057598056.0,0,5.97,深市主板
SZ002155,64.38324098846624,0.0,0.6614,11,-1.9,False,0.01,4.133,1562498917.0,22.76,2.28,39.752,9.35,35562475351.0,1790697600000.0,35565943952.0,1.318,100.0,22.51773563589571,39.79,0.04,34.35899086977307,570219054.07,-0.44,1187193600000.0,1.15,-15656500.0,24954109.0,0.74,4.133,126493.0,1.6,,428.0,湖南黄金,19.873,,1562651316.0,0,23.2,深市主板
SZ000709,-0.48062812134135324,0.0,0.1783,11,-0.49,False,0.01,0.404,10335412398.0,2.03,2.45,2.0413,-10.41,20980887168.0,1790697600000.0,20984355817.0,1.97,100.0,1.7604112047784597,41.21,-0.49,-1.4808393572827483,194237890.93,-0.01,861120000000.0,0.1,-26157891.0,94902124.0,1.24,0.404,125832.0,0.92,,78.42,河钢股份,20.148,,10337121092.0,0,2.04,深市主板
SZ002131,-82.94043715792371,0.0,1.3541,11,-1.9,False,0.01,2.108,5854796954.0,4.12,3.1,,-26.59,24121763450.0,1790697600000.0,27899728256.0,0.947,100.0,-2.3197572282308427,502.96,0.24,1.1746162938487625,594306400.15,-0.08,1177603200000.0,-0.05,11938955.0,142868719.0,0.73,2.108,124970.0,2.44,,117.53,利欧股份,-91.14,,6771778703.0,0,4.2,深市主板
SZ002252,-17.13589202134227,0.0,5.0502,11,-4.89,False,0.01,1.029,6588232260.0,5.06,6.77,,-19.42,33336455236.0,1790697600000.0,33358924798.0,0.949,100.0,3.7281285288008137,455.01,0.2,-9.172810178180047,662787577.03,-0.26,1214150400000.0,0.18,-102329600.69999999,128592217.0,1.95,1.029,124670.0,1.95,,61.51,上海莱士,27.607,,6592672885.0,0,5.32,深市主板
SZ000762,-10.214601099977095,0.0,14.3016,11,0.53,False,0.01,3.633,520800618.0,20.85,3.91,30.4965,-20.26,10858692885.0,1790697600000.0,10859081154.0,0.48,100.0,1.5244425676136624,735.4,0.05,20.918560237808002,163644153.41,0.11,868291200000.0,0.09,15790505.0,7835534.0,1.15,3.633,123797.0,1.5,,0.0,西藏矿业,240.457,,520819240.0,0,20.74,深市主板
SZ300244,47.962777747142106,0.0,1.2414,11,-3.85,False,0.01,1.901,501449011.0,19.73,8.04,6.1347,26.74,9893588987.0,1790697600000.0,12330844272.0,1.733,100.0,4.122708748441,435.78,0.61,-10.037507320422634,557108809.7,-0.79,1311004800000.0,0.43,-26466122.0,27903703.0,1.05,1.901,123698.0,5.56,,78.51,迪安诊断,46.334,,624979436.0,0,20.52,创业板
SZ000006,-58.5900183256073,0.0,6.6101,11,-0.13,False,0.01,1.923,1349995046.0,7.5,6.79,,-24.62,10124962845.0,1790697600000.0,10124962845.0,,100.0,-1.2645509952995166,1551.62,-0.13,-26.68722444384386,347539409.17,-0.01,704304000000.0,-0.05,33907644.0,45597938.0,1.11,1.923,122201.0,3.38,,285.0,深振业A,-151.091,,1349995046.0,0,7.51,深市主板
SZ002612,16.42120039332946,0.0,1.1514,11,-1.2,False,0.01,2.603,261359227.0,16.52,3.11,15.1998,-12.92,4317654430.0,1790697600000.0,7309197595.0,7.264,100.0,29.373270054927275,5.7,-0.06,5.645818315127182,100897855.52,-0.2,1314633600000.0,1.88,-5241064.0,6114972.0,0.54,2.602,122112.0,2.34,,34.57,朗姿股份,8.777,,442445375.0,0,16.72,深市主板
SZ002130,18.36117022898387,0.0,2.3799,11,-0.89,False,0.01,2.371,1154501909.0,15.57,2.74,16.9499,-40.28,17975594723.0,1790697600000.0,21796246226.0,1.06,100.0,15.265227367592082,564.67,0.19,20.310917048753897,251288017.09,-0.14,1176998400000.0,0.82,-8441456.0,15970853.0,0.84,2.371,121995.0,1.38,,233.97,沃尔核材,18.912,,1399887362.0,0,15.71,深市主板
SZ002409,22.806424396867243,0.0,6.2184,11,-4.64,False,0.01,6.865,318522747.0,115.39,6.96,55.1249,56.57,36754339776.0,1790697600000.0,54917294764.0,0.572,100.0,13.138378545833598,1135.92,0.1,24.08959570753424,1405284054.31,-5.61,1274716800000.0,2.18,37014668.95,11926898.0,1.13,6.864,121855.0,3.74,,8.83,雅克科技,52.885,,475927678.0,0,121.0,深市主板
SZ002299,4.674197939897606,0.0,0.885,11,0.51,False,0.01,1.697,1218599736.0,15.68,1.6,5.5349,-4.11,19107643860.0,1790697600000.0,19486638649.0,3.176,100.0,8.60839773302131,56.08,0.19,9.78395400405292,102174525.79,0.08,1256054400000.0,0.78,613412.0,6499100.0,1.06,1.697,121855.0,0.53,,32.91,圣农发展,20.042,,1242770322.0,0,15.6,深市主板
SZ000970,-28.141784209442022,0.0,1.8188,11,0.18,False,0.01,2.039,1215725773.0,10.97,2.83,,-18.96,13336511730.0,1790697600000.0,13336511730.0,0.228,100.0,1.4852174168499384,782.97,0.37,-0.5836797555237472,184773376.37,0.02,956160000000.0,0.08,-3414544.0,16752737.0,1.23,2.039,121175.0,1.38,,469.07,中科三环,138.148,,1215725773.0,0,10.95,深市主板
SZ002747,100.3326225100908,0.0,5.2916,11,-4.82,False,0.01,7.938,784345953.0,26.86,5.03,38.8021,13.33,21067532298.0,1790697600000.0,26018370184.0,,100.0,7.652203946288841,1946.79,0.11,2.0468876192980767,747959424.6,-1.36,1426780800000.0,0.21,16791209.0,27419925.0,1.08,7.931,121106.0,3.5,,43.97,埃斯顿,130.342,,968666053.0,0,28.22,深市主板
SZ002056,-1.8161469242049422,0.0,1.3343,11,-2.43,False,0.01,2.892,1625018929.0,18.86,3.88,13.4172,-1.06,30647857001.0,1790697600000.0,30679789716.0,4.332,100.0,16.91866933106484,1161.45,0.11,5.7792554754819925,308048615.23,-0.47,1154448000000.0,1.09,-9036060.0,16166439.0,1.19,2.892,120846.0,0.99,,52.45,横店东磁,17.24,,1626712074.0,0,19.33,深市主板
SZ000596,-22.96584428910451,0.0,3.2784,11,0.0,False,0.01,1.987,408600000.0,93.55,2.41,,-26.14,38224530000.0,1790697600000.0,49450530000.0,4.703,100.0,8.19876864410656,1666.86,0.13,-12.119346364122007,256487086.75,0.0,843753600000.0,3.88,10979888.0,2758687.0,0.79,1.987,119856.0,0.68,,171.23,古井贡酒,24.1,,528600000.0,0,93.55,深市主板
SZ300073,-18.08745033734407,0.0,1.3686,11,6.17,False,0.01,1.493,505969362.0,41.28,6.1,26.582,-28.23,20886415263.0,1790697600000.0,22468442615.0,0.686,100.0,5.719394919630591,142.39,0.05,17.464408120039355,1538151187.1,2.4,1272297600000.0,1.55,198054500.0,37446334.0,3.18,1.493,119824.0,7.4,,73.83,当升科技,26.698,,544293668.0,0,38.88,创业板
SZ000408,31.549288810000586,0.0,28.4175,11,1.6,False,0.01,6.55,1568898254.0,71.79,2.35,50.0512,-12.33,112631205655.0,1790697600000.0,112632390190.0,3.474,100.0,34.570001311577585,5406.21,0.04,-5.564316625058751,587586274.72,1.13,835891200000.0,3.63,-3807025.8999999985,8141313.0,1.18,6.55,119649.0,0.52,,62.5,藏格矿业,19.794,,1568914754.0,0,70.66,深市主板
SZ002639,,0.0,3.9274,11,3.46,False,0.01,4.211,660105056.0,14.06,6.77,121.1628,-24.41,9281077087.0,1790697600000.0,10958721518.0,,100.0,0.6207817400978788,119.27,0.14,16.602742461598254,1048035099.04,0.47,1323014400000.0,0.02,141628952.0,73979401.0,0.98,4.211,119579.0,11.21,,-6.26,雪人集团,692.446,,779425428.0,0,13.59,深市主板
SZ002242,-43.87009540715886,0.0,1.3604,11,10.0,False,0.01,3.241,761765625.0,13.75,0.0,31.7683,33.49,10474277344.0,1790697600000.0,10491483750.0,1.091,100.0,1.9858441087252203,77.61,0.0,-9.249130664782912,151183587.5,1.25,1211904000000.0,0.09,-119710552.0,10995170.0,0.46,3.241,119454.0,1.44,,104.13,九阳股份,157.322,,763017000.0,4,12.5,深市主板
SZ000969,23.921249080762585,0.0,1.7805,11,-0.5,False,0.01,2.864,1040792721.0,15.92,3.94,25.1447,-23.61,16569420118.0,1790697600000.0,16724268800.0,1.256,100.0,7.3886287714957835,276.47,0.19,10.51647369271258,232927608.98,-0.08,959529600000.0,0.4,-5275881.0,14425963.0,1.06,2.864,118986.0,1.39,,185.51,安泰科技,39.7,,1050519397.0,0,16.0,深市主板
SZ000591,-27.692866209769328,0.0,3.5208,11,0.24,False,0.01,0.674,3903396026.0,4.18,1.44,3.4138,-4.25,16316195389.0,1790697600000.0,16322285435.0,1.818,100.0,2.642838136296927,1335.44,0.0,-22.934813800816865,105821948.46,0.01,823708800000.0,0.16,2893164.0,25267700.0,0.86,0.674,118811.0,0.65,,302.0,太阳能,25.63,,3904852975.0,0,4.17,深市主板
SZ300322,,0.0,2.3036,11,-2.19,False,0.01,6.961,440430763.0,15.61,6.02,,-42.8,6875124210.0,1790697600000.0,7181195568.0,,100.0,5.548865747395949,384.62,0.13,29.22275727105128,247454970.91,-0.35,1339084800000.0,0.12,-6614374.0,15529841.0,0.8,6.961,118028.0,3.53,,-2.17,硕贝德,127.241,,460038153.0,0,15.96,创业板
SZ000825,,0.0,0.2115,11,0.59,False,0.01,0.593,5696247796.0,3.41,2.65,8.5229,-30.1,19424204984.0,1790697600000.0,19424204984.0,0.264,100.0,-0.6268474232458051,526.84,-0.29,-4.059637769370994,110299572.5,0.02,908899200000.0,-0.04,3079078.0,32116850.0,1.03,0.593,117910.0,0.56,,0.0,太钢不锈,-94.298,,5696247796.0,0,3.39,深市主板
SZ300595,-12.616626450718272,0.0,4.8485,11,-0.98,False,0.01,1.79,668494760.0,10.06,3.05,13.5247,-30.83,6725057286.0,1790697600000.0,8997227476.0,1.829,100.0,9.443104924109292,358.04,0.1,2.109057276147319,57484211.19,-0.1,1484582400000.0,0.52,-7023654.0,5680524.0,0.94,1.791,117895.0,0.85,,44.02,欧普康视,19.499,,894356608.0,0,10.16,创业板
SZ002583,-32.86467244582762,0.0,2.3537,11,-3.59,False,0.01,6.782,1283137692.0,7.78,3.47,,-31.27,9982811244.0,1790697600000.0,14148858784.0,,100.0,-13.405601797611377,150.94,0.13,2.092372045469104,274522857.14,-0.29,1306425600000.0,-0.17,-28108281.0,34784402.0,0.74,6.782,117260.0,2.71,,-11.81,海能达,-45.821,,1818619381.0,0,8.07,深市主板
SZ002506,,0.0,1.1283,11,-0.42,False,0.01,19.861,5844441996.0,2.37,4.62,44.6591,-15.36,13851327531.0,1790697600000.0,13865249932.0,,100.0,-93.8308477575132,-73.64,0.0,-16.63136214899704,415645226.57,-0.01,1290009600000.0,-0.22,-37753621.0,173407227.0,1.16,19.866,116581.0,2.97,,32.33,协鑫集成,-10.922,,5850316427.0,0,2.38,深市主板
SZ002783,-16.349870462194026,,1.1375,11,-1.48,False,0.01,1.491,461116586.0,8.01,2.58,20.13,-15.15,3693543854.0,,3999532750.0,1.248,100.0,4.270334181891781,-5.04,0.12,-2.6422292363365685,72943724.25,-0.12,1449590400000.0,0.23,957117.0,9041403.0,1.41,1.491,116420.0,1.96,,44.0,凯龙股份,35.532,,499317447.0,0,8.13,深市主板
SZ300053,-19.790362061726686,0.0,31.7101,11,-0.35,False,0.01,5.77,662216303.0,11.53,4.93,134.179,-39.38,7635353974.0,1790697600000.0,8034960944.0,,100.0,-20.54637580549202,181.57,0.26,-13.262513713297752,170880036.72,-0.04,1265817600000.0,-0.46,10462753.0,14579174.0,1.37,5.77,116118.0,2.2,,25.24,航宇微,-25.196,,696874323.0,0,11.57,创业板
SZ000050,-34.41778045919942,0.0,0.4247,11,-2.06,False,0.01,0.57,2435753974.0,6.18,6.34,2.6636,-31.56,15052959559.0,1790697600000.0,15053093202.0,,100.0,-2.8422203951635354,452.43,0.32,2.350439585906572,221430524.3,-0.13,795196800000.0,-0.31,-22262765.0,35234882.0,1.89,0.57,115936.0,1.45,,123.33,深天马A,-19.642,,2435775599.0,0,6.31,深市主板
SZ000629,-53.892647115747614,0.0,2.7201,11,-0.35,False,0.01,2.088,9290444430.0,2.82,1.41,36.7366,-9.03,26199053293.0,1790697600000.0,26200472923.0,,100.0,2.6337883380559086,46.46,0.36,-10.120137030548227,142489039.85,-0.01,847987200000.0,0.04,-29171740.0,50522516.0,0.86,2.088,115746.0,0.54,,287.84,钒钛股份,80.026,,9290947845.0,0,2.83,深市主板
SZ002335,10.24152264720195,0.0,2.6328,11,-3.27,False,0.01,3.334,660074053.0,28.95,6.05,12.1553,-23.78,19109143834.0,1790697600000.0,21882158841.0,1.178,100.0,8.929620722128243,503.77,0.21,1.412277692910302,578753152.36,-0.98,1263312000000.0,0.75,-338268.0,19656481.0,0.52,3.328,115546.0,2.98,,60.44,科华数据,38.346,,755860409.0,0,29.93,深市主板
SZ002195,-37.29288848068062,0.0,48.778,11,-1.35,False,0.01,3.343,5615833437.0,5.84,3.89,,-17.61,32796467272.0,1790697600000.0,33092609929.0,0.034,100.0,0.8539808869573728,482.2,0.0,7.659425122408403,397065465.99,-0.08,1197388800000.0,0.01,-26226950.0,66939517.0,1.19,3.343,115463.0,1.19,,234.13,岩山科技,390.925,,5666542796.0,0,5.92,深市主板
SZ000983,-39.96393784549822,0.0,0.9969,11,0.62,False,0.01,0.995,5677071809.0,6.52,1.39,8.8744,3.02,37014508195.0,1790697600000.0,37014698905.0,1.38,100.0,3.8637748319780147,673.61,0.0,-12.573019582306976,268305116.18,0.04,964540800000.0,0.25,-6100906.0,41228152.0,0.89,0.995,115392.0,0.73,,71.03,山西焦煤,25.993,,5677101059.0,0,6.48,深市主板
SZ300088,-23.925711491256465,0.0,1.558,11,-4.01,False,0.01,1.874,2485503647.0,6.47,5.93,,7.5,16081208596.0,1790697600000.0,16160336256.0,0.773,100.0,1.1533295876515102,238.3,-0.15,1.4761113478029664,630739004.59,-0.27,1274803200000.0,0.04,-38046910.0,95286434.0,0.93,1.874,115369.0,3.83,,50.5,长信科技,162.091,,2497733579.0,0,6.74,创业板
SZ002065,-0.18708916695150402,0.0,1.6339,11,-1.38,False,0.01,1.638,2945739379.0,6.41,2.92,5.5829,-29.44,18882189419.0,1790697600000.0,20547142024.0,0.78,100.0,3.6796833575490835,809.22,0.0,1.6889941679398834,120363519.11,-0.09,1156262400000.0,0.14,-13549954.0,18557514.0,1.03,1.638,115117.0,0.63,,65.52,东华软件,45.041,,3205482375.0,0,6.5,深市主板
SZ002617,7.270477347157844,0.0,3.4726,11,2.03,False,0.01,2.071,1877621812.0,7.04,2.61,147.7191,-13.09,13218457556.0,1790697600000.0,13440584629.0,,100.0,2.760443162074185,214.51,0.28,13.82031299919555,805332662.0,0.14,1316448000000.0,0.09,12839215.0,115033441.0,1.17,2.071,115076.0,6.13,,-2.5,露笑科技,76.229,,1909173953.0,0,6.9,深市主板
SZ002487,41.80799192588949,0.0,5.4633,11,5.01,False,0.01,2.492,630920266.0,48.61,9.7,14.2659,-6.08,30669034130.0,1790697600000.0,35975573120.0,0.335,100.0,10.424830909597393,400.55,0.93,17.78477377522776,4341799804.11,2.32,1287072000000.0,1.56,123974024.0,91837310.0,1.11,2.484,114470.0,14.56,,23.32,大金重工,31.084,,740085849.0,0,46.29,深市主板
SZ002326,-29.767090456773083,0.0,2.4197,11,0.85,False,0.01,5.194,811769066.0,16.61,4.49,53.8187,-33.35,13483484186.0,1790697600000.0,15366370034.0,,100.0,5.922780714669665,222.23,0.06,21.941947284542973,361642009.33,0.14,1261411200000.0,0.18,-11019173.0,21621765.0,1.73,5.194,113865.0,2.66,,37.5,永太科技,90.951,,925127636.0,0,16.47,深市主板
SZ002582,755.529061619133,0.0,3.1541,11,0.96,False,0.01,0.944,344174578.0,9.48,2.88,129.4143,-9.42,3262774999.0,1790697600000.0,4244270807.0,6.234,100.0,42.88631655595586,19.5,0.11,-7.626100419924797,80439116.53,0.09,1305820800000.0,3.64,8293681.0,8529100.0,1.0,0.944,113744.0,2.48,,5.65,好想你,2.603,,447707891.0,0,9.39,深市主板
SZ000681,9.615950342537861,0.0,14.3531,11,-1.73,False,0.01,2.935,676135043.0,15.35,2.43,139.2529,-35.49,10378672910.0,1790697600000.0,10753863643.0,0.065,100.0,3.8630825342920767,457.61,0.07,-2.6025090958812003,207717177.3,-0.27,853776000000.0,0.2,-10851027.0,13457873.0,0.91,2.935,113532.0,1.99,,176.98,视觉中国,76.615,,700577436.0,0,15.62,深市主板
SZ300115,-26.025803242073998,0.0,1.3986,11,-4.45,False,0.01,3.517,1357397229.0,21.48,6.36,,-53.62,29156892479.0,1790697600000.0,29241800169.0,0.559,100.0,3.7667706058342736,325.27,0.47,19.418881359779117,539806993.55,-1.0,1283356800000.0,0.23,-1736430.0,24649293.0,1.32,3.517,113008.0,1.82,,34.6,长盈精密,94.516,,1361350101.0,0,22.48,创业板
SZ002317,-14.67832277854929,0.0,8.857,11,-3.58,False,0.01,4.918,768022331.0,23.17,6.66,24.3937,23.16,17795077409.0,1790697600000.0,19692889152.0,0.863,100.0,5.011733037365532,210.67,0.0,-9.39410604773233,668405447.64,-0.86,1260460800000.0,0.23,-43231507.0,28200383.0,1.35,4.918,111900.0,3.67,,63.98,众生药业,98.819,,849930477.0,0,24.03,深市主板
SZ002253,8.353213906979494,,5.7645,11,-2.39,False,0.01,2.316,209949008.0,8.59,4.77,,-23.71,1803461979.0,,1938128156.0,,100.0,-24.81905726489078,57.76,-0.12,29.572977154535508,64374584.54,-0.21,1214150400000.0,-1.06,-2015041.0,7394514.0,0.59,2.316,111392.0,3.52,,23.39,川大智胜,-8.08,,225626095.0,0,8.8,深市主板
SZ002285,82.84454740706838,0.0,3.6983,11,6.29,False,0.01,2.961,1979009381.0,3.21,15.56,135.1735,12.63,6352620113.0,1790697600000.0,6396981212.0,,100.0,-26.911774280389782,71.96,0.0,-23.104713664787734,1140776440.93,0.19,1251388800000.0,-0.34,-40185233.629999995,354241169.0,1.01,2.961,111166.0,17.9,,36.33,世联行,-9.524,,1992829038.0,0,3.02,深市主板
SZ002601,-38.29224244586794,0.0,1.301,11,0.41,False,0.01,1.543,1979780012.0,14.77,2.04,8.1969,-24.57,29241350777.0,1790697600000.0,35215343787.0,0.67,100.0,3.0543242749616515,83.21,0.0,1.5895254186273577,131142802.68,0.06,1310659200000.0,0.29,-5114072.0,8843316.0,1.08,1.543,111159.0,0.45,,86.69,龙佰集团,50.083,,2384248056.0,0,14.71,深市主板
SZ300601,-52.14112774024363,0.0,5.7858,11,-2.58,False,0.01,1.532,900397192.0,13.23,6.26,25.2738,-10.16,11912254850.0,1790697600000.0,14776987432.0,0.469,100.0,0.8646088730213842,668.29,0.0,-11.084998431644156,375739930.29,-0.35,1486396800000.0,0.07,-26043816.0,27907728.0,1.39,1.618,111010.0,3.1,,44.07,康泰生物,177.643,,1116930267.0,0,13.58,创业板
SZ002673,25.65475415991354,0.0,4.2282,11,-1.21,False,0.01,0.961,4469581705.0,6.51,2.43,19.1897,-16.32,29096976900.0,1790697600000.0,29096976900.0,1.843,100.0,6.729942555801614,22.33,0.15,4.6853633141918705,113671478.46,-0.08,1335974400000.0,0.45,-9563396.0,17354781.0,1.01,0.961,110853.0,0.39,,66.67,西部证券,14.52,,4469581705.0,0,6.59,深市主板
SZ002786,-31.13608165297581,0.0,1.5742,11,-2.38,False,0.01,16.457,491861250.0,7.38,3.84,54.1472,-14.19,3629936025.0,1790697600000.0,3657616560.0,,100.0,-1.1654851670605058,65.49,0.0,0.28858309213812827,41756499.87,-0.18,1450800000000.0,-0.01,-3137786.0,5610109.0,1.06,16.459,110578.0,1.14,,44.03,银宝山新,-1450.175,,495612000.0,0,7.56,深市主板
SZ000656,-79.76447982128869,0.0,2.6767,11,-4.69,False,0.01,3.094,7585363157.0,1.22,3.91,,-15.28,9254143052.0,1790697600000.0,12918252591.0,,100.0,-230.0547837451439,-24.46,0.0,-75.87898948306517,329629637.0,-0.06,849110400000.0,3.48,-52755751.0,264076800.0,1.08,3.094,110466.0,3.48,,1249.0,金科股份,0.35,,10588731632.0,0,1.28,深市主板
SZ300068,,,0.673,11,-0.76,False,0.01,12.165,853000416.0,3.93,4.55,2.8113,-74.71,3352291635.0,,3530583485.0,,100.0,-171.08784461206227,-77.16,-0.51,-39.58290392561536,132477209.05,-0.03,1271779200000.0,-3.92,-1049126.0,33114095.0,1.09,12.163,110273.0,3.88,,36.67,ST南都,-1.003,,898367299.0,0,3.96,创业板
SZ000027,4.689104818585421,0.0,0.6882,11,1.43,False,0.01,0.905,4757389916.0,6.37,2.23,2.7708,-0.02,30304573765.0,1790697600000.0,30304573765.0,2.512,100.0,4.5594379649190175,949.08,-0.16,3.3139527368098554,189232002.88,0.09,746985600000.0,0.48,41421539.0,29720617.0,1.94,0.905,110121.0,0.62,,260.0,深圳能源,13.169,,4757389916.0,0,6.28,深市主板
SZ300253,,0.0,6.7262,11,-1.0,False,0.01,2.775,1854621369.0,6.91,3.58,29.4405,-21.66,12815433660.0,1790697600000.0,15210809421.0,,100.0,-7.620971790413328,475.26,0.0,-7.5967827411427935,233724480.63,-0.07,1313596800000.0,-0.2,-18999253.0,33410267.0,1.04,2.822,110115.0,1.8,,56.25,卫宁健康,-35.185,,2201274880.0,0,6.98,创业板
SZ002423,6.29323403422164,0.0,2.1177,11,-0.55,False,0.01,0.907,2304105575.0,9.09,2.19,0.9099,-20.98,20944319677.0,1790697600000.0,20944319677.0,1.628,100.0,5.350063593147438,1.53,0.11,-22.994766188103068,86597990.26,-0.05,1275494400000.0,0.52,-3579397.0,9481123.0,1.13,0.907,110089.0,0.41,,11.78,中粮资本,17.421,,2304105575.0,0,9.14,深市主板
SZ002459,,0.0,0.5183,11,-0.74,False,0.01,1.121,3306774846.0,6.69,2.52,34.9664,-41.57,22122323720.0,1790697600000.0,22142011493.0,,100.0,-21.054301139712237,-41.42,0.45,-23.88700754090015,197424384.98,-0.05,1281369600000.0,-1.42,-3079263.0,29450470.0,1.18,1.15,110027.0,0.89,,62.51,晶澳科技,-4.72,,3309717712.0,0,6.74,深市主板
SZ300497,,0.0,6.3038,11,2.13,False,0.01,4.156,456262584.0,18.24,6.05,80.9874,21.06,8322229532.0,1790697600000.0,9824956556.0,0.274,100.0,5.676999992510456,484.75,0.5,8.307918409112158,950507771.85,0.38,1450713600000.0,0.24,32190411.0,51144380.0,1.41,4.156,109939.0,11.21,,44.03,富祥股份,76.264,,538648934.0,0,17.86,创业板
SZ300759,3.587339625755259,0.0,5.2711,11,-2.71,False,0.01,4.917,1420031954.0,43.75,7.49,27.7424,54.89,62126397988.0,1790697600000.0,80381158725.0,0.457,100.0,11.188715646540574,1017.38,0.18,12.939635172000607,2246785021.24,-1.22,1548604800000.0,0.93,-43037480.05,49961210.0,1.1,4.917,109677.0,3.52,,43.99,康龙化成,46.932,,1837283628.0,0,44.97,创业板
SZ002079,-5.371946590217624,0.0,1.6569,11,-1.78,False,0.01,1.859,811126378.0,8.28,4.39,65.9889,-13.2,6716126410.0,1790697600000.0,7522284970.0,0.205,100.0,3.0120639332657793,205.23,0.0,7.74452861629864,151451333.62,-0.15,1163606400000.0,0.12,-12793346.0,18053483.0,1.08,1.859,109597.0,2.23,,86.39,苏州固锝,70.282,,908488523.0,0,8.43,深市主板
SZ000932,-59.53612631550842,0.0,0.2035,11,0.56,False,0.01,0.446,6852609160.0,3.56,3.11,4.9869,-33.76,24395288610.0,1790697600000.0,24395288610.0,4.494,100.0,1.9892543563657588,51.03,-0.28,-10.452747930528849,326634372.45,0.02,933609600000.0,0.16,23564430.0,91454463.0,1.32,0.446,108862.0,1.33,,16.04,华菱钢铁,22.429,,6852609160.0,0,3.54,深市主板
SZ300012,10.441052016562736,0.0,3.3703,11,3.2,False,0.01,2.952,1431945938.0,14.2,5.31,14.6234,6.09,20333632320.0,1790697600000.0,23896160639.0,1.408,100.0,14.535843072170799,655.8,0.07,11.027576203699097,459504866.86,0.44,1256832000000.0,0.66,41837404.0,32234116.0,1.43,2.952,108710.0,2.25,,77.97,华测检测,21.473,,1682828214.0,0,13.76,创业板
SZ002920,17.324005448335345,0.0,1.4199,11,-1.53,False,0.01,2.899,596621794.0,78.07,2.21,20.1787,-34.32,46578263458.0,1790697600000.0,46592901583.0,1.593,100.0,19.259915311048537,239.65,0.01,14.77937102775504,341244728.04,-1.21,1514217600000.0,4.15,-27676314.0,4346101.0,1.01,2.899,108480.0,0.73,,43.98,德赛西威,18.82,,596809294.0,0,79.28,深市主板
SZ002455,-32.800830229783216,0.0,0.8323,11,1.18,False,0.01,1.777,660811973.0,6.88,3.24,10.0728,-4.04,4546386374.0,1790697600000.0,4970542000.0,,100.0,-3.790383456997675,32.91,0.15,14.509419478436802,150222076.73,0.08,1280764800000.0,-0.13,9650488.0,21782363.0,1.29,1.777,108314.0,3.3,,64.95,百川股份,-54.655,,722462500.0,0,6.8,深市主板
SZ002389,,0.0,5.9609,11,0.61,False,0.01,2.235,984767026.0,18.22,4.25,,-23.8,17942455214.0,1790697600000.0,17945169903.0,0.329,100.0,1.2839177437039446,28.58,0.11,3.949995151853525,289439875.09,0.11,1271088000000.0,0.1,29305793.0,15749250.0,1.48,2.235,108309.0,1.6,,172.67,航天彩虹,174.574,,984916021.0,0,18.11,深市主板
SZ000821,-42.940345488886976,,0.7955,11,-1.1,False,0.01,1.075,598575718.0,7.2,2.34,24.5459,-46.33,4309745170.0,,4484698402.0,0.458,100.0,1.3544923894728103,0.32,-0.14,-16.131762321456133,25478505.0,-0.08,898790400000.0,0.09,292964.0,3504000.0,0.75,1.075,108222.0,0.59,,0.0,ST京机,79.033,,622874778.0,0,7.28,深市主板
SZ002167,,0.0,8.916,11,-0.93,False,0.01,6.295,762196723.0,14.9,4.72,28.2045,20.65,11356731173.0,1790697600000.0,11542632170.0,,100.0,5.815983445133961,185.66,0.07,-2.4118598460786567,425392064.9,-0.14,1189612800000.0,0.13,-6768916.0,28157010.0,0.97,6.295,108206.0,3.69,,496.07,东方锆业,111.015,,774673300.0,0,15.04,深市主板
SZ300072,175.1567428560969,0.0,2.5005,11,11.37,False,0.01,1.744,2331363778.0,3.82,13.41,,-16.96,8905809632.0,1790697600000.0,8975931554.0,,100.0,-11.629516912109827,54.3,0.0,-13.337129425010518,362607512.01,0.39,1272297600000.0,-0.27,104918679.0,96257345.0,7.23,1.744,107557.0,4.13,,73.47,海新能科,-13.923,,2349720302.0,0,3.43,创业板
SZ000957,97.19185432661594,0.0,0.7802,11,-1.22,False,0.01,1.71,592903936.0,9.74,2.64,2.2272,-14.26,5774884337.0,1790697600000.0,5774884337.0,1.016,100.0,14.100323193049343,425.83,-0.1,20.711316914685373,94334573.84,-0.12,947692800000.0,0.76,-7989275.0,9622232.0,0.9,1.71,107089.0,1.62,,47.31,中通客车,12.776,,592903936.0,0,9.86,深市主板
SZ000657,82.65203024139495,0.0,4.5153,11,-1.69,False,0.01,10.474,1453452007.0,51.85,4.91,,87.6,75361486563.0,1790697600000.0,118144620843.0,0.444,100.0,27.012671290518174,1570.86,0.12,39.06513931087525,1512361470.3,-0.89,849715200000.0,1.23,7326506.5,28831704.0,0.78,10.474,107028.0,1.98,,341.24,中钨高新,42.025,,2278584780.0,0,52.74,深市主板
SZ002518,-6.368676029041199,0.0,3.3644,11,-3.29,False,0.01,3.933,565152297.0,32.93,10.98,20.1443,-31.6,18610465140.0,1790697600000.0,19172672345.0,1.367,100.0,13.82967967447262,366.19,0.4,5.096940610856926,582925082.3,-1.12,1291651200000.0,1.11,-5686843.0,17109900.0,1.38,3.933,106897.0,3.03,,32.28,科士达,29.696,,582225094.0,0,34.05,深市主板
SZ300316,-58.67881278690101,0.0,5.1287,11,-1.64,False,0.01,2.694,1231555433.0,35.29,6.91,27.8679,-3.57,43461591231.0,1790697600000.0,46213447696.0,0.595,100.0,2.7868009706529944,877.64,0.11,-27.824919114661085,457977668.98,-0.59,1336665600000.0,0.36,16205477.0,12600433.0,0.95,2.694,106876.0,1.02,,5.7,晶盛机电,96.687,,1309533797.0,0,35.88,创业板
SZ002190,,0.0,3.3967,11,-0.31,False,0.01,2.345,358729343.0,22.87,4.66,89.7169,-38.32,8204140074.0,1790697600000.0,8204140074.0,,100.0,-2.6632472741402067,227.14,-0.09,7.1207274754957695,121329874.0,-0.07,1196611200000.0,-0.25,1073544.0,5211900.0,1.67,2.345,106406.0,1.45,,86.87,成飞集成,-93.293,,358729343.0,0,22.94,深市主板
SZ300383,,0.0,2.7175,11,-4.47,False,0.01,1.555,1795110701.0,10.27,4.93,11.6021,-17.79,18435786899.0,1790697600000.0,18461278539.0,0.195,100.0,-6.629774020510556,362.07,0.0,-6.43038341517681,386588476.91,-0.48,1390924800000.0,-0.45,-7564426.0,36864798.0,1.26,1.554,106129.0,2.05,,44.02,光环新网,-22.697,,1797592847.0,0,10.75,创业板
SZ300408,37.26937439846698,0.0,20.5836,11,-0.88,False,0.01,10.255,1869806217.0,116.3,7.88,76.2066,155.54,217458463037.0,1790697600000.0,232218369807.0,0.371,100.0,15.437474895482397,1369.55,0.25,34.536707766881534,4841699405.46,-1.03,1417536000000.0,1.66,-42389262.5,40526314.0,1.23,9.843,105821.0,2.17,,43.99,三环集团,70.085,,1996718571.0,0,117.33,创业板
SZ002266,37.676701127594,0.0,0.9752,11,4.97,False,0.01,1.939,4842585229.0,4.86,6.05,17.2144,18.33,23534964213.0,1790697600000.0,25365659014.0,1.214,100.0,15.478871512545755,164.12,0.0,15.652053312918813,591652169.41,0.23,1217952000000.0,0.37,95425441.0,122211173.0,2.0,1.939,105796.0,2.52,,65.29,浙富控股,13.299,,5219271402.0,0,4.63,深市主板
SZ000060,33.555840076379326,0.0,0.3572,11,-1.37,False,0.01,1.263,4441101208.0,5.76,2.57,18.4199,-0.71,25580742958.0,1790697600000.0,25581153358.0,0.955,100.0,7.846432732769007,951.29,0.0,7.742840918996974,301307634.53,-0.08,853948800000.0,0.31,-25238221.0,51934673.0,0.93,1.263,105699.0,1.17,,143.75,中金岭南,18.471,,4441172458.0,0,5.84,深市主板
SZ002127,,0.0,3.184,11,-1.68,False,0.01,1.903,1994732997.0,2.92,3.03,29.6332,-11.54,5824620351.0,1790697600000.0,7168221577.0,2.055,100.0,-6.16061218040772,28.14,0.0,-10.491354675858155,109023669.23,-0.05,1176825600000.0,-0.1,-7732148.0,37089959.0,0.8,1.903,105556.0,1.86,,121.49,南极电商,-29.441,,2454870403.0,0,2.97,深市主板
SZ000488,9.693771102027227,,0.5617,11,-1.88,False,0.01,39.457,1699414334.0,2.09,1.88,,-5.0,3551775958.0,,6147643458.0,,100.0,-190.86267355742447,-15.71,-0.48,-8.833473753433886,21654740.0,-0.04,974649600000.0,-1.78,-1143429.0,10318300.0,0.93,39.36,105037.0,0.61,,6.97,ST晨鸣,-1.177,,2941456200.0,0,2.13,深市主板
SZ300236,42.319439170730774,0.0,11.2061,11,-5.62,False,0.01,3.674,278699106.0,80.05,8.3,45.7325,26.1,22309863435.0,1790697600000.0,25086241348.0,0.597,100.0,6.648582038904739,1194.16,-0.22,28.7705300330634,415483105.68,-4.77,1309276800000.0,1.21,-14702475.0,5064837.0,1.13,3.674,105018.0,1.82,,42.73,上海新阳,65.913,,313382153.0,0,84.82,创业板
SZ000848,4.247650145113968,0.0,2.4934,11,0.0,False,0.01,2.575,1010614074.0,8.14,1.97,9.6948,1.68,8226398562.0,1790697600000.0,8302800602.0,6.143,100.0,20.1610274986107,1446.65,0.0,6.129648456144432,93788769.49,0.0,879350400000.0,0.65,6803804.0,11553095.0,0.95,2.575,104897.0,1.14,,0.0,承德露露,12.456,,1020000074.0,0,8.14,深市主板
SZ002232,6.4370957236185244,0.0,8.2213,11,-2.37,False,0.01,4.631,408548455.0,16.09,3.4,47.5318,-14.28,6573544641.0,1790697600000.0,6573544641.0,0.149,100.0,2.3992045212821127,183.38,-0.19,-12.458321399387206,263811538.28,-0.39,1210262400000.0,0.08,6928887.0,16247369.0,0.72,4.631,104835.0,3.98,,85.91,启明信息,194.678,,408548455.0,0,16.48,深市主板
SZ000581,-11.513792506900112,0.0,1.3778,11,0.49,False,0.01,0.884,793891049.0,18.3,1.43,12.3285,-7.54,14528206197.0,1790697600000.0,17692178182.0,5.464,100.0,6.054159599116071,1692.54,0.05,7.363321257953204,116205886.13,0.09,906566400000.0,1.24,3769022.0,6352681.0,1.38,0.884,104823.0,0.8,,0.0,威孚高科,14.71,,966785693.0,0,18.21,深市主板
SZ301308,,0.0,3.6187,11,-4.41,False,0.01,7.139,281851892.0,288.6,5.71,,18.1,81342456031.0,1790697600000.0,132657183071.0,0.316,100.0,94.66331473342791,198.39,0.26,74.48607063387882,2722866972.78,-13.33,1659628800000.0,26.07,93834286.9,9281126.0,1.2,5.573,104635.0,3.29,,77.83,江波龙,11.068,,459657599.0,0,301.93,创业板
SZ002782,7.7982914513076595,0.0,1.2109,11,-0.79,False,0.01,3.134,489728700.0,13.88,6.36,14.0029,-22.99,6797434356.0,1790697600000.0,6871238660.0,1.441,100.0,10.393140747969547,282.2,0.14,7.671251648520805,122124713.0,-0.11,1450713600000.0,0.45,3852481.0,8670300.0,1.21,3.139,104510.0,1.77,,44.06,可立克,31.132,,495046013.0,0,13.99,深市主板
SZ302132,200.58924935697164,,2.2544,11,1.99,False,0.01,7.535,586069499.0,58.91,3.24,,-24.96,34525354186.0,,157412902960.0,0.655,100.0,16.321877677351257,788.6,0.1,220.48267448405178,545428227.85,1.15,1282838400000.0,1.21,69574309.0,9134795.0,1.54,7.535,104019.0,1.56,,57.16,中航成飞,48.757,,2672091376.0,0,57.76,创业板
SZ300085,-21.686376967978095,0.0,25.5122,11,-3.73,False,0.01,46.63,596707135.0,27.9,5.11,185.1289,-30.41,16648129067.0,1790697600000.0,19715270927.0,,100.0,-22.087639917793943,905.44,0.0,-8.064359408907762,574083179.5,-1.08,1274803200000.0,-0.14,-12089577.0,20248253.0,1.0,46.632,103991.0,3.39,,10.43,银之杰,-193.099,,706640535.0,0,28.98,创业板
SZ002436,34.78710259396354,0.0,8.7982,11,-1.29,False,0.01,12.181,1517928556.0,40.41,10.01,629.6651,91.04,61339492948.0,1790697600000.0,68683808681.0,0.074,100.0,4.053264918405376,1297.69,0.17,16.522354780794135,4972144293.51,-0.53,1276790400000.0,0.13,70555308.0,118965896.0,1.15,12.181,103917.0,7.84,,1.18,兴森科技,317.069,,1699673563.0,0,40.94,深市主板
SZ002681,,0.0,2.7964,11,-1.8,False,0.01,3.651,1572049125.0,4.36,3.83,51.2112,-34.44,6854134185.0,1790697600000.0,7824683732.0,,100.0,-4.256366169122812,279.56,0.0,0.07810710425095735,120485664.45,-0.08,1338825600000.0,-0.05,-18022551.0,27401027.0,1.05,3.651,103665.0,1.74,,-4.41,奋达科技,-81.031,,1794652232.0,0,4.44,深市主板
SZ002557,3.239618304742886,0.0,1.2855,11,1.53,False,0.01,1.85,503407120.0,18.62,2.67,1474.1594,-9.7,9373440574.0,1790697600000.0,9419032110.0,5.269,100.0,9.228867063137084,81.7,0.05,7.156907929167722,126800660.97,0.28,1298995200000.0,0.94,14216424.0,6857468.0,1.32,1.879,103594.0,1.36,,-4.45,洽洽食品,19.801,,505855645.0,0,18.34,深市主板
SZ300490,,0.0,1.2701,11,2.23,False,0.01,1.949,392824460.0,11.02,4.45,,-8.09,4328925549.0,1790697600000.0,4393350827.0,,100.0,-0.24589180053388296,87.55,0.36,29.958769129535632,225882394.0,0.24,1451491200000.0,-0.01,5571468.0,20477200.0,1.84,1.949,103266.0,5.21,,44.0,华自科技,-793.553,,398670674.0,0,10.78,创业板
SZ002570,46.279871731420656,0.0,1.744,11,-0.9,False,0.01,2.829,1079995333.0,4.38,2.04,10.3438,-28.43,4730379559.0,1790697600000.0,4730589799.0,,100.0,9.059505338997639,-71.68,-0.23,1.5380831136551087,75772940.97,-0.04,1302537600000.0,0.14,-1100784.0,17222970.0,0.95,2.829,103124.0,1.59,,-0.05,贝因美,31.244,,1080043333.0,0,4.42,深市主板
SZ300118,,0.0,1.0837,11,-2.79,False,0.01,1.271,926519580.0,8.71,5.13,8.9151,-40.59,8069985542.0,1790697600000.0,9929520747.0,,100.0,-31.923848721415965,-48.41,0.11,-42.2646735953489,201447556.26,-0.25,1283356800000.0,-2.6,-13328161.0,22737456.0,1.35,1.271,102351.0,2.45,,37.19,东方日升,-3.346,,1140013863.0,0,8.96,创业板
SZ300376,,0.0,2.59,11,0.24,False,0.01,1.514,2327402401.0,4.11,2.44,36.77,-36.64,9565623868.0,1790697600000.0,9569068356.0,0.049,100.0,-3.1966521479277565,346.16,-0.24,-8.067886771335232,55629682.0,0.01,1390752000000.0,-0.09,-9340412.0,13428200.0,1.04,1.513,101979.0,0.58,,44.02,易事特,-45.88,,2328240476.0,0,4.1,创业板
SZ000049,3.0609739258327107,0.0,0.3709,11,0.54,False,0.01,1.268,384534862.0,22.52,2.1,8.737,-15.48,8659725092.0,1790697600000.0,8662059786.0,1.021,100.0,5.983342397348243,2033.99,0.09,6.62538148766858,133180795.31,0.12,795628800000.0,1.04,5548831.0,5898401.0,1.45,1.268,101816.0,1.53,,82.95,德赛电池,21.655,,384638534.0,0,22.4,深市主板
SZ000756,-26.993550184083926,0.0,1.17,11,-2.53,False,0.01,1.881,498872911.0,14.23,5.89,21.5418,-6.62,7098961524.0,1790697600000.0,9913805280.0,1.054,100.0,4.1404096840459665,175.08,0.14,0.5038631389494341,536703139.57,-0.37,870796800000.0,0.31,-12784429.0,37191584.0,0.58,1.881,101679.0,7.46,,0.0,新华制药,46.055,,696683435.0,0,14.6,深市主板
SZ002092,,0.0,0.3782,11,1.14,False,0.01,0.527,2575637892.0,4.42,3.43,4.9761,-11.24,11384319483.0,1790697600000.0,11384768665.0,,100.0,-0.09159749764061238,46.62,0.0,-5.227216585185712,171260436.0,0.05,1165507200000.0,-0.01,10696601.0,38374500.0,1.43,0.53,101643.0,1.49,,104.85,中泰化学,-575.647,,2575739517.0,0,4.37,深市主板
SZ002472,16.241299710295888,0.0,3.3056,11,-3.6,False,0.01,3.003,756967862.0,36.72,4.49,12.3735,-22.08,27795859893.0,1790697600000.0,31211915250.0,1.089,100.0,12.950287217480302,289.73,0.0,6.752964977842835,517751056.4,-1.37,1284048000000.0,1.5,-14622693.0,13899294.0,0.7,3.003,101460.0,1.84,,60.82,双环传动,24.557,,849997692.0,0,38.09,深市主板
SZ000155,13.286547433831375,0.0,3.7777,11,2.57,False,0.01,1.842,1846168342.0,11.16,3.31,9.2427,-2.07,20603238697.0,1790697600000.0,20603238697.0,2.33,100.0,8.29029414284459,110.17,0.09,34.66814947726553,226187982.2,0.28,969897600000.0,0.49,848093.0,20381374.0,1.37,1.842,101443.0,1.1,,32.69,川能动力,22.829,,1846168342.0,0,10.88,深市主板
SZ000875,-31.89098819649483,0.0,1.3128,11,0.21,False,0.01,0.963,3342439867.0,4.69,1.92,2.3356,-16.26,15676042976.0,1790697600000.0,17011899236.0,1.258,100.0,1.1029394712878606,20.38,-0.21,-3.938501607684297,113490269.19,0.01,1032969600000.0,0.05,-1189493.0,24139601.0,0.91,0.963,101348.0,0.72,,36.95,电投绿能,87.79,,3627270626.0,0,4.68,深市主板
SZ000959,7.6914339897085515,0.0,0.2681,11,-0.28,False,0.01,0.539,7451607404.0,3.5,2.85,4.137,-27.71,26080625914.0,1790697600000.0,27142385795.0,1.143,100.0,1.762464032677328,47.46,0.0,-4.319010220792519,85887420.0,-0.01,945273600000.0,0.11,-10611311.0,24338700.0,1.13,0.539,101049.0,0.33,,7.57,首钢股份,30.664,,7754967370.0,0,3.51,深市主板
SZ300001,49.01317904851676,0.0,2.1869,11,-2.84,False,0.01,4.003,1031173748.0,33.5,6.55,12.752,31.14,34544320558.0,1790697600000.0,35353478386.0,0.591,100.0,16.364803307699653,464.06,0.15,9.681241620734449,400932011.88,-0.98,1256832000000.0,1.27,-4129277.0,11680398.0,0.82,4.003,101007.0,1.13,,84.87,特锐德,26.313,,1055327713.0,0,34.48,创业板
SZ000670,-11.355342976141081,0.0,1.0918,11,-5.62,False,0.01,179.779,830450077.0,6.88,7.41,,-6.78,5713496530.0,1790697600000.0,5820098002.0,,100.0,-209.07848200480345,320.38,0.0,21.274744772345144,378919077.08,-0.41,850752000000.0,-0.08,-41743178.0,53983956.0,0.98,179.634,100896.0,6.5,,906.67,盈方微,-87.572,,845944477.0,0,7.29,深市主板
SZ300327,-17.6564153395538,0.0,5.9939,11,-4.0,False,0.01,4.419,338810277.0,23.78,5.49,38.9432,-14.88,8056908387.0,1790697600000.0,8117782690.0,0.421,100.0,4.952906018088867,532.92,0.38,3.0376372639089544,204017111.79,-0.99,1339516800000.0,0.26,-3065751.0,8465163.0,0.74,4.419,100871.0,2.5,,-3.68,中颖电子,90.101,,341370172.0,0,24.77,创业板
SZ002439,-36.61427679909961,0.0,7.0858,11,-2.79,False,0.01,1.59,728558634.0,14.27,3.34,33.3564,1.06,10396531707.0,1790697600000.0,17286680925.0,,100.0,-4.039132213364029,244.75,0.21,-17.310555062760237,351432873.16,-0.41,1277222400000.0,-0.37,-11426549.0,24454776.0,0.68,1.59,100752.0,3.36,,28.32,启明星辰,-38.571,,1211400205.0,0,14.68,深市主板
SZ300757,-44.66285192746794,0.0,69.6148,11,-4.78,False,0.01,54.774,162566797.0,508.0,8.62,200.066,117.75,82583932876.0,1790697600000.0,91177928388.0,,100.0,-1.5748438447741875,3525.67,0.26,13.951186690156758,3149303972.66,-25.5,1546876800000.0,-0.15,-40017217.650000006,6028830.0,1.12,51.15,100353.0,3.71,,44.02,罗博特科,-3433.765,,179484111.0,0,533.5,创业板
SZ300296,-24.35530706797432,0.0,1.9474,11,-2.12,False,0.01,1.601,2320996623.0,4.61,4.03,14.5767,-25.99,10699794432.0,1790697600000.0,12502214993.0,2.169,100.0,2.5918908477083633,316.25,0.0,-8.841906166647684,190678705.88,-0.1,1331740800000.0,0.08,-30612410.0,40982509.0,1.49,1.601,100343.0,1.77,,56.12,利亚德,61.112,,2711977222.0,0,4.71,创业板
SZ300699,-20.10737772457206,0.0,6.3325,11,-0.66,False,0.01,3.449,823380299.0,22.68,2.5,21.5792,-41.54,18674265181.0,1790697600000.0,18855063360.0,2.187,100.0,9.826912879531772,318.71,0.18,7.645880299126762,142524136.42,-0.15,1504195200000.0,0.64,4840929.0,6238111.0,0.99,3.449,100266.0,0.76,,43.96,光威复材,35.389,,831352000.0,0,22.83,创业板
SZ002174,,0.0,8.7694,11,-4.32,False,0.01,2.65,979259042.0,12.62,5.69,55.9839,3.1,12358249110.0,1790697600000.0,12365214404.0,,100.0,-3.179584997676823,105.83,-0.16,-4.433128754661597,422663033.72,-0.57,1190649600000.0,-0.15,-26836470.0,32956718.0,0.9,2.65,99364.0,3.37,,199.3,游族网络,-85.375,,979810967.0,0,13.19,深市主板
SZ000712,,0.0,10.1659,11,0.1,False,0.01,3.267,895734125.0,9.78,4.3,3.6519,-18.64,8760279743.0,1790697600000.0,8762880000.0,,100.0,6.668359455123911,512.9,0.2,59.466615926314546,404303880.21,0.01,861033600000.0,0.19,12255890.0,40914129.0,1.29,3.267,99268.0,4.57,,0.0,锦龙股份,50.686,,896000000.0,0,9.77,深市主板
SZ300070,,0.0,1.6153,11,-0.29,False,0.01,0.451,3477748047.0,3.41,1.75,12.512,-12.9,11859120840.0,1790697600000.0,12358553928.0,0.117,100.0,0.7273295224516709,-55.52,-0.29,-6.0280399879036555,99364156.23,-0.01,1271779200000.0,0.05,-4691311.0,29043203.0,1.01,0.451,99132.0,0.84,,120.0,碧水源,62.281,,3624209363.0,0,3.42,创业板
SZ002737,,0.0,2.6289,11,-1.05,False,0.01,1.682,583990700.0,11.28,2.54,26.2565,-22.51,6587415096.0,1790697600000.0,6587520000.0,1.773,100.0,-6.199086613670712,49.47,0.0,-22.530669882771036,40316728.14,-0.12,1419868800000.0,-0.44,-4766572.0,3556837.0,1.07,1.682,98119.0,0.61,,43.99,葵花药业,-25.369,,584000000.0,0,11.4,深市主板
SZ000839,,0.0,3.1188,11,-3.51,False,0.01,8.835,3919826352.0,2.75,3.86,145.5961,4.17,10779522468.0,1790697600000.0,10779522468.0,,100.0,-1.843839201408611,181.42,0.36,6.466776289422094,191389333.0,-0.1,878227200000.0,-0.01,-44340208.0,68749816.0,0.86,8.834,97979.0,1.75,,0.0,国安股份,-457.415,,3919826352.0,0,2.85,深市主板
SZ001309,,0.0,3.2836,11,-4.74,False,0.01,7.922,165698129.0,341.48,5.52,,47.41,56582597091.0,1790697600000.0,77462303248.0,0.556,100.0,112.59386384122121,2649.15,0.09,192.4110957743919,2821111287.41,-16.98,1656604800000.0,30.08,82870699.0,8116994.0,0.99,11.091,97833.0,4.9,,44.01,德明利,11.352,,226842870.0,0,358.46,深市主板
SZ002310,,0.0,31.5278,11,-0.45,False,0.01,5.525,4399009452.0,2.22,3.14,,-1.33,9765800983.0,1790697600000.0,13318495100.0,,100.0,-3.614047200503908,4.52,0.45,9.047695237584952,137942432.36,-0.01,1259251200000.0,-0.01,5150076.0,61999714.0,0.86,5.525,97832.0,1.41,,98.81,东方新能,-186.698,,5999322117.0,0,2.23,深市主板
SZ002043,-2.0224552345368907,0.0,1.029,11,-1.83,False,0.01,2.976,806105572.0,11.8,3.24,10.1052,-15.36,9512045750.0,1790697600000.0,9791102864.0,3.61,100.0,21.39953397597195,1913.31,-0.34,4.789278099537664,295434164.86,-0.22,1115654400000.0,0.82,23008589.0,25156950.0,1.57,2.976,97227.0,3.12,,20.28,兔宝宝,14.362,,829754480.0,0,12.02,深市主板
SZ002410,43.48506278229447,0.0,2.3567,11,-1.17,False,0.01,2.377,1588098784.0,8.44,2.34,11.0747,-31.53,13403553737.0,1790697600000.0,13942410246.0,2.701,100.0,6.281093902072681,167.29,0.12,-4.578153197499645,147462806.94,-0.1,1274716800000.0,0.22,75189.0,17343074.0,1.04,2.377,96796.0,1.09,,-2.26,广联达,37.859,,1651944342.0,0,8.54,深市主板
SZ002597,-27.758866894728264,0.0,2.228,11,1.65,False,0.01,1.54,565976294.0,21.58,3.63,14.2072,5.66,12213768425.0,1790697600000.0,12264342967.0,1.603,100.0,3.4702876179671374,267.95,0.09,4.745949767622615,80902554.76,0.35,1309968000000.0,0.47,4032995.0,3734466.0,1.12,1.54,96684.0,0.66,,50.84,金禾实业,45.679,,568319878.0,0,21.23,深市主板
SZ000034,-19.626745738370467,0.0,0.1421,11,-4.18,False,0.01,1.979,849147841.0,22.24,6.16,,-19.84,18885047984.0,1790697600000.0,22612290105.0,0.234,100.0,5.326176652409818,1264.92,0.0,13.420994915620831,548867056.23,-0.97,768412800000.0,0.58,-100821831.0,24250835.0,1.0,1.979,96533.0,2.86,,30.0,神州数码,38.157,,1016739663.0,0,23.21,深市主板
SZ002761,-6.495628443834844,0.0,0.1295,11,-1.69,False,0.01,1.177,1081789109.0,7.55,1.95,3.0465,-11.26,8167507773.0,1790697600000.0,10002782830.0,0.662,100.0,2.973306068415841,150.6,0.0,-7.488668001777388,123050743.62,-0.13,1433865600000.0,0.22,5055476.0,16168514.0,0.97,1.177,96342.0,1.49,,43.96,浙江建投,33.696,,1324871898.0,0,7.68,深市主板
SZ002139,-34.9362869395913,0.0,1.0521,11,0.42,False,0.01,1.715,1071089847.0,9.61,3.03,53.5264,-29.82,10293173430.0,1790697600000.0,11982084235.0,0.718,100.0,2.3288713810883355,326.5,0.0,9.16858631905708,122261204.26,0.04,1183046400000.0,0.13,2572665.0,12759791.0,1.56,1.715,96335.0,1.19,,472.52,拓邦股份,73.692,,1246834988.0,0,9.57,深市主板
SZ002031,115.5894075685648,0.0,19.0041,11,-2.21,False,0.01,6.153,2199388170.0,5.32,3.49,683.6552,-32.32,11700745064.0,1790697600000.0,11700784964.0,,100.0,-12.318607094577718,791.87,0.19,-17.06922799753583,505998021.2,-0.12,1092585600000.0,-0.11,4379440.0,94191813.0,0.6,6.153,96143.0,4.28,,17.3,巨轮智能,-46.762,,2199395670.0,0,5.44,深市主板
SZ300357,13.984919770386517,0.0,9.4811,11,-2.71,False,0.01,3.76,485414205.0,19.78,4.67,25.1257,-29.54,9601492975.0,1790697600000.0,10356491520.0,1.264,100.0,15.98487552273164,365.41,0.15,9.971581208648583,154778805.11,-0.55,1390233600000.0,0.8,-19142366.0,7758897.0,1.11,3.76,96124.0,1.6,,45.39,我武生物,24.813,,523584000.0,0,20.33,创业板
SZ002938,5.788609526536681,0.0,4.5205,11,-1.95,False,0.01,5.257,2310826265.0,78.0,6.88,29.1923,55.67,180244448670.0,1790697600000.0,180767859324.0,1.282,100.0,11.5473213216187,369.56,0.48,8.678083895464429,1616483279.45,-1.55,1537200000000.0,1.63,52797450.0,20320743.0,1.03,5.257,95850.0,0.88,,44.0,鹏鼎控股,47.715,,2317536658.0,0,79.55,深市主板
SZ002085,4.291549071768586,0.0,1.2255,11,-1.07,False,0.01,2.849,2123297520.0,9.22,3.11,13.9396,-41.28,19576803134.0,1790697600000.0,19576803134.0,2.169,100.0,12.607700368585503,820.62,0.11,-0.51238033467913,145396304.28,-0.1,1164643200000.0,0.43,-14377882.0,15588426.0,0.8,2.849,95209.0,0.73,,44.88,万丰奥威,21.637,,2123297520.0,0,9.32,深市主板
SZ300604,305.2075494680777,0.0,22.5165,11,-4.71,False,0.01,26.34,489478185.0,228.5,7.2,151.9809,125.65,111845765273.0,1790697600000.0,148281760379.0,0.086,100.0,39.69067159484044,13263.35,0.37,68.23088855777382,3797965781.48,-11.29,1492358400000.0,2.88,161403034.8,16262999.0,1.27,16.914,95117.0,3.32,,43.96,长川科技,79.379,,648935494.0,0,239.79,创业板
SZ000815,,0.0,28.5917,11,-1.54,False,0.01,6.882,695263035.0,14.03,4.14,31.0433,25.38,9754540381.0,1790697600000.0,9754540381.0,0.185,100.0,5.772987663243504,488.24,0.0,-32.034958122512094,266107983.84,-0.22,897321600000.0,0.11,-4460063.0,18758268.0,0.7,6.882,94972.0,2.7,,0.0,美利云,122.646,,695263035.0,0,14.25,深市主板
SZ002216,-5.3886386147133365,0.0,1.4863,11,1.13,False,0.01,2.359,630502389.0,11.63,1.3,17.8744,7.88,7332742784.0,1790697600000.0,10224910478.0,4.918,100.0,13.581887242466092,141.73,0.0,0.4954391592889795,50452790.01,0.13,1203436800000.0,0.68,7119513.51,4355063.0,1.2,2.359,94239.0,0.69,,151.83,三全食品,17.143,,879184048.0,0,11.5,深市主板
SZ002138,13.621106131802009,0.0,5.2545,11,-0.31,False,0.01,5.907,766344788.0,48.09,6.84,25.3744,38.59,36853520855.0,1790697600000.0,38775849644.0,1.647,100.0,15.385896540013855,881.49,0.29,16.997326650481725,1337711296.39,-0.15,1181664000000.0,1.22,62071345.0,27333136.0,1.14,5.907,93685.0,3.57,,152.21,顺络电子,39.477,,806318354.0,0,48.24,深市主板
SZ002078,4.906838755200393,0.0,0.9509,11,-0.44,False,0.01,1.235,2776577688.0,13.64,2.19,6.0563,-12.0,37872519664.0,1790697600000.0,38931085023.0,2.155,100.0,11.057224466902795,517.42,0.15,2.6539358356372666,219508152.0,-0.06,1163606400000.0,1.2,4047335.0,16084827.0,1.05,1.209,93421.0,0.58,,27.84,太阳纸业,11.379,,2854185119.0,0,13.7,深市主板
SZ300373,20.418177138360495,0.0,5.3735,11,-4.1,False,0.01,4.392,542143360.0,81.0,7.09,30.465,19.88,43913612160.0,1790697600000.0,44011170747.0,0.617,100.0,14.925969648492027,1815.94,0.76,19.872084189797423,727913583.85,-3.46,1390406400000.0,2.63,-38993615.0,8810297.0,1.12,4.392,93207.0,1.63,,45.18,扬杰科技,30.819,,543347787.0,0,84.46,创业板
SZ000877,,0.0,0.3831,11,-1.6,False,0.01,0.365,7110490194.0,3.7,2.66,2.8013,-30.45,26308813718.0,1790697600000.0,26308819268.0,,100.0,-12.429004521727602,134.98,-0.27,-16.530824161251555,59893124.91,-0.06,915638400000.0,-1.34,-2284777.0,16080139.0,0.36,0.365,93035.0,0.23,,0.0,天山股份,-2.752,,7110491694.0,0,3.76,深市主板
SZ002262,2.541215723199919,0.0,3.617,11,-3.87,False,0.01,2.638,883776305.0,21.85,4.58,25.6181,-7.63,19310512264.0,1790697600000.0,22133425593.0,1.835,100.0,13.664569864345808,1496.87,-0.05,7.824338771450257,406961055.35,-0.88,1216742400000.0,1.08,-26533259.0,18543476.0,1.78,2.645,92674.0,2.1,,147.36,恩华药业,20.167,,1012971423.0,0,22.73,深市主板
SZ000617,3.174818819535097,0.0,2.6547,11,-0.46,False,0.01,0.771,12642079079.0,6.53,1.83,8.7507,-31.15,82552776386.0,1790697600000.0,82552776386.0,1.562,100.0,4.814263751208818,341.54,0.15,-9.755411759517107,299647124.98,-0.03,845913600000.0,0.4,-31118333.0,45698096.0,1.08,0.771,92316.0,0.36,,237.56,中油资本,16.307,,12642079079.0,0,6.56,深市主板
SZ300133,-10.789945321804062,0.0,5.2031,11,-1.82,False,0.01,1.907,1664000366.0,7.56,2.08,53.2088,-8.9,12579842767.0,1790697600000.0,14173273787.0,0.278,100.0,3.2787964016487003,94.89,0.27,2.6766123865362257,555107530.94,-0.14,1288022400000.0,0.13,-53403774.0,73016356.0,1.08,1.907,92312.0,4.39,,58.53,华策影视,58.94,,1874771665.0,0,7.7,创业板
SZ000012,,0.0,0.8384,11,-0.27,False,0.01,0.885,1959316598.0,3.68,1.63,11.58,-16.49,7210285081.0,1790697600000.0,11196285224.0,0.543,100.0,-2.8615712819306163,1590.4,0.0,-10.721687192127117,45244152.88,-0.01,699206400000.0,-0.12,-5538859.0,12254951.0,0.66,0.885,92292.0,0.63,,-52.81,南玻A,-30.259,,3042468811.0,0,3.69,深市主板
SZ002396,19.17141965043474,0.0,1.1448,11,-2.64,False,0.01,3.323,757415106.0,31.74,5.15,,37.1,24040355464.0,1790697600000.0,24040355464.0,0.605,100.0,8.139937381424305,362.12,0.06,13.287344037705196,1161270855.14,-0.86,1277222400000.0,0.75,10236308.0,36171266.0,0.66,3.337,91850.0,4.78,,33.75,星网锐捷,42.203,,757415106.0,0,32.6,深市主板
SZ002245,97.81417888156079,0.0,3.0247,11,1.18,False,0.01,3.513,1609098738.0,16.35,6.19,20.1679,36.45,26308764366.0,1790697600000.0,27961310140.0,0.41,100.0,11.699324362360876,1454.33,0.37,26.520368151757665,1616768678.78,0.19,1212595200000.0,0.52,174578227.84000003,96611787.0,1.91,3.513,91722.0,6.0,,37.36,蔚蓝锂芯,31.472,,1710171874.0,0,16.16,深市主板
SZ002297,248.98049646202384,0.0,8.7248,11,-2.64,False,0.01,4.784,573104819.0,19.18,4.97,116.9623,60.23,10992150428.0,1790697600000.0,10992150428.0,,100.0,10.26298133207901,215.28,0.0,42.62040002229952,827548856.19,-0.52,1254153600000.0,0.39,-8185432.0,42508729.0,0.55,4.784,91552.0,7.42,,104.07,博云新材,49.158,,573104819.0,0,19.7,深市主板
SZ003816,-2.222334028228601,0.0,2.9771,11,4.26,False,0.01,1.801,39335199311.0,4.41,4.49,7.3726,19.92,173468228962.0,1790697600000.0,222699815212.0,1.95,100.0,8.119928057324405,76.38,0.23,-3.7486168632951955,666939408.0,0.18,1566748800000.0,0.2,76185760.0,153149700.0,1.84,1.801,91430.0,0.39,,44.18,中国广核,22.441,,50498824311.0,0,4.23,深市主板
SZ300438,,0.0,1.3347,11,0.63,False,0.01,3.957,404164238.0,49.38,5.3,19.8617,-7.14,19957630072.0,1790697600000.0,24855095117.0,0.122,100.0,19.683013593236478,1174.91,0.26,63.84035151944627,1458848635.42,0.31,1429804800000.0,2.21,-37887314.0,29456684.0,1.94,3.957,91376.0,7.29,,43.98,鹏辉能源,22.378,,503343360.0,0,49.07,创业板
SZ002249,6.078638793018087,0.0,1.2822,11,-1.72,False,0.01,1.597,1871589101.0,6.3,2.81,9.2137,-41.07,11791011336.0,1790697600000.0,15591237612.0,4.492,100.0,9.32582011138324,219.38,-0.16,2.3456065251290292,136891318.0,-0.11,1213804800000.0,0.36,-32278362.0,21530424.0,0.96,1.592,91093.0,1.15,,7.66,大洋电机,17.341,,2474799621.0,0,6.41,深市主板
SZ002073,4.023416186205142,0.0,0.6566,11,-0.35,False,0.01,0.898,1014137353.0,5.66,2.46,15.5708,-30.07,5740017418.0,1790697600000.0,5798725768.0,0.707,100.0,6.301771603036088,8.29,0.0,18.565131036368456,60159297.0,-0.02,1161100800000.0,0.38,-3470980.0,10566000.0,1.19,0.898,90760.0,1.04,,94.27,软控股份,14.759,,1024509853.0,0,5.68,深市主板
SZ300397,-50.274573296681965,0.0,8.4012,11,-4.57,False,0.01,3.839,408162815.0,10.45,7.21,,-29.49,4265301417.0,1790697600000.0,5409303985.0,,100.0,-3.9268798236859555,30.74,0.0,37.34117237051986,231733972.98,-0.5,1410278400000.0,-0.11,3562364.0,21752261.0,0.53,3.839,90715.0,5.33,,43.99,天和防务,-95.887,,517636745.0,0,10.95,创业板
SZ300482,,0.0,4.1543,11,-0.48,False,0.01,1.463,429263727.0,16.68,6.56,8.2778,-14.49,7160118966.0,1790697600000.0,7808794692.0,1.313,100.0,-2.3585925090654336,310.2,0.97,-14.3082466008578,173632224.04,-0.08,1435593600000.0,-0.28,-23468378.0,10282713.0,2.24,1.462,90669.0,2.4,,44.0,万孚生物,-60.206,,468153159.0,0,16.76,创业板
SZ002777,-25.476701971881845,0.0,4.1499,11,-1.19,False,0.01,3.048,404511491.0,12.5,2.45,26.575,-29.8,5056393638.0,1790697600000.0,5102887975.0,0.8,100.0,4.44994072267243,367.36,0.24,-3.105244097201121,44190481.0,-0.15,1451491200000.0,0.18,-2479007.0,3516525.0,0.95,3.048,90613.0,0.87,,43.98,久远银海,69.197,,408231038.0,0,12.65,深市主板
SZ000887,5.360555270885348,0.0,1.1671,11,-3.0,False,0.01,1.584,1314370608.0,17.77,6.55,10.1605,-22.89,23356365704.0,1790697600000.0,23394022804.0,0.844,100.0,10.2027971494907,862.93,0.17,5.572724108700133,432838391.62,-0.55,912614400000.0,1.1,-21315311.0,23818261.0,1.4,1.584,90394.0,1.81,,0.0,中鼎股份,16.105,,1316489747.0,0,18.32,深市主板
SZ000735,,0.0,1.828,11,-1.41,False,0.01,1.622,1150897517.0,5.61,3.69,,-37.58,6456535070.0,1790697600000.0,6459991173.0,0.624,100.0,-3.6357000160545563,203.93,0.0,-3.0481040934129844,197343643.9,-0.08,865958400000.0,-0.13,5076017.0,34894506.0,0.7,1.622,89800.0,3.03,,0.0,罗牛山,-43.346,,1151513578.0,0,5.69,深市主板
SZ002759,,,1.6383,11,0.15,False,0.01,1.934,501047496.0,13.56,4.28,,-70.79,6794204046.0,,6798748124.0,,100.0,10.846985555654914,126.98,-0.22,42.11910119818803,299603246.16,0.02,1432742400000.0,0.72,-4457692.0,21720604.0,1.51,1.934,89342.0,4.34,,44.01,ST天际,18.863,,501382605.0,0,13.54,深市主板
SZ300052,6.2359041053496655,,17.8974,11,-0.3,False,0.01,8.039,261848360.0,10.11,4.54,163.5519,-19.51,2647286920.0,,2647391558.0,,100.0,-16.891489141866714,-24.57,0.1,-23.34266067090728,84585978.0,-0.03,1265817600000.0,-0.23,3248617.0,8286600.0,1.12,8.039,89322.0,3.16,,15.0,中青宝,-44.15,,261858710.0,0,10.14,创业板
SZ002581,-20.83509109271241,,11.3988,11,0.98,False,0.01,1.915,400791161.0,5.15,7.65,,-31.33,2064074479.0,,3397638268.0,,100.0,-7.938036361190437,-33.48,0.0,-5.289644151132499,46296057.0,0.05,1305820800000.0,-0.22,-923592.0,8707500.0,1.57,1.915,89051.0,2.17,,12.63,*ST未名,-23.522,,659735586.0,0,5.1,深市主板
SZ300624,,0.0,5.9771,11,-4.93,False,0.01,9.189,171233216.0,45.72,5.57,17484.1487,-35.29,7828782636.0,1790697600000.0,8839336733.0,,100.0,-10.597562373622333,376.02,0.18,-1.2971508393633036,353480184.78,-2.37,1516204800000.0,-0.56,-14783497.0,7657426.0,0.93,9.189,88863.0,4.47,,43.99,万兴科技,-82.298,,193336324.0,0,48.09,创业板
SZ002028,31.764615557423227,0.0,3.8447,11,-2.78,False,0.01,5.57,610775161.0,117.11,3.51,28.8674,-23.92,71527879105.0,1790697600000.0,91647157055.0,0.598,100.0,22.26735877565566,9903.42,-0.1,29.984898410448135,1555027211.17,-3.35,1091635200000.0,4.24,60590402.0,13174882.0,1.22,5.57,88700.0,2.16,,52.22,思源电气,27.595,,782573282.0,0,120.46,深市主板
SZ300442,57.54605661876171,0.0,14.7982,11,-2.48,False,0.01,7.069,1636228373.0,62.43,5.19,25.6886,19.43,102149737326.0,1790697600000.0,102450250374.0,1.073,100.0,42.684456843936836,385.92,0.08,25.078285994021176,1063129069.82,-1.59,1429804800000.0,3.27,-13483753.100000001,16757078.0,0.66,7.069,88349.0,1.02,,43.98,润泽科技,19.074,,1641041973.0,0,64.02,创业板
SZ002354,-57.36901105823079,0.0,5.3049,11,-2.23,False,0.01,6.709,1626993779.0,7.0,3.91,100.0152,9.89,11388956453.0,1790697600000.0,11582100740.0,,100.0,-2.137454756570512,14.77,0.14,9.310406005304506,694985136.14,-0.16,1265644800000.0,-0.02,495671.0,98262952.0,0.72,6.709,88196.0,6.04,,45.58,天娱数科,-364.803,,1654585820.0,0,7.16,深市主板
SZ002648,36.0164894254956,0.0,1.7285,11,3.21,False,0.01,2.422,3366482485.0,27.36,4.0,6.498,58.1,92106960790.0,1790697600000.0,92166146078.0,1.824,100.0,25.42901583987744,919.91,0.11,13.28196361678382,1071108815.55,0.85,1325001600000.0,2.61,123410325.0,39052125.0,1.36,2.422,88035.0,1.16,,-10.88,卫星化学,10.481,,3368645690.0,0,26.51,深市主板
SZ002152,-7.14929424975892,0.0,1.8358,11,-1.68,False,0.01,1.766,2482126213.0,8.8,2.35,13.9274,-34.27,21842710674.0,1790697600000.0,21853769502.0,5.341,100.0,6.560529319149549,132.73,-0.11,8.99800252651386,120126483.0,-0.15,1186934400000.0,0.33,-9832237.0,13540600.0,1.05,1.766,87996.0,0.55,,363.74,广电运通,26.71,,2483382898.0,0,8.95,深市主板
SZ000898,31.893778119823814,0.0,0.2038,11,-1.46,False,0.01,0.457,7957508008.0,2.03,3.88,6.1872,-19.76,16153741256.0,1790697600000.0,19019519154.0,,100.0,-11.331958389048795,29.9,0.0,-7.76131102756068,104495365.67,-0.03,882979200000.0,-0.53,-1725900.0,50828780.0,1.19,0.457,87845.0,0.64,,0.0,鞍钢股份,-3.804,,9369221258.0,0,2.06,深市主板
SZ000901,,0.0,2.2681,11,-0.29,False,0.01,2.575,798193306.0,13.64,4.75,247.1586,-52.06,10887356694.0,1790697600000.0,10887467178.0,0.073,100.0,0.3821157876611395,402.43,0.15,-14.841983788019142,158180660.82,-0.04,922896000000.0,0.02,4243666.0,11415301.0,1.25,2.575,87568.0,1.43,,0.0,航天科技,666.221,,798201406.0,0,13.68,深市主板
SZ000166,40.28336434235498,0.0,4.1074,11,-1.14,False,0.01,0.943,22535507316.0,4.33,2.05,,-16.44,97578746678.0,1790697600000.0,108422959945.0,2.887,100.0,9.80363095246509,-60.95,0.23,10.101156978620661,241068997.42,-0.05,1422201600000.0,0.44,-81440032.0,55405111.0,1.17,0.943,87568.0,0.25,,32.06,申万宏源,9.898,,25039944560.0,0,4.38,深市主板
SZ003035,5.721616100033011,0.0,5.2736,11,-0.56,False,0.01,2.831,3787878787.0,5.31,2.06,11.5846,16.36,20113636359.0,1790697600000.0,20113636359.0,0.829,100.0,5.153166516657777,220.46,0.19,10.11810750600015,131535011.06,-0.03,1610985600000.0,0.09,-5516369.0,24750280.0,1.12,2.831,87282.0,0.65,,44.29,南网能源,55.987,,3787878787.0,0,5.34,深市主板
SZ000683,-9.133167049395485,0.0,1.7564,11,-0.52,False,0.01,1.736,3338565773.0,5.76,2.07,10.261,-18.55,19230138852.0,1790697600000.0,21408949786.0,5.208,100.0,7.782898214748616,344.1,0.17,0.728611604481344,214669353.46,-0.03,854640000000.0,0.28,-3497018.0,37001427.0,0.95,1.735,87220.0,1.11,,128.18,博源化工,20.718,,3716831560.0,0,5.79,深市主板
SZ000837,1.996172275406627,0.0,2.2034,11,-1.8,False,0.01,1.92,1007397487.0,9.3,3.27,27.9679,-27.8,9368796629.0,1790697600000.0,9515256284.0,0.323,100.0,1.121607101559453,439.41,0.0,6.415590755540279,79515466.45,-0.17,906912000000.0,0.05,-10793106.0,8480364.0,1.23,1.92,87142.0,0.84,,0.0,秦川机床,172.901,,1023145837.0,0,9.47,深市主板
SZ002182,-74.12637171232228,0.0,1.1296,11,5.27,False,0.01,2.184,896610733.0,11.58,10.45,41.8965,-24.31,10382752288.0,1790697600000.0,11484946184.0,,100.0,-1.9038992679756073,129.54,0.17,11.104060705906615,465811219.99,0.58,1194883200000.0,-0.1,8533003.0,39973245.0,5.13,2.184,86779.0,4.46,,100.56,宝武镁业,-113.687,,991791553.0,0,11.0,深市主板
SZ000869,-53.372705120804845,0.0,3.9045,11,10.03,False,0.01,1.174,457666921.0,18.76,11.44,22.5722,-7.51,8585831438.0,1790697600000.0,12067935201.0,1.359,100.0,0.2517848719018933,284.27,0.0,-10.002521828950773,140803249.12,1.71,972489600000.0,0.04,-35139796.0,7691655.0,2.5,1.2,86362.0,1.68,,40.65,张裕A,460.433,,643280128.0,1,17.05,深市主板
SZ300494,,0.0,3.4381,11,-1.37,False,0.01,2.929,398348068.0,7.91,2.62,190.5092,-35.02,3150933218.0,1790697600000.0,3879934701.0,0.063,100.0,-10.643604012568659,22.52,0.0,-7.057886163017768,32864534.8,-0.11,1451491200000.0,-0.3,-314677.0,4129760.0,0.8,2.929,86330.0,1.04,,43.98,盛天网络,-26.161,,490510076.0,0,8.02,创业板
SZ002177,-1.4358809500800374,0.0,72.7206,11,-0.92,False,0.01,2.384,683160153.0,5.38,2.58,97.44,-42.83,3675401623.0,1790697600000.0,4095209162.0,0.037,100.0,0.8442837389880238,-21.11,0.0,-8.439744650297742,57145904.0,-0.05,1193846400000.0,0.02,-698626.0,10547700.0,0.7,2.384,85983.0,1.54,,370.49,御银股份,283.189,,761191294.0,0,5.43,深市主板
SZ300036,,0.0,3.7111,11,-1.38,False,0.01,1.991,445052653.0,10.04,2.85,54.2305,-44.58,4468328636.0,1790697600000.0,4947376835.0,0.289,100.0,-3.640445138899537,44.53,0.0,-18.559524395478398,50068161.0,-0.14,1261670400000.0,-0.19,124582.0,4961435.0,0.82,1.991,85809.0,1.11,,64.29,超图软件,-52.817,,492766617.0,0,10.18,创业板
SZ300045,262.7137439338553,0.0,11.3926,11,6.67,False,0.01,5.25,523537926.0,11.83,16.23,42.3792,-59.08,6193453665.0,1790697600000.0,7839448042.0,,100.0,-6.997731252536359,125.74,0.17,-7.494665000002721,852744068.38,0.74,1263916800000.0,-0.16,133238922.0,70190267.0,4.94,5.25,85630.0,13.41,,27.0,华力创通,-72.449,,662675236.0,0,11.09,创业板
SZ300109,-34.557735449107874,0.0,6.0675,11,-1.01,False,0.01,2.197,520877968.0,12.75,4.19,20.2067,-8.43,6641194092.0,1790697600000.0,7354920707.0,1.271,100.0,4.269523518146306,87.75,0.16,-7.814284704563457,157735746.42,-0.13,1282665600000.0,0.26,-13846992.0,12441061.0,1.42,2.197,85591.0,2.39,,120.0,新开源,48.343,,576856526.0,0,12.88,创业板
SZ002493,83.88128147393559,0.0,0.4656,11,1.2,False,0.01,2.828,9362198504.0,13.49,3.98,2.2812,16.19,126296057819.0,1790697600000.0,134757576006.0,0.712,100.0,11.756870145141239,267.04,0.22,-6.154016402237328,786156905.16,0.16,1288627200000.0,0.54,60089905.0,57440298.0,1.22,2.828,85583.0,0.61,,17.57,荣盛石化,25.156,,9989442254.0,0,13.33,深市主板
SZ002959,-19.71592315025086,0.0,1.1586,11,5.57,False,0.01,2.017,139794390.0,37.5,12.84,12.2267,-8.19,5242289625.0,1790697600000.0,5843757900.0,3.451,100.0,10.55366264510194,33.63,0.03,0.9408317687519929,217503308.35,1.98,1566489600000.0,1.98,18214153.0,5878595.0,1.62,2.017,85474.0,4.21,,44.0,小熊电器,18.979,,155833544.0,0,35.52,深市主板
SZ000987,38.21953948554568,0.0,4.8877,11,-0.69,False,0.01,1.058,5012547583.0,7.15,1.81,8.9787,-10.68,35839715218.0,1790697600000.0,35872497103.0,4.322,100.0,14.243590114819057,443.97,0.0,-22.52608071519755,100643650.31,-0.05,963849600000.0,0.95,-14645651.0,14035910.0,0.89,1.058,85046.0,0.28,,173.28,越秀资本,7.518,,5017132462.0,0,7.2,深市主板
SZ002531,,0.0,2.8755,11,4.64,False,0.01,1.704,1786868599.0,8.35,7.52,54.7061,21.72,14920352802.0,1790697600000.0,15003936794.0,,100.0,-1.949863081600679,169.82,0.24,-13.679606679965461,1462713455.07,0.37,1293724800000.0,-0.1,-7390425.0,179744215.0,1.21,1.704,85017.0,10.06,,1.69,天顺风能,-86.566,,1796878658.0,0,7.98,深市主板
SZ002382,,0.0,1.0065,11,4.11,False,0.01,0.93,997792227.0,6.58,7.28,12.5911,17.5,6565472854.0,1790697600000.0,6629946977.0,,100.0,-7.145151143618358,-16.59,0.3,14.738404050013475,372595241.07,0.26,1270137600000.0,-0.54,17751757.0,56431343.0,2.77,0.93,84939.0,5.66,,66.31,蓝帆医疗,-12.204,,1007590726.0,0,6.32,深市主板
SZ002146,,0.0,0.2929,11,-3.82,False,0.01,1.075,3910681351.0,1.26,5.34,,-23.17,4927458502.0,1790697600000.0,5478686452.0,,100.0,-88.4944232552012,-68.89,0.0,-41.794968569511205,297789430.7,-0.05,1186502400000.0,-1.75,8832445.0,230850206.0,0.66,1.075,84747.0,5.9,,292.88,荣盛发展,-0.722,,4348163851.0,0,1.31,深市主板
SZ001696,15.027631722117585,0.0,1.3639,11,-3.37,False,0.01,3.028,891513519.0,14.64,4.36,10.4523,-31.85,13051757918.0,1790697600000.0,16763194109.0,1.366,100.0,10.737450094881504,2943.66,0.21,14.390457323740534,385503901.24,-0.51,857577600000.0,0.51,-7598749.0,25842770.0,0.67,3.028,84730.0,2.9,,1340.0,宗申动力,28.979,,1145026920.0,0,15.15,深市主板
SZ002424,36.043935983123454,,2.5303,11,-0.43,False,0.01,2.031,1139781041.0,4.67,2.35,11.3116,7.36,5322777461.0,,6470292005.0,,100.0,-3.916156110515007,17.45,0.0,-21.990554403803607,46991290.66,-0.02,1275494400000.0,-0.09,2112346.0,9980446.0,0.84,2.049,84485.0,0.88,,1.32,ST百灵,-51.281,,1385501500.0,0,4.69,深市主板
SZ002896,-19.91772773357129,0.0,10.0923,11,-3.4,False,0.01,9.47,196522670.0,57.59,4.56,,-35.45,11317740565.0,1790697600000.0,11317740565.0,0.208,100.0,3.709196813066114,762.78,0.07,3.4797535364120558,293432822.89,-2.03,1503936000000.0,0.22,-17942695.0,5028221.0,0.72,9.47,84254.0,2.56,,44.0,中大力德,256.546,,196522670.0,0,59.62,深市主板
SZ300558,23.740863075261398,0.0,5.2561,11,-5.21,False,0.01,3.057,422179362.0,47.85,7.92,23.0548,2.8,20201282472.0,1790697600000.0,20256421127.0,0.311,100.0,7.652348751973144,112.85,0.1,18.80781057700711,819245545.64,-2.63,1478448000000.0,1.1,-119237087.0,16667715.0,1.46,3.038,84244.0,3.95,,44.0,贝达药业,43.323,,423331685.0,0,50.48,创业板
SZ002048,,0.0,0.5872,11,-3.62,False,0.01,1.182,708170342.0,17.03,5.21,6.1492,-45.36,12060140924.0,1790697600000.0,13831788514.0,1.509,100.0,13.40848345037057,2238.64,0.0,-3.6291678439358543,225170927.22,-0.64,1117728000000.0,1.87,-40237832.0,13052480.0,1.33,1.184,84090.0,1.84,,13.74,宁波华翔,9.129,,812201322.0,0,17.67,深市主板
SZ300748,23.798945550579266,0.0,3.7124,11,-1.29,False,0.01,4.306,1131885988.0,23.8,3.07,15.6031,-29.81,26938886514.0,1790697600000.0,32890888309.0,1.971,100.0,11.504277296117662,911.73,0.17,15.224630467343193,252680183.99,-0.31,1537459200000.0,0.62,-1932924.0,10551423.0,1.02,4.286,83958.0,0.93,,43.97,金力永磁,38.117,,1381970097.0,0,24.11,创业板
SZ300459,,0.0,13.1629,11,-2.29,False,0.01,15.525,3285741048.0,3.41,3.44,53.0592,-25.71,11204376974.0,1790697600000.0,11988915302.0,,100.0,-78.89018213012424,355.15,0.0,-12.741325145178129,188771560.8,-0.08,1431619200000.0,-0.32,-36830607.0,54751880.0,0.86,15.528,83414.0,1.67,,44.01,汤姆猫,-10.683,,3515810939.0,0,3.49,创业板
SZ002069,,,2.0984,11,0.0,False,0.01,90.507,710216194.0,3.65,2.19,158.4026,-2.14,2592289108.0,,2595559508.0,,100.0,-17.44171523884573,-60.04,0.0,-10.315086227200098,36528702.5,0.0,1159372800000.0,-0.01,-2097039.0,9980450.0,1.12,90.571,83381.0,1.41,,148.44,獐子岛,-323.068,,711112194.0,0,3.65,深市主板
SZ000897,-36.50677774834242,,10.2312,11,-2.04,False,0.01,1.034,1617241634.0,1.92,3.57,,-15.79,3105103937.0,,3105162689.0,,100.0,-1.718235189274121,78.79,0.0,-60.92983939659475,81426672.0,-0.04,924710400000.0,-0.03,-4692041.0,41831430.0,0.86,1.034,83359.0,2.59,,0.0,津滨发展,-59.635,,1617272234.0,0,1.96,深市主板
SZ002901,145.02953234969698,0.0,6.0049,11,-3.08,False,0.01,4.662,288412223.0,39.6,4.41,19.4224,-15.33,11421124031.0,1790697600000.0,16395172438.0,1.48,100.0,21.28334612070765,213.36,-0.2,23.373397324514666,52313274.86,-1.26,1506009600000.0,1.71,-737138.0,1301958.0,0.88,4.662,83250.0,0.45,,44.03,大博医疗,23.134,,414019506.0,0,40.86,深市主板
SZ000733,-32.90184169717709,0.0,3.8187,11,-1.61,False,0.01,1.352,554084081.0,38.5,3.6,16.9067,-26.04,21332237119.0,1790697600000.0,21335523094.0,0.987,100.0,6.241146313577072,506.0,0.21,-11.746771576037741,298493876.41,-0.63,867859200000.0,1.73,-24614993.0,7635729.0,0.97,1.352,83171.0,1.38,,85.53,振华科技,22.226,,554169431.0,0,39.13,深市主板
SZ002626,-5.470368791000535,0.0,2.7993,11,-2.98,False,0.01,2.271,609861032.0,15.65,4.9,19.4737,-18.35,9544325151.0,1790697600000.0,9545498901.0,2.55,100.0,6.155980428942941,201.11,0.06,3.62384405681897,69766858.0,-0.48,1319731200000.0,0.43,-44026.0,4430800.0,1.39,2.315,83138.0,0.73,,33.77,金达威,36.342,,609936032.0,0,16.13,深市主板
SZ002891,-0.7817151999519933,0.0,1.4738,11,0.22,False,0.01,2.646,321897746.0,27.79,2.06,84.2194,-45.89,8945538361.0,1790697600000.0,8945538361.0,0.828,100.0,9.221731058899433,299.96,0.04,23.408709791647443,104306323.44,0.06,1503244800000.0,0.9,1179604.0,3754136.0,0.8,2.646,82858.0,1.17,,43.98,中宠股份,30.983,,321897746.0,0,27.73,深市主板
SZ002558,64.56211603501191,0.0,5.1646,11,-2.49,False,0.01,2.478,1900554471.0,21.94,4.18,9.6655,-47.25,41698165094.0,1790697600000.0,41698329644.0,4.494,100.0,20.226418436147547,168.61,0.23,69.49040219215978,768299542.71,-0.56,1298995200000.0,1.64,9618891.0,34492137.0,0.74,2.478,82770.0,1.81,,27.1,巨人网络,13.357,,1900561971.0,0,22.5,深市主板
SZ300724,-31.03935900238246,0.0,1.825,11,-3.85,False,0.01,1.349,290370199.0,51.49,4.72,22.597,-45.23,14951161547.0,1790697600000.0,17933555389.0,2.325,100.0,9.004680157475502,225.48,0.16,-16.74937827909595,568914314.78,-2.06,1533830400000.0,3.34,-12745943.0,11048973.0,1.95,1.349,82761.0,3.81,,44.0,捷佳伟创,15.439,,348292006.0,0,53.55,创业板
SZ002585,,0.0,2.2978,11,1.35,False,0.01,1.428,886591788.0,10.49,6.47,13.8318,56.14,9300347856.0,1790697600000.0,11972474200.0,0.191,100.0,-3.8887602164005846,-10.21,0.1,0.10972443613928018,973062340.28,0.14,1306944000000.0,-0.29,18745692.0,91196085.0,0.99,1.428,82544.0,10.29,,-11.45,双星新材,-36.042,,1141322612.0,0,10.35,深市主板
SZ000099,1.783988191442587,0.0,4.4603,11,0.08,False,0.01,1.775,775770137.0,12.68,1.97,13.7788,-38.54,9836765337.0,1790697600000.0,9836765337.0,1.278,100.0,5.138132607004846,141.22,0.0,3.294282933226067,56128652.82,0.01,964972800000.0,0.36,863687.0,4402392.0,0.94,1.774,82420.0,0.57,,91.18,中信海直,35.059,,775770137.0,0,12.67,深市主板
SZ002690,0.14456694329663122,0.0,5.5026,11,-0.97,False,0.01,5.238,427032322.0,15.28,2.07,16.1265,-22.74,6525053880.0,1790697600000.0,13480457592.0,4.581,100.0,28.77614301387515,480.92,-0.07,1.1226717107432727,53723471.42,-0.15,1343664000000.0,0.83,-1948398.0,3492531.0,0.76,5.238,82372.0,0.82,,-9.71,美亚光电,18.433,,882228900.0,0,15.43,深市主板
SZ002547,28.869974573964697,,1.3946,11,5.81,False,0.01,,1104798466.0,2.73,6.59,12.5665,-41.54,3016099812.0,,3079596069.0,,100.0,152.56018275591882,-27.34,0.37,-2.163510571094873,203917782.11,0.15,1297958400000.0,-0.41,-59192712.0,73566841.0,2.08,-5.83,82173.0,6.66,,37.56,*ST春兴,-6.62,,1128057168.0,0,2.58,深市主板
SZ000062,18.0618839767966,0.0,0.6949,11,-1.5,False,0.01,3.183,1044761878.0,21.0,3.47,,-13.28,21939999438.0,1790697600000.0,21964095762.0,2.857,100.0,8.925197496113492,679.42,0.14,24.786852950061288,225111609.57,-0.32,854553600000.0,0.59,-8936878.0,10615611.0,0.9,3.183,82077.0,1.02,,91.84,深圳华强,35.497,,1045909322.0,0,21.32,深市主板
SZ002124,,0.0,0.5662,11,-1.52,False,0.01,5.263,1972375648.0,1.95,3.03,6.2531,-28.83,3846132514.0,1790697600000.0,4332770972.0,,100.0,-132.10747048267726,23.72,0.0,-12.864758890366923,101285321.2,-0.03,1175529600000.0,-1.44,-13622897.0,51392668.0,0.53,5.263,81718.0,2.61,,132.98,天邦食品,-1.352,,2221933832.0,0,1.98,深市主板
SZ000717,389.14495288554616,0.0,0.2046,11,-0.91,False,0.01,0.783,2423697090.0,2.17,4.11,3.2054,-16.22,5259422685.0,1790697600000.0,5259744930.0,,100.0,-16.196259875292018,-25.09,0.0,-13.4918722084582,49365206.75,-0.02,863020800000.0,-0.49,311653.0,22502436.0,1.0,0.783,81535.0,0.93,,93.56,中南股份,-4.438,,2423845590.0,0,2.19,深市主板
SZ000729,48.94091776295348,0.0,1.9918,11,1.55,False,0.01,1.865,2509606667.0,11.17,2.73,11.249,1.16,28032306470.0,1790697600000.0,31483084439.0,3.581,100.0,12.11807832307853,485.83,-0.18,4.417492573993931,259028138.95,0.17,868982400000.0,0.7,18746304.0,23236483.0,1.22,1.865,81486.0,0.93,,107.08,燕京啤酒,15.938,,2818539341.0,0,11.0,深市主板
SZ002149,-27.200960211909397,0.0,5.3723,11,8.45,False,0.01,2.484,488139124.0,33.62,10.06,175.6374,-25.95,16411237349.0,1790697600000.0,16413763892.0,0.446,100.0,1.8203599718993455,136.84,0.03,-3.9091794398362967,2007077251.78,2.62,1186675200000.0,0.18,268640290.0,59858642.0,4.65,2.484,81458.0,12.26,,415.45,西部材料,188.674,,488214274.0,0,31.0,深市主板
SZ000802,-37.412720661364304,,10.0062,11,-1.3,False,0.01,4.596,715544005.0,3.8,2.6,100.5156,-16.48,2719067219.0,,2720420969.0,,100.0,-29.611024242628563,-7.46,0.0,-29.63637256639977,112837589.4,-0.05,884188800000.0,-0.3,4295552.0,29483083.0,0.51,4.597,81351.0,4.12,,0.0,北京文化,-12.725,,715900255.0,0,3.85,深市主板
SZ300628,16.721281239123464,0.0,7.5327,11,1.37,False,0.01,5.507,725870698.0,40.03,2.53,29.7114,17.7,29056604041.0,1790697600000.0,50714742631.0,4.497,100.0,32.397353941575204,699.37,-0.1,20.59476659437871,373650508.73,0.54,1489680000000.0,2.28,1693321.0,9310867.0,1.49,5.507,81287.0,1.28,,43.99,亿联网络,17.58,,1266918377.0,0,39.49,创业板
SZ002276,-19.461895172032307,0.0,0.4888,11,0.41,False,0.01,1.604,1007553546.0,9.9,2.43,5.6922,-41.15,9974780105.0,1790697600000.0,10009646915.0,0.556,100.0,5.038487036212381,71.53,-0.1,12.984883031839534,98412101.3,0.04,1247155200000.0,0.3,5623953.0,9856305.0,1.16,1.604,81252.0,0.98,,125.48,万马股份,32.71,,1011075446.0,0,9.86,深市主板
SZ002077,1.0709493942418158,0.0,17.8808,11,-3.58,False,0.01,2.251,580348513.0,13.19,6.07,56.743,-11.3,7654796886.0,1790697600000.0,7654796886.0,,100.0,2.2580095420491277,101.73,0.0,7.083583551128325,449821479.92,-0.49,1163606400000.0,0.13,-6903910.0,33543528.0,0.6,2.251,80718.0,5.78,,95.66,大港股份,100.821,,580348513.0,0,13.68,深市主板
SZ000980,,0.0,25.2668,11,-4.42,False,0.01,55.828,5042485839.0,2.16,7.52,35.0557,-38.81,10891769412.0,1790697600000.0,10891903116.0,,100.0,-98.43371247172108,-68.14,0.47,-21.5917888389212,878536472.71,-0.1,961084800000.0,-0.03,66901057.0,396624433.0,0.8,55.814,80641.0,7.87,,137.89,众泰汽车,-78.38,,5042547739.0,0,2.26,深市主板
SZ300229,,0.0,27.3702,11,-3.6,False,0.01,2.926,873030233.0,12.31,4.46,146.4441,-38.14,10747002168.0,1790697600000.0,10754273673.0,,100.0,-10.062219539679337,263.92,0.16,-30.362330776462944,152577299.7,-0.46,1308067200000.0,-0.45,-4993099.0,12234090.0,0.81,2.926,80378.0,1.4,,12.33,拓尔思,-27.655,,873620932.0,0,12.77,创业板
SZ000833,173.51296066011628,0.0,4.1042,11,3.41,False,0.01,3.72,453706652.0,19.4,4.42,37.4737,0.46,8801909049.0,1790697600000.0,16589269567.0,0.871,100.0,22.284470080597938,522.69,0.05,16.19853348382754,499300655.72,0.64,910713600000.0,1.06,9823310.0,25745979.0,1.78,3.101,80304.0,5.67,,0.0,粤桂股份,18.263,,855116988.0,0,18.76,深市主板
SZ300493,33.76906376295992,0.0,2.1224,11,-3.37,False,0.01,5.174,512112297.0,12.06,5.61,277.8909,-39.88,6176074302.0,1790697600000.0,6181003827.0,0.332,100.0,6.146153780051847,423.17,0.25,10.815593962123504,120706603.0,-0.42,1449676800000.0,0.14,-12817200.0,9905700.0,1.03,5.174,80297.0,1.93,,43.96,润欣科技,86.42,,512521047.0,0,12.48,创业板
SZ300390,,0.0,3.5319,11,2.81,False,0.01,3.055,711491404.0,50.47,6.8,,-7.58,35908971160.0,1790697600000.0,41927992270.0,,100.0,22.810893491745727,4486.93,0.14,17.50896317660533,1617199466.89,1.38,1406736000000.0,3.35,53792575.5,31933556.0,1.72,3.055,79969.0,4.49,,44.04,天华新能,15.053,,830750788.0,0,49.09,创业板
SZ002568,-1.034861197638215,0.0,6.5525,11,0.46,False,0.01,4.085,762108531.0,19.58,3.08,24.5546,-8.74,14922085037.0,1790697600000.0,20394992066.0,1.527,100.0,14.702795953265563,449.69,0.31,0.13924161604002006,267477097.15,0.09,1300982400000.0,0.7,11399647.0,13658301.0,0.71,4.085,79890.0,1.79,,29.27,百润股份,28.045,,1041623701.0,0,19.49,深市主板
SZ002020,3.547502600911745,0.0,2.4936,11,-1.1,False,0.01,1.679,723968335.0,11.7,4.9,11.6416,-36.68,8470429519.0,1790697600000.0,10074040938.0,2.855,100.0,12.591353277571415,1044.7,0.17,0.09395118958526183,257055221.17,-0.13,1089820800000.0,0.84,-22509940.0,21643417.0,1.58,1.679,79789.0,2.99,,31.74,京新药业,13.958,,861029140.0,0,11.83,深市主板
SZ000721,6.20322808569127,0.0,6.7193,11,-1.48,False,0.01,33.224,512360308.0,6.01,2.13,,-32.85,3079285451.0,1790697600000.0,3449224991.0,,100.0,-82.04329053502842,94.27,0.0,-15.416296593899425,58709348.0,-0.09,862329600000.0,-0.25,68622.0,9753000.0,0.81,33.223,79773.0,1.9,,0.0,西安饮食,-23.884,,573914308.0,0,6.1,深市主板
SZ002055,-42.516915660290586,,0.8342,11,-2.49,False,0.01,2.728,590490017.0,6.27,4.82,,-6.97,3702372407.0,,3790152407.0,,100.0,-1.8996284660722933,119.25,-0.16,-8.500971111012667,64348358.79,-0.16,1153756800000.0,-0.04,-7352693.0,10080218.0,0.69,2.728,79643.0,1.71,,138.58,ST得润,-142.628,,604490017.0,0,6.43,深市主板
SZ002362,30.240351711141145,0.0,1.9787,11,-2.03,False,0.01,4.369,207672672.0,15.45,3.68,,-28.6,3208542782.0,1790697600000.0,3776824281.0,,100.0,-23.11563394854752,-60.38,0.0,10.086394835533973,72007644.82,-0.32,1267545600000.0,-0.92,-2142609.0,4630761.0,0.78,4.369,79286.0,2.23,,95.97,汉王科技,-16.756,,244454646.0,0,15.77,深市主板
SZ300037,30.192062872766034,0.0,3.9209,11,0.5,False,0.01,4.401,546779548.0,66.85,3.56,29.1958,28.51,36552212784.0,1790697600000.0,50397315867.0,1.192,100.0,14.923815949220941,1072.6,0.0,31.278845746716712,1060286404.72,0.33,1262880000000.0,2.12,-35479366.0,15850905.0,1.43,4.5,79258.0,2.9,,44.88,新宙邦,31.552,,753886550.0,0,66.52,创业板
SZ000401,,0.0,0.432,11,-0.55,False,0.01,0.368,2631354688.0,3.64,1.64,4.0473,-15.32,9578131064.0,1790697600000.0,9668375036.0,2.747,100.0,-2.187528837035231,179.06,0.28,-10.730026511431989,33411069.85,-0.02,834681600000.0,-0.22,-3610362.0,9160556.0,0.7,0.373,78955.0,0.35,,29.18,金隅冀东,-16.524,,2656146988.0,0,3.66,深市主板
SZ002640,,0.0,1.0732,11,-5.37,False,0.01,8.546,1548261780.0,3.7,5.12,15.9065,-18.32,5728568586.0,1790697600000.0,5764752921.0,,100.0,-29.58113729835582,62.23,-0.27,-7.122509230001395,942116134.38,-0.21,1323273600000.0,-0.15,50469166.0,251380992.0,0.82,8.545,78938.0,16.24,,12.4,跨境通,-25.41,,1558041330.0,0,3.91,深市主板
SZ300007,11.833544263023477,0.0,4.0806,11,-4.68,False,0.01,3.138,286312803.0,28.7,5.71,107.1665,-46.39,8217177446.0,1790697600000.0,9397689265.0,0.174,100.0,5.694874968944497,177.28,0.03,-1.4858752347310378,191959607.57,-1.41,1256832000000.0,0.51,-14954744.0,6550548.0,0.92,3.138,78287.0,2.29,,80.41,汉威科技,56.008,,327445619.0,0,30.11,创业板
SZ300363,,0.0,3.557,11,-4.36,False,0.01,2.575,497881385.0,23.49,5.78,15.7107,1.5,11695233734.0,1790697600000.0,12765456714.0,0.383,100.0,-3.022838917128448,221.12,-0.09,0.9797732299942075,389684127.14,-1.07,1390924800000.0,-0.29,-15459409.0,16323967.0,0.76,2.575,78286.0,3.28,,44.02,博腾股份,-82.4,,543442176.0,0,24.56,创业板
SZ300212,12.245031592580101,,15.8266,11,-3.78,False,0.01,,703849729.0,7.64,6.05,129.4396,-56.22,5377411930.0,,5499978104.0,,100.0,305.7442983612598,133.33,-0.26,-27.902341897598625,63356824.0,-0.3,1304524800000.0,-3.77,-9288516.0,8090604.0,0.99,-2.429,78163.0,1.15,,-9.06,*ST易录,-2.028,,719892422.0,0,7.94,创业板
SZ000151,-20.226542220570153,,2.527,11,1.19,False,0.01,4.048,307934695.0,10.18,2.58,14.7233,-14.31,3134775195.0,,3572225991.0,,100.0,72.29000040275719,40.43,0.39,-17.57479565830429,81059444.0,0.12,968169600000.0,1.22,6328468.0,7965800.0,0.83,4.048,78126.0,2.59,,130.46,中成股份,8.328,,350906286.0,0,10.06,深市主板
SZ002235,-64.37027034709773,0.0,10.349,11,-0.4,False,0.01,5.935,553578302.0,7.5,2.79,,-27.47,4151837265.0,1790697600000.0,4346792130.0,,100.0,-2.399318987753606,108.74,0.13,6.03781255360496,100378416.0,-0.03,1210867200000.0,-0.03,-1837426.0,13317400.0,0.97,5.935,78080.0,2.41,,64.99,安妮股份,-244.1,,579572284.0,0,7.53,深市主板
SZ002011,8.39832975146404,0.0,0.9756,11,-2.46,False,0.01,1.886,1061515502.0,12.29,5.56,7.9192,-2.14,13046025520.0,1790697600000.0,13205326496.0,0.814,100.0,15.426136807408266,475.0,0.66,7.157377128331932,496857621.52,-0.31,1088956800000.0,0.94,31356186.0,40184582.0,0.94,1.886,77826.0,3.79,,22.07,盾安环境,13.082,,1074477339.0,0,12.6,深市主板
SZ002121,,0.0,1.1891,11,2.18,False,0.01,36.109,1411256349.0,4.21,3.4,,-45.32,5941389229.0,1790697600000.0,7041438060.0,,100.0,-126.72266285505769,151.7,0.24,8.45113253401304,96749981.7,0.09,1173110400000.0,-0.34,15116028.0,23012165.0,0.82,36.106,77778.0,1.63,,156.91,科陆电子,-12.456,,1672550608.0,0,4.12,深市主板
SZ002108,-3.6263472121527474,0.0,2.3039,11,2.35,False,0.01,1.415,1647998206.0,4.36,3.05,45.2473,-7.62,7185272178.0,1790697600000.0,7187888178.0,1.147,100.0,3.9990687947601447,344.17,0.23,9.43240804464569,96143709.92,0.1,1169568000000.0,0.12,24504841.0,22139412.0,1.96,1.415,77724.0,1.34,,84.06,沧州明珠,35.525,,1648598206.0,0,4.26,深市主板
SZ002019,,0.0,2.3125,11,0.21,False,0.01,1.298,842518305.0,9.44,2.23,14.9948,-20.3,7953372799.0,1790697600000.0,11482722402.0,1.059,100.0,3.444032060941151,814.91,0.21,5.717910402120374,73583659.07,0.02,1089648000000.0,0.25,875582.0,7761735.0,1.14,1.298,77561.0,0.92,,29.28,亿帆医药,37.847,,1216390085.0,0,9.42,深市主板
SZ300170,,0.0,4.3295,11,-3.44,False,0.01,2.614,994274410.0,14.61,4.49,51.5823,-22.73,14526349130.0,1790697600000.0,15200531978.0,0.103,100.0,4.210704768649043,306.09,0.0,6.728499028030854,461630959.43,-0.52,1296489600000.0,0.23,-33647429.0,31153065.0,0.83,2.613,77344.0,3.13,,-3.59,汉得信息,64.421,,1040419711.0,0,15.13,创业板
SZ002373,,0.0,1.3853,11,-2.31,False,0.01,0.993,1377594126.0,7.18,3.54,17.812,-38.68,9891125825.0,1790697600000.0,11345751384.0,0.724,100.0,0.6827274311025632,-40.44,0.0,1.4994874120836554,98406348.7,-0.17,1268841600000.0,0.05,-18751895.0,13560415.0,1.31,0.993,77146.0,0.98,,71.18,千方科技,145.709,,1580188215.0,0,7.35,深市主板
SZ002703,37.62424943699576,0.0,3.5251,11,2.56,False,0.01,6.062,586048074.0,16.05,7.28,37.649,-21.81,9406071588.0,1790697600000.0,13203249763.0,0.374,100.0,9.181910261256398,164.39,0.56,30.100785758856063,701463701.42,0.4,1351785600000.0,0.23,9885235.0,44515309.0,1.25,6.062,77030.0,7.6,,626.74,浙江世宝,69.055,,822632384.0,0,15.65,深市主板
SZ002268,-45.401695728635495,0.0,5.4313,11,-2.83,False,0.01,2.236,845109308.0,14.44,3.36,,-29.56,12203378408.0,1790697600000.0,12210985039.0,0.173,100.0,1.1082338140736938,368.28,0.07,-10.860964053667232,181272277.5,-0.42,1218384000000.0,0.07,-12273222.0,12415558.0,0.85,2.236,77026.0,1.47,,116.17,电科网安,202.497,,845636083.0,0,14.86,深市主板
SZ002498,-7.424528774300942,0.0,1.7623,11,0.16,False,0.01,2.305,3326796000.0,6.12,2.13,106.9227,60.68,20359991520.0,1790697600000.0,20359991520.0,0.654,100.0,6.737233330146301,28.16,0.33,10.42676853723885,174733244.33,0.01,1289232000000.0,0.17,-4968615.0,28488884.0,0.75,2.305,76737.0,0.86,,22.78,汉缆股份,35.147,,3326796000.0,0,6.11,深市主板
SZ002797,53.33292027380552,0.0,6.3175,11,-1.14,False,0.01,1.471,4202400000.0,6.05,1.96,6.7587,-10.82,25424520000.0,1790697600000.0,25424520000.0,1.355,100.0,6.087286613770261,-19.13,0.17,20.615666387937704,178906574.96,-0.07,1462896000000.0,0.25,-18614173.0,29363424.0,1.06,1.471,76524.0,0.7,,43.98,第一创业,24.359,,4202400000.0,0,6.12,深市主板
SZ002075,1.5469821538883766,0.0,0.5944,11,0.0,False,0.01,1.161,2193821920.0,3.52,3.41,22.67,-38.37,7722253158.0,1790697600000.0,7722265566.0,1.42,100.0,3.7836365341419027,43.14,0.28,-6.238730907136059,86175282.86,0.0,1161705600000.0,0.11,-7548770.0,24357529.0,1.22,1.161,76336.0,1.11,,93.41,沙钢股份,31.022,,2193825445.0,0,3.52,深市主板
SZ002364,54.91936875135834,0.0,7.0251,11,-2.71,False,0.01,7.121,558156935.0,31.27,5.76,557.0306,18.49,17453567357.0,1790697600000.0,17622676299.0,0.32,100.0,5.497634116498186,401.34,0.16,24.860303275299,429804608.0,-0.87,1267718400000.0,0.24,-3320101.0,13558485.0,0.97,7.121,76306.0,2.43,,116.55,中恒电气,131.631,,563564960.0,0,32.14,深市主板
SZ000628,-39.954299964386664,0.0,4.3864,11,-5.1,False,0.01,8.149,192238585.0,51.33,6.43,22.1264,15.43,9867606568.0,1790697600000.0,18082532400.0,0.195,100.0,4.1361466205088435,621.47,0.1,-25.834469455884335,429541588.55,-2.76,848246400000.0,0.26,14122319.0,8223187.0,1.28,8.149,76174.0,4.28,,113.22,高新发展,199.041,,352280000.0,0,54.09,深市主板
SZ002033,9.655670076465771,0.0,4.9726,11,-0.61,False,0.01,1.794,549480181.0,8.16,1.1,11.017,-7.22,4483758277.0,1790697600000.0,4483844202.0,4.289,100.0,10.191614674321123,428.26,0.12,6.112368586010453,71715008.76,-0.05,1093363200000.0,0.46,-982344.0,8769128.0,0.95,1.794,75994.0,1.6,,50.0,丽江股份,17.813,,549490711.0,0,8.21,深市主板
SZ002306,10.157190695716189,,4.928,11,-3.32,False,0.01,30.83,812688543.0,2.04,6.64,,2.51,1657884628.0,,1774315500.0,,100.0,-463.1003247344234,-67.99,0.99,34.50871742476727,17279435.0,-0.07,1257868800000.0,-0.07,-3271606.0,8261600.0,0.91,30.816,75856.0,1.02,,41.32,ST云网,-28.887,,869762500.0,0,2.11,深市主板
SZ300009,-7.680800674870769,0.0,5.7093,11,-2.67,False,0.01,3.287,1230879578.0,8.38,5.46,17.0885,-9.69,10314770864.0,1790697600000.0,14000471933.0,2.983,100.0,17.0352395315354,369.28,0.12,-7.766111163686739,293644981.41,-0.23,1256832000000.0,0.42,-37862025.0,34652139.0,1.17,3.287,75626.0,2.82,,194.59,安科生物,19.972,,1670700708.0,0,8.61,创业板
SZ300618,12.582780491123756,0.0,1.2765,11,0.33,False,0.01,1.705,272496658.0,30.64,2.42,,-31.93,8349297601.0,1790697600000.0,9489118868.0,0.555,100.0,4.0870353580680225,380.79,0.2,19.908026380187582,92493721.04,0.1,1488729600000.0,0.73,-5071938.0,3008414.0,1.23,1.705,75549.0,1.1,,44.02,寒锐钴业,42.007,,309697091.0,0,30.54,创业板
SZ002642,,0.0,2.2989,11,-1.16,False,0.01,3.796,661580313.0,6.84,3.03,,-17.29,4525209341.0,1790697600000.0,4525209341.0,,100.0,1.4408100950202098,5.59,0.15,-5.510137958160788,45995130.0,-0.08,1324310400000.0,0.03,-9582609.0,6687100.0,0.62,3.796,75526.0,1.01,,15.88,荣联科技,265.101,,661580313.0,0,6.92,深市主板
SZ300468,9.037616393680414,0.0,15.6037,11,-2.97,False,0.01,6.419,530001290.0,19.9,4.78,71.925,-48.65,10547025671.0,1790697600000.0,10559920573.0,0.302,100.0,4.078227652039125,302.13,0.2,-0.2505876075653779,339877126.01,-0.61,1432656000000.0,0.13,8008090.0,16878477.0,0.94,6.419,75391.0,3.18,,43.98,四方精创,158.367,,530649275.0,0,20.51,创业板
SZ300568,-49.583538963082354,0.0,4.7872,11,-0.76,False,0.01,2.145,1208744694.0,15.62,3.68,38.4544,2.49,18880592120.0,1790697600000.0,23358446951.0,0.058,100.0,1.349783402345017,341.52,0.26,24.13697579512284,749817157.03,-0.12,1480521600000.0,0.09,-20817503.0,47538104.0,0.69,2.145,75323.0,3.93,,44.02,星源材质,166.967,,1495419139.0,0,15.74,创业板
SZ002349,-2.6553831768468927,0.0,4.886,11,1.99,False,0.01,2.563,814180908.0,8.72,8.89,22.3304,21.67,7099657518.0,1790697600000.0,7247438846.0,1.032,100.0,8.199994035191917,207.51,0.11,-0.1144118007266437,820208407.58,0.17,1265126400000.0,0.27,31342795.0,93045921.0,1.5,2.563,75235.0,11.43,,27.02,精华制药,32.244,,831128308.0,0,8.55,深市主板
SZ002169,-11.785869522481551,0.0,2.1821,11,-0.24,False,0.01,3.461,760923967.0,12.4,6.44,,7.74,9435457191.0,1790697600000.0,9705530766.0,0.645,100.0,8.616715290630928,155.68,-0.16,24.506611983926476,261860314.46,-0.03,1190131200000.0,0.3,10314951.0,20738406.0,0.78,3.461,75077.0,2.73,,255.64,智光电气,41.388,,782704094.0,0,12.43,深市主板
SZ300475,221.62588668893642,0.0,0.869,11,-5.39,False,0.01,9.535,448497141.0,144.98,6.88,8.8777,0.48,65023115502.0,1790697600000.0,68074165380.0,0.057,100.0,77.96140565902672,2777.73,0.09,122.39573434210445,2436880168.25,-8.26,1433865600000.0,8.58,-26445738.099999994,16481203.0,0.98,9.535,75004.0,3.67,,43.98,香农芯创,16.899,,469541767.0,0,153.24,创业板
SZ002307,,0.0,0.4449,11,-1.35,False,0.01,1.186,1629123037.0,2.93,2.36,,-41.98,4773330498.0,1790697600000.0,4830922634.0,,100.0,-5.667918394269666,-21.93,0.0,6.563317748428288,51822602.0,-0.04,1257868800000.0,-0.17,-15700205.0,17591660.0,0.86,1.186,74937.0,1.08,,88.58,北新路桥,-17.335,,1648779056.0,0,2.97,深市主板
SZ000650,-11.34473856858682,0.0,1.997,11,-0.57,False,0.01,1.12,1331385834.0,5.21,2.29,9.6952,-5.28,6936520195.0,1790697600000.0,7293678199.0,2.879,100.0,6.178682203699295,517.37,0.0,-9.387425390037318,77337552.94,-0.03,850147200000.0,0.28,-5045102.0,14741945.0,1.13,1.12,74907.0,1.11,,256.23,仁和药业,18.478,,1399938234.0,0,5.24,深市主板
SZ000800,141.09578073796234,0.0,0.3955,11,-1.36,False,0.01,1.082,4920635033.0,5.8,2.04,18.6886,-13.83,28539683191.0,1790697600000.0,28543429655.0,0.776,100.0,3.8507044189736863,0.38,0.17,9.245695218324478,70075833.47,-0.08,866563200000.0,0.21,-10916358.0,12023040.0,1.18,1.082,74704.0,0.24,,127.79,一汽解放,28.223,,4921280975.0,0,5.88,深市主板
SZ300199,,0.0,18.9803,11,-0.71,False,0.01,24.672,744718959.0,23.75,3.89,54.8822,32.68,17687075276.0,1790697600000.0,20976981730.0,,100.0,16.2389416764708,553.03,0.13,41.04993034842628,1280273531.92,-0.17,1302105600000.0,0.14,-40820419.0,53998612.0,1.15,24.673,74642.0,7.25,,-2.95,翰宇药业,164.137,,883241336.0,0,23.92,创业板
SZ000032,,0.0,0.3143,11,-1.22,False,0.01,2.17,1215179311.0,12.93,4.66,5.9098,-33.07,15712268491.0,1790697600000.0,15712268491.0,0.193,100.0,-3.5270475332583153,485.52,0.23,-3.2898247750229537,367691976.34,-0.16,751737600000.0,-0.2,-20788072.0,28105647.0,1.25,2.17,74586.0,2.31,,188.69,深桑达A,-66.023,,1215179311.0,0,13.09,深市主板
SZ300763,-12.496969899780963,0.0,3.0058,11,0.72,False,0.01,2.264,321594784.0,53.34,4.38,9.9166,-25.18,17153865779.0,1790697600000.0,21159539225.0,0.375,100.0,6.179482532950384,661.23,0.24,5.249424856560236,540172709.89,0.38,1552924800000.0,1.42,19367370.0,10188013.0,1.49,2.264,74551.0,3.17,,43.99,锦浪科技,37.509,,396691774.0,0,52.96,创业板
SZ000564,48.976638758858584,0.0,13.9995,11,-2.04,False,0.01,1.813,15094879525.0,1.44,3.4,,-42.4,21736626516.0,1790697600000.0,26003611230.0,,100.0,-11.09915967159522,25.83,0.0,9.087899586393355,245166325.3,-0.03,758131200000.0,-0.09,-45572344.44,167978429.0,1.04,1.813,74021.0,1.11,,340.0,供销大集,-15.758,,18058063354.0,0,1.47,深市主板
SZ300204,-33.73665429810033,0.0,58.4837,11,-0.88,False,0.01,13.588,453664501.0,20.26,3.77,,-25.84,9191242790.0,1790697600000.0,10967636430.0,,100.0,-9.694918715542263,223.71,0.1,-23.52260587961885,293840900.99,-0.18,1302796800000.0,-0.17,-7634215.0,14446018.0,0.9,5.389,73901.0,3.18,,-5.01,舒泰神,-122.005,,541344345.0,0,20.44,创业板
SZ002444,14.996320567511233,0.0,2.0881,11,-0.26,False,0.01,1.661,1147158478.0,26.77,2.87,14.6886,-20.25,30709432456.0,1790697600000.0,31976180932.0,2.615,100.0,13.602317128003612,354.53,-0.19,13.584381864758965,134315553.27,-0.07,1278950400000.0,2.13,-3106828.0,4974106.0,0.69,1.661,73853.0,0.43,,-5.34,巨星科技,12.581,,1194478182.0,0,26.84,深市主板
SZ301236,-10.516912740068317,0.0,0.9548,11,-0.74,False,0.01,2.765,867957357.0,34.97,2.04,,-26.18,30352468774.0,1790697600000.0,36200569122.0,0.143,100.0,0.7236025598461119,36.13,-0.09,33.01459038948349,336896415.1,-0.26,1647273600000.0,0.08,-19930925.0,9555457.0,0.88,2.765,73777.0,1.1,,-16.85,软通动力,430.696,,1035189280.0,0,35.23,创业板
SZ000948,,0.0,0.5259,11,-1.14,False,0.01,1.852,389093561.0,12.99,2.28,101.6465,-27.45,5054325357.0,1790697600000.0,5064655174.0,0.231,100.0,2.01831804223108,44.02,-0.08,0.1787737506786513,37511010.0,-0.15,939830400000.0,0.14,-1414903.0,2876700.0,0.61,1.852,73756.0,0.74,,201.23,南天信息,92.518,,389888774.0,0,13.14,深市主板
SZ300166,-17.017910836588868,0.0,4.6162,11,-1.58,False,0.01,2.258,931399197.0,11.21,4.04,24.3682,9.69,10440984998.0,1790697600000.0,12765339835.0,,100.0,-3.7843962725773785,295.32,0.27,8.525133013960073,224258063.74,-0.18,1295884800000.0,-0.19,4355924.0,19791949.0,0.55,2.257,73519.0,2.12,,-13.39,东方国信,-58.058,,1138745748.0,0,11.39,创业板
SZ002792,,0.0,13.0241,11,0.07,False,0.01,5.389,338994429.0,28.84,7.22,2354.5027,-32.41,9776599332.0,1790697600000.0,15107431105.0,0.087,100.0,-0.10695389643182189,194.37,0.03,-2.104705217317626,656430176.66,0.02,1459094400000.0,-0.01,10870440.0,22267642.0,1.01,5.389,73504.0,6.57,,43.98,通宇通讯,-5051.804,,523836030.0,0,28.82,深市主板
SZ002635,-1.404389024701358,0.0,1.8147,11,-2.76,False,0.01,1.544,395533109.0,13.73,6.02,13.1812,-0.03,5430669587.0,1790697600000.0,9057499434.0,1.092,100.0,3.6677545190397365,154.09,0.0,5.308720465754591,373710128.34,-0.39,1322150400000.0,0.32,1454232.0,26741046.0,0.63,1.544,73470.0,6.76,,23.91,安洁科技,42.451,,659686776.0,0,14.12,深市主板
SZ000713,22.266453861387614,,1.6925,11,-0.79,False,0.01,1.613,614014980.0,6.25,4.92,16.6303,-5.05,3837593625.0,,4988871713.0,0.48,100.0,2.4831353523418462,129.62,-0.16,-1.0599612588107266,128296166.07,-0.05,861638400000.0,0.08,357677.0,20290383.0,1.04,1.613,73393.0,3.3,,179.26,国投丰乐,79.383,,798219474.0,0,6.3,深市主板
SZ002654,11.286492252175773,0.0,1.8454,11,-3.27,False,0.01,6.317,845242544.0,11.84,5.56,61.5836,-15.76,10007671721.0,1790697600000.0,10008382121.0,0.152,100.0,2.980337438989412,328.66,-0.25,7.4988662090376135,320192427.3,-0.4,1329408000000.0,0.06,-2719148.0,26561210.0,0.98,6.317,73300.0,3.14,,36.83,万润科技,214.09,,845302544.0,0,12.24,深市主板
SZ002413,-56.00240436042161,0.0,7.623,11,-0.93,False,0.01,3.421,1295430497.0,8.53,7.43,51.897,-32.03,11050022139.0,1790697600000.0,11253976384.0,,100.0,-1.8901602494450516,85.25,0.0,5.937018136186767,1031985522.44,-0.08,1274976000000.0,-0.05,-53257457.0,118503106.0,0.65,3.421,73209.0,9.15,,15.89,雷科防务,-178.015,,1319340725.0,0,8.61,深市主板
SZ000501,-11.85722767646662,0.0,0.8998,11,-0.84,False,0.01,0.495,768293891.0,7.08,1.82,4.1703,-29.14,5439520748.0,1790697600000.0,5444468535.0,1.384,100.0,1.3287683699125374,426.71,-0.14,-5.667769464757155,26497537.48,-0.06,722188800000.0,0.19,-958196.0,3729193.0,0.76,0.495,73205.0,0.49,,188.57,武商集团,37.212,,768992731.0,0,7.14,深市主板
SZ002366,,0.0,12.7133,11,3.46,False,0.01,2.557,1850417900.0,5.68,6.92,155.9486,-24.37,10510373672.0,1790697600000.0,11819725795.0,,100.0,-1.5834063550623692,-48.86,0.35,9.214810162372778,220237119.03,0.19,1268323200000.0,-0.04,24248709.0,38610592.0,2.4,2.557,72948.0,2.09,,85.47,融发核电,-161.751,,2080937640.0,0,5.49,深市主板
SZ300182,-22.40379314819062,0.0,5.8527,11,-4.57,False,0.01,1.561,2414604193.0,5.01,3.81,12.4727,-9.1,12097167007.0,1790697600000.0,13345766416.0,0.14,100.0,2.432269201750465,138.46,0.0,-11.51684187076093,637840043.73,-0.24,1298304000000.0,0.08,-65336825.0,125329615.0,1.11,1.553,72943.0,5.19,,22.18,捷成股份,64.925,,2663825632.0,0,5.25,创业板
SZ300623,37.924921829875366,0.0,6.5099,11,-3.04,False,0.01,4.202,767658190.0,30.95,6.39,28.2843,14.33,23759020981.0,1790697600000.0,26088371493.0,0.478,100.0,8.7879479919168,572.88,0.29,29.880782701218234,529993834.08,-0.97,1489420800000.0,0.63,19850788.0,17129908.0,1.01,4.148,72762.0,2.23,,44.01,捷捷微电,49.45,,842919919.0,0,31.92,创业板
SZ002468,109.32151369218434,0.0,0.3608,11,1.78,False,0.01,1.935,1476289631.0,14.86,2.81,4.4406,11.53,21937663917.0,1790697600000.0,22747720187.0,0.673,100.0,17.956672682468447,12.81,0.07,20.816974555192203,229597868.64,0.26,1283875200000.0,1.27,-10790061.0,15502884.0,1.58,1.935,72617.0,1.05,,235.04,申通快递,11.664,,1530802166.0,0,14.6,深市主板
SZ002527,-55.54650560912554,0.0,1.8148,11,-2.27,False,0.01,5.561,558683731.0,10.35,4.91,171.9941,-41.66,5782376616.0,1790697600000.0,6862684362.0,,100.0,-0.6144803961894846,25.79,0.1,6.267271624331605,51207456.91,-0.24,1293120000000.0,-0.01,-4401534.0,4878654.0,0.99,5.561,72398.0,0.87,,53.19,新时达,-898.867,,663061291.0,0,10.59,深市主板
SZ002707,-45.031860696169524,0.0,0.7136,11,-2.58,False,0.01,5.189,865278032.0,4.9,3.18,34.8507,-31.85,4239862357.0,1790697600000.0,4815303662.0,,100.0,-0.29240825831501266,114.55,0.0,26.295664621238068,66691484.0,-0.13,1390406400000.0,0.0,1927228.0,13475400.0,1.02,5.189,72342.0,1.56,,45.23,众信旅游,-1800.813,,982715033.0,0,5.03,深市主板
SZ300319,5.813980354288373,0.0,3.9131,11,-2.98,False,0.01,3.154,851270220.0,17.56,8.4,19.3835,50.91,14948305063.0,1790697600000.0,15586050969.0,0.609,100.0,6.650467395217112,767.55,0.11,11.604205891488363,1055190256.69,-0.54,1337702400000.0,0.36,-1876145.0,58566098.0,0.77,3.154,72325.0,6.88,,7.19,麦捷科技,49.013,,887588324.0,0,18.1,创业板
SZ300177,-0.3472273031583706,0.0,5.0519,11,-1.67,False,0.01,3.516,606303251.0,5.9,4.0,25.0452,-42.88,3577189181.0,1790697600000.0,4390597489.0,,100.0,-18.136468636270532,17.01,0.34,-15.408965388019624,44858776.0,-0.1,1297699200000.0,-0.34,-5312023.0,7542300.0,1.02,3.516,72268.0,1.24,,24.0,中海达,-17.411,,744169066.0,0,6.0,创业板
SZ000555,-7.178587241617828,0.0,0.7456,11,-2.38,False,0.01,1.753,974916887.0,9.83,3.28,7.7155,-40.56,9583432999.0,1790697600000.0,9591862716.0,0.102,100.0,-2.359243052003866,377.69,-0.1,0.6064314438489316,116584398.12,-0.24,765734400000.0,-0.13,-8745788.0,11748656.0,0.35,1.753,72207.0,1.21,,106.67,神州信息,-73.718,,975774437.0,0,10.07,深市主板
SZ300783,8.347232999548071,0.0,0.6722,11,0.48,False,0.01,2.161,280282400.0,16.72,1.8,11.9095,-27.29,4686321728.0,1790697600000.0,6716196608.0,0.694,100.0,8.792361802669149,-0.14,0.3,11.346938464703381,73940961.56,0.08,1562860800000.0,0.66,-1096624.0,4426500.0,1.12,2.161,72034.0,1.58,,44.01,三只松鼠,25.25,,401686400.0,0,16.64,创业板
SZ002733,-32.58071809038982,0.0,1.9636,11,10.02,False,0.01,2.698,368862759.0,18.89,9.84,17.1422,-3.18,6967817518.0,1790697600000.0,7257819707.0,0.778,100.0,1.3903586982837826,193.55,0.0,3.143925655569779,304284347.51,1.72,1417536000000.0,0.1,8894485.0,16285069.0,1.8,2.698,72008.0,4.41,,44.0,雄韬股份,192.544,,384214913.0,1,17.17,深市主板
SZ000672,67.9070123650659,0.0,3.3826,11,0.13,False,0.01,1.447,969395450.0,14.86,5.19,17.1329,18.7,14405216387.0,1790697600000.0,14405216387.0,4.213,100.0,18.918980284720934,1219.13,0.75,-15.963331489514198,297205621.42,0.02,850838400000.0,1.81,5620009.0,19822811.0,1.2,1.447,71975.0,2.04,,1120.0,上峰材料,8.209,,969395450.0,0,14.84,深市主板
SZ002457,77.69256220597526,,1.4469,11,1.5,False,0.01,1.519,333486800.0,11.48,4.16,8.798,5.98,3828428464.0,,3828428464.0,1.376,100.0,5.265400185597921,5.5,0.17,9.126112892417693,230763729.19,0.17,1280764800000.0,0.39,15767199.0,20056983.0,1.35,1.519,71670.0,6.01,,29.2,青龙管业,29.301,,333486800.0,0,11.31,深市主板
SZ002922,0.7524982623752452,0.0,1.6254,11,-1.68,False,0.01,2.371,382124876.0,21.08,4.76,16.8915,-30.61,8055192386.0,1790697600000.0,8908048038.0,1.414,100.0,5.888453031516169,146.81,0.29,16.40791065481091,178466324.29,-0.36,1514476800000.0,0.49,-6924159.0,8376326.0,0.84,2.371,71618.0,2.19,,44.0,伊戈尔,42.937,,422582924.0,0,21.44,深市主板
SZ002041,-20.34991689114436,0.0,7.42,11,-0.98,False,0.01,2.403,880000000.0,10.13,5.96,33.8406,6.18,8914400000.0,1790697600000.0,8914400000.0,,100.0,2.899870914497929,502.4,0.4,-3.4019504503283504,480080174.43,-0.1,1113753600000.0,0.12,27451159.0,46841917.0,1.93,2.403,71307.0,5.32,,43.17,登海种业,84.053,,880000000.0,0,10.23,深市主板
SZ000089,46.188202871828125,0.0,2.593,11,-0.15,False,0.01,1.138,2050769509.0,6.68,1.94,7.3468,-1.95,13699140320.0,1790697600000.0,13699140320.0,2.395,100.0,8.098455643642232,396.58,0.0,9.327066633587844,133256243.72,-0.01,893001600000.0,0.46,6312219.0,19895595.0,1.55,1.138,71081.0,0.97,,0.0,深圳机场,14.424,,2050769509.0,0,6.69,深市主板
SZ000796,-72.45760588838345,0.0,5.9994,11,-2.56,False,0.01,6.214,1330768828.0,3.43,3.69,,-52.36,4564537080.0,1790697600000.0,5500995982.0,,100.0,4.81848785112566,24.8,0.0,23.475243902626588,98244377.54,-0.09,867859200000.0,0.03,-3887597.0,28334299.0,0.79,6.214,71044.0,2.13,,0.0,凯撒旅业,133.267,,1603788916.0,0,3.52,深市主板
SZ300075,,0.0,10.5276,11,-2.19,False,0.01,2.015,524678331.0,10.26,3.34,76.1985,-33.12,5383199676.0,1790697600000.0,6372795421.0,,100.0,-10.973098684517376,16.11,0.0,-20.546090267097185,108040028.81,-0.23,1272297600000.0,-0.59,-11064770.0,10427732.0,0.82,2.015,71034.0,1.99,,25.93,数字政通,-17.418,,621130158.0,0,10.49,创业板
SZ000810,-3.3244541647034387,0.0,1.0207,11,-1.65,False,0.01,1.565,1118158025.0,8.95,4.07,,-23.46,10007514324.0,1790697600000.0,10294250432.0,0.894,100.0,4.457618185709535,228.8,0.0,2.825796190093799,121706050.44,-0.15,896716800000.0,0.25,-14918684.0,13451759.0,1.16,1.565,71029.0,1.2,,0.0,创维数字,35.7,,1150195579.0,0,9.1,深市主板
SZ002338,22.029524148071246,0.0,10.8141,11,-5.65,False,0.01,4.914,240000000.0,39.54,8.11,213.5955,-32.2,9489600000.0,1790697600000.0,9489600000.0,0.177,100.0,6.695355939969039,151.78,0.33,7.9313808430195865,228033766.35,-2.37,1263484800000.0,0.46,-27204721.0,5651500.0,0.87,4.914,70633.0,2.35,,136.36,奥普光电,86.284,,240000000.0,0,41.91,深市主板
SZ000751,-7.595100489759565,0.0,0.3593,11,-0.46,False,0.01,1.924,1615630070.0,4.37,2.28,50.4411,7.05,7060303406.0,1790697600000.0,7060305700.0,0.229,100.0,1.925219266385773,31.34,0.23,10.019361076054611,63415859.72,-0.02,867254400000.0,0.04,-5249755.0,14459562.0,0.86,1.924,70628.0,0.89,,0.0,锌业股份,100.671,,1615630595.0,0,4.39,深市主板
SZ002716,,0.0,1.4595,11,-1.94,False,0.01,5.972,2322475674.0,8.6,3.19,,24.28,19973290796.0,1790697600000.0,24278562356.0,,100.0,12.013558832894432,90.62,0.12,67.05887568588189,592517857.87,-0.17,1390838400000.0,0.16,33738084.0,68523324.0,0.71,5.971,70515.0,2.95,,44.04,湖南白银,54.42,,2823088646.0,0,8.77,深市主板
SZ002458,148.1782495593824,0.0,3.4318,11,-1.36,False,0.01,2.462,972384756.0,7.98,2.47,12.981,25.18,7759630353.0,1790697600000.0,11420920451.0,1.855,100.0,10.451331886182412,154.49,0.25,5.548610414096977,157791034.58,-0.11,1281369600000.0,0.33,-19636287.0,19647865.0,1.01,2.462,70413.0,2.02,,50.25,益生股份,24.464,,1431193039.0,0,8.09,深市主板
SZ300655,92.20107477355006,0.0,7.4418,11,-3.98,False,0.01,5.111,1121492066.0,11.83,7.06,55.4938,-22.93,13267251141.0,1790697600000.0,13327991152.0,0.101,100.0,4.913403542790313,1260.55,0.25,15.257790837087137,358750036.31,-0.49,1495468800000.0,0.11,-33179837.0,29680386.0,1.02,5.111,70408.0,2.65,,43.93,晶瑞电材,103.516,,1126626471.0,0,12.32,创业板
SZ002269,222.21616827997553,0.0,8.0575,11,-0.72,False,0.01,19.9,2343729075.0,1.38,4.32,,-26.98,3234346123.0,1790697600000.0,3467250000.0,,100.0,-129.14911736234887,-79.35,0.73,-32.83854100348855,51717779.0,-0.01,1219852800000.0,-0.12,-4352148.0,37304360.0,0.84,19.913,70375.0,1.59,,36.13,美邦服饰,-11.495,,2512500000.0,0,1.39,深市主板
SZ300342,-18.360960515155455,0.0,15.1801,11,2.21,False,0.01,8.123,420356988.0,30.06,5.85,176.4075,-9.24,12635931059.0,1790697600000.0,12776555497.0,0.067,100.0,1.2642792518992159,759.62,0.3,-5.994698182120917,446109635.57,0.65,1343232000000.0,0.05,45100118.0,14674600.0,1.06,8.123,70285.0,3.49,,-6.35,天银机电,644.866,,425035113.0,0,29.41,创业板
SZ002351,2.726340645197123,0.0,3.183,11,-1.32,False,0.01,2.88,527441600.0,9.71,2.85,20.5339,-18.03,5121457936.0,1790697600000.0,8633228970.0,2.049,100.0,15.31511268453563,123.86,0.1,-0.8965849991877661,55953408.35,-0.13,1265299200000.0,0.5,-6521939.0,5741051.0,1.25,2.88,70083.0,1.09,,0.51,漫步者,19.529,,889107000.0,0,9.84,深市主板
SZ002387,-2.8562240512921666,0.0,1.1607,11,-0.45,False,0.01,5.286,1394996343.0,6.67,6.87,3.6477,-22.62,9304625608.0,1790697600000.0,9316629607.0,,100.0,-91.04596512623668,-60.45,0.0,10.115781907661292,97657488.45,-0.03,1271088000000.0,-2.04,-7298235.0,14341115.0,1.64,5.286,70073.0,1.03,,114.59,维信诺,-3.274,,1396796043.0,0,6.7,深市主板
SZ300657,,0.0,2.1245,11,-3.77,False,0.01,9.787,478110917.0,31.18,6.42,,12.73,14907498392.0,1790697600000.0,15285308759.0,,100.0,15.63650641029044,1057.69,0.39,26.647378039483492,441363702.03,-1.22,1495468800000.0,0.44,-22773125.0,13900673.0,0.72,8.579,70070.0,2.91,,44.02,弘信电子,70.376,,490227991.0,0,32.4,创业板
SZ000615,46.811932339311404,,7.3399,11,-2.44,False,0.01,3.477,925268455.0,3.2,3.05,166.3945,-8.31,2960859056.0,,5719976618.0,,100.0,-82.02039464016318,85.97,0.0,-24.871592183684633,18166268.8,-0.08,845395200000.0,-0.33,-1351672.0,5610560.0,1.4,3.477,69956.0,0.61,,117.95,*ST美谷,-9.794,,1787492693.0,0,3.28,深市主板
SZ002342,,0.0,2.9652,11,2.55,False,0.01,3.327,954690000.0,8.46,7.03,147.3619,-7.99,8076677400.0,1790697600000.0,8121600000.0,0.071,100.0,0.4875161303188139,-20.22,0.24,8.222783103708743,1440522574.17,0.21,1264435200000.0,0.01,15022889.0,167981799.0,1.12,3.327,69934.0,17.6,,8.25,巨力索具,683.312,,960000000.0,0,8.25,深市主板
SZ002573,,0.0,0.5078,11,-0.32,False,0.01,0.803,1412690868.0,3.13,1.91,2.8615,-16.31,4421722417.0,1790697600000.0,4429785957.0,,100.0,-6.787696016805564,-33.4,0.0,-1.4456460326641274,31598235.0,-0.01,1303401600000.0,-0.27,-34819.0,10045200.0,1.04,0.803,69904.0,0.71,,-8.29,清新环境,-11.397,,1415267079.0,0,3.14,深市主板
SZ002015,-22.64268122381099,0.0,2.4052,11,-0.48,False,0.01,1.904,1623324614.0,14.51,2.4,6.5685,46.58,23554440149.0,1790697600000.0,23554440149.0,0.669,100.0,3.5379319863166723,503.3,0.07,-3.4870027621518362,425634126.14,-0.07,1089216000000.0,0.27,-9344176.0,29239175.0,0.7,1.904,69836.0,1.8,,143.05,协鑫能科,54.412,,1623324614.0,0,14.58,深市主板
SZ002440,294.1375717101952,0.0,2.2228,11,-1.43,False,0.01,1.416,946355003.0,13.07,5.66,17.376,78.33,12368859889.0,1790697600000.0,14690678758.0,1.507,100.0,11.617468330054388,178.69,0.46,10.750318720749874,468858859.64,-0.19,1278345600000.0,1.02,-6161107.0,35540091.0,0.92,1.416,69809.0,3.76,,-5.13,闰土股份,12.814,,1123999905.0,0,13.26,深市主板
SZ300083,-1.6617694960548324,0.0,3.1335,11,-2.52,False,0.01,3.422,1492642589.0,11.21,7.48,,21.72,16732523423.0,1790697600000.0,19062602063.0,,100.0,3.8845697758674476,174.98,0.18,25.543548838926043,568767539.57,-0.29,1274284800000.0,0.12,21658806.0,49476500.0,1.46,3.233,69808.0,3.31,,-5.67,创世纪,90.284,,1700499738.0,0,11.5,创业板
SZ002181,,0.0,16.7924,11,-2.95,False,0.01,2.402,1134537104.0,8.54,4.43,146.3028,-0.29,9688946868.0,1790697600000.0,9915436806.0,0.738,100.0,-1.113254110992988,-8.99,0.12,1.6226082866814817,318138040.39,-0.26,1195142400000.0,-0.04,14791079.0,36892350.0,0.41,2.402,69781.0,3.25,,207.08,粤传媒,-212.706,,1161058174.0,0,8.8,深市主板
SZ002524,,,2.4932,11,-1.69,False,0.01,18.596,509278574.0,4.06,4.12,16.5817,-1.46,2067671010.0,,2092246190.0,,100.0,-2.7453444424337685,-45.25,0.25,-9.687099999719406,63623130.0,-0.07,1292515200000.0,-0.01,412551.0,15535300.0,0.84,18.598,69747.0,3.05,,161.53,光正眼科,-666.214,,515331574.0,0,4.13,深市主板
SZ300261,229.08967088420601,0.0,3.7607,11,-1.42,False,0.01,2.747,942830489.0,4.85,2.85,21.7933,-27.93,4572727872.0,1790697600000.0,4672050934.0,,100.0,-16.72148647132985,62.59,0.21,-2.6705842703156013,39052251.0,-0.07,1315238400000.0,-0.32,4091843.0,7979700.0,0.91,2.746,69710.0,0.85,,22.05,雅本化学,-15.06,,963309471.0,0,4.92,创业板
SZ002334,-60.851121818905675,0.0,1.1302,11,-0.47,False,0.01,1.704,735012094.0,6.36,2.35,59.1189,-29.04,4674676918.0,1790697600000.0,5215572696.0,0.943,100.0,3.265064571531969,19.76,0.0,1.380803384932161,44813075.96,-0.03,1263312000000.0,0.12,-2175987.0,6996288.0,0.79,1.709,69392.0,0.95,,43.4,英威腾,52.922,,820058600.0,0,6.39,深市主板
SZ002251,,0.0,2.0837,11,-0.58,False,0.01,1.082,2222472119.0,3.43,2.9,10.9937,-35.4,7623079368.0,1790697600000.0,9222239933.0,,100.0,0.6641403853730464,-59.54,0.0,14.291741084298181,181005371.52,-0.02,1213804800000.0,0.02,-53835.0,52432764.0,0.89,1.082,69316.0,2.36,,62.19,步步高,166.505,,2688699689.0,0,3.45,深市主板
SZ000826,10.581244997854089,,0.5591,11,-0.58,False,0.01,,1425153384.0,1.71,2.91,3.3864,-22.97,2437012287.0,,2437354054.0,,100.0,642.4792756308516,12.29,-0.58,-9.22858657045753,16028052.0,-0.01,888336000000.0,-2.01,-1282398.0,9283900.0,0.51,-0.907,69315.0,0.65,,0.0,*ST启环,-0.849,,1425353248.0,0,1.72,深市主板
SZ002537,83.97034297943493,0.0,1.0355,11,-1.59,False,0.01,1.459,1170512095.0,5.57,2.83,9.7248,-38.52,6519752369.0,1790697600000.0,6536665396.0,,100.0,7.124615815229958,-4.08,0.18,-12.353491866351662,75016942.0,-0.09,1294588800000.0,0.26,4649892.0,13385800.0,0.78,1.459,69163.0,1.14,,-1.6,海联金汇,21.269,,1173548545.0,0,5.66,深市主板
SZ002197,,0.0,3.5661,11,-2.05,False,0.01,2.143,534000012.0,6.22,4.41,15.4378,-38.54,3321480075.0,1790697600000.0,3821337412.0,,100.0,-17.354580231443673,-30.29,0.0,-3.415836800902572,70280280.0,-0.13,1197907200000.0,-0.55,-4129386.0,11206800.0,0.76,2.143,69156.0,2.1,,176.6,证通电子,-11.331,,614362928.0,0,6.35,深市主板
SZ002009,,0.0,2.071,11,-1.03,False,0.01,2.991,354231319.0,15.33,3.23,18.2154,-32.03,5430366120.0,1790697600000.0,6166235063.0,0.326,100.0,2.165402832018747,477.92,-0.07,-3.6173042021192647,129544640.0,-0.16,1088438400000.0,0.11,3552055.0,8379700.0,0.95,2.991,68972.0,2.37,,119.74,天奇股份,140.468,,402233207.0,0,15.49,深市主板
SZ300102,67.96564858451966,0.0,5.6355,11,-1.14,False,0.01,3.286,915707732.0,15.6,5.58,34.0772,-43.31,14285040619.0,1790697600000.0,14357208263.0,0.314,100.0,3.1675953831513795,-5.25,0.0,-10.069737190976335,269910117.0,-0.18,1281542400000.0,0.15,3993415.0,16985600.0,1.16,3.286,68947.0,1.85,,77.07,乾照光电,105.674,,920333863.0,0,15.78,创业板
SZ002045,-28.3281421857261,0.0,0.6464,11,-2.1,False,0.01,1.135,561832882.0,8.39,4.2,41.2292,-40.69,4713777880.0,1790697600000.0,4719233477.0,0.179,100.0,-5.853763846596856,297.86,0.0,3.983075317641882,93239888.96,-0.18,1116777600000.0,-0.45,-1725066.0,11033326.0,0.82,1.135,68880.0,1.96,,17.78,国光电器,-18.658,,562483132.0,0,8.57,深市主板
SZ300098,-26.89255190738239,0.0,3.4613,11,-1.68,False,0.01,2.679,1541743627.0,4.1,3.36,21.4302,-32.79,6321148871.0,1790697600000.0,7124907327.0,,100.0,-0.9657657025876903,52.83,0.0,6.012988587096579,98313672.9,-0.07,1280246400000.0,-0.01,-21695595.0,23796659.0,1.15,2.678,68516.0,1.54,,12.36,高新兴,-276.46,,1737782275.0,0,4.17,创业板
SZ000905,-5.845194220984496,0.0,0.6535,11,0.87,False,0.01,1.533,741808097.0,9.23,5.25,18.522,-28.11,6846888735.0,1790697600000.0,14235502037.0,1.733,100.0,2.559869627078569,281.61,0.0,-2.146603423563498,233078840.85,0.08,925315200000.0,0.12,19040841.0,24982687.0,0.75,1.533,68504.0,3.37,,0.0,厦门港务,77.515,,1542307913.0,0,9.15,深市主板
SZ300065,,0.0,21.8284,11,-1.03,False,0.01,5.855,656664688.0,14.36,5.65,396.4721,-20.97,9429704920.0,1790697600000.0,10361302338.0,,100.0,0.9323189266215497,129.01,0.07,-21.741712478126363,357090209.59,-0.15,1269532800000.0,0.02,13827252.0,24377505.0,1.19,5.855,68294.0,3.71,,76.1,海兰信,631.98,,721539160.0,0,14.51,创业板
SZ300499,,0.0,8.5729,11,-4.78,False,0.01,6.602,271732159.0,29.91,6.81,1133.4457,-2.34,8127508876.0,1790697600000.0,9129984549.0,0.221,100.0,2.261917657781339,507.3,0.17,26.797622794366106,477721207.31,-1.5,1454342400000.0,0.1,-7466954.0,15673208.0,0.84,6.602,68211.0,5.77,,44.01,高澜股份,292.776,,305248564.0,0,31.41,创业板
SZ001896,,0.0,1.4723,11,1.46,False,0.01,4.412,1525781330.0,10.45,2.72,6.5602,100.96,15944414898.0,1790697600000.0,15944414898.0,,100.0,10.286489866500217,83.25,0.29,-4.68191600653115,350526598.84,0.15,885398400000.0,0.23,11659365.0,33525304.0,0.64,4.412,68169.0,2.2,,123.81,豫能控股,45.217,,1525781330.0,0,10.3,深市主板
SZ000718,-71.55422386283648,0.0,6.3551,11,-2.82,False,0.01,0.684,2282093122.0,2.07,2.82,14.3313,-9.61,4723932763.0,1790697600000.0,6281697315.0,,100.0,-0.9433137671639188,18.75,0.0,-27.82638116263554,76824129.0,-0.06,860428800000.0,-0.03,-1811865.0,36751680.0,0.84,0.684,68109.0,1.61,,136.12,苏宁环球,-71.579,,3034636384.0,0,2.13,深市主板
SZ000883,7.721251910580529,0.0,1.7988,11,2.28,False,0.01,0.854,6479510729.0,4.49,2.73,4.307,2.1,29093003173.0,1790697600000.0,31786450459.0,3.341,100.0,5.750216245339711,85.12,0.22,-1.4164513790162037,238026928.67,0.1,895507200000.0,0.29,47555782.0,53523941.0,2.77,0.854,68033.0,0.83,,0.0,湖北能源,15.522,,7079387630.0,0,4.39,深市主板
SZ300188,66.97483748536943,0.0,6.5965,11,-2.56,False,0.01,3.72,855508590.0,10.28,3.22,116.8174,-29.64,8794628305.0,1790697600000.0,8835426747.0,,100.0,-29.5144592196218,195.44,-0.19,-14.741727442928665,88296822.06,-0.27,1300204800000.0,-0.96,-3349721.0,8505179.0,0.76,3.72,67935.0,0.99,,25.25,国投智能,-10.663,,859477310.0,0,10.55,创业板
SZ002636,,0.0,9.9464,11,0.23,False,0.01,13.521,725236563.0,79.63,5.0,148.9812,377.76,57750587512.0,1790697600000.0,57970640000.0,0.157,100.0,25.976295404705546,1577.66,0.16,27.636023258752473,2677211513.6,0.18,1322150400000.0,1.37,-34290906.0,33178526.0,0.65,13.521,67885.0,4.57,,11.07,金安国纪,58.194,,728000000.0,0,79.45,深市主板
SZ002106,-30.131315694773885,0.0,1.4495,11,-1.43,False,0.01,1.478,704995842.0,11.73,5.88,23.0879,7.82,8269601227.0,1790697600000.0,8279223557.0,0.853,100.0,2.8477075465902986,32.27,0.6,-0.7386118955837739,340845246.59,-0.17,1168531200000.0,0.22,17044715.0,28789832.0,0.61,1.478,67831.0,4.08,,58.4,莱宝高科,52.257,,705816160.0,0,11.9,深市主板
SZ300693,19.4253135840621,0.0,2.8646,11,-1.61,False,0.01,4.923,269623603.0,35.35,4.26,14.8249,-6.1,9531194366.0,1790697600000.0,11057332343.0,2.342,100.0,26.665294265838853,643.96,0.14,19.045543270096243,211614880.17,-0.58,1503331200000.0,1.75,4902623.0,5916763.0,0.88,4.923,67785.0,2.19,,43.97,盛弘股份,20.258,,312795823.0,0,35.93,创业板
SZ002756,-22.554303403707188,0.0,2.3864,11,0.05,False,0.01,1.563,393734452.0,39.01,3.82,15.9625,-27.64,15359580973.0,1790697600000.0,21030351075.0,1.764,100.0,9.378892737480125,380.12,0.15,-5.717012619260064,303060778.75,0.02,1431619200000.0,2.26,12787292.0,7743935.0,1.04,1.562,67700.0,1.97,,44.02,永兴材料,17.245,,539101540.0,0,38.99,深市主板
SZ002194,,0.0,5.0581,11,0.31,False,0.01,2.656,514647150.0,9.72,4.44,479.6254,-25.52,5002370298.0,1790697600000.0,6641538034.0,,100.0,-0.4899352319869716,-16.12,0.0,-6.918128278683522,204343578.84,0.03,1196956800000.0,-0.02,-6878233.0,20682533.0,0.77,2.656,67670.0,4.02,,106.26,武汉凡谷,-544.228,,683285806.0,0,9.69,深市主板
SZ002128,21.019836217285004,0.0,2.5813,11,0.9,False,0.01,1.666,2241573493.0,28.15,2.65,7.2832,5.26,63100293828.0,1790697600000.0,88010329464.0,3.311,100.0,16.15940602456088,284.61,0.14,10.403510259408112,413951894.07,0.25,1176825600000.0,2.29,36512706.0,14767533.0,1.3,1.637,67627.0,0.66,,168.37,电投能源,12.287,,3126477068.0,0,27.9,深市主板
SZ002293,6.874170020672632,0.0,1.8322,11,1.59,False,0.01,2.217,830483438.0,10.85,2.81,12.2231,12.75,9010745302.0,1790697600000.0,9086385459.0,6.433,100.0,14.336112688811534,228.56,0.0,-1.3279346837739348,50435550.0,0.17,1252512000000.0,0.7,1672950.0,4667500.0,1.35,2.216,67515.0,0.56,,28.17,罗莱生活,15.567,,837454881.0,0,10.68,深市主板
SZ002431,6.84489987990029,,1.5573,11,-1.52,False,0.01,14.398,1802404765.0,1.3,3.79,10.2594,-45.61,2343126195.0,,2343126195.0,,100.0,-152.37523809025055,-82.23,0.0,-30.15200535449537,15570225.5,-0.02,1276099200000.0,-0.65,-1366009.0,11846850.0,1.02,14.396,67305.0,0.66,,49.2,ST棕榈,-1.985,,1802404765.0,0,1.32,深市主板
SZ000016,35.926194138250445,,0.7018802921270316,11,0.0,False,0.01,,1596593800.0,2.46,,,-50.5,3927620748.0,,5923545704.0,,100.0,476.50704491606825,560.93,,-26.04751963476961,0.0,0.0,701625600000.0,-5.14,,0.0,0.0,-0.528,67086.0,0.0,,203.85,*ST康佳A,-0.479,,2407945408.0,0,2.46,深市主板
SZ300032,-53.823866194133174,,2.1897,11,-1.87,False,0.01,4.828,803169608.0,3.67,5.35,35.2752,-31.66,2947632461.0,,2947632461.0,,100.0,-9.422934109881409,-49.75,0.27,-25.25809806037469,47279149.0,-0.07,1261670400000.0,-0.08,-5940111.0,12693800.0,1.22,4.828,66845.0,1.58,,47.89,金龙机电,-48.806,,803169608.0,0,3.74,创业板
SZ002095,-33.317748943058675,0.0,6.3069,11,0.92,False,0.01,4.476,251708415.0,15.33,4.21,41.0194,-14.7,3858690002.0,1790697600000.0,3874197600.0,0.326,100.0,-0.34288499510908854,1.07,0.2,15.209922390425422,105335458.13,0.14,1166112000000.0,-0.01,9460608.0,6827411.0,0.65,4.476,66829.0,2.71,,345.71,生意宝,-1293.512,,252720000.0,0,15.19,深市主板
SZ300113,34.15345439545905,0.0,7.8849,11,-4.46,False,0.01,3.91,509020301.0,15.2,5.41,27.9573,-24.45,7737108575.0,1790697600000.0,10247291006.0,1.184,100.0,16.58619028695989,198.17,0.13,-11.999980648619314,237023076.76,-0.71,1282838400000.0,0.61,-16957706.0,15326396.0,1.07,3.91,66791.0,3.01,,63.29,顺网科技,24.729,,674163882.0,0,15.91,创业板
SZ002119,15.445067376788746,0.0,3.4157,11,-2.83,False,0.01,6.54,375284000.0,25.07,7.6,,52.49,9408369880.0,1790697600000.0,9408369880.0,0.16,100.0,8.430195403071268,367.27,0.4,24.759345275900223,1624125212.11,-0.73,1172764800000.0,0.32,27884736.400000006,63183849.0,0.66,6.54,66746.0,16.84,,97.75,康强电子,78.206,,375284000.0,0,25.8,深市主板
SZ002126,17.03194214257322,0.0,1.6098,11,-2.97,False,0.01,3.747,795147506.0,32.94,5.1,20.9835,-12.68,26192158848.0,1790697600000.0,27894291744.0,0.361,100.0,13.724132188799388,705.83,0.37,21.461521450458854,570547747.93,-1.01,1176825600000.0,1.14,4539942.0,17142878.0,1.2,3.74,66737.0,2.16,,143.91,银轮股份,28.808,,846821243.0,0,33.95,深市主板
SZ300827,20.443941356355786,0.0,2.0965,11,-3.02,False,0.01,3.081,436540275.0,23.74,4.78,24.4579,-30.4,10363466129.0,1790697600000.0,13215858085.0,0.501,100.0,14.594936378488852,501.48,-0.04,14.304292744980419,180279329.28,-0.74,1586448000000.0,0.86,-4821066.0,7462521.0,1.21,3.081,66587.0,1.71,,43.99,上能电气,27.613,,556691579.0,0,24.48,创业板
SZ300751,-20.343352103739377,0.0,6.828,11,-5.23,False,0.01,5.813,192849155.0,167.65,7.85,23.188,-18.26,32331160836.0,1790697600000.0,46757878723.0,0.595,100.0,7.352570681050254,1096.53,0.27,-11.384730582545599,881079622.41,-9.25,1541692800000.0,2.08,21060564.0,5127121.0,1.49,5.813,66577.0,2.66,,44.0,迈为股份,80.635,,278901752.0,0,176.9,创业板
SZ002532,63.6014990448645,0.0,1.7778,11,-0.08,False,0.01,1.754,4106857452.0,12.17,2.87,6.4097,-21.47,49980455191.0,1790697600000.0,56331734341.0,5.283,100.0,23.043310877482686,167.8,0.16,5.170061299663975,594914092.36,-0.01,1293724800000.0,1.49,27650045.0,48750987.0,1.1,1.754,66553.0,1.19,,12.53,天山铝业,8.151,,4628737415.0,0,12.18,深市主板
SZ002100,-41.36165990332824,0.0,0.632,11,-3.18,False,0.01,1.64,1365251515.0,7.62,4.83,40.3554,4.71,10403216544.0,1790697600000.0,10403216544.0,1.024,100.0,-8.513145157828161,313.01,-0.26,-5.648666431562788,121313228.04,-0.25,1167062400000.0,-0.42,-6594084.0,15715465.0,0.95,1.64,66535.0,1.15,,95.21,天康生物,-18.279,,1365251515.0,0,7.87,深市主板
SZ001914,-3.771230400327885,0.0,0.4918,11,-1.28,False,0.01,0.893,1053719483.0,9.28,2.45,7.5618,-10.52,9778516802.0,1790697600000.0,9778520282.0,2.802,100.0,6.073502089848323,551.69,-0.32,9.565332404613258,132704845.76,-0.12,780681600000.0,0.62,5500073.0,14206880.0,0.89,0.893,66443.0,1.35,,126.36,招商积余,14.921,,1053719858.0,0,9.4,深市主板
SZ002647,,0.0,15.5218,11,4.42,False,0.01,21.0,1015291657.0,11.57,6.95,114.7842,44.26,11746924471.0,1790697600000.0,13163508991.0,,100.0,10.174580973399472,272.46,-0.09,-21.403630359875912,477974576.0,0.49,1325001600000.0,0.06,90756606.0,41091700.0,1.61,20.862,66370.0,4.05,,-7.81,仁东控股,204.08,,1137727657.0,0,11.08,深市主板
SZ000572,-1.358844300047335,0.0,4.2949,11,-0.74,False,0.01,4.357,1642253067.0,4.0,8.68,,-50.98,6569012268.0,1790697600000.0,6578545704.0,,100.0,-10.732363172182742,90.85,0.0,-29.368050850354678,620133263.63,-0.03,776275200000.0,-0.1,-286216.0,149410418.0,1.17,4.357,66364.0,9.1,,41.32,海马汽车,-38.412,,1644636426.0,0,4.03,深市主板
SZ002517,25.10329443449022,0.0,4.4436,11,-2.0,False,0.01,3.196,1879241673.0,15.69,3.69,11.2145,-27.77,29485301849.0,1790697600000.0,33520794341.0,0.631,100.0,25.484557656504837,292.33,0.26,32.12573052003365,411255242.24,-0.32,1291651200000.0,1.11,-18849025.0,25988520.0,1.01,3.196,66297.0,1.38,,19.95,恺英网络,14.073,,2136443234.0,0,16.01,深市主板
SZ002097,-24.721623501021583,0.0,0.9599,11,-0.74,False,0.01,1.571,1073000545.0,6.75,2.94,18.5111,-45.43,7242753679.0,1790697600000.0,7253666532.0,0.341,100.0,1.0114170469727444,21.96,0.0,2.732788686298493,66362446.92,-0.05,1166716800000.0,0.04,-4776496.0,9783918.0,0.84,1.571,66254.0,0.91,,170.7,山河智能,154.599,,1074617264.0,0,6.8,深市主板
SZ000818,,0.0,2.1918,11,-1.07,False,0.01,3.356,658211439.0,11.14,3.55,9.9675,-42.28,7332475430.0,1790697600000.0,7352400434.0,,100.0,-5.199155561560805,165.27,0.09,-9.789896076271587,106696634.29,-0.12,877017600000.0,-0.18,-13157328.0,9520594.0,0.97,3.356,66211.0,1.45,,0.0,航锦科技,-62.865,,660000039.0,0,11.26,深市主板
SZ002785,141.63836237498114,0.0,7.5632,11,1.47,False,0.01,9.531,194287773.0,34.41,6.25,72.3646,-2.58,6685442269.0,1790697600000.0,7797983705.0,,100.0,-7.103328265903561,1153.92,0.32,-1.09755305664897,189513865.6,0.5,1450800000000.0,-0.27,8065648.0,5435038.0,0.57,9.531,66196.0,2.8,,44.1,万里石,-128.804,,226619695.0,0,33.91,深市主板
SZ002163,,0.0,1.8048,11,-0.67,False,0.01,11.856,803548875.0,7.46,5.19,,-68.71,5994474608.0,1790697600000.0,6303385688.0,,100.0,-47.049316030168555,22.11,0.0,-5.917287016642192,166664487.38,-0.05,1187798400000.0,-0.39,9536054.0,22041047.0,0.9,11.856,66059.0,2.74,,193.74,海南发展,-19.301,,844957867.0,0,7.51,深市主板
SZ300409,,0.0,1.4616,11,2.42,False,0.01,1.682,696206256.0,17.37,4.83,,-21.89,12093102667.0,1790697600000.0,13587664314.0,1.416,100.0,7.114491229867786,402.21,0.12,13.62123250195828,431363835.65,0.41,1417536000000.0,0.72,45169079.0,24740732.0,1.43,1.682,65986.0,3.55,,43.99,道氏技术,23.982,,782248953.0,0,16.96,创业板
SZ300395,3.100087597949397,0.0,19.6772,11,-4.72,False,0.01,9.078,512276350.0,90.44,9.01,229.774,-9.67,46330273094.0,1790697600000.0,47546757296.0,0.188,100.0,10.8363682251033,2497.51,0.46,11.587596866023485,1701498087.88,-4.48,1410278400000.0,0.98,-57444246.349999994,18441166.0,0.95,9.078,65853.0,3.6,,44.01,菲利华,92.102,,525727082.0,0,94.92,创业板
SZ002425,,,4.8874,11,-2.59,False,0.01,1.165,920185923.0,3.01,4.21,4364.356,-14.97,2769759628.0,,2879561849.0,,100.0,-18.262042716039943,-43.31,0.0,13.461071769294852,76642727.0,-0.08,1275926400000.0,-0.52,-2108744.0,25247700.0,0.91,1.165,65812.0,2.74,,13.23,凯撒文化,-5.828,,956665066.0,0,3.09,深市主板
SZ000911,205.80497880772236,,0.8374,11,4.63,False,0.01,,400319818.0,5.65,7.04,,-22.71,2261806972.0,,2261806972.0,,100.0,1519.979210962556,32.56,0.18,-4.661658482785991,88080061.0,0.25,927734400000.0,-0.36,10723461.0,15484500.0,2.16,-27.467,65678.0,3.87,,0.0,*ST广糖,-15.551,,400319818.0,0,5.4,深市主板
SZ300252,,0.0,2.7594,11,-2.11,False,0.01,3.082,558751534.0,11.15,4.74,,-23.73,6230079604.0,1790697600000.0,7628985576.0,,100.0,1.4691593224050976,98.11,0.27,15.039937669189474,168207066.8,-0.24,1313596800000.0,0.05,4381644.0,14900388.0,0.72,3.082,65676.0,2.67,,54.81,金信诺,223.152,,684213953.0,0,11.39,创业板
SZ000301,29.529667979319886,0.0,0.6631,11,4.73,False,0.01,2.301,6608373023.0,13.5,7.68,2.8445,23.97,89213035811.0,1790697600000.0,89251638345.0,,100.0,11.584704587571887,141.27,0.07,0.8749567839074546,536073109.49,0.61,959529600000.0,0.64,28974246.0,39424296.0,2.31,2.356,65595.0,0.6,,215.55,东方盛虹,21.012,,6611232470.0,0,12.89,深市主板
SZ300168,-31.64022156119244,0.0,3.2297,11,-1.86,False,0.01,7.455,1439440508.0,4.75,3.51,71.932,-26.47,6837342413.0,1790697600000.0,6842985736.0,,100.0,-37.47152067211565,46.55,0.42,-3.2371341892150407,56605140.0,-0.09,1295884800000.0,-0.29,-11323841.0,11834900.0,0.83,7.456,65579.0,0.82,,-12.14,万达信息,-16.165,,1440628576.0,0,4.84,创业板
SZ300294,-52.40621068397322,0.0,4.3616,11,-1.87,False,0.01,0.993,504248738.0,14.66,4.75,,-34.84,7392286499.0,1790697600000.0,7392286499.0,0.498,100.0,-0.8155618385372109,92.43,0.14,-20.8514824223171,85624855.94,-0.28,1331136000000.0,-0.12,-4323186.0,5772866.0,1.39,0.993,65363.0,1.14,,55.2,博雅生物,-120.29,,504248738.0,0,14.94,创业板
SZ300326,54.168637873980494,,5.6552,11,-1.45,False,0.01,1.513,716717627.0,6.13,1.45,18.6852,9.72,4393479054.0,,4395287741.0,1.631,100.0,7.933019960056612,62.09,-0.16,-12.742760592655012,25208847.0,-0.09,1339516800000.0,0.31,-2180816.0,4083500.0,0.95,1.512,65353.0,0.57,,62.22,ST凯利,19.534,,717012682.0,0,6.22,创业板
SZ000506,394.370671945117,0.0,22.0006,11,-1.68,False,0.01,16.923,928706961.0,16.43,3.35,207.7565,25.8,15258655369.0,1790697600000.0,15263761813.0,,100.0,44.94314710973198,228.76,0.31,50.813352288102664,422034376.83,-0.28,731865600000.0,0.37,19560292.0,25595951.0,0.8,16.922,65343.0,2.76,,-82.4,招金黄金,44.767,,929017761.0,0,16.71,深市主板
SZ002120,10.822148220184191,0.0,0.3709,11,-0.44,False,0.01,0.931,2815129913.0,6.79,1.76,4.5789,3.92,19114732109.0,1790697600000.0,19685577004.0,2.931,100.0,7.826806769654151,86.51,0.15,6.803727935040338,195225677.95,-0.03,1173110400000.0,0.57,-11245871.0,28757348.0,1.36,0.931,65236.0,1.02,,178.87,韵达股份,11.995,,2899201326.0,0,6.82,深市主板
SZ300457,7.935814955366638,0.0,1.2533,11,2.53,False,0.01,1.985,643652203.0,21.9,4.49,6.9617,-21.04,14095983246.0,1790697600000.0,14126964409.0,0.384,100.0,9.047584269488642,689.3,0.05,11.432794245020638,535593283.74,0.54,1431532800000.0,0.96,23930557.0,24331240.0,2.04,1.985,65120.0,3.78,,44.0,赢合科技,22.864,,645066868.0,0,21.36,创业板
SZ000070,172.08963443250244,0.0,2.8878,11,-2.09,False,0.01,13.064,856717041.0,15.96,4.97,14.7485,35.95,13673203974.0,1790697600000.0,13859551466.0,,100.0,-34.17920684109163,142.78,0.0,2.221730661694288,622025455.67,-0.34,957974400000.0,-0.51,7503567.0,38519379.0,0.61,13.064,64983.0,4.5,,263.29,特发信息,-31.561,,868392949.0,0,16.3,深市主板
SZ300803,40.21923183947862,0.0,18.6032,11,-3.38,False,0.01,14.323,887225153.0,51.24,5.02,11.3799,-43.19,45461416840.0,1790697600000.0,45807396237.0,0.107,100.0,7.218301212276557,1341.96,0.33,37.166516483805914,796094609.28,-1.79,1574006400000.0,0.24,-15428706.0,15331186.0,0.99,14.323,64932.0,1.73,,44.0,指南针,217.541,,893977288.0,0,53.03,创业板
SZ002125,4.556085865511839,0.0,3.9211,11,2.77,False,0.01,2.225,629522901.0,12.25,3.78,46.7414,-12.96,7711655537.0,1790697600000.0,7711655537.0,0.939,100.0,9.894687130242165,187.07,0.25,-2.2832019751527377,225279348.42,0.33,1175529600000.0,0.52,18594803.0,18415696.0,2.17,2.225,64919.0,2.93,,232.31,湘潭电化,23.77,,629522901.0,0,11.92,深市主板
SZ000937,-54.539338645686556,0.0,1.1337,11,1.14,False,0.01,0.903,3776733486.0,4.45,1.82,7.5182,-7.25,16806464013.0,1790697600000.0,17296711831.0,2.045,100.0,2.7724074943172234,482.84,0.23,-14.172364583087182,178706929.05,0.05,936806400000.0,0.14,-10120478.0,40238879.0,1.42,0.903,64861.0,1.07,,46.87,冀中能源,32.728,,3886901535.0,0,4.4,深市主板
SZ002173,67.82625947441092,0.0,10.5173,11,-0.93,False,0.01,4.571,420865031.0,17.1,5.16,,-20.5,7196792030.0,1790697600000.0,7545962419.0,,100.0,-4.46922277869454,57.73,-0.12,-6.5618072293845975,272580018.42,-0.16,1190649600000.0,-0.17,5722904.5,15622160.0,0.93,4.571,64701.0,3.71,,232.74,创新医疗,-98.867,,441284352.0,0,17.26,深市主板
SZ000981,,0.0,9.2169,11,-0.37,False,0.01,9.276,9513356093.0,2.68,3.72,,-35.58,25495794329.0,1790697600000.0,26793221980.0,,100.0,40.87867163816966,-14.64,0.0,-21.44637301822472,679320877.97,-0.01,961603200000.0,0.08,37493136.0,251291298.0,0.54,9.277,64559.0,2.64,,214.52,山子高科,31.85,,9997470888.0,0,2.69,深市主板
SZ002265,3.316941767740289,0.0,3.7743,11,-1.11,False,0.01,4.912,1033040407.0,18.71,3.17,19.2062,-29.93,19328186015.0,1790697600000.0,19328186015.0,0.406,100.0,6.607458820427015,185.1,0.16,14.124501733108286,137854357.97,-0.21,1217952000000.0,0.24,-6850645.0,7320961.0,0.89,4.912,64508.0,0.71,,99.65,建设工业,76.928,,1033040407.0,0,18.92,深市主板
SZ002580,-2.9733218628387625,0.0,2.601,11,9.43,False,0.01,3.967,452338800.0,21.36,12.35,84.4497,72.04,9661956768.0,1790697600000.0,9694641690.0,0.187,100.0,7.039676111171501,288.2,-0.14,12.786332944626588,2546677482.14,1.84,1304611200000.0,0.37,-27477386.0,121625544.0,3.09,3.967,64449.0,26.89,,-8.88,圣阳股份,58.103,,453868993.0,0,19.52,深市主板
SZ000829,-59.75002000439815,0.0,0.0921,11,0.55,False,0.01,3.216,1024129669.0,9.19,3.61,,-15.77,9411751658.0,1790697600000.0,9420673025.0,,100.0,1.9456083014268848,1082.75,0.0,6.137045006156705,190913826.4,0.05,880992000000.0,0.06,-10532212.0,20732080.0,0.62,3.216,64442.0,2.02,,0.0,天音控股,165.711,,1025100438.0,0,9.14,深市主板
SZ300663,238.75192245115397,0.0,7.6053,11,-0.55,False,0.01,12.699,460396642.0,7.29,3.14,41.5766,-58.67,3356291520.0,1790697600000.0,3487980260.0,,100.0,-80.95597179395425,182.79,0.41,-33.7111414736881,66471294.35,-0.04,1496851200000.0,-0.97,-8209631.0,9082505.0,0.67,12.698,64426.0,1.97,,44.02,科蓝软件,-7.517,,478460941.0,0,7.33,创业板
SZ300134,15.465955393341147,0.0,2.396,11,-1.71,False,0.01,1.714,767498006.0,8.03,4.28,,-35.76,6163008988.0,1790697600000.0,6163008988.0,,100.0,-7.161163566438379,-36.84,0.25,2.6296056606243123,46339834.83,-0.14,1288022400000.0,-0.35,675418.0,5727405.0,0.89,1.714,64394.0,0.75,,6.81,大富科技,-23.131,,767498006.0,0,8.17,创业板
SZ300328,,0.0,4.4711,11,-2.59,False,0.01,7.797,687887569.0,11.68,5.25,140.1246,-31.58,8034526806.0,1790697600000.0,8064147648.0,,100.0,-4.9198891861432985,358.83,0.34,3.8388901822165478,214321381.97,-0.31,1340035200000.0,-0.08,16174149.0,18230987.0,0.84,7.797,64370.0,2.65,,12.11,宜安科技,-155.422,,690423600.0,0,11.99,创业板
SZ300607,44.95811049896541,0.0,5.0735,11,-4.47,False,0.01,4.646,345177635.0,28.85,5.56,24.2053,-12.33,9958374770.0,1790697600000.0,13760654086.0,0.111,100.0,5.164681416997554,529.25,0.24,-13.200240225341675,448741926.65,-1.35,1486569600000.0,0.31,6898756.0,15351699.0,1.05,4.646,64330.0,4.45,,44.02,拓斯达,92.085,,476972412.0,0,30.2,创业板
SZ002611,153.03214047857287,0.0,3.4802,11,-2.65,False,0.01,1.748,1003962400.0,13.61,3.58,21.3248,-28.14,13663928264.0,1790697600000.0,16567261208.0,1.778,100.0,56.303502362355964,318.29,0.22,-4.797903637883493,217714771.26,-0.37,1314633600000.0,3.43,-7543939.0,15817248.0,0.59,1.748,64296.0,1.58,,39.48,东方精工,3.969,,1217285908.0,0,13.98,深市主板
SZ300598,,0.0,2.8125,11,-1.24,False,0.01,4.47,216935825.0,29.55,3.44,,-35.72,6410453629.0,1790697600000.0,6411810447.0,,100.0,-4.703107382519223,555.47,0.03,7.76123079643416,114121118.01,-0.37,1484841600000.0,-0.32,-5486979.0,3838569.0,0.95,4.47,64255.0,1.77,,43.99,诚迈科技,-93.121,,216981741.0,0,29.92,创业板
SZ002046,-34.36262312026548,0.0,10.5554,11,-2.93,False,0.01,7.188,535941836.0,58.0,6.51,164.8734,34.74,31084626488.0,1790697600000.0,31099069532.0,0.338,100.0,3.1295032481124,2918.32,1.06,1.1704281422162621,622539840.5,-1.75,1117036800000.0,0.25,-29921029.0,10721694.0,0.8,7.187,64237.0,2.0,,68.7,国机精工,230.508,,536190854.0,0,59.75,深市主板
SZ000528,17.036391982280463,0.0,0.4312,11,0.13,False,0.01,0.818,2037744739.0,7.53,1.06,23.7881,-34.22,15344217885.0,1790697600000.0,15365531994.0,4.887,100.0,7.713541091975719,472.58,0.0,11.051639162609161,113783446.62,0.01,753552000000.0,0.71,698379.0,15092699.0,0.76,0.817,64236.0,0.74,,377.38,柳工,10.651,,2040575298.0,0,7.52,深市主板
SZ002579,-0.6675069438754289,0.0,3.3526,11,-2.84,False,0.01,4.366,583438257.0,16.4,7.35,47.8103,34.65,9568387415.0,1790697600000.0,10046945368.0,,100.0,-3.427556155612422,316.23,0.18,2.930882723196282,975603560.32,-0.48,1304611200000.0,-0.13,-1775203.0,58145182.0,0.53,4.366,64167.0,9.97,,6.47,中京电子,-124.395,,612618620.0,0,16.88,深市主板
SZ002484,0.6664230477868127,0.0,7.1162,11,-3.14,False,0.01,6.451,820470015.0,49.71,7.01,38.8435,68.01,40785564446.0,1790697600000.0,42279545107.0,0.517,100.0,11.151266765001811,977.42,0.1,9.807146805971566,1476749484.15,-1.61,1285689600000.0,0.82,5612904.0,29125258.0,1.0,6.451,64154.0,3.55,,17.02,江海股份,60.45,,850523941.0,0,51.32,深市主板
SZ002311,-1.5842397830248656,0.0,0.5193,11,-0.1,False,0.01,2.929,1655415480.0,41.96,1.79,9.7435,-21.94,69461233541.0,1790697600000.0,69528152062.0,2.96,100.0,13.512647296129057,774.55,0.0,6.504115091970153,188769267.13,-0.04,1259251200000.0,1.96,2464995.0,4503382.0,0.58,2.908,64057.0,0.27,,35.89,海大集团,21.377,,1657010297.0,0,42.0,深市主板
SZ000816,-16.025616103315155,0.0,3.095,11,-1.08,False,0.01,2.016,1439509072.0,2.76,3.23,,-25.0,3973045039.0,1790697600000.0,3993756758.0,,100.0,-3.6010567071766584,57.94,-0.36,0.9038239638811341,48810195.66,-0.03,871833600000.0,-0.05,-3171374.0,17475797.0,0.5,2.016,63989.0,1.21,,0.0,智慧农业,-55.039,,1447013318.0,0,2.79,深市主板
SZ300516,-24.78404512411735,0.0,12.2948,11,-1.85,False,0.01,6.436,252000000.0,33.37,4.91,32.6065,-42.05,8409240000.0,1790697600000.0,8409240000.0,0.117,100.0,2.1987827036659873,169.95,0.12,-3.8361613042764864,175177761.6,-0.63,1464796800000.0,0.11,11758004.0,5135920.0,1.18,6.436,63763.0,2.04,,44.0,久之洋,295.024,,252000000.0,0,34.0,创业板
SZ300179,-0.16712517880419497,0.0,26.6863,11,-4.47,False,0.01,15.646,375646635.0,37.41,6.33,337.8244,149.21,14052940615.0,1790697600000.0,18170932221.0,0.797,100.0,10.06115727237178,782.98,0.27,14.544133427622729,1142403619.7,-1.75,1297699200000.0,0.24,13564322.0,30125450.0,0.65,15.646,63749.0,8.02,,32.32,四方达,153.802,,485723930.0,0,39.16,创业板
SZ002196,,0.0,1.4506,11,-2.48,False,0.01,3.396,490179220.0,9.85,3.47,25.0416,-37.93,4828265317.0,1790697600000.0,4884338511.0,,100.0,3.7128286634778083,37.78,-0.1,16.60568060331533,163467465.0,-0.25,1197388800000.0,0.11,-4743179.0,16439200.0,0.82,3.396,63725.0,3.35,,214.44,方正电机,92.889,,495871930.0,0,10.1,深市主板
SZ002123,,0.0,2.7179,11,-1.86,False,0.01,4.059,720532059.0,7.4,3.71,,-39.14,5331937237.0,1790697600000.0,5960127166.0,,100.0,-19.824076046270303,-4.48,-0.13,-28.622263552385874,84841863.68,-0.14,1175011200000.0,-0.4,-2667920.0,11401188.0,0.68,4.059,63683.0,1.58,,174.6,梦网科技,-18.435,,805422590.0,0,7.54,深市主板
SZ000795,35.710472256219596,0.0,2.0952,11,-0.24,False,0.01,3.461,1116249027.0,8.19,1.46,53.2923,-16.73,9142079531.0,1790697600000.0,9142093348.0,2.063,100.0,8.806556165865656,237.3,0.12,7.099000978856607,45721893.62,-0.02,870969600000.0,0.21,-5975511.0,5579471.0,0.47,3.461,63417.0,0.5,,103.58,英洛华,38.915,,1116250714.0,0,8.21,深市主板
SZ002565,25.515753384400732,0.0,8.9798,11,9.95,False,0.01,5.296,1059955172.0,9.28,10.07,67.1524,-49.37,9836383996.0,1790697600000.0,9836697196.0,,100.0,3.14745797916025,153.39,0.0,-10.821053830964333,1557861795.94,0.84,1300377600000.0,0.05,126996500.0,170589398.0,1.71,5.297,63302.0,16.09,,-2.53,顺灏股份,171.458,,1059988922.0,1,8.44,深市主板
SZ002115,,0.0,0.3751,11,-1.19,False,0.01,3.549,746266207.0,9.14,3.14,,-28.26,6820873132.0,1790697600000.0,7358041214.0,,100.0,1.6674418373065694,200.19,0.11,37.854290476432716,178886363.69,-0.11,1171468800000.0,0.04,-12523899.0,19379566.0,0.55,3.549,63071.0,2.6,,114.75,三维通信,212.712,,805037332.0,0,9.25,深市主板
SZ300181,18.322618956148773,0.0,2.8708,11,-0.68,False,0.01,2.767,602498419.0,13.12,1.97,26.1164,-14.58,7904779257.0,1790697600000.0,9202201835.0,5.282,100.0,19.90444585740303,276.5,0.0,19.9679756415579,85374024.39,-0.09,1298304000000.0,0.9,-8829081.0,6506771.0,1.06,2.767,62795.0,1.08,,19.91,佐力药业,14.529,,701387335.0,0,13.21,创业板
SZ000767,,0.0,0.6721,11,1.83,False,0.01,1.698,2912246436.0,3.34,2.44,4.6387,19.29,9726903096.0,1790697600000.0,10276987011.0,,100.0,1.5606037505776598,91.56,0.3,-8.34122482442794,200364430.74,0.06,865785600000.0,0.06,39192241.0,60293557.0,1.22,1.698,62660.0,2.07,,0.0,晋控电力,59.537,,3076942219.0,0,3.28,深市主板
SZ002549,,0.0,13.5031,11,-0.16,False,0.01,4.155,692359526.0,12.27,3.17,56.0477,-42.01,8495251384.0,1790697600000.0,8531918745.0,0.407,100.0,1.6884637531839608,197.01,0.16,3.710561967403292,119093521.72,-0.02,1297958400000.0,0.05,-6075558.0,9628053.0,1.02,4.155,62571.0,1.39,,47.17,凯美特气,246.367,,695347901.0,0,12.29,深市主板
SZ002233,-24.464706555058825,0.0,2.1983,11,3.5,False,0.01,0.712,1173623408.0,7.1,4.81,10.2363,-15.5,8332726197.0,1790697600000.0,8336468607.0,8.577,100.0,3.5429356305840565,58.67,0.0,-14.341723885052815,178588791.47,0.24,1210867200000.0,0.36,29187951.0,25375154.0,1.44,0.712,62456.0,2.16,,62.81,塔牌集团,19.939,,1174150508.0,0,6.86,深市主板
SZ300348,14.401195423890023,0.0,3.4399,11,-2.38,False,0.01,3.472,730452173.0,9.02,4.33,45.1959,-41.69,6588678600.0,1790697600000.0,7327616321.0,0.078,100.0,-0.23470046010851642,310.86,0.11,8.732832214893094,86706875.18,-0.22,1345132800000.0,-0.01,-4126951.0,9543003.0,1.03,3.472,62418.0,1.31,,17.0,长亮科技,-1480.948,,812374315.0,0,9.24,创业板
SZ000893,28.837144466830523,0.0,5.2475,11,2.12,False,0.01,2.379,811138324.0,37.62,4.02,10.526,-21.39,30515023749.0,1790697600000.0,34762805655.0,0.29,100.0,15.963270816893408,756.05,0.16,27.45131861256478,445091059.95,0.78,914428800000.0,2.35,-2987839.0,11869452.0,1.04,2.379,62077.0,1.46,,0.0,亚钾国际,16.036,,924051187.0,0,36.84,深市主板
SZ002284,89.0705227006958,0.0,1.1923,11,0.11,False,0.01,1.935,732188348.0,9.3,3.12,5.137,-37.1,6809351636.0,1790697600000.0,6873633236.0,1.075,100.0,16.843124836373455,145.16,0.0,15.354670641955149,136188950.8,0.01,1251388800000.0,0.75,-3421300.0,14683304.0,1.2,1.935,62037.0,2.01,,37.77,亚太股份,12.324,,739100348.0,0,9.29,深市主板
SZ002514,-1.985308875478975,,8.0413,11,1.24,False,0.01,,554030027.0,2.44,5.81,86.0417,-58.5,1351833266.0,,1756883604.0,,100.0,-820.2524863558508,-66.13,-0.41,-27.473395934644774,69499961.5,0.03,1291305600000.0,-0.29,1112478.0,27822050.0,0.92,-21.479,61942.0,5.02,,123.04,*ST宝馨,-8.347,,720034264.0,0,2.41,深市主板
SZ000989,9.20666766601881,0.0,2.8674,11,-0.57,False,0.01,2.025,734250253.0,8.7,2.74,10.8777,2.9,6387977201.0,1790697600000.0,7446695504.0,3.414,100.0,8.988009642864613,110.73,0.12,-0.9486021463174232,117631456.7,-0.05,962121600000.0,0.38,-16262957.0,13426575.0,1.18,2.025,61826.0,1.83,,158.11,九芝堂,22.634,,855942012.0,0,8.75,深市主板
SZ000532,46.97728940752206,0.0,8.1387,11,-2.04,False,0.01,2.516,343549746.0,12.01,3.92,29.9715,-24.82,4126032449.0,1790697600000.0,4139947163.0,0.833,100.0,11.399376987946633,306.21,0.17,9.351305601230742,160820985.39,-0.25,757526400000.0,0.52,8163032.0,13287165.0,0.43,2.516,61790.0,3.87,,54.53,华金资本,23.087,,344708340.0,0,12.26,深市主板
SZ000966,,0.0,1.0237,11,1.76,False,0.01,1.041,3481035016.0,4.05,2.26,5.2463,-5.15,14098191815.0,1790697600000.0,14098191815.0,,100.0,0.08754821925350179,24.18,0.0,-1.0002021483759838,159163142.46,0.07,953136000000.0,0.0,44097807.0,39459082.0,1.22,1.041,61706.0,1.13,,119.51,长源电力,1179.172,,3481035016.0,0,3.98,深市主板
SZ000598,4.439219524215021,0.0,2.2838,11,0.42,False,0.01,1.055,2983477196.0,7.09,1.56,6.0537,2.4,21152853320.0,1790697600000.0,21155451982.0,3.315,100.0,10.594060360206676,2959.99,0.14,5.482980900779388,94006692.2,0.03,833299200000.0,0.69,-3165384.0,13319841.0,1.31,1.055,61656.0,0.45,,22.03,兴蓉环境,10.314,,2983843721.0,0,7.06,深市主板
SZ000812,,,1.9544,11,-0.81,False,0.01,1.854,756129681.0,3.69,3.23,12.5939,-22.8,2790118523.0,,2790862080.0,,100.0,-13.76841709836976,36.15,-0.27,5.702243545652963,69324248.72,-0.03,898531200000.0,-0.3,-2945540.0,18533552.0,0.79,1.854,61510.0,2.45,,0.0,陕西金叶,-12.146,,756331187.0,0,3.72,深市主板
SZ300343,95.27807761412879,0.0,4.7276,11,0.58,False,0.01,2.795,1065643208.0,5.18,1.55,429.2833,-14.1,5520031817.0,1790697600000.0,5534181873.0,,100.0,2.8572735610121924,104.24,0.39,10.20515232603698,50001185.94,0.03,1343750400000.0,0.05,2151072.0,9616402.0,1.16,2.794,61508.0,0.9,,18.9,联创股份,99.316,,1068374879.0,0,5.15,创业板
SZ000759,51.106478097360686,0.0,0.5573,11,0.16,False,0.01,7.696,655706025.0,6.16,3.74,33.923,-18.73,4039149114.0,1790697600000.0,4041141634.0,,100.0,-96.83649976298533,192.53,0.16,-17.940773253247645,303094056.7,0.01,863971200000.0,-1.52,3794208.0,49035767.0,0.87,7.772,61475.0,7.48,,146.67,中百集团,-4.05,,656029486.0,0,6.15,深市主板
SZ301269,,0.0,33.6829,11,0.93,False,0.01,9.042,547872923.0,85.45,5.76,161.9025,-19.53,46815741270.0,1790697600000.0,46815888672.0,0.174,100.0,0.251773636037725,24.46,0.08,13.988363217728917,828805564.8,0.79,1659024000000.0,0.02,83516064.0,9483354.0,2.73,9.002,61332.0,1.73,,129.43,华大九天,3642.64,,547874648.0,0,84.66,创业板
SZ002895,19.777915434402992,0.0,2.0292,11,-0.4,False,0.01,2.475,599348683.0,30.23,1.85,19.2094,-13.01,18118310687.0,1790697600000.0,18315401218.0,5.954,100.0,18.13253268364504,359.83,0.1,32.54040805524245,104731278.33,-0.12,1503590400000.0,2.12,-6704442.0,3461266.0,1.2,2.476,61279.0,0.58,,43.95,川恒股份,14.26,,605868383.0,0,30.35,深市主板
SZ300101,,0.0,9.3823,11,-1.03,False,0.01,4.318,565589340.0,13.42,4.42,,-52.8,7590208943.0,1790697600000.0,7621294494.0,,100.0,-2.6264326267486835,75.02,0.15,-7.56646779504111,99417043.97,-0.14,1281024000000.0,-0.08,-371538.0,7347616.0,0.6,4.318,61167.0,1.3,,118.47,振芯科技,-162.789,,567905700.0,0,13.56,创业板
SZ000550,-6.729091458873116,0.0,0.3501,11,-0.61,False,0.01,1.183,518463160.0,16.4,3.09,4.6049,-8.7,8502795824.0,1790697600000.0,14156709600.0,3.354,100.0,10.28739588035359,536.3,0.06,8.11795880947155,76532532.39,-0.1,754675200000.0,1.38,1015283.0,4630070.0,0.99,1.183,61114.0,0.89,,144.44,江铃汽车,11.861,,863214000.0,0,16.5,深市主板
SZ002035,-24.61294481395173,0.0,0.7504,11,-1.47,False,0.01,1.038,782037667.0,4.7,2.31,68.1717,-21.39,3675577035.0,1790697600000.0,3983972005.0,4.17,100.0,5.290377249136137,1010.59,0.21,-7.305094399917456,82090571.54,-0.07,1093968000000.0,0.24,458438.0,17362653.0,0.5,1.038,61054.0,2.22,,6.75,华帝股份,19.713,,847653618.0,0,4.77,深市主板
SZ300769,,0.0,0.7807,11,7.2,False,0.01,2.196,251777674.0,42.45,10.68,,-3.54,10687962261.0,1790697600000.0,11893981874.0,,100.0,0.47735887766039664,347.92,0.02,11.225007286165578,1102164536.02,2.85,1555257600000.0,0.09,117912367.0,26088486.0,3.49,2.196,61024.0,10.36,,43.99,德方纳米,470.718,,280188030.0,0,39.6,创业板
SZ300185,-25.773437598045636,0.0,1.5869,11,1.07,False,0.01,1.608,3846459090.0,2.83,2.14,10.3007,-0.11,10885479225.0,1790697600000.0,11422451694.0,0.247,100.0,1.1559146436841625,6.26,0.35,11.046616838610856,290121631.27,0.03,1299513600000.0,0.02,18115432.0,102484278.0,1.39,1.608,60869.0,2.66,,-2.44,通裕重工,138.977,,4036202012.0,0,2.8,创业板
SZ300484,-3.5034217418262736,,6.0123,11,-1.77,False,0.01,3.941,171775689.0,12.79,3.84,49.9663,-32.13,2197011062.0,,2649626281.0,1.251,100.0,4.122563165642721,151.37,0.0,6.487493740732431,33048117.0,-0.23,1458576000000.0,0.13,-85293.0,2559300.0,0.76,3.941,60770.0,1.49,,44.0,蓝海华腾,95.81,,207163900.0,0,13.02,创业板
SZ300432,,0.0,1.1911,11,0.85,False,0.01,4.633,1692457398.0,13.04,3.25,10.0152,-21.58,22069644470.0,1790697600000.0,22295273556.0,0.767,100.0,11.568534249678342,795.91,0.46,64.45383548841565,453897141.45,0.11,1426694400000.0,0.31,30695668.0,34770774.0,1.41,4.633,60754.0,2.05,,44.02,富临精工,41.674,,1709760242.0,0,12.93,创业板
SZ002491,-9.985841916965343,0.0,5.595,11,-1.3,False,0.01,9.105,1176468796.0,19.78,8.43,494.3475,229.67,23270552785.0,1790697600000.0,24329291210.0,,100.0,8.413642695165015,339.93,0.51,18.05781890986935,2185354325.62,-0.26,1287590400000.0,0.18,32556198.0,108041893.0,0.81,9.105,60726.0,9.18,,31.38,通鼎互联,112.767,,1229994500.0,0,20.04,深市主板
SZ002563,5.472078371675626,0.0,0.9426,11,0.55,False,0.01,1.288,2213491963.0,5.48,2.2,6.4884,6.34,12129935957.0,1790697600000.0,14763614077.0,5.474,100.0,9.221163588577907,-31.46,0.37,6.490753332273025,92212259.12,0.03,1299772800000.0,0.39,1648792.0,16938872.0,1.54,1.288,60717.0,0.77,,-7.3,森马服饰,14.106,,2694090160.0,0,5.45,深市主板
SZ000710,-9.414680678427489,,3.9075,11,-5.52,False,0.01,2.553,335527358.0,10.27,16.47,14465.98,-9.03,3445865967.0,,3630665446.0,,100.0,-13.929303292008397,124.46,0.49,-6.923724333039704,965448630.28,-0.6,861638400000.0,-0.6,-341973767.0,87632209.0,2.03,2.553,60676.0,26.12,,250.98,贝瑞基因,-17.002,,353521465.0,0,10.87,深市主板
SZ002418,2.3178307867344206,0.0,1.6197,11,-1.37,False,0.01,3.356,1136400000.0,4.31,5.72,103.5744,-9.64,4897884000.0,1790697600000.0,4897884000.0,,100.0,1.6894676235670856,13.43,0.47,12.76310770479052,202673857.0,-0.06,1275321600000.0,0.02,-7617113.0,46467400.0,0.79,3.356,60583.0,4.09,,-5.61,康盛股份,200.327,,1136400000.0,0,4.37,深市主板
SZ002595,12.03440683716388,0.0,3.8135,11,1.28,False,0.01,3.65,1152118323.0,38.89,2.55,44.7646,-32.49,44805881581.0,1790697600000.0,45112400000.0,1.774,100.0,19.849725324020582,1097.46,-0.03,20.886406587211482,110815922.32,0.49,1309190400000.0,2.01,9654722.8,2850745.0,0.82,3.65,60536.0,0.25,,-1.92,豪迈科技,19.36,,1160000000.0,0,38.4,深市主板
SZ000019,-23.68197485303638,0.0,1.4792,11,0.86,False,0.01,1.642,416208907.0,7.07,3.42,26.2615,3.75,2942596972.0,1790697600000.0,8148424246.0,1.697,100.0,3.623033365197207,166.46,0.28,-3.7870307188450303,144358010.55,0.06,718819200000.0,0.16,5740013.0,20271201.0,1.18,1.642,60502.0,4.87,,669.05,深粮控股,45.505,,1152535254.0,0,7.01,深市主板
SZ002539,8.728913028737617,0.0,0.6557,11,0.34,False,0.01,1.442,889793625.0,11.79,1.96,23.4838,1.4,10490666839.0,1790697600000.0,14239063154.0,1.696,100.0,10.789859644713822,170.04,0.08,0.34150295894963545,104125053.58,0.04,1295280000000.0,0.85,-3045945.0,8798552.0,1.0,1.442,60480.0,0.99,,-12.63,云图控股,13.901,,1207723762.0,0,11.75,深市主板
SZ000025,6.788308137938248,0.0,7.5918,11,1.38,False,0.01,3.478,392778320.0,15.42,4.27,14.4144,-10.99,6056641694.0,1790697600000.0,6646919294.0,0.713,100.0,7.802855335095396,231.02,0.06,-35.903877663792784,119408708.06,0.21,740592000000.0,0.33,6670022.0,7704260.0,1.23,3.478,60448.0,1.96,,182.3,特力A,46.308,,431058320.0,0,15.21,深市主板
SZ002256,,0.0,12.9148,11,0.96,False,0.01,4.721,2018246621.0,3.15,1.92,337.9953,-9.74,6357476856.0,1790697600000.0,6428003794.0,,100.0,3.3977945747622607,240.76,0.32,14.678077893563636,78510238.0,0.03,1214323200000.0,0.02,9069185.0,24893400.0,1.08,4.721,60210.0,1.23,,32.17,兆新股份,148.796,,2040636125.0,0,3.12,深市主板
SZ002736,22.53148424471776,0.0,3.8766,11,-1.02,False,0.01,1.021,10241743060.0,9.7,2.04,7.6147,-22.82,99344907682.0,1790697600000.0,99344907682.0,5.67,100.0,9.073466235879625,88.33,0.41,16.495515871809108,147425288.58,-0.1,1419782400000.0,1.12,-13365296.5,15150924.0,1.12,1.021,60063.0,0.15,,44.08,国信证券,8.686,,10241743060.0,0,9.8,深市主板
SZ000722,37.29013338186302,0.0,18.2078,11,4.23,False,0.01,2.289,464158282.0,13.55,5.08,22.2823,15.23,6289344721.0,1790697600000.0,8669145638.0,0.266,100.0,4.42437222866851,284.53,0.52,16.13474795066365,451649694.39,0.55,864230400000.0,0.24,5016058.0,33506961.0,2.01,1.603,60062.0,7.22,,0.0,湖南发展,56.697,,639789346.0,0,13.0,深市主板
SZ300002,-12.181666021408265,0.0,2.3316,11,-4.31,False,0.01,1.886,1851049053.0,7.55,5.7,12.0033,-33.94,13975420350.0,1790697600000.0,14852162688.0,0.795,100.0,8.860217097778127,19.54,0.13,5.551552096264478,258164552.59,-0.34,1256832000000.0,0.34,-37318168.0,33324209.0,1.71,1.886,60055.0,1.8,,77.41,神州泰岳,22.037,,1967173866.0,0,7.89,创业板
SZ002279,,0.0,2.3802,11,-1.22,False,0.01,3.785,796088373.0,6.46,2.6,24.624,-19.15,5142730890.0,1790697600000.0,5569856387.0,,100.0,6.758838774479536,2.53,0.16,-18.581414779508865,91787471.67,-0.08,1249920000000.0,0.11,-5536642.0,14139191.0,0.55,3.785,60036.0,1.78,,108.48,久其软件,58.487,,862206871.0,0,6.54,深市主板
SZ000078,,,0.1635,11,-1.34,False,0.01,3.78,2629786912.0,1.47,3.36,47.2148,-57.51,3865786761.0,,3867751188.0,,100.0,-55.99044585935553,47.93,0.0,-16.69441420613438,55935354.0,-0.02,913910400000.0,-0.3,-7107230.0,37733700.0,0.85,3.78,59970.0,1.43,,0.0,ST海王,-4.843,,2631123257.0,0,1.49,深市主板
SZ002787,175.1704694787941,0.0,3.4886,11,-3.76,False,0.01,4.478,248083238.0,24.55,7.57,60.5146,97.19,6090443493.0,1790697600000.0,8160388650.0,,100.0,7.617692736033884,270.36,0.33,-0.6123786753642335,266644348.0,-0.96,1451491200000.0,0.42,-15002059.0,10758200.0,0.85,4.478,59957.0,4.34,,43.98,华源控股,58.264,,332398723.0,0,25.51,深市主板
SZ002291,,0.0,1.8343,11,-0.91,False,0.01,1.736,869125270.0,5.43,2.74,53.6993,-15.02,4719350216.0,1790697600000.0,5037793017.0,,100.0,-7.974425290018178,-56.41,0.37,-21.243515883903697,110280966.24,-0.05,1251907200000.0,-0.26,5609361.0,20290667.0,0.59,1.75,59889.0,2.33,,23.22,遥望科技,-20.775,,927770353.0,0,5.48,深市主板
SZ002383,,0.0,4.2874,11,-0.78,False,0.01,3.875,740360305.0,7.62,6.38,80.4902,-39.48,5641545524.0,1790697600000.0,5641545524.0,,100.0,-11.777006043461512,-57.0,0.66,-11.291926448503432,145465228.74,-0.06,1270137600000.0,-0.25,15984986.0,18855753.0,0.55,3.875,59809.0,2.55,,147.3,合众思壮,-30.566,,740360305.0,0,7.68,深市主板
SZ300576,-5.839542862468694,0.0,9.1713,11,-3.66,False,0.01,5.981,261550576.0,25.78,6.39,70.3931,-26.33,6742773849.0,1790697600000.0,10407086256.0,0.248,100.0,5.3442793570192,1100.19,0.12,14.75676201780136,247992176.34,-0.98,1482163200000.0,0.23,-9764165.0,9462737.0,1.11,5.981,59585.0,3.62,,44.05,容大感光,114.576,,403688373.0,0,26.76,创业板
SZ002584,5.808719021710318,0.0,0.634,11,1.93,False,0.01,2.371,481139338.0,8.96,3.75,,-2.71,4311008468.0,1790697600000.0,5243539141.0,,100.0,1.7698914707850926,61.19,0.45,9.755302178982973,705972737.6,0.17,1306944000000.0,0.07,33180928.0,78566150.0,0.96,2.371,59511.0,16.33,,18.32,西陇科学,133.625,,585216422.0,0,8.79,深市主板
SZ300738,27.939239259707314,0.0,6.2395,11,-2.7,False,0.01,4.835,984894119.0,18.0,3.57,9.761,-2.59,17728094142.0,1790697600000.0,17733673422.0,0.078,100.0,6.665820126772326,899.11,-0.06,34.19910225080136,312943453.49,-0.5,1516291200000.0,0.24,-24942688.0,17143534.0,0.9,4.835,59503.0,1.74,,44.02,奥飞数据,73.579,,985204079.0,0,18.5,创业板
SZ002841,41.43205959473277,0.0,1.1034,11,-1.57,False,0.01,2.167,521345446.0,44.47,4.56,,15.61,23184231984.0,1790697600000.0,31092825656.0,2.73,100.0,15.828371980575534,258.34,0.11,18.029720471222312,296435292.6,-0.71,1484755200000.0,3.06,2171265.0,6598240.0,1.11,2.167,59474.0,1.27,,44.02,视源股份,14.552,,699186545.0,0,45.18,深市主板
SZ002017,0.5129867324305648,0.0,5.9464,11,-1.23,False,0.01,4.337,580172389.0,13.62,3.12,55.0145,-38.35,7901947938.0,1790697600000.0,7905482601.0,1.065,100.0,9.475961754968072,588.33,0.22,-1.0251859093098337,109548271.99,-0.17,1089648000000.0,0.29,3562848.0,7997400.0,0.75,4.337,59469.0,1.38,,56.28,东信和平,46.85,,580431909.0,0,13.79,深市主板
SZ002171,-4.309438107732177,0.0,0.2187,11,-1.22,False,0.01,1.754,1615241470.0,9.69,3.77,,-26.46,15651689844.0,1790697600000.0,15726267980.0,0.826,100.0,5.192635801731351,19.64,0.31,22.15483206646669,262653536.15,-0.12,1190304000000.0,0.27,-2682697.8900000006,26827648.0,0.68,1.754,59453.0,1.66,,260.21,楚江新材,36.076,,1622937872.0,0,9.81,深市主板
SZ000921,-3.568389286725593,0.0,0.4303,11,-0.97,False,0.01,2.104,923762921.0,26.52,3.32,9.9016,12.07,24498192665.0,1790697600000.0,36726518255.0,4.77,100.0,16.540385040827626,119.82,0.04,-0.887781595697168,178868600.88,-0.26,931795200000.0,2.0,13177117.0,6690496.0,1.45,2.104,59384.0,0.72,,100.4,海信家电,13.268,,1384861171.0,0,26.78,深市主板
SZ002191,,0.0,1.4651,11,-1.14,False,0.01,0.785,1402715536.0,3.46,2.0,37.7487,-17.42,4853395755.0,1790697600000.0,4892366766.0,,100.0,-6.51590996971299,-8.15,0.29,-0.9328007460117194,28847255.0,-0.04,1196784000000.0,-0.3,-5313026.0,8280100.0,0.95,0.785,59328.0,0.59,,73.79,劲嘉股份,-11.653,,1413978834.0,0,3.5,深市主板
SZ002161,,0.0,7.9914,11,-2.99,False,0.01,3.136,739609350.0,6.17,5.5,99.9501,-15.38,4563389690.0,1790697600000.0,4564303158.0,0.227,100.0,-9.970180344221946,10.93,0.0,-3.8383813825990543,110794571.03,-0.19,1187625600000.0,-0.21,6217443.0,17691488.0,0.6,3.136,59282.0,2.39,,329.32,远望谷,-29.962,,739757400.0,0,6.36,深市主板
SZ300487,5.778707624272483,0.0,11.3073,11,-3.37,False,0.01,7.206,308024558.0,64.77,5.09,35.0804,5.34,19950750622.0,1790697600000.0,32977053437.0,0.449,100.0,19.85901113967394,2098.8,0.12,7.333542880557875,217411111.32,-2.26,1435766400000.0,1.71,-3072649.0,3302731.0,1.18,7.205,59268.0,1.07,,44.03,蓝晓科技,37.77,,509140859.0,0,67.03,创业板
SZ002302,,0.0,0.3626,11,-0.85,False,0.01,0.761,1262354304.0,4.68,1.91,51.5033,-23.53,5907818143.0,1790697600000.0,5907818143.0,,100.0,-9.57245700972282,-22.39,-0.21,-14.151714637613644,19973747.0,-0.04,1257177600000.0,-0.67,-4807924.0,4236100.0,0.56,0.761,59216.0,0.34,,105.4,西部建设,-7.02,,1262354304.0,0,4.72,深市主板
SZ300298,-26.37256145103679,0.0,1.8062,11,-1.84,False,0.01,3.012,448001059.0,16.0,2.82,15.6508,-6.49,7168016944.0,1790697600000.0,8909534288.0,,100.0,4.1494937354435635,213.61,-0.19,8.762862236963787,69429401.47,-0.3,1332086400000.0,0.24,-4515935.0,4314902.0,1.23,3.012,59198.0,0.96,,18.52,三诺生物,66.822,,556845893.0,0,16.3,创业板
SZ002060,-27.94695169462319,0.0,0.1778,11,0.65,False,0.01,0.82,1562823660.0,3.08,1.63,24.5312,-11.07,4813496873.0,1790697600000.0,11563531185.0,4.545,100.0,6.790778264903106,115.51,0.0,-9.571409197608837,59165138.92,0.02,1155139200000.0,0.25,6414076.0,19182888.0,1.37,0.82,59117.0,1.23,,39.88,广东建工,12.304,,3754393242.0,0,3.06,深市主板
SZ300035,82.52716184422665,0.0,0.8718,11,4.15,False,0.01,1.773,586635518.0,12.8,4.23,,-38.94,7508934630.0,1790697600000.0,8773461389.0,1.953,100.0,7.089065214485483,135.32,0.31,35.50078084914128,291231963.87,0.51,1261670400000.0,0.5,23407980.0,22829399.0,2.4,1.773,58899.0,3.89,,34.17,中科电气,25.458,,685426671.0,0,12.29,创业板
SZ002741,,0.0,2.8295,11,-4.74,False,0.01,5.604,430026595.0,23.73,5.18,,18.82,10204531099.0,1790697600000.0,11119932816.0,0.417,100.0,7.32921673467478,349.54,-0.04,24.402114829993838,810792697.29,-1.18,1424016000000.0,0.3,33158057.409999996,33697007.0,0.73,5.562,58873.0,7.84,,44.03,光华科技,78.352,,468602310.0,0,24.91,深市主板
SZ002519,-56.112452659899795,0.0,7.9225,11,-1.08,False,0.01,2.794,1123444309.0,5.51,5.39,,-14.97,6190178143.0,1790697600000.0,6206634248.0,,100.0,-2.1815093751927987,28.2,0.0,1.3528159765074266,194133771.0,-0.06,1291651200000.0,-0.04,-2258372.0,34632000.0,0.73,2.794,58760.0,3.08,,41.09,银河电子,-125.597,,1126430898.0,0,5.57,深市主板
SZ002553,49.3584860414334,0.0,6.6633,11,-3.77,False,0.01,3.623,256209639.0,16.33,5.6,56.4035,-39.87,4183903405.0,1790697600000.0,5771179405.0,0.612,100.0,12.090507329994594,293.49,0.25,9.391920930738573,342687715.94,-0.64,1298563200000.0,0.5,19565304.0,20586727.0,0.87,3.623,58570.0,8.04,,48.0,南方精工,32.699,,353409639.0,0,16.97,深市主板
SZ002693,-34.81642243794509,,12.1811,11,-1.3,False,0.01,8.857,410981596.0,9.1,4.12,45.4376,30.75,3739932524.0,,3773676725.0,,100.0,12.767852357385747,11.11,0.33,17.77716932012463,136493434.0,-0.12,1344355200000.0,0.12,-6557572.0,14882700.0,1.08,8.856,58512.0,3.62,,32.55,双成药业,73.795,,414689750.0,0,9.22,深市主板
SZ300131,,0.0,2.5795,11,-4.41,False,0.01,8.68,1062883836.0,13.0,7.94,,-11.32,13817489868.0,1790697600000.0,14755253305.0,,100.0,-0.41398962208852264,448.11,0.08,5.78968613487818,540889195.37,-0.6,1287417600000.0,-0.01,20899905.0,40457424.0,0.98,8.68,58509.0,3.81,,22.97,英唐智控,-2044.263,,1135019485.0,0,13.6,创业板
SZ000737,53.928738801608155,0.0,0.7029,11,1.04,False,0.01,3.273,1904542585.0,13.58,3.27,6.7351,-10.8,25863688304.0,1790697600000.0,25866049187.0,1.031,100.0,23.556010482071514,,0.15,71.35759070750962,739478790.17,0.14,862156800000.0,0.89,34691937.0,53885451.0,0.84,3.273,58498.0,2.83,,,北方铜业,15.219,,1904716435.0,0,13.44,深市主板
SZ300255,-45.00992872550713,0.0,23.411,11,-4.58,False,0.01,16.94,917695878.0,21.89,6.41,,-64.75,20088362769.0,1790697600000.0,20118242619.0,,100.0,-25.404899396959706,511.83,0.23,-15.631098936383426,508587241.86,-1.05,1313683200000.0,-0.38,-43336513.0,22836126.0,1.1,16.94,58492.0,2.49,,10.89,常山药业,-58.218,,919060878.0,0,22.94,创业板
SZ002234,-32.421270668240076,,1.2357,11,-1.52,False,0.01,1.626,301408639.0,7.8,3.03,19.0224,-9.51,2350987384.0,,2721889654.0,,100.0,-8.533161056261719,-48.46,-0.26,2.769498832094963,36010260.0,-0.12,1210867200000.0,-0.43,-1821458.0,4573900.0,1.12,1.625,58488.0,1.52,,211.97,民和股份,-18.236,,348960212.0,0,7.92,深市主板
SZ000652,,0.0,0.4384,11,-0.3,False,0.01,0.894,1458222470.0,3.32,3.0,,-20.19,4841298600.0,1790697600000.0,4844988757.0,,100.0,-5.296918693151788,684.5,0.0,-42.530513892589525,38441211.8,-0.01,849110400000.0,-0.2,-2479777.0,11479380.0,1.12,0.894,58460.0,0.79,,408.93,泰达股份,-16.369,,1459333963.0,0,3.33,深市主板
SZ002661,-13.354708268697923,,0.5674,11,0.26,False,0.01,1.128,308417401.0,7.58,2.25,5.0496,-14.32,2337803900.0,,2454755272.0,3.707,100.0,-2.4281488940424607,-13.18,0.53,-5.862759309312526,32978437.0,0.02,1331827200000.0,-0.17,943131.0,4352400.0,0.81,1.16,58336.0,1.41,,28.57,克明食品,-45.069,,323846342.0,0,7.56,深市主板
SZ000676,-8.597486086066175,0.0,1.954,11,-2.44,False,0.01,1.871,1259028332.0,6.4,4.42,39.8318,-25.84,8057781325.0,1790697600000.0,8062650976.0,,100.0,4.729843700967152,405.85,0.0,12.160091127893491,277604961.98,-0.16,851356800000.0,0.16,-10482418.0,43138035.0,0.34,1.871,58331.0,3.43,,147.12,智度股份,39.825,,1259789215.0,0,6.56,深市主板
SZ300044,76.25618358749276,,31.6188,11,-2.2,False,0.01,,715416346.0,5.77,2.54,1381.8498,44.61,4127952316.0,,4407525446.0,,100.0,238.58259205720188,46.12,-0.35,-30.815010611985926,53709008.25,-0.13,1263916800000.0,-1.64,435136.0,9176373.0,0.91,-3.824,58272.0,1.28,,29.09,*ST赛为,-3.51,,763869228.0,0,5.9,创业板
SZ000750,51.89255476607666,0.0,5.6031,11,-0.83,False,0.01,0.997,5796203977.0,3.58,2.22,2.1248,-14.89,20750410238.0,1790697600000.0,22862504628.0,1.257,100.0,4.207326056202451,201.3,0.0,4.77184119683558,119236883.4,-0.03,868377600000.0,0.15,-26772585.0,33108765.0,1.13,0.997,58214.0,0.57,,128.9,国海证券,24.059,,6386174477.0,0,3.61,深市主板
SZ300436,-13.888305590086292,0.0,31.4233,11,-4.42,False,0.01,64.181,136723469.0,79.98,3.85,,-10.29,10935143051.0,1790697600000.0,13438750592.0,,100.0,-87.34889226234704,529.32,-0.02,1.2595791838678094,229110533.1,-3.7,1429632000000.0,-1.31,-21861251.0,2808472.0,1.37,14.62,58187.0,2.05,,44.01,广生堂,-61.28,,168026389.0,0,83.68,创业板
SZ000951,30.90271278047365,0.0,0.3366,11,-0.4,False,0.01,1.423,1168994951.0,20.15,1.93,7.8795,22.42,23555248263.0,1790697600000.0,23555248263.0,5.226,100.0,12.28179200737665,1538.21,0.1,26.305721794592163,138316301.35,-0.08,943459200000.0,1.69,-1976588.0,6856662.0,0.84,1.423,58114.0,0.59,,85.37,中国重汽,11.958,,1168994951.0,0,20.23,深市主板
SZ300957,-7.5364288299472175,0.0,2.4755,11,-0.31,False,0.01,2.244,423600000.0,32.6,2.39,13.4919,-15.97,13809360000.0,1790697600000.0,13809360000.0,2.436,100.0,9.026452524100225,-80.36,0.31,1.971285401340439,153609144.14,-0.1,1616601600000.0,1.3,-2202202.0,4695822.0,0.92,2.244,58100.0,1.11,,244.01,贝泰妮,25.069,,423600000.0,0,32.7,创业板
SZ002378,129.27231159641588,0.0,2.8904,11,-1.51,False,0.01,8.669,1195897946.0,20.81,3.22,,47.21,24886636256.0,1790697600000.0,25001501629.0,0.577,100.0,34.19230399602925,112.19,0.14,55.060054915249836,256899256.48,-0.32,1269964800000.0,0.72,9128560.0,12247295.0,0.95,8.669,58055.0,1.02,,130.46,章源钨业,28.972,,1201417666.0,0,21.13,深市主板
SZ000543,3.2335890889424457,0.0,0.6561,11,3.36,False,0.01,0.934,2266863331.0,7.39,3.92,3.2313,-2.34,16752120016.0,1790697600000.0,16752120016.0,5.129,100.0,10.844424448183833,475.86,0.0,-5.15840322396831,350792565.45,0.24,756316800000.0,0.81,99314508.0,47885306.0,2.69,0.934,57989.0,2.11,,148.0,皖能电力,9.071,,2266863331.0,0,7.15,深市主板
SZ000736,,,1.5818,11,-2.27,False,0.01,2.887,747098401.0,4.74,3.71,,-11.73,3541246421.0,,3541246421.0,,100.0,28.963253552021456,-23.39,0.21,-70.32403910837816,116559309.58,-0.11,861897600000.0,-0.68,-4390066.0,24337153.0,0.92,2.887,57899.0,3.26,,468.48,中交发展,-6.923,,747098401.0,0,4.85,深市主板
SZ002467,,0.0,8.2864,11,5.53,False,0.01,4.58,1368201384.0,5.15,6.56,69.0474,-15.44,7046237128.0,1790697600000.0,7083165146.0,,100.0,-19.61897713252204,42.45,0.19,0.9877732654342886,641325241.63,0.27,1283875200000.0,-0.25,123260903.0,127120579.0,1.3,4.58,57882.0,9.29,,59.58,二六三,-20.863,,1375371873.0,0,4.88,深市主板
SZ000975,46.737098016379996,0.0,3.5052,11,-2.72,False,0.01,3.856,2523214817.0,22.14,2.72,11.9687,-7.43,55863976048.0,1790697600000.0,61383757433.0,2.168,100.0,25.716758584914317,1521.62,0.05,30.133323424117474,513403830.63,-0.62,960393600000.0,1.37,-4860479.0,23065763.0,0.65,3.856,57811.0,0.91,,120.61,山金国际,16.186,,2772527436.0,0,22.76,深市主板
SZ000993,-53.01290608271809,0.0,14.8454,11,3.8,False,0.01,3.219,457951455.0,17.74,5.62,38.142,50.74,8124058812.0,1790697600000.0,8124058812.0,1.015,100.0,0.6699673570042126,154.43,0.28,-31.06427812321213,1139143542.85,0.65,964972800000.0,0.04,-23981292.0,64808690.0,0.9,3.219,57729.0,14.15,,34.61,闽东电力,475.001,,457951455.0,0,17.09,深市主板
SZ002270,11.449633793924185,0.0,6.1225,11,3.7,False,0.01,4.702,896225431.0,17.67,3.64,21.2525,-28.85,15836303366.0,1790697600000.0,15836303366.0,3.792,100.0,22.383436920383758,304.68,0.17,12.234359917247438,279740316.91,0.63,1220544000000.0,0.82,27551576.0,15906521.0,1.69,4.702,57681.0,1.77,,41.84,华明装备,21.661,,896225431.0,0,17.04,深市主板
SZ002165,,0.0,1.668,11,2.65,False,0.01,2.574,727765396.0,6.98,2.94,,-7.31,5079802464.0,1790697600000.0,5132183462.0,0.43,100.0,-0.772004609463981,36.96,0.29,9.038296638708232,293328874.76,0.18,1189612800000.0,-0.02,7453582.0,42101605.0,1.08,2.574,57422.0,5.79,,297.35,红宝丽,-330.421,,735269837.0,0,6.8,深市主板
SZ001270,25.556529401462157,0.0,44.3948,11,0.93,False,0.01,11.769,204803256.0,90.33,6.6,198.9768,-1.32,18499878114.0,1790697600000.0,18618359007.0,0.221,100.0,9.071707933452764,536.94,0.07,14.760176575572604,561009182.23,0.83,1654444800000.0,0.66,50847814.0,6102109.0,1.28,11.769,57297.0,2.98,,44.0,铖昌科技,136.127,,206114901.0,0,89.5,深市主板
SZ300010,,,9.5843,11,-1.57,False,0.01,5.898,1636774393.0,5.02,8.43,,-30.66,8216607453.0,,10374395548.0,,100.0,-3.2995557540770215,-1.3,0.2,5.832876531654452,442023394.0,-0.08,1256832000000.0,-0.03,-6649373.0,85096700.0,1.09,5.898,57215.0,5.2,,87.5,ST豆神,-178.949,,2066612659.0,0,5.1,创业板
SZ002025,-28.866401562467924,0.0,4.758,11,-3.75,False,0.01,4.388,453871299.0,64.5,7.91,,28.9,29274698786.0,1790697600000.0,29284275294.0,0.202,100.0,3.4173342445053856,2823.58,0.4,1.4496578664860094,625343455.48,-2.51,1090771200000.0,0.49,6042768.0,9619458.0,1.49,4.388,57180.0,2.12,,105.14,航天电器,130.6,,454019772.0,0,67.01,深市主板
SZ300567,14.011623698143794,0.0,12.9707,11,-4.8,False,0.01,8.801,227049740.0,175.19,7.15,,92.28,39776843951.0,1790697600000.0,49008849951.0,0.114,100.0,2.689663368758785,2186.18,0.43,21.81980190185733,1122105636.01,-8.84,1479744000000.0,0.46,16386424.0,6269074.0,1.37,8.801,57172.0,2.76,,43.98,精测电子,378.771,,279746846.0,0,184.03,创业板
SZ002272,-17.917557692504626,0.0,3.6234,11,-2.64,False,0.01,4.494,418930773.0,13.62,6.08,,-16.7,5705837128.0,1790697600000.0,6604028826.0,,100.0,-2.339156508568672,266.09,0.22,4.671656044650074,225380299.99,-0.37,1221753600000.0,-0.07,-261038.0,16247396.0,0.89,4.494,57138.0,3.88,,254.41,川润股份,-190.766,,484877300.0,0,13.99,深市主板
SZ000503,73.53034902316197,0.0,21.6752,11,2.6,False,0.01,6.913,979235472.0,7.89,5.46,,-11.15,7726167874.0,1790697600000.0,7726302004.0,,100.0,-33.59328116268288,601.71,0.0,4.107970396520466,420493192.98,0.2,723052800000.0,-0.42,60243335.0,53319155.0,1.27,6.913,57102.0,5.44,,1170.0,国新健康,-18.976,,979252472.0,0,7.69,深市主板
SZ300393,,0.0,2.7009,11,-2.88,False,0.01,3.447,944024950.0,5.73,4.92,10.2471,-14.48,5409262964.0,1790697600000.0,6243564761.0,,100.0,-61.92877791752856,83.64,0.0,-49.59050730178009,84615845.3,-0.17,1410451200000.0,-1.42,-8752094.0,14567807.0,1.17,3.447,57080.0,1.54,,43.97,中来股份,-4.033,,1089627358.0,0,5.9,创业板
SZ300653,-32.22188111533075,,8.4893,11,-0.56,False,0.01,3.268,180000000.0,15.85,2.89,36.6651,-19.27,2853000000.0,,2853000000.0,1.741,100.0,8.056599049909403,165.06,0.06,-9.194148914742417,34183787.25,-0.09,1494864000000.0,0.39,-2403639.0,2150125.0,1.15,3.268,56944.0,1.19,,44.03,正海生物,41.019,,180000000.0,0,15.94,创业板
SZ002145,11.300026296161159,0.0,2.0741,11,1.74,False,0.01,1.344,3806474258.0,4.67,2.83,56.8626,-3.85,17776234785.0,1790697600000.0,17777159095.0,0.835,100.0,4.092004632800172,-33.56,0.0,23.90470353477385,275167147.85,0.08,1186070400000.0,0.14,5679955.0,59685850.0,0.82,1.344,56925.0,1.57,,500.9,钛能化学,34.361,,3806672183.0,0,4.59,深市主板
SZ300353,-54.58102288068834,0.0,10.8411,11,-4.86,False,0.01,4.393,540560447.0,15.85,5.7,688.4733,-22.15,8567883085.0,1790697600000.0,9746052164.0,,100.0,6.764119539655343,418.62,-0.38,-12.601731772358814,158897512.42,-0.81,1348675200000.0,0.24,-23688260.0,9828044.0,1.09,4.393,56881.0,1.82,,6.02,东土科技,67.042,,614892881.0,0,16.66,创业板
SZ000685,58.29432752099286,0.0,3.3484,11,-0.28,False,0.01,0.806,1246581940.0,10.64,1.41,17.061,-5.41,13263631842.0,1790697600000.0,15616659223.0,3.618,100.0,14.219291070492673,1106.9,0.28,-3.138074958527648,108372431.38,-0.03,853948800000.0,1.79,-21777433.0,10169568.0,1.51,0.806,56849.0,0.82,,137.24,中山公用,5.943,,1467731130.0,0,10.67,深市主板
SZ000603,171.53864170049107,0.0,7.5398,11,-4.27,False,0.01,5.434,666716359.0,29.58,4.82,15.5782,-4.04,19721469899.0,1790697600000.0,20409293255.0,0.406,100.0,25.11801101530648,903.83,0.2,11.551300051170843,557939799.79,-1.32,840729600000.0,1.24,2882274.0,18666844.0,0.83,5.434,56766.0,2.8,,69.38,盛达资源,23.943,,689969346.0,0,30.9,深市主板
SZ002298,19.054218008428858,0.0,3.9927,11,1.14,False,0.01,3.51,665325012.0,8.86,3.77,,-15.13,5894779606.0,1790697600000.0,6557382583.0,,100.0,-20.372590618835893,106.22,0.23,-12.297430592856863,316184475.8,0.1,1254153600000.0,-0.54,-662087.0,35901547.0,0.74,3.51,56612.0,5.4,,61.58,中电鑫龙,-16.472,,740110901.0,0,8.76,深市主板
SZ002975,,0.0,8.9272,11,-3.85,False,0.01,8.258,138263119.0,98.02,8.22,177.2182,65.46,13552550924.0,1790697600000.0,20400974743.0,0.073,100.0,12.782235811802739,530.68,0.33,50.1211738026079,1012090714.19,-3.93,1580832000000.0,1.43,-36662567.0,10083366.0,0.82,8.258,56604.0,7.29,,43.99,博杰股份,68.656,,208130736.0,0,101.95,深市主板
SZ000801,8.736555248195476,0.0,2.5225,11,-1.23,False,0.01,3.926,1015939973.0,11.27,3.94,113.3161,-33.43,11449643496.0,1790697600000.0,11453980034.0,0.177,100.0,6.886166464714691,964.21,0.0,8.734262220759991,117105367.0,-0.14,894384000000.0,0.2,-3545320.0,10277500.0,1.49,3.926,56574.0,1.01,,0.0,四川九洲,56.18,,1016324759.0,0,11.41,深市主板
SZ002501,-17.14012892533606,,19.1219,11,0.0,False,0.01,32.979,3545292606.0,1.3,3.08,,-47.79,4608880388.0,,4615000000.0,,100.0,-70.99536932030746,-78.28,0.0,-17.869307296125758,38713310.0,0.0,1289923200000.0,-0.04,6344560.0,29612500.0,1.44,32.995,56485.0,0.84,,27.43,*ST利源,-29.946,,3550000000.0,0,1.3,深市主板
SZ301171,-26.429577011499138,0.0,4.4355,11,-4.88,False,0.01,5.033,501884661.0,31.02,5.06,75.6357,-0.39,15568462184.0,1790697600000.0,19186521172.0,0.087,100.0,2.4891257026406675,46.12,0.13,31.941333044391218,933552899.76,-1.59,1660838400000.0,0.15,5696997.0,29731202.0,0.73,5.033,56389.0,5.92,,45.21,易点天下,206.213,,618520992.0,0,32.61,创业板
SZ000811,0.04405902022361907,0.0,4.6365,11,-3.34,False,0.01,5.425,985180553.0,35.56,7.77,40.9741,92.4,35033020465.0,1790697600000.0,35292517147.0,0.281,100.0,9.864904518000655,3773.22,0.57,3.534147047959668,831424120.7,-1.23,896284800000.0,0.61,22737623.0,22814984.0,0.82,5.425,56359.0,2.32,,0.0,冰轮环境,57.896,,992477985.0,0,36.79,深市主板
SZ002244,-11.193934049510435,0.0,0.4568,11,0.69,False,0.01,1.035,2757549340.0,10.21,7.2,3.1119,2.42,28154578761.0,1790697600000.0,31767842117.0,0.666,100.0,6.035607699806186,173.73,0.29,-5.971209820019608,1052680168.18,0.07,1211990400000.0,0.58,46779257.75,103934764.0,1.28,1.035,56350.0,3.77,,19.65,滨江集团,17.51,,3111443890.0,0,10.14,深市主板
SZ300503,,0.0,8.7944,11,-4.43,False,0.01,11.408,243281959.0,58.25,5.96,117.866,-8.48,14171174112.0,1790697600000.0,18097619455.0,0.17,100.0,20.218432938813173,1515.72,0.19,38.282552079889356,426741687.21,-2.7,1457452800000.0,0.93,15890972.0,7212191.0,0.8,11.318,56334.0,2.96,,44.04,昊志机电,62.792,,310688746.0,0,60.95,创业板
SZ002315,5.478732247087437,0.0,4.8424,11,-2.66,False,0.01,3.608,264059609.0,24.15,3.67,10.6319,-28.93,6377039557.0,1790697600000.0,9978361529.0,4.294,100.0,17.295524288877,64.28,0.0,13.17013736330388,134683953.82,-0.66,1260288000000.0,1.14,-7870323.0,5534792.0,0.65,3.599,56234.0,2.1,,71.86,焦点科技,21.273,,413182672.0,0,24.81,深市主板
SZ000610,25.48469992467095,,3.2931,11,0.4,False,0.01,,235504294.0,7.53,6.8,,-39.57,1773347334.0,,1782711695.0,,100.0,-867.9207476337185,147.03,0.0,-1.880047120468542,53555546.0,0.03,843667200000.0,-1.24,743752.0,7362300.0,0.77,-15.773,56188.0,3.13,,128.95,*ST西旅,-6.07,,236747901.0,0,7.5,深市主板
SZ002567,138.59882819065353,0.0,0.2292,11,-2.16,False,0.01,1.39,1431666421.0,3.62,3.78,27.5456,-17.73,5182632444.0,1790697600000.0,5187646043.0,,100.0,-45.608743126719695,-31.17,0.0,-7.778175978838398,70539676.37,-0.08,1300982400000.0,-1.52,-5451010.0,19411973.0,0.94,1.39,56155.0,1.36,,5.67,唐人神,-2.387,,1433051393.0,0,3.7,深市主板
SZ300573,55.036278764335655,0.0,4.6686,11,-2.11,False,0.01,5.851,271997626.0,35.66,3.27,15.0441,-24.7,9699435343.0,1790697600000.0,12656367821.0,2.787,100.0,40.366936359782606,2449.33,-0.03,26.620759331580057,143353775.3,-0.77,1481126400000.0,2.23,-4408666.0,3982698.0,1.15,5.891,56095.0,1.46,,43.99,兴齐眼药,15.992,,354917774.0,0,36.43,创业板
SZ000665,19.56509675499194,0.0,3.2312,11,-1.46,False,0.01,1.507,1137119780.0,4.05,2.19,51.6887,-30.41,4605335109.0,1790697600000.0,4605455455.0,,100.0,-30.483576177689446,45.96,0.25,-11.871764749018098,73767790.17,-0.06,850147200000.0,-0.97,-15855690.0,18136531.0,0.61,1.507,56094.0,1.59,,2198.0,湖北广电,-4.19,,1137149495.0,0,4.11,深市主板
SZ002180,,0.0,2.7341,11,4.28,False,0.01,2.61,1376342694.0,16.83,7.0,31.6192,-16.77,23163847540.0,1790697600000.0,23930222274.0,,100.0,-3.385024986576192,147.13,0.0,-36.658409936424604,245566862.35,0.69,1194883200000.0,-0.22,1691339.0,15055408.0,1.64,2.61,56059.0,1.09,,163.54,奔图科技,-74.98,,1421878923.0,0,16.14,深市主板
SZ002429,-21.41935443709716,0.0,1.918,11,-1.01,False,0.01,2.128,4524330393.0,7.84,7.2,21.1578,6.44,35470750281.0,1790697600000.0,35491214359.0,1.11,100.0,6.309278503684281,138.6,0.0,3.92775148392992,629380576.42,-0.08,1276099200000.0,0.23,-25723608.0,78277762.0,1.52,2.128,55948.0,1.73,,10.03,兆驰股份,34.357,,4526940607.0,0,7.92,深市主板
SZ002051,-13.757266781680254,0.0,0.8856,11,-2.29,False,0.01,0.913,1226411925.0,8.54,2.4,,-5.07,10473557839.0,1790697600000.0,10474166058.0,1.698,100.0,2.312335445315399,185.13,-0.12,-0.45795684040952356,148852604.25,-0.2,1150646400000.0,0.22,-7228010.0,17313731.0,0.66,0.913,55946.0,1.41,,332.03,中工国际,39.158,,1226483145.0,0,8.74,深市主板
SZ002258,-9.9089527495002,0.0,1.1787,11,-1.15,False,0.01,1.377,799080895.0,13.72,3.24,11.6444,6.78,10963389879.0,1790697600000.0,10981998768.0,1.458,100.0,5.785587076771489,211.68,0.0,7.030090355009766,132094716.0,-0.16,1215446400000.0,0.57,4114061.0,9524200.0,0.62,1.377,55912.0,1.19,,38.85,利尔化学,23.991,,800437228.0,0,13.88,深市主板
SZ002906,25.501216213094313,0.0,0.9184,11,-3.64,False,0.01,1.888,524701333.0,25.65,4.62,11.5282,-14.76,13458589191.0,1790697600000.0,13464173402.0,1.949,100.0,12.29708029850527,70.1,0.12,33.5765889206256,169000223.32,-0.97,1507824000000.0,1.6,-18235932.0,6510804.0,1.47,1.888,55678.0,1.24,,43.97,华阳集团,16.0,,524919041.0,0,26.62,深市主板
SZ002528,62.89963344036909,,16.234,11,-1.46,False,0.01,,1050219577.0,6.08,4.86,,126.87,6385335028.0,,7287944499.0,,100.0,1463.5213731249241,-34.69,0.66,-34.17716278043758,101582388.0,-0.09,1293120000000.0,-0.33,-9126138.0,16521900.0,0.8,-33.536,55629.0,1.57,,7.12,*ST英飞,-18.631,,1198675082.0,0,6.17,深市主板
SZ000958,32.37261018561233,0.0,8.2023,11,1.01,False,0.01,1.797,5383418520.0,4.99,1.21,31.3278,-22.87,26863258415.0,1790697600000.0,91399459515.0,0.641,100.0,8.695769344380508,110.29,0.2,17.21507676515317,54743340.86,0.05,945878400000.0,0.17,10360393.0,10994938.0,1.06,1.797,55593.0,0.2,,107.89,电投产融,29.619,,18316524953.0,0,4.94,深市主板
SZ002838,56.10762533999101,0.0,1.622,11,-1.22,False,0.01,3.025,420639371.0,24.25,7.01,775.1427,0.98,10200504747.0,1790697600000.0,11601161249.0,0.981,100.0,9.256680380167046,575.43,0.25,22.534371876654212,147819720.14,-0.3,1483632000000.0,0.71,-4465659.0,5959582.0,1.34,3.025,55506.0,1.42,,43.98,道恩股份,33.94,,478398402.0,0,24.55,深市主板
SZ300222,,0.0,2.2276,11,-2.1,False,0.01,4.022,652113509.0,9.33,4.93,51.3996,-14.41,6084219039.0,1790697600000.0,7298124113.0,0.429,100.0,5.550260772185603,83.02,0.32,4.610473551550354,132632350.99,-0.2,1306252800000.0,0.12,-8664561.0,14013557.0,1.24,4.002,55394.0,2.15,,-3.55,科大智能,74.64,,782221234.0,0,9.53,创业板
SZ000789,,,0.8298,11,0.0,False,0.01,0.527,797420215.0,4.17,1.44,10.3538,-17.54,3325242297.0,,3325242297.0,3.429,100.0,-0.9228111915666033,335.05,0.24,-25.212701631788338,22217702.5,0.0,874944000000.0,-0.08,367153.0,5320295.0,0.8,0.527,55263.0,0.67,,0.0,万年青,-55.362,,797420215.0,0,4.17,深市主板
SZ002091,-11.44925058033378,0.0,0.306,11,0.92,False,0.01,0.77,1602372071.0,7.64,1.85,5.4143,-12.22,12242122622.0,1790697600000.0,12435839888.0,6.152,100.0,7.638206783259731,366.48,0.0,4.129671611703656,64213512.3,0.07,1165507200000.0,0.75,7893989.0,8409965.0,1.13,0.793,55239.0,0.52,,76.25,江苏国泰,10.21,,1627727734.0,0,7.57,深市主板
SZ300213,1.272635545286982,0.0,4.304,11,-2.15,False,0.01,1.842,552590868.0,6.36,4.15,17.2835,-33.19,3514477920.0,1790697600000.0,3780159238.0,,100.0,-7.086200312528058,104.74,0.63,-7.185801900509736,76674751.0,-0.14,1304524800000.0,-0.25,-9198351.0,12044300.0,1.11,1.842,55116.0,2.18,,-9.86,佳讯飞鸿,-25.1,,594364660.0,0,6.5,创业板
SZ002208,235.97430916513673,0.0,0.8816,11,-2.63,False,0.01,1.344,803038706.0,9.63,4.15,,-22.21,7733262739.0,1790697600000.0,7735700939.0,,100.0,-11.857513743426978,74.89,0.21,-2.8682966855842373,211780685.11,-0.26,1201449600000.0,-0.9,-9697859.0,21706238.0,0.84,1.344,55068.0,2.7,,79.49,合肥城建,-10.664,,803291894.0,0,9.89,深市主板
SZ002771,-4.240962136764603,,8.7118,11,-1.69,False,0.01,4.847,180592355.0,13.41,3.37,36.5095,-11.37,2421743481.0,,2812936581.0,,100.0,-8.504272361457426,116.04,0.07,-19.187371273506137,66692063.0,-0.23,1435507200000.0,-0.25,7489385.0,4963100.0,0.79,4.847,55021.0,2.75,,43.98,真视通,-54.569,,209764100.0,0,13.64,深市主板
SZ002408,96.00096153808111,0.0,0.5532,11,1.34,False,0.01,1.347,2751751309.0,5.29,3.07,11.5237,8.4,14556764425.0,1790697600000.0,15042319813.0,,100.0,-4.206646915007535,83.73,0.19,4.174727281114943,101219505.63,0.07,1274112000000.0,-0.17,534199.0,19173455.0,1.27,1.346,54978.0,0.7,,-7.55,齐翔腾达,-31.256,,2843538717.0,0,5.22,深市主板
SZ300034,-23.83784559342986,0.0,3.051,11,-1.38,False,0.01,3.108,767055977.0,15.06,4.26,12.514,-22.93,11551863014.0,1790697600000.0,12002241139.0,0.239,100.0,3.3226852966085434,176.63,-0.26,7.035438569519004,125507952.48,-0.21,1261670400000.0,0.16,2307427.0,8199462.0,1.26,3.108,54870.0,1.07,,46.13,钢研高纳,94.87,,796961563.0,0,15.27,创业板
SZ000403,-37.43657269956022,0.0,3.7771,11,-2.19,False,0.01,1.161,940682787.0,9.84,3.58,,-28.12,9256318624.0,1790697600000.0,9351910278.0,1.504,100.0,3.3553975202192956,1582.05,0.2,-1.6611680391973138,59912147.97,-0.22,835891200000.0,0.28,-7743848.0,6022185.0,1.02,1.161,54634.0,0.64,,46.83,派林生物,34.925,,950397386.0,0,10.06,深市主板
SZ000793,,,22.789,11,-2.51,False,0.01,3.214,2664703163.0,1.94,3.52,76.675,-26.88,5169524136.0,,8524243610.0,,100.0,-1.5446467868955045,146.19,0.0,-10.695237092946607,20890899.0,-0.05,870105600000.0,0.0,-4329594.0,10636800.0,1.21,3.214,54532.0,0.4,,94.43,ST华闻,-395.344,,4393940005.0,0,1.99,深市主板
SZ000582,-1.0778778207565454,0.0,2.953844164664865,11,0.0,False,0.01,1.099,2156848223.0,8.97,,7.752916920571344,-3.79,19346928560.0,1790697600000.0,22578247786.0,1.761,100.0,5.4284351409457825,509.54,0.0,3.376511879275901,0.0,0.0,815241600000.0,0.42,8049685.0,0.0,0.0,1.099,54496.0,0.0,,748.0,北部湾港,21.2,,2517084480.0,0,8.97,深市主板
SZ300161,-12.275368927036245,0.0,3.0526,11,-1.85,False,0.01,3.316,195467185.0,25.5,3.5,32.4937,-12.13,4984413218.0,1790697600000.0,5066771103.0,0.078,100.0,0.4268725551846024,31.92,0.12,-4.6348607805482445,46185057.52,-0.48,1294848000000.0,0.03,174638.0,1788601.0,0.88,3.316,54431.0,0.92,,7.38,华中数控,780.148,,198696906.0,0,25.98,创业板
SZ000739,-7.830247509449806,0.0,3.4466,11,-1.27,False,0.01,4.808,1157979723.0,27.26,6.74,35.5882,70.46,31566527249.0,1790697600000.0,31579171882.0,1.343,100.0,12.766107549244973,2419.41,0.81,-8.927220475908948,603389680.21,-0.35,863107200000.0,0.73,-7424340.0,21923541.0,1.13,4.808,54387.0,1.89,,0.0,普洛药业,37.152,,1158443576.0,0,27.61,深市主板
SZ002365,,0.0,3.9472,11,-2.67,False,0.01,1.931,245642601.0,13.12,4.53,32.2207,-11.28,3222830925.0,1790697600000.0,3866234400.0,0.747,100.0,2.6941427992790303,1.51,0.08,7.29430436443288,216112987.0,-0.36,1267718400000.0,0.18,3504327.0,16304000.0,0.72,1.931,54301.0,6.64,,40.48,永安药业,72.393,,294682500.0,0,13.48,深市主板
SZ300465,-12.748820005427975,0.0,4.9052,11,-1.45,False,0.01,6.944,443749357.0,10.84,3.18,27.9257,-46.15,4810243030.0,1790697600000.0,4810243030.0,,100.0,3.546531906073367,159.08,0.0,-12.778037863338021,61441033.0,-0.16,1432742400000.0,0.05,-206558.0,5630000.0,0.9,6.944,54226.0,1.27,,43.96,高伟达,199.938,,443749357.0,0,11.0,创业板
SZ300773,95.39803625094316,0.0,2.5408828513652755,11,0.0,False,0.01,3.374,1028610729.0,14.38,,43.04387773662264,-27.25,14791422283.0,1790697600000.0,15635818601.0,3.38,100.0,39.684377521603714,19.85,-0.07,4.693441453977343,0.0,0.0,1556121600000.0,1.48,,0.0,0.0,3.374,54209.0,0.0,,43.99,拉卡拉,9.71,,1087330918.0,0,14.38,创业板
SZ000536,-15.306082479508099,0.0,7.2105,11,-1.8,False,0.01,16.81,2763212335.0,3.28,3.89,129.3951,-32.79,9063336459.0,1790697600000.0,9072587594.0,,100.0,-148.04023396248837,18.44,0.31,-7.602548966500855,118530685.02,-0.06,754243200000.0,-0.36,-14100786.0,35894582.0,0.64,16.812,54134.0,1.3,,519.05,华映科技,-9.024,,2766032803.0,0,3.34,深市主板
SZ002902,-41.385604681207354,0.0,3.0962,11,-5.03,False,0.01,9.35,186470846.0,24.35,7.45,,7.32,4540565100.0,1790697600000.0,5722470660.0,,100.0,-25.410782281740406,117.34,0.21,3.07453679525711,351417109.78,-1.29,1506614400000.0,-0.81,-11963001.0,14160998.0,0.82,9.35,54075.0,7.59,,44.02,铭普光磁,-30.095,,235009062.0,0,25.64,深市主板
SZ002850,21.656145881638132,0.0,2.4789,11,-1.22,False,0.01,2.915,209660887.0,153.9,3.92,33.7237,-1.19,32266810509.0,1790697600000.0,44066522040.0,1.571,100.0,14.171055134112207,452.48,0.07,26.111966791647067,443655568.75,-1.9,1488384000000.0,6.77,-44188251.4,2876234.0,0.78,2.914,54016.0,1.37,,44.01,科达利,22.742,,286332177.0,0,155.8,深市主板
SZ002170,66.84958808814262,0.0,2.0216,11,1.42,False,0.01,2.718,790309210.0,10.72,2.65,7.4759,-6.33,8472114731.0,1790697600000.0,10418025426.0,7.174,100.0,28.1424419779659,199.78,0.09,17.404537704446142,122054689.4,0.15,1190131200000.0,1.09,3555260.0,11428445.0,1.17,2.714,54013.0,1.45,,187.4,芭田股份,9.842,,971830730.0,0,10.57,深市主板
SZ002668,4.593636899488773,0.0,0.4978,11,0.69,False,0.01,2.469,1084111428.0,8.72,3.23,4.0157,-14.19,9453451652.0,1790697600000.0,9453451652.0,2.339,100.0,28.908200950279955,189.6,-0.23,8.56981716083267,61547458.76,0.06,1334505600000.0,0.92,2531377.0,7078128.0,0.67,2.469,53884.0,0.65,,23.18,TCL智家,9.487,,1084111428.0,0,8.66,深市主板
SZ000690,9.312068398656525,0.0,1.4163,11,5.57,False,0.01,0.921,2174468225.0,5.5,6.72,5.9073,36.34,11959575238.0,1790697600000.0,11967383241.0,3.636,100.0,8.651217234527603,1496.52,0.18,-6.984655313415833,661722459.16,0.29,854380800000.0,0.5,115669239.0,122155808.0,2.52,0.921,53808.0,5.62,,0.0,宝新能源,10.892,,2175887862.0,0,5.21,深市主板
SZ002727,-20.98747790866603,0.0,0.3727,11,0.28,False,0.01,0.846,397458083.0,10.75,1.68,3.1833,-13.37,4272674392.0,1790697600000.0,6295244344.0,3.647,100.0,3.6412448432825886,76.47,0.09,-1.7848198628662826,37840828.0,0.03,1404230400000.0,0.46,-1055687.0,3515700.0,0.93,0.845,53757.0,0.88,,44.02,一心堂,23.262,,585604125.0,0,10.72,深市主板
SZ002215,48.22478547570732,0.0,1.5474,11,0.43,False,0.01,2.048,808061974.0,9.35,1.83,7.1533,-8.7,7555379457.0,1790697600000.0,9389819874.0,3.209,100.0,17.397604937106568,154.86,0.11,14.790918460066882,89405284.0,0.04,1203264000000.0,0.76,1232828.0,9557200.0,0.85,2.049,53739.0,1.18,,291.96,诺普信,12.244,,1004258810.0,0,9.31,深市主板
SZ000936,,0.0,1.3289,11,0.73,False,0.01,0.999,885887337.0,5.53,2.37,59.6243,-32.55,4898956974.0,1790697600000.0,4899651265.0,0.362,100.0,-5.458477065275394,72.9,0.0,11.001515067938694,76466531.0,0.04,934214400000.0,-0.32,4935776.0,13799600.0,0.92,0.999,53589.0,1.56,,187.95,华西股份,-17.533,,886012887.0,0,5.49,深市主板
SZ002368,748.1207629188336,0.0,1.3036,11,-2.69,False,0.01,2.058,621576571.0,12.28,3.65,20.9592,-49.86,7632960292.0,1790697600000.0,7653280192.0,,100.0,-25.8658180946079,11.23,0.0,-25.764314353467867,84161330.6,-0.34,1268323200000.0,-1.79,-8394748.0,6788440.0,1.09,2.058,53579.0,1.09,,107.62,太极股份,-6.85,,623231286.0,0,12.62,深市主板
SZ002697,-6.501749811977431,0.0,0.6797,11,-0.42,False,0.01,1.305,1148092375.0,4.71,1.9,6.0513,-18.91,5407515086.0,1790697600000.0,6405600000.0,2.272,100.0,9.850654308524552,110.32,0.43,-2.8416773761630876,56890355.52,-0.02,1346774400000.0,0.34,-4816771.0,12096016.0,0.9,1.305,53527.0,1.05,,4.05,红旗连锁,13.694,,1360000000.0,0,4.73,深市主板
SZ002217,,,6.4437,11,0.65,False,0.01,6.163,7279341526.0,1.54,2.61,76.6484,-49.51,11210185950.0,,11518274349.0,,100.0,0.7452362515218511,-68.48,0.0,-25.79093005081593,119146337.0,0.01,1203436800000.0,0.0,3203718.0,77353600.0,0.82,6.162,53518.0,1.06,,148.9,ST合力泰,827.341,,7479398928.0,0,1.53,深市主板
SZ002866,1.6884397014615304,0.0,2.4698,11,10.0,False,0.01,2.566,183768894.0,18.59,14.26,30.4138,3.47,3416263739.0,1790697600000.0,5382218739.0,0.323,100.0,3.1457240368891983,104.23,0.0,7.723750091346182,671544940.17,1.69,1493136000000.0,0.23,-40616961.0,37798595.0,3.16,2.566,53499.0,20.57,,44.03,传艺科技,82.496,,289522256.0,3,16.9,深市主板
SZ002430,-2.8419552751317023,0.0,1.4645,11,-1.68,False,0.01,2.389,977937841.0,24.62,4.07,10.9758,-15.84,24076829645.0,1790697600000.0,24087218054.0,2.031,100.0,10.505624572899286,148.64,0.04,10.367386206851027,259094015.0,-0.42,1276099200000.0,1.06,3747114.0,10417150.0,1.08,2.389,53450.0,1.07,,34.78,杭氧股份,23.319,,978359791.0,0,25.04,深市主板
SZ002559,-11.80488330610785,0.0,2.3407,11,-2.81,False,0.01,2.21,511695335.0,8.3,4.45,26.6328,-17.43,4247071281.0,1790697600000.0,5327468021.0,0.771,100.0,3.8734790945206994,62.77,0.24,5.515565302386594,125712456.0,-0.24,1299081600000.0,0.13,-22944974.0,14936250.0,1.11,2.193,53431.0,2.92,,-4.0,亚威股份,66.308,,641863617.0,0,8.54,深市主板
SZ300508,-22.945385801827534,,6.6665,11,-3.85,False,0.01,4.407,82787793.0,34.76,7.66,58.6074,-5.48,2877703685.0,,3813588772.0,0.46,100.0,7.803693471148507,160.47,0.17,10.83369364163531,69781310.0,-1.39,1460995200000.0,0.59,-1937419.0,1958200.0,1.13,4.372,53402.0,2.37,,44.02,维宏股份,59.046,,109711990.0,0,36.15,创业板
SZ002094,-27.77126847185295,0.0,1.9989,11,-1.01,False,0.01,2.3,690453549.0,4.89,3.24,1649.8658,-36.08,3376317855.0,1790697600000.0,3378489015.0,,100.0,-0.9324287370791757,77.64,-0.2,-12.153685552247829,73995405.0,-0.05,1166112000000.0,-0.02,-4795448.0,15008500.0,0.62,2.3,53377.0,2.17,,85.96,青岛金王,-241.631,,690897549.0,0,4.94,深市主板
SZ300735,-25.977110307211504,0.0,1.3537,11,-4.15,False,0.01,2.491,760538820.0,16.85,6.14,5.9234,-31.46,12815079117.0,1790697600000.0,13733937605.0,1.472,100.0,4.727449430731811,190.2,0.6,30.892454908784828,198273306.2,-0.73,1514476800000.0,0.3,-36792309.0,11603853.0,1.36,2.473,53323.0,1.53,,44.04,光弘科技,56.106,,815070481.0,0,17.58,创业板
SZ002605,-11.13854185495432,0.0,2.6339,11,-1.52,False,0.01,1.771,338453459.0,16.22,2.19,16.2258,-27.64,5489715105.0,1790697600000.0,6776525610.0,4.309,100.0,11.49972120563146,148.8,-0.12,-13.033062506779093,50408031.0,-0.25,1312473600000.0,1.02,-4517262.0,3096200.0,1.3,1.801,53279.0,0.91,,71.71,姚记科技,15.853,,417788262.0,0,16.47,深市主板
SZ000726,1.2240470908537526,,0.8398,11,-0.84,False,0.01,0.49,589336475.0,5.92,1.51,6.8081,-14.64,3488871932.0,,4839751593.0,4.223,100.0,4.975472146742805,201.64,0.0,-2.0066831750261027,30578639.0,-0.05,977673600000.0,0.6,-4881671.0,5154200.0,0.91,0.49,53272.0,0.87,,0.28,鲁泰A,9.932,,817525607.0,0,5.97,深市主板
SZ002701,3.1703334318248677,0.0,0.4235,11,0.23,False,0.01,1.093,2557357434.0,4.33,3.01,5.4717,-25.4,11073357689.0,1790697600000.0,11083762831.0,2.771,100.0,8.751918376336814,98.04,0.23,27.116518924398992,77497567.0,0.01,1349884800000.0,0.34,-12442686.0,17933600.0,0.98,1.093,53265.0,0.7,,10.46,奥瑞金,12.79,,2559760469.0,0,4.32,深市主板
SZ000703,148.94806533884682,0.0,0.5364,11,4.22,False,0.01,2.247,4090903843.0,16.29,4.67,15.5076,59.1,66640823602.0,1790697600000.0,66977784289.0,5.267,100.0,21.527068124357935,958.34,0.06,0.0988056071258514,1294958972.25,0.66,859478400000.0,1.44,112135811.0,78954121.0,0.96,2.088,53263.0,1.93,,0.0,恒逸石化,11.289,,4111588968.0,0,15.63,深市主板
SZ002705,-36.41367204624413,0.0,0.5952,11,-0.26,False,0.01,1.12,808103400.0,11.59,3.01,6.7979,-16.65,9365918406.0,1790697600000.0,9409640290.0,2.563,100.0,7.085523532776734,106.56,0.0,1.6807252825310703,101272864.0,-0.03,1390233600000.0,0.73,3565575.0,8678600.0,0.77,1.12,53171.0,1.07,,45.24,新宝股份,15.867,,811875780.0,0,11.62,深市主板
SZ002446,-5.5843004643833405,0.0,5.8349,11,-0.79,False,0.01,2.823,847777296.0,7.52,4.22,37.4081,-28.31,6375285266.0,1790697600000.0,6883926244.0,,100.0,1.9585610459065346,78.17,0.27,-0.9393040560938704,137946569.18,-0.06,1278950400000.0,0.05,-3861197.0,18102418.0,0.76,2.823,53077.0,2.14,,17.56,盛路通信,141.856,,915415724.0,0,7.58,深市主板
SZ300123,169.51787478175876,,8.1657,11,-2.34,False,0.01,28.009,994028683.0,4.18,3.5,,-48.4,4155039895.0,,4271266634.0,,100.0,-163.8275821828297,-39.36,0.0,-37.748417402375,55568457.0,-0.1,1285603200000.0,-1.35,1930547.0,13107600.0,0.67,28.016,53029.0,1.32,,17.38,ST亚光,-3.103,,1021834123.0,0,4.28,创业板
SZ002728,-35.847008004347636,0.0,6.1718,11,0.3,False,0.01,2.867,501308912.0,9.94,8.17,27.8399,-6.67,4983010585.0,1790697600000.0,5102299531.0,1.499,100.0,4.208900757387034,188.45,0.3,-11.474140786888242,472823155.02,0.03,1406736000000.0,0.15,-14045665.0,46779680.0,2.87,2.867,53022.0,9.33,,44.0,特一药业,68.238,,513309812.0,0,9.91,深市主板
SZ000520,396.9117411687704,,3.7834,11,1.25,False,0.01,9.167,1012083455.0,4.05,5.5,62.0741,-16.32,4098937993.0,,4098937993.0,,100.0,-3.370254691087042,167.38,0.5,13.434942943919093,117114872.26,0.05,751478400000.0,-0.02,8322486.0,28465602.0,1.72,9.167,52889.0,2.81,,63.33,凤凰航运,-268.155,,1012083455.0,0,4.0,深市主板
SZ000505,,,0.6791,11,0.64,False,0.01,1.601,661975251.0,6.32,4.78,5.6416,-25.73,4183683586.0,,4594325586.0,,100.0,-9.17180858831658,77.03,0.0,-20.557936002884947,188404135.18,0.04,724867200000.0,-0.38,-1295177.0,29434033.0,1.27,1.601,52760.0,4.45,,1750.0,京粮控股,-16.646,,726950251.0,0,6.28,深市主板
SZ002762,,,7.8611,11,-2.59,False,0.01,4.901,354025000.0,9.02,4.75,,31.85,3193305500.0,,3193305500.0,0.554,100.0,-22.661655196495072,64.98,-0.55,28.6917402435066,73331467.0,-0.24,1433865600000.0,-0.48,-770942.0,8036900.0,0.99,4.901,52698.0,2.27,,44.0,金发拉比,-18.987,,354025000.0,0,9.26,深市主板
SZ300766,-38.026316084386124,0.0,14.1129,11,-4.01,False,0.01,5.108,357908038.0,20.34,4.77,123.2928,-37.93,7279849493.0,1790697600000.0,8029210057.0,,100.0,-0.8953552548269829,31.18,0.39,14.266191423655506,214673397.06,-0.85,1553443200000.0,-0.04,-463022.0,10418058.0,1.04,5.108,52648.0,2.91,,44.04,每日互动,-576.407,,394749757.0,0,21.19,创业板
SZ300246,,,3.7102,11,-1.23,False,0.01,3.854,211645466.0,15.27,3.88,22.1757,88.52,3231826266.0,,4042915847.0,0.321,100.0,-9.053091000705308,129.35,0.2,-3.1864463634037055,67505258.0,-0.19,1311004800000.0,-0.4,2053483.0,4435100.0,0.84,3.852,52638.0,2.1,,73.64,宝莱特,-38.421,,264762007.0,0,15.46,创业板
SZ300061,-26.002835644314448,0.0,11.2007,11,0.0,False,0.01,10.084,609895047.0,6.61,4.99,20.9441,-37.17,4031406261.0,1790697600000.0,4355948205.0,,100.0,-19.64431340281541,31.6,-0.15,-27.70495499105109,176577029.66,0.0,1268928000000.0,-0.15,2266579.0,26663302.0,0.73,10.084,52620.0,4.37,,61.28,旗天科技,-45.49,,658993677.0,0,6.61,创业板
SZ002865,,0.0,1.5557,11,-2.0,False,0.01,2.94,228821452.0,35.71,4.61,,-34.61,8171214051.0,1790697600000.0,11115310717.0,,100.0,-32.70574207291118,381.84,0.08,-29.196176370548056,215004628.84,-0.73,1493049600000.0,-4.51,-958464.0,5931664.0,1.17,2.94,52597.0,2.59,,43.98,钧达股份,-7.91,,311266052.0,0,36.44,深市主板
SZ002064,14.757693116578597,0.0,1.8485,11,1.24,False,0.01,1.685,4951990572.0,9.77,4.56,12.8887,-10.29,48380947888.0,1790697600000.0,48484053874.0,2.559,100.0,10.295418164908716,1275.48,-0.1,2.4096203922953086,410737858.91,0.12,1156262400000.0,0.58,-7778493.0,41575348.0,1.48,1.685,52554.0,0.84,,37.01,华峰化学,16.97,,4962543897.0,0,9.65,深市主板
SZ003040,-45.86092188889571,0.0,7.7909,11,0.97,False,0.01,4.837,456850258.0,14.53,2.29,39.2334,-29.69,6638034249.0,1790697600000.0,6700305673.0,0.069,100.0,-1.089885746584393,170.41,0.14,-19.5190751089676,504238680.55,0.14,1616342400000.0,-0.03,4662363.0,34605271.0,0.72,4.837,52370.0,7.57,,43.94,楚天龙,-440.68,,461135972.0,0,14.39,深市主板
SZ002083,34.844280328151875,0.0,1.6607,11,1.25,False,0.01,1.903,946308312.0,9.72,4.17,11.5908,-16.09,9198116793.0,1790697600000.0,9201331197.0,2.953,100.0,12.520400916674085,213.74,0.21,3.2371513419642284,281847207.18,0.12,1164297600000.0,0.62,10104832.0,29046301.0,1.53,1.903,52322.0,3.07,,32.14,孚日股份,15.71,,946639012.0,0,9.6,深市主板
SZ002318,-21.642395064767573,0.0,1.7552,11,-0.9,False,0.01,2.151,954025099.0,17.67,3.03,10.0821,-36.45,16857623499.0,1790697600000.0,17266606622.0,5.642,100.0,13.623341589164543,199.08,0.34,-3.6182705059446096,97570628.8,-0.16,1260460800000.0,1.1,-4205052.0,5463055.0,0.89,2.151,52280.0,0.57,,90.43,久立特材,16.07,,977170720.0,0,17.83,深市主板
SZ002416,-50.70137989429442,0.0,0.1824,11,-0.67,False,0.01,2.094,1223281973.0,8.92,3.12,35.7801,-25.93,10911675199.0,1790697600000.0,11054393710.0,5.605,100.0,3.6281669322513617,-25.84,-0.11,-10.108568863766687,91588113.8,-0.06,1274976000000.0,0.16,1842637.0,10191040.0,1.02,2.094,52197.0,0.83,,-2.44,爱施德,55.469,,1239281806.0,0,8.98,深市主板
SZ002598,-16.082793337866587,,1.1475,11,1.17,False,0.01,1.604,286530024.0,6.89,1.62,26.4557,-34.57,1974191865.0,,2150045018.0,1.451,100.0,4.752523069743596,-20.27,0.0,-3.372995485256758,13740137.08,0.08,1309968000000.0,0.2,1195556.0,1996984.0,1.32,1.689,52157.0,0.7,,105.9,ST章鼓,34.114,,312052978.0,0,6.81,深市主板
SZ002178,,,9.4289,11,0.82,False,0.01,8.166,711830933.0,4.89,4.95,,-23.47,3480853262.0,,3482428175.0,,100.0,-1.814080479033513,27.81,0.2,-22.476583036505016,134515070.0,0.04,1193846400000.0,-0.01,2141783.0,27479400.0,0.43,8.166,52145.0,3.86,,232.7,延华智能,-446.062,,712153001.0,0,4.85,深市主板
SZ000561,,0.0,3.97,11,0.93,False,0.01,2.32,776247360.0,7.61,3.71,,-37.73,5907242410.0,1790697600000.0,6575178791.0,,100.0,-11.068502858715537,227.76,0.26,3.430714727896511,77828917.68,0.07,768412800000.0,-0.38,16326319.0,10121398.0,1.36,2.32,52131.0,1.3,,10.99,烽火电子,-19.847,,864018238.0,0,7.54,深市主板
SZ000620,21.181397549724345,0.0,8.9447,11,-1.31,False,0.01,4.768,4671748815.0,3.02,2.94,112.256,12.69,14108681421.0,1790697600000.0,17732881421.0,,100.0,-21.74015280492759,-53.34,0.33,-15.808232013660273,465895910.15,-0.04,846518400000.0,-0.16,-62222882.0,153684905.0,0.58,4.768,52124.0,3.29,,167.57,盈新发展,-19.156,,5871815040.0,0,3.06,深市主板
SZ002847,19.07719011909961,0.0,2.031,11,2.03,False,0.01,5.698,243775367.0,44.29,4.15,9.8651,-33.74,10796811004.0,1790697600000.0,11966555125.0,3.17,100.0,37.44584590494996,792.12,0.0,13.495474630147886,109722655.86,0.88,1486483200000.0,2.96,17307733.0,2492401.0,1.78,5.698,52110.0,1.02,,43.98,盐津铺子,14.94,,270186388.0,0,43.41,深市主板
SZ000758,22.05557435271286,0.0,1.0132,11,-0.17,False,0.01,1.744,1982378132.0,5.71,2.1,,-13.21,11319379134.0,1790697600000.0,11361450043.0,0.963,100.0,10.268729418033422,327.72,0.18,9.261220950231163,83322709.43,-0.01,861120000000.0,0.32,-5210170.0,14561007.0,0.81,1.745,52074.0,0.73,,0.0,中色股份,17.754,,1989746067.0,0,5.72,深市主板
SZ300026,-66.90298226859142,0.0,2.2388,11,-0.62,False,0.01,1.134,3001325425.0,3.23,3.69,12.3469,-7.96,9694281123.0,1790697600000.0,9703420124.0,0.31,100.0,0.20882580457809666,66.56,0.0,-14.129819728045412,146038231.0,-0.02,1256832000000.0,0.01,-4669075.0,44618200.0,1.17,1.134,51910.0,1.49,,77.5,红日药业,540.458,,3004154837.0,0,3.25,创业板
SZ002538,13.423733921628989,,1.1357,11,-1.48,False,0.01,1.084,853003388.0,6.65,2.07,11.567,5.69,5672472530.0,,5676145824.0,1.805,100.0,3.4193490063629755,53.71,0.0,11.184958217898844,62270072.4,-0.1,1295280000000.0,0.21,-18571144.0,9356540.0,0.98,1.084,51894.0,1.1,,-7.92,ST司特,31.488,,853555763.0,0,6.75,深市主板
SZ002369,-19.212358836995158,0.0,1.9107,11,-1.44,False,0.01,21.87,566956280.0,5.48,3.96,,-36.5,3106920414.0,1790697600000.0,3106920414.0,,100.0,-92.73835481346302,-21.84,0.18,0.12873462392850588,37318648.19,-0.08,1268668800000.0,-0.43,-2270349.0,6766577.0,0.89,21.868,51850.0,1.19,,34.63,卓翼科技,-12.648,,566956280.0,0,5.56,深市主板
SZ002489,,0.0,1.0428,11,-1.39,False,0.01,1.448,1913042953.0,2.84,3.82,,-24.71,5433041987.0,1790697600000.0,6160006329.0,2.113,100.0,-1.178604200987042,-11.24,0.35,8.132482833087762,72432640.0,-0.04,1287590400000.0,-0.02,-13247477.0,25379300.0,0.88,1.448,51842.0,1.33,,5.55,浙江永强,-119.218,,2169016313.0,0,2.88,深市主板
SZ002941,0.38753737881989103,0.0,0.7384,11,-0.85,False,0.01,1.563,729751172.0,10.45,2.47,,-32.66,7625899747.0,1790697600000.0,7625899747.0,2.392,100.0,9.31003598084508,31.18,0.19,16.418166452787887,63250104.6,-0.09,1543334400000.0,0.55,801965.0,5995080.0,0.96,1.563,51789.0,0.82,,44.01,新疆交建,19.073,,729751172.0,0,10.54,深市主板
SZ000716,,0.0,1.4696,11,-0.4,False,0.01,1.466,735724137.0,4.92,2.43,10.058,-21.03,3619762754.0,1790697600000.0,3704189526.0,,100.0,-0.9591441485170216,35.98,0.2,2.6942404449414425,74903571.7,-0.02,861292800000.0,-0.03,-3984305.0,15181063.0,0.91,1.466,51742.0,2.06,,293.33,黑芝麻,-152.451,,752884050.0,0,4.94,深市主板
SZ000558,1.5556715235098384,0.0,9.3425,11,-2.84,False,0.01,4.3,1288679883.0,3.42,3.12,,-33.59,4407285200.0,1790697600000.0,4409145906.0,,100.0,-4.702403032649024,270.29,-0.58,13.071154659971373,70277266.36,-0.1,768412800000.0,-0.04,-2584378.0,20329952.0,1.05,4.3,51728.0,1.58,,46.2,天府文旅,-89.469,,1289223949.0,0,3.52,深市主板
SZ002309,,0.0,2.8239,11,0.36,False,0.01,4.251,2406132308.0,2.8,2.51,,-17.4,6737170462.0,1790697600000.0,8421463078.0,,100.0,6.814006662982047,-82.93,0.36,0.6730366424618106,136147080.6,0.01,1259251200000.0,0.04,12012537.0,48531902.0,0.67,4.251,51725.0,2.02,,34.76,中利集团,65.195,,3007665385.0,0,2.79,深市主板
SZ300740,-29.111481088634108,0.0,1.9388,11,3.44,False,0.01,4.252,408976947.0,21.98,9.32,15.8288,-7.39,8989313295.0,1790697600000.0,9669054290.0,0.4,100.0,5.003831595314204,125.53,-0.27,3.6074895498938275,1086287177.12,0.73,1518019200000.0,0.25,110340736.0,48265038.0,1.21,3.794,51723.0,11.8,,43.99,水羊股份,86.211,,439902379.0,0,21.25,创业板
SZ002117,3.498945695282618,0.0,3.4627,11,-0.13,False,0.01,2.967,523554680.0,7.78,2.44,15.8663,-42.01,4073255410.0,1790697600000.0,4074549030.0,3.856,100.0,11.990792100802299,199.75,0.13,-0.9345647093867426,42555572.0,-0.01,1172764800000.0,0.31,-686013.0,5451500.0,0.91,2.967,51494.0,1.04,,64.2,东港股份,24.806,,523720955.0,0,7.79,深市主板
SZ000962,5.2500207749026195,0.0,16.2731,11,1.55,False,0.01,7.227,514502769.0,55.11,4.79,,66.96,28354247600.0,1790697600000.0,29064196168.0,0.334,100.0,7.004494918161046,670.13,0.27,22.031118535176432,812784298.49,0.84,948297600000.0,0.45,2829664.0,14610901.0,1.12,7.227,51460.0,2.84,,251.91,东方钽业,123.262,,527385160.0,0,54.27,深市主板
SZ002327,-13.659494479601019,0.0,1.9278,11,0.82,False,0.01,1.47,490983369.0,6.18,1.31,10.6615,-2.49,3034277220.0,1790697600000.0,5153303245.0,6.23,100.0,9.891832639455195,138.43,0.16,-2.66213194695889,33606564.0,0.05,1262102400000.0,0.42,5148000.0,5449500.0,2.17,1.47,51342.0,1.11,,35.3,富安娜,14.873,,833867839.0,0,6.13,深市主板
SZ002110,-61.632711169882704,0.0,0.1609,11,-0.68,False,0.01,0.369,2429076227.0,2.91,4.1,2.4007,-33.49,7068611821.0,1790697600000.0,7068611821.0,0.344,100.0,-1.5701715618144183,-23.78,0.34,-2.2233336570855355,85719973.0,-0.02,1169740800000.0,-0.12,-2038722.0,29157900.0,1.03,0.369,51341.0,1.2,,75.67,三钢闽光,-23.384,,2429076227.0,0,2.93,深市主板
SZ000973,105.06830241240368,0.0,5.801,11,2.68,False,0.01,3.079,1011745176.0,11.87,4.58,98.1463,-19.19,12009415239.0,1790697600000.0,29179270412.0,0.101,100.0,15.542290893132261,190.39,0.25,53.58255072258233,392655791.71,0.31,959184000000.0,0.39,26790638.0,33073479.0,1.76,3.079,51330.0,3.27,,154.14,佛塑科技,30.39,,2458236766.0,0,11.56,深市主板
SZ002218,,0.0,5.4791,11,0.78,False,0.01,1.389,1387677849.0,3.86,4.7,14.4042,-11.06,5356436497.0,1790697600000.0,5436038575.0,,100.0,-4.896165927242568,-58.97,0.26,-5.328593724297437,198503743.52,0.03,1204128000000.0,-0.14,17283614.0,50741816.0,0.84,1.389,51298.0,3.66,,378.41,拓日新能,-27.638,,1408300149.0,0,3.83,深市主板
SZ000537,-25.50953170482594,0.0,2.9155,11,0.41,False,0.01,0.767,2055717899.0,7.41,1.22,2.7964,-8.3,15232869632.0,1790697600000.0,15232869632.0,1.619,100.0,2.3981243051348895,458.74,0.0,14.833918071354613,78652448.69,0.03,755452800000.0,0.23,5673599.0,10607209.0,0.95,0.767,51061.0,0.52,,137.77,绿发电力,32.012,,2055717899.0,0,7.38,深市主板
SZ002158,-16.109654884169956,0.0,4.3704,11,-1.15,False,0.01,2.946,533587149.0,24.03,4.81,17.8654,-2.5,12822099190.0,1790697600000.0,12849421060.0,1.873,100.0,11.368206075478417,147.01,0.21,-8.48111658694809,166317950.1,-0.28,1187280000000.0,0.92,-17134810.0,6836114.0,0.8,2.946,51015.0,1.28,,263.44,汉钟精机,26.128,,534724139.0,0,24.31,深市主板
SZ002003,8.908686266329923,0.0,2.6577,11,1.24,False,0.01,3.002,1035340341.0,11.45,2.39,12.8464,12.58,11854646904.0,1790697600000.0,13612786527.0,3.493,100.0,15.420761881342592,1627.0,-0.26,11.811747349323376,80832502.63,0.14,1088092800000.0,0.58,829028.0,7072794.0,0.61,3.002,50973.0,0.68,,139.89,伟星股份,19.776,,1188889653.0,0,11.31,深市主板
SZ002237,38.008543561043886,0.0,0.1341,11,-1.12,False,0.01,1.284,1192356008.0,12.33,1.68,,-7.23,14701749579.0,1790697600000.0,17631535131.0,1.087,100.0,8.372583438468894,108.44,-0.08,35.275030791024406,171553188.75,-0.14,1211212800000.0,0.69,-3773912.0,13864197.0,0.73,1.284,50969.0,1.16,,110.97,恒邦股份,17.741,,1429970408.0,0,12.47,深市主板
SZ300492,,0.0,1.8525,11,-0.73,False,0.01,27.281,275305961.0,20.3,5.18,14.7535,-61.65,5588711008.0,1790697600000.0,5588711008.0,2.108,100.0,19.32294742100605,754.02,-0.1,126.25864734697436,57348720.07,-0.15,1450800000000.0,0.22,6073228.0,2771651.0,1.05,27.281,50953.0,1.01,,44.06,华图山鼎,92.745,,275305961.0,0,20.45,创业板
SZ300386,-30.08111288163574,0.0,7.4238,11,-0.47,False,0.01,3.163,257207653.0,10.6,3.19,,-41.26,2726401122.0,1790697600000.0,4431266400.0,0.094,100.0,-4.23660719316825,20.53,0.57,-11.734002725854808,31203178.0,-0.05,1403712000000.0,-0.15,540331.0,2937200.0,0.7,3.163,50923.0,1.14,,44.01,飞天诚信,-72.8,,418044000.0,0,10.65,创业板
SZ002512,,,1.8826,11,1.6,False,0.01,13.072,1094451782.0,3.82,8.51,73.5958,-38.68,4180805807.0,,4211231534.0,,100.0,-30.49520994828684,-42.43,0.26,12.3890939670388,130447906.0,0.06,1291305600000.0,-0.11,-3419106.0,34803300.0,2.3,13.073,50910.0,3.18,,65.46,ST达华,-36.32,,1102416632.0,0,3.76,深市主板
SZ002932,-27.28899967258296,,13.2785,11,-0.46,False,0.01,0.663,156094995.0,15.26,1.37,,-20.44,2382009624.0,,3548269804.0,,100.0,-0.9309896646636923,149.01,0.07,-28.921891952937017,11160469.58,-0.07,1531152000000.0,-0.22,-157906.0,728059.0,1.29,0.663,50829.0,0.47,,44.01,*ST明德,-69.813,,232520957.0,0,15.33,深市主板
SZ002101,-33.119417915091496,0.0,0.624,11,0.12,False,0.01,0.725,662212199.0,8.58,2.33,6.4873,-28.38,5681780667.0,1790697600000.0,5687021434.0,2.937,100.0,3.7012744729237856,102.73,0.0,5.798380457440588,33444182.0,0.01,1167321600000.0,0.43,1004148.0,3885100.0,1.33,0.725,50823.0,0.59,,69.15,广东鸿图,19.746,,662823011.0,0,8.57,深市主板
SZ002162,-26.002984435786868,,3.5938,11,0.95,False,0.01,4.697,918321621.0,4.23,4.53,57.3124,-9.23,3884500457.0,,3890335082.0,,100.0,1.2485758290392535,-53.07,0.0,-4.685094755471075,140266261.7,0.04,1187798400000.0,0.01,25823524.0,32752330.0,1.84,4.697,50720.0,3.57,,215.55,悦心健康,378.064,,919700965.0,0,4.19,深市主板
SZ002063,-4.373221875704425,0.0,3.8638,11,-0.38,False,0.01,2.513,1769109143.0,5.24,1.9,24.7222,-13.16,9270131909.0,1790697600000.0,10037077561.0,0.611,100.0,7.75570474272821,649.32,0.0,2.9440675394225346,68059037.71,-0.02,1156262400000.0,0.16,-10212614.0,12962408.0,0.96,2.513,50710.0,0.73,,127.93,远光软件,33.424,,1915472817.0,0,5.26,深市主板
SZ002376,77.36564970864627,0.0,1.6879,11,-1.98,False,0.01,1.408,787464555.0,6.42,3.05,32.3147,-14.4,5055522443.0,1790697600000.0,5203811513.0,3.053,100.0,2.4453265116294003,-3.0,-0.16,16.143034917074118,52374627.0,-0.13,1269273600000.0,0.11,-3308139.0,8082700.0,0.88,1.408,50669.0,1.03,,61.74,新北洋,57.04,,810562541.0,0,6.55,深市主板
SZ000923,,0.0,2.017,11,0.95,False,0.01,1.066,627901354.0,15.88,3.5,25.345,-21.73,9971073502.0,1790697600000.0,10365335901.0,3.778,100.0,1.8004141753626497,281.43,0.0,-9.212048641312053,230721994.9,0.15,931881600000.0,0.27,-11223770.0,14415300.0,1.36,1.066,50629.0,2.3,,181.99,河钢资源,58.879,,652728961.0,0,15.73,深市主板
SZ002204,24.00825699434992,0.0,0.6472,11,1.13,False,0.01,1.297,1931370032.0,5.39,2.25,7.1473,-28.33,10410084472.0,1790697600000.0,10410084472.0,1.744,100.0,8.231184254128012,-17.5,0.19,11.639324566008646,146249571.82,0.06,1200412800000.0,0.33,6116740.0,27132185.0,1.12,1.297,50606.0,1.4,,189.42,大连重工,16.224,,1931370032.0,0,5.33,深市主板
SZ002702,,,1.9775,11,10.04,False,0.01,3.256,458743750.0,5.92,10.41,21.1668,-16.85,2715763000.0,,3290099200.0,,100.0,-4.165013931057268,49.64,0.0,3.0453234068826607,371309037.78,0.54,1349884800000.0,-0.08,33799654.0,66024410.0,2.06,3.256,50507.0,14.39,,-8.0,海欣食品,-76.54,,555760000.0,1,5.38,深市主板
SZ002112,-49.76602136862929,0.0,1.8377,11,0.22,False,0.01,4.66,262080000.0,13.78,2.69,35.3696,3.98,3611462400.0,1790697600000.0,4053129066.0,0.073,100.0,0.9058031503935849,152.52,0.15,16.308149949803898,84480547.95,0.03,1170864000000.0,0.03,3660934.0,6099219.0,0.98,4.66,50487.0,2.33,,79.49,三变科技,516.405,,294131282.0,0,13.75,深市主板
SZ300762,32.90870984523422,0.0,33.3892,11,0.9,False,0.01,7.278,627965772.0,24.76,5.13,,-40.6,15548432515.0,1790697600000.0,16102783041.0,,100.0,-8.66771899789565,422.97,0.16,12.375858512711657,413385506.89,0.22,1552492800000.0,-0.3,34664335.0,16422395.0,1.47,5.457,50439.0,2.62,,43.98,上海瀚讯,-81.353,,650354727.0,0,24.54,创业板
SZ002529,-2.0333316367688314,,4.9295,11,1.63,False,0.01,31.276,260000000.0,6.86,2.96,,-1.15,1783600000.0,,1783600000.0,,100.0,-119.33881340954444,-66.99,0.29,3.116112177192809,27705596.0,0.11,1293120000000.0,-0.65,-1633339.0,4061800.0,0.95,31.281,50285.0,1.56,,29.94,海源复材,-10.523,,260000000.0,0,6.75,深市主板
SZ002670,,0.0,11.682,11,-2.95,False,0.01,1.822,1623350634.0,10.85,4.11,4.7239,-35.57,17613354379.0,1790697600000.0,20995668485.0,,100.0,2.4461315955625724,165.02,0.09,-1.2033653439813774,160528987.6,-0.33,1334505600000.0,0.14,-14506806.0,14654476.0,1.11,1.822,50240.0,0.9,,22.19,国盛证券,75.169,,1935084653.0,0,11.18,深市主板
SZ002426,52.651557645453614,0.0,2.4214,11,0.78,False,0.01,5.756,3194296760.0,2.58,4.69,50.716,-32.64,8241285641.0,1790697600000.0,8778774863.0,,100.0,-43.64361184647219,-12.56,0.39,2.4327192013140264,257163922.53,0.02,1275926400000.0,-0.25,-2719516.0,99289987.0,0.49,5.756,50201.0,3.11,,30.09,胜利精密,-10.139,,3402625916.0,0,2.56,深市主板
SZ000928,-15.757066566446031,0.0,0.5534,11,0.0,False,0.01,0.903,1434627071.0,5.34,1.31,2.1776,-16.26,7660908559.0,1790697600000.0,7661002276.0,3.933,100.0,5.461935077458328,101.4,0.0,-19.486073217619747,48148625.0,0.0,921168000000.0,0.32,-1009654.0,9000000.0,0.87,0.903,49984.0,0.63,,0.0,中钢国际,16.69,,1434644621.0,0,5.34,深市主板
SZ000852,,0.0,0.7603,11,2.64,False,0.01,1.655,950258873.0,5.45,4.14,80.7684,-25.03,5178910858.0,1790697600000.0,5208947241.0,,100.0,-0.7482465778838074,156.05,0.0,-8.315850074450015,91433330.5,0.14,912009600000.0,-0.02,8049205.0,16801950.0,1.53,1.655,49981.0,1.77,,0.0,石化机械,-220.897,,955770136.0,0,5.31,深市主板
SZ002474,-24.79845052613763,0.0,8.9331,11,-2.04,False,0.01,2.99,537225432.0,6.25,4.55,56.8852,-36.61,3357658950.0,1790697600000.0,3888750000.0,,100.0,-4.935075540957036,-18.26,-0.16,0.9949312157802037,148871490.5,-0.13,1284480000000.0,-0.11,-13175914.0,23572938.0,0.85,2.989,49923.0,4.39,,25.97,榕基软件,-58.953,,622200000.0,0,6.38,深市主板
SZ301217,181.8565321290452,0.0,10.7159,11,0.14,False,0.01,14.734,829015544.0,99.7,6.15,63489.5539,190.84,82652849737.0,1790697600000.0,82652849737.0,0.06,100.0,4.412177030249134,365.03,0.37,33.35123568274445,1879042269.51,0.14,1643212800000.0,0.29,45336086.0,18537792.0,0.73,14.734,49899.0,2.24,,25.65,铜冠铜箔,340.731,,829015544.0,0,99.56,创业板
SZ002596,-29.181105823762188,0.0,3.6551,11,-1.55,False,0.01,7.616,1146570549.0,3.17,4.04,62.6338,-41.19,3634628640.0,1790697600000.0,3637830242.0,,100.0,-35.15228786678867,-31.87,0.32,-21.001126074660814,45136788.8,-0.05,1309968000000.0,-0.18,-2729388.0,14087199.0,0.6,7.615,49713.0,1.23,,80.08,海南瑞泽,-17.856,,1147580518.0,0,3.22,深市主板
SZ300777,,0.0,15.4767,11,-1.15,False,0.01,1.961,430907241.0,19.76,4.05,21.5502,-51.18,8514727082.0,1790697600000.0,8688620931.0,1.154,100.0,1.285441856481622,180.25,0.1,-16.363715944917278,96327361.96,-0.23,1557936000000.0,0.13,5239120.0,4825381.0,1.06,1.961,49626.0,1.12,,44.06,中简科技,153.268,,439707537.0,0,19.99,创业板
SZ300709,-60.37407611214567,0.0,2.0015,11,-3.29,False,0.01,2.793,149850161.0,33.26,5.96,20.9218,-29.42,4984016355.0,1790697600000.0,6207772156.0,0.15,100.0,-0.6958333045721635,38.68,0.3,14.592476904032514,158607606.37,-1.13,1508342400000.0,-0.08,-45387.0,4720763.0,0.9,2.785,49620.0,3.15,,44.01,精研科技,-401.38,,186643781.0,0,34.39,创业板
SZ300224,-6.004139673317688,0.0,1.4296,11,-1.38,False,0.01,2.082,926975673.0,11.41,2.94,18.5394,-25.14,10576792429.0,1790697600000.0,10619291758.0,1.744,100.0,7.35540629955184,173.98,0.09,10.588256816612907,94419247.63,-0.16,1306771200000.0,0.36,-894064.0,8237183.0,0.84,2.082,49566.0,0.89,,14.7,正海磁材,32.081,,930700417.0,0,11.57,创业板
SZ300087,,0.0,1.261,11,-0.88,False,0.01,3.278,889866169.0,5.64,2.99,25.1139,-51.71,5018845193.0,1790697600000.0,5342951076.0,,100.0,-12.68977405866184,136.95,0.0,-3.485871501852722,35710160.1,-0.05,1274803200000.0,-0.24,-1743955.0,6267217.0,0.98,3.278,49530.0,0.7,,8.99,ST荃银,-23.668,,947331751.0,0,5.69,创业板
SZ300302,,0.0,24.3966,11,-2.76,False,0.01,9.31,371585931.0,24.97,5.18,,37.65,9278500697.0,1790697600000.0,11967217036.0,,100.0,19.183042863252943,499.05,0.16,19.93660364213399,288829223.03,-0.71,1332259200000.0,0.47,9654569.0,11387710.0,0.8,9.311,49404.0,3.06,,29.05,同有科技,53.516,,479263798.0,0,25.68,创业板
SZ002248,,,8.4543,11,-0.76,False,0.01,23.33,307495600.0,9.09,3.82,109.1022,-21.16,2795135004.0,,2795135004.0,,100.0,32.172933889951736,28.68,0.0,4.800611553527401,102076669.0,-0.07,1213200000000.0,0.11,-2433472.0,11127300.0,0.98,23.332,49296.0,3.62,,63.37,华东数控,84.699,,307495600.0,0,9.16,深市主板
SZ000612,60.65504728387865,0.0,1.6791,11,-1.05,False,0.01,1.521,1192199394.0,10.33,2.01,7.2065,-3.71,12315419740.0,1790697600000.0,12315419740.0,3.146,100.0,23.985134246525313,840.54,0.1,9.592418899680144,210881460.39,-0.11,843667200000.0,1.48,-3044107.0,20277322.0,0.58,1.521,49261.0,1.7,,65.88,焦作万方,6.976,,1192199394.0,0,10.44,深市主板
SZ000525,,0.0,1.8716,11,2.93,False,0.01,2.271,1111760005.0,4.57,3.6,30.7501,-16.3,5080743223.0,1790697600000.0,5954429589.0,,100.0,-2.6557070215039875,447.57,0.22,0.6337301529039108,107620196.14,0.13,751737600000.0,-0.05,15975043.0,23621306.0,1.95,2.271,49259.0,2.12,,191.04,红太阳,-84.742,,1302938641.0,0,4.44,深市主板
SZ002184,,,1.5365,11,0.41,False,0.01,2.701,248289322.0,9.84,2.65,,-24.83,2443166928.0,,3462778361.0,,100.0,-6.070218386614341,30.27,0.1,-17.689423829150076,32111827.0,0.04,1195142400000.0,-0.21,871089.0,3254400.0,1.21,2.7,49228.0,1.31,,84.34,海得控制,-46.948,,351908370.0,0,9.8,深市主板
SZ002530,,0.0,4.5406,11,-1.57,False,0.01,3.973,706661559.0,6.91,3.13,59.7057,-35.72,4883031373.0,1790697600000.0,5384259389.0,0.376,100.0,5.689051072898166,5.49,0.0,4.121959376932294,45899142.72,-0.11,1293724800000.0,0.1,-5108038.0,6612292.0,0.92,3.973,49200.0,0.94,,83.33,金财互联,71.297,,779198175.0,0,7.02,深市主板
SZ002643,-32.81782878406432,0.0,2.9174,11,-2.56,False,0.01,1.574,902214970.0,12.2,5.19,12.8062,-17.91,11007022634.0,1790697600000.0,11173980305.0,1.025,100.0,3.4195022226093363,179.52,0.16,-2.8944706310155444,197456297.0,-0.32,1324310400000.0,0.27,-17330492.0,15935800.0,1.56,1.574,49181.0,1.77,,0.4,万润股份,45.843,,915900025.0,0,12.52,深市主板
SZ300552,-46.81632796926618,0.0,3.6538,11,-0.9,False,0.01,2.452,137957726.0,19.9,3.78,68.5137,-34.45,2745358747.0,1790697600000.0,4241348929.0,,100.0,-6.374248970259726,156.53,0.35,11.721059804750599,47763493.86,-0.18,1476979200000.0,-0.53,-246028.0,2379378.0,0.83,2.452,49122.0,1.72,,44.0,万集科技,-37.575,,213133112.0,0,20.08,创业板
SZ300005,41.04793089031931,0.0,5.5346,11,-2.99,False,0.01,4.271,876524811.0,10.38,4.77,61.436,-4.09,9098327538.0,1790697600000.0,9171790691.0,0.096,100.0,5.496195566899878,201.95,0.0,12.21797887325826,334673938.02,-0.32,1256832000000.0,0.12,728248.0,31793157.0,1.08,4.272,49108.0,3.63,,152.88,探路者,83.269,,883602186.0,0,10.7,创业板
SZ002929,-61.062197290891994,0.0,1.3786,11,-3.56,False,0.01,1.949,216569759.0,44.47,5.55,,11.84,9630857183.0,1790697600000.0,12735222278.0,0.175,100.0,0.39774069672941026,61.38,0.04,-3.277553489482643,217554765.68,-1.64,1519833600000.0,0.09,-1614418.0,4814210.0,0.87,1.948,49095.0,2.22,,44.01,润建股份,499.987,,286377834.0,0,46.11,深市主板
SZ002658,-12.45740524582164,0.0,3.5333,11,-0.14,False,0.01,1.74,358657749.0,7.12,1.4,13.4878,-19.53,2553643173.0,1790697600000.0,4526617779.0,2.809,100.0,5.685142094381106,68.25,-0.14,-9.362293148561317,19716867.0,-0.01,1331222400000.0,0.23,-429771.0,2760200.0,0.62,1.74,49057.0,0.77,,31.16,雪迪龙,31.254,,635760924.0,0,7.13,深市主板
SZ002646,-78.648380061403,0.0,3.4026,11,0.28,False,0.01,1.2,476001249.0,7.16,3.64,42.6144,-17.16,3408168943.0,1790697600000.0,3410587054.0,0.07,100.0,-1.281164118825289,-60.09,0.28,-8.089939755707675,69466917.77,0.02,1324483200000.0,-0.08,7214540.0,9726202.0,0.48,1.207,48810.0,2.04,,26.88,天佑德酒,-92.876,,476338974.0,0,7.14,深市主板
SZ002461,16.83224954735487,0.0,3.1704,11,3.1,False,0.01,1.696,2213328480.0,8.65,4.41,13.0742,-4.91,19145291352.0,1790697600000.0,19145291352.0,2.197,100.0,8.759640593943518,45.96,0.23,4.706666916951785,69992500.65,0.26,1282060800000.0,0.44,9991471.0,8152255.0,1.78,1.696,48766.0,0.37,,177.24,珠江啤酒,19.837,,2213328480.0,0,8.39,深市主板
SZ300355,,0.0,1.8364,11,-1.44,False,0.01,1.057,1572051300.0,2.74,2.52,14.3964,-32.18,4307420562.0,1790697600000.0,4395623302.0,,100.0,-2.4229834256957385,22.62,-0.36,0.7091396369405478,33926878.42,-0.04,1348675200000.0,-0.06,-4327795.0,12287283.0,0.88,1.057,48702.0,0.78,,91.1,蒙草生态,-42.895,,1604242081.0,0,2.78,创业板
SZ300209,3.198960112557181,0.0,87.9895,11,1.87,False,0.01,33.375,742908901.0,33.77,6.97,817.0531,519.63,25088033587.0,1790697600000.0,31360041975.0,,100.0,-7.701319163876312,317.31,-0.21,23.010530168639185,1706721736.98,0.62,1303747200000.0,-0.08,89066287.0,50098100.0,1.1,33.373,48600.0,6.74,,-11.79,行云科技,-429.322,,928636126.0,0,33.15,创业板
SZ002214,-11.006298532810298,0.0,29.2213,11,-3.23,False,0.01,8.29,478443653.0,17.08,3.97,,-5.22,8171817593.0,1790697600000.0,10225158694.0,,100.0,-16.171297012615106,290.17,-0.29,11.586094054775442,90497962.0,-0.57,1203264000000.0,-0.36,-7053336.0,5236500.0,1.01,8.29,48577.0,1.09,,273.53,大立科技,-47.409,,598662687.0,0,17.65,深市主板
SZ002590,-11.745340533100224,0.0,0.9744,11,0.0,False,0.01,1.601,494350592.0,9.55,4.19,10.7071,-35.9,4721048154.0,1790697600000.0,4956951155.0,0.89,100.0,7.163286260539914,132.0,-0.21,9.659228305971235,71700429.78,0.0,1307635200000.0,0.42,10449289.0,7453274.0,1.83,1.6,48507.0,1.51,,18.14,万安科技,22.954,,519052477.0,0,9.55,深市主板
SZ300130,-15.157856959133087,0.0,2.7064,11,-4.57,False,0.01,2.15,434544169.0,17.13,6.63,68.1737,-36.56,7443741615.0,1790697600000.0,9717942084.0,3.211,100.0,10.45193470995438,189.99,0.35,2.01196055748718,193898263.45,-0.82,1287417600000.0,0.82,-19138878.0,11144204.0,2.03,2.149,48493.0,2.56,,10.43,新国都,20.931,,567305434.0,0,17.95,创业板
SZ300139,,0.0,15.6536,11,-2.56,False,0.01,9.649,233659225.0,41.53,2.77,32.1642,37.16,9703867614.0,1790697600000.0,11379220000.0,0.241,100.0,14.706960541531904,152.96,0.22,56.569975232343374,480592947.29,-1.09,1289491200000.0,0.6,192745.0,11532442.0,0.71,9.649,48461.0,4.94,,30.99,晓程科技,69.097,,274000000.0,0,42.62,创业板
SZ300333,,,30.5474,11,-1.67,False,0.01,6.127,334780067.0,11.21,5.0,,-2.52,3752884551.0,,3766560000.0,,100.0,4.867432928729431,47.89,0.27,-5.856467979298974,158123898.12,-0.19,1340812800000.0,0.09,1835536.0,13977948.0,0.82,6.126,48324.0,4.18,,9.65,兆日科技,128.93,,336000000.0,0,11.4,创业板
SZ002014,2.5461177107549693,0.0,1.7508,11,-0.18,False,0.01,2.747,610527693.0,11.19,1.61,12.3696,-1.46,6831804885.0,1790697600000.0,6853783981.0,4.826,100.0,17.959131339989455,1164.55,0.09,6.930800335817255,34534863.6,-0.02,1089216000000.0,0.72,-6088453.0,3086780.0,1.9,2.747,48246.0,0.51,,51.68,永新股份,15.615,,612491866.0,0,11.21,深市主板
SZ300846,-39.01810176293213,0.0,6.9484,11,-3.58,False,0.01,11.555,416847819.0,17.49,5.68,33.0686,-23.39,7290668354.0,1790697600000.0,8843258488.0,,100.0,-15.981292533402222,333.62,0.34,1.69458664218185,262438146.36,-0.65,1593532800000.0,-0.26,-17368555.0,14763200.0,1.02,11.524,48192.0,3.54,,43.92,首都在线,-67.372,,505617981.0,0,18.14,创业板
SZ300602,75.13628350174149,0.0,2.6753,11,-3.84,False,0.01,4.538,401179301.0,33.54,6.02,59.203,1.28,13455553756.0,1790697600000.0,19669319384.0,0.179,100.0,11.048192768349336,803.8,0.15,24.544482421609935,383180639.08,-1.34,1485360000000.0,0.77,-540016.0,11289181.0,0.89,4.502,48181.0,2.81,,43.99,飞荣达,43.605,,586443631.0,0,34.88,创业板
SZ002186,-47.908457480082156,,2.386,11,0.21,False,0.01,3.436,306801588.0,9.63,4.89,23.3637,-18.25,2954499292.0,,2955654892.0,,100.0,1.0431571317085477,-37.82,0.63,-5.136024298373398,111243533.13,0.02,1195488000000.0,0.03,1082996.0,11600424.0,3.25,3.436,48151.0,3.78,,271.38,全聚德,331.134,,306921588.0,0,9.61,深市主板
SZ000533,26.536947953923583,0.0,2.6475,11,0.1,False,0.01,6.72,684902400.0,9.93,2.72,29.7925,19.21,6801080832.0,1790697600000.0,6859802880.0,,100.0,11.737376965015963,149.3,0.3,12.892898173531098,177954972.5,0.01,757526400000.0,0.16,5731344.0,17843790.0,0.79,6.72,48082.0,2.61,,98.56,顺钠股份,60.567,,690816000.0,0,9.92,深市主板
SZ002587,9.165933789691794,,3.989,11,-1.13,False,0.01,2.618,532712717.0,5.23,2.65,187.3776,-21.81,2786087510.0,,3423056736.0,1.338,100.0,1.240666952976705,135.83,0.19,15.10354050960856,46280748.96,-0.06,1307635200000.0,0.02,-3261334.0,8796776.0,0.91,2.618,48073.0,1.65,,7.38,奥拓电子,210.525,,654504156.0,0,5.29,深市主板
SZ002246,115.45223929183437,0.0,4.5525,11,-3.54,False,0.01,4.124,549034794.0,24.51,4.72,26.7677,36.41,13456842801.0,1790697600000.0,13456842801.0,0.245,100.0,12.35001600681353,252.02,0.08,14.603291875615621,513052030.55,-0.9,1212595200000.0,0.7,20566034.0,20631724.0,0.52,4.124,48061.0,3.76,,63.74,北化股份,35.265,,549034794.0,0,25.41,深市主板
SZ002286,35.34427844212917,,1.1274,11,1.56,False,0.01,1.381,369689568.0,8.45,2.52,9.0495,-4.03,3123876850.0,,3210808861.0,1.775,100.0,6.306534454412439,-0.29,0.24,5.235896647315164,149779453.0,0.13,1251388800000.0,0.37,-4800737.0,17728800.0,0.65,1.381,47887.0,4.8,,46.45,保龄宝,22.889,,379977380.0,0,8.32,深市主板
SZ000065,-5.958376775811769,0.0,0.9086,11,-1.54,False,0.01,0.999,1065018573.0,9.58,2.98,6.6773,-22.26,10202877929.0,1790697600000.0,11126615883.0,1.43,100.0,6.993716919994802,921.65,0.0,-20.193942208505145,132686231.26,-0.15,896976000000.0,0.64,2210659.0,13739219.0,0.88,0.999,47859.0,1.29,,0.0,北方国际,15.026,,1161442159.0,0,9.73,深市主板
SZ000931,,,1.5256,11,-2.18,False,0.01,2.121,751029532.0,4.48,4.59,23.7237,-7.55,3364612303.0,,3374008879.0,0.446,100.0,-1.2878418844619786,-81.54,-0.44,-4.438763133789292,61468861.14,-0.1,931708800000.0,-0.03,-1499652.0,13563666.0,0.93,2.121,47779.0,1.81,,3095.0,中关村,-162.838,,753126982.0,0,4.58,深市主板
SZ002449,-32.9462636294911,0.0,1.3531,11,-1.53,False,0.01,1.066,618477169.0,6.45,4.12,,-23.76,3989177740.0,1790697600000.0,3989177740.0,,100.0,-2.283355511054729,-29.09,0.31,-9.432067902102537,48503980.4,-0.1,1279209600000.0,-0.14,-622302.0,7454980.0,1.01,1.066,47744.0,1.21,,1.29,国星光电,-46.176,,618477169.0,0,6.55,深市主板
SZ000700,4.916995917007938,0.0,1.6081,11,-3.58,False,0.01,2.622,918015389.0,11.84,6.51,11.3252,-14.7,10869302206.0,1790697600000.0,10869302206.0,4.139,100.0,12.526763226765686,1038.68,0.08,-9.905633532807334,623331861.77,-0.44,857059200000.0,0.55,-36328935.0,52114156.0,0.95,2.622,47731.0,5.68,,0.0,模塑科技,21.538,,918015389.0,0,12.28,深市主板
SZ300469,4.82877064044569,0.0,49.4887,11,2.95,False,0.01,63.237,248115299.0,50.67,6.6,370.0279,-18.01,12572002200.0,1790697600000.0,12578261212.0,,100.0,-58.034889553047854,1066.36,0.12,0.35558220844316146,346995612.58,1.45,1433952000000.0,-0.71,25655375.0,6808775.0,1.54,63.235,47713.0,2.74,,43.98,信息发展,-71.286,,248238824.0,0,49.22,创业板
SZ002655,-24.746143397148344,0.0,7.5729,11,-4.52,False,0.01,13.021,365383812.0,31.07,8.05,147.9257,140.65,11352475039.0,1790697600000.0,11393701822.0,0.097,100.0,5.674111280854694,464.27,0.42,16.61899874402937,648547061.09,-1.47,1329408000000.0,0.12,42417482.0,20557501.0,1.15,12.943,47700.0,5.63,,33.91,共达电声,253.737,,366710712.0,0,32.54,深市主板
SZ002882,-27.745307473608584,0.0,2.4604,11,7.89,False,0.01,5.527,246990038.0,26.95,11.53,,-10.24,6656381524.0,1790697600000.0,11666655000.0,0.371,100.0,3.756260231630393,319.17,-1.79,7.222758366325088,921408948.39,1.97,1500220800000.0,0.18,96849483.0,34780139.0,2.2,5.527,47660.0,14.08,,44.03,金龙羽,148.304,,432900000.0,0,24.98,深市主板
SZ002239,55.50738697093143,0.0,1.1019,11,-0.81,False,0.01,1.37,3282531856.0,2.46,2.42,12.1436,-17.24,8075028366.0,1790697600000.0,8643197488.0,0.244,100.0,3.774795455104998,48.88,0.41,2.93367703752907,118770162.0,-0.02,1211385600000.0,0.06,-14113877.0,48127000.0,1.03,1.37,47624.0,1.47,,56.48,奥特佳,38.356,,3513494914.0,0,2.48,深市主板
SZ300293,102.45160868222483,0.0,3.9841,11,-1.81,False,0.01,6.873,338438106.0,13.55,4.28,87.615,-35.84,4585836336.0,1790697600000.0,4585836336.0,,100.0,-17.847085432631566,104.2,-0.22,-8.694885803539098,34625955.76,-0.25,1331136000000.0,-0.43,1022865.0,2533800.0,1.13,6.873,47588.0,0.75,,29.84,蓝英装备,-31.592,,338438106.0,0,13.8,创业板
SZ002645,,0.0,1.2303,11,-0.42,False,0.01,2.913,680213487.0,16.78,3.68,36.199,37.92,11413982312.0,1790697600000.0,12637360849.0,0.495,100.0,12.062190981353686,316.25,0.12,26.346459673815904,253350953.62,-0.07,1324310400000.0,0.62,11797127.0,14980826.0,0.89,2.913,47497.0,2.2,,-5.85,华宏科技,27.041,,753120432.0,0,16.85,深市主板
SZ300013,,,1.648,11,-1.2,False,0.01,12.063,557723382.0,4.13,4.78,,4.82,2303397568.0,,2306022232.0,,100.0,-4.830898063029614,-22.43,0.49,91.68588516488995,68837432.5,-0.05,1256832000000.0,-0.02,-8723079.0,16499650.0,1.31,12.062,47477.0,2.96,,106.41,新宁物流,-244.052,,558358894.0,0,4.18,创业板
SZ002695,9.037227093535915,0.0,3.0924,11,-1.3,False,0.01,2.13,511453584.0,10.64,3.06,16.0573,-8.61,5441866134.0,1790697600000.0,5953992923.0,0.94,100.0,3.2657605610058535,73.72,0.57,2.9734579350176427,133873966.5,-0.14,1346774400000.0,0.16,2783147.0,12591311.0,1.54,2.129,47447.0,2.46,,-8.83,煌上煌,65.474,,559585801.0,0,10.78,深市主板
SZ000899,6.6296827988277185,0.0,1.0576,11,0.77,False,0.01,1.469,975677760.0,9.15,2.31,3.4493,-3.45,8927451504.0,1790697600000.0,8927451504.0,6.197,100.0,13.91830712211251,227.7,-0.11,11.914704815753051,102154325.2,0.07,880473600000.0,0.85,7656682.0,11230057.0,1.48,1.469,47381.0,1.15,,0.0,赣能股份,10.729,,975677760.0,0,9.08,深市主板
SZ002606,137.78101516241753,0.0,2.6007,11,2.18,False,0.01,2.617,421342031.0,12.21,4.77,10.5371,40.43,5144586199.0,1790697600000.0,5361084016.0,0.606,100.0,16.83539725709542,88.71,0.25,46.571261209303216,177805304.13,0.26,1312473600000.0,0.73,18353437.0,14460784.0,1.59,2.617,47366.0,3.43,,68.65,大连电瓷,16.753,,439073220.0,0,11.95,深市主板
SZ002022,34.49133919731162,,1.9064,11,-1.14,False,0.01,1.3,514324049.0,6.05,8.82,169.3316,1.85,3111660496.0,,3214952903.0,,100.0,-24.381917527668215,380.62,0.67,-10.625276139094186,150162394.87,-0.07,1090339200000.0,-1.32,2314446.0,24169513.0,1.07,1.258,47329.0,4.7,,44.69,科华生物,-4.577,,531397174.0,0,6.12,深市主板
SZ002419,-35.320280176578756,0.0,0.4947,11,-3.73,False,0.01,1.4,1141239697.0,4.9,3.93,2.9634,-10.2,5592074515.0,1790697600000.0,5592157203.0,1.429,100.0,1.0468017293329432,-39.11,0.41,-2.8874245197119563,359967305.93,-0.19,1275321600000.0,0.04,-23864970.0,73612800.0,4.1,1.4,47304.0,6.45,,-7.35,天虹股份,130.677,,1141256572.0,0,5.09,深市主板
SZ000995,,,12.7542,11,1.23,False,0.01,13.33,177408000.0,11.54,5.18,207.7761,-7.75,2047288320.0,,2047288320.0,,100.0,1.5038031962052814,29.65,0.52,-2.5524939469958263,168192034.0,0.14,965577600000.0,0.01,8110163.0,14616800.0,0.79,13.33,47273.0,8.24,,99.74,皇台酒业,901.368,,177408000.0,0,11.4,深市主板
SZ300359,,,9.7352,11,-0.49,False,0.01,5.232,633301697.0,4.06,3.92,,-24.25,2571204890.0,,2571333693.0,,100.0,-14.904610213612507,-7.15,0.25,-30.91991569763497,50263003.0,-0.02,1390233600000.0,-0.12,-1250576.0,12294600.0,0.82,5.233,47219.0,1.94,,46.19,全通教育,-32.746,,633333422.0,0,4.08,创业板
SZ300439,-35.48498739368197,,2.3935,11,-0.78,False,0.01,1.3,292332051.0,10.17,2.93,16.7605,3.64,2973016959.0,,3903691599.0,0.324,100.0,2.2942658998656813,-9.04,0.2,-2.8143942356759766,44436304.0,-0.08,1429632000000.0,0.18,-715948.0,4344000.0,0.83,1.301,47211.0,1.49,,43.98,美康生物,57.141,,383843815.0,0,10.25,创业板
SZ002361,,0.0,3.9667,11,5.43,False,0.01,4.436,844522984.0,10.1,9.92,42.922,-29.57,8529682138.0,1790697600000.0,9605453187.0,,100.0,-1.878096102979349,301.26,0.2,-1.934828499155683,1825605386.94,0.52,1267545600000.0,-0.04,200579529.0,178441356.0,2.49,4.436,47201.0,21.13,,66.71,神剑股份,-231.441,,951034969.0,0,9.58,深市主板
SZ002470,,0.0,0.5848,11,-0.51,False,0.01,3.966,3285745667.0,1.97,4.04,25.636,10.67,6472918964.0,1790697600000.0,6473474652.0,,100.0,-21.151762255112388,-66.33,0.51,12.895704640273653,202661095.0,-0.01,1283875200000.0,-0.12,-11196734.0,102049468.0,1.01,3.966,47168.0,3.11,,85.33,金正大,-16.859,,3286027742.0,0,1.98,深市主板
SZ000882,,0.0,3.6384,11,-3.23,False,0.01,0.649,2735636141.0,1.5,3.87,7.9029,-27.18,4103454212.0,1790697600000.0,4106027921.0,,100.0,-7.960232580494786,-49.16,-0.66,-7.952678201710739,87553428.0,-0.05,897926400000.0,-0.19,-20648822.0,57719000.0,0.85,0.649,47164.0,2.11,,0.0,华联股份,-7.814,,2737351947.0,0,1.55,深市主板
SZ002330,-45.100689553476926,,0.8978,11,-1.22,False,0.01,1.124,635054340.0,4.06,2.92,69.1135,-16.12,2578320620.0,,2579380077.0,,100.0,-0.6526596400771468,-60.19,-0.25,-5.449613134362918,33556191.0,-0.05,1262707200000.0,-0.02,-165805.0,8213300.0,0.93,1.124,47114.0,1.29,,81.94,得利斯,-172.191,,635315290.0,0,4.11,深市主板
SZ002772,79.71204303348114,0.0,1.7553,11,0.76,False,0.01,1.122,371636627.0,10.66,2.46,7.7251,-24.85,3961646444.0,1790697600000.0,3994755402.0,5.629,100.0,13.400036325156117,70.75,0.19,9.114105969828445,83918693.2,0.08,1435248000000.0,1.22,1017952.0,7831305.0,0.94,1.122,47040.0,2.11,,44.0,众兴菌业,8.745,,374742533.0,0,10.58,深市主板
SZ002698,-3.687682382804358,0.0,3.986,11,-0.45,False,0.01,2.711,844138325.0,11.05,2.43,18.13,-32.95,9327728491.0,1790697600000.0,11299305404.0,2.262,100.0,13.020362959611342,74.7,0.0,3.4710223962192366,58518758.56,-0.05,1347292800000.0,0.51,-8086260.0,5267356.0,1.11,2.729,46997.0,0.62,,40.62,博实股份,21.691,,1022561575.0,0,11.1,深市主板
SZ000639,,,0.3847,11,-0.65,False,0.01,0.929,1079426247.0,1.53,3.9,,-53.78,1651522158.0,,1651524985.0,,100.0,-42.925453100571886,9.8,-0.65,-9.842965087408606,40821752.0,-0.01,848937600000.0,-0.93,-3837084.0,26231800.0,0.94,0.929,46872.0,2.43,,1338.0,ST西王,-1.648,,1079428095.0,0,1.54,深市主板
SZ002979,38.34228062271006,0.0,7.1623,11,-3.7,False,0.01,7.803,224076383.0,50.53,4.25,57.4908,20.6,11322579633.0,1790697600000.0,15969405193.0,0.493,100.0,16.55759441849856,570.88,0.04,22.81292650175748,262415294.57,-1.94,1586275200000.0,0.95,-7641393.0,5134239.0,1.07,7.802,46716.0,2.29,,43.98,雷赛智能,53.221,,316038100.0,0,52.47,深市主板
SZ002210,83.49208360077213,0.0,19.5631,11,0.0,False,0.01,5.871,2656759025.0,2.08,2.88,50.948,-42.22,5526058772.0,1790697600000.0,5535364170.0,,100.0,4.1407037534509765,-17.11,-0.48,-4.715499163231696,90624118.0,0.0,1201622400000.0,0.01,-2791707.0,43246100.0,1.07,5.871,46578.0,1.63,,254.17,飞马国际,184.799,,2661232774.0,0,2.08,深市主板
SZ000791,21.23804288005182,0.0,2.5172,11,2.27,False,0.01,1.544,1935632286.0,7.22,2.55,4.6735,14.88,13975265105.0,1790697600000.0,23420522937.0,3.186,100.0,14.251281275822528,261.6,0.14,11.33494075006254,135919280.17,0.16,876758400000.0,0.64,27669995.0,18989346.0,1.62,1.544,46457.0,0.98,,0.0,甘肃能源,11.335,,3243839742.0,0,7.06,深市主板
SZ000678,6.667658780019425,0.0,3.8893,11,-5.04,False,0.01,7.236,459611797.0,12.24,14.35,,-18.56,5625648395.0,1790697600000.0,5625648395.0,,100.0,-6.985572387795873,132.1,0.41,-0.8347001931235276,1684516376.77,-0.65,852480000000.0,-0.12,39690825.0,129735846.0,3.9,7.236,46415.0,28.23,,118.07,襄阳轴承,-103.781,,459611797.0,0,12.89,深市主板
SZ300466,,0.0,7.9312,11,-0.28,False,0.01,5.507,460540826.0,7.2,4.02,140.393,-28.36,3315893947.0,1790697600000.0,3855815338.0,,100.0,-2.164427325997922,217.24,0.0,-15.585138207604244,38718659.0,-0.02,1432742400000.0,-0.03,-2796273.0,5350000.0,1.16,5.507,46401.0,1.16,,44.0,赛摩智能,-251.785,,535529908.0,0,7.22,创业板
SZ002510,-29.886381377946524,0.0,2.4499,11,-3.26,False,0.01,2.259,1015096290.0,5.63,3.26,22.8597,-23.19,5714992113.0,1790697600000.0,5715230926.0,,100.0,2.141883595928174,-20.15,0.18,-6.779911854467013,121591848.96,-0.19,1290614400000.0,0.05,-9210924.0,21392439.0,1.04,2.259,46396.0,2.11,,68.06,天汽模,106.749,,1015138708.0,0,5.82,深市主板
SZ000868,-67.83866095408962,0.0,1.0566,11,-3.61,False,0.01,4.679,939513985.0,4.0,5.54,,-19.68,3758055940.0,1790697600000.0,3758058940.0,,100.0,-8.533887508937962,71.05,0.0,19.949522196385704,210093599.97,-0.15,869760000000.0,-0.08,3316255.0,51993473.0,0.61,4.679,46359.0,5.53,,0.0,安凯客车,-52.373,,939514735.0,0,4.15,深市主板
SZ300520,-6.629160021324476,0.0,4.5291,11,-4.25,False,0.01,3.84,282219160.0,21.61,5.01,,-38.06,6098756048.0,1790697600000.0,6310790299.0,,100.0,-13.132829754959518,303.44,0.23,-21.01226755630722,186801988.0,-0.96,1467907200000.0,-0.78,-6539099.0,8518300.0,0.45,3.84,46325.0,3.02,,43.98,科大国创,-27.717,,292031018.0,0,22.57,创业板
SZ300443,-16.586182743163434,0.0,2.6576,11,2.87,False,0.01,1.076,242106770.0,21.52,5.54,18.7232,-22.9,5210137690.0,1790697600000.0,6889296549.0,0.883,100.0,4.272205410830078,122.3,0.0,11.695122717643791,278555173.89,0.6,1429632000000.0,0.84,2762733.0,13226808.0,1.25,1.076,46262.0,5.46,,43.99,金雷股份,25.566,,320134598.0,0,20.92,创业板
SZ300888,11.3601450625602,0.0,1.5622,11,2.05,False,0.01,1.49,580360952.0,29.85,3.66,10.6161,-18.98,17323774417.0,1790697600000.0,17401682201.0,2.657,100.0,6.8042184886649215,-61.91,0.07,11.487728872307134,145904705.58,0.6,1600272000000.0,1.35,5858674.0,4859771.0,2.41,1.49,46226.0,0.84,,69.92,稳健医疗,22.042,,582970928.0,0,29.25,创业板
SZ000915,-15.41064549970843,0.0,2.9441,11,0.5,False,0.01,2.146,234122860.0,23.95,1.51,10.8818,-22.0,5607242497.0,1790697600000.0,5612239066.0,8.351,100.0,15.60486793851478,827.25,0.21,-13.368826401682831,41272444.87,0.12,928857600000.0,1.8,-645872.0,1720287.0,1.2,2.146,46176.0,0.73,,0.0,华特达因,13.33,,234331485.0,0,23.83,深市主板
SZ300081,11.743795261174927,,5.4098,11,-0.62,False,0.01,2.663,604650817.0,3.21,3.1,,-38.15,1940929123.0,,1941393289.0,,100.0,-40.80789699586121,-61.23,0.0,-7.221038089720411,13185598.0,-0.02,1274284800000.0,-0.62,991118.0,4050900.0,0.66,2.663,46085.0,0.67,,1.29,ST恒信,-5.159,,604795417.0,0,3.23,创业板
SZ002274,,0.0,0.7653,11,1.03,False,0.01,1.063,937849130.0,5.87,2.41,47.0137,5.73,5505174393.0,1790697600000.0,5590380472.0,1.704,100.0,-1.7213115829505226,30.22,0.34,-0.3759582698953712,85511813.52,0.06,1222272000000.0,-0.1,5334444.0,14604206.0,0.95,1.063,46059.0,1.56,,85.02,华昌化工,-60.661,,952364646.0,0,5.81,深市主板
SZ002331,94.06529870006229,,2.338,11,-0.88,False,0.01,2.421,403482891.0,6.79,3.07,,-23.88,2739648830.0,,3420997165.0,,100.0,-22.878831125446496,-12.44,0.15,22.025184524532126,35207484.0,-0.06,1262707200000.0,-0.7,-1073120.0,5155800.0,0.69,1.878,46056.0,1.28,,60.11,皖通科技,-9.656,,503828743.0,0,6.85,深市主板
SZ300451,,0.0,5.7317,11,-1.43,False,0.01,1.396,1531143411.0,3.44,4.01,,-28.93,5267133334.0,1790697600000.0,5328988940.0,,100.0,-12.699531491195593,267.21,0.29,-19.938143212678604,64287514.0,-0.05,1431532800000.0,-0.33,-9360656.0,18544900.0,0.9,1.396,46026.0,1.21,,44.01,创业慧康,-10.283,,1549124692.0,0,3.49,创业板
SZ300184,100.16717557406464,0.0,1.0871,11,-2.38,False,0.01,2.624,1049613156.0,10.68,4.94,,6.91,11209868506.0,1790697600000.0,12246130462.0,,100.0,8.797568069096657,237.38,0.0,33.49007639346553,309287371.84,-0.26,1298304000000.0,0.33,-5364324.0,28500124.0,0.92,2.629,45875.0,2.72,,23.4,力源信息,32.802,,1146641429.0,0,10.94,创业板
SZ300471,-22.37500321029875,0.0,4.2759,11,2.74,False,0.01,2.879,374763985.0,10.11,3.15,48.0496,-19.76,3788863888.0,1790697600000.0,4753304770.0,,100.0,7.9766677275105335,-27.28,0.1,7.685177070774651,80188289.12,0.27,1433952000000.0,0.24,8944182.0,7973673.0,2.15,2.879,45820.0,2.13,,43.99,厚普股份,42.923,,470158731.0,0,9.84,创业板
SZ300046,10.055078216629676,0.0,13.6146,11,-3.21,False,0.01,4.783,236531371.0,22.93,6.16,134.9462,-33.63,5423664337.0,1790697600000.0,5423664337.0,0.654,100.0,3.800849387102314,117.74,0.35,11.091105547271084,83145946.04,-0.76,1263916800000.0,0.18,-4127526.0,3584111.0,1.01,4.783,45803.0,1.52,,23.37,台基股份,126.26,,236531371.0,0,23.69,创业板
SZ000595,,0.0,8.8011,11,3.09,False,0.01,12.619,1138656366.0,5.68,3.81,7.2009,1.61,6467568159.0,1790697600000.0,6467568159.0,,100.0,-0.10580712331043826,244.37,0.53,39.17158613466971,223831144.42,0.17,829843200000.0,0.0,16514984.0,39717066.0,1.48,12.619,45768.0,3.49,,114.46,新能股份,-13654.913,,1138656366.0,0,5.51,深市主板
SZ002448,24.97159758107028,0.0,1.4519,11,-2.57,False,0.01,1.64,580509507.0,10.62,3.94,20.9202,-16.6,6165010964.0,1790697600000.0,6456000441.0,1.827,100.0,13.772989785408472,137.57,-0.09,20.25483671154631,121585393.0,-0.28,1279209600000.0,0.86,-4864668.0,11288600.0,1.23,1.588,45763.0,1.94,,83.49,中原内配,12.372,,607909646.0,0,10.9,深市主板
SZ300368,-23.705578875777512,0.0,39.139,11,-2.63,False,0.01,136.457,528943475.0,8.89,5.15,,-41.36,4702307493.0,1790697600000.0,4702307493.0,,100.0,-132.62435505748093,221.83,0.11,-35.30304853427456,209638967.0,-0.24,1390406400000.0,-0.3,7881487.0,23226600.0,0.7,136.559,45755.0,4.39,,45.23,汇金股份,-29.926,,528943475.0,0,9.13,创业板
SZ300303,-3.039763018059727,0.0,2.5478,11,-1.89,False,0.01,2.383,1328646736.0,6.24,4.87,53.0016,-7.63,8290755633.0,1790697600000.0,8840866488.0,1.907,100.0,7.226292923593018,297.96,0.0,11.60730313648164,186540735.9,-0.12,1332086400000.0,0.19,-14324547.0,29459030.0,1.02,2.383,45747.0,2.22,,14.68,聚飞光电,33.213,,1416805527.0,0,6.36,创业板
SZ000600,105.06823489362117,0.0,0.6743,11,1.26,False,0.01,1.202,1090050876.0,7.26,1.39,3.0763,-12.27,7913769360.0,1790697600000.0,14769567255.0,3.912,100.0,13.829214071168975,508.86,0.0,2.315944333284725,120498534.88,0.09,833990400000.0,0.86,20617820.0,16670255.0,1.3,1.057,45705.0,1.53,,112.83,建投能源,8.4,,2034375655.0,0,7.17,深市主板
SZ002795,,,5.0796,11,-1.24,False,0.01,7.158,433978347.0,7.14,4.01,96.5697,13.33,3098605398.0,,3153648229.0,,100.0,-8.363380133288484,65.27,-0.14,-15.877793724208821,84952742.92,-0.09,1461772800000.0,-0.09,580436.0,11726928.0,0.7,7.159,45695.0,2.7,,43.97,永和智控,-81.819,,441687427.0,0,7.23,深市主板
SZ002227,24.50588981078581,,5.5601,11,-0.47,False,0.01,1.76,245936766.0,6.4,2.49,42.5116,-46.84,1573995302.0,,1585959488.0,,100.0,-7.898160425316954,-47.25,-0.16,-0.39834283807795856,7572324.0,-0.03,1210003200000.0,-0.3,445562.0,1179300.0,1.15,1.76,45644.0,0.48,,90.12,*ST特迅,-21.402,,247806170.0,0,6.43,深市主板
SZ300331,-13.018743404973653,0.0,5.0725,11,-3.29,False,0.01,6.803,222130818.0,40.88,9.44,52.772,26.33,9080707840.0,1790697600000.0,10614994252.0,,100.0,0.036688091848643446,516.09,0.27,7.660864628904851,357415429.75,-1.39,1340812800000.0,0.0,-4377790.0,8462443.0,1.21,6.803,45570.0,3.81,,2.05,苏大维格,18547.262,,259662286.0,0,42.27,创业板
SZ300263,17.755894295409604,0.0,2.8449,11,-3.68,False,0.01,2.295,962203672.0,9.43,6.13,122.2527,7.15,9073580627.0,1790697600000.0,9634458167.0,0.636,100.0,5.331828771293347,149.5,0.0,14.552764707419774,242263317.82,-0.36,1316102400000.0,0.2,-1317183.0,25104552.0,0.72,2.324,45526.0,2.61,,-1.3,隆华科技,48.172,,1021681672.0,0,9.79,创业板
SZ000429,-3.931688772490949,0.0,5.9487,11,2.09,False,0.01,2.514,1303329906.0,12.72,2.57,7.8908,12.57,16578356404.0,1790697600000.0,26595053923.0,4.748,100.0,15.117087336125442,653.51,0.0,-2.8634287848412265,99248450.0,0.26,887904000000.0,0.76,7879815.0,7845128.0,1.74,2.514,45514.0,0.6,,0.0,粤高速A,16.681,,2090806126.0,0,12.46,深市主板
SZ002897,17.410388917918198,0.0,1.7189,11,-4.91,False,0.01,3.786,184358188.0,55.14,8.97,23.9571,2.65,10165510486.0,1790697600000.0,10689383937.0,0.907,100.0,9.413744899805122,269.71,0.29,5.959783258307683,512338636.25,-2.85,1504713600000.0,1.33,9377708.0,9127577.0,1.04,3.786,45493.0,4.95,,44.0,意华股份,41.574,,193858976.0,0,57.99,深市主板
SZ002421,,0.0,3.1917,11,0.95,False,0.01,2.501,2036199151.0,3.2,3.47,57.0639,12.28,6515837283.0,1790697600000.0,6785861245.0,,100.0,-19.389939269375205,112.85,0.31,-16.493688033796328,384284497.3,0.03,1275494400000.0,-0.27,18126312.0,119823969.0,1.08,2.501,45491.0,5.88,,53.07,达实智能,-11.646,,2120581639.0,0,3.17,深市主板
SZ002769,,,,11,0.0,False,0.01,2.118,373010230.0,6.72,4.32,,-42.69,2506628746.0,,2508697323.0,0.238,100.0,1.3233924913448187,-8.11,0.0,-58.91851923388061,77160174.0,0.0,1435507200000.0,0.04,5930149.0,11357700.0,1.33,2.118,45481.0,3.04,,44.02,普路通,160.343,,373318054.0,0,6.72,深市主板
SZ002370,-67.73982452675929,0.0,11.5509,11,-1.36,False,0.01,3.389,745622530.0,5.09,3.88,,-30.37,3795218678.0,1790697600000.0,3795447728.0,,100.0,-0.8273967474739062,-19.05,0.2,-7.334239410786337,69743174.47,-0.07,1268668800000.0,-0.01,-6088396.0,13525800.0,1.06,3.389,45411.0,1.81,,35.69,亚太药业,-407.932,,745667530.0,0,5.16,深市主板
SZ300489,,0.0,16.2473,11,-5.51,False,0.01,47.044,137822431.0,263.0,13.58,712.3344,417.72,36247299353.0,1790697600000.0,36598510605.0,,100.0,-9.27956177570259,3316.43,0.99,33.98057255412144,4288097826.98,-15.35,1435680000000.0,-0.48,-92142953.0,16154497.0,1.22,47.044,45314.0,11.72,,44.02,光智科技,-551.086,,139157835.0,0,278.35,创业板
SZ300226,-2.338657576858838,0.0,0.0829,11,0.12,False,0.01,2.782,367696869.0,16.71,3.54,,-19.98,6144214681.0,1790697600000.0,6391001947.0,0.551,100.0,9.942219540237469,447.33,0.0,2.0083659150272215,130059697.85,0.02,1307462400000.0,0.57,3532142.0,7698270.0,0.98,2.782,45291.0,2.09,,19.35,上海钢联,29.19,,382465706.0,0,16.69,创业板
SZ003022,22.106682333362127,0.0,2.8042,11,1.65,False,0.01,3.16,1334431825.0,18.46,3.63,25.5965,-6.56,24633611490.0,1790697600000.0,24654585280.0,0.379,100.0,7.566651730132647,80.79,0.11,19.89353221440293,124936903.6,0.3,1607356800000.0,0.43,10404487.0,6732610.0,1.04,3.16,45270.0,0.5,,43.98,联泓新科,43.109,,1335568000.0,0,18.16,深市主板
SZ300256,-39.47174792172208,0.0,3.9167,11,-1.54,False,0.01,6.431,2243393386.0,2.55,3.47,201.5721,-36.72,5720653134.0,1790697600000.0,5784403134.0,,100.0,-5.9192734332821555,-51.15,-0.39,18.318112103622997,44078313.7,-0.04,1313683200000.0,-0.02,-3202460.0,17142354.0,1.1,6.431,45249.0,0.76,,19.24,星星科技,-107.445,,2268393386.0,0,2.59,创业板
SZ000965,-24.082602809198374,,0.9269,11,-2.0,False,0.01,0.694,1109830895.0,3.43,3.14,,-12.23,3806719970.0,,3806719970.0,0.292,100.0,-0.815201504654868,-13.52,-0.29,49.92210393450027,112974332.0,-0.07,954950400000.0,-0.04,-749700.0,32499600.0,1.0,0.694,45180.0,2.93,,129.35,天保基建,-84.627,,1109830895.0,0,3.5,深市主板
SZ002037,48.37399980355244,0.0,0.5207,11,-0.15,False,0.01,3.354,483883566.0,6.76,3.1,18.8714,-28.84,3271052906.0,1790697600000.0,3271052906.0,,100.0,-64.90952411909139,276.56,0.15,-4.827048814426183,29400537.0,-0.01,1094572800000.0,-1.94,1017056.0,4336200.0,1.37,3.354,45133.0,0.9,,19.07,保利联合,-3.489,,483883566.0,0,6.77,深市主板
SZ000708,3.453465331556149,0.0,0.6266,11,0.69,False,0.01,1.52,5047136556.0,13.2,1.45,5.0241,-15.59,66622202539.0,1790697600000.0,66622499539.0,4.894,100.0,14.277761478486065,187.86,-0.15,-2.6087306333154037,139578268.85,0.09,859305600000.0,1.21,2395123.5999999996,10566971.0,1.12,1.519,45110.0,0.21,,128.85,中信特钢,10.886,,5047159056.0,0,13.11,深市主板
SZ002757,-2.9317783561095156,0.0,1.4547,11,-3.64,False,0.01,2.566,284203646.0,17.76,5.37,12.6292,-7.06,5047456753.0,1790697600000.0,5247297015.0,2.252,100.0,6.8715702904175755,196.47,0.23,1.7829701207819904,368310900.5,-0.67,1432656000000.0,0.47,11969212.0,20408250.0,0.55,2.566,45107.0,7.18,,43.97,南兴股份,37.702,,295455913.0,0,18.43,深市主板
SZ002515,,0.0,27.4088,11,-3.26,False,0.01,3.183,1101851924.0,6.82,4.54,25293.4608,12.17,7514630122.0,1790697600000.0,8256388598.0,0.147,100.0,-0.22077977610386648,16.56,0.29,-2.8543898296138237,315124301.56,-0.23,1291305600000.0,0.0,-42050002.0,45947056.0,0.97,3.183,45094.0,4.17,,83.47,金字火腿,-1436.847,,1210614164.0,0,7.05,深市主板
SZ002614,,,0.9523,11,7.47,False,0.01,1.236,441275311.0,8.34,14.56,17.2054,16.32,3680236094.0,,5201984961.0,1.199,100.0,-2.0564153382894674,-1.03,0.36,5.505809034464448,780647188.58,0.58,1315497600000.0,-0.14,100536342.0,96549923.0,0.79,1.236,44861.0,21.88,,-11.92,奥佳华,-58.66,,623739204.0,0,7.76,深市主板
SZ000680,22.542564585492265,0.0,0.857,11,0.22,False,0.01,2.042,1314570547.0,9.08,2.1,15.506,-23.46,11936300567.0,1790697600000.0,13621294917.0,2.181,100.0,21.380134773322194,538.22,0.0,14.990545793311071,102324682.74,0.02,853862400000.0,0.88,-2184469.0,11276987.0,0.69,2.042,44815.0,0.86,,116.36,山推股份,10.32,,1500142612.0,0,9.06,深市主板
SZ002805,,0.0,1.0139,11,10.02,False,0.01,4.937,278816068.0,17.67,9.78,,-0.34,4926679922.0,1790697600000.0,4948704516.0,,100.0,-7.776594913267481,438.72,0.0,55.993508631651956,424878102.18,1.61,1467820800000.0,-0.34,-3439960.0,24564431.0,2.47,4.937,44714.0,8.81,,43.97,丰元股份,-51.544,,280062508.0,1,16.06,深市主板
SZ300119,-11.101771936431671,0.0,2.2643,11,-0.84,False,0.01,1.641,338529850.0,16.62,4.65,21.7092,-9.46,5626366107.0,1790697600000.0,7724223214.0,2.353,100.0,7.511728569192607,43.57,0.0,8.119976791777628,58942122.0,-0.14,1284652800000.0,0.75,-464528.0,3516100.0,1.17,1.641,44619.0,1.04,,32.02,瑞普生物,22.19,,464754706.0,0,16.76,创业板
SZ002255,1.0080889358802692,0.0,2.5977,11,0.83,False,0.01,1.311,637944743.0,7.32,2.2,13.2856,-41.36,4669755519.0,1790697600000.0,6082049323.0,1.325,100.0,8.886046991270034,67.31,0.0,-5.417125529296774,48229046.75,0.06,1214323200000.0,0.47,-333416.0,6555593.0,1.17,1.311,44610.0,1.03,,90.82,海陆重工,15.737,,830881055.0,0,7.26,深市主板
SZ300031,38.906460119003164,0.0,2.1439,11,-1.96,False,0.01,1.99,358557982.0,19.54,5.02,28.7627,-13.72,7006222968.0,1790697600000.0,8182310420.0,0.512,100.0,6.394142247221174,148.79,0.05,4.98130445421987,136929223.21,-0.39,1261670400000.0,0.62,-8486252.0,6938581.0,0.96,1.989,44546.0,1.94,,51.45,宝通科技,31.573,,418746695.0,0,19.93,创业板
SZ300248,10.99631960422023,0.0,3.9152,11,-1.82,False,0.01,1.83,407341317.0,8.1,3.27,19.1864,-34.08,3299464668.0,1790697600000.0,3858421983.0,0.988,100.0,2.4096525053466697,108.82,0.0,-1.954296825134283,37610494.0,-0.15,1311868800000.0,0.11,-5169282.0,4609200.0,0.92,1.83,44516.0,1.13,,50.5,新开普,76.186,,476348393.0,0,8.25,创业板
SZ002339,-6.429680432584117,0.0,1.1239,11,1.12,False,0.01,2.104,478793604.0,7.23,5.73,23.3243,-17.83,3461677757.0,1790697600000.0,3644587141.0,0.277,100.0,0.26768433104633077,19.81,0.0,13.990959307732997,162725774.65,0.08,1264089600000.0,0.01,3192303.0,22275253.0,0.88,2.104,44478.0,4.65,,36.36,积成电子,784.454,,504092274.0,0,7.15,深市主板
SZ300685,6.680591529922086,0.0,6.9029,11,-2.34,False,0.01,4.292,389586863.0,20.84,4.26,20.9021,4.17,8118990225.0,1790697600000.0,8129791722.0,2.135,100.0,17.902342952602936,550.03,0.68,3.483168653865376,270704265.89,-0.5,1501603200000.0,0.87,-19375532.0,12970494.0,0.73,4.292,44453.0,3.33,,44.01,艾德生物,24.028,,390105169.0,0,21.34,创业板
SZ300183,,0.0,5.0672,11,-0.85,False,0.01,1.581,371087762.0,10.54,7.15,52.2544,-28.9,3911265011.0,1790697600000.0,4875900304.0,0.047,100.0,-1.033599202818873,22.2,0.09,-4.254944488881529,82701698.1,-0.09,1298304000000.0,-0.07,7069298.0,7671900.0,1.22,1.581,44416.0,2.07,,6.73,东软载波,-152.079,,462609137.0,0,10.63,创业板
SZ300189,,0.0,28.4202,11,1.0,False,0.01,9.057,886250424.0,6.06,5.83,259.7385,-18.55,5370677569.0,1790697600000.0,6205440000.0,,100.0,15.485281529334932,49.15,0.0,-1.1183726127617533,841394798.26,0.06,1300204800000.0,0.11,17495519.0,137743002.0,1.12,9.057,44315.0,15.54,,11.88,神农种业,57.448,,1024000000.0,0,6.0,创业板
SZ300501,-45.81078391383987,,2.6297,11,3.89,False,0.01,2.491,277222819.0,11.48,7.78,25.3724,10.85,3182517962.0,,3193537350.0,4.608,100.0,-4.188165525061232,87.23,0.79,8.994994877260453,183515140.83,0.43,1454515200000.0,-0.24,7873952.0,16384497.0,1.35,2.491,44261.0,5.91,,44.01,海顺新材,-48.218,,278182696.0,0,11.05,创业板
SZ002544,-5.449401822846878,0.0,2.249,11,0.79,False,0.01,2.802,680468529.0,15.29,6.0,96.5125,-55.62,10404363808.0,1790697600000.0,10405363178.0,0.124,100.0,0.5664058570933471,214.51,0.26,-7.950959103252863,209301543.36,0.12,1296144000000.0,0.03,18186280.0,13476763.0,1.42,2.802,44236.0,1.98,,7.68,普天科技,495.584,,680533890.0,0,15.17,深市主板
SZ300313,,,7.7395,11,1.24,False,0.01,76.5,197352789.0,12.21,9.04,,52.05,2409677554.0,,2927701517.0,,100.0,-113.59219066046026,54.71,0.0,97.35922691487082,214116560.0,0.15,1335283200000.0,-0.06,13732577.0,17232100.0,1.04,76.504,44230.0,8.73,,18.46,天山生物,-193.101,,239778994.0,0,12.06,创业板
SZ002551,23.643806651375222,,2.5631,11,-0.88,False,0.01,1.164,611186723.0,3.38,4.11,23.3164,-7.4,2065811124.0,,2857771674.0,,100.0,-5.807765051625018,-52.31,0.6,-1.0940148528107874,73245489.02,-0.03,1298563200000.0,-0.17,2850775.0,21506538.0,1.6,1.164,44214.0,3.52,,30.46,尚荣医疗,-19.379,,845494578.0,0,3.41,深市主板
SZ002057,-9.453111793945446,0.0,2.0061,11,0.57,False,0.01,2.002,753256924.0,8.82,2.39,13.6897,-13.07,6643726070.0,1790697600000.0,6649254287.0,1.939,100.0,6.057976474523634,560.23,0.11,8.206358395076684,83664259.35,0.05,1154448000000.0,0.26,-47673.0,9459205.0,1.0,2.002,44142.0,1.26,,124.36,中钢天源,33.369,,753883706.0,0,8.77,深市主板
SZ300094,,,1.0927,11,-1.03,False,0.01,32.887,1105513399.0,2.89,4.45,16.3029,-18.82,3194933723.0,,3260403361.0,,100.0,-155.17450774897057,-51.01,0.35,-15.437054771508784,104662500.42,-0.03,1278518400000.0,-0.96,-4863767.0,35987166.0,0.92,32.878,44108.0,3.26,,-0.63,国联水产,-3.018,,1128167253.0,0,2.92,创业板
SZ002885,62.178665000613265,0.0,1.9132,11,-2.6,False,0.01,4.321,238003501.0,25.11,6.63,29.3586,-2.18,5976267910.0,1790697600000.0,6802725066.0,0.139,100.0,7.594694112554818,332.27,-0.04,13.096718510998562,316401997.06,-0.67,1498492800000.0,0.42,-2929827.0,12311196.0,1.0,4.321,44046.0,5.17,,43.98,京泉华,59.466,,270916968.0,0,25.78,深市主板
SZ300747,17.423377727788814,0.0,5.3039,11,-3.07,False,0.01,5.563,521977770.0,35.06,6.3,101.9033,29.96,18300540616.0,1790697600000.0,19689696000.0,0.2,100.0,7.220898590558868,243.48,0.11,2.634381403313335,473489919.69,-1.11,1529856000000.0,0.44,-9867484.0,13262425.0,0.94,5.563,44040.0,2.54,,44.0,锐科激光,79.48,,561600000.0,0,36.17,创业板
SZ002277,,0.0,7.5292,11,-0.42,False,0.01,1.032,1394172800.0,4.79,6.44,26.7988,-31.18,6678087712.0,1790697600000.0,6678087712.0,,100.0,-4.801364740950104,-23.3,-0.21,-16.49618202485853,124410593.72,-0.02,1247760000000.0,-0.23,5252750.0,25599126.0,1.33,1.032,43983.0,1.84,,93.56,友阿股份,-21.052,,1394172800.0,0,4.81,深市主板
SZ002564,-30.460969642950054,0.0,1.992,11,1.74,False,0.01,41.408,858904477.0,5.27,6.18,37.1772,-31.56,4526426594.0,1790697600000.0,4526426594.0,,100.0,-18.09465037873371,-49.32,0.38,-19.247144860274346,245602843.0,0.09,1299686400000.0,-0.03,-8175792.0,46583400.0,0.8,41.398,43910.0,5.42,,15.25,天沃科技,-208.564,,858904477.0,0,5.18,深市主板
SZ300329,32.01619444140864,,24.9098,11,-3.14,False,0.01,5.023,251967237.0,11.41,4.92,,-29.52,2874946174.0,,2885460980.0,,100.0,-18.098785178368257,109.52,0.18,-28.731883241646848,24334291.7,-0.37,1340035200000.0,-0.45,-2006748.0,2096782.0,1.29,5.023,43899.0,0.83,,-5.19,海伦钢琴,-25.152,,252888780.0,0,11.78,创业板
SZ300093,,0.0,43.1194,11,-2.72,False,0.01,5.667,279000000.0,19.64,5.25,,17.6,5479560000.0,1790697600000.0,10860448640.0,,100.0,88.85233976660821,98.41,0.46,-30.46635133744108,68435680.0,-0.55,1278518400000.0,0.68,4233047.0,3446200.0,0.97,5.534,43884.0,1.24,,36.54,金刚光伏,29.056,,552976000.0,0,20.19,创业板
SZ002254,-33.583735779419165,0.0,2.5641,11,1.15,False,0.01,1.376,850572908.0,11.48,3.52,14.993,14.73,9764576984.0,1790697600000.0,9775543541.0,0.174,100.0,1.0325552409718637,195.54,-0.09,0.6776319483550175,157186018.84,0.13,1214323200000.0,0.09,1360861.0,13611667.0,1.02,1.385,43711.0,1.6,,60.57,泰和新材,133.478,,851528183.0,0,11.35,深市主板
SZ300678,-17.8298288967479,0.0,8.4561,11,0.48,False,0.01,7.32,292736719.0,20.84,10.32,239.2279,-32.08,6100633224.0,1790697600000.0,6176690346.0,0.288,100.0,1.9134459502883432,507.85,0.14,21.235342752097996,251546604.01,0.1,1501171200000.0,0.05,-10536187.0,11609369.0,4.47,7.32,43662.0,3.97,,43.95,中科信息,382.17,,296386293.0,0,20.74,创业板
SZ300173,,,2.3048,11,0.9,False,0.01,3.201,734716323.0,3.36,3.3,,-20.57,2468646845.0,,2468678345.0,,100.0,-20.51531089145367,-21.78,0.3,-18.10657067363811,28311359.0,0.03,1296489600000.0,-0.24,5301524.0,8381200.0,1.97,3.202,43649.0,1.14,,7.06,ST福能,-13.766,,734725698.0,0,3.33,创业板
SZ002653,66.73504934881034,0.0,12.363,11,-4.45,False,0.01,14.074,536986608.0,59.41,6.71,56.6255,17.26,31902374381.0,1790697600000.0,67780422237.0,1.326,100.0,21.37892175135682,1042.04,0.34,26.48089359079666,377337435.56,-2.77,1326729600000.0,0.83,-30142809.0,6311833.0,1.31,11.209,43648.0,1.18,,-4.9,海思科,71.402,,1140892480.0,0,62.18,深市主板
SZ002380,1.0223806732399643,0.0,3.1296,11,-2.32,False,0.01,2.494,142203990.0,25.68,6.47,11.2629,-5.15,3651798463.0,1790697600000.0,6162985546.0,0.779,100.0,6.8451078651191235,22.84,0.35,13.584734352944118,105718564.0,-0.61,1269964800000.0,0.69,-1724992.0,4036000.0,1.78,2.494,43620.0,2.84,,99.38,科远智慧,37.316,,239991649.0,0,26.29,深市主板
SZ002867,-14.042676988359625,0.0,1.4074,11,0.49,False,0.01,1.778,1079141804.0,10.19,0.99,41.8271,-11.84,10996454983.0,1790697600000.0,11060978970.0,7.949,100.0,15.390879485917285,42.56,0.1,-24.603368692878558,52531790.48,0.05,1493222400000.0,0.88,-2237910.0,5166650.0,0.86,1.778,43613.0,0.48,,43.98,周大生,11.53,,1085473893.0,0,10.14,深市主板
SZ000902,10.515525517162239,0.0,0.8543,11,0.52,False,0.01,1.36,1142783444.0,13.57,1.93,10.7799,-11.16,15507571335.0,1790697600000.0,17026743935.0,2.211,100.0,13.649298937605506,634.11,-0.22,12.786239198015314,64849228.0,0.07,923500800000.0,1.29,-4841238.0,4758500.0,1.03,1.36,43593.0,0.42,,0.0,新洋丰,10.498,,1254734262.0,0,13.5,深市主板
SZ300158,,0.0,2.1094,11,-1.15,False,0.01,1.569,991685242.0,5.15,3.65,,-11.36,5107178996.0,1790697600000.0,5110360738.0,,100.0,-11.622370987506688,-25.98,0.19,-16.717318857971332,61438864.88,-0.06,1294329600000.0,-0.4,-2664189.0,11857593.0,0.7,1.569,43592.0,1.2,,0.59,振东制药,-12.721,,992303056.0,0,5.21,创业板
SZ002859,6.349345811593077,0.0,11.0156,11,-5.29,False,0.01,6.652,428315200.0,56.01,9.52,78.355,103.64,23989934352.0,1790697600000.0,25408486348.0,0.38,100.0,7.5949696855754905,571.89,0.02,17.496768009964292,620854006.72,-3.13,1491494400000.0,0.57,17671151.0,10785385.0,1.03,6.652,43539.0,2.52,,44.0,洁美科技,98.067,,453641963.0,0,59.14,深市主板
SZ000011,,0.0,2.8887,11,-0.98,False,0.01,2.181,526475543.0,12.12,10.95,,34.88,6380883581.0,1790697600000.0,7223266595.0,0.165,100.0,-1.4568743599416782,313.64,-0.82,-3.7951880557885898,1513302213.86,-0.12,701884800000.0,-0.08,-100646144.05000001,116472464.0,3.11,2.181,43456.0,22.12,,205.56,深物业A,-148.266,,595979092.0,0,12.24,深市主板
SZ300287,-21.50473097293292,0.0,18.651,11,-1.71,False,0.01,5.142,1322872156.0,3.44,3.43,,-29.65,4550680217.0,1790697600000.0,4937341900.0,,100.0,-14.288695622783736,156.54,0.0,-36.55582815226288,67081000.0,-0.06,1328025600000.0,-0.1,-10842372.0,19370550.0,0.54,5.142,43338.0,1.46,,4.33,飞利信,-33.407,,1435273808.0,0,3.5,创业板
SZ300340,-47.406449788967194,,1.1835,11,2.32,False,0.01,48.823,273446176.0,9.25,5.86,180.5364,-24.92,2529377128.0,,2548511114.0,,100.0,-3775.7615610830085,-44.24,0.11,-8.986170910859725,187068603.11,0.21,1343232000000.0,-0.56,7858171.0,20201237.0,1.87,48.813,43303.0,7.39,,52.4,科恒股份,-16.457,,275514715.0,0,9.04,创业板
SZ000838,205.2322047603101,,16.3865,11,2.04,False,0.01,,1100462170.0,2.5,4.08,,-19.09,2751155425.0,,2751155425.0,,100.0,-776.3451316893697,173.76,0.4,-70.68982866313887,117828992.12,0.05,867254400000.0,-0.61,-5350622.0,46765754.0,1.24,-10.989,43291.0,4.25,,0.0,*ST发展,-4.071,,1100462170.0,0,2.45,深市主板
SZ300463,,0.0,2.6749,11,-1.15,False,0.01,0.903,491598938.0,9.42,3.46,8.1379,-15.82,4630861996.0,1790697600000.0,5695959598.0,,100.0,-0.5638877500248269,-7.07,0.32,-10.333282423418988,54066284.1,-0.11,1432742400000.0,-0.06,-4342195.0,5702572.0,1.26,0.903,43277.0,1.16,,43.99,迈克生物,-159.943,,604666624.0,0,9.53,创业板
SZ000524,4.7305147526547575,0.0,1.2755,11,1.03,False,0.01,2.588,670008507.0,8.85,2.4,37.1701,-25.77,5929575287.0,1790697600000.0,5931346083.0,0.576,100.0,3.381114878612811,195.56,0.23,11.944632349083339,48918193.96,0.09,753552000000.0,0.11,1496250.0,5541400.0,1.13,2.588,43197.0,0.83,,144.43,岭南控股,77.07,,670208597.0,0,8.76,深市主板
SZ002175,,,9.0523,11,-1.21,False,0.01,4.014,1276780727.0,2.45,3.23,,-44.7,3128112781.0,,3128112781.0,,100.0,-4.7610081380552565,-63.14,-0.41,11.092336698694849,21375204.6,-0.03,1192118400000.0,-0.03,-3068400.0,8611540.0,1.09,4.014,43147.0,0.67,,369.16,*ST东智,-91.879,,1276780727.0,0,2.48,深市主板
SZ300633,-49.71315901332814,0.0,3.3502,11,-2.63,False,0.01,2.663,260116315.0,18.91,4.48,84.0795,-27.76,4918799517.0,1790697600000.0,8033677220.0,0.947,100.0,5.349869062532836,211.24,0.21,5.956636208874699,77623756.18,-0.51,1491408000000.0,0.39,-3262237.0,4059228.0,1.44,2.663,43079.0,1.56,,43.98,开立医疗,48.978,,424837505.0,0,19.42,创业板
SZ002833,-8.465857143295851,0.0,3.0939,11,0.62,False,0.01,2.842,293066608.0,19.45,4.19,11.2924,24.56,5700145526.0,1790697600000.0,8345404868.0,4.591,100.0,15.009706371975554,500.44,0.1,3.3002819693607854,156636646.47,0.12,1482854400000.0,1.03,17037012.0,7999658.0,1.65,2.838,42983.0,2.73,,44.02,弘亚数控,18.842,,429069659.0,0,19.33,深市主板
SZ000908,,0.0,26.0973,11,-1.67,False,0.01,4.96,879774351.0,5.89,4.01,,19.79,5181870927.0,1790697600000.0,10363741855.0,,100.0,-3.969955210040748,197.37,0.17,-14.035714719067794,57804518.0,-0.1,917971200000.0,-0.02,-8441201.0,9700300.0,0.81,4.96,42917.0,1.1,,0.0,石药景峰,-244.12,,1759548702.0,0,5.99,深市主板
SZ300429,116.2817308819076,0.0,5.3631,11,-3.94,False,0.01,2.912,417805719.0,10.24,7.13,62.0154,-23.18,4278330563.0,1790697600000.0,5687927347.0,,100.0,-9.006207836270205,196.18,0.2,13.273427268684879,158378209.44,-0.42,1427126400000.0,-0.31,-1959924.0,15215416.0,1.22,3.013,42903.0,3.64,,43.99,强力新材,-32.961,,555461655.0,0,10.66,创业板
SZ002471,-44.31641000876255,0.0,1.3285,11,-0.39,False,0.01,3.866,1344258951.0,5.1,5.08,165.1044,-36.41,6855720650.0,1790697600000.0,6980064000.0,,100.0,-2.352195267939683,19.67,0.0,-4.471486616814834,282557587.79,-0.02,1284048000000.0,-0.03,-5060025.0,54445544.0,0.75,3.867,42856.0,4.05,,121.62,中超控股,-166.279,,1368640000.0,0,5.12,深市主板
SZ002608,12.809272409531559,0.0,0.7585,11,2.72,False,0.01,0.762,3778079704.0,7.54,2.59,3.9603,4.04,28486720968.0,1790697600000.0,28486720968.0,2.387,100.0,8.16776685757595,-42.96,0.27,5.080843064962792,123035413.72,0.2,1312905600000.0,0.78,17216855.0,16406485.0,1.63,0.762,42770.0,0.43,,58.48,江苏国信,9.701,,3778079704.0,0,7.34,深市主板
SZ000823,3.903028463785807,0.0,2.0358,11,-2.45,False,0.01,2.424,594932167.0,22.71,5.33,21.4142,69.41,13510909513.0,1790697600000.0,13511426029.0,0.797,100.0,4.268369533200053,729.1,-0.18,8.480991978488838,1734430875.83,-0.57,876240000000.0,0.37,-49884017.0,75197535.0,0.5,2.424,42748.0,12.64,,0.0,超声电子,61.108,,594954911.0,0,23.28,深市主板
SZ000560,-37.88436318544392,0.0,0.9028,11,-1.35,False,0.01,0.919,2342688119.0,3.65,10.27,3.1656,25.0,8550811634.0,1790697600000.0,8597578106.0,,100.0,-0.5778832283979711,265.18,0.0,-10.363702909410222,2282154079.6,-0.05,760118400000.0,-0.02,98747417.0,614408082.0,0.93,0.919,42703.0,26.23,,45.2,我爱我家,-158.51,,2355500851.0,0,3.7,深市主板
SZ300206,21.75323745967692,0.0,3.145,11,-1.97,False,0.01,2.998,338379565.0,11.44,3.34,15.8923,-8.66,3871062224.0,1790697600000.0,6631348678.0,2.719,100.0,16.59566552317207,117.98,-0.09,4.927709894208254,43404675.0,-0.23,1303315200000.0,0.61,1359838.0,3753400.0,1.16,2.998,42698.0,1.11,,-5.0,理邦仪器,18.784,,579663346.0,0,11.67,创业板
SZ002915,,0.0,3.4334,11,0.37,False,0.01,3.641,300994316.0,16.3,2.4,,-33.47,4906207351.0,1790697600000.0,5464955279.0,,100.0,1.2716383331667835,363.32,0.06,6.281797596784133,59707607.48,0.06,1512403200000.0,0.05,-976246.0,3644208.0,0.9,3.641,42612.0,1.21,,44.01,中欣氟材,306.405,,335273330.0,0,16.24,深市主板
SZ002623,,,2.0894,11,-0.44,False,0.01,1.339,192636138.0,17.91,3.67,,1.11,3450113232.0,,3457749608.0,2.233,100.0,-7.246362872166409,-48.7,0.67,-28.627101177684022,118382324.72,-0.08,1318435200000.0,-1.02,-8807314.0,6586001.0,0.56,1.339,42587.0,3.42,,0.55,亚玛顿,-17.49,,193062513.0,0,17.99,深市主板
SZ002201,30.788375092354126,0.0,3.079,11,-1.65,False,0.01,4.876,602023420.0,8.95,4.29,23.8427,-21.47,5388109609.0,1790697600000.0,5832144357.0,0.279,100.0,7.619197696188908,121.18,0.34,5.904692488731045,155468687.73,-0.15,1198598400000.0,0.14,584311.0,17197168.0,0.53,4.876,42520.0,2.86,,231.7,九鼎新材,65.736,,651636241.0,0,9.1,深市主板
SZ300479,,,3.1019,11,-0.27,False,0.01,5.384,196928365.0,14.54,4.05,17.8596,-23.95,2863338427.0,,2864974177.0,,100.0,8.737120233668422,102.65,-0.07,34.58751392654298,41708688.5,-0.04,1434038400000.0,0.23,-2169638.0,2847600.0,1.23,5.384,42479.0,1.45,,44.01,神思电子,64.393,,197040865.0,0,14.58,创业板
SZ002275,-2.2390928326726733,0.0,3.5528,11,-0.25,False,0.01,2.194,564751305.0,12.19,1.15,12.9993,-11.56,6884318408.0,1790697600000.0,7162461234.0,4.102,100.0,12.72935778716362,-18.1,-0.08,-2.953937849413135,16483867.0,-0.03,1247155200000.0,0.69,283749.0,1347800.0,1.27,2.194,42396.0,0.24,,81.87,桂林三金,17.599,,587568600.0,0,12.22,深市主板
SZ002004,24.732792258447446,0.0,0.7504,11,0.23,False,0.01,0.853,1885347429.0,4.35,1.38,3.8959,-1.68,8201261316.0,1790697600000.0,8612648481.0,8.023,100.0,6.491343568014439,449.94,0.0,-0.4339441702679192,79726268.37,0.01,1088092800000.0,0.33,6798025.0,18260090.0,1.04,0.853,42381.0,0.97,,100.73,华邦健康,13.372,,1979919191.0,0,4.34,深市主板
SZ300008,62.27335971572807,0.0,2.1642,11,-0.49,False,0.01,4.162,1727602571.0,6.15,4.53,104.9239,-21.66,10624755812.0,1790697600000.0,10627379168.0,0.52,100.0,14.874938423387677,64.51,0.0,14.961890696754931,305214421.48,-0.03,1256832000000.0,0.21,-4442526.0,48763140.0,1.31,4.162,42379.0,2.82,,82.77,天海防务,29.898,,1728029133.0,0,6.18,创业板
SZ002886,153.40665440612602,0.0,2.7387,11,-2.5,False,0.01,3.274,209078164.0,23.05,5.29,26.2033,6.41,4819251680.0,1790697600000.0,6066842173.0,0.325,100.0,4.029744519933623,277.91,0.04,16.376463215911063,298135220.06,-0.59,1498492800000.0,0.28,4867541.0,12767856.0,0.49,3.274,42373.0,6.11,,44.03,沃特股份,82.638,,263203565.0,0,23.64,深市主板
SZ002892,,0.0,3.6355,11,-2.11,False,0.01,5.599,501123935.0,8.34,3.64,37.1172,-37.73,4179373618.0,1790697600000.0,7041597283.0,0.228,100.0,-0.5952069166945123,237.16,0.12,16.472164345461458,55293719.98,-0.18,1502899200000.0,-0.01,-1280476.0,6590001.0,1.57,3.479,42350.0,1.32,,44.02,科力尔,-931.375,,844316221.0,0,8.52,深市主板
SZ000156,-17.56526714641722,0.0,1.4294,11,-0.72,False,0.01,0.857,1699875877.0,6.93,1.72,9.5296,-6.31,11780139828.0,1790697600000.0,12840821823.0,2.309,100.0,2.801347140154094,-41.56,-0.29,-3.3088478462426796,50655040.32,-0.05,968169600000.0,0.23,-94647.0,7279921.0,0.68,0.857,42312.0,0.43,,139.09,华数传媒,30.384,,1852932442.0,0,6.98,深市主板
SZ300674,22.99505427077948,0.0,2.9074,11,-3.92,False,0.01,2.17,703221545.0,14.45,4.72,27.9573,-39.47,10161551325.0,1790697600000.0,10173624517.0,2.069,100.0,11.521134360308311,151.13,-0.07,-14.0323718300853,293340411.1,-0.59,1541520000000.0,0.74,-13859411.0,19956326.0,1.32,2.17,42279.0,2.84,,44.02,宇信科技,19.536,,704057060.0,0,15.04,创业板
SZ002039,60.71184025279841,0.0,2.4344,11,2.41,False,0.01,1.894,427558126.0,20.01,3.33,3.3986,12.74,8555438101.0,1790697600000.0,8555438101.0,2.449,100.0,16.53885438402506,699.34,0.05,27.61928570471799,208837428.28,0.47,1109779200000.0,1.65,43064917.0,10504642.0,1.78,1.894,42232.0,2.46,,54.77,黔源电力,12.121,,427558126.0,0,19.54,深市主板
SZ002520,,0.0,5.9842,11,-2.23,False,0.01,14.784,705323171.0,6.13,4.15,24.4761,-2.7,4323631038.0,1790697600000.0,4599002898.0,,100.0,21.44042982941826,18.34,0.49,-37.4975364900718,148585041.5,-0.14,1291910400000.0,0.08,-2604801.0,24077650.0,0.72,14.785,42214.0,3.41,,31.49,日发精机,73.329,,750245171.0,0,6.27,深市主板
SZ000415,-20.47765442713212,0.0,0.5114,11,-3.63,False,0.01,0.789,5392913883.0,3.98,4.36,1.1815,-1.73,21463797254.0,1790697600000.0,24614394702.0,,100.0,16.13448094702311,657.37,0.0,9.326886410054701,247163991.0,-0.15,837446400000.0,0.78,-34095587.0,61427900.0,1.47,0.785,42172.0,1.14,,80.0,渤海租赁,5.11,,6184521282.0,0,4.13,深市主板
SZ000978,-10.550718837220053,,7.3816,11,-0.99,False,0.01,3.042,468121563.0,7.01,3.81,54.8451,-3.18,3281532157.0,,3281591300.0,,100.0,0.8488384805505378,0.5,0.14,-1.2464655389304524,271831428.76,-0.07,958579200000.0,0.02,7609329.0,38527843.0,0.45,3.042,42164.0,8.23,,226.53,桂林旅游,358.177,,468130000.0,0,7.08,深市主板
SZ002067,15.277372769599618,0.0,0.879,11,-1.27,False,0.01,0.847,1337603853.0,3.9,3.29,5.3972,-30.81,5216655027.0,1790697600000.0,5751930027.0,0.256,100.0,2.202749212598377,78.78,0.26,9.819366620743498,91548529.24,-0.05,1158249600000.0,0.09,-8680857.0,23378654.0,1.24,0.847,42159.0,1.75,,69.71,景兴纸业,41.193,,1474853853.0,0,3.95,深市主板
SZ002189,-18.276524924451664,0.0,3.1104,11,-4.06,False,0.01,11.77,261194323.0,18.43,4.22,64.4071,-20.18,4813811373.0,1790697600000.0,4813902601.0,,100.0,-35.2614334263537,62.48,0.05,-9.65352871683497,63363775.32,-0.78,1196611200000.0,-0.68,-2228218.0,3391688.0,1.2,11.77,42094.0,1.3,,116.67,中光学,-27.147,,261199273.0,0,19.21,深市主板
SZ300821,-10.21707996185489,0.0,4.1746,11,-0.14,False,0.01,3.211,1199790750.0,14.29,3.63,79.053,22.72,17145009817.0,1790697600000.0,17148000000.0,0.14,100.0,7.1419510335362295,87.06,0.07,-3.483640442201985,441879350.66,-0.02,1583942400000.0,0.31,-4603094.0,30620466.0,1.01,3.211,41885.0,2.55,,44.06,东岳硅材,46.689,,1200000000.0,0,14.31,创业板
SZ000682,30.931474072114938,0.0,1.5954,11,-0.47,False,0.01,2.267,1340600019.0,10.57,2.17,24.0608,-10.19,14170142201.0,1790697600000.0,14171484464.0,0.823,100.0,17.444517719021725,865.47,-0.19,14.466896218441239,75488486.84,-0.05,853776000000.0,0.76,464833.0,7104543.0,0.81,2.267,41812.0,0.53,,0.0,东方电子,13.997,,1340727007.0,0,10.62,深市主板
SZ000566,75.54463953461385,0.0,8.3699,11,-1.95,False,0.01,,1296655540.0,4.53,4.98,98.4517,-36.64,5873849596.0,1790697600000.0,5877064021.0,,100.0,-412.5459948576657,488.31,0.22,-26.253079272366932,307881693.46,-0.09,769795200000.0,-0.37,-24580342.0,66659727.0,1.15,-44.587,41763.0,5.14,,33.62,海南海药,-12.149,,1297365126.0,0,4.62,深市主板
SZ000159,-33.82065459705631,,1.332,11,-0.18,False,0.01,1.271,480668493.0,5.44,3.3,,-5.54,2614836602.0,,2614931802.0,0.368,100.0,1.3898680775818661,2.17,0.0,-24.571681299265123,49368813.0,-0.01,969897600000.0,0.06,3874491.0,8997200.0,1.04,1.271,41743.0,1.87,,229.59,国际实业,91.729,,480685993.0,0,5.45,深市主板
SZ300228,7.531034529130087,0.0,1.2329,11,2.48,False,0.01,1.594,560382333.0,6.62,4.02,6.2092,-32.27,3709731044.0,1790697600000.0,3954957134.0,1.813,100.0,9.317971804455313,59.19,0.0,2.6110171319072784,88271174.36,0.16,1307462400000.0,0.37,16549101.0,13333351.0,2.03,1.594,41737.0,2.38,,20.46,富瑞特装,17.912,,597425549.0,0,6.46,创业板
SZ002029,,0.0,2.1287,11,3.61,False,0.01,0.972,665405959.0,9.19,7.67,13.2408,-15.8,6115080763.0,1790697600000.0,6479166305.0,1.045,100.0,2.189342707000037,817.17,0.22,-3.542878365876223,406698405.52,0.32,1091721600000.0,0.21,59116318.0,44010788.0,0.97,0.972,41715.0,6.61,,65.77,七匹狼,44.719,,705023537.0,0,8.87,深市主板
SZ002500,19.703048018929902,0.0,5.2765,11,-1.16,False,0.01,0.983,3589771547.0,5.12,2.12,6.9571,-13.24,18379630321.0,1790697600000.0,18379630321.0,2.539,100.0,5.423041667746597,-48.6,0.2,1.4265438928143581,96192465.62,-0.06,1289750400000.0,0.28,-10802402.0,18728592.0,1.16,0.983,41697.0,0.52,,70.13,山西证券,18.325,,3589771547.0,0,5.18,深市主板
SZ002263,3.464370279850204,0.0,4.8259,11,2.19,False,0.01,2.2,1878345100.0,3.26,2.51,41.7733,-2.1,6123405026.0,1790697600000.0,6123453926.0,,100.0,0.7346652238276459,67.28,0.31,-0.7030915155407769,166822965.25,0.07,1217174400000.0,0.01,9788961.0,51304800.0,1.22,2.2,41614.0,2.73,,75.19,大东南,300.558,,1878360100.0,0,3.19,深市主板
SZ002481,-40.222402611314344,0.0,2.4427,11,1.64,False,0.01,2.192,1118152600.0,4.35,3.04,13.5329,-14.87,4863963810.0,1790697600000.0,5366579775.0,,100.0,0.45077149326505345,64.09,0.23,-2.514629899054288,54310074.0,0.07,1284998400000.0,0.01,-1952834.0,12490300.0,1.32,2.192,41605.0,1.12,,13.99,双塔食品,468.787,,1233696500.0,0,4.28,深市主板
SZ000822,,0.0,0.8297,11,2.57,False,0.01,1.101,895091926.0,4.39,2.57,,-16.38,3929453555.0,1790697600000.0,3929453555.0,,100.0,-33.150049070291296,37.54,0.23,-17.86993266906395,52180417.25,0.11,899395200000.0,-1.58,8031257.0,11958895.0,1.74,1.101,41578.0,1.34,,0.0,山东海化,-2.785,,895091926.0,0,4.28,深市主板
SZ002542,11.769983739915446,,3.6875,11,-2.44,False,0.01,,1759240033.0,1.6,4.27,,-52.1,2814784053.0,,2889786781.0,,100.0,-505.9520739011841,-16.27,-0.62,-46.289065281537844,17311278.0,-0.04,1296144000000.0,-0.53,-2881250.0,10599500.0,0.74,-10.101,41553.0,0.6,,-2.92,*ST中岩,-2.996,,1806116738.0,0,1.64,深市主板
SZ002768,50.64582044140098,0.0,1.2901,11,-2.59,False,0.01,4.169,252258267.0,68.0,8.17,53.9689,90.8,17153562156.0,1790697600000.0,29688800000.0,0.507,100.0,18.61595772844442,1314.96,0.21,12.887944122020723,690208041.63,-1.81,1435593600000.0,2.63,-19724755.0,10197097.0,0.86,4.228,41391.0,4.04,,44.02,国恩股份,25.811,,436600000.0,0,69.81,深市主板
SZ002832,-10.538262894232231,0.0,3.1646,11,2.89,False,0.01,2.807,386937418.0,26.68,4.82,17.3525,84.51,10323490312.0,1790697600000.0,15226465001.0,2.699,100.0,11.802148613042908,364.44,0.23,14.688197677580828,202572640.59,0.75,1482422400000.0,1.1,22556448.0,7587958.0,1.6,2.807,41388.0,1.96,,43.98,比音勒芬,24.286,,570707084.0,0,25.93,深市主板
SZ301018,-9.446048573793387,0.0,7.3668,11,-4.54,False,0.01,11.564,282822899.0,84.3,7.77,,86.15,23841970386.0,1790697600000.0,31551916878.0,0.212,100.0,4.4789219531572115,388.01,0.2,20.500065886006304,586260475.38,-4.01,1625587200000.0,0.32,13900575.0,6806800.0,0.84,11.564,41310.0,2.41,,241.62,申菱环境,262.041,,374281339.0,0,88.31,创业板
SZ002238,,0.0,4.7742,11,-2.54,False,0.01,2.874,802559160.0,6.9,7.49,24.8149,-15.13,5537658204.0,1790697600000.0,5537658204.0,,100.0,-10.394019421140763,37.45,0.0,-12.090536723452693,310469044.69,-0.18,1211731200000.0,-0.26,-9516202.0,44274172.0,0.81,2.874,41309.0,5.52,,159.31,天威视讯,-26.211,,802559160.0,0,7.08,深市主板
SZ002664,-17.826609595128918,0.0,0.9063,11,-1.33,False,0.01,1.618,402947338.0,14.12,3.56,16.6753,-40.91,5689616413.0,1790697600000.0,5763784000.0,0.425,100.0,3.819038663299279,55.82,0.43,12.95586173963017,54496534.82,-0.19,1331827200000.0,0.33,-8008359.0,3856894.0,1.27,1.618,41297.0,0.96,,40.62,信质集团,42.996,,408200000.0,0,14.31,深市主板
SZ300276,,0.0,5.3407,11,-3.41,False,0.01,4.678,1205476273.0,5.94,3.9,27.9794,-38.76,7160529062.0,1790697600000.0,8322195361.0,,100.0,-10.273895965488528,164.53,0.0,-8.035959487492473,136594506.86,-0.21,1321286400000.0,-0.14,-15568452.0,22601033.0,0.66,4.678,41261.0,1.87,,39.92,三丰智能,-43.248,,1401042990.0,0,6.15,创业板
SZ002084,-7.978564713024983,,1.4497,11,-3.48,False,0.01,2.82,644634442.0,5.54,6.45,13.9791,42.78,3571274809.0,,3579150462.0,,100.0,-9.750712990799302,28.66,0.0,-7.078167621831621,251423808.82,-0.2,1164297600000.0,-0.2,5340744.0,44878533.0,0.48,2.82,41256.0,6.96,,96.89,海鸥住工,-27.112,,646056040.0,0,5.74,深市主板
SZ002350,-26.31473585884685,0.0,3.0748,11,-1.04,False,0.01,4.018,530551471.0,13.29,4.91,22.8619,63.62,7051029050.0,1790697600000.0,7207583655.0,0.241,100.0,0.9736860081198704,111.32,0.23,9.911038426681461,69849400.0,-0.14,1265126400000.0,0.03,-23213.0,5167700.0,1.05,4.018,41248.0,0.97,,40.42,北京科锐,431.435,,542331351.0,0,13.43,深市主板
SZ002685,,0.0,4.3422,11,-0.19,False,0.01,3.138,1007589316.0,5.16,4.26,44.4887,-31.11,5199160871.0,1790697600000.0,5199683708.0,,100.0,6.384736346100341,66.1,0.0,35.60459300348655,127041451.04,-0.01,1339430400000.0,0.1,-10472202.0,24263023.0,1.1,3.138,41232.0,2.41,,-9.11,华东重机,50.66,,1007690641.0,0,5.17,深市主板
SZ300288,,0.0,11.8077,11,-1.97,False,0.01,2.969,257836666.0,9.45,3.63,249.7271,-29.71,2436556494.0,1790697600000.0,3193546249.0,0.106,100.0,-0.9314829452983218,53.04,-0.11,-19.04224005485109,31151294.0,-0.19,1329321600000.0,-0.03,1580314.0,3272000.0,1.07,2.969,41161.0,1.27,,82.53,朗玛信息,-316.732,,337941402.0,0,9.64,创业板
SZ300042,48.92161835294393,0.0,3.9427,11,-4.15,False,0.01,6.018,200381550.0,33.98,6.6,,32.37,6808965069.0,1790697600000.0,6809592000.0,0.206,100.0,13.06406179652864,112.69,0.18,31.999245752768026,290611078.07,-1.47,1262880000000.0,0.7,7555641.1000000015,8393785.0,1.11,6.018,41127.0,4.19,,34.49,朗科科技,48.61,,200400000.0,0,35.45,创业板
SZ002166,37.04020674607984,0.0,2.4812,11,2.35,False,0.01,1.658,738553925.0,6.96,2.94,17.3567,-16.74,5140335318.0,1790697600000.0,5161601598.0,1.408,100.0,5.244978358812275,80.94,-0.14,12.599570604886434,153321403.98,0.16,1189612800000.0,0.22,5589810.0,21905220.0,3.1,1.658,41061.0,2.97,,277.15,莱茵生物,31.949,,741609425.0,0,6.8,深市主板
SZ002488,23.783187212884016,0.0,1.8108,11,0.55,False,0.01,2.079,920083999.0,7.27,2.77,28.8086,-17.2,6689010673.0,1790697600000.0,7236842003.0,0.138,100.0,1.590698292540887,79.29,0.41,7.156269920073832,79168144.44,0.04,1287590400000.0,0.06,2033820.0,10876654.0,0.97,2.079,41016.0,1.18,,15.45,金固股份,130.249,,995439065.0,0,7.23,深市主板
SZ002526,-64.29074807047132,0.0,2.3881,11,-0.77,False,0.01,1.421,1771234438.0,2.57,2.7,,-28.33,4552072506.0,1790697600000.0,4581780159.0,0.389,100.0,0.9455699596679676,-41.98,0.0,-14.237519180932367,42673002.4,-0.02,1292515200000.0,0.02,-8049705.0,16447760.0,1.02,1.421,40956.0,0.93,,53.65,山东矿机,150.603,,1782793836.0,0,2.59,深市主板
SZ000607,,,3.2151,11,-0.76,False,0.01,3.338,885062168.0,3.93,3.28,14.7603,-5.3,3478294320.0,,3999554751.0,,100.0,-23.283501671575156,80.82,0.26,-11.278262368719016,177026996.33,-0.03,841334400000.0,-0.32,268849.0,44897946.0,0.44,3.338,40904.0,5.07,,125.0,华媒控股,-12.475,,1017698410.0,0,3.96,深市主板
SZ002550,9.102400180000858,0.0,5.6759,11,-1.21,False,0.01,3.043,953566881.0,6.51,3.03,21.1559,-15.18,6207720395.0,1790697600000.0,8331498000.0,2.273,100.0,10.946012641606837,87.08,0.0,-8.656179164457411,105249393.0,-0.08,1297958400000.0,0.23,-17908737.0,16096600.0,1.28,3.043,40900.0,1.69,,22.56,千红制药,28.38,,1279800000.0,0,6.59,深市主板
SZ000935,,0.0,13.0265,11,-2.72,False,0.01,1.865,763440333.0,18.92,5.76,64.504,-23.83,14444291100.0,1790697600000.0,14444291100.0,,100.0,1.8582969940403384,423.9,-0.16,-5.767671626371618,111813003.47,-0.53,935424000000.0,0.19,-784656.0,5848277.0,1.38,1.865,40886.0,0.77,,106.22,四川双马,101.277,,763440333.0,0,19.45,深市主板
SZ002329,,,1.6853,11,-2.16,False,0.01,6.741,651496424.0,3.63,3.77,15.4507,-6.92,2364932019.0,,3021626466.0,,100.0,-70.06576075746099,-26.46,0.28,-14.399631157508274,81663858.26,-0.08,1262707200000.0,-0.58,-4280124.0,22377444.0,1.0,6.741,40859.0,3.43,,43.08,皇氏集团,-6.304,,832403985.0,0,3.71,深市主板
SZ300481,-21.055705612574315,0.0,2.6842,11,0.3,False,0.01,1.605,290052280.0,13.35,3.68,29.489,-11.46,3872197938.0,1790697600000.0,3896270097.0,2.996,100.0,5.0669480442828405,302.9,0.3,2.6303782225630234,93176841.4,0.04,1435593600000.0,0.42,-862764.0,6919731.0,1.08,1.605,40855.0,2.39,,44.03,濮阳惠成,31.7,,291855438.0,0,13.31,创业板
SZ301165,38.64269817900718,0.0,6.5945,11,-3.02,False,0.01,20.389,1113636363.0,97.7,5.12,,54.86,108802272665.0,1790697600000.0,108802272665.0,0.384,100.0,18.671479044809097,498.23,0.15,18.109125587452013,771343648.19,-3.04,1668960000000.0,0.84,28035546.0,7785137.0,0.9,20.389,40821.0,0.7,,15.81,锐捷网络,115.942,,1113636363.0,0,100.74,创业板
SZ000530,-8.977225081806871,,1.0579,11,2.14,False,0.01,1.404,600116725.0,5.26,3.88,173.7778,-27.41,3156613974.0,,4435297787.0,0.951,100.0,0.9681532642588652,487.84,0.19,-5.851823105814358,72535548.54,0.11,755280000000.0,0.04,8906476.0,13818007.0,1.18,1.404,40817.0,2.3,,150.0,冰山冷热,144.766,,843212507.0,0,5.15,深市主板
SZ300311,,,7.8606,11,-3.74,False,0.01,6.286,537409093.0,5.92,4.72,284.2672,33.33,3181461831.0,,3987890488.0,,100.0,7.191427859927817,158.99,0.34,-2.210507183335475,290640412.0,-0.23,1335283200000.0,0.07,-8125311.0,48490200.0,0.7,6.286,40808.0,9.02,,4.8,任子行,89.98,,673630150.0,0,6.15,创业板
SZ300057,,0.0,0.9001,11,0.82,False,0.01,1.09,830975988.0,6.14,3.94,,8.03,5102192566.0,1790697600000.0,6161928783.0,0.163,100.0,-1.350137219636578,-21.21,0.33,14.467011251306605,130304984.98,0.05,1267113600000.0,-0.07,9820533.0,20943391.0,1.05,1.09,40794.0,2.52,,14.2,万顺新材,-84.188,,1003571463.0,0,6.09,创业板
SZ002332,-14.116002451469445,0.0,2.2209,11,0.0,False,0.01,1.433,985714191.0,8.64,1.62,14.0658,-0.64,8516570610.0,1790697600000.0,8546730042.0,3.449,100.0,6.449841023383759,37.96,-0.12,-1.5155897664265616,83681790.3,0.0,1263225600000.0,0.39,-7585529.0,9654670.0,1.03,1.433,40787.0,0.98,,144.27,仙琚制药,22.146,,989204866.0,0,8.64,深市主板
SZ000058,-7.211237006766613,0.0,5.6469,11,1.65,False,0.01,4.477,984739279.0,7.4,7.69,34.0786,-21.02,7287070665.0,1790697600000.0,9110884973.0,0.324,100.0,3.5116055079559367,56.19,0.27,-7.8203282680796455,176089355.45,0.12,851529600000.0,0.06,31597022.0,23584666.0,1.72,4.477,40760.0,2.4,,145.74,深赛格,127.465,,1231200672.0,0,7.28,深市主板
SZ002925,46.424476959686075,0.0,3.401,11,-3.47,False,0.01,3.161,731068893.0,21.43,6.31,52.2147,27.95,15666806377.0,1790697600000.0,16536867806.0,1.059,100.0,15.809173763364992,69.09,-0.05,14.478536800856734,249538120.0,-0.77,1515945600000.0,1.01,1022587.0,11423100.0,1.09,3.161,40720.0,1.56,,44.0,盈趣科技,21.278,,771669053.0,0,22.2,深市主板
SZ000697,-0.07338706843660336,0.0,6.2748,11,2.62,False,0.01,4.034,653107348.0,9.4,2.95,211.8708,8.67,6139209071.0,1790697600000.0,13123230020.0,,100.0,-28.432984351710317,74.77,0.0,15.354520470724097,80852780.4,0.24,859219200000.0,-0.34,7039438.0,8700305.0,1.41,4.034,40679.0,1.33,,0.0,炼石航空,-28.04,,1396088300.0,0,9.16,深市主板
SZ300078,-67.52510830271189,,9.0353,11,-1.85,False,0.01,6.05,1113367148.0,2.66,3.32,,-39.95,2961556614.0,,2973540132.0,,100.0,-7.521527040574714,-52.46,0.0,-38.117879709919364,46781931.68,-0.05,1272556800000.0,-0.03,-8617263.0,17435369.0,0.81,6.05,40625.0,1.57,,10.43,思创智联,-77.268,,1117872230.0,0,2.71,创业板
SZ300627,15.91184977231379,0.0,5.5302,11,0.8,False,0.01,4.806,657131856.0,26.43,1.95,34.0199,-23.19,17367994954.0,1790697600000.0,20984644597.0,1.687,100.0,16.9805665038021,936.27,-0.15,13.262898702425652,141218647.49,0.21,1490025600000.0,0.87,-2356972.0,5347755.0,1.31,4.797,40580.0,0.81,,44.01,华测导航,30.32,,793970662.0,0,26.22,创业板
SZ002864,-14.98867237072643,,2.871,11,-1.28,False,0.01,1.637,98596728.0,20.78,3.09,16.0569,-11.19,2048840008.0,,2840645284.0,1.405,100.0,4.6191739127032,138.49,0.0,-5.0401285564711245,33878442.34,-0.27,1510761600000.0,0.57,-1544768.0,1614730.0,1.09,1.637,40532.0,1.64,,43.97,盘龙药业,36.177,,136700928.0,0,21.05,深市主板
SZ300706,77.70866664769977,0.0,4.3748,11,-4.64,False,0.01,9.459,113830324.0,43.8,8.03,,29.09,4985768191.0,1790697600000.0,6724889896.0,,100.0,1.5911422051324349,562.96,0.25,20.13183866689159,193038722.28,-2.13,1506355200000.0,0.07,2544754.0,4303303.0,0.77,9.459,40516.0,3.78,,44.03,阿石创,595.867,,153536299.0,0,45.93,创业板
SZ002469,-42.01248933039806,0.0,1.7023,11,2.81,False,0.01,1.579,628984911.0,6.23,3.3,,-23.13,3918575996.0,1790697600000.0,4042414185.0,3.21,100.0,3.899249135202724,12.85,0.0,-7.035464477204323,51270993.0,0.17,1283875200000.0,0.16,5320800.0,8299300.0,1.65,1.579,40445.0,1.32,,80.37,三维化学,39.776,,648862630.0,0,6.06,深市主板
SZ000546,20.790194419007555,0.0,0.2788,11,0.23,False,0.01,0.922,696705206.0,4.34,2.54,,-31.97,3023700594.0,1790697600000.0,3374993457.0,,100.0,-11.26108010103669,-2.47,0.23,75.80245968007706,36480599.0,0.01,755884800000.0,-0.56,-2390873.0,8381000.0,0.97,0.922,40442.0,1.2,,110.0,金圆股份,-7.711,,777648262.0,0,4.33,深市主板
SZ300401,8.980140079759025,0.0,6.3864,11,-1.56,False,0.01,2.312,536030369.0,15.17,8.44,20.945,1.21,8131580698.0,1790697600000.0,8264868095.0,0.745,100.0,7.953451155984183,779.93,0.33,7.18373155812746,682153344.33,-0.24,1412784000000.0,0.51,-13494047.900000006,43524491.0,2.35,2.489,40419.0,8.12,,43.94,花园生物,30.028,,544816618.0,0,15.41,创业板
SZ002815,-18.324941042699315,0.0,3.3308,11,-2.17,False,0.01,3.126,777138039.0,22.51,7.95,74.0603,66.04,17493377258.0,1790697600000.0,27780746303.0,0.578,100.0,3.153213568323892,153.91,-0.04,17.000961262222457,1399341438.57,-0.5,1476201600000.0,0.21,-38846777.0,60444156.0,0.89,3.126,40397.0,7.78,,44.02,崇达技术,109.1,,1234151324.0,0,23.01,深市主板
SZ000922,-3.695506188891995,0.0,1.9649,11,1.17,False,0.01,2.133,704929203.0,12.07,1.76,31.9956,6.0,8508495480.0,1790697600000.0,10066164961.0,0.762,100.0,6.664689394622448,128.18,0.33,-0.004338470484932522,66994565.24,0.14,929635200000.0,0.37,3616371.0,5543164.0,1.05,2.133,40382.0,0.79,,0.0,佳电股份,32.747,,833982184.0,0,11.93,深市主板
SZ300673,,,2.6075,11,2.68,False,0.01,2.252,160461274.0,15.35,6.02,24.3955,-13.05,2463080556.0,,3796144874.0,1.577,100.0,3.216935340278599,49.7,0.0,1.2025537910882456,75395673.0,0.4,1499702400000.0,0.25,11097872.0,5044400.0,1.9,2.252,40379.0,3.14,,44.0,佩蒂股份,62.348,,247305855.0,0,14.95,创业板
SZ002878,,0.0,1.1787,11,-1.34,False,0.01,2.593,235931322.0,12.51,2.44,12.0302,-31.34,2951500838.0,1790697600000.0,3277516505.0,,100.0,-2.2560945563261026,129.77,0.4,-2.006113756201,39363171.02,-0.17,1496678400000.0,-0.11,646452.0,3142698.0,0.76,2.593,40352.0,1.33,,43.99,元隆雅图,-114.528,,261991727.0,0,12.68,深市主板
SZ002148,-27.912253676022615,0.0,8.843,11,-1.13,False,0.01,2.779,451026611.0,6.11,3.24,,-31.35,2755772593.0,1790697600000.0,3413970626.0,,100.0,0.18822989765636614,-7.26,0.0,13.720137894706564,49094732.0,-0.07,1186675200000.0,0.0,-2287635.0,7972250.0,0.71,2.779,40297.0,1.77,,264.44,北纬科技,1482.879,,558751330.0,0,6.18,深市主板
SZ002726,-44.21861898578698,,0.3417,11,0.0,False,0.01,4.84,1360315605.0,2.22,5.86,280.4236,-45.99,3019900643.0,,3021718823.0,,100.0,-61.304599542644034,-12.18,0.0,-16.87333275476157,92826982.11,0.0,1403712000000.0,-0.42,4846986.0,40817080.0,0.83,4.13,40260.0,3.0,,44.02,ST龙大,-5.304,,1361134605.0,0,2.22,深市主板
SZ002010,-4.25696361981347,0.0,0.6101,11,-0.43,False,0.01,0.702,2757765331.0,4.58,2.39,16.3574,-19.4,12630565216.0,1790697600000.0,12659261559.0,2.183,100.0,2.9289521598197594,183.08,0.0,-21.634639510545107,66113419.74,-0.02,1088438400000.0,0.19,-9295607.0,14389353.0,1.28,0.702,40216.0,0.52,,55.4,传化智联,23.929,,2764030908.0,0,4.6,深市主板
SZ002987,-7.825627986926209,0.0,2.2217,11,-1.06,False,0.01,3.693,1013925333.0,10.28,2.69,21.304,-41.91,10423152423.0,1790697600000.0,10695898844.0,1.702,100.0,10.819829886610288,129.11,0.19,4.121787361103824,61845226.26,-0.11,1588780800000.0,0.3,-787876.0,6002733.0,0.82,3.695,40215.0,0.59,,44.01,京北方,34.798,,1040457086.0,0,10.39,深市主板
SZ300265,,0.0,2.1737,11,0.34,False,0.01,2.407,467301710.0,11.89,5.99,54.9013,-11.19,5556217332.0,1790697600000.0,5559779873.0,0.168,100.0,-0.2242566317052893,76.28,0.17,1.1419984527109683,226639640.56,0.04,1316102400000.0,-0.01,18331617.0,18744834.0,1.2,2.407,40181.0,4.01,,27.12,通光线缆,-1085.112,,467601335.0,0,11.85,创业板
SZ002630,,,1.6446,11,9.79,False,0.01,,1076913815.0,1.57,13.29,7.9135,-37.2,1690754690.0,,1853856000.0,,100.0,-555.8470228837338,-60.03,0.0,-25.381740127947005,67503560.36,0.14,1320940800000.0,-0.32,7522039.960000001,45164216.0,1.72,-16.561,40154.0,4.19,,30.76,*ST华西,-4.874,,1180800000.0,1,1.43,深市主板
SZ002386,202.3095032123304,0.0,0.5874,11,1.03,False,0.01,0.988,1301385155.0,5.91,2.74,109.9391,8.84,7691186266.0,1790697600000.0,7692734201.0,,100.0,3.669774976534616,-43.23,0.0,-6.77801221989589,86086801.02,0.06,1270742400000.0,0.22,10480201.0,14505347.0,1.15,0.988,40114.0,1.11,,91.99,天原股份,27.432,,1301647073.0,0,5.85,深市主板
SZ002725,-28.814836884737094,,4.1394,11,-1.48,False,0.01,2.833,248963432.0,10.65,4.9,179.7463,-36.91,2651460551.0,,2726400000.0,0.169,100.0,-0.6836077674681983,56.44,0.28,0.3867710560712778,29097789.76,-0.16,1390924800000.0,-0.03,878606.0,2710171.0,0.91,2.833,40095.0,1.09,,44.01,跃岭股份,-402.157,,256000000.0,0,10.81,深市主板
SZ000862,-43.22466678236153,0.0,3.9267,11,2.06,False,0.01,1.137,713188589.0,5.45,3.0,4.0742,-6.68,3886877810.0,1790697600000.0,5002853093.0,,100.0,-0.26597491817991986,76.88,0.18,-1.835608901987984,88019682.8,0.11,905788800000.0,-0.01,5236072.0,16203640.0,1.24,1.137,40031.0,2.27,,0.0,银星能源,-426.817,,917954696.0,0,5.34,深市主板
SZ000014,,,8.7611,11,2.31,False,0.01,2.02,242046224.0,11.5,6.41,,-14.5,2783531576.0,,2783531576.0,,100.0,-10.816065230651823,837.32,0.0,-38.66323061216173,267080154.12,0.26,707414400000.0,-0.67,30025601.0,23218433.0,1.33,2.019,40005.0,9.59,,950.42,沙河股份,-17.255,,242046224.0,0,11.24,深市主板
SZ002296,-0.05155008542516715,,4.2844,11,-1.17,False,0.01,1.455,347415444.0,9.31,2.76,15.8947,-15.74,3234437784.0,,3626993710.0,1.396,100.0,7.0097081083520845,42.4,-0.11,3.010901075147432,67613289.0,-0.11,1254153600000.0,0.44,-4000031.0,7223800.0,0.57,1.455,39987.0,2.08,,35.2,辉煌科技,21.26,,389580420.0,0,9.42,深市主板
SZ002616,31.16173048473374,0.0,1.1884,11,1.86,False,0.01,1.19,587480268.0,4.93,2.48,3.1767,-5.86,2896277721.0,1790697600000.0,4235936694.0,5.071,100.0,9.684483224911261,45.49,0.2,-4.383340523376644,49124225.0,0.09,1316448000000.0,0.37,4826651.0,10012190.0,2.14,1.19,39920.0,1.7,,-4.72,长青集团,13.488,,859216368.0,0,4.84,深市主板
SZ001208,4.699716353133332,0.0,1.6853,11,1.55,False,0.01,2.86,318733657.0,13.12,4.72,41.3033,-45.2,4181785580.0,1790697600000.0,8375157668.0,0.495,100.0,4.5334272244906995,207.2,0.38,16.30326836951341,130815398.79,0.2,1624464000000.0,0.16,8615543.0,9869987.0,1.13,2.86,39893.0,3.1,,43.87,华菱线缆,80.614,,638350432.0,0,12.92,深市主板
SZ000919,-19.112893301912802,,1.271,11,0.0,False,0.01,1.074,621717978.0,6.5,2.15,9.9629,-16.9,4041166857.0,,4042509432.0,1.538,100.0,1.484772151534651,63.48,0.15,-0.3129776381138316,65894456.0,0.0,942854400000.0,0.09,-1234700.0,10089400.0,1.28,1.073,39875.0,1.62,,78.81,金陵药业,72.235,,621924528.0,0,6.5,深市主板
SZ000518,8.02430290548597,,13.7159,11,1.39,False,0.01,12.136,1029535693.0,3.64,3.06,350.6784,51.04,3747509923.0,,3747584648.0,,100.0,-15.759655885160234,205.63,-0.27,-3.7878932873075866,106209819.03,0.05,747417600000.0,-0.05,11926535.0,28858309.0,1.41,12.137,39827.0,2.8,,296.0,四环生物,-70.941,,1029556222.0,0,3.59,深市主板
SZ000797,,0.0,0.5769,11,-2.21,False,0.01,0.976,1570574029.0,2.66,3.31,8.4948,-32.32,4177726917.0,1790697600000.0,4178206217.0,,100.0,-16.997816602891266,26.21,0.38,-6.988683646384786,118801432.56,-0.06,868896000000.0,-0.51,-4284973.0,44358900.0,0.6,0.976,39765.0,2.82,,0.0,中国武夷,-5.235,,1570754217.0,0,2.72,深市主板
SZ002052,,0.0,21.5654,11,-2.13,False,0.01,20.956,689387154.0,7.81,4.26,154.4701,-38.75,5384113673.0,1790697600000.0,5876554010.0,,100.0,-3.4888328700686984,27.24,0.13,-12.85925910726352,44124344.2,-0.17,1151337600000.0,-0.01,-3790103.0,5611910.0,1.11,20.955,39732.0,0.81,,122.69,同洲电子,-590.4,,752439694.0,0,7.98,深市主板
SZ002250,,0.0,1.7848,11,1.33,False,0.01,1.877,895369756.0,14.43,1.97,9.3301,9.39,12920185579.0,1790697600000.0,12985170521.0,2.079,100.0,7.503494953579572,542.36,0.14,8.180300980448685,134727948.2,0.19,1213804800000.0,0.56,7990754.0,9358353.0,0.93,1.877,39709.0,1.05,,25.0,联化科技,25.653,,899873217.0,0,14.24,深市主板
SZ002221,,0.0,0.3823,11,2.32,False,0.01,0.918,1461003187.0,5.74,4.46,,-29.14,8386158293.0,1790697600000.0,9046973383.0,,100.0,-7.357395986567072,77.69,0.35,-8.172757122187036,110235021.64,0.13,1204732800000.0,-0.49,9966728.0,19123689.0,1.87,0.918,39697.0,1.31,,210.37,东华能源,-11.724,,1576127767.0,0,5.61,深市主板
SZ002154,-10.23189663605325,0.0,1.0255,11,-1.3,False,0.01,1.184,1180127141.0,3.8,2.34,6.5399,2.86,4484483136.0,1790697600000.0,5545468170.0,4.474,100.0,9.498746384520695,34.67,0.0,2.6613545810039607,107854308.85,-0.05,1187193600000.0,0.3,-1550875.0,28195815.0,1.53,1.184,39689.0,2.39,,280.95,报喜鸟,12.723,,1459333729.0,0,3.85,深市主板
SZ002287,4.945581593450243,0.0,4.9865,11,-0.21,False,0.01,2.17,570989795.0,19.34,1.7,23.1509,-15.63,11042942635.0,1790697600000.0,11064766046.0,3.278,100.0,14.479897743634115,53.7,-0.05,-0.5632483086130846,23680316.71,-0.04,1251388800000.0,1.16,703970.0,1218354.0,1.0,2.17,39683.0,0.21,,105.0,奇正藏药,16.731,,572118203.0,0,19.38,深市主板
SZ300205,,,19.1199,11,-3.19,False,0.01,5.408,430056000.0,4.86,4.58,,1.25,2090072160.0,,2090072160.0,,100.0,-86.66999413134398,-27.86,-0.61,-69.61399950218514,21105236.48,-0.16,1303315200000.0,-1.37,-1201246.0,4344402.0,0.86,5.408,39669.0,1.01,,-7.4,*ST天喻,-3.536,,430056000.0,0,5.02,创业板
SZ003039,9.425881458871,0.0,3.4417,11,1.92,False,0.01,2.717,617518730.0,12.73,3.04,12.9651,-18.54,7861013433.0,1790697600000.0,7861013433.0,1.815,100.0,11.030765378672815,92.93,0.39,17.24945641196529,78786065.14,0.24,1615132800000.0,0.5,-1206956.0,6225316.0,1.48,2.717,39665.0,1.01,,44.03,顺控发展,25.363,,617518730.0,0,12.49,深市主板
SZ000909,-25.12230754485537,,9.5382,11,1.14,False,0.01,3.844,437710570.0,5.31,3.62,64.1004,-4.67,2324243127.0,,2324262641.0,,100.0,-49.5132001704362,-12.75,0.19,-30.900409256332594,16255641.0,0.06,926006400000.0,-0.92,0.0,3050100.0,0.75,3.844,39650.0,0.7,,0.0,*ST数源,-5.757,,437714245.0,0,5.25,深市主板
SZ002172,-13.982251709876225,,2.5101,11,4.24,False,0.01,21.66,765140730.0,5.66,6.45,241.0733,42.57,4330696532.0,,4334045158.0,,100.0,18.51588443047963,-57.12,0.18,-8.848645620869977,1034874114.59,0.23,1190304000000.0,0.04,7653418.0,184711604.0,1.05,21.661,39584.0,24.14,,170.57,澳洋健康,127.847,,765732360.0,0,5.43,深市主板
SZ000856,-21.075496356383116,,0.7913,11,1.69,False,0.01,4.863,227000000.0,9.03,3.04,65.7491,-11.56,2049810000.0,,2049810000.0,0.443,100.0,5.078676622864836,126.29,0.11,-6.1388810619557255,46365892.0,0.15,902937600000.0,0.09,1223005.0,5150100.0,1.4,4.863,39537.0,2.27,,0.0,冀东装备,95.618,,227000000.0,0,8.88,深市主板
SZ000859,26.184275897755626,0.0,3.3404,11,1.17,False,0.01,2.878,895920771.0,8.63,3.52,62.586,-14.72,7731796254.0,1790697600000.0,7732275219.0,,100.0,-2.361307895390739,191.6,0.12,3.4552157758974467,187345000.16,0.1,911404800000.0,-0.07,-441354.0,21720156.0,0.76,2.878,39529.0,2.42,,0.0,国风新材,-120.423,,895976271.0,0,8.53,深市主板
SZ002799,,,3.272,11,-1.37,False,0.01,1.807,320035800.0,7.22,5.46,39.6323,-15.36,2310658476.0,,2310688800.0,,100.0,-0.5890610346314372,77.04,0.7,-27.07796157373422,306070071.61,-0.1,1465315200000.0,-0.02,21445386.0,42375283.0,2.48,1.807,39512.0,13.24,,43.98,环球印务,-305.775,,320040000.0,0,7.32,深市主板
SZ000949,,0.0,1.2554,11,2.33,False,0.01,1.559,1656501548.0,6.59,7.45,8.7808,20.18,10916345201.0,1790697600000.0,10918970486.0,0.303,100.0,7.075951692724974,224.33,0.15,9.258566869805684,368627131.82,0.15,940435200000.0,0.29,14215254.0,55639744.0,1.95,1.559,39502.0,3.36,,29.87,新乡化纤,22.759,,1656899922.0,0,6.44,深市主板
SZ002343,,,11.5352,11,-1.95,False,0.01,2.8,473680286.0,5.53,3.19,,-22.77,2619451982.0,,2619451982.0,,100.0,-2.9564766979879527,-53.4,0.55,-55.850779585536124,60676376.0,-0.11,1264435200000.0,-0.06,1274386.0,10910400.0,0.83,2.8,39464.0,2.3,,25.97,慈文传媒,-92.797,,473680286.0,0,5.64,深市主板
SZ000539,,0.0,0.4988,11,2.16,False,0.01,1.2,2555386899.0,5.2,2.75,2.3066,18.05,13288011875.0,1790697600000.0,27301476727.0,0.385,100.0,0.09495363321905735,526.73,0.0,-0.594574684840321,280925942.48,0.11,754243200000.0,0.0,65851161.0,54284021.0,1.41,1.2,39395.0,2.12,,62.24,粤电力A,1258.9,,5250283986.0,0,5.09,深市主板
SZ300290,,0.0,5.9057,11,-2.54,False,0.01,6.923,639589694.0,6.51,6.14,,-76.27,4163728908.0,1790697600000.0,4164659024.0,0.23,100.0,-24.580796962378386,139.87,-0.15,-7.726156589975042,145519840.0,-0.17,1329321600000.0,-0.27,1441076.0,22149500.0,0.63,6.923,39351.0,3.46,,57.7,ST荣科,-24.507,,639732569.0,0,6.68,创业板
SZ300145,9.279302633649579,0.0,1.5561,11,-1.76,False,0.01,2.875,1917754872.0,4.46,5.07,13.7351,-4.5,8553186729.0,1790697600000.0,8564279481.0,1.121,100.0,8.801704232146612,96.18,0.45,2.2351058399523227,236918585.48,-0.08,1291824000000.0,0.13,-13583498.0,52354738.0,0.85,2.875,39224.0,2.73,,10.9,南方泵业,33.651,,1920242036.0,0,4.54,创业板
SZ000925,,0.0,2.1011,11,-1.91,False,0.01,1.612,671006496.0,7.71,4.45,13.7969,-13.99,5173460084.0,1790697600000.0,5213685583.0,0.195,100.0,-0.36208795757053236,27.32,0.26,8.111640958307763,129073745.49,-0.15,929030400000.0,-0.02,-8303648.0,16588156.0,1.05,1.612,39148.0,2.47,,0.0,众合科技,-440.53,,676223811.0,0,7.86,深市主板
SZ002609,-16.377979849088042,0.0,2.7651,11,-0.76,False,0.01,2.108,459573516.0,7.81,2.41,10.5197,-15.03,3589269160.0,1790697600000.0,5025257348.0,1.088,100.0,2.7298554813012377,103.97,0.0,5.2289478035063786,39686529.4,-0.06,1313337600000.0,0.1,-4136463.0,5065943.0,0.98,2.108,39141.0,1.1,,44.55,捷顺科技,77.4,,643438841.0,0,7.87,深市主板
SZ300415,11.351830635387628,0.0,1.3718,11,-0.32,False,0.01,2.655,454427139.0,18.75,1.65,23.5442,-26.05,8520508856.0,1790697600000.0,8785539075.0,3.147,100.0,21.50726240137916,420.62,0.11,18.598406254648992,51768290.68,-0.06,1421942400000.0,1.46,-1264233.0,2751368.0,0.74,2.655,39139.0,0.61,,43.99,伊之密,12.837,,468562084.0,0,18.81,创业板
SZ002869,,0.0,7.6274,11,10.0,False,0.01,1.691,158455279.0,19.14,9.54,290.9658,-17.71,3032834040.0,1790697600000.0,3386152928.0,,100.0,-7.547523312065922,22.41,0.0,-6.58310484365513,167174633.34,1.74,1494777600000.0,-0.89,5785234.0,8859559.0,1.51,1.691,39132.0,5.59,,43.99,金溢科技,-21.597,,176914991.0,1,17.4,深市主板
SZ300233,-6.798505517218956,0.0,1.8351,11,-0.74,False,0.01,1.383,372241463.0,13.5,4.85,12.6692,-2.57,5025259751.0,1790697600000.0,5182306925.0,1.096,100.0,3.7527529214411057,59.9,0.52,-6.287451328053817,165666452.43,-0.1,1308672000000.0,0.36,-5328647.0,12088020.0,1.64,1.383,39125.0,3.25,,9.52,金城医药,37.102,,383874587.0,0,13.6,创业板
SZ002560,-6.250050995614409,0.0,0.5668,11,1.75,False,0.01,1.756,633345980.0,6.4,4.77,7.3294,-10.66,4053414272.0,1790697600000.0,4705738720.0,1.109,100.0,4.752162979564662,28.33,0.16,15.864011751065021,340649698.35,0.11,1299081600000.0,0.17,16172820.600000001,52664408.0,1.24,1.756,39022.0,8.32,,12.67,通达股份,37.454,,735271675.0,0,6.29,深市主板
SZ002437,54.73062976839274,0.0,3.8529,11,-3.29,False,0.01,3.186,2102676320.0,3.53,7.67,26.2118,14.98,7422447410.0,1790697600000.0,7871434485.0,,100.0,17.768628477201638,1.91,0.0,-9.353802848268188,937489575.17,-0.12,1277222400000.0,0.18,-13162919.0,260157421.0,1.15,3.186,39018.0,12.37,,18.66,誉衡药业,19.607,,2229868126.0,0,3.65,深市主板
SZ300351,,0.0,2.2008,11,-0.75,False,0.01,2.121,263416726.0,13.31,4.4,37.0516,-26.05,3506076623.0,1790697600000.0,5176426786.0,0.308,100.0,-0.33130438100155873,105.05,-0.08,17.802238857072506,60209402.63,-0.1,1348070400000.0,-0.02,-2660355.0,4463241.0,1.0,2.121,38981.0,1.69,,-10.77,永贵电器,-627.178,,388912606.0,0,13.41,创业板
SZ300152,-33.20808991457645,,4.1699,11,-0.63,False,0.01,5.341,712790925.0,1.57,2.53,100.1846,-26.64,1119081752.0,,1119096000.0,,100.0,-11.648637911787368,-77.0,0.0,14.154195261416657,10172037.0,-0.01,1293552000000.0,-0.04,457120.0,6414200.0,0.68,5.34,38975.0,0.9,,30.9,*ST动力,-43.17,,712800000.0,0,1.58,创业板
SZ002320,-24.54105935325529,0.0,2.6819,11,-0.79,False,0.01,3.465,2236834324.0,6.28,3.95,9.1194,-48.15,14047319555.0,1790697600000.0,14047319555.0,0.637,100.0,4.575922551123213,86.22,0.0,10.757870503792088,130836188.91,-0.05,1260892800000.0,0.08,918018.0,20582384.0,0.56,3.465,38950.0,0.92,,43.84,海峡股份,76.898,,2236834324.0,0,6.33,深市主板
SZ000727,,0.0,0.1789,11,1.38,False,0.01,5.991,4529566980.0,2.21,4.59,,-12.99,10010343026.0,1790697600000.0,10010343026.0,,100.0,-33.57088340206875,-18.48,0.91,2.0032566241941385,209887303.6,0.03,864057600000.0,-0.15,14885982.0,94530293.0,1.59,5.991,38928.0,2.09,,0.0,冠捷科技,-14.47,,4529566980.0,0,2.18,深市主板
SZ002599,71.60902438776884,,1.521,11,-0.55,False,0.01,2.426,413371086.0,5.47,2.73,14.8186,-35.84,2261139840.0,,2957162885.0,0.183,100.0,-0.3321907399648901,16.31,0.55,-8.364723926054651,24118968.0,-0.03,1310659200000.0,-0.01,-5353072.0,4405200.0,0.63,2.39,38908.0,1.07,,66.7,盛通股份,-728.982,,540614787.0,0,5.5,深市主板
SZ300245,-23.713456336212314,,3.9003,11,-2.4,False,0.01,1.54,293653553.0,5.69,3.09,39.3337,-52.94,1670888717.0,,1735734324.0,,100.0,-2.696863064223546,-17.01,-0.35,-1.2215918044687024,24576120.0,-0.14,1311004800000.0,-0.1,1926745.0,4258500.0,0.72,1.54,38902.0,1.45,,40.4,ST天玑,-54.475,,305049969.0,0,5.83,创业板
SZ000711,-39.07727673527979,,19.2002,11,-2.38,False,0.01,18.285,2357014860.0,4.52,4.75,,164.33,10653707167.0,,13349807448.0,,100.0,-10.59101507864597,145.15,-0.22,84.8787816634324,336039390.0,-0.11,860688000000.0,-0.02,16845425.0,73408000.0,1.31,18.285,38844.0,3.11,,383.86,京蓝科技,-187.324,,2953497223.0,0,4.63,深市主板
SZ002957,27.302322395560296,0.0,4.7083,11,-4.85,False,0.01,4.264,418862537.0,33.57,8.84,66.1282,55.74,14061215367.0,1790697600000.0,14098811384.0,0.745,100.0,9.772257519812687,96.52,0.39,6.931508787085927,654666689.66,-1.71,1564070400000.0,0.74,12318069.0,19070315.0,0.88,4.264,38843.0,4.55,,43.97,科瑞技术,45.28,,419982466.0,0,35.28,深市主板
SZ301005,-28.53815550399601,0.0,11.6938,11,-0.51,False,0.01,13.303,184136101.0,56.46,5.55,314.0984,-49.07,10396324262.0,1790697600000.0,10612527331.0,0.064,100.0,0.7734951061374005,180.83,0.09,24.133720167689532,311046212.3,-0.29,1622476800000.0,0.03,20940325.0,5412696.0,1.13,13.303,38710.0,2.94,,61.37,超捷股份,1758.719,,187965415.0,0,56.75,创业板
SZ002026,4.733365509278564,0.0,2.3763,11,-0.46,False,0.01,1.237,440493914.0,10.93,2.91,32.354,-27.23,4814598480.0,1790697600000.0,4815014093.0,0.64,100.0,5.632174667386925,278.25,-0.27,-3.290369063165133,69670049.0,-0.05,1090857600000.0,0.49,-9015861.0,6370500.0,0.47,1.236,38572.0,1.45,,24.19,山东威达,22.503,,440531939.0,0,10.98,深市主板
SZ002401,-34.41717755670833,0.0,2.5598,11,-0.5,False,0.01,2.687,371398485.0,12.0,1.91,27.4225,-24.51,4456781820.0,1790697600000.0,4460021280.0,0.233,100.0,2.3611412721170644,133.45,0.0,-2.36947512787532,23748917.6,-0.06,1273075200000.0,0.1,-1029705.0,1966560.0,1.05,2.687,38555.0,0.53,,70.45,中远海科,114.815,,371668440.0,0,12.06,深市主板
SZ002059,3.5652498369037167,0.0,14.5558,11,-1.65,False,0.01,4.424,990393246.0,4.16,2.84,95.7624,-22.68,4120035903.0,1790697600000.0,4211728822.0,,100.0,-32.69088283194382,17.79,0.0,-38.7489119150596,138190542.37,-0.07,1155139200000.0,-0.37,-845297.0,33039667.0,0.72,4.424,38512.0,3.34,,112.5,云南旅游,-11.319,,1012434813.0,0,4.23,深市主板
SZ301358,97.50749272307846,0.0,0.7871,11,1.01,False,0.01,2.13,763278154.0,51.2,6.1,,-20.49,39079841485.0,1790697600000.0,43403860890.0,0.691,100.0,24.05469339634924,-16.53,0.1,26.695817038960755,907147601.46,0.51,1675872000000.0,4.58,41374095.0,17500040.0,1.79,2.13,38442.0,2.29,,125.49,湖南裕能,11.181,,847731658.0,0,50.69,创业板
SZ002205,12.099530601602693,,3.4352,11,-0.66,False,0.01,11.805,185843228.0,12.08,5.59,61.6286,-12.34,2244986194.0,,2244986194.0,,100.0,-60.57971762061673,-15.29,-1.63,18.967444280980537,197167832.63,-0.08,1201017600000.0,-0.89,16800731.0,16343051.0,0.81,11.805,38406.0,8.79,,316.77,国统股份,-13.558,,185843228.0,0,12.16,深市主板
SZ002719,,,1.9791,11,0.65,False,0.01,14.861,161845095.0,6.22,2.75,,-27.17,1006676491.0,,1083147423.0,,100.0,-100.65413580932886,-66.79,0.16,-11.50351892827558,14924222.0,0.04,1390838400000.0,-0.87,-2390046.0,2387800.0,0.89,14.863,38405.0,1.48,,44.05,ST麦趣,-7.182,,174139457.0,0,6.18,深市主板
SZ002006,3.9816663709414835,0.0,4.1235,11,-1.67,False,0.01,2.73,519683458.0,12.99,3.41,15.5509,-43.16,6750688119.0,1790697600000.0,6750688119.0,1.54,100.0,8.099216473432822,489.25,0.15,1.3616666155529256,60876289.0,-0.22,1088092800000.0,0.38,-4914399.0,4650000.0,1.05,2.73,38387.0,0.89,,130.7,精工科技,34.431,,519683458.0,0,13.21,深市主板
SZ002945,130.52711255460912,0.0,21.5458,11,-2.29,False,0.01,5.008,2700000000.0,13.66,3.43,,-10.5,36882000000.0,1790697600000.0,36882000000.0,0.417,100.0,5.924750895803067,224.04,-0.07,19.363232637456274,136022003.12,-0.32,1547654400000.0,0.16,-3726493.0,9898264.0,1.03,5.008,38371.0,0.37,,43.92,华林证券,86.21,,2700000000.0,0,13.98,深市主板
SZ300770,-6.890553837460001,0.0,4.9565,11,-0.44,False,0.01,2.081,227838591.0,33.88,1.91,13.1261,-16.2,7719171463.0,1790697600000.0,7719171463.0,8.264,100.0,16.46555218929692,90.03,0.18,-0.753095308062457,74051297.28,-0.15,1555603200000.0,2.69,-2639294.0,2183896.0,0.71,2.081,38359.0,0.96,,43.99,新媒股份,12.578,,227838591.0,0,34.03,创业板
SZ300019,-19.401069889097244,0.0,1.4074,11,0.15,False,0.01,2.013,368667975.0,13.73,2.48,15.5155,-32.4,5061811297.0,1790697600000.0,5397492291.0,2.185,100.0,8.170223595838738,189.28,0.15,14.733155633759942,29728539.82,0.02,1256832000000.0,0.55,2250382.0,2150961.0,0.88,2.013,38335.0,0.58,,96.87,硅宝科技,25.024,,393116700.0,0,13.71,创业板
SZ300232,-51.18710125996616,0.0,0.7249,11,-0.75,False,0.01,1.252,888454758.0,5.31,2.8,8.7175,-24.87,4717694765.0,1790697600000.0,5789519396.0,0.377,100.0,-0.5561010644666314,205.07,0.0,1.971517299336445,58769028.08,-0.04,1308672000000.0,-0.02,-8718480.0,11021373.0,1.01,1.249,38239.0,1.24,,-7.38,洲明科技,-224.769,,1090304971.0,0,5.35,创业板
SZ002490,,0.0,2.9383,11,9.99,False,0.01,12.96,541722000.0,7.6,9.7,75.7668,16.92,4117087200.0,1790697600000.0,6514282240.0,,100.0,-0.5554901884950959,-22.32,0.0,28.06972881041063,499360190.88,0.69,1287590400000.0,0.0,120314686.0,67697423.0,4.91,12.063,38219.0,12.5,,14.06,山东墨龙,-2328.81,,857142400.0,1,6.91,深市主板
SZ002496,-9.189045598991664,,7.8613,11,9.05,False,0.01,2.656,1181299484.0,2.29,10.0,,24.46,2705175818.0,,3452380360.0,,100.0,-15.70028863983097,-45.6,0.44,35.4866453322166,277002059.51,0.19,1289232000000.0,-0.14,4289222.0,122054864.0,7.22,2.656,38216.0,10.33,,29.62,辉丰股份,-16.664,,1507589677.0,0,2.1,深市主板
SZ000061,3.359727380296107,0.0,2.0763,11,-0.5,False,0.01,1.378,1794313488.0,6.0,3.15,12.9756,-41.04,10765880928.0,1790697600000.0,11909767188.0,1.0,100.0,5.798241541354455,563.72,0.0,-2.769125916270432,103953743.24,-0.03,852825600000.0,0.22,199794.0,17177432.0,1.23,1.378,38145.0,0.96,,152.39,农产品,27.347,,1984961198.0,0,6.03,深市主板
SZ300249,,0.0,3.3923,11,-2.34,False,0.01,8.541,374109619.0,12.09,5.57,,-17.36,4522985294.0,1790697600000.0,5542366713.0,,100.0,7.594410532521878,121.04,0.83,31.222021824588285,106483090.24,-0.29,1312300800000.0,0.08,-18877482.0,8735372.0,1.03,8.541,38097.0,2.33,,92.0,依米康,151.133,,458425700.0,0,12.38,创业板
SZ000514,,,3.8616,11,-2.61,False,0.01,1.043,843770965.0,4.48,3.04,6.1755,-8.69,3780093923.0,,3780093923.0,0.223,100.0,-5.108547924469345,159.35,-0.22,14.951716296480843,109590377.48,-0.12,742406400000.0,-0.23,-11572282.0,24224501.0,1.38,1.043,38075.0,2.87,,-3.52,渝开发,-19.864,,843770965.0,0,4.6,深市主板
SZ300352,,,13.7847,11,-2.42,False,0.01,4.331,1278902395.0,2.82,3.81,97.243,-54.0,3606504754.0,,4088503925.0,,100.0,-31.454645635506722,65.02,-0.35,-25.737547171722884,59601834.87,-0.07,1347379200000.0,-0.24,-4809022.0,20807989.0,0.54,4.331,38066.0,1.63,,27.84,ST信源,-11.578,,1449824087.0,0,2.89,创业板
SZ002686,-63.8067426449983,,2.4097,11,2.96,False,0.01,2.196,522732608.0,6.26,4.11,35.8394,-3.92,3272306126.0,,3544656973.0,0.319,100.0,-0.5048157570392353,55.42,0.16,-7.041271067630895,64212933.65,0.18,1341244800000.0,-0.01,4072225.0,10440890.0,1.39,2.196,38043.0,2.0,,43.94,亿利达,-429.503,,566239133.0,0,6.08,深市主板
SZ300850,30.972514286540374,0.0,2.7703,11,-5.53,False,0.01,1.707,323240145.0,30.05,5.38,43.6084,-26.84,9713366357.0,1790697600000.0,12443279342.0,0.982,100.0,12.55642965934336,276.6,-0.33,15.427764013404822,790262803.86,-1.76,1594569600000.0,2.0,-6685593.0,25475191.0,1.0,1.706,38013.0,7.88,,44.0,新强联,14.994,,414085835.0,0,31.81,创业板
SZ002374,40.545761594384146,,7.0071,11,1.79,False,0.01,7.267,1085209283.0,3.42,5.65,183.0817,-5.0,3711415748.0,,3711415748.0,,100.0,-45.75153813762846,-38.88,0.0,-11.06685756803344,162638220.3,0.06,1268841600000.0,-0.29,5260211.0,47048900.0,1.8,7.267,37992.0,4.34,,50.13,中锐股份,-11.841,,1085209283.0,0,3.36,深市主板
SZ000030,-10.40561911125073,0.0,0.4,11,-0.51,False,0.01,0.806,1670808645.0,3.91,2.04,25.2671,-29.33,6532861802.0,1790697600000.0,6724460404.0,3.836,100.0,7.173697854444111,49.54,0.26,0.49933638228660815,26513466.0,-0.02,749232000000.0,0.34,-3695945.0,6770000.0,0.95,0.806,37963.0,0.41,,154.95,富奥股份,11.463,,1719810845.0,0,3.93,深市主板
SZ002765,-67.77271336367541,0.0,1.1581,11,-1.63,False,0.01,1.664,595908390.0,6.64,3.56,22.6812,-50.02,3956831710.0,1790697600000.0,4330130518.0,0.753,100.0,2.6440942925874187,43.79,0.0,8.659244203400917,48461726.0,-0.11,1434038400000.0,0.1,-6082433.0,7255100.0,1.37,1.664,37808.0,1.22,,43.94,蓝黛科技,63.363,,652128090.0,0,6.75,深市主板
SZ300366,12.57815841180907,,5.6166,11,-2.7,False,0.01,3.028,505172408.0,5.41,3.78,,-20.56,2732982727.0,,3286986972.0,,100.0,-45.603483412923495,51.24,-0.37,-38.38057110800316,28643703.0,-0.15,1390752000000.0,-1.06,-3533969.0,5199400.0,1.02,3.028,37806.0,1.03,,44.01,ST创意,-5.128,,607576150.0,0,5.56,创业板
SZ002243,-16.554668718028985,0.0,3.4623,11,0.86,False,0.01,1.15,1202160648.0,7.01,4.75,59.5978,-29.13,8427146142.0,1790697600000.0,8486335575.0,0.713,100.0,2.5458801939203366,6.09,0.0,0.5299554464073708,89948298.65,0.06,1211904000000.0,0.15,10635110.0,12676913.0,1.73,1.15,37800.0,1.05,,46.53,力合科创,45.511,,1210604219.0,0,6.95,深市主板
SZ000913,-7.51267482332898,0.0,1.1209,11,0.84,False,0.01,1.093,520102675.0,10.79,1.87,,-26.43,5611907863.0,1790697600000.0,5679974690.0,5.561,100.0,16.09181439793593,429.62,0.09,-1.9672873117961842,38212038.0,0.09,926611200000.0,1.54,1768619.0,3543000.0,1.14,1.093,37767.0,0.68,,0.0,钱江摩托,7.021,,526411000.0,0,10.7,深市主板
SZ002534,,0.0,2.4506,11,1.52,False,0.01,2.651,825365016.0,17.36,4.91,31.3483,3.99,14328336678.0,1790697600000.0,14511834673.0,0.576,100.0,4.9379956958259745,24.28,0.23,-11.883354755924335,211139539.8,0.26,1294588800000.0,0.29,-6512973.0,12114800.0,1.22,2.651,37757.0,1.47,,28.12,西子洁能,60.859,,835935177.0,0,17.1,深市主板
SZ300525,-15.105667228456433,0.0,2.907,11,-1.82,False,0.01,2.336,615394865.0,7.54,2.99,16.1044,-46.15,4640077282.0,1790697600000.0,5667332258.0,0.796,100.0,6.801513960256196,404.96,0.0,-3.2954267034534968,51593088.0,-0.14,1469462400000.0,0.22,-5186715.0,6788700.0,0.82,2.357,37738.0,1.1,,44.01,博思软件,33.843,,751635578.0,0,7.68,创业板
SZ002328,45.853437084450576,0.0,1.8148,11,-2.84,False,0.01,1.737,570685896.0,7.88,5.06,48.572,20.84,4497004860.0,1790697600000.0,6081547600.0,1.65,100.0,11.856148259509364,1.6,0.13,-20.226496266471315,264018380.52,-0.23,1262102400000.0,0.52,4999293.0,32995998.0,0.59,1.737,37702.0,5.78,,34.98,新朋股份,15.11,,771770000.0,0,8.11,深市主板
SZ000593,,0.0,5.0638,11,-0.5,False,0.01,7.994,358483019.0,20.01,4.97,40.0692,78.66,7173245210.0,1790697600000.0,7176206490.0,,100.0,2.6627981689909883,1885.12,-0.1,-5.631481644723202,196367782.99,-0.1,826560000000.0,0.07,5276770.0,9636591.0,0.5,7.994,37652.0,2.69,,436.0,德龙汇能,304.163,,358631009.0,0,20.11,深市主板
SZ002613,-62.07502746261271,,2.6339,11,-0.9,False,0.01,1.651,773671916.0,3.32,2.99,19.1582,-10.75,2568590761.0,,3653888057.0,,100.0,-0.4299842947094055,-34.83,-0.3,-9.231523473597381,71307478.95,-0.03,1314633600000.0,-0.01,-5048221.0,21294345.0,0.5,1.651,37646.0,2.75,,36.22,北玻股份,-380.473,,1100568692.0,0,3.35,深市主板
SZ300063,81.97664719883191,0.0,0.7403,11,-2.15,False,0.01,3.454,626666943.0,8.19,3.82,49.2472,-4.43,5132402263.0,1790697600000.0,6212337359.0,,100.0,5.38231031858823,65.21,0.24,2.434700199101414,137328523.7,-0.18,1269532800000.0,0.12,-1978250.0,16690486.0,0.65,3.454,37597.0,2.66,,36.74,天龙集团,66.013,,758527150.0,0,8.37,创业板
SZ002122,,,5.0336,11,0.7,False,0.01,2.704,1986821538.0,2.86,2.82,,-4.67,5682309599.0,,5724291645.0,,100.0,-2.0759621902236467,-62.71,0.0,14.359352668734783,48700219.72,0.02,1175011200000.0,-0.02,1729421.0,17029802.0,1.85,2.704,37571.0,0.86,,141.41,ST汇洲,-129.319,,2001500575.0,0,2.84,深市主板
SZ002788,-10.578092326574106,0.0,0.1922,11,-1.49,False,0.01,1.243,381851941.0,10.6,4.28,10.9362,-48.16,4047630575.0,1790697600000.0,4118277402.0,3.302,100.0,8.297547144486238,66.98,0.0,2.894987804284699,114895423.95,-0.16,1455724800000.0,0.69,-4227309.0,10718443.0,0.81,1.243,37569.0,2.81,,44.02,鹭燕医药,15.289,,388516736.0,0,10.76,深市主板
SZ002264,-6.679922619724676,0.0,1.4765,11,-3.24,False,0.01,2.457,650907872.0,7.16,5.68,8.3264,-17.15,4660500364.0,1790697600000.0,5153848908.0,2.081,100.0,7.9714203374076735,23.74,0.28,9.4992860601516,272902921.0,-0.24,1217433600000.0,0.23,6070822.0,37580400.0,0.51,2.457,37536.0,5.77,,160.92,新华都,31.431,,719811300.0,0,7.4,深市主板
SZ002965,,0.0,0.858,11,-3.62,False,0.01,1.77,237942746.0,27.93,6.21,,-30.97,6645740896.0,1790697600000.0,7412073427.0,0.716,100.0,0.5497082179554417,62.78,0.25,18.570552667347194,269989946.36,-1.05,1571932800000.0,0.09,-10442829.0,9558300.0,0.96,1.77,37527.0,4.02,,43.99,祥鑫科技,320.84,,265380359.0,0,28.98,深市主板
SZ000698,-69.03693137844328,,0.4968,11,0.54,False,0.01,2.097,785714395.0,3.74,1.34,14.0449,2.19,2938571837.0,,3064983837.0,,100.0,0.30791235227271835,16.46,-0.27,8.950863777467188,14181287.27,0.02,856368000000.0,0.01,858380.0,3789110.0,1.18,2.097,37521.0,0.48,,95.31,ST沈化,684.512,,819514395.0,0,3.72,深市主板
SZ002213,,0.0,5.0988,11,-2.36,False,0.01,11.083,207198239.0,26.07,4.87,,0.35,5401658091.0,1790697600000.0,6269210441.0,,100.0,3.5388427093070387,265.65,0.08,19.03207740545345,191258273.54,-0.63,1201795200000.0,0.08,6071315.0,7214902.0,0.72,9.532,37511.0,3.48,,184.68,大为股份,317.16,,240476043.0,0,26.7,深市主板
SZ000028,-13.527295201748945,0.0,0.1659,11,0.46,False,0.01,0.641,525859082.0,19.75,0.92,115.3727,-9.12,10385716870.0,1790697600000.0,12091376284.0,2.835,100.0,5.8159295722520845,1187.23,-0.2,-1.3971267796643483,51516265.89,0.09,744825600000.0,1.76,1196566.0,2599671.0,1.4,0.641,37507.0,0.49,,-15.83,国药一致,11.235,,612221584.0,0,19.66,深市主板
SZ300171,-7.838006986569635,0.0,2.2879,11,-2.92,False,0.01,1.532,568537752.0,15.95,5.66,22.3899,2.77,9068177144.0,1790697600000.0,12214957238.0,0.909,100.0,3.3267628599546675,64.57,0.0,-1.0765333764552465,403595283.64,-0.48,1296489600000.0,0.34,-53820558.0,25148131.0,1.15,1.532,37503.0,4.42,,0.43,东富龙,46.598,,765828040.0,0,16.43,创业板
SZ002561,3.5530836910913965,,8.4666,11,-1.09,False,0.01,1.402,414439567.0,7.23,3.01,44.4834,-17.65,2996398069.0,,3005966490.0,,100.0,-2.088040325416894,-49.53,0.0,-13.90454687668521,34309057.57,-0.08,1299081600000.0,-0.11,-1152210.0,4721020.0,0.93,1.402,37501.0,1.14,,30.81,徐家汇,-66.448,,415763000.0,0,7.31,深市主板
SZ300775,-57.144114548468394,0.0,8.227,11,-2.42,False,0.01,1.808,531644017.0,19.37,4.58,33.4448,-36.01,10297944609.0,1790697600000.0,10606120612.0,0.516,100.0,2.6698237003388057,182.32,0.16,-24.363569805479436,197201320.92,-0.48,1558368000000.0,0.29,-9614297.0,10004146.0,1.31,1.808,37495.0,1.88,,43.99,三角防务,66.628,,547553981.0,0,19.85,创业板
SZ301071,1.4655612591147893,0.0,17.8922,11,-5.49,False,0.01,2.784,187049097.0,58.24,7.5,35.0124,63.37,10893739409.0,1790697600000.0,14819185064.0,0.687,100.0,3.2742668851019125,18.65,0.21,15.023857016609,805000089.64,-3.38,1632412800000.0,0.68,9761329.0,13554960.0,0.84,2.784,37491.0,7.25,,1112.42,力量钻石,85.429,,254450293.0,0,61.62,创业板
SZ002321,38.73960817261381,0.0,0.7644,11,0.98,False,0.01,4.841,2125250009.0,2.06,9.31,,-10.43,4378015019.0,1790697600000.0,4393753546.0,,100.0,-7.417722689723918,-86.7,0.0,18.966906492757694,293789947.0,0.02,1260892800000.0,-0.03,22821141.0,138140600.0,1.03,4.84,37485.0,6.5,,79.86,华英农业,-64.091,,2132890071.0,0,2.04,深市主板
SZ301511,79.40648353993032,0.0,3.6225,11,-1.45,False,0.01,14.0,398647407.0,93.87,7.38,,162.81,37421032095.0,1790697600000.0,59168326140.0,0.212,100.0,8.167181607359737,182.11,0.19,48.947270968241874,2092875030.98,-1.38,1692201600000.0,0.54,-21541527.0,21766606.0,0.92,14.0,37483.0,5.46,,56.57,德福科技,175.431,,630322000.0,0,95.25,创业板
SZ300271,-53.22874703575358,0.0,2.7357,11,-2.43,False,0.01,1.289,804241454.0,5.61,3.65,,-22.73,4511794557.0,1790697600000.0,4554538376.0,,100.0,-4.675996367689155,23.16,0.0,-0.507540922131211,57390747.2,-0.14,1319558400000.0,-0.21,-5587551.0,10124778.0,0.76,1.289,37456.0,1.26,,20.65,华宇软件,-26.911,,811860673.0,0,5.75,创业板
SZ002571,56.75224579477349,,2.6278,11,-2.11,False,0.01,5.34,298306188.0,10.2,2.98,34.3165,-13.27,3042723118.0,,3997897140.0,,100.0,-30.746102242298594,51.17,-0.2,3.079345439935066,34714054.0,-0.22,1302537600000.0,-0.69,-7342370.0,3375900.0,0.98,5.34,37452.0,1.13,,-5.45,德力股份,-14.69,,391950700.0,0,10.42,深市主板
SZ003032,202.3938120560481,,7.2699,11,-0.12,False,0.01,2.884,284481608.0,8.61,5.57,26.3314,35.16,2449386645.0,,3465072975.0,,100.0,-3.9734065913982617,-14.84,0.12,4.259504387129653,221625128.7,-0.01,1610380800000.0,-0.12,-6453888.0,25425770.0,0.59,2.884,37388.0,8.94,,43.97,传智教育,-70.966,,402447500.0,0,8.62,深市主板
SZ002068,20.850193834036588,0.0,0.755,11,0.89,False,0.01,2.696,735005821.0,9.05,3.23,74.6966,2.61,6651802680.0,1790697600000.0,6654874024.0,,100.0,-17.325320573826428,317.94,0.33,-1.8127245017719007,271718122.32,0.08,1158249600000.0,-0.62,4104071.0,29942221.0,0.7,2.696,37376.0,4.07,,87.57,黑猫股份,-14.633,,735345196.0,0,8.97,深市主板
SZ002090,7.588513882300418,,2.2533,11,1.12,False,0.01,2.317,398188681.0,9.04,1.9,28.8601,-23.02,3599625676.0,,3621216722.0,0.774,100.0,4.570825534610358,78.81,0.0,1.1078689744992376,38713354.14,0.1,1165507200000.0,0.18,2391805.0,4308132.0,1.11,2.317,37311.0,1.08,,87.11,金智科技,51.396,,400577071.0,0,8.94,深市主板
SZ300556,-67.29214325114977,,2.765,11,-0.19,False,0.01,4.937,108506536.0,15.92,2.88,18.1364,-16.17,1727424053.0,,1935320372.0,,100.0,4.440181981850726,146.66,0.44,-17.278972342642984,50284238.0,-0.03,1478188800000.0,0.17,-3125461.0,3148900.0,1.07,4.937,37216.0,2.9,,44.04,丝路视觉,94.176,,121565350.0,0,15.95,创业板
SZ300299,213.16729490067323,,8.7399,11,-2.25,False,0.01,9.085,689454835.0,5.22,3.37,1812.2776,-26.48,3598954239.0,,3603366444.0,,100.0,-8.178990801353821,89.74,0.0,10.716461106655096,65492526.8,-0.12,1332086400000.0,-0.05,-3790887.0,12468120.0,0.89,9.085,37167.0,1.81,,46.0,富春股份,-106.657,,690300085.0,0,5.34,创业板
SZ300264,-7.152168369086176,,40.7523,11,-1.69,False,0.01,1941.609,370442589.0,5.83,4.38,,-13.11,2159680294.0,,2511899330.0,,100.0,-368.9647208659623,34.75,0.0,-33.587063779317496,58828382.0,-0.1,1316102400000.0,-0.09,-2931024.0,10007300.0,0.6,1943.333,37159.0,2.7,,13.15,佳创视讯,-64.9,,430857518.0,0,5.93,创业板
SZ002589,-21.43995199090106,0.0,0.6781,11,-1.22,False,0.01,0.916,1365591548.0,3.23,5.81,,0.39,4410860700.0,1790697600000.0,4860214821.0,0.062,100.0,0.16954917700959896,41.89,0.31,-4.350482912708687,242610023.6,-0.04,1307635200000.0,0.01,-6296314.0,74304411.0,0.56,0.916,37119.0,5.44,,22.2,瑞康医药,537.633,,1504710471.0,0,3.27,深市主板
SZ002375,9.794219996285713,0.0,0.622,11,-1.02,False,0.01,0.631,1330996461.0,3.88,2.55,23.5542,6.17,5164266269.0,1790697600000.0,5199186412.0,3.196,100.0,4.048468201059647,-32.9,0.26,-15.73319246080127,62919505.0,-0.04,1269273600000.0,0.25,-3412702.0,16149700.0,0.62,0.631,37114.0,1.21,,23.51,亚厦股份,15.731,,1339996498.0,0,3.92,深市主板
SZ000428,22.378789401402166,,7.4478,11,-1.57,False,0.01,3.133,1018926000.0,3.77,3.66,60.5471,14.24,3841351020.0,,3841351020.0,,100.0,-16.232888376672122,382.9,0.53,-9.941522469189835,100529809.36,-0.06,839433600000.0,-0.21,2876668.0,26637416.0,0.79,3.133,37110.0,2.61,,80.27,华天酒店,-17.727,,1018926000.0,0,3.83,深市主板
SZ002363,34.682644038665636,,1.4917,11,-0.72,False,0.01,1.324,415758167.0,6.9,3.17,11.8983,-30.89,2868731352.0,,2871092077.0,1.594,100.0,3.628525633853947,-21.27,0.29,-6.60419707296005,37737414.9,-0.05,1267718400000.0,0.19,-2877035.0,5450280.0,1.22,1.327,36906.0,1.31,,46.56,隆基机械,36.887,,416100301.0,0,6.95,深市主板
SZ000008,-17.238690197061313,0.0,3.0347,11,-0.42,False,0.01,3.043,2716296952.0,2.39,2.5,36.347,-16.14,6491949715.0,1790697600000.0,6492142662.0,,100.0,-31.331428094693642,222.97,0.0,-4.457478784145163,53184079.0,-0.01,705168000000.0,-0.29,-11389662.0,22146200.0,1.04,3.043,36868.0,0.82,,106.5,神州高铁,-8.18,,2716377683.0,0,2.4,深市主板
SZ002562,,0.0,1.4559,11,-0.2,False,0.01,1.542,813577716.0,4.92,3.65,24.7859,-22.32,4002802363.0,1790697600000.0,5622683832.0,2.033,100.0,3.7633085419374135,33.08,0.0,13.371471372424427,100992887.5,-0.01,1299686400000.0,0.11,9329111.0,20400650.0,0.77,1.542,36861.0,2.51,,37.14,兄弟科技,43.724,,1142821917.0,0,4.93,深市主板
SZ300726,-1.7914012216157849,0.0,10.269,11,-4.54,False,0.01,4.049,214438423.0,48.38,9.23,41.9863,-3.49,10374530905.0,1790697600000.0,19924811701.0,2.067,100.0,8.64006713983798,298.43,0.12,5.522241793610294,442696965.78,-2.3,1511193600000.0,1.03,-6476639.0,8896180.0,0.96,4.049,36828.0,4.15,,44.0,宏达电子,46.967,,411839845.0,0,50.68,创业板
SZ002796,52.00758390075324,0.0,6.6059,11,-4.97,False,0.01,7.48,228128703.0,24.65,7.02,,-11.11,5623372529.0,1790697600000.0,6220845268.0,,100.0,-6.22600517050913,267.6,0.16,-3.6336074874436464,175639090.28,-1.29,1462809600000.0,-0.21,3659232.0,7008441.0,0.82,7.48,36810.0,3.07,,44.02,世嘉科技,-118.177,,252366948.0,0,25.94,深市主板
SZ001317,-57.94225285250442,,5.1977,11,7.16,False,0.01,5.571,85502517.0,66.28,8.13,39.9791,20.27,5667106827.0,,5671301091.0,,100.0,0.7279975789430697,251.16,-0.02,-0.9548351512553177,883168463.35,4.43,1638201600000.0,0.08,34415532.0,13380743.0,0.97,5.571,36810.0,15.65,,44.0,三羊马,841.249,,85565798.0,0,61.85,深市主板
SZ000731,28.480321860640867,,1.1864,11,1.63,False,0.01,1.17,548825900.0,8.1,3.14,,23.85,4445489790.0,,4445489790.0,,100.0,-4.6419042457941915,331.82,0.0,-3.2598474867911897,90151893.75,0.13,866476800000.0,-0.33,9612674.0,11079221.0,0.96,1.17,36750.0,2.02,,241.69,四川美丰,-24.24,,548825900.0,0,7.97,深市主板
SZ300579,2.48080149897294,0.0,7.1623,11,-4.03,False,0.01,8.115,262800019.0,22.64,5.3,61.7096,-32.64,5949792430.0,1790697600000.0,6112800000.0,,100.0,-6.751040670551392,390.83,0.22,-3.3976346208807517,107908209.36,-0.95,1482422400000.0,-0.19,-1667360.0,4710909.0,0.96,8.115,36747.0,1.79,,43.99,数字认证,-116.143,,270000000.0,0,23.59,创业板
SZ002207,28.900698740807297,,4.2735,11,1.5,False,0.01,164.928,260811950.0,5.41,3.0,,-26.89,1410992650.0,,1417719595.0,,100.0,-140.65739678035374,-51.73,0.19,12.043743088671244,28827580.0,0.08,1201449600000.0,-0.15,878203.0,5324300.0,0.86,164.939,36716.0,2.04,,222.93,*ST准油,-35.389,,262055378.0,0,5.33,深市主板
SZ002305,,,8.4336,11,-0.96,False,0.01,14.252,1734215770.0,2.07,3.35,18.3188,-7.17,3589826644.0,,3589826644.0,,100.0,74.12678379769446,-72.19,0.0,-45.34866688667717,43029408.0,-0.02,1257436800000.0,-0.51,-3150889.0,20567800.0,0.97,14.256,36705.0,1.19,,72.03,*ST南置,-4.037,,1734215770.0,0,2.09,深市主板
SZ002103,-13.996514591305987,0.0,1.2164,11,-0.75,False,0.01,2.73,388135588.0,6.63,2.69,17.9582,-27.3,2573338948.0,1790697600000.0,3542229678.0,,100.0,11.279173288228368,35.64,0.0,5.236591289439763,33806031.0,-0.05,1168358400000.0,0.26,-3628864.0,5088600.0,0.74,2.73,36693.0,1.31,,68.94,广博股份,25.625,,534272953.0,0,6.68,深市主板
SZ300135,,,2.3491,11,0.29,False,0.01,3.676,921600000.0,3.47,3.18,,-12.15,3197952000.0,,3197952000.0,,100.0,-8.645470815299646,6.83,0.58,-14.28429146939665,56328021.0,0.01,1288022400000.0,-0.09,-2116203.0,16140900.0,1.19,3.676,36663.0,1.75,,11.38,宝利国际,-40.681,,921600000.0,0,3.46,创业板
SZ000601,,0.0,1.3,11,0.5,False,0.01,1.524,1053960741.0,6.08,2.15,10.4141,30.42,6408081305.0,1790697600000.0,6469636368.0,0.822,100.0,4.310036092690815,333.3,0.16,7.956725647637253,203860691.32,0.03,841334400000.0,0.17,5193368.0,33420507.0,1.49,1.525,36629.0,3.17,,86.98,韶能股份,36.002,,1064084929.0,0,6.05,深市主板
SZ000510,12.94705675896417,0.0,6.0643,11,-5.16,False,0.01,10.276,606986792.0,15.98,8.31,1741.2663,38.0,9699648936.0,1790697600000.0,10363726552.0,,100.0,-21.05670867089865,928.71,0.38,-12.075018662613346,463880117.78,-0.87,736704000000.0,-0.37,-5704457.0,28368095.0,0.86,10.276,36620.0,4.67,,1620.0,新金路,-43.658,,648543589.0,0,16.85,深市主板
SZ002107,35.05159707760812,,5.2651,11,0.99,False,0.01,5.845,571396391.0,7.16,6.35,30.7041,19.38,4091198160.0,,4132820736.0,3.673,100.0,16.368855564009312,238.53,0.28,-5.99777900164441,203167336.2,0.07,1169568000000.0,0.21,1283510.0,27884960.0,1.99,5.844,36568.0,4.88,,94.01,沃华医药,34.845,,577209600.0,0,7.09,深市主板
SZ000798,,,0.7634,11,-0.41,False,0.01,6.535,365836212.0,9.75,2.96,48.3933,-7.84,3566903067.0,,3567122442.0,,100.0,20.09532556568054,57.75,0.41,8.506331424042868,96696087.0,-0.04,887212800000.0,0.27,1690971.0,9893200.0,0.74,6.535,36372.0,2.7,,0.0,中水渔业,35.74,,365858712.0,0,9.79,深市主板
SZ002300,-47.24556815842834,0.0,0.4442,11,3.65,False,0.01,3.025,722291810.0,7.96,4.82,21.1265,-12.53,5749442808.0,1790697600000.0,5749776252.0,0.879,100.0,2.1771667121095057,97.14,0.13,0.9783769845682633,314613265.28,0.28,1256054400000.0,0.06,5882140.0,39961850.0,0.78,3.025,36352.0,5.53,,83.41,太阳电缆,137.04,,722333700.0,0,7.68,深市主板
SZ300097,,,18.3057,11,-3.66,False,0.01,15.053,263830416.0,9.47,5.9,906.0462,30.8,2498474040.0,,2804887755.0,,100.0,-69.24091265648536,14.72,0.0,-34.55822532274323,94109734.0,-0.36,1280246400000.0,-0.67,-4118605.0,9794400.0,0.6,14.666,36340.0,3.71,,52.48,智云股份,-14.158,,296186669.0,0,9.83,创业板
SZ300284,-59.81467096508105,0.0,1.5521,11,0.2,False,0.01,0.778,1198281717.0,5.11,2.16,7.3162,-34.08,6123219574.0,1790697600000.0,6453049925.0,1.859,100.0,0.09221149579439113,69.37,0.2,-7.3664491878631,51686248.0,0.01,1326124800000.0,0.01,-2543863.0,10081500.0,1.07,0.778,36315.0,0.84,,-1.95,苏交科,834.948,,1262827774.0,0,5.1,创业板
SZ301293,-20.335250117547577,0.0,5.4085,11,0.47,False,0.01,4.256,172206016.0,49.08,8.13,42.0096,-16.79,8451871265.0,1790697600000.0,10109841322.0,,100.0,2.004384036806839,27.94,-0.12,15.540135001288391,365936197.2,0.23,1683216000000.0,0.23,3062853.0,7239465.0,2.32,4.256,36273.0,4.2,,77.36,三博脑科,214.027,,205986987.0,0,48.85,创业板
SZ002827,-1.7029080406421482,0.0,8.6554,11,-5.34,False,0.01,14.514,275998875.0,55.85,7.88,149.7818,48.8,15414537169.0,1790697600000.0,15473019100.0,0.376,100.0,15.957083238525657,870.54,0.29,3.7348316278049243,976113428.0,-3.15,1481212800000.0,0.58,-16603374.0,17289020.0,0.99,14.514,36269.0,6.26,,43.99,高争民爆,95.95,,277046000.0,0,59.0,深市主板
SZ300380,,0.0,4.1969,11,-1.98,False,0.01,10.775,127107535.0,26.74,4.0,,-35.17,3398855486.0,1790697600000.0,4361835512.0,0.318,100.0,8.354645240777806,97.69,0.72,6.236763578389404,39317689.0,-0.54,1390838400000.0,0.2,-1777628.0,1462100.0,1.13,4.383,36227.0,1.15,,44.02,安硕信息,132.091,,163120251.0,0,27.28,创业板
SZ300324,21.511487768862956,0.0,3.765,11,-2.17,False,0.01,2.63,1709983348.0,3.6,4.62,106.4459,-39.8,6155940053.0,1790697600000.0,6219326142.0,,100.0,-18.383712792666675,240.04,0.0,-26.01194299591807,198699672.44,-0.08,1339084800000.0,-0.27,-14494151.0,54533474.0,0.48,2.63,36196.0,3.19,,-5.22,旋极信息,-13.118,,1727590595.0,0,3.68,创业板
SZ000880,25.317662240238505,0.0,1.4362,11,-1.42,False,0.01,4.905,227026800.0,23.52,7.67,14.9422,-13.53,5339670336.0,1790697600000.0,10909724717.0,0.974,100.0,13.111589088117103,403.6,-0.55,35.42356713491201,352699475.98,-0.34,891446400000.0,0.62,12108362.0,14655251.0,1.39,4.905,36172.0,6.46,,0.0,潍柴重机,38.053,,463848840.0,0,23.86,深市主板
SZ000609,41.26796552570513,,11.0213,11,-0.75,False,0.01,,290713022.0,9.3,2.56,47.5856,4.49,2703631105.0,,2783169355.0,,100.0,939.7284206728813,254.43,-0.11,68.79622595273347,26571947.08,-0.07,844876800000.0,-1.46,-872629.0,2833112.0,0.72,-18.452,36157.0,0.97,,135.33,*ST中迪,-6.351,,299265522.0,0,9.37,深市主板
SZ002168,,,7.6698,11,-1.12,False,0.01,,784163368.0,3.52,1.97,59.5039,-16.19,2760255055.0,,2760255055.0,,100.0,136.5044127689663,-13.51,0.0,11.269910383550563,8539043.0,-0.04,1190131200000.0,-0.09,-845518.0,2415900.0,0.8,-434.568,36117.0,0.31,,165.55,ST惠程,-39.593,,784163368.0,0,3.56,深市主板
SZ300055,30.44807429562333,0.0,1.7037,11,-1.74,False,0.01,0.963,632849344.0,5.65,4.52,,-30.51,3575598794.0,1790697600000.0,4727635274.0,0.265,100.0,-4.757662959322089,-45.93,0.0,1.6909814931277412,63516339.36,-0.1,1267113600000.0,-0.29,-2895777.0,11108826.0,1.02,0.963,36086.0,1.76,,23.76,万邦达,-19.692,,836749606.0,0,5.75,创业板
SZ300446,8.897317550190852,0.0,1.1967,11,-0.08,False,0.01,1.776,836312957.0,12.37,3.15,12.4904,-50.2,10345191278.0,1790697600000.0,10457723073.0,2.587,100.0,12.969119973910834,322.03,0.24,12.891659120321153,59340277.24,-0.01,1429718400000.0,0.87,-4593309.0,4763104.0,1.16,1.776,36060.0,0.57,,43.95,航天智造,14.277,,845410111.0,0,12.38,创业板
SZ002443,-10.382442535278324,,1.5096,11,-1.74,False,0.01,1.899,520535520.0,12.45,5.52,58.274,52.91,6480667224.0,,6480667224.0,0.233,100.0,4.838991070933996,146.61,0.08,-8.968678629612958,296241136.4,-0.22,1278345600000.0,0.32,9740434.0,23526965.0,0.67,1.899,36042.0,4.52,,-0.18,金洲管道,39.12,,520535520.0,0,12.67,深市主板
SZ002718,,0.0,23.8761,11,3.44,False,0.01,11.6,96215283.0,82.31,6.12,560.741,129.02,7919479944.0,1790697600000.0,10654850805.0,,100.0,0.1433110827140169,562.1,0.28,-26.494209365657007,95444923.0,2.74,1390838400000.0,0.01,8473880.0,1167800.0,0.78,11.6,36003.0,1.21,,44.0,友邦吊顶,8099.894,,129447829.0,0,79.57,深市主板
SZ002778,-52.57623664821478,,8.7034,11,0.32,False,0.01,6.272,123742705.0,15.89,3.79,20.9027,-24.83,1966271582.0,,1982329937.0,,100.0,5.2637143223903795,124.2,0.19,-21.72804167267871,23560174.0,0.05,1452009600000.0,0.13,2673623.0,1478000.0,0.96,6.272,35995.0,1.19,,44.0,中晟高科,122.298,,124753300.0,0,15.84,深市主板
SZ300137,-54.99842010033005,0.0,6.0745,11,-1.52,False,0.01,3.228,527851404.0,9.72,4.05,,-6.0,5130715647.0,1790697600000.0,5215579081.0,0.309,100.0,-2.0042033879017573,43.81,0.31,-6.889614368729847,147230659.2,-0.15,1288886400000.0,-0.06,-9488418.0,15116900.0,0.56,3.228,35992.0,2.86,,51.36,先河环保,-159.307,,536582210.0,0,9.87,创业板
SZ002212,,0.0,3.5367,11,-4.72,False,0.01,0.873,1166849183.0,6.87,4.85,,-24.26,8016253887.0,1790697600000.0,8102848149.0,,100.0,-1.4395904935213577,-15.68,0.15,-18.399239374159816,571921379.79,-0.34,1201795200000.0,-0.11,-17125231.0,81986792.0,0.6,0.873,35956.0,7.03,,83.27,天融信,-60.487,,1179453879.0,0,7.21,深市主板
SZ000521,-57.361426942545954,0.0,0.153,11,-2.76,False,0.01,0.742,875288864.0,4.23,3.45,,-32.97,3702471895.0,1790697600000.0,4356577314.0,4.846,100.0,0.8499442921458106,85.22,-0.24,3.656966978223908,62927139.04,-0.12,750873600000.0,0.05,-13102230.0,14696324.0,2.72,0.741,35951.0,1.68,,138.54,长虹美菱,85.081,,1029923715.0,0,4.35,深市主板
SZ000554,73.2320456373736,,1.0226,11,3.39,False,0.01,2.522,359304797.0,6.4,3.88,39.7488,0.08,2299550701.0,,3055647475.0,2.281,100.0,14.800282580196827,182.72,0.0,-8.261055886997237,121849765.0,0.21,755884800000.0,0.36,20494163.0,19167700.0,2.22,2.522,35849.0,5.33,,120.0,泰山石油,17.927,,477444918.0,0,6.19,深市主板
SZ002903,61.81535830733702,,11.4479,11,-3.25,False,0.01,5.498,107565949.0,27.06,5.43,,17.65,2910734580.0,,4212200190.0,,100.0,-5.766643292799391,180.02,0.04,-7.517510047343102,123412254.0,-0.91,1507824000000.0,-0.29,-2584718.0,4497930.0,0.79,5.535,35823.0,4.18,,43.98,宇环数控,-93.215,,155661500.0,0,27.97,深市主板
SZ300505,,0.0,1.113,11,-0.17,False,0.01,1.691,217299624.0,17.99,3.77,,-18.13,3909220236.0,1790697600000.0,4944866739.0,2.223,100.0,14.383913404376065,206.9,0.39,22.09095505434455,157690328.15,-0.03,1457971200000.0,1.46,276193.0,8708196.0,0.79,1.691,35814.0,4.01,,44.0,川金诺,12.356,,274867523.0,0,18.02,创业板
SZ300020,135.07094676658292,,24.225,11,-3.46,False,0.01,3.378,766788734.0,3.63,4.79,42.6472,3.71,2783443104.0,,2884681046.0,,100.0,-107.58471990603769,-19.51,-0.27,-56.706968217045805,44920748.8,-0.13,1256832000000.0,-2.54,-4166589.0,12222840.0,0.99,3.378,35753.0,1.59,,82.0,ST银江,-1.429,,794677974.0,0,3.76,创业板
SZ000888,-0.7744711562862272,0.0,5.1189,11,-1.43,False,0.01,1.737,526913102.0,8.93,1.88,15.2476,-30.89,4705334001.0,1790697600000.0,4705334001.0,2.576,100.0,8.323150112742814,326.25,0.0,-4.694346204138045,60244356.72,-0.13,877363200000.0,0.42,-6761469.0,6725641.0,1.19,1.737,35752.0,1.28,,0.0,峨眉山A,21.26,,526913102.0,0,9.06,深市主板
SZ300149,-73.85859916240219,0.0,4.1019,11,-4.55,False,0.01,3.741,481585284.0,9.45,7.17,28.8987,-1.15,4550980934.0,1790697600000.0,4772115876.0,,100.0,-3.418178837413314,29.78,0.21,1.6500685537798265,245911731.23,-0.45,1292947200000.0,-0.09,-17813074.0,25621358.0,0.92,3.689,35736.0,5.32,,51.46,睿智医药,-111.074,,504985807.0,0,9.9,创业板
SZ002682,31.787006431155596,,1.2594,11,0.41,False,0.01,5.707,562368594.0,4.9,4.51,19.2928,-42.82,2755606111.0,,2755606111.0,,100.0,-76.12317065514135,30.29,0.62,-19.276569628172645,80575754.0,0.02,1339430400000.0,-1.07,-4193385.0,16330750.0,0.71,5.707,35705.0,2.9,,-7.92,龙洲股份,-4.559,,562368594.0,0,4.88,深市主板
SZ002313,,,1.1176,11,-1.26,False,0.01,37.626,374379300.0,8.65,3.77,,-15.11,3238380945.0,,3238560000.0,,100.0,-309.68678930630296,-49.46,0.12,2.5866695234858517,104670158.0,-0.11,1259769600000.0,-0.45,2739941.0,12027200.0,0.4,37.625,35622.0,3.21,,114.92,日海智能,-19.063,,374400000.0,0,8.76,深市主板
SZ000903,-3.08687703365097,,0.8747,11,-3.05,False,0.01,7.547,1920261648.0,1.91,3.05,24.4832,-27.38,3667699748.0,,3667699748.0,,100.0,-102.54707203160444,169.2,-0.52,-10.055258673371236,23057923.0,-0.06,924105600000.0,-0.53,-5768363.0,11884400.0,0.81,7.604,35612.0,0.62,,0.0,ST云动,-3.608,,1920261648.0,0,1.97,深市主板
SZ002689,-34.61586278327453,,2.1586,11,0.68,False,0.01,2.509,1042911524.0,2.95,2.39,18.2625,-6.63,3076588996.0,,3077766639.0,1.695,100.0,6.685157061069101,40.55,-0.34,4.174972918148079,18958297.15,0.02,1342454400000.0,0.08,4345763.0,6396573.0,1.76,2.509,35588.0,0.61,,-1.38,ST远智,37.92,,1043310725.0,0,2.93,深市主板
SZ002533,7.068767865241843,0.0,0.3492,11,0.74,False,0.01,1.788,646143983.0,10.87,2.41,,-10.04,7023585095.0,1790697600000.0,7977939344.0,4.103,100.0,14.491740830587881,83.98,0.0,19.07681393654286,33721661.0,0.08,1293724800000.0,0.85,-74062.0,3101000.0,0.74,1.788,35519.0,0.48,,2.54,金杯电工,12.856,,733941062.0,0,10.79,深市主板
SZ002552,60.69469753849508,0.0,4.3121,11,-2.12,False,0.01,10.292,368503289.0,43.45,6.15,37.8023,163.17,16011467907.0,1790697600000.0,16857962632.0,,100.0,15.312919471326026,436.4,0.12,16.97129656599079,478627492.0,-0.94,1298563200000.0,0.61,3292995.0,10818000.0,0.7,10.292,35419.0,2.94,,27.75,宝鼎科技,70.763,,387985331.0,0,44.39,深市主板
SZ002111,25.082159105874414,0.0,1.3523,11,0.99,False,0.01,1.591,488751597.0,9.14,2.32,5.6154,-9.4,4467189597.0,1790697600000.0,4862581015.0,4.234,100.0,6.496988352731399,65.08,-0.11,18.0846846530474,78378869.8,0.09,1169740800000.0,0.38,-48857.0,8544320.0,1.62,1.591,35359.0,1.75,,279.31,威海广泰,23.774,,532011052.0,0,9.05,深市主板
SZ002745,,0.0,0.8522,11,-4.07,False,0.01,1.366,1056787379.0,11.09,7.09,9.9202,15.88,11719772033.0,1790697600000.0,16459405365.0,,100.0,-7.624772068566562,1.92,0.18,7.144155363025528,506062335.35,-0.47,1424102400000.0,-0.65,-16940509.0,44605669.0,1.03,1.366,35340.0,4.22,,44.0,木林森,-16.981,,1484166399.0,0,11.56,深市主板
SZ002912,5.3371238019710665,,5.8319,11,-2.44,False,0.01,2.918,162222836.0,25.95,7.44,,-12.33,4209682594.0,,4431014400.0,1.541,100.0,0.4765119948603919,95.92,-0.35,6.1160223614659115,635606727.75,-0.65,1511193600000.0,0.04,19206655.680000007,23998001.0,1.07,2.918,35307.0,14.79,,44.01,中新赛克,600.07,,170752000.0,0,26.6,深市主板
SZ002548,94.23941706764872,,0.6798,11,-2.28,False,0.01,3.764,804471492.0,3.85,4.31,13.4506,-36.68,3097215244.0,,3188468583.0,,100.0,-56.247880004563086,-30.71,0.26,4.6780951647160895,70647120.9,-0.09,1297958400000.0,-0.79,-9350699.0,18185830.0,0.88,3.764,35190.0,2.26,,16.88,金新农,-4.849,,828173658.0,0,3.94,深市主板
SZ300192,-32.08788553677171,0.0,14.9489,11,3.46,False,0.01,11.248,455439780.0,24.23,7.94,79.0359,60.54,11035305869.0,1790697600000.0,11165199992.0,0.293,100.0,9.23812081626068,374.54,-0.66,-1.469740105137074,1010862883.05,0.81,1300723200000.0,0.19,36643858.0,41068960.0,0.85,11.248,35184.0,9.02,,22.26,科德教育,125.317,,460800660.0,0,23.42,创业板
SZ300129,-49.863064386099786,0.0,1.8459,11,-2.11,False,0.01,1.441,718710186.0,7.41,4.23,,-28.59,5325642478.0,1790697600000.0,8216602545.0,0.81,100.0,2.2738344866744415,17.96,0.14,-9.935931091159024,192397170.1,-0.16,1287417600000.0,0.1,-6252105.719999999,25612802.0,1.03,1.44,35181.0,3.56,,40.84,泰胜风能,70.858,,1108853245.0,0,7.57,创业板
SZ002900,,,5.0257,11,-1.39,False,0.01,2.341,197943200.0,12.79,4.09,,2.65,2531693528.0,,4046174694.0,,100.0,-15.605563424976538,-5.83,0.16,-11.616906236162539,211420696.0,-0.18,1506009600000.0,-0.92,-1177111.0,16414900.0,0.7,2.341,35166.0,8.29,,44.0,哈三联,-13.884,,316354550.0,0,12.97,深市主板
SZ300919,12.703485526886116,0.0,0.6562,11,1.91,False,0.01,1.688,914833973.0,37.95,4.19,26.5398,-17.44,34717949275.0,1790697600000.0,39637492745.0,2.0,100.0,9.600480662916322,-25.89,0.11,30.301524505715527,376546783.32,0.71,1608652800000.0,2.05,20440859.200000003,9864607.0,1.43,1.688,35115.0,1.08,,245.53,中伟新材,18.545,,1044466212.0,0,37.24,创业板
SZ002099,,0.0,5.0834,11,0.0,False,0.01,2.079,1616843253.0,6.15,4.23,,-1.44,9943586006.0,1790697600000.0,9955098806.0,,100.0,-3.403801090895875,123.54,-0.32,-1.7934281445922573,240416194.62,0.0,1167062400000.0,-0.1,-17264960.0,38574586.0,1.01,2.079,35089.0,2.39,,53.98,海翔药业,-58.834,,1618715253.0,0,6.15,深市主板
SZ002454,29.5815141249099,0.0,0.882,11,1.6,False,0.01,1.251,877353836.0,5.7,11.05,12.9823,-6.53,5000916865.0,1790697600000.0,5010719976.0,4.368,100.0,5.753887790724761,23.69,1.97,6.505893865107182,448118225.54,0.09,1279555200000.0,0.26,-26678442.0,76948275.0,7.46,1.251,35070.0,8.77,,22.8,松芝股份,21.774,,879073680.0,0,5.61,深市主板
SZ000029,-67.88956750725251,0.0,22.211,11,-3.83,False,0.01,6.181,891660000.0,21.84,5.2,1295.8812,-0.68,19473854400.0,1790697600000.0,22094654400.0,0.16,100.0,-0.3232853530590265,317.56,0.0,-13.19417543119089,142284074.88,-0.87,748022400000.0,-0.01,-3092295.0,6380857.0,0.84,6.181,35016.0,0.72,,197.37,深深房A,-1899.512,,1011660000.0,0,22.71,深市主板
SZ002367,-21.56849561295281,0.0,1.0819,11,-0.83,False,0.01,1.336,794844231.0,6.01,3.47,14.7071,-23.55,4777013828.0,1790697600000.0,4794450191.0,2.496,100.0,6.971446748023752,71.96,0.33,-4.329917982854726,109653650.22,-0.05,1268323200000.0,0.31,-13106551.0,18138342.0,0.49,1.336,35005.0,2.28,,34.8,康力电梯,19.468,,797745456.0,0,6.06,深市主板
SZ300337,11.855010324145754,0.0,0.9346,11,-0.45,False,0.01,4.042,711412611.0,8.87,3.59,,-42.76,6310229860.0,1790697600000.0,7290684765.0,0.113,100.0,5.007370845840588,117.56,0.34,28.855686963794234,98416250.01,-0.04,1342540800000.0,0.11,-8391706.0,11017513.0,1.23,4.042,34999.0,1.55,,-14.8,银邦股份,81.54,,821948677.0,0,8.91,创业板
SZ300811,24.46810288991157,0.0,14.5977,11,-3.18,False,0.01,9.563,334741378.0,76.05,5.84,137.6246,49.55,25457081797.0,1790697600000.0,31015458191.0,0.187,100.0,15.068684154066197,1470.5,0.09,28.834737141424903,581783177.58,-2.5,1577635200000.0,1.11,-31942018.0,7542734.0,0.83,9.534,34971.0,2.25,,44.01,铂科新材,68.545,,407829825.0,0,78.55,创业板
SZ300480,19.668087764037413,0.0,12.827,11,-2.79,False,0.01,5.972,258998292.0,28.93,5.98,,73.13,7492820588.0,1790697600000.0,10710539818.0,,100.0,5.776301764807438,963.41,0.07,16.829349059882446,325615013.0,-0.83,1435766400000.0,0.24,1983344.0,11063600.0,1.21,5.972,34935.0,4.27,,43.96,光力科技,119.978,,370222600.0,0,29.76,创业板
SZ000886,,0.0,5.6475,11,-0.42,False,0.01,1.432,979636898.0,4.71,2.11,,-31.34,4614089790.0,1790697600000.0,4657381293.0,,100.0,8.054824755911872,24.28,0.0,99.08326417776787,56043259.0,-0.02,885484800000.0,0.25,-5551973.0,11857400.0,1.0,1.432,34902.0,1.21,,0.0,海南高速,18.484,,988828300.0,0,4.73,深市主板
SZ300250,-4.767897822549716,0.0,12.6808,11,-0.97,False,0.01,5.51,157591782.0,14.35,3.24,231.5155,-40.28,2261442072.0,1790697600000.0,3067305024.0,,100.0,7.2722894739519885,37.75,0.14,-11.79764771292292,68165125.0,-0.14,1312300800000.0,0.18,319153.0,4727400.0,0.81,5.51,34854.0,3.0,,79.68,初灵信息,78.166,,213749479.0,0,14.49,创业板
SZ000719,-1.9803170457875163,0.0,1.3743,11,1.09,False,0.01,1.024,667147543.0,12.08,1.84,7.0492,9.02,8059142319.0,1790697600000.0,12360301288.0,5.464,100.0,11.487372044461141,353.33,0.0,-4.297364056483211,52718883.03,0.13,859737600000.0,1.32,1242510.0,4375909.0,0.96,1.024,34809.0,0.66,,0.0,中原传媒,9.159,,1023203749.0,0,11.95,深市主板
SZ002053,-21.497305278739553,0.0,4.2182,11,1.26,False,0.01,1.166,920720764.0,9.64,1.79,5.5906,-15.36,8875748165.0,1790697600000.0,8875832033.0,1.349,100.0,3.0870543647254953,52.02,0.0,-13.437404946383936,73522947.44,0.12,1151337600000.0,0.25,-6651133.0,7650268.0,1.55,1.166,34794.0,0.83,,75.48,云南能投,38.198,,920729464.0,0,9.52,深市主板
SZ002135,-53.390042217915145,0.0,0.7827,11,3.54,False,0.01,1.08,1043873863.0,6.14,5.73,1.845,35.43,6409385519.0,1790697600000.0,6849319085.0,0.163,100.0,0.554905220194742,-4.81,0.0,-14.658290098717563,119459064.0,0.21,1180454400000.0,0.03,16527105.0,19563200.0,1.71,1.105,34784.0,1.87,,154.69,东南网架,192.767,,1115524281.0,0,5.93,深市主板
SZ300779,,0.0,14.4383,11,3.7,False,0.01,6.968,227175707.0,51.89,6.18,,-44.15,11788147436.0,1790697600000.0,15427494358.0,0.206,100.0,1.7487735167548135,537.15,0.39,-2.2393337991006734,363882747.68,1.85,1558454400000.0,0.1,24282441.0,7116897.0,1.53,7.006,34756.0,3.13,,44.0,惠城环保,497.241,,297311512.0,0,50.04,创业板
SZ300688,,0.0,46.5192,11,-1.84,False,0.01,15.489,148378458.0,32.62,4.78,,11.75,4840105300.0,1790697600000.0,5459918116.0,,100.0,-12.565276424788793,439.33,-0.15,-29.818324220917937,214905732.9,-0.61,1502294400000.0,-0.29,-6797286.0,6488700.0,0.8,15.49,34713.0,4.37,,44.0,创业黑马,-113.698,,167379464.0,0,33.23,创业板
SZ001339,170.97846818896204,0.0,4.2632,11,-2.97,False,0.01,8.139,161899672.0,67.65,6.31,771.8555,72.11,10952512811.0,1790697600000.0,22123765673.0,0.034,100.0,18.5816878354987,338.0,0.18,20.425978102611666,379905680.75,-2.07,1660492800000.0,1.4,34813622.0,5510150.0,1.24,8.163,34674.0,3.4,,44.01,智微智能,48.338,,327032752.0,0,69.72,深市主板
SZ300437,-63.24597059564889,,2.8065,11,1.6,False,0.01,1.919,173750597.0,10.82,3.66,21.1161,-32.25,1879981460.0,,2653097510.0,,100.0,-1.1892479627628694,130.38,0.19,-3.220713303868994,42712528.6,0.17,1429718400000.0,-0.07,-1598482.0,3946037.0,0.94,1.919,34616.0,2.27,,43.97,清水源,-160.075,,245203097.0,0,10.65,创业板
SZ002791,,0.0,1.085,11,-1.0,False,0.01,1.049,212331087.0,15.79,2.95,16.6761,-25.55,3352707864.0,1790697600000.0,5587844355.0,,100.0,-2.4774863823003788,-13.0,-0.06,-15.233032540074198,75081013.63,-0.16,1459180800000.0,-0.38,-2511142.0,4718503.0,0.8,1.049,34531.0,2.22,,44.0,坚朗五金,-41.63,,353885013.0,0,15.95,深市主板
SZ002632,2.8996735494362547,0.0,3.8829,11,-3.02,False,0.01,2.498,574513511.0,8.67,5.03,16.9633,-29.33,4981032140.0,1790697600000.0,5415274110.0,1.961,100.0,9.037504888323959,106.78,0.12,-0.7125546128332272,132036047.05,-0.27,1321891200000.0,0.31,-18267791.0,14991800.0,1.06,2.498,34520.0,2.61,,25.04,道明光学,27.706,,624599090.0,0,8.94,深市主板
SZ002675,-0.4598462263195491,0.0,3.9061,11,-2.09,False,0.01,2.368,743383994.0,12.63,4.11,27.8073,-7.53,9388939844.0,1790697600000.0,10414643754.0,0.633,100.0,4.517700155740325,158.41,-0.16,-7.495293269181291,111165532.8,-0.27,1337875200000.0,0.24,-1664903.0,8736660.0,1.89,2.368,34519.0,1.18,,10.0,东诚药业,51.887,,824595705.0,0,12.9,深市主板
SZ300041,-4.7309591679057235,0.0,1.2641,11,-0.76,False,0.01,1.85,544424423.0,10.47,4.17,20.4126,-4.54,5700123709.0,1790697600000.0,5857294103.0,1.433,100.0,8.101674709933004,84.21,0.29,7.4539457615389715,126347217.2,-0.08,1262880000000.0,0.44,-5466154.0,11934932.0,0.85,1.928,34514.0,2.19,,27.45,回天新材,23.911,,559435922.0,0,10.55,创业板
SZ002984,-19.897181660988682,0.0,1.502,11,-0.77,False,0.01,0.99,713920189.0,12.92,2.92,14.2244,-38.74,9223848842.0,1790697600000.0,13388826373.0,0.387,100.0,6.305722905268535,-14.97,0.16,5.6347265722629825,73662602.58,-0.1,1599753600000.0,0.84,-316547.0,5653918.0,1.03,0.99,34457.0,0.79,,43.99,森麒麟,15.335,,1036286871.0,0,13.02,深市主板
SZ002939,18.072482565642424,0.0,5.8795,11,-2.2,False,0.01,0.943,3602659631.0,7.55,2.2,3.441,-24.89,27200080214.0,1790697600000.0,30459923518.0,2.596,100.0,7.446464971130898,12.06,0.0,8.997527942695616,140408780.88,-0.17,1540483200000.0,0.59,-23345681.85,18505596.0,1.73,0.943,34436.0,0.51,,44.06,长城证券,12.9,,4034426956.0,0,7.72,深市主板
SZ000153,-16.447066526244804,,0.8053,11,-0.65,False,0.01,1.304,460855922.0,6.07,3.6,16.1339,-1.35,2797395447.0,,2820641119.0,1.647,100.0,4.435957582536988,53.5,0.33,-9.385636984184387,65036720.0,-0.04,969379200000.0,0.2,1690440.0,10636700.0,1.25,1.304,34427.0,2.31,,81.44,丰原药业,29.872,,464685522.0,0,6.11,深市主板
SZ002406,45.03938123239124,0.0,2.6376,11,-1.25,False,0.01,1.171,562171311.0,6.34,3.12,21.9827,-16.47,3564166112.0,1790697600000.0,4629627020.0,4.732,100.0,5.098445469277611,17.32,0.16,14.766492138375021,63101849.89,-0.08,1274112000000.0,0.28,-8828984.0,9909534.0,1.29,1.171,34401.0,1.76,,-6.43,远东传动,22.914,,730225082.0,0,6.42,深市主板
SZ300082,,,1.3028868618106837,11,0.0,False,0.01,2.077,678293088.0,8.58,,,-13.33,5819754695.0,,5835242556.0,,100.0,2.411388192679224,-16.02,,7.59864776315915,0.0,0.0,1274284800000.0,0.1,,0.0,0.0,2.077,34381.0,0.0,,-9.91,奥克股份,87.05,,680098200.0,0,8.58,创业板
SZ002576,-2.8028323041495162,,1.4432,11,2.02,False,0.01,1.856,162027571.0,14.67,3.27,19.9641,-15.28,2376944467.0,,2422017000.0,0.539,100.0,6.294918778976374,15.18,0.0,-1.2913432898709498,50807142.0,0.29,1303920000000.0,0.49,6594376.0,3482600.0,1.63,1.856,34379.0,2.15,,-9.21,通达动力,29.693,,165100000.0,0,14.38,深市主板
SZ002669,32.360640350596185,,0.7762,11,7.06,False,0.01,1.63,302717800.0,14.7,10.56,,-2.76,4449951660.0,,4459980000.0,0.653,100.0,3.8007764560579598,133.36,0.2,31.95899925453387,800497970.9,0.97,1334505600000.0,0.34,-43978599.0,54034547.0,1.26,1.629,34373.0,17.85,,12.5,康达新材,43.324,,303400000.0,0,13.73,深市主板
SZ300043,86.54144966387666,0.0,3.5353,11,-1.64,False,0.01,3.016,1243539501.0,4.19,3.05,17.6162,-24.95,5210430509.0,1790697600000.0,5213191300.0,1.193,100.0,14.094422208432663,79.5,0.0,-18.056182491655658,63757510.26,-0.07,1263916800000.0,0.19,-13774365.0,15119500.0,0.84,3.016,34356.0,1.22,,13.73,星辉娱乐,21.812,,1244198401.0,0,4.26,创业板
SZ002137,104.38332551911506,0.0,6.14,11,2.37,False,0.01,2.943,396458956.0,7.78,9.34,53.9148,-8.81,3084450678.0,1790697600000.0,4492987764.0,0.643,100.0,3.9468428816615075,-15.28,0.13,10.184999742170842,391007129.0,0.18,1181664000000.0,0.1,32731616.0,49427900.0,1.57,2.943,34335.0,12.47,,212.14,实益达,75.289,,577504854.0,0,7.6,深市主板
SZ002713,,,12.8558,11,-2.14,False,0.01,8.709,524116059.0,9.59,4.18,,6.79,5026273006.0,,9123975715.0,,100.0,-134.8308865904151,93.09,0.31,-37.2058722387173,107690076.57,-0.21,1392739200000.0,0.08,-7690612.0,11163561.0,0.88,8.709,34298.0,2.13,,44.0,东易日盛,121.996,,951405184.0,0,9.8,深市主板
SZ002706,-31.291949619177817,0.0,1.9903,11,-0.36,False,0.01,2.212,914989590.0,8.31,2.88,44.275,-21.62,7603563493.0,1790697600000.0,9333168916.0,2.359,100.0,4.202852532504711,373.1,0.12,2.0860110666291787,107121894.41,-0.03,1390233600000.0,0.15,-8895874.0,12826835.0,1.04,2.212,34266.0,1.4,,45.5,良信股份,54.019,,1123125020.0,0,8.34,深市主板
SZ002348,-10.180800615003626,0.0,28.6375,11,-3.76,False,0.01,26.656,903532999.0,10.25,5.54,,78.26,9261213240.0,1790697600000.0,10179676800.0,,100.0,-10.929969495235255,235.79,0.2,14.86629701864488,95163487.7,-0.4,1265126400000.0,-0.04,-6930238.0,9196885.0,0.84,25.422,34266.0,1.02,,-1.87,高乐股份,-229.699,,993139200.0,0,10.65,深市主板
SZ300310,15.091049638837895,0.0,1.5822,11,-1.18,False,0.01,1.989,806591852.0,4.18,3.78,71.5479,-29.27,3371553941.0,1790697600000.0,3685332660.0,,100.0,0.04657148878873597,69.43,0.0,-6.962620765007211,48925250.0,-0.05,1335283200000.0,0.0,-9714686.0,11629400.0,0.74,1.988,34089.0,1.44,,16.47,宜通世纪,4251.257,,881658531.0,0,4.23,创业板
SZ002907,32.453702568831446,0.0,7.5857,11,-2.62,False,0.01,3.487,339045651.0,14.51,5.03,67.7966,-1.47,4919552396.0,1790697600000.0,6059322516.0,0.517,100.0,4.331316150644343,151.11,-0.07,3.8288668827485495,207159816.0,-0.39,1508428800000.0,0.18,-6758171.0,14045900.0,1.25,3.487,34039.0,4.14,,43.93,华森制药,81.75,,417596314.0,0,14.9,深市主板
SZ003026,,,12.1964,11,-4.78,False,0.01,8.562,144160880.0,30.85,6.57,125.4271,45.34,4447363148.0,,5848519863.0,0.441,100.0,8.835577665289101,261.83,0.16,14.916747348766158,376448306.08,-1.55,1608220800000.0,0.31,17359560.0,11960431.0,0.5,8.48,34039.0,8.3,,43.99,中晶科技,99.302,,189579250.0,0,32.4,深市主板
SZ300268,-85.02372068548382,,2.4483,11,-1.6,False,0.01,,133707500.0,11.72,3.36,,-8.15,1567051900.0,,2041624000.0,,100.0,-4.284591875551772,-23.41,0.26,-50.06353898172875,27177636.3,-0.19,1317052800000.0,-0.07,-359151.0,2303018.0,1.41,-1.985,33987.0,1.72,,16.16,佳沃食品,-171.955,,174200000.0,0,11.91,创业板
SZ000955,,,4.4142,11,-1.22,False,0.01,3.377,538312875.0,4.05,4.15,981.8984,-34.89,2180167144.0,,2180499750.0,,100.0,-0.23535576025268318,-23.65,0.0,-6.8267720597714465,40686037.0,-0.05,944668800000.0,0.0,2709576.0,9932700.0,0.92,3.377,33983.0,1.85,,103.79,欣龙控股,-1433.082,,538395000.0,0,4.1,深市主板
SZ000892,145.28034414635812,0.0,7.5021,11,-2.65,False,0.01,8.556,710798804.0,4.41,5.96,,-36.82,3134622726.0,1790697600000.0,4326123886.0,,100.0,-56.507346633298525,11.85,-0.23,25.230637943715983,307028888.0,-0.12,916329600000.0,-0.4,3977570.0,68753100.0,0.62,8.556,33933.0,9.67,,0.0,欢瑞世纪,-11.104,,980980473.0,0,4.53,深市主板
SZ002660,,,2.3041,11,-2.26,False,0.01,2.79,346352168.0,7.79,4.14,109.0099,-15.42,2698083389.0,,2778116688.0,,100.0,-21.691767925565223,-32.09,0.13,-3.64513593456548,52305861.0,-0.18,1331827200000.0,-0.68,687163.0,6659100.0,1.28,2.79,33913.0,1.92,,32.43,茂硕电源,-11.47,,356626019.0,0,7.97,深市主板
SZ002438,2.044101800696785,0.0,3.3602,11,0.15,False,0.01,1.845,468880667.0,13.7,2.34,14.7743,-12.74,6423665138.0,1790697600000.0,6953263216.0,1.46,100.0,7.763787973021132,106.45,0.15,-1.9645212072170182,53082350.4,0.02,1277222400000.0,0.56,3122960.0,3852242.0,0.82,1.845,33855.0,0.82,,38.05,江苏神通,24.35,,507537461.0,0,13.68,深市主板
SZ000567,58.828969829072506,0.0,5.1096,11,-0.85,False,0.01,1.64,1950144951.0,5.83,3.23,37.0926,-9.19,11369345064.0,1790697600000.0,11395272264.0,,100.0,25.725254907203716,939.4,0.34,46.762461610560905,98696227.21,-0.05,769795200000.0,0.81,-6635034.0,16849799.0,1.23,1.64,33853.0,0.86,,37.14,海德股份,7.192,,1954592155.0,0,5.88,深市主板
SZ300318,45.4850435685056,0.0,5.1748,11,-1.15,False,0.01,3.321,798539484.0,5.17,3.82,,-17.54,4128449132.0,1790697600000.0,4223375559.0,,100.0,-6.750507976377372,73.55,0.58,-8.253308543987625,45470655.0,-0.06,1337702400000.0,-0.11,-7134560.0,8769200.0,1.0,3.321,33828.0,1.1,,24.73,博晖创新,-47.538,,816900495.0,0,5.23,创业板
SZ002931,-24.8707183713598,0.0,15.9133,11,-4.78,False,0.01,8.017,202575858.0,37.46,5.36,248.7027,18.25,7588491641.0,1790697600000.0,8185229366.0,0.133,100.0,0.5454569383202161,490.69,0.05,6.968443086455944,268273350.2,-1.88,1522684800000.0,0.02,8179000.0,7042765.0,1.24,8.017,33785.0,3.48,,44.01,锋龙股份,1527.27,,218505856.0,0,39.34,深市主板
SZ000967,11.21862317566682,0.0,1.6958,11,-1.16,False,0.01,1.384,3357668552.0,7.7,4.62,6.3047,6.42,25854047850.0,1790697600000.0,25865753922.0,2.312,100.0,3.5811440543490107,107.58,0.13,10.109575965324535,303712749.57,-0.09,954345600000.0,0.19,-9529143.0,39228992.0,0.64,1.384,33767.0,1.17,,230.06,盈峰环境,40.146,,3359188821.0,0,7.79,深市主板
SZ000968,-19.38200672875987,0.0,3.5098,11,4.83,False,0.01,1.083,967502660.0,7.16,5.71,6.6288,9.2,6927319046.0,1790697600000.0,6927319046.0,0.698,100.0,4.752271502055095,59.2,0.14,-8.057008561658163,270806863.75,0.33,961603200000.0,0.31,41745359.0,37909068.0,3.04,1.083,33729.0,3.92,,125.87,蓝焰控股,23.19,,967502660.0,0,6.83,深市主板
SZ300203,7.118976589794346,0.0,1.9907,11,-3.33,False,0.01,2.272,448368525.0,13.07,5.33,10.9454,-17.59,5860176622.0,1790697600000.0,5865000432.0,,100.0,-9.686583264718712,-36.44,0.15,-3.270820857264023,102992411.16,-0.45,1302796800000.0,-0.6,140830.0,7851232.0,0.55,2.272,33694.0,1.75,,7.2,聚光科技,-21.866,,448737600.0,0,13.52,创业板
SZ300221,100.05138646279046,0.0,2.535,11,-1.91,False,0.01,4.003,462017764.0,12.83,10.02,31.166,26.01,5927687912.0,1790697600000.0,6078272609.0,1.559,100.0,10.776740905450907,196.29,0.23,16.0584051991032,324543853.12,-0.25,1306252800000.0,0.33,24484059.0,24340391.0,1.03,4.003,33679.0,5.27,,-1.33,银禧科技,38.882,,473754685.0,0,13.08,创业板
SZ002813,17.402311949777193,,9.211103003176907,11,0.0,False,0.01,15.616,119892056.0,26.38,,,-9.13,3162752437.0,,3165600000.0,,100.0,-29.1380620116875,197.7,0.0,3.1753881243602233,0.0,0.0,1476201600000.0,-0.58,,0.0,0.0,15.616,33628.0,0.0,,43.98,路畅科技,-45.715,,120000000.0,0,26.38,深市主板
SZ000498,-11.566700029304222,0.0,0.1454,11,4.26,False,0.01,0.527,1449347779.0,6.12,4.94,,5.45,8870008407.0,1790697600000.0,9500945187.0,3.66,100.0,7.248335655761914,74.14,-0.16,-5.901325936946201,440090567.57,0.25,865785600000.0,1.24,37898818.0,71263023.0,1.38,0.527,33567.0,4.92,,0.0,山东路桥,4.924,,1552442024.0,0,5.87,深市主板
SZ003009,,0.0,8.3478,11,-0.54,False,0.01,3.56,164687303.0,43.81,3.93,1473.0749,-44.22,7214950744.0,1790697600000.0,7216270083.0,,100.0,-4.866984240635358,158.54,0.14,-5.534855766374147,124604866.81,-0.24,1600963200000.0,-0.54,-360608.0,2808001.0,1.28,3.56,33560.0,1.71,,43.97,中天火箭,-81.191,,164717418.0,0,44.05,深市主板
SZ300660,-20.143080859979744,0.0,2.951,11,-2.83,False,0.01,3.794,580927889.0,22.99,4.56,40.1122,-45.23,13355532168.0,1790697600000.0,13363570001.0,0.67,100.0,6.114029985869406,145.94,0.13,16.97038265703381,90247646.56,-0.67,1496332800000.0,0.37,-5905483.0,3882850.0,1.06,3.794,33559.0,0.67,,43.99,江苏雷利,62.649,,581277512.0,0,23.66,创业板
SZ300159,-63.05120522530889,0.0,12.7467,11,0.74,False,0.01,3.248,1841115203.0,2.74,3.31,,-13.84,5044655656.0,1790697600000.0,9015753625.0,,100.0,20.30898985769054,-38.18,0.0,-6.547343172830045,66221729.0,0.02,1294329600000.0,0.07,-1477433.0,24038800.0,1.08,3.248,33532.0,1.31,,52.36,新研股份,37.917,,3290421031.0,0,2.72,创业板
SZ300086,117.03291262768363,,6.444,11,-0.19,False,0.01,2.814,440682522.0,5.36,4.28,55.8917,-55.44,2362058318.0,,2439466843.0,,100.0,-21.65850540904091,-53.8,0.19,-25.021238240557608,107150792.68,-0.01,1274803200000.0,-0.46,-4348243.0,19822263.0,0.84,2.814,33531.0,4.5,,-5.62,康芝药业,-11.682,,455124411.0,0,5.37,创业板
SZ002884,2.4722335389009364,0.0,3.0431,11,-0.13,False,0.01,2.42,274557074.0,15.36,1.04,13.1013,-8.22,4217196657.0,1790697600000.0,5494003338.0,6.51,100.0,19.402919780969288,176.29,0.0,12.890065750557023,19941240.5,-0.02,1499702400000.0,1.21,-79752.0,1295875.0,1.14,2.419,33516.0,0.47,,44.01,凌霄泵业,12.681,,357682509.0,0,15.38,深市主板
SZ002950,29.72613310786261,0.0,1.4371,11,1.87,False,0.01,1.492,429625255.0,8.7,3.75,16.6325,-19.18,3737739718.0,1790697600000.0,5509409041.0,1.632,100.0,6.668242743034472,10.64,0.12,13.464440570347236,88212081.0,0.16,1552233600000.0,0.38,14671633.0,10039350.0,2.11,1.492,33452.0,2.34,,43.97,奥美医疗,22.713,,633265407.0,0,8.54,深市主板
SZ002132,10.693921978819843,0.0,1.0352,11,-0.74,False,0.01,1.564,1399186411.0,4.0,2.98,16.8681,13.57,5596745644.0,1790697600000.0,5606178792.0,1.2,100.0,2.3090713489080685,49.36,0.0,7.73254775212695,91364807.5,-0.03,1177603200000.0,0.06,-15799543.0,22705750.0,0.86,1.564,33436.0,1.62,,112.38,恒星科技,68.787,,1401544698.0,0,4.03,深市主板
SZ002746,12.390522306627672,0.0,0.8581,11,-0.16,False,0.01,1.158,709676227.0,6.21,1.45,13.2778,8.33,4407089370.0,1790697600000.0,5343945495.0,5.636,100.0,6.233831737858636,342.24,0.16,5.592969829214933,61374493.0,-0.01,1424016000000.0,0.33,-2760186.0,9888140.0,0.92,1.158,33417.0,1.39,,43.94,仙坛股份,18.637,,860538727.0,0,6.22,深市主板
SZ002780,66.54410156039063,,2.2729,11,4.69,False,0.01,3.012,132595301.0,15.18,7.52,22.8877,6.23,2012796669.0,,2510190803.0,0.461,100.0,11.827405802109265,140.1,0.13,16.313698547692358,142349924.65,0.68,1449590400000.0,0.54,10066134.0,9380864.0,1.53,3.012,33373.0,7.07,,43.95,三夫户外,27.973,,165361713.0,0,14.5,深市主板
SZ002347,31.5365005413212,,2.8951,11,-1.41,False,0.01,2.913,493382901.0,6.3,3.13,53.3609,-49.11,3108312276.0,,3179624339.0,,100.0,-8.396574562129878,-7.57,0.0,-0.0413960131228408,243474826.0,-0.09,1264608000000.0,-0.19,-660698.0,38464900.0,0.73,2.913,33367.0,7.8,,24.44,泰尔股份,-33.36,,504702276.0,0,6.39,深市主板
SZ001203,-19.994240403815233,0.0,8.879,11,1.26,False,0.01,4.805,1305958622.0,22.56,4.26,27.186,-25.91,29462426512.0,1790697600000.0,34586294614.0,0.878,100.0,9.414733742124584,128.32,0.22,-2.711109077587348,287968393.0,0.28,1620576000000.0,0.43,-3437627.0,12792900.0,0.96,4.805,33308.0,0.98,,43.99,大中矿业,53.005,,1533080435.0,0,22.28,深市主板
SZ300452,4.1586610926233725,,3.1596,11,0.98,False,0.01,3.125,198629687.0,13.39,2.34,15.4864,2.58,2659651509.0,,3139369656.0,2.226,100.0,18.354479177242673,339.97,0.15,7.566106239811887,66284720.2,0.13,1431619200000.0,0.77,3657775.0,4957760.0,1.49,3.125,33297.0,2.5,,43.98,山河药辅,17.469,,234456285.0,0,13.26,创业板
SZ300708,3.682302166992324,0.0,3.519,11,0.0,False,0.01,2.903,721431313.0,9.06,3.42,,2.34,6536167696.0,1790697600000.0,8546544468.0,0.331,100.0,5.794162708201133,567.99,-0.11,-10.869932466901677,250285350.53,0.0,1508083200000.0,0.18,-9451985.0,27411262.0,0.61,2.903,33250.0,3.8,,43.97,聚灿光电,51.768,,943327204.0,0,9.06,创业板
SZ000526,18.40585282731009,0.0,1.2296,11,-2.15,False,0.01,3.452,121473509.0,35.05,5.03,5.0298,-10.63,4257646490.0,1790697600000.0,4271231870.0,,100.0,24.104824649926293,954.77,-0.09,18.076014428394615,63831451.67,-0.77,752083200000.0,2.18,1713484.0,1799337.0,0.87,3.452,33194.0,1.48,,170.0,学大教育,16.06,,121861109.0,0,35.82,深市主板
SZ000631,-65.83044228635919,0.0,14.9751,11,-0.33,False,0.01,1.261,2300000085.0,3.03,1.97,,-6.36,6969000258.0,1790697600000.0,6969000258.0,0.495,100.0,0.35086279187529384,240.45,0.33,-41.99121576805568,35251151.19,-0.01,848592000000.0,0.01,-4959440.0,11615819.0,0.83,1.261,33177.0,0.51,,151.43,顺发恒能,350.356,,2300000085.0,0,3.04,深市主板
SZ301128,58.54280052336944,0.0,6.1396,11,-5.69,False,0.01,15.056,127389383.0,99.78,7.01,335.7805,39.02,12710912636.0,1790697600000.0,14449917889.0,0.572,100.0,19.32858064404198,448.61,0.28,64.06168534778645,489763349.57,-6.02,1636473600000.0,1.19,-28995769.0,4846216.0,1.08,15.056,33100.0,3.8,,88.13,强瑞技术,83.596,,144817778.0,0,105.8,创业板
SZ300039,-10.780665793934062,0.0,5.3493,11,-2.45,False,0.01,1.262,916642576.0,5.17,4.34,30.0895,-12.63,4739042118.0,1790697600000.0,5407820000.0,2.515,100.0,6.049504854899362,41.7,0.0,-17.88909819167409,101768067.03,-0.13,1262880000000.0,0.25,-17981152.0,19379838.0,0.98,1.262,33094.0,2.11,,19.68,上海凯宝,20.915,,1046000000.0,0,5.3,创业板
SZ000686,56.78304653683091,0.0,3.071,11,-1.2,False,0.01,0.852,2340452915.0,7.44,2.39,2.0789,-18.66,17412969688.0,1790697600000.0,17412969688.0,3.36,100.0,8.979779198888451,613.53,0.13,0.4251202009024402,86748382.62,-0.09,856972800000.0,0.76,-16011181.0,11583898.0,1.23,0.852,33088.0,0.49,,130.56,东北证券,9.755,,2340452915.0,0,7.53,深市主板
SZ002577,,0.0,12.1513,11,0.1,False,0.01,4.953,280673000.0,20.7,3.09,326.2112,16.23,5809931100.0,1790697600000.0,5810241600.0,,100.0,-0.43084998597875984,46.99,0.34,6.683912177253659,105586892.82,0.02,1303920000000.0,-0.02,1555206.0,5095700.0,0.92,4.953,33074.0,1.82,,-15.55,雷柏科技,-1139.351,,280688000.0,0,20.68,深市主板
SZ300832,3.309204902709517,0.0,7.981,11,-2.96,False,0.01,4.282,683092288.0,48.88,4.73,19.5738,-10.87,33389551037.0,1790697600000.0,38405934211.0,2.449,100.0,19.871284977092042,173.72,0.08,8.86351217488417,209867463.33,-1.49,1589212800000.0,2.19,-6827535.949999999,4278470.0,1.14,4.282,32984.0,0.63,,43.99,新产业,22.369,,785718785.0,0,50.37,创业板
SZ300639,-31.227677859488068,,6.1123,11,-2.06,False,0.01,1.051,630202146.0,6.19,6.8,11.2122,15.06,3900951284.0,,4001839172.0,,100.0,-0.26188202587910164,101.95,0.16,-16.72039312659478,87449165.58,-0.13,1491926400000.0,-0.02,489752.0,13973400.0,0.94,1.051,32959.0,2.22,,43.99,凯普生物,-396.655,,646500674.0,0,6.32,创业板
SZ000409,5.749572843600381,0.0,4.035,11,-1.86,False,0.01,3.441,590473934.0,8.45,3.02,60.2017,-24.15,4989504742.0,1790697600000.0,5726255772.0,,100.0,4.8101959894068775,114.25,-0.12,3.6004955309716147,44027781.0,-0.16,835804800000.0,0.11,-1911930.0,5186300.0,1.41,3.441,32931.0,0.88,,82.22,云鼎科技,73.737,,677663405.0,0,8.61,深市主板
SZ002556,36.952341787204034,0.0,0.3132,11,1.98,False,0.01,1.33,934041003.0,5.16,5.73,6.324,-12.9,4819651575.0,1790697600000.0,4824294796.0,2.849,100.0,5.4341670709099335,-19.13,0.39,-4.308524175872497,67244037.2,0.1,1298995200000.0,0.21,13037693.0,13004436.0,1.57,1.347,32917.0,1.39,,3.15,辉隆股份,24.697,,934940852.0,0,5.06,深市主板
SZ002588,9.770964745873334,0.0,0.6718,11,0.4,False,0.01,1.105,858636570.0,7.48,1.21,42.9715,-22.69,6422601544.0,1790697600000.0,8616152010.0,3.61,100.0,12.98632258948286,160.49,0.0,10.073918466508601,43903728.0,0.03,1307635200000.0,0.84,268109.0,5874500.0,0.68,1.105,32887.0,0.68,,-11.23,史丹利,8.876,,1151891980.0,0,7.45,深市主板
SZ000761,46.16951131477134,0.0,0.2193,11,0.0,False,0.01,1.895,3708390102.0,2.35,4.26,,-29.85,8714716740.0,1790697600000.0,9654716740.0,,100.0,-57.06071896848466,-17.15,0.0,-10.210447224051933,49137500.0,0.0,884793600000.0,-1.08,939310.0,20787400.0,0.91,1.895,32882.0,0.56,,0.0,本钢板材,-2.169,,4108390102.0,0,2.35,深市主板
SZ002855,-6.810405380506978,,2.0616,11,-1.61,False,0.01,16.308,246227232.0,12.25,4.34,,-25.21,3016283592.0,,3018641105.0,,100.0,-113.81308658217092,59.43,-0.16,-11.065075801099223,78486072.0,-0.2,1490025600000.0,-1.35,-1059891.0,6348600.0,0.62,16.307,32857.0,2.58,,44.04,捷荣技术,-9.108,,246419682.0,0,12.45,深市主板
SZ300358,,0.0,1.1249,11,-4.48,False,0.01,1.204,704863762.0,9.39,6.51,6.866,-3.23,6618670725.0,1790697600000.0,6714719326.0,0.745,100.0,8.257113968890307,7.08,0.0,-2.9999836241649924,352621459.42,-0.44,1390233600000.0,0.58,-7074195.0,37104603.0,0.82,1.204,32851.0,5.26,,45.2,楚天科技,16.289,,715092580.0,0,9.83,创业板
SZ300295,,,16.5838,11,-1.42,False,0.01,2.066,167679396.0,11.81,4.59,,-5.75,1980293667.0,,2239337962.0,,100.0,-3.6147186819895567,-16.92,0.08,-2.548625058563736,31690270.0,-0.17,1331740800000.0,-0.21,1465376.0,2638700.0,1.31,2.066,32850.0,1.57,,74.71,*ST三六五,-56.124,,189613714.0,0,11.98,创业板
SZ001330,-24.879670188047342,0.0,8.3952,11,-3.65,False,0.01,2.353,1162847322.0,6.34,6.08,28.5658,-16.58,7372452021.0,1790697600000.0,8714450359.0,,100.0,-14.561625214143708,4.97,0.32,-19.047592269972423,995453394.8,-0.24,1660752000000.0,-0.42,21637166.0,157465837.0,0.86,2.353,32819.0,13.54,,43.94,博纳影业,-15.084,,1374518984.0,0,6.58,深市主板
SZ002829,141.93492063039562,0.0,12.2081,11,-1.1,False,0.01,2.333,150673758.0,18.96,4.49,,-39.66,2856774452.0,1790697600000.0,3940066110.0,,100.0,1.0688783516562785,119.1,0.16,-32.49054836521537,76776474.56,-0.21,1481558400000.0,0.09,-3519744.0,3993924.0,1.21,2.333,32795.0,2.65,,44.02,星网宇达,219.788,,207809394.0,0,19.17,深市主板
SZ000766,-30.898944034326636,0.0,12.885,11,-5.28,False,0.01,5.988,965613556.0,14.36,7.12,166.0856,-47.76,13866210664.0,1790697600000.0,13878863993.0,,100.0,1.0713720321008922,111.25,-0.28,-12.033974719814422,223647244.55,-0.8,862329600000.0,0.03,-14963745.0,15134400.0,1.89,5.988,32773.0,1.57,,266.11,通化金马,564.477,,966494707.0,0,15.16,深市主板
SZ300563,-1.9292036984844718,0.0,4.9034,11,-2.47,False,0.01,3.832,126729881.0,23.7,5.97,30.5065,-34.96,3003498180.0,1790697600000.0,4316673302.0,0.831,100.0,5.554293160450301,349.15,-0.04,6.844285120722926,108963909.43,-0.6,1479052800000.0,0.34,356277.0,4512824.0,0.78,3.832,32758.0,3.56,,44.0,神宇股份,69.565,,182138114.0,0,24.3,创业板
SZ002314,353.8961599744509,0.0,0.6154,11,-3.29,False,0.01,1.019,1338333414.0,2.35,4.53,1.3227,-17.54,3145083523.0,1790697600000.0,6363288906.0,,100.0,-35.56639930173149,-81.6,-0.42,-16.937427414077778,125837936.23,-0.08,1259769600000.0,-1.0,-9613476.0,52763329.0,1.01,1.019,32743.0,3.94,,90.07,南山控股,-2.357,,2707782513.0,0,2.43,深市主板
SZ000688,171.13746535732795,0.0,4.9262,11,3.05,False,0.01,8.745,1185063386.0,24.98,6.27,19.4604,-9.86,29602883382.0,1790697600000.0,29602991296.0,0.52,100.0,34.80858198933417,704.74,0.2,84.28158379902754,435784637.23,0.74,853689600000.0,1.01,54580535.0,17417359.0,1.51,8.745,32660.0,1.47,,0.0,国城矿业,24.62,,1185067706.0,0,24.24,深市主板
SZ002985,4.534101279551117,0.0,9.3958,11,0.42,False,0.01,3.171,331021941.0,26.26,3.9,90.6945,-16.95,8692636171.0,1790697600000.0,8714475536.0,0.495,100.0,8.258967918931276,122.22,0.15,-0.6004595630356491,77698803.0,0.11,1588089600000.0,0.66,3308002.0,2951900.0,0.93,3.171,32629.0,0.89,,43.99,北摩高科,39.683,,331853600.0,0,26.15,深市主板
SZ002316,,,3.6832,11,0.61,False,0.01,25.32,340735000.0,4.98,16.36,62.4013,5.29,1696860300.0,,1957737600.0,,100.0,0.5619873334171095,-56.27,6.18,-7.762499617276619,652297532.37,0.03,1260288000000.0,0.0,-159945235.89999998,126749399.0,7.13,25.318,32615.0,37.2,,91.49,亚联发展,4518.162,,393120000.0,0,4.95,深市主板
SZ300120,,0.0,1.3694,11,2.09,False,0.01,1.703,527123752.0,7.32,5.86,24.6514,-13.88,3858545865.0,1790697600000.0,4204563560.0,,100.0,-19.706925888664813,-19.1,0.14,1.3476039384711758,233941317.0,0.15,1284652800000.0,-0.94,36623381.0,31768500.0,1.0,1.703,32601.0,6.03,,27.19,经纬辉开,-7.793,,574393929.0,0,7.17,创业板
SZ300341,6.988490797264135,0.0,3.9185,11,-1.8,False,0.01,3.249,515808861.0,12.54,4.93,50.347,-22.87,6468243117.0,1790697600000.0,6488325613.0,0.558,100.0,9.844727266441401,311.74,-0.08,9.97720496533383,51911495.0,-0.23,1343232000000.0,0.37,-6692989.0,4090200.0,1.33,3.249,32549.0,0.79,,10.77,麦克奥迪,34.081,,517410336.0,0,12.77,创业板
SZ002150,45.298194996798415,0.0,1.7014,11,0.26,False,0.01,3.266,358504497.0,19.61,3.22,93.8855,-2.15,7030273186.0,1790697600000.0,7076637227.0,0.51,100.0,12.170529985082508,127.25,0.1,19.43282111665525,123061865.0,0.05,1186675200000.0,0.7,6335073.0,6271600.0,1.07,3.266,32514.0,1.75,,221.89,正泰电源,28.043,,360868803.0,0,19.56,深市主板
SZ002076,20.655938378360172,,4.6007,11,-0.47,False,0.01,7.879,1042694232.0,2.1,3.79,,4.48,2189657887.0,,2329161431.0,,100.0,-5.850441706782186,-13.74,1.45,81.11890590663657,55493917.55,-0.01,1161705600000.0,-0.02,3341121.0,26346900.0,1.38,7.88,32491.0,2.53,,147.81,星光股份,-136.061,,1109124491.0,0,2.11,深市主板
SZ300304,4.976577437682672,0.0,4.4805,11,1.08,False,0.01,3.08,852543934.0,12.21,5.88,39.1294,5.54,10409561434.0,1790697600000.0,10722134797.0,0.647,100.0,12.240215191916274,363.98,0.58,12.606895885977277,337966028.71,0.13,1332259200000.0,0.47,53338583.0,27158721.0,1.69,3.08,32488.0,3.19,,2.27,云意电气,25.986,,878143718.0,0,12.08,创业板
SZ002379,,0.0,1.2862,11,0.61,False,0.01,3.687,1136373753.0,16.38,4.24,7.0097,-30.87,18613802074.0,1790697600000.0,213449716149.0,1.526,100.0,82.60626114666597,150.78,-0.06,302.6676833337487,344619313.76,0.1,1269964800000.0,1.89,15599711.0,20907791.0,0.92,3.687,32414.0,1.84,,51.52,宏桥控股,8.652,,13031118202.0,0,16.28,深市主板
SZ300314,-34.682173221453795,,6.2656,11,-1.09,False,0.01,2.973,143741448.0,12.72,5.05,37.8242,1.8,1828391219.0,,3663360000.0,0.629,100.0,4.952657246310067,81.41,0.08,-1.7983957275457652,96698231.0,-0.14,1336406400000.0,0.21,9371320.0,7586700.0,0.73,2.973,32405.0,5.28,,49.5,戴维医疗,60.889,,288000000.0,0,12.86,创业板
SZ000635,9.559518863395034,,1.83,11,0.92,False,0.01,3.064,366819816.0,7.65,2.37,,-13.95,2806171592.0,,3015122216.0,,100.0,-66.56283982905335,117.51,0.26,-3.1493191174662205,65694700.26,0.07,848419200000.0,-1.64,-3161387.0,8606873.0,0.84,3.064,32394.0,2.35,,227.78,英力特,-4.676,,394133623.0,0,7.58,深市主板
SZ002735,,0.0,1.837,11,-0.28,False,0.01,2.563,285059341.0,10.67,6.45,90.0094,-40.82,3041583168.0,1790697600000.0,4003963947.0,,100.0,-9.901727045873232,232.14,0.19,7.528777933854602,212028037.73,-0.03,1417536000000.0,-0.43,-5831581.0,19426128.0,0.91,2.563,32364.0,6.81,,43.99,王子新材,-24.583,,375254353.0,0,10.7,深市主板
SZ300051,42.59835209494294,,10.3985,11,-0.52,False,0.01,27.366,367846790.0,7.7,5.04,,19.38,2832420283.0,,2864536213.0,,100.0,-83.82557331760417,30.83,0.65,-7.418881058877213,80253232.0,-0.04,1265817600000.0,-0.34,942997.0,10394800.0,0.75,27.363,32338.0,2.83,,10.03,琏升科技,-22.899,,372017690.0,0,7.74,创业板
SZ000753,-2.559747452932115,0.0,2.0709,11,-2.21,False,0.01,1.921,991481071.0,5.32,4.23,9.3504,-32.19,5274679298.0,1790697600000.0,5274679298.0,0.282,100.0,1.9111517524547448,188.53,-0.19,-14.058017776002064,222936374.38,-0.12,867254400000.0,0.07,8549796.0,41389247.0,0.51,1.921,32322.0,4.17,,0.0,漳州发展,75.883,,991481071.0,0,5.44,深市主板
SZ300641,200.69281910817716,0.0,3.6457,11,1.54,False,0.01,2.177,525541210.0,13.19,1.69,17.7983,-23.29,6931888560.0,1790697600000.0,6931936044.0,3.791,100.0,9.941169095284808,96.19,0.15,2.719437137062508,42013315.5,0.2,1492444800000.0,0.61,705906.0,3196650.0,1.07,2.177,32320.0,0.61,,43.99,正丹股份,21.596,,525544810.0,0,12.99,创业板
SZ002355,1.8249161419368942,,3.2159,11,-0.87,False,0.01,3.819,638858450.0,4.57,3.25,,-24.59,2919583117.0,,3054958170.0,,100.0,-36.838025929865864,-34.07,0.0,6.892039081280088,41350812.89,-0.04,1265644800000.0,-0.51,-2868999.0,8998600.0,1.02,3.819,32293.0,1.41,,0.69,兴民智通,-8.978,,668481000.0,0,4.61,深市主板
SZ002766,128.97153822465057,0.0,6.9274,11,-1.0,False,0.01,3.288,858179809.0,3.98,3.48,,-34.21,3415555640.0,1790697600000.0,3422186380.0,,100.0,-9.362510747786455,-19.22,0.0,-35.67340012180812,50585580.12,-0.04,1433952000000.0,-0.12,-4614428.0,12625797.0,0.78,3.288,32233.0,1.47,,43.96,索菱股份,-33.565,,859845824.0,0,4.02,深市主板
SZ002219,3.127582842090071,0.0,2.4545,11,-2.86,False,0.01,3.565,3272117820.0,2.04,5.24,32.1652,-4.23,6675120353.0,1790697600000.0,7041920376.0,,100.0,1.5338239989376021,73.74,0.0,-11.64032644091998,176121509.0,-0.06,1204732800000.0,0.01,-46089716.0,84825500.0,1.17,3.565,32213.0,2.59,,350.16,新里程,230.609,,3451921753.0,0,2.1,深市主板
SZ002062,-13.673794626721957,0.0,2.1272,11,1.66,False,0.01,2.33,1124700960.0,9.2,7.18,8.2593,0.58,10347248832.0,1790697600000.0,11382892179.0,1.054,100.0,5.040465113343439,609.17,0.11,-8.297546269677403,189128024.0,0.15,1155657600000.0,0.2,11651915.0,20256662.0,1.09,2.33,32208.0,1.8,,46.62,宏润建设,45.867,,1237270889.0,0,9.05,深市主板
SZ000927,-5.260678346162084,0.0,0.4403,11,0.4,False,0.01,1.537,6050350581.0,2.48,2.02,7592.2853,-3.28,15004869441.0,1790697600000.0,15004877030.0,1.734,100.0,5.464954870979687,-49.15,-0.4,-9.103959205577794,113591404.04,0.01,933004800000.0,0.09,7190190.0,45690398.0,1.25,1.537,32203.0,0.76,,29.67,中国铁物,28.537,,6050353641.0,0,2.47,深市主板
SZ002876,26.77065637376814,0.0,1.2387,11,-3.61,False,0.01,2.153,148941460.0,30.17,5.62,16.0078,26.49,4493563848.0,1790697600000.0,5246108398.0,0.361,100.0,3.301939810566866,147.32,0.03,33.23141263142375,89823248.0,-1.13,1495641600000.0,0.46,3837816.0,2937000.0,0.88,2.153,32202.0,1.97,,43.99,三利谱,66.06,,173884932.0,0,31.3,深市主板
SZ002061,-16.622021122842977,0.0,0.1937,11,0.3,False,0.01,0.556,2599137900.0,3.36,1.19,5.263,-12.97,8733103344.0,1790697600000.0,8880990673.0,3.304,100.0,5.459891032697048,24.36,0.0,-0.7648230063022621,70579644.88,0.01,1155657600000.0,0.33,-2599896.0,20991221.0,1.32,0.563,32179.0,0.81,,58.33,浙江交科,10.318,,2643151986.0,0,3.35,深市主板
SZ002667,,,11.403763350424715,11,0.0,False,0.01,,236611000.0,22.19,,31.66044349120631,69.52,5250398090.0,,5782525385.0,,100.0,-406.4393618271437,223.93,-0.05,-3.5797792371158765,0.0,0.0,1332950400000.0,-1.67,,0.0,0.0,-109.743,32177.0,0.0,,-9.48,*ST威领,-13.286,,260591500.0,0,22.19,深市主板
SZ002969,26.00936025591427,0.0,3.93,11,-1.6,False,0.01,3.532,1092733744.0,10.48,4.23,21.7957,-16.93,11451849637.0,1790697600000.0,11512235041.0,0.382,100.0,4.830628270969522,160.98,0.1,-0.8578430777728574,179662537.84,-0.17,1575216000000.0,0.12,6074289.0,16898514.0,1.14,3.531,32126.0,1.55,,43.87,嘉美包装,83.887,,1098495710.0,0,10.65,深市主板
SZ300772,,0.0,0.2356,11,-2.02,False,0.01,1.197,697965622.0,9.68,2.73,,-48.94,6756307221.0,1790697600000.0,7616685784.0,0.62,100.0,-0.686281356278542,132.11,0.1,25.83283372332199,176414906.3,-0.2,1556208000000.0,-0.07,2320270.0,18153628.0,0.77,1.196,32111.0,2.6,,44.02,运达股份,-144.46,,786847705.0,0,9.88,创业板
SZ300191,12.785149249338046,0.0,8.4788,11,1.8,False,0.01,8.105,221195000.0,31.15,2.48,18.7196,68.82,6890224250.0,1790697600000.0,9968000000.0,0.161,100.0,16.544221015089935,184.19,0.42,64.6298483201516,306008020.97,0.55,1300204800000.0,0.59,-5199644.0,9819546.0,1.85,8.105,32084.0,4.44,,5.67,潜能恒信,52.77,,320000000.0,0,30.6,创业板
SZ300648,,0.0,5.8713,11,-2.08,False,0.01,5.351,135790617.0,36.66,6.12,87.4528,-28.93,4978084019.0,1790697600000.0,6389156124.0,,100.0,-14.945944364880884,290.71,0.3,9.285264247932057,62194178.5,-0.78,1493049600000.0,-1.11,4968105.0,1666969.0,1.18,5.351,32079.0,1.23,,44.03,星云股份,-33.112,,174281400.0,0,37.44,创业板
SZ002734,98.98576580598646,0.0,1.8622,11,-3.29,False,0.01,2.099,431605434.0,17.92,5.99,14.3879,15.47,7734369377.0,1790697600000.0,8451493371.0,2.511,100.0,12.92512509469794,421.04,0.45,2.495134368699281,325106297.0,-0.61,1422288000000.0,1.03,-8302027.0,17968382.0,0.61,2.118,32077.0,4.16,,43.97,利民股份,17.43,,471623514.0,0,18.53,深市主板
SZ002012,-10.959267896546898,,4.8133,11,-1.3,False,0.01,2.043,467625470.0,6.81,3.04,,5.84,3184529451.0,,3184529451.0,0.308,100.0,2.0898439239941453,141.42,0.0,-5.101661831975546,59810568.0,-0.09,1088956800000.0,0.07,-6824209.0,8688300.0,1.2,2.043,31946.0,1.86,,132.43,凯恩股份,98.463,,467625470.0,0,6.9,深市主板
SZ300231,-41.483412497315555,0.0,2.0752,11,-1.23,False,0.01,2.258,444723736.0,8.06,3.31,10.8684,-22.32,3584473312.0,1790697600000.0,3584657201.0,1.861,100.0,1.786068783690072,261.74,-0.25,-7.543629013590736,43413986.0,-0.1,1308067200000.0,0.07,-1241116.0,5368800.0,0.77,2.256,31944.0,1.21,,28.29,银信科技,123.494,,444746551.0,0,8.16,创业板
SZ003005,49.228823276638714,0.0,7.2245,11,-1.0,False,0.01,1.956,134194675.0,14.78,3.22,,-27.19,1983397297.0,1790697600000.0,3419924853.0,0.474,100.0,-2.628867901987637,-21.31,0.2,3.4881613140447687,95395798.6,-0.15,1600704000000.0,-0.2,-1573272.0,6415420.0,0.52,1.956,31921.0,4.78,,44.02,竞业达,-73.07,,231388691.0,0,14.93,深市主板
SZ300581,,0.0,39.0555,11,-0.4,False,0.01,6.105,550109546.0,9.91,5.83,,-39.9,5451585601.0,1790697600000.0,5451585601.0,,100.0,-7.5320808635168195,265.13,0.1,-8.909760967655966,110922389.6,-0.04,1482163200000.0,-0.13,8560687.0,10928700.0,1.72,6.105,31909.0,1.99,,43.99,晨曦航空,-77.999,,550109546.0,0,9.95,创业板
SZ002516,11.998863594990294,0.0,3.3022,11,-1.63,False,0.01,2.12,1460498682.0,5.44,3.07,17.4994,-16.38,7945112830.0,1790697600000.0,8001362430.0,1.471,100.0,5.913063204104894,115.33,0.18,12.825881805326844,76716701.0,-0.09,1291651200000.0,0.15,-5406193.0,14042700.0,0.74,2.12,31832.0,0.96,,15.67,旷达科技,36.473,,1470838682.0,0,5.53,深市主板
SZ000420,0.8455707273250068,0.0,1.5338,11,0.58,False,0.01,1.914,2458775343.0,3.46,2.33,66.2726,-23.62,8507362687.0,1790697600000.0,8507684467.0,,100.0,0.7385426705389069,85.09,0.58,14.930268842850825,120074593.2,0.02,838915200000.0,0.01,8303234.0,34745440.0,1.04,1.914,31752.0,1.41,,40.2,吉林化纤,260.101,,2458868343.0,0,3.44,深市主板
SZ002088,-81.35871105985292,0.0,1.8323,11,0.12,False,0.01,1.734,505964633.0,8.11,2.72,15.938,-19.53,4103373174.0,1790697600000.0,4131559908.0,3.699,100.0,-1.1326196010239649,155.72,0.37,-17.1347287101375,18144726.12,0.01,1164816000000.0,-0.06,681882.0,2230656.0,1.33,1.735,31723.0,0.44,,135.45,鲁阳节能,-147.408,,509440186.0,0,8.1,深市主板
SZ300201,31.769622093638183,0.0,6.0264,11,-1.65,False,0.01,6.684,1003717365.0,12.51,6.6,31.8846,83.46,12556504236.0,1790697600000.0,12623135524.0,0.24,100.0,20.260636090969793,497.19,0.24,23.104135507246525,237180013.86,-0.21,1302105600000.0,0.35,-3922781.0,18580882.0,1.04,6.684,31698.0,1.85,,8.71,海伦哲,35.771,,1009043607.0,0,12.72,创业板
SZ300841,-18.95900278371412,0.0,5.7683,11,-3.96,False,0.01,1.947,121575334.0,54.13,6.65,14.7809,-24.3,6580872829.0,1790697600000.0,7034025643.0,0.924,100.0,6.997914373106987,55.87,0.11,-6.338691456715528,213036215.89,-2.23,1592236800000.0,1.9,-23458081.0,3852136.0,1.18,1.947,31683.0,3.17,,44.0,康华生物,28.533,,129946899.0,0,56.36,创业板
SZ002140,16.92357039716652,0.0,0.6963,11,2.62,False,0.01,1.363,706908875.0,9.39,3.17,9.1615,-14.95,6637874336.0,1790697600000.0,6648250258.0,2.13,100.0,11.535755593278516,70.53,-0.11,6.0891139958939355,63859364.6,0.24,1184169600000.0,0.76,13523753.0,6849520.0,1.34,1.363,31600.0,0.97,,147.6,东华科技,12.301,,708013872.0,0,9.15,深市主板
SZ002628,,,4.2493,11,0.62,False,0.01,1.322,755336959.0,4.85,6.64,,18.0,3663384251.0,,3671937013.0,,100.0,-3.147985262779148,-25.48,0.21,-11.60368013737687,111723442.4,0.03,1320249600000.0,-0.12,9266356.0,22612664.0,1.64,1.322,31554.0,2.99,,22.45,成都路桥,-41.311,,757100415.0,0,4.82,深市主板
SZ002650,56.46879325994361,,5.7367,11,-3.26,False,0.01,3.8,1107046324.0,6.23,3.88,44.1582,-3.56,6896898599.0,,6897132224.0,,100.0,-6.159720639054151,125.81,-0.32,-6.377188837684777,25044829.0,-0.21,1325779200000.0,-0.1,-3438261.0,3991400.0,0.51,3.8,31554.0,0.36,,-26.33,ST加加,-60.346,,1107083824.0,0,6.44,深市主板
SZ300561,56.41536601859001,0.0,42.9296,11,-0.07,False,0.01,7.71,241057574.0,13.75,3.2,9843.1861,-6.31,3314541643.0,1790697600000.0,4511484656.0,0.218,100.0,-3.997677750209374,169.23,0.15,-11.694869094904348,118689838.0,-0.01,1479312000000.0,-0.07,-2679709.0,8551200.0,0.76,7.71,31550.0,3.55,,44.01,汇金科技,-190.11,,328107975.0,0,13.76,创业板
SZ002980,12.860458561023425,0.0,21.198,11,-0.01,False,0.01,16.723,101286819.0,104.96,5.09,1451.6333,398.15,10631064522.0,1790697600000.0,19775642071.0,,100.0,10.781364114463281,858.23,0.0,18.024619017353572,813524653.6,-0.01,1586880000000.0,0.64,570400.0,7693120.0,0.85,16.806,31546.0,7.6,,43.99,华盛昌,163.752,,188411224.0,0,104.97,深市主板
SZ002358,8.86574730112175,0.0,1.6223,11,0.78,False,0.01,1.442,929755702.0,5.17,2.73,,-4.25,4806836979.0,1790697600000.0,4806843571.0,0.387,100.0,2.781875118032325,58.62,0.19,4.613179020148039,55285545.0,0.04,1265731200000.0,0.1,6074608.0,10652900.0,1.08,1.442,31514.0,1.15,,15.23,森源电气,52.413,,929756977.0,0,5.13,深市主板
SZ300050,,,12.1559,11,-1.48,False,0.01,8.759,544514549.0,6.67,5.02,110.2855,20.61,3631912042.0,,3634127609.0,,100.0,3.1386222681903657,-54.0,0.0,-5.167718958574863,125075786.0,-0.1,1263916800000.0,0.02,-4408343.0,18670900.0,0.77,8.759,31501.0,3.43,,30.94,世纪鼎利,283.085,,544846718.0,0,6.77,创业板
SZ300242,-44.55614186236054,,2.1164,11,-1.79,False,0.01,10.365,634554878.0,3.84,3.58,,-23.2,2436690732.0,,2436692060.0,,100.0,-7.904132594031231,4.14,0.26,-0.055068469653707375,46761414.0,-0.07,1310400000000.0,-0.03,-5027199.0,12068400.0,0.8,10.364,31453.0,1.9,,62.3,佳云科技,-122.618,,634555224.0,0,3.91,创业板
SZ002283,8.916217164211492,0.0,1.8793,11,3.32,False,0.01,1.446,1009103532.0,7.77,4.52,15.9004,27.66,7840734444.0,1790697600000.0,8853582273.0,3.411,100.0,7.283295562398286,76.11,0.26,10.536688670960137,231700617.34,0.25,1250784000000.0,0.39,-14140735.0,30168503.0,1.48,1.446,31424.0,2.99,,42.14,天润工业,20.065,,1139457178.0,0,7.52,深市主板
SZ300741,21.94570455518907,0.0,9.9492,11,-4.57,False,0.01,2.131,615877150.0,23.6,5.38,108.4093,28.15,14534700740.0,1790697600000.0,14534768000.0,0.89,100.0,2.6441735859174154,-27.54,0.21,2.7283065982271593,437938129.52,-1.13,1519833600000.0,0.29,26117556.0,18343032.0,0.7,2.131,31300.0,2.98,,43.99,华宝股份,80.555,,615880000.0,0,24.73,创业板
SZ000990,,0.0,0.9652,11,2.92,False,0.01,0.6,1701332549.0,6.35,3.57,8.018,12.25,10803461686.0,1790697600000.0,10803461686.0,,100.0,1.076489328823654,14.45,0.0,-2.999976058785403,236193520.98,0.18,962812800000.0,0.11,40074060.0,37312506.0,1.54,0.6,31283.0,2.19,,168.28,诚志股份,56.058,,1701332549.0,0,6.17,深市主板
SZ001965,-10.833856986630408,0.0,4.671,11,1.79,False,0.01,1.012,6795094992.0,10.23,2.79,10.9501,5.15,69513821768.0,1790697600000.0,69513821768.0,3.646,100.0,6.431685510449929,28.29,0.2,20.31761883862786,149755777.5,0.18,1514131200000.0,0.69,10620007.0,14692378.0,1.56,1.012,31266.0,0.22,,-9.78,招商公路,14.754,,6795094992.0,0,10.05,深市主板
SZ000755,1.0937226643833675,0.0,4.282,11,0.42,False,0.01,1.274,1467310196.0,4.75,1.48,5.961,-1.26,6969723431.0,1790697600000.0,6969723431.0,4.211,100.0,8.72677729695528,71.69,0.0,-1.7038426016617647,16513674.64,0.02,867340800000.0,0.32,-69117.0,3483901.0,1.18,1.274,31224.0,0.24,,0.0,山西高速,14.837,,1467310196.0,0,4.73,深市主板
SZ002452,121.82405789046547,0.0,4.1658,11,0.09,False,0.01,2.246,517880199.0,11.38,3.34,29.0578,39.28,5893476665.0,1790697600000.0,7059379127.0,1.054,100.0,29.12001582457455,133.78,0.09,5.071213247113637,91076183.52,0.01,1279555200000.0,1.32,1957833.0,7940677.0,1.02,2.269,31213.0,1.53,,16.31,长高电气,8.621,,620332085.0,0,11.37,深市主板
SZ000059,109.98931216743499,0.0,0.2299,11,1.44,False,0.01,0.893,1599412987.0,5.63,4.14,,5.23,9004695117.0,1790697600000.0,9004861483.0,,100.0,-3.9781513298536,-2.64,0.18,-7.624864428033762,213467353.9,0.08,854553600000.0,-0.26,1788902.0,37833270.0,1.19,0.893,31164.0,2.37,,108.18,华锦股份,-22.017,,1599442537.0,0,5.55,深市主板
SZ002721,,0.0,7.8672,11,-1.54,False,0.01,3.146,2659378615.0,2.55,3.09,56.5904,-19.05,6781415468.0,1790697600000.0,6781415468.0,,100.0,4.283147006317186,-38.6,-0.39,-17.537143620695716,96600697.0,-0.04,1390752000000.0,0.03,-11475690.0,37660700.0,0.99,3.146,31153.0,1.42,,44.08,金一文化,75.02,,2659378615.0,0,2.59,深市主板
SZ301526,11.370964546099449,0.0,10.5695,11,-1.59,False,0.01,11.433,1404392923.0,26.54,5.49,78.8524,279.31,37272588176.0,1790697600000.0,100079103394.0,0.075,100.0,8.030041328048872,229.19,0.15,13.08139370251733,1750846489.76,-0.43,1703520000000.0,0.18,3482970.870000001,64749095.0,0.83,11.433,31132.0,4.61,,148.87,国际复材,146.992,,3770878048.0,0,26.97,创业板
SZ002908,,,5.8324,11,1.71,False,0.01,2.914,325248116.0,7.15,5.12,28.3323,-31.64,2325524029.0,,3084739429.0,0.699,100.0,-2.422166467962934,124.84,0.14,-16.540186236930985,45597720.74,0.12,1508428800000.0,-0.06,4327772.0,6340630.0,1.76,2.914,31061.0,1.95,,44.06,德生科技,-117.51,,431432088.0,0,7.03,深市主板
SZ300477,28.130363462461293,,1.7311,11,0.36,False,0.01,1218.068,995535703.0,2.77,3.26,83.6517,5.73,2757633897.0,,2969491763.0,,100.0,-178.70962550763306,40.42,0.0,-15.524689815750737,68717150.68,0.01,1433865600000.0,-0.87,3149972.0,24761864.0,1.41,1204.348,31014.0,2.49,,44.02,ST合纵,-3.177,,1072018687.0,0,2.76,创业板
SZ000889,,,2.164,11,-1.1,False,0.01,16.828,869799451.0,3.58,3.04,183.2041,-0.56,3113882035.0,,3351922195.0,,100.0,86.53500891175973,158.6,0.56,1.696716407757859,70502442.4,-0.04,882374400000.0,0.13,-2905038.0,19629560.0,0.67,16.831,30990.0,2.26,,0.0,中嘉博创,27.86,,936291116.0,0,3.62,深市主板
SZ000881,-22.01964064582629,0.0,1.0997,11,0.16,False,0.01,1.234,903730851.0,6.41,1.72,23.586,-29.17,5792914755.0,1790697600000.0,6060179474.0,,100.0,-6.148048690344913,153.85,0.31,-4.911710347963194,24745525.4,0.01,904665600000.0,-0.33,352936.0,3856710.0,0.82,1.234,30958.0,0.43,,0.0,中广核技,-19.624,,945425815.0,0,6.4,深市主板
SZ002403,,,1.2465,11,-0.88,False,0.01,2.624,297161454.0,10.09,4.72,56.576,-20.3,2998359071.0,,3437043262.0,,100.0,-21.143706333102706,-25.39,0.1,5.031872205630217,139236374.2,-0.09,1273507200000.0,-0.92,4145737.0,13633876.0,0.71,2.624,30945.0,4.59,,0.05,爱仕达,-10.975,,340638579.0,0,10.18,深市主板
SZ000017,9.397900564813778,,7.2159,11,1.35,False,0.01,13.117,440821951.0,7.5,4.19,,-4.7,3306164633.0,,5168886998.0,,100.0,8.767926589489587,121.75,0.4,6.716268912178802,257291298.0,0.1,701971200000.0,0.05,16824517.0,34183000.0,0.83,13.116,30935.0,7.75,,244.0,深中华A,155.965,,689184933.0,0,7.4,深市主板
SZ002105,14.656662471415682,,1.7077,11,1.98,False,0.01,2.796,364471975.0,6.17,3.31,21.6637,-15.71,2248792086.0,,2259712832.0,,100.0,-4.846673663763606,48.89,0.0,14.959653244736337,48861751.8,0.12,1168531200000.0,-0.11,8898920.0,7990900.0,1.27,2.796,30926.0,2.19,,160.29,信隆健康,-56.026,,366241950.0,0,6.05,深市主板
SZ002040,8.106115783310287,0.0,4.1244,11,2.52,False,0.01,1.234,486075445.0,8.94,5.39,9.5369,-7.92,4345514478.0,1790697600000.0,4345514478.0,1.298,100.0,5.7179836144484995,118.43,0.22,4.905869241469851,179319877.7,0.22,1111680000000.0,0.41,16998854.0,19882730.0,1.54,1.234,30878.0,4.09,,74.12,南京港,22.044,,486075445.0,0,8.72,深市主板
SZ000541,-35.49826030286557,0.0,0.8865,11,0.41,False,0.01,1.114,1230519707.0,4.91,1.23,44.3304,-17.52,6041851761.0,1790697600000.0,7540671109.0,1.018,100.0,2.0987514963484335,552.84,-0.2,-3.2056661084585936,23325781.0,0.02,753984000000.0,0.09,-714265.0,4750360.0,1.22,1.114,30847.0,0.39,,128.25,佛山照明,53.269,,1535778230.0,0,4.89,深市主板
SZ002164,103.61506672374232,0.0,4.5103,11,-3.24,False,0.01,4.431,479775143.0,12.83,4.37,37.3302,-19.86,6155515085.0,1790697600000.0,6827788430.0,,100.0,14.843063906996065,26.49,0.0,1.5916915620581173,609854888.16,-0.43,1187798400000.0,0.41,-24503837.0,47371132.0,0.95,4.431,30840.0,9.87,,287.56,宁波东力,31.236,,532173689.0,0,13.26,深市主板
SZ300138,-13.886336766296825,0.0,0.9087,11,2.24,False,0.01,1.62,398313292.0,11.4,3.86,,-5.56,4540771529.0,1790697600000.0,5507341060.0,2.632,100.0,9.984842599721723,59.21,0.53,-6.231847736220697,76732926.0,0.25,1288886400000.0,0.69,1048951.0,6727500.0,2.77,1.62,30798.0,1.69,,24.23,晨光生物,16.567,,483100093.0,0,11.15,创业板
SZ300444,59.51408751239933,0.0,1.7409,11,0.59,False,0.01,3.36,627441699.0,8.5,3.08,,-11.41,5333254442.0,1790697600000.0,6839270765.0,0.706,100.0,16.691204810040418,117.87,0.35,-1.6093316096572607,110678316.75,0.05,1429718400000.0,0.39,2519747.0,12969824.0,0.97,3.36,30776.0,2.07,,44.02,双杰电气,21.639,,804620090.0,0,8.45,创业板
SZ300580,1.280532700957715,0.0,5.5172,11,-3.93,False,0.01,2.604,472592472.0,17.35,5.59,42.8915,-33.64,8199479389.0,1790697600000.0,8715299921.0,0.98,100.0,8.453033845314643,234.66,0.35,7.37507475604402,124624277.25,-0.71,1484064000000.0,0.55,-13843405.0,7117897.0,1.25,2.604,30730.0,1.51,,44.0,贝斯特,31.607,,502322762.0,0,18.06,创业板
SZ002651,-36.96318374880209,0.0,9.8347,11,-0.63,False,0.01,2.958,565463641.0,7.84,3.55,29.9373,-32.38,4433234945.0,1790697600000.0,8102326400.0,1.122,100.0,1.0975050863840798,30.52,0.13,-3.9833640015674354,57120115.0,-0.05,1325779200000.0,0.03,-54065.0,7226100.0,0.92,2.958,30660.0,1.28,,-16.88,利君股份,267.729,,1033460000.0,0,7.89,深市主板
SZ002842,,0.0,2.532,11,-1.69,False,0.01,6.315,268462059.0,30.29,3.34,,110.14,8131715767.0,1790697600000.0,10408797261.0,0.432,100.0,44.49198838882646,521.22,0.1,55.87638611756507,317449450.88,-0.52,1484755200000.0,1.77,4985977.0,10380518.0,0.79,4.897,30623.0,3.87,,43.96,翔鹭钨业,17.136,,343638074.0,0,30.81,深市主板
SZ300211,318.57324998671254,,12.3409,11,-1.83,False,0.01,5.243,298481824.0,7.5,10.86,339.4507,-11.45,2238613680.0,,2279472923.0,,100.0,-7.646632603424362,71.13,0.0,-0.8076358048451748,170963029.41,-0.14,1304524800000.0,-0.11,6487529.0,21804763.0,1.83,5.243,30564.0,7.31,,14.33,亿通科技,-65.949,,303929723.0,0,7.64,创业板
SZ300895,-12.415375787741379,0.0,28.991,11,-4.4,False,0.01,10.53,68227925.0,54.3,8.31,185.6438,22.99,3704776328.0,1790697600000.0,7645475675.0,,100.0,-10.334703444571277,11.46,0.24,-1.0795119413015253,284670299.54,-2.5,1600876800000.0,-0.56,-820403.0,5235377.0,0.68,10.53,30550.0,7.67,,446.17,铜牛信息,-96.621,,140800657.0,0,56.8,创业板
SZ000048,,0.0,2.0471,11,-1.0,False,0.01,2.714,529302750.0,17.82,6.11,28.9336,1.25,9432175005.0,1790697600000.0,9448213005.0,,100.0,-14.375283320394658,1740.34,0.11,-29.5146718242716,215703406.49,-0.18,783619200000.0,-1.06,-1380163.0,11812877.0,1.04,2.714,30541.0,2.23,,84.58,京基智农,-16.796,,530202750.0,0,18.0,深市主板
SZ002451,-12.914442755418943,,2.2812,11,0.65,False,0.01,4.411,439149000.0,7.74,2.08,,-23.5,3399013260.0,,3405096900.0,0.129,100.0,1.37940661361797,48.76,-0.13,9.136183677750243,66726626.69,0.05,1279555200000.0,0.02,5079539.0,8601639.0,0.83,4.419,30506.0,1.96,,65.2,摩恩电气,320.267,,439935000.0,0,7.69,深市主板
SZ300180,,0.0,1.9598,11,-0.69,False,0.01,1.608,1718087334.0,4.3,3.46,12.1745,-37.88,7387775536.0,1790697600000.0,7572558667.0,0.116,100.0,0.5294283015636506,44.14,0.23,-6.6981244609717105,79074628.82,-0.03,1298304000000.0,0.01,-3876480.0,18363864.0,0.87,1.608,30494.0,1.07,,2.33,华峰超纤,304.174,,1761060155.0,0,4.33,创业板
SZ000430,,0.0,11.0053,11,-2.7,False,0.01,2.883,370556486.0,6.48,3.6,107.4879,-16.49,2401206029.0,1790697600000.0,5246437211.0,,100.0,-20.012334460768212,168.75,0.0,6.089419852402589,65260363.0,-0.18,841248000000.0,-0.26,3840760.0,9998948.0,0.97,2.883,30374.0,2.7,,92.94,张家界,-25.25,,809635372.0,0,6.66,深市主板
SZ002574,,,0.8276,11,-0.2,False,0.01,0.974,528000000.0,4.97,2.41,,-11.57,2624160000.0,,2624160000.0,,100.0,-10.546176082586411,-64.23,0.4,-7.707811511813101,23158789.0,-0.01,1303401600000.0,-0.57,-2276657.0,4655400.0,0.64,0.974,30356.0,0.88,,11.81,明牌珠宝,-8.724,,528000000.0,0,4.98,深市主板
SZ300435,7.615121181679707,0.0,2.3239,11,1.66,False,0.01,1.774,368874635.0,15.89,4.09,15.0971,-27.64,5861417950.0,1790697600000.0,6128979570.0,1.573,100.0,13.584216659089163,194.96,-0.06,-6.24933382259244,106560234.0,0.26,1427299200000.0,1.16,13104098.0,6673600.0,1.33,1.774,30350.0,1.81,,43.99,中泰股份,13.738,,385713000.0,0,15.63,创业板
SZ300455,-67.94892382602401,0.0,11.9412,11,1.67,False,0.01,7.064,706714754.0,16.43,4.89,71.4966,-45.31,11611323408.0,1790697600000.0,11792927188.0,,100.0,-1.372203034169533,580.19,0.12,-16.212517688665052,130488607.42,0.27,1431619200000.0,-0.03,10828788.0,7831824.0,1.83,7.064,30345.0,1.11,,44.04,航天智装,-511.652,,717767936.0,0,16.16,创业板
SZ002845,,0.0,0.4208,11,-3.02,False,0.01,1.714,250234601.0,13.18,5.74,92.4555,-6.06,3298092041.0,1790697600000.0,4317131472.0,0.303,100.0,3.3249674830937144,81.16,0.15,7.484026467588345,83022836.32,-0.41,1485273600000.0,0.25,-3505579.0,6214500.0,1.12,1.714,30323.0,2.48,,44.03,同兴达,53.136,,327551705.0,0,13.59,深市主板
SZ000890,,,9.1762,11,-0.43,False,0.01,1897.634,419491046.0,6.93,4.6,,36.69,2907072949.0,,2907162498.0,,100.0,-4293.232440082573,128.81,0.14,-9.881245329634524,100014803.54,-0.03,916675200000.0,-0.19,3993164.0,14233967.0,0.85,1872.973,30289.0,3.39,,0.0,法尔胜,-36.412,,419503968.0,0,6.96,深市主板
SZ000571,4.276713068507343,0.0,8.473,11,-4.95,False,0.01,,813992150.0,6.15,7.57,186.1782,4.95,5006051723.0,1790697600000.0,5160643350.0,,100.0,-173.94933124598793,596.49,0.16,-16.52033007892947,117490144.1,-0.32,769795200000.0,-0.16,-24448349.0,18779774.0,0.98,-424.138,30273.0,2.31,,50.67,新大洲A,-37.283,,839129000.0,0,6.47,深市主板
SZ301488,-24.22029470048537,0.0,4.104,11,-3.2,False,0.01,3.713,41844731.0,87.52,4.96,47.7676,-42.57,3662250857.0,1790697600000.0,8901181166.0,0.528,100.0,3.174818447197881,38.35,-0.06,29.8964157513981,71943124.0,-2.89,1688400000000.0,0.58,967087.0,814500.0,0.93,3.703,30273.0,1.95,,126.27,豪恩汽电,150.898,,101704538.0,0,90.41,创业板
SZ002226,-17.981474637225446,0.0,1.3874,11,-0.94,False,0.01,1.462,2648918190.0,5.29,4.49,13.8959,-7.21,14012777225.0,1790697600000.0,14012801903.0,1.664,100.0,5.791031994887854,189.8,0.19,4.755032220596833,441044485.4,-0.05,1210003200000.0,0.21,35709465.0,82568292.0,2.13,1.462,30241.0,3.12,,108.33,江南化工,25.018,,2648922855.0,0,5.34,深市主板
SZ000517,139.69250729143292,0.0,2.3797,11,-2.42,False,0.01,1.424,2491986416.0,2.02,4.83,3.4274,11.6,5033812560.0,1790697600000.0,6431523420.0,,100.0,-25.819141966409397,338.08,0.0,-59.56518576678212,80309289.0,-0.05,744566400000.0,-0.42,-9019625.0,39659200.0,0.88,1.424,30234.0,1.59,,-90.7,荣安地产,-4.804,,3183922485.0,0,2.07,深市主板
SZ300162,,,4.0408,11,6.46,False,0.01,4.746,342135530.0,9.72,13.14,,19.56,3325557352.0,,4077637492.0,,100.0,-8.458786805411828,9.48,0.41,-4.789745031576875,824961682.18,0.59,1294848000000.0,-0.18,10452325.0,89396902.0,1.33,4.746,30217.0,26.13,,11.08,雷曼光电,-55.027,,419510030.0,0,9.13,创业板
SZ002946,25.77615202217549,0.0,1.1079,11,0.07,False,0.01,3.514,850714775.0,14.83,1.89,7.9122,-17.77,12616100113.0,1790697600000.0,12763928712.0,3.109,100.0,23.154098741189806,146.76,0.34,2.457916490239609,71394856.0,0.01,1548345600000.0,0.93,2986954.0,4850000.0,1.1,3.61,30193.0,0.57,,44.04,新乳业,15.964,,860682988.0,0,14.82,深市主板
SZ300403,-9.731112724233704,0.0,4.3594,11,-3.74,False,0.01,2.286,438160813.0,8.5,4.64,24.0846,-39.91,3724366911.0,1790697600000.0,5125500000.0,2.235,100.0,9.550955450314328,128.26,0.0,2.575777596201334,51476843.0,-0.33,1414598400000.0,0.34,-10352527.0,5984000.0,0.95,2.286,30183.0,1.37,,43.99,汉宇集团,24.647,,603000000.0,0,8.83,创业板
SZ001286,5.974989616839688,0.0,1.5218,11,2.22,False,0.01,1.365,1350000000.0,9.66,3.92,3.7792,7.81,13041000000.0,1790697600000.0,36225000000.0,4.244,100.0,11.738164450614955,12.08,0.1,8.619293786135529,300390642.54,0.21,1681056000000.0,0.81,41596692.0,31248396.0,2.38,1.365,30083.0,2.31,,47.92,陕西能源,11.98,,3750000000.0,0,9.45,深市主板
SZ300096,,,6.9985,11,-3.0,False,0.01,11.535,430000000.0,8.41,5.19,256.1183,13.19,3616300000.0,,3616300000.0,,100.0,-10.700624776618362,54.39,-0.24,-11.443815530802425,44548626.0,-0.26,1280246400000.0,-0.08,1210932.0,5181400.0,0.48,11.535,30080.0,1.2,,47.63,易联众,-101.892,,430000000.0,0,8.67,创业板
SZ300243,16.831460697238153,,2.7605,11,-0.2,False,0.01,3.669,223648857.0,20.34,11.04,54.2934,95.93,4549017751.0,,5686292585.0,0.442,100.0,5.669456948160371,235.36,-0.1,6.528941154699663,626343991.71,-0.04,1310400000000.0,0.27,21150992.0,29496139.0,0.89,3.669,30033.0,13.19,,65.81,瑞丰高材,74.696,,279562074.0,0,20.38,创业板
SZ002136,38.48225304493704,,1.3653,11,3.83,False,0.01,2.319,214455760.0,12.2,4.6,,0.49,2616360272.0,,2623244000.0,,100.0,-1.5532182543064643,17.78,0.16,0.39326003125732534,92225045.88,0.45,1180454400000.0,-0.08,13427185.0,7633866.0,2.31,2.319,29991.0,3.56,,247.77,安纳达,-148.101,,215020000.0,0,11.75,深市主板
SZ000404,9.990419982369225,0.0,0.4349,11,0.15,False,0.01,1.111,692984960.0,6.85,1.17,4.22,5.43,4746946976.0,1790697600000.0,4767572456.0,4.672,100.0,11.53579516791386,334.07,-0.15,-7.128119883866047,32148254.37,0.01,835113600000.0,0.7,-61511.0,4687326.0,1.06,1.111,29986.0,0.68,,57.35,长虹华意,9.768,,695995979.0,0,6.84,深市主板
SZ002970,27.077220758208178,0.0,2.8832,11,-4.12,False,0.01,3.347,131545259.0,39.98,9.35,,-16.88,5259179455.0,1790697600000.0,7377623463.0,1.486,100.0,14.297163346220659,90.0,0.33,16.001332338686968,237038985.48,-1.72,1576512000000.0,1.57,-5120712.0,5729902.0,1.72,3.344,29965.0,4.36,,44.0,锐明技术,25.386,,184532853.0,0,41.7,深市主板
SZ000910,,,0.7375,11,-0.33,False,0.01,0.528,547235125.0,6.13,4.72,,-15.35,3354551316.0,,3355546675.0,3.1,100.0,-3.3166068766660244,10.74,0.0,-11.543134403573784,296659780.53,-0.02,930672000000.0,-0.39,-10049012.0,47784081.0,0.77,0.528,29955.0,8.73,,0.0,大亚圣象,-15.524,,547397500.0,0,6.15,深市主板
SZ002995,-40.206426887852956,,2.9915,11,-1.84,False,0.01,3.668,121693645.0,16.55,3.74,95.6883,0.18,2014029825.0,,2936871644.0,,100.0,-11.327902357991485,14.4,0.24,-22.063571002237246,79340718.0,-0.31,1596556800000.0,-0.54,4366202.0,4775700.0,0.8,3.668,29946.0,3.92,,44.0,天地在线,-30.5,,177454480.0,0,16.86,深市主板
SZ002818,10.53721452739036,0.0,8.1017,11,1.69,False,0.01,1.428,298357191.0,11.41,2.85,10.4054,9.37,3404255549.0,1790697600000.0,8539916505.0,6.223,100.0,14.843452174954116,7.77,-0.17,-15.149833706286731,79347643.45,0.19,1478620800000.0,1.15,7293317.0,6943385.0,1.48,1.428,29938.0,2.33,,44.02,富森美,9.917,,748458940.0,0,11.22,深市主板
SZ300547,-1.3791300260055595,0.0,3.3569,11,-2.54,False,0.01,3.606,178484242.0,22.61,5.95,15.7132,-42.18,4035528712.0,1790697600000.0,4904248594.0,1.221,100.0,13.887112897335093,238.01,0.27,7.691735263958344,94952678.0,-0.59,1475164800000.0,0.83,-2699304.0,4145100.0,0.85,3.606,29934.0,2.32,,44.0,川环科技,27.168,,216906174.0,0,23.2,创业板
SZ002395,30.274470906905606,,1.4061,11,-1.25,False,0.01,2.246,268209000.0,13.43,2.72,27.3941,-18.44,3602046870.0,,3602046870.0,1.489,100.0,9.607082578678948,40.43,0.07,19.01341841515205,111981097.07,-0.17,1272470400000.0,0.56,-7985318.0,8273144.0,0.51,2.246,29916.0,3.08,,40.4,双象股份,24.197,,268209000.0,0,13.6,深市主板
SZ000597,-22.193934463485686,0.0,1.0405,11,0.42,False,0.01,1.233,1409203737.0,4.78,4.41,7.3554,-7.27,6735993863.0,1790697600000.0,6820717107.0,1.151,100.0,3.9570979832679174,257.86,0.42,-9.447546805547091,87540040.06,0.02,832780800000.0,0.15,-12746718.0,18098900.0,1.94,1.233,29911.0,1.28,,1.95,东北制药,31.76,,1426928265.0,0,4.76,深市主板
SZ002160,64.52397770847602,0.0,0.4481,11,0.26,False,0.01,1.067,1030729489.0,3.89,1.8,,-25.19,4009537712.0,1790697600000.0,4017518740.0,,100.0,1.837259406522944,-72.62,-0.26,11.315881187950216,42096237.0,0.01,1187625600000.0,0.07,-511987.0,10796300.0,0.99,1.067,29895.0,1.05,,385.67,常铝股份,58.494,,1032781167.0,0,3.88,深市主板
SZ300155,18.37536604427705,,18.9345,11,-2.59,False,0.01,2.161,330739840.0,4.52,4.96,,-31.2,1494944077.0,,2536749403.0,,100.0,-4.907648963364239,-23.84,0.22,-31.40259005127407,101858434.74,-0.12,1294329600000.0,-0.11,26020.0,22187733.0,0.43,2.161,29831.0,6.71,,-2.65,安居宝,-42.952,,561227744.0,0,4.64,创业板
SZ002775,,,4.6849,11,-1.45,False,0.01,,593250124.0,3.39,4.94,,-20.79,2011117920.0,,2229793260.0,,100.0,-212.25870320493416,-27.04,0.89,-21.267605212699902,37179033.88,-0.05,1435507200000.0,-0.49,-1060199.0,11016452.0,1.1,-94.958,29784.0,1.86,,44.0,文科股份,-6.868,,657756124.0,0,3.44,深市主板
SZ000715,-7.158021955538841,,4.027,11,0.56,False,0.01,1.431,486231055.0,5.36,2.06,31.5567,-13.66,2606198455.0,,2896729574.0,1.213,100.0,5.614274459242715,63.03,0.19,-4.905962233842287,31429426.2,0.03,863020800000.0,0.21,-865805.0,5888990.0,1.13,1.43,29764.0,1.21,,170.0,中兴商业,26.014,,540434622.0,0,5.33,深市主板
SZ300682,,0.0,2.0927,11,-0.23,False,0.01,1.464,1033933617.0,8.65,2.42,25.7518,-42.18,8943525787.0,1790697600000.0,9326739852.0,2.197,100.0,-1.5990430219912206,113.89,0.12,-2.8023137648489405,86761302.0,-0.02,1501516800000.0,-0.1,7470160.0,9986725.0,1.1,1.464,29642.0,0.97,,43.92,朗新科技,-89.541,,1078235821.0,0,8.67,创业板
SZ000920,12.593455418606482,0.0,2.8729,11,-0.88,False,0.01,2.878,472597868.0,12.32,3.86,18.2842,0.61,5822405734.0,1790697600000.0,5822692174.0,1.859,100.0,11.588562620181603,314.49,-0.24,6.0645658561976346,165641905.67,-0.11,929462400000.0,0.48,-6229585.0,13260599.0,0.7,2.878,29634.0,2.81,,0.0,沃顿科技,25.45,,472621118.0,0,12.43,深市主板
SZ002324,-31.833758164148772,0.0,0.8501,11,-0.46,False,0.01,2.091,776228462.0,8.74,4.33,13.4594,-45.09,6784236758.0,1790697600000.0,9721818808.0,0.618,100.0,5.345681906720929,107.32,0.11,16.07113283819239,182432223.28,-0.04,1261065600000.0,0.22,-5462631.0,20580280.0,1.41,2.091,29626.0,2.65,,36.89,普利特,39.864,,1112336248.0,0,8.78,深市主板
SZ002543,-60.51426197794203,0.0,0.816,11,2.89,False,0.01,1.2,661176201.0,7.47,3.72,,-24.26,4938986221.0,1790697600000.0,5554692000.0,3.199,100.0,-2.1231364633151686,61.63,0.67,2.022438434968965,101258766.41,0.21,1296144000000.0,-0.14,1145413.0,13659205.0,1.06,1.2,29607.0,2.07,,-6.57,万和电气,-54.589,,743600000.0,0,7.26,深市主板
SZ300541,,0.0,1.1223,11,-1.29,False,0.01,2.333,388045412.0,9.15,2.59,9.0527,-38.8,3550615520.0,1790697600000.0,3934907102.0,0.765,100.0,2.4771013902010353,138.8,0.0,7.2938498021589915,35386673.68,-0.12,1473696000000.0,0.1,-4516262.0,3842088.0,1.02,2.333,29593.0,0.99,,43.99,先进数通,93.825,,430044492.0,0,9.27,创业板
SZ000563,9.90577364287184,0.0,4.9918,11,0.34,False,0.01,0.79,5113970358.0,2.92,1.37,,-13.79,14932793445.0,1790697600000.0,14932793445.0,3.082,100.0,7.701080390859219,414.81,0.0,2.5862255036816606,98738595.06,0.01,758131200000.0,0.28,-16538745.0,33797242.0,1.11,0.79,29589.0,0.66,,505.0,陕国投A,10.407,,5113970358.0,0,2.91,深市主板
SZ002828,,,2.6522,11,0.74,False,0.01,3.638,200987600.0,10.92,2.95,11.2032,2.44,2194784592.0,,2194784592.0,,100.0,-17.92792817388136,35.22,0.28,-12.329015955511203,67430788.5,0.08,1481126400000.0,-0.58,-1294137.0,6146510.0,1.13,3.638,29552.0,3.06,,44.01,贝肯能源,-18.915,,200987600.0,0,10.84,深市主板
SZ300765,534.0517263417499,0.0,14.568,11,-4.43,False,0.01,16.092,1404592944.0,45.1,4.87,23.1849,25.03,63347141774.0,1790697600000.0,63347141774.0,,100.0,26.762816319118333,837.9,-0.02,37.92664939725356,667803007.06,-2.09,1553184000000.0,0.73,-57403883.0,14487500.0,1.04,16.092,29491.0,1.03,,44.01,石药创新,61.935,,1404592944.0,0,47.19,创业板
SZ300806,25.213431214492665,0.0,8.9145,11,-5.64,False,0.01,12.092,456668786.0,45.19,8.98,685.4614,105.58,20636862439.0,1790697600000.0,28638345239.0,0.024,100.0,3.518503060209463,1599.38,0.24,20.463011332426163,918211615.26,-2.7,1574611200000.0,0.13,-8983169.0,19864328.0,1.02,12.093,29473.0,4.35,,44.01,斯迪克,352.975,,633731915.0,0,47.89,创业板
SZ301377,103.32554969790273,0.0,44.4604,11,-2.16,False,0.01,45.299,98860934.0,333.64,5.92,514.8903,140.99,32983962020.0,1790697600000.0,141478351780.0,0.56,100.0,33.708844528749474,1239.09,0.15,51.661418540013074,771993399.78,-7.36,1669046400000.0,2.25,12964697.0,2266116.0,0.88,43.95,29449.0,2.29,,47.64,鼎泰高科,148.454,,424044934.0,0,341.0,创业板
SZ002824,30.359397682650325,0.0,1.5025,11,-5.22,False,0.01,3.037,226176130.0,22.9,7.78,24.2833,18.85,5179433377.0,1790697600000.0,7130387610.0,0.742,100.0,9.864700541669372,334.69,0.04,25.929990280868374,274184094.52,-1.26,1484150400000.0,0.64,-14192268.0,11698721.0,0.96,3.035,29442.0,5.17,,43.98,和胜股份,35.72,,311370638.0,0,24.16,深市主板
SZ300106,,,2.2313,11,0.38,False,0.01,5.616,211332310.0,10.7,4.41,19.0673,-0.47,2261255717.0,,2261255717.0,,100.0,6.084919955165422,-45.56,0.75,0.2654817268123111,87207501.2,0.04,1282233600000.0,0.11,-752621.0,8156040.0,1.2,5.616,29440.0,3.86,,151.93,西部牧业,95.097,,211332310.0,0,10.66,创业板
SZ300291,-3.947884516204758,0.0,6.2045,11,-3.01,False,0.01,2.253,930758644.0,4.84,5.01,,-35.38,4504871837.0,1790697600000.0,4558745911.0,,100.0,-41.99936027885617,-25.65,0.21,43.34183516453551,220355428.92,-0.15,1328716800000.0,-1.15,-6488760.0,45115569.0,0.47,2.253,29417.0,4.85,,23.24,百纳千成,-4.217,,941889651.0,0,4.99,创业板
SZ002494,,,3.772,11,-1.78,False,0.01,1.503,286770438.0,4.96,3.76,27.8883,-7.98,1422381372.0,,1871461161.0,,100.0,1.835645206005235,-58.73,0.2,11.155936232045004,201619542.99,-0.09,1288627200000.0,0.06,2615051.0,40361301.0,1.31,1.503,29412.0,14.07,,28.64,华斯股份,82.714,,377310718.0,0,5.05,深市主板
SZ300542,,0.0,3.2907,11,-2.21,False,0.01,6.577,251951537.0,11.92,3.53,,-41.83,3003262321.0,1790697600000.0,3558833996.0,,100.0,-1.8218731180912149,283.37,0.0,-14.310582032721541,32974414.0,-0.27,1474300800000.0,-0.03,1452867.0,2739200.0,0.82,6.577,29365.0,1.09,,43.97,新晨科技,-357.736,,298559899.0,0,12.19,创业板
SZ000036,126.98026726887348,0.0,7.5067,11,-1.72,False,0.01,1.094,1402981231.0,4.01,4.17,12.1575,-39.24,5625954736.0,1790697600000.0,5629313087.0,,100.0,1.8785255942796408,1328.06,-0.25,20.75785278239044,302261600.57,-0.07,771782400000.0,0.07,7835353.0,74431513.0,1.15,1.094,29350.0,5.31,,50.77,华联控股,58.754,,1403818725.0,0,4.08,深市主板
SZ300160,-25.03034656443166,,2.1665,11,-0.23,False,0.01,1.29,762964451.0,4.41,2.04,18.4854,-17.71,3364673229.0,,3408693148.0,1.701,100.0,4.63152889401202,1.98,-0.23,0.9800285652867391,19290660.0,-0.01,1294848000000.0,0.16,104531.0,4354900.0,0.84,1.29,29332.0,0.57,,-4.06,秀强股份,28.186,,772946292.0,0,4.42,创业板
SZ300164,,0.0,5.0356,11,7.26,False,0.01,4.036,583210593.0,9.31,5.41,40.4468,68.66,5429690621.0,1790697600000.0,5478549836.0,,100.0,-1.9094227618434938,3.35,0.11,-0.1429487598557322,1065329923.92,0.63,1294848000000.0,-0.05,100871717.0,116327730.0,2.11,4.036,29291.0,19.95,,14.66,通源石油,-205.551,,588458629.0,0,8.68,创业板
SZ000828,8.488484656336803,0.0,6.9918,11,0.3,False,0.01,1.002,1039516992.0,10.0,1.4,4.1331,-2.55,10395169920.0,1790697600000.0,10395169920.0,4.75,100.0,8.24937336727478,200.8,0.0,-32.84624173297034,36516123.0,0.03,866476800000.0,0.81,-878661.0,3656500.0,0.91,1.002,29195.0,0.35,,0.0,东莞控股,12.353,,1039516992.0,0,9.97,深市主板
SZ300729,-59.21044264699093,0.0,0.5537,11,-1.17,False,0.01,1.044,328084465.0,10.94,2.71,3.369,-17.52,3589244047.0,1790697600000.0,3737250651.0,2.742,100.0,4.201382040061905,59.11,0.09,20.276806864070984,30383055.84,-0.13,1512057600000.0,0.44,77960.0,2754844.0,0.67,1.052,29157.0,0.84,,44.02,乐歌股份,24.612,,341613405.0,0,11.07,创业板
SZ002545,55.57553938194491,0.0,3.0124,11,1.08,False,0.01,1.68,1130163708.0,14.0,3.03,6.7036,-22.64,15822291912.0,1790697600000.0,17416869162.0,2.857,100.0,17.304380320924885,119.51,0.14,20.0570610595872,207033020.2,0.15,1297353600000.0,1.36,2606453.0,14721852.0,0.67,1.68,29153.0,1.3,,4.25,东方铁塔,10.312,,1244062083.0,0,13.85,深市主板
SZ000037,,,12.673,11,0.44,False,0.01,3.301,338908150.0,9.19,2.19,,11.33,3114565899.0,,5539388257.0,0.348,100.0,12.88094728888527,853.72,0.22,-6.171547194219218,113862989.75,0.04,772992000000.0,0.34,3714776.0,12370799.0,0.88,3.301,29111.0,3.65,,4.57,深南电A,27.34,,602762596.0,0,9.15,深市主板
SZ300016,,0.0,4.1254,11,-3.97,False,0.01,2.141,562194413.0,9.18,5.96,22.8873,16.35,5160944711.0,1790697600000.0,5339911731.0,0.654,100.0,6.7970620787991125,142.1,0.22,15.967270976749305,386575508.0,-0.38,1256832000000.0,0.25,1611541.0,41848200.0,0.79,2.14,29099.0,7.44,,99.33,北陆药业,37.468,,581689731.0,0,9.56,创业板
SZ000850,,,1.0672,11,-3.36,False,0.01,0.836,943374379.0,4.03,4.8,610.3131,-24.47,3801798747.0,,3802969986.0,2.407,100.0,2.1118670695481017,371.01,-0.25,1.5851206727937939,346666203.86,-0.14,907689600000.0,0.1,63089.0,84515362.0,1.01,0.836,29097.0,8.96,,0.0,华茂股份,39.731,,943665009.0,0,4.17,深市主板
SZ300634,-23.11333357849469,0.0,5.6127,11,-3.38,False,0.01,2.972,434273500.0,19.98,5.27,57.0828,-20.28,8676784530.0,1790697600000.0,9015193782.0,0.726,100.0,7.632640968969227,120.29,0.15,-2.5536227397339073,180520054.6,-0.7,1521734400000.0,0.5,-26154198.0,8940699.0,0.73,2.972,29073.0,2.06,,43.93,彩讯股份,40.247,,451210900.0,0,20.68,创业板
SZ000906,-26.477166167751864,0.0,0.0169,11,-0.65,False,0.01,0.879,703701505.0,6.07,2.13,,4.84,4271468135.0,1790697600000.0,4307655497.0,2.142,100.0,3.918297259239771,192.43,0.0,10.862300313898853,63735962.0,-0.04,931276800000.0,0.38,635626.0,10465800.0,1.49,0.879,29059.0,1.49,,206.74,浙商中拓,16.075,,709663179.0,0,6.11,深市主板
SZ300127,15.425901774622353,0.0,7.3422,11,-0.48,False,0.01,4.942,232625125.0,22.98,2.94,28.6934,-23.12,5345725373.0,1790697600000.0,7425903353.0,1.741,100.0,14.421628553942892,110.57,-0.04,13.226492375151278,46355539.28,-0.11,1286899200000.0,0.65,-934764.0,2004898.0,0.81,4.942,29058.0,0.86,,44.28,银河磁体,35.221,,323146360.0,0,23.09,创业板
SZ300110,,,2.8589,11,-0.63,False,0.01,4.298,1181425107.0,3.15,5.68,12.6037,0.0,3721489087.0,,3723970893.0,,100.0,-42.792492576234295,-24.61,0.96,-7.82228283916867,389418422.57,-0.02,1282665600000.0,-0.4,20299503.0,122668800.0,0.63,4.298,29056.0,10.38,,55.33,华仁药业,-7.895,,1182212982.0,0,3.17,创业板
SZ300632,-44.055667644592475,0.0,6.476,11,-4.95,False,0.01,3.022,227585633.0,16.71,9.27,107.4217,21.81,3802955927.0,1790697600000.0,5099584870.0,0.575,100.0,-3.32901756939414,312.42,0.06,-4.875552419428719,186520066.0,-0.87,1491408000000.0,-0.19,-1069062.0,10819000.0,0.91,3.022,28992.0,4.75,,43.98,光莆股份,-88.783,,305181620.0,0,17.58,创业板
SZ300317,,,4.889,11,0.0,False,0.01,2.386,828913405.0,4.07,3.93,53.4693,5.99,3373677558.0,,3378866808.0,,100.0,-11.90367604564755,-13.27,0.49,-4.3022462239260095,137023481.0,0.0,1336665600000.0,-0.22,3290190.0,33358500.0,0.59,2.386,28986.0,4.02,,18.45,珈伟新能,-18.93,,830188405.0,0,4.07,创业板
SZ002819,14.23799037891802,0.0,2.1016,11,-4.42,False,0.01,1.73,236198486.0,22.68,5.31,43.0911,-16.86,5356981662.0,1790697600000.0,6760161828.0,0.106,100.0,-5.090567813193273,406.16,-0.04,2.1110236962268214,251100552.12,-1.05,1478793600000.0,-0.47,3846675.0,10972385.0,0.58,1.739,28976.0,4.65,,43.95,东方中科,-48.459,,298067100.0,0,23.73,深市主板
SZ002943,,0.0,14.8244,11,-0.11,False,0.01,9.276,188852220.0,28.25,9.16,40.2988,-7.43,5335075215.0,1790697600000.0,7538116661.0,,100.0,-8.379834339841482,199.11,0.39,-40.71019598149227,350083442.54,-0.03,1543420800000.0,-0.27,21502962.0,12076611.0,1.58,9.276,28931.0,6.39,,44.01,宇晶股份,-106.192,,266835988.0,0,28.28,深市主板
SZ000785,,0.0,1.386,11,-1.74,False,0.01,0.731,6192735133.0,2.26,3.48,6.274,-22.6,13995581401.0,1790697600000.0,14073130320.0,,100.0,-5.686844487626141,-7.71,0.0,-11.29425180753768,125576052.1,-0.04,868550400000.0,-0.18,-4511075.0,55169685.0,0.66,0.731,28912.0,0.89,,1500.0,居然智家,-12.437,,6227048814.0,0,2.3,深市主板
SZ000863,616.9310391285758,0.0,4.1701,11,0.9,False,0.01,1.225,1164814068.0,4.5,3.36,24.7005,-27.77,5241663306.0,1790697600000.0,5313148020.0,,100.0,-3.619230397258513,153.36,0.0,17.38711213537385,61591693.88,0.04,875116800000.0,-0.14,9886774.0,13733181.0,0.58,1.225,28896.0,1.18,,0.0,三湘印象,-33.24,,1180699560.0,0,4.46,深市主板
SZ200725,54.88977782174125,,0.7394,11,-3.42,False,0.01,1.147,692884127.0,4.8,5.03,3.126,68.28,3325843810.0,,177812774707.0,1.333,100.0,5.905238453217816,483.94,0.0,6.076739306983514,15861159.06,-0.17,865872000000.0,0.25,-4456503.0,3246414.0,1.46,1.141,28882.0,0.47,,0.0,京东方B,19.329,,37044328064.0,0,4.97,B股
SZ002839,4.387199353003668,0.0,2.2953,11,0.46,False,0.01,0.55,2442082870.0,4.33,1.39,1.7346,-2.59,10574218827.0,1790697600000.0,10584013737.0,5.081,100.0,10.218523585790445,36.32,-0.23,-0.30535165500300554,139794968.4,0.02,1485187200000.0,0.82,10502160.0,32270460.0,1.45,0.55,28868.0,1.32,,43.94,张家港行,5.276,,2444344974.0,0,4.31,深市主板
SZ002441,-3.4925735944752234,0.0,0.4111,11,1.21,False,0.01,1.025,398964279.0,8.35,1.7,,-5.77,3331351730.0,1790697600000.0,4546939135.0,5.988,100.0,4.815502618925559,28.69,0.24,-1.695086882236474,45191575.34,0.1,1278345600000.0,0.4,-5664568.0,5432280.0,1.6,1.025,28788.0,1.36,,-3.06,众业达,21.062,,544543609.0,0,8.25,深市主板
SZ300176,,,1.2648,11,-0.68,False,0.01,2.466,531453919.0,4.41,2.93,21.2789,-26.07,2343711783.0,,2343711783.0,0.34,100.0,1.3778794861773511,3.11,0.46,3.154236594106319,35710117.8,-0.03,1297699200000.0,0.02,-5566605.0,8066380.0,0.97,2.466,28785.0,1.52,,26.54,鸿特科技,179.442,,531453919.0,0,4.44,创业板
SZ002399,,0.0,2.7296,11,-1.02,False,0.01,1.199,1247201704.0,9.75,3.05,9.6749,-15.96,12160216614.0,1790697600000.0,14306137989.0,1.487,100.0,1.6844695351887877,-76.87,0.1,-2.6987542350584093,42487569.91,-0.1,1273075200000.0,0.14,-4195613.0,4326820.0,1.27,1.199,28755.0,0.35,,18.36,海普瑞,70.501,,1467296204.0,0,9.85,深市主板
SZ002683,11.335310295135503,0.0,0.9906,11,-0.07,False,0.01,2.987,692561159.0,27.84,3.3,13.3097,-40.65,19280902667.0,1790697600000.0,21155200154.0,2.313,100.0,14.138116285871074,442.03,0.29,24.806175851928792,132261077.99,-0.02,1339430400000.0,1.28,11601163.0,4724763.0,0.93,2.987,28675.0,0.68,,10.65,广东宏大,21.732,,759885063.0,0,27.86,深市主板
SZ002434,-41.24612840397251,0.0,1.7526,11,-0.49,False,0.01,1.376,1311341050.0,6.14,3.57,23.6544,-35.03,8051634047.0,1790697600000.0,8059364000.0,0.814,100.0,0.5772331890658524,57.58,0.16,-13.723444766267324,83909196.8,-0.03,1276790400000.0,0.03,-1209848.0,13595460.0,0.86,1.376,28664.0,1.04,,4.03,万里扬,237.842,,1312600000.0,0,6.17,深市主板
SZ002807,3.566936256062969,0.0,2.7514,11,0.95,False,0.01,0.566,2703506366.0,4.24,1.67,0.8421,4.92,11462866992.0,1790697600000.0,11479935964.0,7.075,100.0,10.543363125037674,33.09,0.0,2.862591137955084,181633299.1,0.04,1472745600000.0,0.76,12116191.0,42892117.0,1.25,0.566,28650.0,1.59,,43.97,江阴银行,5.548,,2707532067.0,0,4.2,深市主板
SZ002535,-21.48960390025547,,2.0676,11,-0.81,False,0.01,3.709,746337535.0,2.45,4.86,7.4415,-36.86,1828526961.0,,1964123531.0,,100.0,-26.002118840659154,-72.12,0.41,-24.732796250720856,34685147.0,-0.02,1294675200000.0,-0.2,-1138902.0,14068700.0,1.01,3.709,28640.0,1.89,,16.36,林州重机,-12.409,,801683074.0,0,2.47,深市主板
SZ002622,-9.251177628495133,,2.9261,11,-3.16,False,0.01,7.886,839975250.0,2.45,9.49,19.7815,-17.51,2057939363.0,,2058000000.0,,100.0,-34.619072064356175,-43.9,0.41,-2.3849372999639407,174609605.0,-0.08,1318867200000.0,-0.13,-5195039.0,68718000.0,1.02,7.885,28533.0,8.18,,30.6,皓宸医疗,-18.761,,840000000.0,0,2.53,深市主板
SZ002114,-15.300129429554865,,1.3807,11,-0.7,False,0.01,3.317,323390823.0,7.13,2.92,78.921,-15.32,2305776568.0,,2305808254.0,,100.0,-19.63356215747332,-51.96,0.28,10.384559245963864,37100734.0,-0.05,1171468800000.0,-0.47,332937.0,5179800.0,1.02,3.317,28524.0,1.6,,206.94,罗平锌电,-15.206,,323395267.0,0,7.18,深市主板
SZ300870,-57.756138943879655,0.0,5.2032,11,-5.68,False,0.01,9.601,152626742.0,165.34,7.75,264.7699,4.82,25235305522.0,1790697600000.0,25238083234.0,0.134,100.0,4.633255535892419,218.94,0.11,22.52922103053292,721035728.24,-9.96,1598198400000.0,0.78,12179651.5,4269051.0,0.93,9.724,28522.0,2.8,,130.92,欧陆通,213.187,,152643542.0,0,175.3,创业板
SZ002522,-5.967061862482703,0.0,2.8796,11,0.19,False,0.01,2.031,905209756.0,5.27,3.99,30.1118,-6.3,4770455414.0,1790697600000.0,4773457369.0,0.38,100.0,3.265272108618432,35.23,0.19,-0.32823563312962545,145045978.85,0.01,1291910400000.0,0.08,-2528837.0,27168195.0,0.67,2.031,28473.0,3.0,,27.67,浙江众成,62.916,,905779387.0,0,5.26,深市主板
SZ002066,-9.781461485915111,,1.2237,11,-0.77,False,0.01,7.514,231000000.0,19.42,4.91,,3.96,4486020000.0,,4561893940.0,,100.0,-15.468546001482888,405.1,0.26,-8.13896066947083,67079564.47,-0.15,1156262400000.0,-0.43,7326733.0,3387850.0,1.88,7.514,28460.0,1.47,,107.46,瑞泰科技,-45.041,,234907000.0,0,19.57,深市主板
SZ000545,-39.91088374560054,,1.4814,11,-0.9,False,0.01,3.379,985403096.0,2.19,3.62,,-22.34,2158032780.0,,2161164480.0,,100.0,-40.4052822693462,33.46,0.0,-15.251283636703949,65145240.0,-0.02,755884800000.0,-0.33,-3800354.0,29407500.0,1.11,3.379,28435.0,2.98,,67.0,金浦钛业,-6.696,,986833096.0,0,2.21,深市主板
SZ300148,,,5.2987,11,-1.98,False,0.01,2.777,842721321.0,3.46,3.4,146.0616,-21.18,2915815771.0,,2917331327.0,,100.0,4.200372147346547,-37.25,0.0,4.712348779510167,68783684.0,-0.07,1292342400000.0,0.05,-4054319.0,19730200.0,0.77,2.777,28428.0,2.34,,57.22,天舟文化,67.952,,843159343.0,0,3.53,创业板
SZ300486,,0.0,7.0202,11,-1.05,False,0.01,4.754,477005527.0,16.96,4.55,,-13.46,8090013738.0,1790697600000.0,8092445955.0,0.077,100.0,1.8095318092467516,228.18,0.3,13.506100593492821,73059931.21,-0.18,1435593600000.0,0.05,-1973161.0,4267547.0,0.99,4.753,28422.0,0.89,,43.96,东杰智能,313.719,,477148936.0,0,17.14,创业板
SZ002337,-21.5119971346834,,3.7409,11,-1.69,False,0.01,2.041,587817585.0,4.65,3.59,27.5821,-28.86,2733351770.0,,2737063238.0,0.559,100.0,2.588875004439637,-42.39,0.0,4.467554163272647,30346249.0,-0.08,1263484800000.0,0.06,-1708708.0,6478300.0,0.47,2.041,28385.0,1.1,,41.06,赛象科技,79.961,,588615750.0,0,4.73,深市主板
SZ002346,46.24049640360097,0.0,8.7749,11,-0.62,False,0.01,2.43,441575416.0,17.7,5.11,,-10.68,7815884863.0,1790697600000.0,7815884863.0,2.684,100.0,20.586709445530044,104.4,0.17,-5.509434627158061,81259278.0,-0.11,1264608000000.0,1.36,-3347098.0,4542500.0,0.78,2.43,28370.0,1.03,,7.54,柘中股份,13.044,,441575416.0,0,17.81,深市主板
SZ300571,,,3.6225,11,-3.3,False,0.01,2.982,115637175.0,26.07,5.64,9.6712,-5.71,3014661152.0,,3637502625.0,,100.0,-16.65350887270824,453.53,0.12,-19.383922559104317,93023925.83,-0.89,1481558400000.0,-1.6,-7274.0,3513153.0,0.82,2.982,28368.0,3.04,,44.02,平治信息,-16.31,,139528294.0,0,26.96,创业板
SZ300485,,0.0,10.3858,11,-3.12,False,0.01,1.257,273864432.0,8.38,6.71,441.5603,-20.52,2294983940.0,1790697600000.0,4036364432.0,0.358,100.0,-5.3466322101307115,-29.22,0.12,-7.953796495327614,51503124.0,-0.27,1435248000000.0,-0.37,932487.0,6004700.0,1.48,1.257,28338.0,2.19,,43.99,赛升药业,-22.819,,481666400.0,0,8.65,创业板
SZ300790,108.51936505222186,0.0,2.4325,11,-5.25,False,0.01,3.287,456942976.0,17.52,5.84,32.6729,-17.89,8005640940.0,1790697600000.0,9116811847.0,0.405,100.0,9.884736116053014,217.56,0.06,25.664436558872783,464358973.0,-0.97,1568908800000.0,0.5,1395543.0,26047965.0,1.08,3.303,28326.0,5.7,,44.0,宇瞳光学,34.954,,520365973.0,0,18.49,创业板
SZ300400,31.8815816208835,0.0,8.9471,11,-4.72,False,0.01,10.147,242507500.0,30.68,8.26,34.6589,57.75,7440130100.0,1790697600000.0,7465026920.0,1.333,100.0,11.88148082305462,960.01,-0.07,7.310384876606912,281673811.6,-1.52,1412870400000.0,0.36,-13273165.0,9064146.0,0.99,10.118,28277.0,3.74,,43.95,劲拓股份,84.759,,243319000.0,0,32.2,创业板
SZ300217,-52.19033019420716,0.0,2.0628,11,0.25,False,0.01,1.396,1241414188.0,4.0,1.75,9.7875,-22.51,4965656752.0,1790697600000.0,5911907760.0,0.4,100.0,2.5291965822139293,86.05,0.25,-15.179930027917965,40533408.0,0.01,1305648000000.0,0.07,-1230624.0,10141000.0,0.95,1.396,28244.0,0.82,,17.12,东方电热,55.828,,1477976940.0,0,3.99,创业板
SZ002480,-10.029977261015443,0.0,2.8064,11,-0.55,False,0.01,5.628,767487471.0,5.45,1.82,8.2041,-12.38,4182806717.0,1790697600000.0,4191969252.0,,100.0,-23.71284029804253,-43.88,0.0,-15.820377474715041,68471206.0,-0.03,1284998400000.0,-0.26,-6323616.0,12552700.0,0.52,5.628,28241.0,1.64,,18.92,新筑股份,-20.858,,769168670.0,0,5.48,深市主板
SZ002962,-33.52051225283941,,4.1089,11,3.22,False,0.01,2.772,209215730.0,16.69,10.27,34.1888,13.16,3491810534.0,,4867894725.0,0.593,100.0,1.3832124979783276,52.21,0.18,12.290187223265846,971753286.29,0.52,1568649600000.0,0.08,-80678356.0,61165639.0,2.28,2.772,28185.0,29.24,,43.99,五方光电,200.047,,291665352.0,0,16.17,深市主板
SZ000599,,0.0,2.7045,11,-1.12,False,0.01,1.745,816742112.0,4.42,2.46,22.9697,-33.23,3610000135.0,1790697600000.0,10798559986.0,,100.0,-4.778402390261618,121.38,-0.23,-1.665567745026475,49545216.94,-0.05,830793600000.0,-0.07,-4171794.0,11171602.0,1.32,1.745,28178.0,1.37,,50.0,青岛双星,-59.538,,2443113119.0,0,4.47,深市主板
SZ300172,4.209527482042086,,3.9014,11,1.98,False,0.01,1.625,523512387.0,4.63,2.64,13.2947,-13.44,2423862352.0,,3133167300.0,2.16,100.0,4.796216800223134,6.65,0.22,-3.1657337889709036,55451697.0,0.09,1296489600000.0,0.14,2077141.0,12050780.0,1.43,1.625,28150.0,2.3,,13.67,中电环保,34.102,,676710000.0,0,4.54,创业板
SZ002486,-18.841306760490582,,1.6815,11,0.75,False,0.01,2.048,820429956.0,2.68,3.38,36.5227,-13.39,2198752282.0,,2209078708.0,0.448,100.0,3.1906861092666676,-26.92,0.37,11.370942480562562,58917916.0,0.02,1287072000000.0,0.04,58880.0,22077500.0,1.08,2.048,28146.0,2.69,,37.89,嘉麟杰,64.486,,824283100.0,0,2.66,深市主板
SZ301089,,,7.5291,11,-0.98,False,0.01,2.105,89649313.0,24.26,3.43,,-13.36,2174892333.0,,3069969570.0,,100.0,-5.30256229866608,-7.33,0.33,-19.275898289264592,52384064.0,-0.24,1635264000000.0,-0.63,964152.0,2144700.0,0.92,2.105,28134.0,2.39,,50.81,拓新药业,-38.693,,126544500.0,0,24.5,创业板
SZ002034,9.0457457021059,0.0,2.2388,11,-0.21,False,0.01,0.816,514547415.0,14.04,1.63,3.9972,-11.7,7224245707.0,1790697600000.0,7254484890.0,,100.0,9.450762616389362,374.34,-0.14,0.6142879119907629,76675256.04,-0.03,1093449600000.0,1.46,-2128957.0,5446468.0,1.38,0.816,28115.0,1.06,,-9.0,旺能环境,9.635,,516701203.0,0,14.07,深市主板
SZ300428,28.13714881060441,0.0,0.3538,11,-1.88,False,0.01,1.412,603229584.0,18.84,3.49,,-17.62,11364845363.0,1790697600000.0,12916356459.0,2.07,100.0,12.637385692629923,331.49,-0.11,21.456950844324663,78735116.0,-0.36,1426694400000.0,1.55,-810535.0,4131600.0,1.07,1.412,28090.0,0.68,,43.98,立中集团,12.166,,685581553.0,0,19.2,创业板
SZ300422,35.593855130023286,,1.2509,11,-0.24,False,0.01,3.782,516743384.0,4.09,2.93,20.6144,-10.89,2113480441.0,,2183570791.0,,100.0,-74.7778739471979,75.34,0.49,-7.492478403611602,31394888.0,-0.01,1424102400000.0,-1.29,-1738146.0,7662800.0,1.02,2.56,28079.0,1.48,,44.0,博世科,-3.165,,533880389.0,0,4.1,创业板
SZ300416,-3.3049390754275376,0.0,2.8974,11,-1.41,False,0.01,2.398,505125069.0,13.31,3.26,10.7809,-24.8,6723214668.0,1790697600000.0,6768771298.0,1.127,100.0,9.901533075324354,518.21,0.15,4.97250314251636,118160296.01,-0.19,1421856000000.0,0.53,1779737.0,8790593.0,1.02,2.398,28054.0,1.74,,43.99,苏试试验,25.107,,508547806.0,0,13.5,创业板
SZ001287,50.468866171908886,0.0,0.1478,11,-4.25,False,0.01,2.827,759900097.0,21.63,6.55,,-4.11,16436639098.0,1790697600000.0,16436639098.0,0.546,100.0,11.080942730807255,-28.81,0.09,71.19330095382892,335643216.56,-0.96,1681056000000.0,0.81,-21611083.0,15222727.0,1.21,2.827,28008.0,2.0,,221.55,中电港,26.667,,759900097.0,0,22.59,深市主板
SZ000929,61.58921153164552,,3.8969,11,0.0,False,0.01,5.141,185757148.0,9.4,2.34,,6.7,1746117191.0,,1746200400.0,,100.0,-25.9139532400066,23.65,0.21,40.591518641032856,29435289.0,0.0,930067200000.0,-0.56,1202719.0,3113800.0,0.8,5.141,27969.0,1.68,,0.0,兰州黄河,-16.654,,185766000.0,0,9.4,深市主板
SZ000752,,,5.1718,11,-1.95,False,0.01,3.546,263758491.0,8.55,3.56,16.5634,-22.2,2255135098.0,,2255135098.0,,100.0,28.559109306065945,191.55,0.0,9.253387622450916,15861438.0,-0.17,867168000000.0,0.53,-2108900.0,1842300.0,0.69,3.546,27962.0,0.7,,0.0,*ST西发,16.086,,263758491.0,0,8.72,深市主板
SZ300537,29.562993309768636,0.0,7.8114,11,-2.38,False,0.01,4.392,151762133.0,19.28,6.03,60.9721,-11.68,2925973924.0,1790697600000.0,3994996345.0,,100.0,1.650559312286895,185.52,0.26,2.1260961268385614,100838636.76,-0.47,1472486400000.0,0.07,1738749.0,5171242.0,0.78,4.392,27946.0,3.41,,43.96,广信材料,266.558,,207209354.0,0,19.75,创业板
SZ002211,,,2.9404,11,-1.6,False,0.01,32.884,432475779.0,3.68,2.14,,15.36,1591510867.0,,1591510867.0,,100.0,-10.86588224219758,-73.3,0.0,38.66619799339573,11882556.0,-0.06,1201795200000.0,-0.01,-2347848.0,3198400.0,1.01,32.887,27902.0,0.74,,74.93,ST宏达,-462.615,,432475779.0,0,3.74,深市主板
SZ300267,31.956573044051485,0.0,6.3363,11,-0.92,False,0.01,1.656,1422378091.0,3.23,4.6,115.2768,-5.28,4594281234.0,1790697600000.0,6662213730.0,,100.0,-8.784379553010133,47.13,0.0,-18.358770495076758,98267634.36,-0.03,1317052800000.0,-0.18,-12560505.0,30106488.0,0.99,1.656,27881.0,2.12,,33.5,尔康制药,-17.862,,2062604870.0,0,3.26,创业板
SZ001337,66.05976103854073,0.0,13.0854,11,-2.09,False,0.01,8.97,420000000.0,43.96,2.72,20.4472,59.12,18463200000.0,1790697600000.0,18463200000.0,1.137,100.0,37.98593551034605,436.59,0.18,45.04061985686838,270196103.0,-0.94,1677772800000.0,1.64,16896634.0,6134000.0,0.87,8.97,27876.0,1.46,,44.01,四川黄金,26.767,,420000000.0,0,44.9,深市主板
SZ002758,25.09727232107737,0.0,0.0828,11,0.0,False,0.01,0.875,518247801.0,8.48,1.77,19.7034,-12.21,4394741352.0,1790697600000.0,4399445192.0,3.715,100.0,12.184394554489284,80.25,0.24,13.486012252042624,37449610.4,0.0,1432656000000.0,1.14,3249755.0,4420460.0,0.8,0.875,27839.0,0.85,,44.01,浙农股份,7.42,,518802499.0,0,8.48,深市主板
SZ002755,,0.0,7.4698,11,-2.44,False,0.01,3.805,928151576.0,13.22,6.49,32.53,-18.27,12270163835.0,1790697600000.0,12270279840.0,0.908,100.0,6.199527571597611,167.76,0.3,2.1419367771110087,331132182.51,-0.33,1431619200000.0,0.21,-30998769.0,24790591.0,1.75,3.805,27824.0,2.67,,44.06,奥赛康,62.208,,928160351.0,0,13.55,深市主板
SZ300737,31.530292532987602,0.0,0.909,11,-2.69,False,0.01,1.314,887177230.0,4.7,5.18,4.8519,-13.85,4169732981.0,1790697600000.0,5218204690.0,1.277,100.0,-11.98400020437402,-20.78,0.21,-11.671650926452958,143406081.4,-0.13,1516809600000.0,-0.46,-19623136.0,30070840.0,0.95,1.326,27817.0,3.39,,44.02,科顺股份,-10.134,,1110256317.0,0,4.83,创业板
SZ002729,5.167368851589438,,5.6859,11,-1.61,False,0.01,4.328,175461341.0,13.41,4.62,56.2203,-16.24,2352936583.0,,2453626627.0,0.209,100.0,5.408447953306619,163.1,0.15,17.561121391643965,56488858.75,-0.22,1410451200000.0,0.16,1502337.0,4145321.0,1.45,4.328,27807.0,2.36,,44.03,好利科技,81.425,,182969920.0,0,13.63,深市主板
SZ300842,,0.0,0.3854,11,-4.08,False,0.01,5.015,129267440.0,56.69,8.83,15.6967,-4.35,7328171174.0,1790697600000.0,8235908631.0,,100.0,-17.903754513856242,288.21,0.04,38.00463664310563,284951650.68,-2.41,1592409600000.0,-2.13,-15015346.0,4903251.0,1.04,5.015,27727.0,3.79,,43.98,帝科股份,-26.637,,145279743.0,0,59.1,创业板
SZ002541,-6.607949350831788,0.0,0.5937,11,-0.6,False,0.01,1.381,559624843.0,18.25,4.25,10.1329,12.75,10213153385.0,1790697600000.0,13750715518.0,1.397,100.0,7.861146056530037,131.17,0.16,1.1374412168851045,196286328.04,-0.11,1295280000000.0,1.04,13514206.0,10596289.0,0.64,1.265,27682.0,1.89,,-6.56,鸿路钢构,17.596,,753463864.0,0,18.36,深市主板
SZ002591,,,2.9962,11,1.38,False,0.01,3.098,223512462.0,6.6,3.84,,-18.72,1475182249.0,,1981316594.0,,100.0,-2.307769856641848,16.31,0.15,40.27785043766006,75870480.0,0.09,1308585600000.0,-0.05,3220251.0,11486200.0,1.24,3.098,27638.0,5.14,,-2.5,恒大高新,-132.536,,300199484.0,0,6.51,深市主板
SZ000035,-5.229600124872236,0.0,2.164,11,2.74,False,0.01,1.074,2313124623.0,4.87,5.49,15.4339,-11.08,11264916914.0,1790697600000.0,11629719585.0,0.739,100.0,2.64101377366915,103.05,0.21,0.8971747644747952,200183011.11,0.13,765734400000.0,0.12,19992616.0,40982059.0,1.87,1.074,27613.0,1.77,,162.82,中国天楹,40.622,,2388032769.0,0,4.74,深市主板
SZ002620,-24.301193166136127,,5.7917,11,-3.18,False,0.01,,316083320.0,5.17,6.74,23.1211,2.58,1634150764.0,,1951643980.0,,100.0,255.5270617578115,-24.25,-0.19,-42.51902085091657,29422809.0,-0.17,1317225600000.0,-0.29,-1614631.0,5617800.0,0.91,-20.062,27612.0,1.78,,-8.93,*ST瑞和,-18.054,,377494000.0,0,5.34,深市主板
SZ300460,-17.376675076666693,,4.1639,11,-1.8,False,0.01,5.715,280804251.0,8.75,3.25,22.9215,14.08,2457037196.0,,2457037196.0,,100.0,-27.640114599191197,46.73,-0.46,16.514211350307416,28945833.0,-0.16,1431619200000.0,-0.49,-427929.0,3260900.0,0.81,5.715,27609.0,1.16,,44.01,ST惠伦,-17.821,,280804251.0,0,8.91,创业板
SZ000705,,,1.2762,11,-0.14,False,0.01,1.227,281965270.0,7.12,2.66,20.8251,-21.33,2007592722.0,,2378957796.0,,100.0,-2.3781031564329322,151.21,-0.14,-27.792453057417998,27355126.56,-0.01,860601600000.0,-0.14,-411191.0,3821722.0,0.84,1.227,27520.0,1.36,,264.04,浙江震元,-50.649,,334123286.0,0,7.13,深市主板
SZ000912,-62.86437040449437,0.0,1.4464,11,2.32,False,0.01,0.979,1568000000.0,3.97,3.87,11.8794,-4.34,6224960000.0,1790697600000.0,6224960000.0,,100.0,0.09077123081906156,34.29,0.0,-13.639537520712997,180972066.39,0.09,928339200000.0,0.0,9549694.0,45543187.0,1.42,0.979,27503.0,2.9,,0.0,泸天化,1073.048,,1568000000.0,0,3.88,深市主板
SZ002966,8.049198840348492,0.0,3.1821,11,1.08,False,0.01,0.793,4395762518.0,9.4,1.94,1.2836,15.65,41320167669.0,1790697600000.0,42024222903.0,3.83,100.0,9.162128226776293,46.29,0.11,5.595907613242446,339359990.85,0.1,1564675200000.0,1.26,662225.0,36250492.0,1.32,0.793,27488.0,0.82,,44.02,苏州银行,7.484,,4470662011.0,0,9.3,深市主板
SZ300292,79.0815892101535,0.0,1.366,11,-1.61,False,0.01,3.82,1117990288.0,4.28,3.22,393.1554,-5.1,4784998433.0,1790697600000.0,5742754089.0,,100.0,8.951963429508492,78.66,0.0,3.3431303139642488,108705838.76,-0.07,1330444800000.0,0.1,-10789545.0,25187552.0,0.71,3.82,27486.0,2.25,,69.25,吴通控股,43.593,,1341764974.0,0,4.35,创业板
SZ301498,-7.492327397405852,0.0,2.2177,11,1.37,False,0.01,3.36,189546952.0,39.27,3.92,24.45,-38.98,7443508805.0,1790697600000.0,15726568427.0,1.273,100.0,10.647770815220799,-32.94,0.1,19.836079698630904,212902359.46,0.53,1692115200000.0,1.21,-12828075.0,5409179.0,1.56,3.36,27437.0,2.85,,46.16,乖宝宠物,32.374,,400472840.0,0,38.74,创业板
SZ000553,,0.0,0.4488,11,-0.18,False,0.01,0.723,2177071961.0,5.47,2.37,4.2765,-0.18,11908583627.0,1790697600000.0,12744070360.0,,100.0,-2.916171322109595,144.0,-0.18,-5.242628272501637,24953613.0,-0.01,754848000000.0,-0.23,-1122473.0,4537200.0,0.94,0.723,27432.0,0.21,,169.35,安道麦A,-23.919,,2329811766.0,0,5.48,深市主板
SZ000626,37.88100720559877,,0.0561,11,0.46,False,0.01,1.894,504312771.0,8.78,5.15,,13.58,4427866129.0,,4448183866.0,2.506,100.0,2.2190007741972195,688.72,0.0,-1.4002849951161522,91189469.0,0.04,849110400000.0,0.1,2729994.0,10264700.0,0.81,1.894,27425.0,2.04,,340.72,远大控股,84.835,,506626864.0,0,8.74,深市主板
SZ300006,124.14507176838679,0.0,7.5711,11,-3.42,False,0.01,3.275,1055820898.0,5.37,7.73,112.0771,4.47,5669758222.0,1790697600000.0,5670243171.0,,100.0,-7.072148589056187,50.1,0.19,-6.987198547947138,193961438.59,-0.19,1256832000000.0,-0.12,-20457793.0,35441487.0,1.33,3.275,27355.0,3.36,,116.97,莱美药业,-44.737,,1055911205.0,0,5.56,创业板
SZ300307,11.88806285169104,0.0,2.3729,11,-0.87,False,0.01,1.622,787653734.0,6.81,2.77,12.0924,-3.41,5363921929.0,1790697600000.0,5451771215.0,0.294,100.0,5.004091280981685,-48.74,0.15,8.052514235342056,64493593.07,-0.06,1332950400000.0,0.21,1771572.0,9444533.0,0.99,1.622,27336.0,1.2,,-13.66,慈星股份,33.029,,800553776.0,0,6.87,创业板
SZ002806,-36.044224923270406,,2.634,11,1.38,False,0.01,2.807,166751705.0,14.67,3.8,,17.74,2446247512.0,,3117069703.0,,100.0,-4.094684184384536,209.94,-0.14,17.922619442568234,83336134.95,0.2,1469462400000.0,-0.2,8891920.0,5683183.0,0.88,2.807,27300.0,3.41,,44.03,华锋股份,-71.612,,212479189.0,0,14.47,深市主板
SZ002323,109.24974250554355,,12.0599,11,0.84,False,0.01,19.548,2120490942.0,1.2,2.52,32.142,-26.83,2544589130.0,,2545026170.0,,100.0,-84.09852043850674,-77.3,0.84,-51.83936123486714,39705947.88,0.01,1261065600000.0,-0.1,-115524.0,33431449.0,1.03,19.544,27284.0,1.58,,38.0,*ST雅博,-12.13,,2120855142.0,0,1.19,深市主板
SZ300533,,0.0,1.8105,11,-1.29,False,0.01,3.531,230971287.0,13.72,2.81,13.5648,-42.52,3168926058.0,1790697600000.0,4503545520.0,5.204,100.0,8.679329053540133,7.6,0.51,-4.572201717533908,40571405.23,-0.18,1471449600000.0,0.38,-1942242.0,2949140.0,0.81,3.531,27284.0,1.28,,44.0,冰川网络,36.026,,328246758.0,0,13.9,创业板
SZ000757,,,0.9637,11,-1.4,False,0.01,1.402,532716095.0,4.24,3.49,15.1021,-12.94,2258716243.0,,2258716243.0,,100.0,2.2573755485828273,38.93,0.0,-20.557989624188266,35698667.0,-0.06,867340800000.0,0.07,-484540.0,8361500.0,1.05,1.402,27269.0,1.57,,101.13,浩物股份,62.715,,532716095.0,0,4.3,深市主板
SZ300603,,0.0,4.9871,11,-1.8,False,0.01,2.861,373931454.0,7.65,4.36,,-21.3,2860575623.0,1790697600000.0,3555706467.0,,100.0,-12.136631702907751,261.34,0.0,-1.197124783654635,61897940.0,-0.14,1485360000000.0,-0.35,-4932369.0,8033500.0,0.98,2.861,27250.0,2.15,,43.96,立昂技术,-22.136,,464798231.0,0,7.79,创业板
SZ300427,,0.0,4.5948,11,-0.66,False,0.01,2.586,503004888.0,6.05,6.57,36.7544,-50.61,3043179572.0,1790697600000.0,3076547803.0,,100.0,-4.501995039499292,60.66,0.33,-20.234323628634044,174591632.0,-0.04,1424102400000.0,-0.11,-2064447.0,28217250.0,0.65,2.586,27221.0,5.61,,43.98,红相股份,-56.323,,508520298.0,0,6.09,创业板
SZ300569,-31.64561994248315,0.0,1.2796,11,-2.08,False,0.01,0.987,1019647941.0,5.18,3.97,10.4489,-9.47,5281776334.0,1790697600000.0,5297721550.0,0.347,100.0,1.7049239262591553,-7.93,-0.19,1.6924535376073857,190571935.41,-0.11,1480003200000.0,0.09,-7905647.0,36475710.0,0.65,1.012,27183.0,3.58,,44.0,天能重工,58.23,,1022726168.0,0,5.29,创业板
SZ300792,-2.2382906331898655,0.0,5.7943,11,-3.63,False,0.01,1.891,214185151.0,23.66,3.79,17.5261,-16.09,5067620673.0,1790697600000.0,5623089024.0,0.592,100.0,3.5139136156162336,44.25,-0.04,-12.367100905907169,161291977.62,-0.89,1569513600000.0,0.43,-16982253.0,6750554.0,0.85,1.885,27163.0,3.15,,43.99,壹网壹创,54.514,,237662258.0,0,24.55,创业板
SZ002615,-46.824977988465946,,1.0236,11,0.96,False,0.01,1.472,394918922.0,6.29,6.42,12.2749,-17.99,2484040019.0,,3521215731.0,,100.0,1.3431722965033386,61.4,0.16,14.924995135999609,171476549.91,0.06,1315497600000.0,0.05,15929448.0,28045191.0,4.38,1.472,27146.0,7.1,,31.11,哈尔斯,127.02,,559811722.0,0,6.23,深市主板
SZ300040,-38.11637633369818,,2.6793,11,1.23,False,0.01,1.424,520358542.0,5.75,1.94,7.6179,-4.19,2992061617.0,,3699610007.0,0.348,100.0,0.8550105393692187,-15.13,0.17,2.3186255952238444,102091793.44,0.07,1262880000000.0,0.03,8800961.0,17821851.0,1.08,1.423,27143.0,3.42,,26.91,九洲集团,172.254,,643410436.0,0,5.68,创业板
SZ001280,18.95012049649969,0.0,5.9716,11,0.33,False,0.01,7.217,173727273.0,60.42,1.53,74.8334,-0.43,10496601835.0,1790697600000.0,124959545444.0,0.43,100.0,12.933741959986284,-2.16,0.03,14.19800952523973,134812636.6,0.2,1764691200000.0,0.9,-4593236.0,2222436.0,0.99,7.217,27116.0,1.28,,280.04,中国铀业,66.899,,2068181818.0,0,60.22,深市主板
SZ002047,,0.0,8.5757,11,0.0,False,0.01,154.127,1516171712.0,3.17,2.52,,-13.86,4806264327.0,1790697600000.0,4806508357.0,,100.0,2404.614091215485,11.06,0.96,-52.11837641623145,58367626.64,0.0,1117468800000.0,0.04,-5071134.0,18540022.0,1.01,153.883,27108.0,1.22,,2.79,宝鹰股份,74.484,,1516248693.0,0,3.17,深市主板
SZ300890,,,1.678,11,1.21,False,0.01,1.611,109298599.0,29.23,9.83,36.6527,-1.62,3194798049.0,,3495322932.0,0.342,100.0,4.831733590033598,-57.61,0.41,16.537218137570807,623429696.88,0.35,1600272000000.0,0.9,21098091.0,20980357.0,2.52,1.611,27008.0,19.2,,308.44,翔丰华,32.357,,119579984.0,0,28.88,创业板
SZ300793,,0.0,1.9182,11,-2.58,False,0.01,1.525,372088326.0,11.33,4.13,,-30.53,4215760734.0,1790697600000.0,4311595539.0,,100.0,-6.079410137856148,17.16,0.0,0.23617964916438083,52149787.0,-0.3,1571328000000.0,-0.47,-3773054.0,4554100.0,0.96,1.542,26996.0,1.22,,44.01,佳禾智能,-24.23,,380546826.0,0,11.63,创业板
SZ002390,-26.998364585625158,0.0,1.0903,11,-0.68,False,0.01,0.847,1927818234.0,2.94,3.04,6.3051,-6.04,5667785608.0,1790697600000.0,5714924492.0,2.993,100.0,1.6677515536760532,-43.75,0.0,-8.974363520880823,66114135.0,-0.02,1271347200000.0,0.06,-10336910.0,22228200.0,1.02,0.846,26983.0,1.15,,59.45,信邦制药,50.72,,1943851868.0,0,2.96,深市主板
SZ300404,44.119850045066315,,5.5856,11,-5.5,False,0.01,4.955,285515612.0,13.92,9.84,77.9841,49.43,3974377319.0,,5369625217.0,0.093,100.0,5.002989792039176,291.52,-0.29,25.221971240975492,663892446.85,-0.81,1429804800000.0,0.14,-23114337.0,46772835.0,0.92,4.955,26967.0,16.38,,43.98,博济医药,103.015,,385748938.0,0,14.73,创业板
SZ002054,99.10606057219844,,0.9996,11,0.0,False,0.01,1.294,384375669.0,7.07,1.84,12.2708,-3.38,2717535980.0,,3408556246.0,0.99,100.0,6.560297281126626,116.03,0.14,7.6396591006663295,45247851.0,0.0,1153756800000.0,0.35,-624084.0,6379800.0,1.03,1.294,26951.0,1.66,,87.1,德美化工,20.37,,482115452.0,0,7.07,深市主板
SZ300809,46.66400191072568,0.0,12.2851,11,-3.47,False,0.01,3.096,150569504.0,22.79,5.42,37.1185,-39.92,3431478996.0,1790697600000.0,5778158368.0,0.527,100.0,13.198242548094505,68.88,0.22,-6.229276192112943,66653724.8,-0.82,1575388800000.0,0.91,-5146748.0,2885620.0,1.15,3.096,26944.0,1.92,,44.01,华辰装备,25.043,,253539200.0,0,23.61,创业板
SZ000411,-6.953690179153494,0.0,0.1668,11,0.8,False,0.01,1.034,563735936.0,10.1,1.9,7.5147,-17.7,5693732954.0,1790697600000.0,5704976375.0,3.505,100.0,8.776357216101209,375.18,0.1,2.721466430793784,46008729.76,0.08,837446400000.0,0.79,5395454.0,4554400.0,0.65,1.034,26936.0,0.81,,57.61,英特集团,12.737,,564849146.0,0,10.02,深市主板
SZ000950,-17.667575055371564,0.0,0.1101,11,-0.38,False,0.01,0.763,1712778096.0,5.23,1.9,,-9.19,8957829442.0,1790697600000.0,8957829442.0,1.147,100.0,3.0848848748919013,31.93,0.38,0.8160681647882528,82295446.87,-0.02,937411200000.0,0.21,1157024.0,15650418.0,1.2,0.77,26925.0,0.91,,131.53,重药控股,24.959,,1712778096.0,0,5.25,深市主板
SZ200596,-22.96584428910451,,1.6415,11,-1.82,False,0.01,0.995,120000000.0,54.56,1.6,,-31.92,6547200000.0,,28840416000.0,9.219,100.0,8.19876864410656,5654.06,-0.18,-12.119346364122007,6233318.12,-1.01,834508800000.0,4.54,-1186748.0,113816.0,0.81,0.99,26918.0,0.09,,2.47,古井贡B,12.006,,528600000.0,0,55.57,B股
SZ300986,,0.0,1.9511,11,-2.93,False,0.01,2.822,575316973.0,10.94,6.92,129.6692,37.6,6293967685.0,1790697600000.0,6298407881.0,0.649,100.0,8.543193202844275,4.32,0.18,16.784405160808124,219966092.87,-0.33,1619712000000.0,0.3,5669696.3999999985,19522487.0,1.01,2.822,26912.0,3.39,,225.22,志特新材,36.552,,575722841.0,0,11.27,创业板
SZ000820,61.620935177979284,,6.0962,11,-2.23,False,0.01,28.683,296966877.0,3.51,6.96,,3.54,1042353738.0,,2269408678.0,,100.0,-57.62567211058634,-21.89,0.29,88.3616704855049,61088047.75,-0.08,899136000000.0,-0.1,8030584.0,16954561.0,1.39,28.676,26908.0,5.71,,0.0,神雾节能,-34.969,,646555179.0,0,3.59,深市主板
SZ300067,106.9135273319853,0.0,5.0689,11,-3.18,False,0.01,2.392,937483681.0,5.18,5.42,,3.6,4856165468.0,1790697600000.0,5979660293.0,,100.0,-0.9663558369795353,53.12,0.19,18.52962197941519,201198823.17,-0.17,1271779200000.0,-0.02,3538148.4800000004,38172813.0,1.35,2.392,26884.0,4.07,,36.08,安诺其,-246.783,,1154374574.0,0,5.35,创业板
SZ001267,3.505940228933291,0.0,13.3055,11,-1.25,False,0.01,15.662,608556558.0,32.42,7.95,,48.25,19729403610.0,1790697600000.0,25449592301.0,0.256,100.0,4.8671823012800735,287.45,0.06,50.659653233958956,1003962658.94,-0.41,1637078400000.0,0.1,11405659.0,30161960.0,1.14,15.666,26848.0,4.96,,53.96,汇绿生态,327.714,,784996678.0,0,32.83,深市主板
SZ000045,7.544434098746278,0.0,1.7346,11,-0.63,False,0.01,1.864,457021849.0,11.06,2.79,20.3425,-9.1,5054661650.0,1790697600000.0,5602131650.0,0.434,100.0,2.8187171601721452,378.81,0.09,1.4707169294075895,58485167.95,-0.07,776880000000.0,0.17,-667944.0,5233699.0,1.13,1.864,26834.0,1.15,,61.03,深纺织A,66.724,,506521849.0,0,11.13,深市主板
SZ002967,38.64283699696092,0.0,2.8668,11,-2.73,False,0.01,2.228,606418935.0,17.08,3.3,10.9715,-21.01,10357635410.0,1790697600000.0,10924729276.0,1.973,100.0,10.870352281651737,231.79,0.0,12.461120884406917,75721207.0,-0.48,1573142400000.0,0.7,-7182485.0,4373260.0,0.63,2.219,26813.0,0.72,,44.01,广电计量,24.33,,639621152.0,0,17.56,深市主板
SZ002554,103.38750616134158,,1.6774,11,1.11,False,0.01,1.985,1333469850.0,2.74,2.21,,-14.11,3653707389.0,,3654392997.0,,100.0,-24.535346674147835,-36.59,0.37,-18.174625967393077,37454969.0,0.03,1298563200000.0,-0.39,-3822384.0,13712400.0,1.07,1.985,26806.0,1.03,,10.42,惠博普,-7.015,,1333720072.0,0,2.71,深市主板
SZ002928,,0.0,1.0378,11,-3.45,False,0.01,2.02,1278235175.0,6.15,1.88,3.6682,-44.34,7861146326.0,1790697600000.0,7861185533.0,,100.0,11.151581770203812,-43.02,0.0,14.34716509838374,143050583.31,-0.22,1519920000000.0,0.33,-38384203.0,23148523.0,0.77,2.02,26797.0,1.81,,43.99,华夏航空,18.777,,1278241550.0,0,6.37,深市主板
SZ002629,,,6.0985,11,1.82,False,0.01,34.603,362953990.0,4.47,3.87,3164.2749,-34.46,1622404335.0,,1904658060.0,,100.0,18.227100246072293,-27.62,0.22,24.506540192073743,53871530.8,0.08,1320249600000.0,0.02,1107796.0,12052524.0,1.14,34.598,26776.0,3.32,,54.2,仁智股份,208.965,,426098000.0,0,4.39,深市主板
SZ002927,,,5.3316,11,4.76,False,0.01,4.303,220737832.0,19.6,9.14,250.3471,-2.39,4326461507.0,,4374566728.0,,100.0,-0.9950947685883229,181.01,0.0,-8.377190882638551,304460779.08,0.89,1519315200000.0,-0.05,62042702.0,15376100.0,1.34,4.303,26721.0,6.97,,43.98,泰永长征,-430.227,,223192180.0,0,18.71,深市主板
SZ300241,,,1.9484,11,-0.71,False,0.01,1.723,601055159.0,5.63,4.06,32.3056,1.17,3383940545.0,,4039048640.0,0.533,100.0,3.928999567885605,8.78,0.18,19.460350417290528,88184627.32,-0.04,1310400000000.0,0.12,-4440150.0,15529952.0,1.06,1.721,26713.0,2.58,,74.54,瑞丰光电,45.5,,717415389.0,0,5.67,创业板
SZ000576,,,4.5325,11,-2.05,False,0.01,2.104,433815261.0,8.13,5.06,,-22.79,3526918072.0,,3548080080.0,,100.0,4.693903431571457,142.48,0.0,50.361068165673785,75427868.0,-0.17,778867200000.0,0.18,-1073334.0,9168900.0,1.48,2.104,26707.0,2.11,,161.59,甘化科工,45.742,,436418214.0,0,8.3,深市主板
SZ002016,33.745680236642194,0.0,2.8658,11,-2.42,False,0.01,0.789,809095632.0,4.83,4.04,8.3242,-16.08,3907931903.0,1790697600000.0,3907931903.0,0.373,100.0,3.610582877814958,161.68,0.42,-13.354663424199686,82199571.0,-0.12,1089216000000.0,0.22,5909929.0,16883800.0,1.19,0.789,26668.0,2.09,,69.07,世荣兆业,22.198,,809095632.0,0,4.95,深市主板
SZ000417,-40.1473750260297,0.0,0.7035,11,-1.06,False,0.01,0.914,779027451.0,5.58,3.37,19.8676,-30.56,4346973177.0,1790697600000.0,4351753836.0,1.165,100.0,1.0413567379960498,948.87,0.0,-4.788948707454621,107134165.78,-0.06,839779200000.0,0.06,-7049400.0,19022533.0,0.8,0.914,26664.0,2.44,,139.83,合百集团,87.514,,779884200.0,0,5.64,深市主板
SZ300227,,0.0,2.7419,11,-0.7,False,0.01,3.773,456284479.0,9.92,4.9,41.335,7.71,4526342032.0,1790697600000.0,6007565799.0,,100.0,-16.658847557870082,219.42,0.61,50.84732802495808,137895765.54,-0.07,1307462400000.0,-0.43,2259311.0,13812702.0,0.81,3.713,26590.0,3.03,,26.58,光韵达,-22.939,,605601391.0,0,9.99,创业板
SZ002679,-6.910328986712166,,18.8678,11,-1.12,False,0.01,3.641,235756000.0,11.52,5.75,46.9176,-1.7,2715909120.0,,2715909120.0,0.252,100.0,2.03020185777682,51.76,0.17,-3.0389244550309447,266985323.48,-0.13,1338825600000.0,0.06,1603918.0,22879922.0,0.9,3.641,26583.0,9.7,,6.83,福建金森,180.342,,235756000.0,0,11.65,深市主板
SZ002427,,0.0,2.0613,11,1.11,False,0.01,4.621,984517986.0,4.57,2.21,,-31.89,4499247196.0,1790697600000.0,4503427791.0,,100.0,3.558670182123565,-34.32,0.22,-6.133931252907098,40506094.75,0.05,1275926400000.0,0.03,-1472634.0,8855258.0,1.26,4.621,26577.0,0.9,,20.59,尤夫股份,132.155,,985432777.0,0,4.52,深市主板
SZ300141,,,5.1412,11,0.7,False,0.01,4.161,254665755.0,10.03,3.01,,-20.21,2554297523.0,,2586181338.0,,100.0,-4.693903746091594,-10.89,0.2,30.839425105823114,41234902.0,0.07,1289491200000.0,-0.11,-588573.0,4105700.0,0.91,4.161,26533.0,1.61,,93.81,和顺电气,-87.464,,257844600.0,0,9.96,创业板
SZ300107,,0.0,6.9703,11,2.39,False,0.01,2.697,347747069.0,7.28,5.91,80.4323,6.74,2531598662.0,1790697600000.0,4097054911.0,,100.0,0.975648643183891,40.56,0.14,2.304839610286691,186614464.68,0.17,1282233600000.0,0.03,23334337.0,25604499.0,2.81,2.696,26522.0,7.36,,44.74,建新股份,277.748,,562782268.0,0,7.11,创业板
SZ000570,-12.485780165122717,,1.4469,11,0.38,False,0.01,1.056,555692507.0,5.3,1.7,16.321,-4.34,2945170287.0,,3740170287.0,0.415,100.0,2.3427172736342152,511.66,0.0,7.104723854742989,33436894.0,0.02,772992000000.0,0.12,-687098.0,6303900.0,0.92,1.056,26473.0,1.13,,-10.0,苏常柴A,45.359,,705692507.0,0,5.28,深市主板
SZ300071,,0.0,4.9524,11,-2.03,False,0.01,22.7,945410791.0,3.87,3.29,80.7215,-40.74,3658739761.0,1790697600000.0,3730232380.0,,100.0,-52.145871053810154,7.76,0.26,-25.34887050647945,101471047.18,-0.08,1271779200000.0,-0.07,-6399363.0,26009382.0,0.74,22.698,26458.0,2.75,,71.8,福石控股,-55.789,,963884336.0,0,3.95,创业板
SZ300590,13.059129579723528,0.0,4.4887,11,-1.34,False,0.01,2.694,357814593.0,11.02,4.57,104.0566,-12.4,3943116815.0,1790697600000.0,5093846649.0,1.996,100.0,7.154564804434798,90.76,0.55,13.7346535414115,118178615.02,-0.15,1484064000000.0,0.29,1323014.0,10635083.0,0.89,2.694,26437.0,2.97,,44.0,移为通信,38.656,,462236538.0,0,11.17,创业板
SZ300510,,,2.9619,11,1.17,False,0.01,1.522,824690700.0,3.46,3.22,,-16.22,2853429822.0,,2853429822.0,,100.0,-17.285877243830466,32.59,0.29,-9.930963023572358,52524548.25,0.04,1462464000000.0,-0.43,-1925946.0,15187605.0,0.95,1.522,26436.0,1.84,,43.98,金冠股份,-8.014,,824690700.0,0,3.42,创业板
SZ300030,,,4.509,11,-0.87,False,0.01,3.257,272227587.0,6.86,3.18,14.183,-6.79,1867481247.0,,2121024981.0,,100.0,4.7247891407825025,-19.09,0.29,-11.102433485992636,44328382.0,-0.06,1261670400000.0,0.1,-946906.0,6433100.0,1.29,3.257,26403.0,2.36,,35.96,阳普医疗,70.516,,309187315.0,0,6.92,创业板
SZ000701,-42.2132316192548,,0.1128,11,1.38,False,0.01,,667746631.0,5.14,4.54,,-21.77,3432217683.0,,3435129365.0,,100.0,19.484821996268117,-26.0,0.39,-26.357336321389923,84121193.2,0.07,856886400000.0,0.74,-2691693.0,16296172.0,0.8,-14.873,26364.0,2.44,,0.0,厦门信达,6.955,,668313106.0,0,5.07,深市主板
SZ300151,10.075397997755653,0.0,10.5883,11,-4.09,False,0.01,6.297,368607824.0,19.01,8.02,71.9026,26.57,7007234734.0,1790697600000.0,10123006279.0,0.421,100.0,3.341897842389823,253.42,0.32,-0.46118125646880115,281359255.42,-0.81,1292947200000.0,0.1,13844895.0,14529883.0,0.83,6.608,26363.0,3.94,,30.85,昌红科技,187.831,,532509536.0,0,19.82,创业板
SZ002662,-50.82823584041547,0.0,1.6765,11,0.0,False,0.01,1.064,1499981100.0,3.12,2.56,6.56,-21.2,4679941032.0,1790697600000.0,4680000000.0,1.603,100.0,3.7605806911042157,-24.79,0.32,-9.53787796546356,32115334.0,0.0,1331222400000.0,0.11,-1539388.0,10244000.0,1.05,1.064,26342.0,0.68,,6.9,峰璟股份,28.57,,1500000000.0,0,3.12,深市主板
SZ300247,37.82324803862498,,3.2851,11,-0.54,False,0.01,2.503,804040313.0,3.66,2.72,43.2685,-28.65,2942787546.0,,2942787546.0,,100.0,6.249728991282796,-17.5,-0.54,17.211739348862466,31515068.0,-0.02,1311868800000.0,0.09,-2609118.0,8540900.0,1.04,2.503,26316.0,1.06,,64.69,融捷健康,41.162,,804040313.0,0,3.68,创业板
SZ300913,40.68725153039057,0.0,4.9697,11,-3.83,False,0.01,4.461,285854320.0,34.4,6.37,93.6229,-34.45,9833388608.0,1790697600000.0,11791670528.0,0.465,100.0,12.626704182631396,92.34,0.29,19.695832309448114,292724227.47,-1.37,1607270400000.0,0.72,10010783.0,8373798.0,0.79,4.461,26296.0,2.93,,218.09,兆龙互连,47.621,,342781120.0,0,35.77,创业板
SZ300511,-69.78563678989535,,1.3072,11,-1.44,False,0.01,1.881,569697713.0,4.8,3.29,6.1702,-23.08,2734549022.0,,3076065677.0,,100.0,10.293397738591768,-35.16,0.21,4.255202959218973,67674966.03,-0.07,1462291200000.0,0.23,-8158815.0,13978963.0,0.84,1.881,26266.0,2.45,,44.0,雪榕生物,20.48,,640847016.0,0,4.87,创业板
SZ300467,-9.789619047302168,0.0,22.5684,11,-0.37,False,0.01,10.028,167120200.0,32.17,4.18,1591.5182,12.09,5376256834.0,1790697600000.0,6537101536.0,,100.0,3.6947476918438635,190.07,0.25,-7.603161621535371,77339603.56,-0.12,1432656000000.0,0.12,-6732738.0,2383512.0,1.19,10.028,26258.0,1.43,,44.0,迅游科技,275.269,,203204897.0,0,32.29,创业板
SZ002918,,0.0,1.1587,11,0.09,False,0.01,1.314,214204964.0,10.65,4.7,6.4374,-24.68,2281282867.0,1790697600000.0,4353932073.0,0.751,100.0,3.2755099390379994,-17.28,0.47,-15.411127912706768,127706457.0,0.01,1513612800000.0,0.26,572575.0,11892700.0,0.71,1.337,26248.0,5.55,,44.01,蒙娜丽莎,40.532,,408819913.0,0,10.64,深市主板
SZ002540,-33.80520241045705,0.0,0.6855,11,2.2,False,0.01,1.15,858201358.0,5.1,3.01,,-26.77,4376826926.0,1790697600000.0,6362627716.0,2.353,100.0,5.3426356607575745,62.02,0.0,13.648720423475869,57683320.19,0.11,1295280000000.0,0.24,5815502.0,11325353.0,1.29,1.153,26230.0,1.32,,-13.75,亚太科技,21.368,,1247574062.0,0,4.99,深市主板
SZ300360,-21.777801126494545,0.0,3.8363,11,0.82,False,0.01,1.37,500522389.0,11.13,2.17,11.8391,-34.67,5570814190.0,1790697600000.0,5722902712.0,2.695,100.0,9.652169670637376,23.32,-0.09,-9.464176304115545,32579106.34,0.09,1390233600000.0,0.78,-262528.0,2917528.0,0.96,1.37,26205.0,0.58,,18.67,炬华科技,14.344,,514187126.0,0,11.04,创业板
SZ300500,-26.828135711213886,,1.8725,11,-0.82,False,0.01,1.666,167597955.0,9.69,3.58,11.5049,-30.04,1624024184.0,,1685816481.0,,100.0,-7.702525801890084,-2.44,0.1,-14.30834824527205,40585339.4,-0.08,1454515200000.0,-0.47,-3375117.0,4163730.0,1.04,1.666,26128.0,2.48,,44.0,启迪设计,-20.719,,173974869.0,0,9.77,创业板
SZ000619,72.46328418919927,,0.504,11,0.38,False,0.01,0.934,360000000.0,5.22,2.5,26.2708,-15.94,1879200000.0,,2302901298.0,,100.0,-3.536838861812207,207.09,0.19,-7.454653070558981,27897962.0,0.02,846000000000.0,-0.2,-2667632.0,5356800.0,1.06,0.934,26124.0,1.49,,163.1,海螺新材,-25.909,,441168831.0,0,5.2,深市主板
SZ300157,-44.51705984065414,,3.8048,11,2.22,False,0.01,,736273382.0,3.68,3.06,,-18.94,2709486046.0,,2826893962.0,,100.0,-2.1760999985036737,-63.59,0.55,6.894514762383452,79872237.7,0.08,1294329600000.0,0.0,6989516.0,21813018.0,1.35,-16.29,26122.0,2.96,,22.89,新锦动力,-913.354,,768177707.0,0,3.6,创业板
SZ300111,29.13455637155218,0.0,16.2208,11,-0.34,False,0.01,5.708,1287210714.0,2.97,13.09,,-51.55,3823015821.0,1790697600000.0,3823015821.0,,100.0,-2.643911514580311,-74.42,0.34,-15.507274105720093,289982928.09,-0.01,1282838400000.0,-0.01,-1095866.0,93281927.0,2.7,5.708,26115.0,7.25,,43.21,向日葵,-213.077,,1287210714.0,0,2.98,创业板
SZ002997,27.164019678351824,0.0,1.5569,11,-1.44,False,0.01,2.054,209321325.0,26.01,2.46,12.1766,-29.38,5444447663.0,1790697600000.0,5444447663.0,2.307,100.0,16.284805562383546,86.61,0.04,25.35624893700239,42246604.3,-0.38,1599062400000.0,1.94,-2443591.0,1609192.0,0.91,2.054,26093.0,0.77,,43.99,瑞鹄模具,13.417,,209321325.0,0,26.39,深市主板
SZ300622,19.806636496048235,0.0,3.1768,11,-2.95,False,0.01,4.867,220796753.0,14.15,4.8,12.3261,-34.84,3124274055.0,1790697600000.0,4513790910.0,2.495,100.0,20.14225429516074,415.37,0.28,7.976191049385317,78221394.54,-0.43,1489507200000.0,0.55,-6420231.0,5483655.0,0.93,4.866,26066.0,2.48,,44.05,博士眼镜,25.703,,318995824.0,0,14.58,创业板
SZ301069,-4.706088588413437,0.0,6.2047,11,1.62,False,0.01,3.05,426774229.0,15.72,3.17,138.6988,-43.16,6708890880.0,1790697600000.0,7123898880.0,0.636,100.0,6.639866214806954,-53.43,0.26,8.519678096567285,67649472.91,0.25,1632672000000.0,0.3,1801880.0,4279837.0,1.45,3.05,26064.0,1.0,,547.97,凯盛新材,53.115,,453174229.0,0,15.47,创业板
SZ002575,,0.0,5.8867,11,-1.0,False,0.01,3.82,584325500.0,4.95,3.6,43.419,-19.9,2892411225.0,1790697600000.0,3051675000.0,,100.0,-7.1248807376035765,6.76,0.2,112.6515546628812,104934492.71,-0.05,1303401600000.0,-0.09,1287244.0,21164791.0,0.92,3.819,26011.0,3.62,,-3.4,群兴玩具,-52.674,,616500000.0,0,5.0,深市主板
SZ000090,,0.0,0.2906,11,-2.47,False,0.01,0.6,1868459934.0,3.55,3.3,6.3572,-2.98,6633032766.0,1790697600000.0,6633336291.0,1.014,100.0,-1.0548321247430088,76.08,-0.28,-4.285220348489727,128855635.34,-0.09,932486400000.0,-0.08,-6270466.0,35804735.0,0.98,0.6,25962.0,1.92,,158.38,天健集团,-43.964,,1868545434.0,0,3.64,深市主板
SZ002732,-49.56951378172938,,1.4387,11,0.56,False,0.01,1.492,157062585.0,14.35,4.2,9.9982,-15.29,2253848095.0,,2257972500.0,0.418,100.0,2.448113551330106,20.98,-0.07,-7.330453663225267,41150379.0,0.08,1417708800000.0,0.23,6734102.0,2856700.0,2.05,1.492,25955.0,1.82,,44.03,燕塘乳业,61.5,,157350000.0,0,14.27,深市主板
SZ002086,,0.0,11.0157,11,-0.99,False,0.01,3.198,1580971270.0,2.01,3.94,,-12.99,3177752253.0,1790697600000.0,3937482465.0,,100.0,-10.024964620628731,-36.69,-0.5,-6.344461954750025,79501935.0,-0.02,1164643200000.0,-0.07,-11840244.0,39225400.0,0.95,3.198,25862.0,2.48,,86.25,东方海洋,-30.307,,1958946500.0,0,2.03,深市主板
SZ300473,146.54715417349612,0.0,1.1788,11,0.27,False,0.01,3.259,153124248.0,36.85,4.82,11.3956,23.74,5642628539.0,1790697600000.0,6362608814.0,,100.0,9.628213310693688,2.65,0.11,7.600025265638077,397295598.53,0.1,1434038400000.0,1.01,-1411872.0,10654524.0,0.79,3.259,25769.0,6.96,,43.98,德尔股份,36.401,,172662383.0,0,36.75,创业板
SZ000926,,,0.8811,11,-3.18,False,0.01,1.12,1573209145.0,2.13,4.55,2.7577,-5.33,3350935479.0,,3393014969.0,,100.0,-98.29440755230262,-15.63,0.0,-10.728510254302181,87628122.6,-0.07,929635200000.0,-3.64,-14219519.0,40673560.0,0.84,1.12,25754.0,2.59,,0.0,福星股份,-0.585,,1592964774.0,0,2.2,深市主板
SZ000589,2.406536148349181,0.0,0.5708,11,0.48,False,0.01,0.712,1544110704.0,4.22,0.95,4.8934,-16.89,6516147171.0,1790697600000.0,6559526239.0,3.081,100.0,8.132496184240749,560.51,0.0,8.003368910875075,70460233.84,0.02,826214400000.0,0.47,-154198.0,16706424.0,1.38,0.712,25751.0,1.08,,9.56,贵州轮胎,8.986,,1554390104.0,0,4.2,深市主板
SZ002763,-29.743032035324347,,1.0317,11,1.22,False,0.01,1.901,303656388.0,7.45,1.63,6.3982,12.29,2262240091.0,,3053933800.0,10.738,100.0,4.050433016038779,29.52,-0.13,-0.07678361827915259,43670093.28,0.09,1433865600000.0,0.18,-5766728.0,5874745.0,1.67,1.901,25747.0,1.93,,43.97,汇洁股份,41.93,,409924000.0,0,7.36,深市主板
SZ000707,-7.47904981645765,,1.3861,11,1.08,False,0.01,1.007,550703589.0,4.67,1.95,16.0767,-22.81,2571785761.0,,2730629291.0,,100.0,-7.147330315128217,-29.15,0.21,-20.972859850536008,29701613.0,0.05,861033600000.0,-0.3,833530.0,6378900.0,0.96,1.007,25747.0,1.16,,194.74,双环科技,-15.416,,584717193.0,0,4.62,深市主板
SZ002388,,,2.3218076500274076,11,0.0,False,0.01,4.929,506223495.0,9.1,,42.38757295075038,42.63,4606633805.0,,4609461402.0,,100.0,-4.208291239272213,-40.95,0.0,-1.506971103788235,0.0,0.0,1271088000000.0,-0.08,,0.0,0.0,4.929,25709.0,0.0,,275.33,新亚制程,-113.719,,506534220.0,0,9.1,深市主板
SZ300894,,0.0,5.9784,11,-1.6,False,0.01,4.452,294079211.0,9.85,4.1,,-16.45,2896680228.0,1790697600000.0,3989291478.0,,100.0,-26.62835881875515,-68.82,0.31,-36.10638466525218,39938757.38,-0.16,1609344000000.0,-0.75,-1520153.0,4035238.0,0.89,4.452,25641.0,1.37,,248.26,火星人,-13.178,,405004211.0,0,10.01,创业板
SZ002846,47.22296685200333,0.0,2.0095,11,3.74,False,0.01,3.497,271391801.0,11.93,6.17,12.864,-25.94,3237704186.0,1790697600000.0,5010524077.0,0.21,100.0,2.995201022856457,216.19,0.25,16.27220430492273,418202241.38,0.43,1486396800000.0,0.1,14023030.0,35224707.0,1.63,3.496,25622.0,12.98,,44.06,英联股份,117.984,,419993636.0,0,11.5,深市主板
SZ001258,72.49768457195758,0.0,7.814,11,0.8,False,0.01,3.054,933321609.0,10.11,2.49,12.9838,42.81,9435881467.0,1790697600000.0,9436000007.0,0.297,100.0,4.97188917512852,155.37,0.4,11.588710722022434,266408760.0,0.08,1658851200000.0,0.16,920259.0,26305500.0,0.54,3.054,25606.0,2.82,,44.08,立新能源,63.265,,933333334.0,0,10.03,深市主板
SZ002641,-61.17632813998619,0.0,0.7596,11,0.0,False,0.01,0.857,1133957528.0,3.8,1.32,6.2169,-11.6,4309038606.0,1790697600000.0,4670556710.0,0.526,100.0,0.6004441524135506,38.53,-0.26,-6.447650708503028,26145884.0,0.0,1323273600000.0,0.03,-356118.0,6854760.0,1.12,0.857,25593.0,0.6,,3.44,公元股份,142.8,,1229093871.0,0,3.8,深市主板
SZ300831,44.000002675033386,,20.2523,11,-0.76,False,0.01,4.344,184484240.0,13.14,2.95,950.706,19.61,2424122914.0,,4204800000.0,0.35,100.0,5.45388164655474,179.13,0.31,28.610682087359727,27213945.0,-0.1,1588780800000.0,0.16,-3074515.0,2053600.0,0.7,4.344,25553.0,1.11,,43.97,ST派瑞,81.163,,320000000.0,0,13.24,创业板
SZ300062,,0.0,3.6195,11,3.32,False,0.01,2.555,458718250.0,6.22,5.48,25.8283,-25.33,2853227515.0,1790697600000.0,3918210441.0,,100.0,-6.21760346215899,21.01,0.0,-15.259950607839645,112851623.4,0.2,1268928000000.0,-0.14,17293627.0,18208980.0,1.48,2.555,25547.0,3.97,,45.57,中能电气,-45.641,,629937370.0,0,6.02,创业板
SZ300011,9.011422793415424,,2.0961,11,0.17,False,0.01,2.316,509665579.0,5.78,2.77,40.9436,-32.63,2945867047.0,,3500110137.0,,100.0,-2.776765484767649,-27.08,0.0,1.6116446856752509,22901795.08,0.01,1256832000000.0,-0.07,243969.0,3941383.0,1.12,2.316,25544.0,0.77,,86.51,鼎汉技术,-88.457,,605555387.0,0,5.77,创业板
SZ000655,-3.471788536819942,0.0,2.4758,11,2.62,False,0.01,1.252,595340230.0,7.44,3.31,13.1401,-20.21,4429331311.0,1790697600000.0,4429331311.0,2.769,100.0,6.776545707311321,196.43,0.13,9.997050106255312,47416777.42,0.19,849110400000.0,0.4,1276932.0,6421940.0,1.17,1.252,25507.0,1.08,,1081.25,金岭矿业,18.736,,595340230.0,0,7.25,深市主板
SZ002072,,,5.7492,11,0.14,False,0.01,11.383,367531800.0,7.04,3.98,,-2.76,2587423872.0,,2588467200.0,,100.0,-7.707399498732355,25.72,0.28,9.254216134839432,48687617.0,0.01,1161100800000.0,-0.03,-2406460.0,6909800.0,0.82,11.382,25495.0,1.88,,73.46,凯瑞德,-259.919,,367680000.0,0,7.03,深市主板
SZ000720,,0.0,3.1479,11,-0.55,False,0.01,2.438,1256531571.0,3.62,2.75,,10.7,4548644287.0,1790697600000.0,4548644287.0,,100.0,-23.731819014650743,45.81,0.56,0.05910896289198497,83815106.0,-0.02,863107200000.0,-0.4,-9759644.0,23137115.0,0.76,2.438,25494.0,1.84,,0.0,新能泰山,-9.057,,1256531571.0,0,3.64,深市主板
SZ301013,62.259707003206444,0.0,12.8255,11,-2.19,False,0.01,11.945,189241638.0,32.18,7.48,,14.89,6089795911.0,1790697600000.0,7521851542.0,,100.0,-23.3715518322448,48.34,0.28,17.550877285588996,313203418.68,-0.72,1624896000000.0,-0.71,3379061.0,9510159.0,0.78,11.946,25454.0,5.03,,297.36,利和兴,-45.189,,233743056.0,0,32.9,创业板
SZ300396,-25.439195739381404,,2.2228,11,-0.42,False,0.01,1.243,272304751.0,7.05,2.82,,-45.35,1919748495.0,,1922536135.0,,100.0,-11.994477432087422,5.1,-0.28,-5.4449168899977085,11735520.0,-0.03,1410278400000.0,-0.77,-380744.0,1646500.0,1.43,1.243,25404.0,0.6,,44.01,ST迪瑞,-9.151,,272700161.0,0,7.08,创业板
SZ300593,,0.0,11.2248,11,-2.05,False,0.01,6.58,450262151.0,28.15,6.09,141.8461,-5.41,12674879551.0,1790697600000.0,15271331902.0,,100.0,-7.430858616555218,1406.39,0.14,2.0581915814418927,339998060.33,-0.59,1484236800000.0,-0.32,-4262797.0,11846995.0,0.83,6.58,25387.0,2.63,,43.95,新雷能,-87.41,,542498469.0,0,28.74,创业板
SZ002644,-1.12165135345631,,4.5141,11,-0.85,False,0.01,2.246,510657000.0,8.19,2.91,12.8123,-4.94,4182280830.0,,4182280830.0,0.977,100.0,3.201389864289913,173.74,0.12,-6.89021327372672,34243158.0,-0.07,1324483200000.0,0.12,-1424024.0,4143700.0,0.97,2.246,25381.0,0.81,,20.19,佛慈制药,71.078,,510657000.0,0,8.26,深市主板
SZ002843,,0.0,2.2696,11,-1.7,False,0.01,2.703,250432862.0,14.47,8.9,218.8756,-27.79,3623763513.0,1790697600000.0,3642642522.0,,100.0,-3.621165689800737,221.61,0.35,-3.006655034324679,198789259.45,-0.25,1484841600000.0,-0.2,21534970.0,13311713.0,2.09,2.703,25362.0,5.32,,44.08,泰嘉股份,-73.264,,251737562.0,0,14.72,深市主板
SZ300095,,,2.8342,11,1.01,False,0.01,2.361,317670228.0,8.97,1.91,24.6391,-25.01,2849501945.0,,3537993712.0,1.315,100.0,-9.262879051408097,14.25,0.22,-3.54080079137703,65325133.0,0.09,1280246400000.0,-0.37,-1894501.0,7290400.0,0.86,2.361,25296.0,2.29,,64.01,华伍股份,-24.296,,394425163.0,0,8.88,创业板
SZ002993,-42.93854371182794,0.0,0.7343,11,-2.01,False,0.01,1.869,238446933.0,31.62,4.93,,-27.01,7539692021.0,1790697600000.0,8728384800.0,3.744,100.0,4.872662149173692,42.09,-0.09,50.86000975158464,169278646.61,-0.65,1597593600000.0,0.84,-126120.0,5298733.0,1.4,1.869,25271.0,2.22,,44.01,奥海科技,37.626,,276040000.0,0,32.27,深市主板
SZ002875,-47.45824944471265,,4.8154,11,-0.08,False,0.01,4.503,212410620.0,12.69,4.57,,-23.37,2695490768.0,,2695490768.0,,100.0,-12.034280291987507,-3.31,0.16,-10.500097441316958,44074560.74,-0.01,1496246400000.0,-0.36,-858148.0,3431604.0,1.08,4.516,25270.0,1.62,,44.0,安奈儿,-35.135,,212410620.0,0,12.7,深市主板
SZ002663,,,1.8851,11,-1.71,False,0.01,1.539,1707116180.0,1.72,4.0,99.8726,-8.99,2936239830.0,,2964160111.0,,100.0,-20.544404075412288,-70.68,0.0,-12.715698678372133,55717274.06,-0.03,1331827200000.0,-0.26,-5991920.0,32170800.0,1.07,1.539,25257.0,1.88,,30.0,普邦股份,-6.714,,1723348902.0,0,1.75,深市主板
SZ000523,34.03283071214835,0.0,3.0428,11,6.06,False,0.01,3.22,1794818054.0,3.5,6.06,19.1557,-7.16,6281863189.0,1790697600000.0,6424139614.0,,100.0,6.254130524084362,133.43,0.29,-7.164830966534497,1033652243.85,0.2,752688000000.0,0.07,-7879093.0,290921453.0,2.56,3.22,25217.0,16.21,,42.03,红棉股份,52.685,,1835468461.0,0,3.3,深市主板
SZ002345,23.850336694700978,0.0,0.7829,11,1.81,False,0.01,1.935,867218265.0,8.45,2.77,9.012,-28.29,7327994339.0,1790697600000.0,7507932374.0,6.509,100.0,15.626616181495207,78.11,0.24,18.979587972534272,104728310.0,0.15,1264608000000.0,0.66,12027414.0,12485665.0,1.2,1.935,25209.0,1.44,,14.58,潮宏基,12.772,,888512707.0,0,8.3,深市主板
SZ300546,24.635845015792015,0.0,5.1769,11,-0.18,False,0.01,2.787,137965823.0,16.71,2.81,41.0191,-36.02,2305408902.0,1790697600000.0,3135626337.0,0.269,100.0,1.0162271885925453,128.04,0.12,15.302162747051963,38451665.0,-0.03,1474992000000.0,0.06,1712463.0,2293600.0,0.78,2.786,25197.0,1.66,,44.0,雄帝科技,275.315,,187649691.0,0,16.74,创业板
SZ300128,14.255370008449674,0.0,2.3472,11,-2.92,False,0.01,16.798,1297242687.0,4.66,6.88,,-36.16,6045150921.0,1790697600000.0,6053877820.0,,100.0,-61.368888847085564,28.91,0.0,20.278922512641962,112593716.13,-0.14,1286899200000.0,-0.25,-896242.0,23716711.0,1.2,16.799,25192.0,1.83,,6.63,锦富技术,-18.346,,1299115412.0,0,4.8,创业板
SZ300174,-6.044842888176105,0.0,3.1152,11,-0.12,False,0.01,1.743,362877913.0,16.94,4.19,19.9566,10.37,6147151846.0,1790697600000.0,6169723498.0,1.169,100.0,6.0989166858061035,178.55,0.24,0.7106331907487107,177596416.44,-0.02,1296489600000.0,0.58,2490056.0,10416966.0,0.84,1.743,25152.0,2.87,,5.54,元力股份,29.122,,364210360.0,0,16.96,创业板
SZ300761,-13.892468605838026,0.0,0.8666,11,-4.04,False,0.01,1.841,646763910.0,19.97,5.81,9.3386,-2.56,12915875283.0,1790697600000.0,16901356300.0,1.237,100.0,3.9405672232141296,16.44,0.05,10.05255552680715,107050896.98,-0.84,1550419200000.0,0.42,-1998126.0,5280523.0,0.87,1.841,25142.0,0.82,,43.99,立华股份,47.333,,846337321.0,0,20.81,创业板
SZ300631,16.222068914593144,,4.186,11,0.77,False,0.01,2.031,121605081.0,22.16,3.09,12.1602,-22.5,2694768595.0,,2770363956.0,1.128,100.0,5.44243880790763,164.03,0.18,-2.5774286839663096,56982465.89,0.17,1490198400000.0,0.58,-1631167.0,2572951.0,1.75,2.031,25126.0,2.12,,44.03,久吾高科,38.279,,125016424.0,0,21.99,创业板
SZ300578,,,6.8947,11,-2.89,False,0.01,2.58,198216115.0,14.76,5.2,,-28.35,2925669857.0,,2926461362.0,,100.0,-4.515136199294291,133.68,0.27,-5.259481209162631,44084215.34,-0.44,1485273600000.0,-0.26,-3019933.0,2958387.0,0.77,2.58,25081.0,1.49,,44.02,会畅科技,-55.844,,198269740.0,0,15.2,创业板
SZ002593,55.22256677919626,,0.9742,11,-0.66,False,0.01,1.47,560504329.0,4.54,2.63,7.5499,-22.4,2544689654.0,,3649515452.0,1.101,100.0,6.322554497970183,12.45,0.0,-0.9277688107984572,39821947.0,-0.03,1309190400000.0,0.19,-4439958.0,8703100.0,0.91,1.47,25048.0,1.55,,14.75,日上集团,23.679,,803858029.0,0,4.57,深市主板
SZ300586,-27.34454847193065,0.0,3.5944,11,-0.35,False,0.01,3.279,535331093.0,8.55,7.11,60.2587,-21.49,4577080845.0,1790697600000.0,6080902315.0,,100.0,-2.350460213349882,348.18,0.23,-2.8236552544551596,170475766.92,-0.03,1483459200000.0,-0.06,1889362.0,19484082.0,1.04,3.278,25025.0,3.64,,43.98,美联新材,-137.917,,711216645.0,0,8.58,创业板
SZ000885,3.6630626408836298,0.0,1.1392,11,0.34,False,0.01,0.769,642078255.0,11.74,0.85,3.7723,-11.74,7537998714.0,1790697600000.0,7537998714.0,3.288,100.0,13.06378903017355,215.11,0.09,0.7663943731704759,20344980.0,0.04,921772800000.0,1.9,-2349781.0,1736000.0,0.89,0.769,24974.0,0.27,,0.0,城发环境,6.19,,642078255.0,0,11.7,深市主板
SZ300679,-13.709899120013514,0.0,2.9442,11,-5.05,False,0.01,3.218,359471763.0,38.14,7.69,25.6517,-21.32,13710253041.0,1790697600000.0,16202634800.0,0.616,100.0,4.654142824147327,76.0,0.16,21.50831128540911,491414887.16,-2.03,1501430400000.0,0.55,-14838069.0,12630555.0,0.85,3.218,24969.0,3.51,,44.0,电连技术,69.566,,424820000.0,0,40.17,创业板
SZ000056,52.6492136881894,,1.0101,11,2.59,False,0.01,,903733208.0,2.77,5.93,28.9899,37.81,2503340986.0,,3275603169.0,,100.0,227.767435523468,45.08,-0.36,19.513445835846134,61262773.0,0.07,836755200000.0,-2.38,-3968848.0,22019900.0,0.9,-1.238,24928.0,2.44,,80.96,*ST皇庭,-1.163,,1182528220.0,0,2.7,深市主板
SZ002392,21.8076953632915,0.0,1.1682,11,-1.21,False,0.01,1.416,1157546046.0,7.33,3.5,68.7151,-1.61,8484812517.0,1790697600000.0,8726297850.0,0.477,100.0,9.680172200889995,20.52,0.0,12.080501845963898,59345279.02,-0.09,1271952000000.0,0.48,-6585386.0,8011793.0,1.12,1.416,24901.0,0.69,,22.5,北京利尔,15.376,,1190490839.0,0,7.42,深市主板
SZ002800,-12.958445516048677,,1.9015,11,-3.67,False,0.01,4.533,146372800.0,14.43,5.81,,-8.44,2112159504.0,,2197011757.0,,100.0,-5.057095980520885,214.01,0.56,7.449503564577631,33840928.0,-0.55,1464537600000.0,-0.16,-843301.0,2324000.0,1.29,4.533,24896.0,1.59,,44.03,天顺股份,-87.524,,152253067.0,0,14.98,深市主板
SZ000534,5.4245145641862,0.0,8.1196,11,-1.9,False,0.01,5.782,504532041.0,21.22,6.98,145.1871,-3.55,10706169910.0,1790697600000.0,10812619510.0,,100.0,12.058915063745303,632.66,0.19,11.907727928008093,235019729.2,-0.41,758131200000.0,0.4,4001259.0,10874711.0,0.88,5.782,24894.0,2.16,,89.25,万泽股份,53.266,,509548516.0,0,21.63,深市主板
SZ300132,,,1.3102,11,-0.82,False,0.01,2.073,508081284.0,6.06,2.45,8.7851,-30.42,3078972581.0,,3130480169.0,,100.0,12.848544579380189,18.82,0.17,10.011426408132419,39500711.0,-0.05,1288022400000.0,0.35,-658452.0,6482700.0,0.99,2.073,24889.0,1.28,,35.61,诺斯贝尔,17.186,,516580886.0,0,6.11,创业板
SZ002678,,0.0,10.0563,11,-0.45,False,0.01,2.019,1357574448.0,4.4,2.94,,-17.45,5973327571.0,1790697600000.0,5976609421.0,,100.0,-11.524526897890425,-20.6,0.92,-17.73485509878513,28074318.0,-0.02,1338307200000.0,-0.27,-2371661.0,6379400.0,0.93,2.019,24872.0,0.47,,26.44,珠江钢琴,-16.498,,1358320323.0,0,4.42,深市主板
SZ002935,-6.126515759409445,0.0,7.6751,11,-0.06,False,0.01,4.605,415090883.0,17.56,3.24,,-21.26,7288995905.0,1790697600000.0,7407460916.0,0.285,100.0,4.130766991086407,183.98,0.92,-5.576416776932691,137369311.92,-0.01,1535904000000.0,0.16,2654274.0,7811617.0,0.42,4.629,24848.0,1.88,,44.01,天奥电子,112.662,,421837182.0,0,17.57,深市主板
SZ002404,-9.112535095053598,,0.6617,11,-0.35,False,0.01,1.656,455787096.0,5.77,1.73,6.9988,-14.12,2629891544.0,,3231497392.0,5.199,100.0,8.702887096694804,62.01,0.17,5.191561246547449,31236603.0,-0.02,1273507200000.0,0.3,261947.0,5403900.0,0.88,1.656,24831.0,1.19,,-1.91,嘉欣丝绸,19.095,,560051541.0,0,5.79,深市主板
SZ002141,,,6.1572,11,-2.7,False,0.01,7.683,1032935798.0,6.13,6.83,28.1292,64.34,6331896442.0,,6331896442.0,,100.0,0.8147460911108622,90.3,0.16,118.30156076916292,624939799.75,-0.17,1184860800000.0,0.01,-22991866.0,100006701.0,0.6,7.683,24818.0,9.68,,197.88,贤丰控股,938.644,,1032935798.0,0,6.3,深市主板
SZ002478,-31.27572313683712,0.0,0.9503,11,0.0,False,0.01,0.95,725905863.0,6.28,3.03,8.8616,-23.55,4558688820.0,1790697600000.0,5657050552.0,3.169,100.0,6.172760695558764,-4.59,-0.32,-3.324558288100299,81641475.6,0.0,1284998400000.0,0.4,16699449.0,12925599.0,0.7,0.95,24787.0,1.78,,5.9,常宝股份,15.639,,900804228.0,0,6.28,深市主板
SZ300430,43.20834229331039,,2.7168,11,-1.69,False,0.01,0.849,259854209.0,4.08,3.61,,-78.77,1060205173.0,,1114030928.0,,100.0,-53.572638097766934,-35.93,-0.49,-30.137673742164594,35311789.0,-0.07,1426694400000.0,-3.51,-4782019.0,8549200.0,0.72,0.849,24757.0,3.29,,44.0,*ST益通,-1.161,,273046796.0,0,4.15,创业板
SZ300953,188.53736682486755,0.0,1.8088,11,-3.24,False,0.01,4.466,176633543.0,89.16,4.34,85.9599,-25.72,15748646694.0,1790697600000.0,21857832742.0,0.237,100.0,16.243141130208592,83.99,0.04,36.73030135512278,488317954.0,-2.99,1615996800000.0,2.96,-15806545.0,5411821.0,0.79,4.436,24745.0,3.06,,233.75,震裕科技,30.152,,245152902.0,0,92.15,创业板
SZ002102,-34.898188627606544,,1.0786,11,-1.92,False,0.01,2.039,2070568525.0,2.55,2.31,,-23.42,5279949739.0,,6161423845.0,,100.0,-0.4190107946227703,113.89,-0.78,-21.880561346683958,18263080.0,-0.05,1167321600000.0,-0.01,-3418741.0,7106000.0,0.79,2.089,24732.0,0.34,,87.58,ST能特,-463.293,,2416244645.0,0,2.6,深市主板
SZ300483,,0.0,2.9275,11,7.03,False,0.01,2.424,384531740.0,24.5,7.78,5.5267,72.78,9421027630.0,1790697600000.0,9435139630.0,,100.0,11.677204843390191,224.9,0.29,39.47748177418837,455373385.76,1.61,1435593600000.0,0.9,51858847.0,18717700.0,2.18,2.424,24725.0,4.87,,43.99,首华燃气,27.137,,385107740.0,0,22.89,创业板
SZ002749,-6.289067376079527,0.0,2.3185,11,0.0,False,0.01,2.495,544316897.0,8.51,1.29,12.3717,-19.78,4632136793.0,1790697600000.0,4735572873.0,7.861,100.0,13.397466014977033,138.51,0.12,2.9656402110340707,12078946.6,0.0,1426780800000.0,0.48,-599160.0,1422040.0,0.98,2.495,24670.0,0.26,,43.98,国光股份,17.856,,556471548.0,0,8.51,深市主板
SZ300562,50.180573183693134,,3.1965,11,-1.08,False,0.01,2.839,167286783.0,14.59,4.07,19.2265,10.47,2440714164.0,,3194220623.0,1.782,100.0,9.346265889501582,168.84,-0.14,4.563655078005002,256272781.36,-0.16,1479225600000.0,0.46,-733603.0,17371014.0,1.21,2.835,24644.0,10.38,,44.02,乐心股份,32.024,,218932188.0,0,14.75,创业板
SZ002412,14.545499843721888,,4.4914,11,-0.99,False,0.01,1.93,497845000.0,8.98,4.3,23.9204,46.78,4470648100.0,,4518736000.0,3.341,100.0,10.275622374050613,70.91,0.0,0.5728732868892195,306306684.15,-0.09,1274716800000.0,0.47,12517552.0,33816316.0,0.76,1.93,24642.0,6.79,,20.59,汉森制药,19.133,,503200000.0,0,9.07,深市主板
SZ000790,8.859009684215957,,5.6259,11,-0.68,False,0.01,3.792,622642739.0,4.39,3.39,31.8675,13.44,2733401624.0,,2738128008.0,,100.0,-30.574828558685834,136.21,0.0,-24.283864656437647,208645686.73,-0.03,890928000000.0,-0.42,-10973562.170000002,47161760.0,0.64,3.792,24635.0,7.57,,0.0,华神科技,-10.553,,623719364.0,0,4.42,深市主板
SZ300540,83.38507855821513,0.0,6.9341,11,-0.61,False,0.01,4.834,206727206.0,24.54,3.36,,22.88,5073085635.0,1790697600000.0,5585103508.0,0.204,100.0,7.466870536984607,136.78,0.16,15.868187174870286,145409662.44,-0.15,1471881600000.0,0.37,3867980.0,5880682.0,0.72,4.834,24618.0,2.84,,43.97,蜀道装备,66.531,,227591830.0,0,24.69,创业板
SZ300056,-3.2803972916460533,,7.4001,11,-5.38,False,0.01,62.929,385154693.0,7.39,6.53,149.1682,-10.1,2846293181.0,,2848774374.0,,100.0,-111.94591962087503,26.1,0.0,-9.224309581664548,124595095.5,-0.42,1267113600000.0,-0.31,-17943489.0,16624030.0,0.95,62.947,24614.0,4.32,,75.82,中创环保,-24.221,,385490443.0,0,7.81,创业板
SZ000813,,0.0,17.9309,11,-1.24,False,0.01,1.461,2096648040.0,3.19,2.79,,-16.93,6688307248.0,1790697600000.0,6689766673.0,,100.0,-7.520261097591209,4.41,0.0,-11.931744330706163,68310167.0,-0.04,895507200000.0,-0.17,-10701382.0,21160400.0,0.97,1.461,24613.0,1.01,,0.0,德展健康,-18.547,,2097105540.0,0,3.23,深市主板
SZ300140,9.870424589901594,0.0,2.8112,11,0.0,False,0.01,1.15,3095265928.0,5.36,2.05,6.876,-19.14,16590625374.0,1790697600000.0,16610999206.0,2.239,100.0,6.4443077939930555,-57.21,0.0,-1.747200041544994,40689396.0,0.0,1289491200000.0,0.29,3106204.0,7574500.0,1.08,1.15,24606.0,0.24,,26.49,节能环境,18.181,,3099067016.0,0,5.36,创业板
SZ300066,-30.862612083407637,0.0,3.4241,11,0.22,False,0.01,1.825,1005910349.0,4.53,2.65,,-26.66,4556773881.0,1790697600000.0,4711350677.0,1.104,100.0,4.794894887468271,32.49,0.22,-9.746655056023545,42848512.0,0.01,1269532800000.0,0.12,-5382481.0,9416700.0,1.16,1.824,24587.0,0.94,,76.53,三川智慧,38.545,,1040033262.0,0,4.52,创业板
SZ002453,6.745916261865359,0.0,9.2899,11,-0.84,False,0.01,5.444,643101478.0,4.75,4.59,,-24.96,3054732021.0,1790697600000.0,3858743849.0,,100.0,-29.244901152832515,-2.25,0.21,-5.415477325293194,195433989.64,-0.04,1279555200000.0,-0.3,18533327.0,40672564.0,0.56,5.444,24579.0,6.32,,45.92,华软科技,-15.908,,812367126.0,0,4.79,深市主板
SZ002206,13.695437993729453,0.0,1.0255,11,0.41,False,0.01,1.415,1056970986.0,4.89,1.03,8.7565,-13.44,5168588122.0,1790697600000.0,5682313106.0,4.07,100.0,13.12527005421826,90.46,0.0,-2.2678904416975176,28467431.0,0.02,1201017600000.0,0.44,-1261308.0,5795600.0,0.88,1.415,24570.0,0.55,,124.71,海利得,11.062,,1162027220.0,0,4.87,深市主板
SZ300402,-9.411751939569458,0.0,2.6454,11,0.34,False,0.01,2.372,243618497.0,14.56,3.45,,-31.97,3547085316.0,1790697600000.0,3593269636.0,0.481,100.0,3.362562436329456,190.79,0.21,-7.853586849075467,28116874.0,0.05,1412870400000.0,0.2,1048504.0,1922700.0,1.12,2.372,24462.0,0.79,,44.07,宝色股份,71.425,,246790497.0,0,14.51,创业板
SZ300197,57.40440087368037,0.0,8.0994,11,0.0,False,0.01,,2965223080.0,1.97,2.03,,11.3,5841489468.0,1790697600000.0,5841637218.0,,100.0,-538.5988509794206,-19.94,0.0,-25.445128376509395,100570578.75,0.0,1301328000000.0,-1.05,-2938646.0,51134293.0,1.02,-3.088,24432.0,1.72,,14.9,节能铁汉,-1.874,,2965298080.0,0,1.97,创业板
SZ300616,,,0.7695,11,-1.63,False,0.01,0.905,155201092.0,10.89,4.61,,-20.89,1690139892.0,,2444979022.0,1.708,100.0,-13.695899956389182,-64.18,0.65,-18.076238567626746,50100539.0,-0.18,1488816000000.0,-1.78,1751694.0,4576600.0,0.81,0.905,24429.0,2.95,,43.99,尚品宅配,-6.106,,224515980.0,0,11.07,创业板
SZ002672,16.558552058973298,0.0,1.2771,11,3.51,False,0.01,2.004,905118302.0,3.83,7.84,8.0237,-17.1,3466603097.0,1790697600000.0,4233129722.0,,100.0,-44.94457913275354,-40.22,0.0,-8.029758042169277,139004219.0,0.13,1335369600000.0,-1.11,30394891.0,36735400.0,0.99,2.004,24421.0,4.06,,-3.6,东江环保,-3.465,,1105255802.0,0,3.7,深市主板
SZ000026,-31.637989863955042,0.0,2.0374,11,-5.09,False,0.01,2.149,364437819.0,17.9,6.89,10.7706,9.88,6523436960.0,1790697600000.0,7263175725.0,0.67,100.0,3.1393866939097834,1266.52,0.73,-7.477827870424014,104029238.0,-0.96,739036800000.0,0.26,-7903660.0,5715000.0,1.18,2.149,24378.0,1.57,,302.78,飞亚达,68.926,,405764007.0,0,18.86,深市主板
SZ300279,-18.92135947567688,,1.6454,11,-3.95,False,0.01,2.604,487337952.0,5.6,6.35,24.3755,-22.44,2729092531.0,,2738957144.0,,100.0,3.5821674221695305,106.31,0.36,-9.184633119077713,76833883.0,-0.23,1325088000000.0,0.08,1200373.0,13552400.0,1.2,2.604,24358.0,2.78,,3.14,和晶科技,73.998,,489099490.0,0,5.83,创业板
SZ300258,,0.0,2.6439,11,-1.35,False,0.01,1.097,569892238.0,8.75,4.62,23.2527,-38.69,4986557083.0,1790697600000.0,5119163376.0,0.503,100.0,0.9101777153175761,13.83,-0.34,-4.585230382562722,98470853.14,-0.12,1314288000000.0,0.07,8934158.0,11134812.0,1.3,1.097,24352.0,1.95,,50.56,精锻科技,126.474,,585047243.0,0,8.87,创业板
SZ002730,-22.789095899104726,0.0,6.259,11,-3.89,False,0.01,4.386,346029880.0,19.75,6.13,,31.74,6834090130.0,1790697600000.0,7151077630.0,0.506,100.0,3.622141058588631,391.73,0.97,-6.747631259947184,154351521.0,-0.8,1412784000000.0,0.16,-3633438.0,7772500.0,1.14,4.386,24328.0,2.25,,43.99,电光科技,121.936,,362079880.0,0,20.55,深市主板
SZ002199,-27.61395954861228,,4.7504,11,-0.18,False,0.01,16.099,230902093.0,11.1,5.4,,30.74,2563013232.0,,2702210229.0,,100.0,-18.841046562187813,32.87,0.63,79.62794841275118,44729552.56,-0.02,1198166400000.0,-0.14,-4776168.0,3984899.0,0.81,16.099,24297.0,1.73,,170.57,东晶电子,-78.296,,243442363.0,0,11.12,深市主板
SZ300642,-44.94035854835404,,8.1361,11,-5.66,False,0.01,2.22,137705571.0,19.66,6.14,17.6576,7.89,2707291526.0,,3190272258.0,0.753,100.0,0.8413532548172429,20.36,0.15,-7.577877820302703,466052265.96,-1.18,1492704000000.0,0.08,18616604.0,23414966.0,0.79,2.22,24295.0,17.0,,43.99,透景生命,259.263,,162272241.0,0,20.84,创业板
SZ002956,39.337144929622504,0.0,2.2506,11,2.16,False,0.01,3.409,312510766.0,17.95,3.41,12.8571,-9.02,5609568250.0,1790697600000.0,5610194220.0,2.145,100.0,15.122740930635125,80.45,0.34,20.090704997219746,79327009.8,0.38,1560873600000.0,0.76,2482594.0,4474540.0,0.95,3.409,24283.0,1.43,,44.0,西麦食品,23.529,,312545639.0,0,17.57,深市主板
SZ300272,-36.55496762900815,,1.9851,11,-0.66,False,0.01,2.906,464472015.0,6.02,2.64,11.9662,-18.82,2796121530.0,,3681046221.0,1.661,100.0,2.3346344503493888,61.71,0.33,3.7708138147241055,57251494.86,-0.04,1320163200000.0,0.05,-501178.0,9506393.0,1.05,2.906,24259.0,2.05,,118.26,开能健康,124.744,,611469472.0,0,6.06,创业板
SZ301486,-56.68219011247571,0.0,23.183,11,10.03,False,0.01,10.445,72918843.0,209.86,10.83,,69.17,15302748392.0,1790697600000.0,27018057186.0,,100.0,-2.929131223495575,208.93,0.14,38.09416486738299,2481517167.45,19.13,1688659200000.0,-0.59,-43433580.0,11705473.0,2.18,10.44,24236.0,16.05,,9.61,致尚科技,-354.442,,128743244.0,0,190.73,创业板
SZ002492,-25.227216529456364,,8.2703,11,-1.42,False,0.01,1.62,397834725.0,6.27,3.46,6.6762,-28.26,2494423726.0,,2539350000.0,,100.0,-8.652310460370263,-4.62,0.0,-10.924103336588608,36970181.68,-0.09,1288627200000.0,-0.35,-5403384.0,5873657.0,0.63,1.62,24231.0,1.48,,27.62,恒基达鑫,-17.863,,405000000.0,0,6.36,深市主板
SZ002224,,,2.9608,11,-0.8,False,0.01,1.052,806380369.0,3.74,2.65,18.5519,-14.45,3015862580.0,,3373915052.0,0.401,100.0,-0.37867417960658745,50.13,0.0,10.700108810238262,39228293.0,-0.03,1209052800000.0,-0.01,-5345667.0,10447700.0,0.97,1.052,24220.0,1.3,,164.39,三力士,-276.679,,902116324.0,0,3.77,深市主板
SZ301091,,0.0,7.248,11,-2.95,False,0.01,4.22,527280000.0,19.4,5.05,54.2276,-27.4,10229232000.0,1790697600000.0,10229232000.0,0.062,100.0,4.609700242647474,93.97,0.1,8.31684804383177,121876775.58,-0.59,1635436800000.0,0.21,-5899897.0,6218678.0,1.01,4.22,24219.0,1.18,,-7.97,深城交,93.751,,527280000.0,0,19.99,创业板
SZ002301,-2.7323999953454137,0.0,0.5187,11,0.47,False,0.01,1.989,717988723.0,8.6,4.91,13.3832,13.6,6174703018.0,1790697600000.0,6226468224.0,1.279,100.0,2.2443224659182635,54.74,0.0,2.811898685976777,181654658.5,0.04,1256054400000.0,0.1,492904.0,20836350.0,0.52,1.989,24176.0,2.9,,41.0,齐心集团,89.029,,724007933.0,0,8.56,深市主板
SZ002479,21.21145308117707,,0.8544,11,3.98,False,0.01,1.179,863072844.0,6.01,4.5,9.2187,26.11,5187067792.0,,5198650000.0,2.496,100.0,7.883939447242204,-4.9,0.17,15.939971183284296,112682592.5,0.23,1284998400000.0,0.39,-7451046.0,18879250.0,2.03,1.179,24166.0,2.19,,7.33,富春环保,15.393,,865000000.0,0,5.78,深市主板
SZ300545,-23.30741908851841,0.0,4.1861,11,-3.93,False,0.01,2.144,124151509.0,25.18,6.79,263.7556,-17.73,3126134997.0,1790697600000.0,4689249393.0,0.397,100.0,4.352514679870403,222.97,0.0,-3.7133218949391034,173311432.37,-1.03,1474992000000.0,0.49,-3190363.0,6757659.0,0.56,2.136,24125.0,5.44,,44.0,联得装备,51.73,,186229126.0,0,26.21,创业板
SZ300121,-32.71555967565472,0.0,1.1922,11,1.16,False,0.01,1.179,429407974.0,9.62,3.05,12.8641,-23.31,4130904710.0,1790697600000.0,4283202287.0,0.821,100.0,3.5885022324001823,86.37,0.21,2.699688925526167,92153937.4,0.11,1284652800000.0,0.29,7151284.0,9573799.0,1.02,1.204,24092.0,2.23,,46.11,阳谷华泰,32.962,,445239323.0,0,9.51,创业板
SZ002971,-19.22200494264604,0.0,4.662,11,-1.74,False,0.01,3.747,161004546.0,37.93,5.54,23.6415,27.03,6106902430.0,1790697600000.0,7987811455.0,0.132,100.0,2.5393445491327546,291.47,0.08,2.1956627530793194,405213312.38,-0.67,1578844800000.0,0.22,13206194.0,10586352.0,0.46,3.747,24084.0,6.58,,43.99,和远气体,169.433,,210593500.0,0,38.6,深市主板
SZ301095,15.148118403215882,0.0,15.6827,11,-4.57,False,0.01,4.145,174504035.0,65.0,7.85,,-9.18,11342762275.0,1790697600000.0,13018270720.0,0.303,100.0,3.4444368457996775,-45.64,0.14,28.746837126733983,253922886.15,-3.11,1659628800000.0,0.54,3708482.0,3817404.0,1.04,4.145,24083.0,2.19,,155.78,广立微,120.784,,200281088.0,0,68.11,创业板
SZ002592,4.046278738202047,,2.1863,11,-1.76,False,0.01,1.764,262895977.0,6.14,2.72,64.9253,-24.35,1614181299.0,,1744258304.0,5.684,100.0,12.208393349879776,-38.39,-0.16,19.587011627540974,9908296.0,-0.11,1320940800000.0,0.41,-423760.0,1600200.0,0.99,1.764,24061.0,0.61,,62.48,ST八菱,14.802,,284081157.0,0,6.25,深市主板
SZ300406,-24.224622644018023,0.0,5.1239,11,0.0,False,0.01,1.951,424283173.0,11.94,2.85,12.325,-2.03,5065941086.0,1790697600000.0,6998517164.0,8.744,100.0,5.868660502413108,222.98,0.17,-7.543278369764228,71577047.08,0.0,1414598400000.0,0.38,2868527.0,5993200.0,1.24,2.035,24030.0,1.41,,43.99,九强生物,31.112,,586140466.0,0,11.94,创业板
SZ000055,,,1.2415,11,-0.26,False,0.01,0.745,675854429.0,3.85,2.85,8.9601,-6.1,2602039552.0,,4134415774.0,,100.0,-8.218455478720948,429.43,0.0,-8.59829022173778,46217099.97,-0.01,829497600000.0,-0.45,-5448457.0,11991468.0,0.65,0.745,24019.0,1.77,,63.32,方大集团,-8.645,,1073874227.0,0,3.86,深市主板
SZ300722,-9.860736335820974,0.0,13.1104,11,-1.18,False,0.01,9.003,276756480.0,20.85,4.83,116.0521,-40.85,5770372608.0,1790697600000.0,5770372608.0,0.863,100.0,11.787588876311357,554.53,-0.43,3.276815672738387,47850263.64,-0.25,1510243200000.0,0.27,722956.0,2249624.0,1.21,9.003,23992.0,0.81,,44.05,新余国科,78.135,,276756480.0,0,21.1,创业板
SZ300869,-24.604718518097357,0.0,9.0764,11,-5.2,False,0.01,2.616,263734916.0,10.76,6.96,144.926,-28.27,2837787696.0,1790697600000.0,4323411589.0,,100.0,-5.24405646047155,-79.29,-0.09,-13.350256608492428,101953860.33,-0.59,1598198400000.0,-0.23,-8680893.0,9344181.0,2.26,2.616,23991.0,3.54,,1061.42,康泰医学,-47.704,,401804051.0,0,11.35,创业板
SZ300859,-38.571378507411545,0.0,10.6788,11,-2.31,False,0.01,4.604,155000000.0,21.98,3.78,29.7796,-40.01,3406900000.0,1790697600000.0,3406900000.0,1.365,100.0,9.182331258416628,162.28,0.64,0.09352706695462398,90245320.0,-0.52,1596643200000.0,0.43,9148337.0,4090100.0,1.28,4.604,23965.0,2.64,,43.95,西域旅游,50.748,,155000000.0,0,22.5,创业板
SZ300426,142.808365301513,,28.5536,11,2.91,False,0.01,22.801,400000000.0,7.79,9.11,,0.91,3116000000.0,,3508482090.0,,100.0,-96.98540985286901,43.22,-0.13,-26.081397259711636,276424117.7,0.22,1424102400000.0,-0.64,11280878.0,35666065.0,1.51,22.804,23947.0,8.92,,44.02,华智数媒,-12.124,,450382810.0,0,7.57,创业板
SZ301050,,0.0,18.7875,11,-1.28,False,0.01,2.147,210489977.0,26.3,4.77,98.8013,-49.54,5535886395.0,1790697600000.0,6511332750.0,0.19,100.0,-1.4203137195814686,-74.92,0.34,-50.19069317883997,92593228.6,-0.34,1629734400000.0,-0.18,757544.0,3485140.0,1.56,2.147,23943.0,1.66,,365.19,雷电微力,-150.102,,247579192.0,0,26.64,创业板
SZ002267,-5.228831501010179,0.0,0.9989,11,2.08,False,0.01,1.194,1112075445.0,7.36,2.5,7.7882,0.7,8184875275.0,1790697600000.0,8184875275.0,2.717,100.0,7.118618625183287,79.82,0.27,0.3027099827808355,59853627.08,0.15,1218556800000.0,0.43,2656409.0,8168021.0,2.11,1.194,23927.0,0.73,,51.09,陕天然气,17.098,,1112075445.0,0,7.21,深市主板
SZ300277,-30.092962568252048,0.0,35.4223,11,1.57,False,0.01,2.021,765448286.0,12.95,5.73,50.0552,-0.26,9912555304.0,1790697600000.0,19639894333.0,0.525,100.0,1.9997931214879194,129.79,0.15,1.6013330163224149,303702285.15,0.2,1321977600000.0,0.07,22199041.0,23199497.0,1.92,2.021,23898.0,3.03,,35.65,汽轮科技,192.481,,1516594157.0,0,12.75,创业板
SZ300534,-24.93389059773723,,5.0236,11,-2.86,False,0.01,5.177,302059644.0,12.22,6.76,88.79,29.21,3691168850.0,,3706875900.0,0.164,100.0,4.905794746008122,161.06,0.08,-17.233709058835224,386416087.0,-0.36,1473696000000.0,0.11,8453178.0,30985200.0,0.64,5.176,23881.0,10.26,,43.99,陇神戎发,107.275,,303345000.0,0,12.58,创业板
SZ000819,-37.142039140868796,0.0,0.9631,11,-0.49,False,0.01,2.12,366020106.0,12.14,3.03,,-25.2,4443484087.0,1790697600000.0,4443484087.0,,100.0,-0.3951592917258807,544.03,0.25,24.386241988025926,42820091.74,-0.06,867168000000.0,-0.02,-3368953.0,3508501.0,1.16,2.14,23851.0,0.96,,0.0,岳阳兴长,-530.685,,366020106.0,0,12.2,深市主板
SZ300731,,0.0,6.4734,11,-3.61,False,0.01,11.879,168250864.0,41.37,8.5,,3.07,6960538244.0,1790697600000.0,7334260799.0,0.07,100.0,2.4823125001572834,425.06,0.29,25.561043481119185,220633926.4,-1.55,1512662400000.0,0.09,3766496.0,5185300.0,0.53,11.879,23817.0,3.08,,44.03,科创新源,481.566,,177284525.0,0,42.92,创业板
SZ300781,,0.0,6.2137,11,-5.54,False,0.01,7.493,121136784.0,25.42,6.43,71.412,-26.91,3079297049.0,1790697600000.0,4173337143.0,,100.0,-15.270698989980684,156.8,-0.04,10.132246722351201,103603461.01,-1.49,1559750400000.0,-0.56,-2396816.0,4013190.0,0.95,7.493,23816.0,3.31,,43.98,因赛集团,-45.304,,164175340.0,0,26.91,创业板
SZ002278,-3.3014281437456217,,3.7764,11,0.5,False,0.01,2.214,358821112.0,8.01,2.76,55.8913,-36.48,2874157107.0,,3112829491.0,0.749,100.0,2.682557868537879,-49.52,0.0,1.086982933879499,98889497.28,0.04,1249920000000.0,0.09,9547850.0,12303282.0,0.83,2.214,23803.0,3.43,,95.49,神开股份,89.988,,388617914.0,0,7.97,深市主板
SZ002134,5.974542697858287,0.0,3.3734,11,-4.35,False,0.01,9.91,246706580.0,22.66,10.55,41.9318,-15.42,5590371103.0,1790697600000.0,5615551257.0,,100.0,7.966102291728022,50.87,0.09,45.18897365655226,369029909.0,-1.03,1179244800000.0,0.17,6814269.0,15851500.0,0.85,9.91,23767.0,6.43,,114.98,天津普林,132.426,,247817796.0,0,23.69,深市主板
SZ300488,20.994284485580515,0.0,8.6933,11,-3.14,False,0.01,2.982,162247662.0,34.51,4.86,34.0117,6.46,5599166816.0,1790697600000.0,6599029704.0,0.855,100.0,10.344067971287194,303.3,0.23,13.02425265949394,150462062.95,-1.12,1435680000000.0,1.05,-874573.0,4346089.0,0.99,2.981,23766.0,2.68,,44.01,恒锋工具,32.886,,191220797.0,0,35.63,创业板
SZ300690,34.640810603855755,0.0,3.9304,11,-3.31,False,0.01,2.552,111580258.0,25.7,5.23,46.199,-20.87,2867612631.0,1790697600000.0,4249467218.0,1.973,100.0,12.120828755135753,88.38,0.23,15.308604765068146,305973763.19,-0.88,1502121600000.0,1.17,1488383.0,11734699.0,0.88,2.552,23744.0,10.52,,43.99,双一科技,21.898,,165348919.0,0,26.58,创业板
SZ300470,-7.181512546499668,0.0,3.2707,11,0.41,False,0.01,1.924,197334685.0,27.25,1.44,12.7087,-26.33,5377370166.0,1790697600000.0,5666221583.0,3.67,100.0,11.615794689625961,173.85,0.11,7.342894174074788,24410167.0,0.11,1434038400000.0,1.6,680999.0,894200.0,0.9,1.924,23723.0,0.45,,43.99,中密控股,17.027,,207934737.0,0,27.14,创业板
SZ001212,-29.984794481269983,0.0,18.2987,11,-3.48,False,0.01,3.666,180626449.0,34.92,5.83,78.6676,-31.12,6307475599.0,1790697600000.0,7017510070.0,,100.0,-2.0027074387663903,71.26,0.09,-20.60027581697137,142680386.99,-1.26,1629648000000.0,-0.18,-1676461.0,4016807.0,0.72,3.666,23666.0,2.22,,43.98,中旗新材,-192.375,,200959624.0,0,36.18,深市主板
SZ002978,-15.934546911840775,0.0,6.2496,11,1.28,False,0.01,1.334,369279558.0,25.37,2.08,11.946,-22.33,9368622386.0,1790697600000.0,11974385234.0,1.182,100.0,7.15373676787944,-9.17,-0.12,-0.2781268737193643,60878792.07,0.32,1587052800000.0,1.31,7777630.0,2401518.0,1.68,1.334,23655.0,0.65,,44.01,安宁股份,19.323,,471989958.0,0,25.05,深市主板
SZ000679,33.314924394216085,,4.9955,11,0.0,False,0.01,17.819,356400000.0,6.29,3.18,,-11.66,2241756000.0,,2241756000.0,,100.0,-54.39360764603165,137.95,0.8,43.916880269278266,36113399.1,0.0,854035200000.0,-0.26,-1365349.0,5740870.0,1.15,17.819,23622.0,1.61,,73.27,大连友谊,-23.84,,356400000.0,0,6.29,深市主板
SZ002482,,0.0,2.5805,11,0.0,False,0.01,12.364,3743709801.0,1.4,6.43,24.1422,-17.16,5241193721.0,1790697600000.0,5251347308.0,,100.0,-23.108307325125214,-81.16,-0.71,42.37051769611819,178415439.81,0.0,1285689600000.0,-0.03,4400618.0,124708961.0,1.35,12.367,23602.0,3.33,,15.53,广田集团,-48.927,,3750962363.0,0,1.4,深市主板
SZ300025,59.60022759641597,,5.4836,11,3.2,False,0.01,7.168,506881744.0,5.8,5.34,80.2118,0.69,2939914115.0,,2950998948.0,,100.0,-28.74625129908326,15.34,0.17,-10.26815467517601,68024492.0,0.18,1256832000000.0,-0.27,803354.0,11816400.0,1.17,7.168,23597.0,2.33,,128.89,华星创业,-21.286,,508792922.0,0,5.62,创业板
SZ300074,,,8.4213,11,-1.83,False,0.01,2.488,550027000.0,3.76,4.7,89.4024,-18.44,2068101520.0,,2069468656.0,,100.0,-19.22236399209048,-52.31,0.27,-27.36933333561826,51587154.48,-0.07,1272297600000.0,-0.32,-6372322.0,13659402.0,0.95,2.488,23592.0,2.48,,42.51,华平股份,-11.825,,550390600.0,0,3.83,创业板
SZ002397,44.70399198685071,,1.5757,11,-0.28,False,0.01,2.139,648248179.0,3.58,3.06,44.6647,-11.17,2320728481.0,,2677057566.0,,100.0,4.692543721500607,-22.76,0.0,-7.210039056666073,36815337.0,-0.01,1272470400000.0,0.08,-483386.0,10200300.0,0.87,2.139,23569.0,1.57,,17.98,梦洁股份,46.384,,747781443.0,0,3.59,深市主板
SZ300835,24.342862066131588,0.0,14.9859,11,-4.82,False,0.01,15.045,83575423.0,178.18,10.85,201.5694,172.13,14891468870.0,1790697600000.0,21247526677.0,0.109,100.0,12.090223516831573,1212.54,0.38,13.61902007735556,556452139.68,-9.03,1590336000000.0,1.3,-8858611.0,3049288.0,1.05,15.045,23553.0,3.65,,44.0,龙磁科技,136.986,,119247540.0,0,187.21,创业板
SZ002779,,0.0,11.1354,11,-2.87,False,0.01,15.537,165808335.0,73.32,5.26,,-35.3,12157067122.0,1790697600000.0,13549536000.0,0.236,100.0,13.74525243514528,881.55,-0.01,28.682905878163133,156351813.6,-2.17,1449590400000.0,0.62,744806.0,2109440.0,0.74,15.537,23513.0,1.27,,44.01,中坚科技,118.963,,184800000.0,0,75.49,深市主板
SZ300048,-36.245135532850156,0.0,0.8502,11,1.92,False,0.01,3.037,1129301795.0,4.78,2.35,,-19.66,5398062580.0,1790697600000.0,5412620366.0,,100.0,-4.1871666489717,-7.11,0.0,55.946743573927506,35377007.0,0.09,1263916800000.0,-0.07,5741219.0,7428800.0,1.23,3.037,23512.0,0.66,,23.77,合康新能,-72.503,,1132347357.0,0,4.69,创业板
SZ002096,0.06624238970769358,0.0,1.2505,11,0.55,False,0.01,1.402,1239619861.0,9.16,2.31,24.9738,-29.28,11354917927.0,1790697600000.0,11362437453.0,2.795,100.0,9.066890880674421,168.8,-0.33,-0.600067116119396,32634812.8,0.05,1166716800000.0,0.57,-1365159.0,3564321.0,1.11,1.402,23474.0,0.29,,74.31,易普力,15.971,,1240440770.0,0,9.11,深市主板
SZ000509,,,5.1736,11,0.29,False,0.01,34.5,1073124808.0,3.4,4.72,,-2.02,3648624347.0,,3648635377.0,,100.0,-21.63693971324335,72.03,0.59,-3.618616593014534,88078709.6,0.01,736704000000.0,-0.02,-6712050.0,25718356.0,0.62,34.483,23473.0,2.4,,1915.0,华塑控股,-142.198,,1073128052.0,0,3.39,深市主板
SZ002058,,,3.8977,11,10.0,False,0.01,44.001,143365832.0,22.22,3.96,40.0912,-4.96,3185588787.0,,3187421937.0,,100.0,17.911741164810486,475.36,0.0,73.79033014691423,104419028.0,2.02,1154448000000.0,0.23,-72576570.0,4724400.0,1.69,44.0,23462.0,3.3,,83.55,紫竹高科,94.666,,143448332.0,3,20.2,深市主板
SZ002360,121.42645868641915,,5.1225,11,-4.13,False,0.01,2.323,308500304.0,5.11,4.5,11.7146,5.58,1576436553.0,,2053066407.0,,100.0,-79.43709941461745,2.39,-0.2,-29.340506673822997,23027388.0,-0.22,1267545600000.0,-2.87,-1020382.0,4431100.0,0.63,2.323,23454.0,1.44,,62.18,ST同德,-1.781,,401774248.0,0,5.33,深市主板
SZ000552,-52.05044310641195,0.0,1.5442,11,1.2,False,0.01,0.801,3725813542.0,2.53,2.0,8.7542,9.52,9426308261.0,1790697600000.0,13540096443.0,,100.0,0.9108627402568832,355.86,0.0,-4.608199711769578,192167580.24,0.03,757785600000.0,0.03,8373124.0,75670692.0,1.54,0.816,23411.0,2.03,,106.67,甘肃能化,87.448,,5351816776.0,0,2.5,深市主板
SZ002193,-16.684284333639642,,3.2118,11,-1.1,False,0.01,5.701,261714050.0,4.48,3.31,,-15.79,1172478944.0,,1172485664.0,,100.0,-94.20237176547667,-63.7,0.0,-1.0337016910898833,9173346.45,-0.05,1196956800000.0,-1.4,-903114.0,2028100.0,0.85,5.7,23384.0,0.77,,88.37,ST如意,-3.201,,261715550.0,0,4.53,深市主板
SZ300021,,,0.9468,11,-1.31,False,0.01,1.444,873233219.0,3.77,2.62,,-17.65,3292089236.0,,3854325358.0,0.531,100.0,1.467035758678468,68.98,0.27,10.62402289874087,50499356.32,-0.05,1256832000000.0,0.03,-10361882.0,13287285.0,1.21,1.444,23321.0,1.52,,128.79,大禹节水,109.504,,1022367469.0,0,3.82,创业板
SZ300680,9.980226156781091,0.0,2.1413,11,-3.78,False,0.01,2.827,226365608.0,19.34,4.88,23.087,-54.74,4377910859.0,1790697600000.0,5688162594.0,0.796,100.0,11.25312751798658,537.38,0.0,13.46060980428887,89436378.3,-0.76,1500912000000.0,0.75,-476341.0,4554280.0,1.06,2.827,23314.0,2.01,,44.01,隆盛科技,25.774,,294113888.0,0,20.1,创业板
SZ300788,-10.751365513383337,0.0,3.3106,11,-2.71,False,0.01,2.464,190151515.0,29.08,4.48,27.7539,6.93,5529606056.0,1790697600000.0,5529606056.0,1.004,100.0,3.8469687946756927,79.79,0.0,-1.5927119630749997,172496373.6,-0.81,1562256000000.0,0.45,7402276.0,5906498.0,0.44,2.464,23293.0,3.11,,43.97,中信出版,64.328,,190151515.0,0,29.89,创业板
SZ003007,-48.68816520679539,,7.9437,11,-1.57,False,0.01,3.057,72587657.0,38.77,4.32,16.2209,4.04,2814223462.0,,4635901116.0,0.077,100.0,2.9837606985214014,82.6,0.1,34.522301222144506,47913427.0,-0.62,1600790400000.0,0.29,161698.0,1220600.0,0.83,3.057,23288.0,1.68,,44.02,直真科技,131.635,,119574442.0,0,39.39,深市主板
SZ300365,303.49104177249745,,3.9699,11,-1.32,False,0.01,1.717,511724617.0,4.48,4.63,,-29.11,2292526284.0,,2687352501.0,,100.0,-15.391907779319894,-3.85,0.45,-23.495900569704155,38792866.0,-0.06,1390406400000.0,-0.44,971434.0,8591300.0,0.97,1.717,23264.0,1.68,,45.2,恒华科技,-10.116,,599855469.0,0,4.54,创业板
SZ300585,380.7417578159118,,5.5399,11,-2.21,False,0.01,3.752,171111111.0,13.7,6.21,39.0283,-22.99,2344222221.0,,2344222221.0,,100.0,-12.94468174441209,115.86,0.74,-8.595382738569546,96830758.0,-0.31,1482940800000.0,-0.51,3729070.0,6994400.0,0.49,3.752,23261.0,4.09,,44.02,奥联电子,-27.121,,171111111.0,0,14.01,创业板
SZ300701,18.24010541847656,,6.6596,11,-2.13,False,0.01,2.768,252153734.0,9.63,4.27,30.6498,-24.88,2428240458.0,,2692483739.0,1.786,100.0,8.674357225771745,125.06,-0.31,8.973701942206635,32280807.0,-0.21,1505404800000.0,0.29,-393672.0,3293800.0,1.12,2.799,23254.0,1.31,,43.99,森霸传感,32.884,,279593327.0,0,9.84,创业板
SZ301078,50.29918045792374,0.0,0.8284,11,-1.72,False,0.01,1.965,1260986021.0,6.85,2.58,7.3689,-33.38,8637754244.0,1790697600000.0,8662324612.0,1.08,100.0,7.462322474485732,-66.47,0.0,6.784866696200886,83055921.52,-0.12,1634140800000.0,0.26,-8647118.0,12034778.0,1.14,1.965,23248.0,0.95,,303.81,孩子王,26.561,,1264572936.0,0,6.97,创业板
SZ300234,-76.69619155965513,,18.3717,11,1.39,False,0.01,4.565,343987044.0,10.2,8.05,59.8255,85.45,3508667849.0,,5132345118.0,,100.0,-1.9254523057387538,313.06,0.39,-25.336554910709552,179525496.53,0.14,1308672000000.0,-0.04,-18278306.0,17309694.0,0.94,4.565,23172.0,5.03,,27.25,开尔新材,-234.892,,503171090.0,0,10.06,创业板
SZ300412,-28.917585572120974,,1.9223,11,-0.22,False,0.01,2.209,467861646.0,4.53,2.86,11.4451,-14.24,2119413256.0,,2254837566.0,1.28,100.0,1.9711267148611735,133.59,0.44,1.7520322220659912,39049831.1,-0.01,1419955200000.0,0.04,-245652.0,8604010.0,1.21,2.209,23149.0,1.84,,43.97,迦南科技,111.592,,497756637.0,0,4.54,创业板
SZ000548,-43.73734586255959,,5.4344,11,-0.43,False,0.01,1.119,499215811.0,4.62,2.16,,-14.48,2306377047.0,,2306377047.0,0.649,100.0,1.399070793750049,111.98,0.22,-35.75199654947034,20327253.25,-0.02,756316800000.0,0.06,-752372.0,4378511.0,1.2,1.119,23135.0,0.88,,129.17,湖南投资,80.241,,499215811.0,0,4.64,深市主板
SZ300531,,0.0,2.7582,11,0.46,False,0.01,3.3,311608338.0,15.32,3.61,,-14.66,4773839738.0,1790697600000.0,4918929744.0,0.516,100.0,9.729878336273096,212.6,0.2,17.29462427784627,125360449.5,0.07,1470672000000.0,0.42,-854804.0,8099250.0,1.72,3.3,23117.0,2.6,,44.01,优博讯,36.707,,321078965.0,0,15.25,创业板
SZ002225,-57.43004549597447,0.0,0.7426,11,0.58,False,0.01,0.98,974929053.0,3.44,4.68,28.9669,-38.87,3353755942.0,1790697600000.0,3987782666.0,1.424,100.0,0.8758038305155578,-36.79,0.29,-1.335119422497355,76996569.32,0.02,1209052800000.0,0.03,12842315.0,22246600.0,1.32,0.98,23116.0,2.28,,213.15,濮耐股份,121.239,,1159239147.0,0,3.42,深市主板
SZ000573,-22.588069838653603,,4.0065,11,0.77,False,0.01,1.562,632559819.0,3.93,3.08,,-3.68,2485960089.0,,2508442774.0,1.272,100.0,0.7722690153941445,211.9,0.26,27.19985611116533,60118571.27,0.03,776880000000.0,0.02,105692.0,15348609.0,1.1,1.562,23115.0,2.43,,52.04,粤宏远A,198.962,,638280604.0,0,3.9,深市主板
SZ300908,6.251494184713868,,3.3033,11,1.8,False,0.01,2.109,178339160.0,17.54,2.73,16.2844,-4.82,3128068866.0,,3713218000.0,3.934,100.0,11.51164583574018,-64.59,0.0,5.537672430725471,46805659.35,0.31,1606060800000.0,0.94,124470.0,2668949.0,1.46,2.109,23081.0,1.5,,203.98,仲景食品,18.604,,211700000.0,0,17.23,创业板
SZ000551,28.40707331965735,0.0,1.2813,11,-0.26,False,0.01,1.841,484361977.0,11.63,2.49,8.4505,-20.64,5633129793.0,1790697600000.0,5637445325.0,0.516,100.0,10.65812329735693,1172.01,0.26,1.9700777667082114,72468302.81,-0.03,757785600000.0,0.65,-4751344.0,6207407.0,0.83,1.841,23062.0,1.28,,94.57,创元科技,17.985,,484733046.0,0,11.66,深市主板
SZ300421,-13.249270144751845,0.0,4.2098,11,-4.17,False,0.01,3.746,233402947.0,16.08,5.78,58.4295,-55.98,3753119388.0,1790697600000.0,4728010183.0,0.933,100.0,4.199626759265721,301.81,-0.12,4.350953217187081,73420563.86,-0.7,1424102400000.0,0.18,-2399226.0,4489374.0,0.99,3.746,23061.0,1.92,,44.03,力星股份,89.423,,294030484.0,0,16.78,创业板
SZ002203,-8.760321156203377,0.0,0.4394,11,-2.89,False,0.01,2.283,2250397227.0,16.82,5.02,,33.67,37851681358.0,1790697600000.0,38547323709.0,1.029,100.0,5.60232140671326,150.38,0.36,6.521200254117043,225071815.56,-0.5,1200412800000.0,0.38,-8876485.0,13221639.0,0.87,2.283,23009.0,0.59,,169.92,海亮股份,44.189,,2291755274.0,0,17.32,深市主板
SZ301200,180.63539614532772,0.0,12.7278,11,-3.02,False,0.01,8.849,425238073.0,218.01,5.73,,84.07,92706152295.0,1790697600000.0,106608577615.0,0.275,100.0,17.416186576009483,211.97,0.47,94.8062869417984,522851576.92,-6.78,1645977600000.0,3.1,12102718.0,2356742.0,1.02,8.849,23003.0,0.55,,-13.58,大族数控,70.236,,489007741.0,0,224.79,创业板
SZ300900,,0.0,6.5146,11,0.09,False,0.01,3.626,256732459.0,21.5,6.61,138.2369,-44.97,5519747869.0,1790697600000.0,7045987181.0,,100.0,-8.385739135297902,-56.43,0.05,15.26572049899868,271831054.57,0.02,1603900800000.0,-0.43,9901999.0,12406156.0,1.21,3.626,22926.0,4.83,,304.53,广联航空,-50.162,,327720334.0,0,21.48,创业板
SZ002930,41.378188401265234,0.0,3.259,11,1.34,False,0.01,2.111,433418021.0,9.05,3.14,5.4982,-18.69,3922433090.0,1790697600000.0,4144947205.0,,100.0,-17.05034582967658,82.44,0.22,-4.328133074029905,40602396.51,0.12,1522166400000.0,-0.86,4794652.0,4480039.0,1.05,2.111,22908.0,1.03,,43.96,宏川智慧,-10.529,,458005216.0,0,8.93,深市主板
SZ300461,12.93646826564283,0.0,16.26,11,0.43,False,0.01,10.529,144711257.0,37.51,9.83,,96.59,5428119250.0,1790697600000.0,5909276337.0,,100.0,3.2717337433955676,619.6,0.0,22.53636601822995,490383956.4,0.16,1431964800000.0,0.11,25085610.0,12759341.0,1.55,10.529,22902.0,8.82,,43.94,田中精机,338.344,,157538692.0,0,37.35,创业板
SZ002289,883.0723141573906,,12.3644,11,-1.66,False,0.01,18.43,274431233.0,32.65,10.21,30.1378,11.93,8960179757.0,,9150284382.0,,100.0,74.8051273360815,137.07,0.43,104.74076462690766,136813500.0,-0.55,1251907200000.0,0.96,2068160.0,4068900.0,1.61,18.43,22897.0,1.48,,39.92,宇顺电子,33.852,,280253733.0,0,33.2,深市主板
SZ002546,182.34558710076135,0.0,8.5349,11,0.27,False,0.01,1.48,801227371.0,7.36,1.91,106.8777,6.76,5897033451.0,1790697600000.0,6138601347.0,1.63,100.0,22.33753111848581,100.13,0.0,6.39531224658707,47972349.7,0.02,1297353600000.0,1.01,-1807251.0,6492415.0,0.95,1.48,22890.0,0.81,,37.28,新联电子,7.279,,834049096.0,0,7.34,深市主板
SZ300975,275.29229745467944,0.0,1.147,11,-3.59,False,0.01,5.396,494525864.0,22.26,6.84,,75.73,11008145733.0,1790697600000.0,15292744745.0,0.296,100.0,28.4676404352146,35.52,0.32,54.82726717917408,581713987.75,-0.83,1618934400000.0,1.05,11377263.0,25600991.0,0.93,5.396,22886.0,5.18,,449.64,商络电子,21.202,,687005604.0,0,23.09,创业板
SZ300745,,0.0,1.4177,11,-2.0,False,0.01,1.921,142229048.0,25.48,6.42,6.9651,-1.09,3623996143.0,1790697600000.0,4295074930.0,,100.0,-1.3806205958137794,66.57,0.83,36.13076088792306,124808819.96,-0.52,1527004800000.0,-0.18,-982872.0,4838300.0,0.94,1.921,22881.0,3.4,,44.03,欣锐科技,-138.911,,168566520.0,0,26.0,创业板
SZ300629,31.98582502444678,0.0,9.545,11,-1.7,False,0.01,2.46,216924037.0,17.3,4.77,27.0637,-26.8,3752785840.0,1790697600000.0,4349625235.0,0.803,100.0,5.986593342905837,355.86,-0.12,2.2274157395062444,105898742.7,-0.3,1490284800000.0,0.41,4858272.0,6045171.0,0.59,2.46,22868.0,2.79,,43.96,新劲刚,41.929,,251423424.0,0,17.6,创业板
SZ300617,-25.365616397766445,0.0,6.3075,11,-0.2,False,0.01,1.858,138872724.0,34.22,3.21,35.9975,7.27,4752224615.0,1790697600000.0,5670516262.0,,100.0,2.8185034095434642,148.15,0.0,1.709993798248144,71713138.0,-0.07,1488211200000.0,0.51,305307.0,2078100.0,0.98,1.857,22867.0,1.5,,44.01,安靠智电,67.522,,165707664.0,0,34.29,创业板
SZ000557,-32.730956248567566,0.0,3.8163,11,0.27,False,0.01,0.834,1457916198.0,3.65,2.2,12.8878,-26.3,5321394123.0,1790697600000.0,5323067783.0,0.548,100.0,1.1363604765213684,492.34,0.0,-4.1745962756062465,28756033.68,0.01,771782400000.0,0.05,-1691996.0,7873276.0,1.17,0.834,22842.0,0.54,,29.15,西部创业,73.621,,1458374735.0,0,3.64,深市主板
SZ002445,-33.73797214546384,0.0,6.4288,11,0.97,False,0.01,3.228,2366254223.0,3.11,1.62,,19.62,7359050634.0,1790697600000.0,7391249421.0,,100.0,1.953172242118369,18.34,0.32,16.194154387637806,98228306.73,0.03,1278950400000.0,0.02,8754708.0,31706197.0,0.79,3.228,22837.0,1.34,,7.18,中南文化,166.977,,2376607531.0,0,3.08,深市主板
SZ002810,6.604500988308559,0.0,3.262,11,0.45,False,0.01,3.006,323078266.0,20.29,3.17,11.5147,39.42,6555258017.0,1790697600000.0,7061973315.0,1.952,100.0,10.331695841702448,516.21,0.2,15.691574086580552,54775344.0,0.09,1472140800000.0,0.69,1129199.0,2684400.0,0.86,3.119,22825.0,0.83,,44.0,山东赫达,29.234,,348051913.0,0,20.2,深市主板
SZ300254,123.0619782856217,,2.7789,11,-0.11,False,0.01,5.25,230508050.0,9.18,4.46,15.1982,-9.29,2116063899.0,,2361174608.0,,100.0,8.177313517551887,-23.7,0.44,0.9171561663099848,115609842.0,-0.01,1313683200000.0,0.11,7335420.0,12464900.0,1.39,5.251,22817.0,5.41,,29.38,仟源医药,82.111,,257208563.0,0,9.19,创业板
SZ002005,,,7.174,11,-1.83,False,0.01,15.486,1751993158.0,2.68,2.93,,8.06,4695341663.0,,4696498619.0,,100.0,14.866764934641694,7.7,0.0,-6.449452514743282,48833678.27,-0.05,1088092800000.0,0.02,-961045.0,18032799.0,0.52,15.482,22800.0,1.03,,42.42,德豪润达,110.396,,1752424858.0,0,2.73,深市主板
SZ300453,13.741231974745682,,2.7532,11,0.0,False,0.01,3.164,364818406.0,9.05,1.44,11.0678,7.2,3301606574.0,,4724862689.0,3.315,100.0,19.857077756038084,296.36,0.33,11.535421435082881,38834914.2,0.0,1431619200000.0,0.54,-1552439.0,4280020.0,1.11,3.164,22763.0,1.17,,43.98,三鑫医疗,16.759,,522084275.0,0,9.05,创业板
SZ301155,21.523884721424945,0.0,3.6166,11,3.88,False,0.01,1.794,124537946.0,46.54,7.05,47.713,-42.3,5795996007.0,1790697600000.0,10117399386.0,0.344,100.0,0.859292672833691,-70.9,0.11,-36.83214035760171,388180621.71,1.74,1637683200000.0,0.22,-3876458.0,8492660.0,1.33,1.794,22746.0,6.82,,175.3,海力风电,209.415,,217391478.0,0,44.8,创业板
SZ002926,87.23440085567509,0.0,4.0516,11,-0.49,False,0.01,0.84,2625000000.0,8.11,1.84,1.8524,-9.99,21288750000.0,1790697600000.0,21288750000.0,3.021,100.0,7.842053365922136,-21.42,-0.25,23.816227431673976,91498454.86,-0.04,1517760000000.0,0.74,-6088900.0,11207179.0,1.11,0.84,22695.0,0.43,,43.97,华西证券,11.032,,2625000000.0,0,8.15,深市主板
SZ300350,19.895249990863807,,4.4111,11,2.28,False,0.01,3.17,461829061.0,4.93,5.19,,-21.87,2276817271.0,,2770720535.0,,100.0,-5.337807736903652,35.21,0.0,34.018126866372775,147291984.34,0.11,1345478400000.0,-0.09,11736250.0,29925045.0,0.84,3.17,22684.0,6.48,,54.0,华鹏飞,-57.834,,562012279.0,0,4.82,创业板
SZ300619,,0.0,2.8669,11,17.57,False,0.01,3.969,190432446.0,28.17,19.53,22.8524,-16.5,5364482004.0,1790697600000.0,6372041464.0,0.089,100.0,4.8828042938231935,379.91,0.04,7.3498367404567055,698192837.2,4.21,1488297600000.0,0.34,46223288.0,25340977.0,3.08,4.034,22580.0,13.31,,43.99,金银河,83.415,,226199555.0,0,23.96,创业板
SZ300165,,,3.9876,11,-0.2,False,0.01,2.316,420508804.0,4.97,3.21,14.0343,3.33,2089928756.0,,2462693273.0,,100.0,-17.47510756853278,-43.28,0.2,-15.402052692265922,54587590.0,-0.01,1295884800000.0,-0.41,1119006.0,10929700.0,0.75,2.316,22560.0,2.6,,-16.68,天瑞仪器,-12.088,,495511725.0,0,4.98,创业板
SZ002442,-35.90124457571795,,0.5929,11,0.75,False,0.01,1.452,491510767.0,5.39,2.99,,-13.2,2649243034.0,,2713184168.0,,100.0,1.442669396434515,8.01,0.19,4.414943363193546,92108434.0,0.04,1278345600000.0,0.05,-241008.0,17051000.0,0.67,1.452,22557.0,3.47,,20.88,龙星科技,101.432,,503373686.0,0,5.35,深市主板
SZ300814,36.66649001792723,0.0,10.3127,11,-2.65,False,0.01,13.895,191430132.0,118.63,9.4,259.5923,60.49,22709356559.0,1790697600000.0,22709356559.0,0.042,100.0,3.1224969394481454,318.51,0.11,27.851573959116838,537357091.73,-3.23,1628697600000.0,0.27,17692058.0,4395568.0,0.68,13.895,22544.0,2.3,,265.48,中富电路,445.472,,191430132.0,0,121.86,创业板
SZ002722,19.526900321823447,,1.157,11,0.69,False,0.01,0.985,222357010.0,13.22,1.98,27.3638,-10.37,2939559672.0,,2939757972.0,1.581,100.0,6.29779113711043,73.13,-0.08,-1.2827140234389134,34229795.8,0.09,1390838400000.0,0.8,1746608.0,2582205.0,1.13,0.985,22533.0,1.16,,44.15,物产金轮,16.615,,222372010.0,0,13.13,深市主板
SZ300080,,0.0,2.2071,11,0.0,False,0.01,1.675,1873127461.0,3.69,2.71,,-24.07,6911840331.0,1790697600000.0,6912773809.0,,100.0,-17.373903562137013,-77.26,0.0,-33.95975128094514,43983597.0,0.0,1277395200000.0,-0.42,-3125715.0,11885800.0,0.89,1.675,22512.0,0.63,,-3.25,易成新能,-8.764,,1873380436.0,0,3.69,创业板
SZ300612,51.42546605579212,,7.895,11,-1.97,False,0.01,4.96,182044746.0,11.92,3.45,36.7607,-33.07,2169973372.0,,2181193072.0,,100.0,-20.82030915671232,40.82,0.17,-40.88975543716494,51581812.08,-0.24,1487088000000.0,-0.53,-223371.0,4299098.0,0.83,4.96,22500.0,2.36,,43.99,宣亚国际,-22.491,,182985996.0,0,12.16,创业板
SZ300022,,,1.3136,11,-0.39,False,0.01,7.443,494225980.0,7.73,2.84,15.7995,-1.15,3820366825.0,,3820478137.0,,100.0,-5.643558786442895,-2.8,0.26,4.637143974367319,40818099.0,-0.03,1256832000000.0,-0.06,592639.0,5251600.0,0.82,7.443,22499.0,1.06,,98.93,吉峰科技,-128.326,,494240380.0,0,7.76,创业板
SZ300289,,,10.3226,11,-0.5,False,0.01,2.01,543156487.0,6.03,4.29,87.4071,-13.49,3275233617.0,,3280389267.0,,100.0,-1.5715519652733694,-2.37,0.17,-12.52095484772603,58994567.0,-0.03,1329321600000.0,-0.05,-253713.0,9654400.0,1.56,2.01,22498.0,1.78,,27.0,利德曼,-126.896,,544011487.0,0,6.06,创业板
SZ002187,55.11634721489153,0.0,1.6407,11,-1.09,False,0.01,0.954,700894633.0,5.45,2.36,13.1448,-28.01,3819875750.0,1790697600000.0,3819875750.0,,100.0,-1.472166165305745,-60.67,0.0,-30.851736729878542,31167519.0,-0.06,1195660800000.0,-0.08,-696158.0,5696500.0,0.76,0.954,22478.0,0.81,,233.05,广百股份,-64.47,,700894633.0,0,5.51,深市主板
SZ002021,-91.22999188101532,,3.6445,11,-1.16,False,0.01,4.936,1195437891.0,2.55,3.88,27.1911,3.24,3048366622.0,,3048467174.0,,100.0,-3.0025053258181904,168.14,0.0,5.008137166625493,68022565.57,-0.03,1089820800000.0,-0.02,-6890398.0,26379698.0,1.13,4.936,22472.0,2.21,,13.19,中捷资源,-162.264,,1195477323.0,0,2.58,深市主板
SZ002116,-4.837862076538735,0.0,0.6085,11,-0.69,False,0.01,1.431,552152964.0,7.15,1.94,252.1436,-14.46,3947893693.0,1790697600000.0,3996512935.0,2.559,100.0,11.500256673893098,153.29,-0.28,-3.5356512006041396,23317203.4,-0.05,1171468800000.0,0.55,-1121645.0,3240400.0,1.28,1.43,22462.0,0.59,,178.49,中国海诚,12.983,,558952858.0,0,7.2,深市主板
SZ000779,-22.866082202588657,,1.9234,11,0.12,False,0.01,0.973,464779692.0,8.4,2.74,17.2691,2.84,3904149413.0,,3904567397.0,0.714,100.0,3.0314768522302074,56.8,0.36,-5.846594535965854,131975382.0,0.01,864748800000.0,0.26,368130.0,15698000.0,0.74,0.973,22431.0,3.38,,175.27,甘咨询,32.487,,464829452.0,0,8.39,深市主板
SZ300349,-26.678087592083678,0.0,1.3438,11,-1.48,False,0.01,0.928,369737928.0,9.96,2.77,8.4341,-35.16,3682589763.0,1790697600000.0,4155444597.0,2.51,100.0,4.809725353123678,110.75,-0.1,-2.4767618822206905,51419415.4,-0.15,1345132800000.0,0.51,-7729106.0,5121505.0,0.68,0.928,22430.0,1.39,,7.1,金卡智能,19.548,,417213313.0,0,10.11,创业板
SZ300240,-28.369265280741217,,0.3428,11,1.3,False,0.01,1.602,363338504.0,6.23,2.28,6.298,-17.08,2263598880.0,,2314837179.0,0.321,100.0,0.31060160867699665,-4.88,0.16,12.19393919257934,41456168.98,0.08,1309881600000.0,0.01,-5593580.0,6668104.0,1.31,1.602,22408.0,1.84,,62.8,飞力达,518.472,,371562950.0,0,6.15,创业板
SZ300608,,,5.5202,11,0.0,False,0.01,2.361,304366058.0,9.8,3.37,31.1059,-11.47,2982787368.0,,3410685298.0,,100.0,-13.43045452105232,93.44,0.51,-10.666352500130948,51763848.6,0.0,1486915200000.0,-0.56,-1503150.0,5263000.0,0.84,2.361,22360.0,1.73,,44.0,思特奇,-17.538,,348029112.0,0,9.8,创业板
SZ002909,,,2.5121,11,-0.45,False,0.01,3.041,380427383.0,6.68,6.11,29.3686,-1.91,2541254918.0,,2605200000.0,,100.0,-3.77195888075027,107.96,-0.45,-9.530858697943955,380106881.54,-0.03,1508947200000.0,-0.08,-5964251.0,55647740.0,0.76,3.041,22270.0,14.63,,44.04,集泰股份,-78.719,,390000000.0,0,6.71,深市主板
SZ002748,97.92387584555968,,1.386,11,2.98,False,0.01,2.029,240000000.0,12.45,5.29,13.6809,-2.92,2988000000.0,,2988000000.0,0.602,100.0,8.223617099494188,46.74,0.24,3.2678911082004936,86754437.0,0.36,1426694400000.0,0.49,4311963.0,6980000.0,2.38,2.029,22256.0,2.91,,44.02,世龙实业,25.533,,240000000.0,0,12.09,深市主板
SZ002991,-12.067036695521516,0.0,1.618,11,-0.08,False,0.01,2.113,49933706.0,38.54,1.89,11.4362,-29.66,1924445029.0,1790697600000.0,3592538127.0,4.19,100.0,12.860486731923954,-0.02,0.1,8.687085589147348,36397279.98,-0.03,1596124800000.0,2.29,-1132919.0,945822.0,1.24,2.112,22230.0,1.89,,43.99,甘源食品,16.795,,93215831.0,0,38.57,深市主板
SZ002688,-32.87132382810576,0.0,1.4862,11,0.19,False,0.01,1.921,748964117.0,5.21,6.92,7.412,-10.85,3902103050.0,1790697600000.0,4362737822.0,1.727,100.0,0.8944136940126444,28.53,-0.19,11.292025428028385,107553696.76,0.01,1342108800000.0,0.02,592187.0,20137478.0,3.82,1.701,22207.0,2.69,,70.67,金河生物,212.483,,837377701.0,0,5.2,深市主板
SZ300219,7.095604999990468,0.0,1.0045,11,-2.1,False,0.01,1.797,706648891.0,6.52,4.8,10.7688,-8.58,4607350769.0,1790697600000.0,4615791659.0,1.534,100.0,4.790417224203993,72.79,0.31,9.039854256942736,91958436.21,-0.14,1305648000000.0,0.17,-7550963.0,13987459.0,0.87,1.797,22203.0,1.98,,14.44,鸿利智汇,37.377,,707943506.0,0,6.66,创业板
SZ300332,,0.0,1.6336,11,4.58,False,0.01,1.089,812487790.0,5.02,5.0,6.056,-3.83,4078688706.0,1790697600000.0,4255503020.0,,100.0,-6.766533917184302,1.88,0.2,-16.469272478456244,184313713.67,0.22,1340812800000.0,-0.33,10583603.0,36958864.0,2.94,1.105,22117.0,4.55,,33.62,天壕能源,-15.346,,847709765.0,0,4.8,创业板
SZ300099,2.7441174681836378,0.0,8.4601,11,-1.14,False,0.01,1.932,537831403.0,6.06,2.94,151.8156,-18.25,3259258302.0,1790697600000.0,4467827445.0,2.31,100.0,7.573375024770512,27.24,0.0,-11.955800682814965,43559004.89,-0.07,1281024000000.0,0.24,-2373657.0,7121015.0,0.61,1.932,22108.0,1.32,,60.12,尤洛卡,25.549,,737265255.0,0,6.13,创业板
SZ002637,43.81098855778003,0.0,0.3801,11,-0.19,False,0.01,1.319,464770890.0,10.35,2.7,9.7136,2.03,4810378712.0,1790697600000.0,4868650350.0,1.111,100.0,5.9906052407197485,15.99,0.1,9.106221666749503,131402070.01,-0.02,1322150400000.0,0.48,-8757849.0,12632900.0,0.88,1.319,22100.0,2.72,,17.42,赞宇科技,21.688,,470401000.0,0,10.37,深市主板
SZ300584,8.395773404468997,0.0,5.582,11,8.4,False,0.01,3.779,82131521.0,33.8,12.48,350.4612,-32.53,2776045410.0,1790697600000.0,4056000000.0,0.296,100.0,4.255213878027215,301.39,0.33,15.211356232635008,374718250.95,2.62,1484150400000.0,0.37,62424173.0,11196568.0,4.17,3.778,22083.0,13.63,,44.01,海辰药业,90.202,,120000000.0,0,31.18,创业板
SZ300507,-17.976634988883845,0.0,2.3357,11,-0.48,False,0.01,2.321,778347148.0,6.21,3.53,47.5265,-31.88,4833535789.0,1790697600000.0,4992854326.0,0.966,100.0,4.483784478636778,108.94,0.0,20.62783929804397,43247521.56,-0.03,1461859200000.0,0.12,-698818.0,6879104.0,1.08,2.311,22077.0,0.88,,43.98,苏奥传感,52.529,,804002307.0,0,6.24,创业板
SZ000565,,,6.6344,11,1.1,False,0.01,2.166,433592220.0,6.41,2.84,,-11.98,2779326130.0,,2779326130.0,0.234,100.0,1.069306079638541,528.8,0.63,-3.5390887832883133,57124354.64,0.07,765734400000.0,0.03,623806.0,8971864.0,0.87,2.166,22055.0,2.07,,95.95,渝三峡A,205.105,,433592220.0,0,6.34,深市主板
SZ000637,-23.945866539709705,,0.6489,11,1.19,False,0.01,4.657,364589305.0,4.25,2.86,122.2088,-1.16,1549504546.0,,2209470263.0,,100.0,-17.66086268743864,352.03,-0.23,-6.3834786594691995,29038309.0,0.05,847900800000.0,-0.18,-198000.0,6812100.0,0.81,4.658,21992.0,1.87,,2061.16,茂化实华,-24.06,,519875356.0,0,4.2,深市主板
SZ300269,130.3350170333937,,5.6735,11,-1.75,False,0.01,32.374,525645328.0,4.48,6.36,,-31.71,2354891069.0,,2450451714.0,,100.0,-19.743933368791307,-5.25,0.22,-29.557238197829648,141247390.0,-0.08,1318348800000.0,-0.03,6533895.0,30876900.0,0.99,32.511,21969.0,5.87,,12.3,联建光电,-157.183,,546975829.0,0,4.56,创业板
SZ002144,-32.90800219684,,4.3303,11,0.27,False,0.01,0.911,137659201.0,11.06,2.9,31.1216,-12.44,1522510763.0,,1954993560.0,0.452,100.0,1.2137965498951575,-48.74,-0.27,-8.39637150966871,47574283.0,0.03,1186070400000.0,0.15,1162320.0,4282400.0,1.47,0.911,21961.0,3.11,,538.12,宏达高科,75.729,,176762528.0,0,11.03,深市主板
SZ300589,,0.0,5.9594,11,-0.22,False,0.01,7.581,222537759.0,13.57,5.66,32.129,-24.82,3019837390.0,1790697600000.0,5124954706.0,,100.0,-17.940057895261184,551.0,0.74,-4.912936767548393,227959076.22,-0.03,1484236800000.0,-0.35,4121319.0,16571577.0,1.08,7.581,21876.0,7.45,,44.01,江龙船艇,-38.464,,377667996.0,0,13.6,创业板
SZ002873,-54.372513603817076,,2.8587,11,-0.94,False,0.01,1.617,239690548.0,8.47,3.27,16.3332,-14.34,2030178942.0,,2067559237.0,0.342,100.0,0.6658922301572746,34.95,0.24,-10.047565052125151,41208032.35,-0.08,1495123200000.0,0.03,-2419887.0,4837829.0,1.09,1.617,21828.0,2.02,,44.0,新天药业,251.931,,244103806.0,0,8.55,深市主板
SZ002394,-40.200117520556546,,0.8878,11,1.48,False,0.01,0.801,323389205.0,10.3,2.17,13.9737,-32.21,3330908812.0,,3334110000.0,4.854,100.0,3.30024172488777,-5.01,0.0,-6.381198201692751,37340298.0,0.15,1271952000000.0,0.43,1767799.0,3632200.0,0.63,0.801,21826.0,1.12,,37.78,联发股份,24.01,,323700000.0,0,10.15,深市主板
SZ000608,8.355390474543988,,15.8495,11,-1.99,False,0.01,2.56,576849309.0,6.91,5.11,137.8247,162.74,3986028725.0,,5181900965.0,,100.0,-10.758472594812533,910.97,0.0,-11.814720462526541,127402941.0,-0.14,843062400000.0,-0.31,-8725741.0,18155200.0,1.02,2.56,21826.0,3.15,,111.22,阳光股份,-22.437,,749913309.0,0,7.05,深市主板
SZ002319,84.61979558530143,,4.7253,11,-1.38,False,0.01,11.607,209472510.0,10.0,3.85,247.9531,-16.94,2094725100.0,,2094725100.0,,100.0,-0.22071419144219373,-41.48,0.3,7.563898137570213,50655399.0,-0.14,1260460800000.0,0.0,653725.0,5042100.0,0.74,11.606,21816.0,2.41,,206.93,乐通股份,-5282.456,,209472510.0,0,10.14,深市主板
SZ002911,9.144788169119744,0.0,0.4861,11,4.64,False,0.01,3.444,1277184508.0,11.73,5.17,5.9475,0.72,14981374279.0,1790697600000.0,15227602486.0,4.433,100.0,12.653832949771699,110.17,-0.34,3.8809805584770096,126420820.54,0.52,1511280000000.0,0.81,11555475.0,10861660.0,2.42,3.444,21813.0,0.85,,43.97,佛燃能源,14.494,,1298175830.0,0,11.21,深市主板
SZ300753,,,7.6971,11,-1.98,False,0.01,3.882,88566453.0,20.25,8.08,67.5747,-27.03,1793470673.0,,2552472000.0,,100.0,-2.1849921813962694,57.15,0.35,-8.854654714609634,91771198.17,-0.41,1544630400000.0,-0.12,4828851.0,4423104.0,1.24,3.882,21788.0,4.99,,43.99,爱朋医疗,-175.713,,126048000.0,0,20.66,创业板
SZ300528,,0.0,6.8451,11,-2.61,False,0.01,13.839,372608054.0,12.71,3.45,147.2836,-38.86,4735848366.0,1790697600000.0,4735848366.0,,100.0,-45.05366601922733,76.78,0.24,-20.61395052447077,91212663.6,-0.34,1470585600000.0,-0.53,2981097.0,7098240.0,0.72,13.839,21759.0,1.91,,43.96,幸福蓝海,-23.8,,372608054.0,0,13.05,创业板
SZ300215,,0.0,8.3967,11,1.7,False,0.01,2.447,749094187.0,6.57,4.33,15.0009,3.33,4921548809.0,1790697600000.0,4921548809.0,0.091,100.0,3.0028378984712116,55.45,-0.15,0.743479181365081,117143363.95,0.11,1305043200000.0,0.08,8178989.0,17751671.0,0.68,2.447,21747.0,2.37,,6.58,电科院,82.543,,749094187.0,0,6.46,创业板
SZ300420,,,10.7559,11,-2.66,False,0.01,3.266,1116278061.0,6.96,7.97,288.0709,74.66,7769295305.0,,7770029585.0,0.144,100.0,0.8794465683164743,560.84,0.29,-23.302868026069078,336884383.5,-0.19,1424102400000.0,0.02,-19951045.0,47128045.0,1.06,3.266,21704.0,4.22,,44.01,五洋自控,374.181,,1116383561.0,0,7.15,创业板
SZ300712,,0.0,2.8871,11,0.2,False,0.01,3.025,186740010.0,20.04,4.45,5.8592,-23.72,3742269800.0,1790697600000.0,3758422541.0,0.245,100.0,-2.6876015891652636,89.98,0.0,-20.871386388385126,30811055.24,0.04,1509379200000.0,-0.18,-1393546.0,1518689.0,1.14,3.024,21703.0,0.81,,43.99,永福股份,-110.605,,187546035.0,0,20.0,创业板
SZ300596,19.072323530939595,0.0,1.4227,11,1.09,False,0.01,1.831,229619667.0,39.76,4.07,15.3172,-4.87,9129677960.0,1790697600000.0,9129677960.0,1.132,100.0,11.510459796346188,373.83,0.18,8.895802290625298,85358209.14,0.43,1484755200000.0,2.41,-3993470.0,2137746.0,1.17,1.831,21687.0,0.93,,44.02,利安隆,16.52,,229619667.0,0,39.33,创业板
SZ002042,82.4892771701347,0.0,0.7905,11,-0.28,False,0.01,0.999,1700681355.0,3.58,3.06,6.0198,-15.51,6088439251.0,1790697600000.0,6088439251.0,0.307,100.0,3.547171162744593,371.3,0.0,-18.61195012207144,87360848.38,-0.01,1114531200000.0,0.12,-60144.0,24198168.0,0.54,0.999,21661.0,1.42,,48.95,华孚时尚,29.025,,1700681355.0,0,3.59,深市主板
SZ300198,-16.71475105825141,,22.5549,11,-3.7,False,0.01,5.556,1024486844.0,2.34,3.29,2335.2229,-8.59,2397299215.0,,2413823584.0,,100.0,-115.85206738242432,-19.08,0.43,-28.8870637380933,26651656.44,-0.09,1302105600000.0,-0.27,-6482635.0,11309900.0,0.86,5.556,21614.0,1.1,,-4.58,*ST纳川,-8.597,,1031548540.0,0,2.43,创业板
SZ300004,-22.74367486511658,0.0,7.1479,11,0.0,False,0.01,2.042,479993598.0,7.53,4.12,,-38.53,3614351793.0,1790697600000.0,3614351793.0,,100.0,0.009855718618946123,-12.31,0.53,-1.5356994603860419,71888951.49,0.0,1256832000000.0,0.0,-5266334.0,9485145.0,0.97,2.042,21593.0,1.98,,75.84,南风股份,20720.173,,479993598.0,0,7.53,创业板
SZ002977,,,,11,1.25,False,0.01,2.654,66706628.0,18.66,3.04,23.4399,-47.15,1244745678.0,,2241439200.0,,100.0,-23.151261599010272,-10.48,0.16,,18172121.8,0.23,1584374400000.0,-1.84,2050755.0,967628.0,0.75,2.654,21584.0,1.45,,44.0,*ST天箭,-10.136,,120120000.0,0,18.43,深市主板
SZ300175,-10.378231385535075,,7.0321,11,0.37,False,0.01,5.184,470800000.0,5.4,3.35,,-4.26,2542320000.0,,2542320000.0,,100.0,-4.618848348820319,5.78,0.75,30.485622700607152,28177291.0,0.02,1297699200000.0,-0.05,-1526076.0,5199800.0,1.09,5.184,21548.0,1.1,,25.26,朗源股份,-109.481,,470800000.0,0,5.38,创业板
SZ003010,102.44924156785018,0.0,1.8939,11,-4.32,False,0.01,10.477,226142181.0,26.78,4.86,30.7337,-22.47,6056087607.0,1790697600000.0,8330172767.0,1.102,100.0,35.212863034058984,318.82,0.11,63.2809305694711,107782864.6,-1.21,1600963200000.0,0.93,-6807532.0,3978452.0,0.77,10.477,21526.0,1.76,,44.01,若羽臣,28.765,,311059476.0,0,27.99,深市主板
SZ003000,3.2451593411707336,0.0,1.5758,11,0.52,False,0.01,3.084,297961315.0,9.66,1.98,9.922,-11.88,2878306303.0,1790697600000.0,4258081429.0,4.151,100.0,16.976252527060346,86.64,0.0,13.337900092323785,37871701.38,0.05,1600012800000.0,0.54,4011474.0,3929643.0,1.01,3.154,21517.0,1.32,,44.02,劲仔食品,17.954,,440795179.0,0,9.61,深市主板
SZ002381,-52.540787989921,,0.8957,11,-0.35,False,0.01,1.087,322026500.0,5.62,2.3,9.4506,-13.22,1809788930.0,,2313067910.0,1.779,100.0,1.8186925545898334,-29.9,0.18,-1.3422715549486486,19658996.0,-0.02,1270137600000.0,0.09,2230353.0,3492800.0,1.19,1.092,21506.0,1.08,,82.41,双箭股份,59.663,,411577920.0,0,5.64,深市主板
SZ301611,26.385214969539273,0.0,30.5219,11,-4.67,False,0.01,18.838,146580738.0,80.17,6.8,258.835,-6.38,11751377765.0,1790697600000.0,34954120000.0,0.125,100.0,12.163020398742622,127.93,0.09,36.4851516331276,507700746.88,-3.93,1723737600000.0,0.49,7224284.0,6163370.0,1.17,18.838,21496.0,4.2,,368.25,珂玛科技,162.222,,436000000.0,0,84.1,创业板
SZ002952,7.469366733422711,,3.1962,11,-1.52,False,0.01,3.503,134074732.0,18.76,3.73,38.9562,-4.3,2515241972.0,,3083018400.0,0.267,100.0,2.2777046287755383,24.14,0.0,14.974201751742466,45445205.0,-0.29,1553702400000.0,0.12,-1814470.0,2395150.0,0.77,3.503,21456.0,1.79,,43.99,亚世光电,155.299,,164340000.0,0,19.05,深市主板
SZ002905,,,3.6151,11,0.0,False,0.01,98.861,349440000.0,8.72,2.52,18.9472,-22.83,3047116800.0,,3281510400.0,,100.0,-79.32626958914011,-19.44,0.11,-19.866943149095263,33218379.0,0.0,1508083200000.0,-0.15,2107465.0,3816900.0,0.75,98.866,21451.0,1.09,,43.99,金逸影视,-58.436,,376320000.0,0,8.72,深市主板
SZ300554,,,9.9744,11,-3.64,False,0.01,5.058,87830330.0,21.68,5.38,134.1164,-6.51,1904161554.0,,2476106989.0,,100.0,-27.409296914045722,120.45,0.23,-17.24669009505304,117078794.0,-0.82,1492704000000.0,-1.36,9055033.0,5345500.0,0.65,5.058,21437.0,6.09,,44.03,三超新材,-15.909,,114211577.0,0,22.5,创业板
SZ300990,12.4178807338313,0.0,5.0357,11,-2.63,False,0.01,7.386,82850071.0,94.47,5.36,30.4342,5.39,7826846207.0,1790697600000.0,16174831257.0,0.317,100.0,12.350508771881332,196.22,0.04,25.524886498968957,454573256.21,-2.55,1620748800000.0,1.49,-11310064.0,4753023.0,1.0,7.386,21430.0,5.74,,20.96,同飞股份,63.192,,171216590.0,0,97.02,创业板
SZ000953,,,12.396,11,-0.67,False,0.01,14.067,366122195.0,5.94,4.35,80.4883,-17.73,2174765838.0,,2174765838.0,,100.0,2.2874217704108917,67.8,0.34,-3.1635992860027384,43004955.0,-0.04,944064000000.0,0.01,-96118.0,7200400.0,1.53,14.066,21369.0,1.97,,107.23,中哲精化,625.1,,366122195.0,0,5.98,深市主板
SZ300696,,0.0,13.0656,11,-3.72,False,0.01,3.021,273882402.0,19.4,6.15,266.9254,-39.06,5313318599.0,1790697600000.0,5708430270.0,0.351,100.0,1.7071294880901497,198.95,0.31,1.104395028402605,81105696.82,-0.75,1503331200000.0,0.11,-3214688.0,4125078.0,0.91,3.021,21356.0,1.51,,44.01,爱乐达,178.728,,294248983.0,0,20.15,创业板
SZ300903,18.273497900434755,0.0,10.2943,11,3.59,False,0.01,22.954,351379744.0,95.6,10.1,300.6241,395.59,33591903526.0,1790697600000.0,41622955423.0,,100.0,-13.948314171753518,193.52,0.15,13.970284791185538,2665194964.84,3.31,1604505600000.0,-0.58,-142519457.0,27287917.0,1.72,22.954,21345.0,7.77,,342.73,科翔股份,-166.044,,435386563.0,0,92.29,创业板
SZ200869,-53.372705120804845,,1.4669,11,3.01,False,0.01,0.441,185613207.0,8.21,5.27,8.4804,5.95,1523884429.0,,5281329851.0,3.569,100.0,0.2517848719018933,1383.82,0.12,-10.002521828950773,9393252.96,0.24,874944000000.0,0.05,966433.0,1146507.0,8.93,0.448,21333.0,0.62,,0.0,张裕B,172.117,,643280128.0,0,7.97,B股
SZ300410,,,3.1789,11,-0.59,False,0.01,10.904,367114797.0,8.45,5.65,28.0424,3.3,3102120035.0,,3102120035.0,,100.0,16.20886504270762,219.7,0.24,13.726545082583552,147493148.0,-0.05,1419955200000.0,0.11,925729.0,17157328.0,0.71,10.905,21266.0,4.67,,44.02,正业科技,73.827,,367114797.0,0,8.5,创业板
SZ002913,-36.955145396998056,0.0,4.8402,11,-1.66,False,0.01,6.547,305438924.0,90.77,9.08,114.0716,113.31,27724691131.0,1790697600000.0,28806812948.0,0.327,100.0,4.436155883721305,466.69,0.41,14.145548163487431,1224430488.54,-1.53,1512057600000.0,0.61,44663596.0,13133629.0,1.04,6.547,21245.0,4.3,,44.01,奥士康,147.94,,317360504.0,0,92.3,深市主板
SZ300702,51.34099388694617,0.0,2.3522,11,-1.76,False,0.01,2.176,211146066.0,22.28,2.69,8.6322,-5.35,4704334350.0,1790697600000.0,7752931103.0,0.224,100.0,2.5159610174281406,129.09,0.13,11.104553278918461,93922622.05,-0.4,1505750400000.0,0.26,1742650.0,4193558.0,1.11,2.176,21233.0,1.99,,44.0,天宇股份,85.627,,347977159.0,0,22.68,创业板
SZ002109,-43.35364405557851,,0.939,11,2.14,False,0.01,0.936,1276269851.0,2.86,4.29,17.7094,-19.44,3650131774.0,,3650131774.0,,100.0,-8.601735745277798,-33.94,-0.35,4.875408173799767,22117481.0,0.06,1169740800000.0,-0.27,4319877.0,7742900.0,2.65,0.936,21188.0,0.61,,51.02,ST兴化,-10.413,,1276269851.0,0,2.8,深市主板
SZ300820,-25.257869651829424,0.0,9.1581,11,-5.22,False,0.01,5.317,111787638.0,61.58,7.68,26.1414,29.22,6883882748.0,1790697600000.0,13683330818.0,0.646,100.0,7.979259671454264,441.33,0.26,-5.659433170692118,286761140.64,-3.39,1581523200000.0,0.9,-5233741.0,4571555.0,0.96,5.318,21157.0,4.09,,44.0,英杰电气,68.428,,222204138.0,0,64.97,创业板
SZ000632,183.48719629369938,,0.4794,11,-3.95,False,0.01,,465481606.0,3.65,7.37,,-35.4,1699007862.0,,1699146431.0,,100.0,-1803.0634963143452,70.55,-0.54,-45.92277149957439,46477842.0,-0.15,848505600000.0,-3.53,-10714140.0,12352400.0,1.11,-2.328,21145.0,2.65,,260.0,ST三木,-1.035,,465519570.0,0,3.8,深市主板
SZ002476,96.42456411309675,,4.3355,11,0.21,False,0.01,3.04,612000000.0,4.83,2.49,50.2194,-33.29,2955960000.0,,2955960000.0,,100.0,3.720478512646358,-27.51,0.0,26.296976439799224,28221071.0,0.01,1284480000000.0,0.06,937542.0,5787900.0,0.9,3.04,21142.0,0.95,,33.0,新叶股份,83.17,,612000000.0,0,4.82,深市主板
SZ002521,-6.236638632574398,0.0,1.0374,11,0.0,False,0.01,0.882,419173590.0,6.19,1.94,9.7145,-22.78,2594684522.0,1790697600000.0,3466777900.0,4.362,100.0,4.3669566487635585,-43.79,0.16,-3.124115166929131,15341279.0,0.0,1291910400000.0,0.31,-2157943.0,2474400.0,0.66,0.882,21128.0,0.59,,4.05,齐峰新材,20.244,,560061050.0,0,6.19,深市主板
SZ300335,-12.013333277585259,,2.6316,11,0.9,False,0.01,1.401,384160564.0,5.62,2.15,15.1454,-0.57,2158982370.0,,2680809621.0,2.135,100.0,2.101890140502221,-14.97,0.18,-10.161210614968319,57822291.46,0.05,1341849600000.0,0.08,-4702946.0,10328194.0,1.16,1.401,21117.0,2.69,,17.85,迪森股份,66.489,,477012388.0,0,5.57,创业板
SZ002228,-6.1477947437070135,0.0,0.3697,11,-0.31,False,0.01,1.312,1209321709.0,3.22,2.48,17.5047,-27.53,3894015903.0,1790697600000.0,3907101725.0,4.752,100.0,2.674203429372862,144.2,0.31,-4.142230226240551,62973119.22,-0.01,1210176000000.0,0.07,-5286164.0,19449782.0,0.84,1.312,21083.0,1.61,,67.49,合兴包装,46.958,,1213385629.0,0,3.23,深市主板
SZ002700,-8.908151274719,,3.9884,11,2.21,False,0.01,1.886,409364099.0,6.48,3.94,26.2781,-3.0,2652679362.0,,2680310639.0,0.386,100.0,5.670017887189239,31.26,0.47,-0.7992319091641775,37060286.0,0.14,1348156800000.0,0.19,2509228.0,5748000.0,1.4,1.886,21071.0,1.4,,42.66,万憬能源,34.212,,413628185.0,0,6.34,深市主板
SZ000691,-70.68386126500847,,7.0424,11,-5.44,False,0.01,9.181,323270000.0,8.51,5.67,798.7911,20.71,2751027700.0,,4126541550.0,,100.0,-7.660995782534047,127.91,-0.23,21.72448086252503,60715931.0,-0.49,857059200000.0,-0.03,-1452070.0,6963850.0,0.91,9.181,21028.0,2.15,,182.76,亚太实业,-298.553,,484905000.0,0,9.0,深市主板
SZ001289,-20.1512827152996,0.0,4.2774,11,0.34,False,0.01,1.623,5041934164.0,14.96,0.74,5.3695,-0.14,75427335093.0,1790697600000.0,125062849813.0,0.421,100.0,4.6667446415233,-49.18,0.2,-9.40715924159048,33054614.65,0.05,1642953600000.0,0.42,-399939.0,2214119.0,0.97,1.623,21019.0,0.04,,-22.87,龙源电力,35.287,,8359816164.0,0,14.91,深市主板
SZ003015,,,4.8689,11,-1.58,False,0.01,2.937,247042817.0,11.87,4.15,21.4211,-22.86,2932398238.0,,3336261337.0,1.66,100.0,8.599627788494978,65.35,0.08,13.931857224209509,45373239.0,-0.19,1603209600000.0,0.33,-766308.0,3796300.0,1.07,2.937,21015.0,1.54,,43.99,日久光电,35.605,,281066667.0,0,12.06,深市主板
SZ300399,,0.0,6.9084,11,-2.35,False,0.01,7.278,197580725.0,18.67,4.71,,-26.16,3688832136.0,1790697600000.0,3689192000.0,0.268,100.0,0.2528414101822677,222.99,-0.11,9.61180059208453,51531191.0,-0.45,1412784000000.0,0.01,-496468.0,2724200.0,0.92,7.278,20927.0,1.38,,43.97,天利科技,2854.388,,197600000.0,0,19.12,创业板
SZ300091,125.62139002262134,,10.5801,11,-0.42,False,0.01,5.158,1622120493.0,2.36,1.27,,-15.92,3828204363.0,,6707226358.0,,100.0,-227.2374161840762,-2.15,-0.42,-29.072974264201168,5600627.5,-0.01,1277395200000.0,-0.71,-748716.0,2376550.0,0.71,5.158,20926.0,0.15,,16.13,*ST金灵,-3.315,,2842045067.0,0,2.37,创业板
SZ300235,3.8940500299023295,,30.7258,11,3.62,False,0.01,4.284,204799104.0,12.03,5.17,,-26.1,2463733221.0,,3028512019.0,0.208,100.0,3.046002318436369,150.99,0.0,3.7990351299823866,95087997.0,0.42,1309276800000.0,0.08,6264098.0,7960845.0,1.58,4.284,20920.0,3.89,,44.59,方直科技,141.74,,251746635.0,0,11.61,创业板
SZ002820,,,4.3295,11,0.81,False,0.01,2.402,200868295.0,9.95,2.84,52.6424,-15.97,1998639535.0,,1998639535.0,1.467,100.0,-3.20323190995652,-6.74,0.3,-3.4756544716410653,63146390.7,0.08,1479398400000.0,-0.14,2953413.0,6385005.0,1.21,2.402,20902.0,3.18,,43.98,桂发祥,-72.594,,200868295.0,0,9.87,深市主板
SZ300872,,0.0,4.0245,11,-3.36,False,0.01,1.963,422026693.0,14.38,4.91,89.2911,-30.06,6068743845.0,1790697600000.0,7019181174.0,,100.0,-3.663422417309734,-43.63,0.14,-3.892557761089843,141071907.84,-0.5,1598198400000.0,-0.26,-14179397.0,9709643.0,1.49,1.963,20900.0,2.3,,258.62,天阳科技,-54.345,,488121083.0,0,14.88,创业板
SZ300411,-36.443828929964376,0.0,9.5281,11,-0.24,False,0.01,3.46,309115500.0,8.22,4.61,29.7577,-29.08,2540929410.0,1790697600000.0,3341594458.0,,100.0,0.01770616708143585,93.95,0.0,-9.65844289876221,51617105.0,-0.02,1419955200000.0,0.0,1091527.0,6188900.0,0.56,3.46,20889.0,2.0,,43.98,金盾股份,19523.421,,406520007.0,0,8.24,创业板
SZ000952,30.316573394212433,,3.4475,11,-0.61,False,0.01,3.759,343994535.0,6.53,3.5,28.4728,-7.11,2246284314.0,,2246319602.0,,100.0,-48.84183438921977,39.71,0.0,-2.467773401697848,43350236.84,-0.04,942336000000.0,-1.12,-1810258.0,6584388.0,1.09,3.758,20874.0,1.91,,150.1,广济药业,-5.806,,343999939.0,0,6.57,深市主板
SZ300730,-15.167421589395092,,11.2421,11,-1.07,False,0.01,19.98,206755370.0,11.12,3.74,130.8351,-16.89,2299119714.0,,2681465091.0,,100.0,-62.818118041744775,161.92,0.54,-2.820356078146591,42683842.0,-0.12,1512403200000.0,-0.51,1281370.0,3826300.0,0.58,19.978,20865.0,1.85,,44.02,科创信息,-21.741,,241138947.0,0,11.24,创业板
SZ003029,-16.01406579721353,0.0,8.8421,11,-2.91,False,0.01,3.283,175583038.0,17.0,3.88,98.4572,-35.06,2984911646.0,1790697600000.0,3291543859.0,,100.0,-10.074655922827063,16.14,0.12,-7.038651372061933,58496290.0,-0.51,1608739200000.0,-0.55,-5143561.0,3410600.0,0.5,3.283,20863.0,1.94,,44.01,吉大正元,-30.944,,193620227.0,0,17.51,深市主板
SZ300727,0.6700634778413539,0.0,3.5912,11,-3.99,False,0.01,4.102,162116327.0,30.81,6.76,34.6431,-12.82,4994804035.0,1790697600000.0,5550001005.0,0.974,100.0,7.853702249793754,455.36,-0.03,14.214803689923915,140066352.11,-1.28,1511712000000.0,0.57,-2746986.0,4449710.0,0.95,4.102,20840.0,2.74,,44.0,润禾材料,54.096,,180136352.0,0,32.09,创业板
SZ001314,105.67797259792732,0.0,1.1622,11,-3.47,False,0.01,3.007,124099387.0,47.35,5.69,,5.96,5876105974.0,1790697600000.0,6751825900.0,0.376,100.0,11.578830592905577,15.59,0.4,47.254403970667184,176058277.84,-1.7,1676304000000.0,1.75,-4516430.0,3697377.0,1.21,3.007,20821.0,2.98,,44.0,亿道信息,27.043,,142594000.0,0,49.05,深市主板
SZ001389,68.2361623884325,0.0,10.5983,11,-5.47,False,0.01,9.957,152374594.0,167.0,8.28,52.0968,105.3,25446557198.0,1790697600000.0,78945386288.0,0.387,100.0,26.139618130801644,240.39,0.19,54.76003156766811,1409289501.28,-9.66,1711987200000.0,3.13,-44432802.400000006,8174034.0,0.59,9.953,20806.0,5.36,,197.65,广合科技,53.349,,472726864.0,0,176.66,深市主板
SZ300856,-49.097093603985364,0.0,2.9985,11,0.29,False,0.01,1.808,459735623.0,10.43,1.63,13.0786,-22.15,4795042548.0,1790697600000.0,4961417736.0,0.671,100.0,3.6831327694440703,29.89,-0.19,-8.54354137751081,38079014.4,0.03,1595347200000.0,0.21,2664795.0,3642940.0,2.36,1.869,20801.0,0.79,,44.01,科思股份,49.017,,475687223.0,0,10.4,创业板
SZ300905,17.813024487848715,0.0,4.9702,11,0.94,False,0.01,3.822,139328039.0,41.88,4.75,64.1517,30.6,5835058273.0,1790697600000.0,7497177348.0,1.194,100.0,8.11761750328101,-16.63,0.43,8.670226786590952,686044161.2,0.39,1604505600000.0,0.87,19291012.799999997,16324370.0,1.57,3.822,20782.0,11.72,,106.93,宝丽迪,48.023,,179015696.0,0,41.49,创业板
SZ002840,,0.0,0.8611,11,-3.42,False,0.01,1.888,796478765.0,7.91,4.88,,-17.78,6300147031.0,1790697600000.0,6345136169.0,,100.0,-18.602007719041247,144.98,-0.13,-7.748644784778113,88348907.0,-0.28,1483977600000.0,-0.86,-4786544.0,10994700.0,0.51,1.888,20776.0,1.38,,43.97,华统股份,-9.214,,802166393.0,0,8.19,深市主板
SZ300187,19.625044044160013,,3.5747,11,0.0,False,0.01,2.464,642378042.0,4.51,1.77,30.7281,-6.85,2897124969.0,,2911755964.0,2.373,100.0,11.18832864447672,-4.64,0.22,8.354434442308968,35831894.0,0.0,1299513600000.0,0.2,1194967.0,7942700.0,1.67,2.464,20774.0,1.24,,21.5,永清环保,22.767,,645622165.0,0,4.51,创业板
SZ002344,-20.363229049488297,0.0,4.9275,11,-1.0,False,0.01,0.6,1281450092.0,3.98,2.74,,-15.09,5100171366.0,1790697600000.0,5104815501.0,1.005,100.0,0.9787981612894002,-19.85,0.25,-7.786397274244661,43530045.0,-0.04,1264435200000.0,0.06,-7278894.0,10935900.0,1.32,0.6,20774.0,0.85,,9.8,海宁皮城,61.434,,1282616960.0,0,4.02,深市主板
SZ300374,-0.7467694717337992,,1.296,11,0.39,False,0.01,3.602,245883447.0,10.18,3.25,54.68,-35.04,2503093490.0,,2503387591.0,,100.0,-17.39647496419442,41.8,0.69,9.146588760603214,43279227.2,0.04,1426694400000.0,-0.54,93075.0,4238640.0,1.04,3.602,20763.0,1.72,,43.98,中铁装配,-18.884,,245912337.0,0,10.14,创业板
SZ300825,46.282282376127746,0.0,5.1295,11,-0.89,False,0.01,2.687,484487900.0,11.17,5.15,,15.39,5411729843.0,1790697600000.0,5527814973.0,,100.0,-7.8028660861300905,127.34,0.54,10.781183798899562,181349776.9,-0.1,1585238400000.0,-0.34,1634150.0,16065605.0,0.71,2.687,20735.0,3.32,,43.97,阿尔特,-33.317,,494880481.0,0,11.27,创业板
SZ300237,-51.97034791620548,,1.7981,11,-2.07,False,0.01,171.773,1441901430.0,2.36,3.73,9.3706,-8.53,3402887375.0,,3402919235.0,,100.0,1154.997823009027,35.45,-0.42,5.903709059703233,37941681.8,-0.05,1309276800000.0,-0.24,-4707607.0,15796305.0,1.0,172.263,20727.0,1.1,,21.84,ST美晨,-9.857,,1441914930.0,0,2.41,创业板
SZ000068,,,5.6822,11,-0.29,False,0.01,6.092,1006671464.0,3.4,2.93,20.6721,0.59,3422682978.0,,3422682978.0,,100.0,-9.491734309182492,-25.3,0.59,-35.67428245781573,127984377.09,-0.01,865958400000.0,-0.06,17397743.0,37447657.0,1.25,6.092,20701.0,3.72,,138.17,华控赛格,-61.05,,1006671464.0,0,3.41,深市主板
SZ301368,47.26086351956245,0.0,9.6484,11,-4.39,False,0.01,5.601,118860295.0,37.0,5.56,,-40.96,4397830915.0,1790697600000.0,5222535052.0,,100.0,-4.080720708934859,33.08,0.0,10.769560000048429,48851235.37,-1.7,1671033600000.0,-0.28,-124240.0,1300387.0,0.85,3.157,20698.0,1.09,,19.93,丰立智能,-134.366,,141149596.0,0,38.7,创业板
SZ002322,-1.4498995654233737,0.0,3.9352,11,-0.08,False,0.01,1.535,351380929.0,11.85,2.45,13.6829,3.89,4163864009.0,1790697600000.0,4331506445.0,5.409,100.0,7.961896305187523,26.16,-0.08,0.729906762923882,65452437.0,-0.01,1261065600000.0,0.62,-1304397.0,5484300.0,1.15,1.534,20683.0,1.56,,37.52,理工能科,19.224,,365527970.0,0,11.86,深市主板
SZ002420,,,0.8691,11,0.0,False,0.01,2.999,403867700.0,6.09,3.12,146.5319,-20.81,2459554293.0,,2502630690.0,,100.0,27.563904795880763,-55.06,-0.49,7.025046496463716,45732882.0,0.0,1275321600000.0,0.48,3261667.0,7503300.0,1.4,3.002,20661.0,1.86,,6.96,毅昌科技,12.581,,410941000.0,0,6.09,深市主板
SZ300210,,0.0,18.8347,11,4.72,False,0.01,9.928,484219953.0,7.32,9.01,53.1204,-17.66,3544490056.0,1790697600000.0,3544490056.0,,100.0,-14.568327340197907,75.07,0.0,-26.24777101796141,105671564.83,0.33,1303747200000.0,-0.12,19563785.0,14205614.0,2.57,9.928,20660.0,2.93,,22.73,森远股份,-63.229,,484219953.0,0,6.99,创业板
SZ001298,80.65364180432036,0.0,0.5891,11,-0.25,False,0.01,4.008,407419448.0,16.17,6.48,,-20.58,6587972474.0,1790697600000.0,6993751817.0,0.297,100.0,11.260016837062462,72.4,0.43,40.206333312343624,137471522.2,-0.04,1667145600000.0,0.43,7766699.0,8343175.0,1.69,4.008,20660.0,2.05,,19.96,好上好,37.221,,432514027.0,0,16.21,深市主板
SZ300190,,,2.3084,11,-0.27,False,0.01,1.128,944241642.0,3.73,2.41,5.7251,-13.05,3522021325.0,,3536372157.0,,100.0,-9.55039422370432,-37.77,0.0,-13.805256070110094,34084431.0,-0.01,1300204800000.0,-0.3,1756224.0,9097000.0,0.74,1.128,20658.0,0.96,,12.82,维尔利,-12.604,,948089050.0,0,3.74,创业板
SZ002462,-28.60359468012872,,0.1956,11,-0.98,False,0.01,0.798,291470419.0,12.14,2.37,2.5729,-14.66,3538450887.0,,3541324437.0,0.947,100.0,2.0599893778955476,1.41,0.0,-17.793452966819167,29955097.0,-0.12,1282060800000.0,0.31,-3768125.0,2445500.0,1.26,0.798,20644.0,0.84,,75.92,嘉事堂,38.969,,291707120.0,0,12.26,深市主板
SZ002694,,,2.2141,11,-0.72,False,0.01,,718796025.0,2.74,5.8,336.5908,-27.13,1969501109.0,,2090852352.0,,100.0,-1324.35403696961,-34.41,1.86,2.4897230193008824,26237295.0,-0.02,1345046400000.0,-0.27,-3687963.0,9704800.0,2.09,-23.785,20641.0,1.35,,48.46,*ST顾地,-10.139,,763084800.0,0,2.76,深市主板
SZ003023,-37.44063789748642,,2.357,11,1.93,False,0.01,1.753,105120314.0,25.87,4.61,48.9728,15.92,2719462523.0,,2725187192.0,1.353,100.0,1.8273290222909804,30.73,0.12,-3.3188632829271536,48007451.0,0.49,1607616000000.0,0.27,4368659.0,1863500.0,1.07,1.753,20637.0,1.77,,43.99,彩虹集团,95.698,,105341600.0,0,25.38,深市主板
SZ300375,,,1.0918,11,-0.98,False,0.01,1.491,532628329.0,4.05,2.93,10.087,-23.0,2157144732.0,,3094782463.0,,100.0,-9.213524197203657,17.98,-0.25,12.844199679143674,28219319.0,-0.04,1390752000000.0,-0.26,-3294021.0,6900100.0,1.04,1.483,20611.0,1.3,,44.02,鹏翎股份,-15.399,,764143818.0,0,4.09,创业板
SZ002398,-33.118100052359026,,1.291,11,-0.94,False,0.01,0.761,599740551.0,4.22,3.29,9.1667,-23.51,2530905125.0,,2904537827.0,1.896,100.0,1.2383843842605855,0.21,-0.24,-11.37785381529265,47470997.25,-0.04,1273075200000.0,0.07,-1203077.0,11141185.0,0.96,0.786,20595.0,1.86,,3.39,垒知集团,62.991,,688279106.0,0,4.26,深市主板
SZ300840,-29.13607704543477,0.0,6.329,11,-2.83,False,0.01,3.296,177515335.0,17.52,4.49,17.1892,-13.92,3110068669.0,1790697600000.0,4204800000.0,0.571,100.0,3.0687372517519984,151.47,-0.17,-3.4699079573221936,82250533.0,-0.51,1594137600000.0,0.16,3056480.0,4628900.0,0.75,3.296,20586.0,2.61,,43.94,酷特智能,107.961,,240000000.0,0,18.03,创业板
SZ300334,,,8.2084,11,-1.64,False,0.01,4.712,302029761.0,8.39,3.99,,20.55,2534029695.0,,2534328337.0,,100.0,-7.324328723290282,-36.64,0.12,24.850123662177204,60754094.0,-0.14,1341417600000.0,-0.14,-8636337.0,7241800.0,0.98,4.712,20583.0,2.4,,92.37,津膜科技,-62.04,,302065356.0,0,8.53,创业板
SZ002990,23.991190624237202,0.0,8.4089,11,0.87,False,0.01,5.327,138018563.0,52.37,8.53,,85.29,7228032144.0,1790697600000.0,13710289932.0,0.191,100.0,6.760686567001721,148.38,0.36,7.106269322386027,644979258.27,0.45,1590336000000.0,0.64,39109709.0,12041516.0,0.78,5.328,20578.0,8.72,,44.01,盛视科技,81.661,,261796638.0,0,51.92,深市主板
SZ002712,,,0.3179,11,-2.0,False,0.01,1.931,540900273.0,4.9,3.4,130.9035,-11.87,2650411338.0,,2666953370.0,,100.0,-3.33804529026866,-15.57,0.41,18.352343442274254,64938340.0,-0.1,1390406400000.0,-0.08,-780435.0,13201600.0,0.94,1.931,20578.0,2.44,,45.27,思美传媒,-58.168,,544276198.0,0,5.0,深市主板
SZ301085,,0.0,3.9419,11,-5.54,False,0.01,6.326,59724125.0,71.06,7.4,18.8206,34.74,4243996323.0,1790697600000.0,6166279466.0,,100.0,-10.733948350377737,74.02,0.13,6.231041001977156,374050251.9,-4.17,1634486400000.0,-1.28,11140878.0,5145915.0,0.9,6.326,20577.0,8.62,,65.35,亚康股份,-55.685,,86775675.0,0,75.23,创业板
SZ300925,-13.270251887726692,0.0,1.0064,11,-2.63,False,0.01,2.541,349512147.0,13.33,4.09,2581.4144,-37.07,4658996920.0,1790697600000.0,5714690237.0,0.375,100.0,3.968305856383843,9.09,0.08,17.893643462505302,59145756.63,-0.36,1609257600000.0,0.2,-4487497.0,4374553.0,1.06,2.541,20563.0,1.25,,163.99,法本信息,65.372,,428708945.0,0,13.69,创业板
SZ002947,26.941730753617655,0.0,4.6366,11,-3.18,False,0.01,4.275,198303748.0,54.2,7.18,23.5957,4.85,10748063142.0,1790697600000.0,13862676331.0,0.893,100.0,17.418510925392592,345.44,0.5,20.24380084701638,318650631.61,-1.78,1548950400000.0,2.15,-13995780.0,5776956.0,1.14,4.283,20555.0,2.91,,44.02,恒铭达,25.152,,255768936.0,0,55.98,深市主板
SZ002893,5.3556769760759515,,2.0577,11,-1.03,False,0.01,2.117,202778618.0,10.6,1.77,8.6256,-4.41,2149453351.0,,2794584000.0,0.858,100.0,5.029243244748162,84.09,0.28,8.24784935732037,152384331.0,-0.11,1505404800000.0,0.25,4617382.0,14383600.0,1.38,2.117,20550.0,7.09,,44.04,京能热力,42.744,,263640000.0,0,10.71,深市主板
SZ300565,-37.05844770754604,,3.9332,11,-0.51,False,0.01,4.751,228205145.0,9.7,4.72,,-23.08,2213589907.0,,2422134736.0,,100.0,-14.341921595935878,21.44,0.31,7.648155586265548,63643279.0,-0.05,1479744000000.0,-0.32,2882724.0,6476700.0,1.06,4.751,20537.0,2.84,,43.96,科信技术,-30.626,,249704612.0,0,9.75,创业板
SZ300278,78.20525638639472,0.0,1.5348,11,-2.85,False,0.01,2.946,1409445180.0,3.41,4.84,66.0827,-44.1,4806208064.0,1790697600000.0,4821352992.0,,100.0,-4.828897666763943,-12.29,0.29,8.126402842324222,51881150.46,-0.1,1323964800000.0,-0.06,-11387425.0,15038054.0,1.29,2.946,20499.0,1.07,,8.09,华昌达,-58.683,,1413886508.0,0,3.51,创业板
SZ300462,199.70434719052128,,3.3777,11,2.46,False,0.01,1.557,138034042.0,11.66,5.27,,-1.19,1609476930.0,,2113047797.0,,100.0,-5.35273629926815,28.32,0.26,-3.158965566794769,24558418.0,0.28,1432656000000.0,-0.41,2581338.0,2113900.0,1.57,1.557,20467.0,1.53,,44.0,ST华铭,-28.28,,181221938.0,0,11.38,创业板
SZ300084,,0.0,9.6307,11,-0.5,False,0.01,4.309,502217849.0,10.0,3.38,241.3286,0.1,5022178490.0,1790697600000.0,5487598990.0,,100.0,-4.587165377895473,12.59,0.4,-17.39182512472288,49629857.0,-0.05,1274284800000.0,-0.11,-3342685.0,4926900.0,1.13,4.309,20432.0,0.98,,12.67,海默科技,-92.917,,548759899.0,0,10.05,创业板
SZ002822,-36.96652026916307,,9.0414,11,-2.02,False,0.01,5.321,1068946493.0,2.91,3.37,,-25.77,3110634295.0,,5674500000.0,,100.0,-310.8846601733411,-51.69,-0.34,-49.21146923155973,20303878.57,-0.06,1480348800000.0,-1.43,-1908252.0,6895827.0,0.92,5.321,20417.0,0.65,,43.99,ST中装,-2.033,,1950000000.0,0,2.97,深市主板
SZ002659,-22.477592837072613,,7.7667,11,-0.85,False,0.01,1.299,598278275.0,4.66,2.98,20.1194,-20.48,2787976762.0,,2787986589.0,,100.0,-0.7782894466107148,-32.48,0.22,13.5370663437268,42324486.0,-0.04,1331222400000.0,-0.03,38923.0,9023900.0,0.69,1.299,20413.0,1.51,,56.44,凯文教育,-166.201,,598280384.0,0,4.7,深市主板
SZ000605,-24.45510720342575,,1.0825,11,0.17,False,0.01,1.005,352658600.0,6.05,1.99,42.3617,-9.64,2133584530.0,,2133584530.0,0.198,100.0,0.41246234203984555,123.88,0.17,4.256208029998865,18384623.4,0.01,842544000000.0,0.02,3532635.0,3036420.0,0.98,1.005,20389.0,0.86,,155.0,渤海股份,243.211,,352658600.0,0,6.04,深市主板
SZ002483,67.02207097153097,0.0,0.9042,11,2.23,False,0.01,1.168,885250799.0,5.97,4.79,8.5746,-14.17,5284947270.0,1790697600000.0,5292216426.0,2.513,100.0,7.0944426679186625,-27.04,0.0,-13.332704064877232,118598445.4,0.13,1285689600000.0,0.35,2289962.0,19685840.0,1.63,1.168,20385.0,2.22,,-3.1,润邦股份,16.846,,886468413.0,0,5.84,深市主板
SZ300381,,,3.309,11,-1.41,False,0.01,1.069,478453174.0,5.61,5.1,19.5648,-13.21,2684122306.0,,2693775360.0,0.891,100.0,-1.5136660037168153,11.01,0.36,-0.009695668563913795,48198513.0,-0.08,1390838400000.0,-0.08,-943283.0,8466100.0,1.12,1.069,20363.0,1.77,,44.05,溢多利,-69.704,,480173861.0,0,5.69,创业板
SZ301238,1.7340728117990478,0.0,4.7654,11,3.32,False,0.01,1.658,733333300.0,16.48,5.02,,-17.38,12085332784.0,1790697600000.0,12085332784.0,3.216,100.0,4.443587574194486,-47.19,0.24,-6.1690887918311565,284821913.04,0.53,1655395200000.0,0.44,16448543.0,17350234.0,2.59,1.658,20344.0,2.37,,84.83,瑞泰新材,37.607,,733333300.0,0,15.95,创业板
SZ300758,80.39837973272547,0.0,2.8683,11,2.67,False,0.01,2.562,359741896.0,11.54,4.54,43.4304,-8.61,4151421480.0,1790697600000.0,4605794393.0,0.65,100.0,3.5943765911629164,44.83,0.44,12.044676560722568,105937485.0,0.3,1550764800000.0,0.16,2562022.0,9194200.0,1.82,2.562,20292.0,2.56,,44.0,七彩化学,71.847,,399115632.0,0,11.24,创业板
SZ300384,-25.363183815163858,0.0,5.9564,11,-2.08,False,0.01,1.336,220381842.0,11.76,3.08,73.5732,-26.52,2591690462.0,1790697600000.0,3751525436.0,1.531,100.0,5.709366635826946,99.4,0.0,-26.558262496762243,21561021.24,-0.25,1406822400000.0,0.49,-2125165.0,1817649.0,0.54,1.336,20269.0,0.82,,44.0,三联虹普,23.806,,319007265.0,0,12.01,创业板
SZ000677,-65.00028614391398,,1.2302,11,-1.72,False,0.01,2.809,863977948.0,1.71,3.45,,-61.05,1477402291.0,,1477402291.0,,100.0,-1.8055344333114693,159.09,0.0,6.8334717498736985,22581775.0,-0.03,851529600000.0,-0.01,-3220537.0,13092200.0,0.82,2.808,20254.0,1.52,,642.22,ST海龙,-154.144,,863977948.0,0,1.74,深市主板
SZ301230,1.8879200250057515,0.0,9.388,11,-5.61,False,0.01,6.491,162747919.0,36.32,7.77,39.0943,58.69,5911004418.0,1790697600000.0,6571781696.0,0.628,100.0,3.692189561653647,85.59,0.14,13.239876486447999,697018266.56,-2.16,1667232000000.0,0.21,15204604.0,18895447.0,0.98,6.491,20252.0,11.61,,28.08,泓博医药,171.754,,180941126.0,0,38.48,创业板
SZ002831,3.834286868882364,0.0,1.9709,11,-3.26,False,0.01,2.986,714221966.0,26.4,6.05,12.6902,32.85,18855459902.0,1790697600000.0,34011939166.0,2.689,100.0,14.084372347237476,121.86,0.08,4.31040856949596,196047566.45,-0.89,1481817600000.0,1.24,-1173324.0,7297371.0,0.98,2.986,20234.0,1.02,,44.0,裕同科技,21.276,,1288331029.0,0,27.29,深市主板
SZ301292,280.8547569911737,0.0,2.1168,11,1.94,False,0.01,4.16,85189157.0,57.86,7.79,,-10.17,4929044624.0,1790697600000.0,12890963715.0,,100.0,9.3763370573255,94.88,-0.03,29.596754599491916,610763365.7,1.1,1688659200000.0,1.24,11494309.0,10459335.0,2.29,4.16,20215.0,12.28,,48.57,海科新源,46.536,,222795778.0,0,56.76,创业板
SZ300472,-13.73644989513032,,11.1978,11,-0.29,False,0.01,150.818,256748076.0,6.76,4.13,,-12.21,1735616994.0,,1860748278.0,,100.0,2363.698504459131,20.45,0.15,91.20352500711392,12649079.0,-0.02,1433952000000.0,-1.12,715432.0,1868900.0,0.67,150.893,20206.0,0.73,,43.99,ST新元,-6.048,,275258621.0,0,6.78,创业板
SZ300739,-2.637454743762946,0.0,4.6343,11,-5.21,False,0.01,3.547,302975657.0,26.4,7.83,33.5833,43.98,7998557345.0,1790697600000.0,9848920145.0,0.265,100.0,3.4276411351260694,129.33,0.0,14.335805527868018,405614435.27,-1.45,1517414400000.0,0.24,-6243872.0,14925719.0,0.76,3.551,20189.0,4.93,,43.99,明阳电路,110.832,,373065157.0,0,27.85,创业板
SZ300755,26.99856363044988,0.0,0.8937,11,-1.94,False,0.01,1.732,416580900.0,11.14,4.14,4.0943,-36.78,4640711226.0,1790697600000.0,4643134176.0,,100.0,-17.02204884921862,12.05,-0.18,-21.741994138692068,60779724.04,-0.22,1548691200000.0,-1.2,-25507.0,5454704.0,0.66,1.732,20147.0,1.31,,44.01,华致酒行,-9.315,,416798400.0,0,11.36,创业板
SZ001872,10.982074633212747,0.0,3.446,11,1.78,False,0.01,0.936,2302252855.0,24.61,3.85,7.1749,32.18,56658442762.0,1790697600000.0,61085669294.0,4.059,100.0,7.456560317641901,,-0.04,4.982174178812748,83795110.55,0.43,736531200000.0,1.92,7669022.0,3411280.0,0.97,0.936,20141.0,0.15,,,招商港口,12.817,,2482148285.0,0,24.18,深市主板
SZ300220,-43.33873425852691,,6.8022,11,0.36,False,0.01,29.006,151019348.0,11.27,3.83,357.2781,-21.46,1701988052.0,,1704024000.0,,100.0,-7.479369291636649,44.02,0.36,-3.214480706120293,26968473.0,0.04,1306252800000.0,-0.03,1469471.0,2384000.0,1.0,29.009,20129.0,1.58,,51.97,金运激光,-373.456,,151200000.0,0,11.23,创业板
SZ002801,51.011500036637145,0.0,3.8264,11,-3.04,False,0.01,2.939,113760750.0,25.8,4.51,28.4256,-25.99,2935027350.0,1790697600000.0,5924505600.0,1.922,100.0,20.65509152388519,397.8,-0.08,8.490106199210533,25575861.01,-0.81,1466524800000.0,1.7,631683.0,976000.0,1.18,2.939,20080.0,0.86,,43.98,微光股份,15.219,,229632000.0,0,26.61,深市主板
SZ300566,11.793430318542587,0.0,2.7436,11,-4.53,False,0.01,2.328,226680431.0,22.33,6.71,8.5932,22.83,5061774024.0,1790697600000.0,5852796232.0,1.111,100.0,8.855947631639177,285.05,0.13,-2.4140415127763104,270837406.28,-1.06,1479139200000.0,0.77,-15764173.0,11915006.0,0.57,2.328,20058.0,5.26,,43.98,激智科技,28.893,,262104623.0,0,23.39,创业板
SZ002923,2.2255127211501247,,2.8801,11,4.26,False,0.01,3.569,258064083.0,11.5,9.52,22.9693,-5.35,2967736955.0,,3851272789.0,,100.0,1.256237469768662,94.92,0.17,5.605471200023038,473545353.15,0.47,1515081600000.0,0.04,-158204257.0,40394480.0,7.73,3.569,20023.0,15.65,,43.97,润都股份,285.871,,334893286.0,0,11.03,深市主板
SZ003028,-51.88974661472978,,2.3212,11,-1.32,False,0.01,1.932,70693645.0,23.17,3.36,71.6879,-21.14,1637971755.0,,3339263876.0,1.295,100.0,2.131393489607488,22.44,0.35,7.383416547553412,17632424.0,-0.31,1609084800000.0,0.26,1137103.0,759950.0,0.84,1.932,20016.0,1.07,,44.0,振邦智能,89.889,,144120150.0,0,23.48,深市主板
SZ002666,-0.7308306895709493,,0.5904,11,-0.48,False,0.01,0.927,500667929.0,4.19,3.09,,-23.96,2097798623.0,,3301717071.0,,100.0,1.1881579571136878,19.24,0.48,-1.268564919247006,36764060.0,-0.02,1332777600000.0,0.05,33470.0,8713400.0,0.79,0.927,20013.0,1.74,,8.82,德联集团,77.961,,787999301.0,0,4.21,深市主板
SZ300972,,0.0,0.4871,11,3.26,False,0.01,11.513,180785975.0,157.23,6.0,7.4894,-21.44,28424978849.0,1790697600000.0,31037482184.0,0.71,100.0,96.4764954942345,459.03,-0.03,104.4136844856192,392004055.72,4.96,1618761600000.0,10.55,2519304.0,2511183.0,1.38,11.509,19935.0,1.39,,279.69,万辰集团,14.901,,197401782.0,0,152.27,创业板
SZ003043,9.264379151373724,0.0,8.4532,11,1.75,False,0.01,4.52,94017194.0,61.46,6.18,41.1864,33.04,5778296743.0,1790697600000.0,8779279144.0,0.381,100.0,5.022331486575958,272.17,0.16,33.05689118387842,350957244.0,1.06,1617638400000.0,0.66,9976644.0,5690200.0,1.35,4.397,19914.0,6.05,,44.02,华亚智能,93.247,,142845414.0,0,60.4,深市主板
SZ002948,19.957536984907875,0.0,2.3893,11,1.95,False,0.01,0.835,3522194756.0,6.27,2.6,1.3353,44.53,22084161120.0,1790697600000.0,36493624119.0,2.871,100.0,11.696321353735666,70.02,0.0,8.444540820081748,289725981.86,0.12,1547568000000.0,0.99,18184821.0,46530900.0,1.4,0.835,19897.0,1.32,,44.03,青岛银行,6.356,,5820354724.0,0,6.15,深市主板
SZ000972,,,6.9834,11,2.03,False,0.01,,771283579.0,4.02,7.87,6.5297,2.55,3100559988.0,,3100559988.0,,100.0,52.792362436223286,-19.54,0.25,-11.772648136873586,86965809.0,0.08,969897600000.0,-0.05,-1984431.0,21312700.0,1.73,-77.907,19877.0,2.76,,197.4,中基健康,-82.797,,771283579.0,0,3.94,深市主板
SZ300591,-59.96326814278299,,4.5847,11,-0.32,False,0.01,14.792,350499727.0,6.15,3.89,41.0735,-38.0,2155573321.0,,2494893729.0,,100.0,-51.77893898364242,102.56,0.16,-2.0359590495258706,61816396.61,-0.02,1483977600000.0,-0.29,-4235840.0,9960057.0,0.99,14.791,19860.0,2.84,,43.97,万里马,-21.426,,405673777.0,0,6.17,创业板
SZ000529,-36.54776279410877,,1.485,11,-0.99,False,0.01,0.915,569884377.0,4.99,2.38,,-14.68,2843723041.0,,2913113747.0,2.405,100.0,2.575236112630825,-2.15,0.0,-12.34170549179595,16918085.04,-0.05,753552000000.0,0.14,-397680.0,3374701.0,1.17,0.915,19824.0,0.59,,191.67,广弘控股,35.573,,583790330.0,0,5.04,深市主板
SZ300582,,,1.311,11,-3.19,False,0.01,3.429,226313141.0,10.31,5.16,,-35.44,2333288484.0,,3077911191.0,,100.0,-37.2937058286758,35.07,0.29,-3.180129277063637,49463146.08,-0.34,1482854400000.0,-1.45,-960691.0,4746306.0,1.12,3.429,19822.0,2.1,,43.97,英飞特,-7.107,,298536488.0,0,10.65,创业板
SZ002953,-7.518783866898138,0.0,0.9897,11,0.1,False,0.01,2.187,281288768.0,9.88,3.24,67.022,-13.13,2779133028.0,1790697600000.0,4856806922.0,1.002,100.0,6.19719528991725,96.12,0.2,11.829341965295814,43748942.99,0.01,1557331200000.0,0.26,-2598601.0,4419661.0,0.74,2.187,19806.0,1.57,,44.01,日丰股份,37.908,,491579648.0,0,9.87,深市主板
SZ002848,-45.21902732773223,,4.1127,11,1.73,False,0.01,34.915,165420861.0,14.67,5.41,,63.36,2426724031.0,,2452090500.0,,100.0,-54.82580306761851,94.16,0.2,60.82404355051607,150974364.0,0.25,1486915200000.0,-0.32,13006276.0,10166100.0,0.89,34.912,19805.0,6.15,,44.06,高斯贝尔,-45.463,,167150000.0,0,14.42,深市主板
SZ300286,-4.053003740051708,0.0,4.0659,11,-1.33,False,0.01,2.036,207773329.0,18.55,3.09,35.397,-18.06,3854195253.0,1790697600000.0,4652055350.0,2.426,100.0,8.4641729469965,266.88,-0.11,2.1368306363839906,55328483.0,-0.25,1326384000000.0,0.75,-7171262.0,2954700.0,0.98,2.036,19802.0,1.42,,17.07,安科瑞,24.682,,250784655.0,0,18.8,创业板
SZ002933,42.4367577544984,,7.7051,11,-2.12,False,0.01,2.015,116894276.0,26.79,3.62,,-25.94,3131597654.0,,3143806500.0,0.075,100.0,2.609553146007551,3.28,0.19,-1.207862916929725,30412225.0,-0.58,1535385600000.0,0.34,-686894.0,1128700.0,0.91,2.015,19788.0,0.97,,44.01,新兴装备,78.298,,117350000.0,0,27.37,深市主板
SZ000803,76.44453835265186,,2.3962,11,4.01,False,0.01,2.324,464888628.0,7.53,10.91,8.3305,5.31,3500611369.0,,3511210032.0,,100.0,3.6795285596763754,315.26,-0.13,-10.939296752454975,215106264.8,0.29,888854400000.0,0.12,33763548.0,28523864.0,3.37,2.324,19782.0,6.14,,0.0,山高环能,64.038,,466296153.0,0,7.24,深市主板
SZ301123,,0.0,5.6629,11,-4.63,False,0.01,5.355,165041636.0,64.47,7.63,,-12.36,10640234273.0,1790697600000.0,15127240800.0,0.154,100.0,-1.8974375392479523,31.7,0.4,29.189370694663385,283048892.94,-3.13,1643040000000.0,-0.23,9206125.0,4309543.0,0.83,5.355,19778.0,2.61,,32.5,奕东电子,-282.359,,234640000.0,0,67.6,创业板
SZ002133,,,1.216,11,1.7,False,0.01,0.808,769870201.0,2.99,2.72,4.8848,-11.8,2301911901.0,,2314691083.0,,100.0,-2.4510186773913154,-52.01,0.67,-51.3496934234007,89159082.6,0.05,1177603200000.0,-0.09,-8366926.0,30017460.0,1.7,0.808,19774.0,3.9,,75.93,广宇集团,-32.303,,774144175.0,0,2.94,深市主板
SZ300572,100.01950760421323,0.0,10.6157,11,0.82,False,0.01,3.297,181339690.0,23.27,3.81,,-18.15,4219774586.0,1790697600000.0,5328569655.0,,100.0,-11.8848824220872,276.6,-0.09,6.89199244507166,96735014.12,0.19,1480953600000.0,-0.88,5191686.0,4177188.0,0.87,3.297,19769.0,2.3,,44.02,安车检测,-26.42,,228988812.0,0,23.08,创业板
SZ000010,-71.06305591088594,,2.7032,11,-2.08,False,0.01,6.478,951443100.0,1.41,3.47,57.9635,-60.06,1341534771.0,,1621009732.0,,100.0,-1.054556714689118,-1.25,-0.7,21.180514814409477,18040712.0,-0.03,814723200000.0,0.0,-4171431.0,12557600.0,1.08,6.477,19760.0,1.32,,463.2,*ST美丽,-552.878,,1149652292.0,0,1.44,深市主板
SZ300721,,,1.5971,11,-0.8,False,0.01,2.926,138395844.0,19.77,5.27,22.9852,55.3,2736085836.0,,3259020030.0,,100.0,-1.3748942250317642,93.64,0.25,13.091367829081069,113828285.22,-0.16,1510675200000.0,-0.09,4486205.0,5676122.0,0.99,2.926,19726.0,4.1,,43.99,怡达股份,-209.075,,164846739.0,0,19.93,创业板
SZ000590,,,6.5791,11,-0.55,False,0.01,4.069,239351027.0,9.05,4.07,,-19.27,2166126794.0,,2167214966.0,,100.0,-8.676486738479616,622.21,0.11,-7.709842607053952,26099555.42,-0.05,821980800000.0,-0.2,-759742.0,2860404.0,1.0,4.069,19711.0,1.2,,-6.17,古汉医药,-44.855,,239471267.0,0,9.1,深市主板
SZ300354,-7.3604680301249115,0.0,7.8929,11,-0.41,False,0.01,4.279,83436551.0,26.91,4.81,21.9378,-40.49,2245277587.0,1790697600000.0,3722196609.0,0.743,100.0,11.925598398647354,231.99,0.26,3.5077020853809593,27393046.0,-0.11,1348070400000.0,0.72,-1918607.0,1002100.0,0.74,4.279,19710.0,1.2,,37.91,东华测试,37.426,,138320201.0,0,27.02,创业板
SZ300018,31.702030160989136,0.0,8.6468,11,3.28,False,0.01,4.079,363290039.0,11.96,6.22,40.0642,9.62,4344948866.0,1790697600000.0,5844978011.0,0.836,100.0,10.02133703234374,74.27,0.17,16.78620381369371,207945256.29,0.38,1256832000000.0,0.28,27472461.0,17281093.0,2.85,4.079,19707.0,4.76,,76.2,中元股份,42.245,,488710536.0,0,11.58,创业板
SZ002638,99.48913152834102,0.0,22.2147,11,-1.05,False,0.01,3.618,1352680009.0,4.72,6.08,,52.75,6384649642.0,1790697600000.0,6780725327.0,,100.0,-16.611722474823463,-0.89,0.43,-6.662031485874409,183659722.8,-0.05,1322150400000.0,-0.24,-8249258.0,38438860.0,0.56,3.618,19700.0,2.84,,2.33,勤上股份,-19.983,,1436594349.0,0,4.77,深市主板
SZ000096,112.38858771114315,0.0,2.8724,11,2.63,False,0.01,1.562,510848000.0,8.2,3.0,,-19.39,4188953600.0,1790697600000.0,4329600000.0,0.915,100.0,6.27807405335805,100.33,0.12,-13.62390355812284,52914181.2,0.21,964368000000.0,0.33,3823751.0,6490385.0,2.2,1.562,19685.0,1.27,,93.17,广聚能源,24.873,,528000000.0,0,7.99,深市主板
SZ002356,,0.0,6.9154,11,-1.12,False,0.01,5.886,1311247021.0,2.66,3.72,444.4836,-32.83,3487917076.0,1790697600000.0,3487937026.0,,100.0,5.924273526229483,-59.44,0.0,38.543094809093034,54560070.45,-0.03,1265644800000.0,0.03,-4210438.310000002,20401693.0,1.22,5.886,19647.0,1.56,,-3.32,鹏飞绿能,102.212,,1311254521.0,0,2.69,深市主板
SZ300076,62.902621276825954,,13.5529,11,1.23,False,0.01,2.11,424000000.0,4.1,2.96,,-50.6,1738400000.0,,1738400000.0,,100.0,-9.576413986991609,-54.48,0.24,20.05663399340778,15399540.0,0.05,1272556800000.0,-0.2,3316154.0,3770100.0,1.36,2.11,19633.0,0.89,,5.02,*ST宁视,-20.96,,424000000.0,0,4.05,创业板
SZ300200,,0.0,2.456,11,-0.74,False,0.01,2.141,425379295.0,8.08,3.56,,-29.94,3437064704.0,1790697600000.0,3482263504.0,1.795,100.0,4.933063634577448,53.76,-0.12,14.071947936194174,38410297.0,-0.06,1302105600000.0,0.18,464231.0,4702700.0,1.23,2.141,19629.0,1.11,,-4.8,高盟新材,43.711,,430973206.0,0,8.14,创业板
SZ300829,-9.967224086636872,,2.9053,11,-3.19,False,0.01,1.98,168131831.0,21.26,7.7,14.5066,28.88,3574482727.0,,4831868775.0,0.461,100.0,3.002311123963869,28.97,0.28,6.559857934540458,476967127.48,-0.7,1587484800000.0,0.31,9166546.0,22085492.0,0.6,1.98,19530.0,13.14,,43.99,金丹科技,68.199,,227275107.0,0,21.96,创业板
SZ300382,,0.0,3.7502,11,-5.64,False,0.01,3.847,648338222.0,13.21,9.93,28.2911,-15.1,8564547913.0,1790697600000.0,8565363921.0,,100.0,-5.371634441541455,270.24,0.23,15.103894398493045,376693675.51,-0.79,1390924800000.0,-0.19,-6390569.0,27854024.0,1.04,3.847,19498.0,4.3,,44.01,斯莱克,-70.994,,648399994.0,0,14.0,创业板
SZ000663,,,5.8702,11,-1.32,False,0.01,2.218,306301196.0,6.0,3.62,,-18.7,1837807176.0,,2018384712.0,,100.0,-10.106269836619566,21.54,-0.17,-18.718036650009108,43540000.0,-0.08,849801600000.0,-0.29,2257536.0,7167400.0,0.67,2.22,19380.0,2.34,,336.0,永安林业,-20.846,,336397452.0,0,6.08,深市主板
SZ300609,121.64757170071981,,8.4992,11,-4.6,False,0.01,3.155,119894463.0,22.58,6.21,,-41.46,2707216975.0,,2712182858.0,,100.0,-15.340624111327886,144.17,-0.04,-3.6807981496094544,55950052.98,-1.09,1487088000000.0,-1.2,-4032762.0,2429300.0,0.81,3.155,19373.0,2.03,,43.97,汇纳科技,-18.895,,120114387.0,0,23.67,创业板
SZ300270,,,15.0877,11,-0.78,False,0.01,5.501,302806028.0,10.13,3.33,32.7885,-7.57,3067425064.0,,3067425064.0,,100.0,-1.7807392065476917,69.7,0.3,28.417849298028642,70102279.0,-0.08,1318348800000.0,-0.03,2991968.0,6900100.0,0.78,5.501,19342.0,2.28,,27.43,中威电子,-306.099,,302806028.0,0,10.21,创业板
SZ002523,68.78786768674907,0.0,2.3074,11,0.0,False,0.01,1.892,1411542683.0,3.4,2.06,10.6294,-20.22,4799245122.0,1790697600000.0,4816578720.0,0.588,100.0,5.648145352787209,19.82,0.0,6.809979825530177,63354896.41,0.0,1291910400000.0,0.1,-10050464.0,18562701.0,1.1,1.892,19290.0,1.32,,13.85,天桥起重,34.036,,1416640800.0,0,3.4,深市主板
SZ002391,-10.889698104967138,,0.8979,11,1.36,False,0.01,0.81,464098311.0,5.21,2.33,7.5588,-8.94,2417952200.0,,3384377186.0,3.685,100.0,1.2385902202408785,-54.65,0.0,1.978197243875357,37795250.34,0.07,1271347200000.0,0.08,3842725.0,7253858.0,1.17,0.81,19270.0,1.56,,45.1,长青股份,64.816,,649592550.0,0,5.14,深市主板
SZ002671,-41.523079049134836,,1.6605,11,-0.99,False,0.01,1.372,551396073.0,4.02,3.45,9.9089,-23.28,2216612213.0,,2257595201.0,,100.0,0.8670966601299889,-22.71,0.0,3.3536695650538295,32605612.0,-0.04,1335369600000.0,0.03,241934.0,8045400.0,1.03,1.375,19269.0,1.46,,1.24,龙泉股份,155.893,,561590846.0,0,4.06,深市主板
SZ300424,23.860723414711327,,1.9138,11,-1.49,False,0.01,4.478,256479951.0,12.59,4.07,12.166,-31.24,3229082583.0,,3230906647.0,,100.0,-10.260372681963132,64.12,0.08,1.0385611355827828,99071373.82,-0.19,1429632000000.0,-0.31,-3102852.0,7772390.0,0.7,4.347,19243.0,3.03,,44.01,航新科技,-41.076,,256624833.0,0,12.78,创业板
SZ002377,,,1.1539,11,1.35,False,0.01,6.877,872447921.0,3.0,3.72,26.4302,4.9,2617343763.0,,2748975603.0,,100.0,6.649563162916293,-50.33,-0.33,51.75773474320009,123070191.0,0.04,1269273600000.0,0.03,9185021.0,40869100.0,0.99,6.878,19235.0,4.68,,34.19,国创高新,95.142,,916325201.0,0,2.96,深市主板
SZ300698,-8.086479787556877,0.0,4.3514,11,-2.79,False,0.01,6.282,120184965.0,25.8,4.52,25.2491,-38.76,3100772097.0,1790697600000.0,3457200000.0,,100.0,9.17066086441047,228.5,0.0,18.830273724792935,44024911.0,-0.74,1504108800000.0,0.36,2404246.0,1693300.0,0.79,6.282,19222.0,1.41,,44.0,万马科技,71.882,,134000000.0,0,26.54,创业板
SZ300464,-66.74349086122062,,2.9529,11,-5.64,False,0.01,29.773,355139675.0,9.53,10.4,47.5576,50.32,3384481103.0,,4453365788.0,,100.0,15.131873217314995,80.3,0.42,-2.1764598328705254,231086508.0,-0.57,1433865600000.0,0.04,-6204919.0,23721500.0,0.74,29.772,19191.0,6.68,,44.02,星徽股份,213.757,,467299663.0,0,10.1,创业板
SZ300345,9.077354293025275,,4.3616,11,-1.41,False,0.01,10.716,480743701.0,6.31,8.91,251.9982,0.64,3033492753.0,,3668208555.0,,100.0,-48.56281774804725,69.82,0.8,-18.05776428909992,187038286.0,-0.09,1343750400000.0,-0.36,2570487.0,28813300.0,1.01,10.708,19183.0,5.99,,-3.43,华民股份,-17.416,,581332576.0,0,6.4,创业板
SZ002724,-7.438770568776542,0.0,3.2011,11,-0.43,False,0.01,1.976,566478289.0,6.95,6.59,32.8184,4.38,3937024109.0,1790697600000.0,5361911058.0,1.439,100.0,1.7745320234157782,33.67,0.0,-1.567674065192659,207503185.5,-0.03,1415030400000.0,0.06,9099459.0,29368719.0,0.76,1.976,19177.0,5.18,,44.03,海洋王,111.278,,771497994.0,0,6.98,深市主板
SZ300843,31.18957347800999,0.0,9.7169,11,0.25,False,0.01,11.943,166408357.0,120.11,7.56,145.3421,133.19,19987307759.0,1790697600000.0,20372664960.0,0.161,100.0,9.53244756113842,922.65,0.12,26.961864441934335,724052273.84,0.3,1593619200000.0,0.93,10266335.0,5893783.0,0.9,11.527,19171.0,3.54,,43.96,胜蓝股份,129.269,,169616726.0,0,119.81,创业板
SZ300425,-58.50322679928021,,1.7134,11,0.74,False,0.01,1.175,680738381.0,4.08,1.73,11.0624,-17.5,2777412594.0,,2783477400.0,0.098,100.0,0.5136899087728731,76.59,-0.24,0.07750541378435116,25056228.0,0.03,1424016000000.0,0.02,-337440.0,6140900.0,0.73,1.175,19151.0,0.9,,43.98,中建环能,229.139,,682224853.0,0,4.05,创业板
SZ002917,20.520542996349867,,2.0022,11,-0.5,False,0.01,1.927,260546731.0,9.98,2.49,13.8566,-24.38,2600256375.0,,3469189686.0,1.493,100.0,10.157630343660948,84.09,0.1,3.9123482365380546,23571890.0,-0.05,1512662400000.0,0.51,-3723921.0,2350300.0,1.1,1.926,19079.0,0.9,,43.99,金奥博,19.682,,347614197.0,0,10.03,深市主板
SZ001215,-24.94385387479938,,1.5353,11,0.34,False,0.01,1.693,96901642.0,32.55,2.22,12.3285,-15.45,3154148447.0,,3162572517.0,,100.0,3.2075447685162226,74.75,0.34,5.689254632622487,39470147.0,0.11,1630857600000.0,0.61,2520540.0,1217500.0,0.65,1.693,19071.0,1.26,,43.98,千味央厨,52.935,,97160446.0,0,32.44,深市主板
SZ003042,,,1.0443,11,-1.11,False,0.01,1.719,141505000.0,14.24,4.65,63.4446,-11.33,2015031200.0,,2028915200.0,,100.0,-14.339206829545795,-27.48,-0.14,6.037057877028729,40920978.0,-0.16,1617638400000.0,-1.28,414149.0,2853800.0,0.5,1.719,19054.0,2.02,,44.02,中农联合,-11.139,,142480000.0,0,14.4,深市主板
SZ301421,9.939723110388066,0.0,16.2553,11,-4.65,False,0.01,6.493,60721625.0,68.05,7.3,104.3688,-34.51,4132106581.0,1790697600000.0,7874609900.0,0.294,100.0,4.177280103419636,14.78,-0.03,11.61726042298923,177356000.36,-3.32,1692720000000.0,0.43,-3531535.0,2558002.0,1.15,6.493,19039.0,4.21,,77.98,波长光电,157.167,,115718000.0,0,71.37,创业板
SZ300719,,,4.6488,11,-1.44,False,0.01,2.952,179620132.0,11.6,4.08,509.5902,-35.95,2083593531.0,,2949034940.0,,100.0,-1.8364593036536443,28.02,-0.09,-12.85802180513189,30557233.0,-0.17,1510156800000.0,-0.07,-2070087.0,2594100.0,1.16,2.952,19007.0,1.44,,43.97,安达维尔,-158.746,,254227150.0,0,11.77,创业板
SZ000421,,,0.4282,11,1.22,False,0.01,1.198,574208022.0,5.81,2.79,10.7322,-15.01,3336148608.0,,3337355415.0,1.033,100.0,3.6046648488612587,459.03,0.17,24.59379762251974,41767873.0,0.07,839260800000.0,0.17,-131306.0,7183600.0,1.4,1.198,18982.0,1.25,,77.68,南京公用,33.63,,574415734.0,0,5.74,深市主板
SZ000702,-35.796426987988525,,1.8488,11,-1.02,False,0.01,6.202,346624948.0,5.81,3.07,,-13.02,2013890948.0,,2013890948.0,,100.0,-7.958533947686036,-17.02,0.17,-2.141936165103009,36347529.8,-0.06,858614400000.0,-0.08,480518.0,6219601.0,0.93,6.203,18950.0,1.79,,0.0,正虹科技,-74.587,,346624948.0,0,5.87,深市主板
SZ002578,-2.8953134716350637,,1.8513,11,-0.48,False,0.01,2.588,861162561.0,4.12,2.9,,-8.24,3547989751.0,,3867156354.0,,100.0,-2.3208562239794017,14.61,0.24,-5.716622456573006,79196383.0,-0.02,1303920000000.0,-0.04,1416837.0,19359000.0,1.05,2.588,18922.0,2.25,,21.21,闽发铝业,-110.252,,938630183.0,0,4.14,深市主板
SZ300125,-73.41138056707526,0.0,48.352,11,-2.1,False,0.01,5.176,360759959.0,8.38,4.44,118.121,9.83,3023168456.0,1790697600000.0,5579822891.0,,100.0,69.11582281185889,-30.76,-0.24,-49.958785671746256,37377908.76,-0.18,1286899200000.0,0.23,-1674540.0,4394884.0,1.24,5.176,18913.0,1.22,,33.62,聆达股份,37.062,,665849987.0,0,8.56,创业板
SZ002823,41.24465577905663,0.0,1.3607,11,-0.24,False,0.01,1.992,223039713.0,12.69,2.52,7.9038,-18.68,2830373958.0,1790697600000.0,4155953046.0,3.365,100.0,10.978898779903504,69.75,-0.08,1.7570302390021997,31028679.27,-0.03,1479916800000.0,0.69,-1067477.0,2438343.0,0.84,1.998,18912.0,1.09,,43.99,凯中精密,18.458,,327498270.0,0,12.72,深市主板
SZ002825,-17.6878934391395,,1.4431,11,0.98,False,0.01,2.024,257809758.0,9.31,3.25,23.2662,-17.87,2400208847.0,,3183467237.0,1.278,100.0,4.528401109064652,141.85,0.32,17.926481433554507,39305488.27,0.09,1480348800000.0,0.21,2511219.0,4218199.0,1.49,2.024,18907.0,1.64,,43.95,纳尔股份,44.407,,341940627.0,0,9.22,深市主板
SZ300196,-0.2360547759226006,0.0,2.0942,11,-1.58,False,0.01,1.428,247165244.0,16.87,5.6,12.2812,19.21,4169677666.0,1790697600000.0,6899113700.0,3.219,100.0,6.47529718269079,181.65,0.3,10.050690041595711,154191385.0,-0.27,1301328000000.0,0.76,-1011466.0,8993800.0,0.66,1.453,18890.0,3.64,,16.9,长海股份,22.315,,408957540.0,0,17.14,创业板
SZ002098,18.713152051362346,,1.0667,11,2.44,False,0.01,1.911,358000000.0,8.41,3.9,9.3696,-13.02,3010780000.0,,3010780000.0,1.189,100.0,13.618134691718403,116.28,0.36,11.859853008961284,44082185.0,0.2,1166716800000.0,0.57,1047943.0,5276400.0,0.92,1.911,18865.0,1.47,,101.31,浔兴股份,14.802,,358000000.0,0,8.21,深市主板
SZ000407,4.919132338547727,,0.9461,11,1.41,False,0.01,1.216,875782212.0,4.31,2.35,8.3028,-12.84,3774621334.0,,3793164867.0,1.392,100.0,5.475720187396551,493.99,0.23,-6.1619934487509465,75698938.0,0.06,836323200000.0,0.19,-2145504.0,17573850.0,1.41,1.216,18856.0,2.01,,70.0,胜利股份,22.589,,880084656.0,0,4.25,深市主板
SZ002989,,0.0,13.8046,11,-4.95,False,0.01,3.167,197835292.0,21.49,8.05,81.9818,-30.32,4251480425.0,1790697600000.0,4332760978.0,,100.0,-11.790633778198588,-3.93,0.28,-33.093993666337795,143792423.0,-1.12,1591718400000.0,-0.87,-5721218.0,6554900.0,0.54,3.167,18854.0,3.31,,44.0,中天精装,-24.687,,201617542.0,0,22.61,深市主板
SZ002992,,0.0,4.826,11,-0.86,False,0.01,7.977,158236407.0,32.12,3.67,62.4301,-32.54,5082553393.0,1790697600000.0,5809500556.0,,100.0,0.4329660463488228,58.3,0.12,-5.855311630461902,39270791.5,-0.28,1596384000000.0,0.02,-620708.0,1213750.0,0.65,7.97,18820.0,0.77,,43.98,宝明科技,1845.465,,180868635.0,0,32.4,深市主板
SZ300105,,,3.7559,11,-0.85,False,0.01,2.009,515491620.0,6.96,4.13,14.8802,-0.58,3587821675.0,,3590068363.0,2.155,100.0,-2.949263778409811,-43.23,0.14,-5.605417119715628,59005650.0,-0.06,1282233600000.0,-0.11,2142935.0,8407300.0,1.19,2.009,18799.0,1.63,,57.7,龙源技术,-65.718,,515814420.0,0,7.02,创业板
SZ000586,-54.6477494884365,,4.4957,11,-1.52,False,0.01,7.555,191190000.0,12.32,6.79,216.413,-8.94,2355460800.0,,2383180800.0,,100.0,-5.868166219779549,469.18,0.41,3.5625015703090845,74753100.09,-0.19,819388800000.0,-0.1,-1246426.0,5997600.0,1.03,7.555,18789.0,3.14,,277.5,汇源通信,-125.368,,193440000.0,0,12.51,深市主板
SZ002656,-30.660952032749456,,2.7999,11,-1.06,False,0.01,4.994,686754270.0,2.8,3.89,,-0.71,1922911956.0,,1995055563.0,,100.0,-9.039139404321698,-56.58,0.72,45.05118315161383,39179633.68,-0.03,1330358400000.0,-0.05,-4490124.0,13986328.0,1.4,4.994,18765.0,2.04,,25.86,摩登大道,-52.682,,712519844.0,0,2.83,深市主板
SZ002798,-34.55333507586016,,1.8629,11,-0.15,False,0.01,1.889,516749176.0,6.57,4.1,17.0859,14.66,3395042086.0,,3859971664.0,,100.0,-25.96690240430349,59.66,0.15,-20.913936545961576,65119835.7,-0.01,1464105600000.0,-0.81,3846989.0,9840820.0,1.1,1.97,18720.0,1.9,,43.99,帝欧水华,-8.12,,587514713.0,0,6.58,深市主板
SZ300283,,,1.214,11,-3.64,False,0.01,5.148,379868489.0,12.43,9.22,170.8168,65.21,4721765318.0,,6177439299.0,0.121,100.0,11.798264191878935,200.29,0.16,34.313020548953865,415238163.64,-0.47,1326124800000.0,0.24,4844493.0,32386200.0,0.92,5.148,18701.0,8.53,,40.55,温州宏丰,50.913,,496978222.0,0,12.9,创业板
SZ002877,-47.3518030834959,,2.7931,11,-0.54,False,0.01,2.161,240514652.0,7.42,3.49,44.2892,-18.89,1784618718.0,,2640360217.0,0.337,100.0,1.3338338292027838,108.71,0.0,-6.347730889080849,20848014.0,-0.04,1496592000000.0,0.05,-415638.0,2792400.0,0.74,2.161,18696.0,1.16,,44.05,智能自控,162.065,,355843695.0,0,7.46,深市主板
SZ300194,-34.489111970685514,0.0,2.8216,11,1.03,False,0.01,1.063,968378683.0,3.93,5.14,10.7448,-10.12,3805728224.0,1790697600000.0,4675569661.0,1.272,100.0,1.3500836836866175,-33.23,0.26,-15.72258941483059,120824301.0,0.04,1300723200000.0,0.05,4326965.0,30272900.0,2.3,1.062,18687.0,3.13,,-4.23,福安药业,78.382,,1189712382.0,0,3.89,创业板
SZ002982,-22.63407251665135,,0.5537,11,-0.78,False,0.01,1.52,130091248.0,12.68,2.5,6.3673,-6.97,1649557025.0,,2576500998.0,0.789,100.0,0.8869874388357929,-27.48,-0.16,7.655913371431633,28856937.48,-0.1,1587657600000.0,0.07,-629036.0,2261336.0,0.64,1.635,18683.0,1.74,,44.01,湘佳股份,171.72,,203194085.0,0,12.78,深市主板
SZ002715,,,3.4588,11,-1.2,False,0.01,3.918,138000000.0,13.12,5.05,38.9427,-24.42,1810560000.0,,1810560000.0,,100.0,-3.2240280352959902,62.79,0.54,-1.344179584188454,31830530.0,-0.16,1392739200000.0,-0.11,-1789849.0,2418100.0,1.04,3.918,18675.0,1.75,,44.0,登云股份,-119.426,,138000000.0,0,13.28,深市主板
SZ003006,-5.989913714351802,0.0,2.6502,11,-3.98,False,0.01,6.628,428572965.0,22.2,6.92,30.0257,4.22,9514319823.0,1790697600000.0,9538180938.0,1.802,100.0,13.952878502312402,218.04,0.45,19.981600060244343,1231159956.19,-0.92,1600617600000.0,0.46,-7270272.0,54186126.0,1.09,6.628,18661.0,12.64,,44.02,百亚股份,47.952,,429647790.0,0,23.12,深市主板
SZ301219,76.71191960986592,0.0,1.3984,11,0.13,False,0.01,1.536,273240145.0,39.8,2.26,48.173,-23.31,10874957771.0,1790697600000.0,15236687611.0,2.678,100.0,16.011702228841887,-37.55,0.1,37.386523410431714,145525083.92,0.05,1647446400000.0,3.98,-8250529.0,3646183.0,0.96,1.535,18584.0,1.33,,6.81,腾远钴业,10.006,,382831347.0,0,39.75,创业板
SZ002835,-15.047924744988494,,2.3854,11,-1.29,False,0.01,2.304,127453854.0,13.02,2.73,,-18.64,1659449179.0,,2857810982.0,2.143,100.0,9.128640141950523,92.96,0.08,6.084835431595703,27076638.0,-0.17,1482854400000.0,0.51,573182.0,2073600.0,1.11,2.304,18582.0,1.63,,44.0,同为股份,25.684,,219493931.0,0,13.19,深市主板
SZ000692,,,1.1513,11,0.44,False,0.01,63.04,532832976.0,4.61,7.41,6.5445,34.01,2456360019.0,,2456360019.0,,100.0,-12.677469987873394,107.62,0.88,3.1380168789103324,321056948.16,0.02,856972800000.0,-0.01,-10768467.0,69893395.0,5.0,63.064,18555.0,13.12,,129.93,惠天热电,-468.204,,532832976.0,0,4.59,深市主板
SZ301389,-6.62395858281275,0.0,20.591,11,-3.52,False,0.01,6.372,283500000.0,50.21,9.2,58.4191,-7.9,14234535000.0,1790697600000.0,14234535000.0,0.43,100.0,4.084375894178755,158.81,0.36,61.39407025951562,329464911.08,-1.83,1667145600000.0,0.32,2480271.0,6379934.0,0.73,6.372,18513.0,2.25,,-6.93,隆扬电子,157.053,,283500000.0,0,52.04,创业板
SZ200625,-49.55765284635826,,0.1762,11,-0.61,False,0.01,0.364,1641614777.0,3.25,0.92,,-20.24,5335248025.0,,32216943031.0,4.062,100.0,3.4211196222592744,3105.13,-0.31,-0.7143431256984356,4659005.14,-0.02,847382400000.0,0.31,0.0,1427232.0,1.09,0.362,18509.0,0.09,,-12.17,长安B,10.578,,9912905548.0,0,3.27,B股
SZ002793,7.194706817745056,0.0,2.1996,11,-1.66,False,0.01,4.577,1085927594.0,4.74,4.36,14.926,-1.25,5147296796.0,1790697600000.0,5155169424.0,,100.0,-20.191710360011804,18.43,0.64,0.8080703503705378,116197517.17,-0.08,1460649600000.0,-0.24,-10574165.0,24311099.0,0.93,4.577,18481.0,2.24,,44.03,罗欣药业,-20.111,,1087588486.0,0,4.82,深市主板
SZ002357,46.261197848577964,,4.4679,11,1.13,False,0.01,1.804,313477786.0,11.63,2.87,26.9829,8.98,3645746651.0,,3645877489.0,0.43,100.0,20.12856141085118,177.85,-0.26,-1.9305704316132544,74817402.4,0.13,1265731200000.0,1.19,5407296.0,6459500.0,1.11,1.804,18466.0,2.06,,33.6,富临运业,9.786,,313489036.0,0,11.5,深市主板
SZ000659,6.688306561533697,0.0,3.8057,11,-1.82,False,0.01,50.692,1285702520.0,2.69,4.01,28.3369,-33.74,3458539779.0,1790697600000.0,3458539779.0,,100.0,-82.98007833830187,152.46,0.37,-12.430504089919536,58505392.6,-0.05,849542400000.0,-0.08,-8192101.0,21552380.0,0.93,50.659,18464.0,1.68,,1009.62,珠海中富,-32.765,,1285702520.0,0,2.74,深市主板
SZ300969,-8.55085583700096,0.0,11.4303,11,-4.1,False,0.01,6.703,78275301.0,72.55,5.41,57.5441,-17.71,5678873088.0,1790697600000.0,11906895553.0,0.345,100.0,10.308117167879487,107.99,0.11,7.775194945451491,116530465.48,-3.1,1618156800000.0,0.98,-16643422.0,1596173.0,1.08,6.703,18434.0,2.04,,176.89,恒帅股份,74.181,,164119856.0,0,75.65,创业板
SZ300910,10.810119411293062,0.0,2.7727,11,-2.14,False,0.01,2.767,268276110.0,27.42,2.68,23.4736,-35.15,7356130936.0,1790697600000.0,10503019235.0,4.147,100.0,21.529281169656286,-7.6,0.18,13.332898934327918,101743480.78,-0.6,1606406400000.0,2.04,-1900992.0,3673190.0,1.05,2.767,18414.0,1.37,,240.38,瑞丰新材,13.448,,383042277.0,0,28.02,创业板
SZ001227,-3.0597374583106296,0.0,1.4922,11,0.0,False,0.01,0.387,4216829430.0,2.11,1.42,0.5099,-5.78,8897510097.0,1790697600000.0,12017921024.0,3.791,100.0,4.965604581091427,-40.84,0.0,1.2058962927592898,118673257.4,0.0,1642348800000.0,0.31,8108071.0,56023145.0,1.01,0.387,18402.0,1.33,,43.98,兰州银行,6.753,,5695697168.0,0,2.11,深市主板
SZ002860,-6.706204543342931,,3.0600243901793847,11,0.0,False,0.01,2.749,345938390.0,18.39,,54.13603177581997,31.34,6361806992.0,,6475948683.0,0.544,100.0,7.791545071050811,169.89,0.0,-10.242668561953927,0.0,0.0,1491926400000.0,0.51,,0.0,0.0,2.749,18378.0,0.0,,44.02,星帅尔,36.358,,352145116.0,0,18.39,深市主板
SZ002789,0.5758776949519984,,0.8539,11,-4.68,False,0.01,36.978,156478262.0,14.25,5.15,38.306,35.97,2229815234.0,,2274635075.0,,100.0,151.7807314492059,-17.29,0.64,-32.724864573145815,40511030.2,-0.7,1457625600000.0,-4.43,-4736258.0,2857080.0,1.06,36.975,18295.0,1.83,,43.99,*ST建艺,-3.216,,159623514.0,0,14.95,深市主板
SZ301031,84.85152433908874,0.0,4.749,11,-5.34,False,0.01,7.28,114898741.0,87.69,7.92,48.4375,15.9,10075470598.0,1790697600000.0,12816275215.0,0.399,100.0,33.904736037208075,107.49,0.16,49.43815830286744,186229930.74,-4.95,1626278400000.0,3.55,-8727606.0,2072804.0,1.0,7.28,18250.0,1.8,,378.38,中熔电气,24.723,,146154353.0,0,92.64,创业板
SZ301316,59.891940862572014,0.0,5.9679,11,-4.98,False,0.01,13.666,391247377.0,36.81,7.07,200.1678,-17.42,14401815947.0,1790697600000.0,14856552810.0,0.272,100.0,10.652111646021712,57.5,0.57,26.9524904941997,357212962.68,-1.93,1665590400000.0,0.28,-21767222.0,9575200.0,0.57,13.68,18225.0,2.45,,254.87,慧博云通,133.112,,403601000.0,0,38.74,创业板
SZ300259,-31.98191906290704,0.0,4.3064,11,-2.56,False,0.01,1.464,1154836750.0,3.81,3.32,28.4515,-12.25,4399928018.0,1790697600000.0,4400950183.0,2.835,100.0,6.481560400631717,112.81,0.0,-4.023342192129775,94685555.88,-0.1,1314720000000.0,0.17,-16629939.0,24518848.0,0.38,1.464,18186.0,2.12,,40.64,新天科技,22.809,,1155105035.0,0,3.91,创业板
SZ002198,,,5.0814,11,-1.96,False,0.01,2.527,507478498.0,3.51,2.79,,-50.07,1781249528.0,,1781359566.0,,100.0,-0.3637166486855677,-12.35,-0.28,-15.675145703217586,9473898.0,-0.07,1197907200000.0,-0.01,878515.0,2663100.0,1.08,2.527,18138.0,0.52,,267.28,ST嘉应,-689.414,,507509848.0,0,3.58,深市主板
SZ002676,38.49686047224763,0.0,1.4173,11,2.33,False,0.01,2.993,719974585.0,5.28,4.26,14.2088,-35.81,3801465809.0,1790697600000.0,4106194398.0,0.17,100.0,6.702360352294634,65.87,0.19,8.481249057760243,69485265.29,0.12,1337875200000.0,0.12,5859724.0,13132000.0,1.47,2.55,18112.0,1.82,,-2.72,顺威股份,45.864,,777688333.0,0,5.16,深市主板
SZ301221,49.16078434735005,,4.6848,11,-0.83,False,0.01,1.697,89340796.0,26.31,2.83,318.0746,-34.13,2350556343.0,,3457141367.0,0.802,100.0,0.1226304350867118,-62.23,0.0,7.979414570831778,30622536.8,-0.22,1640102400000.0,0.02,-2950646.0,1157720.0,0.91,1.697,18101.0,1.3,,25.94,光庭信息,1398.366,,131400280.0,0,26.53,创业板
SZ301301,-20.69266079925155,0.0,4.188,11,0.0,False,0.01,2.29,619153732.0,8.19,5.86,19.5969,-17.77,5070869065.0,1790697600000.0,18282479670.0,2.112,100.0,7.512008035047764,-20.45,0.24,-5.093630396269466,141377948.4,0.0,1672070400000.0,0.27,-523446.0,17004850.0,1.78,2.29,18031.0,2.75,,101.0,川宁生物,30.9,,2232293000.0,0,8.19,创业板
SZ002627,-14.887880406774345,0.0,5.6814,11,-1.07,False,0.01,1.464,698158144.0,6.48,2.44,16.1689,-12.01,4524064773.0,1790697600000.0,4572803017.0,0.756,100.0,2.5757894453792187,19.14,0.15,-18.828034109988266,48162579.34,-0.07,1320249600000.0,0.11,-1105254.0,7407340.0,1.09,1.503,18020.0,1.06,,37.0,三峡旅游,57.264,,705679478.0,0,6.55,深市主板
SZ000531,4.986258931107468,0.0,1.4833,11,0.18,False,0.01,0.836,909745488.0,5.56,1.44,7.8939,-12.55,5058184913.0,1790697600000.0,5790191406.0,2.5,100.0,4.809191402356465,1052.57,-0.18,-8.737800563629328,28503566.68,0.01,757785600000.0,0.32,-392677.0,5124603.0,1.16,0.836,17998.0,0.56,,78.12,穗恒运A,17.611,,1041401332.0,0,5.55,深市主板
SZ002159,-3.5630674170883725,,3.6931,11,-0.83,False,0.01,1.601,138486813.0,13.2,2.33,10.6393,-12.12,1828025932.0,,2340377490.0,2.121,100.0,9.094525492938374,-34.79,-0.15,-4.4028597130776115,29800952.0,-0.11,1187280000000.0,0.73,-1319158.0,2251400.0,1.26,1.601,17895.0,1.63,,380.81,三特索道,18.046,,177301325.0,0,13.31,深市主板
SZ301306,33.68126072353939,0.0,21.7498,11,-1.05,False,0.01,7.935,58262500.0,85.62,4.72,,-25.13,4988435250.0,1790697600000.0,7226328000.0,,100.0,-13.59380907061039,50.78,0.25,5.544940363804751,169326811.78,-0.91,1658764800000.0,-1.51,3169422.0,1959718.0,0.74,7.935,17877.0,3.36,,29.56,西测测试,-56.846,,84400000.0,0,86.53,创业板
SZ300448,-31.775091360630825,0.0,16.8598,11,-1.85,False,0.01,3.004,639017081.0,5.31,4.07,30.6969,-31.85,3393180700.0,1790697600000.0,3592305689.0,0.621,100.0,-2.231720299482489,122.05,-0.38,-22.35061160985413,74459502.77,-0.1,1429804800000.0,-0.04,175345.0,13889226.0,1.03,3.004,17859.0,2.17,,44.02,浩云科技,-131.23,,676517079.0,0,5.41,创业板
SZ300667,28.578690924813465,,3.6966,11,-2.61,False,0.01,2.788,177311129.0,14.18,5.36,43.3622,-19.8,2514271809.0,,2901739033.0,,100.0,-8.562236125433174,133.92,-0.07,-2.751020218049127,59570272.0,-0.38,1497801600000.0,-0.45,-516449.0,4142000.0,0.62,2.788,17857.0,2.34,,44.0,必创科技,-31.244,,204636039.0,0,14.56,创业板
SZ300440,,0.0,6.6785,11,-1.39,False,0.01,4.334,439951665.0,16.35,4.28,51.4318,33.16,7193209723.0,1790697600000.0,7225338045.0,0.281,100.0,3.7543121282245933,144.1,0.49,-15.159872945036291,78015642.0,-0.23,1429718400000.0,0.14,-4660580.0,4759800.0,0.67,4.334,17844.0,1.08,,44.01,运达科技,117.638,,441916700.0,0,16.58,创业板
SZ001206,-1.484608390701303,,2.165,11,2.74,False,0.01,1.926,106864458.0,19.13,10.69,29.9092,-33.1,2044317082.0,,3537018547.0,3.837,100.0,7.348321920633732,-13.79,0.74,6.046953859364623,347740502.97,0.51,1621267200000.0,0.74,17764772.0,17941577.0,6.86,1.926,17835.0,16.79,,43.99,依依股份,26.018,,184893808.0,0,18.62,深市主板
SZ300419,28.102917730758215,,15.4857,11,-3.14,False,0.01,8.881,367753770.0,7.71,4.27,52.6393,22.38,2835381567.0,,2835381567.0,,100.0,-31.76896285268434,71.65,-0.39,-42.18896207259222,36521823.3,-0.25,1421856000000.0,-0.33,-1029388.0,4678541.0,0.69,8.881,17824.0,1.27,,44.01,ST浩丰,-23.515,,367753770.0,0,7.96,创业板
SZ300504,10.67576474697196,,3.2913,11,-1.08,False,0.01,2.02,220221223.0,16.53,3.53,,11.01,3640256816.0,,4480036307.0,,100.0,-0.3274739323867961,13.29,0.3,-16.754845599143586,128238621.0,-0.18,1522339200000.0,-0.03,-5307829.0,7728200.0,0.86,2.02,17803.0,3.51,,44.03,天邑股份,-628.853,,271024580.0,0,16.71,创业板
SZ001269,,0.0,7.4421,11,-2.4,False,0.01,4.936,192412366.0,18.67,3.97,63.5798,-22.47,3592338873.0,1790697600000.0,3592338873.0,,100.0,-29.220239660223484,45.21,0.16,-46.430733539020984,32335384.76,-0.46,1664467200000.0,-1.3,-146298.0,1711404.0,0.85,5.615,17768.0,0.89,,44.03,欧晶科技,-14.329,,192412366.0,0,19.13,深市主板
SZ300092,-32.27039325472163,,2.9336,11,-0.78,False,0.01,1.903,209858756.0,11.45,3.64,25.6652,-27.06,2402882756.0,,3136421453.0,0.873,100.0,3.257670869490017,53.91,0.17,-12.742850214311474,39280737.0,-0.09,1278518400000.0,0.19,2124994.0,3402400.0,1.56,1.903,17633.0,1.62,,20.56,科新机电,58.909,,273923271.0,0,11.54,创业板
SZ002767,54.98705651624638,,3.4131,11,-3.36,False,0.01,3.023,130283871.0,17.55,4.96,,-23.26,2286481936.0,,2632500000.0,0.177,100.0,3.27614325801226,50.99,0.29,11.331162785388681,42368216.0,-0.61,1434038400000.0,0.19,-3600226.0,2388300.0,1.0,3.023,17621.0,1.83,,43.98,先锋电子,93.805,,150000000.0,0,18.16,深市主板
SZ300723,129.3239025214005,0.0,17.655,11,-1.29,False,0.01,8.038,419193546.0,32.84,3.01,93.5307,-2.12,13766316051.0,1790697600000.0,14833590435.0,,100.0,12.051672498462615,343.57,0.21,-32.05579885346186,121498858.53,-0.43,1510761600000.0,0.49,-8181240.0,3674470.0,0.89,8.038,17576.0,0.88,,43.99,一品红,67.281,,451692766.0,0,33.27,创业板
SZ300112,,,3.1097,11,-2.24,False,0.01,3.329,272592163.0,9.58,7.45,145.5465,11.27,2611432922.0,,3093888035.0,,100.0,-5.728724704101487,53.55,0.63,-5.326221559079269,185172841.65,-0.22,1282838400000.0,-0.18,3524260.0,19087159.0,0.58,2.968,17538.0,7.0,,44.0,万讯自控,-52.741,,322952822.0,0,9.8,创业板
SZ301076,-9.531375495826278,0.0,9.9475,11,-2.55,False,0.01,3.745,152357918.0,19.88,5.0,61.5425,-47.47,3028875410.0,1790697600000.0,4536008368.0,0.387,100.0,5.70278392488033,19.95,0.15,2.393315355704484,51690185.48,-0.52,1633881600000.0,0.3,-852320.0,2572435.0,0.98,3.745,17530.0,1.69,,51.29,新瀚新材,66.767,,228169435.0,0,20.4,创业板
SZ301325,,0.0,6.623,11,5.84,False,0.01,1.833,143892660.0,33.14,7.09,,-34.44,4768602752.0,1790697600000.0,4768602752.0,,100.0,-6.306097782490673,-61.63,0.49,-20.169646052149215,179882997.19,1.83,1683820800000.0,-1.19,6047428.0,5515299.0,2.24,1.833,17517.0,3.83,,17.34,曼恩斯特,-27.766,,143892660.0,0,31.31,创业板
SZ300707,,,2.3966,11,-0.5,False,0.01,1.857,143580522.0,12.03,2.89,9.847,-26.53,1727273680.0,,2092017132.0,0.748,100.0,-0.48613248582663626,37.18,0.33,5.229355962039017,28570251.0,-0.06,1507564800000.0,-0.03,-276964.0,2370000.0,0.99,1.951,17510.0,1.65,,44.0,威唐工业,-376.461,,173900011.0,0,12.09,创业板
SZ300861,-17.50579381775339,0.0,4.2989,11,-1.92,False,0.01,1.507,421864890.0,14.81,3.51,58.7973,0.64,6247819021.0,1790697600000.0,9949956916.0,1.884,100.0,7.27696648167669,-54.93,0.07,-17.96429614052373,98997109.38,-0.29,1598198400000.0,0.7,-3639001.0,6616601.0,0.93,1.507,17431.0,1.57,,60.1,美畅股份,21.224,,671840440.0,0,15.1,创业板
SZ002209,50.761257688435265,,1.328,11,-0.83,False,0.01,2.832,157848788.0,13.07,3.34,7.0928,-18.3,2063083659.0,,2673207754.0,0.612,100.0,17.19804359412337,14.95,-0.08,19.00014221183859,43984083.0,-0.11,1201622400000.0,0.73,-1014381.0,3348100.0,1.12,2.832,17430.0,2.12,,403.54,达意隆,17.807,,204530050.0,0,13.18,深市主板
SZ002809,-3.2423840759304046,,2.5194,11,-0.82,False,0.01,1.128,169970302.0,8.5,4.43,64.7859,-19.46,1444747567.0,,2042211811.0,1.176,100.0,-3.5067323432590074,-9.86,-0.12,4.51018958036109,35952387.66,-0.07,1471881600000.0,-0.25,-1372859.0,4209125.0,0.99,1.128,17403.0,2.48,,43.99,红墙股份,-33.869,,240260213.0,0,8.57,深市主板
SZ300167,-18.50196417822989,,2.996,11,-3.13,False,0.01,21.361,354085000.0,3.72,3.65,,-24.85,1317196200.0,,1548743508.0,,100.0,-92.75611603343864,-45.94,-0.53,4.57792101207759,14071397.0,-0.12,1295884800000.0,-0.12,-2240236.0,3745900.0,0.79,21.367,17377.0,1.06,,-14.2,ST迪威迅,-31.77,,416328900.0,0,3.84,创业板
SZ002393,-35.94814558520013,0.0,3.3478,11,0.43,False,0.01,0.971,300217443.0,14.14,1.56,32.66,-18.55,4245074644.0,1790697600000.0,4359263996.0,5.304,100.0,3.19584959408886,-47.98,0.21,1.9271655360035167,30917628.0,0.06,1271952000000.0,0.49,83573.0,2182360.0,1.31,0.971,17375.0,0.73,,29.56,力生制药,28.739,,308293069.0,0,14.08,深市主板
SZ300532,-24.70680109380816,0.0,1.7811,11,-0.95,False,0.01,2.52,604581510.0,7.27,2.45,17.308,-12.06,4395307578.0,1790697600000.0,4621104981.0,1.967,100.0,9.6804503223257,195.67,0.28,-3.429895711367037,69842991.4,-0.07,1471449600000.0,0.28,-11331977.0,9562200.0,1.54,2.52,17374.0,1.58,,44.0,今天国际,25.719,,635640300.0,0,7.34,创业板
SZ000419,-5.709992928778773,,1.5573,11,-0.2,False,0.01,0.819,543582655.0,5.09,2.55,25.9582,-18.24,2766835714.0,,2766835714.0,2.554,100.0,3.2278565178210856,559.84,0.2,-8.857232836636463,27976198.0,-0.01,840124800000.0,0.21,-4867642.0,5474000.0,1.28,0.819,17348.0,1.01,,108.06,通程控股,24.428,,543582655.0,0,5.1,深市主板
SZ002888,,,10.1759,11,-1.83,False,0.01,7.282,74923020.0,18.26,5.05,71.9271,-6.11,1368094345.0,,2695968703.0,0.739,100.0,5.360662057795974,226.68,-0.33,4.438361956926307,40212753.26,-0.34,1500566400000.0,0.14,-416910.0,2174100.0,1.0,7.282,17335.0,2.9,,44.04,惠威科技,134.3,,147643412.0,0,18.6,深市主板
SZ300705,-11.064553168378922,0.0,1.8914,11,-1.45,False,0.01,2.103,369946356.0,10.91,8.4,8.0431,-24.71,4036114744.0,1790697600000.0,5458176927.0,3.621,100.0,13.153460862827245,277.35,0.18,-0.5575373603228573,150986503.88,-0.16,1507564800000.0,0.68,4227251.0,13505556.0,2.51,2.135,17322.0,3.65,,43.97,九典制药,16.004,,500291194.0,0,11.07,创业板
SZ300713,54.589027396436094,,6.5286,11,-0.84,False,0.01,5.333,89407331.0,14.18,5.8,,-18.03,1267795954.0,,2252362686.0,,100.0,-23.092629946554272,-12.78,0.28,1.7844759759872764,85154627.52,-0.12,1509465600000.0,-0.69,2552446.0,5937878.0,1.25,5.333,17313.0,6.64,,44.01,英可瑞,-20.501,,158840810.0,0,14.3,创业板
SZ300523,,0.0,3.6256,11,-0.17,False,0.01,5.8,232630438.0,23.18,3.66,,-3.13,5392373553.0,1790697600000.0,5392540449.0,,100.0,-20.104738121566538,141.29,0.17,-12.368055822049218,120433498.09,-0.04,1469462400000.0,-0.89,2432013.0,5239482.0,0.69,5.8,17308.0,2.25,,43.98,辰安科技,-26.129,,232637638.0,0,23.22,创业板
SZ300257,-5.490042945238205,0.0,3.351,11,-3.68,False,0.01,2.567,954790313.0,16.74,6.44,17.5384,19.58,15983189840.0,1790697600000.0,16633450201.0,0.597,100.0,5.597103268273975,52.17,0.24,7.8499778625575445,160186052.37,-0.64,1313683200000.0,0.37,-9566538.0,9491470.0,1.22,2.567,17297.0,0.99,,22.86,开山股份,45.571,,993635018.0,0,17.38,创业板
SZ300560,29.273205982079944,,2.9941,11,-3.38,False,0.01,3.8,186964785.0,14.86,7.09,,-8.04,2778296705.0,,3413990223.0,,100.0,-7.656318187653452,204.54,0.61,4.682365260376531,174857667.1,-0.52,1477929600000.0,-0.31,4564162.0,11639545.0,0.93,3.8,17286.0,6.23,,43.96,中富通,-47.919,,229743622.0,0,15.38,创业板
SZ003036,-32.446254368487104,0.0,5.6263,11,-2.89,False,0.01,6.19,216600895.0,42.95,6.74,,177.71,9303008440.0,1790697600000.0,9303246813.0,0.154,100.0,2.8213534079397653,576.06,0.21,9.203755188707262,275497550.17,-1.28,1611763200000.0,0.19,-12427482.0,6318277.0,0.49,6.545,17283.0,2.92,,44.06,泰坦股份,222.701,,216606445.0,0,44.23,深市主板
SZ000782,10.785157730544604,,2.1995,11,-0.25,False,0.01,3.521,528139623.0,8.08,2.35,,62.9,4267368154.0,,5547578593.0,,100.0,-9.840736891213112,96.68,0.0,-2.7891714121526467,98530809.0,-0.02,866649600000.0,-0.24,-7807527.0,12164800.0,1.21,3.521,17209.0,2.3,,0.0,恒申新材,-34.009,,686581509.0,0,8.1,深市主板
SZ300926,30.241430130848144,0.0,1.2581,11,1.1,False,0.01,1.957,297993117.0,16.57,3.6,8.9076,-48.94,4937745949.0,1790697600000.0,7196786990.0,1.328,100.0,22.784426384817788,22.28,-0.18,29.18027245302617,88984940.83,0.18,1609948800000.0,1.79,2841472.0,5374596.0,1.94,1.957,17202.0,1.8,,189.5,博俊科技,9.271,,434326312.0,0,16.39,创业板
SZ301101,12.50897208530204,0.0,6.6544,11,-2.27,False,0.01,3.32,194103143.0,29.22,3.18,22.2225,-28.43,5671693838.0,1790697600000.0,5888183562.0,1.704,100.0,12.128151446946383,-22.85,-0.07,8.122168688640329,49217136.55,-0.68,1639584000000.0,1.03,2409111.0,1674700.0,1.21,3.32,17184.0,0.86,,149.31,明月镜片,28.242,,201512100.0,0,29.9,创业板
SZ300979,-17.02214615711889,0.0,1.6518,11,-1.59,False,0.01,2.487,1167000000.0,32.9,4.25,14.2935,-30.41,38394300000.0,1790697600000.0,38394300000.0,6.383,100.0,15.755221058582208,-47.51,0.15,2.3342467961621205,71748747.78,-0.53,1619366400000.0,2.13,5112395.0,2156436.0,0.67,2.487,17184.0,0.18,,201.02,华利集团,15.428,,1167000000.0,0,33.43,创业板
SZ301191,-10.568580339900313,0.0,3.4875,11,-2.61,False,0.01,4.213,73057734.0,74.23,5.77,,-3.39,5423075595.0,1790697600000.0,7192670248.0,0.299,100.0,4.654894414362351,48.78,0.16,6.176972832223138,183367042.2,-1.99,1653494400000.0,0.8,-16361747.0,2445780.0,0.72,4.213,17174.0,3.35,,25.03,菲菱科思,92.392,,96897080.0,0,76.22,创业板
SZ000544,5.281550399286705,0.0,1.287,11,0.28,False,0.01,0.751,974684488.0,7.25,0.97,10.8807,-9.74,7066462538.0,1790697600000.0,7066462538.0,3.724,100.0,9.492667699896854,221.41,0.0,-11.430496853480909,16344203.92,0.02,755280000000.0,1.06,3125847.0,2254827.0,1.02,0.751,17173.0,0.23,,142.86,中原环保,6.869,,974684488.0,0,7.23,深市主板
SZ300683,56.66461034308394,,7.2512,11,6.7,False,0.01,1.713,122199604.0,27.25,14.68,,-1.73,3329939209.0,,3566872155.0,,100.0,-12.214778312972477,-35.94,1.19,-9.669547953787061,696012863.18,1.71,1502121600000.0,-2.07,-221892194.0,24239871.0,5.75,1.713,17163.0,19.84,,43.99,海特生物,-13.172,,130894391.0,0,25.54,创业板
SZ300414,-8.50623999895559,,6.4439,11,-0.29,False,0.01,3.416,315671284.0,10.46,3.43,98.3468,-29.93,3301921631.0,,3410163614.0,0.153,100.0,1.8876477327986696,131.04,-0.1,1.986672824990765,50569173.04,-0.03,1431446400000.0,0.06,-3961145.0,4811680.0,0.82,3.416,17149.0,1.52,,44.03,中光防雷,181.841,,326019466.0,0,10.49,创业板
SZ002566,-24.071987240429003,,3.5748,11,-0.42,False,0.01,1.042,232102602.0,7.03,8.22,22.0605,-6.81,1631681292.0,,2326589748.0,1.138,100.0,1.6647413110967804,-40.96,0.14,-8.17345698448647,91409705.32,-0.03,1300377600000.0,0.11,8949517.0,12845299.0,2.95,1.042,17133.0,5.53,,0.35,益盛药业,62.768,,330951600.0,0,7.06,深市主板
SZ300543,,,1.3682,11,-1.67,False,0.01,1.696,250198808.0,7.64,4.12,,-31.05,1911518893.0,,2340676992.0,0.393,100.0,-3.0395946365147957,22.49,-0.26,10.80215322534226,33889158.0,-0.13,1473264000000.0,-0.14,-678257.0,4379600.0,1.22,1.696,17105.0,1.75,,44.01,朗科智能,-54.192,,306371334.0,0,7.77,创业板
SZ002910,-6.824654792171414,,2.0636,11,0.0,False,0.01,2.02,171049725.0,10.31,3.39,13.3572,-7.2,1763522665.0,,2016010668.0,,100.0,-6.9088966107492755,18.14,0.29,2.9891976819748978,77317662.0,0.0,1509379200000.0,-0.36,-7611392.0,7471700.0,1.3,2.02,17074.0,4.37,,43.97,庄园牧场,-28.301,,195539347.0,0,10.31,深市主板
SZ002513,-8.509492785857587,,0.8678,11,-5.12,False,0.01,418.776,295081202.0,5.56,5.8,,-17.26,1640651483.0,,2088302518.0,,100.0,20809.12463881173,-72.39,-0.54,12.326492895897246,256027454.32,-0.3,1291305600000.0,-0.55,28279371.0,45199053.0,3.02,418.045,17072.0,15.32,,43.5,蓝丰生化,-10.16,,375593978.0,0,5.86,深市主板
SZ300675,,,9.1114,11,3.8,False,0.01,4.484,146666700.0,15.03,11.74,53.105,-3.78,2204400501.0,,2204400501.0,,100.0,-11.25907880100873,254.37,-0.07,-18.762901911654815,272396361.57,0.55,1500393600000.0,-0.4,11480742.0,18283800.0,1.96,4.483,17027.0,12.47,,43.99,建科院,-37.579,,146666700.0,0,14.48,创业板
SZ300370,-2.8514654600375278,,8.3769,11,-2.82,False,0.01,7.919,1561476109.0,2.07,5.63,90.7254,-20.69,3232255546.0,,3240328786.0,,100.0,-29.639399130417598,-19.84,0.0,-10.583914898719271,56535296.4,-0.06,1390406400000.0,-0.09,-8306149.0,26906820.0,1.19,7.919,16979.0,1.72,,45.25,安控科技,-23.275,,1565376225.0,0,2.13,创业板
SZ300513,,,2.4646,11,-0.27,False,0.01,4.457,313488312.0,7.38,2.97,,-22.23,2313543743.0,,2315040724.0,,100.0,-76.25370172998386,55.31,0.27,-8.290808486803435,35861351.08,-0.02,1464537600000.0,-2.04,-3059655.0,4847956.0,0.93,4.457,16976.0,1.55,,43.99,恒实科技,-3.616,,313691155.0,0,7.4,创业板
SZ300768,25.724571803441876,0.0,7.7193,11,-2.56,False,0.01,2.631,420667034.0,14.44,4.18,48.2897,-21.67,6074431971.0,1790697600000.0,9296891323.0,0.547,100.0,5.856404816256536,66.15,0.07,4.724806613985333,78109716.84,-0.38,1554998400000.0,0.31,-4953379.0,5334087.0,0.75,2.631,16958.0,1.27,,43.99,迪普科技,46.139,,643829039.0,0,14.82,创业板
SZ002889,17.166852848397273,0.0,1.6581,11,-1.0,False,0.01,1.692,251284554.0,11.92,2.66,625.938,-22.19,2995311884.0,1790697600000.0,4501796266.0,0.252,100.0,8.68008931357373,117.67,-0.08,-10.559792283230307,17954701.39,-0.12,1501430400000.0,0.59,-2884805.0,1495833.0,0.89,1.692,16906.0,0.6,,43.97,东方嘉盛,20.312,,377667472.0,0,12.04,深市主板
SZ002958,7.801690261734517,0.0,1.7087,11,0.34,False,0.01,0.428,5439778790.0,2.95,1.7,,-0.7,16047347431.0,1790697600000.0,16389331665.0,4.068,100.0,7.45954360829885,-21.66,0.0,-3.5367766175459447,156474285.5,0.01,1553529600000.0,0.57,2164828.0,53050100.0,0.95,0.423,16873.0,0.98,,43.94,青农商行,5.14,,5555705649.0,0,2.94,深市主板
SZ002743,388.5200198052066,,4.5244,11,-1.13,False,0.01,0.963,434570978.0,4.38,4.74,,-19.49,1903420884.0,,1906475934.0,,100.0,-49.94350068348537,9.24,-0.45,-62.09789650451939,44940090.0,-0.05,1424102400000.0,-3.0,-579688.0,10045000.0,0.68,0.963,16869.0,2.31,,44.04,ST富煌,-1.46,,435268478.0,0,4.43,深市主板
SZ000020,15.905458526944205,,5.8286,11,2.73,False,0.01,9.283,181165391.0,14.67,10.43,61.1599,5.77,2657696286.0,,4153975200.0,,100.0,6.818411464010923,116.38,-0.2,-6.976834936165144,390211810.95,0.39,704390400000.0,0.1,23628493.0,26374281.0,1.26,9.282,16866.0,14.56,,631.58,深华发A,140.78,,283161227.0,0,14.28,深市主板
SZ000669,-62.79825028411923,,2.1979,11,0.49,False,0.01,37.445,680408797.0,4.07,1.98,9.7465,37.97,2769263804.0,,2769263804.0,,100.0,179.46316227471942,-17.04,0.25,1.0570109131998295,10359742.0,0.02,850147200000.0,0.1,544890.0,2532900.0,0.79,37.443,16859.0,0.37,,357.61,ST金鸿,39.407,,680408797.0,0,4.05,深市主板
SZ002853,,,7.6485,11,-3.4,False,0.01,4.207,128704814.0,20.44,6.99,,-2.48,2630726398.0,,3738801977.0,,100.0,-3.335048685269973,46.7,0.1,-32.64557117243978,38447388.0,-0.72,1489075200000.0,-0.17,-3746354.0,1862160.0,2.19,4.207,16844.0,1.45,,43.99,皮阿诺,-123.504,,182915948.0,0,21.16,深市主板
SZ301550,-3.5421458283055873,0.0,39.5485,11,-3.75,False,0.01,17.645,206064735.0,96.46,5.23,169.5269,1.02,19877004338.0,1790697600000.0,32347740425.0,0.313,100.0,8.30783420701174,444.93,-0.05,4.739060143075857,1021087619.41,-3.76,1694707200000.0,0.45,-64217733.0,10433824.0,1.05,17.645,16825.0,5.06,,46.65,斯菱智驱,214.729,,335348750.0,0,100.22,创业板
SZ300275,-6.067472649765449,,6.3704,11,-0.56,False,0.01,2.827,271461453.0,8.81,2.6,27.6915,-33.58,2391575401.0,,2713524649.0,0.397,100.0,4.033479548281084,7.98,0.0,-1.1298044276431551,35178907.8,-0.05,1320163200000.0,0.12,90998.0,3985920.0,1.13,2.827,16784.0,1.47,,54.04,梅安森,71.186,,308005068.0,0,8.86,创业板
SZ200429,-3.931688772490949,,3.7137,11,-0.11,False,0.01,1.569,348750000.0,9.25,0.43,4.9262,14.27,3225937500.0,,19339956666.0,7.514,100.0,15.117087336125442,2252.49,0.0,-2.8634287848412265,2255980.25,-0.01,840038400000.0,0.89,594104.0,243633.0,0.94,1.561,16775.0,0.07,,24.29,粤高速B,10.362,,2090806126.0,0,9.26,B股
SZ300193,-7.035572027939596,,2.6445,11,0.76,False,0.01,1.626,418156172.0,7.95,2.03,12.7632,-7.87,3324341567.0,,3786185950.0,3.774,100.0,7.8423718065102035,3.12,0.25,11.96698233714315,30918161.0,0.06,1300723200000.0,0.38,-2490423.0,3890000.0,1.67,1.626,16752.0,0.93,,-3.74,佳士科技,21.087,,476249805.0,0,7.89,创业板
SZ300720,-23.887814718277777,0.0,45.551,11,-0.92,False,0.01,18.818,184145221.0,56.2,8.29,374.7592,65.97,10348961420.0,1790697600000.0,10952101787.0,0.098,100.0,3.1546785275819356,1085.43,0.23,4.495404744038223,360268470.54,-0.52,1509897600000.0,0.09,17200857.0,6320398.0,0.85,18.818,16743.0,3.43,,44.04,海川智能,600.794,,194877256.0,0,56.72,创业板
SZ002742,-47.73777087761552,,4.2768,11,-1.68,False,0.01,18.874,523921123.0,4.09,4.09,,-9.51,2142837393.0,,2797977348.0,,100.0,153.81256116507296,-17.78,0.0,-39.68947477844711,75448952.0,-0.07,1424102400000.0,-0.45,-8787163.0,18237600.0,0.95,18.874,16725.0,3.48,,43.99,冀衡医药,-9.06,,684102041.0,0,4.16,深市主板
SZ300169,-80.15449260008567,,3.9785,11,-1.27,False,0.01,20.638,301735782.0,5.45,3.99,,-12.8,1644460012.0,,1850244153.0,,100.0,123.83072246380151,-52.25,0.37,-5.65215078584933,39125295.8,-0.07,1295884800000.0,0.18,300332.0,7164202.0,0.6,20.636,16714.0,2.37,,26.25,天晟新材,30.356,,339494340.0,0,5.52,创业板
SZ300445,12.39705840118084,,6.0154,11,-2.23,False,0.01,2.874,139554471.0,18.01,4.4,20.5191,-30.6,2513376023.0,,3825864534.0,0.555,100.0,9.780468184398146,282.26,0.17,12.026003371555326,43307384.6,-0.41,1429804800000.0,0.59,2016620.0,2377180.0,1.1,2.874,16713.0,1.7,,43.98,康斯特,30.533,,212430013.0,0,18.42,创业板
SZ300389,-0.21344914301248963,0.0,1.0793,11,-1.87,False,0.01,2.605,274518071.0,12.61,4.05,10.9826,-22.3,3461672875.0,1790697600000.0,4654354997.0,,100.0,16.754609181651116,185.35,0.32,4.032392082016822,46621688.0,-0.24,1406822400000.0,0.76,-1075218.0,3673600.0,0.98,2.605,16713.0,1.34,,44.0,艾比森,16.6,,369100317.0,0,12.85,创业板
SZ300917,3.748576843148399,0.0,1.8498,11,-2.34,False,0.01,4.717,169000000.0,33.74,8.02,22.6665,-12.86,5702060000.0,1790697600000.0,5702060000.0,1.363,100.0,11.009296305793908,19.28,-0.24,9.429131144137992,942766813.81,-0.81,1608480000000.0,0.76,80484179.9,27135811.0,1.09,4.717,16704.0,16.06,,153.46,特发服务,44.274,,169000000.0,0,34.55,创业板
SZ002862,26.320002099087137,,5.5249,11,-2.25,False,0.01,8.32,128576663.0,14.33,3.55,,-26.63,1842503581.0,,2428791700.0,,100.0,-46.58717700462759,106.02,0.07,13.959188513412556,53310359.0,-0.33,1491840000000.0,-1.04,-1851423.0,3705900.0,0.79,8.32,16669.0,2.88,,43.96,实丰文化,-13.811,,169490000.0,0,14.66,深市主板
SZ300815,0.8402108492594484,0.0,0.7633,11,0.74,False,0.01,1.275,392159808.0,15.05,3.08,15.107,-31.85,5902005110.0,1790697600000.0,5998809600.0,3.628,100.0,12.086914174090577,38.23,0.07,9.131637123573677,77220391.0,0.11,1579708800000.0,1.37,-1548468.0,5100000.0,1.53,1.275,16644.0,1.3,,43.99,玉禾田,11.018,,398592000.0,0,14.94,创业板
SZ300767,,0.0,11.4788,11,-4.84,False,0.01,3.302,239891871.0,18.29,5.98,24.6785,-12.07,4387622321.0,1790697600000.0,5053362902.0,,100.0,-6.072910574819496,142.32,0.27,-20.57666786770762,135954388.46,-0.93,1553788800000.0,-0.35,-559506.0,7331713.0,0.99,3.302,16638.0,3.06,,43.98,震安科技,-52.794,,276291028.0,0,19.22,创业板
SZ002691,283.4860218043853,,4.7832,11,1.01,False,0.01,1.734,335980305.0,4.0,2.78,,-55.8,1343921220.0,,1360000000.0,,100.0,-9.855749025266606,-19.25,0.25,-8.447846652411561,7505326.0,0.04,1343664000000.0,-0.24,-177971.0,1864300.0,1.2,1.734,16609.0,0.55,,20.27,*ST冀凯,-16.737,,340000000.0,0,3.96,深市主板
SZ002247,,,2.6307,11,-0.81,False,0.01,3.047,643458147.0,2.46,3.63,27.6783,-12.46,1582907042.0,,2093140321.0,,100.0,6.00061898107569,-23.99,0.0,-5.535627887146433,48674089.0,-0.02,1213200000000.0,0.05,-7261249.0,19689800.0,1.18,3.047,16604.0,3.06,,17.13,聚力文化,52.302,,850870049.0,0,2.48,深市主板
SZ300863,-4.712972116272063,0.0,2.1153,11,-3.87,False,0.01,6.49,251120309.0,36.0,7.5,,-0.54,9040331124.0,1790697600000.0,9410622912.0,0.389,100.0,9.515660249770056,53.08,0.76,12.674070712548225,161174293.36,-1.45,1598198400000.0,0.53,-4520432.0,4437949.0,0.88,6.49,16528.0,1.77,,743.27,卡倍亿,68.209,,261406192.0,0,37.45,创业板
SZ301099,141.60576172572598,0.0,0.9088,11,-5.21,False,0.01,5.755,114974489.0,48.06,8.84,,47.32,5525673941.0,1790697600000.0,9079759963.0,0.466,100.0,22.72249480065882,84.2,0.06,80.21997768498461,522591921.71,-2.64,1637510400000.0,1.74,-22062252.0,10562793.0,0.61,5.755,16523.0,9.19,,179.9,雅创电子,27.645,,188925509.0,0,50.7,创业板
SZ301211,-31.452814611195212,0.0,11.0839,11,-2.6,False,0.01,2.267,417596400.0,12.37,6.77,162.2521,1.88,5165667468.0,1790697600000.0,5165712000.0,0.485,100.0,2.0506088826134796,-44.8,0.24,-10.338020328220221,207513644.21,-0.33,1640102400000.0,0.11,-10790856.0,16498501.0,1.63,2.267,16520.0,3.95,,44.65,亨迪药业,111.092,,417600000.0,0,12.7,创业板
SZ000900,-17.094982597614084,0.0,0.7411,11,0.28,False,0.01,0.498,1517752584.0,3.6,1.39,2.0085,-8.21,5463909302.0,1790697600000.0,5464182002.0,4.444,100.0,2.663379601393705,320.17,0.28,-0.6876876672757715,30643439.34,0.01,917452800000.0,0.22,6749568.0,8522826.0,0.88,0.498,16517.0,0.56,,0.0,现代投资,16.435,,1517828334.0,0,3.59,深市主板
SZ301487,53.75085613277941,0.0,2.7911,11,1.69,False,0.01,4.169,459616438.0,17.45,6.12,27.7362,-20.4,8020306843.0,1790697600000.0,8020306843.0,0.034,100.0,2.800279470815152,-22.38,0.17,15.632323257560321,876777791.65,0.29,1691510400000.0,0.12,45382365.0,49810091.0,2.83,4.169,16432.0,10.84,,1742.48,盟固利,150.445,,459616438.0,0,17.16,创业板
SZ300997,-41.64765775947412,0.0,4.5446,11,1.9,False,0.01,6.922,394591347.0,15.54,3.87,34.3636,-40.0,6131949532.0,1790697600000.0,6759487802.0,1.236,100.0,4.880498952546161,-45.33,0.13,-8.470419104718175,143942390.65,0.29,1622563200000.0,0.11,4713706.0,9326359.0,1.42,6.922,16414.0,2.36,,527.53,欢乐家,138.364,,434973475.0,0,15.25,创业板
SZ002752,15.08807357652615,0.0,0.774,11,0.16,False,0.01,1.625,975526819.0,6.1,1.31,6.9946,-6.85,5950713596.0,1790697600000.0,5959202655.0,1.639,100.0,11.321800601936765,72.01,0.0,5.545589685237617,65475137.89,0.01,1429632000000.0,0.41,1763327.0,10748121.0,1.55,1.625,16413.0,1.1,,44.08,昇兴股份,14.775,,976918468.0,0,6.09,深市主板
SZ300643,11.362049982603327,0.0,3.4086,11,4.57,False,0.01,3.258,231099303.0,18.54,7.45,20.313,-3.35,4284581078.0,1790697600000.0,4293527573.0,1.181,100.0,12.776740332877115,287.59,0.16,6.745053462203643,143796939.0,0.81,1493913600000.0,0.7,27054520.0,7755600.0,1.83,3.258,16353.0,3.36,,43.95,万通智控,26.428,,231581854.0,0,17.73,创业板
SZ000007,,,9.0501,11,-1.92,False,0.01,20.866,346448044.0,10.75,4.84,11.2888,-6.03,3724316473.0,,3724316473.0,,100.0,-2.345492985973922,388.75,0.37,25.530926425909882,67165640.0,-0.21,703094400000.0,-0.01,2646923.0,6220200.0,1.02,20.866,16340.0,1.8,,125.0,全新好,-879.38,,346448044.0,0,10.96,深市主板
SZ300659,-14.245419993483333,,4.3993,11,-3.3,False,0.01,2.504,182362010.0,10.85,5.08,27.3837,-29.36,1978627809.0,,2825257301.0,,100.0,-9.92335740776106,84.31,0.18,-17.137776293773012,123232576.0,-0.37,1495728000000.0,-0.45,-2196938.0,11225800.0,0.65,2.504,16339.0,6.16,,43.97,中孚信息,-23.995,,260392378.0,0,11.22,创业板
SZ002674,-9.404749388885158,,1.9728,11,2.32,False,0.01,2.459,292563652.0,20.28,7.32,16.9968,35.74,5933190863.0,,5993773144.0,,100.0,4.666305320801299,124.79,0.45,4.7443449457817755,337115203.21,0.46,1336320000000.0,0.38,11462761.0,16235901.0,1.88,2.459,16314.0,5.55,,5.42,兴业科技,53.113,,295550944.0,0,19.82,深市主板
SZ300647,-2.319901393002577,,5.0786,11,-4.38,False,0.01,9.993,456642143.0,9.6,6.87,,39.33,4383764573.0,,4390281830.0,,100.0,-27.504245670640486,143.87,0.42,3.094657730308814,691930445.92,-0.44,1493740800000.0,-0.31,36509479.0,70935897.0,0.89,9.993,16291.0,15.53,,43.97,超频三,-31.253,,457321024.0,0,10.04,创业板
SZ300812,-37.933179688898235,,5.8332,11,-2.64,False,0.01,4.475,177939676.0,17.72,8.19,21.3758,-13.14,3153091059.0,,3475030925.0,0.203,100.0,-0.3778066575523575,77.36,0.45,1.2120282553220951,101375976.96,-0.48,1578499200000.0,-0.02,-7389954.0,5595416.0,0.79,4.475,16272.0,3.14,,43.99,易天股份,-1167.438,,196107840.0,0,18.2,创业板
SZ300538,29.646049501022166,,0.9151,11,-3.36,False,0.01,2.83,122467173.0,13.82,7.9,,-13.95,1692496331.0,,2514114679.0,0.145,100.0,-6.795773635750928,83.37,0.58,-8.499622106188564,50972615.0,-0.48,1472140800000.0,-0.35,1075179.0,3630500.0,1.05,2.83,16244.0,2.96,,43.97,同益股份,-39.99,,181918573.0,0,14.3,创业板
SZ300651,,,5.2677,11,-0.5,False,0.01,2.112,103406515.0,15.9,3.38,22.9846,-21.35,1644163589.0,,2245234039.0,1.258,100.0,2.8509852897799597,72.54,0.13,-4.809809611400673,42022455.0,-0.08,1494259200000.0,0.19,1985946.0,2629800.0,1.01,2.112,16222.0,2.54,,43.98,金陵体育,82.463,,141209688.0,0,15.98,创业板
SZ300506,-57.97562381278807,0.0,40.7879,11,0.84,False,0.01,5.104,760996513.0,4.82,4.81,,14.76,3668003193.0,1790697600000.0,6871375463.0,,100.0,-2.957152770447171,201.14,0.0,16.558712000377728,57994274.95,0.04,1458748800000.0,-0.01,-3092148.0,12029037.0,0.66,5.104,16189.0,1.58,,44.06,名家汇,-341.249,,1425596569.0,0,4.78,创业板
SZ300530,-47.885918796944374,0.0,28.6895,11,19.98,False,0.01,47.342,171951354.0,24.08,21.57,,-9.81,4140588604.0,1790697600000.0,4140588604.0,,100.0,-75.78316700494307,267.5,0.0,-6.1318824221993085,400319984.89,4.01,1470672000000.0,-0.4,48040657.0,17725863.0,3.69,47.346,16086.0,10.31,,44.02,领湃科技,-60.534,,171951354.0,1,20.07,创业板
SZ300645,-34.422003209796785,,1.4348,11,-0.72,False,0.01,1.866,139320444.0,13.8,3.31,8.5507,-26.22,1922622127.0,,1961069907.0,0.145,100.0,1.3761009614743147,65.12,0.15,6.048944898120334,38021650.02,-0.1,1492704000000.0,0.11,407809.0,2751700.0,0.8,1.866,16043.0,1.98,,43.97,正元智慧,131.246,,142106515.0,0,13.9,创业板
SZ002696,117.63839402684684,,0.5211,11,1.06,False,0.01,1.796,334258918.0,6.65,4.86,,-5.09,2222821805.0,,2299265643.0,0.752,100.0,-4.089662700029703,-4.02,0.15,21.757191192587143,125707967.0,0.07,1346774400000.0,-0.16,17039086.0,18745000.0,1.04,1.796,16020.0,5.61,,17.11,百洋股份,-42.821,,345754232.0,0,6.58,深市主板
SZ000695,52.016781588253025,,3.9745,11,1.96,False,0.01,8.684,221993139.0,13.02,3.45,,2.44,2890350670.0,,3017412850.0,,100.0,-33.037869852574815,155.21,0.0,43.967189624005584,68665212.0,0.25,856195200000.0,-0.33,3950428.0,5268700.0,1.56,8.683,16018.0,2.37,,0.0,滨海能源,-39.061,,231752139.0,0,12.77,深市主板
SZ002687,-30.450359352125044,,2.4661,11,10.04,False,0.01,2.034,413616563.0,6.14,3.76,19.358,29.88,2539605697.0,,3099346075.0,1.336,100.0,5.4861758733510175,76.08,0.0,-5.679293856670409,128882316.37,0.56,1342108800000.0,0.16,33077094.0,21152965.0,0.9,2.034,16008.0,5.11,,10.35,乔治白,37.566,,504779491.0,1,5.58,深市主板
SZ300306,-9.64591558019131,,6.8571,11,-1.06,False,0.01,1.91,157651136.0,10.29,3.46,32.8817,-23.6,1622230189.0,,2767585826.0,2.527,100.0,4.795570144544895,22.15,0.19,-1.5876042206689478,22392102.0,-0.11,1332950400000.0,0.26,428866.0,2168500.0,0.9,1.91,15980.0,1.38,,-9.73,远方信息,39.384,,268958778.0,0,10.4,创业板
SZ002282,-0.5244162171444189,,1.9526,11,-0.5,False,0.01,0.885,509536318.0,6.03,2.48,11.4424,-16.05,3072503998.0,,3176835238.0,2.488,100.0,3.8329992843621707,-16.46,-0.33,-1.0019249637658767,25005566.0,-0.03,1250784000000.0,0.26,-307703.0,4110300.0,1.3,0.885,15973.0,0.81,,42.0,博深股份,23.172,,526838348.0,0,6.06,深市主板
SZ300973,45.642068566955516,0.0,0.9563,11,-1.74,False,0.01,1.582,118563793.0,25.35,1.9,9.1811,-39.93,3005592153.0,1790697600000.0,4292786111.0,2.718,100.0,9.761921388412851,-71.09,-0.12,9.849371946354935,35004352.53,-0.45,1618416000000.0,1.54,-4211130.0,1373289.0,0.81,1.714,15914.0,1.16,,264.21,立高食品,16.487,,169340675.0,0,25.8,创业板
SZ002753,-31.843756676223666,,0.6843,11,1.48,False,0.01,1.099,295788903.0,6.84,2.52,,-3.4,2023196097.0,,2932167965.0,0.658,100.0,1.2733371684479549,48.3,0.44,1.23575925052406,36442060.0,0.1,1431964800000.0,0.07,-1576147.0,5357100.0,0.97,1.099,15913.0,1.81,,44.03,永东股份,91.935,,428679527.0,0,6.74,深市主板
SZ300807,30.43586403370526,,16.2,11,-5.58,False,0.01,5.155,51939171.0,33.36,9.57,111.6082,-39.55,1732690745.0,,2269800622.0,,100.0,-8.82474737460761,60.01,0.24,-20.20662751798602,64441423.0,-1.97,1576684800000.0,-0.6,-11108296.0,1889100.0,1.9,5.155,15911.0,3.64,,44.0,天迈科技,-55.835,,68039587.0,0,35.33,创业板
SZ002760,,,2.938,11,1.11,False,0.01,2.351,107988706.0,18.25,2.99,,-15.94,1970793885.0,,1970793885.0,,100.0,2.4975835033351523,70.86,0.5,1.121961842920638,55497322.12,0.2,1433952000000.0,0.19,-1377947.0,3069892.0,1.44,2.351,15898.0,2.84,,44.04,凤形股份,95.33,,107988706.0,0,18.05,深市主板
SZ300786,-14.358455198946418,,3.7797,11,-2.59,False,0.01,2.253,146704819.0,13.52,5.91,53.0706,-17.0,1983449153.0,,2487894684.0,,100.0,-1.6968340955975898,27.57,0.6,24.623555515264716,96642399.0,-0.36,1563811200000.0,-0.1,-6321773.0,7065200.0,1.28,2.253,15886.0,4.82,,44.0,国林科技,-131.941,,184015879.0,0,13.88,创业板
SZ300143,-9.391166371614135,0.0,3.6529,11,-1.53,False,0.01,3.155,832252459.0,7.73,3.82,15.7379,1.82,6433311508.0,1790697600000.0,7520762397.0,0.246,100.0,3.0368077456930633,-17.77,0.13,15.618759039145068,57352557.19,-0.12,1291824000000.0,0.08,1818640.0,7387069.0,0.81,3.155,15866.0,0.89,,31.11,盈康生命,101.482,,972931746.0,0,7.85,创业板
SZ301012,102.7961630944242,0.0,3.0536,11,-0.69,False,0.01,3.581,196960162.0,21.71,4.25,,-17.8,4276005117.0,1790697600000.0,4276005117.0,0.184,100.0,4.150219835041799,7.26,0.56,38.26378213716415,60901623.5,-0.15,1624291200000.0,0.25,-1674138.0,2790057.0,0.78,3.581,15841.0,1.42,,506.83,扬电科技,87.787,,196960162.0,0,21.86,创业板
SZ300385,64.33748090559095,,10.6923,11,-4.07,False,0.01,,301232533.0,12.5,4.6,34.3883,100.96,3765406663.0,,4164324150.0,,100.0,-543.7100432712012,178.29,-0.24,-34.763369737541495,38381924.9,-0.53,1403712000000.0,-0.66,-663060.0,2995310.0,0.78,-71.347,15795.0,0.99,,43.99,ST雪浪,-18.8,,333145932.0,0,13.03,创业板
SZ002495,,,8.272,11,0.0,False,0.01,2.062,693918207.0,2.43,2.47,24.3296,-8.27,1686221243.0,,2273570208.0,0.412,100.0,1.5698354142409467,-29.07,0.41,5.288236713362293,49786701.86,0.0,1288627200000.0,0.02,-1804653.0,20521537.0,1.18,2.062,15787.0,2.96,,5.66,佳隆股份,131.752,,935625600.0,0,2.43,深市主板
SZ002940,-8.930337934374355,0.0,3.6304,11,4.05,False,0.01,2.913,184669355.0,23.89,8.36,16.3575,-28.36,4411750891.0,1790697600000.0,4819286364.0,0.611,100.0,7.08628791702564,99.81,0.0,-8.798185732945285,357160276.66,0.93,1540224000000.0,0.57,67370829.0,14927664.0,3.17,2.912,15777.0,8.08,,44.0,昂利康,42.111,,201728186.0,0,22.96,深市主板
SZ000633,-12.304790723034486,,7.4438,11,-0.19,False,0.01,10.152,385106373.0,5.28,3.59,152.4887,-26.77,2033361649.0,,2033361649.0,,100.0,2.723911362505353,211.78,0.38,3.43678482128833,31005356.23,-0.01,847728000000.0,0.01,-1598887.0,5869494.0,0.91,10.152,15771.0,1.52,,1285.0,合金投资,378.904,,385106373.0,0,5.29,深市主板
SZ300320,27.98308541984913,0.0,1.3577,11,1.48,False,0.01,1.877,486538621.0,8.25,1.97,12.1996,-10.96,4013943623.0,1790697600000.0,4960182076.0,0.727,100.0,10.123494291172582,238.43,0.24,10.703382512897619,34565543.0,0.12,1338480000000.0,0.43,-4566347.0,4217300.0,1.16,1.877,15708.0,0.87,,0.66,海达股份,19.354,,601234191.0,0,8.13,创业板
SZ002731,89.97028898610537,,0.04387309128199475,11,0.0,False,0.01,0.105,229656400.0,0.77,,,-93.87,176835428.0,,197240120.0,,100.0,15.655468605040094,-91.39,,2.3930183993029708,0.0,0.0,1415030400000.0,1.07,,0.0,0.0,0.105,15705.0,0.0,,43.96,*ST萃华,0.72,,256156000.0,0,0.77,深市主板
SZ300945,14.582823109821197,0.0,1.3468,11,-0.63,False,0.01,1.685,238703797.0,11.12,2.68,590.0331,-30.19,2654386223.0,1790697600000.0,2914236514.0,1.529,100.0,7.003673903172716,-48.82,0.54,-3.535512338663882,41141240.0,-0.07,1612886400000.0,0.45,-956871.0,3702800.0,0.85,1.685,15678.0,1.55,,380.7,曼卡龙,24.586,,262071629.0,0,11.19,创业板
SZ001319,9.089468959450198,,2.0714,11,-2.13,False,0.01,2.11,82000075.0,20.69,3.31,15.623,-23.17,1696581552.0,,2925566000.0,2.175,100.0,10.218289865570517,25.63,-0.24,23.214843186535063,28000705.08,-0.45,1652284800000.0,0.97,-931067.0,1341142.0,0.81,2.11,15670.0,1.64,,43.99,铭科精技,21.33,,141400000.0,0,21.14,深市主板
SZ002858,-66.97299384070614,,4.4837,11,0.69,False,0.01,2.568,147391713.0,11.71,2.92,26.2088,-21.93,1725956959.0,,2186004743.0,,100.0,-0.857027930553689,84.07,0.0,5.777967862391464,43458209.0,0.08,1490284800000.0,-0.03,-2072294.0,3700100.0,0.87,2.568,15658.0,2.51,,43.95,力盛体育,-367.147,,186678458.0,0,11.63,深市主板
SZ003027,0.10245089867149115,,4.0108,11,1.2,False,0.01,1.287,102811782.0,16.82,2.17,19.3705,-23.13,1729294173.0,,2198764224.0,2.348,100.0,2.330148036669584,-43.24,-0.12,-19.12334716106252,28096515.0,0.2,1608220800000.0,0.3,1100437.0,1672850.0,1.16,1.287,15648.0,1.63,,44.0,同兴科技,55.423,,130723200.0,0,16.62,深市主板
SZ300266,-11.849173336535145,,3.4163,11,-0.53,False,0.01,,1553051914.0,1.86,3.21,32.8499,-27.63,2888676560.0,,2890081604.0,,100.0,-4097.10726726629,19.28,0.0,2.58207330121627,25327107.0,-0.01,1317052800000.0,-0.19,-3446291.0,13562300.0,0.75,-69.145,15641.0,0.87,,14.88,兴源环境,-9.749,,1553807314.0,0,1.87,创业板
SZ300649,,,27.7239,11,-0.79,False,0.01,8.603,101796692.0,27.5,4.65,131.6147,91.86,2799409030.0,,3641456748.0,0.182,100.0,-11.98120807267486,378.7,0.62,-26.977871077789217,114355659.61,-0.22,1493913600000.0,-0.41,-4970321.0,4176582.0,1.05,8.603,15621.0,4.1,,44.03,杭州园林,-66.979,,132416609.0,0,27.72,创业板
SZ301120,9.091842540632356,0.0,10.8922,11,-0.42,False,0.01,3.372,225760410.0,14.19,3.58,128.6042,-17.64,3203540218.0,1790697600000.0,5294655882.0,0.381,100.0,3.179184439542785,9.25,0.0,7.90926161342671,65531416.73,-0.06,1650297600000.0,0.13,365601.0,4579110.0,1.24,3.372,15606.0,2.03,,45.81,新特电气,108.394,,373125855.0,0,14.25,创业板
SZ300407,-17.87394390930268,,1.3212,11,2.93,False,0.01,1.735,255772476.0,10.89,3.88,5.682,-3.05,2785362264.0,,3772723019.0,0.725,100.0,3.2172869203575685,73.5,0.09,15.81937239299178,61720302.0,0.31,1417536000000.0,0.19,985720.0,5725500.0,1.4,1.735,15604.0,2.24,,44.0,凯发电气,57.61,,346439212.0,0,10.58,创业板
SZ300644,-7.569194544313362,,0.7538,11,-0.87,False,0.01,2.049,88467086.0,20.46,4.36,,-44.03,1810036580.0,,2269699533.0,1.217,100.0,9.543067076208379,73.74,0.0,20.537816635721317,37501828.0,-0.18,1517846400000.0,0.9,99394.0,1807800.0,0.69,2.116,15537.0,2.04,,43.98,南京聚隆,22.719,,110933506.0,0,20.64,创业板
SZ300103,-17.76939229007205,,20.4417,11,-0.62,False,0.01,6.151,317340610.0,8.0,3.23,443.3827,-0.37,2538724880.0,,2540808000.0,,100.0,-13.3216332399174,-7.84,-0.12,-26.41862681875199,43840175.5,-0.05,1281542400000.0,-0.19,1225978.0,5411850.0,0.9,6.151,15534.0,1.71,,58.76,达刚控股,-41.957,,317601000.0,0,8.05,创业板
SZ002852,-34.02297398315994,,0.4731,11,-0.81,False,0.01,1.345,285818746.0,8.62,2.3,6.4978,-16.8,2463757591.0,,2965006789.0,1.961,100.0,3.1147556287974525,-49.7,0.12,-3.175005699278821,86322742.55,-0.07,1489075200000.0,0.2,-1497285.0,9959600.0,0.58,1.345,15533.0,3.48,,44.0,道道全,42.692,,343968305.0,0,8.69,深市主板
SZ300692,-11.266987646733206,,5.3983,11,-0.89,False,0.01,1.559,525380560.0,8.89,4.79,19.4587,6.09,4670633178.0,,4998634671.0,0.259,100.0,2.644892606662939,150.87,0.34,3.277097389198369,120770678.0,-0.08,1503244800000.0,0.13,-6730263.0,13480500.0,1.0,1.559,15532.0,2.57,,43.96,中赋科技,68.564,,562276116.0,0,8.97,创业板
SZ002879,2.208203988619606,,2.1845,11,-3.08,False,0.01,1.706,137139021.0,16.36,4.74,35.4486,-9.98,2243594384.0,,3159240990.0,2.989,100.0,6.767615886112378,9.34,0.18,11.711027555589904,150366824.2,-0.52,1499356800000.0,0.63,1269316.0,9085120.0,0.62,1.706,15529.0,6.62,,44.01,长缆科技,26.128,,193107640.0,0,16.88,深市主板
SZ300801,9.42293690475342,0.0,1.7916,11,7.1,False,0.01,1.875,137215576.0,22.92,9.25,14.4146,-16.77,3144981002.0,1790697600000.0,4998833664.0,0.432,100.0,6.160262493398696,24.01,0.04,7.895552422804708,241810999.49,1.52,1574870400000.0,0.73,40678229.0,10700500.0,4.09,1.878,15519.0,7.8,,43.98,泰和科技,31.554,,218099200.0,0,21.4,创业板
SZ300522,-51.935497569044806,,7.7965,11,20.0,False,0.01,6.863,263695043.0,16.56,16.45,388.1444,32.04,4366789912.0,,5339796956.0,0.242,100.0,0.8487943710626163,286.52,0.0,-1.5080333439014049,419527374.76,2.76,1467648000000.0,0.02,-28775715.0,26113621.0,1.26,6.863,15450.0,9.9,,43.99,世名科技,796.922,,322451507.0,1,13.8,创业板
SZ300434,14.841300918316836,,4.8064,11,-3.95,False,0.01,1.907,343363236.0,12.41,5.26,29.7405,21.81,4261137759.0,,4985641452.0,0.661,100.0,6.326956782159389,238.56,-0.08,-5.0202235757993545,373412877.48,-0.51,1429804800000.0,0.4,1032269.0,29805594.0,0.86,1.907,15446.0,8.68,,43.99,金石亚药,30.899,,401743872.0,0,12.92,创业板
SZ002999,-7.466815822463657,,0.1523,11,-0.31,False,0.01,1.793,344711157.0,6.34,2.36,280.7853,-6.15,2185468735.0,,2203733280.0,1.104,100.0,5.578072608525627,22.15,-0.16,-0.7821996337477599,60683216.66,-0.02,1599062400000.0,0.19,1239167.0,9526299.0,1.04,1.793,15433.0,2.76,,43.96,天禾股份,32.726,,347592000.0,0,6.36,深市主板
SZ301338,93.71657197650282,0.0,8.6762,11,-3.71,False,0.01,7.259,108535000.0,83.58,5.55,73.5155,33.14,9071355300.0,1790697600000.0,12450076800.0,0.453,100.0,15.92824179471575,101.93,-0.07,36.135561491926204,294107412.31,-3.22,1660579200000.0,1.73,11845651.0,3469941.0,0.59,7.259,15432.0,3.2,,73.11,凯格精机,48.441,,148960000.0,0,86.8,创业板
SZ002856,2.09420783027241,,7.5812,11,-3.81,False,0.01,,123904443.0,19.45,6.97,,64.69,2409941416.0,,2631834116.0,,100.0,-2181.6676247113255,68.35,0.05,-27.32428561369713,138115116.0,-0.77,1489939200000.0,-1.54,-10277898.0,7122100.0,0.94,-35.428,15410.0,5.75,,44.01,*ST美芝,-12.598,,135312808.0,0,20.22,深市主板
SZ300388,0.49034292873286756,0.0,1.2172,11,0.3,False,0.01,0.936,681042231.0,6.73,1.19,6.8506,-15.27,4583414215.0,1790697600000.0,4583414215.0,1.426,100.0,7.970387309769326,167.72,-0.15,-2.0342676343979793,24639968.61,0.02,1406822400000.0,0.55,403034.0,3666800.0,1.45,0.936,15377.0,0.54,,43.99,节能国祯,12.143,,681042231.0,0,6.71,创业板
SZ300700,-41.27387602000423,0.0,12.3281,11,-2.46,False,0.01,8.325,355409157.0,16.29,4.49,,31.9,5789615168.0,1790697600000.0,6467599527.0,,100.0,-14.067054708296729,330.76,0.87,-10.034115106758257,97136930.44,-0.41,1505145600000.0,-0.3,-4595303.0,5936472.0,0.93,8.324,15373.0,1.67,,44.04,岱勒新材,-54.996,,397028823.0,0,16.7,创业板
SZ301251,-9.897243586665782,0.0,8.2093,11,-2.9,False,0.01,9.596,173833160.0,78.75,5.83,549.4074,111.03,13689361350.0,1790697600000.0,14849421773.0,0.046,100.0,4.300023017362106,76.64,-0.16,37.007811905754,771309249.6,-2.35,1693929600000.0,0.35,-14500463.0,9618941.0,0.72,9.596,15357.0,5.53,,136.57,威尔高,223.636,,188564086.0,0,81.1,创业板
SZ002634,175.67215304511143,,3.5122,11,-1.02,False,0.01,,446512438.0,3.88,3.06,,-31.33,1732468259.0,,1782287750.0,,100.0,1107.7760410700268,22.18,0.0,-16.13618847791355,14922929.0,-0.04,1323014400000.0,-2.44,-476848.0,3829700.0,0.78,-5.061,15356.0,0.86,,24.97,*ST棒杰,-1.592,,459352513.0,0,3.92,深市主板
SZ300853,17.256565973728332,,11.9917,11,-1.32,False,0.01,9.291,98314077.0,30.68,5.05,39.488,48.07,3016275882.0,,4508398388.0,,100.0,-26.03381202003404,57.4,0.07,15.530436879523911,208473829.96,-0.41,1595520000000.0,-1.24,-12397903.0,6776262.0,1.42,9.291,15334.0,6.89,,44.0,申昊科技,-24.721,,146949100.0,0,31.09,创业板
SZ300225,9.042141788631008,,4.3744,11,2.81,False,0.01,4.389,472135890.0,8.05,3.58,58.0726,41.73,3800693915.0,,3827208200.0,,100.0,2.0483582659593766,147.52,0.37,9.358594626967776,129738857.0,0.22,1306771200000.0,0.04,16307543.0,16264300.0,1.35,4.389,15285.0,3.44,,-5.07,金力泰,215.299,,475429590.0,0,7.83,创业板
SZ300887,,0.0,2.7494,11,-0.72,False,0.01,1.384,364267514.0,6.9,3.6,42.1574,-28.12,2513445847.0,1790697600000.0,3765560550.0,,100.0,-5.963646188008733,-58.4,0.15,-17.689551600143627,49844231.0,-0.05,1600185600000.0,-0.31,-853542.0,7164200.0,1.02,1.384,15282.0,1.97,,149.38,谱尼测试,-22.514,,545733413.0,0,6.95,创业板
SZ300423,,,5.8561,11,1.48,False,0.01,2.534,333368152.0,5.48,3.33,,-34.61,1826857473.0,,2726361869.0,,100.0,-22.343368057758685,36.51,0.55,-46.22910760224519,41920103.0,0.08,1424102400000.0,-0.54,-140.0,7640400.0,1.07,2.534,15279.0,2.29,,43.98,昇辉科技,-10.085,,497511290.0,0,5.4,创业板
SZ001201,,,1.9046,11,-2.91,False,0.01,1.437,212507395.0,15.36,4.24,,5.42,3264113587.0,,3959562255.0,,100.0,-19.166294824347005,-65.32,0.07,25.011317442490856,166816806.84,-0.46,1619539200000.0,-2.28,13189086.8,10759876.0,0.74,1.437,15208.0,5.06,,44.0,东瑞股份,-6.724,,257784001.0,0,15.82,深市主板
SZ002955,-65.60919229070497,0.0,2.4504,11,-4.71,False,0.01,2.492,205656516.0,33.76,8.75,48.4448,11.53,6942963980.0,1790697600000.0,7988963429.0,,100.0,0.5699821346958331,3.26,0.03,-5.758905243694679,173700579.92,-1.67,1558540800000.0,0.08,7651978.0,4986065.0,1.1,2.492,15181.0,2.42,,44.0,鸿合科技,434.095,,236639912.0,0,35.43,深市主板
SZ301052,-34.6738823988206,,4.2472,11,-4.03,False,0.01,3.544,80239794.0,23.36,4.48,,-38.8,1874401588.0,,2311690159.0,0.077,100.0,-7.082383090772533,-29.48,0.09,-3.2765724216571424,90676928.43,-0.98,1630252800000.0,-0.49,3075954.0,3840840.0,0.93,3.544,15158.0,4.79,,387.67,果麦文化,-47.728,,98959339.0,0,24.34,创业板
SZ300941,,0.0,11.6234,11,-1.2,False,0.01,2.381,126768012.0,14.81,3.74,,-36.97,1877434258.0,1790697600000.0,3032347500.0,0.5,100.0,1.835496115741776,-74.31,0.07,3.2088779065203354,38378657.0,-0.18,1612800000000.0,0.11,-887403.0,2570800.0,1.04,2.381,15140.0,2.03,,179.49,创识科技,130.012,,204750000.0,0,14.99,创业板
SZ300239,-22.884078479035086,,4.1504,11,1.28,False,0.01,1.899,589777015.0,5.53,2.75,29.8017,-5.41,3261466893.0,,3282736102.0,0.217,100.0,3.166557689306191,69.46,0.36,-4.926214450926625,71492561.5,0.07,1309881600000.0,0.09,5463936.0,12950150.0,1.28,1.899,15097.0,2.2,,198.89,东宝生物,59.932,,593623165.0,0,5.46,创业板
SZ001236,,0.0,24.4594,11,-1.66,False,0.01,4.144,758077778.0,7.71,3.19,4.8627,-27.23,5844779668.0,1790697600000.0,7769966668.0,0.052,100.0,1.712214152686629,247.17,0.0,-43.44972452189801,48657103.0,-0.13,1659628800000.0,0.03,-4816415.0,6261600.0,0.79,4.144,15007.0,0.83,,44.09,弘业期货,242.753,,1007777778.0,0,7.84,深市主板
SZ300559,-48.62592556669166,0.0,16.4634,11,0.56,False,0.01,4.3,311136833.0,12.63,4.7,42.9228,0.83,3929658201.0,1790697600000.0,5045868981.0,0.554,100.0,1.1599042641989799,222.24,0.08,-26.990299734626966,67007873.29,0.07,1477929600000.0,0.03,-965450.0,5271883.0,1.31,4.3,15005.0,1.69,,44.02,佳发教育,366.595,,399514567.0,0,12.56,创业板
SZ300387,-9.311440971773122,,1.5661,11,0.0,False,0.01,1.484,288956645.0,7.43,2.42,20.28,-12.01,2146947872.0,,2147693644.0,0.808,100.0,3.643522298223995,29.35,0.41,9.078179956219135,24055386.0,0.0,1404230400000.0,0.18,-1484723.0,3237596.0,0.79,1.484,14938.0,1.12,,43.99,富邦科技,40.394,,289057018.0,0,7.43,创业板
SZ000042,36.65891737959619,0.0,1.0479,11,0.95,False,0.01,1.71,664142227.0,8.54,3.43,2.6891,12.07,5671774619.0,1790697600000.0,5677657927.0,,100.0,-3.059652369111758,367.74,0.12,-2.9664578688230914,74483014.27,0.08,780076800000.0,-0.16,5622111.0,8702429.0,1.15,1.709,14902.0,1.31,,116.48,中洲控股,-55.017,,664831139.0,0,8.46,深市主板
SZ300447,-35.84799024247025,0.0,5.2865,11,-2.87,False,0.01,2.159,201452815.0,13.86,5.4,34.2427,-23.11,2792136016.0,1790697600000.0,4328621798.0,0.426,100.0,1.692884525159926,183.34,0.36,-8.221215746901578,77366375.85,-0.41,1429632000000.0,0.11,1738035.0,5518345.0,1.59,2.159,14887.0,2.74,,44.0,全信股份,128.018,,312310375.0,0,14.27,创业板
SZ301041,18.377507861052965,,5.1031,11,-1.61,False,0.01,5.686,79002839.0,36.6,7.02,44.1764,34.73,2891503907.0,,3904488000.0,0.128,100.0,4.101100576567419,15.78,-0.05,9.497524343563102,307109747.51,-0.6,1628611200000.0,0.26,15869113.0,8239560.0,0.63,5.686,14840.0,10.43,,423.53,金百泽,139.919,,106680000.0,0,37.2,创业板
SZ003037,-48.65188279937974,,0.5971,11,-0.85,False,0.01,1.264,599074678.0,5.81,2.39,,-27.74,3480623879.0,,3480623879.0,0.861,100.0,-0.14603994652979682,-20.39,0.17,-6.3326591358246365,15208283.0,-0.05,1612368000000.0,-0.01,-33196.0,2603200.0,0.82,1.264,14810.0,0.43,,44.04,三和管桩,-859.768,,599074678.0,0,5.86,深市主板
SZ300551,,0.0,32.0697,11,-3.5,False,0.01,5.985,327325188.0,11.29,5.04,,-32.15,3695501373.0,1790697600000.0,3839309452.0,,100.0,29.799528797011394,179.93,0.09,-47.72769891602796,84906363.11,-0.41,1476720000000.0,0.49,-2978832.0,7450683.0,1.12,5.985,14798.0,2.28,,43.99,古鳌科技,22.821,,340062839.0,0,11.7,创业板
SZ002937,-23.783590806046174,0.0,4.1505,11,-2.58,False,0.01,3.958,315184709.0,24.56,5.2,42.9631,4.68,7740936453.0,1790697600000.0,7761198944.0,0.761,100.0,7.2752122924435465,264.44,0.04,-0.39871283563277515,258475139.29,-0.65,1537891200000.0,0.41,26896748.0,10413836.0,0.53,3.958,14765.0,3.3,,43.96,兴瑞科技,59.962,,316009729.0,0,25.21,深市主板
SZ300967,,,2.8387,11,-0.63,False,0.01,3.858,124796718.0,15.7,3.16,18.926,-15.36,1959308473.0,,2944926511.0,1.573,100.0,-11.745986224586197,-45.45,0.51,3.555446820430519,33343242.0,-0.1,1618243200000.0,-0.52,27191.0,2123200.0,0.85,4.351,14733.0,1.7,,581.72,晓鸣股份,-30.002,,187574937.0,0,15.8,创业板
SZ301029,1.9695998732215614,0.0,4.4724,11,-2.53,False,0.01,3.415,452811808.0,23.5,3.98,28.4781,-8.99,10641077488.0,1790697600000.0,14942115732.0,3.17,100.0,12.788807942920988,-68.39,0.21,9.091056367349992,126156699.8,-0.61,1626969600000.0,0.86,-10799007.0,5310644.0,1.07,3.406,14721.0,1.17,,676.52,怡合达,27.24,,635834712.0,0,24.11,创业板
SZ002996,23.43363823635569,0.0,0.2309,11,0.34,False,0.01,1.209,458377491.0,5.97,1.18,,-19.76,2736513621.0,1790697600000.0,3996537911.0,1.826,100.0,6.942830355545864,-19.0,0.0,16.62970371699226,23691359.0,0.02,1598544000000.0,0.35,-843645.0,3965700.0,0.94,1.209,14718.0,0.87,,44.0,顺博合金,17.174,,669436836.0,0,5.95,深市主板
SZ300752,-10.675443316047083,,2.3501,11,-4.98,False,0.01,3.039,223266467.0,12.02,7.43,30.4423,-7.31,2683662933.0,,3880891126.0,0.591,100.0,3.216871629523236,78.01,0.25,19.54151766407577,75197504.52,-0.63,1543507200000.0,0.12,-1454663.0,6156442.0,1.07,3.039,14695.0,2.76,,43.99,隆利科技,96.369,,322869478.0,0,12.65,创业板
SZ300921,9.666295248710878,,7.0063,11,-2.33,False,0.01,4.822,161905071.0,15.49,4.16,56.3912,-5.47,2507909550.0,,3976986881.0,0.458,100.0,4.247282097784992,-17.85,-0.06,-1.1581036294829206,84169084.69,-0.37,1608566400000.0,0.14,1606529.0,5399949.0,0.85,4.822,14688.0,3.34,,88.69,南凌科技,114.126,,256745441.0,0,15.86,创业板
SZ301580,14.87987862994986,0.0,6.3701,11,-3.65,False,0.01,3.291,100823788.0,48.28,8.22,31.0104,54.24,4867772485.0,1790697600000.0,7202910146.0,0.681,100.0,9.882834398090612,-3.48,0.23,16.665417380284776,208058786.52,-1.83,1719331200000.0,1.4,2337353.0,4212421.0,0.75,3.291,14626.0,4.18,,86.92,爱迪特,34.515,,149190351.0,0,50.11,创业板
SZ300150,-9.109265282006717,,3.1133,11,-0.24,False,0.01,1.535,463663232.0,4.13,3.38,45.8365,-21.93,1914929148.0,,2416487999.0,,100.0,-0.03913238105983777,-65.05,0.0,-7.016120430120432,27596878.6,-0.01,1292947200000.0,0.0,-5023.0,6622304.0,1.14,1.535,14622.0,1.43,,80.05,世纪瑞尔,-3921.387,,585106053.0,0,4.14,创业板
SZ001213,-26.04589419294302,0.0,1.3604,11,0.57,False,0.01,0.817,4444444444.0,3.53,1.71,12.1152,-11.66,15688888887.0,1790697600000.0,15688888887.0,1.36,100.0,1.5053319894660042,-21.02,-0.28,1.0047582075853434,37160594.0,0.02,1631030400000.0,0.06,2083152.0,10535500.0,2.36,0.817,14582.0,0.24,,43.94,中铁特货,54.398,,4444444444.0,0,3.51,深市主板
SZ301087,20.871242676622703,0.0,3.1424,11,1.34,False,0.01,2.254,193991270.0,52.8,5.57,20.5296,21.98,10242739056.0,1790697600000.0,12455361600.0,3.15,100.0,7.920286733370638,-0.35,0.44,18.029026494768384,134724029.21,0.7,1635091200000.0,1.72,4692772.0,2522222.0,1.59,2.254,14568.0,1.3,,-4.43,可孚医疗,30.642,,235897000.0,0,52.1,创业板
SZ301366,69.92729186557645,0.0,10.5923,11,-3.23,False,0.01,6.415,116996360.0,67.51,7.17,169.8412,91.72,7898424264.0,1790697600000.0,14145788930.0,0.147,100.0,4.120748280200071,207.94,-0.01,26.632081889164706,756104352.01,-2.25,1664121600000.0,0.43,-11747650.0,10959895.0,0.64,6.415,14566.0,9.37,,-8.19,一博科技,158.627,,209536201.0,0,69.76,创业板
SZ001217,,,1.7273,11,1.43,False,0.01,1.725,328578747.0,11.32,2.33,13.3779,-17.78,3719511416.0,,3756768400.0,0.883,100.0,-1.9770948439188611,-4.7,0.27,8.435425559480759,53267533.0,0.16,1632844800000.0,-0.13,-3249674.0,4722200.0,1.08,1.725,14551.0,1.44,,43.98,华尔泰,-85.716,,331870000.0,0,11.16,深市主板
SZ002295,,,0.4815,11,-0.61,False,0.01,1.878,250426925.0,9.71,4.61,,-27.1,2431645442.0,,2433481360.0,,100.0,-4.4550836924549495,-2.65,-0.1,26.083958929005657,61239711.5,-0.06,1254153600000.0,-0.24,-651060.0,6216075.0,0.74,1.878,14542.0,2.48,,36.92,精艺股份,-41.265,,250616000.0,0,9.77,深市主板
SZ002200,33.93515432189642,,4.2632,11,-2.48,False,0.01,2.253,195725970.0,6.69,4.81,17.0624,-10.92,1309406739.0,,3018030137.0,,100.0,14.402816132603617,-65.79,-0.15,38.0179223906105,29834427.0,-0.17,1198166400000.0,0.2,-1412186.0,4390200.0,1.01,2.253,14518.0,2.24,,177.87,交投生态,33.897,,451125581.0,0,6.86,深市主板
SZ300946,-34.11619456329921,0.0,7.7576,11,-4.0,False,0.01,4.53,75798975.0,34.76,5.27,49.4665,-37.25,2634772371.0,1790697600000.0,5422831128.0,0.69,100.0,1.9081084479808976,-39.38,0.0,10.90369723443989,33811283.0,-1.45,1612713600000.0,0.15,-4520978.0,962700.0,1.12,4.53,14422.0,1.27,,380.81,恒而达,236.361,,156007800.0,0,36.21,创业板
SZ002960,-24.859018601257887,0.0,2.0139,11,0.34,False,0.01,1.481,968448955.0,8.73,2.3,17.1251,0.69,8454559377.0,1790697600000.0,9199103285.0,1.867,100.0,4.838057976875279,69.77,-0.11,-3.8822207172189316,62923311.84,0.03,1565280000000.0,0.28,-6999174.0,7196192.0,0.96,1.481,14358.0,0.74,,44.0,青鸟智控,30.691,,1053734626.0,0,8.7,深市主板
SZ002883,35.175512776457026,,3.7519,11,-0.55,False,0.01,3.091,153983978.0,9.09,1.2,20.75,-16.91,1399714360.0,,1419468639.0,,100.0,-4.869232162937019,46.64,-0.11,-15.358166308715749,2901578.0,-0.05,1497888000000.0,-0.15,-498749.0,317700.0,0.76,3.091,14352.0,0.21,,43.97,*ST中设,-59.596,,156157166.0,0,9.14,深市主板
SZ300441,-15.724613419984323,0.0,2.5445,11,0.0,False,0.01,1.777,629019147.0,7.07,1.98,15.0759,-5.38,4447165369.0,1790697600000.0,4556020187.0,0.919,100.0,7.113417412062415,310.31,0.14,-8.136970374007257,23865376.35,0.0,1429718400000.0,0.28,890633.0,3365225.0,0.84,1.777,14350.0,0.53,,44.04,鲍斯股份,25.652,,644415868.0,0,7.07,创业板
SZ002333,-13.25267241483501,,2.4913,11,-1.46,False,0.01,1.88,666502713.0,5.39,2.56,516.7187,-3.9,3592449623.0,,3637844672.0,0.186,100.0,2.190546709012563,-33.16,-0.55,-5.80855099972154,37366039.0,-0.08,1263225600000.0,0.06,-2499624.0,6889100.0,0.42,1.88,14345.0,1.03,,44.5,罗普斯金,86.616,,674924800.0,0,5.47,深市主板
SZ300577,47.936084171223726,0.0,0.8721,11,-1.46,False,0.01,2.054,142570241.0,18.23,2.7,9.671,-12.23,2599055493.0,1790697600000.0,4372214783.0,2.869,100.0,16.17906962922648,175.48,0.05,18.273629210742072,25839164.63,-0.27,1482249600000.0,1.48,492770.0,1410701.0,0.91,2.054,14303.0,0.99,,44.02,开润股份,12.3,,239836247.0,0,18.5,创业板
SZ300855,7.993570067658151,0.0,8.2902,11,-2.14,False,0.01,5.846,292956138.0,32.49,4.43,,1.05,9518144924.0,1790697600000.0,12850818435.0,0.923,100.0,14.90508825740226,423.85,0.06,11.587811836485828,132789064.02,-0.71,1595433600000.0,0.79,-521012.0,4042606.0,1.31,5.846,14274.0,1.38,,43.96,图南股份,41.269,,395531500.0,0,33.2,创业板
SZ300600,26.727020210377006,,11.8518,11,-0.3,False,0.01,2.508,294234480.0,10.08,5.93,,-32.35,2965883558.0,,2965883558.0,,100.0,-4.256735564388831,65.75,0.3,1.7132254660421342,72636209.2,-0.03,1485273600000.0,-0.17,7611779.0,7078420.0,1.23,2.508,14263.0,2.41,,43.99,国瑞科技,-57.674,,294234480.0,0,10.11,创业板
SZ002880,-22.55413998228302,0.0,4.1284,11,-1.93,False,0.01,2.05,226800000.0,21.8,5.8,45.4142,-13.84,4944240000.0,1790697600000.0,4944240000.0,0.917,100.0,7.8145343715798345,46.88,0.09,1.545555532761922,59564481.0,-0.43,1497542400000.0,0.81,4254463.0,2695100.0,1.2,2.05,14254.0,1.19,,44.01,卫光生物,27.009,,226800000.0,0,22.23,深市主板
SZ300305,,,2.8204,11,2.37,False,0.01,1.23,321475897.0,6.47,7.28,,8.74,2079949054.0,,2428840407.0,,100.0,-10.56949239551516,-27.51,0.62,-20.852698864818198,120111539.0,0.15,1332950400000.0,-0.58,2480340.0,18389900.0,0.66,1.277,14252.0,5.72,,-16.5,裕兴股份,-11.111,,375400372.0,0,6.32,创业板
SZ300686,-41.38968815141634,,2.4128,11,-3.78,False,0.01,4.586,258907820.0,13.76,6.85,106.2539,-8.63,3562571603.0,,3586189267.0,,100.0,-12.442020285725983,97.92,0.29,-0.304801079808803,80616797.6,-0.54,1501776000000.0,-0.42,-4347285.0,5795860.0,0.97,4.586,14235.0,2.24,,43.98,智动力,-32.902,,260624220.0,0,14.3,创业板
SZ003012,-60.1763913574236,0.0,0.9744,11,-1.48,False,0.01,0.735,1134585953.0,4.67,2.74,8.4863,-25.27,5298516401.0,1790697600000.0,5403102008.0,5.182,100.0,2.177302505140191,-58.81,-0.21,-13.710362639149398,43975482.0,-0.07,1603036800000.0,0.14,-4330759.0,9324700.0,0.95,0.735,14224.0,0.82,,43.96,东鹏控股,33.436,,1156981158.0,0,4.74,深市主板
SZ002863,-3.8763940837936883,,0.4866,11,0.0,False,0.01,1.01,599483554.0,4.76,3.15,5.0592,-18.72,2853541717.0,,2853541717.0,0.21,100.0,2.279721509265908,26.57,-0.21,13.088094942689409,42100990.05,0.0,1492444800000.0,0.11,-3298241.0,8779523.0,1.15,1.01,14221.0,1.46,,43.98,今飞凯达,44.46,,599483554.0,0,4.76,深市主板
SZ301413,-54.46750138022626,0.0,5.5372,11,-5.25,False,0.01,5.461,76374959.0,49.29,7.21,253.9026,-52.35,3764521729.0,1790697600000.0,6772054243.0,0.436,100.0,4.236509545685116,5.29,0.12,19.310538448745838,168660570.63,-2.73,1702828800000.0,0.38,-11986283.0,3369939.0,1.21,3.817,14175.0,4.41,,179.7,安培龙,129.945,,137392052.0,0,52.02,创业板
SZ301007,-14.975227162615813,0.0,7.0248,11,-5.46,False,0.01,6.989,151325125.0,29.8,8.06,44.7421,-26.31,4509488725.0,1790697600000.0,4569532000.0,0.232,100.0,6.4752844275013475,11.08,0.07,0.5599606977069849,68817135.02,-1.72,1623772800000.0,0.28,-579224.0,2260724.0,1.18,6.989,14168.0,1.49,,471.83,德迈仕,106.478,,153340000.0,0,31.52,创业板
SZ002723,294.4143838211223,,2.6775,11,-2.74,False,0.01,3.287,317759182.0,7.11,4.65,88.5426,-16.06,2259267784.0,,2318705208.0,,100.0,-32.884455165819446,27.23,0.0,-22.13143283354374,68911600.66,-0.2,1390924800000.0,-0.85,-9451167.0,9581700.0,1.14,3.35,14102.0,3.02,,44.1,小崧股份,-8.403,,326118876.0,0,7.31,深市主板
SZ002951,7.484429997364939,0.0,25.1311,11,9.99,False,0.01,4.551,401121894.0,17.17,9.48,,15.23,6887262920.0,1790697600000.0,6920607163.0,,100.0,-13.477749829294181,69.57,0.0,65.8087423759651,104156942.0,1.56,1552579200000.0,-0.55,-34742172.0,6112800.0,0.65,4.573,14090.0,1.52,,43.96,金时科技,-31.259,,403063900.0,1,15.61,深市主板
SZ300588,4.360741136440982,,18.0547,11,-3.16,False,0.01,16.094,176822030.0,20.2,5.66,54.2708,-25.19,3571805006.0,,3867714806.0,,100.0,-16.831801352941213,449.61,0.6,6.769848124956845,62522739.0,-0.66,1483545600000.0,-0.23,-2382110.0,3074300.0,1.32,16.094,14075.0,1.74,,43.93,熙菱信息,-87.643,,191471030.0,0,20.86,创业板
SZ300892,-71.64074907402525,,2.763,11,-0.58,False,0.01,2.201,65957492.0,22.47,3.05,,-25.7,1482064845.0,,2247000000.0,0.441,100.0,-1.2437466560804775,-67.42,-0.13,-9.300873423413602,35653689.99,-0.13,1600876800000.0,-0.13,2049505.0,1586398.0,0.92,2.201,14062.0,2.41,,188.82,品渥食品,-174.032,,100000000.0,0,22.6,创业板
SZ002633,,,6.8761,11,-1.18,False,0.01,6.364,149564063.0,15.05,4.07,,-8.51,2250939148.0,,2257500000.0,,100.0,2.998109241266023,26.6,0.13,8.416837415551237,70605418.96,-0.18,1321891200000.0,0.08,2779606.0,4660300.0,0.62,6.364,14048.0,3.12,,27.79,申科股份,193.622,,150000000.0,0,15.23,深市主板
SZ300852,-9.940184850513123,0.0,4.8184,11,-2.15,False,0.01,4.894,154956311.0,69.18,6.76,90.3538,81.75,10719877595.0,1790697600000.0,11104854195.0,0.202,100.0,7.126884372555846,357.21,0.09,28.196332627410726,686222268.22,-1.52,1594569600000.0,0.88,39992179.0,9670637.0,0.75,4.894,14042.0,6.24,,44.01,四会富仕,78.989,,160521165.0,0,70.7,创业板
SZ002652,,,6.0859,11,-1.13,False,0.01,9.579,512064000.0,4.37,4.52,857.744,10.63,2237719680.0,,2237719680.0,,100.0,-8.567557480926348,80.59,0.69,-1.8066411383908298,53709970.0,-0.05,1326902400000.0,-0.04,3347712.0,12278200.0,0.95,9.579,13963.0,2.4,,29.31,扬子新材,-107.018,,512064000.0,0,4.42,深市主板
SZ002861,24.965684963240562,,2.8283,11,-3.49,False,0.01,2.519,142004203.0,13.55,6.2,136.1006,-23.83,1924156951.0,,2524147685.0,,100.0,-9.512638896502114,-8.7,0.3,7.951983457987777,65432171.0,-0.49,1492012800000.0,-0.54,90089.0,4793520.0,1.29,2.518,13894.0,3.38,,44.0,瀛通通讯,-25.073,,186283962.0,0,14.04,深市主板
SZ300301,-5.510533945402008,,8.5484,11,4.26,False,0.01,67.448,789876719.0,4.16,6.02,,75.53,3285887151.0,,3452254079.0,,100.0,-114.9019226432276,7.65,-0.24,-8.984328971641474,106166496.36,0.17,1332259200000.0,-0.17,3570885.0,25740162.0,1.32,67.423,13885.0,3.26,,6.55,ST长方,-24.761,,829868769.0,0,3.99,创业板
SZ300824,10.724415228905393,,2.6586,11,0.98,False,0.01,3.539,318968151.0,8.26,3.42,28.8668,-25.3,2634676927.0,,2695582293.0,2.409,100.0,14.205639385162435,95.94,0.85,17.89045323194367,53534813.5,0.08,1592496000000.0,0.32,2411841.0,6506550.0,0.94,3.539,13881.0,2.04,,43.99,北鼎股份,25.589,,326341682.0,0,8.18,创业板
SZ003018,20.75841381306327,0.0,12.7511,11,-0.71,False,0.01,8.477,284511553.0,43.24,5.51,71.3568,198.39,12302279552.0,1790697600000.0,13943929435.0,0.372,100.0,9.231898430927652,436.76,0.39,21.473660189923137,340699257.11,-0.31,1604592000000.0,0.46,11497184.0,7737465.0,0.94,7.189,13855.0,2.72,,44.01,金富科技,94.565,,322477554.0,0,43.55,深市主板
SZ301030,,,,11,-2.87,False,0.01,,202105710.0,4.06,10.53,,-65.68,820549183.0,,821676320.0,,100.0,1790.4290400610926,-83.19,0.5,-74.54376360522504,76892211.36,-0.12,1626883200000.0,-9.48,-4260789.0,18620006.0,1.0,-0.709,13851.0,9.21,,345.41,*ST仕净,-0.428,,202383330.0,0,4.18,创业板
SZ300658,50.50077546953959,0.0,1.8744,11,-1.66,False,0.01,2.503,239428809.0,10.09,4.58,11.8859,-31.32,2415836683.0,1790697600000.0,3357589819.0,1.021,100.0,4.481829241644192,29.09,0.0,13.558507057324798,55451256.0,-0.17,1496332800000.0,0.18,3434805.0,5416300.0,0.93,2.503,13850.0,2.26,,44.0,延江股份,55.911,,332764105.0,0,10.26,创业板
SZ300711,-9.156162693244807,0.0,6.2255,11,4.78,False,0.01,3.32,279689830.0,17.77,5.25,54.1953,-22.69,4970088279.0,1790697600000.0,4983305641.0,1.125,100.0,7.451574561227682,222.09,0.06,28.77254747921181,148621239.45,0.81,1509465600000.0,0.3,9495379.0,8432974.0,1.39,3.32,13841.0,3.02,,43.95,广哈通信,59.981,,280433632.0,0,16.96,创业板
SZ300654,,,6.7993,11,-2.88,False,0.01,4.142,352648284.0,9.44,3.29,136.6013,-4.26,3328999801.0,,3456218603.0,0.53,100.0,2.651110930834775,257.94,0.21,0.15333040526337438,53054835.15,-0.28,1506355200000.0,0.06,-5385405.0,5562191.0,0.73,4.142,13777.0,1.58,,43.97,世纪天鸿,156.59,,366124852.0,0,9.72,创业板
SZ300519,1.5878967154986379,,8.8985,11,0.2,False,0.01,2.866,114100000.0,14.85,2.29,26.4365,1.81,1694385000.0,,2376000000.0,2.02,100.0,7.545922645557466,146.55,0.34,-0.23888136853515984,45080696.0,0.03,1466697600000.0,0.39,-170414.0,3041200.0,1.29,2.866,13758.0,2.67,,44.02,新光药业,38.313,,160000000.0,0,14.82,创业板
SZ300875,22.40147174228888,,8.5875,11,6.04,False,0.01,3.905,87791669.0,33.19,12.84,156.3652,-18.03,2913805494.0,,3313515386.0,,100.0,-12.559546926374543,-72.74,-0.03,21.096244822658285,369992685.44,1.89,1598198400000.0,-1.14,-10434595.52000001,10676789.0,5.86,3.905,13718.0,12.16,,173.07,捷强装备,-29.215,,99834751.0,0,31.3,创业板
SZ300813,8.032019755034847,,7.837,11,1.71,False,0.01,3.559,85126073.0,23.22,4.73,42.8336,-4.97,1976627415.0,,2814245865.0,0.556,100.0,2.9127038115043202,108.48,0.43,12.582491331211987,112348370.4,0.39,1578931200000.0,0.19,-2185757.0,4852100.0,1.85,3.559,13665.0,5.7,,43.98,泰林生物,120.704,,121199219.0,0,22.83,创业板
SZ300637,,,2.6169,11,8.23,False,0.01,3.33,234534869.0,10.13,12.29,34.6971,-12.63,2375838223.0,,2378018817.0,0.296,100.0,-0.1832044883576705,67.58,0.2,9.12090099869991,140931988.66,0.77,1491926400000.0,-0.01,30476414.0,14075931.0,6.09,3.33,13657.0,6.0,,44.01,扬帆新材,-1829.45,,234750130.0,0,9.36,创业板
SZ300697,20.376160849362446,0.0,1.4335,11,-0.92,False,0.01,4.663,331240000.0,14.01,3.82,208.4855,-15.65,4640672400.0,1790697600000.0,6061286400.0,1.142,100.0,16.32892235780712,373.29,0.07,31.989809485734867,82581617.56,-0.13,1504713600000.0,0.46,-314067.0,5843563.0,0.8,4.663,13653.0,1.76,,44.04,电工合金,30.163,,432640000.0,0,14.14,创业板
SZ002849,13.48695697452471,,2.6334,11,-4.4,False,0.01,3.242,218691342.0,20.43,7.77,22.0104,28.82,4467864117.0,,4507552947.0,0.196,100.0,3.6377670534486692,205.67,0.1,12.590187345047955,504148533.4,-0.94,1487260800000.0,0.23,-193074.0,24025336.0,0.72,3.242,13632.0,10.99,,44.04,威星智能,90.518,,220634016.0,0,21.37,深市主板
SZ003025,14.640889474494934,,4.5373,11,-1.16,False,0.01,2.682,226415929.0,11.97,3.47,14.2853,-15.66,2710198670.0,,3398924089.0,1.662,100.0,12.257360362779572,63.99,0.17,16.44480791770846,28325954.4,-0.14,1607616000000.0,0.53,-1271104.0,2341740.0,0.84,2.682,13629.0,1.03,,44.0,思进智能,22.502,,283953558.0,0,12.11,深市主板
SZ002983,-16.806749176209745,0.0,4.6756,11,-1.85,False,0.01,3.485,129335232.0,21.18,4.31,23.9612,-6.14,2739320214.0,1790697600000.0,4711968185.0,1.893,100.0,7.982271564990715,128.76,-0.19,-4.422236646066269,34448299.1,-0.4,1588003200000.0,0.49,825907.0,1607100.0,1.0,3.495,13567.0,1.24,,44.02,芯瑞达,42.948,,222472530.0,0,21.58,深市主板
SZ300771,96.44411964385384,,4.1768,11,1.33,False,0.01,1.385,189077273.0,11.47,3.0,39.0697,-24.92,2168716321.0,,2752800000.0,1.709,100.0,5.831716832750451,-15.2,0.0,23.18002529012082,42102918.0,0.15,1555862400000.0,0.48,1569338.0,3689600.0,1.11,1.385,13561.0,1.95,,44.01,智莱科技,24.094,,240000000.0,0,11.32,创业板
SZ300860,-68.20478969999347,0.0,33.5243,11,-3.65,False,0.01,1.694,109416909.0,27.69,7.1,124.6288,4.17,3029754210.0,1790697600000.0,5218200520.0,0.758,100.0,-1.0768103967168703,-65.53,0.25,-41.624559554912,82151640.0,-1.05,1598198400000.0,-0.18,-5763732.0,2904456.0,0.97,1.694,13552.0,2.65,,43.1,锋尚文化,-155.497,,188450723.0,0,28.74,创业板
SZ300898,-5.098040191977516,,2.9536,11,0.44,False,0.01,2.593,114743548.0,20.66,3.79,28.5231,-21.14,2370601702.0,,2561840000.0,2.904,100.0,10.561186830262907,-48.75,0.1,-0.22460922643302572,118660974.94,0.09,1602777600000.0,0.83,-3382348.0,5773510.0,1.57,2.593,13525.0,5.03,,476.53,熊猫乳品,25.034,,124000000.0,0,20.57,创业板
SZ301638,195.96276547710153,0.0,8.2828,11,-0.34,False,0.01,5.86,250234005.0,20.52,2.72,38.4989,9.36,5134801783.0,1790697600000.0,65246422720.0,0.439,100.0,8.618958878722518,0.0,0.05,34.37928845016507,103843745.98,-0.07,1763395200000.0,0.26,-5488300.0,5030545.0,1.12,5.86,13513.0,2.01,,224.78,南网数字,79.646,,3179650230.0,0,20.59,创业板
SZ001338,-25.396958667311466,0.0,1.2921,11,1.19,False,0.01,1.286,501730834.0,9.32,2.17,7.5123,-20.96,4676131373.0,1790697600000.0,4676131373.0,2.575,100.0,3.2736238249948437,21.58,0.11,-11.253799081179405,77100849.36,0.11,1668528000000.0,0.24,-1577159.0,8295212.0,0.98,1.286,13492.0,1.65,,43.99,永顺泰,39.268,,501730834.0,0,9.21,深市主板
SZ001301,2.952230215208096,0.0,1.8656,11,-2.03,False,0.01,2.351,260124993.0,46.38,4.65,,-23.73,12064597175.0,1790697600000.0,16910936553.0,1.229,100.0,12.61491961085864,68.77,0.17,34.03534293725421,162924892.86,-0.96,1672156800000.0,2.38,-7924463.0,3460168.0,0.72,2.35,13489.0,1.33,,44.01,尚太科技,19.521,,364617002.0,0,47.34,深市主板
SZ300966,,,4.3661,11,-4.2,False,0.01,3.572,76666669.0,24.62,8.4,40.9525,25.23,1887533391.0,,2838221002.0,0.183,100.0,-11.156617033983437,-29.15,0.24,7.013451115836222,53568577.0,-1.08,1617897600000.0,-0.82,-5773672.0,2151800.0,0.95,4.066,13441.0,2.81,,591.63,共同药业,-29.861,,115281113.0,0,25.7,创业板
SZ003030,18.74662749010765,,1.5012,11,-1.24,False,0.01,3.27,81578391.0,25.47,6.51,24.924,27.03,2077801619.0,,3178146600.0,0.585,100.0,1.0298151719874364,46.38,-0.12,14.637743515049495,133170614.0,-0.32,1609862400000.0,0.08,-6388036.0,5312200.0,2.03,3.27,13426.0,6.51,,44.01,祖名股份,316.772,,124780000.0,0,25.79,深市主板
SZ300656,245.34424862223386,,15.058,11,-4.75,False,0.01,6.238,134950642.0,28.5,6.42,,29.43,3846093297.0,,4877064552.0,,100.0,-18.452989201905798,311.98,-0.04,-4.181106451563988,179455002.4,-1.42,1495123200000.0,-0.96,10535530.0,6192900.0,0.83,6.238,13399.0,4.59,,43.97,民德电子,-29.643,,171125072.0,0,29.92,创业板
SZ002961,59.24625186166457,0.0,6.0094,11,-2.62,False,0.01,2.184,705858150.0,13.0,3.82,,-27.22,9176155950.0,1790697600000.0,9176199240.0,2.754,100.0,20.1815862242962,225.49,0.15,28.518127048510866,102676434.68,-0.35,1567612800000.0,1.03,-1058041.0,7811656.0,0.62,2.184,13396.0,1.11,,43.99,瑞达期货,12.583,,705861480.0,0,13.35,深市主板
SZ300830,,0.0,11.4852,11,-2.01,False,0.01,2.708,336934772.0,7.79,4.53,27.16,-23.48,2624721874.0,1790697600000.0,3518281419.0,,100.0,-6.479823596977876,50.68,0.13,-16.56592744189612,75281846.0,-0.16,1588694400000.0,-0.18,-374096.0,9598400.0,1.13,2.708,13369.0,2.85,,44.09,金现代,-43.828,,451640747.0,0,7.95,创业板
SZ300871,198.0980137426275,,2.4872,11,0.71,False,0.01,1.853,201784357.0,21.25,6.54,17.6555,4.71,4287917586.0,,4287917586.0,2.339,100.0,15.63258216001024,-45.2,0.28,20.14691577602148,125123102.93,0.15,1598198400000.0,1.69,-273267.0,5757837.0,1.76,1.853,13357.0,2.85,,84.02,回盛生物,12.548,,201784357.0,0,21.1,创业板
SZ300963,-7.840936594390602,0.0,4.8737,11,-0.19,False,0.01,4.29,340594581.0,10.57,3.59,,-49.01,3600084721.0,1790697600000.0,4847824800.0,0.246,100.0,5.463392275176128,11.6,0.0,-0.19027006961704895,45880665.95,-0.02,1617897600000.0,0.13,-2603436.0,4302289.0,1.21,4.29,13346.0,1.26,,313.11,中洲特材,80.242,,458640000.0,0,10.59,创业板
SZ300230,-22.69062592364328,,1.3849,11,-0.69,False,0.01,1.104,629822499.0,4.32,2.07,12.3323,-5.6,2720833196.0,,3513082065.0,4.282,100.0,5.411227303201049,127.96,0.0,10.199574742113349,27005210.0,-0.03,1308067200000.0,0.21,-5468571.0,6215600.0,0.92,1.104,13345.0,0.99,,10.85,永利股份,20.323,,813213441.0,0,4.35,创业板
SZ300195,,,1.5591,11,-2.23,False,0.01,0.965,313907981.0,6.13,4.63,18.0362,-23.17,1924255924.0,,2597328544.0,0.326,100.0,0.27298683556097175,-45.92,0.16,2.313363167642013,64331784.0,-0.14,1301328000000.0,0.02,-312693.0,10427500.0,1.95,0.965,13327.0,3.32,,-7.45,长荣股份,354.402,,423707756.0,0,6.27,创业板
SZ301060,,,3.5788,11,-4.83,False,0.01,2.954,360166407.0,11.44,10.32,11.9173,26.23,4120303696.0,,4581914480.0,1.565,100.0,2.4734647571871067,-32.94,0.26,-12.331986554724006,220837058.28,-0.58,1631462400000.0,0.1,18035567.0,19026527.0,1.08,2.954,13306.0,5.28,,338.13,兰卫医学,118.609,,400517000.0,0,12.02,创业板
SZ002569,,,9.8875,11,-3.81,False,0.01,54.648,140010000.0,11.6,4.06,504.4835,-6.83,1624116000.0,,1670516000.0,,100.0,21.310585769250093,-13.41,-0.68,14.794386189782616,16907880.0,-0.46,1302537600000.0,0.04,502844.0,1434300.0,0.76,54.64,13280.0,1.02,,62.86,*ST步森,287.164,,144010000.0,0,12.06,深市主板
SZ002826,120.23896323897021,,4.8446,11,-1.14,False,0.01,3.839,184729311.0,17.39,3.13,14.0971,-4.47,3212442718.0,,3315886073.0,0.863,100.0,14.954077978203884,153.23,0.35,3.2727875276552965,53062481.0,-0.2,1481212800000.0,0.64,2163534.0,3036700.0,0.71,3.839,13263.0,1.64,,44.06,易明医药,27.246,,190677750.0,0,17.59,深市主板
SZ301510,49.19892398310537,0.0,15.3745,11,-4.75,False,0.01,7.12,380033240.0,26.45,8.21,364.4814,-29.27,10051879198.0,1790697600000.0,10696985176.0,0.185,100.0,7.999874769098956,-64.59,0.11,29.515236950145372,281133872.02,-1.32,1692028800000.0,0.29,4267489.0,10467093.0,1.81,7.042,13220.0,2.75,,466.67,固高科技,92.382,,404422880.0,0,27.77,创业板
SZ301169,-19.151139880082336,,9.6931,11,-2.3,False,0.01,8.389,72009036.0,49.21,5.92,,-1.78,3543564662.0,,3545114777.0,,100.0,-6.4959468660677215,23.91,0.06,-0.07870300642724981,58296298.78,-1.16,1635868800000.0,-0.4,-6144754.0,1179409.0,0.99,8.389,13205.0,1.64,,141.46,零点有数,-124.578,,72040536.0,0,50.37,创业板
SZ000809,,,5.4444,11,0.58,False,0.01,1.065,824791293.0,3.44,3.8,,-5.49,2837282048.0,,2837282048.0,,100.0,-0.6354098593376537,-9.37,0.29,510.73577408241107,70391227.0,0.02,897926400000.0,-0.02,11047734.0,20382000.0,0.75,1.065,13198.0,2.47,,0.0,和展能源,-166.954,,824791293.0,0,3.42,深市主板
SZ301357,294.37014462846645,0.0,43.2137,11,-0.73,False,0.01,7.433,62177500.0,87.51,5.9,143.9628,-37.88,5441153025.0,1790697600000.0,8330952000.0,0.069,100.0,0.2810951123920365,105.56,0.11,6.451148556066277,186682043.5,-0.64,1681747200000.0,0.03,-701737.0,2098900.0,0.86,7.433,13198.0,3.38,,19.86,北方长龙,2639.056,,95200000.0,0,88.15,创业板
SZ300918,-15.409908754288415,0.0,2.4035,11,0.38,False,0.01,1.383,506134427.0,10.65,3.49,21.5169,-42.55,5390331648.0,1790697600000.0,5390331648.0,0.751,100.0,3.2634746030752586,-29.22,0.09,21.856126812195065,66109051.2,0.04,1608566400000.0,0.25,1982308.0,6171206.0,1.04,1.383,13193.0,1.22,,254.12,南山智尚,43.157,,506134427.0,0,10.61,创业板
SZ300911,,0.0,23.513,11,-1.69,False,0.01,5.142,171346479.0,31.47,4.4,42.1789,-5.5,5392273694.0,1790697600000.0,5769884364.0,,100.0,-13.105951630087537,-17.83,0.25,-49.40100195319045,190559443.04,-0.54,1606924800000.0,-0.84,4880625.0,6027044.0,0.48,5.417,13149.0,3.52,,163.2,亿田智能,-37.395,,183345547.0,0,32.01,创业板
SZ300847,5.15699040446167,0.0,3.5355,11,-0.63,False,0.01,2.772,296010000.0,14.19,2.87,46.7227,-16.58,4200381900.0,1790697600000.0,4200381900.0,0.817,100.0,7.6424167252308575,165.21,0.07,3.46753918285414,64166892.32,-0.09,1594224000000.0,0.38,272385.0,4503079.0,0.68,2.772,13133.0,1.52,,43.95,中船汉光,37.275,,296010000.0,0,14.28,创业板
SZ301207,-28.033565237261737,0.0,9.8793,11,-2.98,False,0.01,2.227,600637988.0,19.51,6.56,28.096,9.66,11718447146.0,1790697600000.0,11726046525.0,4.567,100.0,3.5511215352857506,-55.56,0.26,-28.255967733500864,207303411.75,-0.6,1645113600000.0,0.33,-1596258.0,10511245.0,0.83,2.227,13133.0,1.75,,23.59,华兰疫苗,59.054,,601027500.0,0,20.11,创业板
SZ300611,73.17657132665178,0.0,1.7779,11,-1.5,False,0.01,4.404,148302980.0,26.93,4.24,103.7589,-0.64,3993799251.0,1790697600000.0,5684241132.0,0.557,100.0,14.683597236259327,295.53,0.11,50.19321502838024,101406438.0,-0.41,1487520000000.0,0.86,-10292938.0,3741200.0,1.22,4.404,13115.0,2.52,,44.03,美力科技,31.236,,211074680.0,0,27.34,创业板
SZ301302,-7.265234467183424,,8.4924,11,-1.15,False,0.01,2.268,138990000.0,20.69,6.83,,-9.53,2875703100.0,,3224846850.0,,100.0,-14.105757222773047,-48.28,0.05,13.482935563190912,97151757.0,-0.24,1655913600000.0,-1.38,5231957.0,4568700.0,1.3,2.268,13088.0,3.29,,28.85,华如科技,-15.002,,155865000.0,0,20.93,创业板
SZ002887,-7.220422512000746,,6.1676,11,-0.57,False,0.01,1.158,217231314.0,8.68,3.55,27.3384,-5.17,1885567806.0,,2655974226.0,3.456,100.0,4.516574678007146,-25.57,-0.12,-1.5186967124264594,53625527.0,-0.05,1501516800000.0,0.35,6327707.0,6118800.0,0.73,1.158,13086.0,2.82,,43.99,绿茵生态,24.93,,305987814.0,0,8.73,深市主板
SZ002586,,,2.1605,11,-2.21,False,0.01,1.271,1087518003.0,3.54,6.35,,-21.16,3849813731.0,,4050551948.0,,100.0,8.88512466786838,4.45,0.28,-10.221076473585654,28967857.0,-0.08,1306944000000.0,0.24,-6014958.0,8167200.0,1.47,1.271,13084.0,0.75,,13.68,围海股份,14.865,,1144223714.0,0,3.62,深市主板
SZ300662,23.24725593240324,0.0,0.2641,11,1.5,False,0.01,1.714,196369135.0,20.91,4.03,18.5654,-16.48,4106078613.0,1790697600000.0,4115220967.0,1.1,100.0,15.039771439063882,177.85,0.1,19.496730751119017,50953354.0,0.31,1496851200000.0,1.72,4099274.0,2448700.0,1.46,1.714,13078.0,1.25,,43.97,科锐国际,12.158,,196806359.0,0,20.6,创业板
SZ001283,72.4913930895454,0.0,0.9794,11,0.91,False,0.01,1.697,103398898.0,47.49,4.48,17.1829,-11.55,4910413666.0,1790697600000.0,6158508899.0,0.611,100.0,7.626060532385724,1.42,0.34,14.189262744808584,158143508.7,0.43,1662307200000.0,1.77,6478441.0,3314509.0,1.0,1.697,13073.0,3.21,,43.99,豪鹏科技,26.858,,129680120.0,0,47.06,深市主板
SZ000985,-18.13789054233125,,1.2317,11,3.74,False,0.01,3.773,129639500.0,17.74,5.85,49.045,-7.04,2299804730.0,,2299804730.0,0.13,100.0,0.35458914621749793,28.67,0.06,-1.9269015472275441,61315638.0,0.64,964540800000.0,0.02,15866141.0,3498100.0,1.93,3.772,13069.0,2.7,,168.35,大庆华科,1063.237,,129639500.0,0,17.1,深市主板
SZ300981,187.32985913743823,0.0,3.1943,11,-4.09,False,0.01,1.588,392997379.0,19.47,10.05,33.8037,58.98,7651658969.0,1790697600000.0,8350000752.0,1.793,100.0,0.7615824967235209,-59.67,0.05,10.429555198604401,602807325.8,-0.83,1619452800000.0,0.09,28334751.0,29917233.0,1.25,1.588,13028.0,7.61,,148.82,中红医疗,206.094,,428864959.0,0,20.3,创业板
SZ002976,,,1.862,11,-4.19,False,0.01,2.794,121729448.0,20.6,7.26,50.509,-4.46,2507626629.0,,4008984396.0,,100.0,-2.3509363550222084,44.44,0.1,11.862839053141517,112988934.2,-0.9,1583424000000.0,-0.14,-2713060.0,5380806.0,0.49,2.794,12976.0,4.42,,43.98,瑞玛精密,-150.366,,194610893.0,0,21.5,深市主板
SZ301011,,,2.7653,11,-1.17,False,0.01,2.839,146696876.0,15.22,5.19,779.6224,-40.19,2232726453.0,,2350837458.0,0.986,100.0,-9.440139723928535,-56.29,0.2,-5.346202112761578,38642445.0,-0.18,1623859200000.0,-0.48,-537894.0,2494800.0,0.75,2.839,12967.0,1.7,,333.1,华立科技,-31.427,,154457126.0,0,15.4,创业板
SZ003001,,,7.8683,11,1.49,False,0.01,2.969,114351002.0,19.69,6.13,30.1678,-1.75,2251571229.0,,3436897258.0,0.386,100.0,-2.2834582892433906,3.0,0.05,-30.31057755185754,229433408.4,0.29,1602518400000.0,-0.15,29357750.0,11533240.0,0.64,2.969,12966.0,10.09,,44.0,中岩大地,-128.133,,174550394.0,0,19.4,深市主板
SZ002936,1.8100959998261112,0.0,1.2108,11,-0.57,False,0.01,0.335,7048734081.0,1.73,1.15,0.3635,-10.36,12194309960.0,1790697600000.0,15729318049.0,,100.0,3.4584589462830384,-55.44,0.0,-1.5159185193846958,131419469.8,-0.01,1537286400000.0,0.21,-5026213.269999996,75518625.0,0.84,0.335,12960.0,1.07,,44.01,郑州银行,8.09,,9092091358.0,0,1.74,深市主板
SZ300937,,,0.5099,11,-0.91,False,0.01,2.81,64864182.0,23.83,4.82,2085.8817,-30.1,1545713457.0,,2279737032.0,,100.0,-1.5976722411002897,-34.09,0.25,0.44347430689206657,50187020.37,-0.22,1611676800000.0,-0.14,2080866.0,2103573.0,0.94,2.81,12944.0,3.24,,226.04,药易购,-173.629,,95666682.0,0,24.05,创业板
SZ300615,-16.52898242338683,,4.1443,11,-1.01,False,0.01,5.443,153087263.0,12.69,5.3,,-4.11,1942677367.0,,2449032948.0,0.394,100.0,-13.445818232221466,81.73,0.16,7.186295852929736,103778693.39,-0.13,1487088000000.0,-0.34,-874903.0,8106591.0,0.8,5.443,12920.0,5.3,,43.98,欣天科技,-37.206,,192989200.0,0,12.82,创业板
SZ300939,-24.022599641126764,,9.0663,11,-1.1,False,0.01,8.155,120000000.0,98.34,7.37,210.4072,186.39,11800800000.0,,11800800000.0,0.203,100.0,4.4619081243980965,133.61,0.06,9.659099294772622,421908496.87,-1.09,1611763200000.0,0.52,23731979.0,4247129.0,0.77,8.155,12892.0,3.54,,67.4,秋田微,187.503,,120000000.0,0,99.43,创业板
SZ300703,,0.0,1.0856,11,-2.96,False,0.01,3.173,169661583.0,13.42,5.13,33.8618,-44.82,2276858444.0,1790697600000.0,2420858493.0,0.581,100.0,0.04968714722192075,30.86,-0.3,19.67276629948902,41444644.0,-0.41,1505750400000.0,0.0,1207201.0,3058600.0,0.6,3.173,12863.0,1.8,,44.02,创源股份,5839.549,,180391840.0,0,13.83,创业板
SZ301319,-1.6140150580502444,0.0,8.0137,11,-4.73,False,0.01,11.817,137518207.0,77.9,7.66,,104.51,10712668325.0,1790697600000.0,14213772273.0,0.438,100.0,7.600713458156741,408.02,0.37,29.939754318648394,433339592.61,-3.87,1664380800000.0,0.49,15748754.0,5447240.0,0.89,11.814,12827.0,3.96,,14.87,唯特偶,160.255,,182461775.0,0,81.77,创业板
SZ301313,,,5.3112,11,-2.8,False,0.01,4.829,78711515.0,28.13,5.84,,6.11,2214154917.0,,2878638542.0,,100.0,-24.258839766780333,-5.23,0.21,-7.510619738200708,96865720.0,-0.81,1664467200000.0,-1.62,-1431967.0,3394300.0,1.02,4.882,12822.0,4.31,,14.81,凡拓数创,-17.405,,102333400.0,0,28.94,创业板
SZ300936,-81.30057581094079,,18.1505,11,-3.87,False,0.01,4.936,47637500.0,66.0,9.22,,69.23,3144075000.0,,4963200000.0,,100.0,0.6492095435338014,-6.36,0.36,6.534547836113158,144386357.0,-2.66,1611590400000.0,0.09,-4727206.0,2130100.0,0.73,4.936,12795.0,4.47,,119.61,中英科技,762.78,,75200000.0,0,68.66,创业板
SZ301058,3.5899521034424176,0.0,1.3953,11,0.47,False,0.01,1.939,512274245.0,8.62,1.98,19.2239,-19.99,4415803992.0,1790697600000.0,4489321903.0,1.717,100.0,10.582257849404385,-38.45,0.0,13.303461300710673,48069924.6,0.04,1631116800000.0,0.45,288396.0,5577360.0,0.5,1.939,12779.0,1.09,,283.1,中粮科工,18.998,,520803005.0,0,8.58,创业板
SZ300417,,,6.2327,11,-0.75,False,0.01,3.59,87714938.0,11.95,4.32,111.9093,-14.13,1048193509.0,,1608030240.0,0.586,100.0,-0.0778222885147905,109.11,0.34,51.19628103772271,42900971.45,-0.09,1421942400000.0,0.0,902184.0,3577799.0,1.13,3.59,12772.0,4.08,,44.03,南华仪器,-4561.126,,134563200.0,0,12.04,创业板
SZ300405,,,2.7627,11,0.34,False,0.01,4.088,218823359.0,5.88,3.24,,-7.84,1286681351.0,,1672111305.0,,100.0,-7.20988051222616,14.32,0.51,6.379837079998074,44472084.0,0.02,1414598400000.0,-0.11,-104888.0,7562400.0,1.12,4.088,12765.0,3.46,,44.01,科隆股份,-55.717,,284372671.0,0,5.86,创业板
SZ300694,53.48839530850464,,1.688,11,-0.94,False,0.01,1.518,216807876.0,10.55,3.38,101.1207,-11.96,2287323092.0,,2290092467.0,0.806,100.0,9.442792073848398,-7.76,-0.38,-6.724766055483755,34541924.0,-0.1,1539532800000.0,0.63,-4716569.0,3253400.0,1.14,1.518,12724.0,1.5,,43.98,蠡湖股份,16.794,,217070376.0,0,10.65,创业板
SZ300858,-14.920575524418068,,10.3392,11,-3.44,False,0.01,2.147,195740152.0,14.6,3.97,36.3884,-12.33,2857806219.0,,3847028723.0,0.678,100.0,4.3765223549075785,35.26,0.14,8.263221145730192,59768053.5,-0.52,1595779200000.0,0.3,1434778.0,4044321.0,1.02,2.147,12654.0,2.07,,44.01,科拓生物,49.062,,263495118.0,0,15.12,创业板
SZ300716,48.78811095476965,,160.302,11,-2.93,False,0.01,,160020000.0,16.55,4.4,,38.26,2648331000.0,,2648331000.0,,100.0,238.65219311715774,72.67,-0.54,-76.44307714276536,19274790.0,-0.5,1510156800000.0,-1.63,-893760.0,1143650.0,0.72,-11.069,12648.0,0.71,,43.99,*ST泉为,-10.168,,160020000.0,0,17.05,创业板
SZ300879,-71.86542456727435,0.0,0.9685,11,-2.4,False,0.01,2.72,201028448.0,16.65,4.51,,-44.22,3347123659.0,1790697600000.0,3369940569.0,,100.0,-18.5125925748877,-67.79,0.18,53.39661774614042,55601261.85,-0.41,1598889600000.0,-1.24,2256629.0,3313255.0,0.8,2.719,12625.0,1.65,,561.53,大叶股份,-13.423,,202398833.0,0,17.06,创业板
SZ001318,-11.24166649672551,,7.9203,11,-1.61,False,0.01,2.518,282660000.0,12.83,7.67,28.7,-15.92,3626527800.0,,3626527800.0,1.793,100.0,6.3770175985787265,20.19,0.86,-8.379728560798194,264485475.0,-0.21,1652976000000.0,0.32,3966658.0,20823580.0,5.01,2.518,12617.0,7.37,,43.97,阳光乳业,39.841,,282660000.0,0,13.04,深市主板
SZ001207,20.83379085592636,0.0,2.3557,11,-1.11,False,0.01,2.359,292622092.0,18.79,3.32,12.6546,5.47,5498369109.0,1790697600000.0,5695958210.0,4.625,100.0,13.443754890979974,73.53,-0.16,8.898141233832813,86431991.1,-0.21,1624377600000.0,0.97,-5127310.0,4613038.0,0.96,2.358,12600.0,1.58,,44.01,联科科技,19.296,,303137744.0,0,19.0,深市主板
SZ001219,9.283813253828832,,4.5365,11,0.7,False,0.01,2.358,190197500.0,13.03,2.24,37.6484,-6.89,2478273425.0,,2540638263.0,2.763,100.0,10.58650519092068,51.66,0.31,5.49629542893586,27392095.94,0.09,1634745600000.0,0.57,5723281.0,2104764.0,1.28,2.358,12542.0,1.11,,44.01,青岛食品,22.734,,194983750.0,0,12.94,深市主板
SZ300780,70.66852290976169,,4.6,11,-3.5,False,0.01,2.644,107762272.0,17.94,7.26,32.6801,-6.95,1933255160.0,,2631259800.0,,100.0,-4.359473697754628,33.23,0.34,2.6789462089717775,68770000.0,-0.65,1559232000000.0,-0.3,-7397156.0,3777700.0,1.01,2.644,12536.0,3.51,,44.04,德恩精工,-59.481,,146670000.0,0,18.59,创业板
SZ300985,-12.72943127073839,,3.4702,11,-4.21,False,0.01,7.366,186512480.0,33.44,4.61,71.8545,82.23,6236977331.0,,6236977331.0,,100.0,-10.704493089949725,-4.45,-0.24,2.3651220338473333,59632430.74,-1.47,1619625600000.0,-0.53,142345.0,1770241.0,0.59,7.366,12534.0,0.95,,80.64,致远新能,-63.261,,186512480.0,0,34.91,创业板
SZ300715,-27.17761849127901,0.0,2.0217,11,-3.01,False,0.01,2.703,319426526.0,12.9,5.94,15.6146,23.56,4120602185.0,1790697600000.0,4876915047.0,,100.0,0.3084529250648943,239.01,0.31,-4.822323966265662,82636336.8,-0.4,1508947200000.0,0.01,-3768660.0,6281980.0,0.8,2.703,12530.0,1.97,,44.0,凯伦股份,863.531,,378055430.0,0,13.3,创业板
SZ301373,4.5806836292531905,0.0,22.0433,11,-3.82,False,0.01,7.326,69655417.0,114.6,9.22,80.5573,258.51,7982510788.0,1790697600000.0,12430901629.0,0.436,100.0,8.458798187562483,176.35,0.23,11.12395017108887,676743943.2,-4.55,1675785600000.0,1.29,2769063.0,5751963.0,0.61,7.326,12513.0,8.26,,28.52,凌玮科技,88.856,,108472091.0,0,119.15,创业板
SZ301160,-2.353256432554318,0.0,4.0172,11,-5.05,False,0.01,3.305,110777193.0,37.59,8.39,35.2223,-23.33,4164114685.0,1790697600000.0,6266888835.0,1.269,100.0,11.034310557149755,78.61,-0.08,6.120096772519834,194253955.0,-2.0,1654444800000.0,1.19,-8013189.0,5080706.0,1.01,3.245,12505.0,4.59,,63.24,翔楼新材,31.687,,166716915.0,0,39.59,创业板
SZ300126,,,3.9352,11,-0.75,False,0.01,2.042,210650829.0,6.59,5.12,,-23.01,1388188963.0,,2003080584.0,,100.0,-5.918007460888369,-24.49,0.15,1.7772449511071375,31027407.0,-0.05,1286899200000.0,-0.2,-628369.0,4689100.0,1.46,2.042,12465.0,2.23,,8.09,锐奇股份,-33.349,,303957600.0,0,6.64,创业板
SZ301232,-49.75055094038071,0.0,2.9813,11,-2.01,False,0.01,5.824,62715411.0,77.2,6.11,,-35.87,4841629729.0,1790697600000.0,8137538130.0,0.13,100.0,0.8729626581153507,115.23,0.12,21.176708615564376,272559564.22,-1.58,1686758400000.0,0.12,21260084.0,3462998.0,1.03,5.809,12462.0,5.52,,-4.0,飞沃科技,666.52,,105408525.0,0,78.78,创业板
SZ002921,-0.43937092322116067,,2.1391,11,-3.15,False,0.01,2.166,128756130.0,19.08,5.99,54.2451,12.1,2456666960.0,,2842350023.0,,100.0,0.12405240298685535,98.88,0.42,11.193924926898436,80221885.0,-0.62,1514304000000.0,0.01,-4175081.0,4128800.0,1.15,2.166,12457.0,3.21,,43.98,联诚精密,1858.544,,148970127.0,0,19.7,深市主板
SZ300819,-17.657344099601723,0.0,10.6144,11,-1.06,False,0.01,7.1,134762250.0,41.9,7.49,70.7098,21.47,5646538275.0,1790697600000.0,6251689500.0,0.322,100.0,5.182692333816354,276.45,0.36,-4.353402182531562,110893369.5,-0.45,1583942400000.0,0.3,2493804.0,2595350.0,0.74,7.1,12437.0,1.93,,43.99,聚杰微纤,137.562,,149205000.0,0,42.35,创业板
SZ300163,-36.894722725178795,,17.7819,11,-0.83,False,0.01,6.357,458312706.0,7.2,5.37,,77.78,3299851483.0,,3412800000.0,,100.0,-3.0578977103170377,27.52,0.42,-12.005890668293695,169427740.19,-0.06,1294848000000.0,-0.03,2989769.0,23358239.0,0.6,6.356,12430.0,5.1,,10.38,先锋新材,-205.874,,474000000.0,0,7.26,创业板
SZ300746,91.81430653343925,,2.7964,11,2.08,False,0.01,4.119,223545450.0,15.18,4.57,30.5034,19.81,3393419931.0,,3426707819.0,,100.0,9.167239946240963,149.36,0.46,-6.576190656783776,176322695.0,0.31,1527177600000.0,0.32,20395429.0,11659950.0,1.07,4.119,12408.0,5.22,,43.95,汉嘉数智,46.997,,225738328.0,0,14.87,创业板
SZ002790,,,1.6619,11,1.09,False,0.01,1.328,260697500.0,6.51,1.71,17.7653,-22.21,1697140725.0,,2720348673.0,0.23,100.0,-2.1192930517204056,-3.97,0.46,-12.100129377456149,81455317.66,0.07,1457366400000.0,-0.11,4240110.0,12604022.0,0.63,1.328,12391.0,4.83,,44.03,瑞尔特,-61.917,,417872300.0,0,6.44,深市主板
SZ300964,135.6658176807664,0.0,6.5164,11,-2.09,False,0.01,6.846,86396837.0,67.54,7.0,315.9326,70.22,5835242371.0,1790697600000.0,7217297181.0,0.105,100.0,4.945966258725354,40.63,0.19,40.27211395341275,347730571.68,-1.44,1628092800000.0,0.5,16695814.0,5035869.0,0.72,6.846,12322.0,5.83,,113.57,本川智能,136.196,,106859597.0,0,68.98,创业板
SZ301015,-2.8088157849537443,0.0,1.864,11,1.01,False,0.01,5.941,525556577.0,25.94,4.52,23.4799,12.79,13632937607.0,1790697600000.0,13634688557.0,2.201,100.0,23.494528070497818,-14.0,0.23,-4.802389816515118,265711055.87,0.26,1624982400000.0,1.02,-13610941.0,10292419.0,1.95,5.941,12266.0,1.96,,635.08,百洋医药,25.428,,525624077.0,0,25.68,创业板
SZ300610,5.1172278283549755,,2.3164,11,1.25,False,0.01,1.891,165577628.0,10.55,2.59,21.056,-7.77,1746843975.0,,2237520804.0,1.422,100.0,5.926877603102733,84.72,0.29,4.40722664286497,31355822.0,0.13,1486915200000.0,0.33,-164210.0,2986800.0,1.11,1.891,12242.0,1.8,,43.99,晨化股份,32.249,,212087280.0,0,10.42,创业板
SZ300912,,,3.3369,11,-2.41,False,0.01,4.96,85949225.0,18.63,6.71,,12.91,1601234062.0,,2121673824.0,,100.0,-23.137601469164053,-64.08,0.49,-13.523149116305833,45841572.0,-0.46,1607270400000.0,-0.98,-2614676.0,2437200.0,1.11,4.96,12241.0,2.84,,257.72,凯龙高科,-19.062,,113884800.0,0,19.09,创业板
SZ300218,-12.82338894246029,,1.1885,11,0.0,False,0.01,1.839,216276394.0,12.56,2.79,19.4396,-21.17,2716431509.0,,2725356720.0,2.038,100.0,4.843252621178109,57.72,0.16,5.001374453321761,31240843.0,0.0,1305648000000.0,0.33,-428399.0,2489500.0,1.57,1.839,12241.0,1.15,,3.72,安利股份,38.165,,216987000.0,0,12.56,创业板
SZ301235,-7.7394303350853955,0.0,2.2338,11,-2.41,False,0.01,2.891,104218335.0,39.7,8.43,,7.97,4137467900.0,1790697600000.0,5528228057.0,0.378,100.0,6.124533857964759,-19.28,0.2,20.503083160598123,206181277.83,-0.98,1643299200000.0,0.81,-10770827.0,5052447.0,1.01,2.237,12223.0,4.85,,18.63,华康洁净,49.128,,139250077.0,0,40.68,创业板
SZ301150,137.42561827374854,0.0,1.8066,11,-2.9,False,0.01,3.466,303839006.0,39.8,8.25,24.9687,32.19,12092792439.0,1790697600000.0,12891375101.0,0.492,100.0,5.972863604009201,63.94,0.2,36.27354955951074,1167756145.35,-1.19,1650470400000.0,0.67,15234775.0,28481579.0,0.74,3.466,12221.0,9.37,,-24.62,中一科技,59.514,,323903897.0,0,40.99,创业板
SZ003038,-3.200706616846072,,0.2903,11,-0.56,False,0.01,0.934,162031348.0,10.63,3.55,,-32.72,1722393229.0,,2586336158.0,,100.0,-9.730265601656244,-14.66,0.0,12.107111435968164,27930460.18,-0.06,1612886400000.0,-1.16,-266423.0,2622669.0,1.01,0.935,12211.0,1.62,,44.03,鑫铂股份,-9.181,,243305377.0,0,10.69,深市主板
SZ300606,-30.19301665031001,,8.0804,11,-2.52,False,0.01,6.457,118922441.0,30.91,8.39,43.9144,32.14,3675892651.0,,4276331302.0,0.647,100.0,2.757923047193171,392.4,0.16,-3.1570578238327762,194470471.52,-0.8,1486483200000.0,0.13,-14599033.0,6148700.0,1.04,6.457,12189.0,5.17,,44.02,金太阳,232.99,,138347826.0,0,31.71,创业板
SZ300867,42.604363808962134,0.0,2.8642,11,1.02,False,0.01,1.122,191627822.0,16.88,2.33,5.4415,-11.06,3234677635.0,1790697600000.0,4586988975.0,0.545,100.0,8.394559550844164,-54.25,0.06,-1.8665436323881623,77592028.79,0.17,1598198400000.0,1.21,4765271.0,4608636.0,1.3,1.122,12179.0,2.4,,136.71,圣元环保,13.904,,271741053.0,0,16.71,创业板
SZ301039,-32.669635655141185,0.0,0.6421,11,0.42,False,0.01,0.964,1446957375.0,7.25,1.8,9.5281,-16.88,10490440969.0,1790697600000.0,13587402045.0,3.738,100.0,5.85868195246425,-58.7,0.14,-3.974013684831379,83930281.88,0.03,1625673600000.0,0.45,-7633129.0,11585915.0,1.07,0.964,12172.0,0.8,,128.88,中集车辆,16.274,,1874124420.0,0,7.22,创业板
SZ002692,,,0.7318,11,2.61,False,0.01,2.812,717861675.0,4.33,4.27,168.2039,-14.37,3108341053.0,,3109572180.0,0.462,100.0,-9.456434069903365,19.34,-0.23,8.248713389560347,58741452.0,0.11,1344355200000.0,-0.15,7221637.0,13549800.0,1.51,2.812,12149.0,1.89,,1.27,远程股份,-28.496,,718146000.0,0,4.22,深市主板
SZ001222,-20.931408925713825,,1.5729,11,-0.72,False,0.01,2.037,113555756.0,15.27,2.54,16.4212,-35.46,1733996394.0,,2914890300.0,,100.0,5.825280281811099,35.74,0.07,26.263603619661048,39341828.0,-0.11,1660752000000.0,0.43,2040698.0,2564280.0,0.75,2.037,12139.0,2.26,,43.98,源飞宠物,35.714,,190890000.0,0,15.38,深市主板
SZ300514,,,2.6837,11,1.67,False,0.01,1.996,160258325.0,10.32,3.15,12.8321,-17.04,1653865914.0,,2064000000.0,5.814,100.0,-0.003086520474725873,110.6,0.49,-12.3509093013641,34314964.0,0.17,1493136000000.0,0.0,3858821.0,3347600.0,1.06,1.996,12115.0,2.09,,43.97,友讯达,-62804.265,,200000000.0,0,10.15,创业板
SZ300587,,0.0,3.0694,11,2.25,False,0.01,2.59,1052612511.0,4.54,4.73,20.4896,-25.94,4778860800.0,1790697600000.0,5894140338.0,,100.0,-5.0882479251314034,110.65,0.0,16.530462780431442,130547883.6,0.1,1483545600000.0,-0.09,-18278558.0,28548490.0,0.8,2.59,12089.0,2.71,,44.01,天铁科技,-50.062,,1298268797.0,0,4.44,创业板
SZ001248,-19.62782176168799,,6.8303,11,0.09,False,0.01,1.333,1062403791.0,11.55,1.3,6.9333,14.24,12270763786.0,,153864628533.0,,100.0,4.596437718874013,-46.53,0.26,2.72763741805484,316535944.83,0.01,1782921600000.0,0.35,-11105257.0,27385439.0,1.04,1.101,12058.0,2.58,,136.89,华润新能源,32.649,,13321612860.0,0,11.54,深市主板
SZ300996,,,5.9332,11,-3.09,False,0.01,3.579,333142304.0,11.62,5.25,59.9545,-1.1,3871113572.0,,4599089119.0,0.611,100.0,5.38130733078532,-12.96,0.17,-5.640860887888122,130166643.13,-0.37,1622649600000.0,0.17,3405392.0,11094268.0,0.79,3.581,11991.0,3.33,,227.73,普联软件,67.302,,395790802.0,0,11.99,创业板
SZ002259,,,4.1592,11,2.79,False,0.01,8.231,752328267.0,5.15,5.79,257.4565,36.24,3874490575.0,,3874490575.0,,100.0,56.11051975671363,48.11,0.19,3.136632091575131,217968206.0,0.14,1216137600000.0,0.28,1678927.0,42015900.0,0.96,8.231,11959.0,5.58,,94.96,升达林业,18.696,,752328267.0,0,5.01,深市主板
SZ300797,17.819835967990528,0.0,3.8235,11,-1.0,False,0.01,3.639,381694384.0,12.88,3.38,20.6476,-23.18,4916223666.0,1790697600000.0,4926254945.0,1.002,100.0,13.405106956219981,275.97,-0.23,14.856185391227172,32785324.28,-0.13,1572537600000.0,0.46,-55962.0,2520262.0,0.77,3.642,11910.0,0.66,,44.0,钢研纳克,28.251,,382473210.0,0,13.01,创业板
SZ301000,7.399504419357794,0.0,6.3819,11,-3.45,False,0.01,4.252,229980856.0,22.68,5.11,48.9737,-41.99,5215965814.0,1790697600000.0,5524595254.0,0.97,100.0,11.127671601021238,5.09,0.53,14.612185872978479,57840832.74,-0.81,1622131200000.0,0.57,-7250089.0,2522359.0,1.0,4.246,11877.0,1.1,,46.18,肇民科技,39.713,,243588856.0,0,23.49,创业板
SZ300787,,,0.9983,11,-4.55,False,0.01,2.568,196532667.0,11.33,6.32,,-1.76,2226715117.0,,3551196117.0,1.765,100.0,0.03218388052719446,37.75,0.27,27.066048365074693,128416875.24,-0.54,1565798400000.0,0.0,2877838.0,11129484.0,1.37,2.568,11864.0,5.66,,44.02,海能实业,6873.761,,313433020.0,0,11.87,创业板
SZ300880,-34.91309673985131,,6.0526,11,-0.06,False,0.01,3.294,195137280.0,17.99,2.83,23.4396,3.04,3510519667.0,,3510519667.0,0.834,100.0,4.685908178623347,-45.62,0.28,-15.637500258373983,32982342.0,-0.01,1598889600000.0,0.25,-1634532.0,1826700.0,0.62,3.294,11848.0,0.94,,693.42,迦南智能,70.972,,195137280.0,0,18.0,创业板
SZ300214,,,1.2245,11,0.31,False,0.01,1.862,464902614.0,9.72,2.99,22.8226,45.51,4518853408.0,,4518853408.0,,100.0,-0.024381043320215012,52.46,0.31,12.810112168464771,130761654.0,0.03,1305043200000.0,0.0,555856.0,13419000.0,1.12,1.862,11817.0,2.89,,-5.0,日科化学,-7646.52,,464902614.0,0,9.69,创业板
SZ301517,,0.0,8.8551,11,-0.84,False,0.01,4.127,97544580.0,34.14,4.94,1394.8012,-50.86,3330171961.0,1790697600000.0,5163244153.0,,100.0,-6.998510031126537,-27.29,0.0,-13.465366035529758,86075964.35,-0.29,1697472000000.0,-0.6,-555777.0,2486785.0,0.67,4.127,11784.0,2.55,,176.14,陕西华达,-56.955,,151237380.0,0,34.43,创业板
SZ300069,,,11.8101,11,3.61,False,0.01,10.747,117000000.0,25.56,7.3,61.5629,48.17,2990520000.0,,2990520000.0,,100.0,-1.103669350803994,44.51,0.27,17.566689077143383,287679463.0,0.89,1271779200000.0,-0.03,28487601.0,11170600.0,2.39,10.747,11742.0,9.55,,47.11,金利华电,-968.382,,117000000.0,0,24.67,创业板
SZ301004,-19.70550027819864,0.0,2.4848,11,-3.59,False,0.01,2.611,136107375.0,33.88,5.04,10.98,-33.4,4611317865.0,1790697600000.0,4939916157.0,2.311,100.0,15.4680544124838,76.5,-0.03,-0.6865405757481624,62240227.0,-1.26,1624550400000.0,2.08,2583112.0,1804500.0,0.78,2.611,11731.0,1.33,,308.32,嘉益股份,16.313,,145806262.0,0,35.14,创业板
SZ300478,,,10.5699,11,5.21,False,0.01,75.552,126673000.0,32.3,11.95,94.983,0.0,4091537900.0,,4091537900.0,,100.0,-57.859188951881734,217.89,0.09,-0.5233153038082694,239719149.08,1.6,1433865600000.0,-0.26,13760533.0,7312997.0,1.77,75.556,11711.0,5.77,,44.0,杭州高新,-122.731,,126673000.0,0,30.7,创业板
SZ003020,-10.686299340332429,0.0,2.5708,11,-1.74,False,0.01,2.104,168548255.0,16.96,6.2,13.8853,-20.14,2858578405.0,1790697600000.0,3870587761.0,2.459,100.0,9.047392269784874,64.64,0.12,-8.594810379710182,52020879.4,-0.3,1607961600000.0,0.71,-1136400.0,3029500.0,0.95,2.103,11688.0,1.8,,44.01,立方制药,23.721,,228218618.0,0,17.26,深市主板
SZ300885,19.576251676922652,0.0,10.9193,11,-2.85,False,0.01,4.815,167017775.0,17.74,5.42,80.8841,-47.34,2962895328.0,1790697600000.0,4402212932.0,0.457,100.0,7.6828520658214865,-27.6,0.23,33.12295280161999,45799144.0,-0.52,1599667200000.0,0.28,130122.0,2549200.0,1.1,4.815,11674.0,1.53,,176.12,海昌新材,64.328,,248151800.0,0,18.26,创业板
SZ301046,,,9.1588,11,-4.47,False,0.01,4.89,130195030.0,31.66,12.4,,35.0,4121974650.0,,5337481200.0,1.267,100.0,-4.656913448838495,-30.15,0.96,-12.635762900044456,280857770.56,-1.48,1629129600000.0,-0.27,-7349716.0,8962491.0,1.77,4.89,11623.0,6.88,,524.1,能辉科技,-118.548,,168587530.0,0,33.14,创业板
SZ300943,-6.675665679102871,0.0,11.43,11,-0.88,False,0.01,6.33,134340287.0,31.5,4.85,168.6327,52.09,4231719041.0,1790697600000.0,6420330000.0,0.413,100.0,6.1317000611336585,67.54,0.22,6.754750435459633,206165623.59,-0.28,1612886400000.0,0.3,-1543691.0,6480777.0,0.61,6.33,11611.0,4.82,,269.77,春晖智控,105.219,,203820000.0,0,31.78,创业板
SZ002774,-36.5004437093117,,4.441,11,9.99,False,0.01,5.66,281771935.0,19.04,9.94,68.9888,110.28,5364937642.0,,6410537616.0,1.576,100.0,4.7747918928937745,239.69,0.0,-5.067067218673471,134655120.0,1.73,1490284800000.0,0.16,747087.0,7235100.0,0.7,5.66,11590.0,2.57,,43.93,快意电梯,116.073,,336687900.0,1,17.31,深市主板
SZ300539,5.118258999802516,0.0,4.7882,11,-2.76,False,0.01,3.953,218464737.0,16.92,4.66,62.8079,-59.5,3696423350.0,1790697600000.0,4546017581.0,1.123,100.0,5.342628567657594,441.35,0.3,11.248282944037392,91799717.0,-0.48,1472486400000.0,0.17,-1326155.0,5381100.0,0.77,3.945,11543.0,2.46,,43.95,横河精密,99.067,,268677162.0,0,17.4,创业板
SZ000668,,,6.806994060484738,11,0.0,False,0.01,3.73,146841890.0,18.69,,14.688752404602507,91.69,2744474924.0,,2808930735.0,0.835,100.0,3.7430895883048003,329.53,-0.05,54.054054232295435,0.0,0.0,850147200000.0,0.18,10514287.0,0.0,0.0,3.73,11504.0,0.0,,2180.0,荣丰控股,103.898,,150290569.0,0,18.69,深市主板
SZ300952,-28.05914308879347,0.0,3.1402,11,-2.37,False,0.01,2.238,148578225.0,16.1,4.79,19.9019,-44.68,2392109423.0,1790697600000.0,3885074498.0,0.925,100.0,4.263808280245924,-56.33,0.06,8.491353227307652,52955239.87,-0.39,1615392000000.0,0.28,1820999.0,3251705.0,0.76,2.241,11490.0,2.19,,456.74,恒辉安防,56.986,,241308975.0,0,16.49,创业板
SZ301025,,,11.1475,11,-1.2,False,0.01,6.295,277150740.0,9.85,3.61,90.9837,0.99,2729934789.0,,3943047590.0,0.152,100.0,2.158111055514466,-28.04,0.31,-6.155036054128315,97741745.92,-0.12,1626624000000.0,0.03,940004.0,9885498.0,0.94,6.295,11453.0,3.57,,1942.58,读客文化,290.732,,400309400.0,0,9.97,创业板
SZ002919,,0.0,2.585,11,5.84,False,0.01,5.565,264208190.0,16.5,7.89,35.1065,-28.06,4359435135.0,1790697600000.0,4391245089.0,0.303,100.0,-2.2000940895658956,241.38,-0.18,5.20197874839603,126384999.17,0.91,1513526400000.0,-0.07,15513687.0,7678358.0,2.07,5.565,11442.0,2.91,,44.03,名臣健康,-246.388,,266136066.0,0,15.59,深市主板
SZ300664,-16.724540332519677,,2.0888,11,1.08,False,0.01,0.795,725179886.0,4.67,3.46,16.8196,-11.09,3386590068.0,,3515857750.0,2.099,100.0,3.3347951341531687,-26.03,0.43,-6.217110661464353,45297822.83,0.05,1515081600000.0,0.2,1428333.0,9718199.0,1.92,0.795,11428.0,1.34,,44.03,鹏鹞环保,23.913,,752860332.0,0,4.62,创业板
SZ300968,474.8525636468786,0.0,2.6035,11,-2.8,False,0.01,2.212,413380000.0,9.37,5.91,,-37.07,3873370600.0,1790697600000.0,3873370600.0,,100.0,-5.3079695718895135,-60.31,-0.11,15.32450634156226,50275388.66,-0.27,1618416000000.0,-0.23,-4839911.0,5291888.0,1.3,2.212,11380.0,1.28,,217.47,格林精密,-40.187,,413380000.0,0,9.64,创业板
SZ300942,-14.422860257798165,,9.3412,11,-2.11,False,0.01,3.017,405077895.0,6.51,3.91,43.2163,-30.56,2637057096.0,,2637057096.0,0.384,100.0,-0.9575638375097453,-84.56,0.0,6.757659822954731,32369422.29,-0.14,1612800000000.0,-0.02,92686.0,4939893.0,1.35,3.245,11359.0,1.22,,578.72,易瑞生物,-316.836,,405077895.0,0,6.65,创业板
SZ300791,-22.74421099464663,0.0,1.3048,11,-1.74,False,0.01,1.939,257499743.0,18.09,2.82,9.2394,-29.52,4658170351.0,1790697600000.0,5575802406.0,0.719,100.0,4.582823989223231,15.5,-0.22,6.153942786560362,41881199.28,-0.32,1569340800000.0,0.42,1800680.0,2304200.0,1.49,1.939,11312.0,0.89,,44.0,仙乐健康,43.447,,308225672.0,0,18.41,创业板
SZ300882,-35.17304373033605,0.0,2.5602,11,-0.08,False,0.01,2.974,266327030.0,13.15,2.58,16.7331,-29.11,3502200445.0,1790697600000.0,3763545622.0,1.521,100.0,6.3254241429316505,-55.08,-0.08,11.945736575877053,16162856.0,-0.01,1599667200000.0,0.28,1079069.0,1222100.0,1.06,2.974,11310.0,0.46,,266.21,万胜智能,47.427,,286201188.0,0,13.16,创业板
SZ301348,-44.27309102359025,0.0,6.3212,11,-3.23,False,0.01,3.395,193478581.0,20.94,6.01,36.58,3.71,4051441486.0,1790697600000.0,5025600000.0,,100.0,-1.568289988339921,-50.93,0.38,6.372834539386685,113643672.0,-0.7,1691596800000.0,-0.1,-8248344.0,5356400.0,0.91,3.395,11306.0,2.77,,207.41,蓝箭电子,-214.779,,240000000.0,0,21.64,创业板
SZ003033,5.93381872202996,0.0,3.3513,11,-2.26,False,0.01,4.712,80970938.0,82.22,6.85,20.1692,5.45,6657430522.0,1790697600000.0,6721485000.0,0.608,100.0,11.418925232410917,219.81,-0.19,6.440173490294332,137236322.0,-1.9,1610294400000.0,1.91,4124555.0,1642300.0,0.67,4.712,11304.0,2.03,,43.99,征和工业,43.026,,81750000.0,0,84.12,深市主板
SZ301327,,0.0,1.5521,11,0.89,False,0.01,1.199,142773075.0,41.92,1.93,,-27.31,5985047304.0,1790697600000.0,7310066444.0,,100.0,-1.548071628230841,-66.31,-0.17,34.09276730145585,42060706.78,0.37,1663516800000.0,-0.55,5417078.0,999563.0,1.45,1.199,11302.0,0.7,,-11.37,华宝新能,-76.901,,174381356.0,0,41.55,创业板
SZ300927,303.34320051977005,,2.2441,11,-0.69,False,0.01,3.87,140888930.0,27.38,3.88,39.3628,17.83,3857538903.0,,3952576800.0,0.274,100.0,7.97191368984694,12.43,0.81,40.8922960891255,247020926.59,-0.19,1609948800000.0,0.54,1563288.0,8959850.0,1.19,3.87,11265.0,6.36,,207.92,江天化学,50.247,,144360000.0,0,27.57,创业板
SZ300281,,,6.4462,11,-1.58,False,0.01,2.317,397325912.0,6.87,3.58,55.511,-15.67,2729629015.0,,2878004995.0,0.582,100.0,-0.24079955677067838,99.54,0.15,0.0004784007820113345,52444861.1,-0.11,1325088000000.0,-0.01,-6335420.0,7628710.0,1.13,2.317,11238.0,1.92,,-15.76,金明精机,-954.75,,418923580.0,0,6.98,创业板
SZ301213,97.29382193699972,0.0,22.0303,11,-3.13,False,0.01,5.849,72395468.0,41.12,5.56,130.4313,-16.5,2976901644.0,1790697600000.0,4605439918.0,0.173,100.0,1.2931063810318888,-12.54,0.15,32.96713442118624,65787334.18,-1.33,1638720000000.0,0.09,1771315.0,1578446.0,0.63,5.849,11237.0,2.18,,85.08,观想科技,452.909,,111999998.0,0,42.45,创业板
SZ301117,,,10.0816,11,-3.15,False,0.01,1.769,115854985.0,11.7,4.64,,-69.24,1355503325.0,,2115781996.0,,100.0,-9.195313203847293,-64.33,0.34,-21.74282556464525,41013427.9,-0.38,1642348800000.0,-0.64,714635.0,3470154.0,0.7,1.769,11211.0,3.0,,75.19,ST佳缘,-18.288,,180836068.0,0,12.08,创业板
SZ301398,,0.0,8.3366,11,-3.16,False,0.01,3.996,109182244.0,36.8,11.63,,-31.73,4017906579.0,1790697600000.0,4121654979.0,0.408,100.0,-5.1115147672567085,51.39,-0.14,18.22378158914082,190312037.79,-1.2,1671033600000.0,-0.49,14914396.0,5018050.0,3.37,3.996,11194.0,4.6,,19.59,星源卓镁,-74.883,,112001494.0,0,38.0,创业板
SZ301137,-0.7464618060291639,0.0,2.9053,11,1.81,False,0.01,3.977,181813400.0,30.32,4.47,197.8588,-35.36,5512582288.0,1790697600000.0,5512582288.0,0.28,100.0,3.194839794477653,19.41,0.1,8.838466083943919,91425586.09,0.54,1647878400000.0,0.24,1110537.0,2991855.0,1.65,3.977,11149.0,1.65,,54.0,哈焊华通,125.837,,181813400.0,0,29.78,创业板
SZ002899,-19.08331317684312,,2.4434,11,-2.7,False,0.01,1.69,147796976.0,19.85,7.35,45.6854,-27.23,2933769974.0,,2933769974.0,0.413,100.0,3.169467528750141,6.23,0.0,11.066271492447278,92189967.18,-0.55,1505404800000.0,0.37,-13549035.0,4541200.0,1.28,1.69,11087.0,3.07,,43.99,英派斯,53.533,,147796976.0,0,20.4,深市主板
SZ001316,42.325790523548456,0.0,3.2488,11,-3.1,False,0.01,3.159,150367978.0,26.61,5.9,17.4117,-3.71,4001291895.0,1790697600000.0,4288509857.0,2.484,100.0,16.839844069822696,61.04,0.04,21.58596301785074,79692160.67,-0.85,1656000000000.0,1.36,-6482481.0,2942386.0,1.05,3.159,11070.0,1.96,,44.01,润贝航科,19.627,,161161588.0,0,27.46,深市主板
SZ300848,-14.911160517388256,0.0,2.3215,11,0.0,False,0.01,3.039,253122512.0,10.92,2.38,,-30.76,2764097831.0,1790697600000.0,4672532887.0,0.458,100.0,4.483952763185841,93.47,0.0,16.412324788945497,21021969.3,0.0,1595174400000.0,0.16,-2183622.0,1922130.0,0.49,3.039,11061.0,0.76,,44.0,美瑞新材,68.06,,427887627.0,0,10.92,创业板
SZ001331,-47.527245446289065,0.0,3.056,11,-1.21,False,0.01,10.888,285834150.0,38.5,8.24,461.9632,20.65,11004614775.0,1790697600000.0,15756048000.0,0.106,100.0,-1.4497674698070402,317.19,3.69,-0.27926146259240614,227164449.05,-0.47,1662566400000.0,-0.05,-16500644.0,5969234.0,0.67,10.888,11060.0,2.09,,43.99,胜通能源,-736.895,,409248000.0,0,38.97,深市主板
SZ002949,-17.48036128860423,,2.4854,11,-1.9,False,0.01,1.732,151925636.0,12.89,3.88,9.2878,-15.82,1958321448.0,,2527572851.0,1.552,100.0,5.847892521500637,24.06,0.08,-18.019475840347443,64683189.0,-0.25,1551110400000.0,0.46,2397624.0,4980900.0,0.77,1.732,11041.0,3.28,,43.96,华阳国际,27.894,,196087886.0,0,13.14,深市主板
SZ003004,,,11.7929,11,-3.8,False,0.01,6.869,68742853.0,57.93,5.73,,158.62,3982273474.0,,4742374453.0,,100.0,-2.285755141653284,146.84,-0.09,22.267034039586854,76728894.0,-2.29,1606320000000.0,-0.2,3703795.0,1303700.0,0.67,7.65,11020.0,1.9,,43.98,声迅股份,-296.304,,81863878.0,0,60.22,深市主板
SZ300518,19.865977464724914,,41.7463,11,-2.04,False,0.01,8.192,199376476.0,25.4,5.75,,45.14,5064162490.0,,5065054030.0,,100.0,-21.400051307028086,88.56,-0.12,-22.093328836238623,133136327.6,-0.53,1466697600000.0,-0.74,-8002878.0,5235020.0,0.65,8.192,11015.0,2.63,,44.01,新迅达,-34.198,,199411576.0,0,25.93,创业板
SZ301363,-0.5777811983551207,0.0,7.1763,11,-5.35,False,0.01,3.315,522030341.0,15.38,8.25,30.1458,-9.8,8028826645.0,1790697600000.0,12241969876.0,1.3,100.0,8.044101207743214,-12.58,0.2,10.481647478779777,202462644.62,-0.87,1665504000000.0,0.37,-26930238.0,12842998.0,0.99,3.315,10986.0,2.46,,20.74,美好医疗,41.767,,795966832.0,0,16.25,创业板
SZ002988,-16.77044376425334,0.0,0.9573,11,3.26,False,0.01,2.884,249804496.0,31.95,6.33,52.0251,-13.18,7981253647.0,1790697600000.0,7981253647.0,,100.0,3.9060874793298983,155.96,0.47,14.523847316338244,189772011.8,1.01,1589731200000.0,0.43,2449465.0,6092958.0,1.57,2.923,10953.0,2.44,,43.97,豪美新材,74.146,,249804496.0,0,30.94,深市主板
SZ301141,-35.24683330505067,0.0,5.2904,11,-0.79,False,0.01,3.451,79302605.0,35.05,4.05,,-32.62,2779556305.0,1790697600000.0,4347342805.0,0.571,100.0,1.6242405953090007,21.23,-0.57,23.557538300932702,48176739.8,-0.28,1680451200000.0,0.17,-1097467.0,1355316.0,0.81,3.451,10900.0,1.71,,5.83,中科磁业,211.951,,124032605.0,0,35.33,创业板
SZ300575,-6.716846722617998,,1.0105,11,0.0,False,0.01,1.457,346321716.0,6.11,2.45,6.1773,4.8,2116025685.0,,2924157100.0,,100.0,-3.987560169478346,53.88,0.16,9.191329541734783,58535088.82,0.0,1482163200000.0,-0.17,-1680638.0,9604512.0,0.7,1.457,10874.0,2.77,,44.01,中旗股份,-36.205,,478585450.0,0,6.11,创业板
SZ002868,,0.0,7.3045,11,-0.85,False,0.01,48.431,107433221.0,22.11,3.63,,-34.41,2375348516.0,1790697600000.0,3436244156.0,,100.0,1215.2943345754438,67.11,-0.27,-4.9447236445002485,43311757.0,-0.19,1493740800000.0,-0.47,-2540779.0,1932100.0,1.07,48.434,10854.0,1.8,,44.01,绿康生化,-46.83,,155415837.0,0,22.3,深市主板
SZ300592,25.645817521969015,0.0,0.8284,11,-2.26,False,0.01,2.987,343886124.0,18.15,5.39,7.6771,69.51,6241533151.0,1790697600000.0,7100812321.0,1.355,100.0,11.654094836894915,326.45,0.5,7.079721184477439,180812128.9,-0.42,1484841600000.0,0.7,-2402432.0,9979310.0,0.88,2.987,10854.0,2.9,,43.95,华凯易佰,25.824,,391229329.0,0,18.57,创业板
SZ300933,,,1.0953,11,-1.52,False,0.01,1.657,547090454.0,6.46,5.03,,-22.07,3534204333.0,,3534204333.0,,100.0,-0.30842736381517305,-46.33,0.31,8.508334948003782,57691305.1,-0.1,1611244800000.0,-0.01,-2219060.0,8804202.0,1.22,1.657,10835.0,1.61,,284.57,中辰股份,-597.796,,547090454.0,0,6.56,创业板
SZ002485,177.84402531875995,,6.6675,11,0.84,False,0.01,3.265,544000000.0,6.03,2.17,,43.57,3280320000.0,,3280320000.0,,100.0,-17.710443990744974,-33.88,0.33,-20.693235444113355,14035876.0,0.05,1287072000000.0,-0.36,1419219.0,2349800.0,1.19,3.265,10822.0,0.43,,1.5,ST雪发,-16.789,,544000000.0,0,5.98,深市主板
SZ300982,-62.673318712044136,,3.1911,11,-0.07,False,0.01,1.04,193897146.0,14.32,2.79,10.9379,-29.07,2776607131.0,,2963740891.0,,100.0,-2.524273645152399,-55.7,-0.07,-37.10593894313351,24630222.0,-0.01,1619452800000.0,-0.35,603668.0,1706520.0,1.1,1.039,10784.0,0.88,,127.29,苏文电能,-40.488,,206965146.0,0,14.33,创业板
SZ300636,-33.82935952214233,,3.8012,11,0.14,False,0.01,1.257,367310277.0,7.1,2.12,18.0295,-4.9,2607902967.0,,2981655615.0,0.563,100.0,1.658717674730932,48.79,0.14,0.9471747111052142,32507030.0,0.01,1490889600000.0,0.09,-621046.0,4571800.0,0.95,1.256,10752.0,1.24,,44.02,同和药业,76.109,,419951495.0,0,7.09,创业板
SZ300798,,,3.0107,11,-3.25,False,0.01,2.181,405703586.0,8.34,6.26,47.6833,17.3,3383567907.0,,4112889256.0,,100.0,-2.079079601595968,27.73,0.48,17.956051931693473,212611280.0,-0.28,1574352000000.0,-0.08,-2444250.0,25144825.0,1.04,2.181,10749.0,6.2,,43.94,锦鸡股份,-109.406,,493152189.0,0,8.62,创业板
SZ301079,2.1929236495171534,,9.9356,11,-0.64,False,0.01,6.232,76933412.0,27.73,5.63,78.4984,-12.22,2133363515.0,,3007532964.0,0.072,100.0,1.5114742504614238,21.42,0.29,5.729522662863817,200892566.8,-0.18,1634572800000.0,0.07,-982767.0,7105180.0,1.53,6.259,10748.0,9.24,,170.05,邵阳液压,412.995,,108457734.0,0,27.91,创业板
SZ301291,-30.343162876701825,0.0,1.9482,11,3.17,False,0.01,2.235,166312433.0,37.12,4.22,37.2192,-9.71,6173517513.0,1790697600000.0,11675846479.0,1.212,100.0,7.386584032931699,11.03,0.38,0.7697236097282012,269928921.04,1.14,1688054400000.0,1.17,15692077.0,7395263.0,1.1,2.234,10747.0,4.45,,-14.5,明阳电气,31.637,,314543278.0,0,35.98,创业板
SZ300605,184.35121582188293,,6.038,11,-0.38,False,0.01,3.973,126382950.0,10.47,3.14,,-33.1,1323229487.0,,1729058989.0,,100.0,-14.149058568556574,85.19,0.38,-26.61317461069529,49000642.0,-0.04,1486483200000.0,-0.4,-2636159.0,4671400.0,0.76,4.195,10742.0,3.7,,44.04,恒锋信息,-26.325,,165144125.0,0,10.51,创业板
SZ301110,58.29666043137893,0.0,2.978,11,-4.07,False,0.01,2.832,91032271.0,33.92,6.02,31.2635,-27.76,3087814632.0,1790697600000.0,4394317887.0,0.843,100.0,10.605715385399929,-16.69,0.03,16.85069972601452,85642414.88,-1.44,1646928000000.0,1.22,-13217855.0,2476420.0,1.03,2.832,10715.0,2.72,,25.2,青木科技,27.791,,129549466.0,0,35.36,创业板
SZ002811,,,3.1359,11,-1.41,False,0.01,3.44,283063289.0,16.73,3.06,19.0637,14.95,4735648825.0,,5152338184.0,1.745,100.0,11.406531399411172,77.77,0.3,21.334549864971898,221556314.33,-0.24,1473264000000.0,0.54,-19073347.0,13175899.0,0.81,3.44,10709.0,4.65,,44.03,郑中设计,30.772,,307970005.0,0,16.97,深市主板
SZ300817,15.969140655816227,,3.4762,11,-2.21,False,0.01,3.48,126133578.0,16.8,3.9,61.6749,-19.79,2119044110.0,,3667410432.0,1.357,100.0,7.4738767812219535,116.39,0.0,16.143687382955775,81139057.25,-0.38,1581955200000.0,0.36,-54255.0,4800631.0,0.77,3.48,10663.0,3.81,,43.98,双飞集团,47.281,,218298240.0,0,17.18,创业板
SZ300670,,,10.2314,11,-0.83,False,0.01,5.166,224694226.0,7.18,4.42,19.4422,0.98,1613304543.0,,2275489039.0,,100.0,-30.433839179399957,49.91,0.28,-21.807540845975836,69775106.0,-0.06,1499011200000.0,-0.5,-313793.0,9592950.0,0.76,5.166,10626.0,4.27,,44.01,大烨智能,-14.401,,316920479.0,0,7.24,创业板
SZ300549,-30.751935922955344,,6.305,11,-0.27,False,0.01,3.611,102054725.0,14.83,2.76,25.7952,-21.14,1513471572.0,,1977432200.0,0.337,100.0,1.2157900481011679,61.74,-0.13,-2.982981335783008,26716076.0,-0.04,1475164800000.0,0.05,1361381.0,1791100.0,0.96,3.611,10616.0,1.76,,43.98,优德精密,297.026,,133340000.0,0,14.87,创业板
SZ300816,98.89493103782681,0.0,3.6028,11,-2.16,False,0.01,4.678,58365334.0,57.1,5.89,,18.73,3332660571.0,1790697600000.0,4568000000.0,0.165,100.0,9.708612811449987,139.06,-0.26,11.998039385523086,118608527.0,-1.26,1581264000000.0,1.12,2515498.0,2042500.0,0.9,4.678,10591.0,3.5,,43.98,艾可蓝,50.784,,80000000.0,0,58.36,创业板
SZ002981,-55.3078554786643,,1.7161,11,-5.42,False,0.01,2.872,121584101.0,21.97,8.65,18.8917,-22.61,2671202699.0,,3000194969.0,0.765,100.0,2.7476485962051114,54.24,-0.09,5.346016952111876,98914168.4,-1.26,1587052800000.0,0.21,-4839430.0,4472090.0,0.9,2.872,10578.0,3.68,,44.0,朝阳科技,104.4,,136558715.0,0,23.23,深市主板
SZ003016,-18.998243806595873,,2.0546,11,1.08,False,0.01,1.159,410882842.0,7.5,2.43,10.2126,-22.6,3081621315.0,,3153912090.0,,100.0,1.733828594705667,-18.98,0.4,-3.210793583422711,28026370.0,0.08,1603641600000.0,0.11,-976794.0,3759500.0,0.83,1.159,10577.0,0.91,,44.05,欣贺股份,67.337,,420521612.0,0,7.42,深市主板
SZ001205,-7.206338536303026,,1.7843,11,0.69,False,0.01,1.26,166484329.0,14.54,2.7,6.4579,-14.11,2420682144.0,,2733571472.0,1.018,100.0,5.895107438096576,6.19,0.28,8.7692500175365,66730983.0,0.1,1620835200000.0,0.68,-9784962.0,4559800.0,2.08,1.26,10501.0,2.74,,44.01,盛航股份,21.523,,188003540.0,0,14.44,深市主板
SZ003019,0.18929817426853734,0.0,1.742,11,-1.76,False,0.01,2.661,172928134.0,25.62,4.26,,-22.54,4430418793.0,1790697600000.0,4524264853.0,1.956,100.0,10.56758282376457,34.37,0.2,16.877063401917436,73115225.72,-0.46,1605542400000.0,0.99,-1174611.0,2842005.0,1.02,2.666,10498.0,1.64,,44.02,宸展光电,25.934,,176591134.0,0,26.08,深市主板
SZ300873,-50.83447704533053,0.0,2.245,11,-2.14,False,0.01,1.444,233927998.0,14.2,7.51,7.6274,-8.79,3321777572.0,1790697600000.0,4575909246.0,1.655,100.0,4.841860913325453,-29.67,0.14,6.422114034795645,155886681.0,-0.31,1598198400000.0,0.47,-4843043.0,10800235.0,0.77,1.444,10450.0,4.62,,88.77,海晨股份,30.318,,322247130.0,0,14.51,创业板
SZ300689,-24.358667642278043,0.0,15.5532,11,2.4,False,0.01,10.248,101743924.0,61.87,8.59,854.1027,37.77,6294896578.0,1790697600000.0,7152172000.0,0.073,100.0,1.0422353076973945,522.56,0.28,8.556913658170217,304208911.39,1.45,1502208000000.0,0.06,27069603.0,4854872.0,1.09,10.248,10434.0,4.77,,43.99,澄天伟业,989.775,,115600000.0,0,60.42,创业板
SZ002817,-5.2992712338260635,,5.0107,11,0.29,False,0.01,2.094,290361795.0,6.82,2.5,16.5331,-9.62,1980267442.0,,2039849519.0,1.261,100.0,6.222008076529361,51.91,0.15,-8.050825669633078,31209488.72,0.02,1477324800000.0,0.2,1113237.0,4558595.0,1.23,2.094,10427.0,1.57,,44.02,黄山胶囊,34.242,,299098170.0,0,6.8,深市主板
SZ301026,42.378614105175295,,0.7592,11,4.73,False,0.01,2.494,160032800.0,19.48,7.1,,-2.64,3117438944.0,,4316448158.0,1.468,100.0,14.420749324666938,-64.35,0.05,51.246122092158394,125819328.38,0.88,1626364800000.0,1.06,14484715.0,6469392.0,2.52,2.494,10418.0,4.04,,440.49,浩通科技,18.296,,221583581.0,0,18.6,创业板
SZ003002,-19.187547980953834,0.0,3.0024,11,-0.45,False,0.01,2.419,182955875.0,15.54,3.27,32.3279,-51.55,2843134298.0,1790697600000.0,3773132420.0,1.062,100.0,9.0992360936591,71.81,0.0,-3.100020817514315,54787241.72,-0.07,1600704000000.0,0.56,1662512.0,3499597.0,0.62,1.768,10413.0,1.91,,44.04,壶化股份,27.659,,242801314.0,0,15.61,深市主板
SZ001296,-12.018010760976349,,2.4234,11,-0.62,False,0.01,1.582,80982751.0,19.27,3.35,22.8619,-25.91,1560537612.0,,2882620227.0,2.06,100.0,5.917156058529401,23.16,0.21,6.686381229408589,26030891.0,-0.12,1640275200000.0,0.7,471988.0,1342600.0,0.51,1.582,10398.0,1.66,,44.01,长江材料,27.369,,149591086.0,0,19.39,深市主板
SZ300950,-18.756521413619087,,5.5469,11,-2.01,False,0.01,3.665,97636775.0,19.46,3.47,40.7227,-14.0,1900011642.0,,2989912240.0,1.028,100.0,6.85366512758851,-49.16,0.41,19.587136452783383,27897526.0,-0.4,1614700800000.0,0.35,-518710.0,1426100.0,0.57,3.665,10336.0,1.46,,629.96,德固特,55.302,,153644000.0,0,19.86,创业板
SZ301162,33.10396857917537,0.0,8.8803,11,-3.81,False,0.01,4.103,121218016.0,35.59,5.41,56.27,-1.73,4314149189.0,1790697600000.0,6645584355.0,1.349,100.0,11.110674184084267,75.65,0.11,19.914817220929027,55221266.09,-1.41,1651161600000.0,0.83,-7448335.0,1525208.0,1.24,4.102,10311.0,1.26,,40.93,国能日新,43.041,,186726169.0,0,37.0,创业板
SZ002836,19.951740052595724,,5.7312,11,-3.63,False,0.01,7.463,230400000.0,11.68,4.04,48.959,-20.74,2691072000.0,,2691072000.0,1.678,100.0,10.110047609206166,322.3,-0.26,42.24996614277386,103499843.66,-0.44,1482940800000.0,0.16,2543771.0,8747363.0,0.43,7.463,10301.0,3.8,,44.0,新宏泽,75.162,,230400000.0,0,12.12,深市主板
SZ301201,,0.0,9.6331,11,-2.1,False,0.01,2.203,108544304.0,29.85,5.48,85.744,-26.27,3240047474.0,1790697600000.0,4618207646.0,0.657,100.0,-1.0558419493266402,-36.19,0.64,11.158858866918763,191546494.56,-0.64,1642608000000.0,-0.15,-4106820.0,6383012.0,0.64,2.203,10280.0,5.88,,76.85,诚达药业,-205.707,,154713824.0,0,30.49,创业板
SZ002871,-1.5380822301102381,,5.9114,11,-1.59,False,0.01,3.782,148441753.0,16.71,5.01,17.2159,-5.61,2480461693.0,,4208477750.0,2.388,100.0,12.747125620978231,229.61,-0.06,10.693278651880501,34022543.11,-0.27,1494432000000.0,0.49,538036.0,2015188.0,0.69,3.782,10218.0,1.36,,43.99,伟隆股份,33.829,,251853845.0,0,16.98,深市主板
SZ301073,5.225969381230633,0.0,4.7773,11,-3.53,False,0.01,3.644,178179500.0,16.65,4.4,11.7217,-35.75,2966688675.0,1790697600000.0,3237609916.0,0.601,100.0,2.8724453861122825,28.01,0.18,8.529716482422355,63520406.74,-0.61,1632931200000.0,0.14,3413230.0,3793153.0,0.88,3.644,10210.0,2.13,,133.99,君亭酒店,122.55,,194451046.0,0,17.26,创业板
SZ301591,-12.271217945381697,,9.5643,11,-1.82,False,0.01,4.619,44694748.0,39.28,7.22,72.4867,26.29,1755609701.0,,4295503680.0,0.321,100.0,6.201694140424429,-34.88,-0.1,6.0449145377879265,197130622.16,-0.73,1709049600000.0,0.52,-3599376.0,4920836.0,0.72,4.619,10190.0,11.01,,258.62,肯特股份,76.131,,109356000.0,0,40.01,创业板
SZ002816,,,6.8734,11,-2.33,False,0.01,9.529,100000000.0,21.35,3.93,278.991,-4.98,2135000000.0,,2135000000.0,,100.0,6.786045845297284,101.63,-0.05,54.179327979828514,20427947.34,-0.51,1477324800000.0,0.15,102796.0,944313.0,0.63,9.529,10177.0,0.94,,44.03,*ST和科,145.181,,100000000.0,0,21.86,深市主板
SZ200028,-13.527295201748945,,0.086,11,-0.42,False,0.01,0.332,78486408.0,11.93,0.5,59.829,3.6,936342847.0,,7303803497.0,5.381,100.0,5.8159295722520845,,-0.08,-1.3971267796643483,500464.42,-0.05,744825600000.0,2.06,0.0,41922.0,0.84,0.331,10131.0,0.05,,,一致B,5.797,,612221584.0,0,11.98,B股
SZ300976,67.87421505194277,0.0,2.8495,11,-4.62,False,0.01,2.719,120375683.0,53.43,7.94,24.9234,25.09,6431672743.0,1790697600000.0,9998459821.0,0.928,100.0,8.78652698951166,-19.8,0.43,40.97529239877016,230844200.39,-2.59,1618761600000.0,1.67,-7449307.0,4251642.0,1.11,2.719,10114.0,3.53,,37.5,达瑞电子,31.989,,187131945.0,0,56.02,创业板
SZ300557,23.180304463794023,,4.9005,11,-0.63,False,0.01,3.67,156152391.0,23.66,4.66,45.2539,-12.38,3694565571.0,,3717654182.0,0.651,100.0,4.694330113418144,226.62,0.6,10.190620485485603,45135651.39,-0.15,1477929600000.0,0.3,-427383.0,1894888.0,0.99,3.67,10110.0,1.21,,44.0,理工光科,79.432,,157128241.0,0,23.81,创业板
SZ002802,2.8730342626168692,,5.4423,11,1.86,False,0.01,3.503,149682457.0,12.59,6.72,37.0465,1.96,1884502134.0,,2281885755.0,1.247,100.0,7.57536077490805,135.06,0.0,6.094948620907625,48046324.85,0.23,1467129600000.0,0.27,5291024.0,3801401.0,1.93,3.503,10102.0,2.54,,44.01,洪汇新材,46.997,,181245890.0,0,12.36,深市主板
SZ300512,-11.086268404551635,,2.3773,11,-0.94,False,0.01,1.836,326330671.0,7.37,2.69,16.7641,-22.35,2405057045.0,,3016079454.0,0.271,100.0,1.7995907164792289,0.65,-0.14,11.148422208643606,25950957.0,-0.07,1464192000000.0,0.07,699836.0,3498500.0,0.89,1.836,10064.0,1.07,,44.0,中亚股份,102.913,,409237375.0,0,7.44,创业板
SZ301566,19.415782818567685,0.0,22.0919,11,-3.07,False,0.01,5.723,215909842.0,22.76,7.58,69.9041,17.25,4914108004.0,1790697600000.0,9104227600.0,0.132,100.0,12.58490492845108,-23.42,0.18,9.570494859380263,308143987.12,-0.72,1703779200000.0,0.47,-1047696.0,13233230.0,0.68,5.722,10034.0,6.13,,225.73,达利凯普,48.154,,400010000.0,0,23.48,创业板
SZ301176,,,3.8771,11,-1.5,False,0.01,5.783,164053609.0,51.29,7.07,,103.77,8414309606.0,,8671429350.0,,100.0,-1.456445167797789,118.73,0.27,31.573891163335578,377375936.31,-0.78,1664294400000.0,-0.13,-1635036.0,7185078.0,0.46,5.783,9982.0,4.38,,-7.87,逸豪新材,-394.201,,169066667.0,0,52.07,创业板
SZ301226,-45.72953962892489,,7.7213,11,0.44,False,0.01,4.375,108800000.0,36.55,5.06,62.3786,7.59,3976640000.0,,3976640000.0,0.164,100.0,0.6071251341905121,16.74,-0.03,-3.551613722689273,118042437.58,0.16,1648137600000.0,0.05,12766748.0,3179020.0,0.79,4.375,9976.0,2.92,,63.92,祥明智能,720.013,,108800000.0,0,36.39,创业板
SZ301159,-12.713549497632936,,6.1587,11,-0.82,False,0.01,3.863,53014976.0,31.38,3.32,64.3522,-14.66,1663609947.0,,2427243000.0,,100.0,5.330499960527579,-44.59,0.9,9.753618361660399,37329207.0,-0.26,1641484800000.0,0.42,-1249326.0,1190800.0,0.84,3.863,9942.0,2.25,,98.48,三维天地,74.268,,77350000.0,0,31.64,创业板
SZ002942,,,2.3413,11,1.52,False,0.01,2.103,138758083.0,17.32,4.75,16.7643,-7.67,2403289998.0,,2692926070.0,2.309,100.0,8.569429357885094,49.99,0.17,13.069923860146826,140894128.4,0.26,1543939200000.0,0.69,-11581939.0,8137247.0,2.52,2.103,9918.0,5.86,,44.03,新农股份,25.164,,155480720.0,0,17.06,深市主板
SZ300650,-14.754547522966666,,0.9394,11,-3.26,False,0.01,1.963,170345341.0,11.59,5.59,,-29.83,1974302502.0,,2797856968.0,0.293,100.0,2.519493233256066,89.94,-0.09,7.585276784746098,52693722.0,-0.39,1493740800000.0,0.14,-2570042.0,4473500.0,0.75,1.963,9910.0,2.63,,44.01,太龙股份,82.795,,241402672.0,0,11.98,创业板
SZ301261,3.38352936853048,0.0,4.1328,11,-3.09,False,0.01,3.277,104579485.0,50.85,6.02,108.1757,-40.29,5317866812.0,1790697600000.0,5363059750.0,0.802,100.0,7.937814359828711,46.55,0.32,19.631314254731702,88828054.8,-1.62,1688918400000.0,1.2,-408474.0,1725956.0,1.31,3.277,9880.0,1.65,,35.5,恒工精密,42.303,,105468235.0,0,52.47,创业板
SZ001300,,,7.0446,11,10.02,False,0.01,3.475,243775914.0,13.51,10.99,508.0246,-12.56,3293412598.0,,3293412598.0,,100.0,-9.848166681027053,1.37,0.0,12.740245647433412,113204255.0,1.23,1666108800000.0,-0.4,-22360283.0,8573900.0,2.65,3.475,9869.0,3.52,,43.96,三柏硕,-33.487,,243775914.0,1,12.28,深市主板
SZ300515,69.61660706320012,,4.6515,11,-0.68,False,0.01,3.511,202077775.0,16.02,2.91,14.5701,-16.44,3237285956.0,,3296187090.0,2.434,100.0,24.022918383784848,255.12,0.0,19.320957680600692,79071677.15,-0.11,1465315200000.0,1.02,-16230359.0,4909100.0,0.9,3.511,9868.0,2.43,,43.99,三德科技,15.704,,205754500.0,0,16.13,创业板
SZ301038,17.33474873892733,0.0,4.7886,11,3.33,False,0.01,4.303,223080000.0,17.7,6.95,103.4375,-24.14,3948516000.0,1790697600000.0,3948516000.0,0.469,100.0,7.2089833558762795,13.3,0.4,4.6553824163984014,113862372.0,0.57,1628006400000.0,0.29,15627413.0,6454600.0,1.74,4.303,9830.0,2.89,,257.34,深水规院,61.219,,223080000.0,0,17.13,创业板
SZ301600,-11.281833008597664,0.0,7.06,11,-0.9,False,0.01,6.245,32258500.0,73.43,3.33,33.7329,-43.15,2368741655.0,1790697600000.0,7675160605.0,1.362,100.0,9.643131564088025,67.27,0.01,15.1194745341233,47844863.6,-0.67,1725984000000.0,1.13,-163485.0,645098.0,0.78,6.245,9820.0,2.0,,53.69,慧翰股份,65.114,,104523500.0,0,74.1,创业板
SZ300795,,,5.2781,11,-1.64,False,0.01,6.552,174192356.0,12.6,7.81,481.3824,-5.81,2194823686.0,,3766062762.0,1.571,100.0,18.752755551589473,141.92,1.61,-12.862434733272321,166626702.3,-0.21,1571673600000.0,0.36,-14552244.0,13173290.0,0.75,6.552,9818.0,7.56,,44.01,米奥会展,35.392,,298893870.0,0,12.81,创业板
SZ300837,-28.43875550877084,,3.6253,11,-0.27,False,0.01,1.555,75594262.0,22.27,3.85,206.9997,-33.86,1683484215.0,,2227150590.0,1.347,100.0,4.19165810838705,1.96,0.04,-0.19429860031733304,30967668.0,-0.06,1591286400000.0,0.6,-2677311.0,1384800.0,1.1,1.609,9815.0,1.83,,44.0,浙矿股份,37.364,,100006762.0,0,22.33,创业板
SZ301153,-52.96892827071677,0.0,6.9509,11,-1.65,False,0.01,3.278,331752348.0,16.7,3.83,34.8256,-31.92,5540264212.0,1790697600000.0,5939597484.0,0.952,100.0,7.668096533294445,-9.99,-0.12,-8.653725926825917,64301843.0,-0.28,1652803200000.0,0.38,-2038085.0,3809200.0,1.61,3.278,9813.0,1.15,,58.34,中科江南,44.21,,355664520.0,0,16.98,创业板
SZ001313,79.64502159146132,0.0,0.6521,11,-1.12,False,0.01,1.899,699145051.0,7.08,2.51,67.5721,-3.28,4949946961.0,1790697600000.0,4956000000.0,,100.0,2.3881943725222743,13.11,0.14,10.181403015112167,61053719.45,-0.08,1644940800000.0,0.09,-9080994.0,8592205.0,1.18,1.899,9802.0,1.23,,44.05,粤海饲料,79.914,,700000000.0,0,7.16,深市主板
SZ300371,-37.73895888742306,,4.7246,11,-0.3,False,0.01,1.754,139995662.0,10.09,4.05,13.1169,-18.99,1412556230.0,,2030282517.0,0.981,100.0,3.519570143463228,1.95,1.0,-6.3889230023574495,20438888.48,-0.03,1390406400000.0,0.2,-2904961.0,2028938.0,1.0,1.754,9794.0,1.45,,45.22,汇中股份,50.19,,201217296.0,0,10.12,创业板
SZ301248,,0.0,8.9372,11,-3.56,False,0.01,5.164,112328700.0,51.16,7.69,19.8742,58.98,5746736292.0,1790697600000.0,7863547800.0,,100.0,-0.5453901924096856,73.88,0.1,2.7931499166262697,168388614.75,-1.89,1650384000000.0,-0.05,8068451.0,3227170.0,0.92,5.164,9719.0,2.87,,9.42,杰创智能,-945.64,,153705000.0,0,53.05,创业板
SZ300951,,0.0,8.8194,11,-3.39,False,0.01,6.185,151390417.0,79.11,5.14,72.0611,133.96,11976495889.0,1790697600000.0,13401281229.0,0.757,100.0,0.661678021982945,10.32,0.06,-0.10863859676025767,376515971.68,-2.78,1614268800000.0,0.09,10313126.0,4682416.0,0.89,6.185,9716.0,3.09,,79.84,博硕科技,913.357,,169400597.0,0,81.89,创业板
SZ300961,164.06715551035407,,5.8486,11,-2.23,False,0.01,4.015,153106301.0,11.84,4.79,75.2929,-17.26,1812778604.0,,2098995200.0,,100.0,-34.63245783034183,-71.01,0.08,-10.359665882861846,62731152.0,-0.27,1617033600000.0,-1.24,-5029453.0,5219700.0,1.08,4.015,9716.0,3.41,,483.02,深水海纳,-9.585,,177280000.0,0,12.11,创业板
SZ300778,8.865458036775319,,15.9081,11,-0.9,False,0.01,1.874,203602009.0,10.95,2.99,,-21.11,2229441999.0,,2230073080.0,,100.0,-3.6928979033021503,-23.92,0.18,-22.45509187182193,40838224.54,-0.1,1557417600000.0,-0.22,1921372.0,3709374.0,0.79,1.874,9712.0,1.82,,44.02,新城市,-49.236,,203659642.0,0,11.05,创业板
SZ301218,,,12.7782,11,-2.51,False,0.01,8.55,71703161.0,68.0,11.76,,187.65,4875814948.0,,7754720000.0,,100.0,-3.2320012018118627,65.28,0.16,4.5356517253804185,1507330014.18,-1.75,1646582400000.0,-0.26,39615162.0,21775333.0,1.22,8.549,9691.0,30.37,,80.23,华是科技,-261.842,,114040000.0,0,69.75,创业板
SZ301311,,0.0,2.5911,11,-5.13,False,0.01,2.475,240000000.0,17.38,6.39,11.1789,-7.16,4171200000.0,1790697600000.0,4171200000.0,,100.0,-7.167244341734748,-20.38,0.0,-14.863394848589662,346124084.35,-0.94,1669737600000.0,-0.52,31634216.0,19772958.0,0.69,2.475,9683.0,8.24,,44.16,昆船智能,-33.336,,240000000.0,0,18.32,创业板
SZ301061,14.441237931767969,0.0,3.4181,11,-4.85,False,0.01,2.557,189235116.0,39.21,6.77,15.8477,-45.13,7419908898.0,1790697600000.0,11151230719.0,2.257,100.0,17.713678596666515,48.6,-0.1,17.8452695148724,82344998.3,-2.0,1631462400000.0,2.58,3510468.0,2062275.0,0.63,2.557,9667.0,1.09,,18.52,匠心家居,15.21,,284397621.0,0,41.21,创业板
SZ300553,-66.87550133086425,,19.7888,11,-5.55,False,0.01,6.985,85089212.0,53.22,10.31,191.4542,31.87,4528447863.0,,5908753001.0,0.094,100.0,-0.3087181772229163,446.94,0.0,4.285873794475825,244262306.33,-3.13,1476979200000.0,-0.02,1205418.0,4444350.0,1.06,6.991,9666.0,5.22,,44.03,集智股份,-2263.302,,111025047.0,0,56.35,创业板
SZ301509,-36.6096993855639,,6.0916,11,-2.85,False,0.01,1.72,56740928.0,30.36,5.66,26.1161,-7.34,1722654574.0,,3656760871.0,2.964,100.0,2.9446471394921234,-34.44,0.3,-9.538144048015829,81491618.6,-0.89,1690992000000.0,0.53,573253.0,2663080.0,0.77,1.719,9646.0,4.69,,28.22,金凯生科,57.751,,120446669.0,0,31.25,创业板
SZ300732,,,1.3119,11,-0.51,False,0.01,0.785,370248562.0,5.85,2.21,8.9452,-22.0,2165954088.0,,2167776421.0,,100.0,-6.790326374644219,-41.89,0.34,-11.281811831665067,27128279.0,-0.03,1513008000000.0,-0.49,263152.0,4629100.0,1.09,0.785,9645.0,1.25,,43.99,设研院,-11.931,,370560072.0,0,5.88,创业板
SZ300928,48.030173808398736,,2.4909,11,-1.19,False,0.01,1.945,54586014.0,23.98,5.56,,-23.02,1308972616.0,,1918400000.0,,100.0,-11.85715401344815,-75.77,0.5,-13.893036296282968,48372430.0,-0.29,1609862400000.0,-1.56,-1683283.0,2007000.0,1.15,1.945,9633.0,3.68,,128.73,华安鑫创,-15.395,,80000000.0,0,24.27,创业板
SZ301179,-0.665000991012854,0.0,6.3028,11,-0.41,False,0.01,3.168,237475029.0,19.55,3.87,47.5434,24.79,4642636817.0,1790697600000.0,7906167974.0,0.967,100.0,7.157678191558427,6.68,0.15,8.653273319703114,46487039.6,-0.08,1638892800000.0,0.43,1759073.0,2350357.0,0.93,3.168,9599.0,0.99,,32.92,泽宇智能,45.606,,404407569.0,0,19.63,创业板
SZ300652,-17.544318113063905,0.0,3.6423,11,-2.51,False,0.01,2.306,119476378.0,26.77,4.99,432.7391,-51.09,3198382639.0,1790697600000.0,3570865612.0,0.374,100.0,6.320778183292034,85.67,0.34,11.746368267836594,64085383.43,-0.69,1494864000000.0,0.71,-2727312.0,2369582.0,0.56,2.305,9598.0,1.98,,44.02,雷迪克,37.508,,133390572.0,0,27.46,创业板
SZ300922,-10.29204790248751,,15.5412,11,0.59,False,0.01,2.771,126226109.0,17.02,4.79,31.8689,-24.93,2148368375.0,,2737707508.0,1.175,100.0,3.674294062712298,-40.0,0.47,-9.484031000437787,91398085.97,0.1,1608825600000.0,0.22,-7062533.0,5341143.0,1.21,2.771,9578.0,4.23,,132.4,天秦装备,78.304,,160852380.0,0,16.92,创业板
SZ002973,-41.25245294904369,0.0,1.5099,11,7.51,False,0.01,2.001,317653078.0,12.46,9.15,9.4042,-7.92,3957957352.0,1790697600000.0,5091974622.0,0.803,100.0,4.033979590428214,90.53,0.48,-7.2129454531248305,178694630.0,0.87,1578240000000.0,0.25,-2946098.0,14316000.0,2.1,2.001,9513.0,4.51,,44.08,侨银股份,49.555,,408665700.0,0,11.59,深市主板
SZ300962,-11.573410531391392,,9.4671,11,1.63,False,0.01,3.311,264001897.0,13.12,2.17,19.08,-18.56,3463704889.0,,3463704889.0,0.686,100.0,9.320760701865657,-45.23,0.0,2.1759385515996987,33631390.0,0.21,1617897600000.0,0.36,-3479114.0,2571800.0,1.6,3.311,9481.0,0.97,,920.59,中金辐照,36.758,,264001897.0,0,12.91,创业板
SZ001359,10.34914609443991,0.0,15.077,11,2.12,False,0.01,9.532,60290782.0,81.59,5.82,102.8158,50.07,4919124903.0,1790697600000.0,19675764161.0,0.571,100.0,11.633541269366845,251.74,0.16,15.563983930979308,268263146.87,1.69,1711555200000.0,0.96,5983810.0,3261892.0,1.47,9.532,9470.0,5.41,,90.4,平安电工,85.143,,241154114.0,0,79.9,深市主板
SZ300940,,0.0,4.3047,11,-2.62,False,0.01,2.466,157481672.0,13.01,5.91,57.1925,-54.29,2048836553.0,1790697600000.0,2896603280.0,,100.0,1.938392002715194,-65.67,-0.08,5.705821951153789,38724024.09,-0.35,1612281600000.0,0.1,600370.0,2916968.0,1.14,2.466,9435.0,1.85,,730.96,南极光,128.445,,222644372.0,0,13.36,创业板
SZ300597,,,4.6286,11,-0.5,False,0.01,2.334,271552238.0,7.95,3.38,,-13.96,2158840292.0,,2166931739.0,,100.0,-8.74199002195534,21.55,0.25,-5.816948023966184,28440930.0,-0.04,1485100800000.0,-0.3,-1813726.0,3569900.0,1.11,2.333,9434.0,1.31,,43.94,吉大通信,-26.278,,272570030.0,0,7.99,创业板
SZ300956,23.918773836719033,,1.1202,11,-1.52,False,0.01,1.799,210452395.0,11.01,4.83,7.5437,-33.37,2317080869.0,,2371858537.0,0.908,100.0,-1.8631104526650792,-61.07,0.18,10.354663167910672,42518425.4,-0.17,1616688000000.0,-0.12,-1643329.0,3802616.0,1.14,1.799,9391.0,1.81,,243.81,英力股份,-94.7,,215427660.0,0,11.18,创业板
SZ200581,-11.513792506900112,,0.8455,11,0.23,False,0.01,0.542,172380000.0,13.08,0.92,7.5649,-1.77,2254730400.0,,12645556864.0,8.807,100.0,6.054159599116071,4749.83,0.0,7.363321257953204,4542046.9,0.03,810748800000.0,1.46,-396528.0,348030.0,1.5,0.54,9373.0,0.2,,12.2,苏威孚B,8.981,,966785693.0,0,13.05,B股
SZ300891,,,1.6555,11,-1.3,False,0.01,2.48,333474365.0,7.59,3.25,7.8931,-13.75,2531070430.0,,3036064060.0,,100.0,-4.563171286305369,-67.74,-0.13,5.486511876064504,37767097.0,-0.1,1600272000000.0,-0.15,-3917117.0,4945100.0,1.0,2.48,9362.0,1.48,,527.47,惠云钛业,-50.39,,400008440.0,0,7.69,创业板
SZ300154,-5.690259620973159,,6.6164,11,-0.88,False,0.01,3.56,315372926.0,13.56,5.99,50.4354,40.5,4276456877.0,,6095968526.0,1.475,100.0,5.488279914887917,97.47,0.07,-6.324598375585754,129471320.0,-0.12,1293552000000.0,0.21,-3226036.0,9519600.0,0.79,3.56,9358.0,3.02,,3.12,瑞凌股份,64.284,,449555201.0,0,13.68,创业板
SZ300991,,0.0,5.3915,11,-4.56,False,0.01,5.811,105106500.0,24.89,7.94,85.7633,-40.99,2616100785.0,1790697600000.0,3584160000.0,,100.0,-3.1014564491099383,-27.36,0.44,4.418139209922378,93936744.02,-1.19,1621440000000.0,-0.13,-2521275.0,3717242.0,0.9,5.811,9326.0,3.54,,295.79,创益通,-184.502,,144000000.0,0,26.08,创业板
SZ300822,-39.10659574320875,0.0,4.5272,11,-1.42,False,0.01,2.8,288982037.0,11.07,4.19,87.8179,-30.94,3199031150.0,1790697600000.0,3448705734.0,0.271,100.0,0.8207292890785698,20.25,0.0,-7.644469797414899,26330743.0,-0.16,1584028800000.0,0.03,471853.0,2350500.0,1.09,2.8,9322.0,0.81,,44.0,贝仕达克,339.409,,311536200.0,0,11.23,创业板
SZ300521,44.92472205961313,,17.3575,11,-3.82,False,0.01,6.716,147730000.0,23.42,5.34,,-17.82,3459836600.0,,3506676600.0,,100.0,-3.59524450528146,215.67,0.17,10.41999241966083,64494062.0,-0.93,1467648000000.0,-0.12,-3207580.0,2722400.0,1.29,6.716,9300.0,1.84,,43.96,爱司凯,-195.184,,149730000.0,0,24.35,创业板
SZ300536,161.24295100837287,,11.227,11,-1.12,False,0.01,8.756,293266871.0,7.98,4.46,,10.07,2340269631.0,,2340439301.0,,100.0,-62.69596858031895,135.15,0.63,62.89353981173398,47391310.0,-0.09,1474300800000.0,-0.83,-2998429.0,5895000.0,1.3,8.756,9299.0,2.01,,44.04,农尚环境,-9.583,,293288133.0,0,8.07,创业板
SZ301315,-29.8893383395595,,19.4522,11,-1.31,False,0.01,3.685,80800000.0,42.26,3.13,62.5453,-25.55,3414608000.0,,3718880000.0,0.71,100.0,2.3726269403181215,-23.67,-0.24,-14.322979216159904,69375251.0,-0.56,1687276800000.0,0.27,6626354.0,1629800.0,0.73,3.685,9293.0,2.02,,78.69,威士顿,155.111,,88000000.0,0,42.82,创业板
SZ301008,-6.5182295262724015,,5.5107,11,-5.29,False,0.01,4.118,115640734.0,48.9,6.82,139.9943,41.9,5654831893.0,,6404102143.0,0.057,100.0,3.3600359063715985,9.82,-0.04,10.05989782997423,411360383.62,-2.73,1623340800000.0,0.39,-27935434.0,8244304.0,0.66,4.118,9279.0,7.13,,93.27,宏昌科技,125.59,,130963234.0,0,51.63,创业板
SZ300949,-25.615625482585315,,4.9398,11,1.42,False,0.01,3.817,49736542.0,24.24,3.97,,-10.34,1205613778.0,,2108880000.0,,100.0,-19.345574841190935,-68.05,0.96,-4.418866305272207,25635241.7,0.34,1614268800000.0,-1.36,-2480025.0,1056801.0,1.27,3.817,9263.0,2.12,,101.0,奥雅股份,-17.773,,87000000.0,0,23.9,创业板
SZ301349,88.62382327002058,0.0,4.081,11,-0.98,False,0.01,2.179,86673237.0,42.48,7.09,,27.1,3681879108.0,1790697600000.0,6053335430.0,0.501,100.0,3.6229400672760135,-45.93,0.19,25.933176096498144,127938866.82,-0.42,1662652800000.0,0.7,9728911.0,2940558.0,1.03,2.179,9108.0,3.39,,15.5,信德新材,61.003,,142498480.0,0,42.9,创业板
SZ003041,-41.775130008421336,0.0,5.5175,11,-1.44,False,0.01,3.721,136816688.0,38.36,5.11,33.9489,-29.39,5248288152.0,1790697600000.0,5523840000.0,,100.0,3.6741268009560533,180.21,0.0,2.5862638049912734,72425105.0,-0.56,1617638400000.0,0.38,-5053708.0,1859000.0,0.82,3.721,9090.0,1.36,,44.0,真爱美家,101.168,,144000000.0,0,38.92,深市主板
SZ301206,12.704811559968299,0.0,6.6878,11,0.48,False,0.01,1.214,130283123.0,25.13,2.4,53.7863,-2.43,3274014881.0,1790697600000.0,5084444841.0,4.918,100.0,1.985266311057882,-70.29,0.0,20.58083235970052,126285315.27,0.12,1644422400000.0,0.42,8352727.0,5005398.0,1.22,1.213,9056.0,3.84,,17.12,三元生物,60.295,,202325700.0,0,25.01,创业板
SZ001266,,,4.7211,11,4.15,False,0.01,4.477,58147647.0,41.62,9.33,23.576,6.38,2420105068.0,,4313982172.0,0.706,100.0,4.465983096973492,32.16,1.34,42.16491315794797,573437155.34,1.66,1645977600000.0,0.41,-45204493.0,13852699.0,1.95,4.477,9055.0,23.82,,44.0,宏英智能,101.212,,103651662.0,0,39.96,深市主板
SZ003011,7.798112560443804,,1.7308,11,0.25,False,0.01,1.464,78088556.0,19.78,4.05,8.6256,-8.76,1544591638.0,,2030931280.0,1.502,100.0,5.107444731390203,-31.91,0.3,-10.65126866580355,46618125.4,0.05,1601395200000.0,0.7,2053177.0,2340580.0,0.71,1.464,9046.0,3.0,,43.99,海象新材,28.266,,102676000.0,0,19.73,深市主板
SZ301520,-87.98421559891794,,29.3722,11,-4.56,False,0.01,4.222,34938443.0,67.81,6.71,,140.57,2369175820.0,,6317950803.0,0.314,100.0,0.6503794486629075,44.73,0.09,-21.735060979449226,737780239.95,-3.24,1695571200000.0,0.1,16586518.799999997,10670506.0,0.8,4.222,9018.0,30.54,,9.02,万邦医药,647.262,,93171373.0,0,71.05,创业板
SZ301299,9.367499945643676,,7.1724,11,-2.89,False,0.01,4.554,45859658.0,43.76,4.17,24.6064,-18.13,2006818634.0,,2654596251.0,3.195,100.0,11.361669122878013,-3.09,0.02,10.77004108410009,80260834.0,-1.3,1666108800000.0,1.1,6461166.0,1817600.0,1.57,4.554,9014.0,3.96,,62.35,卓创资讯,39.643,,60662620.0,0,45.06,创业板
SZ001308,-31.399951972082242,0.0,0.8508,11,-2.0,False,0.01,1.593,527325325.0,17.67,2.83,,-11.11,9317838493.0,1790697600000.0,12441293112.0,5.433,100.0,5.51587279050704,-41.27,-0.11,3.216321404426137,25075815.37,-0.36,1647532800000.0,0.62,-2172713.0,1405543.0,0.92,1.593,9011.0,0.27,,27.74,康冠科技,28.536,,704091291.0,0,18.03,深市主板
SZ001306,-15.462240628562462,0.0,4.2114,11,-2.99,False,0.01,2.71,15817962.0,54.13,4.46,294.9493,-39.18,856226283.0,1790697600000.0,3406265575.0,,100.0,-7.002609133531075,-47.13,0.0,17.162886091374375,36938793.04,-1.67,1700064000000.0,-1.44,-942903.0,675472.0,0.75,2.71,8920.0,4.27,,106.02,夏厦精密,-37.61,,62927500.0,0,55.8,深市主板
SZ300321,,,7.4175,11,-4.09,False,0.01,4.33,88721907.0,30.96,12.17,59.5643,-31.56,2746830241.0,,2749248000.0,0.123,100.0,1.1417957733853958,180.16,0.29,1.3060873014674401,204246307.0,-1.32,1337702400000.0,0.08,19653171.0,6640902.0,2.43,4.33,8914.0,7.49,,4.78,同大股份,380.36,,88800000.0,0,32.28,创业板
SZ001328,15.121273200678198,0.0,2.8617,11,-3.48,False,0.01,3.564,161716900.0,30.5,4.59,22.7481,-20.45,4932365450.0,1790697600000.0,5251300900.0,2.787,100.0,13.683313320367569,-18.87,0.23,12.499513281494723,43147923.17,-1.1,1681056000000.0,1.15,-1480393.6799999997,1405152.0,1.09,3.564,8901.0,0.87,,173.89,登康口腔,26.616,,172173800.0,0,31.6,深市主板
SZ001391,18.36144788054788,0.0,1.9449,11,1.56,False,0.01,1.784,7291506299.0,3.9,1.82,11.4177,-32.72,28436874566.0,1790697600000.0,47614636778.0,2.231,100.0,8.668699430905955,-59.8,0.0,20.701227556659173,105061114.92,0.06,1735488000000.0,0.19,17735432.0,27083953.0,1.32,1.784,8881.0,0.37,,304.35,国货航,21.048,,12208881225.0,0,3.84,深市主板
SZ003003,2.80417198490972,,1.996,11,0.72,False,0.01,1.536,118041388.0,11.26,2.59,13.7634,-13.13,1329146029.0,,1989867200.0,1.75,100.0,4.372496516231309,-4.05,0.09,-11.821239372629877,36658693.0,0.08,1600617600000.0,0.32,-3688518.0,3257500.0,0.95,1.536,8876.0,2.76,,44.04,天元股份,35.419,,176720000.0,0,11.18,深市主板
SZ001399,8.156088891147139,,3.5835,11,-3.53,False,0.01,4.42,430566731.0,20.52,5.36,14.6724,102.77,8835229320.0,,151997841883.0,0.439,100.0,12.16405839597915,-35.06,0.1,7.227093324579981,365913766.18,-0.75,1782403200000.0,0.47,-22716279.0,17497803.0,0.7,3.57,8876.0,4.06,,315.02,惠科股份,43.466,,7407302236.0,0,21.27,深市主板
SZ300959,-45.45812514902162,0.0,15.4011,11,-2.21,False,0.01,6.1,59338113.0,83.73,6.35,63.9291,-11.58,4968380201.0,1790697600000.0,6729195894.0,,100.0,-2.3166755418609695,-29.0,0.16,-39.19410512094199,163533277.96,-1.89,1616342400000.0,-0.32,-7580636.0,1920960.0,0.81,6.1,8854.0,3.24,,191.46,线上线下,-260.264,,80367800.0,0,85.62,创业板
SZ300987,-43.723813927293264,,8.1318,11,-1.89,False,0.01,3.095,173368000.0,14.02,3.15,20.5689,-15.84,2430619360.0,,2430619360.0,0.82,100.0,2.338197510349587,-57.61,0.07,6.06540478101647,64276180.93,-0.27,1620662400000.0,0.11,824327.0,4565184.0,0.57,3.095,8847.0,2.63,,655.38,川网传媒,130.46,,173368000.0,0,14.29,创业板
SZ301132,-8.868336906515795,0.0,5.2315,11,-2.97,False,0.01,5.315,94740742.0,64.64,8.17,110.2312,96.09,6124041563.0,1790697600000.0,9572295135.0,0.65,100.0,5.604477544526005,35.3,0.23,18.848389972545544,624201723.36,-1.98,1660060800000.0,0.68,-10212426.0,9517372.0,0.62,5.314,8839.0,10.05,,67.28,满坤科技,95.517,,148086249.0,0,66.62,创业板
SZ301326,0.9933115718123497,0.0,4.4802,11,-3.24,False,0.01,5.458,72074913.0,90.5,12.34,39.4084,-17.09,6522779627.0,1790697600000.0,6580230384.0,,100.0,-4.537336112250687,96.33,0.4,38.35154508439187,143618835.0,-3.03,1663689600000.0,-0.76,7223176.0,1528400.0,1.2,5.458,8833.0,2.12,,-3.52,捷邦科技,-118.606,,72709728.0,0,93.53,创业板
SZ300818,,0.0,3.1385,11,-0.38,False,0.01,1.828,142132206.0,15.64,3.5,38.8506,-45.93,2222947702.0,1790697600000.0,3431535943.0,0.953,100.0,2.6874310017727927,74.82,-0.19,9.011745131604542,70259900.6,-0.06,1581436800000.0,0.22,6622702.0,4513390.0,1.67,1.922,8768.0,3.18,,43.99,耐普矿机,69.991,,219407669.0,0,15.7,创业板
SZ301216,57.58090157839657,0.0,0.5863,11,2.52,False,0.01,1.508,544610776.0,17.11,3.36,19.5281,2.26,9318290377.0,1790697600000.0,9927296582.0,0.877,100.0,11.355012183680339,-10.04,0.29,1.2700936603845525,264743263.56,0.42,1648483200000.0,1.16,9339018.0,15547770.0,1.37,1.513,8726.0,2.85,,-10.85,万凯新材,14.699,,580204359.0,0,16.69,创业板
SZ301428,,,2.5765,11,-2.66,False,0.01,2.132,69627455.0,26.31,4.18,,-21.56,1831898341.0,,2595920009.0,,100.0,-3.366246451971807,-36.3,0.38,-3.536448680733073,46356299.0,-0.72,1684425600000.0,-0.42,-8559289.0,1742600.0,0.83,2.132,8721.0,2.5,,76.09,世纪恒通,-62.206,,98666667.0,0,27.03,创业板
SZ300774,,0.0,3.955,11,-1.15,False,0.01,2.663,204077476.0,9.49,3.85,21.291,-49.96,1936695247.0,1790697600000.0,3879167133.0,0.263,100.0,1.062780081523551,-48.91,0.21,12.95326808757662,48965564.31,-0.11,1628006400000.0,0.04,-2814402.0,5123637.0,0.84,2.663,8716.0,2.51,,289.28,倍杰特,251.049,,408763660.0,0,9.6,创业板
SZ301335,-25.60332229590845,,0.9772,11,-3.38,False,0.01,1.579,88390447.0,24.04,5.67,17.6529,-16.27,2124906346.0,,3072261516.0,0.399,100.0,2.1453705315934863,-20.73,-0.04,17.444095029134775,66116896.0,-0.84,1668700800000.0,0.32,-4693481.0,2700800.0,1.17,1.579,8703.0,3.06,,-10.2,天元宠物,74.022,,127797900.0,0,24.88,创业板
SZ301596,-0.13973864885516996,0.0,6.6112,11,-4.04,False,0.01,5.115,43841758.0,42.98,5.2,78.8368,-23.27,1884318759.0,1790697600000.0,4643190432.0,0.333,100.0,11.446117676264128,21.24,0.23,9.135244681793363,51433433.0,-1.81,1715529600000.0,0.93,1632393.0,1182050.0,0.89,5.115,8696.0,2.7,,167.79,瑞迪智驱,46.119,,108031420.0,0,44.79,创业板
SZ301082,6.521295094993262,,1.4684,11,1.89,False,0.01,2.743,272707852.0,9.69,4.31,16.7907,-29.3,2642539086.0,,2850816663.0,0.64,100.0,4.268233493116445,-21.24,0.1,-7.4268121883061085,55119341.4,0.18,1635264000000.0,0.15,2195927.0,5676820.0,1.64,2.743,8692.0,2.08,,69.32,久盛电气,64.365,,294201926.0,0,9.51,创业板
SZ301662,-30.694596373091933,0.0,3.9672,11,3.44,False,0.01,5.838,44592018.0,76.43,8.69,19.5868,-7.47,3408167936.0,1790697600000.0,8865880000.0,0.542,100.0,6.70647999531057,56.11,0.09,-6.951184210547101,624612742.05,2.54,1744819200000.0,0.86,32600246.0,8187208.0,1.89,5.838,8672.0,18.36,,165.08,宏工科技,88.568,,116000000.0,0,73.89,创业板
SZ002830,5.462620656156747,,3.9226,11,0.47,False,0.01,4.197,92834500.0,14.95,2.96,25.9451,7.84,1387875775.0,,2779145200.0,0.943,100.0,6.635935554629559,136.45,0.47,-3.0918849368894774,37596245.2,0.07,1481558400000.0,0.23,-2687978.0,2527540.0,1.11,4.197,8669.0,2.72,,43.98,名雕股份,64.075,,185896000.0,0,14.88,深市主板
SZ001282,-21.510578608113697,,2.2573,11,-0.66,False,0.01,2.244,152727200.0,16.64,3.22,75.5941,-21.63,2541380608.0,,3697168384.0,0.931,100.0,4.794990097331824,15.7,-0.12,9.748328082769998,77495634.8,-0.11,1684857600000.0,0.35,-2367241.0,4648192.0,0.92,2.244,8629.0,3.04,,7.95,三联锻造,47.493,,222185600.0,0,16.75,深市主板
SZ301111,-61.03641324460639,,11.0615,11,-1.13,False,0.01,4.518,159999025.0,21.06,4.88,197.079,10.87,3369579467.0,,3369600000.0,0.237,100.0,0.7927503376889935,-28.24,0.48,0.21446007815391077,84386023.76,-0.24,1638806400000.0,0.04,-664652.0,3977384.0,1.02,4.518,8620.0,2.49,,214.69,粤万年青,568.633,,160000000.0,0,21.3,创业板
SZ003017,31.465561062780733,,2.078,11,0.66,False,0.01,1.96,83481084.0,22.78,1.68,23.3442,-6.16,1901699094.0,,2296224000.0,2.414,100.0,9.485859184317441,25.41,0.0,8.369881420067916,44602863.0,0.15,1603641600000.0,1.06,1550841.0,1956180.0,1.26,1.96,8619.0,2.34,,43.99,大洋生物,21.497,,100800000.0,0,22.63,深市主板
SZ301017,-15.170047477194847,0.0,0.5417,11,-3.17,False,0.01,2.917,258695100.0,14.37,5.46,8.2236,-2.27,3717448587.0,1790697600000.0,5828574386.0,0.313,100.0,4.977618147115258,-56.48,0.0,6.945465413255669,209925363.58,-0.47,1625414400000.0,0.26,-12868679.0,14434937.0,1.33,2.917,8613.0,5.58,,233.52,漱玉平民,56.175,,405607125.0,0,14.84,创业板
SZ300668,,,8.0661,11,-0.77,False,0.01,4.501,99693862.0,29.68,5.08,,1.71,2958913824.0,,3572916183.0,,100.0,2.0974603534798155,220.31,-0.27,-26.50669752830733,94936201.64,-0.23,1497801600000.0,0.14,2283734.0,3161264.0,1.04,4.501,8600.0,3.17,,43.98,杰恩股份,218.469,,120381273.0,0,29.91,创业板
SZ301066,-0.2518996787189698,,3.7874,11,0.0,False,0.01,2.253,233116669.0,12.3,3.66,76.1423,-37.27,2867335029.0,,2889554265.0,0.407,100.0,3.472283443938258,-19.57,-0.16,5.352514082306792,38967811.6,0.0,1632240000000.0,0.14,894688.0,3140400.0,0.71,2.253,8568.0,1.35,,285.5,万事利,84.994,,234923111.0,0,12.3,创业板
SZ301267,-11.840906074262902,0.0,3.0225,11,-0.66,False,0.01,2.334,648444383.0,15.06,2.37,13.6854,-15.29,9765572408.0,1790697600000.0,12650400000.0,1.713,100.0,7.999182690481106,-66.5,-0.07,1.7598207036535918,49097943.74,-0.1,1667750400000.0,0.54,-212717.0,3244008.0,1.1,2.334,8568.0,0.5,,37.78,华厦眼科,28.071,,840000000.0,0,15.16,创业板
SZ200761,46.16951131477134,,0.0729,11,-1.09,False,0.01,0.63,400000000.0,0.91,2.17,,-24.79,364000000.0,,3738634993.0,,100.0,-57.06071896848466,32.36,0.0,-10.210447224051933,117008.0,-0.01,868291200000.0,-1.27,0.0,128800.0,0.51,0.627,8547.0,0.03,,0.0,本钢板B,-0.718,,4108390102.0,0,0.92,B股
SZ300948,,,17.6948,11,-2.76,False,0.01,2.827,155156158.0,17.28,5.85,,-20.33,2681098410.0,,2840496682.0,,100.0,-5.869294434035905,-52.06,0.76,-22.927276303261436,38142457.24,-0.49,1614182400000.0,-0.32,1371236.0,2186550.0,0.5,2.862,8508.0,1.41,,451.46,冠中生态,-53.485,,164380595.0,0,17.77,创业板
SZ301187,-46.728157293600816,0.0,1.5891,11,-1.92,False,0.01,2.696,254933525.0,15.32,4.74,,-42.45,3905581603.0,1790697600000.0,3905581603.0,1.305,100.0,1.254807420659775,24.48,0.26,35.95453563994968,50480700.23,-0.3,1650556800000.0,0.07,3740306.0,3262200.0,0.73,2.695,8463.0,1.28,,32.21,欧圣电气,210.651,,254933525.0,0,15.62,创业板
SZ301379,-15.733895062516435,0.0,2.7197,11,-3.51,False,0.01,3.546,218679702.0,18.42,6.39,131.6371,-0.1,4028080111.0,1790697600000.0,5111213246.0,0.765,100.0,7.207426877536559,68.21,0.49,16.04720785480247,160021604.87,-0.67,1667232000000.0,0.37,-82560.0,8562033.0,1.11,3.534,8457.0,3.92,,1.87,天山电子,50.427,,277481718.0,0,19.09,创业板
SZ300916,-54.286586050638896,0.0,2.5073,11,-0.34,False,0.01,2.917,102681906.0,26.72,4.25,21.3845,-17.5,2743660528.0,1790697600000.0,3864887867.0,1.123,100.0,3.8218174708631523,-48.76,0.26,12.870534655391141,71574946.16,-0.09,1606838400000.0,0.35,1988344.0,2667623.0,0.84,2.917,8447.0,2.6,,191.67,朗特智能,75.9,,144644007.0,0,26.81,创业板
SZ300695,-27.25160290426728,0.0,6.822,11,-3.97,False,0.01,1.666,102256924.0,47.18,5.8,137.326,-52.73,4824481674.0,1790697600000.0,4824481674.0,0.314,100.0,10.656364529465739,0.3,0.81,-4.192087509342912,53067098.0,-1.95,1504800000000.0,2.87,-863341.0,1121700.0,1.15,1.666,8434.0,1.1,,43.99,兆丰股份,16.425,,102256924.0,0,49.13,创业板
SZ300550,121.98744654513582,,8.3813,11,0.07,False,0.01,3.269,262316361.0,13.85,3.4,30.1933,-4.35,3633081600.0,,3636457953.0,0.217,100.0,1.7699684657877393,134.08,0.29,-0.5660758993390691,51818700.0,0.01,1476720000000.0,0.07,7324298.0,3721000.0,0.95,3.269,8423.0,1.42,,43.97,和仁科技,185.685,,262560141.0,0,13.84,创业板
SZ301086,45.53362905360812,0.0,16.6044,11,0.21,False,0.01,9.634,69760863.0,151.01,7.46,,89.23,10534587922.0,1790697600000.0,19006752842.0,0.283,100.0,7.85503924508823,164.31,0.52,31.06276143934208,512043599.92,0.31,1634659200000.0,1.21,24785377.0,3325046.0,1.06,9.634,8411.0,4.77,,15.86,鸿富瀚,125.18,,125864200.0,0,150.7,创业板
SZ002968,-15.524821009480727,,0.7264,11,-2.27,False,0.01,1.745,213140277.0,9.91,2.96,13.8585,-18.5,2112220145.0,,2242412830.0,1.504,100.0,7.6252836651561795,9.63,-0.1,0.3642826527999743,66422587.32,-0.23,1575302400000.0,0.42,482823.4199999999,6638621.0,0.93,1.745,8361.0,3.11,,43.98,新大正,23.331,,226277783.0,0,10.14,深市主板
SZ301158,-2.005327565149373,,3.9673,11,1.85,False,0.01,1.995,190154264.0,14.32,2.84,312.9136,-16.22,2723009060.0,,2792617134.0,1.068,100.0,7.519666506069949,-23.78,0.14,6.047764257579802,51229815.8,0.26,1642348800000.0,0.53,-2309065.0,3590020.0,1.51,1.995,8316.0,1.89,,70.01,德石股份,27.098,,195015163.0,0,14.06,创业板
SZ301259,,0.0,24.0847,11,-2.03,False,0.01,5.17,145059397.0,18.86,6.44,39.3054,-17.11,2735820227.0,1790697600000.0,4266132000.0,0.217,100.0,-0.23905542161450488,12.97,0.59,-17.465937255425914,64371796.17,-0.39,1650902400000.0,-0.01,4332088.0,3371785.0,0.66,5.17,8279.0,2.32,,52.53,艾布鲁,-2161.68,,226200000.0,0,19.25,创业板
SZ301035,6.955589581306443,0.0,1.1443,11,-1.07,False,0.01,2.325,363751026.0,48.97,2.67,12.9792,-3.93,17812887743.0,1790697600000.0,17849822876.0,2.994,100.0,13.425474327323586,115.03,0.64,13.375137072539456,56275859.86,-0.53,1627401600000.0,2.72,-1160403.0,1146452.0,0.56,2.325,8279.0,0.32,,73.59,润丰股份,18.016,,364505266.0,0,49.5,创业板
SZ301033,49.03929949497916,,8.8172,11,-2.61,False,0.01,4.356,56935062.0,52.26,4.4,26.8677,-21.48,2975426340.0,,3534397210.0,1.322,100.0,16.02432250325787,-35.95,-0.27,24.328720149635032,37661787.64,-1.4,1627228800000.0,1.81,-704719.0,712843.0,0.95,4.318,8278.0,1.25,,369.15,迈普医学,28.873,,67631022.0,0,53.66,创业板
SZ301136,-35.083606113821006,,5.8398,11,0.65,False,0.01,2.341,274974195.0,12.33,4.08,45.2322,-39.14,3390431824.0,,3393275431.0,,100.0,0.7706695623397289,-50.05,-0.32,-2.6337137585143,176575469.17,0.08,1641830400000.0,0.04,4697014.0,14161102.0,0.72,2.341,8255.0,5.15,,128.14,招标股份,304.867,,275204820.0,0,12.25,创业板
SZ301202,-4.283315394130605,0.0,3.1758,11,-2.5,False,0.01,3.94,79617500.0,34.75,7.21,,-13.58,2766708125.0,1790697600000.0,4739900000.0,0.576,100.0,4.841101261262002,-19.27,0.2,24.073382367586294,43139027.0,-0.89,1688486400000.0,0.43,343546.0,1219000.0,1.1,3.94,8244.0,1.53,,66.27,朗威股份,80.784,,136400000.0,0,35.64,创业板
SZ301166,,,2.6367,11,-0.68,False,0.01,1.564,56420468.0,35.11,4.78,,20.83,1980922631.0,,3025374911.0,1.692,100.0,-1.0783166971612106,-59.0,0.0,-0.14561482031296702,181747140.01,-0.24,1640620800000.0,-0.25,12458748.0,5172731.0,1.61,1.564,8232.0,9.17,,22.05,优宁维,-141.607,,86168468.0,0,35.35,创业板
SZ001379,-17.528920451260845,,1.5411,11,1.33,False,0.01,2.12,67298425.0,15.96,3.75,32.1713,-31.89,1074082863.0,,3192000000.0,1.253,100.0,3.9383047108359297,-41.57,0.0,7.244735791969847,31992341.52,0.21,1705593600000.0,0.29,5788632.0,1996962.0,1.54,2.12,8226.0,2.97,,42.7,腾达科技,54.275,,200000000.0,0,15.75,深市主板
SZ300614,80.29315438966162,,4.7366,11,-0.1,False,0.01,2.401,160440728.0,10.38,4.43,22.8844,-18.14,1665374757.0,,1665374757.0,,100.0,-39.45390801194485,-74.06,0.1,-13.535517636621252,25200811.65,-0.01,1621872000000.0,-2.6,-1364661.0,2417096.0,0.98,2.401,8218.0,1.51,,290.64,百川畅银,-3.995,,160440728.0,0,10.39,创业板
SZ300878,106.44556400007713,,17.9413,11,-2.69,False,0.01,4.785,144123959.0,29.35,4.81,,15.05,4230038197.0,,4249595951.0,,100.0,-18.899289244924883,-27.35,0.24,-21.845150273992875,44494967.64,-0.81,1598198400000.0,-1.28,551543.0,1503502.0,0.92,4.785,8206.0,1.04,,96.03,维康药业,-22.924,,144790322.0,0,30.16,创业板
SZ301323,8.482734268810965,0.0,6.4865,11,-5.58,False,0.01,3.223,68562913.0,68.3,7.73,,25.81,4682846958.0,1790697600000.0,7279713837.0,0.578,100.0,7.162937945688881,63.72,0.19,18.752692223951883,74782674.0,-4.04,1685980800000.0,1.47,-5900105.0,1068900.0,0.78,3.193,8203.0,1.56,,38.22,新莱福,46.436,,106584390.0,0,72.34,创业板
SZ300555,38.00871927488689,,20.2307,11,0.0,False,0.01,6.177,198037363.0,12.28,2.77,,-16.23,2431898818.0,,2456000000.0,,100.0,-20.721864811189818,67.67,0.33,-10.572823766801076,9649071.0,0.0,1476720000000.0,-0.46,1942857.0,782800.0,0.99,6.177,8203.0,0.4,,44.03,ST路通,-26.719,,200000000.0,0,12.28,创业板
SZ301538,3.5144451005679755,0.0,3.9839,11,-2.92,False,0.01,2.811,43707539.0,38.2,4.65,18.11,-32.73,1669627990.0,1790697600000.0,4192832000.0,1.084,100.0,12.448239744743356,9.42,-0.1,18.92691527712458,42410623.9,-1.15,1710864000000.0,1.6,-1753325.0,1094318.0,0.81,2.811,8200.0,2.5,,89.84,骏鼎达,23.875,,109760000.0,0,39.35,创业板
SZ301522,-11.844844904819674,0.0,3.2147,11,-0.97,False,0.01,4.097,276781667.0,21.49,3.09,,-44.99,5948038024.0,1790697600000.0,7991414674.0,0.34,100.0,5.3418617877930865,-65.08,-0.28,8.003474927475395,89012301.96,-0.21,1729008000000.0,0.27,2956102.0,4115662.0,1.42,4.097,8157.0,1.49,,1060.61,上大股份,78.209,,371866667.0,0,21.7,创业板
SZ300665,,,4.062,11,-0.69,False,0.01,4.524,218010949.0,8.64,4.37,20.6953,-11.48,1883614599.0,,1983231907.0,,100.0,-49.139478083353715,62.16,0.93,-18.147698763880847,38500697.76,-0.06,1497283200000.0,-0.88,-4779411.0,4451503.0,1.03,4.524,8122.0,2.04,,44.03,飞鹿股份,-9.813,,229540730.0,0,8.7,创业板
SZ301630,11.597914595651314,0.0,8.3429,11,7.99,False,0.01,6.662,20979700.0,206.85,14.57,140.3139,71.09,4339650945.0,1790697600000.0,11583600000.0,0.759,100.0,13.784639512195282,61.77,0.14,21.602138921692095,514623705.8,15.3,1752076800000.0,3.21,31479656.0,2436208.0,1.35,6.662,8090.0,11.61,,128.05,同宇新材,64.348,,56000000.0,0,191.55,创业板
SZ300988,3.2013086420410897,,1.498,11,0.25,False,0.01,2.436,162101585.0,16.32,3.81,27.8773,1.16,2645497867.0,,3214356176.0,0.858,100.0,7.639162371469534,-15.29,0.12,15.601766506820747,47864226.0,0.04,1620748800000.0,0.5,2142810.0,2927204.0,0.76,2.436,8071.0,1.81,,161.27,津荣天宇,32.834,,196958099.0,0,16.28,创业板
SZ301282,31.32477627294923,0.0,3.4722,11,-2.57,False,0.01,4.884,176577875.0,40.6,7.39,123.2322,95.67,7169061725.0,1790697600000.0,8563915325.0,0.525,100.0,5.421518141242449,40.2,0.05,30.468121856875353,464786535.13,-1.07,1661443200000.0,0.44,3798956.0,11205023.0,0.68,4.884,8057.0,6.35,,31.01,金禄电子,91.425,,210933875.0,0,41.67,创业板
SZ001229,-43.97310190153593,,19.1993,11,-4.82,False,0.01,5.073,73751206.0,35.34,7.92,79.1069,14.86,2606367620.0,,5068890414.0,0.606,100.0,5.597812402344182,101.39,0.34,17.29191278293647,99996098.6,-1.79,1659888000000.0,0.38,-2151613.0,2781920.0,0.8,5.073,8027.0,3.77,,43.99,魅视科技,92.826,,143432100.0,0,37.13,深市主板
SZ001228,-14.089203910464686,,0.6265,11,0.13,False,0.01,2.304,79864609.0,37.95,5.54,,46.2,3030861912.0,,3941661912.0,1.513,100.0,5.9724181819657804,12.78,0.58,47.74585781692979,144904200.01,0.05,1651161600000.0,0.97,6178608.0,3789778.0,0.93,2.223,8005.0,4.75,,43.99,永泰运,39.063,,103864609.0,0,37.9,深市主板
SZ300805,-3.4174499589963436,,1.3237,11,-1.96,False,0.01,2.304,300228727.0,8.5,2.77,,-19.09,2551944180.0,,3607758292.0,0.353,100.0,2.014665814413339,-29.14,0.24,9.696747446481325,86480030.58,-0.17,1574265600000.0,0.07,465831.0,10177651.0,0.75,2.304,7986.0,3.39,,44.02,电声股份,115.014,,424442152.0,0,8.67,创业板
SZ301118,50.25181373074583,,1.632,11,0.17,False,0.01,1.887,105933357.0,24.17,3.81,37.6369,-2.38,2560409239.0,,2661382870.0,,100.0,2.862895271432517,-47.43,0.54,23.365039349147352,98876528.89,0.04,1637164800000.0,0.36,1454265.0,4095088.0,1.58,1.889,7970.0,3.87,,159.91,恒光股份,67.447,,110111000.0,0,24.13,创业板
SZ301009,,,2.1065,11,-0.76,False,0.01,1.917,151035028.0,9.18,2.7,22.4049,-26.6,1386501557.0,,2495674800.0,1.285,100.0,-0.005196995846395026,-68.32,0.11,4.172186014328427,18254769.0,-0.07,1623859200000.0,0.0,1907531.0,1980000.0,0.93,1.917,7946.0,1.31,,106.14,可靠股份,-36305.298,,271860000.0,0,9.25,创业板
SZ301362,-25.424162143397478,0.0,8.6976,11,1.46,False,0.01,6.19,40944676.0,103.97,9.27,82.5027,250.65,4257017964.0,1790697600000.0,15173867964.0,0.986,100.0,5.410578527179483,182.69,0.28,6.0381137426992915,315688977.48,1.5,1691078400000.0,0.91,-19667411.0,2982746.0,1.16,6.189,7937.0,7.28,,8.58,民爆光电,114.27,,145944676.0,0,102.47,创业板
SZ300868,-3.4683231505008405,0.0,13.9353,11,-2.83,False,0.01,6.156,80758325.0,70.65,8.03,,122.87,5705575661.0,1790697600000.0,8985173459.0,,100.0,-4.079720634869865,5.49,-0.3,-0.6988792308791569,257531469.05,-2.06,1598198400000.0,-0.48,-465118.0,3609964.0,1.18,6.193,7930.0,4.47,,82.43,杰美特,-147.781,,127178676.0,0,72.71,创业板
SZ300756,30.97209975462445,0.0,8.3892,11,3.45,False,0.01,4.33,191995971.0,29.1,7.39,323.2765,-28.19,5587082756.0,1790697600000.0,6420549679.0,0.296,100.0,6.274881914700482,130.53,0.07,5.243621730215597,210327683.13,0.97,1545926400000.0,0.41,2493328.0,7160062.0,1.26,4.33,7848.0,3.73,,44.0,金马游乐,70.762,,220637446.0,0,28.13,创业板
SZ300884,,,4.398,11,1.7,False,0.01,2.362,191432358.0,11.98,5.86,,-18.36,2293359649.0,,3041276584.0,0.818,100.0,3.4427261701675893,-60.95,0.0,-6.062663086144537,110237361.54,0.2,1605110400000.0,0.17,-8246650.0,9068764.0,2.73,2.362,7809.0,4.74,,208.0,狄耐克,69.236,,253862820.0,0,11.78,创业板
SZ301048,-10.014805288579065,0.0,1.443,11,-0.33,False,0.01,1.682,533333400.0,9.03,1.99,11.0736,-19.81,4816000602.0,1790697600000.0,4816000602.0,1.196,100.0,7.472687086873061,-35.29,0.11,4.760942284596137,29399426.0,-0.03,1629216000000.0,0.39,-2222847.0,3245900.0,1.44,1.682,7793.0,0.61,,335.84,金鹰重工,23.125,,533333400.0,0,9.06,创业板
SZ301010,-45.595659892149406,,2.9503,11,6.17,False,0.01,2.741,108000000.0,21.15,10.59,73.647,-4.51,2284200000.0,,2284200000.0,,100.0,0.7140959216506566,-27.6,0.71,-18.357557230575495,165210433.3,1.23,1623945600000.0,0.05,16863869.0,7844626.0,2.0,2.741,7787.0,7.26,,289.78,晶雪节能,385.216,,108000000.0,0,19.92,创业板
SZ300935,33.48085672920887,,17.0598,11,-1.32,False,0.01,2.954,60273655.0,26.82,5.3,,-11.6,1616539427.0,,2130330838.0,,100.0,-11.202998277885333,-70.22,0.45,-9.361469450243586,39887094.8,-0.36,1611072000000.0,-1.08,-1101907.0,1473200.0,0.95,2.954,7778.0,2.44,,188.8,盈建科,-24.878,,79430680.0,0,27.18,创业板
SZ300749,99.83855671042934,,6.3814,11,-3.42,False,0.01,6.413,157395600.0,21.15,6.3,,75.23,3328916940.0,,4339332810.0,,100.0,17.978580355351824,170.45,0.24,-25.066565939187292,72958645.0,-0.75,1537804800000.0,0.53,6288303.0,3421600.0,0.83,6.413,7750.0,2.17,,44.03,顶固集创,39.987,,205169400.0,0,21.9,创业板
SZ301419,-0.8469039190513117,,12.7397,11,-1.98,False,0.01,6.483,112103250.0,40.67,6.24,84.4193,51.27,4559239178.0,,6100500000.0,0.787,100.0,6.326619303739772,88.45,0.32,10.813456930197152,203928835.16,-0.82,1675872000000.0,0.39,122415.0,5010467.0,0.75,6.483,7724.0,4.47,,120.89,阿莱德,103.015,,150000000.0,0,41.49,创业板
SZ300893,12.544135052177419,0.0,2.3607,11,-3.9,False,0.01,3.242,251693044.0,14.54,10.51,,-38.25,3659616860.0,1790697600000.0,6891394074.0,0.536,100.0,18.389723144450457,65.05,0.76,36.28136812956302,393889226.24,-0.59,1600876800000.0,0.69,-13950377.0,26403726.0,3.23,3.236,7722.0,10.49,,205.12,松原安全,20.935,,473961078.0,0,15.13,创业板
SZ301049,-9.868926170992864,,10.038,11,-0.29,False,0.01,3.857,35969429.0,20.82,3.83,217.6531,-3.07,748883512.0,,1962354414.0,,100.0,-20.953381665757405,-55.19,0.19,-9.418048935362078,18505859.0,-0.06,1629734400000.0,-1.26,-554101.0,886500.0,1.06,3.857,7676.0,2.46,,118.72,超越科技,-16.508,,94253334.0,0,20.88,创业板
SZ301330,1.1515580361056044,0.0,2.5284,11,-2.18,False,0.01,1.701,204668620.0,24.73,4.27,22.0646,-23.81,5061454973.0,1790697600000.0,5820243832.0,1.937,100.0,5.931748461025611,-27.26,0.28,8.565530770964358,49296028.76,-0.55,1660665600000.0,0.85,570799.0,1975966.0,0.85,1.701,7673.0,0.97,,26.73,熵基科技,28.936,,235351550.0,0,25.28,创业板
SZ301092,-12.719427993467637,0.0,8.9316,11,-3.09,False,0.01,2.778,60983684.0,40.5,7.18,39.5215,15.73,2469839202.0,1790697600000.0,5448679002.0,0.64,100.0,4.415242154668798,29.78,0.27,2.6285265462301144,86786120.0,-1.29,1635782400000.0,0.63,1287866.0,2144200.0,1.24,2.778,7568.0,3.52,,-0.61,争光股份,63.802,,134535284.0,0,41.79,创业板
SZ301568,10.568840603087226,0.0,12.7785,11,-3.27,False,0.01,6.4,47778000.0,64.13,9.44,59.762,33.47,3064003140.0,1790697600000.0,6621961192.0,0.929,100.0,12.019062367102336,-6.72,0.39,16.0639530259596,176928885.92,-2.17,1701100800000.0,1.17,-1341069.0,2683192.0,0.73,6.4,7558.0,5.62,,187.47,思泰克,54.815,,103258400.0,0,66.3,创业板
SZ301408,29.785902872349148,0.0,1.0118,11,-1.61,False,0.01,2.773,228959030.0,14.69,6.43,8.2166,-20.38,3363408151.0,1790697600000.0,5876146900.0,0.681,100.0,10.737742970060967,-40.09,0.62,17.688676298930005,235108947.23,-0.24,1677600000000.0,0.56,-30863036.0,15736740.0,1.35,2.773,7539.0,6.87,,55.85,华人健康,26.289,,400010000.0,0,14.93,创业板
SZ003013,-13.221304959946846,0.0,3.3872,11,6.38,False,0.01,2.396,412365518.0,17.35,8.71,,24.82,7154541737.0,1790697600000.0,7962411505.0,1.793,100.0,12.163447627601872,26.68,0.52,-5.0281499526851565,342562923.94,1.04,1603296000000.0,0.81,23921900.0,19952340.0,2.68,2.405,7531.0,4.84,,44.01,地铁设计,21.404,,458928617.0,0,16.31,深市主板
SZ301152,,,1.1097,11,3.15,False,0.01,2.247,71083757.0,22.93,5.89,25.42,-24.97,1629950548.0,,2722708361.0,,100.0,-9.860896718409103,-70.81,0.09,4.304444406763563,261794295.36,0.7,1661702400000.0,-1.06,232762.0,11400109.0,1.84,2.247,7520.0,16.04,,20.51,天力锂能,-21.633,,118740007.0,0,22.23,创业板
SZ300599,83.01773181633814,,6.628,11,9.72,False,0.01,2.864,317025080.0,15.58,11.55,86.0058,92.6,4939250746.0,,5579689814.0,0.642,100.0,-2.963550918759431,107.39,0.32,-15.509075394313355,499214232.0,1.38,1485100800000.0,-0.16,22264396.0,32348300.0,1.32,2.864,7516.0,10.2,,44.03,雄塑科技,-95.465,,358131567.0,0,14.2,创业板
SZ301468,-74.3123681752204,0.0,11.7393,11,-2.88,False,0.01,2.16,97503388.0,29.01,5.93,62.5755,-27.6,2828573286.0,1790697600000.0,4906984640.0,0.531,100.0,1.083497621023603,-2.17,0.38,-17.342890165873158,70192396.53,-0.86,1690128000000.0,0.15,-6553020.0,2396379.0,0.91,2.16,7498.0,2.46,,-15.72,博盈特焊,198.983,,169148040.0,0,29.87,创业板
SZ301126,,,0.4186,11,-0.48,False,0.01,1.432,139521419.0,10.47,3.8,120.8796,-14.81,1460789257.0,,2150571504.0,0.21,100.0,-14.516465992102187,-59.02,0.38,9.54622920754824,31948391.0,-0.05,1638806400000.0,-1.15,-2387557.0,3044000.0,1.07,1.432,7491.0,2.18,,91.59,达嘉维康,-9.109,,205403200.0,0,10.52,创业板
SZ301289,11.750821381120069,,9.8038,11,0.11,False,0.01,3.38,77500900.0,44.58,1.8,18.2298,-23.4,3454990122.0,,3477240000.0,0.942,100.0,9.48004318736884,11.5,0.25,10.643554136712252,20893031.0,0.05,1655827200000.0,1.21,555296.0,469000.0,0.63,3.38,7437.0,0.61,,44.77,国缆检测,36.811,,78000000.0,0,44.53,创业板
SZ301193,,,1.4738,11,-2.24,False,0.01,2.35,184181409.0,20.94,5.32,18.3185,-2.92,3856758704.0,,5044059259.0,,100.0,-5.380214888613944,-13.89,0.24,37.21438041467226,75736336.4,-0.48,1638979200000.0,-0.42,-7574042.5,3603651.0,0.46,2.35,7425.0,1.96,,32.74,家联科技,-49.381,,240881531.0,0,21.42,创业板
SZ301458,16.235370339538324,0.0,10.69,11,-3.31,False,0.01,5.598,117481987.0,34.5,7.74,58.1566,8.31,4053128552.0,1790697600000.0,9200001150.0,1.014,100.0,8.393617351239477,-14.7,0.12,19.327471441447706,179142708.0,-1.18,1736438400000.0,0.51,-2763643.0,5101436.0,0.84,5.598,7416.0,4.34,,247.12,钧崴电子,67.448,,266666700.0,0,35.68,创业板
SZ301208,-27.02857211012474,0.0,2.4495,11,-3.53,False,0.01,2.243,67420860.0,29.26,4.81,,-25.94,1972734364.0,1790697600000.0,3511201756.0,0.444,100.0,3.5870393880630465,-10.51,-0.34,12.798462238666076,50002856.6,-1.07,1657123200000.0,0.46,884512.0,1692840.0,2.09,2.242,7407.0,2.51,,22.45,中亦科技,63.322,,120000060.0,0,30.33,创业板
SZ300971,-1.6938409769173601,,3.8763,11,0.74,False,0.01,1.964,92252757.0,17.69,2.45,14.5748,-26.78,1631951271.0,,2080344000.0,1.967,100.0,6.9471374792968925,-46.6,0.51,9.745339721572055,32096702.38,0.13,1618416000000.0,0.62,-193296.0,1811221.0,1.02,1.964,7371.0,1.96,,148.14,博亚精工,28.679,,117600000.0,0,17.56,创业板
SZ300710,41.80832003827754,,10.6285,11,-5.49,False,0.01,6.383,74580013.0,27.52,7.76,75.717,-11.65,2052441958.0,,2737973056.0,,100.0,-6.495409509915663,127.96,-0.04,-12.164023232640508,91843737.0,-1.6,1508342400000.0,-0.29,-8458582.0,3287600.0,0.94,6.383,7371.0,4.41,,44.0,万隆光电,-94.984,,99490300.0,0,29.12,创业板
SZ301072,,,5.2643,11,-5.25,False,0.01,6.293,67922173.0,42.45,8.24,97.9978,88.5,2883296244.0,,4451456339.0,,100.0,-7.2522356840278395,70.54,-0.02,7.0570731930774455,88605249.0,-2.35,1632844800000.0,-0.51,418881.0,2056200.0,0.69,6.304,7354.0,3.03,,225.2,中捷精工,-83.812,,104863518.0,0,44.8,创业板
SZ301182,60.6466001187842,0.0,5.8098,11,-5.2,False,0.01,8.614,87384200.0,55.98,9.26,,31.35,4891767516.0,1790697600000.0,5364098766.0,,100.0,-21.918333103940252,18.64,0.72,28.023087110488486,97824175.0,-3.07,1640188800000.0,-1.6,-3087304.0,1711700.0,0.7,8.614,7340.0,1.96,,78.24,凯旺科技,-34.973,,95821700.0,0,59.05,创业板
SZ301367,-9.90259741783307,0.0,4.1977,11,-0.96,False,0.01,1.892,96094563.0,46.19,2.81,33.3289,-23.88,4438607865.0,1790697600000.0,5786884357.0,1.018,100.0,7.380672699026955,-59.22,-0.11,13.165010404813128,75232473.6,-0.45,1667232000000.0,1.76,-1475401.0,1625905.0,1.08,1.892,7331.0,1.69,,141.91,瑞迈特,26.198,,125284355.0,0,46.64,创业板
SZ300978,-6.967742104325825,0.0,1.911,11,0.11,False,0.01,2.347,287089219.0,8.76,2.51,8.3937,-27.54,2514901558.0,1790697600000.0,3702875994.0,3.995,100.0,7.834896566303012,-66.53,-0.11,-3.5492264010383856,26377121.0,0.01,1619366400000.0,0.3,-968328.0,3010200.0,0.91,2.347,7327.0,1.05,,258.43,东箭科技,29.557,,422702739.0,0,8.75,创业板
SZ301139,,,0.0883,11,3.3,False,0.01,0.061,76156148.0,0.94,15.38,6.8454,-94.88,71586779.0,,114285952.0,,100.0,-3.2363161826561773,-97.54,-2.08,-13.108246864790052,18169047.36,0.03,1657209600000.0,-0.51,-1923343.9800000004,18913953.0,1.24,0.061,7309.0,24.84,,-1.53,元道退,-1.839,,121580800.0,0,0.91,创业板
SZ301103,-26.132056783122305,,2.4094,11,0.06,False,0.01,1.41,121633616.0,17.04,2.7,18.9467,-12.4,2072636817.0,,2692771066.0,0.863,100.0,1.2885171849065835,-52.87,0.06,-1.2485539523705458,48935932.15,0.01,1647878400000.0,0.16,4221792.0,2866956.0,1.06,1.41,7290.0,2.36,,16.47,何氏眼科,109.707,,158026471.0,0,17.03,创业板
SZ301689,33.892379700578054,,28.2592,11,-1.68,False,0.01,24.377,57561452.0,72.2,8.42,122.2618,351.25,4155936834.0,,66994663890.0,,100.0,17.640878857292833,31.27,-0.41,2.693338167339765,1474938213.21,-1.23,1788969600000.0,0.48,60260150.0,19627400.0,0.7,15.608,7272.0,34.1,,237.5,电科思仪,150.676,,927903932.0,0,73.43,创业板
SZ301266,-28.5785597200389,,1.1018,11,-2.51,False,0.01,1.887,135632418.0,24.09,5.14,,-13.08,3267384950.0,,3444255705.0,0.971,100.0,3.2874387144655266,-28.85,0.5,5.863826186087029,77034020.3,-0.62,1654617600000.0,0.43,3238956.0,3176910.0,1.06,1.887,7270.0,2.34,,69.47,宇邦新材,56.271,,142974500.0,0,24.71,创业板
SZ300902,-47.056088544200314,,10.7419,11,-1.9,False,0.01,3.995,126673838.0,17.59,4.74,228.1006,-15.55,2228192810.0,,3197921261.0,,100.0,-2.4819354446138706,-56.25,0.23,-9.60576045169088,60904047.2,-0.34,1603900800000.0,-0.11,468574.0,3415660.0,0.59,3.995,7254.0,2.7,,301.82,国安达,-158.926,,181803369.0,0,17.93,创业板
SZ002972,8.51142064134114,,8.6889,11,5.92,False,0.01,2.742,138488640.0,13.77,7.54,20.3937,17.42,1906988573.0,,3387541176.0,1.801,100.0,6.697530162678735,65.13,0.36,18.267330303418603,175538313.8,0.77,1577376000000.0,0.34,26142554.0,12881360.0,2.3,2.742,7245.0,9.3,,44.04,科安达,40.963,,246008800.0,0,13.0,深市主板
SZ301263,-73.82678189305419,0.0,14.5909,11,-2.99,False,0.01,5.732,364303266.0,18.52,5.34,115.6388,-23.19,6746896486.0,1790697600000.0,9456256440.0,0.227,100.0,-0.2792288008632292,37.57,-0.16,-6.4545339866551865,81419151.3,-0.57,1648483200000.0,-0.01,-11060646.0,4326112.0,0.62,5.732,7216.0,1.19,,75.31,泰恩康,-1998.484,,510597000.0,0,19.09,创业板
SZ301371,-13.661501502635009,0.0,4.8961,11,-1.11,False,0.01,1.934,77975300.0,20.58,2.79,28.7456,-10.83,1604731674.0,1790697600000.0,10703740320.0,3.887,100.0,8.325175232693926,-63.06,0.05,9.461364008420148,39302397.68,-0.23,1690819200000.0,0.88,-1228013.0,1896508.0,1.16,1.934,7197.0,2.43,,26.98,敷尔佳,23.32,,520104000.0,0,20.81,创业板
SZ301255,,,6.0436,11,-1.99,False,0.01,2.687,133676888.0,18.71,4.61,,-35.61,2501094574.0,,2849907200.0,0.641,100.0,2.18032240773835,13.02,0.16,2.1964298339110178,22427912.28,-0.38,1672070400000.0,0.15,355082.0,1189723.0,1.13,2.687,7190.0,0.89,,5.89,通力科技,124.588,,152320000.0,0,19.09,创业板
SZ301270,-52.70846488069545,,16.9461,11,-3.88,False,0.01,3.252,94492844.0,30.95,4.19,133.1431,-16.91,2924553522.0,,3095000000.0,0.323,100.0,0.9965783892578154,-16.19,-0.26,-7.1741715383850435,41816026.5,-1.25,1661875200000.0,0.1,-1735761.0,1330349.0,0.99,3.252,7188.0,1.41,,53.86,汉仪股份,314.376,,100000000.0,0,32.2,创业板
SZ301678,-31.974495963364447,0.0,11.5308,11,-1.76,False,0.01,6.703,138970967.0,50.36,7.53,,-20.96,6998577898.0,1790697600000.0,12064013318.0,0.993,100.0,3.745595001841638,2.09,-0.04,14.888994808138921,251479142.13,-0.9,1750348800000.0,0.3,24938487.0,4860229.0,0.47,6.703,7158.0,3.5,,229.06,新恒汇,169.935,,239555467.0,0,51.26,创业板
SZ300995,63.60108126573907,,6.0381,11,-0.66,False,0.01,2.617,60729742.0,25.78,3.62,37.6717,-37.19,1565612749.0,,2374620265.0,0.737,100.0,3.454409607499789,-35.75,-0.08,13.43097616335358,35885813.4,-0.17,1621958400000.0,0.29,-3240056.0,1382610.0,1.27,2.617,7139.0,2.28,,223.44,奇德新材,89.785,,92110949.0,0,25.95,创业板
SZ301175,17.988623241291847,0.0,3.7635,11,-0.18,False,0.01,2.158,621880000.0,5.57,1.97,9.6237,-3.05,3463871600.0,1790697600000.0,8198371600.0,3.052,100.0,11.177995187930637,-13.16,0.18,21.972240952095888,69637135.0,-0.01,1657209600000.0,0.28,-6472456.0,12531200.0,1.37,2.157,7126.0,2.02,,110.21,中科环保,19.84,,1471880000.0,0,5.58,创业板
SZ301055,40.357181622294604,,4.1004,11,-2.55,False,0.01,6.584,152667676.0,29.09,7.81,24.5671,49.86,4441102695.0,,4538040000.0,1.375,100.0,9.338425932429153,4.53,0.24,14.108029868440353,60208395.0,-0.76,1630857600000.0,0.4,-4351109.0,2043200.0,0.86,6.584,7117.0,1.34,,394.06,张小泉,72.9,,156000000.0,0,29.85,创业板
SZ301239,,0.0,1.5837,11,-2.69,False,0.01,2.186,142044048.0,31.12,5.03,7.3617,-4.49,4420410774.0,1790697600000.0,4656144774.0,0.958,100.0,0.5888190084258146,-36.56,0.26,4.155219455566672,66352652.23,-0.86,1656950400000.0,0.08,-5697188.0,2106093.0,1.03,2.186,7113.0,1.48,,56.67,普瑞眼科,371.935,,149619048.0,0,31.98,创业板
SZ300881,13.620089419948789,,0.9652,11,-1.99,False,0.01,2.543,57406250.0,29.02,4.22,,-14.29,1665929375.0,,3192200000.0,0.855,100.0,18.970805001484038,-38.95,-0.1,20.69819348033286,22288474.0,-0.59,1598889600000.0,2.03,-698711.0,760400.0,0.62,2.543,7105.0,1.32,,450.46,盛德鑫泰,14.268,,110000000.0,0,29.61,创业板
SZ300993,-13.263455485816388,,3.8508,11,1.43,False,0.01,1.954,242507317.0,9.9,3.07,15.8514,-31.61,2400822438.0,,3050498880.0,1.99,100.0,8.412746640606693,-24.77,0.3,8.25601461737584,25214640.16,0.14,1621785600000.0,0.42,2847844.0,2549138.0,1.01,1.954,7099.0,1.05,,187.11,玉马科技,23.772,,308131200.0,0,9.76,创业板
SZ301001,,,6.0023,11,-0.83,False,0.01,2.605,49041700.0,25.06,3.48,,-15.17,1228985002.0,,2004800000.0,,100.0,-1.5616767253147776,-61.45,0.48,-18.08650775162086,22623479.0,-0.21,1622131200000.0,-0.15,-588739.0,901000.0,0.94,2.605,7088.0,1.84,,137.55,凯淳股份,-165.295,,80000000.0,0,25.27,创业板
SZ001268,,,5.2474,11,-3.73,False,0.01,3.743,94337617.0,24.28,6.78,36.1221,-3.88,2290517341.0,,3659060755.0,0.877,100.0,-0.9392989995244266,55.25,0.33,-0.5890922739094306,98573743.89,-0.94,1656518400000.0,-0.06,-11811399.0,4004700.0,0.58,3.743,7080.0,4.25,,44.0,联合精密,-390.333,,150702667.0,0,25.22,深市主板
SZ001299,-0.5211246376763734,,4.6577,11,1.59,False,0.01,2.869,282337678.0,10.25,3.77,23.9895,-6.83,2893961200.0,,3220705667.0,3.707,100.0,7.916071893628636,51.0,0.29,5.191458569436147,59432516.52,0.16,1667145600000.0,0.29,79600.0,5783788.0,1.16,2.869,7071.0,2.05,,43.97,美能能源,34.967,,314215187.0,0,10.09,深市主板
SZ301215,20.38456474375032,0.0,11.3778,11,1.14,False,0.01,2.378,1322400000.0,5.34,2.46,23.3834,-21.22,7061616000.0,1790697600000.0,7069626000.0,1.854,100.0,8.389961721531536,-49.36,0.0,23.14385309834819,69303571.63,0.06,1646668800000.0,0.19,9864815.0,12992009.0,1.86,2.378,7071.0,0.98,,200.0,中汽股份,28.637,,1323900000.0,0,5.28,创业板
SZ301022,,,2.6111,11,-1.43,False,0.01,1.59,67719086.0,21.99,4.08,18.7895,-32.62,1489142701.0,,2203770203.0,1.355,100.0,-0.18483378912442835,-58.09,0.41,14.751301593472066,20881516.2,-0.32,1625155200000.0,-0.02,375852.0,947120.0,1.08,1.578,7066.0,1.4,,80.46,海泰科,-957.085,,100216926.0,0,22.31,创业板
SZ301116,,0.0,0.2076,11,-0.11,False,0.01,2.662,448977343.0,9.3,2.47,7.7251,-14.91,4175489290.0,1790697600000.0,4175510215.0,,100.0,-4.129503238664057,-74.26,0.32,-0.6474608054084063,28756565.16,-0.01,1642435200000.0,-0.14,-319615.0,3095559.0,0.9,2.662,7058.0,0.69,,212.46,益客食品,-64.404,,448979593.0,0,9.31,创业板
SZ301178,-20.58906594783121,,5.7037,11,-1.74,False,0.01,3.968,68687622.0,33.32,6.22,23.4434,-5.37,2288671565.0,,3102234076.0,0.105,100.0,0.5179704821317689,-19.32,0.18,19.29859023743783,46511877.72,-0.59,1636646400000.0,0.04,2153810.0,1386067.0,0.54,3.968,7056.0,2.02,,62.15,天亿马,771.915,,93104264.0,0,33.91,创业板
SZ300621,743.1425878870014,,0.2077,11,0.0,False,0.01,3.612,202529013.0,7.1,3.8,,-15.58,1437955992.0,,1477202570.0,,100.0,-84.21407483664485,6.19,0.57,-30.149851077077805,26249205.5,0.0,1489593600000.0,-2.6,-406420.0,3690950.0,1.09,3.612,7048.0,1.82,,43.95,维业股份,-2.736,,208056700.0,0,7.1,创业板
SZ001311,-20.34163490309715,0.0,1.3338,11,-2.51,False,0.01,1.372,181871689.0,16.28,4.73,12.4182,-34.03,2960871097.0,1790697600000.0,6571619542.0,,100.0,5.254874248210585,-33.67,-0.31,15.109712019650479,56788330.26,-0.42,1677427200000.0,0.61,-71541.0,3450230.0,1.18,1.372,7044.0,1.9,,44.0,多利科技,26.763,,403662134.0,0,16.7,深市主板
SZ300594,,,1.8167,11,-0.33,False,0.01,1.893,90990625.0,15.07,3.37,8.446,-23.15,1371228719.0,,1384532892.0,,100.0,-7.766296074383196,-38.54,0.6,-6.516545230125137,19755073.0,-0.05,1561046400000.0,-0.66,-1046850.0,1302100.0,1.01,1.893,7022.0,1.43,,44.01,ST朗进,-22.673,,91873450.0,0,15.12,创业板
SZ300635,,,3.0398,11,-0.67,False,0.01,5.114,120376332.0,11.78,4.47,55.1035,-26.51,1418033191.0,,1649364920.0,,100.0,-22.909540267982006,16.61,0.51,-10.954624586359563,56340273.0,-0.08,1490889600000.0,-0.57,-9572228.0,4772900.0,1.75,5.114,7021.0,3.96,,43.99,中达安,-20.568,,140014000.0,0,11.86,创业板
SZ301199,18.060299333609798,,3.0427,11,-1.1,False,0.01,1.73,179675875.0,17.93,3.97,20.5084,-22.7,3221588439.0,,3347100680.0,0.948,100.0,3.621995314491643,-43.06,-0.28,2.3220500208387174,16141390.6,-0.2,1638806400000.0,0.37,828801.0,895920.0,1.03,1.73,7020.0,0.5,,40.03,迈赫股份,48.256,,186676000.0,0,18.13,创业板
SZ301318,-34.74177381502178,,4.2029,11,0.05,False,0.01,1.564,93180195.0,21.17,2.65,75.6965,-21.85,1972624728.0,,2864277395.0,2.022,100.0,2.0122835887864,-37.88,-0.24,9.695580126815685,19114645.75,0.01,1660060800000.0,0.27,-107991.0,896675.0,0.99,1.564,7009.0,0.96,,14.41,维海德,77.262,,135298885.0,0,21.16,创业板
SZ301607,73.86741827977048,0.0,1.8572,11,-4.22,False,0.01,4.961,151791278.0,40.16,5.03,70.8109,40.54,6095937724.0,1790697600000.0,9402609757.0,0.276,100.0,20.641271144481106,71.96,0.2,54.634149603246996,263411868.88,-1.77,1725379200000.0,1.31,-19821965.0,6474001.0,0.77,4.961,7002.0,4.27,,292.0,富特科技,30.739,,234128729.0,0,41.93,创业板
SZ300915,,,2.9617,11,2.59,False,0.01,2.006,57600188.0,23.78,5.22,58.9826,1.8,1369732471.0,,2992457793.0,1.678,100.0,-0.5839559077682166,-63.94,0.25,2.297316046117892,57187184.46,0.6,1606838400000.0,-0.07,-579538.0,2404490.0,1.27,2.006,6990.0,4.17,,104.91,海融科技,-335.632,,125839268.0,0,23.18,创业板
SZ001323,-29.78180205731804,0.0,1.5475,11,-0.21,False,0.01,1.916,311248039.0,18.64,3.16,19.1756,-24.82,5801663447.0,1790697600000.0,8109905441.0,5.338,100.0,8.32244841651477,-46.04,0.05,-1.9654303312098165,32715760.7,-0.04,1655913600000.0,0.84,-34785.0,1751589.0,0.94,1.916,6955.0,0.56,,44.0,慕思股份,22.321,,435080764.0,0,18.68,深市主板
SZ300743,27.879836662931503,,2.3391,11,0.07,False,0.01,3.591,127551128.0,14.42,2.64,16.6797,-32.52,1839287266.0,,2180366338.0,4.445,100.0,18.81486436526282,85.28,0.21,15.091197838991954,36903877.1,0.01,1524758400000.0,0.75,-2349433.0,2560230.0,1.45,3.591,6879.0,2.01,,44.01,天地数码,19.307,,151204323.0,0,14.41,创业板
SZ301577,-45.77770217669048,,4.9706,11,-1.33,False,0.01,3.313,18841155.0,53.49,6.35,,-5.26,1007813381.0,,2419325955.0,,100.0,-4.601985573440697,-31.63,0.51,8.790611840873952,65125736.59,-0.72,1706025600000.0,-0.76,2474678.0,1200503.0,1.27,3.298,6874.0,6.37,,88.8,美信科技,-70.51,,45229500.0,0,54.21,创业板
SZ300839,,,1.0412,11,2.41,False,0.01,4.722,284745329.0,12.75,5.14,,5.9,3630502945.0,,3673707748.0,,100.0,3.51956766260614,43.82,0.79,15.774074670653038,91549871.55,0.3,1593446400000.0,0.07,1457685.0,7127783.0,1.51,4.833,6825.0,2.5,,43.97,博汇股份,186.24,,288133941.0,0,12.45,创业板
SZ001360,-28.33294222961741,,4.315,11,-1.38,False,0.01,2.702,125484354.0,18.63,5.45,44.7759,-12.75,2337773515.0,,3800520000.0,1.063,100.0,2.716422862393854,-28.62,0.0,0.7623625488190733,84387050.0,-0.26,1681056000000.0,0.19,-2228215.0,4464600.0,1.0,2.702,6816.0,3.56,,83.03,南矿集团,99.65,,204000000.0,0,18.89,深市主板
SZ301070,,0.0,26.6381,11,-3.21,False,0.01,10.314,84813870.0,60.7,6.38,165.415,37.91,5148201909.0,1790697600000.0,7658782195.0,,100.0,-0.2100359360889905,119.76,0.45,-6.780967260145276,109852141.43,-2.01,1632326400000.0,-0.01,-8828179.0,1795953.0,0.92,10.314,6808.0,2.12,,70.05,开勒股份,-4805.398,,126174336.0,0,62.71,创业板
SZ301190,82.57429082275986,0.0,9.0007,11,9.99,False,0.01,4.247,181854000.0,39.52,11.72,,88.13,7186870080.0,1790697600000.0,8482434480.0,0.364,100.0,5.577931170996779,11.3,0.3,34.48107739548192,1366481915.61,3.59,1640275200000.0,0.51,68314451.0,35011492.0,2.65,4.247,6806.0,19.25,,34.51,善水科技,77.629,,214636500.0,0,35.93,创业板
SZ300864,0.00040984762774698424,,4.8694,11,1.5,False,0.01,3.048,159104168.0,25.02,4.38,29.8498,31.63,3980786283.0,,3980786283.0,3.373,100.0,11.89102422842903,-27.78,0.12,3.7461381371689306,66009156.96,0.37,1598198400000.0,0.96,3062515.0,2636639.0,0.81,3.025,6792.0,1.66,,131.52,南大环境,26.017,,159104168.0,0,24.65,创业板
SZ300736,-10.029284160603746,,13.3641,11,4.46,False,0.01,70.107,124887850.0,34.89,8.38,,124.95,4357337087.0,,4463628564.0,,100.0,-35.238684473689034,273.77,0.14,-27.267544161717883,284091969.2,1.49,1515427200000.0,-0.21,52212005.0,8036880.0,1.86,70.102,6782.0,6.44,,44.0,百邦科技,-169.461,,127934324.0,0,33.4,创业板
SZ300845,,,7.5978,11,-1.81,False,0.01,3.689,145348799.0,14.14,6.6,,27.09,2055232018.0,,2907765154.0,1.4,100.0,4.14057308785243,61.28,0.14,7.48450267370655,87496436.28,-0.26,1593705600000.0,0.16,-10013936.0,6128382.0,1.01,3.689,6781.0,4.22,,44.02,捷安高科,89.012,,205641100.0,0,14.4,创业板
SZ300564,-70.82349752335406,,5.8773,11,-0.79,False,0.01,1.69,118075900.0,12.62,3.07,17.978,-18.13,1490117858.0,,2035797824.0,1.981,100.0,3.650192985238428,-7.31,-0.16,-21.013413572067563,29171599.66,-0.1,1573142400000.0,0.27,1188037.0,2295593.0,0.91,1.69,6768.0,1.94,,43.98,筑博设计,46.363,,161315200.0,0,12.72,创业板
SZ300626,,,5.8321,11,-3.05,False,0.01,9.361,179901525.0,27.63,7.75,89.5772,73.74,4970679136.0,,4973400000.0,0.062,100.0,2.7078566692960395,459.47,0.44,10.02438237305947,95955019.8,-0.87,1489939200000.0,0.08,3127637.0,3413540.0,0.75,9.36,6741.0,1.9,,44.0,华瑞股份,349.353,,180000000.0,0,28.5,创业板
SZ301383,27.888851624793155,0.0,1.9707,11,-3.54,False,0.01,1.88,70614110.0,22.33,5.1,,-37.35,1576813076.0,1790697600000.0,3646109390.0,,100.0,-4.2276654208667965,-31.5,-0.13,1.483284613564262,32054483.0,-0.82,1686240000000.0,-0.51,1701838.0,1414500.0,1.22,1.881,6741.0,2.0,,0.71,天键股份,-43.572,,163283000.0,0,23.15,创业板
SZ300932,44.38024557806368,,1.8916,11,-1.93,False,0.01,2.681,319191317.0,10.68,5.42,23.2683,26.25,3408963266.0,,4786194976.0,1.273,100.0,6.373096233646011,-21.04,0.28,14.452229456674836,107486980.02,-0.21,1611244800000.0,0.25,-9997383.0,9975225.0,1.14,2.681,6732.0,3.13,,117.74,三友联众,42.66,,448145597.0,0,10.89,创业板
SZ001288,-0.5503191733003288,0.0,5.227,11,2.62,False,0.01,3.296,151859329.0,32.14,6.7,,1.3,4880758834.0,1790697600000.0,7513261899.0,0.625,100.0,6.887275256602623,167.99,-0.09,0.7880947439511843,231501985.4,0.82,1635696000000.0,0.68,11091092.0,7188560.0,1.13,3.296,6724.0,4.73,,37.46,运机集团,46.934,,233766705.0,0,31.32,深市主板
SZ002857,,,7.2825,11,-1.53,False,0.01,5.168,128585150.0,17.42,4.86,,-16.01,2239953313.0,,2331057300.0,,100.0,-14.579902362671222,131.66,0.52,-7.648099045054158,25252065.0,-0.27,1490198400000.0,-0.52,-382557.0,1435300.0,0.92,5.045,6715.0,1.12,,43.96,三晖电气,-33.203,,133815000.0,0,17.69,深市主板
SZ301023,1.1277274641684931,,10.5822,11,-2.64,False,0.01,3.166,66750211.0,28.05,4.62,35.859,-21.46,1872343419.0,,2617078464.0,2.317,100.0,7.2225264958983155,-32.98,0.18,10.616340326505757,47861650.28,-0.76,1625587200000.0,0.64,-2119170.0,1688892.0,1.03,3.167,6703.0,2.53,,78.7,奕帆传动,43.816,,93300480.0,0,28.81,创业板
SZ300909,-49.29393584959008,0.0,6.3356,11,-3.43,False,0.01,5.064,129139272.0,58.88,15.66,61.4921,22.41,7603720335.0,1790697600000.0,10184649004.0,,100.0,0.46359173317944413,4.15,-0.12,8.739984147894319,914967346.69,-2.09,1605628800000.0,0.05,6495471.0,15354189.0,2.29,5.064,6681.0,11.89,,204.94,汇创达,1098.069,,172972979.0,0,60.97,创业板
SZ301002,101.70868367658876,0.0,3.4728,11,-0.04,False,0.01,3.395,87795395.0,28.16,5.43,,-22.66,2472318323.0,1790697600000.0,3799816852.0,,100.0,3.614104073273677,-54.64,0.0,17.867638999566537,155385493.3,-0.01,1622995200000.0,0.26,7548110.0,5429236.0,1.28,3.395,6680.0,6.18,,449.87,崧盛股份,109.78,,134936678.0,0,28.17,创业板
SZ301149,0.6224802813844299,0.0,0.5936,11,1.41,False,0.01,2.011,340110763.0,7.92,3.07,,-2.51,2693677243.0,1790697600000.0,4427280182.0,1.452,100.0,9.595443237162327,-39.42,0.0,20.841948970040725,126483355.58,0.11,1636473600000.0,0.36,2936750.0,15923824.0,0.61,2.011,6673.0,4.68,,146.28,隆华新材,21.988,,559000023.0,0,7.81,创业板
SZ300970,,,1.8622,11,-0.74,False,0.01,1.699,123696633.0,17.32,4.53,5.9773,11.34,2142425684.0,,2769535028.0,2.171,100.0,13.668576120076361,-52.83,0.06,21.754823741288142,128339724.93,-0.13,1618156800000.0,1.31,1984488.0,7382079.0,1.07,1.686,6669.0,5.97,,87.36,华绿生物,13.185,,159903870.0,0,17.45,创业板
SZ301256,-21.295522890383445,0.0,2.8216,11,0.72,False,0.01,2.762,480000000.0,9.83,2.97,,-27.03,4718400000.0,1790697600000.0,4718400000.0,1.322,100.0,4.091803252353812,-32.24,0.51,16.035008876003552,37846112.75,0.07,1647878400000.0,0.15,-280350.0,3855467.0,1.21,2.762,6660.0,0.8,,82.73,华融化学,67.528,,480000000.0,0,9.76,创业板
SZ301231,139.2751699172107,,6.2389,11,-3.25,False,0.01,2.958,65431000.0,28.28,3.46,,-9.01,1850388680.0,,2386832000.0,,100.0,-4.370639450288164,-9.12,0.0,15.073316266664772,93850494.5,-0.95,1662566400000.0,-0.43,-4393472.0,3287250.0,0.79,2.958,6636.0,5.02,,26.4,荣信文化,-65.189,,84400000.0,0,29.23,创业板
SZ301121,-61.04396580217226,,2.1762,11,0.23,False,0.01,2.107,76760674.0,35.39,3.99,116.92,-11.17,2716560253.0,,3497454157.0,,100.0,-0.12100267120940394,-43.75,0.34,27.33040061192653,43445024.3,0.08,1659888000000.0,-0.02,4557711.0,1221940.0,1.14,2.107,6627.0,1.59,,45.36,紫建电子,-1737.407,,98826057.0,0,35.31,创业板
SZ002872,-26.80818378353136,,3.7798,11,-1.13,False,0.01,1.01,214918134.0,6.12,3.07,31.4064,25.93,1315298980.0,,1946160000.0,,100.0,-2.2009621857649124,-65.31,0.33,-3.7941456544050456,25701974.0,-0.07,1495123200000.0,-0.13,156126.0,4142200.0,1.16,1.01,6574.0,1.93,,43.99,ST天圣,-45.382,,318000000.0,0,6.19,深市主板
SZ301328,-10.074549676034083,0.0,9.569,11,1.2,False,0.01,3.784,115164065.0,47.4,7.71,55.9909,45.33,5458776681.0,1790697600000.0,7552986701.0,0.711,100.0,4.9135228866168585,36.3,0.32,21.566023303650628,152354898.77,0.56,1662566400000.0,0.61,-8556683.0,3186693.0,1.35,3.784,6573.0,2.77,,11.36,维峰电子,78.2,,159345711.0,0,46.84,创业板
SZ301168,-75.19682363391634,0.0,4.5183,11,4.19,False,0.01,2.375,95313336.0,42.02,4.76,,-9.97,4005066379.0,1790697600000.0,5042400000.0,0.052,100.0,-0.12326630023988207,-18.58,0.05,-14.92060439273325,120931099.0,1.69,1639065600000.0,-0.02,13491677.0,2896900.0,3.35,2.375,6559.0,3.04,,57.4,通灵股份,-1915.777,,120000000.0,0,40.33,创业板
SZ301090,-22.19348537865261,0.0,0.7841,11,2.02,False,0.01,1.62,1470933296.0,7.08,3.89,,0.95,10414207736.0,1790697600000.0,10414207736.0,0.367,100.0,4.484573426303492,-50.49,0.14,-7.865991923154159,50513044.2,0.14,1635177600000.0,0.2,-2532573.0,7144720.0,1.47,1.621,6549.0,0.49,,81.53,华润材料,36.177,,1470933296.0,0,6.94,创业板
SZ001255,-61.71227623214705,,4.5752,11,-0.33,False,0.01,2.547,77213784.0,27.01,3.1,,-15.56,2085544306.0,,2350091050.0,0.148,100.0,0.9457479362175183,15.22,-0.15,24.308071448752866,31529434.96,-0.09,1664467200000.0,0.09,860300.0,1158800.0,0.93,2.547,6544.0,1.5,,44.01,博菲电气,300.524,,87008184.0,0,27.1,深市主板
SZ301556,-8.386206095807236,0.0,10.0742,11,-2.25,False,0.01,4.969,29480000.0,58.72,3.73,65.2289,-39.89,1731065600.0,1790697600000.0,5007641600.0,0.4,100.0,9.981711395313534,-54.42,0.1,1.678111475461752,50960543.29,-1.35,1729094400000.0,1.14,-1657949.0,858018.0,0.74,4.969,6543.0,2.91,,800.07,托普云农,51.309,,85280000.0,0,60.07,创业板
SZ300930,9.758158054429678,,2.6741,11,2.12,False,0.01,2.739,47125001.0,26.02,4.32,,-12.13,1226192526.0,,2602000000.0,0.384,100.0,6.640734505104618,-33.36,0.31,47.374280820918166,46136098.84,0.54,1611158400000.0,0.61,-1611756.0,1764942.0,1.66,2.739,6532.0,3.75,,178.26,屹通新材,42.391,,100000000.0,0,25.48,创业板
SZ001210,123.09555626489015,,4.5008,11,-4.71,False,0.01,3.998,133419891.0,25.92,5.85,15.3163,113.36,3458243575.0,,5690418376.0,0.691,100.0,9.747484535331102,101.8,0.27,10.77668073062008,138716276.22,-1.28,1627488000000.0,0.62,334436.0,5321667.0,1.38,3.998,6458.0,3.99,,43.98,金房能源,41.971,,219537746.0,0,27.2,深市主板
SZ300907,-9.55718179469429,,3.195,11,2.3,False,0.01,6.403,96000000.0,53.48,9.64,,81.19,5134080000.0,,5134080000.0,0.467,100.0,4.696352896424484,-5.61,0.24,30.27094418192253,260426620.74,1.2,1605628800000.0,0.39,28901297.0,4714465.0,1.33,6.403,6444.0,4.91,,319.65,康平科技,136.795,,96000000.0,0,52.28,创业板
SZ301220,-32.444516678109515,0.0,2.8862,11,-1.83,False,0.01,1.869,78122061.0,28.49,6.62,14.9645,-24.23,2225697518.0,1790697600000.0,3219566410.0,0.523,100.0,1.6823171966213941,-17.33,-0.07,23.91359415737815,47630021.2,-0.53,1655827200000.0,0.26,3058833.0,1640520.0,0.83,1.869,6439.0,2.1,,36.13,亚香股份,110.53,,113006894.0,0,29.02,创业板
SZ301157,-0.4686354423481309,,13.0739,11,-2.45,False,0.01,3.258,48460372.0,60.2,7.81,62.0971,15.96,2917314394.0,,3612000000.0,0.249,100.0,2.9488658070863316,-20.67,0.13,1.6623640534971784,33556976.0,-1.51,1678291200000.0,0.54,1061714.0,551300.0,0.85,3.258,6431.0,1.14,,50.04,华塑科技,111.587,,60000000.0,0,61.71,创业板
SZ001376,13.327491497906085,0.0,5.3086,11,0.57,False,0.01,4.497,214990313.0,12.25,3.94,23.4474,-26.52,2633631334.0,1790697600000.0,5985350000.0,0.767,100.0,15.732877761218939,-66.6,0.41,3.1593059575356186,160880161.0,0.07,1698940800000.0,0.4,5911112.0,13080200.0,0.49,3.829,6427.0,6.08,,753.07,百通能源,30.577,,488600000.0,0,12.18,深市主板
SZ002998,-8.168446959591014,,1.0122,11,1.01,False,0.01,1.629,270497244.0,8.03,2.89,7.3096,11.39,2172092869.0,,2849210799.0,4.608,100.0,5.472205557818874,36.37,0.5,6.2248435389716805,82181005.0,0.08,1600963200000.0,0.27,2056590.0,10268000.0,1.01,1.629,6408.0,3.8,,43.93,优彩资源,30.268,,354820772.0,0,7.95,深市主板
SZ002986,,0.0,0.4667,11,1.43,False,0.01,1.218,301837442.0,12.75,3.82,8.987,19.38,3848427386.0,1790697600000.0,4846547748.0,0.776,100.0,1.1964785925571435,-20.47,0.24,26.66866061498132,47062773.48,0.18,1591027200000.0,0.13,-4049987.0,3685200.0,1.31,1.218,6390.0,1.22,,44.01,宇新股份,101.036,,380121392.0,0,12.57,深市主板
SZ301360,,,8.5669,11,-1.48,False,0.01,3.434,34054508.0,58.74,7.01,48.4494,8.11,2000361800.0,,4099203794.0,0.456,100.0,4.099356621068714,29.6,0.1,19.77962541044591,144281599.3,-0.88,1682352000000.0,0.69,-9391662.0,2402852.0,1.05,3.433,6387.0,7.06,,-9.14,荣旗科技,85.524,,69785560.0,0,59.62,创业板
SZ301036,-68.06511353711262,,1.5233,11,-0.54,False,0.01,1.326,69679408.0,22.28,3.44,,-34.42,1552457210.0,,2228000000.0,1.346,100.0,0.3724357069117366,-49.87,-0.45,0.35684250984728827,24141613.0,-0.12,1627488000000.0,0.06,-305635.0,1075400.0,1.22,1.368,6374.0,1.54,,116.68,双乐股份,358.972,,100000000.0,0,22.4,创业板
SZ301040,38.052363466651016,,3.6025,11,-3.28,False,0.01,3.684,94364196.0,25.08,5.32,,-11.66,2366654036.0,,2508027638.0,,100.0,-10.242051354177221,-39.17,0.64,3.219271029500126,34588926.0,-0.85,1627920000000.0,-0.82,1368240.0,1368600.0,1.1,3.684,6339.0,1.45,,238.69,中环海陆,-30.65,,100001102.0,0,25.93,创业板
SZ301131,-46.41141041592345,,1.0278,11,0.09,False,0.01,1.72,39154877.0,33.73,2.73,,-29.79,1320694001.0,,1843763865.0,0.534,100.0,1.529358664285632,-53.63,0.15,10.494877054241192,28010849.78,0.03,1647187200000.0,0.27,1795885.0,831893.0,1.21,1.719,6322.0,2.12,,157.67,聚赛龙,123.804,,54662433.0,0,33.7,创业板
SZ301028,14.936334399192685,0.0,3.7793,11,-0.61,False,0.01,2.86,250599899.0,12.96,3.37,17.6778,-10.62,3247774691.0,1790697600000.0,5006775370.0,1.535,100.0,14.479915060280796,-38.03,0.78,14.35413836323518,38220133.24,-0.08,1626710400000.0,0.62,-260389.0,2950552.0,0.57,2.843,6303.0,1.18,,215.82,鼎熔岩,20.816,,386325260.0,0,13.04,创业板
SZ003008,6.366693948031443,,9.4432,11,-0.4,False,0.01,1.971,80220061.0,19.76,1.76,17.1509,-4.54,1585148405.0,,2055040000.0,5.061,100.0,7.598730958843944,-15.04,-0.15,1.7715200196988468,25884111.87,-0.08,1600790400000.0,0.77,617742.0,1306427.0,1.43,1.971,6292.0,1.63,,43.98,开普检测,25.648,,104000000.0,0,19.84,深市主板
SZ001202,-5.68397930429394,,1.1813,11,1.28,False,0.01,2.857,116823955.0,15.07,3.29,,-3.65,1760537002.0,,2512035028.0,1.321,100.0,7.301891502000342,17.94,-0.2,37.17843059953883,33659056.78,0.19,1619625600000.0,0.37,320513.0,2234710.0,1.73,2.857,6257.0,1.91,,44.0,炬申股份,41.149,,166691110.0,0,14.88,深市主板
SZ300717,3.439610782005831,,5.5309,11,-4.13,False,0.01,2.763,101853400.0,19.94,4.95,14.7779,5.74,2030956796.0,,2049333500.0,1.003,100.0,6.881999083862094,101.96,0.0,5.29495857630089,116714980.96,-0.86,1509897600000.0,0.49,2670080.0,5754027.0,1.26,2.763,6238.0,5.65,,44.03,华信新材,40.958,,102775000.0,0,20.8,创业板
SZ001209,-30.740966360490486,,1.3814,11,2.97,False,0.01,1.983,96126596.0,19.43,4.03,22.0576,-6.18,1867739760.0,,2555486450.0,0.602,100.0,1.9750840029516394,-18.74,0.1,5.504781952462756,69066467.5,0.56,1626969600000.0,0.19,4349185.0,3566745.0,1.12,1.982,6198.0,3.71,,44.01,洪兴股份,100.763,,131522720.0,0,18.87,深市主板
SZ301717,74.20962961970315,,54.9947,11,-4.85,False,0.01,33.782,17426366.0,321.62,6.07,113.536,387.38,5604667833.0,,32755760049.0,,100.0,27.934408956917085,-28.53,0.34,63.26712925809295,476682925.99,-16.38,1786377600000.0,2.33,-7713773.0,1448265.0,0.63,12.963,6186.0,8.31,,662.24,超纯应材,138.018,,101846154.0,0,338.0,创业板
SZ301696,59.344092288591966,0.0,24.7975,11,-2.16,False,0.01,16.067,30083354.0,85.2,5.05,63.5778,247.98,2563101761.0,1790697600000.0,34080852000.0,1.027,100.0,34.933806202885044,-4.57,0.12,50.34631067861226,105335872.89,-1.88,1775750400000.0,1.32,-841147.0,1218682.0,1.12,16.067,6182.0,4.05,,272.77,三瑞智能,64.761,,400010000.0,0,87.08,创业板
SZ301138,15.757280529480443,,4.698,11,-0.39,False,0.01,2.861,68560140.0,28.25,3.03,30.2929,-24.51,1936823955.0,,3390000000.0,4.248,100.0,9.069007042502463,-20.71,0.14,13.563234201445674,25878229.55,-0.11,1639497600000.0,0.88,2386574.0,914133.0,0.96,2.861,6163.0,1.33,,210.2,华研精机,32.157,,120000000.0,0,28.36,创业板
SZ301212,-40.97323624296515,,3.9887,11,6.99,False,0.01,2.227,93750000.0,28.0,10.51,61.9033,-6.14,2625000000.0,,3024000000.0,0.364,100.0,1.0960023633700124,-17.18,0.07,7.583856828457569,108427484.46,1.83,1650297600000.0,0.14,6796944.0,3897259.0,3.8,2.227,6135.0,4.16,,30.74,联盛化学,203.535,,108000000.0,0,26.17,创业板
SZ300977,-37.073509494529674,,5.9218,11,5.41,False,0.01,2.239,95773533.0,20.08,15.91,,17.64,1923132543.0,,3076222406.0,0.742,100.0,1.2572130625303537,-40.37,0.25,6.232345211267942,154528695.56,1.03,1618848000000.0,0.11,20357710.0,7639426.0,1.45,2.224,6119.0,7.98,,13.76,深圳瑞捷,177.874,,153198327.0,0,19.05,创业板
SZ301603,46.90546434156373,0.0,4.4789,11,-1.19,False,0.01,5.074,37732500.0,111.67,5.68,76.9523,47.93,4213588275.0,1790697600000.0,13485269200.0,0.269,100.0,18.22682656916524,94.04,0.51,34.71457955601731,195976583.91,-1.34,1720540800000.0,3.69,9209210.0,1723025.0,1.44,5.074,6104.0,4.57,,103.77,乔锋智能,30.268,,120760000.0,0,113.01,创业板
SZ301020,12.85325442623626,,5.3971,11,0.72,False,0.01,3.213,146400000.0,22.24,2.99,26.5604,2.06,3255936000.0,,3255936000.0,1.619,100.0,9.855773992245744,-9.5,0.18,7.771318821837769,73811092.45,0.16,1625500800000.0,0.67,1770899.0,3311792.0,0.6,3.213,6080.0,2.26,,213.25,密封科技,33.418,,146400000.0,0,22.08,创业板
SZ300994,-27.70747815228948,,0.793,11,-0.44,False,0.01,2.393,118412160.0,11.37,2.8,11.2243,-24.74,1346346259.0,,2650210560.0,4.925,100.0,7.172293180435576,-35.76,-0.26,18.275655961447825,18948310.0,-0.05,1628697600000.0,0.36,-1219885.0,1656300.0,0.82,2.393,6076.0,1.4,,189.92,久祺股份,31.328,,233088000.0,0,11.42,创业板
SZ301479,9.89211130069374,0.0,3.1529,11,-3.71,False,0.01,4.413,71300912.0,46.14,6.39,22.7823,-25.45,3289824080.0,1790697600000.0,5746804641.0,0.774,100.0,14.415669443831227,-29.42,0.04,37.457721039377255,83834045.35,-1.78,1742227200000.0,1.43,64046.0,1783419.0,0.96,4.413,6070.0,2.5,,282.03,弘景光电,32.321,,124551466.0,0,47.92,创业板
SZ301310,-6.550531732678866,0.0,2.5201,11,-0.96,False,0.01,4.973,98427244.0,61.01,7.61,,100.38,6005046156.0,1790697600000.0,11704532757.0,0.534,100.0,5.756907734058729,88.95,0.63,42.60725786805308,555761210.93,-0.59,1685635200000.0,0.7,-30167004.0,9326542.0,1.01,4.95,6064.0,9.48,,-2.26,鑫宏业,87.631,,191846136.0,0,61.6,创业板
SZ301281,-31.20033852333667,,9.866,11,-3.24,False,0.01,3.463,108290000.0,45.72,9.95,82.3023,56.2,4951018800.0,,4951018800.0,0.109,100.0,2.743781709837792,60.66,-0.44,8.978083269768632,127034302.36,-1.53,1680537600000.0,0.36,-5703888.0,2716900.0,1.38,3.463,6056.0,2.51,,-12.29,科源制药,128.391,,108290000.0,0,47.25,创业板
SZ001380,15.517759197891646,0.0,2.4772,11,0.11,False,0.01,2.521,232732365.0,18.81,2.71,16.8825,-17.29,4377695786.0,1790697600000.0,5094767652.0,0.532,100.0,13.957913759350452,18.03,0.16,19.649098917106713,39736619.5,0.02,1684166400000.0,0.98,44827.0,2124171.0,0.86,2.52,6044.0,0.91,,7.04,华纬科技,19.236,,270854208.0,0,18.79,深市主板
SZ300509,92.55662277726925,,1.9265,11,-0.23,False,0.01,3.626,247103523.0,8.75,3.53,10.5241,-30.51,2162155826.0,,2593500000.0,1.829,100.0,21.2619314028764,123.56,0.0,16.98993885558009,55337678.09,-0.02,1461513600000.0,0.46,2201471.0,6292623.0,1.25,3.626,6037.0,2.55,,44.02,新美星,18.833,,296400000.0,0,8.77,创业板
SZ301499,-3.6321758733024456,,3.3075,11,-2.63,False,0.01,2.627,138254866.0,24.79,4.63,100.5442,-15.59,3427338128.0,,3427338128.0,0.496,100.0,4.294213698108363,-37.11,-0.12,13.89390176120424,34488834.42,-0.67,1689868800000.0,0.4,-2363161.0,1376281.0,0.6,2.627,6018.0,1.0,,80.92,维科精密,61.885,,138254866.0,0,25.46,创业板
SZ301589,2.987373040639363,0.0,3.7786,11,-2.57,False,0.01,3.461,34464960.0,152.96,3.31,19.1516,-6.14,5271760282.0,1790697600000.0,14140846080.0,0.99,100.0,16.04863822254504,-13.88,0.04,9.78676395519884,85352689.32,-4.04,1707321600000.0,6.77,-7387912.0,553594.0,0.91,3.461,6018.0,1.61,,202.62,诺瓦星云,22.606,,92448000.0,0,157.0,创业板
SZ301500,86.60926007144938,0.0,0.737,11,-0.79,False,0.01,2.492,144050668.0,24.01,3.6,,53.35,3458656539.0,1790697600000.0,13471597236.0,0.229,100.0,15.462184890986341,5.88,0.04,37.710998000214914,160494297.17,-0.19,1695225600000.0,1.38,-1422714.0,6647159.0,0.54,2.496,6017.0,4.61,,41.76,飞南资源,17.345,,561082767.0,0,24.2,创业板
SZ300800,7.9188917246160395,,2.8228,11,0.19,False,0.01,1.231,234279200.0,10.63,2.92,2004.3039,-7.84,2490387896.0,,2516748170.0,0.922,100.0,2.3975772898703203,-43.76,0.19,12.529296303234648,24393978.5,0.02,1572969600000.0,0.2,-416104.0,2296400.0,0.91,1.231,5999.0,0.98,,44.0,力合科技,51.909,,236759000.0,0,10.61,创业板
SZ301280,28.542892707799794,0.0,3.5722,11,-5.31,False,0.01,3.769,99433446.0,38.88,7.06,64.0772,3.38,3865972380.0,1790697600000.0,7445216580.0,1.314,100.0,13.418617471967378,120.35,0.39,25.335355956600793,106712116.3,-2.18,1671984000000.0,1.32,-2302564.0,2703539.0,1.06,3.769,5992.0,2.72,,-18.53,珠城科技,29.467,,191492196.0,0,41.06,创业板
SZ300998,-41.42038348307563,,3.0965,11,-2.86,False,0.01,3.136,107680580.0,28.82,4.82,63.5927,32.43,3103354316.0,,3953217209.0,0.687,100.0,3.8732249228341407,-26.34,-0.03,9.283852921105517,94171170.86,-0.85,1622563200000.0,0.36,-7324132.0,3255700.0,0.65,3.136,5989.0,3.02,,644.19,宁波方正,80.918,,137169230.0,0,29.67,创业板
SZ300625,,,1.5863,11,-0.5,False,0.01,1.515,161971756.0,9.95,3.3,83.0789,-13.97,1611618972.0,,2779343450.0,2.513,100.0,-3.678823657732444,-40.56,0.0,-10.465404196246409,22907392.6,-0.05,1489680000000.0,-0.25,3406425.0,2293660.0,1.32,1.515,5980.0,1.42,,43.99,三雄极光,-39.671,,279331000.0,0,10.0,创业板
SZ301336,-5.637940093216287,,7.5921,11,-2.4,False,0.01,2.525,40165926.0,40.67,4.73,,2.67,1633548210.0,,2110957642.0,0.472,100.0,2.9881286784980814,-27.78,0.2,-14.086976477927227,35310778.7,-1.0,1660233600000.0,0.48,-3131977.0,860960.0,1.07,2.525,5978.0,2.14,,171.04,趣睡科技,85.194,,51904540.0,0,41.67,创业板
SZ301042,-30.6807631292598,0.0,4.9066,11,-1.47,False,0.01,2.633,92251024.0,28.75,5.24,,-54.5,2652216940.0,1790697600000.0,2782343178.0,0.974,100.0,2.725439979431658,-40.4,-0.07,-0.4113389312869864,66230942.22,-0.43,1628092800000.0,0.3,-4668679.0,2269742.0,0.99,2.633,5956.0,2.46,,56.76,安联锐视,96.983,,96777154.0,0,29.18,创业板
SZ300640,,,1.7964,11,-0.32,False,0.01,2.437,227746405.0,6.23,4.64,,-19.18,1418860103.0,,1937489050.0,0.401,100.0,-0.3020421664804194,65.28,0.32,15.295768578317226,54979043.0,-0.02,1492358400000.0,-0.01,1626973.0,8725200.0,0.91,2.437,5954.0,3.83,,44.0,德艺文创,-801.819,,310993427.0,0,6.25,创业板
SZ300904,,,3.3396,11,2.44,False,0.01,6.726,34583232.0,52.08,10.13,,-16.82,1801094723.0,,3769718723.0,,100.0,-16.64143181347888,-3.69,0.17,39.713915281816,211466036.43,1.24,1691510400000.0,-1.41,-1868739.0,4250238.0,1.11,6.726,5944.0,12.29,,261.48,威力传动,-36.875,,72383232.0,0,50.84,创业板
SZ301501,-19.681046176107987,0.0,2.0449,11,-1.57,False,0.01,1.869,43500000.0,26.4,2.39,15.6045,-38.8,1148400000.0,1790697600000.0,3904560000.0,1.326,100.0,7.845696932134503,-55.51,-0.38,11.617823496069303,16977512.32,-0.42,1742313600000.0,1.09,-1486173.0,637182.0,0.57,1.869,5943.0,1.46,,79.06,恒鑫生活,24.321,,147900000.0,0,26.82,创业板
SZ301129,,,5.594,11,-1.51,False,0.01,1.7,67472500.0,22.8,4.41,49.2521,-3.6,1538373000.0,,3097776720.0,1.053,100.0,7.181508755842341,-22.41,0.31,12.786542307941051,36634405.08,-0.35,1635782400000.0,0.94,-1630390.0,1591156.0,1.0,1.7,5942.0,2.36,,16.62,瑞纳智能,24.342,,135867400.0,0,23.15,创业板
SZ300877,78.55864627292874,,2.6288,11,-2.35,False,0.01,1.892,119998500.0,26.2,11.67,15.7123,-9.5,3143960700.0,,3144000000.0,1.271,100.0,6.309883991304218,-42.49,0.23,13.249185780157124,50507764.6,-0.63,1598198400000.0,0.85,-3238620.0,1932124.0,1.31,1.892,5919.0,1.61,,92.53,金春股份,30.721,,120000000.0,0,26.83,创业板
SZ300980,56.91565414673254,,4.644,11,-0.25,False,0.01,2.129,138655957.0,15.94,6.13,62.9741,-31.69,2210175955.0,,3059444809.0,0.878,100.0,6.632379148914455,-37.59,0.31,23.724126049444628,95591004.4,-0.04,1618934400000.0,0.49,-2331612.0,5933780.0,1.92,2.129,5911.0,4.28,,66.43,祥源新材,32.621,,191935057.0,0,15.98,创业板
SZ301161,49.65330674268878,,4.014,11,-3.01,False,0.01,3.372,77197575.0,27.7,6.06,26.3251,-26.44,2138372828.0,,3324000000.0,0.603,100.0,11.420846490397611,4.75,0.07,34.66499290559752,66438023.08,-0.86,1663084800000.0,0.9,-1411872.0,2370308.0,1.09,3.372,5893.0,3.07,,50.32,唯万密封,30.89,,120000000.0,0,28.56,创业板
SZ301016,4.4699421909107695,0.0,11.7684,11,-3.4,False,0.01,4.329,293823968.0,14.48,4.6,66.3381,-9.61,4254571057.0,1790697600000.0,4436802696.0,0.739,100.0,6.688173789256798,13.36,-0.48,1.7493677065711921,36019499.08,-0.51,1624982400000.0,0.22,-713026.0,2460336.0,0.73,4.32,5893.0,0.84,,213.75,雷尔伟,66.107,,306409026.0,0,14.99,创业板
SZ301551,-4.36822945538744,0.0,14.4178,11,-2.02,False,0.01,3.654,154553720.0,21.39,2.89,44.4302,-30.13,3305904071.0,1790697600000.0,8556213900.0,4.675,100.0,10.523181570441755,-25.82,0.05,-3.449098938927775,106565290.7,-0.44,1727280000000.0,0.64,-255706.0,4958950.0,0.67,3.654,5886.0,3.21,,318.83,无线传媒,33.67,,400010000.0,0,21.83,创业板
SZ200488,9.693771102027227,,0.143,11,-1.59,False,0.01,10.049,706385266.0,0.62,3.17,,-15.07,437958865.0,,1823702844.0,,100.0,-190.86267355742447,29.09,0.0,-8.833473753433886,578623.0,-0.01,864576000000.0,-2.08,-167307.0,938400.0,0.96,9.968,5876.0,0.13,,0.0,ST晨鸣B,-0.298,,2941456200.0,0,0.63,B股
SZ301333,-15.062245080457714,0.0,6.5292,11,-4.75,False,0.01,3.069,96458474.0,63.5,6.21,96.4305,6.96,6125113099.0,1790697600000.0,6132909756.0,0.25,100.0,6.188103398616371,30.77,0.27,13.290961439379334,133768947.35,-3.17,1659369600000.0,1.25,-4915592.0,2081238.0,0.94,3.069,5844.0,2.16,,14.11,诺思格,51.003,,96581256.0,0,66.67,创业板
SZ001223,-55.00816787209901,0.0,5.4786,11,-2.0,False,0.01,2.767,69834800.0,40.12,6.69,45.2516,16.07,2801772176.0,1790697600000.0,5243395136.0,0.384,100.0,-0.5594589449099385,2.58,0.25,42.34339121920916,55622343.2,-0.82,1670774400000.0,-0.08,1991687.0,1366068.0,0.88,2.767,5843.0,1.96,,21.56,欧克科技,-490.605,,130692800.0,0,40.94,深市主板
SZ301177,-2.155884557644583,0.0,6.22,11,-1.42,False,0.01,1.5,400010000.0,22.83,2.68,,-19.26,9132228300.0,1790697600000.0,9138267977.0,2.19,100.0,1.6002811831926145,-84.15,-0.09,-13.285816878648205,24215908.0,-0.33,1639497600000.0,0.25,-868673.0,1052900.0,1.1,1.5,5811.0,0.26,,41.18,迪阿股份,92.874,,400274550.0,0,23.16,创业板
SZ001332,3.1501359320719846,0.0,3.6096,11,5.84,False,0.01,1.684,67204901.0,28.47,6.43,24.8553,-28.51,1913323531.0,1790697600000.0,4403910420.0,1.254,100.0,7.96305366530069,-15.96,0.39,0.17642084789413204,166545992.85,1.57,1663603200000.0,1.31,15033856.0,5905255.0,2.29,1.683,5811.0,8.79,,23.09,锡装股份,21.762,,154686000.0,0,26.9,深市主板
SZ301439,1.3318016805097033,0.0,1.2175,11,-0.65,False,0.01,1.791,183245424.0,13.72,2.46,,-6.85,2514127217.0,1790697600000.0,5338476819.0,1.458,100.0,7.1559789028254865,-47.84,0.22,25.063535608227294,33908034.38,-0.09,1678982400000.0,0.54,0.0,2459430.0,0.86,1.791,5806.0,1.34,,21.56,泓淋电力,25.32,,389101809.0,0,13.81,创业板
SZ301258,,,6.2773,11,-1.46,False,0.01,1.352,91136000.0,27.0,4.45,,-16.27,2460672000.0,,2475090000.0,0.789,100.0,0.35187664330619134,-53.79,0.3,-9.852999583767929,34927754.94,-0.4,1648483200000.0,0.07,17749.0,1289600.0,1.03,1.352,5800.0,1.42,,37.72,富士莱,374.968,,91670000.0,0,27.4,创业板
SZ301228,-75.87117345783456,0.0,15.7808,11,-2.19,False,0.01,10.247,119601900.0,50.46,4.23,,30.69,6035111874.0,1790697600000.0,6172047447.0,,100.0,-6.374270276718344,54.5,0.6,0.6429141676925321,92893824.06,-1.13,1643299200000.0,-0.34,407257.0,1835010.0,0.84,10.053,5797.0,1.53,,81.52,实朴检测,-148.561,,122315645.0,0,51.59,创业板
SZ300823,47.20646883767161,,4.331,11,0.27,False,0.01,2.032,86754167.0,14.74,2.99,20.5502,-4.24,1278756422.0,,1930685396.0,1.669,100.0,5.8303783034472305,20.23,0.2,2.6535399687155126,33811071.0,0.04,1584547200000.0,0.42,-2446774.0,2292300.0,1.13,2.032,5791.0,2.64,,44.03,建科智能,35.294,,130982727.0,0,14.7,创业板
SZ300989,,,12.3709,11,2.18,False,0.01,3.334,162894292.0,14.97,4.85,77.1631,-15.13,2438527551.0,,3152057257.0,0.067,100.0,-3.897119591657503,-32.81,0.2,-26.635156622754963,47610147.54,0.32,1620316800000.0,-0.18,4595474.0,3183169.0,1.13,3.34,5785.0,1.95,,47.81,蕾奥规划,-83.566,,210558267.0,0,14.65,创业板
SZ301093,-55.26488582858953,0.0,21.137,11,-4.34,False,0.01,5.893,203484017.0,60.37,6.72,144.1036,53.64,12284330106.0,1790697600000.0,12866740988.0,0.063,100.0,1.084414685405077,111.42,0.38,-1.3549727934770162,264267874.07,-2.74,1635696000000.0,0.11,-35389808.0,4338185.0,0.67,5.893,5754.0,2.13,,-10.09,华兰股份,533.533,,213131373.0,0,63.11,创业板
SZ300958,-58.59799897239451,,3.9153,11,0.0,False,0.01,1.58,91049427.0,12.42,3.78,16.4757,0.08,1130833883.0,,1946668311.0,,100.0,-3.755673317840666,-77.83,0.24,-31.098749713769035,30578136.0,0.0,1616947200000.0,-0.3,-2832579.0,2451200.0,1.3,1.58,5746.0,2.69,,603.4,建工修复,-41.231,,156736579.0,0,12.42,创业板
SZ301361,8.637155105316797,,10.0674,11,0.81,False,0.01,2.541,56336000.0,27.37,2.84,47.4976,-15.74,1541916320.0,,3184116320.0,0.402,100.0,7.82969396563038,-6.62,0.15,16.48406732762835,31978934.45,0.22,1668528000000.0,0.82,-1919568.0,1169199.0,1.21,2.54,5746.0,2.08,,21.82,众智科技,33.412,,116336000.0,0,27.15,创业板
SZ300517,,,13.8959,11,-3.06,False,0.01,2.141,126232850.0,11.09,4.98,11.0663,1.08,1399922307.0,,2222629521.0,0.902,100.0,-0.9064266106734318,56.42,0.09,-33.813769103799196,53024369.0,-0.35,1468857600000.0,-0.05,3070842.0,4753800.0,1.26,2.191,5743.0,3.77,,44.02,海波重科,-235.487,,200417450.0,0,11.44,创业板
SZ301322,,,4.9231,11,-5.02,False,0.01,2.017,107565855.0,40.29,8.06,,46.75,4333828298.0,,5747605325.0,0.124,100.0,-0.23199889243152483,-30.64,0.22,10.521516326577363,123808517.27,-2.13,1678032000000.0,-0.05,-2055920.0,3045361.0,0.6,2.017,5741.0,2.83,,1.37,绿通科技,-875.552,,142655878.0,0,42.42,创业板
SZ301262,-11.4645382938948,0.0,9.0829,11,0.78,False,0.01,2.238,122075392.0,20.71,6.33,,-14.99,2528181368.0,1790697600000.0,8636070000.0,2.994,100.0,8.965587453422891,-37.3,0.1,-0.9850380678736559,326061515.67,0.16,1687190400000.0,0.82,-24157.0,15812772.0,1.67,2.238,5717.0,12.95,,24.26,海看股份,25.239,,417000000.0,0,20.55,创业板
SZ300965,-42.24918675932279,,15.2334,11,-1.06,False,0.01,2.096,54993750.0,41.88,4.7,80.2664,-40.14,2303138250.0,,2512800000.0,1.098,100.0,0.20092157578843364,-68.17,-0.02,,37483232.0,-0.45,1617292800000.0,0.04,4815318.0,883600.0,1.47,2.096,5697.0,1.61,,108.0,恒宇信通,1028.086,,60000000.0,0,42.33,创业板
SZ001324,-27.87599115552817,,5.616,11,0.64,False,0.01,2.441,138000000.0,20.39,5.77,89.701,13.46,2813820000.0,,2813820000.0,0.353,100.0,2.525652353844756,-7.88,0.0,-0.6025078794006267,94529053.1,0.13,1684684800000.0,0.21,20022660.0,4569736.0,1.3,2.441,5695.0,3.31,,25.26,长青科技,97.08,,138000000.0,0,20.26,深市主板
SZ301618,-33.39816448508095,0.0,6.2199,11,2.04,False,0.01,4.064,48151411.0,30.49,4.59,46.7551,-10.38,1468136521.0,1790697600000.0,3850954200.0,0.495,100.0,3.2702883462016836,-39.03,0.1,8.375043725189556,34892064.86,0.61,1727625600000.0,0.24,3075859.0,1142536.0,1.84,4.064,5690.0,2.37,,1703.98,长联科技,125.116,,126302204.0,0,29.88,创业板
SZ300826,-50.03363663908982,,4.1645,11,-2.42,False,0.01,2.217,221565887.0,14.5,5.25,74.7665,9.92,3212705362.0,,3309190421.0,0.159,100.0,0.5863621630208894,32.77,-0.07,-3.28180067918582,44188857.12,-0.36,1585843200000.0,0.04,-9242515.0,3025110.0,0.63,2.217,5687.0,1.37,,44.01,测绘股份,394.137,,228220029.0,0,14.86,创业板
SZ301563,57.00498313422007,0.0,1.9141,11,-2.56,False,0.01,6.465,53918363.0,102.73,5.45,,-12.38,5539033431.0,1790697600000.0,8696189833.0,0.774,100.0,19.64918635686037,11.9,0.17,32.777111112012314,187821365.31,-2.7,1759161600000.0,2.49,2225953.0,1800169.0,1.14,6.465,5655.0,3.34,,332.59,云汉芯城,41.24,,84650928.0,0,105.43,创业板
SZ300833,-18.261514590132144,0.0,4.6236,11,0.34,False,0.01,2.263,81253477.0,43.69,3.42,23.9657,9.73,3549964410.0,1790697600000.0,5526369945.0,1.602,100.0,7.685308251341483,18.85,0.02,-0.9708849058346902,53757583.37,0.15,1589904000000.0,1.46,1869077.0,1233287.0,0.73,2.263,5637.0,1.52,,44.0,浩洋股份,29.925,,126490500.0,0,43.54,创业板
SZ200505,,,0.178,11,-1.53,False,0.01,0.42,64975000.0,1.93,0.0,1.479,-14.6,125401750.0,,1403013984.0,,100.0,-9.17180858831658,11.78,0.0,-20.557936002884947,119660.0,-0.03,804355200000.0,-0.44,0.0,62000.0,0.86,0.417,5627.0,0.1,,0.78,京粮B,-4.342,,726950251.0,0,1.96,B股
SZ301234,-22.915112312101837,,22.6428,11,9.09,False,0.01,13.191,40318026.0,147.98,9.16,194.0621,250.16,5966261487.0,,10062640000.0,0.135,100.0,3.1331720567177146,206.03,0.69,-7.0215734900969995,367695150.56,12.33,1656950400000.0,0.35,-2469408.0,2568333.0,0.86,13.191,5622.0,6.37,,78.96,五洲医疗,423.846,,68000000.0,0,135.65,创业板
SZ301172,-26.50433104081692,,7.7411,11,-0.12,False,0.01,2.567,166287854.0,17.0,5.76,175.5186,0.86,2826893518.0,,3821576166.0,0.453,100.0,1.9376853990976495,-34.13,0.29,9.054619812059306,104693357.31,-0.02,1690300800000.0,0.13,12287951.0,6198534.0,1.32,2.567,5620.0,3.73,,34.7,君逸数码,133.445,,224798598.0,0,17.02,创业板
SZ301260,,0.0,1.0981,11,-1.45,False,0.01,1.38,205505655.0,11.52,3.34,,-32.43,2367425146.0,1790697600000.0,5571175496.0,,100.0,-14.877708496913183,-68.78,0.17,3.2750176563767663,16784831.0,-0.17,1675785600000.0,-1.35,-982614.0,1445900.0,1.03,1.38,5610.0,0.7,,24.15,格力博,-8.535,,483608984.0,0,11.69,创业板
SZ001239,-68.51503684879964,,1.4416,11,1.63,False,0.01,2.21,114000000.0,12.5,4.63,16.1987,-23.41,1425000000.0,,3000000000.0,,100.0,-0.5191907338288861,-54.56,-0.08,37.25468858171317,48591801.38,0.2,1702310400000.0,-0.03,1928895.0,3866449.0,1.16,2.21,5592.0,3.39,,96.85,永达股份,-424.543,,240000000.0,0,12.3,深市主板
SZ300992,-65.0135521368832,,2.6356,11,-2.46,False,0.01,2.72,77988271.0,26.2,4.54,18.4769,-2.67,2043292700.0,,2496880200.0,0.282,100.0,-0.20543949565147457,-25.94,-0.34,10.413006730773166,65343605.26,-0.66,1621872000000.0,-0.02,-163557.0,2456953.0,0.84,2.838,5581.0,3.15,,433.97,泰福泵业,-1334.665,,95300771.0,0,26.86,创业板
SZ001257,18.58433261981487,0.0,10.1888,11,-0.24,False,0.01,4.872,150499802.0,20.42,1.91,36.463,162.54,3073205957.0,1790697600000.0,37490115683.0,0.735,100.0,15.063583360507405,-12.49,0.05,24.456662751304425,171927785.76,-0.05,1774886400000.0,0.54,-2221596.0,8397327.0,1.16,4.872,5578.0,5.58,,253.96,盛龙股份,38.045,,1835950817.0,0,20.47,深市主板
SZ301268,,0.0,1.2617,11,-0.42,False,0.01,3.358,362535444.0,11.73,3.57,,-35.66,4252540758.0,1790697600000.0,4701955415.0,,100.0,-17.20587800748192,-59.92,-0.26,-0.5658760851972033,35133065.0,-0.05,1649260800000.0,-0.71,-7944209.0,2977600.0,0.94,3.355,5576.0,0.82,,6.67,铭利达,-16.512,,400848714.0,0,11.78,创业板
SZ301656,,0.0,1.5964,11,0.44,False,0.01,3.565,330841360.0,13.77,3.79,14.1706,-47.79,4555685527.0,1790697600000.0,33622638073.0,0.305,100.0,6.670301362293129,-59.64,0.0,31.961333566341654,103205264.18,0.06,1758729600000.0,0.2,3050390.0,7474846.0,1.48,3.511,5565.0,2.26,,147.6,联合动力,67.753,,2441731160.0,0,13.71,创业板
SZ301075,13.708144029439895,0.0,33.8407,11,-4.07,False,0.01,7.35,56600000.0,60.6,5.97,,1.56,3429960000.0,1790697600000.0,4848000000.0,,100.0,-7.441194303704248,14.47,0.25,-25.47267568161311,71716275.0,-2.57,1632844800000.0,-0.6,-396026.0,1163800.0,1.37,7.35,5550.0,2.06,,64.69,多瑞医药,-100.713,,80000000.0,0,63.17,创业板
SZ300583,-2.7333281458097325,,2.3336,11,0.73,False,0.01,1.486,186148926.0,13.8,3.8,12.0873,0.85,2568855179.0,,2617889339.0,0.036,100.0,0.5508749789576534,-52.08,-0.22,-1.3918498371701005,102008624.6,0.1,1483632000000.0,0.05,-559718.0,7309140.0,2.21,1.486,5548.0,3.93,,44.01,赛托生物,268.034,,189702126.0,0,13.7,创业板
SZ301628,9.216829276823413,0.0,7.3729,11,-3.64,False,0.01,6.719,29062800.0,106.29,8.4,84.0522,20.29,3089085012.0,1790697600000.0,8011693782.0,0.47,100.0,10.40994594143711,-3.33,0.06,19.98783403281128,273270873.15,-4.01,1730304000000.0,1.59,5359639.0,2505960.0,0.63,6.719,5538.0,8.62,,387.93,强达电路,66.879,,75375800.0,0,110.3,创业板
SZ301592,-24.33143017268965,0.0,15.9034,11,-2.93,False,0.01,8.052,23358424.0,106.78,6.73,,-12.56,2494212515.0,1790697600000.0,7474600000.0,0.072,100.0,6.631342419226425,-59.54,-0.03,10.718067966830901,156873330.37,-3.22,1729699200000.0,0.85,11164628.0,1449386.0,1.44,8.052,5519.0,6.2,,476.47,六九一二,125.091,,70000000.0,0,110.0,创业板
SZ301109,14.231803077282423,0.0,3.6409,11,1.01,False,0.01,1.388,624288808.0,13.05,1.32,6.423,-9.58,8146968944.0,1790697600000.0,10297765988.0,4.881,100.0,9.98144048291755,8.17,-0.08,15.977713525891723,42809017.56,0.13,1649779200000.0,0.94,220784.0,3289789.0,1.21,1.388,5519.0,0.53,,-10.17,军信股份,13.838,,789100842.0,0,12.92,创业板
SZ300931,,,10.9234,11,3.7,False,0.01,7.599,195426403.0,18.48,6.45,118.902,66.94,3611479927.0,,4493800080.0,,100.0,-8.907400742392534,17.49,0.22,-5.296225229513851,305880039.0,0.66,1611158400000.0,-0.22,-5047004.0,16568600.0,0.57,7.598,5495.0,8.48,,275.87,通用电梯,-83.641,,243171000.0,0,17.82,创业板
SZ301617,-2.311996107013492,0.0,6.2749,11,-0.13,False,0.01,5.198,68952000.0,53.9,6.02,,-9.46,3716512800.0,1790697600000.0,9364154800.0,0.471,100.0,9.808100498263606,4.63,0.04,14.001703428605738,131580626.12,-0.07,1733846400000.0,0.98,8506122.0,2424417.0,1.06,5.198,5467.0,3.52,,188.47,博苑新材,54.813,,173732000.0,0,53.97,创业板
SZ301529,21.681030097211206,0.0,9.1134,11,-5.36,False,0.01,10.839,63566674.0,133.06,7.81,63.0205,64.32,8458181642.0,1790697600000.0,15757468699.0,0.053,100.0,10.271741186830512,178.83,0.03,22.15960450617922,422222131.9,-7.54,1694361600000.0,1.2,-54320304.0,3088390.0,0.82,10.839,5463.0,4.86,,75.57,福赛科技,111.167,,118423784.0,0,140.6,创业板
SZ301387,,0.0,3.0371,11,-2.78,False,0.01,3.261,42682602.0,48.9,6.5,32275.5251,-11.61,2087179238.0,1790697600000.0,5247063106.0,0.202,100.0,-1.3304985512044891,17.21,0.27,23.13219564098801,98982393.6,-1.4,1681747200000.0,-0.2,-1655732.0,1992228.0,1.06,3.244,5462.0,4.67,,-12.38,光大同创,-242.48,,107301904.0,0,50.3,创业板
SZ001400,-14.583647355430374,0.0,6.9532,11,-3.3,False,0.01,5.406,32214000.0,82.0,5.35,40.1799,48.93,2641548000.0,1790697600000.0,6888000000.0,0.959,100.0,6.863981261990934,38.53,0.11,-0.27616346851220275,249774464.11,-2.8,1745424000000.0,1.04,12353953.0,2988099.0,0.78,5.406,5459.0,9.28,,78.53,江顺科技,79.133,,84000000.0,0,84.8,深市主板
SZ301209,-35.459646975365814,0.0,19.8299,11,3.53,False,0.01,13.364,133956200.0,63.89,9.88,163.3124,-20.58,8558461618.0,1790697600000.0,10017952000.0,0.235,100.0,3.299396733582892,240.65,-0.2,5.2138697604165785,255858122.53,2.18,1661356800000.0,0.16,-3432712.0,4068028.0,1.33,13.364,5452.0,3.04,,160.87,联合化学,405.295,,156800000.0,0,61.71,创业板
SZ301337,,,10.078,11,-3.33,False,0.01,2.533,101933800.0,26.45,6.25,,-3.85,2696149010.0,,2756090000.0,,100.0,-1.5784362277580117,-51.32,-0.15,-4.899580216660171,47617914.7,-0.91,1685030400000.0,-0.17,166360.0,1766100.0,0.9,2.533,5434.0,1.73,,55.83,亚华电子,-159.773,,104200000.0,0,27.36,创业板
SZ301246,,0.0,2.9531,11,0.97,False,0.01,1.538,238095900.0,17.71,3.82,294.3218,-29.04,4216678389.0,1790697600000.0,7084120428.0,0.282,100.0,6.292371962521705,-59.32,0.17,12.796445518682997,134223903.9,0.17,1679241600000.0,0.7,1864859.0,7535100.0,1.5,1.538,5423.0,3.16,,-16.1,宏源药业,25.201,,400006800.0,0,17.54,创业板
SZ300947,,,1.9698,11,-0.56,False,0.01,2.022,151080544.0,15.86,5.02,3.1696,-21.25,2396137428.0,,2397043859.0,,100.0,-5.071788884334796,-54.42,0.0,1.1934596986287183,86977440.98,-0.09,1612886400000.0,-0.41,2765425.0,5416106.0,0.86,2.022,5411.0,3.58,,68.84,德必集团,-38.543,,151137696.0,0,15.95,创业板
SZ301397,-21.45599430295849,0.0,3.1082,11,-2.91,False,0.01,2.194,92458866.0,21.34,5.0,19.942,-19.24,1973072200.0,1790697600000.0,4314252145.0,1.799,100.0,5.583265131955924,-3.53,0.19,9.678987707416331,44024584.46,-0.64,1687881600000.0,0.54,-8786956.0,2037863.0,1.62,2.194,5406.0,2.2,,-15.26,溯联股份,39.705,,202167392.0,0,21.98,创业板
SZ301077,3.7401078553185085,0.0,3.9312,11,-1.51,False,0.01,3.012,95571404.0,20.93,3.34,19.1327,-18.32,2000309486.0,1790697600000.0,3563284717.0,1.433,100.0,9.941431074297622,-9.48,-0.24,14.275984897698745,17012752.0,-0.32,1632931200000.0,0.69,-316922.0,805500.0,0.74,3.009,5406.0,0.84,,20.08,星华新材,30.516,,170247717.0,0,21.25,创业板
SZ301278,-49.531985136447155,,2.5402,11,0.86,False,0.01,1.837,54086008.0,29.27,2.03,,-12.33,1583097454.0,,2625757346.0,0.137,100.0,1.6380736793807662,-56.52,-0.03,-9.015664429618441,37385326.22,0.25,1659542400000.0,0.26,1392060.0,1278822.0,1.04,1.837,5388.0,2.36,,267.42,快可电子,112.656,,89708143.0,0,29.02,创业板
SZ300886,,,4.3777,11,-0.42,False,0.01,2.959,47168350.0,23.62,3.75,31.5771,-8.62,1114116427.0,,1774287160.0,0.212,100.0,2.714752995255821,-61.49,-0.04,17.440218627138005,26814659.0,-0.1,1600185600000.0,0.21,-2509930.0,1129450.0,0.88,2.959,5381.0,2.39,,393.81,华业香料,110.524,,75118000.0,0,23.72,创业板
SZ300960,-6.625994189501306,,5.5894,11,-0.62,False,0.01,4.253,131579400.0,19.23,4.65,51.8282,-22.68,2530271862.0,,2791146042.0,1.04,100.0,7.1072768181104164,-23.75,0.1,10.303807239709517,53336425.35,-0.12,1616947200000.0,0.31,3586650.0,2753205.0,0.52,4.233,5355.0,2.09,,241.97,通业科技,62.978,,145145400.0,0,19.35,创业板
SZ300899,-17.179645530822086,,10.311,11,0.0,False,0.01,3.049,43327948.0,30.31,3.2,168.9058,-6.13,1313270104.0,,1933276854.0,2.441,100.0,0.9031462771493304,-38.72,0.53,11.8743033837859,24676610.0,0.0,1602777600000.0,0.09,32873.0,815200.0,1.37,3.049,5355.0,1.88,,219.28,上海凯鑫,329.332,,63783466.0,0,30.31,创业板
SZ301571,33.990692682332345,0.0,8.5945,11,-2.67,False,0.01,5.528,119163165.0,65.31,6.26,,13.43,7782546306.0,1790697600000.0,11718306051.0,0.175,100.0,11.800943146572388,56.09,0.25,37.13225060070957,284078453.2,-1.79,1724169600000.0,1.32,-4543374.0,4288240.0,0.99,5.528,5344.0,3.6,,220.02,国科天成,49.361,,179425908.0,0,67.1,创业板
SZ301083,-35.47586336060381,,6.9842,11,-1.69,False,0.01,2.999,86943917.0,14.0,3.65,105.4848,-25.67,1217214838.0,,2490133338.0,0.371,100.0,2.234086851379279,-13.12,-0.36,-2.073917288009486,18254252.3,-0.24,1634745600000.0,0.1,1612722.0,1289243.0,0.72,2.999,5343.0,1.48,,85.9,百胜智能,135.002,,177866667.0,0,14.24,创业板
SZ300906,-5.207368807758961,,12.5825,11,-0.64,False,0.01,2.392,72253025.0,27.78,3.97,,-20.54,2007189035.0,,2222400000.0,0.54,100.0,6.079637516023254,-61.69,-0.07,7.548552132624731,31691809.0,-0.18,1604505600000.0,0.69,-1976741.0,1132100.0,1.34,2.392,5339.0,1.57,,148.79,日月明,40.275,,80000000.0,0,27.96,创业板
SZ300955,,,2.2337,11,-4.99,False,0.01,3.235,100800000.0,27.63,5.12,22.579,-33.44,2785104000.0,,2785104000.0,,100.0,-1.62907201450345,-49.83,-0.25,10.738462673751648,53096471.96,-1.45,1616515200000.0,-0.14,480533.0,1877992.0,1.18,3.235,5267.0,1.86,,323.47,嘉亨家化,-196.982,,100800000.0,0,29.08,创业板
SZ200726,1.2240470908537526,,0.5236,11,-2.27,False,0.01,0.306,226078340.0,4.3,2.73,4.2453,-9.45,972136862.0,,3515360110.0,3.977,100.0,4.975472146742805,2967.05,0.0,-2.0066831750261027,2256062.64,-0.1,871920000000.0,0.7,0.0,524764.0,3.72,0.304,5264.0,0.23,,0.0,鲁泰B,6.162,,817525607.0,0,4.4,B股
SZ301252,-12.172170574098617,0.0,3.9828,11,-4.91,False,0.01,4.239,135707040.0,34.1,9.48,,5.27,4627610064.0,1790697600000.0,5770587504.0,0.352,100.0,6.921209179884309,83.63,0.15,18.325223804045756,103260100.81,-1.76,1684944000000.0,0.54,-4271848.0,2956738.0,1.17,4.239,5231.0,2.18,,97.24,同星科技,63.38,,169225440.0,0,35.86,创业板
SZ301189,,0.0,6.8052,11,-4.46,False,0.01,5.059,157942327.0,65.09,7.34,,109.53,10280466064.0,1790697600000.0,10651323109.0,,100.0,-3.5946872228682576,42.48,-0.02,78.52087231552454,325365443.9,-3.04,1640620800000.0,-0.46,-2961225.0,4897910.0,0.62,5.059,5230.0,3.1,,-12.07,奥尼电子,-140.226,,163639931.0,0,68.13,创业板
SZ301112,18.12598182665086,,9.4969,11,-2.46,False,0.01,2.767,110266600.0,28.52,5.16,,-27.6,3144803432.0,,3144803432.0,,100.0,-7.882278162187029,-49.62,0.18,-19.602523846104724,23742848.0,-0.72,1656432000000.0,-0.84,-1560460.0,823400.0,1.18,2.767,5216.0,0.75,,113.44,信邦智能,-33.851,,110266600.0,0,29.24,创业板
SZ301067,116.89555286641999,,4.7162,11,-4.54,False,0.01,3.896,66016650.0,30.31,8.44,116.7846,-7.48,2000964662.0,,2947223160.0,,100.0,-9.978837085018776,-30.2,-0.13,-8.143517796359179,80412138.14,-1.44,1632240000000.0,-0.82,1614289.0,2584718.0,0.93,3.896,5201.0,3.92,,53.36,显盈科技,-37.148,,97236000.0,0,31.75,创业板
SZ301063,-50.232905271339725,,1.0903,11,-0.96,False,0.01,1.214,96647303.0,18.53,2.62,,-23.38,1790874525.0,,1933804216.0,0.809,100.0,1.3851882739490786,-63.04,0.16,9.95648583061337,53120092.0,-0.18,1632412800000.0,0.21,530115.0,2864400.0,1.07,1.214,5179.0,2.96,,196.44,海锅股份,88.354,,104360724.0,0,18.71,创业板
SZ301622,,0.0,2.6861,11,-2.42,False,0.01,2.665,64659396.0,35.02,4.6,27.6028,-45.49,2264372048.0,1790697600000.0,4059934438.0,0.428,100.0,1.8683193318383222,-72.84,0.14,19.119755740558997,41740067.0,-0.87,1733241600000.0,0.24,1638427.0,1175500.0,1.37,2.665,5177.0,1.82,,347.23,英思特,143.027,,115931880.0,0,35.89,创业板
SZ300844,,,5.1837,11,0.24,False,0.01,2.981,90039880.0,24.59,3.38,,-30.71,2214080649.0,,2292055539.0,,100.0,-8.582148908707369,-49.97,0.33,6.999443025786101,42190841.66,0.06,1628784000000.0,-0.71,1070035.0,1728521.0,0.9,2.981,5146.0,1.92,,16.79,山水比德,-34.662,,93210880.0,0,24.53,创业板
SZ301658,,0.0,3.2736,11,1.29,False,0.01,2.891,97416681.0,22.0,5.34,48.3805,-22.78,2143166982.0,1790697600000.0,9072164970.0,0.332,100.0,-0.20808884996324403,-44.63,0.27,-6.800749337693657,138348072.4,0.28,1743523200000.0,-0.02,15882111.0,6209578.0,2.66,2.891,5133.0,6.37,,244.49,首航新能,-1392.233,,412371135.0,0,21.72,创业板
SZ200012,,,0.2269,11,0.0,False,0.01,0.24,1081145764.0,1.16,1.72,3.1337,-31.07,1254129086.0,,3529263821.0,1.983,100.0,-2.8615712819306163,,0.0,-10.721687192127117,603589.48,0.0,699206400000.0,-0.14,-143387.0,519403.0,0.45,0.238,5124.0,0.05,,,南玻B,-8.147,,3042468811.0,0,1.16,B股
SZ201872,10.982074633212747,,2.2455,11,0.76,False,0.01,0.61,2302252855.0,18.68,1.62,4.6754,26.19,43006083331.0,,46366529964.0,4.904,100.0,7.456560317641901,,0.05,4.982174178812748,2854718.05,0.14,736531200000.0,2.25,-216084.0,153460.0,1.16,0.607,5105.0,0.01,,,招港B,8.31,,2482148285.0,0,18.54,B股
SZ301277,-15.943464236221129,0.0,5.7829,11,0.1,False,0.01,2.679,392078400.0,10.48,9.17,45.3081,-9.54,4108981632.0,1790697600000.0,4108981632.0,1.908,100.0,6.838241072220036,-33.66,0.0,4.523574268509956,94695971.48,0.01,1668528000000.0,0.27,9207039.0,8747264.0,2.83,2.679,5103.0,2.23,,47.41,新天地,39.517,,392078400.0,0,10.47,创业板
SZ300865,,,7.5633,11,3.11,False,0.01,3.142,62141275.0,29.15,7.39,39.2489,7.18,1811418166.0,,2789072000.0,0.103,100.0,2.5358714892945926,-45.96,0.34,-9.646458428797667,133758943.0,0.88,1598198400000.0,0.23,4842095.0,4538100.0,1.1,3.142,5081.0,7.3,,226.73,大宏立,125.25,,95680000.0,0,28.27,创业板
SZ001322,,0.0,1.052,11,0.45,False,0.01,1.41,785611975.0,6.77,3.41,16.0946,-23.22,5318593071.0,1790697600000.0,6537198656.0,0.576,100.0,-0.9338302442187449,-53.39,0.0,-8.389641866651454,45962915.0,0.03,1666713600000.0,-0.05,-3344030.0,6788400.0,0.5,1.412,5036.0,0.86,,34.15,箭牌家居,-149.577,,965612800.0,0,6.74,深市主板
SZ301516,,0.0,5.1055,11,2.04,False,0.01,4.132,70175439.0,18.48,7.68,,18.39,1296842113.0,1790697600000.0,5187368432.0,,100.0,-4.456296986293702,-38.41,0.11,-1.4925277451863117,211954012.76,0.37,1701964800000.0,-0.2,3999113.0,11253688.0,2.08,4.132,5018.0,16.04,,316.3,中远通,-90.66,,280701755.0,0,18.11,创业板
SZ301003,-3.922953103493776,,9.5631,11,0.81,False,0.01,4.841,75140129.0,57.6,4.32,57.8412,29.86,4328071430.0,,5594879405.0,1.042,100.0,9.003483288831662,41.33,0.37,7.015233823749134,117362832.0,0.46,1622476800000.0,1.05,-987550.0,2028920.0,1.25,4.841,5005.0,2.7,,32.59,江苏博云,54.741,,97133323.0,0,57.14,创业板
SZ301321,11.601203887308586,,2.1374,11,-4.78,False,0.01,7.568,147610014.0,42.8,7.9,23.4447,124.67,6317708599.0,,7979418000.0,,100.0,-5.006658081395078,98.27,0.61,25.14456802528,189443660.45,-2.15,1660752000000.0,-0.27,4709742.0,4350726.0,0.79,7.568,5003.0,2.95,,3.34,翰博高新,-158.838,,186435000.0,0,44.95,创业板
SZ301151,-24.121042880069442,,4.2672,11,-1.1,False,0.01,1.698,168780533.0,20.69,7.79,4.3991,12.43,3492069228.0,,3496694829.0,2.417,100.0,2.6843922984577224,-24.77,0.19,-7.445248708063668,68739255.12,-0.23,1649606400000.0,0.33,439786.0,3242899.0,1.03,1.698,4995.0,1.92,,-8.14,冠龙节能,63.339,,169004100.0,0,20.92,创业板
SZ001366,-34.4067122807071,,1.4779,11,-0.84,False,0.01,2.596,160680000.0,13.02,3.5,,-2.62,2092053600.0,,2092053600.0,0.384,100.0,0.6290609854425943,18.79,0.54,1.0801699196606673,47130412.0,-0.11,1678118400000.0,0.03,1380704.0,3597600.0,0.96,2.596,4986.0,2.24,,43.99,播恩集团,414.739,,160680000.0,0,13.13,深市主板
SZ301380,-13.759108299010158,,2.9631,11,-1.39,False,0.01,4.493,82351243.0,33.28,2.67,35.5735,-11.4,2740649367.0,,3374340170.0,0.601,100.0,5.30529973088655,-0.28,-0.03,11.51211823309266,77730466.45,-0.47,1666627200000.0,0.39,-7767868.0,2323045.0,0.89,4.493,4984.0,2.82,,29.9,挖金客,85.776,,101392433.0,0,33.75,创业板
SZ301210,32.28136490334703,0.0,2.2162,11,3.91,False,0.01,2.574,61548470.0,30.32,8.09,119.7506,17.07,1866149610.0,1790697600000.0,4886342457.0,0.353,100.0,4.416792489715675,20.99,0.23,36.41803980137222,197589968.02,1.14,1688054400000.0,0.53,12681907.0,6513929.0,1.7,2.574,4983.0,10.58,,-11.32,金杨精密,57.325,,161159052.0,0,29.18,创业板
SZ002890,-20.07071088551712,,7.9894,11,-3.77,False,0.01,4.091,161476710.0,14.56,6.15,,-0.1,2351100898.0,,2473382330.0,0.179,100.0,1.801898998273287,152.46,0.14,-4.544200053587755,60244500.56,-0.57,1501603200000.0,0.06,9322895.0,4079655.0,2.96,4.091,4982.0,2.53,,43.97,弘宇股份,227.442,,169875160.0,0,15.13,深市主板
SZ301229,,,1.8509,11,-1.33,False,0.01,1.745,129280641.0,11.84,3.5,24.4852,-47.82,1530682789.0,,2152281132.0,0.456,100.0,0.01831818739953356,-52.76,0.17,11.966624415998496,29047377.14,-0.16,1645459200000.0,0.0,-550920.0,2436066.0,0.92,1.745,4971.0,1.88,,221.6,纽泰格,10522.599,,181780501.0,0,12.0,创业板
SZ301381,-6.1735950705970595,0.0,0.7275,11,-1.9,False,0.01,3.217,406106938.0,22.68,3.85,8.7072,12.85,9210505354.0,1790697600000.0,9219078394.0,2.196,100.0,10.026125254546084,-19.81,0.58,27.823115289776034,166411021.37,-0.44,1689091200000.0,0.69,-29719009.0,7382557.0,1.61,3.217,4969.0,1.82,,115.11,赛维时代,32.984,,406484938.0,0,23.12,创业板
SZ301032,56.70956114516172,,1.0717,11,1.95,False,0.01,1.987,163861801.0,10.45,3.32,13.2031,-12.1,1712355820.0,,2519844030.0,1.244,100.0,9.212502091147416,-33.47,0.19,0.7360523136655583,47905075.0,0.2,1626883200000.0,0.47,6688652.0,4604800.0,1.57,1.987,4917.0,2.81,,189.34,新柴股份,22.289,,241133400.0,0,10.25,创业板
SZ301399,,,6.9828,11,-5.18,False,0.01,2.741,54683586.0,19.23,7.54,81.1123,-1.0,1051565359.0,,3557934600.0,0.572,100.0,0.8935992204827553,4.64,0.21,-0.16438041532512715,56602482.95,-1.05,1684771200000.0,0.06,-624323.0,2885210.0,0.93,2.741,4890.0,5.28,,-7.23,英特科技,305.86,,185020000.0,0,20.28,创业板
SZ301508,7.803369461316079,0.0,5.8711,11,1.52,False,0.01,2.625,58836400.0,24.12,1.98,22.7399,-22.14,1419133968.0,1790697600000.0,5453175024.0,1.003,100.0,8.054613627952465,-38.07,0.08,9.545803200714364,32719567.0,0.36,1701360000000.0,0.72,5474680.0,1361500.0,1.82,2.625,4856.0,2.31,,191.74,中机认检,33.51,,226085200.0,0,23.76,创业板
SZ301285,,0.0,17.3951,11,-4.22,False,0.01,19.222,206670000.0,85.14,7.84,126.3706,25.61,17595883800.0,1790697600000.0,17595883800.0,,100.0,-10.761458509363498,359.89,0.26,11.600304367045421,152445810.8,-3.75,1664294400000.0,-0.51,-10195626.0,1753976.0,0.9,19.222,4819.0,0.85,,48.63,鸿日达,-167.213,,206670000.0,0,88.89,创业板
SZ301133,-51.094213294555566,,2.5836,11,-2.83,False,0.01,2.285,111135969.0,25.04,5.74,36.7631,-34.64,2782844664.0,,3041524265.0,,100.0,-5.372201087895228,-41.84,-0.04,10.22014333206469,52483847.0,-0.73,1637856000000.0,-0.54,2117941.0,2055400.0,1.18,2.285,4813.0,1.85,,297.28,金钟股份,-46.046,,121466624.0,0,25.77,创业板
SZ001368,0.5187341928502898,,3.7554,11,0.84,False,0.01,2.966,108080599.0,37.16,14.22,30.4347,53.73,4016275059.0,,4203545294.0,3.108,100.0,7.127794048813789,39.47,-0.21,13.84403903068614,412551358.92,0.31,1678636800000.0,0.89,32223576.0,10869776.0,1.25,2.966,4805.0,10.06,,44.01,通达创智,41.725,,113120164.0,0,36.85,深市主板
SZ301565,-14.743626751683303,0.0,3.2676,11,1.93,False,0.01,3.182,128010000.0,19.59,3.59,15.9327,-18.85,2507715900.0,1790697600000.0,7836195900.0,,100.0,4.312917760989129,-60.82,0.26,4.705903321914429,73897397.85,0.37,1718812800000.0,0.26,-1429466.0,3760936.0,1.15,3.181,4800.0,2.94,,228.11,中仑新材,74.914,,400010000.0,0,19.22,创业板
SZ301127,-22.880154595047884,0.0,5.9383,11,2.67,False,0.01,3.022,654427170.0,15.4,6.07,281.1429,1.59,10078178418.0,1790697600000.0,10380832986.0,0.247,100.0,4.791495632549088,13.75,0.92,-2.7893148381126553,215868967.34,0.4,1640793600000.0,0.25,-8969584.0,14253406.0,0.77,3.022,4796.0,2.18,,93.43,武汉天源,62.461,,674080064.0,0,15.0,创业板
SZ301459,-21.33745280018584,,3.2639,11,-0.26,False,0.01,2.539,26098991.0,31.12,2.82,40.9816,-29.44,812200600.0,,3240271038.0,0.643,100.0,6.044029446614168,-28.55,0.23,10.56000205811305,17622268.0,-0.08,1702396800000.0,0.73,-626884.0,563400.0,0.92,2.539,4763.0,2.16,,85.64,丰茂股份,42.921,,104121820.0,0,31.2,创业板
SZ301024,-6.792576779998161,,13.2932,11,-0.98,False,0.01,6.281,61560000.0,33.24,5.27,,-6.02,2046254400.0,,2113565400.0,,100.0,-22.414098884592104,-32.66,0.48,6.410303884616919,29817135.0,-0.33,1627401600000.0,-1.32,1085301.0,891900.0,0.84,6.281,4762.0,1.45,,49.05,霍普股份,-25.231,,63585000.0,0,33.57,创业板
SZ301682,-16.84624727586247,0.0,4.6012,11,-1.04,False,0.01,2.446,30387340.0,99.55,4.14,51.3426,43.73,3025059697.0,1790697600000.0,12100238589.0,0.854,100.0,6.550962430217918,-28.56,0.07,-1.0803435856563404,212059812.0,-1.05,1774368000000.0,2.08,3414553.0,2100964.0,0.83,2.446,4758.0,6.91,,84.68,宏明电子,47.895,,121549358.0,0,100.6,创业板
SZ301108,-4.988641936312044,,6.8752,11,5.02,False,0.01,3.163,64832715.0,53.8,9.27,27.4151,63.2,3488000067.0,,6055526358.0,0.502,100.0,4.573607690936175,-10.95,1.13,18.75803957388442,180674603.08,2.57,1638460800000.0,0.77,2445380.0,3379780.0,0.9,3.163,4753.0,5.21,,44.37,洁雅股份,70.128,,112556252.0,0,51.23,创业板
SZ301130,-46.26082265735687,,10.2149,11,-2.6,False,0.01,2.438,59017360.0,27.77,5.54,49.8388,-2.2,1638912087.0,,2124257402.0,0.515,100.0,0.6601595352069648,-47.77,0.51,-6.277515153824242,111732780.03,-0.74,1645545600000.0,0.08,3774861.0,3977106.0,0.85,2.438,4731.0,6.74,,152.82,西点药业,361.104,,76494685.0,0,28.51,创业板
SZ300669,-47.980382957754166,0.0,14.3455,11,-1.86,False,0.01,5.272,182499937.0,23.7,3.06,150.368,-9.66,4325248507.0,1790697600000.0,4567120966.0,0.338,100.0,1.5214550977750423,276.01,-0.5,-6.376712436983734,31531229.0,-0.45,1498665600000.0,0.07,2337749.0,1319200.0,0.52,5.271,4724.0,0.72,,44.0,沪宁股份,346.021,,192705526.0,0,24.15,创业板
SZ301339,3.861396607001022,0.0,6.3747,11,-2.37,False,0.01,2.466,573237742.0,11.96,4.9,21.5963,-17.01,6855923394.0,1790697600000.0,6939400104.0,2.09,100.0,7.878452220421361,-12.81,-0.08,14.895476896033767,112603616.16,-0.29,1662652800000.0,0.38,-18375341.0,9328320.0,0.56,2.466,4718.0,1.63,,10.49,苏交数智,31.893,,580217400.0,0,12.25,创业板
SZ001259,-16.82764818215353,,6.4936,11,-0.11,False,0.01,4.463,47544499.0,43.7,3.61,51.2331,45.85,2077694606.0,,3215834406.0,0.272,100.0,1.50595717155009,89.19,-0.21,9.504769900724996,50567063.0,-0.05,1661875200000.0,0.15,-2316986.0,1152200.0,0.96,4.463,4641.0,2.42,,44.0,利仁科技,297.496,,73588888.0,0,43.75,深市主板
SZ300796,-64.12449743174132,,1.6884,11,-0.71,False,0.01,1.469,360418057.0,6.99,2.56,,-19.33,2519322218.0,,2524388675.0,0.286,100.0,-0.2759461141708385,5.11,0.14,28.045797965868104,30204206.0,-0.05,1573747200000.0,-0.01,3006018.0,4302600.0,1.18,1.469,4636.0,1.19,,44.0,贝斯美,-531.323,,361142872.0,0,7.04,创业板
SZ301558,-46.86533525140233,0.0,3.2602,11,0.74,False,0.01,3.886,790045023.0,6.78,3.12,86.263,-16.81,5356505256.0,1790697600000.0,5359861356.0,,100.0,2.5143333906304557,-65.95,0.3,-2.1352367748119883,69358786.08,0.05,1695830400000.0,0.04,1151252.0,10287148.0,0.76,3.878,4633.0,1.3,,158.53,三态股份,156.457,,790540023.0,0,6.73,创业板
SZ301665,21.148714469133267,0.0,1.6766,11,0.27,False,0.01,2.72,104170000.0,22.09,1.54,10.205,-19.78,2301115300.0,1790697600000.0,9940500000.0,2.535,100.0,14.838518065593863,-48.66,0.18,19.58703470894225,25272129.57,0.06,1744300800000.0,1.17,714814.0,1148436.0,1.39,2.72,4631.0,1.1,,289.97,泰禾股份,18.951,,450000000.0,0,22.03,创业板
SZ300808,,,10.7558,11,-2.49,False,0.01,3.374,118899577.0,19.59,6.87,117.5766,-34.85,2329242713.0,,3134400000.0,,100.0,-6.378687156196854,52.97,0.41,-15.951072492194463,53218755.6,-0.5,1574956800000.0,-0.38,-1624127.0,2667320.0,0.99,3.374,4623.0,2.24,,44.02,久量股份,-51.207,,160000000.0,0,20.09,创业板
SZ200550,-6.729091458873116,,0.1783,11,1.04,False,0.01,0.603,344000000.0,9.73,1.77,2.3454,4.8,3347120000.0,,8399072220.0,6.506,100.0,10.28739588035359,3866.57,0.1,8.11795880947155,4507364.98,0.1,812304000000.0,1.62,0.0,464100.0,4.09,0.6,4598.0,0.13,,22.69,江铃B,6.011,,863214000.0,0,9.63,B股
SZ301185,-13.164801944026806,,14.178,11,-1.17,False,0.01,2.397,140470363.0,16.94,3.68,39.7656,-10.24,2379567949.0,,2598894144.0,1.181,100.0,4.9542571035724,-47.4,-0.29,-6.675539501747063,30426894.0,-0.2,1637251200000.0,0.35,-595930.0,1776200.0,1.27,2.397,4586.0,1.26,,165.82,鸥玛软件,48.885,,153417600.0,0,17.14,创业板
SZ001238,18.416350013367435,0.0,2.0434,11,-1.12,False,0.01,3.401,145422996.0,25.61,4.36,15.5638,-27.25,3724282928.0,1790697600000.0,3973340280.0,0.277,100.0,1.7537421270887292,88.1,-0.31,24.53028515696747,32796584.51,-0.29,1663516800000.0,0.13,-1164014.0,1263519.0,1.09,3.4,4571.0,0.87,,43.99,浙江正特,195.171,,155148000.0,0,25.9,深市主板
SZ200029,-67.88956750725251,,3.5272,11,-1.22,False,0.01,0.982,120000000.0,4.04,1.96,205.7923,0.48,484800000.0,,4087106400.0,0.99,100.0,-0.3232853530590265,45.95,0.0,-13.19417543119089,209672.0,-0.05,758131200000.0,-0.01,0.0,51800.0,0.25,0.977,4566.0,0.04,,16.96,深深房B,-300.136,,1011660000.0,0,4.09,B股
SZ300789,,,6.0016,11,-0.82,False,0.01,2.211,139579230.0,15.64,4.5,,-31.46,2183019157.0,,2249799251.0,0.831,100.0,-3.94977241123283,19.29,0.32,-22.81233653236434,28942984.4,-0.13,1566921600000.0,-0.28,574713.0,1839200.0,0.84,2.211,4557.0,1.32,,44.01,唐源电气,-55.064,,143849057.0,0,15.77,创业板
SZ301135,,,1.5056,11,-1.0,False,0.01,1.925,100776666.0,17.85,3.61,,-16.94,1798863488.0,,2316731258.0,1.266,100.0,0.6553014201618994,-18.52,0.51,15.557528773672802,26765813.27,-0.18,1649692800000.0,0.06,-1325637.0,1493389.0,0.9,1.925,4554.0,1.48,,5.0,瑞德智能,287.967,,129788866.0,0,18.03,创业板
SZ301275,0.2684231056530262,0.0,3.1163,11,-1.04,False,0.01,3.803,300859233.0,37.95,2.66,28.8964,-28.8,11417607892.0,1790697600000.0,16030080000.0,0.261,100.0,13.93022097587488,-51.83,0.16,17.986780357536137,93562413.64,-0.4,1741622400000.0,1.34,2939971.0,2442656.0,0.74,3.803,4550.0,0.81,,143.35,汉朔科技,28.353,,422400000.0,0,38.35,创业板
SZ200539,,,0.1515,11,-1.08,False,0.01,0.365,798408000.0,1.84,1.61,0.7007,-1.47,1469070720.0,,9660522534.0,1.25,100.0,0.09495363321905735,412.11,-0.54,-0.594574684840321,1188204.0,-0.02,804268800000.0,0.0,-563222.0,643400.0,1.37,0.363,4538.0,0.08,,0.23,粤电力B,380.498,,5250283986.0,0,1.86,B股
SZ301378,,,5.9206,11,-2.4,False,0.01,2.052,61813828.0,24.79,3.5,328.3586,-12.71,1532364796.0,,2394714000.0,,100.0,-11.750547849704933,-51.42,0.41,-6.123729927331434,32846414.5,-0.61,1679241600000.0,-1.51,-1654332.0,1319825.0,0.85,2.052,4525.0,2.14,,17.4,通达海,-16.441,,96600000.0,0,25.4,创业板
SZ300876,,,4.7841,11,3.92,False,0.01,2.507,113402804.0,16.7,5.97,23.8494,-33.79,1893826827.0,,2539027152.0,,100.0,-5.041606705999452,-58.86,0.54,6.270750328594876,107164398.1,0.63,1598198400000.0,-0.29,6021146.0,6447560.0,2.38,2.507,4521.0,5.69,,201.39,蒙泰高新,-56.622,,152037554.0,0,16.07,创业板
SZ301051,,0.0,3.4963,11,-1.75,False,0.01,2.618,225837116.0,17.44,5.35,,24.57,3938599303.0,1790697600000.0,4957509015.0,,100.0,-10.041497266642718,-54.95,-0.11,-10.909774553846486,130799029.0,-0.31,1629993600000.0,-0.71,62003.0,7398280.0,1.36,2.618,4519.0,3.28,,38.69,信濠光电,-24.717,,284260838.0,0,17.75,创业板
SZ300535,,,2.3388,11,-1.2,False,0.01,1.764,81161046.0,15.68,3.4,44.6849,-11.53,1272605201.0,,1678071452.0,0.67,100.0,1.3701945908097388,24.04,0.06,-0.09549581231421689,25145305.1,-0.19,1470931200000.0,0.12,-19589.0,1594234.0,0.87,1.763,4517.0,1.96,,44.0,达威股份,129.932,,107019863.0,0,15.87,创业板
SZ300929,91.25257795178246,,5.5844,11,1.12,False,0.01,2.79,125360351.0,16.2,3.75,101.1537,50.7,2030837686.0,,2140553887.0,,100.0,-6.245017873919462,-41.44,0.87,5.644404353620924,32381276.0,0.18,1611072000000.0,-0.37,-1166780.0,1998000.0,1.02,2.79,4499.0,1.59,,243.11,华骐环保,-43.484,,132132956.0,0,16.02,创业板
SZ300883,,,2.4123,11,0.16,False,0.01,1.562,330674575.0,6.37,2.2,33.5126,-5.63,2106397043.0,,2204020000.0,,100.0,-0.8783359697499697,-79.97,0.63,9.827529882757059,28921587.0,0.01,1599667200000.0,-0.04,1144251.0,4546000.0,0.99,1.562,4499.0,1.37,,384.27,龙利得,-177.134,,346000000.0,0,6.36,创业板
SZ301059,46.515971289277026,,5.5866,11,-1.48,False,0.01,4.676,206544574.0,12.66,2.49,20.41,1.91,2614854307.0,,2926409640.0,1.572,100.0,14.365397393248141,-3.39,0.0,28.016851998899583,31775027.91,-0.19,1631462400000.0,0.39,-1162497.0,2488655.0,0.89,4.676,4489.0,1.2,,267.12,金三江,32.523,,231154000.0,0,12.85,创业板
SZ300901,,,9.6002,11,-2.17,False,0.01,4.009,240000000.0,16.23,7.35,240.6198,-0.61,3895200000.0,,3895200000.0,,100.0,0.9686575006424062,-47.33,0.25,-3.135429861190797,69965216.7,-0.36,1603900800000.0,0.04,970220.0,4238751.0,0.98,4.009,4484.0,1.77,,361.27,中胤时尚,411.928,,240000000.0,0,16.59,创业板
SZ301512,-16.417799151118018,,3.9499,11,-2.42,False,0.01,2.264,48721260.0,30.6,5.2,,-1.13,1490870556.0,,2284802856.0,0.876,100.0,2.0847541693535634,-38.25,-0.58,5.276070754705309,32945045.6,-0.76,1689782400000.0,0.28,-34091.39999999991,1053920.0,1.02,2.264,4481.0,2.16,,116.87,智信精密,108.676,,74666760.0,0,31.36,创业板
SZ301122,-62.50746166933988,,17.1269,11,-1.0,False,0.01,4.264,75639533.0,66.0,4.05,451.7079,153.66,4992209178.0,,8068213428.0,0.061,100.0,0.333557545861881,36.52,-0.3,14.385638314693438,382771033.32,-0.67,1643126400000.0,0.05,2715438.0,5804012.0,0.56,4.264,4458.0,7.67,,44.03,采纳股份,1313.962,,122245658.0,0,66.67,创业板
SZ301305,24.690363868475696,0.0,3.0252,11,1.81,False,0.01,1.521,124351554.0,24.8,3.69,11.8727,11.14,3083918539.0,1790697600000.0,6000627939.0,0.806,100.0,8.098840524736833,13.13,0.36,7.683824063052991,132362455.39,0.44,1684771200000.0,1.28,19189776.0,5322015.0,0.98,1.521,4434.0,4.28,,-10.65,朗坤科技,19.335,,241960804.0,0,24.36,创业板
SZ301317,,0.0,6.9027,11,-4.98,False,0.01,5.62,52196733.0,41.43,7.5,,29.17,2162510648.0,1790697600000.0,6512381700.0,0.702,100.0,-11.938524330779881,89.59,0.17,9.87272040980205,79093852.0,-2.17,1674057600000.0,-0.97,-5645434.0,1892700.0,1.18,5.62,4397.0,3.63,,32.8,鑫磊股份,-42.719,,157190000.0,0,43.6,创业板
SZ001367,11.96784184967774,,6.1553,11,-0.68,False,0.01,2.152,121613372.0,21.86,2.59,18.6481,0.06,2658468312.0,,3330397232.0,0.531,100.0,9.559638454830832,-24.57,0.32,11.54512334748814,50359437.15,-0.15,1681056000000.0,0.92,-4758125.0,2307499.0,0.98,2.152,4344.0,1.9,,68.35,海森药业,23.65,,152351200.0,0,22.01,深市主板
SZ001218,49.57057516422172,,0.5405,11,-1.07,False,0.01,1.283,119738560.0,23.21,3.07,47.9898,4.28,2779131978.0,,3116134215.0,2.34,100.0,11.269154837663649,-31.17,-0.17,27.575081822366275,52939091.92,-0.25,1634227200000.0,1.95,-7559965.0,2256651.0,1.8,1.244,4312.0,1.88,,43.99,丽臣实业,11.926,,134258260.0,0,23.46,深市主板
SZ300920,-49.10670914699312,,9.57,11,-2.71,False,0.01,3.327,86343953.0,30.1,6.33,40.1171,-14.9,2598952985.0,,3913000000.0,0.256,100.0,1.2781262098660902,-7.22,-0.17,3.2239443944586332,41643063.0,-0.84,1608825600000.0,0.12,-2863283.0,1363120.0,0.93,3.327,4272.0,1.58,,66.58,润阳科技,260.452,,130000000.0,0,30.94,创业板
SZ301376,1.6550253636895107,0.0,0.9287,11,-1.75,False,0.01,2.499,193642874.0,21.88,22.0,3.3166,22.41,4236906083.0,1790697600000.0,8806021173.0,1.819,100.0,11.381003920714235,-18.06,0.27,19.564274419612836,93638436.58,-0.39,1687276800000.0,0.97,-5403768.0,4220942.0,1.47,2.499,4269.0,2.18,,6.81,致欧科技,22.502,,402468975.0,0,22.27,创业板
SZ301518,,0.0,1.1473,11,-0.81,False,0.01,2.223,58739539.0,24.62,6.37,,-30.02,1446167450.0,1790697600000.0,3581459459.0,1.084,100.0,0.98637801121162,-24.1,-0.04,9.659695276351066,73170391.45,-0.2,1690992000000.0,0.1,-378035.0,2932700.0,1.14,2.223,4263.0,4.99,,35.22,长华化学,238.28,,145469515.0,0,24.82,创业板
SZ301119,-3.790364399304469,,9.2449,11,10.07,False,0.01,4.123,117754000.0,30.49,18.88,29.8312,-18.72,3590319460.0,,4439344000.0,0.282,100.0,9.457514241026226,16.03,0.13,6.463880054481175,325003554.21,2.79,1637510400000.0,0.67,34101954.0,10534137.0,2.7,4.123,4249.0,8.95,,193.18,正强股份,45.365,,145600000.0,0,27.7,创业板
SZ001356,-35.2677712889108,0.0,2.3443,11,-0.76,False,0.01,2.708,211696500.0,9.14,2.06,,-29.01,1934906010.0,1790697600000.0,5386384800.0,0.35,100.0,3.347494729039096,-58.61,0.0,10.56202820035943,22247320.0,-0.07,1737561600000.0,0.11,-908859.0,2417200.0,0.67,2.708,4218.0,1.14,,339.25,富岭股份,79.755,,589320000.0,0,9.21,深市主板
SZ301555,33.05386204847694,,1.2457,11,-0.6,False,0.01,2.737,48347250.0,34.9,3.76,,5.05,1687319025.0,,3220107830.0,1.49,100.0,8.907701095594772,-48.67,0.11,29.735567786739956,60740423.6,-0.21,1698681600000.0,1.1,-3346491.0,1740399.0,0.8,2.737,4198.0,3.6,,198.51,惠柏新材,31.796,,92266700.0,0,35.11,创业板
SZ301180,-11.608750828310743,0.0,3.292,11,-2.9,False,0.01,3.638,164138002.0,11.72,5.88,85.6367,-29.82,1923697383.0,1790697600000.0,4688117200.0,,100.0,-2.012297596997693,-71.21,0.34,19.258418946582378,53253194.72,-0.35,1636992000000.0,-0.07,-2194493.0,4469888.0,1.34,3.638,4151.0,2.72,,205.98,万祥科技,-179.433,,400010000.0,0,12.07,创业板
SZ001279,-40.311136943031215,0.0,2.5557,11,3.08,False,0.01,4.266,40000000.0,26.8,6.23,47.8503,-21.38,1072000000.0,1790697600000.0,4288000000.0,0.701,100.0,3.360902822990185,-68.96,0.34,10.010174311780418,38645460.33,0.8,1728576000000.0,0.21,4748131.0,1451599.0,2.98,4.266,4150.0,3.63,,1738.95,强邦新材,127.764,,160000000.0,0,26.0,深市主板
SZ301181,-16.496557915290833,,7.0631,11,-3.31,False,0.01,2.521,117235589.0,24.27,4.9,28.772,-27.1,2845307745.0,,3645433217.0,2.616,100.0,7.123399644960961,3.49,0.21,-5.536514572585638,42863535.96,-0.83,1645372800000.0,0.68,932914.0,1747921.0,0.71,2.521,4147.0,1.49,,14.71,标榜股份,35.638,,150203264.0,0,25.1,创业板
SZ300889,,0.0,3.5662,11,-3.71,False,0.01,3.2,150386979.0,20.51,6.71,,-0.92,3084436939.0,1790697600000.0,4516857411.0,,100.0,-6.437279295786601,-49.9,0.39,8.789487203094936,93474916.28,-0.79,1600185600000.0,-0.42,-4903544.0,4504928.0,1.04,3.2,4122.0,3.0,,129.25,爱克股份,-48.533,,220227080.0,0,21.3,创业板
SZ001221,32.54618611905327,0.0,3.4049,11,-0.31,False,0.01,4.281,76869554.0,32.54,3.4,14.0878,-43.29,2501335287.0,1790697600000.0,13016325400.0,2.305,100.0,28.91307062851552,-29.71,0.06,23.255140466133906,67851864.17,-0.1,1753804800000.0,1.83,1199531.0,2083427.0,0.83,4.281,4101.0,2.71,,418.47,悍高集团,17.821,,400010000.0,0,32.64,深市主板
SZ301019,6.934223279311591,,6.2524,11,2.33,False,0.01,3.031,145146658.0,16.27,4.65,31.2128,-11.87,2361536126.0,,3220745243.0,3.331,100.0,11.054028146586031,-37.28,-0.06,7.955472082935411,49154721.43,0.37,1624809600000.0,0.59,471794.0,3004826.0,1.93,3.031,4090.0,2.07,,100.17,宁波色母,27.549,,197956069.0,0,15.9,创业板
SZ301233,2.75425495031576,,5.9753,11,0.38,False,0.01,2.664,39376138.0,36.72,3.23,27.014,-2.14,1445891787.0,,2635276896.0,1.166,100.0,8.101531131994106,-9.91,-0.14,9.07561775495953,57771816.8,0.14,1657036800000.0,1.09,-1514025.0,1586940.0,0.61,2.663,4075.0,4.03,,37.6,盛帮股份,33.684,,71766800.0,0,36.58,创业板
SZ300834,5.867816592547381,0.0,6.4798,11,0.4,False,0.01,2.513,191998254.0,37.46,6.57,36.4307,61.92,7192254595.0,1790697600000.0,7256464743.0,0.505,100.0,2.519358378491523,-20.65,0.24,-16.120928216047027,62082290.8,0.15,1642003200000.0,0.38,4796588.0,1636080.0,1.24,2.513,4063.0,0.85,,-9.12,星辉环材,98.832,,193712353.0,0,37.31,创业板
SZ301390,,,5.4068,11,1.97,False,0.01,2.624,49056180.0,40.28,3.52,90.1663,20.98,1975982930.0,,2416800000.0,0.122,100.0,-3.190152688089077,-8.93,0.25,-13.696217285665945,121129572.0,0.78,1683475200000.0,-0.5,-3325514.0,3022910.0,0.55,2.624,4055.0,6.16,,11.11,经纬股份,-80.45,,60000000.0,0,39.5,创业板
SZ200026,-31.637989863955042,,0.8306,11,-2.63,False,0.01,0.876,40580934.0,8.5,2.98,4.3908,16.99,344937939.0,,3448994060.0,1.624,100.0,3.1393866939097834,,0.0,-7.477827870424014,855723.0,-0.23,739036800000.0,0.3,0.0,99700.0,1.19,0.872,4054.0,0.25,,,飞亚达B,27.957,,405764007.0,0,8.73,B股
SZ301167,,,4.3567,11,-1.39,False,0.01,1.615,105807244.0,13.48,3.07,61.0795,-16.55,1426281649.0,,1509760000.0,0.668,100.0,0.6973025650258255,-50.69,0.07,-13.258859143348179,29532350.2,-0.19,1638720000000.0,0.06,-1033258.0,2180140.0,1.17,1.615,4052.0,2.06,,53.93,建研设计,231.131,,112000000.0,0,13.67,创业板
SZ301548,12.558383127443085,0.0,6.6792,11,-1.44,False,0.01,2.891,33733248.0,52.55,5.5,33.8368,-4.13,1772682182.0,1790697600000.0,4571850000.0,1.174,100.0,9.071269547740005,-1.29,0.46,13.373767111181213,77692573.98,-0.77,1695139200000.0,1.6,3857108.0,1456874.0,1.11,2.891,4033.0,4.32,,19.43,崇德科技,32.807,,87000000.0,0,53.32,创业板
SZ001369,-2.3010449260816745,0.0,3.5042,11,0.5,False,0.01,1.956,207453433.0,12.0,1.93,31.7328,-26.57,2489441196.0,1790697600000.0,13764000000.0,1.25,100.0,8.867853713277867,-38.14,0.17,4.110237744373713,42178839.17,0.06,1767024000000.0,0.46,-3881913.0,3519011.0,0.89,1.956,3987.0,1.7,,187.3,双欣材料,26.062,,1147000000.0,0,11.94,深市主板
SZ300897,-58.70985288480587,,5.4336,11,-1.46,False,0.01,3.264,120482173.0,16.21,3.34,82.4917,-11.81,1953016024.0,,3174667453.0,0.222,100.0,0.43139693795432693,-20.67,0.06,-3.604769013855147,36726685.2,-0.24,1601222400000.0,0.02,-2254236.0,2249680.0,0.49,3.264,3986.0,1.87,,74.78,山科智能,755.217,,195846234.0,0,16.45,创业板
SZ301288,,,7.982,11,-0.99,False,0.01,2.342,78109621.0,16.93,6.67,,-5.68,1322395884.0,,1828609300.0,,100.0,-4.680458606929212,-36.0,-0.76,55.68835064208775,19473657.0,-0.17,1650556800000.0,-0.34,661369.0,1130500.0,0.9,2.342,3979.0,1.45,,100.05,清研环境,-49.514,,108010000.0,0,17.1,创业板
SZ300854,,,4.6938,11,0.6,False,0.01,2.41,113981245.0,15.05,3.61,318.1684,25.12,1715417737.0,,2164439830.0,,100.0,-9.0368051373635,-34.55,0.47,-20.252946149768057,41848706.68,0.09,1631721600000.0,-0.59,-69923.0,2775072.0,1.19,2.343,3967.0,2.43,,262.35,中兰环保,-25.45,,143816600.0,0,14.96,创业板
SZ301283,15.85173846434107,,1.1803,11,0.71,False,0.01,1.829,91361202.0,25.43,3.41,21.9319,-19.71,2323315367.0,,2955544685.0,5.203,100.0,11.306099008347054,-21.8,-0.12,21.438120676970197,14653017.48,0.18,1662048000000.0,1.56,-539214.0,574318.0,0.91,1.829,3938.0,0.63,,-10.93,聚胶股份,16.294,,116222756.0,0,25.25,创业板
SZ301163,-45.02203052866093,,2.4485,11,0.17,False,0.01,1.696,54725639.0,23.64,3.05,,-11.37,1293714106.0,,1929024000.0,0.529,100.0,1.8162137833337164,-32.37,0.34,1.1999341099631966,28028805.0,0.04,1650297600000.0,0.25,623995.0,1181000.0,0.9,1.696,3918.0,2.16,,26.08,宏德股份,93.795,,81600000.0,0,23.6,创业板
SZ200017,9.397900564813778,,1.3133,11,-0.63,False,0.01,2.387,248362982.0,1.59,1.88,,-12.64,394897141.0,,1095804043.0,,100.0,8.767926589489587,,0.0,6.716268912178802,135831.0,-0.01,701971200000.0,0.06,0.0,85400.0,0.65,2.375,3917.0,0.03,,,深中华B,28.243,,689184933.0,0,1.6,B股
SZ301505,,,8.693,11,-3.32,False,0.01,2.187,91169401.0,18.03,5.63,42.9036,-18.52,1643784300.0,,2062631838.0,0.771,100.0,0.204492191249568,-33.93,0.22,-22.394026981897774,48361861.68,-0.62,1689696000000.0,0.02,-1463528.0,2642100.0,1.25,2.186,3904.0,2.9,,47.97,苏州规划,1061.879,,114399991.0,0,18.65,创业板
SZ301533,-23.058967906214644,,3.2236,11,-0.81,False,0.01,2.497,28549200.0,28.19,3.03,69.6542,-29.65,804801948.0,,2771265873.0,1.05,100.0,2.874420699666281,-55.66,-0.25,5.735323688374749,25745232.0,-0.23,1692288000000.0,0.33,-1598401.0,907700.0,1.12,2.497,3855.0,3.18,,155.93,威马农机,86.667,,98306700.0,0,28.42,创业板
SZ301567,,,6.3809,11,-1.12,False,0.01,3.586,21239850.0,36.19,5.14,60.4941,-23.0,768670172.0,,2605680000.0,,100.0,-1.9137049101681194,-33.42,-0.22,3.5186318918562165,37318862.7,-0.41,1705334400000.0,-0.2,-35873.0,1011654.0,1.05,3.586,3855.0,4.76,,192.03,贝隆精密,-185.583,,72000000.0,0,36.6,创业板
SZ301006,-39.19323013674764,,5.1149,11,0.58,False,0.01,1.494,86236250.0,13.95,3.03,31.6193,-14.07,1202995688.0,,1942956000.0,1.419,100.0,5.205712573671763,-50.4,0.36,-2.3744920294926475,20117002.0,0.08,1622995200000.0,0.48,1019042.0,1444800.0,1.08,1.494,3822.0,1.68,,120.18,迈拓股份,29.195,,139280000.0,0,13.87,创业板
SZ301300,16.512556679683254,,4.1641,11,1.46,False,0.01,2.623,39074763.0,33.42,3.64,27.3512,-19.65,1305878579.0,,2186637180.0,2.887,100.0,8.98165328063568,-32.17,0.24,11.004364197477834,35012143.0,0.48,1660838400000.0,1.13,2428506.0,1052500.0,0.67,2.623,3777.0,2.69,,59.61,远翔新材,29.53,,65429000.0,0,32.94,创业板
SZ001373,,,3.3792,11,-1.77,False,0.01,2.517,41960482.0,30.44,5.71,,-5.7,1277277072.0,,2090828871.0,,100.0,-5.336484254726581,-31.79,1.2,-2.2346905768919845,56979711.0,-0.55,1685548800000.0,-0.66,-799723.0,1865600.0,0.59,2.517,3760.0,4.45,,59.18,翔腾新材,-45.911,,68686888.0,0,30.99,深市主板
SZ300849,45.53850415190595,,9.7366,11,-2.96,False,0.01,5.718,144937500.0,20.32,4.73,,30.01,2945130000.0,,3048000000.0,,100.0,-10.125905300096528,84.9,-0.1,7.144158304115389,51460600.0,-0.62,1594310400000.0,-0.38,-673786.0,2501200.0,0.88,5.718,3753.0,1.73,,44.03,锦盛新材,-53.606,,150000000.0,0,20.94,创业板
SZ301237,89.03940399826446,,5.8748,11,-1.24,False,0.01,3.436,80820533.0,35.73,5.69,134.9358,-14.18,2887717644.0,,3975696144.0,,100.0,-12.905295253645544,3.67,0.06,21.65811036667742,51509878.13,-0.45,1647964800000.0,-1.43,3379868.0,1425520.0,0.73,3.436,3749.0,1.76,,-5.63,和顺科技,-24.906,,111270533.0,0,36.18,创业板
SZ301088,-15.705008736772253,,5.9133,11,1.35,False,0.01,1.275,188000000.0,13.53,2.4,34.4521,-18.22,2543640000.0,,3083487000.0,3.895,100.0,2.648717236480172,-47.56,0.0,-16.260851729583294,20606249.0,0.18,1635350400000.0,0.29,381336.0,1524700.0,1.39,1.275,3737.0,0.81,,-13.18,戎美股份,47.316,,227900000.0,0,13.35,创业板
SZ301588,-23.840749244426775,,3.1521,11,0.27,False,0.01,3.184,73359183.0,25.72,5.46,43.3993,41.72,1886798187.0,,3057278633.0,0.202,100.0,3.465824676454092,-31.18,0.12,9.913762274237236,82504188.77,0.07,1710259200000.0,0.28,2882858.0,3159220.0,1.33,3.184,3731.0,4.31,,157.86,美新科技,93.38,,118867754.0,0,25.65,创业板
SZ301631,2.1853139838488023,0.0,1.2377,11,-2.79,False,0.01,2.844,43594438.0,57.82,5.53,10.9754,-21.19,2520630405.0,1790697600000.0,7399827422.0,1.235,100.0,11.407437294259053,-43.67,0.0,32.898474187073326,88272129.74,-1.66,1732204800000.0,2.23,-1400278.0,1510237.0,0.94,2.844,3715.0,3.46,,183.59,壹连科技,25.879,,127980412.0,0,59.48,创业板
SZ200011,,,0.6302,11,-0.65,False,0.01,0.476,67605243.0,3.08,4.19,,-6.4,208224148.0,,1835615603.0,0.747,100.0,-1.4568743599416782,,0.0,-3.7951880557885898,3185358.8,-0.02,701884800000.0,-0.1,-143732.0,1013310.0,1.73,0.473,3711.0,1.5,,,深物业B,-32.184,,595979092.0,0,3.1,B股
SZ301331,-36.879484969429136,,2.7649,11,1.65,False,0.01,2.235,102590978.0,22.2,4.21,22.734,-12.87,2277519712.0,,2284199891.0,4.595,100.0,2.8149319311375645,-14.3,1.28,-1.4687737606184692,41333911.16,0.36,1663689600000.0,0.29,267900.0,1869900.0,1.67,2.235,3678.0,1.82,,46.74,恩威医药,77.107,,102891887.0,0,21.84,创业板
SZ301531,22.274830842032568,0.0,7.8404,11,2.94,False,0.01,7.102,46883653.0,48.27,6.12,76.1305,262.93,2263073930.0,1790697600000.0,10606528322.0,,100.0,12.765410983487058,-43.58,-0.1,19.18248298723766,165371616.36,1.38,1778428800000.0,0.64,10688660.0,3397380.0,1.25,7.102,3630.0,7.25,,633.08,春光集团,75.408,,219733340.0,0,46.89,创业板
SZ300838,,,1.9595,11,0.69,False,0.01,2.104,101807375.0,14.62,3.58,,-4.13,1488423823.0,,2017238360.0,,100.0,-2.6927771736038766,10.45,0.41,0.5332265865143127,38927429.0,0.1,1591545600000.0,-0.19,3002474.0,2655300.0,1.41,2.104,3617.0,2.61,,43.97,浙江力诺,-77.215,,137978000.0,0,14.52,创业板
SZ001278,,,0.9458,11,1.24,False,0.01,1.92,85348376.0,17.18,2.95,156.4398,-11.17,1466285100.0,,2125739812.0,,100.0,-12.439161405541821,-14.39,0.06,4.081945614361637,58945028.0,0.21,1678204800000.0,-1.2,1292995.0,3454300.0,1.27,1.92,3611.0,4.05,,44.0,一彬科技,-14.304,,123733400.0,0,16.97,深市主板
SZ001260,-48.87785484941672,,4.0191,11,-0.52,False,0.01,2.709,57625000.0,19.1,2.66,20.0221,-4.06,1100637500.0,,2196500000.0,1.126,100.0,2.7853894368596492,17.26,0.0,1.6706859125762419,45464089.2,-0.1,1676476800000.0,0.2,561155.0,2365304.0,0.48,2.709,3582.0,4.1,,44.01,坤泰股份,97.284,,115000000.0,0,19.2,深市主板
SZ301507,11.971566081938235,0.0,5.5454,11,-0.97,False,0.01,2.941,355148330.0,13.29,2.61,27.5556,-12.42,4719921306.0,1790697600000.0,4738607046.0,1.121,100.0,7.510876803541858,-58.34,0.0,15.862301357708297,56271580.52,-0.13,1693843200000.0,0.34,3342985.0,4213076.0,0.91,2.94,3581.0,1.19,,227.8,民生健康,39.561,,356554330.0,0,13.42,创业板
SZ001231,12.441425036855659,,2.8765,11,1.6,False,0.01,2.183,50962935.0,22.88,2.98,19.3001,-7.6,1166031953.0,,2280670049.0,0.656,100.0,7.067501862777109,10.91,0.26,10.155578808648237,36158045.0,0.36,1660838400000.0,0.72,-1336810.0,1591000.0,1.42,2.188,3533.0,3.12,,44.01,农心科技,31.649,,99679635.0,0,22.52,深市主板
SZ301156,-12.609943002656044,,3.3088,11,-0.26,False,0.01,2.963,118292595.0,11.73,3.32,111.9209,-11.44,1387572139.0,,2159575192.0,1.952,100.0,6.881342167203497,-21.2,0.0,15.56433825511565,37567281.6,-0.03,1655395200000.0,0.27,-3022894.0,3196180.0,1.11,2.946,3508.0,2.7,,47.06,美农生物,43.765,,184107007.0,0,11.76,创业板
SZ301195,-24.03428855731262,,3.7486,11,-0.22,False,0.01,1.454,87689828.0,26.64,1.99,22.5443,-21.14,2336057018.0,,3518340538.0,2.252,100.0,5.299746712502258,-39.5,-0.08,-3.278363233260939,19653704.52,-0.06,1659283200000.0,0.96,-14563.0,734208.0,0.84,1.454,3501.0,0.84,,-5.54,北路智控,27.716,,132069840.0,0,26.7,创业板
SZ001256,71.3629213006818,,5.303,11,0.14,False,0.01,2.226,106912558.0,21.75,3.08,34.4363,-1.48,2325348137.0,,3101823137.0,1.37,100.0,18.912204899569833,38.85,0.42,15.237825913741432,48531502.0,0.03,1670169600000.0,1.7,9055842.0,2223800.0,1.46,2.226,3461.0,2.08,,43.99,炜冈科技,12.769,,142612558.0,0,21.72,深市主板
SZ301100,,,2.9483,11,1.5,False,0.01,1.628,88727000.0,16.27,3.62,,-23.65,1443588290.0,,3273963290.0,,100.0,-1.470364404436773,-66.96,0.12,12.702785364430591,34521177.51,0.24,1639670400000.0,-0.15,2826823.0,2114223.0,0.91,1.628,3432.0,2.38,,94.82,风光股份,-111.204,,201227000.0,0,16.03,创业板
SZ301265,-9.509208228260624,0.0,7.1614,11,0.05,False,0.01,3.136,243933112.0,21.91,5.34,,58.09,5344574484.0,1790697600000.0,6638142418.0,0.447,100.0,3.014502934279394,40.24,0.32,10.893917107207884,153403491.03,0.01,1671120000000.0,0.21,3375536.0,6973897.0,0.89,3.136,3432.0,2.86,,21.01,华新科技,104.271,,302973182.0,0,21.9,创业板
SZ001333,-2.741226395953067,,1.536,11,2.96,False,0.01,1.504,74000000.0,20.52,3.66,47.4921,-2.77,1518480000.0,,2626560000.0,1.754,100.0,6.26975499599167,-33.48,-0.1,6.5772616112591775,41061905.0,0.59,1670428800000.0,0.84,2872054.0,2020600.0,1.22,1.504,3419.0,2.73,,43.98,光华股份,24.416,,128000000.0,0,19.93,深市主板
SZ001390,11.427939740092441,0.0,3.1441,11,-0.7,False,0.01,2.027,117759250.0,16.99,2.63,23.9468,-30.09,2000729657.0,1790697600000.0,3398000000.0,0.759,100.0,10.69652262560859,-43.0,-0.29,10.056535982028558,43334224.2,-0.12,1748448000000.0,0.86,652630.0,2547148.0,0.99,2.027,3379.0,2.16,,164.9,古麒绒材,19.655,,200000000.0,0,17.11,深市主板
SZ200512,,,0.2637,11,0.48,False,0.01,0.324,185391680.0,2.11,2.38,,-29.14,391176445.0,,391176445.0,5.45,100.0,-1.9947855169050202,663.11,0.48,-7.141002271645758,262147.11,0.01,741369600000.0,-0.13,0.0,124616.0,0.83,0.322,3360.0,0.07,,-0.21,闽灿坤B,-15.786,,185391680.0,0,2.1,B股
SZ301062,,,2.3722,11,0.29,False,0.01,2.215,275251242.0,6.89,3.49,26.6712,-15.71,1896481057.0,,2985382879.0,1.306,100.0,-7.5667369895017575,-59.97,-0.14,7.982888071155059,39393331.53,0.02,1631548800000.0,-0.25,-662789.0,5693521.0,1.3,2.215,3353.0,2.07,,588.82,上海艾录,-27.468,,433292145.0,0,6.87,创业板
SZ301098,343.6062863733417,,2.9387,11,-1.35,False,0.01,1.474,192986721.0,8.76,4.17,146.0701,2.1,1690563676.0,,2027517076.0,,100.0,-20.593746745837134,-59.02,0.34,-11.741371930332168,55414012.3,-0.12,1636646400000.0,-1.2,-5929669.0,6279559.0,1.32,1.474,3350.0,3.25,,175.08,金埔园林,-7.299,,231451721.0,0,8.88,创业板
SZ301667,,0.0,3.1899,11,3.45,False,0.01,5.056,23729790.0,56.92,6.16,,-28.97,1350699647.0,1790697600000.0,6356233632.0,0.176,100.0,5.32139695484945,-5.0,0.04,26.298758950678724,104336731.09,1.9,1766419200000.0,0.46,13667091.0,1830801.0,1.64,5.056,3320.0,7.72,,408.17,纳百川,124.507,,111669600.0,0,55.02,创业板
SZ301053,18.75926632324174,,6.6873,11,0.21,False,0.01,4.747,123223644.0,34.05,4.03,250.1143,35.26,4195765078.0,,4490695044.0,0.209,100.0,3.4525540997277013,23.43,-0.18,11.838733557178415,50318884.0,0.07,1630425600000.0,0.21,4597841.0,1491640.0,0.93,4.747,3317.0,1.21,,210.7,远信工业,158.932,,131885317.0,0,33.98,创业板
SZ301365,7.473956353867162,0.0,8.5437,11,-0.27,False,0.01,3.441,123122890.0,33.53,4.79,32.6884,42.52,4128310502.0,1790697600000.0,6116837698.0,1.3,100.0,2.8055789918397434,71.24,-0.06,9.0203415537637,71687963.7,-0.09,1669046400000.0,0.27,-2527581.0,2144735.0,0.83,3.441,3307.0,1.74,,-2.1,矩阵股份,123.443,,182428801.0,0,33.62,创业板
SZ301388,-5.062805083667799,,4.7885,11,-1.68,False,0.01,2.592,72662562.0,24.64,5.43,40.799,-18.34,1790405528.0,,2524308864.0,0.812,100.0,2.81355461683265,-19.16,-0.24,10.073565122202632,80232196.08,-0.42,1667923200000.0,0.27,16394125.0,3222394.0,2.95,2.592,3294.0,4.43,,30.06,欣灵电气,92.434,,102447600.0,0,25.06,创业板
SZ301043,-19.723872751514403,,5.6517,11,-1.08,False,0.01,3.723,56747750.0,46.86,7.01,21.4006,-27.36,2659199565.0,,3186480000.0,1.28,100.0,6.633264053167956,9.28,0.02,0.009604703670662573,46862673.81,-0.51,1628611200000.0,0.84,-329390.0,975917.0,0.96,3.723,3291.0,1.72,,51.7,绿岛风,56.033,,68000000.0,0,47.37,创业板
SZ301286,10.452803364388853,0.0,16.1862,11,4.76,False,0.01,9.585,161295898.0,46.2,5.56,63.349,10.07,7451870488.0,1790697600000.0,18484620000.0,0.978,100.0,13.411381541647865,74.61,-0.28,5.768340715016929,88584844.32,2.1,1655136000000.0,0.63,8497333.0,1915143.0,1.6,9.585,3272.0,1.19,,71.38,侨源股份,73.057,,400100000.0,0,44.1,创业板
SZ200030,-10.40561911125073,,0.231,11,-0.38,False,0.01,0.465,47818915.0,2.63,0.76,14.5905,-11.57,125763746.0,,4523102522.0,6.54,100.0,7.173697854444111,,0.0,0.49933638228660815,41684.8,-0.01,749232000000.0,0.4,0.0,15840.0,0.38,0.463,3272.0,0.03,,,富奥B,6.586,,1719810845.0,0,2.64,B股
SZ301356,,,2.7748,11,-3.19,False,0.01,1.403,126172440.0,19.11,5.47,18.7925,-9.17,2411155328.0,,4127760000.0,0.968,100.0,3.1953631599368695,-43.38,-0.1,66.25466258539494,28271926.0,-0.63,1668355200000.0,0.44,1681448.0,1458700.0,0.44,1.403,3268.0,1.16,,-10.97,天振股份,43.604,,216000000.0,0,19.74,创业板
SZ001285,22.725727868822744,0.0,2.8601,11,1.18,False,0.01,1.962,82870996.0,42.11,2.91,34.299,-26.97,3489697642.0,1790697600000.0,7602127522.0,1.318,100.0,13.189147283330865,-46.63,0.33,19.1822132294446,55350741.66,0.49,1759161600000.0,2.09,2302647.0,1317302.0,1.46,1.954,3264.0,1.59,,49.93,瑞立科密,20.171,,180530219.0,0,41.62,深市主板
SZ301332,-0.09144133272102062,0.0,1.111,11,-0.91,False,0.01,1.2,264840240.0,7.64,2.59,12.8648,-16.71,2023379434.0,1790697600000.0,3526337500.0,1.95,100.0,4.061994417832407,-46.14,-0.26,-2.673443267776654,34103245.87,-0.07,1684339200000.0,0.26,-1003839.0,4435000.0,1.23,1.2,3204.0,1.67,,-3.17,德尔玛,29.782,,461562500.0,0,7.71,创业板
SZ301391,-46.91604196109835,0.0,6.5634,11,-2.3,False,0.01,1.948,92835771.0,42.9,6.6,24.3683,-49.33,3982654576.0,1790697600000.0,4076135392.0,0.226,100.0,1.1539685706115832,-23.48,0.23,-13.060212405324256,44154565.8,-1.01,1669824000000.0,0.25,1705338.0,1010878.0,1.06,1.948,3185.0,1.09,,-11.67,卡莱特,169.822,,95014811.0,0,43.91,创业板
SZ301456,0.9350752285642638,,5.2017,11,-2.29,False,0.01,1.675,68551838.0,24.79,3.0,1262.4263,-20.68,1699400064.0,,3770294367.0,0.807,100.0,4.324261571019352,-49.73,0.2,26.43236095235284,78326941.46,-0.58,1689264000000.0,0.63,2976526.0,3139637.0,0.78,1.675,3181.0,4.58,,32.98,盘古智能,39.45,,152089325.0,0,25.37,创业板
SZ200468,-19.914108586410673,,1.1007,11,-2.67,False,0.01,396.421,100000000.0,3.64,2.41,34.8835,-22.88,364000000.0,,782600000.0,,100.0,-147.78422836882322,-4.48,0.0,-9.675651754147053,613105.0,-0.1,864230400000.0,-0.05,0.0,167300.0,0.91,395.652,3162.0,0.17,,71.19,宁通信B,-75.405,,215000000.0,0,3.74,B股
SZ301065,9.847970163459529,,3.2025,11,0.35,False,0.01,1.531,86287500.0,20.13,2.89,20.4014,-4.27,1736967375.0,,2134182600.0,1.451,100.0,5.800283799448331,-49.38,0.45,-0.3516324548254568,34400978.0,0.07,1631548800000.0,0.74,2607877.0,1708550.0,1.18,1.531,3151.0,1.98,,84.4,本立科技,27.036,,106020000.0,0,20.06,创业板
SZ301329,1.925179290985346,,3.1003,11,-2.46,False,0.01,2.146,66040000.0,19.81,5.51,47.9265,-14.92,1308252400.0,,3371662000.0,1.312,100.0,4.466376646225579,-32.62,0.1,18.47018682207322,61126955.4,-0.5,1689523200000.0,0.41,2181134.0,3045592.0,0.87,2.146,3144.0,4.61,,35.76,信音电子,48.31,,170200000.0,0,20.31,创业板
SZ301198,,,5.4001,11,-0.5,False,0.01,2.635,162277180.0,14.03,4.82,30.0115,11.7,2276748835.0,,2371070000.0,,100.0,-1.318804119612127,-55.51,0.43,3.6364196872445964,38816288.0,-0.07,1638374400000.0,-0.07,-223951.0,2756600.0,0.5,2.635,3135.0,1.7,,166.08,喜悦智行,-198.488,,169000000.0,0,14.1,创业板
SZ001358,-27.35002690933035,,6.0407,11,-0.66,False,0.01,2.049,50976308.0,24.01,3.97,49.4964,-6.17,1223941155.0,,2958032000.0,1.041,100.0,3.6704557606544035,-44.55,-0.46,-6.970731405636843,29237684.36,-0.16,1703088000000.0,0.43,-1137343.0,1208864.0,0.51,2.049,3120.0,2.37,,37.2,兴欣新材,56.372,,123200000.0,0,24.17,深市主板
SZ300983,,0.0,47.0151,11,-2.73,False,0.01,2.263,152810238.0,36.03,4.67,100.6971,34.44,5505752875.0,1790697600000.0,6225984000.0,,100.0,-3.171648535138779,-43.92,0.78,-36.95027849601554,29807959.29,-1.01,1618848000000.0,-0.51,2056399.0,820206.0,0.91,2.263,3095.0,0.54,,7.67,尤安设计,-70.204,,172800000.0,0,37.04,创业板
SZ001230,14.681926039423443,,1.9202,11,2.11,False,0.01,1.801,109980178.0,19.37,3.06,167.6704,26.8,2130316048.0,,3637230398.0,1.864,100.0,9.2878460803896,-16.09,0.16,13.882081072127583,59296851.36,0.4,1657814400000.0,0.97,2297782.0,3072848.0,0.67,1.801,3090.0,2.79,,28.92,劲旅环境,20.065,,187776479.0,0,18.97,深市主板
SZ301602,-20.065683336114414,0.0,18.215,11,-2.41,False,0.01,5.103,208499391.0,15.77,4.39,58.0211,-26.05,3288035396.0,1790697600000.0,6754758391.0,0.951,100.0,8.261588502778109,-46.69,0.0,0.24574048070151733,40852859.0,-0.39,1737475200000.0,0.25,47756.0,2571000.0,0.91,5.103,3065.0,1.23,,379.1,超研股份,62.793,,428329638.0,0,16.16,创业板
SZ301578,-60.92841323346365,,2.8168,11,-0.34,False,0.01,2.653,30120870.0,23.12,3.58,95.8239,-10.31,696394514.0,,2444732036.0,0.835,100.0,0.7400474419838814,-34.49,0.35,8.437337179027061,23584355.12,-0.08,1703692800000.0,0.06,605015.0,1014649.0,0.89,2.658,3048.0,3.37,,63.32,辰奕智能,357.093,,105741005.0,0,23.2,创业板
SZ301586,,,5.2004,11,-0.45,False,0.01,1.889,52911070.0,28.87,4.03,7.4178,-42.25,1527542591.0,,2395502772.0,0.346,100.0,0.24838006117682568,-51.29,0.63,-21.051366509106984,25588598.05,-0.13,1724774400000.0,0.04,-900975.0,883515.0,1.29,1.889,3038.0,1.67,,244.33,佳力奇,759.309,,82975503.0,0,29.0,创业板
SZ301613,-13.61787074774118,0.0,1.7596,11,0.3,False,0.01,3.538,83901247.0,33.96,3.69,,-33.27,2849286348.0,1790697600000.0,5685001227.0,1.77,100.0,10.425249055273989,-59.08,-0.12,24.002049728662644,23089677.2,0.1,1729785600000.0,0.98,1327526.0,674600.0,1.01,2.375,3025.0,0.8,,323.39,新铝时代,34.629,,167402863.0,0,33.86,创业板
SZ301125,,,5.136,11,-0.4,False,0.01,5.242,175993478.0,14.79,3.7,75.0954,12.67,2602943540.0,,3069480912.0,0.095,100.0,-1.802148193525217,12.49,0.54,7.314897750790528,70613056.84,-0.06,1654617600000.0,-0.05,-10214840.0,4765772.0,1.0,4.379,3015.0,2.71,,61.45,腾亚精工,-286.762,,207537587.0,0,14.85,创业板
SZ301113,-24.66721991915579,,6.2977,11,1.36,False,0.01,3.128,71664211.0,17.93,4.07,38.0814,-1.79,1284939303.0,,2121119000.0,0.859,100.0,1.1443510865297783,-52.57,0.17,25.170669616711884,27355920.53,0.24,1640102400000.0,0.07,289341.0,1523677.0,1.45,3.128,3015.0,2.13,,113.79,雅艺科技,271.3,,118300000.0,0,17.69,创业板
SZ301279,14.53981209296682,,5.4477,11,3.05,False,0.01,2.961,130499738.0,24.01,7.38,61.534,-9.09,3133298709.0,,4046278959.0,0.8,100.0,5.140178855866422,29.2,-0.17,6.645037008026744,70681915.64,0.71,1649779200000.0,0.41,7510684.0,2904582.0,1.58,2.961,2950.0,2.23,,18.62,金道科技,58.55,,168524738.0,0,23.3,创业板
SZ301608,15.805223545772984,0.0,3.7461,11,2.41,False,0.01,3.02,59506354.0,51.33,5.99,24.6957,-14.51,3054461151.0,1790697600000.0,6806106483.0,1.249,100.0,11.573212111642905,-10.93,0.1,19.90477164048785,139058292.17,1.21,1722441600000.0,1.89,1016869.0,2693696.0,1.03,3.02,2935.0,4.53,,111.24,博实结,27.097,,132595100.0,0,50.12,创业板
SZ001388,-31.916220478681346,0.0,4.5576,11,1.38,False,0.01,3.064,125118572.0,19.8,3.02,246.2626,-30.73,2477347726.0,1790697600000.0,4628566800.0,1.707,100.0,6.780493678378022,-49.81,0.0,1.2507738139914126,58359944.0,0.27,1751299200000.0,0.43,3653880.0,2929360.0,0.93,3.064,2932.0,2.34,,286.36,信通电子,45.844,,233766000.0,0,19.53,深市主板
SZ301320,-60.025830591970134,,2.4662,11,-0.64,False,0.01,2.406,115019175.0,13.91,4.5,52.4288,-17.75,1599916724.0,,2543026200.0,0.352,100.0,-0.3352416566295644,-42.92,-0.57,17.046585147485228,26568451.73,-0.09,1686240000000.0,-0.02,-123504.0,1876903.0,1.23,2.396,2905.0,1.63,,99.85,豪江智能,-720.302,,182820000.0,0,14.0,创业板
SZ301687,14.20762314993973,0.0,10.1478,11,0.95,False,0.01,4.726,31152846.0,48.96,5.05,82.8459,-30.96,1525243340.0,1790697600000.0,7190461440.0,0.613,100.0,10.942229064225556,-24.25,0.91,11.549858024846603,116955579.98,0.46,1767110400000.0,0.84,-1395433.0,2367832.0,0.85,4.726,2894.0,7.6,,225.22,新广益,58.147,,146864000.0,0,48.5,创业板
SZ301370,-55.01741358080141,0.0,0.6311,11,-0.69,False,0.01,1.66,470600000.0,8.68,2.52,6.8853,-24.66,4084808000.0,1790697600000.0,4084808000.0,1.394,100.0,1.0808264453436918,-55.24,-0.12,-7.044978801367241,19020336.0,-0.06,1689091200000.0,0.06,-1935436.0,2180600.0,1.14,1.66,2893.0,0.46,,94.77,国科恒泰,152.638,,470600000.0,0,8.74,创业板
SZ300851,10.514851637472255,,5.1326,11,0.6,False,0.01,1.687,56663527.0,25.13,2.92,,-4.05,1423954434.0,,2184636342.0,2.706,100.0,6.316627775020113,-19.26,0.24,9.646647749198877,27672005.0,0.15,1594915200000.0,0.93,2037149.0,1099800.0,1.01,1.687,2893.0,1.94,,43.99,交大思诺,26.935,,86933400.0,0,24.98,创业板
SZ001233,-22.729538544815277,0.0,3.6382,11,1.37,False,0.01,1.702,37713127.0,44.4,4.75,21.6952,-23.15,1674462839.0,1790697600000.0,8257216030.0,4.505,100.0,10.640291992927104,-47.33,0.16,0.8665894341450597,110086757.77,0.6,1764000000000.0,2.16,4913608.0,2450451.0,1.4,1.702,2892.0,6.5,,74.0,海安集团,20.513,,185973334.0,0,43.8,深市主板
SZ001387,-39.869302398186065,,0.9575,11,0.0,False,0.01,1.736,116409541.0,12.38,2.34,15.5672,-9.0,1441150118.0,,2265458800.0,1.616,100.0,5.7892764015777365,-43.82,0.08,6.091624293668763,31858188.5,0.0,1704902400000.0,0.4,319602.0,2579710.0,0.61,1.736,2883.0,2.22,,113.52,雪祺电气,30.832,,182993441.0,0,12.38,深市主板
SZ001395,42.53558907907995,,3.6444,11,1.48,False,0.01,2.698,53001000.0,30.19,2.76,25.0579,-7.17,1600100190.0,,3423908280.0,2.547,100.0,20.69724471076525,-37.21,0.33,19.217259201967064,39933064.3,0.44,1737907200000.0,2.17,3272556.0,1329948.0,0.98,2.698,2872.0,2.51,,159.43,亚联机械,13.916,,113412000.0,0,29.75,深市主板
SZ001382,-20.959562554650525,0.0,2.2584,11,-0.3,False,0.01,4.145,63000000.0,16.38,1.83,,-19.65,1031940000.0,1790697600000.0,6748560000.0,0.641,100.0,5.620991525553759,-54.97,0.06,0.15700130338300866,17130335.0,-0.05,1742486400000.0,0.22,-366385.0,1041900.0,0.91,4.145,2866.0,1.65,,304.19,新亚电缆,75.111,,412000000.0,0,16.43,深市主板
SZ300923,-29.49015904943735,,4.8913,11,0.21,False,0.01,1.686,76728250.0,23.97,3.3,27.9327,-4.36,1839176153.0,,1884042000.0,1.865,100.0,2.180520858082687,-47.28,0.25,-9.413888342170907,22386197.0,0.05,1608739200000.0,0.31,1205753.0,929000.0,0.81,1.686,2865.0,1.21,,76.31,研奥股份,77.046,,78600000.0,0,23.92,创业板
SZ001336,9.31862153281422,,4.448,11,10.02,False,0.01,2.613,64298663.0,20.65,10.82,75.7265,10.4,1327767391.0,,2157626608.0,0.446,100.0,5.223554434398351,-0.3,0.0,9.178933175809266,124843842.62,1.88,1658678400000.0,0.41,-65874106.0,6121384.0,3.2,2.613,2833.0,9.52,,43.99,楚环科技,50.964,,104485550.0,1,18.77,深市主板
SZ301598,16.675871318680848,,5.1167,11,0.43,False,0.01,3.018,18029098.0,50.83,3.06,28.0982,-17.4,916419051.0,,2993745845.0,1.967,100.0,13.66732036237625,-45.66,0.2,9.437947229873522,23161056.0,0.22,1734624000000.0,2.26,3388003.0,453900.0,1.0,3.018,2803.0,2.52,,118.36,博科测试,22.443,,58897223.0,0,50.61,创业板
SZ301590,,0.0,3.3993,11,-3.57,False,0.01,1.986,24372600.0,63.5,5.47,,-49.47,1547660100.0,1790697600000.0,3738523067.0,0.899,100.0,-1.8874814607418393,-39.81,-0.35,-12.771614793123065,46583226.15,-2.35,1749052800000.0,-0.61,-2640243.0,720660.0,1.28,1.986,2798.0,2.96,,68.64,优优绿能,-104.056,,58874379.0,0,65.85,创业板
SZ301609,8.49625511653298,0.0,6.9015,11,2.62,False,0.01,3.985,98165660.0,30.92,2.92,35.115,-24.44,3035282207.0,1790697600000.0,5036249600.0,1.779,100.0,14.03752643914394,-64.3,0.06,11.641262545888509,58356048.53,0.79,1753200000000.0,0.83,6353934.0,1900600.0,1.73,3.985,2776.0,1.94,,356.0,山大电力,37.204,,162880000.0,0,30.13,创业板
SZ301683,25.335419915205893,0.0,5.8583,11,1.76,False,0.01,2.647,15076064.0,98.91,4.51,30.1745,27.18,1491173490.0,1790697600000.0,6242843124.0,1.112,100.0,12.227421956268147,-22.12,-0.18,16.865232007538932,136007286.39,1.71,1774972800000.0,3.33,14783956.7,1365654.0,1.65,2.647,2765.0,9.06,,61.66,慧谷新材,29.673,,63116400.0,0,97.2,创业板
SZ301107,-15.195173266076212,,4.4208,11,-0.48,False,0.01,3.443,81160730.0,22.94,5.77,24.3635,14.94,1861827146.0,,3261810797.0,0.933,100.0,5.344419692201469,-12.26,1.01,14.502066471894892,75970494.08,-0.11,1653321600000.0,0.35,-9732057.0,3370672.0,1.09,3.443,2759.0,4.15,,114.86,瑜欣电子,65.061,,142188788.0,0,23.05,创业板
SZ301106,-38.777951467930535,,2.7986,11,-1.46,False,0.01,2.066,142960769.0,18.23,4.43,,-13.44,2606174819.0,,2606174819.0,1.371,100.0,3.7121839794924187,-32.97,0.39,18.626230301239644,42966546.0,-0.27,1643299200000.0,0.33,-1683911.0,2340900.0,1.17,2.066,2758.0,1.64,,15.6,骏成科技,55.987,,142960769.0,0,18.5,创业板
SZ301081,-61.42913380503521,,4.5577,11,8.72,False,0.01,3.927,225165317.0,19.21,14.49,218.8828,90.16,4325425740.0,,4502752673.0,0.26,100.0,0.044750784427108795,31.11,0.26,14.648474986910841,247432703.49,1.54,1634659200000.0,0.0,26700941.0,13097182.0,1.46,4.026,2735.0,5.82,,61.39,严牌股份,8926.615,,234396287.0,0,17.67,创业板
SZ301222,-5.846267569851871,,4.9449,11,-3.12,False,0.01,2.383,106600148.0,24.2,7.21,199.5851,20.15,2579723582.0,,3396185408.0,1.475,100.0,6.408212586297777,-28.47,-0.12,10.171193639261688,67205754.2,-0.78,1646755200000.0,0.65,-3496800.0,2704780.0,0.95,2.383,2732.0,2.54,,74.16,浙江恒威,37.229,,140338240.0,0,24.98,创业板
SZ001326,-41.58426196375354,,4.7815,11,0.34,False,0.01,6.028,24017329.0,101.37,7.87,69.3608,115.14,2434636641.0,,7420284000.0,0.138,100.0,2.340277978007131,41.63,-0.01,4.262626718320073,261266176.46,0.34,1699459200000.0,0.39,6805009.0,2523900.0,0.73,6.028,2731.0,10.51,,56.99,联域股份,258.906,,73200000.0,0,101.03,深市主板
SZ301587,-13.80545936593417,,4.1613,11,4.03,False,0.01,1.673,73452665.0,22.74,5.22,35.7918,-2.82,1670313602.0,,3350239630.0,1.381,100.0,3.146218630841402,-42.13,0.13,10.970647174895664,144572692.0,0.88,1712505600000.0,0.43,2582763.0,6381900.0,1.28,1.673,2722.0,8.69,,73.72,中瑞股份,53.317,,147328040.0,0,21.86,创业板
SZ301314,-32.08623445987967,,12.4565,11,-1.34,False,0.01,2.544,29932953.0,48.03,7.15,161.1149,14.86,1437679733.0,,2653657500.0,0.5,100.0,1.5778763872554165,-21.5,-0.23,1.900237171772745,78645168.48,-0.65,1679932800000.0,0.3,6587929.0,1594437.0,1.0,2.544,2707.0,5.33,,36.41,科瑞思,161.36,,55250000.0,0,48.68,创业板
SZ301097,,,4.0276,11,-2.33,False,0.01,2.717,39590371.0,33.89,4.96,51.6152,-8.24,1341717673.0,,2765742329.0,1.024,100.0,-0.8770770700650523,-1.28,0.36,31.02119212510004,31687426.78,-0.81,1649260800000.0,-0.12,-255020.0,927646.0,1.38,2.717,2702.0,2.34,,20.93,天益医疗,-288.521,,81609393.0,0,34.7,创业板
SZ301102,,,7.9781,11,-0.74,False,0.01,1.307,406000000.0,9.38,1.69,6.6993,-10.48,3808280000.0,,3808280000.0,0.107,100.0,-1.2646690121055275,-49.72,-0.11,-11.799464440946839,13542705.0,-0.07,1648396800000.0,-0.09,621367.0,1441900.0,0.62,1.307,2701.0,0.36,,-14.67,兆讯传媒,-100.911,,406000000.0,0,9.45,创业板
SZ301068,-22.836790138937147,,2.6595,11,6.49,False,0.01,4.273,100321525.0,24.93,10.98,18.4457,-4.92,2501015618.0,,3523001448.0,0.401,100.0,4.760330947294343,30.34,0.0,10.729848249701558,61707478.77,1.52,1632758400000.0,0.27,6688024.0,2471243.0,2.01,4.273,2678.0,2.46,,158.44,大地海洋,91.358,,141315742.0,0,23.41,创业板
SZ301298,-55.69033550397805,,2.9723,11,-0.47,False,0.01,2.063,108204492.0,12.8,3.34,25.7773,-17.57,1385017498.0,,1879040000.0,2.32,100.0,2.8552961048046113,-46.97,0.0,2.7253230268259987,19289292.0,-0.06,1654444800000.0,0.18,-446211.0,1504800.0,1.18,2.063,2664.0,1.39,,116.56,东利机械,71.79,,146800000.0,0,12.86,创业板
SZ001365,-3.475065880689987,,1.0819,11,0.65,False,0.01,2.496,57505646.0,35.48,3.57,27.2031,30.49,2040300320.0,,18627000000.0,,100.0,10.007801260859344,-56.2,-0.03,18.071107773638474,175383515.48,0.23,1779033600000.0,1.17,-1350704.0,4925642.0,0.88,2.496,2653.0,8.57,,146.86,天海电子,30.311,,525000000.0,0,35.25,深市主板
SZ301386,-13.03929556402097,,5.2117,11,-1.84,False,0.01,1.927,83967184.0,20.26,3.05,37.9223,-11.83,1701175148.0,,2836400000.0,2.468,100.0,5.549506532776782,-24.36,-0.3,-0.8862323339527522,20786793.0,-0.38,1680019200000.0,0.58,-819546.0,1015100.0,0.57,1.927,2652.0,1.21,,-5.64,未来电器,34.869,,140000000.0,0,20.64,创业板
SZ301680,29.4235311872014,0.0,5.5088,11,-1.08,False,0.01,4.329,17725867.0,94.4,2.9,159.606,63.37,1673321845.0,1790697600000.0,7816320000.0,0.477,100.0,15.88399344196644,-24.8,-0.01,41.96400424843685,60028969.02,-1.03,1772726400000.0,2.38,-3560197.0,632145.0,0.78,4.329,2647.0,3.57,,118.47,固德电材,39.741,,82800000.0,0,95.43,创业板
SZ301669,6.411694424341174,,9.8899,11,4.59,False,0.01,6.995,81887545.0,25.29,7.9,,257.2,2070936013.0,,12139200000.0,,100.0,9.697121283051695,-60.27,0.28,15.040533146828272,231876607.36,1.11,1780934400000.0,0.26,30413870.0,9113630.0,2.04,6.995,2646.0,11.13,,624.58,高特电子,96.778,,480000000.0,0,24.18,创业板
SZ301595,-28.20804461300057,0.0,3.9207,11,-4.33,False,0.01,5.267,40832500.0,43.97,6.59,237.5819,-9.9,1795405025.0,1790697600000.0,4761071600.0,0.569,100.0,4.611360155630615,-1.18,0.23,17.41831972448813,69736267.12,-1.99,1747584000000.0,0.39,-3338465.0,1573483.0,0.62,5.267,2629.0,3.85,,218.48,太力科技,114.204,,108280000.0,0,45.96,创业板
SZ001225,-41.209387391012356,,12.5944,11,2.06,False,0.01,2.296,89998020.0,34.6,7.17,64.5645,-14.7,3113931492.0,,3176249552.0,0.645,100.0,2.029346692231883,-3.84,-0.29,-11.791407403574993,82962852.6,0.7,1676995200000.0,0.3,5223901.0,2401540.0,1.19,2.296,2606.0,2.67,,44.01,和泰机电,113.813,,91799120.0,0,33.9,深市主板
SZ301056,-13.193124125088717,,6.5305,11,2.23,False,0.01,4.656,175995830.0,13.28,7.16,33.2797,-19.55,2337224622.0,,3542926938.0,3.012,100.0,8.64880595579683,-2.25,0.0,-10.131684262597895,65768047.46,0.29,1630944000000.0,0.25,7833870.0,4898271.0,1.58,4.656,2586.0,2.78,,277.1,森赫股份,52.513,,266786667.0,0,12.99,创业板
SZ301469,12.963963014977331,,2.1739,11,-0.52,False,0.01,1.827,45838685.0,28.62,3.68,37.1535,-4.58,1311903165.0,,2560917600.0,1.37,100.0,7.231077578808143,-53.72,0.21,11.693072947503701,32174577.02,-0.15,1692633600000.0,1.12,-1228211.0,1117400.0,1.19,1.827,2570.0,2.44,,70.8,恒达新材,25.628,,89480000.0,0,28.77,创业板
SZ301599,-3.3425289480900178,0.0,6.4876,11,13.15,False,0.01,7.373,54700536.0,37.0,14.89,20.1539,167.2,2023919832.0,1790697600000.0,15969200000.0,0.405,100.0,14.874749549057228,-22.57,0.0,14.010099272719456,506541398.02,4.3,1777478400000.0,0.56,69212392.0,14072265.0,3.34,7.372,2533.0,25.73,,348.6,理奇智能,65.947,,431600000.0,0,32.7,创业板
SZ301552,-11.008539900803726,,4.581,11,0.04,False,0.01,2.634,30940000.0,24.26,2.14,21.9623,-13.84,750604400.0,,3002417600.0,3.17,100.0,10.784913691339232,-33.67,-0.16,8.953711986825553,13808760.8,0.01,1721577600000.0,1.0,0.0,568050.0,0.85,2.634,2528.0,1.84,,130.67,科力装备,24.219,,123760000.0,0,24.25,创业板
SZ301502,-30.321101822743824,,6.4905,11,-3.1,False,0.01,3.264,23670775.0,47.51,5.51,22.8341,6.68,1124598520.0,,2712037085.0,0.547,100.0,2.653279957665149,-18.74,-0.44,-3.3969815722798447,40087014.0,-1.52,1706803200000.0,0.38,1870553.0,824100.0,1.22,3.264,2527.0,3.48,,114.1,华阳智能,123.583,,57083500.0,0,49.03,创业板
SZ301115,,,4.4216,11,3.97,False,0.01,2.581,149202150.0,34.85,6.62,36.3074,121.18,5199694928.0,,6344696208.0,0.336,100.0,-1.3648138957340006,15.98,0.14,2.4667358431722075,201156564.28,1.33,1661875200000.0,-0.19,5471581.0,5889691.0,0.66,2.602,2518.0,3.95,,-19.62,联检科技,-183.895,,182057280.0,0,33.52,创业板
SZ301197,-1.4537053534890099,,7.702,11,2.13,False,0.01,2.535,108749250.0,27.27,6.55,61.0098,31.13,2965592048.0,,3287125800.0,0.176,100.0,1.5884417445520735,-36.88,0.66,-8.743650354273925,98412426.94,0.57,1659888000000.0,0.17,-4150837.0,3554221.0,1.22,2.535,2510.0,3.27,,46.98,工大科雅,158.48,,120540000.0,0,26.7,创业板
SZ001386,-16.151139332543295,0.0,3.13,11,-1.81,False,0.01,1.545,107542800.0,15.69,2.94,12.5146,-29.62,1687346532.0,1790697600000.0,18748294800.0,3.824,100.0,8.792354522575337,-51.06,0.0,-14.804464006791163,44828030.63,-0.29,1761062400000.0,0.83,-1885681.0,2836249.0,1.03,1.545,2508.0,2.64,,128.8,马可波罗,18.997,,1194920000.0,0,15.98,深市主板
SZ001378,3.682504076102111,,2.3862,11,1.96,False,0.01,2.07,84340911.0,22.39,6.15,23.4648,25.51,1888392997.0,,3880941095.0,2.229,100.0,5.675252984837119,-49.61,0.13,13.364863658527582,159759353.96,0.43,1698595200000.0,0.61,1920205.0,7085044.0,1.42,2.069,2496.0,8.4,,139.84,德冠新材,36.504,,173333680.0,0,21.96,深市主板
SZ200016,35.926194138250445,,0.20257520629127918,11,0.0,False,0.01,,811351608.0,0.71,,,-52.67,576059642.0,,1709641240.0,,100.0,476.50704491606825,,,-26.04751963476961,0.0,0.0,701625600000.0,-6.02,,0.0,0.0,-0.13,2480.0,0.0,,,*ST康佳B,-0.118,,2407945408.0,0,0.71,B股
SZ301418,-66.9458455699345,,5.4153,11,-1.3,False,0.01,1.567,30833334.0,34.28,4.84,,-5.89,1056966690.0,,2513866690.0,0.289,100.0,0.1349908998950265,-67.89,0.2,9.339341254701928,39175140.84,-0.45,1692547200000.0,0.03,488061.0,1125082.0,1.04,1.567,2466.0,3.65,,93.1,协昌科技,1159.306,,73333334.0,0,34.73,创业板
SZ301287,-34.374465531750374,,4.4484,11,-1.92,False,0.01,2.313,17031350.0,40.45,3.23,28.312,-2.33,688918108.0,,2696801500.0,0.593,100.0,4.479379360094663,-23.78,-0.76,1.3209299766419047,30179324.0,-0.79,1686672000000.0,0.78,-9040647.0,739700.0,0.96,2.313,2449.0,4.34,,25.55,康力源,52.151,,66670000.0,0,41.24,创业板
SZ301503,-56.26908403073179,,1.3008,11,-0.31,False,0.01,2.111,57668000.0,22.2,2.78,,-18.88,1280229600.0,,2308800000.0,1.212,100.0,5.361659446088679,-32.17,-0.49,32.275823691596386,17816347.5,-0.07,1689523200000.0,0.56,-198612.0,797370.0,1.05,2.111,2438.0,1.38,,23.68,智迪科技,39.898,,104000000.0,0,22.27,创业板
SZ301559,-48.50015756861972,0.0,2.9115,11,-0.23,False,0.01,1.699,90000000.0,12.77,2.11,84.3006,-18.63,1149300000.0,1790697600000.0,7662000000.0,1.558,100.0,2.112986421131951,-44.79,0.08,-14.974349454113057,13363515.0,-0.03,1696953600000.0,0.16,356952.0,1041500.0,0.91,1.699,2415.0,1.16,,-1.11,中集环科,80.379,,600000000.0,0,12.8,创业板
SZ301296,-53.16674875315499,,0.8368,11,-0.78,False,0.01,1.021,427531764.0,6.37,2.8,8.8039,-25.23,2723377337.0,,2723439444.0,,100.0,0.30769465236996413,-70.69,-0.47,28.553758183246856,18730280.0,-0.05,1662048000000.0,0.02,-331241.0,2914500.0,1.25,1.02,2388.0,0.68,,7.04,新巨丰,328.106,,427541514.0,0,6.42,创业板
SZ301491,-2.3922900245214485,0.0,2.4789,11,-0.3,False,0.01,2.142,38250840.0,36.1,1.8,38.338,-35.34,1380855324.0,1790697600000.0,4656900000.0,0.482,100.0,10.942077382282282,-60.37,0.08,23.631613830421514,17799331.0,-0.11,1754409600000.0,1.41,-276038.0,492200.0,1.14,2.142,2383.0,1.29,,186.72,汉桑科技,25.519,,129000000.0,0,36.21,创业板
SZ301203,-19.11260244764913,,6.3838,11,-0.12,False,0.01,1.959,43767500.0,33.15,3.4,,3.53,1450892625.0,,2652000000.0,2.413,100.0,6.448104341848773,-14.02,0.03,17.911541380526707,33531438.0,-0.04,1680537600000.0,1.13,-5949482.0,1005400.0,1.79,1.959,2381.0,2.3,,-12.88,国泰环保,29.346,,80000000.0,0,33.19,创业板
SZ301581,-59.857719889273284,,2.8133,11,-2.79,False,0.01,2.791,42294500.0,34.48,4.51,,-26.79,1458314360.0,,2758400000.0,1.015,100.0,2.4445552493386598,-55.96,-0.29,14.774858754495067,21588461.8,-0.99,1735833600000.0,0.3,-2814085.0,618384.0,0.79,2.791,2370.0,1.46,,154.58,黄山谷捷,113.939,,80000000.0,0,35.47,创业板
SZ200056,52.6492136881894,,0.1816,11,-1.69,False,0.01,,243235012.0,0.58,1.69,5.2111,-23.68,141076307.0,,685866368.0,,100.0,227.767435523468,30.34,0.0,19.513445835846134,223350.0,-0.01,814982400000.0,-2.79,-188753.0,379100.0,8.23,-0.221,2334.0,0.16,,3.27,*ST皇庭B,-0.208,,1182528220.0,0,0.59,B股
SZ301192,-4.446631683793923,,4.2463,11,-0.56,False,0.01,3.012,50385603.0,19.57,3.15,18.4448,-33.62,986046251.0,,1981305940.0,0.756,100.0,6.642965465724172,-29.38,0.2,14.409280451553563,35445905.62,-0.11,1660147200000.0,0.41,755586.0,1803182.0,1.43,3.012,2310.0,3.58,,80.34,泰祥股份,47.591,,101242000.0,0,19.68,创业板
SZ001393,16.416844906781613,0.0,2.9876,11,1.47,False,0.01,2.737,48040181.0,40.64,2.87,37.1887,33.77,1952352956.0,1790697600000.0,10132906694.0,0.984,100.0,11.10731586553392,-66.13,0.02,29.799797002886287,83881222.0,0.59,1778774400000.0,1.2,5201892.0,2057500.0,0.68,2.737,2304.0,4.28,,297.2,维通利,33.994,,249333334.0,0,40.05,深市主板
SZ301519,,,3.9784,11,-1.32,False,0.01,1.44,76092879.0,11.97,4.29,66.2428,-10.07,910831762.0,,1934865262.0,0.835,100.0,-3.4780163061659675,-56.07,-0.25,-16.188429071056643,20065173.0,-0.16,1690387200000.0,-0.3,335089.0,1667000.0,1.05,1.44,2302.0,2.19,,62.97,舜禹股份,-40.038,,161642879.0,0,12.13,创业板
SZ301616,29.411650337537964,,3.0917,11,4.83,False,0.01,2.049,28401791.0,37.11,5.9,29.0798,-26.55,1053990464.0,,2968800000.0,1.078,100.0,13.407198905127316,-33.87,-0.03,8.89004655206913,61091168.08,1.71,1743004800000.0,2.33,8465659.0,1661300.0,1.62,2.049,2287.0,5.85,,149.11,浙江华业,15.957,,80000000.0,0,35.4,创业板
SZ301584,14.042792889902532,0.0,0.3999,11,-0.05,False,0.01,3.612,238591197.0,18.52,3.18,8.1326,-35.75,4418708968.0,1790697600000.0,7839372637.0,1.614,100.0,14.799999558681664,-47.85,0.11,8.594104718205454,44675824.49,-0.01,1758729600000.0,0.66,554477.0,2397917.0,0.96,3.594,2255.0,1.01,,418.58,建发致新,27.941,,423292259.0,0,18.53,创业板
SZ301290,,,7.188,11,-3.87,False,0.01,1.284,79578534.0,27.59,5.82,27.8032,10.24,2195571753.0,,2763782285.0,1.073,100.0,-1.5603444918815021,-41.58,-0.07,-4.215002169724924,76834446.0,-1.11,1669737600000.0,-0.34,2813261.0,2749400.0,1.08,1.284,2241.0,3.45,,20.48,东星医疗,-81.058,,100173334.0,0,28.7,创业板
SZ301707,13.646925981053837,,44.3169,11,-0.68,False,0.01,17.81,27052564.0,67.43,4.7,120.8681,187.55,1824154391.0,,27726536980.0,,100.0,17.293966216142234,-37.56,0.07,9.634151173527039,226591345.87,-0.46,1786032000000.0,0.6,15933167.0,3299858.0,0.63,11.321,2239.0,12.2,,396.89,展芯股份,112.238,,411189930.0,0,67.89,创业板
SZ301372,,,8.2886,11,-1.34,False,0.01,3.119,41170445.0,33.79,4.23,156.2912,33.24,1391149337.0,,2317028620.0,,100.0,-5.622456591499982,-57.36,0.12,-2.1977208678211513,31932807.0,-0.46,1691683200000.0,-0.63,-1781863.0,939700.0,0.7,3.119,2231.0,2.28,,113.33,科净源,-53.91,,68571430.0,0,34.25,创业板
SZ301355,25.575173612992998,,1.2589,11,-2.56,False,0.01,1.627,141712928.0,12.18,4.88,15.0459,-8.56,1726063463.0,,2376292763.0,,100.0,-2.7880220300659007,-37.95,0.08,21.266732018602607,69918111.0,-0.32,1686499200000.0,-0.21,-3347948.0,5669300.0,1.4,1.627,2214.0,4.0,,23.53,南王科技,-57.527,,195097928.0,0,12.5,创业板
SZ200553,,,0.1958,11,-0.36,False,0.01,0.315,152739805.0,2.78,2.87,1.8659,14.88,424616658.0,,6476876709.0,,100.0,-2.916171322109595,22.75,0.0,-5.242628272501637,132315.0,-0.01,863625600000.0,-0.27,0.0,47600.0,0.35,0.314,2207.0,0.03,,0.0,安道麦B,-10.384,,2329811766.0,0,2.79,B股
SZ301272,-41.47355260086976,,3.3277,11,-1.34,False,0.01,2.007,39686323.0,34.63,3.99,93.2572,-14.96,1374337365.0,,2022269756.0,1.207,100.0,3.12966066163813,-55.01,-0.14,5.965527599252507,35306628.0,-0.47,1689177600000.0,0.54,-2623731.0,1017700.0,1.53,2.01,2207.0,2.56,,66.16,英华特,64.321,,58396470.0,0,35.1,创业板
SZ200055,,,0.3793,11,-1.44,False,0.01,0.228,394158755.0,1.37,2.16,2.7372,-6.16,539997494.0,,1471207691.0,,100.0,-8.218455478720948,809.09,0.0,-8.59829022173778,377330.0,-0.02,817574400000.0,-0.52,0.0,274800.0,0.97,0.227,2205.0,0.07,,0.62,方大B,-2.628,,1073874227.0,0,1.39,B股
SZ301057,-5.39955310726532,,2.3829,11,-1.66,False,0.01,3.384,82561613.0,22.55,4.27,27.1717,-37.16,1861764373.0,,2637660827.0,0.878,100.0,5.364461619785729,-10.13,0.36,16.974713254179896,91882213.75,-0.38,1631116800000.0,0.35,742421.0,4033603.0,0.72,3.384,2201.0,4.89,,216.19,汇隆新材,64.027,,116969438.0,0,22.93,创业板
SZ301636,-65.09855113934945,,3.655,11,10.5,False,0.01,2.643,37781423.0,44.4,13.29,,-9.2,1677495181.0,,2872419061.0,,100.0,-1.3513020663681485,-31.63,0.91,-3.9396858373507038,191692323.87,4.22,1747324800000.0,-0.23,16860749.0,4374295.0,2.76,2.643,2156.0,11.58,,99.52,泽润新能,-193.251,,64694123.0,0,40.18,创业板
SZ301303,-4.3273445565693125,0.0,3.1057,11,-1.64,False,0.01,1.637,314848602.0,13.81,2.56,20.216,-6.33,4348059194.0,1790697600000.0,5645528000.0,2.679,100.0,9.294128241545344,-36.0,0.07,11.495443735741894,37207871.46,-0.23,1676822400000.0,0.77,-2666553.0,2687173.0,0.61,1.637,2155.0,0.85,,26.9,真兰仪表,17.992,,408800000.0,0,14.04,创业板
SZ301515,,,2.7698,11,-1.61,False,0.01,1.671,67557550.0,20.19,2.92,,0.65,1363986935.0,,2019000000.0,,100.0,-1.0383046707784183,-44.07,-0.44,-4.1648371591195605,23480063.56,-0.33,1690214400000.0,-0.13,1545553.0,1153004.0,0.8,1.671,2073.0,1.71,,32.03,港通医疗,-160.338,,100000000.0,0,20.52,创业板
SZ301535,-2.871140604582989,0.0,7.2873,11,0.52,False,0.01,4.895,169796118.0,13.61,5.61,33.6281,-37.57,2310925166.0,1790697600000.0,5788252946.0,0.735,100.0,7.425995377369548,-54.17,0.0,14.611588297527177,41370597.64,0.07,1743004800000.0,0.2,2607174.0,3006252.0,1.88,4.895,2068.0,1.77,,389.02,浙江华远,67.378,,425294118.0,0,13.54,创业板
SZ301633,,,6.7378,11,-1.47,False,0.01,3.676,25516692.0,59.06,3.5,67.3177,-14.73,1507015830.0,,3288460800.0,0.847,100.0,3.3170376812215427,-67.68,-0.87,-8.627292062668046,60926420.66,-0.88,1730908800000.0,0.53,-7958335.0,1020576.0,0.56,3.675,2034.0,4.0,,261.44,港迪技术,111.186,,55680000.0,0,59.94,创业板
SZ300784,-27.589954314691,,4.5294,11,0.21,False,0.01,2.942,16934475.0,42.43,5.48,34.5999,-14.77,718529774.0,,2386161368.0,0.943,100.0,4.867995452217716,-56.79,-0.05,3.507464107138847,34930475.87,0.09,1717689600000.0,0.7,2303576.0,812969.0,1.87,2.942,2029.0,4.8,,348.76,利安科技,60.814,,56237600.0,0,42.34,创业板
SZ301513,-45.838297246339465,0.0,6.5462,11,19.98,False,0.01,5.212,20148989.0,67.81,24.77,19.0453,156.1,1366302944.0,1790697600000.0,6781000000.0,0.693,100.0,8.631379010859938,-31.72,0.46,28.450228505591713,597216215.84,11.29,1776355200000.0,0.85,74156133.0,9719828.0,3.59,5.212,2029.0,48.24,,286.72,尚水智能,79.894,,100000000.0,0,56.52,创业板
SZ301560,-77.41249901793661,,4.3106,11,1.08,False,0.01,4.823,58432000.0,38.27,7.92,45.3242,12.67,2236192640.0,,4653632000.0,0.209,100.0,2.146904108364852,-14.53,0.0,10.044297673809744,423756633.79,0.41,1745510400000.0,0.17,20920555.0,11249209.0,0.92,4.823,2017.0,19.25,,179.39,众捷股份,225.554,,121600000.0,0,37.86,创业板
SZ200521,-57.361426942545954,,0.0866,11,-0.71,False,0.01,0.42,148189834.0,2.79,2.14,,-25.82,413449637.0,,2873487165.0,8.459,100.0,0.8499442921458106,114.8,0.0,3.656966978223908,658006.0,-0.02,841161600000.0,0.06,0.0,235200.0,0.5,0.418,2014.0,0.16,,10.75,虹美菱B,47.934,,1029923715.0,0,2.81,B股
SZ001277,-14.772288455366878,,2.0238,11,-0.26,False,0.01,1.456,45795689.0,30.21,2.81,39.5851,-22.8,1383487765.0,,2295960000.0,1.132,100.0,6.025228425294445,-38.37,0.3,-1.025845957024274,25866055.64,-0.08,1725292800000.0,1.22,-540380.0,855333.0,0.94,1.455,1976.0,1.87,,36.16,速达股份,24.672,,76000000.0,0,30.29,深市主板
SZ301170,-12.416073573949548,,1.9639,11,-0.56,False,0.01,1.29,38003725.0,23.0,3.29,25.3144,-16.85,874085675.0,,2300000000.0,1.087,100.0,4.603680208549231,-41.29,0.17,6.565616463321633,23464072.0,-0.13,1687795200000.0,0.81,-1386515.0,1019100.0,1.29,1.29,1969.0,2.68,,20.59,锡南科技,28.376,,100000000.0,0,23.13,创业板
SZ200992,32.34511151180139,,0.294,11,-1.88,False,0.01,0.341,138000000.0,1.57,3.13,,-33.47,216660000.0,,417731972.0,,100.0,0.9728090633638856,-35.95,0.0,-7.680015545798158,120185.0,-0.03,964368000000.0,0.05,0.0,76800.0,0.57,0.339,1968.0,0.06,,34.2,中鲁B,34.86,,266071320.0,0,1.6,B股
SZ301539,,,1.8599,11,-0.98,False,0.01,2.961,77973524.0,15.2,3.78,,-26.73,1185197565.0,,2249600000.0,0.658,100.0,-2.3583942674077285,-61.19,-0.26,12.401636176293751,23458518.0,-0.15,1713110400000.0,-0.12,-704207.0,1533700.0,1.36,2.961,1954.0,1.97,,238.16,宏鑫科技,-122.422,,148000000.0,0,15.35,创业板
SZ001237,0.9872314951057337,,2.4045,11,-0.08,False,0.01,2.135,34856028.0,49.01,1.83,21.7903,-7.98,1708293932.0,,7270703584.0,1.02,100.0,15.935966377219412,-50.99,0.02,8.4533395401019,38667318.88,-0.04,1779379200000.0,2.48,-3019842.0,784501.0,1.02,2.135,1950.0,2.25,,109.91,惠康科技,19.736,,148351430.0,0,49.05,深市主板
SZ301632,7.523651677923704,0.0,4.5595,11,0.53,False,0.01,2.011,183812500.0,13.19,1.6,103.3731,-45.07,2424486875.0,1790697600000.0,5520806400.0,0.91,100.0,4.9308680070113,-59.34,0.23,-0.09340809842308673,28330682.91,0.07,1754928000000.0,0.28,-1316420.0,2151687.0,0.54,2.011,1915.0,1.17,,418.45,广东建科,46.68,,418560000.0,0,13.12,创业板
SZ001335,-3.7438989635890874,,2.2279,11,1.09,False,0.01,3.106,25544030.0,33.4,4.63,39.6401,-32.06,853170602.0,,3130901304.0,0.449,100.0,8.000412501331288,-34.03,0.12,11.626480898191293,30343788.26,0.36,1744646400000.0,0.84,2224352.0,905797.0,1.2,3.106,1870.0,3.55,,312.58,信凯科技,39.974,,93739560.0,0,33.04,深市主板
SZ301446,-4.782350856882478,,6.1469,11,2.76,False,0.01,3.265,31772000.0,38.4,4.92,246.9525,20.89,1220044800.0,,3993600000.0,0.651,100.0,5.894457309137275,19.73,0.31,22.14929033426094,60533061.0,1.03,1690214400000.0,0.68,9561139.0,1579080.0,1.33,3.265,1870.0,4.97,,27.25,福事特,56.605,,104000000.0,0,37.37,创业板
SZ200541,-35.49826030286557,,0.2836,11,-1.08,False,0.01,0.356,294745606.0,1.83,4.32,14.1843,-12.33,539384459.0,,2810474161.0,3.115,100.0,2.0987514963484335,989.93,0.0,-3.2056661084585936,2312346.79,-0.02,807811200000.0,0.11,-3688.0,1278631.0,10.47,0.355,1849.0,0.43,,6.95,粤照明B,16.959,,1535778230.0,0,1.85,B股
SZ301227,,,6.8814,11,-1.25,False,0.01,2.537,73908437.0,30.69,12.39,43.6278,-20.1,2268249932.0,,4034474777.0,,100.0,-4.569328071812712,44.13,0.29,-16.33526943439162,150212628.51,-0.39,1664121600000.0,-0.56,-2941922.0,4717088.0,1.69,2.537,1838.0,6.38,,-17.36,森鹰窗业,-54.587,,131458937.0,0,31.08,创业板
SZ301276,-17.118297924323123,,1.9164,11,0.46,False,0.01,1.067,72267609.0,17.44,2.53,43.0151,-40.63,1260347101.0,,2260224000.0,2.867,100.0,4.9361427010948535,-32.03,0.46,2.9250014979805394,45299894.23,0.08,1662652800000.0,0.8,-31052.0,2598433.0,1.44,1.066,1835.0,3.6,,-16.31,嘉曼服饰,21.805,,129600000.0,0,17.36,创业板
SZ301037,,,1.1399,11,-0.97,False,0.01,3.389,67986573.0,13.21,4.5,20.311,-8.26,898102629.0,,1836608572.0,,100.0,-15.82705964536073,-46.15,-0.23,-11.999813375681578,35215348.0,-0.13,1627574400000.0,-0.67,3592558.0,2634300.0,1.48,3.389,1824.0,3.87,,109.18,保立佳,-19.698,,139031686.0,0,13.34,创业板
SZ301557,-10.328530924130918,0.0,3.8487,11,-4.27,False,0.01,4.632,24870977.0,76.63,6.11,216.2556,-17.33,1905862968.0,1790697600000.0,4753436986.0,0.839,100.0,7.7007775667293945,36.85,1.07,14.646774862630728,56007818.7,-3.42,1741017600000.0,1.25,-10727641.0,722674.0,0.77,4.632,1823.0,2.91,,211.6,常友科技,61.324,,62031019.0,0,80.05,创业板
SZ301295,9.787621353455322,,4.3528,11,-1.3,False,0.01,3.591,29400000.0,34.89,6.03,,17.62,1025766000.0,,3516912000.0,0.602,100.0,5.128831730062548,20.31,0.35,18.891897813062265,47608652.0,-0.46,1687881600000.0,0.49,-297203.0,1343400.0,1.32,3.591,1815.0,4.57,,20.11,美硕科技,71.038,,100800000.0,0,35.35,创业板
SZ301686,17.96398771535341,,9.2632,11,-3.14,False,0.01,12.167,8733057.0,160.61,6.25,157.836,190.54,1402616285.0,,7923131412.0,,100.0,21.925126488279368,-40.02,-0.12,22.41424435028381,498836507.61,-5.21,1790006400000.0,2.6,23132423.0,3061670.0,0.63,6.357,1758.0,35.06,,683.29,中塑股份,61.726,,49331495.0,0,165.82,创业板
SZ301449,-2.518074322120545,0.0,4.4527,11,9.24,False,0.01,3.37,20543479.0,42.8,9.09,26.474,-28.34,879260901.0,1790697600000.0,3907826094.0,1.002,100.0,11.303758099775116,-22.92,0.85,7.069938581406943,138381849.4,3.62,1766419200000.0,1.07,22808975.0,3323935.0,3.59,3.37,1741.0,16.18,,174.48,天溯计量,39.832,,91304348.0,0,39.18,创业板
SZ301668,-15.018955538662205,0.0,3.6352,11,1.25,False,0.01,3.188,48400000.0,30.01,3.0,18.7135,-36.87,1452484000.0,1790697600000.0,3301100000.0,1.666,100.0,9.76115023795224,-47.74,-0.23,11.042671624241018,49651695.45,0.37,1758816000000.0,0.68,5791021.0,1664616.0,1.57,3.188,1682.0,3.44,,190.76,昊创瑞通,44.089,,110000000.0,0,29.64,创业板
SZ301359,-4.855596718489419,,5.7456,11,-2.7,False,0.01,2.694,71147027.0,18.75,4.98,205.6399,-0.69,1334006756.0,,2253300000.0,1.6,100.0,4.403554422388005,-14.98,-0.11,20.25642098850806,55854923.4,-0.52,1667923200000.0,0.31,-1483056.0,2951410.0,1.53,2.694,1677.0,4.15,,45.06,东南电子,61.209,,120176000.0,0,19.27,创业板
SZ301585,-14.813047791916512,,5.4063,11,-0.4,False,0.01,2.893,68111886.0,27.57,3.11,151.6993,-10.08,1877844697.0,,2867280000.0,0.762,100.0,6.742927940804176,-47.9,0.07,15.378810649871255,14867713.6,-0.11,1734624000000.0,0.63,616777.0,537610.0,1.15,2.893,1628.0,0.79,,204.8,蓝宇股份,43.897,,104000000.0,0,27.68,创业板
SZ301697,40.68461830498864,,1.5856,11,19.99,False,0.01,8.817,43991034.0,31.51,17.9,,160.41,1386157481.0,,8277677000.0,,100.0,19.253276181092307,-18.16,0.0,51.53235267291636,620816467.38,5.25,1788192000000.0,0.63,9559182.0,20334860.0,1.49,5.018,1611.0,46.23,,196.69,贝特利,50.225,,262700000.0,1,26.26,创业板
SZ301601,,,6.7042,11,-0.5,False,0.01,1.701,73680000.0,16.02,3.35,193.3023,-42.02,1180353600.0,,2250489600.0,0.687,100.0,3.3883152133627297,-70.6,-0.19,-33.54392416136548,62103123.5,-0.08,1736870400000.0,0.31,-349490.0,3844685.0,0.39,1.701,1600.0,5.22,,301.69,惠通科技,50.888,,140480000.0,0,16.1,创业板
SZ200019,-23.68197485303638,,0.573,11,-0.31,False,0.01,0.636,51749280.0,3.19,0.94,10.1725,-4.04,165080203.0,,3676587460.0,4.295,100.0,3.623033365197207,,0.31,-3.7870307188450303,236504.32,-0.01,718819200000.0,0.18,0.0,73974.0,0.88,0.633,1584.0,0.14,,,深粮B,17.538,,1152535254.0,0,3.2,B股
SZ001396,-10.984635317515378,,4.3077,11,0.81,False,0.01,2.332,22717440.0,31.14,2.98,,-27.52,707421082.0,,3328941234.0,0.604,100.0,9.841606221179463,-47.87,0.19,7.923865082274806,21905140.46,0.25,1767024000000.0,1.04,528555.0,700069.0,1.11,2.332,1548.0,3.08,,124.36,誉帆科技,30.078,,106902416.0,0,30.89,深市主板
SZ301395,,,1.4108,11,13.73,False,0.01,2.209,129350688.0,13.09,15.29,,6.77,1693200506.0,,3178912233.0,,100.0,-6.537900174610687,-6.75,0.77,5.147027991758657,182080501.16,1.58,1688313600000.0,-0.4,18660782.0,14361715.0,4.51,2.209,1522.0,11.1,,-8.21,仁信新材,-32.649,,242850438.0,0,11.51,创业板
SZ301677,4.208518432427222,,10.243,11,6.71,False,0.01,3.744,21440018.0,54.23,11.04,27.1306,61.49,1162692176.0,,5423000000.0,,100.0,14.766706409531855,-45.77,0.07,8.87954188882838,315513167.2,3.41,1785340800000.0,1.99,62013230.0,5861327.0,1.62,2.457,1521.0,27.34,,145.38,欣兴工具,27.225,,100000000.0,0,50.82,创业板
SZ200037,,,2.64,11,-0.45,False,0.01,0.688,263854446.0,2.23,0.89,,20.31,588395415.0,,1344160589.0,1.659,100.0,12.88094728888527,218.39,0.0,-6.171547194219218,256617.2,-0.01,785952000000.0,0.39,0.0,115410.0,0.54,0.684,1435.0,0.04,,8.35,深南电B,5.667,,602762596.0,0,2.24,B股
SZ301655,,,2.4398,11,0.21,False,0.01,10.596,44968188.0,24.1,5.95,,183.53,1083733331.0,,10980158464.0,,100.0,22.472095887715888,-39.75,0.21,103.65813067092846,187850218.08,0.05,1787155200000.0,0.46,7454155.0,7884819.0,0.6,7.077,1428.0,17.53,,282.24,绿控传动,52.732,,455608235.0,0,24.05,创业板
SZ301353,-8.408342546406667,,2.4293,11,1.19,False,0.01,2.007,40826873.0,20.37,3.63,47.3567,0.91,831643403.0,,2587333703.0,1.856,100.0,5.075037570853018,-22.44,-0.15,19.017907008956403,48127632.39,0.24,1685376000000.0,0.51,7275428.0,2372574.0,1.42,2.007,1427.0,5.81,,31.14,普莱得,39.798,,127016873.0,0,20.13,创业板
SZ301223,-7.757009767677747,,1.0499,11,0.06,False,0.01,1.176,193127560.0,18.13,1.93,8.3025,0.75,3501402663.0,,3501402663.0,3.8,100.0,5.31493035825459,-21.53,0.28,10.872549103756036,13644086.85,0.01,1666713600000.0,0.81,-2832541.0,751605.0,0.92,1.176,1388.0,0.39,,-6.66,中荣股份,22.337,,193127560.0,0,18.12,创业板
SZ301273,,,10.4559,11,6.17,False,0.01,4.428,76980633.0,37.7,7.55,,99.25,2902169864.0,,3781253752.0,,100.0,-8.463491203414634,53.47,0.08,10.763852956948838,121232384.02,2.19,1666627200000.0,-0.75,14904241.0,3267580.0,1.99,4.428,1364.0,4.24,,5.86,瑞晨环保,-49.977,,100298508.0,0,35.51,创业板
SZ301309,8.160981016710856,,3.1149,11,-0.88,False,0.01,1.765,60608900.0,29.44,3.43,,6.1,1784326016.0,,2959732736.0,1.019,100.0,7.539631644224032,-4.9,0.34,14.955864777494599,23639813.41,-0.26,1663516800000.0,1.22,-608338.0,801303.0,1.25,1.765,1352.0,1.32,,-13.62,万得凯,24.037,,100534400.0,0,29.7,创业板
SZ301429,0.4231268866388582,,2.176,11,0.69,False,0.01,1.554,43992211.0,17.55,2.35,25.5943,-6.18,772063303.0,,2074761000.0,0.974,100.0,3.683259167974376,-41.89,0.29,15.10727947709718,28519697.0,0.12,1681660800000.0,0.42,1371997.0,1623900.0,0.97,1.554,1300.0,3.69,,14.96,森泰股份,42.013,,118220000.0,0,17.43,创业板
SZ200058,-7.211237006766613,,1.0416,11,0.63,False,0.01,0.826,246461318.0,1.59,2.53,6.2861,-14.91,391873496.0,,1957609068.0,1.698,100.0,3.5116055079559367,60.15,0.0,-7.8203282680796455,454018.89,0.01,837964800000.0,0.07,0.0,287010.0,2.4,0.822,1239.0,0.12,,11.3,深赛格B,23.394,,1231200672.0,0,1.58,B股
SZ301173,1.4739932864081595,,1.2604,11,-0.82,False,0.01,1.852,30828659.0,32.66,2.98,7.3056,-26.79,1006864003.0,,2868683654.0,1.121,100.0,11.540194111263054,-58.61,-0.18,-3.0476427997904065,23779474.16,-0.27,1740931200000.0,1.95,4328855.0,723637.0,1.23,1.852,1161.0,2.35,,149.17,毓恬冠佳,16.785,,87834772.0,0,32.93,创业板
SZ301105,57.328063491404976,,13.898,11,-0.49,False,0.01,3.179,19812498.0,48.26,4.87,237.9157,3.66,956151153.0,,2461260000.0,2.031,100.0,-3.3600391803534766,22.03,-0.1,-0.8591579346600708,40536323.52,-0.24,1672329600000.0,-0.53,1268311.0,829564.0,1.91,3.179,1152.0,4.19,,-5.7,鸿铭股份,-91.581,,51000000.0,0,48.5,创业板
SZ200025,6.788308137938248,,1.678,11,0.0,False,0.01,0.769,38280000.0,3.97,1.26,3.1859,-10.03,151971600.0,,1711301530.0,3.199,100.0,7.802855335095396,1585.06,0.0,-35.903877663792784,328817.0,0.0,740592000000.0,0.39,138950.0,82800.0,2.57,0.765,1128.0,0.22,,-87.34,特力B,10.184,,431058320.0,0,3.97,B股
SZ200020,15.905458526944205,,0.8902,11,0.77,False,0.01,1.418,101995836.0,2.61,4.25,9.3414,-11.22,266209132.0,,739050802.0,,100.0,6.818411464010923,,0.0,-6.976834936165144,271228.0,0.02,704390400000.0,0.12,0.0,104100.0,0.51,1.411,1083.0,0.1,,,深华发B,21.395,,283161227.0,0,2.59,B股
SZ301688,26.122448270124554,,4.7366,11,3.01,False,0.01,6.32,25984953.0,40.34,6.61,27.9891,53.21,1048233004.0,,5378666694.0,,100.0,24.14922775172758,-31.63,0.2,17.56535723506587,312737801.83,1.18,1788278400000.0,1.37,11010898.0,7687017.0,1.07,3.317,1063.0,29.58,,104.41,格林生物,29.407,,133333334.0,0,39.16,创业板
SZ301575,-11.473409258145416,0.0,2.3525,11,0.38,False,0.01,2.043,72780400.0,23.84,5.31,77.8782,-34.18,1735084736.0,1790697600000.0,2892697920.0,1.2,100.0,10.369846623895581,-59.38,0.04,18.25471267961005,69172509.0,0.09,1757433600000.0,0.94,463143.0,2861126.0,0.85,2.043,1062.0,3.93,,170.03,艾芬达,25.281,,121338000.0,0,23.75,创业板
SZ001312,-1.4560582001647782,0.0,2.4291,11,1.35,False,0.01,1.788,57160269.0,18.0,2.2,17.381,-1.05,1028884842.0,1790697600000.0,4200000012.0,1.111,100.0,12.77609395785909,-50.19,0.17,4.607231015148727,38878706.17,0.24,1776700800000.0,0.97,2013729.0,2164390.0,0.84,1.788,1055.0,3.79,,66.32,福恩股份,18.639,,233333334.0,0,17.76,深市主板
SZ001325,-14.296635698875082,,1.8989,11,1.55,False,0.01,1.562,19600000.0,36.03,2.68,18.6932,-25.3,706188000.0,,2824752000.0,2.109,100.0,8.728357268743766,-53.51,0.0,10.846308902736368,27339681.66,0.55,1765987200000.0,1.74,1567921.0,756917.0,1.14,1.562,1038.0,3.86,,171.64,元创股份,20.741,,78400000.0,0,35.48,深市主板
SZ200530,-8.977225081806871,,0.2728,11,0.0,False,0.01,0.362,241500000.0,1.58,1.27,44.8127,-8.41,381570000.0,,1332275761.0,3.608,100.0,0.9681532642588652,133.0,0.0,-5.851823105814358,35537.0,0.0,890323200000.0,0.04,0.0,22500.0,0.32,0.36,963.0,0.01,,0.0,冰山B,37.144,,843212507.0,0,1.58,B股
SZ200045,7.544434098746278,,0.5507,11,-0.49,False,0.01,0.592,49500000.0,4.09,1.22,6.4581,-7.26,202455000.0,,2071674362.0,1.345,100.0,2.8187171601721452,281.42,1.24,1.4707169294075895,99938.0,-0.02,776880000000.0,0.19,0.0,24700.0,2.71,0.589,963.0,0.05,,10.88,深纺织B,21.076,,506521849.0,0,4.11,B股
SZ200570,-12.485780165122717,,0.4828,11,0.98,False,0.01,0.352,150000000.0,2.06,1.96,5.4459,14.44,309000000.0,,1453726564.0,1.214,100.0,2.3427172736342152,-22.1,0.0,7.104723854742989,645662.0,0.02,842544000000.0,0.14,0.0,313000.0,2.18,0.351,877.0,0.21,,7.85,苏常柴B,15.059,,705692507.0,0,2.04,B股
SZ200706,,,0.5111269391506298,11,0.0,False,0.01,4.623,158600000.0,2.8,,5.921136235208751,1.45,444080000.0,,1127280000.0,,100.0,-13.293429193167183,17.12,,-1.5355898314755256,0.0,0.0,859219200000.0,-0.09,,0.0,0.0,4.623,876.0,0.0,,92.86,瓦轴B,-32.271,,402600000.0,0,2.8,B股
SZ001220,-3.574527419340423,,3.8392,11,0.0,False,0.01,1.869,23072500.0,31.28,2.3,18.7148,13.33,721707800.0,,2886831200.0,1.448,100.0,10.642105296434625,-47.11,0.19,-7.839776389780583,17625417.84,0.0,1770048000000.0,1.41,-1674435.0,561641.0,0.81,1.869,808.0,2.43,,106.18,世盟股份,22.25,,92290000.0,0,31.28,深市主板
SZ002821,-25.065818421428865,0.0,9.2255,11,-4.21,False,0.01,3.686,316876208.0,180.68,4.26,42.7947,96.1,57253193261.0,1790697600000.0,65396885696.0,0.717,100.0,5.947590586292732,1397.22,-0.07,-1.2046556790363372,1399274655.11,-7.94,1479398400000.0,2.86,-98253792.0,7591296.0,0.97,3.675,,2.4,,43.99,凯莱英,63.151,,361948670.0,0,188.62,深市主板
