symbol,followers,board
SH600519,3726081.0,沪市主板
SH601318,3170474.0,沪市主板
SH600036,2930722.0,沪市主板
00700,2810094.0,港股主板
SZ000651,2627036.0,深市主板
SZ002594,2433819.0,深市主板
SZ000002,2254420.0,深市主板
SH600887,2248743.0,沪市主板
SZ000858,2123095.0,深市主板
SH601166,2093598.0,沪市主板
SH600276,2074998.0,沪市主板
SH601919,2067955.0,沪市主板
SZ300059,1986975.0,创业板
SZ000333,1976957.0,深市主板
SZ000725,1970583.0,深市主板
SZ300750,1960242.0,创业板
SH601012,1959349.0,沪市主板
SH603288,1934977.0,沪市主板
SZ002415,1920223.0,深市主板
SZ000895,1862554.0,深市主板
SH600900,1776567.0,沪市主板
01810,1734089.0,港股主板
SH600585,1718562.0,沪市主板
SZ002304,1709990.0,深市主板
SZ000001,1693586.0,深市主板
SZ002714,1665978.0,深市主板
SZ000568,1636441.0,深市主板
SH603259,1601486.0,沪市主板
SH601088,1600057.0,沪市主板
SH600436,1588884.0,沪市主板
SZ300015,1585589.0,创业板
SH600309,1569647.0,沪市主板
SH601888,1568272.0,沪市主板
SZ002460,1548114.0,深市主板
SH600009,1545061.0,沪市主板
SZ000661,1492380.0,深市主板
SZ300274,1485556.0,创业板
SZ300760,1440702.0,创业板
03690,1439976.0,港股主板
SZ002027,1410735.0,深市主板
SH601633,1399064.0,沪市主板
SH600763,1394809.0,沪市主板
SZ300142,1353207.0,创业板
SH600702,1334885.0,沪市主板
SZ002271,1331768.0,深市主板
01918,1302428.0,港股主板
SZ300146,1270302.0,创业板
SH601155,1256547.0,沪市主板
SH600030,811877.0,沪市主板
SZ002230,810478.0,深市主板
SH601899,747555.0,沪市主板
SH600016,725851.0,沪市主板
SH600196,700425.0,沪市主板
SZ002024,696216.0,深市主板
SH600031,689203.0,沪市主板
SH600660,678954.0,沪市主板
SZ002466,632619.0,深市主板
SH600000,629057.0,沪市主板
SZ000063,600013.0,深市主板
SH601398,593898.0,沪市主板
SZ000538,567609.0,深市主板
SH601988,566870.0,沪市主板
09988,562098.0,港股主板
SH601288,561378.0,沪市主板
SZ002241,527000.0,深市主板
SZ002475,515414.0,深市主板
SH600570,496017.0,沪市主板
SH600089,493751.0,沪市主板
SH600048,488856.0,沪市主板
SH601668,485655.0,沪市主板
SZ000625,480383.0,深市主板
SZ002508,474449.0,深市主板
SH600111,472909.0,沪市主板
SZ300033,460747.0,创业板
SH601939,460539.0,沪市主板
SZ000423,454003.0,深市主板
SH601328,438935.0,沪市主板
SH600150,430268.0,沪市主板
SZ002372,424246.0,深市主板
SH600886,422488.0,沪市主板
SZ000338,416233.0,深市主板
SH601766,405890.0,沪市主板
02318,404082.0,港股主板
SH688981,399412.0,科创板
SH603019,394562.0,沪市主板
SH600584,393783.0,沪市主板
SZ000100,393651.0,深市主板
SH600690,391522.0,沪市主板
SH601857,391294.0,沪市主板
SH603986,383636.0,沪市主板
SZ002407,381493.0,深市主板
00981,379559.0,港股主板
SH601688,377682.0,沪市主板
SH600566,375002.0,沪市主板
SZ000977,371836.0,深市主板
SZ002340,366379.0,深市主板
SZ002352,361574.0,深市主板
SZ002129,356139.0,深市主板
SH601127,353910.0,沪市主板
SH600438,352915.0,沪市主板
SH600028,351649.0,沪市主板
SH600703,349408.0,沪市主板
SZ000792,347726.0,深市主板
SH600050,347232.0,沪市主板
SZ002456,343468.0,深市主板
SH601933,340653.0,沪市主板
SZ002007,338899.0,深市主板
03968,336749.0,港股主板
SZ000768,334750.0,深市主板
SH600104,334308.0,沪市主板
SH601818,332868.0,沪市主板
SH601600,332254.0,沪市主板
SH600893,330159.0,沪市主板
SZ300308,327231.0,创业板
SH603993,325990.0,沪市主板
SH601006,325592.0,沪市主板
SH600010,320083.0,沪市主板
SH600795,318379.0,沪市主板
SH601390,317321.0,沪市主板
SH601607,316098.0,沪市主板
SH600118,313035.0,沪市主板
SZ000963,312585.0,深市主板
SZ002049,311607.0,深市主板
SZ002202,311035.0,深市主板
SH601669,310475.0,沪市主板
SH600332,309831.0,沪市主板
SZ300014,307176.0,创业板
SZ002312,304574.0,深市主板
SZ300251,300387.0,创业板
SH600588,298099.0,沪市主板
SH600362,297405.0,沪市主板
SH600298,297121.0,沪市主板
SH600460,295537.0,沪市主板
SH601777,294513.0,沪市主板
SZ002192,293918.0,深市主板
SZ000559,292897.0,深市主板
SH600019,288927.0,沪市主板
SH600905,288438.0,沪市主板
SH601138,288082.0,沪市主板
SH600096,286871.0,沪市主板
SZ002050,286663.0,深市主板
SH601009,284285.0,沪市主板
SZ002677,282792.0,深市主板
SH601985,281930.0,沪市主板
SZ000799,281746.0,深市主板
SZ300496,279573.0,创业板
SH600487,278957.0,沪市主板
SZ000623,277970.0,深市主板
SH601727,274770.0,沪市主板
01988,274513.0,港股主板
SH601788,273241.0,沪市主板
SH600518,272631.0,沪市主板
SZ300058,271757.0,创业板
SZ300136,271187.0,创业板
SH600316,270470.0,沪市主板
SZ000776,269879.0,深市主板
SZ002371,268982.0,深市主板
SH603799,267351.0,沪市主板
SH601998,266135.0,沪市主板
SH600750,266092.0,沪市主板
SH600809,266092.0,沪市主板
SH600745,261788.0,沪市主板
SZ002156,260773.0,深市主板
SZ002709,260552.0,深市主板
SZ002236,259069.0,深市主板
SH600522,258149.0,沪市主板
SZ002008,257806.0,深市主板
SH600352,256160.0,沪市主板
SH600391,252803.0,沪市主板
SH601169,252550.0,沪市主板
SZ002183,251777.0,深市主板
SZ000157,249320.0,深市主板
SH600446,248400.0,沪市主板
SZ002038,247786.0,深市主板
SZ002142,247525.0,深市主板
SZ300027,247060.0,创业板
SH601179,246785.0,沪市主板
SH600267,245995.0,沪市主板
SZ000876,244068.0,深市主板
SZ002555,243744.0,深市主板
SZ002074,242665.0,深市主板
SZ002463,242423.0,深市主板
SH600085,242216.0,沪市主板
SH600547,240955.0,沪市主板
SZ002223,240494.0,深市主板
SZ300377,239286.0,创业板
SZ300124,237717.0,创业板
SZ002603,236975.0,深市主板
SH601800,236564.0,沪市主板
SH600109,235870.0,沪市主板
SZ002405,235795.0,深市主板
SH600221,235711.0,沪市主板
SH600029,231306.0,沪市主板
SH603501,229675.0,沪市主板
SH601628,229390.0,沪市主板
SZ300999,229115.0,创业板
SH601225,229005.0,沪市主板
SZ000938,227244.0,深市主板
SH601336,226414.0,沪市主板
SH601186,225694.0,沪市主板
SZ002432,225383.0,深市主板
SH601168,225237.0,沪市主板
SZ002185,224977.0,深市主板
SZ300502,224862.0,创业板
SH601360,224534.0,沪市主板
03888,223471.0,港股主板
SZ002507,221437.0,深市主板
SH688256,219680.0,科创板
SZ002261,217572.0,深市主板
SZ002176,217106.0,深市主板
09992,217066.0,港股主板
SH600895,216593.0,沪市主板
SZ000997,214356.0,深市主板
SZ300476,211146.0,创业板
SH600760,210084.0,沪市主板
SH600999,209812.0,沪市主板
SH600406,208575.0,沪市主板
SH600489,208233.0,沪市主板
SZ300144,205372.0,创业板
SH600875,204999.0,沪市主板
SH601377,203400.0,沪市主板
SH601106,203352.0,沪市主板
SH600143,203305.0,沪市主板
SZ000723,202029.0,深市主板
SZ002030,201984.0,深市主板
SH600256,201042.0,沪市主板
SH600839,200882.0,沪市主板
SZ002353,200632.0,深市主板
SH600600,199110.0,沪市主板
SZ300024,198498.0,创业板
SH600219,197621.0,沪市主板
SZ000630,197468.0,深市主板
SZ300122,196747.0,创业板
SZ002273,196426.0,深市主板
SH600771,195941.0,沪市主板
SZ000777,195830.0,深市主板
SZ300418,195130.0,创业板
SH600938,194929.0,沪市主板
SH600176,194228.0,沪市主板
SZ002294,192415.0,深市主板
SZ300450,191829.0,创业板
SH603027,190302.0,沪市主板
SH600516,189720.0,沪市主板
SZ000930,189502.0,深市主板
SZ300079,188197.0,创业板
SZ000860,187262.0,深市主板
SH601901,187207.0,沪市主板
SH600183,187109.0,沪市主板
SZ300339,186738.0,创业板
SH603444,186557.0,沪市主板
SH600340,185735.0,沪市主板
SZ300003,185656.0,创业板
SZ002739,185203.0,深市主板
SZ300347,184543.0,创业板
SH600315,183802.0,沪市主板
SH600392,183555.0,沪市主板
SH600674,183254.0,沪市主板
SZ300529,182064.0,创业板
SH600015,181416.0,沪市主板
SH601872,181254.0,沪市主板
SZ002422,180920.0,深市主板
SH600879,180328.0,沪市主板
SZ300498,179720.0,创业板
SH601000,177930.0,沪市主板
SZ000807,177012.0,深市主板
SH600153,176863.0,沪市主板
SH601601,175126.0,沪市主板
SZ300896,175080.0,创业板
SZ002385,174654.0,深市主板
SH600100,174562.0,沪市主板
SH600521,174307.0,沪市主板
02020,173522.0,港股主板
SZ300238,172524.0,创业板
SZ000878,172266.0,深市主板
SZ000425,171547.0,深市主板
SZ000738,170635.0,深市主板
SH603866,170140.0,沪市主板
SZ000066,169901.0,深市主板
SH600188,169207.0,沪市主板
SH600559,168782.0,沪市主板
SZ000039,168510.0,深市主板
SZ000636,168320.0,深市主板
SZ000069,167499.0,深市主板
SH601618,167105.0,沪市主板
SZ300676,166626.0,创业板
SH600158,165876.0,沪市主板
SH600038,165346.0,沪市主板
SH600172,165160.0,沪市主板
SH600536,164359.0,沪市主板
SH601099,163585.0,沪市主板
SZ002032,163431.0,深市主板
SZ000410,163207.0,深市主板
SZ002600,163060.0,深市主板
SH600867,162618.0,沪市主板
SH600066,162586.0,沪市主板
SH600941,162390.0,沪市主板
SH600498,162225.0,沪市主板
SZ002624,161533.0,深市主板
SH600021,161270.0,沪市主板
SH600325,159724.0,沪市主板
SH600635,159698.0,沪市主板
SZ002465,159525.0,深市主板
SZ300474,159380.0,创业板
SH600011,159282.0,沪市主板
SH601018,158262.0,沪市主板
SH601615,158189.0,沪市主板
SH600372,158062.0,沪市主板
SH600783,157995.0,沪市主板
01211,156517.0,港股主板
SH603005,156221.0,沪市主板
SZ000783,155025.0,深市主板
SZ000158,154971.0,深市主板
00175,154916.0,港股主板
SZ000021,154654.0,深市主板
SZ002157,154407.0,深市主板
SH601005,154378.0,沪市主板
01093,154026.0,港股主板
SH600645,153821.0,沪市主板
SH600737,153704.0,沪市主板
SZ000728,152788.0,深市主板
SZ002837,152153.0,深市主板
SZ000788,152072.0,深市主板
SH600884,152021.0,沪市主板
SH600872,151902.0,沪市主板
SZ002916,151768.0,深市主板
SZ002625,151648.0,深市主板
SH600637,151561.0,沪市主板
SH600989,151408.0,沪市主板
SZ002428,151071.0,深市主板
SZ002649,151024.0,深市主板
SZ000933,150392.0,深市主板
SZ002572,150318.0,深市主板
SZ002001,150150.0,深市主板
SZ002511,149505.0,深市主板
SZ300207,149419.0,创业板
SH600115,149350.0,沪市主板
SH600079,149338.0,沪市主板
00883,148677.0,港股主板
SZ002738,148514.0,深市主板
SH601728,147990.0,沪市主板
SH600160,147334.0,沪市主板
SH600685,147089.0,沪市主板
SH601216,146151.0,沪市主板
SZ001979,145873.0,深市主板
01024,145851.0,港股主板
SH600535,145849.0,沪市主板
SZ002812,145717.0,深市主板
SH600171,145694.0,沪市主板
SH603658,145227.0,沪市主板
SH603899,145017.0,沪市主板
SZ000088,144076.0,深市主板
SH600161,143797.0,沪市主板
SZ002414,143709.0,深市主板
SZ000998,143420.0,深市主板
SH688008,143253.0,科创板
SH600580,142900.0,沪市主板
SZ000778,142710.0,深市主板
SH600208,142538.0,沪市主板
SZ002400,142158.0,深市主板
SZ000009,141797.0,深市主板
SH600597,141788.0,沪市主板
SH600141,141506.0,沪市主板
SZ002104,141384.0,深市主板
SZ000519,141266.0,深市主板
SZ002229,141235.0,深市主板
SH600507,141091.0,沪市主板
SH600177,140880.0,沪市主板
SH603160,140531.0,沪市主板
SZ000400,140243.0,深市主板
SZ002607,140022.0,深市主板
SH600266,139682.0,沪市主板
SZ000592,139418.0,深市主板
SH600741,139343.0,沪市主板
SZ000507,138869.0,深市主板
SZ300346,138828.0,创业板
SH600410,138561.0,沪市主板
SH600598,138439.0,沪市主板
SZ000422,137937.0,深市主板
SZ002497,137873.0,深市主板
SH601877,136813.0,沪市主板
SZ002179,136794.0,深市主板
SZ000917,136639.0,深市主板
SZ002023,135811.0,深市主板
SZ000547,135450.0,深市主板
SH688012,135367.0,科创板
SZ300285,135333.0,创业板
SZ002044,135285.0,深市主板
SH600415,135128.0,沪市主板
SH600428,135053.0,沪市主板
SH600755,134437.0,沪市主板
SH603087,134355.0,沪市主板
SZ000960,134118.0,深市主板
SH600683,133825.0,沪市主板
SH600064,133189.0,沪市主板
SZ002151,132865.0,深市主板
SH600056,132575.0,沪市主板
SZ002292,132442.0,深市主板
SH600206,132433.0,沪市主板
SZ300047,132311.0,创业板
SH603778,132239.0,沪市主板
SH600562,132217.0,沪市主板
SH601519,131676.0,沪市主板
SZ002602,131619.0,深市主板
SH601066,131614.0,沪市主板
SZ002080,131555.0,深市主板
SZ000402,131424.0,深市主板
SH600988,130858.0,沪市主板
SZ002657,130712.0,深市主板
SZ300315,130460.0,创业板
SH600312,130124.0,沪市主板
SH600717,129870.0,沪市主板
SH601211,129599.0,沪市主板
SZ000031,129483.0,深市主板
SZ000830,129245.0,深市主板
SH600271,129182.0,沪市主板
SZ000999,128408.0,深市主板
SZ002240,128324.0,深市主板
SZ002081,128316.0,深市主板
SZ000786,128037.0,深市主板
SZ000516,127969.0,深市主板
SH600549,127954.0,沪市主板
SH600157,127886.0,沪市主板
SZ002402,127874.0,深市主板
SZ002153,127689.0,深市主板
SH600787,127516.0,沪市主板
SZ000426,126911.0,深市主板
SZ002036,126851.0,深市主板
SH600343,126815.0,沪市主板
SZ002155,126493.0,深市主板
SH600779,126061.0,沪市主板
SZ000709,125832.0,深市主板
SH600711,125738.0,沪市主板
SH600062,124990.0,沪市主板
SZ002131,124970.0,深市主板
SH600169,124766.0,沪市主板
SZ002252,124670.0,深市主板
SH601117,124648.0,沪市主板
SZ000762,123797.0,深市主板
SZ300244,123698.0,创业板
SH600739,123555.0,沪市主板
SH688041,123194.0,科创板
06030,123159.0,港股主板
00388,122559.0,港股主板
SH603000,122463.0,沪市主板
SZ000006,122201.0,深市主板
SZ002612,122112.0,深市主板
SZ002130,121995.0,深市主板
SZ002409,121855.0,深市主板
SZ002299,121855.0,深市主板
SH603026,121553.0,沪市主板
SZ000970,121175.0,深市主板
SH600026,121155.0,沪市主板
SZ002747,121106.0,深市主板
SH601636,120948.0,沪市主板
SZ002056,120846.0,深市主板
SH600881,120550.0,沪市主板
SH601100,120178.0,沪市主板
SZ000596,119856.0,深市主板
SZ300073,119824.0,创业板
SH601020,119694.0,沪市主板
SZ000408,119649.0,深市主板
SZ002639,119579.0,深市主板
SZ002242,119454.0,深市主板
00345,119175.0,港股主板
SZ000969,118986.0,深市主板
SZ000591,118811.0,深市主板
SH600348,118270.0,沪市主板
SZ300322,118028.0,创业板
SH601118,117987.0,沪市主板
09618,117957.0,港股主板
SZ000825,117910.0,深市主板
SZ300595,117895.0,创业板
SH603589,117357.0,沪市主板
SZ002583,117260.0,深市主板
SH603605,116998.0,沪市主板
SZ002506,116581.0,深市主板
SZ002783,116420.0,深市主板
SH601111,116419.0,沪市主板
SH600499,116387.0,沪市主板
SH600198,116379.0,沪市主板
SZ300053,116118.0,创业板
SZ000050,115936.0,深市主板
SH688363,115814.0,科创板
01830,115805.0,港股主板
SZ000629,115746.0,深市主板
SZ002335,115546.0,深市主板
SH603369,115543.0,沪市主板
SZ002195,115463.0,深市主板
SZ000983,115392.0,深市主板
SH600633,115372.0,沪市主板
SZ300088,115369.0,创业板
SZ002065,115117.0,深市主板
SZ002617,115076.0,深市主板
SH600667,114702.0,沪市主板
SH600305,114566.0,沪市主板
SZ002487,114470.0,深市主板
SZ002326,113865.0,深市主板
09633,113858.0,港股主板
SZ002582,113744.0,深市主板
SZ000681,113532.0,深市主板
SH600025,113375.0,沪市主板
SH600098,113331.0,沪市主板
SZ300115,113008.0,创业板
SH600398,112655.0,沪市主板
SH600346,111913.0,沪市主板
SZ002317,111900.0,深市主板
SH600478,111695.0,沪市主板
SZ002253,111392.0,深市主板
00941,111376.0,港股主板
SZ002285,111166.0,深市主板
SZ002601,111159.0,深市主板
SZ300601,111010.0,创业板
SZ002673,110853.0,深市主板
SH601698,110670.0,沪市主板
SZ002786,110578.0,深市主板
SZ000656,110466.0,深市主板
SH601016,110348.0,沪市主板
SZ300068,110273.0,创业板
SZ000027,110121.0,深市主板
SZ300253,110115.0,创业板
SZ002423,110089.0,深市主板
SZ002459,110027.0,深市主板
SZ300497,109939.0,创业板
SH600329,109842.0,沪市主板
SZ300759,109677.0,创业板
SZ002079,109597.0,深市主板
SH600511,109535.0,沪市主板
SZ000932,108862.0,深市主板
SZ300012,108710.0,创业板
SZ002920,108480.0,深市主板
SZ002455,108314.0,深市主板
SZ002389,108309.0,深市主板
SZ000821,108222.0,深市主板
SZ002167,108206.0,深市主板
SH600993,107805.0,沪市主板
SH600018,107744.0,沪市主板
SH600380,107738.0,沪市主板
SZ300072,107557.0,创业板
SH600369,107403.0,沪市主板
SZ000957,107089.0,深市主板
SZ000657,107028.0,深市主板
SZ002518,106897.0,深市主板
SH600259,106895.0,沪市主板
SZ300316,106876.0,创业板
SH600704,106695.0,沪市主板
SZ002190,106406.0,深市主板
SH603195,106297.0,沪市主板
SH601869,106220.0,沪市主板
SZ300383,106129.0,创业板
SH600004,105919.0,沪市主板
SZ300408,105821.0,创业板
SZ002266,105796.0,深市主板
02269,105736.0,港股主板
SZ000060,105699.0,深市主板
SZ002127,105556.0,深市主板
SH603606,105551.0,沪市主板
SZ000488,105037.0,深市主板
SZ300236,105018.0,创业板
SZ000848,104897.0,深市主板
SZ002232,104835.0,深市主板
SZ000581,104823.0,深市主板
SZ301308,104635.0,创业板
SH603127,104562.0,沪市主板
SZ002782,104510.0,深市主板
SZ302132,104019.0,创业板
SZ300085,103991.0,创业板
SH601898,103949.0,沪市主板
SZ002436,103917.0,深市主板
SZ002681,103665.0,深市主板
SZ002557,103594.0,深市主板
SZ300490,103266.0,创业板
SH600751,103175.0,沪市主板
SZ002570,103124.0,深市主板
SH600863,102622.0,沪市主板
01797,102500.0,港股主板
SH600313,102412.0,沪市主板
SH601995,102371.0,沪市主板
SZ300118,102351.0,创业板
SZ300376,101979.0,创业板
00656,101952.0,港股主板
SZ000049,101816.0,深市主板
SZ000756,101679.0,深市主板
SZ002092,101643.0,深市主板
SZ002472,101460.0,深市主板
SZ000155,101443.0,深市主板
SZ000875,101348.0,深市主板
SH603260,101332.0,沪市主板
SH601816,101206.0,沪市主板
SZ000959,101049.0,深市主板
SZ300001,101007.0,创业板
SZ000670,100896.0,深市主板
SZ300327,100871.0,创业板
SZ002439,100752.0,深市主板
SH601658,100613.0,沪市主板
SH600596,100460.0,沪市主板
SZ300757,100353.0,创业板
SZ300296,100343.0,创业板
SZ300699,100266.0,创业板
SH600601,99799.0,沪市主板
SH603568,99692.0,沪市主板
SH600606,99636.0,沪市主板
SH600919,99605.0,沪市主板
SH600801,99384.0,沪市主板
SZ002174,99364.0,深市主板
SZ000712,99268.0,深市主板
SH600061,99213.0,沪市主板
SZ300070,99132.0,创业板
SH600826,99090.0,沪市主板
SH601866,99011.0,沪市主板
SH601868,98911.0,沪市主板
SH600199,98870.0,沪市主板
SH600338,98788.0,沪市主板
SH603881,98770.0,沪市主板
SH600127,98284.0,沪市主板
SZ002737,98119.0,深市主板
SZ000839,97979.0,深市主板
SZ001309,97833.0,深市主板
SZ002310,97832.0,深市主板
06862,97791.0,港股主板
SH603290,97785.0,沪市主板
SH603886,97402.0,沪市主板
SZ002043,97227.0,深市主板
00005,97147.0,港股主板
SH605499,97079.0,沪市主板
SH600006,97066.0,沪市主板
SZ002410,96796.0,深市主板
SZ002597,96684.0,深市主板
SH600072,96650.0,沪市主板
SZ000034,96533.0,深市主板
SH600958,96410.0,沪市主板
SH600611,96383.0,沪市主板
SZ002761,96342.0,深市主板
SZ002139,96335.0,深市主板
SZ002031,96143.0,深市主板
SZ300357,96124.0,创业板
SH600873,96096.0,沪市主板
SZ002938,95850.0,深市主板
SH601058,95542.0,沪市主板
SH601991,95318.0,沪市主板
SZ002085,95209.0,深市主板
SZ300604,95117.0,创业板
SZ000815,94972.0,深市主板
SH601890,94906.0,沪市主板
01919,94890.0,港股主板
SH600765,94437.0,沪市主板
SH603882,94330.0,沪市主板
SZ002216,94239.0,深市主板
02007,94139.0,港股主板
SH600110,94120.0,沪市主板
SH600132,93687.0,沪市主板
SZ002138,93685.0,深市主板
SH600435,93631.0,沪市主板
00874,93537.0,港股主板
SZ002078,93421.0,深市主板
SZ300373,93207.0,创业板
SZ000877,93035.0,深市主板
SH600027,92871.0,沪市主板
SH601865,92729.0,沪市主板
SZ002262,92674.0,深市主板
SH603659,92531.0,沪市主板
SZ000617,92316.0,深市主板
SH601918,92312.0,沪市主板
SZ300133,92312.0,创业板
SZ000012,92292.0,深市主板
02196,92215.0,港股主板
SH600744,92016.0,沪市主板
SZ002396,91850.0,深市主板
SZ002245,91722.0,深市主板
SZ002297,91552.0,深市主板
SZ003816,91430.0,深市主板
SZ300438,91376.0,创业板
SZ002249,91093.0,深市主板
SZ002073,90760.0,深市主板
SZ300397,90715.0,创业板
SZ300482,90669.0,创业板
SZ002777,90613.0,深市主板
SZ000887,90394.0,深市主板
SH600859,90365.0,沪市主板
SH600529,90239.0,沪市主板
SH600732,90146.0,沪市主板
SZ000735,89800.0,深市主板
SH601126,89539.0,沪市主板
00853,89535.0,港股主板
SZ002759,89342.0,深市主板
SZ300052,89322.0,创业板
SH600008,89141.0,沪市主板
SZ002581,89051.0,深市主板
SH600546,88950.0,沪市主板
SH601808,88896.0,沪市主板
SZ300624,88863.0,创业板
SZ002028,88700.0,深市主板
SZ300442,88349.0,创业板
SH600868,88260.0,沪市主板
SH600120,88250.0,沪市主板
SZ002354,88196.0,深市主板
SH688525,88173.0,科创板
SZ002648,88035.0,深市主板
SZ002152,87996.0,深市主板
SH601021,87867.0,沪市主板
SZ000898,87845.0,深市主板
SH600567,87745.0,沪市主板
SZ000901,87568.0,深市主板
SZ000166,87568.0,深市主板
SH600108,87314.0,沪市主板
SZ003035,87282.0,深市主板
SZ000683,87220.0,深市主板
SH600673,87219.0,沪市主板
SH600482,87216.0,沪市主板
SZ000837,87142.0,深市主板
SH600583,86905.0,沪市主板
SZ002182,86779.0,深市主板
SH600789,86756.0,沪市主板
SH603345,86740.0,沪市主板
SH600497,86735.0,沪市主板
SH600166,86650.0,沪市主板
SZ000869,86362.0,深市主板
SZ300494,86330.0,创业板
SZ002177,85983.0,深市主板
SH600776,85928.0,沪市主板
SZ300036,85809.0,创业板
SZ300045,85630.0,创业板
SH603486,85624.0,沪市主板
SZ300109,85591.0,创业板
SZ002493,85583.0,深市主板
SH600797,85510.0,沪市主板
SZ002959,85474.0,深市主板
09926,85433.0,港股主板
02202,85364.0,港股主板
00763,85305.0,港股主板
SH600023,85257.0,沪市主板
SH601162,85148.0,沪市主板
SZ000987,85046.0,深市主板
SZ002531,85017.0,深市主板
SZ002382,84939.0,深市主板
SZ002146,84747.0,深市主板
SZ001696,84730.0,深市主板
SH600151,84702.0,沪市主板
SH601699,84632.0,沪市主板
SZ002424,84485.0,深市主板
SZ002896,84254.0,深市主板
SZ300558,84244.0,创业板
SZ002048,84090.0,深市主板
SZ300748,83958.0,创业板
SH603650,83942.0,沪市主板
01088,83538.0,港股主板
SZ300459,83414.0,创业板
SZ002069,83381.0,深市主板
SZ000897,83359.0,深市主板
SH600426,83338.0,沪市主板
SH603533,83332.0,沪市主板
SZ002901,83250.0,深市主板
SH600862,83234.0,沪市主板
SH603690,83184.0,沪市主板
SZ000733,83171.0,深市主板
SZ002626,83138.0,深市主板
SH600037,82981.0,沪市主板
SZ002891,82858.0,深市主板
SH601008,82850.0,沪市主板
SZ002558,82770.0,深市主板
SZ300724,82761.0,创业板
SH600456,82602.0,沪市主板
SZ002585,82544.0,深市主板
SZ000099,82420.0,深市主板
SZ002690,82372.0,深市主板
SH688111,82316.0,科创板
SH600845,82181.0,沪市主板
SZ002547,82173.0,深市主板
SH600537,82086.0,沪市主板
SZ000062,82077.0,深市主板
SZ002124,81718.0,深市主板
SH600977,81707.0,沪市主板
SH601718,81675.0,沪市主板
SH601319,81667.0,沪市主板
SH601606,81645.0,沪市主板
SH600149,81642.0,沪市主板
SZ000717,81535.0,深市主板
SH600563,81510.0,沪市主板
SZ000729,81486.0,深市主板
SZ002149,81458.0,深市主板
SZ000802,81351.0,深市主板
SZ300628,81287.0,创业板
02899,81273.0,港股主板
SZ002276,81252.0,深市主板
SH600718,81083.0,沪市主板
SH600422,81038.0,沪市主板
SH600459,80889.0,沪市主板
03613,80869.0,港股主板
SH600252,80732.0,沪市主板
SZ002077,80718.0,深市主板
SZ000980,80641.0,深市主板
SH601958,80536.0,沪市主板
SZ300229,80378.0,创业板
SZ000833,80304.0,深市主板
SZ300493,80297.0,创业板
SZ300390,79969.0,创业板
SZ002568,79890.0,深市主板
SZ002020,79789.0,深市主板
SZ000721,79773.0,深市主板
SZ002055,79643.0,深市主板
SH600756,79576.0,沪市主板
SH600550,79446.0,沪市主板
SZ002362,79286.0,深市主板
SZ300037,79258.0,创业板
SH600399,79085.0,沪市主板
SH605117,78981.0,沪市主板
SZ000401,78955.0,深市主板
SZ002640,78938.0,深市主板
SH601208,78539.0,沪市主板
SH600233,78513.0,沪市主板
SZ300007,78287.0,创业板
SZ300363,78286.0,创业板
01177,78285.0,港股主板
SH603538,78173.0,沪市主板
SZ300212,78163.0,创业板
SZ000151,78126.0,深市主板
SZ002235,78080.0,深市主板
SZ002011,77826.0,深市主板
SZ002121,77778.0,深市主板
SZ002108,77724.0,深市主板
SZ002019,77561.0,深市主板
SH603392,77374.0,沪市主板
SZ300170,77344.0,创业板
SZ002373,77146.0,深市主板
SH603516,77106.0,沪市主板
SZ002703,77030.0,深市主板
SZ002268,77026.0,深市主板
SH600377,76934.0,沪市主板
SZ002498,76737.0,深市主板
SZ002797,76524.0,深市主板
SH600126,76451.0,沪市主板
SZ002075,76336.0,深市主板
SZ002364,76306.0,深市主板
SH600885,76277.0,沪市主板
SZ000628,76174.0,深市主板
SZ002033,75994.0,深市主板
SH601611,75923.0,沪市主板
SZ002306,75856.0,深市主板
00939,75766.0,港股主板
09626,75715.0,港股主板
02333,75697.0,港股主板
SH600366,75678.0,沪市主板
SZ300009,75626.0,创业板
SZ300618,75549.0,创业板
SZ002642,75526.0,深市主板
SH600114,75411.0,沪市主板
SZ300468,75391.0,创业板
SZ300568,75323.0,创业板
SZ002349,75235.0,深市主板
SH600307,75172.0,沪市主板
SZ002169,75077.0,深市主板
SH600479,75076.0,沪市主板
SZ300475,75004.0,创业板
SH600138,74958.0,沪市主板
01398,74958.0,港股主板
02513,74950.0,港股主板
SZ002307,74937.0,深市主板
SZ000650,74907.0,深市主板
SZ000800,74704.0,深市主板
SZ300199,74642.0,创业板
03606,74607.0,港股主板
SZ000032,74586.0,深市主板
SZ300763,74551.0,创业板
SH600367,74436.0,沪市主板
SH603688,74225.0,沪市主板
SH688396,74174.0,科创板
SZ000564,74021.0,深市主板
SH600184,73950.0,沪市主板
SZ300204,73901.0,创业板
SH603517,73899.0,沪市主板
SZ002444,73853.0,深市主板
00241,73797.0,港股主板
SZ301236,73777.0,创业板
SZ000948,73756.0,深市主板
SH603198,73540.0,沪市主板
SZ300166,73519.0,创业板
SZ002792,73504.0,深市主板
SZ002635,73470.0,深市主板
SH603667,73443.0,沪市主板
SH601231,73406.0,沪市主板
SH601233,73399.0,沪市主板
SZ000713,73393.0,深市主板
SZ002654,73300.0,深市主板
SZ002413,73209.0,深市主板
SZ000501,73205.0,深市主板
SH600808,73201.0,沪市主板
SZ002366,72948.0,深市主板
SZ300182,72943.0,创业板
SZ300623,72762.0,创业板
SH600268,72689.0,沪市主板
SZ002468,72617.0,深市主板
SH600586,72592.0,沪市主板
SZ002527,72398.0,深市主板
SZ002707,72342.0,深市主板
SZ300319,72325.0,创业板
SZ300177,72268.0,创业板
SZ000555,72207.0,深市主板
SH600390,72187.0,沪市主板
SH600754,72129.0,沪市主板
SH603678,72100.0,沪市主板
SH600185,72065.0,沪市主板
SH601222,72046.0,沪市主板
SZ300783,72034.0,创业板
SZ002733,72008.0,深市主板
SZ000672,71975.0,深市主板
SH600602,71965.0,沪市主板
SH600877,71845.0,沪市主板
SZ002457,71670.0,深市主板
SH600285,71644.0,沪市主板
SZ002922,71618.0,深市主板
SH600060,71591.0,沪市主板
09868,71567.0,港股主板
SH600557,71345.0,沪市主板
SZ002041,71307.0,深市主板
SH603629,71211.0,沪市主板
SZ000089,71081.0,深市主板
SZ000796,71044.0,深市主板
SZ300075,71034.0,创业板
SZ000810,71029.0,深市主板
SH600926,70982.0,沪市主板
SH600773,70845.0,沪市主板
SZ002338,70633.0,深市主板
SZ000751,70628.0,深市主板
SH601369,70615.0,沪市主板
SZ002716,70515.0,深市主板
SH603156,70461.0,沪市主板
SZ002458,70413.0,深市主板
SZ300655,70408.0,创业板
SH600664,70382.0,沪市主板
SZ002269,70375.0,深市主板
SZ300342,70285.0,创业板
02319,70204.0,港股主板
06160,70163.0,港股主板
SZ002351,70083.0,深市主板
SZ002387,70073.0,深市主板
SZ300657,70070.0,创业板
SH603123,70059.0,沪市主板
SH688599,70007.0,科创板
SZ000615,69956.0,深市主板
SZ002342,69934.0,深市主板
SZ002573,69904.0,深市主板
01928,69903.0,港股主板
SH603858,69880.0,沪市主板
02331,69872.0,港股主板
SZ002015,69836.0,深市主板
SH600216,69834.0,沪市主板
SZ002440,69809.0,深市主板
SZ300083,69808.0,创业板
SZ002181,69781.0,深市主板
SZ002524,69747.0,深市主板
SH603728,69733.0,沪市主板
SZ300261,69710.0,创业板
SH600759,69655.0,沪市主板
SH600528,69653.0,沪市主板
SH600820,69633.0,沪市主板
SH600211,69583.0,沪市主板
SZ002334,69392.0,深市主板
01347,69349.0,港股主板
SZ002251,69316.0,深市主板
SZ000826,69315.0,深市主板
SH688836,69214.0,科创板
02015,69207.0,港股主板
SZ002537,69163.0,深市主板
SZ002197,69156.0,深市主板
01548,69148.0,港股主板
01299,69114.0,港股主板
SH603738,68988.0,沪市主板
SZ002009,68972.0,深市主板
SZ300102,68947.0,创业板
SZ002045,68880.0,深市主板
SH600170,68613.0,沪市主板
SH601908,68612.0,沪市主板
SH600678,68518.0,沪市主板
SZ300098,68516.0,创业板
SZ000905,68504.0,深市主板
SH600825,68432.0,沪市主板
SH603662,68363.0,沪市主板
SZ300065,68294.0,创业板
SH600581,68287.0,沪市主板
SZ300499,68211.0,创业板
SZ001896,68169.0,深市主板
SZ000718,68109.0,深市主板
SZ000883,68033.0,深市主板
SH600059,67990.0,沪市主板
SZ300188,67935.0,创业板
SZ002636,67885.0,深市主板
SZ002106,67831.0,深市主板
01801,67806.0,港股主板
SZ300693,67785.0,创业板
SH600816,67735.0,沪市主板
SH600970,67720.0,沪市主板
SH600123,67708.0,沪市主板
SZ002756,67700.0,深市主板
SZ002194,67670.0,深市主板
SZ002128,67627.0,深市主板
SH603806,67564.0,沪市主板
SH600055,67538.0,沪市主板
SH600694,67535.0,沪市主板
SZ002293,67515.0,深市主板
SZ002431,67305.0,深市主板
SZ000016,67086.0,深市主板
SH603299,67068.0,沪市主板
SH601069,67042.0,沪市主板
SH601966,66943.0,沪市主板
SH600197,66850.0,沪市主板
SZ300032,66845.0,创业板
SZ002095,66829.0,深市主板
02359,66826.0,港股主板
SH601975,66791.0,沪市主板
SZ300113,66791.0,创业板
SH603185,66779.0,沪市主板
SZ002119,66746.0,深市主板
SZ002126,66737.0,深市主板
SH600326,66709.0,沪市主板
09888,66641.0,港股主板
SH601838,66639.0,沪市主板
SZ300827,66587.0,创业板
SZ300751,66577.0,创业板
SZ002532,66553.0,深市主板
SZ002100,66535.0,深市主板
SH600869,66476.0,沪市主板
SZ001914,66443.0,深市主板
SH600503,66423.0,沪市主板
SH601001,66408.0,沪市主板
SZ002647,66370.0,深市主板
SZ000572,66364.0,深市主板
SH601598,66345.0,沪市主板
SH603228,66344.0,沪市主板
SH600481,66303.0,沪市主板
SZ002517,66297.0,深市主板
SH600409,66285.0,沪市主板
SZ002097,66254.0,深市主板
02382,66222.0,港股主板
SZ000818,66211.0,深市主板
SH603063,66203.0,沪市主板
SZ002785,66196.0,深市主板
SH600655,66173.0,沪市主板
SH603338,66157.0,沪市主板
SZ002163,66059.0,深市主板
SZ300409,65986.0,创业板
SZ300395,65853.0,创业板
SH600556,65843.0,沪市主板
SZ002425,65812.0,深市主板
SH600376,65809.0,沪市主板
SZ000911,65678.0,深市主板
SZ300252,65676.0,创业板
SH600495,65601.0,沪市主板
SZ000301,65595.0,深市主板
SZ300168,65579.0,创业板
00992,65423.0,港股主板
SZ300294,65363.0,创业板
SZ300326,65353.0,创业板
SZ000506,65343.0,深市主板
SH600320,65313.0,沪市主板
SH600378,65238.0,沪市主板
SZ002120,65236.0,深市主板
SZ300457,65120.0,创业板
SH600986,65100.0,沪市主板
SZ000070,64983.0,深市主板
SH600129,64961.0,沪市主板
SZ300803,64932.0,创业板
SZ002125,64919.0,深市主板
SZ000937,64861.0,深市主板
SH603601,64782.0,沪市主板
SZ002173,64701.0,深市主板
SZ000981,64559.0,深市主板
00020,64530.0,港股主板
SZ002265,64508.0,深市主板
SZ002580,64449.0,深市主板
SZ000829,64442.0,深市主板
SZ300663,64426.0,创业板
SZ300134,64394.0,创业板
SZ300328,64370.0,创业板
SH603236,64365.0,沪市主板
SZ300607,64330.0,创业板
SH688795,64300.0,科创板
SZ002611,64296.0,深市主板
SH600490,64277.0,沪市主板
SZ300598,64255.0,创业板
SZ002046,64237.0,深市主板
SZ000528,64236.0,深市主板
SZ002579,64167.0,深市主板
SZ002484,64154.0,深市主板
SH600855,64150.0,沪市主板
SH600095,64121.0,沪市主板
SZ002311,64057.0,深市主板
SH600775,64047.0,沪市主板
SH603077,64036.0,沪市主板
SZ000816,63989.0,深市主板
SH603305,63944.0,沪市主板
SH600022,63885.0,沪市主板
SH601212,63830.0,沪市主板
SZ300516,63763.0,创业板
SZ300179,63749.0,创业板
SZ002196,63725.0,深市主板
SH600857,63700.0,沪市主板
SZ002123,63683.0,深市主板
SH603043,63463.0,沪市主板
SZ000795,63417.0,深市主板
SH600545,63402.0,沪市主板
SH600354,63346.0,沪市主板
SZ002565,63302.0,深市主板
SZ002115,63071.0,深市主板
SH600728,62909.0,沪市主板
SZ300181,62795.0,创业板
SH600578,62771.0,沪市主板
SZ000767,62660.0,深市主板
SH600360,62641.0,沪市主板
SH600572,62641.0,沪市主板
SH603108,62640.0,沪市主板
SH600571,62619.0,沪市主板
SZ002549,62571.0,深市主板
SH600860,62545.0,沪市主板
SZ002233,62456.0,深市主板
SZ300348,62418.0,创业板
SH601928,62350.0,沪市主板
SH601608,62324.0,沪市主板
SH688235,62289.0,科创板
SH603308,62218.0,沪市主板
SH600130,62158.0,沪市主板
SH601015,62087.0,沪市主板
SZ000893,62077.0,深市主板
SZ002284,62037.0,深市主板
SH600990,62017.0,沪市主板
SH603719,61968.0,沪市主板
SZ002514,61942.0,深市主板
SZ000989,61826.0,深市主板
01060,61810.0,港股主板
SZ000532,61790.0,深市主板
SH600577,61782.0,沪市主板
SH603939,61710.0,沪市主板
SZ000966,61706.0,深市主板
SH601002,61689.0,沪市主板
SZ000598,61656.0,深市主板
SH600876,61580.0,沪市主板
SZ000812,61510.0,深市主板
SZ300343,61508.0,创业板
SZ000759,61475.0,深市主板
SH600201,61334.0,沪市主板
SZ301269,61332.0,创业板
SZ002895,61279.0,深市主板
SH601878,61235.0,沪市主板
SH600688,61226.0,沪市主板
SZ300101,61167.0,创业板
SZ000550,61114.0,深市主板
SZ002035,61054.0,深市主板
SZ300769,61024.0,创业板
SZ300185,60869.0,创业板
SH601003,60827.0,沪市主板
SZ300484,60770.0,创业板
SZ300432,60754.0,创业板
SZ002491,60726.0,深市主板
SZ002563,60717.0,深市主板
SZ000710,60676.0,深市主板
SH600373,60586.0,沪市主板
SZ002418,60583.0,深市主板
03800,60576.0,港股主板
SH600486,60551.0,沪市主板
SZ002595,60536.0,深市主板
SZ000019,60502.0,深市主板
SZ002539,60480.0,深市主板
SZ000025,60448.0,深市主板
SZ002256,60210.0,深市主板
SH601666,60183.0,沪市主板
06186,60087.0,港股主板
SZ002736,60063.0,深市主板
SZ000722,60062.0,深市主板
SZ300002,60055.0,创业板
SZ002279,60036.0,深市主板
SZ000078,59970.0,深市主板
SZ002787,59957.0,深市主板
SZ002291,59889.0,深市主板
SZ002383,59809.0,深市主板
SH600186,59769.0,沪市主板
SZ300576,59585.0,创业板
SZ002584,59511.0,深市主板
SZ300738,59503.0,创业板
SZ002841,59474.0,深市主板
SZ002017,59469.0,深市主板
SZ002171,59453.0,深市主板
SH600416,59418.0,沪市主板
SH601579,59407.0,沪市主板
SZ000921,59384.0,深市主板
SH600638,59378.0,沪市主板
SZ002191,59328.0,深市主板
SZ002161,59282.0,深市主板
SZ300487,59268.0,创业板
SZ002302,59216.0,深市主板
SZ300298,59198.0,创业板
SZ002060,59117.0,深市主板
SH600480,58902.0,沪市主板
SZ300035,58899.0,创业板
SZ002741,58873.0,深市主板
SH601778,58856.0,沪市主板
SH600587,58799.0,沪市主板
SZ002519,58760.0,深市主板
SH603833,58724.0,沪市主板
06969,58631.0,港股主板
SZ002553,58570.0,深市主板
SH600686,58539.0,沪市主板
SZ002693,58512.0,深市主板
SZ300131,58509.0,创业板
SZ000737,58498.0,深市主板
SZ300255,58492.0,创业板
SZ002234,58488.0,深市主板
SZ000652,58460.0,深市主板
SH600630,58394.0,沪市主板
SZ002661,58336.0,深市主板
SZ000676,58331.0,深市主板
SH688122,58291.0,科创板
SZ300044,58272.0,创业板
SH600310,58267.0,沪市主板
SZ000750,58214.0,深市主板
SH603220,58189.0,沪市主板
SZ300436,58187.0,创业板
SZ000951,58114.0,深市主板
SZ300957,58100.0,创业板
SZ002378,58055.0,深市主板
SZ000543,57989.0,深市主板
SH600405,57989.0,沪市主板
SZ000736,57899.0,深市主板
SZ002467,57882.0,深市主板
SH600590,57853.0,沪市主板
SZ000975,57811.0,深市主板
SH600612,57804.0,沪市主板
01357,57772.0,港股主板
SZ000993,57729.0,深市主板
SZ002270,57681.0,深市主板
SH600995,57570.0,沪市主板
SH601717,57525.0,沪市主板
00914,57466.0,港股主板
SZ002165,57422.0,深市主板
SH600835,57299.0,沪市主板
SZ001270,57297.0,深市主板
SH600238,57260.0,沪市主板
SH600827,57249.0,沪市主板
SH600531,57227.0,沪市主板
SH600520,57224.0,沪市主板
SZ300010,57215.0,创业板
SZ002025,57180.0,深市主板
SZ300567,57172.0,创业板
SZ002272,57138.0,深市主板
SZ000503,57102.0,深市主板
SZ300393,57080.0,创业板
SH688005,57066.0,科创板
SH603393,57058.0,沪市主板
SH600078,57022.0,沪市主板
SZ300653,56944.0,创业板
SH600039,56941.0,沪市主板
SZ002145,56925.0,深市主板
01816,56890.0,港股主板
SZ300353,56881.0,创业板
SZ000685,56849.0,深市主板
SZ000603,56766.0,深市主板
SH688027,56633.0,科创板
SZ002298,56612.0,深市主板
SZ002975,56604.0,深市主板
SZ000801,56574.0,深市主板
SZ002501,56485.0,深市主板
SH603300,56467.0,沪市主板
SH603598,56421.0,沪市主板
SH600125,56399.0,沪市主板
SZ301171,56389.0,创业板
SZ000811,56359.0,深市主板
SZ002244,56350.0,深市主板
SZ300503,56334.0,创业板
SZ002315,56234.0,深市主板
SH600740,56192.0,沪市主板
SZ000610,56188.0,深市主板
SH601881,56173.0,沪市主板
SZ002567,56155.0,深市主板
SH600223,56121.0,沪市主板
SZ300573,56095.0,创业板
SZ000665,56094.0,深市主板
SH600720,56087.0,沪市主板
01833,56084.0,港股主板
SH603366,56062.0,沪市主板
SZ002180,56059.0,深市主板
SH600610,56014.0,沪市主板
SZ002429,55948.0,深市主板
SZ002051,55946.0,深市主板
09880,55942.0,港股主板
SZ002258,55912.0,深市主板
SH603169,55806.0,沪市主板
SH603686,55769.0,沪市主板
SH600419,55728.0,沪市主板
SZ002906,55678.0,深市主板
SZ002528,55629.0,深市主板
SZ000958,55593.0,深市主板
SZ002838,55506.0,深市主板
SH600152,55463.0,沪市主板
SH600515,55410.0,沪市主板
SZ300222,55394.0,创业板
SH600985,55360.0,沪市主板
SH600121,55311.0,沪市主板
SH688185,55289.0,科创板
SZ000789,55263.0,深市主板
SZ002091,55239.0,深市主板
00285,55225.0,港股主板
SH600246,55169.0,沪市主板
SH603025,55136.0,沪市主板
SZ300213,55116.0,创业板
SZ002208,55068.0,深市主板
SH603186,55036.0,沪市主板
SZ002771,55021.0,深市主板
SZ002408,54978.0,深市主板
SH600388,54967.0,沪市主板
SH600230,54905.0,沪市主板
SZ300034,54870.0,创业板
03988,54862.0,港股主板
SH600282,54853.0,沪市主板
SH600054,54789.0,沪市主板
SH600328,54694.0,沪市主板
SH600975,54641.0,沪市主板
SZ000403,54634.0,深市主板
SH600882,54595.0,沪市主板
SH603918,54595.0,沪市主板
SH603233,54546.0,沪市主板
SZ000793,54532.0,深市主板
SZ000582,54496.0,深市主板
SH600967,54484.0,沪市主板
SZ300161,54431.0,创业板
SZ000739,54387.0,深市主板
SH600629,54360.0,沪市主板
SH603317,54319.0,沪市主板
SZ002365,54301.0,深市主板
SZ300465,54226.0,创业板
SH600359,54216.0,沪市主板
SZ300773,54209.0,创业板
SZ000536,54134.0,深市主板
SH600782,54093.0,沪市主板
SZ002902,54075.0,深市主板
SH601678,54063.0,沪市主板
SZ002850,54016.0,深市主板
SZ002170,54013.0,深市主板
SZ002668,53884.0,深市主板
SZ000690,53808.0,深市主板
SH600502,53779.0,沪市主板
SH603466,53770.0,沪市主板
SZ002727,53757.0,深市主板
SH601789,53753.0,沪市主板
SZ002215,53739.0,深市主板
SZ000936,53589.0,深市主板
SZ002368,53579.0,深市主板
SZ002697,53527.0,深市主板
SZ002217,53518.0,深市主板
01448,53517.0,港股主板
SZ002866,53499.0,深市主板
SH603256,53492.0,沪市主板
SZ002430,53450.0,深市主板
SZ002559,53431.0,深市主板
SH600331,53404.0,沪市主板
SZ300508,53402.0,创业板
SH600706,53392.0,沪市主板
SH600604,53379.0,沪市主板
SZ002094,53377.0,深市主板
SZ300735,53323.0,创业板
SZ002605,53279.0,深市主板
SZ000726,53272.0,深市主板
SZ002701,53265.0,深市主板
SZ000703,53263.0,深市主板
SH601880,53188.0,沪市主板
SH601555,53185.0,沪市主板
SZ002705,53171.0,深市主板
SZ002446,53077.0,深市主板
SZ300123,53029.0,创业板
SZ002728,53022.0,深市主板
03323,52972.0,港股主板
SH600251,52936.0,沪市主板
SZ000520,52889.0,深市主板
SH600803,52882.0,沪市主板
SH601098,52774.0,沪市主板
SZ000505,52760.0,深市主板
SZ002762,52698.0,深市主板
00728,52670.0,港股主板
SZ300766,52648.0,创业板
SZ300246,52638.0,创业板
SZ300061,52620.0,创业板
SH600777,52602.0,沪市主板
SZ002865,52597.0,深市主板
SZ002064,52554.0,深市主板
SH601229,52496.0,沪市主板
SH603906,52436.0,沪市主板
SH601137,52416.0,沪市主板
SZ003040,52370.0,深市主板
00857,52345.0,港股主板
SZ002083,52322.0,深市主板
SZ002318,52280.0,深市主板
SZ002416,52197.0,深市主板
SH603919,52188.0,沪市主板
SZ002598,52157.0,深市主板
SZ002178,52145.0,深市主板
SZ000561,52131.0,深市主板
SZ000620,52124.0,深市主板
SZ002847,52110.0,深市主板
SH603920,52090.0,沪市主板
SZ000758,52074.0,深市主板
SH688063,51987.0,科创板
SH600871,51965.0,沪市主板
SZ300026,51910.0,创业板
SH603200,51903.0,沪市主板
SZ002538,51894.0,深市主板
SH600500,51879.0,沪市主板
SH601333,51864.0,沪市主板
SZ002369,51850.0,深市主板
SZ002489,51842.0,深市主板
SZ002941,51789.0,深市主板
SZ000716,51742.0,深市主板
SZ000558,51728.0,深市主板
SZ002309,51725.0,深市主板
SZ300740,51723.0,创业板
00772,51624.0,港股主板
SZ002117,51494.0,深市主板
SH688270,51462.0,科创板
SZ000962,51460.0,深市主板
SZ002327,51342.0,深市主板
SZ002110,51341.0,深市主板
SZ000973,51330.0,深市主板
SH603816,51320.0,沪市主板
SZ002218,51298.0,深市主板
SH600397,51280.0,沪市主板
SH600163,51210.0,沪市主板
SH688072,51208.0,科创板
SH600663,51206.0,沪市主板
SH600888,51082.0,沪市主板
SH603167,51078.0,沪市主板
SH603626,51073.0,沪市主板
SZ000537,51061.0,深市主板
SZ002158,51015.0,深市主板
SH600323,51002.0,沪市主板
SZ002003,50973.0,深市主板
SZ002237,50969.0,深市主板
SZ300492,50953.0,创业板
SZ300386,50923.0,创业板
SZ002512,50910.0,深市主板
SH601992,50889.0,沪市主板
SH600133,50855.0,沪市主板
SZ002932,50829.0,深市主板
01378,50829.0,港股主板
SZ002101,50823.0,深市主板
SZ002162,50720.0,深市主板
SZ002063,50710.0,深市主板
SH603301,50689.0,沪市主板
SZ002376,50669.0,深市主板
SH600273,50662.0,沪市主板
SZ000923,50629.0,深市主板
SH603588,50622.0,沪市主板
SZ002204,50606.0,深市主板
SH600592,50588.0,沪市主板
SH600063,50513.0,沪市主板
SH603011,50508.0,沪市主板
SZ002702,50507.0,深市主板
SZ002112,50487.0,深市主板
SZ300762,50439.0,创业板
SH603979,50366.0,沪市主板
SH600589,50331.0,沪市主板
SH600722,50320.0,沪市主板
SZ002529,50285.0,深市主板
SH600396,50272.0,沪市主板
SH600726,50270.0,沪市主板
SZ002670,50240.0,深市主板
SH600057,50215.0,沪市主板
SZ002426,50201.0,深市主板
SH603126,50095.0,沪市主板
SH603663,50093.0,沪市主板
SH601990,50077.0,沪市主板
SZ000928,49984.0,深市主板
SZ000852,49981.0,深市主板
SZ002474,49923.0,深市主板
SH600619,49920.0,沪市主板
SH600501,49917.0,沪市主板
SZ301217,49899.0,创业板
01336,49824.0,港股主板
SZ002596,49713.0,深市主板
SZ300777,49626.0,创业板
SH603883,49621.0,沪市主板
SZ300709,49620.0,创业板
SH601696,49580.0,沪市主板
SZ300224,49566.0,创业板
SZ300087,49530.0,创业板
SH600821,49491.0,沪市主板
SH603596,49490.0,沪市主板
SH600798,49464.0,沪市主板
00386,49458.0,港股主板
SH603496,49450.0,沪市主板
SZ300302,49404.0,创业板
SH600295,49388.0,沪市主板
SH603379,49359.0,沪市主板
09999,49328.0,港股主板
SH601882,49322.0,沪市主板
SH603618,49301.0,沪市主板
SZ002248,49296.0,深市主板
SZ000612,49261.0,深市主板
SZ000525,49259.0,深市主板
SZ002184,49228.0,深市主板
SH600736,49223.0,沪市主板
SH600916,49220.0,沪市主板
SZ002530,49200.0,深市主板
SZ002643,49181.0,深市主板
SZ300552,49122.0,创业板
SZ300005,49108.0,创业板
SZ002929,49095.0,深市主板
SH601952,49064.0,沪市主板
SZ002658,49057.0,深市主板
SH601158,49021.0,沪市主板
SH600621,48919.0,沪市主板
SH603619,48865.0,沪市主板
SH600075,48863.0,沪市主板
SH600793,48837.0,沪市主板
SZ002646,48810.0,深市主板
SH601311,48804.0,沪市主板
09660,48776.0,港股主板
SZ002461,48766.0,深市主板
SZ300355,48702.0,创业板
SZ300209,48600.0,创业板
SZ002214,48577.0,深市主板
SH688146,48527.0,科创板
SZ002590,48507.0,深市主板
SZ300130,48493.0,创业板
SZ300139,48461.0,创业板
SH600998,48451.0,沪市主板
SH600961,48436.0,沪市主板
00799,48365.0,港股主板
SH600318,48331.0,沪市主板
SZ300333,48324.0,创业板
01772,48284.0,港股主板
SZ002014,48246.0,深市主板
SH600477,48217.0,沪市主板
SZ300846,48192.0,创业板
SZ300602,48181.0,创业板
SZ002186,48151.0,深市主板
SZ000533,48082.0,深市主板
SZ002587,48073.0,深市主板
SZ002246,48061.0,深市主板
SZ002286,47887.0,深市主板
SH600371,47883.0,沪市主板
SZ000065,47859.0,深市主板
SZ000931,47779.0,深市主板
SH600784,47776.0,沪市主板
SZ002449,47744.0,深市主板
SZ000700,47731.0,深市主板
SH600210,47724.0,沪市主板
SH603363,47723.0,沪市主板
SZ300469,47713.0,创业板
SZ002655,47700.0,深市主板
SZ002882,47660.0,深市主板
SH603069,47659.0,沪市主板
00762,47651.0,港股主板
SH603078,47645.0,沪市主板
SZ002239,47624.0,深市主板
SH601929,47620.0,沪市主板
SH600963,47604.0,沪市主板
SH688777,47589.0,科创板
SZ300293,47588.0,创业板
09995,47534.0,港股主板
01766,47515.0,港股主板
SZ002645,47497.0,深市主板
SZ300013,47477.0,创业板
SZ002695,47447.0,深市主板
SH601567,47436.0,沪市主板
SH600650,47407.0,沪市主板
SZ000899,47381.0,深市主板
SZ002606,47366.0,深市主板
SZ002022,47329.0,深市主板
SZ002419,47304.0,深市主板
SZ000995,47273.0,深市主板
SH688271,47236.0,科创板
SZ300359,47219.0,创业板
SZ300439,47211.0,创业板
SZ002361,47201.0,深市主板
SH603636,47188.0,沪市主板
SZ002470,47168.0,深市主板
SZ000882,47164.0,深市主板
SH688347,47162.0,科创板
SH600218,47124.0,沪市主板
SZ002330,47114.0,深市主板
SZ002772,47040.0,深市主板
02400,47018.0,港股主板
SZ002698,46997.0,深市主板
SZ000639,46872.0,深市主板
SH600880,46835.0,沪市主板
SZ002979,46716.0,深市主板
SH600292,46626.0,沪市主板
SH603396,46624.0,沪市主板
SH600178,46598.0,沪市主板
SH600483,46587.0,沪市主板
SZ002210,46578.0,深市主板
SH689009,46577.0,港股主板
SH603218,46525.0,沪市主板
SZ000791,46457.0,深市主板
SH600255,46431.0,沪市主板
SZ000678,46415.0,深市主板
SH600258,46403.0,沪市主板
SZ300466,46401.0,创业板
SZ002510,46396.0,深市主板
SH600996,46396.0,沪市主板
SZ000868,46359.0,深市主板
SZ300520,46325.0,创业板
SZ300443,46262.0,创业板
SH603118,46247.0,沪市主板
SH603399,46231.0,沪市主板
SZ300888,46226.0,创业板
SH600257,46216.0,沪市主板
SZ000915,46176.0,深市主板
SH600303,46171.0,沪市主板
SH600864,46139.0,沪市主板
SZ300081,46085.0,创业板
00100,46066.0,港股主板
SZ002274,46059.0,深市主板
SZ002331,46056.0,深市主板
SZ300451,46026.0,创业板
SH601116,46017.0,沪市主板
SH600668,46007.0,沪市主板
SZ300184,45875.0,创业板
SZ300471,45820.0,创业板
SZ300046,45803.0,创业板
SZ000595,45768.0,深市主板
SZ002448,45763.0,深市主板
SH600452,45759.0,沪市主板
SZ300368,45755.0,创业板
SZ300303,45747.0,创业板
SZ000600,45705.0,深市主板
SZ002795,45695.0,深市主板
00836,45654.0,港股主板
SZ002227,45644.0,深市主板
SH601858,45606.0,沪市主板
SZ300331,45570.0,创业板
SZ300263,45526.0,创业板
SZ000429,45514.0,深市主板
SH600642,45505.0,沪市主板
SZ002897,45493.0,深市主板
SZ002421,45491.0,深市主板
SH603387,45486.0,沪市主板
SZ002769,45481.0,深市主板
SZ002370,45411.0,深市主板
03900,45339.0,港股主板
SH600381,45332.0,沪市主板
SH600458,45323.0,沪市主板
SZ300489,45314.0,创业板
SZ300226,45291.0,创业板
SH601198,45274.0,沪市主板
SZ003022,45270.0,深市主板
SH600116,45265.0,沪市主板
SZ300256,45249.0,创业板
SZ000965,45180.0,深市主板
SZ002037,45133.0,深市主板
SZ000708,45110.0,深市主板
SZ002757,45107.0,深市主板
SZ002515,45094.0,深市主板
SH603009,45088.0,沪市主板
SH605589,45062.0,沪市主板
02618,45010.0,港股主板
SH603938,44995.0,沪市主板
SH603099,44941.0,沪市主板
SH600187,44912.0,沪市主板
SZ002614,44861.0,深市主板
SH601566,44841.0,沪市主板
SH688268,44835.0,科创板
SH603508,44816.0,沪市主板
SZ000680,44815.0,深市主板
SH600350,44783.0,沪市主板
SZ002805,44714.0,深市主板
SH600812,44650.0,沪市主板
SZ300119,44619.0,创业板
SZ002255,44610.0,深市主板
SH605090,44578.0,沪市主板
SH600032,44564.0,沪市主板
SZ300031,44546.0,创业板
00998,44533.0,港股主板
SZ300248,44516.0,创业板
SZ002339,44478.0,深市主板
SZ300685,44453.0,创业板
SH688019,44419.0,科创板
SZ300183,44416.0,创业板
SZ300189,44315.0,创业板
SZ300501,44261.0,创业板
SH600624,44252.0,沪市主板
SZ002544,44236.0,深市主板
SH600510,44234.0,沪市主板
SZ300313,44230.0,创业板
SZ002551,44214.0,深市主板
SH600770,44177.0,沪市主板
02097,44147.0,港股主板
SZ002057,44142.0,深市主板
SZ300094,44108.0,创业板
SZ002885,44046.0,深市主板
SZ300747,44040.0,创业板
SH600831,44018.0,沪市主板
03993,44010.0,港股主板
SZ002277,43983.0,深市主板
SZ002564,43910.0,深市主板
SZ300329,43899.0,创业板
SZ300093,43884.0,创业板
SH600395,43873.0,沪市主板
01171,43857.0,港股主板
SH688047,43823.0,科创板
06618,43805.0,港股主板
SH601108,43780.0,沪市主板
SH600101,43772.0,沪市主板
SZ002254,43711.0,深市主板
SZ300678,43662.0,创业板
SZ300173,43649.0,创业板
SZ002653,43648.0,深市主板
SZ002380,43620.0,深市主板
SZ002867,43613.0,深市主板
SH600203,43593.0,沪市主板
SZ000902,43593.0,深市主板
SZ300158,43592.0,创业板
SZ002859,43539.0,深市主板
SH603888,43504.0,沪市主板
SH603868,43485.0,沪市主板
SZ000011,43456.0,深市主板
SH688018,43450.0,科创板
06060,43430.0,港股主板
SH603002,43409.0,沪市主板
SH600103,43387.0,沪市主板
SZ300287,43338.0,创业板
SH600509,43338.0,沪市主板
01951,43318.0,港股主板
SZ300340,43303.0,创业板
SZ000838,43291.0,深市主板
SZ300463,43277.0,创业板
06055,43223.0,港股主板
SZ000524,43197.0,深市主板
01288,43188.0,港股主板
SZ002175,43147.0,深市主板
SZ300633,43079.0,创业板
SH600496,43073.0,沪市主板
SZ002833,42983.0,深市主板
SH601456,42926.0,沪市主板
SZ000908,42917.0,深市主板
SZ300429,42903.0,创业板
SH600976,42862.0,沪市主板
SH600969,42860.0,沪市主板
SZ002471,42856.0,深市主板
SH601595,42839.0,沪市主板
SH600698,42823.0,沪市主板
SZ002608,42770.0,深市主板
SZ000823,42748.0,深市主板
SZ000560,42703.0,深市主板
SZ300206,42698.0,创业板
SZ002915,42612.0,深市主板
SZ002623,42587.0,深市主板
SH600903,42529.0,沪市主板
SZ002201,42520.0,深市主板
SH603985,42482.0,沪市主板
SZ300479,42479.0,创业板
SZ002275,42396.0,深市主板
SZ002004,42381.0,深市主板
SZ300008,42379.0,创业板
SH603885,42377.0,沪市主板
SZ002886,42373.0,深市主板
SZ002892,42350.0,深市主板
SZ000156,42312.0,深市主板
SZ300674,42279.0,创业板
SH600517,42275.0,沪市主板
SH600336,42259.0,沪市主板
SZ002039,42232.0,深市主板
SZ002520,42214.0,深市主板
SZ000415,42172.0,深市主板
SZ000978,42164.0,深市主板
SZ002067,42159.0,深市主板
SH600576,42147.0,沪市主板
SH600288,42144.0,沪市主板
SZ002189,42094.0,深市主板
SH600231,41929.0,沪市主板
SH603117,41929.0,沪市主板
SH603912,41902.0,沪市主板
SH603477,41894.0,沪市主板
SZ300821,41885.0,创业板
SH603456,41878.0,沪市主板
00867,41847.0,港股主板
SH600425,41833.0,沪市主板
SZ000682,41812.0,深市主板
01030,41806.0,港股主板
SH600848,41793.0,沪市主板
SZ000566,41763.0,深市主板
SZ000159,41743.0,深市主板
SH600965,41738.0,沪市主板
SZ300228,41737.0,创业板
SZ002029,41715.0,深市主板
SZ002500,41697.0,深市主板
SH603929,41644.0,沪市主板
SZ002263,41614.0,深市主板
SZ002481,41605.0,深市主板
SZ000822,41578.0,深市主板
SZ002542,41553.0,深市主板
SH603067,41540.0,沪市主板
SH600603,41524.0,沪市主板
SH600289,41506.0,沪市主板
00819,41467.0,港股主板
SH603197,41416.0,沪市主板
SZ002768,41391.0,深市主板
SZ002832,41388.0,深市主板
SZ301018,41310.0,创业板
SZ002238,41309.0,深市主板
SZ002664,41297.0,深市主板
SZ300276,41261.0,创业板
SZ002084,41256.0,深市主板
SZ002350,41248.0,深市主板
SH600748,41244.0,沪市主板
SZ002685,41232.0,深市主板
SH600351,41227.0,沪市主板
SH688322,41203.0,科创板
SZ300288,41161.0,创业板
SZ300042,41127.0,创业板
SH600794,41095.0,沪市主板
SH603936,41070.0,沪市主板
SZ002166,41061.0,深市主板
SZ002488,41016.0,深市主板
SZ002526,40956.0,深市主板
SZ000607,40904.0,深市主板
SZ002550,40900.0,深市主板
SZ000935,40886.0,深市主板
SH603085,40859.0,沪市主板
SZ002329,40859.0,深市主板
SZ300481,40855.0,创业板
SZ301165,40821.0,创业板
SZ000530,40817.0,深市主板
SZ300311,40808.0,创业板
SZ300057,40794.0,创业板
SZ002332,40787.0,深市主板
SZ000058,40760.0,深市主板
SH603859,40748.0,沪市主板
SZ002925,40720.0,深市主板
SH600353,40683.0,沪市主板
SZ000697,40679.0,深市主板
SH600283,40674.0,沪市主板
SZ300078,40625.0,创业板
SH600301,40604.0,沪市主板
SZ300627,40580.0,创业板
02186,40579.0,港股主板
SH688234,40568.0,科创板
SH603529,40555.0,沪市主板
SH600058,40551.0,沪市主板
SZ002864,40532.0,深市主板
SZ300706,40516.0,创业板
SH603757,40503.0,沪市主板
SH601038,40485.0,沪市主板
SH600987,40481.0,沪市主板
SZ002469,40445.0,深市主板
SZ000546,40442.0,深市主板
SZ300401,40419.0,创业板
SZ002815,40397.0,深市主板
SH600131,40397.0,沪市主板
SZ000922,40382.0,深市主板
SH601218,40380.0,沪市主板
SZ300673,40379.0,创业板
SZ002878,40352.0,深市主板
SH600582,40323.0,沪市主板
SH601388,40301.0,沪市主板
SZ002148,40297.0,深市主板
SH605009,40277.0,沪市主板
SZ002726,40260.0,深市主板
SH688676,40234.0,科创板
SH603128,40227.0,沪市主板
SZ002010,40216.0,深市主板
SZ002987,40215.0,深市主板
SZ300265,40181.0,创业板
SH600992,40177.0,沪市主板
SH600971,40154.0,沪市主板
SZ002630,40154.0,深市主板
SH600843,40137.0,沪市主板
SH600327,40125.0,沪市主板
SZ002386,40114.0,深市主板
SH688223,40106.0,科创板
SZ002725,40095.0,深市主板
02018,40091.0,港股主板
SH600345,40071.0,沪市主板
SZ000862,40031.0,深市主板
SZ000014,40005.0,深市主板
SZ002296,39987.0,深市主板
09866,39973.0,港股主板
SH600715,39941.0,沪市主板
SH601011,39934.0,沪市主板
SZ002616,39920.0,深市主板
SZ001208,39893.0,深市主板
SH600959,39887.0,沪市主板
SH603098,39878.0,沪市主板
SZ000919,39875.0,深市主板
SZ000518,39827.0,深市主板
SH600073,39769.0,沪市主板
SZ000797,39765.0,深市主板
SZ002052,39732.0,深市主板
SZ002250,39709.0,深市主板
SZ002221,39697.0,深市主板
SH601101,39696.0,沪市主板
00966,39695.0,港股主板
SZ002154,39689.0,深市主板
SZ002287,39683.0,深市主板
02628,39675.0,港股主板
SZ300205,39669.0,创业板
SZ003039,39665.0,深市主板
SZ000909,39650.0,深市主板
SH600088,39646.0,沪市主板
SH600569,39629.0,沪市主板
SZ002172,39584.0,深市主板
SH688390,39550.0,科创板
SZ000856,39537.0,深市主板
SH688775,39532.0,科创板
SZ000859,39529.0,深市主板
03933,39518.0,港股主板
SZ002799,39512.0,深市主板
SZ000949,39502.0,深市主板
SH603611,39496.0,沪市主板
SZ002343,39464.0,深市主板
SH601677,39448.0,沪市主板
SZ000539,39395.0,深市主板
SH603777,39381.0,沪市主板
SZ300290,39351.0,创业板
SH600761,39347.0,沪市主板
SH600526,39275.0,沪市主板
SZ300145,39224.0,创业板
SH600613,39210.0,沪市主板
SZ000925,39148.0,深市主板
SZ002609,39141.0,深市主板
SZ300415,39139.0,创业板
SZ002869,39132.0,深市主板
SZ300233,39125.0,创业板
SH600594,39116.0,沪市主板
00960,39041.0,港股主板
SZ002560,39022.0,深市主板
SZ002437,39018.0,深市主板
01952,39010.0,港股主板
SZ300351,38981.0,创业板
SZ300152,38975.0,创业板
SZ002320,38950.0,深市主板
SH688629,38943.0,科创板
SH600137,38941.0,沪市主板
SH600764,38931.0,沪市主板
SZ000727,38928.0,深市主板
SZ002599,38908.0,深市主板
SZ300245,38902.0,创业板
SH601139,38887.0,沪市主板
SH600666,38887.0,沪市主板
SH600470,38865.0,沪市主板
SZ000711,38844.0,深市主板
SZ002957,38843.0,深市主板
SH601969,38764.0,沪市主板
SZ301005,38710.0,创业板
SH600182,38699.0,沪市主板
SH600439,38661.0,沪市主板
SH600269,38582.0,沪市主板
SZ002026,38572.0,深市主板
SH600389,38561.0,沪市主板
SH600730,38560.0,沪市主板
SH688016,38559.0,科创板
SZ002401,38555.0,深市主板
02228,38540.0,港股主板
SZ002059,38512.0,深市主板
SH600640,38500.0,沪市主板
SH600017,38490.0,沪市主板
SZ301358,38442.0,创业板
SZ002205,38406.0,深市主板
SZ002719,38405.0,深市主板
SZ002006,38387.0,深市主板
SH603988,38385.0,沪市主板
SZ002945,38371.0,深市主板
SH600071,38360.0,沪市主板
SZ300770,38359.0,创业板
SZ300019,38335.0,创业板
SZ300232,38239.0,创业板
SZ002490,38219.0,深市主板
SZ002496,38216.0,深市主板
SZ000061,38145.0,深市主板
SH688158,38100.0,科创板
SZ300249,38097.0,创业板
SH600956,38095.0,沪市主板
SZ000514,38075.0,深市主板
SZ300352,38066.0,创业板
SH600573,38050.0,沪市主板
SZ002686,38043.0,深市主板
SZ300850,38013.0,创业板
SH603887,38004.0,沪市主板
00001,38001.0,港股主板
SH603616,38001.0,沪市主板
SZ002374,37992.0,深市主板
SH600513,37972.0,沪市主板
SZ000030,37963.0,深市主板
SH603267,37949.0,沪市主板
SH600679,37854.0,沪市主板
SH688303,37844.0,科创板
SZ002765,37808.0,深市主板
SZ300366,37806.0,创业板
SZ002243,37800.0,深市主板
SH688116,37783.0,科创板
SZ000913,37767.0,深市主板
SZ002534,37757.0,深市主板
SZ300525,37738.0,创业板
SZ002328,37702.0,深市主板
SZ000593,37652.0,深市主板
SH603716,37650.0,沪市主板
SZ002613,37646.0,深市主板
SH603039,37600.0,沪市主板
SZ300063,37597.0,创业板
SH600280,37593.0,沪市主板
SZ002122,37571.0,深市主板
SZ002788,37569.0,深市主板
02013,37551.0,港股主板
SH600299,37546.0,沪市主板
SZ002264,37536.0,深市主板
SZ002965,37527.0,深市主板
SZ000698,37521.0,深市主板
SH603296,37511.0,沪市主板
SZ002213,37511.0,深市主板
SZ000028,37507.0,深市主板
SZ300171,37503.0,创业板
00268,37502.0,港股主板
SZ002561,37501.0,深市主板
SZ300775,37495.0,创业板
SZ301071,37491.0,创业板
SZ002321,37485.0,深市主板
SZ301511,37483.0,创业板
SZ300271,37456.0,创业板
SZ002571,37452.0,深市主板
00493,37432.0,港股主板
00288,37431.0,港股主板
SZ003032,37388.0,深市主板
SZ002068,37376.0,深市主板
SZ002090,37311.0,深市主板
SH600300,37295.0,沪市主板
SH600467,37283.0,沪市主板
SZ300556,37216.0,创业板
SZ300299,37167.0,创业板
SZ300264,37159.0,创业板
SZ002589,37119.0,深市主板
SZ002375,37114.0,深市主板
SZ000428,37110.0,深市主板
SH600033,37096.0,沪市主板
01530,37096.0,港股主板
SH600691,37085.0,沪市主板
SH600729,37053.0,沪市主板
SH688333,36933.0,科创板
SH600548,36908.0,沪市主板
SZ002363,36906.0,深市主板
SH600749,36878.0,沪市主板
SH600710,36873.0,沪市主板
SZ000008,36868.0,深市主板
SH600846,36867.0,沪市主板
SH603168,36861.0,沪市主板
SZ002562,36861.0,深市主板
SZ300726,36828.0,创业板
SZ002796,36810.0,深市主板
SZ001317,36810.0,深市主板
SH603105,36797.0,沪市主板
SH600449,36792.0,沪市主板
SH603068,36768.0,沪市主板
SH600284,36761.0,沪市主板
SZ000731,36750.0,深市主板
SZ300579,36747.0,创业板
SZ002207,36716.0,深市主板
SH600595,36715.0,沪市主板
SZ002305,36705.0,深市主板
SH600508,36704.0,沪市主板
SZ002103,36693.0,深市主板
SH600237,36678.0,沪市主板
SZ300135,36663.0,创业板
SH600249,36661.0,沪市主板
SZ000601,36629.0,深市主板
SZ000510,36620.0,深市主板
SH600551,36588.0,沪市主板
SZ002107,36568.0,深市主板
SH600682,36565.0,沪市主板
SH603129,36527.0,沪市主板
SH601700,36524.0,沪市主板
SH600272,36489.0,沪市主板
SH688037,36465.0,科创板
SH600308,36381.0,沪市主板
00916,36376.0,港股主板
SH600433,36374.0,沪市主板
SZ000798,36372.0,深市主板
SZ002300,36352.0,深市主板
SZ300097,36340.0,创业板
SH688297,36334.0,科创板
SH601799,36326.0,沪市主板
01375,36316.0,港股主板
SZ300284,36315.0,创业板
00902,36313.0,港股主板
SH688331,36303.0,科创板
SH601298,36277.0,沪市主板
SZ301293,36273.0,创业板
SZ002827,36269.0,深市主板
SZ300380,36227.0,创业板
SH603116,36213.0,沪市主板
SZ300324,36196.0,创业板
SZ000880,36172.0,深市主板
SZ000609,36157.0,深市主板
SZ002168,36117.0,深市主板
SZ300055,36086.0,创业板
SH688050,36081.0,科创板
00291,36061.0,港股主板
SZ300446,36060.0,创业板
SZ002443,36042.0,深市主板
SH603766,36031.0,沪市主板
SH600155,36027.0,沪市主板
SZ002718,36003.0,深市主板
SZ002778,35995.0,深市主板
SZ300137,35992.0,创业板
SH603612,35987.0,沪市主板
SZ002212,35956.0,深市主板
SZ000521,35951.0,深市主板
SH600966,35948.0,沪市主板
SH603336,35937.0,沪市主板
SH603223,35905.0,沪市主板
SH603313,35905.0,沪市主板
SH600082,35885.0,沪市主板
00708,35858.0,港股主板
SZ000554,35849.0,深市主板
SZ002903,35823.0,深市主板
SZ300505,35814.0,创业板
SH603505,35811.0,沪市主板
SH603876,35807.0,沪市主板
SH600792,35778.0,沪市主板
SH600982,35772.0,沪市主板
SZ300020,35753.0,创业板
SZ000888,35752.0,深市主板
SZ300149,35736.0,创业板
SZ002682,35705.0,深市主板
01109,35636.0,港股主板
SZ002313,35622.0,深市主板
SZ000903,35612.0,深市主板
SH600622,35590.0,沪市主板
SZ002689,35588.0,深市主板
SH600866,35562.0,沪市主板
SH603348,35527.0,沪市主板
SZ002533,35519.0,深市主板
SH603896,35517.0,沪市主板
SH603595,35475.0,沪市主板
SZ002552,35419.0,深市主板
SH600657,35415.0,沪市主板
00817,35360.0,港股主板
SZ002111,35359.0,深市主板
SH603222,35351.0,沪市主板
SZ002745,35340.0,深市主板
SH600119,35315.0,沪市主板
SH600810,35314.0,沪市主板
SZ002912,35307.0,深市主板
02600,35296.0,港股主板
SH600020,35296.0,沪市主板
SH600734,35277.0,沪市主板
SH600525,35274.0,沪市主板
01068,35226.0,港股主板
02338,35211.0,港股主板
SZ002548,35190.0,深市主板
SZ300192,35184.0,创业板
SZ300129,35181.0,创业板
SZ002900,35166.0,深市主板
SH600278,35125.0,沪市主板
SH603297,35118.0,沪市主板
SZ300919,35115.0,创业板
SZ002099,35089.0,深市主板
SZ002454,35070.0,深市主板
SZ000029,35016.0,深市主板
SZ002367,35005.0,深市主板
SZ300337,34999.0,创业板
SZ300811,34971.0,创业板
SH601997,34959.0,沪市主板
SH600165,34952.0,沪市主板
SZ300480,34935.0,创业板
SH603801,34927.0,沪市主板
SH600908,34925.0,沪市主板
SZ000886,34902.0,深市主板
SH603613,34860.0,沪市主板
SZ300250,34854.0,创业板
SZ000719,34809.0,深市主板
SH601801,34809.0,沪市主板
SH600189,34803.0,沪市主板
SZ002053,34794.0,深市主板
SH600236,34791.0,沪市主板
SH600339,34791.0,沪市主板
SZ002135,34784.0,深市主板
SH600506,34762.0,沪市主板
SZ300779,34756.0,创业板
SH603698,34748.0,沪市主板
SH605337,34737.0,沪市主板
SZ300688,34713.0,创业板
SZ001339,34674.0,深市主板
SH603587,34649.0,沪市主板
SH603328,34627.0,沪市主板
SH600052,34618.0,沪市主板
SZ300437,34616.0,创业板
SH600742,34553.0,沪市主板
SH600649,34550.0,沪市主板
SZ002791,34531.0,深市主板
SZ002632,34520.0,深市主板
SZ002675,34519.0,深市主板
SZ300041,34514.0,创业板
SH601949,34510.0,沪市主板
00189,34509.0,港股主板
SH600076,34487.0,沪市主板
SZ002984,34457.0,深市主板
SH603166,34445.0,沪市主板
SH603008,34439.0,沪市主板
SZ002939,34436.0,深市主板
SH600335,34430.0,沪市主板
SZ000153,34427.0,深市主板
SZ002406,34401.0,深市主板
SZ300082,34381.0,创业板
SZ002576,34379.0,深市主板
SZ002669,34373.0,深市主板
SH603138,34370.0,沪市主板
SZ300043,34356.0,创业板
SZ002137,34335.0,深市主板
SZ002713,34298.0,深市主板
SH603212,34276.0,沪市主板
SH603733,34274.0,沪市主板
SZ002706,34266.0,深市主板
SZ002348,34266.0,深市主板
SH600639,34240.0,沪市主板
SH600195,34136.0,沪市主板
SZ300310,34089.0,创业板
SH600420,34056.0,沪市主板
SZ002907,34039.0,深市主板
SZ003026,34039.0,深市主板
01359,34019.0,港股主板
SH600403,34007.0,沪市主板
SZ300268,33987.0,创业板
SZ000955,33983.0,深市主板
SH603712,33951.0,沪市主板
SZ000892,33933.0,深市主板
SH600375,33927.0,沪市主板
SZ002660,33913.0,深市主板
SH600227,33906.0,沪市主板
SH600746,33872.0,沪市主板
SZ002438,33855.0,深市主板
SZ000567,33853.0,深市主板
SZ300318,33828.0,创业板
SH603178,33809.0,沪市主板
SZ002931,33785.0,深市主板
SZ000967,33767.0,深市主板
SH600853,33740.0,沪市主板
SZ000968,33729.0,深市主板
SH600207,33726.0,沪市主板
SH600661,33722.0,沪市主板
SZ300203,33694.0,创业板
SZ300221,33679.0,创业板
SH601010,33664.0,沪市主板
03908,33660.0,港股主板
SH601236,33647.0,沪市主板
SZ002813,33628.0,深市主板
SH605089,33593.0,沪市主板
SZ000498,33567.0,深市主板
SZ003009,33560.0,深市主板
SZ300660,33559.0,创业板
02601,33548.0,港股主板
SH600850,33539.0,沪市主板
SH600167,33533.0,沪市主板
SZ300159,33532.0,创业板
SZ300086,33531.0,创业板
SZ002884,33516.0,深市主板
SH603927,33509.0,沪市主板
SH600084,33497.0,沪市主板
SH600830,33488.0,沪市主板
SZ002950,33452.0,深市主板
SZ002132,33436.0,深市主板
SH603960,33419.0,沪市主板
SZ002746,33417.0,深市主板
SH600540,33381.0,沪市主板
SH605376,33377.0,沪市主板
SZ002780,33373.0,深市主板
SZ002347,33367.0,深市主板
SH600838,33338.0,沪市主板
SZ001203,33308.0,深市主板
SZ300452,33297.0,创业板
SH603696,33273.0,沪市主板
SZ300708,33250.0,创业板
SH603035,33216.0,沪市主板
00390,33201.0,港股主板
SZ000526,33194.0,深市主板
SH600053,33180.0,沪市主板
SZ000631,33177.0,深市主板
SH603131,33137.0,沪市主板
SZ301128,33100.0,创业板
SH600035,33094.0,沪市主板
SZ300039,33094.0,创业板
SZ000686,33088.0,深市主板
SZ002577,33074.0,深市主板
SH600721,33030.0,沪市主板
SH603214,33015.0,沪市主板
SZ300832,32984.0,创业板
06181,32973.0,港股主板
SZ300639,32959.0,创业板
SZ000409,32931.0,深市主板
SH603565,32928.0,沪市主板
06682,32924.0,港股主板
SZ002556,32917.0,深市主板
SH600279,32890.0,沪市主板
SZ002588,32887.0,深市主板
SZ000761,32882.0,深市主板
SZ002855,32857.0,深市主板
SZ300358,32851.0,创业板
SZ300295,32850.0,创业板
SZ001330,32819.0,深市主板
SZ002829,32795.0,深市主板
SZ000766,32773.0,深市主板
SZ300563,32758.0,创业板
SZ002314,32743.0,深市主板
08083,32728.0,港股GEM
SH603040,32724.0,沪市主板
SH600618,32717.0,沪市主板
SH601007,32708.0,沪市主板
SH688120,32687.0,科创板
06098,32682.0,港股主板
SH688339,32678.0,科创板
SH600693,32662.0,沪市主板
SZ000688,32660.0,深市主板
SZ002985,32629.0,深市主板
SH600889,32627.0,沪市主板
SZ002316,32615.0,深市主板
SZ300120,32601.0,创业板
SZ300341,32549.0,创业板
SH688690,32542.0,科创板
SZ002150,32514.0,深市主板
SZ002076,32491.0,深市主板
SZ300304,32488.0,创业板
SZ002379,32414.0,深市主板
SZ300314,32405.0,创业板
SZ000635,32394.0,深市主板
SH688002,32391.0,科创板
SZ002735,32364.0,深市主板
SZ300051,32338.0,创业板
SZ000753,32322.0,深市主板
SZ300641,32320.0,创业板
SH605020,32312.0,沪市主板
06869,32310.0,港股主板
SH600476,32306.0,沪市主板
SZ002355,32293.0,深市主板
SH603318,32282.0,沪市主板
SH600558,32272.0,沪市主板
SH601619,32254.0,沪市主板
01888,32241.0,港股主板
SZ002766,32233.0,深市主板
SZ002219,32213.0,深市主板
SZ002062,32208.0,深市主板
SZ000927,32203.0,深市主板
SZ002876,32202.0,深市主板
SH603322,32197.0,沪市主板
SZ002061,32179.0,深市主板
SZ002667,32177.0,深市主板
01818,32163.0,港股主板
SH603737,32160.0,沪市主板
01610,32135.0,港股主板
SZ002969,32126.0,深市主板
SZ300772,32111.0,创业板
01579,32098.0,港股主板
SZ300191,32084.0,创业板
SZ300648,32079.0,创业板
SZ002734,32077.0,深市主板
SH600662,32076.0,沪市主板
SZ002012,31946.0,深市主板
SZ300231,31944.0,创业板
SZ003005,31921.0,深市主板
SH603429,31911.0,沪市主板
SZ300581,31909.0,创业板
SH603383,31839.0,沪市主板
SZ002516,31832.0,深市主板
SH600675,31831.0,沪市主板
01099,31797.0,港股主板
SH600012,31783.0,沪市主板
SH601399,31783.0,沪市主板
SZ000420,31752.0,深市主板
SZ002088,31723.0,深市主板
SZ300201,31698.0,创业板
SZ300841,31683.0,创业板
SH601916,31676.0,沪市主板
SZ002140,31600.0,深市主板
SH600712,31581.0,沪市主板
SZ002628,31554.0,深市主板
SZ002650,31554.0,深市主板
SZ300561,31550.0,创业板
SZ002980,31546.0,深市主板
SH603990,31533.0,沪市主板
SZ002358,31514.0,深市主板
SZ300050,31501.0,创业板
SH688327,31483.0,科创板
SH603666,31469.0,沪市主板
02498,31456.0,港股主板
SH688787,31453.0,科创板
SZ300242,31453.0,创业板
SH600713,31451.0,沪市主板
01811,31432.0,港股主板
SZ002283,31424.0,深市主板
00968,31345.0,港股主板
SZ300741,31300.0,创业板
SZ000990,31283.0,深市主板
SZ001965,31266.0,深市主板
SZ000755,31224.0,深市主板
SH603232,31215.0,沪市主板
SZ002452,31213.0,深市主板
SH601330,31195.0,沪市主板
SH603106,31178.0,沪市主板
SH603010,31168.0,沪市主板
SH600735,31168.0,沪市主板
SZ000059,31164.0,深市主板
SZ002721,31153.0,深市主板
01458,31138.0,港股主板
SZ301526,31132.0,创业板
SZ002908,31061.0,深市主板
SH603800,31032.0,沪市主板
SH603180,31029.0,沪市主板
SH603579,31023.0,沪市主板
SZ300477,31014.0,创业板
SZ000889,30990.0,深市主板
SZ000881,30958.0,深市主板
SZ002403,30945.0,深市主板
SZ000017,30935.0,深市主板
SH600909,30930.0,沪市主板
SZ002105,30926.0,深市主板
SZ002040,30878.0,深市主板
SH600361,30855.0,沪市主板
SZ000541,30847.0,深市主板
SH603599,30846.0,沪市主板
SZ002164,30840.0,深市主板
SH600616,30821.0,沪市主板
06185,30810.0,港股主板
SH603699,30806.0,沪市主板
SZ300138,30798.0,创业板
00880,30779.0,港股主板
SZ300444,30776.0,创业板
SH603122,30771.0,沪市主板
SH600644,30741.0,沪市主板
SZ300580,30730.0,创业板
02799,30728.0,港股主板
SH600757,30717.0,沪市主板
SH600358,30696.0,沪市主板
SH601588,30664.0,沪市主板
SZ002651,30660.0,深市主板
01128,30642.0,港股主板
SH600067,30628.0,沪市主板
SZ002842,30623.0,深市主板
SH600815,30581.0,沪市主板
SZ300211,30564.0,创业板
SZ300895,30550.0,创业板
SZ000048,30541.0,深市主板
SH600874,30540.0,沪市主板
SH600984,30528.0,沪市主板
SH600623,30517.0,沪市主板
SZ002451,30506.0,深市主板
SZ300180,30494.0,创业板
SH603298,30425.0,沪市主板
SH600128,30409.0,沪市主板
SH600468,30409.0,沪市主板
SH603976,30382.0,沪市主板
SZ000430,30374.0,深市主板
SZ002574,30356.0,深市主板
SZ300435,30350.0,创业板
SZ300455,30345.0,创业板
SH603660,30342.0,沪市主板
SZ002845,30323.0,深市主板
SZ000890,30289.0,深市主板
SH603693,30289.0,沪市主板
SZ000571,30273.0,深市主板
SZ301488,30273.0,创业板
03328,30264.0,港股主板
SZ002226,30241.0,深市主板
SZ000517,30234.0,深市主板
SH601068,30228.0,沪市主板
SZ300162,30217.0,创业板
SH600805,30211.0,沪市主板
SZ002946,30193.0,深市主板
SZ300403,30183.0,创业板
SH601609,30161.0,沪市主板
02099,30128.0,港股主板
SH601128,30096.0,沪市主板
SZ001286,30083.0,深市主板
SZ300096,30080.0,创业板
SH603227,30062.0,沪市主板
SZ300243,30033.0,创业板
03750,30014.0,港股主板
SZ002136,29991.0,深市主板
SZ000404,29986.0,深市主板
SZ002970,29965.0,深市主板
SZ000910,29955.0,深市主板
SZ002995,29946.0,深市主板
SH600727,29941.0,沪市主板
SZ002818,29938.0,深市主板
SH600648,29935.0,沪市主板
SZ300547,29934.0,创业板
09961,29923.0,港股主板
SZ002395,29916.0,深市主板
SH688366,29915.0,科创板
SZ000597,29911.0,深市主板
SZ002160,29895.0,深市主板
SH603368,29851.0,沪市主板
SH603066,29851.0,沪市主板
SH600007,29840.0,沪市主板
SZ300155,29831.0,创业板
SH603628,29817.0,沪市主板
00322,29799.0,港股主板
SZ002775,29784.0,深市主板
SZ000715,29764.0,深市主板
SH600807,29759.0,沪市主板
SH688385,29753.0,科创板
SH600997,29702.0,沪市主板
SH603721,29660.0,沪市主板
SZ300682,29642.0,创业板
SH605179,29639.0,沪市主板
SZ000920,29634.0,深市主板
SZ002324,29626.0,深市主板
02298,29621.0,港股主板
SH603268,29619.0,沪市主板
SZ002543,29607.0,深市主板
SH688630,29601.0,科创板
SH600973,29600.0,沪市主板
SH603713,29599.0,沪市主板
SZ300541,29593.0,创业板
SZ000563,29589.0,深市主板
SH600191,29560.0,沪市主板
SH601599,29553.0,沪市主板
SZ002828,29552.0,深市主板
SH603708,29549.0,沪市主板
SZ300765,29491.0,创业板
SZ300806,29473.0,创业板
SH688183,29463.0,科创板
SZ301377,29449.0,创业板
SZ002824,29442.0,深市主板
SZ300106,29440.0,创业板
SH600239,29432.0,沪市主板
09863,29420.0,港股主板
SH603103,29418.0,沪市主板
SZ300291,29417.0,创业板
SZ002494,29412.0,深市主板
SH688187,29373.0,科创板
SZ300542,29365.0,创业板
SH688298,29358.0,科创板
SZ000036,29350.0,深市主板
SH600180,29343.0,沪市主板
SZ300160,29332.0,创业板
SZ300164,29291.0,创业板
SH601965,29246.0,沪市主板
SH600834,29241.0,沪市主板
00788,29215.0,港股主板
09696,29214.0,港股主板
SZ000828,29195.0,深市主板
SH688088,29162.0,科创板
SZ300729,29157.0,创业板
SZ002545,29153.0,深市主板
SH600684,29112.0,沪市主板
SZ000037,29111.0,深市主板
SZ300016,29099.0,创业板
SZ000850,29097.0,深市主板
SZ300634,29073.0,创业板
SH600505,29064.0,沪市主板
SZ000906,29059.0,深市主板
SZ300127,29058.0,创业板
SZ300110,29056.0,创业板
SH600575,29029.0,沪市主板
02238,29019.0,港股主板
SH601156,28996.0,沪市主板
SZ300632,28992.0,创业板
SZ300317,28986.0,创业板
SZ002819,28976.0,深市主板
SH603088,28974.0,沪市主板
SH600429,28970.0,沪市主板
SH600234,28949.0,沪市主板
SZ002943,28931.0,深市主板
SZ000785,28912.0,深市主板
SH600543,28911.0,沪市主板
SZ000863,28896.0,深市主板
SH688608,28892.0,科创板
SZ200725,28882.0,B股
SZ002839,28868.0,深市主板
SH600785,28853.0,沪市主板
SZ002441,28788.0,深市主板
SZ300176,28785.0,创业板
SZ002399,28755.0,深市主板
SH600790,28743.0,沪市主板
SH688567,28734.0,科创板
02233,28727.0,港股主板
SH605006,28725.0,沪市主板
SH600714,28703.0,沪市主板
SZ002683,28675.0,深市主板
SH688388,28669.0,科创板
SZ002434,28664.0,深市主板
SH603767,28658.0,沪市主板
SZ002807,28650.0,深市主板
SZ002535,28640.0,深市主板
SH688099,28626.0,科创板
SH603989,28612.0,沪市主板
SH603015,28610.0,沪市主板
SH603998,28584.0,沪市主板
SH600148,28563.0,沪市主板
SH601828,28563.0,沪市主板
SH603987,28540.0,沪市主板
SZ002622,28533.0,深市主板
SZ002114,28524.0,深市主板
SZ300870,28522.0,创业板
SH603229,28492.0,沪市主板
SH600192,28490.0,沪市主板
SZ002522,28473.0,深市主板
SH688106,28472.0,科创板
SZ002066,28460.0,深市主板
SH603158,28457.0,沪市主板
SZ000545,28435.0,深市主板
SZ300148,28428.0,创业板
SZ300486,28422.0,创业板
SH600981,28405.0,沪市主板
SZ002337,28385.0,深市主板
02208,28377.0,港股主板
SZ002346,28370.0,深市主板
SZ300571,28368.0,创业板
01860,28362.0,港股主板
SZ300485,28338.0,创业板
SH601375,28334.0,沪市主板
SZ300790,28326.0,创业板
SH603029,28283.0,沪市主板
SZ300400,28277.0,创业板
SH688202,28259.0,科创板
SZ300217,28244.0,创业板
SZ002480,28241.0,深市主板
SH600822,28213.0,沪市主板
06855,28185.0,港股主板
SZ002962,28185.0,深市主板
SH605338,28182.0,沪市主板
SZ000599,28178.0,深市主板
SH600918,28158.0,沪市主板
SZ300172,28150.0,创业板
SZ002486,28146.0,深市主板
SH601515,28141.0,沪市主板
SZ301089,28134.0,创业板
SH603583,28117.0,沪市主板
SZ002034,28115.0,深市主板
02380,28106.0,港股主板
SZ300428,28090.0,创业板
SZ300422,28079.0,创业板
SZ300416,28054.0,创业板
SH600901,28041.0,沪市主板
SH603825,28028.0,沪市主板
SZ001287,28008.0,深市主板
SZ000929,27969.0,深市主板
SZ000752,27962.0,深市主板
SZ300537,27946.0,创业板
SH603600,27930.0,沪市主板
SZ002211,27902.0,深市主板
SZ300267,27881.0,创业板
SZ001337,27876.0,深市主板
SZ002758,27839.0,深市主板
SH600653,27834.0,沪市主板
SZ002755,27824.0,深市主板
SZ300737,27817.0,创业板
SZ002729,27807.0,深市主板
SH603609,27775.0,沪市主板
SH605011,27740.0,沪市主板
SZ300842,27727.0,创业板
SH600368,27694.0,沪市主板
SH600156,27692.0,沪市主板
SH603507,27689.0,沪市主板
SZ002541,27682.0,深市主板
SH600379,27667.0,沪市主板
SH603520,27661.0,沪市主板
SZ002591,27638.0,深市主板
SH601086,27621.0,沪市主板
SH603258,27617.0,沪市主板
SZ000035,27613.0,深市主板
SZ002620,27612.0,深市主板
SH603890,27612.0,沪市主板
SZ300460,27609.0,创业板
01339,27525.0,港股主板
SZ000705,27520.0,深市主板
SZ000912,27503.0,深市主板
SZ002966,27488.0,深市主板
SZ300292,27486.0,创业板
SH601136,27466.0,沪市主板
SH603897,27456.0,沪市主板
SH688321,27449.0,科创板
SZ301498,27437.0,创业板
SZ000553,27432.0,深市主板
SZ000626,27425.0,深市主板
SH601886,27419.0,沪市主板
SH600179,27367.0,沪市主板
SZ300006,27355.0,创业板
SZ300307,27336.0,创业板
01658,27333.0,港股主板
SZ002806,27300.0,深市主板
SZ002323,27284.0,深市主板
SZ300533,27284.0,创业板
SH600609,27270.0,沪市主板
SZ000757,27269.0,深市主板
SH688300,27269.0,科创板
SH600654,27254.0,沪市主板
SZ300603,27250.0,创业板
SH600222,27232.0,沪市主板
SZ300427,27221.0,创业板
01877,27217.0,港股主板
SZ300569,27183.0,创业板
SH601226,27171.0,沪市主板
SZ300792,27163.0,创业板
SZ002615,27146.0,深市主板
SZ300040,27143.0,创业板
01114,27131.0,港股主板
SH600906,27124.0,沪市主板
SH600523,27122.0,沪市主板
SZ001280,27116.0,深市主板
SZ002047,27108.0,深市主板
SH603711,27087.0,沪市主板
SH603528,27077.0,沪市主板
SH600791,27071.0,沪市主板
SH603969,27023.0,沪市主板
SZ300890,27008.0,创业板
SZ300793,26996.0,创业板
SH603032,26990.0,沪市主板
SZ002390,26983.0,深市主板
SH603530,26970.0,沪市主板
SZ300404,26967.0,创业板
SH603515,26956.0,沪市主板
SZ002054,26951.0,深市主板
SH600106,26949.0,沪市主板
SZ300809,26944.0,创业板
SZ000411,26936.0,深市主板
SH600527,26935.0,沪市主板
SH603871,26930.0,沪市主板
SZ000950,26925.0,深市主板
02367,26922.0,港股主板
SZ200596,26918.0,B股
SZ300986,26912.0,创业板
SZ000820,26908.0,深市主板
SZ300067,26884.0,创业板
SH603007,26880.0,沪市主板
SH600113,26877.0,沪市主板
SZ001267,26848.0,深市主板
SZ000045,26834.0,深市主板
SH688559,26833.0,科创板
SZ002967,26813.0,深市主板
SZ002554,26806.0,深市主板
SH603559,26800.0,沪市主板
SZ002928,26797.0,深市主板
SZ002629,26776.0,深市主板
09896,26732.0,港股主板
SZ002927,26721.0,深市主板
SZ300241,26713.0,创业板
SZ000576,26707.0,深市主板
SH603707,26691.0,沪市主板
SZ002016,26668.0,深市主板
SZ000417,26664.0,深市主板
SH600250,26595.0,沪市主板
SZ300227,26590.0,创业板
SZ002679,26583.0,深市主板
SZ002427,26577.0,深市主板
SZ300141,26533.0,创业板
SZ300107,26522.0,创业板
09922,26511.0,港股主板
SH688662,26499.0,科创板
SH688076,26497.0,科创板
00220,26485.0,港股主板
03320,26483.0,港股主板
SZ000570,26473.0,深市主板
SZ300071,26458.0,创业板
SZ300590,26437.0,创业板
SH600643,26436.0,沪市主板
SZ300510,26436.0,创业板
SZ300030,26403.0,创业板
SZ000701,26364.0,深市主板
SZ300151,26363.0,创业板
SZ002662,26342.0,深市主板
SH600593,26319.0,沪市主板
SZ300247,26316.0,创业板
SH600212,26302.0,沪市主板
SZ300913,26296.0,创业板
SZ300511,26266.0,创业板
SZ300467,26258.0,创业板
SH603225,26251.0,沪市主板
SZ002918,26248.0,深市主板
SZ002540,26230.0,深市主板
SH603052,26221.0,沪市主板
SZ300360,26205.0,创业板
00392,26168.0,港股主板
SH603789,26165.0,沪市主板
SZ300500,26128.0,创业板
SZ000619,26124.0,深市主板
SZ300157,26122.0,创业板
SZ300111,26115.0,创业板
SZ002997,26093.0,深市主板
SZ300622,26066.0,创业板
SH603042,26065.0,沪市主板
SZ301069,26064.0,创业板
SH603898,26058.0,沪市主板
SH600897,26055.0,沪市主板
SZ002575,26011.0,深市主板
SH603518,25966.0,沪市主板
SZ000090,25962.0,深市主板
SZ002732,25955.0,深市主板
SH603060,25955.0,沪市主板
SH600968,25868.0,沪市主板
SZ002086,25862.0,深市主板
SH603327,25815.0,沪市主板
SZ300473,25769.0,创业板
SH600162,25757.0,沪市主板
SZ000926,25754.0,深市主板
SZ000589,25751.0,深市主板
SZ002763,25747.0,深市主板
SZ000707,25747.0,深市主板
SH600929,25747.0,沪市主板
SH600818,25728.0,沪市主板
00316,25720.0,港股主板
SZ002388,25709.0,深市主板
SH603776,25672.0,沪市主板
SH688499,25642.0,科创板
SZ300894,25641.0,创业板
01898,25624.0,港股主板
SZ002846,25622.0,深市主板
SZ001258,25606.0,深市主板
SZ002641,25593.0,深市主板
SH600844,25581.0,沪市主板
SH605123,25578.0,沪市主板
SH600400,25566.0,沪市主板
SZ300831,25553.0,创业板
SZ300062,25547.0,创业板
SZ300011,25544.0,创业板
00570,25522.0,港股主板
SZ000655,25507.0,深市主板
SZ002072,25495.0,深市主板
SZ000720,25494.0,深市主板
02313,25493.0,港股主板
SZ301013,25454.0,创业板
SH603189,25420.0,沪市主板
02727,25411.0,港股主板
SH600802,25411.0,沪市主板
SZ300396,25404.0,创业板
SZ300593,25387.0,创业板
SZ002644,25381.0,深市主板
00354,25370.0,港股主板
SH600681,25369.0,沪市主板
SZ002843,25362.0,深市主板
SH605305,25357.0,沪市主板
SH600651,25328.0,沪市主板
SH605199,25315.0,沪市主板
SZ300095,25296.0,创业板
SH688819,25294.0,科创板
SZ002993,25271.0,深市主板
SZ002875,25270.0,深市主板
SH600136,25264.0,沪市主板
SZ002663,25257.0,深市主板
SH603021,25253.0,沪市主板
SZ000523,25217.0,深市主板
SH688213,25214.0,科创板
SZ002345,25209.0,深市主板
SZ300546,25197.0,创业板
SZ300128,25192.0,创业板
SH688200,25184.0,科创板
SZ300174,25152.0,创业板
SZ300761,25142.0,创业板
SZ300631,25126.0,创业板
SH600800,25121.0,沪市主板
SZ300578,25081.0,创业板
SZ002593,25048.0,深市主板
SH600628,25026.0,沪市主板
SZ300586,25025.0,创业板
SH603638,24977.0,沪市主板
SZ000885,24974.0,深市主板
SZ300679,24969.0,创业板
SH601900,24966.0,沪市主板
SH605277,24966.0,沪市主板
SZ000056,24928.0,深市主板
SH603803,24911.0,沪市主板
SZ002392,24901.0,深市主板
SZ002800,24896.0,深市主板
SZ000534,24894.0,深市主板
SZ300132,24889.0,创业板
SH603697,24889.0,沪市主板
SZ002678,24872.0,深市主板
06886,24871.0,港股主板
SH600758,24850.0,沪市主板
SZ002935,24848.0,深市主板
SH603439,24840.0,沪市主板
SZ002404,24831.0,深市主板
SH601702,24822.0,沪市主板
SZ002141,24818.0,深市主板
SZ002478,24787.0,深市主板
SH605133,24762.0,沪市主板
SZ300430,24757.0,创业板
SZ300953,24745.0,创业板
SZ002102,24732.0,深市主板
SZ300483,24725.0,创业板
SH600892,24711.0,沪市主板
SH600448,24704.0,沪市主板
SH600365,24691.0,沪市主板
SZ002749,24670.0,深市主板
SZ300562,24644.0,创业板
SZ002412,24642.0,深市主板
SH600753,24641.0,沪市主板
SH605077,24635.0,沪市主板
SZ000790,24635.0,深市主板
01788,24627.0,港股主板
SZ300540,24618.0,创业板
SZ300056,24614.0,创业板
SZ000813,24613.0,深市主板
SZ300140,24606.0,创业板
01208,24593.0,港股主板
SZ300066,24587.0,创业板
SZ002453,24579.0,深市主板
SZ002206,24570.0,深市主板
SH605136,24567.0,沪市主板
00358,24537.0,港股主板
SH600217,24517.0,沪市主板
SH600135,24487.0,沪市主板
00151,24479.0,港股主板
SZ300402,24462.0,创业板
SH600676,24453.0,沪市主板
00148,24439.0,港股主板
SH603050,24433.0,沪市主板
SZ300197,24432.0,创业板
SZ300616,24429.0,创业板
SZ002672,24421.0,深市主板
SH603111,24383.0,沪市主板
SZ000026,24378.0,深市主板
00027,24377.0,港股主板
SZ300279,24358.0,创业板
SZ300258,24352.0,创业板
SH688356,24347.0,科创板
SZ002730,24328.0,深市主板
SH603718,24304.0,沪市主板
SZ002199,24297.0,深市主板
SZ300642,24295.0,创业板
SH600865,24291.0,沪市主板
SH601107,24289.0,沪市主板
SZ002956,24283.0,深市主板
SZ300272,24259.0,创业板
SH600930,24258.0,沪市主板
SH688400,24256.0,科创板
SH688305,24249.0,科创板
SZ301486,24236.0,创业板
SZ002492,24231.0,深市主板
SZ002224,24220.0,深市主板
SZ301091,24219.0,创业板
SH600960,24204.0,沪市主板
SH600692,24191.0,沪市主板
SH600743,24185.0,沪市主板
SZ002301,24176.0,深市主板
SZ002479,24166.0,深市主板
SH603028,24135.0,沪市主板
SZ300545,24125.0,创业板
SH603266,24117.0,沪市主板
SZ300121,24092.0,创业板
SZ002971,24084.0,深市主板
SZ301095,24083.0,创业板
SZ002592,24061.0,深市主板
SH688568,24057.0,科创板
SH603901,24031.0,沪市主板
SZ300406,24030.0,创业板
SZ000055,24019.0,深市主板
SH600261,23997.0,沪市主板
SZ300722,23992.0,创业板
SZ300869,23991.0,创业板
SH600617,23991.0,沪市主板
SZ300859,23965.0,创业板
SZ300426,23947.0,创业板
SH688472,23945.0,科创板
SH688102,23944.0,科创板
SZ301050,23943.0,创业板
SH601368,23935.0,沪市主板
SZ002267,23927.0,深市主板
03896,23919.0,港股主板
SZ300277,23898.0,创业板
02226,23889.0,港股主板
SZ300534,23881.0,创业板
SZ000819,23851.0,深市主板
00688,23830.0,港股主板
SZ300731,23817.0,创业板
SZ300781,23816.0,创业板
SZ002278,23803.0,深市主板
SZ002134,23767.0,深市主板
SZ300488,23766.0,创业板
SH601968,23759.0,沪市主板
SZ300690,23744.0,创业板
SH603982,23740.0,沪市主板
SZ300470,23723.0,创业板
01787,23715.0,港股主板
SH605255,23705.0,沪市主板
06690,23687.0,港股主板
SZ001212,23666.0,深市主板
SZ002978,23655.0,深市主板
SH600980,23654.0,沪市主板
SH600708,23636.0,沪市主板
00302,23627.0,港股主板
SZ000679,23622.0,深市主板
SH688188,23609.0,科创板
SZ002482,23602.0,深市主板
SZ300025,23597.0,创业板
SZ300074,23592.0,创业板
SZ002397,23569.0,深市主板
SZ300835,23553.0,创业板
SH600117,23544.0,沪市主板
SZ002779,23513.0,深市主板
SZ300048,23512.0,创业板
SH600475,23484.0,沪市主板
SZ002096,23474.0,深市主板
SZ000509,23473.0,深市主板
SZ002058,23462.0,深市主板
SH600226,23454.0,沪市主板
SZ002360,23454.0,深市主板
SH600979,23428.0,沪市主板
SZ000552,23411.0,深市主板
SH600408,23401.0,沪市主板
SZ002193,23384.0,深市主板
SH605399,23361.0,沪市主板
SZ300021,23321.0,创业板
SZ300680,23314.0,创业板
SZ300788,23293.0,创业板
SZ003007,23288.0,深市主板
SH688361,23276.0,科创板
SH603355,23274.0,沪市主板
SZ300365,23264.0,创业板
SZ300585,23261.0,创业板
SZ300701,23254.0,创业板
SH601798,23253.0,沪市主板
SZ301078,23248.0,创业板
SH688003,23214.0,科创板
SH600107,23195.0,沪市主板
SH603703,23177.0,沪市主板
SZ300234,23172.0,创业板
SZ300412,23149.0,创业板
01186,23135.0,港股主板
SZ000548,23135.0,深市主板
SH603808,23134.0,沪市主板
00139,23133.0,港股主板
SZ300531,23117.0,创业板
SZ002225,23116.0,深市主板
SZ000573,23115.0,深市主板
SZ300908,23081.0,创业板
SH600814,23077.0,沪市主板
SZ000551,23062.0,深市主板
SZ300421,23061.0,创业板
SZ002203,23009.0,深市主板
SZ301200,23003.0,创业板
SH600828,22977.0,沪市主板
SH688668,22957.0,科创板
00991,22951.0,港股主板
SH600933,22941.0,沪市主板
SH603536,22939.0,沪市主板
SZ300900,22926.0,创业板
SH603566,22922.0,沪市主板
SZ002930,22908.0,深市主板
SZ300461,22902.0,创业板
SZ002289,22897.0,深市主板
SZ002546,22890.0,深市主板
SZ300975,22886.0,创业板
SH601200,22882.0,沪市主板
SZ300745,22881.0,创业板
SZ300629,22868.0,创业板
SZ300617,22867.0,创业板
SZ000557,22842.0,深市主板
SH600917,22839.0,沪市主板
SZ002445,22837.0,深市主板
SZ002810,22825.0,深市主板
SZ300254,22817.0,创业板
SZ002005,22800.0,深市主板
SZ300453,22763.0,创业板
03692,22756.0,港股主板
SZ301155,22746.0,创业板
SH600333,22733.0,沪市主板
SH605366,22705.0,沪市主板
SH600491,22704.0,沪市主板
SH603669,22702.0,沪市主板
SZ002926,22695.0,深市主板
SZ300350,22684.0,创业板
SH605488,22676.0,沪市主板
SH600512,22675.0,沪市主板
02669,22635.0,港股主板
SH600262,22621.0,沪市主板
06881,22595.0,港股主板
SZ300619,22580.0,创业板
SZ300165,22560.0,创业板
SZ002442,22557.0,深市主板
SZ300814,22544.0,创业板
SZ002722,22533.0,深市主板
SZ300080,22512.0,创业板
SZ300612,22500.0,创业板
SZ300022,22499.0,创业板
SZ300289,22498.0,创业板
SH603556,22480.0,沪市主板
SZ002187,22478.0,深市主板
SZ002021,22472.0,深市主板
SH603997,22471.0,沪市主板
SH603978,22462.0,沪市主板
00486,22462.0,港股主板
SZ002116,22462.0,深市主板
SZ000779,22431.0,深市主板
SZ300349,22430.0,创业板
SH603187,22417.0,沪市主板
SH601665,22412.0,沪市主板
SZ300240,22408.0,创业板
00520,22384.0,港股主板
01258,22383.0,港股主板
SZ300608,22360.0,创业板
SH603739,22322.0,沪市主板
SH603416,22287.0,沪市主板
SZ002909,22270.0,深市主板
SZ002748,22256.0,深市主板
SZ002991,22230.0,深市主板
SZ002688,22207.0,深市主板
SZ300219,22203.0,创业板
09688,22174.0,港股主板
03998,22170.0,港股主板
SH600493,22163.0,沪市主板
SH601177,22157.0,沪市主板
SH600626,22152.0,沪市主板
00699,22146.0,港股主板
SZ300332,22117.0,创业板
SH603869,22110.0,沪市主板
SZ300099,22108.0,创业板
SZ002637,22100.0,深市主板
SZ300584,22083.0,创业板
SH600248,22079.0,沪市主板
SZ300507,22077.0,创业板
SZ000565,22055.0,深市主板
SH603045,22014.0,沪市主板
01138,21999.0,港股主板
SZ000637,21992.0,深市主板
02357,21990.0,港股主板
SZ300269,21969.0,创业板
SZ002144,21961.0,深市主板
02388,21950.0,港股主板
SH600697,21907.0,沪市主板
SH603037,21877.0,沪市主板
SZ300589,21876.0,创业板
SZ002873,21828.0,深市主板
SZ002394,21826.0,深市主板
SZ000608,21826.0,深市主板
SH688700,21824.0,科创板
SH603357,21822.0,沪市主板
SZ002319,21816.0,深市主板
SZ002911,21813.0,深市主板
SH603020,21801.0,沪市主板
SH603113,21798.0,沪市主板
SZ300753,21788.0,创业板
SH688007,21768.0,科创板
02150,21762.0,港股主板
SZ300528,21759.0,创业板
SH600533,21751.0,沪市主板
SZ300215,21747.0,创业板
SH603100,21735.0,沪市主板
SZ300420,21704.0,创业板
SZ300712,21703.0,创业板
SZ300596,21687.0,创业板
SH600293,21679.0,沪市主板
03883,21664.0,港股主板
SH688139,21663.0,科创板
SZ002042,21661.0,深市主板
SH600829,21649.0,沪市主板
SZ300198,21614.0,创业板
SH688556,21613.0,科创板
06078,21608.0,港股主板
00696,21602.0,港股主板
SH600983,21597.0,沪市主板
SZ300004,21593.0,创业板
SH688595,21588.0,科创板
06088,21585.0,港股主板
SZ002977,21584.0,深市主板
SH603668,21584.0,沪市主板
SH603558,21566.0,沪市主板
SH600716,21566.0,沪市主板
SH600281,21558.0,沪市主板
SZ300175,21548.0,创业板
SZ003010,21526.0,深市主板
SZ003000,21517.0,深市主板
SH603999,21508.0,沪市主板
SZ002381,21506.0,深市主板
SH603809,21505.0,沪市主板
SZ301611,21496.0,创业板
09901,21491.0,港股主板
SZ002952,21456.0,深市主板
06049,21455.0,港股主板
SZ002905,21451.0,深市主板
SH600530,21441.0,沪市主板
SZ300554,21437.0,创业板
SZ300990,21430.0,创业板
02607,21414.0,港股主板
SH600689,21371.0,沪市主板
SZ000953,21369.0,深市主板
SZ300696,21356.0,创业板
SZ300903,21345.0,创业板
SZ200869,21333.0,B股
02282,21293.0,港股主板
SH601163,21292.0,沪市主板
SZ300410,21266.0,创业板
SH603968,21256.0,沪市主板
SZ002913,21245.0,深市主板
SZ300702,21233.0,创业板
01880,21210.0,港股主板
SZ002109,21188.0,深市主板
SH603848,21182.0,沪市主板
SH600894,21175.0,沪市主板
SH600620,21166.0,沪市主板
SZ300820,21157.0,创业板
SZ000632,21145.0,深市主板
SZ002476,21142.0,深市主板
SZ002521,21128.0,深市主板
SZ300335,21117.0,创业板
SH603030,21103.0,沪市主板
SZ002228,21083.0,深市主板
SZ002700,21071.0,深市主板
SH603489,21064.0,沪市主板
SZ000691,21028.0,深市主板
SZ001289,21019.0,深市主板
SZ003015,21015.0,深市主板
SH688519,21012.0,科创板
SH600463,20988.0,沪市主板
SH688108,20978.0,科创板
SH688516,20955.0,科创板
SH605099,20950.0,沪市主板
SZ300399,20927.0,创业板
SZ300091,20926.0,创业板
SZ300235,20920.0,创业板
03396,20910.0,港股主板
SZ002820,20902.0,深市主板
SZ300872,20900.0,创业板
SZ300411,20889.0,创业板
01072,20875.0,港股主板
SZ000952,20874.0,深市主板
SZ300730,20865.0,创业板
SZ003029,20863.0,深市主板
SZ300727,20840.0,创业板
SH688609,20821.0,科创板
SZ001314,20821.0,深市主板
SH688131,20816.0,科创板
SZ001389,20806.0,深市主板
SZ300856,20801.0,创业板
SZ300905,20782.0,创业板
SH688006,20778.0,科创板
SZ002840,20776.0,深市主板
SZ300187,20774.0,创业板
SZ002344,20774.0,深市主板
01666,20773.0,港股主板
SZ300374,20763.0,创业板
SH600854,20750.0,沪市主板
SH605333,20745.0,沪市主板
SH688582,20743.0,科创板
SH600780,20743.0,沪市主板
SH603933,20738.0,沪市主板
SZ300825,20735.0,创业板
SZ300237,20727.0,创业板
SZ000068,20701.0,深市主板
SZ301368,20698.0,创业板
SH688165,20685.0,科创板
SZ002322,20683.0,深市主板
SH601339,20681.0,沪市主板
SH603018,20680.0,沪市主板
SH603916,20676.0,沪市主板
SZ002420,20661.0,深市主板
SZ300210,20660.0,创业板
SZ001298,20660.0,深市主板
SZ300190,20658.0,创业板
SH601999,20652.0,沪市主板
SZ002462,20644.0,深市主板
SZ002694,20641.0,深市主板
SZ003023,20637.0,深市主板
00168,20614.0,港股主板
SZ300375,20611.0,创业板
SZ002398,20595.0,深市主板
SZ300840,20586.0,创业板
SZ300334,20583.0,创业板
SH603818,20579.0,沪市主板
SZ002990,20578.0,深市主板
SZ002712,20578.0,深市主板
SZ301085,20577.0,创业板
06699,20574.0,港股主板
SZ300925,20563.0,创业板
SH688032,20561.0,科创板
SZ002947,20555.0,深市主板
SZ002893,20550.0,深市主板
SZ300565,20537.0,创业板
SH688778,20534.0,科创板
SH601059,20528.0,沪市主板
SH601616,20517.0,沪市主板
SZ300278,20499.0,创业板
SH600833,20473.0,沪市主板
SZ300462,20467.0,创业板
SH600824,20453.0,沪市主板
SH688066,20446.0,科创板
SZ300084,20432.0,创业板
SH600337,20420.0,沪市主板
SZ002822,20417.0,深市主板
SZ002659,20413.0,深市主板
SH600322,20409.0,沪市主板
SH600719,20408.0,沪市主板
SH600370,20391.0,沪市主板
SZ000605,20389.0,深市主板
SH603877,20388.0,沪市主板
SZ002483,20385.0,深市主板
SH603191,20375.0,沪市主板
SZ300381,20363.0,创业板
03759,20353.0,港股主板
SH600159,20346.0,沪市主板
SZ301238,20344.0,创业板
SH688065,20344.0,科创板
01066,20329.0,港股主板
SH600243,20325.0,沪市主板
SH688233,20297.0,科创板
SZ300758,20292.0,创业板
SZ300384,20269.0,创业板
SH688083,20254.0,科创板
SZ000677,20254.0,深市主板
SZ301230,20252.0,创业板
SH603779,20237.0,沪市主板
SZ002831,20234.0,深市主板
SZ301292,20215.0,创业板
SH603309,20215.0,沪市主板
SZ300472,20206.0,创业板
SH688295,20203.0,科创板
SH605299,20198.0,沪市主板
SZ300739,20189.0,创业板
SZ300755,20147.0,创业板
SH605588,20141.0,沪市主板
SZ001872,20141.0,深市主板
SH603908,20138.0,沪市主板
SZ300220,20129.0,创业板
SH688208,20118.0,科创板
SH600488,20107.0,沪市主板
SZ002801,20080.0,深市主板
SZ300566,20058.0,创业板
02888,20037.0,港股主板
SZ002923,20023.0,深市主板
SZ003028,20016.0,深市主板
SZ002666,20013.0,深市主板
SH603360,19990.0,沪市主板
SH600819,19989.0,沪市主板
SZ300972,19935.0,创业板
SH603861,19921.0,沪市主板
00305,19916.0,港股主板
SZ003043,19914.0,深市主板
SZ002948,19897.0,深市主板
SZ000972,19877.0,深市主板
SZ300591,19860.0,创业板
SH600774,19840.0,沪市主板
SH600287,19826.0,沪市主板
SH688660,19825.0,科创板
SZ000529,19824.0,深市主板
SZ300582,19822.0,创业板
SH603386,19821.0,沪市主板
SH603001,19808.0,沪市主板
SZ002953,19806.0,深市主板
SZ002848,19805.0,深市主板
SZ300286,19802.0,创业板
SZ002933,19788.0,深市主板
SH688353,19787.0,科创板
SZ000803,19782.0,深市主板
SZ301123,19778.0,创业板
SH603610,19777.0,沪市主板
SZ002133,19774.0,深市主板
SH605168,19771.0,沪市主板
SZ300572,19769.0,创业板
SZ000010,19760.0,深市主板
SH600080,19746.0,沪市主板
02883,19742.0,港股主板
SZ300721,19726.0,创业板
SZ000590,19711.0,深市主板
SZ300354,19710.0,创业板
SZ300018,19707.0,创业板
SZ002638,19700.0,深市主板
SZ000096,19685.0,深市主板
SH603115,19672.0,沪市主板
SH603333,19665.0,沪市主板
01585,19663.0,港股主板
SH688031,19660.0,科创板
SZ002356,19647.0,深市主板
01113,19634.0,港股主板
SZ300076,19633.0,创业板
SZ300200,19629.0,创业板
02268,19627.0,港股主板
SH601187,19600.0,沪市主板
SH600229,19589.0,沪市主板
SH600851,19584.0,沪市主板
SH603811,19575.0,沪市主板
SH600094,19573.0,沪市主板
SH603171,19565.0,沪市主板
03898,19548.0,港股主板
SZ300829,19530.0,创业板
SH600444,19528.0,沪市主板
SH601228,19525.0,沪市主板
SH688136,19524.0,科创板
SH601077,19519.0,沪市主板
SH601860,19518.0,沪市主板
SZ300382,19498.0,创业板
SH603823,19437.0,沪市主板
SH600861,19426.0,沪市主板
SZ000663,19380.0,深市主板
SH603931,19373.0,沪市主板
SZ300609,19373.0,创业板
SZ300270,19342.0,创业板
03696,19334.0,港股主板
SH603022,19307.0,沪市主板
SH600461,19290.0,沪市主板
SZ002523,19290.0,深市主板
01958,19277.0,港股主板
SZ002391,19270.0,深市主板
SZ002671,19269.0,深市主板
03986,19260.0,港股主板
SZ300424,19243.0,创业板
SZ002377,19235.0,深市主板
SH603788,19232.0,沪市主板
01515,19232.0,港股主板
SZ300698,19222.0,创业板
SH603051,19201.0,沪市主板
SZ300464,19191.0,创业板
SZ300345,19183.0,创业板
SZ002724,19177.0,深市主板
SZ300843,19171.0,创业板
SZ300425,19151.0,创业板
SH603080,19142.0,沪市主板
SH600202,19133.0,沪市主板
SH601199,19085.0,沪市主板
SH600724,19082.0,沪市主板
SZ002917,19079.0,深市主板
SZ001215,19071.0,深市主板
SH688277,19060.0,科创板
SZ003042,19054.0,深市主板
SH600841,19042.0,沪市主板
SZ301421,19039.0,创业板
03618,19038.0,港股主板
SZ300719,19007.0,创业板
SH900948,18998.0,B股
SH603199,18993.0,沪市主板
SZ000421,18982.0,深市主板
SH688503,18973.0,科创板
SH603335,18966.0,沪市主板
02252,18961.0,港股主板
SZ000702,18950.0,深市主板
SH603339,18933.0,沪市主板
02577,18933.0,港股主板
SZ002578,18922.0,深市主板
SH600658,18919.0,沪市主板
SH600455,18914.0,沪市主板
SZ300125,18913.0,创业板
SZ002823,18912.0,深市主板
SZ002825,18907.0,深市主板
SZ300196,18890.0,创业板
SH688316,18888.0,科创板
SZ002098,18865.0,深市主板
SH688372,18863.0,科创板
SZ000407,18856.0,深市主板
SZ002989,18854.0,深市主板
SH603058,18836.0,沪市主板
SH600215,18829.0,沪市主板
SZ002992,18820.0,深市主板
SZ300105,18799.0,创业板
SH601061,18793.0,沪市主板
SZ000586,18789.0,深市主板
SZ002656,18765.0,深市主板
SH688127,18761.0,科创板
SH600382,18724.0,沪市主板
SZ002798,18720.0,深市主板
SZ300283,18701.0,创业板
SZ002877,18696.0,深市主板
SZ300194,18687.0,创业板
SZ002982,18683.0,深市主板
SZ002715,18675.0,深市主板
SZ003006,18661.0,深市主板
SH688617,18644.0,科创板
01055,18637.0,港股主板
06099,18636.0,港股主板
SH603367,18624.0,沪市主板
02158,18622.0,港股主板
02866,18600.0,港股主板
SZ301219,18584.0,创业板
SZ002835,18582.0,深市主板
SH603959,18582.0,沪市主板
09985,18561.0,港股主板
SH600097,18559.0,沪市主板
SZ000692,18555.0,深市主板
01789,18551.0,港股主板
SH688399,18549.0,科创板
SH600738,18541.0,沪市主板
SH600579,18541.0,沪市主板
00410,18529.0,港股主板
00460,18526.0,港股主板
SZ301389,18513.0,创业板
SZ200625,18509.0,B股
00384,18482.0,港股主板
SZ002793,18481.0,深市主板
SH601577,18468.0,沪市主板
SZ002357,18466.0,深市主板
SZ000659,18464.0,深市主板
SZ300969,18434.0,创业板
00371,18430.0,港股主板
SZ300910,18414.0,创业板
SH688023,18412.0,科创板
SH603630,18408.0,沪市主板
01516,18407.0,港股主板
SZ001227,18402.0,深市主板
01157,18382.0,港股主板
SZ002860,18378.0,深市主板
SH688469,18374.0,科创板
SH688425,18343.0,科创板
SH600173,18334.0,沪市主板
SH603165,18298.0,沪市主板
SZ002789,18295.0,深市主板
01896,18286.0,港股主板
SZ301031,18250.0,创业板
SH601188,18247.0,沪市主板
SH603607,18242.0,沪市主板
SZ301316,18225.0,创业板
02688,18187.0,港股主板
SZ300259,18186.0,创业板
01368,18143.0,港股主板
SH603023,18141.0,沪市主板
SZ002198,18138.0,深市主板
SZ002676,18112.0,深市主板
SZ301221,18101.0,创业板
SH603279,18082.0,沪市主板
SH688411,18077.0,科创板
SH605598,18047.0,沪市主板
SZ301301,18031.0,创业板
SH600858,18029.0,沪市主板
SZ002627,18020.0,深市主板
SZ000531,17998.0,深市主板
00753,17975.0,港股主板
SH600235,17975.0,沪市主板
SH603269,17917.0,沪市主板
SZ002159,17895.0,深市主板
SH600778,17894.0,沪市主板
SZ301306,17877.0,创业板
SZ300448,17859.0,创业板
SZ300667,17857.0,创业板
SZ300440,17844.0,创业板
SH600796,17835.0,沪市主板
SZ001206,17835.0,深市主板
SZ300419,17824.0,创业板
SZ300504,17803.0,创业板
SZ001269,17768.0,深市主板
02369,17730.0,港股主板
SH603602,17710.0,沪市主板
SH603729,17700.0,沪市主板
SH603822,17681.0,沪市主板
SH688779,17665.0,科创板
SH600560,17664.0,沪市主板
SH600939,17660.0,沪市主板
SH688206,17639.0,科创板
SZ300092,17633.0,创业板
SZ002767,17621.0,深市主板
SZ300723,17576.0,创业板
00013,17549.0,港股主板
SZ300112,17538.0,创业板
01071,17531.0,港股主板
SZ301076,17530.0,创业板
SZ301325,17517.0,创业板
SZ300707,17510.0,创业板
SH600538,17478.0,沪市主板
00751,17444.0,港股主板
SZ300861,17431.0,创业板
SH688508,17430.0,科创板
SZ002209,17430.0,深市主板
SH603038,17429.0,沪市主板
SH605296,17403.0,沪市主板
SZ002809,17403.0,深市主板
SH603722,17385.0,沪市主板
00136,17383.0,港股主板
SH688686,17378.0,科创板
SZ300167,17377.0,创业板
SZ002393,17375.0,深市主板
SZ300532,17374.0,创业板
SZ000419,17348.0,深市主板
SH605016,17346.0,沪市主板
SH603086,17338.0,沪市主板
SH603569,17336.0,沪市主板
SZ002888,17335.0,深市主板
SH688728,17334.0,科创板
SH603365,17332.0,沪市主板
SZ300705,17322.0,创业板
SZ300713,17313.0,创业板
SZ300523,17308.0,创业板
SH605108,17303.0,沪市主板
SZ300257,17297.0,创业板
SZ300560,17286.0,创业板
SZ003036,17283.0,深市主板
SH603900,17276.0,沪市主板
06066,17266.0,港股主板
SH603016,17261.0,沪市主板
01317,17213.0,港股主板
SZ000782,17209.0,深市主板
SZ300926,17202.0,创业板
SZ301101,17184.0,创业板
SZ300979,17184.0,创业板
SH603017,17180.0,沪市主板
SH603826,17177.0,沪市主板
SZ301191,17174.0,创业板
SZ000544,17173.0,深市主板
SZ300683,17163.0,创业板
SZ300414,17149.0,创业板
01776,17137.0,港股主板
SZ002566,17133.0,深市主板
00884,17119.0,港股主板
SZ300543,17105.0,创业板
SZ002910,17074.0,深市主板
SH688301,17072.0,科创板
SZ002513,17072.0,深市主板
SH603786,17068.0,沪市主板
SH600605,17053.0,沪市主板
SH603567,17050.0,沪市主板
SH603867,17043.0,沪市主板
01038,17033.0,港股主板
SZ300675,17027.0,创业板
02096,17005.0,港股主板
00868,16999.0,港股主板
00697,16982.0,港股主板
SZ300370,16979.0,创业板
SZ300513,16976.0,创业板
SH603648,16965.0,沪市主板
SZ300768,16958.0,创业板
SH688661,16957.0,科创板
00135,16928.0,港股主板
01193,16915.0,港股主板
SH603590,16911.0,沪市主板
SZ002889,16906.0,深市主板
09969,16897.0,港股主板
SH603390,16891.0,沪市主板
SH688289,16874.0,科创板
SZ002958,16873.0,深市主板
SZ002743,16869.0,深市主板
SH603211,16869.0,沪市主板
SZ000020,16866.0,深市主板
SZ000669,16859.0,深市主板
SZ002853,16844.0,深市主板
SH688580,16825.0,科创板
SZ301550,16825.0,创业板
SH688009,16796.0,科创板
SZ300275,16784.0,创业板
SH600817,16783.0,沪市主板
SZ200429,16775.0,B股
00512,16769.0,港股主板
SH603093,16768.0,沪市主板
00300,16763.0,港股主板
SH603136,16759.0,沪市主板
SZ300193,16752.0,创业板
SH601133,16748.0,沪市主板
SH900905,16747.0,B股
SZ300720,16743.0,创业板
03347,16742.0,港股主板
SZ002742,16725.0,深市主板
SH600665,16724.0,沪市主板
SH688317,16721.0,科创板
SZ300169,16714.0,创业板
SZ300445,16713.0,创业板
SZ300389,16713.0,创业板
SZ300917,16704.0,创业板
SZ002862,16669.0,深市主板
SZ300815,16644.0,创业板
SZ300767,16638.0,创业板
SZ002691,16609.0,深市主板
SZ002247,16604.0,深市主板
SH603787,16598.0,沪市主板
SH600099,16593.0,沪市主板
00694,16586.0,港股主板
SH600936,16544.0,沪市主板
SH688549,16536.0,科创板
SZ300863,16528.0,创业板
SZ301099,16523.0,创业板
SZ301211,16520.0,创业板
SZ000900,16517.0,深市主板
SH600928,16479.0,沪市主板
01112,16479.0,港股主板
06666,16477.0,港股主板
03383,16475.0,港股主板
SH601996,16460.0,沪市主板
01799,16452.0,港股主板
SZ301487,16432.0,创业板
SH688627,16426.0,科创板
SZ300997,16414.0,创业板
SZ002752,16413.0,深市主板
01800,16409.0,港股主板
01164,16402.0,港股主板
SH603278,16392.0,沪市主板
SH603608,16365.0,沪市主板
SZ300643,16353.0,创业板
SZ000007,16340.0,深市主板
SZ300659,16339.0,创业板
SH603316,16325.0,沪市主板
SH603679,16317.0,沪市主板
SZ002674,16314.0,深市主板
SZ300647,16291.0,创业板
SH603337,16284.0,沪市主板
SZ300812,16272.0,创业板
01044,16256.0,港股主板
SH603580,16256.0,沪市主板
SZ300538,16244.0,创业板
06082,16240.0,港股主板
SZ300651,16222.0,创业板
SH688626,16195.0,科创板
SZ300506,16189.0,创业板
SH688308,16166.0,科创板
SH605398,16165.0,沪市主板
06993,16155.0,港股主板
SH603311,16112.0,沪市主板
SH601279,16106.0,沪市主板
SH603208,16103.0,沪市主板
SH603889,16090.0,沪市主板
SZ300530,16086.0,创业板
SH603378,16086.0,沪市主板
SH603330,16085.0,沪市主板
SH603006,16070.0,沪市主板
SH688105,16069.0,科创板
SZ300645,16043.0,创业板
SH600469,16026.0,沪市主板
SZ002696,16020.0,深市主板
SZ000695,16018.0,深市主板
SZ002687,16008.0,深市主板
SH601963,16006.0,沪市主板
SH605289,16001.0,沪市主板
SH603977,15991.0,沪市主板
SZ300306,15980.0,创业板
SZ002282,15973.0,深市主板
SH688278,15968.0,科创板
SH605555,15952.0,沪市主板
SH605218,15945.0,沪市主板
SZ300973,15914.0,创业板
SZ002753,15913.0,深市主板
SZ300807,15911.0,创业板
SZ002760,15898.0,深市主板
SH603585,15889.0,沪市主板
SZ300786,15886.0,创业板
SH688299,15874.0,科创板
01638,15868.0,港股主板
SZ300143,15866.0,创业板
SH603110,15847.0,沪市主板
SZ301012,15841.0,创业板
01618,15838.0,港股主板
00119,15838.0,港股主板
01513,15817.0,港股主板
02666,15807.0,港股主板
SH603557,15802.0,沪市主板
SH603915,15796.0,沪市主板
SZ300385,15795.0,创业板
SH603012,15791.0,沪市主板
SZ002495,15787.0,深市主板
SH603815,15785.0,沪市主板
SZ002940,15777.0,深市主板
SZ000633,15771.0,深市主板
SH601921,15762.0,沪市主板
02328,15757.0,港股主板
SH688711,15751.0,科创板
SH600232,15746.0,沪市主板
SH603324,15741.0,沪市主板
SH603759,15717.0,沪市主板
SH688387,15712.0,科创板
SZ300320,15708.0,创业板
SZ002731,15705.0,深市主板
SZ300945,15678.0,创业板
SZ001319,15670.0,深市主板
SZ002858,15658.0,深市主板
SH603727,15654.0,沪市主板
SZ003027,15648.0,深市主板
SZ300266,15641.0,创业板
SH600725,15633.0,沪市主板
SZ300649,15621.0,创业板
SZ301120,15606.0,创业板
SZ300407,15604.0,创业板
00813,15604.0,港股主板
SH603726,15567.0,沪市主板
SZ300644,15537.0,创业板
SZ300103,15534.0,创业板
SZ002852,15533.0,深市主板
SZ300692,15532.0,创业板
SZ002879,15529.0,深市主板
SH688239,15529.0,科创板
SH600568,15521.0,沪市主板
SZ300801,15519.0,创业板
02611,15454.0,港股主板
SH688228,15453.0,科创板
SZ300522,15450.0,创业板
SZ300434,15446.0,创业板
00777,15436.0,港股主板
SZ002999,15433.0,深市主板
SZ301338,15432.0,创业板
SZ002856,15410.0,深市主板
01929,15398.0,港股主板
SH605162,15393.0,沪市主板
SZ300388,15377.0,创业板
SZ300700,15373.0,创业板
SH603389,15371.0,沪市主板
SH603013,15358.0,沪市主板
SZ301251,15357.0,创业板
SZ002634,15356.0,深市主板
SH600671,15341.0,沪市主板
SZ300853,15334.0,创业板
SH605196,15332.0,沪市主板
00546,15319.0,港股主板
SH688545,15310.0,科创板
SH600955,15304.0,沪市主板
SH600319,15292.0,沪市主板
03899,15287.0,港股主板
SH603506,15285.0,沪市主板
SZ300225,15285.0,创业板
SZ300887,15282.0,创业板
SZ300423,15279.0,创业板
SH603109,15264.0,沪市主板
SH603377,15244.0,沪市主板
SZ001201,15208.0,深市主板
SH605300,15195.0,沪市主板
SH603917,15188.0,沪市主板
SZ002955,15181.0,深市主板
SZ301052,15158.0,创业板
01302,15145.0,港股主板
SH600168,15141.0,沪市主板
SZ300941,15140.0,创业板
00806,15121.0,港股主板
SH600731,15110.0,沪市主板
SZ300239,15097.0,创业板
SH603359,15095.0,沪市主板
02689,15078.0,港股主板
SH600386,15059.0,沪市主板
00336,15054.0,港股主板
00267,15038.0,港股主板
SH601500,15038.0,沪市主板
SZ001236,15007.0,深市主板
SZ300559,15005.0,创业板
00558,15001.0,港股主板
01333,14990.0,港股主板
SH688161,14984.0,科创板
06865,14954.0,港股主板
SH603121,14940.0,沪市主板
SZ300387,14938.0,创业板
00317,14926.0,港股主板
SH605188,14924.0,沪市主板
SH603639,14919.0,沪市主板
00165,14905.0,港股主板
SZ000042,14902.0,深市主板
SZ300447,14887.0,创业板
SH601518,14874.0,沪市主板
SH688418,14873.0,科创板
SH603323,14867.0,沪市主板
09966,14863.0,港股主板
SH603657,14846.0,沪市主板
SZ301041,14840.0,创业板
SH603810,14822.0,沪市主板
SZ003037,14810.0,深市主板
SH605208,14807.0,沪市主板
00257,14805.0,港股主板
SH603176,14802.0,沪市主板
SZ300551,14798.0,创业板
SH688432,14789.0,科创板
00144,14781.0,港股主板
SH600302,14766.0,沪市主板
SZ002937,14765.0,深市主板
01478,14746.0,港股主板
SZ300967,14733.0,创业板
SZ301029,14721.0,创业板
SZ002996,14718.0,深市主板
SH603730,14697.0,沪市主板
SZ300752,14695.0,创业板
SZ300921,14688.0,创业板
SH603421,14681.0,沪市主板
SH605007,14678.0,沪市主板
SZ301580,14626.0,创业板
SZ300150,14622.0,创业板
SH603798,14603.0,沪市主板
SH603079,14593.0,沪市主板
SZ001213,14582.0,深市主板
SH603181,14572.0,沪市主板
SH603683,14569.0,沪市主板
SH603076,14568.0,沪市主板
SZ301087,14568.0,创业板
SZ301366,14566.0,创业板
SH688380,14558.0,科创板
SZ001217,14551.0,深市主板
SZ002295,14542.0,深市主板
00956,14527.0,港股主板
02460,14526.0,港股主板
SH603966,14524.0,沪市主板
SZ002200,14518.0,深市主板
SH603061,14509.0,沪市主板
00769,14501.0,港股主板
SH603958,14494.0,沪市主板
02777,14477.0,港股主板
SH603955,14469.0,沪市主板
SH600241,14467.0,沪市主板
SH600847,14458.0,沪市主板
SH601825,14457.0,沪市主板
SH603991,14447.0,沪市主板
SH688141,14426.0,科创板
SZ300946,14422.0,创业板
SH688107,14398.0,科创板
02142,14381.0,港股主板
01209,14373.0,港股主板
SZ002960,14358.0,深市主板
SH603860,14356.0,沪市主板
SZ002883,14352.0,深市主板
SZ300441,14350.0,创业板
SZ002333,14345.0,深市主板
SZ300577,14303.0,创业板
06809,14276.0,港股主板
SH603155,14274.0,沪市主板
SZ300855,14274.0,创业板
SH603163,14267.0,沪市主板
SZ300600,14263.0,创业板
SH603519,14260.0,沪市主板
SH603326,14257.0,沪市主板
SZ002880,14254.0,深市主板
SZ300305,14252.0,创业板
00297,14244.0,港股主板
SZ300686,14235.0,创业板
02259,14234.0,港股主板
SH605378,14230.0,沪市主板
SH688135,14229.0,科创板
SZ003012,14224.0,深市主板
SZ002863,14221.0,深市主板
09987,14210.0,港股主板
00975,14195.0,港股主板
SZ301413,14175.0,创业板
SZ301007,14168.0,创业板
01812,14165.0,港股主板
SH603196,14114.0,沪市主板
02050,14109.0,港股主板
SZ002723,14102.0,深市主板
SZ002951,14090.0,深市主板
SZ300588,14075.0,创业板
SZ300892,14062.0,创业板
SH603458,14054.0,沪市主板
SZ002633,14048.0,深市主板
SZ300852,14042.0,创业板
02533,13970.0,港股主板
SZ002652,13963.0,深市主板
SH605368,13927.0,沪市主板
SH688698,13920.0,科创板
SH603928,13906.0,沪市主板
02423,13898.0,港股主板
SZ002861,13894.0,深市主板
SZ300301,13885.0,创业板
SZ300824,13881.0,创业板
SH688258,13878.0,科创板
SH688020,13857.0,科创板
01053,13856.0,港股主板
SZ003018,13855.0,深市主板
03698,13854.0,港股主板
SZ301030,13851.0,创业板
SZ300658,13850.0,创业板
SH601326,13843.0,沪市主板
SZ300711,13841.0,创业板
SH603855,13823.0,沪市主板
SH601827,13817.0,沪市主板
SH600615,13790.0,沪市主板
SH603950,13780.0,沪市主板
03308,13779.0,港股主板
SZ300654,13777.0,创业板
00881,13772.0,港股主板
SZ300519,13758.0,创业板
00522,13737.0,港股主板
01276,13733.0,港股主板
SZ300875,13718.0,创业板
SH603687,13675.0,沪市主板
SH603758,13669.0,沪市主板
SZ300813,13665.0,创业板
SH603689,13662.0,沪市主板
SZ300637,13657.0,创业板
SZ300697,13653.0,创业板
SZ002849,13632.0,深市主板
SZ003025,13629.0,深市主板
SH688248,13624.0,科创板
SH688408,13601.0,科创板
SH603755,13598.0,沪市主板
SH605005,13596.0,沪市主板
SZ002983,13567.0,深市主板
SZ300771,13561.0,创业板
SZ300860,13552.0,创业板
00200,13539.0,港股主板
SZ300898,13525.0,创业板
SZ301638,13513.0,创业板
SZ001338,13492.0,深市主板
SZ001301,13489.0,深市主板
SZ300966,13441.0,创业板
03918,13432.0,港股主板
SZ003030,13426.0,深市主板
SH603701,13425.0,沪市主板
00586,13407.0,港股主板
SZ300656,13399.0,创业板
SZ002961,13396.0,深市主板
03931,13393.0,港股主板
01999,13392.0,港股主板
SZ300830,13369.0,创业板
09911,13366.0,港股主板
02696,13366.0,港股主板
SZ300871,13357.0,创业板
SZ300963,13346.0,创业板
SZ300230,13345.0,创业板
SH688306,13343.0,科创板
SH603527,13338.0,沪市主板
03319,13333.0,港股主板
SH603980,13329.0,沪市主板
SZ300195,13327.0,创业板
SH603183,13310.0,沪市主板
SZ301060,13306.0,创业板
SZ002569,13280.0,深市主板
SH688776,13271.0,科创板
SZ002826,13263.0,深市主板
SH600051,13262.0,沪市主板
SH603097,13235.0,沪市主板
SH603315,13233.0,沪市主板
06808,13222.0,港股主板
SZ301510,13220.0,创业板
SH603682,13211.0,沪市主板
SZ301169,13205.0,创业板
SZ000809,13198.0,深市主板
SZ301357,13198.0,创业板
SZ300918,13193.0,创业板
01798,13187.0,港股主板
02616,13160.0,港股主板
SZ300911,13149.0,创业板
SH688518,13147.0,科创板
SH688117,13147.0,科创板
SH605339,13146.0,沪市主板
00327,13144.0,港股主板
SH603856,13137.0,沪市主板
SZ300847,13133.0,创业板
SZ301207,13133.0,创业板
SZ300611,13115.0,创业板
SH603586,13115.0,沪市主板
SH605118,13097.0,沪市主板
SZ301302,13088.0,创业板
SZ002887,13086.0,深市主板
SH605222,13085.0,沪市主板
SZ002586,13084.0,深市主板
SZ300662,13078.0,创业板
SH688772,13073.0,科创板
SZ001283,13073.0,深市主板
SZ000985,13069.0,深市主板
00598,13067.0,港股主板
02602,13051.0,港股主板
SH603341,13038.0,沪市主板
SZ300981,13028.0,创业板
SZ002976,12976.0,深市主板
SH605266,12970.0,沪市主板
SZ301011,12967.0,创业板
SZ003001,12966.0,深市主板
SZ002936,12960.0,深市主板
SZ300937,12944.0,创业板
SH605088,12931.0,沪市主板
SZ300615,12920.0,创业板
SH603956,12898.0,沪市主板
SZ300939,12892.0,创业板
SH688155,12885.0,科创板
SH688348,12885.0,科创板
SH605116,12875.0,沪市主板
SZ300703,12863.0,创业板
SH688639,12850.0,科创板
SH603090,12850.0,沪市主板
01133,12838.0,港股主板
SZ301319,12827.0,创业板
SZ301313,12822.0,创业板
SZ300936,12795.0,创业板
SH603577,12795.0,沪市主板
SZ301058,12779.0,创业板
SZ300417,12772.0,创业板
SZ300405,12765.0,创业板
SH688097,12765.0,科创板
SZ300694,12724.0,创业板
SH603385,12723.0,沪市主板
SH688218,12715.0,科创板
SH603329,12713.0,沪市主板
02877,12706.0,港股主板
SH603261,12692.0,沪市主板
SZ300858,12654.0,创业板
SZ300716,12648.0,创业板
SH603681,12641.0,沪市主板
00780,12630.0,港股主板
03309,12629.0,港股主板
SZ300879,12625.0,创业板
SZ001318,12617.0,深市主板
SH603948,12613.0,沪市主板
SH601022,12610.0,沪市主板
SH605183,12610.0,沪市主板
SH603055,12602.0,沪市主板
SZ001207,12600.0,深市主板
SH603706,12577.0,沪市主板
01179,12565.0,港股主板
SH605100,12560.0,沪市主板
SH688591,12545.0,科创板
SZ001219,12542.0,深市主板
03738,12540.0,港股主板
SZ300780,12536.0,创业板
SZ300985,12534.0,创业板
01428,12534.0,港股主板
SZ300715,12530.0,创业板
09927,12527.0,港股主板
00934,12524.0,港股主板
SH605336,12521.0,沪市主板
SH600423,12518.0,沪市主板
SZ301373,12513.0,创业板
SZ301160,12505.0,创业板
SH600768,12482.0,沪市主板
SZ300126,12465.0,创业板
SZ301232,12462.0,创业板
SZ002921,12457.0,深市主板
SH603937,12446.0,沪市主板
SZ300819,12437.0,创业板
SZ300163,12430.0,创业板
SH688707,12427.0,科创板
SZ300746,12408.0,创业板
00670,12402.0,港股主板
SH605286,12397.0,沪市主板
SZ002790,12391.0,深市主板
00719,12385.0,港股主板
SH603615,12372.0,沪市主板
SH605258,12348.0,沪市主板
SH603213,12345.0,沪市主板
SZ300964,12322.0,创业板
00293,12306.0,港股主板
01349,12281.0,港股主板
SH688716,12281.0,科创板
SH688196,12276.0,科创板
SZ301015,12266.0,创业板
09899,12264.0,港股主板
SH605580,12251.0,沪市主板
SH605167,12243.0,沪市主板
SZ300610,12242.0,创业板
SZ300912,12241.0,创业板
SZ300218,12241.0,创业板
SZ301235,12223.0,创业板
SH688375,12221.0,科创板
SZ301150,12221.0,创业板
02869,12221.0,港股主板
SZ003038,12211.0,深市主板
06199,12196.0,港股主板
SZ300606,12189.0,创业板
03380,12185.0,港股主板
SZ300867,12179.0,创业板
SH688548,12174.0,科创板
02128,12173.0,港股主板
SZ301039,12172.0,创业板
SZ002692,12149.0,深市主板
01070,12147.0,港股主板
SZ001222,12139.0,深市主板
SH605178,12132.0,沪市主板
SZ300514,12115.0,创业板
01858,12109.0,港股主板
SZ300587,12089.0,创业板
SH603081,12072.0,沪市主板
SH603676,12072.0,沪市主板
SZ001248,12058.0,深市主板
SH603238,12056.0,沪市主板
SH603633,12043.0,沪市主板
SH603970,12029.0,沪市主板
02476,12009.0,港股主板
SH688192,11994.0,科创板
SZ300996,11991.0,创业板
SH688655,11959.0,科创板
SZ002259,11959.0,深市主板
06198,11958.0,港股主板
06127,11943.0,港股主板
SH688692,11943.0,科创板
03833,11938.0,港股主板
SH603162,11937.0,沪市主板
SH688059,11932.0,科创板
03330,11912.0,港股主板
SH603101,11911.0,沪市主板
SZ300797,11910.0,创业板
SH603459,11879.0,沪市主板
SZ301000,11877.0,创业板
03306,11870.0,港股主板
00270,11864.0,港股主板
SZ300787,11864.0,创业板
SZ300880,11848.0,创业板
SH688733,11829.0,科创板
SH603215,11826.0,沪市主板
SZ300214,11817.0,创业板
SH605060,11808.0,沪市主板
02137,11806.0,港股主板
SH603353,11796.0,沪市主板
SH603700,11796.0,沪市主板
06818,11796.0,港股主板
SZ301517,11784.0,创业板
SH605028,11776.0,沪市主板
SH688089,11773.0,科创板
SH603995,11756.0,沪市主板
SZ300069,11742.0,创业板
SZ301004,11731.0,创业板
SH603239,11714.0,沪市主板
SZ300478,11711.0,创业板
SH688798,11705.0,科创板
SH605567,11695.0,沪市主板
01361,11691.0,港股主板
SZ003020,11688.0,深市主板
SH601019,11678.0,沪市主板
SZ300885,11674.0,创业板
01876,11670.0,港股主板
01308,11662.0,港股主板
SH688323,11646.0,科创板
00116,11639.0,港股主板
SZ301046,11623.0,创业板
SH605599,11622.0,沪市主板
02171,11615.0,港股主板
SZ300943,11611.0,创业板
SZ002774,11590.0,深市主板
SH688680,11575.0,科创板
01698,11572.0,港股主板
SH603053,11561.0,沪市主板
06178,11560.0,港股主板
SZ300539,11543.0,创业板
SZ000668,11504.0,深市主板
SH688531,11491.0,科创板
SZ300952,11490.0,创业板
00123,11471.0,港股主板
02556,11457.0,港股主板
SZ301025,11453.0,创业板
SZ002919,11442.0,深市主板
01508,11431.0,港股主板
SZ300664,11428.0,创业板
SH603903,11422.0,沪市主板
SH603656,11416.0,沪市主板
SH603879,11412.0,沪市主板
00837,11411.0,港股主板
SH600927,11408.0,沪市主板
SZ300968,11380.0,创业板
02039,11375.0,港股主板
SZ300942,11359.0,创业板
00839,11338.0,港股主板
SH688326,11330.0,科创板
SH605389,11328.0,沪市主板
SH603380,11320.0,沪市主板
SZ300791,11312.0,创业板
SZ300882,11310.0,创业板
SZ301348,11306.0,创业板
SZ003033,11304.0,深市主板
SZ301327,11302.0,创业板
SH688328,11292.0,科创板
SZ300927,11265.0,创业板
SH688631,11240.0,科创板
SZ300281,11238.0,创业板
SZ301213,11237.0,创业板
SH603070,11235.0,沪市主板
00579,11225.0,港股主板
SH688229,11222.0,科创板
SZ301117,11211.0,创业板
SZ301398,11194.0,创业板
SZ301137,11149.0,创业板
SH603221,11145.0,沪市主板
SH603488,11124.0,沪市主板
SH688033,11124.0,科创板
SH688260,11107.0,科创板
SH603161,11104.0,沪市主板
SZ002899,11087.0,深市主板
SH603132,11080.0,沪市主板
SH688150,11071.0,科创板
SZ001316,11070.0,深市主板
SZ300848,11061.0,创业板
SZ001331,11060.0,深市主板
SZ002949,11041.0,深市主板
SZ003004,11020.0,深市主板
SZ300518,11015.0,创业板
SH688475,10988.0,科创板
SZ301363,10986.0,创业板
SH603717,10982.0,沪市主板
SH688010,10974.0,科创板
SH688077,10954.0,科创板
SZ002988,10953.0,深市主板
SH605169,10947.0,沪市主板
01681,10942.0,港股主板
SH605228,10920.0,沪市主板
03316,10902.0,港股主板
SZ301141,10900.0,创业板
09939,10883.0,港股主板
SZ300575,10874.0,创业板
SH603878,10874.0,沪市主板
SZ002868,10854.0,深市主板
SZ300592,10854.0,创业板
SH688615,10839.0,科创板
SZ300933,10835.0,创业板
SH688186,10833.0,科创板
SH688389,10823.0,科创板
SZ002485,10822.0,深市主板
SH603112,10809.0,沪市主板
SH603895,10808.0,沪市主板
SH601528,10798.0,沪市主板
SZ300982,10784.0,创业板
SH688085,10771.0,科创板
02469,10767.0,港股主板
02302,10764.0,港股主板
SH601568,10757.0,沪市主板
SZ300636,10752.0,创业板
02858,10751.0,港股主板
02500,10751.0,港股主板
SZ300798,10749.0,创业板
SZ301079,10748.0,创业板
SZ301291,10747.0,创业板
SZ300605,10742.0,创业板
01318,10731.0,港股主板
01773,10723.0,港股主板
SH688538,10717.0,科创板
SZ301110,10715.0,创业板
SZ002811,10709.0,深市主板
09858,10696.0,港股主板
SH603332,10688.0,沪市主板
02378,10686.0,港股主板
SH600539,10667.0,沪市主板
SZ300817,10663.0,创业板
00451,10661.0,港股主板
00337,10654.0,港股主板
00506,10648.0,港股主板
SH688601,10637.0,科创板
SZ300670,10626.0,创业板
SZ300549,10616.0,创业板
03311,10599.0,港股主板
SH688456,10597.0,科创板
SZ300816,10591.0,创业板
SZ002981,10578.0,深市主板
SZ003016,10577.0,深市主板
SH688550,10561.0,科创板
01672,10559.0,港股主板
SH601113,10545.0,沪市主板
SH605369,10518.0,沪市主板
SH605186,10514.0,沪市主板
SZ001205,10501.0,深市主板
00017,10501.0,港股主板
SH601091,10499.0,沪市主板
SZ003019,10498.0,深市主板
SH605098,10478.0,沪市主板
SH603358,10472.0,沪市主板
SH688275,10470.0,科创板
SZ300873,10450.0,创业板
01866,10446.0,港股主板
SZ300689,10434.0,创业板
SZ002817,10427.0,深市主板
SH688788,10426.0,科创板
SZ301026,10418.0,创业板
SH605066,10413.0,沪市主板
SZ003002,10413.0,深市主板
SH688172,10408.0,科创板
00434,10402.0,港股主板
SZ001296,10398.0,深市主板
01910,10371.0,港股主板
SH603511,10356.0,沪市主板
SH603551,10355.0,沪市主板
SH688159,10354.0,科创板
SH603096,10342.0,沪市主板
SZ300950,10336.0,创业板
01316,10312.0,港股主板
SZ301162,10311.0,创业板
SZ002836,10301.0,深市主板
01364,10300.0,港股主板
SH688070,10298.0,科创板
SH603637,10290.0,沪市主板
SZ301201,10280.0,创业板
SH688809,10261.0,科创板
SH603839,10258.0,沪市主板
02432,10256.0,港股主板
02525,10256.0,港股主板
03990,10224.0,港股主板
SH900932,10223.0,B股
02002,10220.0,港股主板
SH688663,10218.0,科创板
SZ002871,10218.0,深市主板
02280,10217.0,港股主板
SZ301073,10210.0,创业板
01045,10202.0,港股主板
SZ301591,10190.0,创业板
SH688717,10189.0,科创板
SH688276,10179.0,科创板
SZ002816,10177.0,深市主板
SH688022,10176.0,科创板
SH688560,10165.0,科创板
01995,10133.0,港股主板
SZ200028,10131.0,B股
SZ300976,10114.0,创业板
SH603967,10111.0,沪市主板
SZ300557,10110.0,创业板
SH603709,10104.0,沪市主板
SZ002802,10102.0,深市主板
06979,10093.0,港股主板
SH688523,10092.0,科创板
SH605001,10077.0,沪市主板
00826,10076.0,港股主板
SH603535,10072.0,沪市主板
SH601512,10071.0,沪市主板
01117,10069.0,港股主板
00177,10066.0,港股主板
SZ300512,10064.0,创业板
01415,10047.0,港股主板
09973,10045.0,港股主板
SZ301566,10034.0,创业板
SH603655,9990.0,沪市主板
00921,9989.0,港股主板
SH601096,9986.0,沪市主板
SZ301176,9982.0,创业板
SH603219,9980.0,沪市主板
SH688281,9976.0,科创板
SH688199,9976.0,科创板
SZ301226,9976.0,创业板
00710,9974.0,港股主板
SH603281,9969.0,沪市主板
SH688484,9945.0,科创板
SZ301159,9942.0,创业板
01528,9927.0,港股主板
SZ002942,9918.0,深市主板
SZ300650,9910.0,创业板
06990,9910.0,港股主板
01611,9889.0,港股主板
01167,9887.0,港股主板
SH601083,9882.0,沪市主板
SH688697,9882.0,科创板
SZ301261,9880.0,创业板
03668,9878.0,港股主板
00338,9875.0,港股主板
SH605507,9870.0,沪市主板
SZ001300,9869.0,深市主板
SZ300515,9868.0,创业板
01233,9867.0,港股主板
SH601366,9845.0,沪市主板
SH688818,9843.0,科创板
SZ301038,9830.0,创业板
SH688259,9829.0,科创板
SZ301600,9820.0,创业板
SZ300795,9818.0,创业板
02362,9817.0,港股主板
SZ300837,9815.0,创业板
SZ301153,9813.0,创业板
SZ001313,9802.0,深市主板
SZ300371,9794.0,创业板
01385,9778.0,港股主板
06693,9774.0,港股主板
01668,9753.0,港股主板
SH603059,9734.0,沪市主板
00363,9727.0,港股主板
SZ301248,9719.0,创业板
SZ300951,9716.0,创业板
SZ300961,9716.0,创业板
SZ300778,9712.0,创业板
SH603661,9710.0,沪市主板
SZ301218,9691.0,创业板
00323,9690.0,港股主板
00425,9685.0,港股主板
SZ301311,9683.0,创业板
SH603828,9680.0,沪市主板
00101,9678.0,港股主板
SZ301061,9667.0,创业板
SZ300553,9666.0,创业板
00568,9655.0,港股主板
SZ301509,9646.0,创业板
SZ300732,9645.0,创业板
00082,9635.0,港股主板
SZ300928,9633.0,创业板
00066,9613.0,港股主板
09698,9611.0,港股主板
SZ301179,9599.0,创业板
SZ300652,9598.0,创业板
03996,9584.0,港股主板
00325,9583.0,港股主板
SZ300922,9578.0,创业板
06166,9575.0,港股主板
SH605069,9565.0,沪市主板
03699,9559.0,港股主板
06821,9544.0,港股主板
SH605086,9529.0,沪市主板
SH603177,9524.0,沪市主板
SZ002973,9513.0,深市主板
02162,9512.0,港股主板
00081,9503.0,港股主板
SH601089,9499.0,沪市主板
SH688726,9491.0,科创板
SH688383,9488.0,科创板
01238,9487.0,港股主板
SZ300962,9481.0,创业板
SH603217,9474.0,沪市主板
02009,9471.0,港股主板
SZ001359,9470.0,深市主板
02005,9466.0,港股主板
SH605055,9458.0,沪市主板
00439,9440.0,港股主板
SZ300940,9435.0,创业板
SH688153,9434.0,科创板
SZ300597,9434.0,创业板
SH688378,9433.0,科创板
SH603130,9422.0,沪市主板
SZ300956,9391.0,创业板
00347,9383.0,港股主板
SZ200581,9373.0,B股
SH688311,9372.0,科创板
06880,9370.0,港股主板
SZ300891,9362.0,创业板
SZ300154,9358.0,创业板
SH688319,9346.0,科创板
03377,9337.0,港股主板
SH605068,9333.0,沪市主板
SH688510,9332.0,科创板
SZ300991,9326.0,创业板
SZ300822,9322.0,创业板
00909,9318.0,港股主板
SZ300521,9300.0,创业板
SZ300536,9299.0,创业板
SH688118,9298.0,科创板
SZ301315,9293.0,创业板
SH603036,9289.0,沪市主板
00152,9286.0,港股主板
SH603049,9285.0,沪市主板
SZ301008,9279.0,创业板
SZ300949,9263.0,创业板
SH688575,9263.0,科创板
03983,9259.0,港股主板
03393,9253.0,港股主板
01519,9251.0,港股主板
SH603277,9240.0,沪市主板
00069,9237.0,港股主板
03700,9219.0,港股主板
SH688182,9217.0,科创板
SH605080,9217.0,沪市主板
00564,9186.0,港股主板
SH688621,9178.0,科创板
SH603289,9174.0,沪市主板
SH688288,9173.0,科创板
SH605198,9172.0,沪市主板
00816,9162.0,港股主板
00016,9146.0,港股主板
00951,9135.0,港股主板
SH603499,9134.0,沪市主板
SH688797,9126.0,科创板
SH603817,9119.0,沪市主板
SH688302,9113.0,科创板
SZ301349,9108.0,创业板
SH688720,9107.0,科创板
SH688636,9095.0,科创板
SZ003041,9090.0,深市主板
SH605008,9076.0,沪市主板
SZ301206,9056.0,创业板
SZ001266,9055.0,深市主板
SZ003011,9046.0,深市主板
01755,9041.0,港股主板
SH603089,9040.0,沪市主板
00400,9036.0,港股主板
SZ301520,9018.0,创业板
SH605128,9018.0,沪市主板
SZ301299,9014.0,创业板
SZ001308,9011.0,深市主板
SH603331,9002.0,沪市主板
SH688392,9001.0,科创板
SH688605,9001.0,科创板
00485,9000.0,港股主板
SH603500,8973.0,沪市主板
SH688526,8971.0,科创板
01911,8970.0,港股主板
81810,8968.0,港股主板
06169,8957.0,港股主板
00357,8942.0,港股主板
06826,8942.0,港股主板
SH600883,8938.0,沪市主板
SH688543,8933.0,科创板
SH688478,8932.0,科创板
00855,8930.0,港股主板
SZ001306,8920.0,深市主板
SZ300321,8914.0,创业板
SH688100,8910.0,科创板
02314,8901.0,港股主板
SZ001328,8901.0,深市主板
03808,8900.0,港股主板
01091,8894.0,港股主板
SH603209,8890.0,沪市主板
SZ001391,8881.0,深市主板
SZ003003,8876.0,深市主板
SZ001399,8876.0,深市主板
SZ300959,8854.0,创业板
SH605319,8851.0,沪市主板
SZ300987,8847.0,创业板
SZ301132,8839.0,创业板
SZ301326,8833.0,创业板
01313,8827.0,港股主板
SH688279,8818.0,科创板
00639,8817.0,港股主板
SH603395,8810.0,沪市主板
SH688030,8807.0,科创板
SH600935,8790.0,沪市主板
00552,8785.0,港股主板
01963,8782.0,港股主板
00567,8769.0,港股主板
SZ300818,8768.0,创业板
03958,8732.0,港股主板
SZ301216,8726.0,创业板
SZ301428,8721.0,创业板
SZ300774,8716.0,创业板
06936,8715.0,港股主板
SZ301335,8703.0,创业板
SH603153,8700.0,沪市主板
SZ301596,8696.0,创业板
SZ301082,8692.0,创业板
00376,8690.0,港股主板
02160,8678.0,港股主板
SH603125,8678.0,沪市主板
SH603102,8675.0,沪市主板
00142,8673.0,港股主板
SZ301662,8672.0,创业板
SZ002830,8669.0,深市主板
SH603725,8646.0,沪市主板
09996,8643.0,港股主板
SH688500,8640.0,科创板
01330,8631.0,港股主板
SZ001282,8629.0,深市主板
SH688558,8626.0,科创板
SH603192,8626.0,沪市主板
02126,8621.0,港股主板
SZ301111,8620.0,创业板
SZ003017,8619.0,深市主板
SH605365,8616.0,沪市主板
SZ301017,8613.0,创业板
SH688198,8607.0,科创板
SZ300668,8600.0,创业板
SH601065,8600.0,沪市主板
SH603320,8596.0,沪市主板
SH605018,8591.0,沪市主板
SH605033,8584.0,沪市主板
03669,8574.0,港股主板
SZ301066,8568.0,创业板
SZ301267,8568.0,创业板
SH605303,8549.0,沪市主板
SZ200761,8547.0,B股
SH688212,8542.0,科创板
SH603206,8542.0,沪市主板
09903,8519.0,港股主板
SH688314,8509.0,科创板
SZ300948,8508.0,创业板
00548,8486.0,港股主板
SH603072,8475.0,沪市主板
SZ301187,8463.0,创业板
SZ301379,8457.0,创业板
SH603677,8452.0,沪市主板
02698,8450.0,港股主板
SZ300916,8447.0,创业板
SZ300695,8434.0,创业板
SH603065,8426.0,沪市主板
SZ300550,8423.0,创业板
00686,8417.0,港股主板
SZ301086,8411.0,创业板
SH603880,8399.0,沪市主板
00829,8396.0,港股主板
SH688026,8384.0,科创板
SH688015,8376.0,科创板
02001,8374.0,港股主板
SH603303,8367.0,沪市主板
SZ002968,8361.0,深市主板
SH601956,8349.0,沪市主板
00581,8345.0,港股主板
01086,8342.0,港股主板
00811,8340.0,港股主板
SH603665,8337.0,沪市主板
SH603057,8332.0,沪市主板
SH688315,8330.0,科创板
00995,8328.0,港股主板
01873,8324.0,港股主板
SZ301158,8316.0,创业板
02342,8314.0,港股主板
SH603280,8292.0,沪市主板
01199,8281.0,港股主板
SZ301259,8279.0,创业板
SZ301035,8279.0,创业板
SZ301033,8278.0,创业板
SH603617,8262.0,沪市主板
SZ301136,8255.0,创业板
SH688351,8254.0,科创板
SZ301202,8244.0,创业板
SH605050,8235.0,沪市主板
SH605180,8234.0,沪市主板
SZ301166,8232.0,创业板
SZ001379,8226.0,深市主板
00538,8219.0,港股主板
SZ300614,8218.0,创业板
SZ300878,8206.0,创业板
00006,8206.0,港股主板
00551,8206.0,港股主板
SZ301323,8203.0,创业板
SH605377,8203.0,沪市主板
SZ300555,8203.0,创业板
SZ301538,8200.0,创业板
00341,8199.0,港股主板
SH688606,8197.0,科创板
SH603193,8192.0,沪市主板
SH603351,8179.0,沪市主板
01456,8178.0,港股主板
SH600561,8165.0,沪市主板
00669,8162.0,港股主板
SH600265,8161.0,沪市主板
SZ301522,8157.0,创业板
SH603082,8129.0,沪市主板
SZ300665,8122.0,创业板
03818,8122.0,港股主板
SH688093,8121.0,科创板
09923,8101.0,港股主板
SH688652,8092.0,科创板
SH688148,8092.0,科创板
SZ301630,8090.0,创业板
SH603159,8090.0,沪市主板
SH688369,8071.0,科创板
SZ300988,8071.0,创业板
SZ301282,8057.0,创业板
00107,8048.0,港股主板
SZ001229,8027.0,深市主板
SH688687,8026.0,科创板
SH603237,8014.0,沪市主板
SZ001228,8005.0,深市主板
09898,8002.0,港股主板
SH688433,7999.0,科创板
SZ300805,7986.0,创业板
02386,7978.0,港股主板
SZ301118,7970.0,创业板
00698,7961.0,港股主板
SH688075,7956.0,科创板
SH603819,7949.0,沪市主板
SZ301009,7946.0,创业板
SH603139,7945.0,沪市主板
SH688613,7939.0,科创板
SZ301362,7937.0,创业板
03339,7935.0,港股主板
SH688786,7935.0,科创板
SZ300868,7930.0,创业板
SH688505,7915.0,科创板
SH603356,7904.0,沪市主板
SH900934,7871.0,B股
SH688590,7861.0,科创板
00085,7857.0,港股主板
03600,7850.0,港股主板
SZ300756,7848.0,创业板
SH688349,7840.0,科创板
SH603173,7836.0,沪市主板
SH603170,7826.0,沪市主板
SH603797,7825.0,沪市主板
SH601686,7820.0,沪市主板
SH603992,7819.0,沪市主板
SH688358,7814.0,科创板
SZ300884,7809.0,创业板
01057,7809.0,港股主板
SH603578,7799.0,沪市主板
00800,7795.0,港股主板
SZ301048,7793.0,创业板
SZ301010,7787.0,创业板
01234,7787.0,港股主板
00517,7785.0,港股主板
00596,7784.0,港股主板
SH688739,7784.0,科创板
SZ300935,7778.0,创业板
SH688201,7773.0,科创板
SZ300749,7750.0,创业板
SH688053,7747.0,科创板
SH603124,7741.0,沪市主板
00169,7725.0,港股主板
SZ301419,7724.0,创业板
SH603863,7723.0,沪市主板
SZ300893,7722.0,创业板
SH603829,7721.0,沪市主板
SH603226,7706.0,沪市主板
00861,7684.0,港股主板
SZ301049,7676.0,创业板
06110,7674.0,港股主板
SZ301330,7673.0,创业板
01763,7669.0,港股主板
01813,7663.0,港股主板
SH688665,7660.0,科创板
02172,7656.0,港股主板
SH688128,7651.0,科创板
SH603680,7644.0,沪市主板
SH605268,7634.0,沪市主板
SH688533,7626.0,科创板
01205,7602.0,港股主板
SH605056,7592.0,沪市主板
SH603071,7588.0,沪市主板
SH688709,7585.0,科创板
SZ301092,7568.0,创业板
00003,7561.0,港股主板
SZ301568,7558.0,创业板
SZ301408,7539.0,创业板
SH603004,7539.0,沪市主板
SH603272,7536.0,沪市主板
02155,7534.0,港股主板
SH605166,7531.0,沪市主板
SZ003013,7531.0,深市主板
SH688719,7524.0,科创板
SZ301152,7520.0,创业板
SZ300599,7516.0,创业板
09990,7516.0,港股主板
SH605138,7514.0,沪市主板
03969,7500.0,港股主板
SZ301468,7498.0,创业板
SZ301126,7491.0,创业板
SH688357,7481.0,科创板
01972,7465.0,港股主板
SH688071,7449.0,科创板
SZ301289,7437.0,创业板
SH688190,7428.0,科创板
SZ301193,7425.0,创业板
SZ301458,7416.0,创业板
SZ301208,7407.0,创业板
SH688722,7392.0,科创板
00607,7385.0,港股主板
SZ300971,7371.0,创业板
SZ300710,7371.0,创业板
02722,7363.0,港股主板
01908,7362.0,港股主板
01882,7358.0,港股主板
SH688379,7357.0,科创板
SZ301072,7354.0,创业板
00010,7342.0,港股主板
SZ301182,7340.0,创业板
00631,7334.0,港股主板
SZ301367,7331.0,创业板
00535,7330.0,港股主板
SZ300978,7327.0,创业板
01879,7314.0,港股主板
SZ301139,7309.0,创业板
01260,7304.0,港股主板
SZ301103,7290.0,创业板
01777,7278.0,港股主板
SZ301689,7272.0,创业板
SZ301266,7270.0,创业板
SH688269,7266.0,科创板
01765,7259.0,港股主板
SZ300902,7254.0,创业板
00873,7251.0,港股主板
SZ002972,7245.0,深市主板
00683,7243.0,港股主板
03788,7241.0,港股主板
01371,7231.0,港股主板
01033,7230.0,港股主板
SZ301263,7216.0,创业板
02678,7207.0,港股主板
SH603207,7199.0,沪市主板
SZ301371,7197.0,创业板
SH603768,7194.0,沪市主板
SZ301255,7190.0,创业板
SZ301270,7188.0,创业板
00179,7182.0,港股主板
SH688682,7178.0,科创板
SH603685,7171.0,沪市主板
SZ301678,7158.0,创业板
03650,7152.0,港股主板
SH688101,7151.0,科创板
SZ300995,7139.0,创业板
SH603033,7126.0,沪市主板
SH601121,7126.0,沪市主板
SZ301175,7126.0,创业板
SZ301055,7117.0,创业板
SH688011,7116.0,科创板
SZ301239,7113.0,创业板
SH688689,7109.0,科创板
SZ300881,7105.0,创业板
01132,7103.0,港股主板
01769,7102.0,港股主板
SZ300993,7099.0,创业板
SH605287,7091.0,沪市主板
SZ301001,7088.0,创业板
SZ001268,7080.0,深市主板
SH603836,7079.0,沪市主板
03317,7078.0,港股主板
00002,7073.0,港股主板
SZ001299,7071.0,深市主板
SZ301215,7071.0,创业板
07489,7067.0,港股主板
SZ301022,7066.0,创业板
01778,7062.0,港股主板
SZ301116,7058.0,创业板
SZ301178,7056.0,创业板
00382,7055.0,港股主板
SH605189,7049.0,沪市主板
SZ300621,7048.0,创业板
SZ001311,7044.0,深市主板
01848,7027.0,港股主板
01061,7022.0,港股主板
SZ300594,7022.0,创业板
SZ300635,7021.0,创业板
SZ301199,7020.0,创业板
SH688586,7016.0,科创板
SZ301318,7009.0,创业板
SH603216,7008.0,沪市主板
SZ301607,7002.0,创业板
SH603273,6997.0,沪市主板
SH688058,6990.0,科创板
SZ300915,6990.0,创业板
08123,6963.0,港股GEM
SZ001323,6955.0,深市主板
SH688376,6936.0,科创板
00576,6926.0,港股主板
06955,6925.0,港股主板
SH603922,6925.0,沪市主板
SH688522,6924.0,科创板
03666,6923.0,港股主板
SH900926,6916.0,B股
SH688551,6912.0,科创板
SH603926,6911.0,沪市主板
SH605151,6907.0,沪市主板
02121,6906.0,港股主板
SH688189,6884.0,科创板
02038,6883.0,港股主板
SZ300743,6879.0,创业板
SZ301577,6874.0,创业板
09606,6870.0,港股主板
02510,6859.0,港股主板
06068,6852.0,港股主板
SH603255,6837.0,沪市主板
03877,6833.0,港股主板
SH688080,6829.0,科创板
00732,6828.0,港股主板
02255,6825.0,港股主板
SZ300839,6825.0,创业板
SH688589,6823.0,科创板
01980,6820.0,港股主板
SZ001360,6816.0,深市主板
09979,6811.0,港股主板
SZ301070,6808.0,创业板
SZ301190,6806.0,创业板
01717,6802.0,港股主板
02552,6796.0,港股主板
SZ300864,6792.0,创业板
SZ300736,6782.0,创业板
SZ300845,6781.0,创业板
SH688280,6779.0,科创板
SZ300564,6768.0,创业板
00272,6766.0,港股主板
00754,6753.0,港股主板
SZ300626,6741.0,创业板
SZ301383,6741.0,创业板
00467,6735.0,港股主板
SH688801,6733.0,科创板
SZ300932,6732.0,创业板
SZ001288,6724.0,深市主板
SH603344,6720.0,沪市主板
09869,6718.0,港股主板
SZ002857,6715.0,深市主板
SH603048,6707.0,沪市主板
SZ301023,6703.0,创业板
SZ300909,6681.0,创业板
SZ301002,6680.0,创业板
02057,6678.0,港股主板
00320,6677.0,港股主板
SZ301149,6673.0,创业板
SZ300970,6669.0,创业板
SH688443,6666.0,科创板
SH603408,6661.0,沪市主板
SZ301256,6660.0,创业板
SZ301231,6636.0,创业板
SZ301121,6627.0,创业板
SH688055,6614.0,科创板
00815,6609.0,港股主板
SH688359,6596.0,科创板
00604,6590.0,港股主板
00636,6587.0,港股主板
06655,6583.0,港股主板
SH688290,6577.0,科创板
SZ002872,6574.0,深市主板
SZ301328,6573.0,创业板
01477,6568.0,港股主板
SZ301168,6559.0,创业板
SZ301090,6549.0,创业板
SH688656,6546.0,科创板
SZ001255,6544.0,深市主板
SZ301556,6543.0,创业板
SZ300930,6532.0,创业板
SH688625,6524.0,科创板
03301,6512.0,港股主板
00308,6503.0,港股主板
01119,6487.0,港股主板
SH688767,6474.0,科创板
00197,6471.0,港股主板
00182,6467.0,港股主板
SZ001210,6458.0,深市主板
SH688529,6448.0,科创板
08246,6447.0,港股GEM
00052,6447.0,港股主板
SZ300907,6444.0,创业板
SZ301220,6439.0,创业板
SZ301157,6431.0,创业板
SZ001376,6427.0,深市主板
00743,6425.0,港股主板
SZ002998,6408.0,深市主板
01098,6400.0,港股主板
01541,6392.0,港股主板
SZ002986,6390.0,深市主板
SZ301360,6387.0,创业板
03378,6379.0,港股主板
SZ301036,6374.0,创业板
SH603150,6371.0,沪市主板
SH688191,6361.0,科创板
SH688539,6350.0,科创板
SZ301040,6339.0,创业板
00411,6338.0,港股主板
06998,6337.0,港股主板
02343,6333.0,港股主板
06613,6329.0,港股主板
SZ301131,6322.0,创业板
SZ301028,6303.0,创业板
00805,6294.0,港股主板
SH688360,6293.0,科创板
SZ003008,6292.0,深市主板
00657,6290.0,港股主板
01108,6289.0,港股主板
00856,6288.0,港股主板
SH688227,6286.0,科创板
SH603790,6280.0,沪市主板
SZ001202,6257.0,深市主板
SH688439,6255.0,科创板
SH688386,6254.0,科创板
06651,6246.0,港股主板
02145,6240.0,港股主板
01521,6238.0,港股主板
SZ300717,6238.0,创业板
SH603095,6231.0,沪市主板
SH688577,6210.0,科创板
SH688768,6203.0,科创板
00419,6200.0,港股主板
SZ001209,6198.0,深市主板
02617,6195.0,港股主板
06288,6191.0,港股主板
SZ301717,6186.0,创业板
SZ301696,6182.0,创业板
02198,6181.0,港股主板
SH603909,6170.0,沪市主板
06123,6167.0,港股主板
SZ301138,6163.0,创业板
SH688226,6145.0,科创板
SH688219,6142.0,科创板
SZ301212,6135.0,创业板
SZ300977,6119.0,创业板
02157,6118.0,港股主板
SH900911,6116.0,B股
03337,6105.0,港股主板
SZ301603,6104.0,创业板
SH688216,6096.0,科创板
01165,6091.0,港股主板
SH688255,6087.0,科创板
SH603813,6086.0,沪市主板
SZ301020,6080.0,创业板
SZ300994,6076.0,创业板
00031,6075.0,港股主板
SZ301479,6070.0,创业板
SZ301310,6064.0,创业板
SZ301281,6056.0,创业板
06680,6054.0,港股主板
02016,6049.0,港股主板
SZ001380,6044.0,深市主板
SH688307,6042.0,科创板
SZ300509,6037.0,创业板
01104,6033.0,港股主板
01696,6024.0,港股主板
00667,6021.0,港股主板
SZ301499,6018.0,创业板
SZ301589,6018.0,创业板
SZ301500,6017.0,创业板
SZ300800,5999.0,创业板
SZ301280,5992.0,创业板
SZ300998,5989.0,创业板
SZ300625,5980.0,创业板
SZ301336,5978.0,创业板
00818,5969.0,港股主板
03399,5956.0,港股主板
SZ301042,5956.0,创业板
SZ300640,5954.0,创业板
SH688552,5953.0,科创板
SZ300904,5944.0,创业板
SZ301501,5943.0,创业板
SZ301129,5942.0,创业板
SH688393,5931.0,科创板
01691,5921.0,港股主板
SZ300877,5919.0,创业板
SH688157,5915.0,科创板
SH688087,5915.0,科创板
00012,5913.0,港股主板
SZ300980,5911.0,创业板
06896,5900.0,港股主板
SZ301161,5893.0,创业板
SZ301016,5893.0,创业板
00218,5888.0,港股主板
SZ301551,5886.0,创业板
SH688721,5885.0,科创板
SZ200488,5876.0,B股
SH688583,5869.0,科创板
02197,5852.0,港股主板
SH603135,5848.0,沪市主板
03288,5847.0,港股主板
SZ301333,5844.0,创业板
SZ001223,5843.0,深市主板
03836,5830.0,港股主板
00038,5821.0,港股主板
02507,5820.0,港股主板
SZ301177,5811.0,创业板
SZ001332,5811.0,深市主板
SZ301439,5806.0,创业板
02588,5803.0,港股主板
09887,5802.0,港股主板
SH603375,5801.0,沪市主板
SZ301258,5800.0,创业板
02273,5798.0,港股主板
SZ301228,5797.0,创业板
01083,5793.0,港股主板
SZ300823,5791.0,创业板
SZ300989,5785.0,创业板
03360,5783.0,港股主板
SH688345,5778.0,科创板
00133,5771.0,港股主板
SH688330,5764.0,科创板
SZ301093,5754.0,创业板
06158,5747.0,港股主板
SZ300958,5746.0,创业板
SZ301361,5746.0,创业板
SZ300517,5743.0,创业板
SZ301322,5741.0,创业板
02051,5740.0,港股主板
SH605298,5731.0,沪市主板
SZ301262,5717.0,创业板
SH603321,5713.0,沪市主板
SH603291,5699.0,沪市主板
SZ300965,5697.0,创业板
SZ001324,5695.0,深市主板
SZ301618,5690.0,创业板
01913,5689.0,港股主板
SH605177,5688.0,沪市主板
SZ300826,5687.0,创业板
06806,5675.0,港股主板
01022,5657.0,港股主板
SH603175,5656.0,沪市主板
SZ301563,5655.0,创业板
SH688727,5645.0,科创板
02517,5642.0,港股主板
SZ300833,5637.0,创业板
08269,5635.0,港股GEM
SH688435,5631.0,科创板
SZ200505,5627.0,B股
SZ301234,5622.0,创业板
SZ301172,5620.0,创业板
SZ301260,5610.0,创业板
01733,5610.0,港股主板
SH688588,5605.0,科创板
02279,5597.0,港股主板
SH605122,5595.0,沪市主板
SZ001239,5592.0,深市主板
SZ300992,5581.0,创业板
SZ001257,5578.0,深市主板
SZ301268,5576.0,创业板
01051,5571.0,港股主板
00590,5567.0,港股主板
SZ301656,5565.0,创业板
01405,5555.0,港股主板
SZ301075,5550.0,创业板
02256,5548.0,港股主板
SZ300583,5548.0,创业板
SH688173,5539.0,科创板
00547,5538.0,港股主板
SZ301628,5538.0,创业板
SH688410,5526.0,科创板
SZ301592,5519.0,创业板
SZ301109,5519.0,创业板
02188,5516.0,港股主板
SZ300931,5495.0,创业板
SH688667,5495.0,科创板
00178,5482.0,港股主板
SH688737,5476.0,科创板
SZ301617,5467.0,创业板
SZ301529,5463.0,创业板
SZ301387,5462.0,创业板
SZ001400,5459.0,深市主板
SZ301209,5452.0,创业板
SH688162,5449.0,科创板
03939,5447.0,港股主板
01052,5441.0,港股主板
SH600925,5438.0,沪市主板
06660,5435.0,港股主板
00895,5434.0,港股主板
SZ301337,5434.0,创业板
SZ301246,5423.0,创业板
00525,5421.0,港股主板
SZ300947,5411.0,创业板
SH688670,5409.0,科创板
SZ301397,5406.0,创业板
SZ301077,5406.0,创业板
SH603137,5402.0,沪市主板
00508,5401.0,港股主板
SZ301278,5388.0,创业板
00087,5388.0,港股主板
SZ300886,5381.0,创业板
02631,5376.0,港股主板
SH688419,5374.0,科创板
SH605259,5371.0,沪市主板
SH688398,5363.0,科创板
SH605158,5360.0,沪市主板
SZ300960,5355.0,创业板
SZ300899,5355.0,创业板
01725,5353.0,港股主板
01252,5348.0,港股主板
SH900942,5345.0,B股
09699,5344.0,港股主板
SZ301571,5344.0,创业板
SZ301083,5343.0,创业板
SZ300906,5339.0,创业板
06996,5329.0,港股主板
00543,5329.0,港股主板
02522,5327.0,港股主板
SH688051,5318.0,科创板
02555,5313.0,港股主板
03868,5299.0,港股主板
02100,5288.0,港股主板
00580,5287.0,港股主板
SH688793,5285.0,科创板
06601,5283.0,港股主板
01268,5283.0,港股主板
SH688246,5282.0,科创板
SH688486,5275.0,科创板
SH605318,5269.0,沪市主板
SZ300955,5267.0,创业板
SZ200726,5264.0,B股
00709,5262.0,港股主板
00625,5261.0,港股主板
SH605155,5256.0,沪市主板
SH605500,5254.0,沪市主板
01768,5252.0,港股主板
09959,5251.0,港股主板
01003,5243.0,港股主板
00606,5241.0,港股主板
SZ301252,5231.0,创业板
SZ301189,5230.0,创业板
01280,5218.0,港股主板
SZ301112,5216.0,创业板
01029,5203.0,港股主板
02660,5202.0,港股主板
SZ301067,5201.0,创业板
00365,5190.0,港股主板
00340,5184.0,港股主板
01675,5181.0,港股主板
00004,5179.0,港股主板
SZ301063,5179.0,创业板
SZ301622,5177.0,创业板
02590,5167.0,港股主板
00303,5163.0,港股主板
SZ300844,5146.0,创业板
02168,5142.0,港股主板
01651,5139.0,港股主板
SZ301658,5133.0,创业板
SZ200012,5124.0,B股
01388,5116.0,港股主板
01565,5115.0,港股主板
SH605566,5108.0,沪市主板
SZ201872,5105.0,B股
SZ301277,5103.0,创业板
00573,5091.0,港股主板
01203,5090.0,港股主板
02120,5088.0,港股主板
00321,5087.0,港股主板
01883,5086.0,港股主板
SH688619,5082.0,科创板
SZ300865,5081.0,创业板
02008,5076.0,港股主板
00822,5068.0,港股主板
SH688232,5053.0,科创板
SH688789,5040.0,科创板
SZ001322,5036.0,深市主板
09983,5030.0,港股主板
03398,5028.0,港股主板
SZ301516,5018.0,创业板
01628,5013.0,港股主板
01250,5012.0,港股主板
00978,5012.0,港股主板
03382,5009.0,港股主板
SZ301003,5005.0,创业板
SZ301321,5003.0,创业板
01277,5001.0,港股主板
00326,4999.0,港股主板
SZ301151,4995.0,创业板
01729,4988.0,港股主板
SH688566,4986.0,科创板
SZ001366,4986.0,深市主板
SZ301380,4984.0,创业板
SZ301210,4983.0,创业板
SZ002890,4982.0,深市主板
SH688648,4974.0,科创板
09658,4973.0,港股主板
SZ301229,4971.0,创业板
SZ301381,4969.0,创业板
SH688796,4956.0,科创板
SH603373,4947.0,沪市主板
00894,4944.0,港股主板
SZ301032,4917.0,创业板
00587,4909.0,港股主板
SH688758,4900.0,科创板
SZ301399,4890.0,创业板
SH688563,4879.0,科创板
SH688633,4879.0,科创板
SH688557,4874.0,科创板
00666,4865.0,港股主板
SH688669,4861.0,科创板
SZ301508,4856.0,创业板
SH688579,4849.0,科创板
08292,4847.0,港股GEM
03366,4846.0,港股主板
00869,4845.0,港股主板
SH603275,4842.0,沪市主板
SH688156,4841.0,科创板
SZ301285,4819.0,创业板
01970,4817.0,港股主板
SZ301133,4813.0,创业板
SZ001368,4805.0,深市主板
SZ301565,4800.0,创业板
SH688581,4799.0,科创板
SZ301127,4796.0,创业板
00019,4795.0,港股主板
SH688496,4784.0,科创板
SH688273,4770.0,科创板
01571,4768.0,港股主板
00832,4764.0,港股主板
SZ301459,4763.0,创业板
SZ301024,4762.0,创业板
SZ301682,4758.0,创业板
SZ301108,4753.0,创业板
00716,4752.0,港股主板
01728,4738.0,港股主板
02390,4736.0,港股主板
SZ301130,4731.0,创业板
SH603201,4727.0,沪市主板
02488,4725.0,港股主板
SZ300669,4724.0,创业板
SH603257,4719.0,沪市主板
SZ301339,4718.0,创业板
00611,4715.0,港股主板
SH688230,4712.0,科创板
00553,4711.0,港股主板
SH688517,4705.0,科创板
00068,4699.0,港股主板
SH603325,4697.0,沪市主板
09636,4695.0,港股主板
SH900910,4688.0,B股
02105,4666.0,港股主板
01137,4663.0,港股主板
00296,4663.0,港股主板
SH688078,4659.0,科创板
02880,4653.0,港股主板
SZ001259,4641.0,深市主板
SH601033,4637.0,沪市主板
SZ300796,4636.0,创业板
SH603312,4634.0,沪市主板
SZ301558,4633.0,创业板
SZ301665,4631.0,创业板
02714,4628.0,港股主板
SZ300808,4623.0,创业板
01382,4613.0,港股主板
SZ200550,4598.0,B股
02465,4592.0,港股主板
02598,4589.0,港股主板
SZ301185,4586.0,创业板
00750,4581.0,港股主板
09909,4576.0,港股主板
01282,4574.0,港股主板
SZ001238,4571.0,深市主板
09690,4569.0,港股主板
SZ200029,4566.0,B股
SH603407,4565.0,沪市主板
SH688813,4564.0,科创板
SZ300789,4557.0,创业板
SZ301135,4554.0,创业板
06622,4554.0,港股主板
SH603041,4552.0,沪市主板
SH605003,4552.0,沪市主板
SZ301275,4550.0,创业板
SZ200539,4538.0,B股
01635,4532.0,港股主板
00412,4530.0,港股主板
08095,4530.0,港股GEM
SZ301378,4525.0,创业板
SZ300876,4521.0,创业板
SZ301051,4519.0,创业板
SZ300535,4517.0,创业板
09989,4505.0,港股主板
SH688282,4503.0,科创板
06608,4501.0,港股主板
SZ300929,4499.0,创业板
SZ300883,4499.0,创业板
SH900912,4498.0,B股
00621,4490.0,港股主板
SZ301059,4489.0,创业板
SZ300901,4484.0,创业板
08279,4483.0,港股GEM
02138,4483.0,港股主板
01569,4481.0,港股主板
SZ301512,4481.0,创业板
01181,4479.0,港股主板
SH688203,4479.0,科创板
06823,4476.0,港股主板
02355,4462.0,港股主板
00536,4459.0,港股主板
SZ301122,4458.0,创业板
SH900936,4458.0,B股
SH688225,4455.0,科创板
SH603248,4451.0,沪市主板
07666,4446.0,港股主板
00232,4440.0,港股主板
SZ301305,4434.0,创业板
00440,4402.0,港股主板
SH603062,4401.0,沪市主板
06600,4399.0,港股主板
SZ301317,4397.0,创业板
01966,4395.0,港股主板
SH688325,4389.0,科创板
SH688659,4388.0,科创板
06100,4382.0,港股主板
SH603350,4375.0,沪市主板
02638,4375.0,港股主板
01661,4373.0,港股主板
SH688004,4358.0,科创板
00635,4357.0,港股主板
03369,4355.0,港股主板
02068,4354.0,港股主板
SZ001367,4344.0,深市主板
SH688061,4326.0,科创板
01432,4325.0,港股主板
SH688310,4318.0,科创板
SZ001218,4312.0,深市主板
08007,4310.0,港股GEM
SH603190,4301.0,沪市主板
00060,4297.0,港股主板
SH688236,4296.0,科创板
SH688593,4296.0,科创板
03318,4292.0,港股主板
01036,4292.0,港股主板
SH688045,4290.0,科创板
00950,4290.0,港股主板
SZ300920,4272.0,创业板
02192,4272.0,港股主板
SH900916,4270.0,B股
SZ301376,4269.0,创业板
01686,4269.0,港股主板
SH688253,4265.0,科创板
SZ301518,4263.0,创业板
SZ301119,4249.0,创业板
00863,4246.0,港股主板
SH688708,4238.0,科创板
SZ001356,4218.0,深市主板
SH688021,4216.0,科创板
SZ301555,4198.0,创业板
SH688501,4194.0,科创板
01293,4194.0,港股主板
SH603271,4187.0,沪市主板
89988,4173.0,港股主板
SH688607,4157.0,科创板
02170,4151.0,港股主板
SZ301180,4151.0,创业板
SZ001279,4150.0,深市主板
00703,4148.0,港股主板
01075,4147.0,港股主板
SZ301181,4147.0,创业板
02285,4147.0,港股主板
SH603402,4146.0,沪市主板
SH603091,4144.0,沪市主板
SH603307,4137.0,沪市主板
02026,4133.0,港股主板
02768,4128.0,港股主板
00173,4125.0,港股主板
00844,4124.0,港股主板
SZ300889,4122.0,创业板
03662,4121.0,港股主板
01712,4117.0,港股主板
02190,4108.0,港股主板
SH688489,4104.0,科创板
SZ001221,4101.0,深市主板
06683,4095.0,港股主板
09885,4093.0,港股主板
SZ301019,4090.0,创业板
00258,4089.0,港股主板
08225,4088.0,港股GEM
SZ301233,4075.0,创业板
SH603194,4064.0,沪市主板
SZ300834,4063.0,创业板
02718,4059.0,港股主板
SH688057,4058.0,科创板
SZ301390,4055.0,创业板
SZ200026,4054.0,B股
SZ301167,4052.0,创业板
00638,4041.0,港股主板
SH900902,4041.0,B股
01899,4039.0,港股主板
SH688211,4036.0,科创板
SZ301548,4033.0,创业板
SH688710,4024.0,科创板
06656,4021.0,港股主板
SH688569,4016.0,科创板
00008,4006.0,港股主板
SH688693,4003.0,科创板
02245,3995.0,港股主板
SZ001369,3987.0,深市主板
SZ300897,3986.0,创业板
SZ301288,3979.0,创业板
00628,3978.0,港股主板
SZ300854,3967.0,创业板
SH603107,3952.0,沪市主板
SZ301283,3938.0,创业板
06626,3920.0,港股主板
00242,3919.0,港股主板
SH688151,3918.0,科创板
SZ301163,3918.0,创业板
SZ200017,3917.0,B股
SZ301505,3904.0,创业板
SH688252,3899.0,科创板
01310,3889.0,港股主板
01997,3888.0,港股主板
00661,3888.0,港股主板
03678,3887.0,港股主板
00029,3881.0,港股主板
SH688511,3877.0,科创板
06839,3871.0,港股主板
01599,3868.0,港股主板
SH603235,3861.0,沪市主板
SZ301533,3855.0,创业板
SZ301567,3855.0,创业板
00528,3848.0,港股主板
01907,3841.0,港股主板
02136,3840.0,港股主板
SH688231,3837.0,科创板
SH688355,3836.0,科创板
01152,3824.0,港股主板
01358,3824.0,港股主板
SZ301006,3822.0,创业板
02889,3821.0,港股主板
SH688373,3813.0,科创板
00999,3807.0,港股主板
03913,3807.0,港股主板
08158,3804.0,港股GEM
SH688098,3802.0,科创板
03858,3795.0,港股主板
03315,3792.0,港股主板
00318,3791.0,港股主板
SH688565,3782.0,科创板
SZ301300,3777.0,创业板
00098,3766.0,港股主板
09928,3766.0,港股主板
SZ001373,3760.0,深市主板
SH688329,3757.0,科创板
01499,3757.0,港股主板
SH603182,3756.0,沪市主板
SZ300849,3753.0,创业板
SH603014,3751.0,沪市主板
SZ301237,3749.0,创业板
SZ301088,3737.0,创业板
SH688247,3734.0,科创板
SZ301588,3731.0,创业板
08267,3730.0,港股GEM
SH688573,3726.0,科创板
00127,3725.0,港股主板
06889,3724.0,港股主板
00253,3721.0,港股主板
SH688448,3721.0,科创板
SZ301631,3715.0,创业板
SZ200011,3711.0,B股
09678,3709.0,港股主板
00717,3707.0,港股主板
01616,3703.0,港股主板
02222,3690.0,港股主板
SZ301331,3678.0,创业板
00484,3675.0,港股主板
03601,3666.0,港股主板
SH688309,3661.0,科创板
SH688081,3649.0,科创板
SH603172,3644.0,沪市主板
01475,3643.0,港股主板
SH688512,3643.0,科创板
01837,3636.0,港股主板
SH688334,3635.0,科创板
SZ301531,3630.0,创业板
SH688335,3625.0,科创板
SH688618,3618.0,科创板
SZ300838,3617.0,创业板
SZ001278,3611.0,深市主板
SH603285,3610.0,沪市主板
SH688468,3604.0,科创板
SH688371,3597.0,科创板
00565,3596.0,港股主板
09980,3596.0,港股主板
01890,3590.0,港股主板
SZ001260,3582.0,深市主板
SZ301507,3581.0,创业板
00926,3581.0,港股主板
02648,3577.0,港股主板
02219,3576.0,港股主板
SH900946,3572.0,B股
00374,3559.0,港股主板
02356,3555.0,港股主板
00931,3553.0,港股主板
08179,3552.0,港股GEM
SH603231,3550.0,沪市主板
00882,3548.0,港股主板
SH603120,3545.0,沪市主板
SH688611,3545.0,科创板
SH688084,3545.0,科创板
SH688130,3543.0,科创板
00866,3541.0,港股主板
SZ001231,3533.0,深市主板
SH603282,3525.0,沪市主板
SH603381,3512.0,沪市主板
00834,3509.0,港股主板
SZ301156,3508.0,创业板
SZ301195,3501.0,创业板
SH603435,3499.0,沪市主板
01037,3486.0,港股主板
SH688597,3477.0,科创板
02315,3473.0,港股主板
01523,3471.0,港股主板
06988,3467.0,港股主板
00196,3461.0,港股主板
SZ001256,3461.0,深市主板
SH603202,3452.0,沪市主板
SH601112,3433.0,沪市主板
SZ301100,3432.0,创业板
SZ301265,3432.0,创业板
SH601026,3429.0,沪市主板
00658,3426.0,港股主板
SZ001333,3419.0,深市主板
02012,3408.0,港股主板
SH900938,3404.0,B股
SH900906,3386.0,B股
SZ001390,3379.0,深市主板
02589,3376.0,港股主板
02257,3373.0,港股主板
01384,3365.0,港股主板
00511,3363.0,港股主板
SH688272,3363.0,科创板
SZ200512,3360.0,B股
01300,3357.0,港股主板
SZ301062,3353.0,创业板
SZ301098,3350.0,创业板
02419,3350.0,港股主板
01836,3333.0,港股主板
SH688562,3328.0,科创板
SH688377,3328.0,科创板
02048,3326.0,港股主板
00952,3322.0,港股主板
SZ301667,3320.0,创业板
00746,3320.0,港股主板
SZ301053,3317.0,创业板
02391,3314.0,港股主板
00637,3310.0,港股主板
SH688096,3309.0,科创板
SZ301365,3307.0,创业板
SH603092,3305.0,沪市主板
SH688485,3304.0,科创板
06138,3303.0,港股主板
00650,3300.0,港股主板
01065,3295.0,港股主板
02276,3294.0,港股主板
SZ301388,3294.0,创业板
SH688113,3293.0,科创板
SZ301043,3291.0,创业板
03636,3291.0,港股主板
00330,3289.0,港股主板
06628,3279.0,港股主板
03978,3275.0,港股主板
SH900940,3275.0,B股
SZ301286,3272.0,创业板
SZ200030,3272.0,B股
SZ301356,3268.0,创业板
06603,3268.0,港股主板
SZ001285,3264.0,深市主板
00807,3262.0,港股主板
00842,3253.0,港股主板
02878,3253.0,港股主板
06989,3250.0,港股主板
00061,3241.0,港股主板
00775,3238.0,港股主板
01753,3236.0,港股主板
02543,3225.0,港股主板
01274,3223.0,港股主板
02723,3223.0,港股主板
00976,3222.0,港股主板
SH688480,3208.0,科创板
SZ301332,3204.0,创业板
SH688785,3196.0,科创板
SZ301391,3185.0,创业板
00014,3183.0,港股主板
08047,3182.0,港股GEM
SZ301456,3181.0,创业板
01623,3179.0,港股主板
SH603418,3177.0,沪市主板
01011,3174.0,港股主板
SH688602,3174.0,科创板
02772,3168.0,港股主板
SH688653,3167.0,科创板
01126,3162.0,港股主板
SH688646,3162.0,科创板
SZ200468,3162.0,B股
08168,3157.0,港股GEM
01101,3157.0,港股主板
01345,3155.0,港股主板
02309,3153.0,港股主板
02610,3152.0,港股主板
SZ301065,3151.0,创业板
SH688119,3151.0,科创板
SH688681,3150.0,科创板
00980,3147.0,港股主板
SH688338,3147.0,科创板
00086,3147.0,港股主板
SZ301329,3144.0,创业板
00585,3142.0,港股主板
SH688576,3136.0,科创板
SZ301198,3135.0,创业板
SH688509,3134.0,科创板
01450,3131.0,港股主板
08143,3121.0,港股GEM
SZ001358,3120.0,深市主板
00582,3119.0,港股主板
02410,3119.0,港股主板
08006,3099.0,港股GEM
01606,3098.0,港股主板
SZ300983,3095.0,创业板
00588,3094.0,港股主板
SZ001230,3090.0,深市主板
01021,3089.0,港股主板
03303,3088.0,港股主板
SH688592,3083.0,科创板
01257,3080.0,港股主板
00187,3078.0,港股主板
00757,3077.0,港股主板
00159,3077.0,港股主板
00095,3072.0,港股主板
SZ301602,3065.0,创业板
01588,3063.0,港股主板
00259,3056.0,港股主板
03838,3055.0,港股主板
00040,3052.0,港股主板
SH688805,3050.0,科创板
SZ301578,3048.0,创业板
83690,3046.0,港股主板
SH688217,3044.0,科创板
00889,3043.0,港股主板
SZ301586,3038.0,创业板
SH603075,3031.0,沪市主板
02506,3027.0,港股主板
SZ301613,3025.0,创业板
SH900925,3025.0,B股
00083,3021.0,港股主板
SH688651,3018.0,科创板
SZ301125,3015.0,创业板
SZ301113,3015.0,创业板
02411,3014.0,港股主板
01206,3011.0,港股主板
SH688060,2999.0,科创板
04338,2993.0,港股主板
SH603151,2993.0,沪市主板
SH688013,2993.0,科创板
01822,2992.0,港股主板
02283,2989.0,港股主板
00876,2981.0,港股主板
08226,2978.0,港股GEM
02163,2976.0,港股主板
SH900924,2973.0,B股
00623,2968.0,港股主板
SH688828,2963.0,科创板
SZ301279,2950.0,创业板
02111,2945.0,港股主板
SH688092,2943.0,科创板
SH688350,2938.0,科创板
SH688835,2938.0,科创板
SZ301608,2935.0,创业板
SZ001388,2932.0,深市主板
00286,2928.0,港股主板
SH688115,2913.0,科创板
02389,2911.0,港股主板
00612,2910.0,港股主板
SZ301320,2905.0,创业板
00210,2900.0,港股主板
SH688121,2895.0,科创板
SZ301687,2894.0,创业板
SZ301370,2893.0,创业板
SZ300851,2893.0,创业板
SZ001233,2892.0,深市主板
00643,2888.0,港股主板
00848,2887.0,港股主板
SZ001387,2883.0,深市主板
01286,2881.0,港股主板
06136,2879.0,港股主板
SZ001395,2872.0,深市主板
06196,2871.0,港股主板
SZ001382,2866.0,深市主板
SZ300923,2865.0,创业板
06698,2858.0,港股主板
SH688391,2853.0,科创板
81024,2852.0,港股主板
06978,2852.0,港股主板
00505,2849.0,港股主板
01107,2847.0,港股主板
00041,2840.0,港股主板
SH688129,2839.0,科创板
02266,2839.0,港股主板
SZ001336,2833.0,深市主板
00315,2830.0,港股主板
02348,2829.0,港股主板
SH688571,2825.0,科创板
01991,2820.0,港股主板
SH688267,2817.0,科创板
06610,2804.0,港股主板
SZ301598,2803.0,创业板
00672,2802.0,港股主板
SZ301590,2798.0,创业板
00518,2789.0,港股主板
02668,2784.0,港股主板
SH688718,2783.0,科创板
SZ301609,2776.0,创业板
02156,2774.0,港股主板
SH688757,2771.0,科创板
02139,2771.0,港股主板
00559,2767.0,港股主板
00510,2766.0,港股主板
SZ301683,2765.0,创业板
00023,2765.0,港股主板
SZ301107,2759.0,创业板
SZ301106,2758.0,创业板
01502,2755.0,港股主板
01049,2745.0,港股主板
SH688069,2738.0,科创板
SZ301081,2735.0,创业板
SZ301222,2732.0,创业板
SZ001326,2731.0,深市主板
02706,2725.0,港股主板
06963,2724.0,港股主板
SH688237,2723.0,科创板
SZ301587,2722.0,创业板
02431,2720.0,港股主板
SZ301314,2707.0,创业板
03866,2707.0,港股主板
SZ301097,2702.0,创业板
00491,2701.0,港股主板
SZ301102,2701.0,创业板
01141,2692.0,港股主板
03368,2688.0,港股主板
00600,2685.0,港股主板
SH688466,2685.0,科创板
03813,2679.0,港股主板
01111,2679.0,港股主板
SZ301068,2678.0,创业板
02865,2673.0,港股主板
02518,2672.0,港股主板
00838,2671.0,港股主板
SZ301298,2664.0,创业板
00348,2662.0,港股主板
02779,2659.0,港股主板
SZ001365,2653.0,深市主板
SZ301386,2652.0,创业板
01396,2649.0,港股主板
SZ301680,2647.0,创业板
00261,2646.0,港股主板
SZ301669,2646.0,创业板
00181,2639.0,港股主板
09676,2633.0,港股主板
SZ301595,2629.0,创业板
00215,2628.0,港股主板
02643,2628.0,港股主板
01762,2626.0,港股主板
SH688811,2609.0,科创板
00759,2609.0,港股主板
06899,2607.0,港股主板
SZ001225,2606.0,深市主板
06609,2605.0,港股主板
SH688781,2603.0,科创板
03658,2596.0,港股主板
01191,2588.0,港股主板
00860,2588.0,港股主板
SH688790,2587.0,科创板
SZ301056,2586.0,创业板
01122,2585.0,港股主板
02076,2584.0,港股主板
SH688750,2584.0,科创板
01612,2582.0,港股主板
00468,2578.0,港股主板
01986,2577.0,港股主板
SZ301469,2570.0,创业板
00789,2569.0,港股主板
00862,2569.0,港股主板
SH688837,2566.0,科创板
SH601123,2558.0,沪市主板
06668,2552.0,港股主板
SH900923,2549.0,B股
02700,2541.0,港股主板
01399,2540.0,港股主板
00608,2538.0,港股主板
00255,2535.0,港股主板
SZ301599,2533.0,创业板
SZ301552,2528.0,创业板
01431,2527.0,港股主板
SZ301502,2527.0,创业板
SH603276,2522.0,沪市主板
SZ301115,2518.0,创业板
SH688395,2511.0,科创板
SZ301197,2510.0,创业板
SZ001386,2508.0,深市主板
SH688038,2505.0,科创板
02216,2504.0,港股主板
01148,2499.0,港股主板
SH900941,2496.0,B股
SZ001378,2496.0,深市主板
00659,2488.0,港股主板
08220,2488.0,港股GEM
SH688712,2487.0,科创板
00269,2487.0,港股主板
SZ200016,2480.0,B股
00947,2480.0,港股主板
SZ301418,2466.0,创业板
SH688683,2465.0,科创板
02728,2462.0,港股主板
09668,2458.0,港股主板
SH900908,2454.0,B股
01046,2451.0,港股主板
01195,2450.0,港股主板
SZ301287,2449.0,创业板
00533,2448.0,港股主板
01188,2444.0,港股主板
SH900903,2442.0,B股
SZ301503,2438.0,创业板
02675,2436.0,港股主板
06820,2431.0,港股主板
01846,2429.0,港股主板
SH688679,2424.0,科创板
09890,2421.0,港股主板
SZ301559,2415.0,创业板
00290,2415.0,港股主板
SH900947,2412.0,B股
SH688296,2412.0,科创板
00398,2409.0,港股主板
SH603073,2405.0,沪市主板
01878,2405.0,港股主板
00690,2400.0,港股主板
00245,2389.0,港股主板
SZ301296,2388.0,创业板
06887,2387.0,港股主板
SH603334,2385.0,沪市主板
01823,2384.0,港股主板
SZ301491,2383.0,创业板
SZ301203,2381.0,创业板
09960,2381.0,港股主板
02306,2380.0,港股主板
00605,2374.0,港股主板
SZ301581,2370.0,创业板
01522,2364.0,港股主板
00501,2355.0,港股主板
SH688251,2353.0,科创板
00030,2352.0,港股主板
02373,2345.0,港股主板
SZ200056,2334.0,B股
02788,2328.0,港股主板
SH603370,2327.0,沪市主板
06919,2317.0,港股主板
00476,2314.0,港股主板
SH688285,2313.0,科创板
00893,2311.0,港股主板
SZ301192,2310.0,创业板
00234,2304.0,港股主板
SZ001393,2304.0,深市主板
SZ301519,2302.0,创业板
SH688759,2300.0,科创板
02402,2297.0,港股主板
00433,2294.0,港股主板
02339,2294.0,港股主板
01161,2288.0,港股主板
SZ301616,2287.0,创业板
08033,2287.0,港股GEM
SH603205,2285.0,沪市主板
SH603310,2280.0,沪市主板
00629,2278.0,港股主板
01942,2278.0,港股主板
02595,2275.0,港股主板
00373,2275.0,港股主板
02098,2270.0,港股主板
02232,2270.0,港股主板
SH688657,2267.0,科创板
01647,2265.0,港股主板
01600,2265.0,港股主板
SH688175,2263.0,科创板
SZ301584,2255.0,创业板
01184,2253.0,港股主板
SH688171,2251.0,科创板
SH603382,2251.0,沪市主板
SZ301290,2241.0,创业板
02562,2241.0,港股主板
02199,2241.0,港股主板
02251,2240.0,港股主板
SZ301707,2239.0,创业板
08137,2232.0,港股GEM
SZ301372,2231.0,创业板
SH900945,2220.0,B股
00028,2218.0,港股主板
SZ301355,2214.0,创业板
06639,2210.0,港股主板
00039,2209.0,港股主板
SZ200553,2207.0,B股
SZ301272,2207.0,创业板
SZ200055,2205.0,B股
03296,2203.0,港股主板
00627,2202.0,港股主板
SZ301057,2201.0,创业板
00420,2200.0,港股主板
01989,2187.0,港股主板
02580,2184.0,港股主板
00875,2182.0,港股主板
00609,2180.0,港股主板
00379,2177.0,港股主板
00603,2175.0,港股主板
SH603406,2174.0,沪市主板
08041,2174.0,港股GEM
03300,2174.0,港股主板
06883,2170.0,港股主板
00713,2167.0,港股主板
00470,2166.0,港股主板
00563,2165.0,港股主板
01314,2165.0,港股主板
SH900939,2164.0,B股
SH688570,2163.0,科创板
06669,2162.0,港股主板
SZ301636,2156.0,创业板
SZ301303,2155.0,创业板
80700,2154.0,港股主板
02582,2150.0,港股主板
SH688367,2143.0,科创板
02327,2140.0,港股主板
02715,2138.0,港股主板
00418,2135.0,港股主板
08299,2135.0,港股GEM
03989,2131.0,港股主板
08020,2127.0,港股GEM
00438,2120.0,港股主板
08092,2117.0,港股GEM
03200,2112.0,港股主板
03336,2098.0,港股主板
02135,2098.0,港股主板
03887,2096.0,港股主板
08076,2093.0,港股GEM
00117,2093.0,港股主板
09955,2085.0,港股主板
01682,2083.0,港股主板
00830,2077.0,港股主板
SZ301515,2073.0,创业板
01069,2073.0,港股主板
01501,2070.0,港股主板
00912,2069.0,港股主板
SZ301535,2068.0,创业板
03681,2059.0,港股主板
02586,2058.0,港股主板
00051,2057.0,港股主板
01875,2056.0,港股主板
00595,2048.0,港股主板
SH603391,2046.0,沪市主板
00911,2044.0,港股主板
09878,2043.0,港股主板
02550,2039.0,港股主板
01090,2038.0,港股主板
SH688215,2035.0,科创板
SZ301633,2034.0,创业板
09616,2031.0,港股主板
SZ300784,2029.0,创业板
01468,2029.0,港股主板
SZ301513,2029.0,创业板
SH688695,2029.0,科创板
02211,2027.0,港股主板
01228,2026.0,港股主板
06938,2025.0,港股主板
02291,2024.0,港股主板
03718,2022.0,港股主板
00993,2022.0,港股主板
01713,2022.0,港股主板
SZ301560,2017.0,创业板
08049,2017.0,港股GEM
01168,2015.0,港股主板
01251,2015.0,港股主板
SZ200521,2014.0,B股
01709,2013.0,港股主板
01063,2008.0,港股主板
00206,2003.0,港股主板
02438,1999.0,港股主板
03882,1998.0,港股主板
01028,1990.0,港股主板
00279,1990.0,港股主板
06168,1988.0,港股主板
01229,1988.0,港股主板
00311,1986.0,港股主板
08317,1985.0,港股GEM
80020,1983.0,港股主板
00042,1982.0,港股主板
SH688178,1982.0,科创板
SZ001277,1976.0,深市主板
SZ301170,1969.0,创业板
00035,1968.0,港股主板
SZ200992,1968.0,B股
06681,1967.0,港股主板
01982,1965.0,港股主板
00622,1964.0,港股主板
SH900909,1955.0,B股
SZ301539,1954.0,创业板
00798,1951.0,港股主板
06616,1951.0,港股主板
01613,1951.0,港股主板
06031,1950.0,港股主板
SZ001237,1950.0,深市主板
SH603409,1947.0,沪市主板
06980,1945.0,港股主板
00737,1939.0,港股主板
01786,1937.0,港股主板
SH688455,1936.0,科创板
00130,1936.0,港股主板
SH688132,1932.0,科创板
06828,1932.0,港股主板
02475,1932.0,港股主板
00314,1927.0,港股主板
01244,1927.0,港股主板
00827,1922.0,港股主板
SH688184,1922.0,科创板
SH688671,1919.0,科创板
01269,1919.0,港股主板
02218,1916.0,港股主板
SZ301632,1915.0,创业板
SH688616,1908.0,科创板
00878,1907.0,港股主板
01760,1905.0,港股主板
00360,1905.0,港股主板
SH603210,1901.0,沪市主板
01180,1901.0,港股主板
00745,1898.0,港股主板
01680,1896.0,港股主板
03686,1896.0,港股主板
04335,1892.0,港股主板
01538,1890.0,港股主板
01121,1888.0,港股主板
02587,1887.0,港股主板
08295,1886.0,港股GEM
00917,1883.0,港股主板
03313,1881.0,港股主板
01461,1876.0,港股主板
01102,1872.0,港股主板
01265,1871.0,港股主板
SZ001335,1870.0,深市主板
SZ301446,1870.0,创业板
00933,1867.0,港股主板
01023,1866.0,港股主板
02235,1864.0,港股主板
06878,1863.0,港股主板
00113,1862.0,港股主板
01981,1858.0,港股主板
SH900937,1855.0,B股
SH688450,1853.0,科创板
SH603376,1851.0,沪市主板
SZ200541,1849.0,B股
00755,1846.0,港股主板
09669,1845.0,港股主板
01236,1841.0,港股主板
02509,1838.0,港股主板
SZ301227,1838.0,创业板
03277,1836.0,港股主板
SZ301276,1835.0,创业板
02080,1835.0,港股主板
01372,1834.0,港股主板
SH900928,1833.0,B股
06951,1832.0,港股主板
SH603448,1828.0,沪市主板
02322,1825.0,港股主板
SZ301037,1824.0,创业板
08100,1823.0,港股GEM
SZ301557,1823.0,创业板
00521,1819.0,港股主板
SZ301295,1815.0,创业板
08172,1806.0,港股GEM
02477,1803.0,港股主板
SH900901,1797.0,B股
06831,1795.0,港股主板
01598,1794.0,港股主板
00334,1793.0,港股主板
00057,1792.0,港股主板
02608,1791.0,港股主板
00154,1785.0,港股主板
02246,1774.0,港股主板
SH900929,1769.0,B股
00397,1769.0,港股主板
09991,1766.0,港股主板
01328,1760.0,港股主板
SZ301686,1758.0,创业板
01292,1757.0,港股主板
08349,1750.0,港股GEM
01968,1748.0,港股主板
00408,1747.0,港股主板
01419,1745.0,港股主板
00736,1744.0,港股主板
01118,1744.0,港股主板
02591,1743.0,港股主板
00900,1742.0,港股主板
03677,1742.0,港股主板
SZ301449,1741.0,创业板
00929,1738.0,港股主板
01809,1737.0,港股主板
02798,1736.0,港股主板
06958,1735.0,港股主板
06960,1735.0,港股主板
SH688755,1734.0,科创板
SH603262,1733.0,沪市主板
08159,1733.0,港股GEM
00393,1730.0,港股主板
SH688528,1723.0,科创板
00458,1722.0,港股主板
SH900927,1720.0,B股
00702,1719.0,港股主板
02125,1717.0,港股主板
00945,1717.0,港股主板
01979,1711.0,港股主板
SH688067,1710.0,科创板
00240,1709.0,港股主板
00235,1707.0,港股主板
08340,1704.0,港股GEM
01525,1701.0,港股主板
00045,1695.0,港股主板
01578,1694.0,港股主板
00833,1692.0,港股主板
02670,1691.0,港股主板
00691,1689.0,港股主板
01116,1688.0,港股主板
09886,1686.0,港股主板
00500,1685.0,港股主板
SZ301668,1682.0,创业板
SZ301359,1677.0,创业板
01285,1677.0,港股主板
80883,1668.0,港股主板
03355,1665.0,港股主板
00106,1661.0,港股主板
SH688193,1660.0,科创板
00990,1660.0,港股主板
00163,1651.0,港股主板
07618,1649.0,港股主板
00845,1648.0,港股主板
00572,1648.0,港股主板
00126,1639.0,港股主板
09982,1637.0,港股主板
02179,1635.0,港股主板
03688,1632.0,港股主板
08193,1631.0,港股GEM
SZ301585,1628.0,创业板
03709,1627.0,港股主板
09860,1626.0,港股主板
SH688623,1625.0,科创板
06860,1625.0,港股主板
SH900913,1624.0,B股
01857,1622.0,港股主板
02131,1622.0,港股主板
00090,1615.0,港股主板
00037,1614.0,港股主板
SZ301697,1611.0,创业板
01617,1610.0,港股主板
SH603352,1610.0,沪市主板
00032,1607.0,港股主板
01115,1605.0,港股主板
01685,1601.0,港股主板
SZ301601,1600.0,创业板
08003,1590.0,港股GEM
00362,1590.0,港股主板
SZ200019,1584.0,B股
SH900904,1582.0,B股
01380,1581.0,港股主板
00825,1579.0,港股主板
02101,1577.0,港股主板
00831,1574.0,港股主板
08037,1574.0,港股GEM
00111,1570.0,港股主板
01526,1565.0,港股主板
01931,1563.0,港股主板
02003,1561.0,港股主板
01566,1559.0,港股主板
00560,1556.0,港股主板
06885,1554.0,港股主板
01996,1553.0,港股主板
01716,1550.0,港股主板
02236,1549.0,港股主板
SZ001396,1548.0,深市主板
09981,1542.0,港股主板
00610,1539.0,港股主板
08032,1539.0,港股GEM
00532,1536.0,港股主板
00986,1535.0,港股主板
00228,1530.0,港股主板
SH900914,1527.0,B股
00726,1527.0,港股主板
00712,1525.0,港股主板
01803,1524.0,港股主板
00088,1523.0,港股主板
SZ301395,1522.0,创业板
03389,1522.0,港股主板
03828,1522.0,港股主板
SZ301677,1521.0,创业板
02320,1519.0,港股主板
01938,1516.0,港股主板
01895,1506.0,港股主板
00727,1505.0,港股主板
02326,1501.0,港股主板
09993,1500.0,港股主板
00668,1500.0,港股主板
01216,1493.0,港股主板
SH603293,1488.0,沪市主板
00487,1486.0,港股主板
09976,1484.0,港股主板
03660,1474.0,港股主板
01373,1470.0,港股主板
01008,1470.0,港股主板
00026,1466.0,港股主板
00194,1465.0,港股主板
SH688429,1465.0,科创板
00070,1464.0,港股主板
08210,1461.0,港股GEM
SH688426,1458.0,科创板
00752,1456.0,港股主板
SH688459,1455.0,科创板
03886,1451.0,港股主板
00509,1448.0,港股主板
00124,1435.0,港股主板
SZ200037,1435.0,B股
06677,1429.0,港股主板
08005,1428.0,港股GEM
03952,1428.0,港股主板
SZ301655,1428.0,创业板
SZ301353,1427.0,创业板
02676,1426.0,港股主板
06868,1426.0,港股主板
00687,1423.0,港股主板
01100,1423.0,港股主板
01969,1415.0,港股主板
SH900917,1414.0,B股
01341,1412.0,港股主板
02358,1410.0,港股主板
06623,1408.0,港股主板
00733,1405.0,港股主板
01568,1402.0,港股主板
00188,1402.0,港股主板
03757,1401.0,港股主板
01828,1397.0,港股主板
02565,1396.0,港股主板
02473,1395.0,港股主板
00276,1395.0,港股主板
00295,1390.0,港股主板
SZ301223,1388.0,创业板
03881,1381.0,港股主板
02185,1379.0,港股主板
06908,1377.0,港股主板
03839,1374.0,港股主板
08247,1370.0,港股GEM
SH900920,1367.0,B股
SZ301273,1364.0,创业板
00294,1362.0,港股主板
02149,1362.0,港股主板
SH900915,1362.0,B股
01905,1361.0,港股主板
02178,1361.0,港股主板
01480,1360.0,港股主板
02566,1357.0,港股主板
01916,1354.0,港股主板
SZ301309,1352.0,创业板
02657,1346.0,港股主板
00922,1337.0,港股主板
03329,1336.0,港股主板
00928,1336.0,港股主板
02312,1334.0,港股主板
00299,1331.0,港股主板
00328,1326.0,港股主板
00050,1325.0,港股主板
00471,1323.0,港股主板
06118,1320.0,港股主板
03778,1318.0,港股主板
01555,1317.0,港股主板
01660,1310.0,港股主板
09615,1301.0,港股主板
SZ301429,1300.0,创业板
08071,1299.0,港股GEM
01945,1298.0,港股主板
01749,1294.0,港股主板
00524,1293.0,港股主板
01731,1289.0,港股主板
09877,1288.0,港股主板
02453,1288.0,港股主板
01110,1287.0,港股主板
02429,1283.0,港股主板
00664,1282.0,港股主板
02665,1266.0,港股主板
00227,1265.0,港股主板
00366,1263.0,港股主板
00619,1261.0,港股主板
08081,1260.0,港股GEM
02487,1259.0,港股主板
02570,1259.0,港股主板
01392,1258.0,港股主板
01756,1256.0,港股主板
02161,1255.0,港股主板
02459,1255.0,港股主板
01551,1253.0,港股主板
01815,1249.0,港股主板
03680,1248.0,港股主板
SZ200058,1239.0,B股
02180,1239.0,港股主板
02655,1238.0,港股主板
00298,1230.0,港股主板
09630,1229.0,港股主板
02000,1228.0,港股主板
00575,1225.0,港股主板
01220,1224.0,港股主板
01688,1223.0,港股主板
02633,1223.0,港股主板
00059,1222.0,港股主板
03903,1222.0,港股主板
02549,1219.0,港股主板
02559,1211.0,港股主板
02579,1211.0,港股主板
SH688420,1210.0,科创板
SH688701,1208.0,科创板
08156,1206.0,港股GEM
02629,1203.0,港股主板
SH688816,1202.0,科创板
01338,1201.0,港股主板
06069,1194.0,港股主板
00859,1191.0,港股主板
01971,1190.0,港股主板
00887,1190.0,港股主板
00071,1190.0,港股主板
00353,1187.0,港股主板
00821,1187.0,港股主板
01259,1185.0,港股主板
00496,1182.0,港股主板
02127,1175.0,港股主板
00677,1173.0,港股主板
09663,1173.0,港股主板
04337,1171.0,港股主板
00391,1169.0,港股主板
00185,1166.0,港股主板
01027,1165.0,港股主板
02789,1164.0,港股主板
03737,1164.0,港股主板
00689,1162.0,港股主板
00237,1162.0,港股主板
SZ301173,1161.0,创业板
02360,1161.0,港股主板
00033,1159.0,港股主板
00953,1159.0,港股主板
01176,1159.0,港股主板
01079,1157.0,港股主板
01094,1154.0,港股主板
06086,1153.0,港股主板
00064,1152.0,港股主板
SZ301105,1152.0,创业板
03388,1151.0,港股主板
02489,1146.0,港股主板
02166,1145.0,港股主板
00370,1145.0,港股主板
SH900918,1143.0,B股
01563,1143.0,港股主板
00809,1142.0,港股主板
08198,1142.0,港股GEM
02416,1141.0,港股主板
00679,1138.0,港股主板
02692,1135.0,港股主板
01745,1135.0,港股主板
06033,1134.0,港股主板
03633,1132.0,港股主板
00403,1132.0,港股主板
00078,1132.0,港股主板
02210,1132.0,港股主板
SZ200025,1128.0,B股
00217,1128.0,港股主板
01652,1125.0,港股主板
00738,1124.0,港股主板
01862,1124.0,港股主板
01727,1122.0,港股主板
08356,1121.0,港股GEM
01140,1112.0,港股主板
02650,1111.0,港股主板
06687,1110.0,港股主板
00954,1106.0,港股主板
00399,1105.0,港股主板
06968,1104.0,港股主板
01900,1099.0,港股主板
00915,1097.0,港股主板
01304,1096.0,港股主板
01720,1096.0,港股主板
01281,1095.0,港股主板
SH688370,1090.0,科创板
08173,1089.0,港股GEM
09936,1086.0,港股主板
01081,1085.0,港股主板
00381,1083.0,港股主板
SZ200020,1083.0,B股
00205,1081.0,港股主板
01196,1079.0,港股主板
03689,1076.0,港股主板
00132,1073.0,港股主板
08017,1072.0,港股GEM
00618,1069.0,港股主板
01303,1065.0,港股主板
00346,1065.0,港股主板
03798,1065.0,港股主板
SZ301688,1063.0,创业板
SZ301575,1062.0,创业板
01739,1060.0,港股主板
SH688638,1059.0,科创板
01163,1058.0,港股主板
08283,1057.0,港股GEM
02443,1056.0,港股主板
SZ001312,1055.0,深市主板
00626,1046.0,港股主板
01270,1045.0,港股主板
00550,1044.0,港股主板
00574,1044.0,港股主板
08328,1041.0,港股GEM
00987,1040.0,港股主板
02368,1039.0,港股主板
01326,1039.0,港股主板
SZ001325,1038.0,深市主板
00209,1038.0,港股主板
00983,1036.0,港股主板
03322,1030.0,港股主板
00655,1029.0,港股主板
00289,1029.0,港股主板
02511,1027.0,港股主板
02181,1026.0,港股主板
00994,1026.0,港股主板
02408,1026.0,港股主板
00036,1025.0,港股主板
00984,1024.0,港股主板
02230,1024.0,港股主板
00204,1024.0,港股主板
09600,1022.0,港股主板
02324,1020.0,港股主板
00361,1018.0,港股主板
02399,1016.0,港股主板
06866,1016.0,港股主板
00034,1014.0,港股主板
01909,1013.0,港股主板
02609,1013.0,港股主板
00331,1005.0,港股主板
00180,1001.0,港股主板
00771,999.0,港股主板
00062,997.0,港股主板
89618,994.0,港股主板
01576,994.0,港股主板
00814,992.0,港股主板
00351,991.0,港股主板
01020,986.0,港股主板
08271,985.0,港股GEM
02237,984.0,港股主板
SH603284,981.0,沪市主板
01025,979.0,港股主板
08153,979.0,港股GEM
02239,977.0,港股主板
00646,975.0,港股主板
01630,973.0,港股主板
00422,971.0,港股主板
01183,968.0,港股主板
02371,968.0,港股主板
06106,967.0,港股主板
00171,966.0,港股主板
SH900921,965.0,B股
00632,965.0,港股主板
01808,963.0,港股主板
01050,963.0,港股主板
SZ200530,963.0,B股
SZ200045,963.0,B股
01518,961.0,港股主板
00480,958.0,港股主板
00721,955.0,港股主板
00474,954.0,港股主板
00653,953.0,港股主板
02526,953.0,港股主板
00810,949.0,港股主板
01735,948.0,港股主板
06633,948.0,港股主板
80941,947.0,港股主板
01127,945.0,港股主板
02659,943.0,港股主板
08446,938.0,港股GEM
00216,938.0,港股主板
02107,936.0,港股主板
01705,936.0,港股主板
SH900943,934.0,B股
01393,933.0,港股主板
00264,933.0,港股主板
08130,931.0,港股GEM
00122,928.0,港股主板
07688,926.0,港股主板
06811,925.0,港股主板
08238,925.0,港股GEM
01105,924.0,港股主板
08329,923.0,港股GEM
01466,917.0,港股主板
00767,915.0,港股主板
00080,914.0,港股主板
02407,913.0,港股主板
81211,909.0,港股主板
03302,909.0,港股主板
SH603468,907.0,沪市主板
02652,905.0,港股主板
01956,903.0,港股主板
06128,902.0,港股主板
03639,902.0,港股主板
80388,900.0,港股主板
01239,899.0,港股主板
06871,898.0,港股主板
01488,898.0,港股主板
02508,896.0,港股主板
08417,896.0,港股GEM
00076,896.0,港股主板
00828,894.0,港股主板
00312,893.0,港股主板
03768,893.0,港股主板
03999,890.0,港股主板
02886,890.0,港股主板
00149,890.0,港股主板
00858,890.0,港股主板
07630,886.0,港股主板
01785,886.0,港股主板
01082,886.0,港股主板
08121,886.0,港股GEM
02329,885.0,港股主板
01224,879.0,港股主板
02561,877.0,港股主板
SZ200570,877.0,B股
08132,876.0,港股GEM
SZ200706,876.0,B股
00707,876.0,港股主板
01262,871.0,港股主板
01273,866.0,港股主板
01217,864.0,港股主板
02656,861.0,港股主板
01556,859.0,港股主板
08146,856.0,港股GEM
00129,852.0,港股主板
06686,851.0,港股主板
01831,849.0,港股主板
01758,848.0,港股主板
00472,846.0,港股主板
09680,844.0,港股主板
08128,844.0,港股GEM
01340,843.0,港股主板
09930,840.0,港股主板
01351,839.0,港股主板
01889,839.0,港股主板
02182,838.0,港股主板
02030,838.0,港股主板
08540,836.0,港股GEM
00271,836.0,港股主板
02683,836.0,港股主板
00166,833.0,港股主板
09889,832.0,港股主板
00899,831.0,港股主板
02623,829.0,港股主板
01278,828.0,港股主板
01446,828.0,港股主板
00239,827.0,港股主板
09856,827.0,港股主板
06051,826.0,港股主板
02658,826.0,港股主板
02493,826.0,港股主板
02685,821.0,港股主板
00871,821.0,港股主板
09857,821.0,港股主板
01622,821.0,港股主板
02575,819.0,港股主板
01520,816.0,港股主板
00841,815.0,港股主板
09913,813.0,港股主板
00426,808.0,港股主板
SZ001220,808.0,深市主板
08293,808.0,港股GEM
06188,808.0,港股主板
00164,806.0,港股主板
00989,801.0,港股主板
02249,801.0,港股主板
01150,798.0,港股主板
01097,797.0,港股主板
06830,797.0,港股主板
06090,796.0,港股主板
01087,795.0,港股主板
01332,792.0,港股主板
06929,790.0,港股主板
00970,789.0,港股主板
00682,789.0,港股主板
00519,787.0,港股主板
08072,786.0,港股GEM
01632,785.0,港股主板
02221,784.0,港股主板
00343,783.0,港股主板
02495,778.0,港股主板
SH900922,778.0,B股
01601,771.0,港股主板
06833,770.0,港股主板
01237,763.0,港股主板
02393,761.0,港股主板
02203,761.0,港股主板
01058,760.0,港股主板
01400,756.0,港股主板
00601,756.0,港股主板
08201,754.0,港股GEM
08148,753.0,港股GEM
00756,753.0,港股主板
01315,752.0,港股主板
02340,752.0,港股主板
03773,752.0,港股主板
00160,751.0,港股主板
00254,749.0,港股主板
08021,749.0,港股GEM
06858,747.0,港股主板
06117,747.0,港股主板
02726,746.0,港股主板
01000,746.0,港股主板
00367,746.0,港股主板
08018,743.0,港股GEM
02627,743.0,港股主板
00201,742.0,港股主板
02146,739.0,港股主板
00355,738.0,港股主板
01007,737.0,港股主板
03625,736.0,港股主板
01039,733.0,港股主板
01173,732.0,港股主板
00256,731.0,港股主板
00648,729.0,港股主板
00417,728.0,港股主板
01319,728.0,港股主板
03332,726.0,港股主板
01511,724.0,港股主板
01498,724.0,港股主板
00602,723.0,港股主板
02661,722.0,港股主板
06882,721.0,港股主板
08479,719.0,港股GEM
02567,719.0,港股主板
00482,718.0,港股主板
08178,717.0,港股GEM
08056,716.0,港股GEM
00515,714.0,港股主板
01289,714.0,港股主板
02377,713.0,港股主板
09919,712.0,港股主板
01633,712.0,港股主板
00852,711.0,港股主板
01697,711.0,港股主板
00718,711.0,港股主板
01476,710.0,港股主板
00498,710.0,港股主板
08187,709.0,港股GEM
08326,707.0,港股GEM
01321,707.0,港股主板
02635,707.0,港股主板
08227,707.0,港股GEM
01080,705.0,港股主板
00377,705.0,港股主板
01312,705.0,港股主板
01198,705.0,港股主板
02701,705.0,港股主板
00765,703.0,港股主板
00073,703.0,港股主板
01298,702.0,港股主板
02086,701.0,港股主板
00913,699.0,港股主板
00372,699.0,港股主板
01609,697.0,港股主板
89888,696.0,港股主板
01752,695.0,港股主板
02392,695.0,港股主板
02281,695.0,港股主板
09611,693.0,港股主板
06108,688.0,港股主板
08200,687.0,港股GEM
00222,684.0,港股主板
03708,683.0,港股主板
01240,683.0,港股主板
00556,682.0,港股主板
06657,679.0,港股主板
08112,679.0,港股GEM
00731,678.0,港股主板
06658,678.0,港股主板
01868,677.0,港股主板
01245,677.0,港股主板
01221,676.0,港股主板
00797,675.0,港股主板
08296,673.0,港股GEM
01826,670.0,港股主板
01327,669.0,港股主板
03363,669.0,港股主板
00527,667.0,港股主板
08275,667.0,港股GEM
08368,665.0,港股GEM
08348,664.0,港股GEM
03848,663.0,港股主板
01978,663.0,港股主板
02028,661.0,港股主板
06038,660.0,港股主板
00128,658.0,港股主板
02022,657.0,港股主板
03228,656.0,港股主板
01225,655.0,港股主板
00184,654.0,港股主板
00897,654.0,港股主板
06913,654.0,港股主板
03822,654.0,港股主板
00442,653.0,港股主板
00526,652.0,港股主板
00794,651.0,港股主板
03889,650.0,港股主板
08239,650.0,港股GEM
00554,648.0,港股主板
00907,648.0,港股主板
00225,647.0,港股主板
02637,647.0,港股主板
08030,646.0,港股GEM
06715,644.0,港股主板
01129,644.0,港股主板
00943,642.0,港股主板
02176,642.0,港股主板
00280,641.0,港股主板
00722,640.0,港股主板
01708,639.0,港股主板
08019,637.0,港股GEM
01917,636.0,港股主板
02603,636.0,港股主板
01305,635.0,港股主板
06636,634.0,港股主板
08315,633.0,港股GEM
01124,631.0,港股主板
00072,631.0,港股主板
08217,630.0,港股GEM
01200,630.0,港股主板
09971,627.0,港股主板
02415,626.0,港股主板
02576,620.0,港股主板
02317,620.0,港股主板
00389,619.0,港股主板
00704,618.0,港股主板
00997,617.0,港股主板
08250,617.0,港股GEM
00864,614.0,港股主板
01497,614.0,港股主板
07687,613.0,港股主板
00383,611.0,港股主板
01417,610.0,港股主板
00048,610.0,港股主板
03623,608.0,港股主板
01147,608.0,港股主板
01676,606.0,港股主板
00401,605.0,港股主板
00662,604.0,港股主板
02225,603.0,港股主板
08060,602.0,港股GEM
00695,601.0,港股主板
02169,600.0,港股主板
00901,599.0,港股主板
00145,599.0,港股主板
01145,599.0,港股主板
00640,598.0,港股主板
02920,597.0,港股主板
01959,597.0,港股主板
02480,595.0,港股主板
08090,595.0,港股GEM
01718,595.0,港股主板
00223,594.0,港股主板
02519,594.0,港股主板
00711,593.0,港股主板
01935,592.0,港股主板
00591,592.0,港股主板
06190,591.0,港股主板
08316,591.0,港股GEM
00157,591.0,港股主板
00147,590.0,港股主板
09968,590.0,港股主板
02119,588.0,港股主板
01272,586.0,港股主板
00369,586.0,港股主板
00103,584.0,港股主板
01783,582.0,港股主板
02299,582.0,港股主板
01062,580.0,港股主板
01170,580.0,港股主板
02122,579.0,港股主板
00162,578.0,港股主板
01583,578.0,港股主板
00497,578.0,港股主板
02898,577.0,港股主板
02695,577.0,港股主板
01323,576.0,港股主板
01201,573.0,港股主板
00219,573.0,港股主板
00730,572.0,港股主板
00053,571.0,港股主板
01872,571.0,港股主板
01290,570.0,港股主板
01560,569.0,港股主板
01575,569.0,港股主板
00120,568.0,港股主板
01166,568.0,港股主板
01226,568.0,港股主板
08051,568.0,港股GEM
00423,568.0,港股主板
02630,567.0,港股主板
09916,567.0,港股主板
00089,567.0,港股主板
01884,566.0,港股主板
03390,566.0,港股主板
01983,562.0,港股主板
01470,562.0,港股主板
01940,561.0,港股主板
08050,560.0,港股GEM
02307,559.0,港股主板
02193,559.0,港股主板
03223,558.0,港股主板
03752,558.0,港股主板
01159,556.0,港股主板
08392,556.0,港股GEM
01500,555.0,港股主板
03268,550.0,港股主板
00444,550.0,港股主板
01572,548.0,港股主板
06893,547.0,港股主板
01643,547.0,港股主板
00065,546.0,港股主板
09638,545.0,港股主板
08087,545.0,港股GEM
01182,544.0,港股主板
01397,544.0,港股主板
00432,544.0,港股主板
01355,544.0,港股主板
02336,543.0,港股主板
00022,542.0,港股主板
00146,542.0,港股主板
08039,542.0,港股GEM
09637,542.0,港股主板
02687,541.0,港股主板
08120,541.0,港股GEM
02558,540.0,港股主板
08181,540.0,港股GEM
08371,539.0,港股GEM
01085,538.0,港股主板
00673,537.0,港股主板
01009,537.0,港股主板
00096,533.0,港股主板
00764,533.0,港股主板
00167,532.0,港股主板
00243,531.0,港股主板
01153,530.0,港股主板
01851,529.0,港股主板
08140,528.0,港股GEM
08305,527.0,港股GEM
02212,526.0,港股主板
01243,522.0,港股主板
06911,522.0,港股主板
00681,521.0,港股主板
09986,520.0,港股主板
06816,520.0,港股主板
01636,518.0,港股主板
01421,518.0,港股主板
01626,517.0,港股主板
06667,517.0,港股主板
01973,517.0,港股主板
00969,517.0,港股主板
00938,516.0,港股主板
00274,516.0,港股主板
00464,516.0,港股主板
01608,515.0,港股主板
00455,514.0,港股主板
01710,514.0,港股主板
00332,513.0,港股主板
06676,513.0,港股主板
06810,512.0,港股主板
02383,512.0,港股主板
00888,508.0,港股主板
08455,507.0,港股GEM
00313,505.0,港股主板
01912,503.0,港股主板
00055,503.0,港股主板
02677,503.0,港股主板
02451,500.0,港股主板
02088,500.0,港股主板
00251,500.0,港股主板
08027,499.0,港股GEM
00156,499.0,港股主板
01683,498.0,港股主板
03628,498.0,港股主板
03661,496.0,港股主板
03816,496.0,港股主板
00265,494.0,港股主板
01377,493.0,港股主板
08311,490.0,港股GEM
00309,490.0,港股主板
03880,490.0,港股主板
00959,490.0,港股主板
00137,489.0,港股主板
08195,488.0,港股GEM
06999,488.0,港股主板
06067,488.0,港股主板
08512,488.0,港股GEM
00150,487.0,港股主板
00104,487.0,港股主板
01950,486.0,港股主板
00212,486.0,港股主板
00058,485.0,港股主板
01536,485.0,港股主板
00630,484.0,港股主板
02293,483.0,港股主板
00927,483.0,港股主板
01459,482.0,港股主板
00723,482.0,港股主板
00896,481.0,港股主板
00075,481.0,港股主板
02262,481.0,港股主板
01580,481.0,港股主板
01202,480.0,港股主板
00018,479.0,港股主板
03869,479.0,港股主板
01004,478.0,港股主板
00063,477.0,港股主板
01255,476.0,港股主板
01490,475.0,港股主板
00199,475.0,港股主板
06036,474.0,港股主板
08413,472.0,港股GEM
02729,470.0,港股主板
06909,470.0,港股主板
00979,466.0,港股主板
06888,464.0,港股主板
01985,464.0,港股主板
02297,463.0,港股主板
00125,463.0,港股主板
03310,463.0,港股主板
02583,463.0,港股主板
08219,463.0,港股GEM
01865,462.0,港股主板
01679,462.0,港股主板
08395,461.0,港股GEM
00846,461.0,港股主板
08406,460.0,港股GEM
08545,460.0,港股GEM
01142,460.0,港股主板
02023,459.0,港股主板
06093,459.0,港股主板
01253,459.0,港股主板
06675,459.0,港股主板
00840,459.0,港股主板
02699,458.0,港股主板
01395,458.0,港股主板
01941,457.0,港股主板
03626,455.0,港股主板
08462,455.0,港股GEM
01817,454.0,港股主板
00918,453.0,港股主板
01527,453.0,港股主板
02112,452.0,港股主板
01591,452.0,港股主板
00092,452.0,港股主板
00851,451.0,港股主板
00645,451.0,港股主板
01222,449.0,港股主板
00465,447.0,港股主板
00936,447.0,港股主板
00450,447.0,港股主板
08491,446.0,港股GEM
00932,446.0,港股主板
08291,445.0,港股GEM
00725,445.0,港股主板
08093,444.0,港股GEM
08307,444.0,港股GEM
08502,444.0,港股GEM
02420,444.0,港股主板
00747,443.0,港股主板
01557,443.0,港股主板
00557,442.0,港股主板
00333,441.0,港股主板
06822,441.0,港股主板
02349,441.0,港股主板
00488,439.0,港股主板
06731,439.0,港股主板
02033,439.0,港股主板
00046,439.0,港股主板
02882,438.0,港股主板
06058,438.0,港股主板
01925,437.0,港股主板
08082,437.0,港股GEM
01449,436.0,港股主板
01965,435.0,港股主板
01412,435.0,港股主板
00236,433.0,港股主板
09608,433.0,港股主板
00919,432.0,港股主板
02560,431.0,港股主板
01939,431.0,港股主板
08416,431.0,港股GEM
06745,431.0,港股主板
00620,430.0,港股主板
01451,430.0,港股主板
01586,430.0,港股主板
00229,430.0,港股主板
08473,430.0,港股GEM
02223,427.0,港股主板
08223,426.0,港股GEM
01433,423.0,港股主板
03231,421.0,港股主板
00540,419.0,港股主板
01247,418.0,港股主板
02209,417.0,港股主板
00262,417.0,港股主板
00617,417.0,港股主板
08125,417.0,港股GEM
01692,416.0,港股主板
00138,416.0,港股主板
00385,416.0,港股主板
00974,415.0,港股主板
08391,415.0,港股GEM
00131,414.0,港股主板
08029,413.0,港股GEM
00183,412.0,港股主板
00483,412.0,港股主板
01673,411.0,港股主板
02325,410.0,港股主板
82331,410.0,港股主板
06959,409.0,港股主板
01362,409.0,港股主板
01669,408.0,港股主板
02422,408.0,港股主板
01771,408.0,港股主板
03893,407.0,港股主板
06189,407.0,港股主板
00616,406.0,港股主板
08203,405.0,港股GEM
00784,405.0,港股主板
08622,405.0,港股GEM
01921,404.0,港股主板
01064,404.0,港股主板
00025,404.0,港股主板
00499,403.0,港股主板
08490,403.0,港股GEM
02011,402.0,港股主板
01418,401.0,港股主板
08270,401.0,港股GEM
02288,401.0,港股主板
02167,400.0,港股主板
01977,400.0,港股主板
01775,399.0,港股主板
02189,398.0,港股主板
00456,398.0,港股主板
08235,397.0,港股GEM
00266,397.0,港股主板
08162,396.0,港股GEM
08111,396.0,港股GEM
01723,395.0,港股主板
08513,394.0,港股GEM
00108,392.0,港股主板
06872,392.0,港股主板
02592,392.0,港股主板
02425,390.0,港股主板
08026,390.0,港股GEM
00097,390.0,港股主板
01401,389.0,港股主板
08139,389.0,港股GEM
08460,387.0,港股GEM
02289,387.0,港股主板
01532,387.0,港股主板
01120,387.0,港股主板
00641,386.0,港股主板
01130,386.0,港股主板
08189,386.0,港股GEM
02563,386.0,港股主板
00898,385.0,港股主板
03991,383.0,港股主板
02159,383.0,港股主板
01592,383.0,港股主板
03603,383.0,港股主板
08427,382.0,港股GEM
01346,382.0,港股主板
00583,382.0,港股主板
82318,381.0,港股主板
01655,380.0,港股主板
00760,380.0,港股主板
02691,378.0,港股主板
02551,378.0,港股主板
02286,377.0,港股主板
82020,375.0,港股主板
01671,375.0,港股主板
01473,375.0,港股主板
08216,375.0,港股GEM
09677,374.0,港股主板
08402,374.0,港股GEM
02041,373.0,港股主板
00923,373.0,港股主板
01215,373.0,港股主板
01701,372.0,港股主板
01561,372.0,港股主板
02231,371.0,港股主板
08147,370.0,港股GEM
00613,369.0,港股主板
00542,369.0,港股主板
01125,368.0,港股主板
08321,368.0,港股GEM
01231,368.0,港股主板
08487,367.0,港股GEM
00174,367.0,港股主板
00329,366.0,港股主板
01843,366.0,港股主板
00537,365.0,港股主板
02553,365.0,港股主板
02187,363.0,港股主板
01662,362.0,港股主板
01455,362.0,港股主板
02697,360.0,港股主板
01645,359.0,港股主板
02177,359.0,港股主板
08366,359.0,港股GEM
01726,358.0,港股主板
08073,357.0,港股GEM
08160,357.0,港股GEM
00211,357.0,港股主板
00544,357.0,港股主板
02113,356.0,港股主板
00094,355.0,港股主板
01961,355.0,港股主板
01779,355.0,港股主板
01549,354.0,港股主板
01241,354.0,港股主板
08310,354.0,港股GEM
08040,353.0,港股GEM
02933,353.0,港股主板
00675,352.0,港股主板
00186,351.0,港股主板
00910,350.0,港股主板
08280,349.0,港股GEM
00193,347.0,港股主板
01953,347.0,港股主板
08379,347.0,港股GEM
01640,346.0,港股主板
00865,346.0,港股主板
08057,345.0,港股GEM
08066,345.0,港股GEM
01013,344.0,港股主板
00854,344.0,港股主板
08480,343.0,港股GEM
00685,343.0,港股主板
02680,343.0,港股主板
01847,342.0,港股主板
00110,342.0,港股主板
08161,341.0,港股GEM
08028,341.0,港股GEM
06877,341.0,港股主板
02310,341.0,港股主板
01425,340.0,港股主板
06922,340.0,港股主板
03638,339.0,港股主板
01146,339.0,港股主板
01123,339.0,港股主板
00158,339.0,港股主板
01232,338.0,港股主板
06696,338.0,港股主板
02205,337.0,港股主板
02330,337.0,港股主板
00084,336.0,港股主板
08337,336.0,港股GEM
00306,334.0,港股主板
01593,334.0,港股主板
02458,333.0,港股主板
01581,333.0,港股主板
01937,333.0,港股主板
02621,333.0,港股主板
01301,332.0,港股主板
06080,332.0,港股主板
01452,332.0,港股主板
00287,331.0,港股主板
08237,330.0,港股GEM
01187,330.0,港股主板
01927,329.0,港股主板
01627,329.0,港股主板
01443,329.0,港股主板
01156,329.0,港股主板
01711,328.0,港股主板
02571,328.0,港股主板
07656,327.0,港股主板
08419,327.0,港股GEM
00776,326.0,港股主板
01746,326.0,港股主板
01901,325.0,港股主板
00599,325.0,港股主板
01993,325.0,港股主板
01420,325.0,港股主板
02531,324.0,港股主板
01460,324.0,港股主板
00202,323.0,港股主板
09908,323.0,港股主板
01335,323.0,港股主板
03616,323.0,港股主板
02337,323.0,港股主板
02335,323.0,港股主板
02496,322.0,港股主板
01948,322.0,港股主板
09906,321.0,港股主板
00375,321.0,港股主板
01740,319.0,港股主板
00396,319.0,港股主板
08232,319.0,港股GEM
00660,319.0,港股主板
01001,318.0,港股主板
06838,318.0,港股主板
02130,318.0,港股主板
08436,318.0,港股GEM
00674,318.0,港股主板
01553,318.0,港股主板
06898,318.0,港股主板
00380,317.0,港股主板
08096,317.0,港股GEM
08059,317.0,港股GEM
08067,317.0,港股GEM
00224,317.0,港股主板
00244,316.0,港股主板
02663,316.0,港股主板
06802,316.0,港股主板
02667,316.0,港股主板
04333,316.0,港股主板
08290,315.0,港股GEM
01447,314.0,港股主板
08176,314.0,港股GEM
08428,314.0,港股GEM
01936,314.0,港股主板
08118,313.0,港股GEM
02290,313.0,港股主板
01663,313.0,港股主板
08245,312.0,港股GEM
01949,312.0,港股主板
01376,312.0,港股主板
08117,312.0,港股GEM
82333,311.0,港股主板
08367,311.0,港股GEM
09958,311.0,港股主板
01796,311.0,港股主板
08206,310.0,港股GEM
01957,310.0,港股主板
02436,309.0,港股主板
08401,309.0,港股GEM
08222,309.0,港股GEM
08437,308.0,港股GEM
02250,308.0,港股主板
08373,308.0,港股GEM
02505,307.0,港股主板
08268,307.0,港股GEM
09929,307.0,港股主板
01855,307.0,港股主板
01172,307.0,港股主板
08282,306.0,港股GEM
06133,306.0,港股主板
08516,305.0,港股GEM
00684,304.0,港股主板
01547,304.0,港股主板
01782,304.0,港股主板
01543,304.0,港股主板
01870,303.0,港股主板
01741,303.0,港股主板
08430,302.0,港股GEM
01955,301.0,港股主板
00105,301.0,港股主板
01629,300.0,港股主板
01389,300.0,港股主板
08320,299.0,港股GEM
01486,299.0,港股主板
08619,299.0,港股GEM
08645,298.0,港股GEM
01348,298.0,港股主板
08249,298.0,港股GEM
08106,297.0,港股GEM
08186,296.0,港股GEM
06939,296.0,港股主板
08331,295.0,港股GEM
03928,295.0,港股主板
08031,295.0,港股GEM
02215,295.0,港股主板
04336,294.0,港股主板
08188,294.0,港股GEM
01010,293.0,港股主板
02361,293.0,港股主板
00118,292.0,港股主板
01853,292.0,港股主板
08422,292.0,港股GEM
02017,291.0,港股主板
08646,291.0,港股GEM
08606,290.0,港股GEM
01429,290.0,港股主板
06132,290.0,港股主板
02539,289.0,港股主板
00352,289.0,港股主板
01483,288.0,港股主板
00768,288.0,港股主板
06727,287.0,港股主板
08370,287.0,港股GEM
01408,287.0,港股主板
00804,287.0,港股主板
09938,286.0,港股主板
80992,286.0,港股主板
08107,286.0,港股GEM
02569,286.0,港股主板
06162,285.0,港股主板
01849,285.0,港股主板
08300,285.0,港股GEM
00248,284.0,港股主板
00213,283.0,港股主板
08036,283.0,港股GEM
02078,282.0,港股主板
01472,282.0,港股主板
02529,281.0,港股主板
08483,281.0,港股GEM
01780,280.0,港股主板
08163,280.0,港股GEM
06918,279.0,港股主板
01738,278.0,港股主板
02025,278.0,港股主板
01596,277.0,港股主板
01737,277.0,港股主板
08621,275.0,港股GEM
02258,275.0,港股主板
02165,275.0,港股主板
00356,275.0,港股主板
08445,275.0,港股GEM
00339,274.0,港股主板
09607,274.0,港股主板
86618,274.0,港股主板
08482,273.0,港股GEM
00701,273.0,港股主板
09933,273.0,港股主板
02490,273.0,港股主板
01084,272.0,港股主板
01842,272.0,港股主板
02385,272.0,港股主板
03683,270.0,港股主板
01962,269.0,港股主板
01695,268.0,港股主板
02581,268.0,港股主板
02546,268.0,港股主板
08196,268.0,港股GEM
01343,267.0,港股主板
01587,267.0,港股主板
08069,265.0,港股GEM
02409,265.0,港股主板
08308,265.0,港股GEM
01026,265.0,港股主板
08309,264.0,港股GEM
08418,264.0,港股GEM
08191,263.0,港股GEM
01160,263.0,港股主板
01223,262.0,港股主板
02632,262.0,港股主板
01742,262.0,港股主板
02651,261.0,港股主板
08213,261.0,港股GEM
06119,260.0,港股主板
01582,260.0,港股主板
08635,259.0,港股GEM
01863,259.0,港股主板
01715,259.0,港股主板
02265,258.0,港股主板
00099,258.0,港股主板
06928,258.0,港股主板
08070,258.0,港股GEM
02031,257.0,港股主板
01943,257.0,港股主板
02455,257.0,港股主板
01637,256.0,港股主板
08375,256.0,港股GEM
08611,256.0,港股GEM
08218,255.0,港股GEM
01757,255.0,港股主板
06829,254.0,港股主板
00720,253.0,港股主板
01134,252.0,港股主板
08277,252.0,港股GEM
01920,252.0,港股主板
06915,252.0,港股主板
00905,251.0,港股主板
02110,251.0,港股主板
03348,251.0,港股主板
00436,250.0,港股主板
01894,250.0,港股主板
08527,249.0,港股GEM
02271,249.0,港股主板
01850,249.0,港股主板
03395,248.0,港股主板
01552,248.0,港股主板
01440,247.0,港股主板
01703,247.0,港股主板
01987,247.0,港股主板
08297,246.0,港股GEM
03830,245.0,港股主板
01871,245.0,港股主板
00077,243.0,港股主板
02720,241.0,港股主板
01933,241.0,港股主板
02482,241.0,港股主板
08133,241.0,港股GEM
08281,241.0,港股GEM
00021,241.0,港股主板
08035,240.0,港股GEM
08475,240.0,港股GEM
00079,240.0,港股主板
08357,240.0,港股GEM
08496,240.0,港股GEM
08053,238.0,港股GEM
03878,237.0,港股主板
02672,237.0,港股主板
01073,236.0,港股主板
00115,236.0,港股主板
09918,236.0,港股主板
01354,236.0,港股主板
02381,236.0,港股主板
06933,236.0,港股主板
01702,235.0,港股主板
01827,234.0,港股主板
02440,234.0,港股主板
02147,234.0,港股主板
01825,233.0,港股主板
09978,233.0,港股主板
08319,232.0,港股GEM
08536,232.0,港股GEM
08113,232.0,港股GEM
08131,231.0,港股GEM
02593,231.0,港股主板
01759,230.0,港股主板
00571,229.0,港股主板
01856,229.0,港股主板
02881,229.0,港股主板
80175,229.0,港股主板
09686,229.0,港股主板
08613,228.0,港股GEM
08136,228.0,港股GEM
02350,227.0,港股主板
08052,227.0,港股GEM
02682,226.0,港股主板
02376,226.0,港股主板
03321,226.0,港股主板
01906,225.0,港股主板
01002,225.0,港股主板
01559,224.0,港股主板
08372,224.0,港股GEM
02370,224.0,港股主板
03963,224.0,港股主板
03997,223.0,港股主板
01736,223.0,港股主板
01539,223.0,港股主板
06805,223.0,港股主板
02915,222.0,港股主板
02585,221.0,港股主板
08062,221.0,港股GEM
02885,220.0,港股主板
01722,220.0,港股主板
01597,220.0,港股主板
08360,220.0,港股GEM
08080,219.0,港股GEM
02363,218.0,港股主板
02512,218.0,港股主板
08471,218.0,港股GEM
08511,218.0,港股GEM
01707,218.0,港股主板
01570,217.0,港股主板
01496,217.0,港股主板
02396,217.0,港股主板
01047,217.0,港股主板
00406,216.0,港股主板
08452,216.0,港股GEM
08221,216.0,港股GEM
00214,215.0,港股主板
08448,215.0,港股GEM
08043,215.0,港股GEM
01967,215.0,港股主板
01835,214.0,港股主板
02925,214.0,港股主板
02439,214.0,港股主板
02195,214.0,港股主板
01650,212.0,港股主板
08420,211.0,港股GEM
01235,211.0,港股主板
08385,211.0,港股GEM
02116,210.0,港股主板
00114,210.0,港股主板
02272,210.0,港股主板
00770,210.0,港股主板
02227,207.0,港股主板
00413,207.0,港股主板
01975,206.0,港股主板
08079,206.0,港股GEM
00191,206.0,港股主板
02605,205.0,港股主板
00387,205.0,港股主板
02797,203.0,港股主板
08612,203.0,港股GEM
01767,202.0,港股主板
00430,201.0,港股主板
08432,200.0,港股GEM
02479,200.0,港股主板
01540,199.0,港股主板
00093,199.0,港股主板
00428,198.0,港股主板
01869,198.0,港股主板
09893,198.0,港股主板
08400,198.0,港股GEM
09609,197.0,港股主板
02261,197.0,港股主板
00310,197.0,港股主板
08205,196.0,港股GEM
02427,195.0,港股主板
01283,194.0,港股主板
00247,193.0,港股主板
08426,193.0,港股GEM
08525,192.0,港股GEM
02175,192.0,港股主板
01271,191.0,港股主板
02917,191.0,港股主板
08347,191.0,港股GEM
02934,191.0,港股主板
01795,191.0,港股主板
01751,191.0,港股主板
01719,191.0,港股主板
01059,190.0,港股主板
02619,189.0,港股主板
02405,188.0,港股主板
01667,188.0,港股主板
06063,187.0,港股主板
01689,187.0,港股主板
08412,186.0,港股GEM
01379,186.0,港股主板
01542,186.0,港股主板
06083,185.0,港股主板
08208,185.0,港股GEM
01690,185.0,港股主板
01406,184.0,港股主板
81299,184.0,港股主板
08411,184.0,港股GEM
08472,183.0,港股GEM
08403,182.0,港股GEM
08431,182.0,港股GEM
06113,182.0,港股主板
08620,181.0,港股GEM
01577,181.0,港股主板
08507,181.0,港股GEM
08098,181.0,港股GEM
01621,181.0,港股主板
08547,180.0,港股GEM
08500,180.0,港股GEM
00948,179.0,港股主板
06228,179.0,港股主板
01631,179.0,港股主板
08065,178.0,港股GEM
02738,178.0,港股主板
02573,178.0,港股主板
08423,177.0,港股GEM
08450,177.0,港股GEM
03789,176.0,港股主板
08659,176.0,港股GEM
08631,176.0,港股GEM
02263,175.0,港股主板
02129,175.0,港股主板
01653,174.0,港股主板
02270,173.0,港股主板
02152,172.0,港股主板
08241,172.0,港股GEM
08341,172.0,港股GEM
08286,172.0,港股GEM
01793,171.0,港股主板
08521,171.0,港股GEM
06890,171.0,港股主板
02499,171.0,港股主板
08465,170.0,港股GEM
08115,170.0,港股GEM
01891,170.0,港股主板
01413,170.0,港股主板
01370,170.0,港股主板
80737,169.0,港股主板
08627,169.0,港股GEM
02153,168.0,港股主板
08377,168.0,港股GEM
01529,168.0,港股主板
08476,168.0,港股GEM
02418,168.0,港股主板
02923,168.0,港股主板
08451,167.0,港股GEM
08429,167.0,港股GEM
02649,167.0,港股主板
09879,167.0,港股主板
00301,166.0,港股主板
08425,165.0,港股GEM
02442,164.0,港股主板
01620,164.0,港股主板
08603,163.0,港股GEM
82388,162.0,港股主板
02536,162.0,港股主板
04332,162.0,港股主板
02108,161.0,港股主板
02907,160.0,港股主板
02352,159.0,港股主板
06611,159.0,港股主板
02481,158.0,港股主板
08229,158.0,港股GEM
01930,158.0,港股主板
08447,157.0,港股GEM
01204,157.0,港股主板
01750,157.0,港股主板
08149,156.0,港股GEM
00693,156.0,港股主板
08042,156.0,港股GEM
01615,155.0,港股主板
01960,155.0,港股主板
08365,153.0,港股GEM
02966,152.0,港股主板
08537,152.0,港股GEM
08152,152.0,港股GEM
00513,152.0,港股主板
01747,152.0,港股主板
02540,151.0,港股主板
01545,151.0,港股主板
08529,151.0,港股GEM
09963,151.0,港股主板
02932,150.0,港股主板
02321,150.0,港股主板
01416,149.0,港股主板
01471,149.0,港股主板
00176,148.0,港股主板
01932,148.0,港股主板
08456,147.0,港股GEM
00277,147.0,港股主板
06163,147.0,港股主板
08493,146.0,港股GEM
01407,145.0,港股主板
08637,145.0,港股GEM
01641,145.0,港股主板
01947,145.0,港股主板
09881,145.0,港股主板
01546,145.0,港股主板
08333,144.0,港股GEM
02530,144.0,港股主板
01693,143.0,港股主板
08013,143.0,港股GEM
02433,142.0,港股主板
08549,142.0,港股GEM
01463,142.0,港股主板
03938,142.0,港股主板
01427,142.0,港股主板
02596,141.0,港股主板
02863,141.0,港股主板
00529,140.0,港股主板
08623,140.0,港股GEM
02545,139.0,港股主板
08091,139.0,港股GEM
06966,138.0,港股主板
08532,138.0,港股GEM
01656,138.0,港股主板
09998,138.0,港股主板
01867,138.0,港股主板
08616,137.0,港股GEM
08481,136.0,港股GEM
08262,136.0,港股GEM
01732,135.0,港股主板
01792,135.0,港股主板
02930,135.0,港股主板
02597,134.0,港股主板
08519,134.0,港股GEM
08526,133.0,港股GEM
01845,132.0,港股主板
00676,132.0,港股主板
03728,132.0,港股主板
01854,130.0,港股主板
80291,130.0,港股主板
06193,129.0,港股主板
08509,128.0,港股GEM
03919,128.0,港股主板
01802,127.0,港股主板
01748,125.0,港股主板
02521,125.0,港股主板
01841,124.0,港股主板
02502,124.0,港股主板
02613,123.0,港股主板
08350,123.0,港股GEM
01721,123.0,港股主板
08495,123.0,港股GEM
08285,123.0,港股GEM
01790,123.0,港股主板
02503,122.0,港股主板
02921,122.0,港股主板
02497,121.0,港股主板
02515,120.0,港股主板
08023,120.0,港股GEM
02913,120.0,港股主板
02516,120.0,港股主板
02944,119.0,港股主板
01832,119.0,港股主板
01410,119.0,港股主板
01897,119.0,港股主板
07836,118.0,港股主板
06661,118.0,港股主板
02457,118.0,港股主板
00368,116.0,港股主板
08489,115.0,港股GEM
00475,114.0,港股主板
02625,114.0,港股主板
08485,112.0,港股GEM
01213,112.0,港股主板
02936,111.0,港股主板
08103,111.0,港股GEM
80016,111.0,港股主板
01861,110.0,港股主板
02132,110.0,港股主板
08510,110.0,港股GEM
01218,109.0,港股主板
01820,108.0,港股主板
08362,108.0,港股GEM
02937,105.0,港股主板
02102,104.0,港股主板
01903,103.0,港股主板
02486,102.0,港股主板
06182,102.0,港股主板
01005,102.0,港股主板
09900,100.0,港股主板
02693,99.0,港股主板
08601,99.0,港股GEM
02260,99.0,港股主板
02535,98.0,港股主板
01770,98.0,港股主板
02347,97.0,港股主板
08439,97.0,港股GEM
02501,96.0,港股主板
08501,95.0,港股GEM
08313,94.0,港股GEM
01334,94.0,港股主板
08535,94.0,港股GEM
01481,94.0,港股主板
09639,92.0,港股主板
01402,91.0,港股主板
08657,91.0,港股GEM
00924,91.0,港股主板
02916,90.0,港股主板
08668,89.0,港股GEM
02450,89.0,港股主板
02892,89.0,港股主板
08209,88.0,港股GEM
00252,88.0,港股主板
02904,87.0,港股主板
01442,87.0,港股主板
01657,85.0,港股主板
01284,81.0,港股主板
08441,80.0,港股GEM
02528,79.0,港股主板
03860,78.0,港股主板
03119,76.0,港股主板
01915,76.0,港股主板
02372,76.0,港股主板
02671,75.0,港股主板
08169,75.0,港股GEM
02938,74.0,港股主板
01489,72.0,港股主板
02902,69.0,港股主板
02987,69.0,港股主板
03006,67.0,港股主板
00335,67.0,港股主板
02928,67.0,港股主板
02935,67.0,港股主板
02818,64.0,港股主板
08617,63.0,港股GEM
02939,63.0,港股主板
07855,62.0,港股主板
08610,61.0,港股GEM
06812,60.0,港股主板
02520,56.0,港股主板
03774,52.0,港股主板
01162,52.0,港股主板
02421,52.0,港股主板
08629,51.0,港股GEM
02483,45.0,港股主板
02295,44.0,港股主板
02922,43.0,港股主板
08572,42.0,港股GEM
08581,42.0,港股GEM
03032,39.0,港股主板
03139,38.0,港股主板
03004,35.0,港股主板
04621,34.0,港股主板
06663,32.0,港股主板
08585,29.0,港股GEM
08567,28.0,港股GEM
08573,27.0,港股GEM
09689,26.0,港股主板
02841,26.0,港股主板
08580,25.0,港股GEM
03039,25.0,港股主板
08579,24.0,港股GEM
03001,23.0,港股主板
03050,23.0,港股主板
08583,21.0,港股GEM
08582,20.0,港股GEM
09882,16.0,港股主板
09876,14.0,港股主板
03064,9.0,港股主板
03134,9.0,港股主板
03071,5.0,港股主板
03075,5.0,港股主板
03413,0.0,港股主板
03426,0.0,港股主板
03412,0.0,港股主板
SZ002821,,深市主板
02826,,港股主板
09788,,港股主板
02820,,港股主板
09711,,港股主板
09366,,港股主板
02809,,港股主板
03077,,港股主板
03033,,港股主板
02806,,港股主板
02814,,港股主板
03037,,港股主板
03088,,港股主板
03069,,港股主板
