symbol,name,followers,current,last_close,percent,market_capital,turnover_rate,pe_ttm,pb,dividend_yield
00700,腾讯控股,2809942.0,420.6,428.2,-1.77,3824349913257.0,0.14,14.2272,2.8903,1.26
01810,小米集团-W,1734069.0,23.94,24.26,-1.32,617525680997.0,0.22,16.3652,1.9654,
03690,美团-W,1439991.0,70.15,70.8,-0.92,433210258720.0,0.2,-10.1181,2.2149,
01918,融创中国,1302440.0,0.645,0.625,3.2,12877747255.0,0.26,-0.9079,0.3926,
09988,阿里巴巴-W,562055.0,105.4,108.2,-2.59,2097666532776.0,0.3,24.6389,1.612,0.94
02318,中国平安,404081.0,51.5,51.55,-0.1,932543562743.0,0.29,5.1109,0.7846,6.2
00981,中芯国际,379560.0,60.9,61.55,-1.06,521446846492.0,0.14,64.1936,2.6432,
03968,招商银行,336741.0,50.95,51.0,-0.1,1284951133371.0,0.16,7.6919,0.8293,4.63
01988,民生银行,274514.0,3.4,3.435,-1.02,148860222907.0,0.1,5.165,0.1825,5.88
03888,金山软件,223476.0,25.0,25.02,-0.08,34361007750.0,0.16,10.6343,1.0982,0.52
09992,泡泡玛特,217014.0,151.5,150.6,0.6,201764549255.0,0.24,13.4229,7.5836,1.85
02020,安踏体育,173500.0,71.35,71.4,-0.07,199541212955.0,0.16,10.8534,2.4077,3.63
01211,比亚迪股份,156491.0,74.55,75.0,-0.6,679687078471.0,0.17,20.4524,2.2635,0.56
00175,吉利汽车,154920.0,14.97,14.97,0.0,161464654992.0,0.11,8.4438,1.4689,3.34
01093,石药集团,154026.0,9.815,10.0,-1.85,113092863750.0,0.29,13.1924,2.6108,2.95
00883,中国海洋石油,148653.0,23.52,23.44,0.34,1117904517704.0,0.01,7.0361,1.1285,6.34
01024,快手-W,145841.0,29.7,30.18,-1.59,127833269791.0,0.44,7.117,1.3356,2.33
06030,中信证券,123161.0,24.0,24.02,-0.08,374982533088.0,0.06,8.5166,0.8841,2.61
00388,香港交易所,122558.0,379.0,380.0,-0.26,480510183205.0,0.15,24.2645,7.9219,3.68
00345,维他奶国际,119175.0,6.855,6.75,1.56,6975449815.0,0.05,25.4187,2.4043,2.57
09618,京东集团-SW,117952.0,104.9,103.6,1.25,295639148962.0,0.17,17.1036,1.1719,3.74
01830,完美医疗,115806.0,1.22,1.2,1.67,1532561281.0,0.03,8.575,3.9342,11.97
09633,农夫山泉,113818.0,39.76,39.36,1.02,447159504064.0,0.04,22.8352,10.4503,2.91
00941,中国移动,111375.0,79.05,78.85,0.25,1714668621549.0,0.03,11.3158,1.0182,6.9
02269,药明生物,105718.0,56.7,57.9,-2.07,233395938046.0,0.44,40.8032,4.1784,
01797,东方甄选,102504.0,24.96,25.14,-0.72,26304825281.0,0.12,41.824,4.0521,
00656,复星国际,101956.0,4.86,4.815,0.93,39497022169.0,0.01,-1.5941,0.359,
06862,海底捞,97776.0,9.21,9.225,-0.16,51336540000.0,0.09,11.1046,4.5457,8.26
00005,汇丰控股,97125.0,149.9,152.8,-1.9,2569577149421.0,0.04,13.6248,1.6655,3.93
01919,中远海控,94875.0,16.35,16.39,-0.24,249637394054.0,0.23,8.152,0.9186,6.28
02007,碧桂园,94138.0,0.187,0.186,0.54,8746658104.0,0.09,1.3485,-0.6162,
00874,白云山,93539.0,13.01,13.07,-0.46,21151540246.0,0.04,7.084,0.4674,6.75
02196,复星医药,92216.0,18.19,18.29,-0.55,48168863057.0,0.29,12.4261,0.8513,2.56
00853,微创医疗,89557.0,6.075,6.075,0.0,11648123929.0,,30.8435,1.5145,
09926,康方生物,85398.0,109.1,110.6,-1.36,100496720502.0,0.37,-90.985,10.2858,
02202,万科企业,85375.0,2.795,2.795,0.0,33346332971.0,0.19,-0.3245,0.2835,
00763,中兴通讯,85315.0,21.72,21.8,-0.37,103898377746.0,0.11,26.6984,1.1698,2.21
01088,中国神华,83534.0,43.24,43.18,0.14,937851139305.0,0.16,14.9234,1.7728,5.44
02899,紫金矿业,81277.0,32.36,32.58,-0.68,860478231079.0,0.2,11.12,3.5881,2.89
03613,同仁堂国药,80867.0,5.465,5.505,-0.73,4574751500.0,0.05,12.6883,1.1282,7.32
01177,中国生物制药,78278.0,5.675,5.79,-1.99,106025753905.0,0.18,37.009,2.8159,2.11
00939,建设银行,75758.0,9.63,9.65,-0.21,2519211673450.0,0.03,6.4818,0.5739,4.72
09626,哔哩哔哩-W,75717.0,117.4,115.9,1.29,49158401993.0,0.27,28.2809,2.6585,
02333,长城汽车,75687.0,7.115,7.075,0.57,60874991919.0,0.24,8.8405,0.5986,5.79
01398,工商银行,74940.0,7.58,7.58,0.0,2701559428735.0,0.06,6.5476,0.5423,4.79
02513,智谱,74840.0,696.0,715.5,-2.73,339361310640.0,0.43,-100.3271,11.8111,
03606,福耀玻璃,74607.0,54.85,54.0,1.57,143144432730.0,0.2,14.7738,3.2232,6.61
00241,阿里健康,73796.0,2.82,2.83,-0.35,45614348721.0,0.16,20.757,2.2101,8.09
09868,小鹏集团-W,71565.0,38.0,37.2,2.15,72919306142.0,0.31,-20.119,2.3175,
02319,蒙牛乳业,70207.0,17.3,17.22,0.46,66971630475.0,0.19,30.173,1.4257,3.52
06160,百济神州,70178.0,217.0,220.6,-1.63,334675884277.0,0.07,65.3079,8.2489,
01928,金沙中国有限公司,69901.0,11.27,11.43,-1.4,91212387709.0,0.27,13.3094,9.0345,8.87
02331,李宁,69875.0,12.4,12.33,0.57,32051690537.0,0.18,9.2553,0.9671,5.52
01347,华虹宏力,69359.0,105.3,108.2,-2.68,203070501808.0,0.42,253.063,3.6277,
02015,理想汽车-W,69198.0,43.5,42.6,2.11,89663475246.0,0.19,-17.0023,1.1782,
01299,友邦保险,69112.0,68.8,68.8,0.0,711849167056.0,0.35,11.4252,2.2319,2.9
01548,金斯瑞生物科技,68939.0,42.9,49.14,-12.7,97833298263.0,1.21,-19.7174,2.9785,
01801,信达生物,67807.0,97.5,99.35,-1.86,170122397445.0,0.25,118.1676,7.0943,
02359,药明康德,66777.0,218.4,218.6,-0.09,658422528254.0,0.42,26.2416,6.796,1.05
09888,百度集团-W,66646.0,84.75,86.15,-1.63,231669336956.0,0.25,-64.4302,0.7371,
02382,舜宇光学科技,66222.0,65.05,64.1,1.48,70186660240.0,0.37,12.8782,2.1094,1.85
00992,联想集团,65426.0,35.16,35.4,-0.68,436503205540.0,0.31,69.8577,8.3518,1.2
00020,商汤-W,64542.0,1.21,1.22,-0.82,51082074751.0,0.18,143.5985,1.4732,
01060,大麦娱乐,61816.0,0.425,0.43,-1.16,12740121438.0,0.09,15.9173,0.6666,
03800,协鑫科技,60581.0,0.715,0.715,0.0,22993028611.0,0.09,-6.2967,0.5447,
06186,中国飞鹤,60100.0,2.73,2.725,0.18,24044924642.0,0.16,11.8424,0.8562,7.77
06969,思摩尔国际,58635.0,9.23,9.13,1.1,57190796319.0,0.03,43.7968,2.3496,4.33
01357,美图公司,57783.0,3.705,3.735,-0.8,16734850437.0,0.24,17.9998,2.4573,3.16
00914,海螺水泥,57462.0,15.8,15.85,-0.32,83104105995.0,0.32,11.17,0.374,5.54
01816,中广核电力,56882.0,3.085,3.04,1.48,155788872139.0,0.15,13.6608,1.0893,3.27
01833,平安好医生,56077.0,6.01,5.98,0.5,12990276757.0,0.16,24.5604,1.1191,
09880,优必选,55952.0,74.4,75.05,-0.87,37453062151.0,0.19,-54.3221,4.6586,
00285,比亚迪电子,55229.0,23.74,23.9,-0.67,53491074830.0,0.1,21.3157,1.3475,0.77
03988,中国银行,54852.0,5.985,6.015,-0.5,1928441284707.0,0.04,7.1375,0.5399,4.43
01448,福寿园,53521.0,2.64,2.64,0.0,6124439434.0,,-29.0641,1.3004,6.74
03323,中国建材,52971.0,3.145,3.21,-2.02,23880052171.0,0.6,-3.6084,0.1946,5.6
00728,中国电信,52671.0,4.525,4.505,0.44,414069802613.0,0.07,12.0522,0.759,6.5
00857,中国石油股份,52339.0,9.585,9.67,-0.88,1754256072386.0,0.08,8.6891,0.9255,6.23
00772,阅文集团,51605.0,19.56,19.63,-0.36,19839581193.0,0.06,-12.1088,0.9819,
01378,中国宏桥,50817.0,20.98,21.2,-1.04,206010966704.0,0.08,6.5313,1.3443,7.86
01336,新华保险,49825.0,44.22,44.56,-0.76,137946350652.0,0.19,2.7308,0.9684,7.23
00386,中国石油化工股份,49453.0,4.42,4.39,0.68,533557997940.0,0.21,13.0686,0.5458,5.77
09999,网易,49331.0,188.5,185.6,1.56,603511430464.0,0.07,16.1927,3.1081,2.48
09660,地平线机器人-W,48769.0,3.995,4.04,-1.11,63414579251.0,0.38,-41.0232,2.8246,
00799,IGG,48370.0,3.0,3.0,0.0,3435496797.0,0.05,6.0551,1.0797,23.6
01772,赣锋锂业,48279.0,29.9,30.16,-0.86,62691162680.0,0.27,8.583,1.1297,0.59
00762,中国联通,47649.0,5.555,5.44,2.11,169972580736.0,0.04,9.3175,0.3956,2.81
09995,荣昌生物,47523.0,71.9,74.4,-3.36,40585931028.0,0.26,6.0842,4.217,
01766,中国中车,47514.0,5.29,5.235,1.05,151816991026.0,0.11,9.5079,0.7441,5.09
02400,心动公司,47014.0,38.58,38.12,1.21,18668104443.0,0.1,10.9341,4.0049,
00100,MINIMAX-W,46042.0,240.2,249.2,-3.61,84665739957.0,0.8,-5.9547,4.9594,
00836,华润电力,45659.0,19.83,19.7,0.66,102661054984.0,0.08,7.7211,0.7736,5.51
03900,绿城中国,45343.0,6.295,6.3,-0.08,15986773754.0,0.09,-282.7555,0.3958,
02618,京东物流,45004.0,9.965,9.87,0.96,66055210465.0,0.08,7.8855,1.0056,
00998,中信银行,44533.0,8.26,8.275,-0.18,459629040301.0,0.06,5.9169,0.458,5.4
02097,蜜雪集团,44112.0,172.8,171.7,0.64,65598128640.0,0.02,10.4861,2.1064,1.8
03993,洛阳钼业,44015.0,15.32,15.42,-0.65,327760831896.0,0.29,10.3053,3.1514,2.91
01171,兖矿能源,43859.0,11.39,11.37,0.18,114319744508.0,0.15,8.7261,0.9153,5.35
06618,京东健康,43804.0,35.34,35.14,0.57,112751598929.0,0.06,15.8574,1.5872,
06060,众安在线,43427.0,9.605,9.485,1.27,16182627905.0,0.11,7.0789,0.5218,
01951,锦欣生殖,43320.0,2.29,2.23,2.69,6116108053.0,0.2,34.5593,0.5894,1.83
06055,中烟香港,43229.0,22.58,22.56,0.09,15618134400.0,0.02,17.3349,3.865,2.3
01288,农业银行,43181.0,6.575,6.55,0.38,2301138447715.0,0.08,7.1142,0.6006,4.44
00867,康哲药业,41851.0,10.65,10.78,-1.21,25912850603.0,0.06,14.6759,1.2489,3.31
01030,新城发展,41813.0,1.445,1.45,-0.34,10496106498.0,0.02,27.411,0.1913,
00819,天能动力,41463.0,3.71,3.73,-0.54,4177921895.0,0.27,4.0583,0.2108,9.7
02186,绿叶制药,40580.0,1.79,1.84,-2.72,7150183556.0,0.09,8.9692,0.3986,
02018,瑞声科技,40098.0,39.76,39.36,1.02,45814354600.0,0.15,15.9175,1.632,0.89
09866,蔚来-SW,39971.0,27.16,26.66,1.88,67281426980.0,0.08,-12.1118,14.3797,
00966,中国太平,39700.0,18.99,19.18,-0.99,68250412037.0,0.06,2.1217,0.5705,6.48
02628,中国人寿,39674.0,27.26,27.3,-0.15,770495858300.0,0.24,2.7314,1.0076,3.68
03933,联邦制药,39527.0,7.61,7.62,-0.13,14993804226.0,0.08,23.1389,0.7557,3.99
00960,龙湖集团,39031.0,5.27,5.29,-0.38,37403311323.0,0.34,-313.3269,0.1967,1.54
01952,云顶新耀,39002.0,28.74,29.84,-3.69,10187383391.0,0.18,-157.6557,1.674,
02228,晶泰控股,38516.0,7.3,8.305,-12.1,31398586107.0,1.18,-128.6312,3.0021,
00001,长和,37989.0,67.9,67.35,0.82,260060021550.0,0.12,6.8817,0.4496,3.46
02013,微盟集团,37556.0,0.78,0.785,-0.64,3223161402.0,0.24,-8.223,1.0168,
00268,金蝶国际,37503.0,7.375,7.315,0.82,25919782436.0,0.25,94.772,2.8114,
00493,国美零售,37435.0,0.01,0.01,0.0,764283719.0,0.01,-0.1389,-0.0293,
00288,万洲国际,37422.0,6.685,6.55,2.06,85770017692.0,0.47,7.1181,0.9799,9.12
01530,三生制药,37095.0,15.7,16.01,-1.94,39556857725.0,0.33,4.2633,1.234,1.6
00916,龙源电力,36374.0,5.275,5.3,-0.47,44098030265.0,0.24,10.4324,0.499,3.6
01375,中州证券,36318.0,1.545,1.545,0.0,7173256862.0,0.03,10.15,0.4215,2.59
00902,华能国际电力股份,36309.0,6.14,6.09,0.82,96386293224.0,0.27,8.9233,0.5817,7.62
00291,华润啤酒,36065.0,18.57,18.63,-0.32,60244365126.0,0.07,17.8076,1.4649,6.32
00708,恒大汽车,35863.0,0.17,0.17,0.0,1843444810.0,,-13.5583,-0.0492,
01109,华润置地,35618.0,29.76,29.54,0.74,212216761871.0,0.1,7.9633,0.6277,4.59
00817,中国金茂,35357.0,1.315,1.29,1.94,17768893248.0,0.07,37.0009,0.2804,2.28
02600,中国铝业,35293.0,7.63,7.69,-0.78,130890809240.0,0.17,6.5216,1.3353,6.49
01068,雨润食品,35227.0,0.075,0.075,0.0,136706674.0,0.0,-1.9543,-0.1669,
02338,潍柴动力,35192.0,30.86,29.48,4.68,266637208364.0,1.0,17.9149,2.3875,3.38
00189,东岳集团,34521.0,11.2,11.21,-0.09,19406370334.0,0.15,8.9819,1.1078,2.68
01359,中国信达,34019.0,0.885,0.9,-1.67,33775613605.0,0.03,54.8554,0.1514,3.73
03908,中金公司,33663.0,20.2,20.1,0.5,97510588734.0,0.19,6.5823,0.6318,1.86
02601,中国太保,33540.0,27.58,27.68,-0.36,265329017329.0,0.1,4.1092,0.7189,6.66
00390,中国中铁,33205.0,3.275,3.24,1.08,80340041327.0,0.15,3.7789,0.1827,8.27
06181,老铺黄金,32980.0,321.2,322.6,-0.43,56770333400.0,0.15,7.2176,3.7288,7.84
06682,范式智能,32940.0,25.64,26.02,-1.46,14282439782.0,0.07,78.6814,1.372,
08083,有赞,32739.0,0.162,,,5269805629.0,,29.025,3.7564,
06098,碧桂园服务,32683.0,5.22,5.215,0.1,17360788329.0,0.1,25.6857,0.4252,10.19
06869,长飞光纤光缆,32302.0,179.7,180.0,-0.17,148774547908.0,0.81,37.554,7.8428,0.88
01818,招金矿业,32162.0,17.47,17.54,-0.4,61885609274.0,0.12,15.3556,2.101,0.67
01888,建滔积层板,32155.0,53.6,55.1,-2.72,168917720000.0,0.77,38.4304,9.2119,1.27
01610,中粮家佳康,32134.0,1.075,1.09,-1.38,4925648197.0,0.08,-1.6571,0.6058,
01579,颐海国际,32106.0,14.04,13.84,1.45,14555268000.0,0.08,13.9214,2.7315,7.24
01099,国药控股,31790.0,14.85,14.92,-0.47,46341744436.0,0.24,5.7207,0.4725,5.44
02498,速腾聚创,31457.0,16.07,16.06,0.06,7564079144.0,0.11,-41.2621,1.8415,
01811,中广核新能源,31386.0,2.055,2.02,1.73,8815793820.0,0.05,5.8488,0.5959,8.71
00968,信义光能,31346.0,1.915,1.885,1.59,17489778523.0,0.18,104.101,0.5083,0.52
01458,周黑鸭,31143.0,1.055,1.04,1.44,2195523575.0,0.1,13.5622,0.5601,8.53
00880,澳博控股,30783.0,1.29,1.3,-0.77,9161328922.0,0.01,-16.9184,0.6957,
02799,中信金融资产,30730.0,0.605,0.615,-1.63,48549240823.0,0.04,3.8843,0.6394,
06185,康希诺生物,30722.0,38.0,40.6,-6.4,9387664438.0,1.26,208.7647,1.6381,
01128,永利澳门,30645.0,5.025,5.065,-0.79,26637261690.0,0.08,9.0437,-2.0394,8.84
03328,交通银行,30261.0,8.205,8.235,-0.36,725024849550.0,0.02,6.9859,0.4858,4.63
02099,中国黄金国际,30126.0,215.2,215.4,-0.09,85308239646.0,0.1,14.1212,4.1344,1.71
03750,宁德时代,29982.0,486.4,488.6,-0.45,2250694247270.0,0.88,23.213,5.1054,1.54
09961,携程集团-S,29909.0,302.8,301.0,0.6,196693906207.0,0.15,7.2552,1.0742,
00322,康师傅控股,29784.0,11.75,11.51,2.09,66239289730.0,0.17,12.4203,4.457,7.95
02298,都市丽人,29621.0,0.244,0.249,-2.01,548867560.0,0.01,3.7909,0.2189,6.56
09863,零跑汽车,29418.0,35.08,34.92,0.46,49877187832.0,0.14,62.0399,3.0175,
00788,中国铁塔,29200.0,8.975,8.785,2.16,157967602740.0,0.43,10.3298,0.664,6.74
09696,天齐锂业,29181.0,27.36,27.96,-2.15,46870558491.0,0.4,8.8248,0.8246,
02238,广汽集团,29023.0,2.33,2.375,-1.89,23759163547.0,0.07,-1.9542,0.2054,
02233,西部水泥,28727.0,1.805,1.79,0.84,9859871740.0,0.04,16.5176,0.6865,3.1
02208,金风科技,28383.0,8.72,8.82,-1.13,36801440202.0,0.51,10.6155,0.7194,2.68
01860,汇量科技,28372.0,12.55,12.39,1.29,21340791662.0,0.08,36.008,6.2428,
06855,亚盛医药,28178.0,28.88,30.78,-6.17,10790037011.0,0.32,-6.4231,16.7774,
02380,中国电力,28114.0,2.735,2.745,-0.36,33832362939.0,0.03,18.0346,0.5194,7.2
01339,中国人民保险集团,27521.0,5.34,5.322,0.34,236156109713.0,0.13,3.6059,0.5944,7.23
01658,邮储银行,27327.0,5.365,5.37,-0.09,644309961985.0,0.04,6.625,0.4672,4.77
01877,君实生物,27215.0,17.89,18.54,-3.51,18367481792.0,0.21,-40.4972,2.6769,
01114,华晨中国,27138.0,1.755,1.77,-0.85,8854447776.0,0.17,7.1077,0.3714,28.49
02367,巨子生物,26920.0,22.76,23.0,-1.04,24164383040.0,0.2,12.5711,2.2429,6.23
09896,名创优品,26718.0,17.4,17.27,0.75,21124321213.0,0.1,14.4701,1.7729,4.33
09922,九毛九,26511.0,0.99,0.96,3.13,1324207863.0,0.07,15.4177,0.3741,2.12
03320,华润医药,26481.0,4.29,4.32,-0.69,26951969878.0,0.07,5.6692,0.4411,5.71
00220,统一企业中国,26479.0,7.185,7.01,2.5,31034414790.0,0.13,12.4488,2.0811,7.74
00392,北京控股,26169.0,29.06,28.98,0.28,36557574968.0,0.05,6.1038,0.3483,5.57
00316,东方海外国际,25722.0,144.0,142.7,0.91,95093754768.0,0.04,9.5109,0.8745,5.29
01898,中煤能源,25620.0,10.15,10.22,-0.68,134575433510.0,0.05,7.656,0.6992,4.62
00570,中国中药,25524.0,1.205,1.2,0.42,6068141232.0,0.04,-5.2326,0.2676,
02313,申洲国际,25474.0,33.96,33.78,0.53,51036310458.0,0.18,9.8065,1.1821,6.12
02727,上海电气,25413.0,2.87,2.865,0.17,44600149095.0,0.08,28.51,0.6999,0.59
00354,中国软件国际,25371.0,3.915,3.87,1.16,10696090687.0,0.14,25.6513,0.7843,1.2
06886,华泰证券,24873.0,16.68,16.7,-0.12,150568087950.0,0.1,6.684,0.602,5.12
01788,国泰君安国际,24632.0,2.88,2.9,-0.69,27446240756.0,0.08,18.6693,1.6956,0.69
01208,五矿资源,24593.0,8.62,8.605,0.17,110736161226.0,0.06,13.2906,2.4644,
00358,江西铜业股份,24534.0,33.38,33.5,-0.36,115585907539.0,0.14,8.4911,1.1456,3.51
00151,中国旺旺,24477.0,2.71,2.745,-1.28,31638253086.0,0.1,7.2647,1.3651,4.02
00148,建滔集团,24392.0,60.8,61.1,-0.49,68204329549.0,0.57,15.0516,0.853,3.58
00027,银河娱乐,24376.0,30.72,30.52,0.66,134530274673.0,0.46,12.5569,1.5899,5.53
03896,金山云,23921.0,4.87,4.925,-1.12,22069791981.0,0.12,-31.4451,2.1542,
02226,老恒和酿造,23889.0,0.63,0.65,-3.08,364612500.0,,-0.6354,-0.0879,
00688,中国海外发展,23828.0,13.06,13.0,0.46,142940178967.0,0.04,11.1414,0.3138,3.68
01787,山东黄金,23707.0,18.95,19.06,-0.58,87358164499.0,0.56,15.284,1.603,1.73
06690,海尔智家,23681.0,19.72,19.94,-1.1,183456898594.0,0.1,8.9574,1.3159,6.89
00302,中手游,23627.0,0.175,0.177,-1.13,545713804.0,0.02,-0.5236,0.2038,
00139,小鱼盈通,23133.0,0.089,0.089,0.0,131207517.0,0.18,-1.3968,0.154,2.25
01186,中国铁建,23127.0,4.34,4.315,0.58,58935210110.0,0.02,3.6774,0.146,8.09
00991,大唐发电,22953.0,2.72,2.72,0.0,50338252571.0,0.1,6.0935,0.5198,9.3
03692,翰森制药,22759.0,33.92,34.6,-1.97,205695970374.0,0.07,26.8191,4.6826,1.43
02669,中海物业,22627.0,3.265,3.235,0.93,10722130902.0,0.03,7.2099,1.4854,6.13
06881,中国银河,22603.0,7.16,7.195,-0.49,78290320153.0,0.04,5.3941,0.4364,5.73
00486,俄罗斯铝业,22454.0,2.735,2.795,-2.15,41552895648.0,0.0,97.2582,0.436,
00520,呷哺呷哺,22387.0,0.218,0.219,-0.46,236786037.0,0.01,-0.8337,0.4804,
01258,中国有色矿业,22386.0,15.63,15.71,-0.51,60988822680.0,0.03,13.6119,2.5438,2.64
09688,再鼎医药,22174.0,19.89,20.8,-4.38,22631399517.0,0.22,-15.4478,4.7543,
03998,波司登,22162.0,4.085,4.045,0.99,47897787068.0,0.22,10.565,2.2557,7.66
00699,均胜电子,22145.0,12.16,12.19,-0.25,18782099646.0,0.13,12.0292,0.9804,1.79
02357,中航科工,21977.0,3.06,3.045,0.49,24396933981.0,0.04,13.6541,0.6028,2.55
01138,中远海能,21972.0,20.3,20.28,0.1,111066403461.0,0.52,14.4547,1.9892,3.81
02388,中银香港,21947.0,50.9,51.15,-0.49,538154515539.0,0.06,12.9054,1.4934,4.64
02150,奈雪的茶,21763.0,0.665,0.69,-3.62,1101197870.0,0.04,-4.3958,0.2723,
03883,中国奥园,21668.0,0.038,0.036,5.56,179009719.0,0.27,-0.0103,-0.003,
06078,海吉亚医疗,21610.0,9.42,9.415,0.05,5672891676.0,0.04,27.0244,0.7017,
00696,中国民航信息网络,21599.0,8.885,8.915,-0.34,25999372198.0,0.09,9.274,0.9011,3.64
06088,鸿腾精密科技,21591.0,4.905,5.015,-2.19,35824837696.0,0.06,28.2952,1.6653,
09901,新东方-S,21490.0,44.58,44.18,0.91,70449266368.0,0.91,18.9233,2.256,2.11
06049,保利物业,21440.0,27.12,27.34,-0.8,15006401808.0,0.03,8.2106,1.2162,6.05
02607,上海医药,21409.0,10.86,10.94,-0.73,40272809246.0,0.06,7.274,0.4431,6.14
02282,美高梅中国,21290.0,9.385,9.35,0.37,35663008456.0,0.09,7.7658,9.3238,6.43
01880,中国中免,21213.0,45.36,45.04,0.71,94248855772.0,0.1,19.6155,1.4248,1.76
03396,联想控股,20908.0,24.44,24.06,1.58,57586283196.0,0.26,19.2486,0.8658,0.48
01072,东方电气,20879.0,17.97,18.0,-0.17,62146735058.0,0.25,11.7087,1.1705,3.45
01666,同仁堂科技,20774.0,3.08,3.07,0.33,3944814720.0,0.11,11.0204,0.4691,6.85
00168,青岛啤酒股份,20591.0,39.44,39.44,0.0,53803855572.0,0.1,10.0396,1.4906,6.98
06699,时代天使,20577.0,83.2,83.8,-0.72,14338273747.0,0.05,44.7929,4.435,11.99
03759,康龙化成,20351.0,32.16,32.94,-2.37,59027004224.0,0.68,30.2615,2.7569,0.72
01066,威高股份,20329.0,3.25,3.295,-1.37,14637514853.0,0.06,9.2386,0.5151,5.69
02888,渣打集团,20032.0,230.0,236.4,-2.71,500246234210.0,0.02,13.2236,1.1506,2.43
00305,五菱汽车,19916.0,0.31,0.31,0.0,1022430013.0,0.01,13.6301,0.4362,1.94
02883,中海油田服务,19744.0,7.34,7.34,0.0,35023485280.0,0.18,7.878,0.643,4.51
01585,雅迪控股,19649.0,8.17,8.04,1.62,25430328392.0,0.17,9.0117,2.1431,6.49
01113,长实集团,19634.0,45.4,45.22,0.4,158889936318.0,0.1,12.0116,0.3895,3.96
02268,药明合联,19619.0,84.0,84.2,-0.24,106536845856.0,0.16,59.929,8.1578,
03898,时代电气,19541.0,28.0,27.96,0.14,37259695536.0,0.17,7.9153,0.76,4.87
01958,北京汽车,19274.0,0.695,0.71,-2.11,5570660036.0,0.45,-2.6528,0.0888,
03696,英矽智能,19254.0,53.0,59.3,-10.62,30882257830.0,2.43,-13.353,4.6231,
01515,华润医疗,19230.0,2.315,2.345,-1.28,3001806135.0,0.04,6.1744,0.3864,6.78
03986,兆易创新,19193.0,431.0,442.8,-2.66,303411685037.0,2.2,33.2388,7.041,0.2
03618,重庆农村商业银行,19038.0,6.265,6.265,0.0,71151605000.0,0.19,4.9985,0.4222,6.0
02252,微创机器人-B,18964.0,21.18,21.18,0.0,21843576411.0,,-78.6033,46.6289,
02577,英诺赛科,18941.0,38.02,39.5,-3.75,34792126827.0,0.09,-42.2706,7.8038,
01055,中国南方航空股份,18638.0,2.88,2.855,0.88,52188395017.0,0.04,-31.7751,1.4887,
06099,招商证券,18637.0,13.97,14.14,-1.2,121490479480.0,0.06,6.1883,0.7256,5.16
02158,医渡科技,18624.0,3.325,3.335,-0.3,3391453766.0,0.15,41.0962,0.8048,1.2
02866,中远海发,18601.0,0.86,0.865,-0.58,11293568779.0,0.1,5.9897,0.3095,5.0
09985,卫龙美味,18553.0,6.47,6.45,0.31,15724286718.0,0.02,9.4206,1.8061,8.15
01789,爱康医疗,18550.0,4.735,4.75,-0.32,5099435819.0,0.14,11.8921,1.5892,2.56
00460,四环医药,18526.0,0.715,0.74,-3.38,6517931567.0,0.12,18.7681,0.9172,1.54
00384,中国燃气,18482.0,5.43,5.4,0.56,29583469384.0,0.05,10.8801,0.5174,6.45
00371,北控水务集团,18429.0,1.53,1.51,1.32,15370395103.0,0.03,10.6222,0.376,9.67
01516,融创服务,18415.0,0.74,0.745,-0.67,2240700020.0,0.04,9.5068,0.3732,1.62
01157,中联重科,18383.0,5.655,5.62,0.62,48907466760.0,0.07,10.7342,0.7373,8.28
01896,猫眼娱乐,18287.0,3.665,3.71,-1.21,4303231005.0,0.09,10.7589,0.4152,5.95
02688,新奥能源,18187.0,49.44,48.96,0.98,55958133212.0,0.14,8.0025,1.0105,6.07
01368,特步国际,18137.0,3.45,3.43,0.58,9712084598.0,0.1,6.6027,0.7682,7.97
00753,中国国航,17973.0,3.7,3.665,0.95,75822475811.0,0.07,-28.5405,1.1008,
02369,酷派集团,17730.0,0.49,0.495,-1.01,194985797.0,0.02,-2.2307,0.1137,
00013,和黄医药,17538.0,22.34,22.96,-2.7,19487966581.0,0.62,177.2238,1.9711,
01071,华电国际电力股份,17527.0,4.23,4.225,0.12,49117804798.0,0.05,8.095,0.6029,3.88
00751,创维集团,17431.0,2.875,2.98,-3.52,5439513605.0,0.1,5.5479,0.263,
00136,中国儒意,17383.0,1.44,1.475,-2.37,24192885046.0,0.04,14.9864,0.8718,
06066,中信建投证券,17266.0,11.26,11.23,0.27,87340383414.0,0.07,6.6175,0.603,3.53
01317,枫叶教育,17215.0,0.165,0.16,3.13,469242662.0,0.01,1.3545,0.2071,
01776,广发证券,17136.0,17.04,17.09,-0.29,133335367507.0,0.03,6.5173,0.6498,5.15
00884,旭辉控股集团,17120.0,0.035,0.03,16.67,685889741.0,1.2,0.0348,0.0232,
01038,长江基建集团,17033.0,65.2,65.35,-0.23,164278633614.0,0.03,6.527,1.041,4.03
02096,先声药业,16994.0,11.4,11.53,-1.13,29277464245.0,0.05,16.3343,2.6983,1.85
00868,信义玻璃,16994.0,8.015,7.865,1.91,35751612435.0,0.16,10.8459,0.8305,4.52
00697,首程控股,16979.0,1.3,1.3,0.0,10313564509.0,0.08,58.2951,1.0246,6.77
00135,昆仑能源,16930.0,7.375,7.465,-1.21,63571376847.0,0.07,10.0781,0.7863,5.42
01193,华润燃气,16914.0,16.36,16.33,0.18,37857250570.0,0.03,10.6003,0.8183,5.81
09969,诺诚健华,16898.0,13.51,13.97,-3.29,23874900898.0,0.13,23.1164,2.6814,
00512,远大医药,16767.0,4.825,4.875,-1.03,17126680789.0,0.02,15.44,0.9923,3.5
00300,美的集团,16749.0,90.45,90.8,-0.39,690069223517.0,0.26,13.5757,2.783,5.57
03347,泰格医药,16735.0,45.36,47.16,-3.82,39056141628.0,0.48,430.1385,1.7417,0.32
00694,北京首都机场股份,16590.0,1.4,1.43,-2.1,6410850568.0,0.49,-12.7613,0.4323,
06666,恒大物业,16478.0,1.18,1.17,0.85,12756756980.0,0.01,10.8271,5.2047,
03383,雅居乐集团,16475.0,0.159,0.151,5.3,802321553.0,0.16,-0.0302,-0.302,
01112,H&H国际控股,16472.0,19.3,18.86,2.33,12459334132.0,0.09,14.7236,1.6529,5.08
01799,新特能源,16456.0,3.84,3.75,2.4,5491200000.0,0.69,-4.205,0.1508,
01800,中国交通建设,16407.0,3.345,3.335,0.3,54235115103.0,0.02,3.93,0.15,6.85
01164,中广核矿业,16350.0,2.215,2.105,5.23,16835512059.0,0.33,38.2385,3.7564,0.63
01044,恒安国际,16250.0,19.39,19.2,0.99,22401672581.0,0.12,8.0967,0.8835,8.45
06082,壁仞科技,16218.0,34.44,35.6,-3.26,89546605386.0,0.27,-5.2549,4.7641,
06993,蓝月亮集团,16147.0,2.44,2.37,2.95,14149397145.0,0.02,-164.3922,2.099,7.42
01638,佳兆业集团,15868.0,0.02,0.022,-9.09,253463679.0,2.35,0.0044,0.1036,
01618,中国中冶,15840.0,1.295,1.3,-0.38,26795646825.0,0.09,-35.5692,0.1485,
00119,保利置业集团,15833.0,1.265,1.265,0.0,4833796644.0,0.05,-5.8054,0.1285,2.06
01513,丽珠医药,15819.0,21.74,21.9,-0.73,19303101898.0,0.13,10.0238,1.2544,7.7
02666,环球医疗,15797.0,4.47,4.475,-0.11,9003496010.0,0.03,3.5812,0.3617,8.05
02328,中国财险,15754.0,15.55,15.625,-0.48,345875000462.0,0.18,6.2358,0.9776,7.68
00813,世茂集团,15568.0,0.065,0.053,22.64,675064386.0,2.08,0.036,-0.0949,
02611,国泰海通,15448.0,14.22,14.23,-0.07,250002644021.0,0.04,6.8234,0.5798,5.35
00777,网龙,15441.0,8.28,8.04,2.99,4356110062.0,0.19,24.6369,0.7143,12.08
01929,周大福,15393.0,10.99,10.91,0.73,108430979888.0,0.03,12.0421,3.5008,6.1
00546,阜丰集团,15325.0,4.325,4.3,0.58,10844271610.0,0.25,9.1796,0.4784,4.3
03899,中集安瑞科,15291.0,7.035,6.98,0.79,14841862634.0,0.06,11.9247,1.0041,4.41
01302,先健科技,15147.0,1.305,1.32,-1.14,6044384682.0,0.06,93.7032,1.5816,
00806,惠理集团,15125.0,1.9,1.9,0.0,3470748679.0,0.04,5.7499,0.8032,2.89
02689,玖龙纸业,15080.0,5.23,5.31,-1.51,24540314842.0,0.06,5.9304,0.423,
00336,华宝国际,15056.0,3.31,3.315,-0.15,10663631300.0,0.03,-24.1449,0.8157,3.26
00267,中信股份,15041.0,12.76,12.78,-0.16,371191751159.0,0.03,5.2894,0.4002,5.45
00558,力劲科技,15005.0,1.155,1.16,-0.43,1575872183.0,0.06,41.6292,0.8238,5.19
01333,博雷顿,14985.0,17.6,18.7,-5.88,7178704931.0,0.54,-27.806,7.423,
06865,福莱特玻璃,14952.0,5.35,5.34,0.19,12469560778.0,0.26,32.3167,0.4979,3.38
00317,中船防务,14925.0,14.56,14.56,0.0,20580652864.0,0.02,13.6076,0.9338,1.89
00165,中国光大控股,14904.0,6.385,6.26,2.0,10760344951.0,0.05,-2.4088,0.3312,1.41
09966,康宁杰瑞制药-B,14865.0,8.085,8.38,-3.52,7814772595.0,0.06,-39.6234,4.013,
00257,光大环境,14806.0,4.49,4.485,0.11,27581959061.0,0.03,6.6468,0.4252,6.24
00144,招商局港口,14781.0,17.11,17.08,0.18,71827937172.0,0.03,10.7126,0.6173,4.32
01478,丘钛科技,14746.0,5.02,4.995,0.5,5998351439.0,0.25,3.6493,0.8111,10.96
00956,新天绿色能源,14527.0,3.3,3.265,1.07,14850882661.0,0.03,7.549,0.4975,7.09
02460,华润饮料,14523.0,7.25,7.255,-0.07,17386925350.0,0.0,19.3362,1.4218,5.49
00769,中国稀土,14501.0,0.7,0.7,0.0,1953315197.0,,-18.6165,0.9448,
02777,富力地产,14460.0,0.213,0.161,32.3,799254244.0,0.36,-0.0401,-0.0722,
02142,和铂医药-B,14383.0,12.82,13.65,-6.08,11143971172.0,0.76,16.9694,3.4015,
01209,华润万象生活,14370.0,36.86,36.84,0.05,84132950000.0,0.12,17.5963,4.6129,5.8
00297,中化化肥,14240.0,1.195,1.2,-0.42,8394224601.0,0.03,5.4031,0.6087,5.77
02259,紫金黄金国际,14230.0,139.1,140.1,-0.71,372278796630.0,0.34,18.8426,5.0848,2.16
09987,百胜中国,14209.0,322.6,320.6,0.62,109350349660.0,0.16,14.4114,2.6016,2.79
00975,蒙古焦煤,14196.0,8.385,8.435,-0.59,8601553408.0,0.03,9.2654,0.8339,
06809,澜起科技,14172.0,291.0,310.8,-6.37,355176564111.0,1.79,100.7083,14.2048,0.24
01812,晨鸣纸业,14167.0,0.615,0.615,0.0,1808995563.0,0.13,-0.3058,10.0847,
02050,三花智控,14117.0,24.0,24.18,-0.74,100992334440.0,0.34,22.0698,2.6715,2.54
02533,黑芝麻智能,13972.0,9.445,9.435,0.11,6755139456.0,0.16,-4.1171,3.9873,
02423,贝壳-W,13881.0,44.16,43.62,1.24,151723217772.0,0.07,27.8311,2.0031,1.66
01053,重庆钢铁股份,13856.0,0.84,0.845,-0.59,8071845200.0,0.05,-2.6098,0.4755,
03698,徽商银行,13851.0,4.6,4.575,0.55,63893085571.0,0.06,3.4836,0.3177,6.37
03308,中际旭创,13810.0,1071.0,1079.0,-0.74,1261541225511.0,0.43,53.879,12.6019,0.13
00881,中升控股,13767.0,2.465,2.555,-3.52,5834639872.0,0.2,-2.0524,0.1151,
00522,ASM 太平洋,13736.0,174.5,182.0,-4.12,73186736659.0,0.31,57.3502,4.2293,1.2
01276,恒瑞医药,13687.0,49.14,48.4,1.53,326152001808.0,1.05,36.8083,4.3517,0.48
00200,新濠国际发展,13540.0,2.595,2.675,-2.99,5903691515.0,0.11,5.8052,2.9946,
03918,金界控股,13431.0,2.56,2.65,-3.4,11322854810.0,0.13,4.7704,0.5783,6.33
00586,海螺创业,13408.0,7.345,7.385,-0.54,13162541578.0,0.03,6.4192,0.2298,5.45
01999,敏华控股,13396.0,2.72,2.71,0.37,10455547264.0,0.05,5.7688,0.7372,8.86
03931,中创新航,13387.0,16.05,16.16,-0.68,28445444821.0,0.16,12.8557,0.6578,
02696,复宏汉霖,13369.0,57.0,59.2,-3.72,31081122621.0,0.08,31.3769,5.9247,
09911,赤子城科技,13364.0,9.185,9.355,-1.82,12862108121.0,0.11,10.0245,3.5788,
03319,雅生活服务,13334.0,1.65,1.7,-2.94,2340591908.0,0.1,23.5981,0.2109,8.67
06808,高鑫零售,13221.0,1.015,1.025,-0.98,9683612271.0,0.03,-26.7455,0.4858,16.75
01798,大唐新能源,13188.0,1.02,1.015,0.49,7419175020.0,0.23,23.6869,0.1884,3.43
02616,基石药业-B,13158.0,5.785,5.85,-1.11,9234731864.0,0.09,-19.1611,6.1812,
00327,百富环球,13143.0,3.69,3.77,-2.12,3918344580.0,0.09,4.4479,0.4501,2.17
00598,中国外运,13069.0,4.465,4.465,0.0,32030799229.0,0.04,7.3857,0.6704,7.73
02602,万物云,13048.0,19.95,19.45,2.57,22885910409.0,0.03,28.3037,1.3634,7.4
01133,哈尔滨电气,12835.0,13.7,13.79,-0.65,30636981200.0,0.25,8.0598,1.4169,3.06
02877,神威药业,12700.0,7.375,7.24,1.86,6099125000.0,0.25,6.5858,0.638,33.02
03309,希玛医疗,12632.0,0.79,0.8,-1.25,953695007.0,0.01,9.4949,0.5198,3.8
00780,同程旅行,12629.0,9.77,9.78,-0.1,23001666949.0,0.24,8.1157,0.8435,2.56
01179,华住集团-S,12566.0,33.1,32.78,0.98,101790384089.0,0.78,17.7027,6.2533,4.99
03738,阜博集团,12546.0,3.185,3.185,0.0,8258277688.0,0.11,28.6758,2.2716,
01428,耀才证券金融,12539.0,6.735,6.68,0.82,11431290634.0,0.09,17.0553,5.2629,
00934,中石化冠德,12527.0,3.755,3.675,2.18,9335530800.0,0.02,10.9651,0.553,6.66
09927,赛力斯,12511.0,37.0,36.6,1.09,64453448182.0,0.53,45.2629,1.4939,2.53
00670,中国东方航空股份,12398.0,2.455,2.405,2.08,54225393525.0,0.09,-13.7301,1.2511,
00719,山东新华制药股份,12387.0,5.805,5.685,2.11,4044247340.0,0.08,16.1866,0.6656,3.03
00293,国泰航空,12304.0,14.23,14.32,-0.63,86534451981.0,0.15,6.4482,1.4915,6.32
01349,复旦张江,12283.0,2.55,2.525,0.99,2643258855.0,0.0,-19.0344,1.0665,
09899,网易云音乐,12260.0,82.1,82.9,-0.97,17268381664.0,0.03,8.9551,1.1821,
02869,绿城服务,12205.0,4.05,4.085,-0.86,12602034622.0,0.0,11.2069,1.3612,5.98
06199,贵州银行,12194.0,0.925,0.905,2.21,13493943238.0,0.0,2.9655,0.2197,7.57
03380,龙光集团,12187.0,1.275,1.275,0.0,7248894499.0,0.03,-1.7532,0.3637,
02128,中国联塑,12170.0,3.13,3.14,-0.32,9710569592.0,0.08,8.8441,0.3378,6.39
01070,TCL电子,12143.0,18.0,17.7,1.69,45376832790.0,0.1,15.4685,2.2185,2.77
01858,春立医疗,12107.0,7.285,7.62,-4.4,2794296523.0,0.26,8.8266,0.7963,5.78
02476,胜宏科技,11994.0,204.0,205.2,-0.58,200488101852.0,1.1,34.8491,4.5936,
06198,青岛港,11957.0,7.46,7.5,-0.53,48423606000.0,0.1,8.1434,0.8866,7.61
03833,新疆新鑫矿业,11919.0,1.9,1.86,2.15,4199000000.0,0.07,9.8617,0.6525,3.11
03330,灵宝黄金,11901.0,19.2,19.21,-0.05,26450780794.0,0.19,12.5122,2.9219,0.31
06127,昭衍新药,11884.0,29.5,32.2,-8.39,22105772490.0,1.77,19.5857,2.132,0.47
00270,粤海投资,11851.0,8.715,8.745,-0.34,56977113850.0,0.04,11.6044,1.2319,8.66
03306,江南布衣,11848.0,21.76,21.66,0.46,11604281600.0,0.15,10.0666,3.5056,14.87
02137,腾盛博药-B,11809.0,0.87,0.88,-1.14,628305400.0,0.02,-3.1137,0.2439,
06818,中国光大银行,11794.0,2.795,2.79,0.18,165144115215.0,0.01,5.0352,0.234,7.33
01361,361度,11677.0,4.385,4.405,-0.45,9505285570.0,0.03,5.9885,0.7243,7.64
01876,百威亚太,11666.0,5.675,5.67,0.09,75156277975.0,0.06,17.4584,0.9705,7.82
01308,海丰国际,11654.0,48.98,47.76,2.55,132810652852.0,0.11,13.4443,5.9823,6.52
00116,周生生,11636.0,13.23,13.0,1.77,8886749760.0,0.14,2.9938,0.5459,8.09
02171,科济药业-B,11616.0,12.38,13.0,-4.77,7356660832.0,0.08,-71.1328,5.7838,
01698,腾讯音乐-SW,11575.0,31.1,30.94,0.52,97896859900.0,0.03,9.5625,1.0864,3.03
06178,光大证券,11561.0,6.825,6.885,-0.87,31468625636.0,0.03,7.0627,0.3666,4.86
00123,越秀地产,11471.0,3.305,3.31,-0.15,13303923577.0,0.04,-9.9385,0.2084,5.02
02556,迈富时,11454.0,53.25,54.85,-2.92,14780581200.0,0.18,49.9349,4.4287,
01508,中国再保险,11429.0,1.2,1.205,-0.41,50975769702.0,0.03,4.1306,0.3934,6.75
00837,谭木匠,11411.0,5.43,5.42,0.18,1350517020.0,0.06,7.2212,1.1951,7.05
02039,中集集团,11375.0,7.355,7.36,-0.07,39048214153.0,0.01,-95.4425,0.6729,2.86
00839,中教控股,11342.0,2.08,2.0,4.0,5824650759.0,0.16,6.4766,0.2945,
00579,京能清洁能源,11216.0,1.6,1.615,-0.93,13191213030.0,0.08,4.9407,0.3031,13.19
01681,康臣药业,10937.0,14.85,14.93,-0.54,12443376241.0,0.09,9.2722,2.2437,5.27
03316,滨江服务,10900.0,21.1,21.06,0.19,5832187700.0,0.05,8.3232,2.9503,4.64
09939,开拓药业-B,10883.0,1.74,1.795,-3.06,867668574.0,0.09,-3.9604,6.9,
02469,粉笔,10772.0,0.305,0.32,-4.69,674048789.0,0.12,-2.8094,0.5208,
02302,中核国际,10760.0,3.225,3.17,1.74,1577567793.0,0.02,8.4228,1.804,
02858,易鑫集团,10751.0,1.0,0.995,0.5,6800989034.0,0.12,4.3978,0.3486,14.0
02500,启明医疗-B,10745.0,1.145,1.175,-2.55,504958102.0,0.02,-0.9578,0.2874,
01773,天立国际控股,10726.0,0.795,0.76,4.61,1660379760.0,0.03,1.9792,0.4325,5.79
01318,毛戈平,10713.0,44.7,43.7,2.29,21904966800.0,0.1,14.2492,3.7894,4.24
09858,优然牧业,10701.0,3.8,3.81,-0.26,17066665765.0,0.06,22.0161,1.0709,
02378,保诚,10687.0,94.25,95.5,-1.31,233623978816.0,0.0,8.2363,1.5036,2.35
00451,时代数字,10661.0,0.445,0.445,0.0,789013002.0,0.04,-0.6472,0.1744,
00337,绿地香港,10655.0,0.123,0.123,0.0,343401816.0,0.02,-0.0957,0.0389,
00506,中国食品,10645.0,3.685,3.69,-0.14,10307768214.0,0.09,9.8506,1.263,4.88
03311,中国建筑国际,10597.0,8.665,8.615,0.58,45770407428.0,0.03,5.2002,0.5007,7.1
01672,歌礼制药-B,10560.0,8.45,9.115,-7.3,8889271940.0,0.13,-13.1955,3.3908,
00017,新世界发展,10503.0,5.61,5.5,2.0,14118312089.0,0.21,-0.7265,0.0795,
01866,中国心连心化肥,10428.0,10.45,10.42,0.29,13298105700.0,0.06,9.2034,1.073,3.59
00434,博雅互动,10404.0,3.105,3.215,-3.42,2352340952.0,0.11,-1.8714,1.1463,1.19
01910,新秀丽,10375.0,13.33,13.05,2.15,18179393762.0,0.21,8.9358,1.5372,6.04
01316,耐世特,10317.0,4.615,4.58,0.76,11582839112.0,0.06,11.959,0.6861,3.12
01364,古茗,10298.0,22.36,22.3,0.27,52297747206.0,0.02,14.9632,5.655,5.37
02432,越疆,10261.0,20.78,20.92,-0.67,9142273212.0,0.04,-53.6564,3.1082,
02525,禾赛-W,10248.0,15.76,15.8,-0.25,19812489963.0,0.08,35.4552,1.9203,
03990,美的置业,10229.0,2.365,2.37,-0.21,3394748157.0,0.0,5.8319,0.5971,14.38
02002,阳光纸业,10220.0,1.605,1.605,0.0,1709556696.0,0.02,11.1402,0.303,
02280,慧聪集团,10220.0,0.206,0.206,0.0,269845811.0,,-1.0199,1.0691,
01045,亚太卫星,10205.0,1.95,1.95,0.0,1810716375.0,0.03,13.5479,0.2921,4.1
01995,永升服务,10133.0,1.71,1.72,-0.58,2920084920.0,0.07,5.8271,0.4832,12.05
06979,珍酒李渡,10098.0,7.9,8.26,-4.36,26770126045.0,0.08,41.7808,1.6859,0.89
00826,天工国际,10079.0,3.055,3.08,-0.81,8324875000.0,0.11,17.1998,0.9557,0.98
01117,现代牧业,10070.0,1.425,1.42,0.35,11279818418.0,0.02,-48.2554,1.1174,
00177,江苏宁沪高速公路,10061.0,10.49,10.47,0.19,52845971275.0,0.07,9.8765,1.105,5.47
01415,高伟电子,10047.0,23.34,23.12,0.95,20193810012.0,0.08,11.8206,3.1876,1.5
09973,奇瑞汽车,10038.0,24.92,26.34,-5.39,144745047226.0,0.09,7.0824,2.2981,4.04
00921,海信家电,9991.0,21.1,21.0,0.48,29220570708.0,0.01,9.1662,1.4538,7.02
00710,京东方精电,9977.0,3.78,3.785,-0.13,2992154271.0,0.22,10.0532,0.6071,4.05
01528,红星美凯龙,9928.0,1.02,1.01,0.99,4440761630.0,0.02,-0.18,0.1621,
06990,科伦博泰生物,9906.0,468.6,478.0,-1.97,112006631873.0,0.07,614.3543,12.5895,
01167,加科思-B,9888.0,6.11,6.41,-4.68,4779108680.0,0.08,8.0148,3.0636,
01611,新火集团,9888.0,1.885,1.9,-0.79,1419496187.0,0.01,-5.8694,2.6135,
03668,兖煤澳大利亚,9878.0,31.74,31.72,0.06,41910747730.0,0.02,27.1074,0.8331,3.31
00338,上海石油化工股份,9872.0,1.12,1.1,1.82,11807731600.0,0.07,-12.3324,0.4381,
01233,时代中国控股,9869.0,0.06,0.056,7.14,180270664.0,0.24,0.0231,-0.0133,
02362,金川国际,9823.0,0.77,0.805,-4.35,10111703179.0,0.48,17.2612,1.1645,0.52
06693,赤峰黄金,9776.0,34.72,34.78,-0.17,65982276100.0,0.1,15.635,4.0005,1.08
01385,上海复旦,9771.0,25.66,26.02,-1.38,21136635955.0,0.45,20.5641,2.6286,0.27
01668,华南城,9753.0,0.107,0.107,0.0,1224282535.0,,-0.1364,0.046,
00363,上海实业控股,9725.0,13.08,13.0,0.62,14220727728.0,0.04,6.9845,0.2752,8.56
00323,马鞍山钢铁股份,9690.0,1.535,1.605,-4.36,11820545621.0,0.14,-51.1119,0.4285,
00425,敏实集团,9681.0,23.14,22.96,0.78,27108352625.0,0.06,8.3273,0.9957,3.3
00101,恒隆地产,9677.0,6.6,6.53,1.07,34340344685.0,0.08,20.7871,0.2478,7.71
00082,疯狂体育,9635.0,0.082,0.082,0.0,371143106.0,0.04,-12.7095,0.5428,
00568,山东墨龙,9634.0,3.51,3.54,-0.85,3008569824.0,0.23,-1105.1579,4.282,
00066,港铁公司,9612.0,31.32,31.12,0.64,194961461716.0,0.05,8.3047,0.856,4.18
09698,万国数据-SW,9608.0,29.58,30.28,-2.31,47417358311.0,2.3,11.2097,1.2735,
03996,中国能源建设,9586.0,1.05,1.04,0.96,46452192405.0,0.03,7.66,0.3202,3.52
00325,布鲁可,9582.0,63.8,64.1,-0.47,15717107351.0,0.02,18.9846,4.2837,0.51
03699,光大永年,9560.0,0.495,0.495,0.0,218493000.0,0.0,10.9767,0.1904,4.24
06166,剑桥科技,9552.0,114.3,117.8,-2.97,42091017634.0,1.13,78.006,3.8798,0.33
06821,凯莱英,9531.0,165.5,170.7,-3.05,59689804285.0,0.36,50.5274,2.9107,0.92
02162,康诺亚-B,9508.0,77.5,79.55,-2.58,23152006365.0,0.15,25.396,5.0202,
00081,中国海外宏洋集团,9503.0,3.12,3.1,0.65,11105249164.0,0.03,27.3082,0.2988,1.28
01238,宝龙地产,9488.0,0.171,0.172,-0.58,708008913.0,0.02,-0.1635,0.0235,
02009,金隅集团,9472.0,0.605,0.62,-2.42,6460051536.0,0.06,-2.0915,0.084,9.75
02005,石四药集团,9465.0,2.74,2.755,-0.54,7904607875.0,0.02,15.577,1.0133,3.1
00439,瀚源控股,9440.0,0.515,0.525,-1.9,317081836.0,0.01,-2.0748,0.1475,
00347,鞍钢股份,9383.0,1.09,1.095,-0.46,10212451171.0,0.28,-1.8123,0.213,
06880,MOMENTA-W,9353.0,157.4,154.7,1.75,37073682931.0,0.03,-1.7574,-1.1317,
03377,远洋集团,9335.0,0.039,0.034,14.71,494076072.0,0.28,-0.0411,-0.0603,
00909,明源云,9319.0,0.855,0.86,-0.58,1609476812.0,0.13,79.4663,0.3394,11.93
00152,深圳国际,9283.0,5.085,5.06,0.49,12463669268.0,0.04,8.1003,0.3509,9.03
03393,威胜控股,9256.0,12.72,12.89,-1.32,13144513146.0,0.3,10.8498,1.7525,3.82
03983,中海石油化学,9255.0,1.85,1.855,-0.27,8528500000.0,0.12,8.7991,0.3935,7.08
01519,极兔速递-W,9245.0,9.035,8.975,0.67,86551853717.0,0.15,30.6155,2.5587,
00069,香格里拉(亚洲),9237.0,3.8,3.805,-0.13,13646241393.0,0.03,12.2143,0.3247,3.95
03700,映宇宙,9219.0,0.68,0.685,-0.73,1580952672.0,0.01,10.132,0.275,
00564,中创智领,9182.0,10.92,10.96,-0.36,19496567236.0,0.12,5.0143,0.7073,13.4
00816,金茂服务,9163.0,2.18,2.16,0.93,1971132020.0,0.01,5.786,1.0254,8.72
00016,新鸿基地产,9144.0,106.7,104.4,2.2,309193155236.0,0.23,14.4307,0.4877,3.54
00951,超威动力,9135.0,1.135,1.125,0.89,1253184121.0,0.02,3.5911,0.1615,4.93
01755,新城悦服务,9045.0,2.8,2.8,0.0,2439726800.0,,11.0647,0.9811,
00400,硬蛋创新,9036.0,4.395,4.4,-0.11,7226534707.0,0.08,17.3431,1.4729,
00485,中国华星,9000.0,0.34,0.34,0.0,86645559.0,0.0,-6.6431,0.4728,
01911,华兴资本控股,8973.0,3.385,3.4,-0.44,1940782222.0,0.02,21.9526,0.2802,
81810,小米集团-WR,8970.0,20.46,20.62,-0.78,527760043158.0,0.0,13.9863,1.9568,
06169,宇华教育,8958.0,0.36,0.355,1.41,1551078291.0,0.02,1.7397,0.1482,
06826,昊海生物科技,8946.0,15.5,15.68,-1.15,3546899023.0,0.02,19.8932,0.5783,6.57
00357,美兰空港,8944.0,3.95,4.175,-5.39,1869191350.0,0.19,-6.0117,0.4321,
00855,中国水务,8933.0,4.23,4.255,-0.59,6880993224.0,0.02,6.9775,0.4563,3.07
02314,理文造纸,8899.0,3.29,3.335,-1.35,14130550000.0,0.03,5.6449,0.4265,6.23
01091,南方锰业,8898.0,0.535,0.53,0.94,3169541776.0,0.09,8.9666,0.8667,
03808,中国重汽,8895.0,35.76,35.8,-0.11,98733121803.0,0.06,10.9011,1.8067,5.76
01313,华润建材科技,8812.0,0.905,0.91,-0.55,6319558724.0,0.08,-20.2304,0.1242,4.2
00639,首钢资源,8809.0,2.78,2.76,0.72,14153162841.0,0.09,17.3231,0.862,5.76
00552,中国通信服务,8785.0,4.06,4.03,0.74,28119634704.0,0.04,7.0965,0.5104,6.45
01963,重庆银行,8780.0,8.11,8.11,0.0,29405135084.0,0.03,4.5214,0.377,6.46
00567,金安智能,8769.0,0.27,0.27,0.0,435587644.0,,-20.478,8.7508,
03958,东方证券,8730.0,5.7,5.78,-1.38,48430878164.0,0.11,6.3826,0.4971,4.11
06936,顺丰控股,8709.0,28.92,28.92,0.0,151856573952.0,0.07,12.2009,1.2763,2.91
00376,云锋金融,8691.0,1.84,1.88,-2.13,7469096678.0,0.07,9.3567,0.5763,
02160,微创心通-B,8680.0,1.28,1.28,0.0,1629838642.0,,-11.1267,0.8135,
00142,第一太平,8672.0,4.78,4.755,0.53,20372933739.0,0.17,4.5901,0.5848,5.65
09996,沛嘉医疗-B,8642.0,4.88,4.905,-0.51,3303574131.0,0.02,-20.8456,1.5526,
01330,绿色动力环保,8633.0,5.895,5.915,-0.34,8432238318.0,0.02,10.3982,0.8631,4.38
02126,药明巨诺-B,8619.0,2.935,2.93,0.17,1223215175.0,0.29,-3.1894,2.3392,
03669,永达汽车,8576.0,0.77,0.8,-3.75,1464660808.0,0.04,-0.7457,0.1482,
09903,天数智芯,8515.0,99.2,101.2,-1.98,80106401434.0,0.1,-245.1811,5.7922,
00548,深圳高速公路股份,8485.0,6.405,6.245,2.56,16254968493.0,0.02,12.6056,0.5219,4.47
02698,乐舒适,8446.0,25.76,25.78,-0.08,15992176368.0,0.05,14.1523,3.0809,5.14
00686,北京能源国际,8417.0,0.57,0.565,0.88,1253352733.0,0.0,-2.2238,0.0606,14.04
00829,神冠控股,8396.0,0.23,0.232,-0.86,743010400.0,0.0,-8.7369,0.3108,
02001,新高教集团,8379.0,0.47,0.49,-4.08,926812638.0,0.01,0.9815,0.151,
01086,好孩子国际,8344.0,1.38,1.375,0.36,2309198389.0,0.48,5.9452,0.352,18.12
00581,中国东方集团,8344.0,0.955,0.965,-1.04,3555053395.0,0.11,11.5949,0.1384,7.33
00811,新华文轩,8343.0,8.03,7.82,2.69,9907743230.0,0.08,6.3361,0.5618,8.89
00995,安徽皖通高速公路,8324.0,15.3,15.1,1.32,26141455902.0,0.02,11.8742,1.7988,5.05
01873,维亚生物,8319.0,1.69,1.825,-7.4,3538105167.0,0.78,17.3693,0.7746,
02342,京信通信,8317.0,1.08,1.19,-9.24,3375878820.0,1.38,118.5392,0.9789,0.28
01199,中远海运港口,8278.0,6.255,6.285,-0.48,25124525666.0,0.08,8.8623,0.4728,4.57
00538,味千(中国),8220.0,0.8,0.8,0.0,873231056.0,0.0,35.384,0.2764,14.63
00006,电能实业,8206.0,59.3,59.35,-0.08,126374535632.0,0.06,7.0608,1.2254,4.76
00551,裕元集团,8204.0,12.4,12.33,0.57,19896500426.0,0.08,9.0977,0.5597,10.48
00341,大家乐集团,8199.0,5.425,5.495,-1.27,3096384029.0,0.04,18.8743,1.1393,7.43
01456,国联民生,8179.0,3.53,3.6,-1.94,20052492605.0,0.01,7.6046,0.3283,1.98
00669,创科实业,8158.0,131.4,130.3,0.84,239977454747.0,0.23,23.5611,4.1071,2.15
03818,中国动向,8123.0,0.285,0.28,1.79,1680095812.0,0.02,-9.3664,0.1699,8.42
09923,移卡,8104.0,3.85,3.82,0.79,1771928782.0,0.03,16.676,0.4994,0.78
00107,四川成渝高速公路,8046.0,4.915,4.895,0.41,15030364900.0,0.03,8.5432,0.6496,7.08
09898,微博-SW,8001.0,50.1,50.05,0.1,12308195857.0,0.62,4.9844,0.3933,9.55
02386,中石化炼化工程,7976.0,5.265,5.145,2.33,23134536360.0,0.32,12.8837,0.626,7.22
00698,通达集团,7960.0,2.57,2.61,-1.53,500410231.0,0.0,4.7123,0.1704,
03339,中国龙工,7933.0,3.14,3.115,0.8,13439514000.0,0.05,8.1507,1.0174,6.37
00085,中电华大科技,7858.0,0.785,0.785,0.0,1593449520.0,0.03,7.1838,0.5869,4.59
03600,现代牙科,7850.0,7.85,7.84,0.13,7333579900.0,0.0,10.6894,2.0753,3.69
01057,浙江世宝,7809.0,3.805,3.785,0.53,3130116221.0,0.03,14.3017,1.2435,1.84
01234,中国利郎,7789.0,2.83,2.8,1.07,3388882321.0,0.01,6.2476,0.6905,10.6
00596,浪潮数字企业,7786.0,1.815,1.87,-2.94,2208557033.0,0.11,16.2929,0.594,2.2
00800,文远知行-W,7784.0,13.5,13.24,1.96,13322722928.0,0.03,-7.0583,1.8094,
00517,中远海运国际,7774.0,6.68,6.63,0.75,9792689146.0,0.05,12.7264,1.2156,9.28
00169,万达酒店发展,7725.0,0.086,0.086,0.0,403971798.0,0.01,0.2309,0.2203,537.21
00861,神州控股,7684.0,2.255,2.255,0.0,3773984655.0,0.01,-89.9581,0.5597,1.6
01763,中国同辐,7671.0,13.02,13.44,-3.13,4164771198.0,0.07,11.1978,0.6814,2.76
06110,滔搏,7668.0,1.03,1.035,-0.48,6387258685.0,0.05,4.4174,0.6414,31.84
01813,合景泰富集团,7664.0,0.093,0.092,1.09,317956207.0,0.07,-0.0732,0.4721,
02172,微创脑科学,7661.0,8.055,8.055,0.0,4579616926.0,,22.2985,2.203,1.12
01205,中信资源,7604.0,0.62,0.62,0.0,4871790832.0,0.18,15.9979,0.5201,
00003,香港中华煤气,7560.0,7.04,7.07,-0.42,131365485490.0,0.07,20.6403,2.1837,4.97
02155,森松国际,7539.0,6.92,7.1,-2.54,8797596680.0,0.01,66.9642,1.4494,2.89
09990,祖龙娱乐,7514.0,1.65,1.645,0.3,1320595040.0,0.0,-12.3203,0.6164,
03969,中国通号,7502.0,2.99,3.005,-0.5,31663558810.0,0.03,7.9814,0.5542,6.66
01972,太古地产,7463.0,23.96,23.76,0.84,137949335808.0,0.03,41.8028,0.5089,4.88
00607,丰盛控股,7386.0,0.26,0.26,0.0,184278623.0,0.01,-0.7711,0.0213,
01908,建发国际集团,7363.0,13.3,13.34,-0.3,30801904192.0,0.03,8.9156,0.6646,6.55
02722,重庆机电,7359.0,1.625,1.595,1.88,5987540250.0,0.64,5.6386,0.5525,4.68
01882,海天国际,7357.0,17.72,17.6,0.68,28281120000.0,0.03,7.7999,1.0575,4.51
00010,恒隆集团,7341.0,12.16,12.13,0.25,16557277823.0,0.04,11.6683,0.1619,7.07
00631,三一国际,7333.0,8.565,8.46,1.24,28176453847.0,0.07,14.3109,1.8284,4.09
00535,金地商置,7332.0,0.096,0.098,-2.04,1594913935.0,0.01,-0.4005,0.1015,
01879,曦智科技-P,7321.0,275.0,281.6,-2.34,25860278675.0,0.06,-5.3007,7.6316,
01260,皓天财经集团,7304.0,0.37,0.36,2.78,426037980.0,0.04,4.9989,0.2607,
01777,花样年控股,7282.0,0.033,0.033,0.0,119736121.0,0.11,-0.0103,-0.0038,
01765,希教国际控股,7260.0,0.132,0.131,0.76,1144959570.0,0.0,1.4311,0.0979,
00873,世茂服务,7251.0,0.36,0.35,2.86,888542280.0,0.08,-52.1299,0.101,
00683,嘉里建设,7243.0,17.63,17.51,0.69,25586519985.0,0.05,24.1155,0.24,7.66
03788,罕王黄金,7240.0,3.225,3.155,2.22,7883988939.0,0.04,458.5399,2.6338,
01371,中国生态旅游,7231.0,1.105,1.27,-12.99,378030308.0,0.01,3.8885,-1.5625,
01033,中石化油服,7227.0,0.64,0.64,0.0,12132509333.0,0.07,14.8368,1.053,
02678,天虹国际集团,7203.0,5.255,5.26,-0.1,4818188635.0,0.04,3.2199,0.3828,
00179,德昌电机控股,7185.0,17.87,17.77,0.56,16697943048.0,0.14,10.5383,0.7502,3.41
03650,KEEP,7156.0,1.425,1.445,-1.38,704921546.0,0.08,-12.7765,0.4628,
01132,橙天嘉禾,7103.0,0.078,0.078,0.0,218374186.0,,-1.6139,0.1789,
01769,思考乐教育,7103.0,0.685,0.705,-2.84,461540019.0,0.08,-3.2798,0.5068,
03317,迅策,7082.0,90.15,91.65,-1.64,29823147141.0,0.1,386.9011,6.811,
00002,中电控股,7073.0,76.05,75.9,0.2,192136565849.0,0.1,17.7231,1.6805,4.21
07489,岚图汽车,7065.0,1.955,1.93,1.3,7194400000.0,0.38,41.3568,0.6118,
01778,彩生活,7063.0,0.138,0.14,-1.43,256598192.0,0.15,8.6875,0.0509,
00382,中汇集团,7054.0,0.45,0.45,0.0,539580025.0,0.01,1.293,0.1049,16.44
01848,中国飞机租赁,7027.0,3.44,3.44,0.0,2612144819.0,0.02,7.0718,0.3553,9.22
01061,亿胜生物科技,7026.0,2.09,2.105,-0.71,1180592930.0,0.04,4.4482,0.4631,5.74
08123,华亿金控,6963.0,0.285,0.28,1.79,98224766.0,0.01,-3.5671,-20.2567,
06955,博安生物,6926.0,3.28,3.255,0.77,2012718516.0,0.07,-18.2215,0.6517,
00576,浙江沪杭甬,6926.0,5.79,5.79,0.0,34960683777.0,0.1,5.8364,0.5905,7.98
03666,上海小南国,6923.0,0.024,0.024,0.0,63735288.0,,-0.8084,-0.3395,
02121,创新奇智,6909.0,3.365,3.4,-1.03,1854924410.0,0.05,-6.3508,1.4346,
02038,富智康集团,6883.0,14.46,14.94,-3.21,11316632132.0,0.03,26.0159,0.9446,1.88
09606,映恩生物-B,6869.0,196.5,200.2,-1.85,17942689511.0,0.27,-10.7033,10.6283,
06068,光正教育,6852.0,0.057,0.057,0.0,124154778.0,0.01,5.7392,0.1636,
02510,德翔海运,6837.0,13.18,12.83,2.73,21945108580.0,0.11,7.5602,1.2799,10.12
03877,中国船舶租赁,6832.0,2.385,2.385,0.0,14798197608.0,0.04,7.542,0.9414,4.61
00732,信利国际,6829.0,0.83,0.825,0.61,2422786100.0,0.03,10.3037,0.2426,12.41
02255,海昌海洋公园,6828.0,0.156,0.158,-1.27,2061384312.0,0.01,-1.8326,0.7421,
01980,天鸽互动,6822.0,0.63,0.63,0.0,696610002.0,,4.4471,0.2713,12.7
09979,绿城管理控股,6811.0,1.795,1.8,-0.28,3590000000.0,0.03,7.1891,0.8606,13.65
01717,澳优,6803.0,1.02,1.015,0.49,1813707738.0,0.0,-2.2255,0.3099,4.9
02552,华领医药-B,6795.0,2.36,2.37,-0.42,2493587838.0,0.04,-24.7713,2.1819,
00272,瑞安房地产,6768.0,0.425,0.42,1.19,3411587763.0,0.01,-1.9148,0.0802,9.41
00754,合生创展集团,6754.0,2.64,2.64,0.0,10012307107.0,,-3.7283,0.1073,
09869,海伦司,6720.0,0.895,0.895,0.0,1132177259.0,0.03,-756.1584,1.2899,12.63
00467,联合能源集团,6718.0,0.395,0.39,1.28,10210589940.0,0.02,7.6789,0.7232,
00320,金宝通,6677.0,0.44,0.44,0.0,370717600.0,0.0,17.8719,0.2565,2.73
02057,中通快递-W,6675.0,155.1,153.9,0.78,118408133521.0,0.14,10.0568,1.6108,2.0
00815,中国白银集团,6609.0,0.218,0.22,-0.91,860301588.0,0.13,1.5238,0.4183,
00604,深圳控股,6591.0,0.625,0.63,-0.79,5561745697.0,0.01,-1.4896,0.1531,
00636,KLN,6588.0,5.835,5.86,-0.43,10546350211.0,0.02,7.3374,0.5833,4.8
06655,华新建材,6581.0,14.81,14.78,0.2,30789925562.0,0.07,7.8134,0.8054,4.35
01477,欧康维视生物-B,6570.0,5.22,5.315,-1.79,4256296201.0,0.02,-29.1064,1.0199,
03301,融信中国,6509.0,0.093,0.084,10.71,156559122.0,0.16,-0.0144,-0.0058,
00308,香港中旅,6502.0,1.16,1.15,0.87,6422495102.0,0.03,-77.2204,0.5592,1.72
01119,创梦天地,6488.0,0.365,0.355,2.82,744970718.0,0.01,63.5406,0.3884,
00197,亨泰,6471.0,0.545,0.545,0.0,114019697.0,,-0.5693,0.2037,
00182,协合新能源,6465.0,0.325,0.335,-2.99,2555669726.0,0.03,-68.8065,0.2592,0.92
00052,大快活集团,6447.0,4.37,4.305,1.51,566145649.0,0.02,13.6224,0.8466,6.86
08246,中华燃气,6447.0,0.66,0.66,0.0,390853980.0,,-14.6389,2.1343,
00743,亚洲水泥(中国),6426.0,1.605,1.615,-0.62,2514795855.0,0.05,-18.1054,0.1327,2.18
01098,路劲,6403.0,0.5,0.495,1.01,374668283.0,0.0,-0.0646,0.0323,
01541,宜明昂科-B,6389.0,3.25,3.35,-2.99,1394785909.0,0.03,-5.2462,1.9148,
03378,翰思艾泰-B,6379.0,28.9,27.54,4.94,3874355097.0,0.0,-26.086,5.3075,
00411,南顺(香港),6339.0,11.0,11.05,-0.45,2676895815.0,0.0,9.1245,0.7836,4.36
06998,亿腾嘉和,6338.0,1.665,1.7,-2.06,3284948054.0,0.01,7.6797,0.7085,
02343,太平洋航运,6336.0,3.9,3.87,0.78,20113262532.0,0.2,18.6988,1.3628,5.51
06613,蓝思科技,6332.0,21.76,21.8,-0.18,114865401331.0,0.58,29.5509,1.8803,2.96
01108,凯盛新能,6291.0,2.115,2.115,0.0,1365602547.0,,-0.9135,0.5238,
00805,新吉奥房车,6290.0,12.89,12.08,6.71,12374400000.0,0.38,1489.8553,31.2241,
00657,环科国际,6290.0,0.041,0.041,0.0,79798878.0,,-28.4691,-62.2456,
00856,伟仕佳杰,6284.0,8.81,8.795,0.17,12596432262.0,0.04,7.5977,1.1909,4.74
06651,五一视界,6250.0,57.95,55.35,4.7,24308250049.0,0.06,-134.5492,20.1161,
01521,方达控股,6238.0,1.15,1.15,0.0,2348386147.0,,28.3379,0.8438,
02145,上美股份,6238.0,21.22,21.0,1.05,8323151815.0,0.31,10.6984,2.7914,4.26
00419,弘毅文化集团,6200.0,0.425,0.43,-1.16,746790620.0,0.06,-20.2032,3.9592,
02617,药捷安康-B,6197.0,10.07,10.13,-0.59,4100510374.0,0.13,-13.438,4.0464,
06288,迅销,6187.0,37.3,37.0,0.81,1186964210640.0,0.0,46.3637,8.8602,0.43
02198,中国三江化工,6181.0,3.695,3.605,2.5,4397050000.0,0.03,4.9872,0.6606,4.06
06123,圆通国际快递,6167.0,1.12,1.16,-3.45,470612800.0,0.0,-3.204,0.4792,
02157,乐普生物,6122.0,3.915,4.015,-2.49,7064381966.0,0.04,25.5177,4.3419,
03337,安东油田服务,6106.0,0.8,0.81,-1.23,2401361158.0,0.02,6.7592,0.5804,5.5
01165,顺风清洁能源,6091.0,0.024,0.024,0.0,121977012.0,,-0.2652,-0.051,
00031,航天控股,6078.0,0.445,0.445,0.0,1372834737.0,0.01,-6.2561,0.1852,
06680,金力永磁,6059.0,15.26,15.33,-0.46,21088863680.0,0.2,21.3996,2.319,4.9
02016,浙商银行,6047.0,2.35,2.345,0.21,64541894513.0,0.01,4.6223,0.2713,6.51
01104,亚太资源,6025.0,1.95,1.975,-1.27,2916273557.0,0.22,1.7043,0.508,15.59
01696,复锐医疗科技,6024.0,1.97,1.98,-0.51,922635891.0,0.0,10.4239,0.2479,4.82
00667,中国东方教育,6019.0,3.585,3.54,1.27,7952951259.0,0.05,8.5874,1.1295,8.37
00818,高阳科技,5970.0,0.32,0.33,-3.03,888586827.0,0.0,-1.2958,0.1249,
03399,粤运交通,5949.0,1.21,1.21,0.0,967815838.0,0.0,3.1899,0.3533,8.68
01691,JS环球生活,5921.0,1.655,1.7,-2.65,5750416291.0,0.03,16.386,1.4103,
00012,恒基地产,5912.0,25.94,25.56,1.49,125585578858.0,0.22,18.3739,0.3858,4.86
06896,金嗓子,5898.0,1.915,1.915,0.0,1415763330.0,0.0,5.8274,1.0251,17.75
00218,申万宏源香港,5888.0,0.83,0.855,-2.92,1295745112.0,0.04,10.6751,0.4607,
02197,三叶草生物-B,5852.0,1.85,1.88,-1.6,2402411260.0,0.02,2.4357,-2.5941,
03836,和谐汽车,5831.0,0.515,0.52,-0.96,784481309.0,0.01,-1.1119,0.1413,
03288,海天味业,5827.0,25.34,25.3,0.16,148086287071.0,0.6,17.6535,3.2518,5.21
00038,第一拖拉机股份,5822.0,8.675,8.675,0.0,9747622761.0,0.12,10.0986,1.0178,3.61
02507,西锐,5816.0,42.5,42.84,-0.79,15554524765.0,0.01,12.3247,2.1365,2.22
02588,中银航空租赁,5797.0,68.65,68.15,0.73,47643809429.0,0.05,7.6302,0.8643,5.56
02273,固生堂,5796.0,26.42,26.3,0.46,5845598077.0,0.08,12.1383,2.6711,6.98
01083,港华智慧能源,5794.0,2.98,2.995,-0.5,11268231887.0,0.02,7.4275,0.4226,6.24
09887,维立志博-B,5792.0,49.6,50.9,-2.55,9865033280.0,0.24,-31.874,9.2053,
03360,远东宏信,5782.0,6.3,6.325,-0.4,30358929290.0,0.05,6.709,0.4951,8.89
00133,招商局中国基金,5771.0,23.0,22.9,0.44,3503659299.0,0.08,-37.7198,0.5898,12.63
06158,正荣地产,5748.0,0.027,0.027,0.0,117929412.0,0.1,-0.0054,-0.0029,
02051,VALA,5740.0,0.335,0.35,-4.29,546044715.0,0.12,-3.188,0.7838,
01913,普拉达,5689.0,36.98,36.4,1.59,94625311520.0,0.03,13.2315,2.3078,3.96
06806,申万宏源,5674.0,2.355,2.355,0.0,58969069439.0,0.03,4.7134,0.4449,5.48
01022,飞鱼科技,5658.0,0.295,0.295,0.0,516085408.0,,10.3165,0.7663,
02517,锅圈,5642.0,1.375,1.35,1.85,3535481400.0,0.12,6.7329,1.0352,7.56
08269,倍升教育科技,5635.0,0.244,0.245,-0.41,217336363.0,0.05,-76.0982,48.9166,
01733,易大宗,5610.0,0.675,0.685,-1.46,1802103499.0,0.02,4.1929,0.19,4.44
02279,雍禾医疗,5598.0,2.015,2.12,-4.95,1058327198.0,0.01,7.628,1.1136,4.42
01051,国际资源,5572.0,6.155,6.15,0.08,2774760656.0,0.0,10.7179,0.2152,2.92
00590,六福集团,5568.0,21.96,21.64,1.48,12892888386.0,0.23,6.3022,0.8587,7.15
01405,达势股份,5556.0,29.24,28.82,1.46,3849132986.0,0.0,21.4538,1.3103,
02256,和誉-B,5551.0,8.66,8.9,-2.7,6206079451.0,0.07,-11.889,2.4434,
00547,数字王国,5538.0,0.201,0.191,5.24,1603828974.0,0.0,-6.1256,10.27,
02188,泰坦能源技术,5516.0,0.076,0.077,-1.3,113393976.0,0.0,-2.8053,0.1988,
00178,莎莎国际,5453.0,1.2,1.14,5.26,3723827350.0,0.22,18.5736,2.9037,5.42
03939,万国黄金集团,5438.0,12.92,13.04,-0.92,56891227736.0,0.1,30.002,5.1293,0.91
06660,艾美疫苗,5436.0,1.89,1.775,6.48,2318203312.0,0.13,-3.0904,0.7638,
01052,越秀交通基建,5433.0,3.305,3.255,1.54,5529801385.0,0.08,8.5894,0.394,7.56
00895,东江环保,5430.0,1.595,1.605,-0.62,1762883004.0,0.06,-1.2809,0.725,
00525,广深铁路股份,5421.0,2.24,2.26,-0.88,15867122880.0,0.09,9.0805,0.4759,4.69
00508,鼎亿集团投资,5401.0,0.27,0.27,0.0,233780095.0,,-0.551,0.2518,
00087,太古股份公司B,5385.0,14.81,14.91,-0.67,42192690325.0,0.02,4.745,0.1584,5.4
02631,天岳先进,5370.0,66.0,69.8,-5.44,31984823904.0,1.01,-102.6653,3.9079,
01725,中国技术集团,5353.0,0.25,0.25,0.0,204602500.0,0.26,-1.2559,6.2114,
01252,中国天瑞水泥,5350.0,0.24,0.24,0.0,739987595.0,,2.1281,0.0426,
09699,顺丰同城,5345.0,8.37,8.445,-0.89,7595926556.0,0.04,13.499,1.8002,
06996,德琪医药-B,5330.0,3.5,3.53,-0.85,2403154712.0,0.06,35.5803,2.2611,
00543,太平洋网络,5329.0,0.225,0.225,0.0,255509475.0,0.01,-9.401,0.3862,18.22
02522,一脉阳光,5329.0,5.025,5.02,0.1,2263749093.0,0.03,-75.7144,0.9971,
02555,茶百道,5307.0,4.115,4.175,-1.44,6080464939.0,0.01,6.5556,1.357,5.13
03868,信义能源,5298.0,0.785,0.785,0.0,6792890229.0,0.01,6.7794,0.4389,7.13
00580,赛晶科技,5290.0,1.215,1.195,1.67,1946225880.0,0.11,98.1054,0.7892,1.65
02100,百奥家庭互动,5287.0,0.285,0.295,-3.39,814125870.0,,-6.9475,0.4937,4.21
06601,朝云集团,5284.0,2.225,2.18,2.06,2966667038.0,0.03,9.7586,0.835,7.69
01268,美东汽车,5284.0,0.36,0.375,-4.0,484648992.0,0.04,-1.8212,0.2455,10.83
00709,佐丹奴国际,5262.0,1.295,1.305,-0.77,2093207591.0,0.01,10.2608,1.0471,10.12
00625,希音-W,5253.0,32.94,33.22,-0.84,139869913940.0,0.04,5.4702,-6.4185,
09959,联易融科技-W,5253.0,2.29,2.285,0.22,4892665031.0,0.23,-109.2035,0.6305,2.62
01003,欢喜传媒,5244.0,0.246,0.26,-5.38,1078491149.0,0.03,-2.4725,1.1883,
01768,鸣鸣很忙,5244.0,337.2,333.4,1.14,73454906160.0,0.04,17.4061,4.5073,
00606,中骏商管,5242.0,0.25,0.24,4.17,483750000.0,0.01,8.1522,0.1502,
01280,奇点国峰,5218.0,2.84,2.665,6.57,5490573869.0,0.08,-11.3173,38.1528,
01029,铁货,5204.0,0.385,0.395,-2.53,738015310.0,0.02,-3.3623,0.4136,
02660,禅游科技,5202.0,2.42,2.42,0.0,2531977483.0,0.01,6.6331,0.862,8.18
00365,芯成科技,5189.0,0.33,0.34,-2.94,480150000.0,0.01,29.1265,1.8766,
00340,潼关黄金,5183.0,2.42,2.395,1.04,12832273175.0,0.04,12.6991,2.6296,1.32
01675,亚信科技,5182.0,3.865,3.935,-1.78,3633057253.0,0.09,-17.5069,0.5281,1.4
00004,九龙仓集团,5180.0,18.5,18.52,-0.11,56536505550.0,0.02,-129.3742,0.3855,3.24
02590,极智嘉-W,5167.0,7.32,7.34,-0.27,8715418312.0,0.13,-53.6548,2.3321,
00303,伟易达,5161.0,51.65,51.9,-0.48,13096243119.0,0.08,12.4581,2.58,8.05
02168,佳兆业美好,5142.0,0.94,0.94,0.0,157756243.0,,14.7312,0.1464,
01651,津上机床中国,5138.0,50.6,51.3,-1.36,18651868400.0,0.33,15.0164,4.4463,2.99
01388,安莉芳控股,5116.0,0.235,0.235,0.0,99267910.0,,-0.4069,0.0639,
01565,成实外教育,5116.0,0.155,0.154,0.65,470701985.0,0.0,11.5779,0.4677,6.45
00573,稻香控股,5091.0,0.28,0.26,7.69,284017440.0,0.0,-5.851,0.2618,
01203,广南(集团),5090.0,0.655,0.655,0.0,594473602.0,0.01,-11.8,0.2193,1.83
00321,德永佳集团,5089.0,0.9,0.88,2.27,1243526494.0,0.09,7.7387,0.2516,11.11
02120,康宁医院,5088.0,10.48,10.5,-0.19,737782568.0,,12.3885,0.529,6.08
01883,中信国际电讯,5084.0,2.385,2.38,0.21,8826625946.0,0.05,9.5733,0.8019,7.55
02008,凤凰卫视,5078.0,1.205,1.21,-0.41,601735970.0,0.0,-4.66,0.223,
00822,嘉瑞国际,5068.0,0.29,0.29,0.0,259190806.0,0.0,-6.0695,0.2264,
09983,建业新生活,5031.0,0.23,0.235,-2.13,298801740.0,0.0,14.4159,0.1395,
03398,华鼎控股,5029.0,0.084,0.08,5.0,176384712.0,0.0,-1.0125,0.1205,
01628,禹洲集团,5014.0,0.11,0.104,5.77,163678569.0,0.07,0.0058,0.0165,
01250,山高新能源,5012.0,0.985,0.985,0.0,2212889895.0,,18.6581,0.1412,
00978,招商局置地,5012.0,0.24,0.24,0.0,1177261886.0,0.01,-0.4787,0.1896,
03382,天津港发展,5010.0,0.615,0.61,0.82,3787170000.0,0.01,4.8069,0.2482,6.99
00326,中国星集团,4997.0,6.685,6.585,1.52,16237237619.0,0.08,-41.7433,10.4889,
01729,汇聚科技,4987.0,16.16,16.24,-0.49,36118317569.0,0.12,27.8422,4.3875,0.52
09658,特海国际,4976.0,9.105,9.23,-1.35,5920972395.0,0.01,75.7444,1.9068,
01277,力量发展,4968.0,1.83,1.84,-0.54,15737099640.0,0.02,12.3938,1.5483,6.5
00894,万裕科技,4943.0,2.03,2.04,-0.49,973024614.0,0.36,88.1842,0.5966,
00587,海螺环保,4909.0,0.233,0.234,-0.43,425636259.0,0.0,-1.5216,0.1368,
00666,瑞浦兰钧,4860.0,8.27,8.5,-2.71,19325948394.0,0.09,12.2436,1.3474,
08292,VSING,4847.0,0.12,0.119,0.84,129398400.0,0.03,-0.9471,1.2508,
03366,华侨城(亚洲),4847.0,0.201,0.2,0.5,150421566.0,,-0.086,-0.0706,
00869,彩星玩具,4844.0,0.48,0.48,0.0,544800000.0,0.0,-73.5719,0.5118,
01970,IMAX CHINA,4817.0,8.455,8.48,-0.29,2873746454.0,0.07,16.9754,1.1014,
00019,太古股份公司A,4794.0,101.5,100.1,1.4,79067282000.0,0.1,8.892,0.2969,3.94
01571,信邦控股,4772.0,3.555,3.555,0.0,3583820385.0,0.02,6.2747,0.8532,12.66
00832,建业地产,4764.0,0.042,0.04,5.0,127643296.0,0.0,-0.0321,-0.0108,
00716,胜狮货柜,4752.0,0.38,0.38,0.0,905238249.0,0.08,11.9018,0.2079,9.21
01728,正通汽车,4736.0,0.143,0.143,0.0,1432295285.0,,-0.4417,-0.8976,
02390,知乎-W,4735.0,9.0,9.0,0.0,2336868945.0,0.01,-6.9518,0.5526,
02488,元征科技,4727.0,6.95,6.9,0.72,2850581420.0,0.07,7.6683,2.0239,7.97
00611,中国核能科技,4715.0,0.43,0.43,0.0,796375885.0,0.12,5.2256,0.3634,
00553,南京熊猫电子股份,4710.0,2.925,2.94,-0.51,2672977697.0,0.02,84.0008,0.7516,0.41
09636,九方智投控股,4696.0,27.14,27.5,-1.31,12552553968.0,0.08,110.2195,3.8683,3.24
00068,MANYCORE TECH,4694.0,7.12,7.15,-0.42,12290539301.0,0.05,-30.9587,9.7902,
02105,来凯医药-B,4669.0,7.92,8.29,-4.46,3580325892.0,0.17,-30.8233,2.5824,
00296,英皇娱乐酒店,4663.0,0.168,0.17,-1.18,199666485.0,0.02,-18.7164,0.0523,
01137,香港科技探索,4663.0,0.98,0.99,-1.01,775644305.0,0.03,-3.7946,0.569,
02880,辽港股份,4650.0,0.65,0.64,1.56,15321648688.0,0.01,10.714,0.3283,5.08
02714,牧原股份,4618.0,37.02,37.04,-0.05,213640355913.0,0.08,-156.3425,2.2919,1.36
01382,互太纺织,4614.0,0.86,0.865,-0.58,1182880120.0,0.1,14.2698,0.4024,8.26
02598,连连数字,4590.0,3.305,3.32,-0.45,3607032383.0,0.13,17.1693,1.0231,
00750,水发兴业能源,4583.0,0.195,0.19,2.63,491610947.0,0.01,8.6924,0.1009,
02465,龙蟠科技,4578.0,9.195,9.235,-0.43,7274273976.0,0.13,18.7311,1.2194,
09909,宝龙商业,4576.0,2.04,2.0,2.0,1311516000.0,0.03,5.9337,0.3171,
01282,中泽丰,4574.0,0.092,0.089,3.37,460000000.0,0.01,-7.8755,0.0821,
09690,途虎-W,4569.0,12.19,11.61,5.0,10036686418.0,0.07,29.1298,1.844,
06622,兆科眼科-B,4556.0,2.48,2.48,0.0,1361120750.0,,-5.5215,0.8483,
01635,大众公用,4532.0,2.06,2.09,-1.44,6082015431.0,0.02,15.7692,0.5966,2.86
00412,山高控股,4532.0,0.52,0.525,-0.95,3128180177.0,0.02,-2.3962,0.5252,
08095,北大青鸟环宇,4531.0,0.535,0.52,2.88,810238240.0,0.02,2.6836,0.1681,
09989,海普瑞,4505.0,3.815,3.8,0.39,5597735018.0,0.09,22.8536,0.4074,4.46
06608,百融智能-W,4500.0,5.715,5.195,10.01,2532527784.0,0.85,-5.0242,0.5167,
00621,坛金矿业,4490.0,0.44,0.44,0.0,798664767.0,0.06,2.5328,0.3081,
02138,医思健康,4483.0,0.56,0.575,-2.61,663718308.0,0.0,-1.6481,0.4792,
08279,亚博科技控股,4483.0,1.16,1.18,-1.69,13539916993.0,0.03,-340.7211,5.2633,
01569,民生教育,4481.0,0.104,0.101,2.97,438642880.0,0.02,-0.5283,0.0872,
01181,唐宫中国,4479.0,0.097,0.097,0.0,104374668.0,,-1.917,0.7629,
06823,香港电讯-SS,4477.0,11.93,11.9,0.25,90458012900.0,0.05,16.8482,2.5518,6.94
02355,宝业集团,4463.0,2.72,2.7,0.74,1416108304.0,0.02,16.552,0.0953,3.64
00536,贸易通,4459.0,1.145,1.15,-0.43,911487233.0,0.0,10.7596,2.432,8.91
00232,大陆航空科技控股,4439.0,0.485,0.485,0.0,4512136770.0,,-64.051,1.534,91.34
07666,剂泰科技-P,4432.0,16.86,17.7,-4.75,19940285751.0,0.35,-49.4316,5.7397,
06600,卧安机器人,4402.0,46.8,43.98,6.41,10546665480.0,0.04,-106.4196,5.0911,
00440,大新金融,4402.0,44.7,44.9,-0.45,14285006970.0,0.05,6.7756,0.3615,5.86
01966,中骏集团控股,4396.0,0.044,0.048,-8.33,185811390.0,0.0,-0.0221,-0.0213,
06100,同道猎聘,4380.0,2.025,2.0,1.25,1022432977.0,0.04,7.9909,0.3139,9.88
02638,港灯-SS,4376.0,6.205,6.19,0.24,54828621000.0,0.02,17.4004,1.1161,5.16
01661,中国前沿科技集团,4373.0,1.855,1.855,0.0,352995741.0,0.01,-25.9956,1.0442,
00635,彩星集团,4357.0,0.5,0.51,-1.96,1034000000.0,0.04,-4.1765,0.2344,9.0
02068,中铝国际,4355.0,1.7,1.71,-0.58,5077760544.0,0.01,17.0342,0.6365,
03369,秦港股份,4353.0,2.315,2.3,0.65,12934858780.0,0.01,6.8812,0.5388,5.83
01432,中国圣牧-PF,4326.0,0.315,0.3,5.0,2640107997.0,0.0,-9.1446,0.6279,
08007,环球战略集团,4311.0,0.715,0.715,0.0,161816962.0,0.0,-17.4053,7.7471,
00060,香港食品投资,4296.0,0.54,0.54,0.0,138053160.0,,-7.4907,0.2715,
03318,中国波顿,4295.0,3.06,2.98,2.68,3204114207.0,0.02,-2.7286,1.3605,
01036,万科海外,4291.0,1.795,1.79,0.28,699202638.0,,17.0184,0.1722,11.14
00950,李氏大药厂,4289.0,1.18,1.185,-0.42,694825705.0,0.01,5.8015,0.3269,4.92
02192,医脉通,4274.0,6.425,6.565,-2.13,4756263663.0,0.01,12.2381,0.8564,5.0
01686,新意网集团,4272.0,5.58,5.6,-0.36,13186571368.0,0.04,11.5109,2.0416,2.15
00863,OSL集团,4247.0,10.59,10.04,5.48,9555553995.0,0.17,-7.916,2.3937,
01293,广汇宝信,4194.0,0.086,0.086,0.0,244025983.0,,-0.8771,0.029,
89988,阿里巴巴-WR,4170.0,90.15,92.2,-2.22,1794161650187.0,0.0,21.074,1.6044,1.1
02170,贝康医疗-B,4152.0,1.265,1.265,0.0,346010390.0,0.02,-1.7397,0.3475,
00703,佳景集团,4148.0,0.097,0.097,0.0,67347335.0,,-11.9009,0.1764,
01075,首都信息,4147.0,1.68,1.68,0.0,486878463.0,,5.8136,0.3603,4.88
02026,小马智行-W,4135.0,47.36,48.06,-1.46,20610321818.0,0.04,-17.8739,1.6673,
02285,泉峰控股,4134.0,31.54,29.92,5.41,16060288199.0,0.32,18.9903,1.8839,2.45
02768,国恩科技,4126.0,40.78,40.5,0.69,17804548000.0,0.28,13.4257,2.1715,1.43
00173,嘉华国际,4126.0,1.85,1.88,-1.6,5832547923.0,0.01,-6.4507,0.1472,1.62
00844,广泰国际控股,4124.0,0.33,0.33,0.0,163130659.0,,-1.663,0.9937,
03662,星悦康旅,4122.0,0.375,0.375,0.0,272343750.0,0.06,5.0313,0.1973,2.13
02190,归创通桥,4109.0,21.62,21.88,-1.19,7131235279.0,0.09,20.4209,2.0571,1.21
09885,药师帮,4095.0,3.55,3.52,0.85,2458329990.0,0.04,11.5541,0.892,3.61
06683,巨星传奇,4095.0,3.73,3.66,1.91,3574751734.0,0.05,-81.9964,2.0165,
08225,中国医疗集团,4090.0,0.072,0.073,-1.37,71665320.0,0.01,-4.7114,0.9593,
00258,汤臣集团,4090.0,2.1,2.15,-2.33,4743948741.0,0.01,50.2484,0.3578,6.43
01712,龙资源,4074.0,9.15,8.73,4.81,1735900805.0,0.55,2.9288,1.3655,
02718,明略科技-W,4056.0,37.14,36.1,2.88,5677999337.0,0.22,-0.8117,2.1954,
01899,兴达国际,4042.0,0.98,0.99,-1.01,1881722695.0,0.0,7.9721,0.2629,25.51
00638,广和通,4040.0,6.62,6.615,0.08,5948619751.0,0.2,27.1644,0.8443,4.14
02245,力勤资源,4012.0,20.3,20.4,-0.49,35095073405.0,0.47,7.3393,2.1519,3.46
00008,电讯盈科,4007.0,5.115,5.14,-0.49,39629805280.0,0.08,-471.7834,42.4302,7.49
00628,通通AI社交,3978.0,0.265,0.26,1.92,1378297627.0,0.25,14.1581,0.519,
06656,思格新能,3940.0,244.6,258.6,-5.41,60864534678.0,0.2,18.7336,6.1254,1.12
06626,越秀服务,3922.0,1.77,1.76,0.57,2658915553.0,0.09,8.8419,0.6234,7.91
00242,信德集团,3921.0,0.495,0.5,-1.0,1493742584.0,0.04,-3.0043,0.0477,
01310,香港宽频,3890.0,5.72,5.565,2.79,8459431369.0,0.07,40.8716,3.995,6.01
00661,中国大冶有色金属,3890.0,0.132,0.136,-2.94,2362216521.0,0.04,4.0636,0.5733,
01997,九龙仓置业,3888.0,30.28,29.84,1.47,91936963462.0,0.1,-45.3562,0.5112,5.28
03678,弘业期货,3885.0,1.995,2.02,-1.24,2010516667.0,0.23,54.9244,0.9301,0.25
00029,达力集团,3881.0,8.84,9.125,-3.12,2101300540.0,0.02,-33.279,0.277,0.11
06839,云南水务,3872.0,0.071,0.08,-11.25,84718155.0,0.56,-0.0382,0.0094,
01599,城建设计,3870.0,0.945,0.945,0.0,1274493150.0,0.03,2.3057,0.1371,8.89
00528,金达控股,3848.0,1.19,1.2,-0.83,749316820.0,,2.3015,0.4304,5.04
01907,中国旭阳集团,3842.0,1.74,1.695,2.65,7392142920.0,0.15,27.0735,0.5225,1.09
02136,利福中国,3842.0,0.565,0.58,-2.59,827413402.0,0.02,-73.4967,0.0815,74.34
01358,普华和顺,3824.0,0.89,0.9,-1.11,1275584577.0,0.02,25.6594,0.2842,7.3
01152,正乾金融控股,3824.0,0.208,0.208,0.0,746687934.0,0.0,-43.5514,2.5673,
02889,博泰车联,3816.0,52.0,53.5,-2.8,8668686936.0,0.14,-6.5608,2.5001,
03913,合景悠活,3808.0,0.118,0.122,-3.28,239051352.0,0.06,-1.0324,0.0894,
00999,小菜园,3805.0,9.345,9.025,3.55,10887175446.0,0.15,15.2922,3.9131,5.37
08158,中国再生医学,3804.0,0.3,0.315,-4.76,91275744.0,,3.3144,1.6082,
03858,佳鑫国际资源,3798.0,44.12,44.62,-1.12,20098866000.0,0.09,10.8721,6.3755,4.24
03315,金邦达宝嘉,3792.0,0.59,0.595,-0.84,475423180.0,0.0,237.2398,0.2109,8.47
00318,黄河实业,3791.0,0.89,0.89,0.0,256550401.0,,23.1983,0.4847,
00098,兴发铝业,3768.0,5.065,5.125,-1.17,2130587864.0,0.0,3.5261,0.2952,9.87
09928,时代邻里,3767.0,0.465,0.465,0.0,458337827.0,0.09,18.7041,0.2962,12.04
01499,欧科云链,3758.0,0.124,0.119,4.2,665943240.0,0.01,-23.1399,5.536,
08267,蓝港互动,3730.0,0.193,0.193,0.0,71312142.0,,-0.8978,0.37,
00127,华人置业,3725.0,1.01,1.01,0.0,1926695270.0,0.0,-10.8054,0.165,
06889,DYNAM JAPAN,3724.0,3.1,3.11,-0.32,2122393598.0,,16.6062,0.3256,8.1
00253,顺豪控股,3721.0,0.6,0.6,0.0,182621250.0,,-3.4311,0.0461,
09678,云知声,3709.0,66.6,66.8,-0.3,4973394494.0,0.08,-15.9428,3.4986,
00717,英皇资本,3707.0,0.057,0.059,-3.39,384228206.0,0.03,2.9608,0.105,
01616,一元宇宙,3703.0,0.06,0.06,0.0,129094622.0,,-3.1449,0.7266,
02222,雷士国际,3690.0,0.575,0.55,4.55,291682364.0,0.0,-15.206,0.0764,
00484,云游控股,3675.0,0.64,0.645,-0.78,109904058.0,0.04,-2.2593,0.2394,
03601,鲁大师,3666.0,0.55,0.565,-2.65,147950000.0,0.06,-334.6647,0.1933,
01475,日清食品,3641.0,6.74,6.645,1.43,7034480575.0,0.0,20.1198,1.8128,2.36
01837,五谷磨房,3640.0,1.325,1.33,-0.38,2899847300.0,0.01,8.0794,1.467,5.21
00565,锦艺集团控股,3596.0,3.86,3.45,11.88,10378787929.0,0.37,-584.2925,550.2194,
09980,东鹏饮料,3585.0,93.35,93.7,-0.37,68537505588.0,0.08,12.1828,3.0435,6.9
00926,碧生源,3581.0,2.335,2.335,0.0,285490141.0,,10.7416,0.513,
02219,朝聚眼科,3577.0,2.37,2.37,0.0,1662460200.0,0.07,8.7895,0.619,10.3
01890,中国科培,3573.0,0.83,0.84,-1.19,1671826394.0,0.02,2.0883,0.2449,15.66
02648,安井食品,3564.0,60.6,60.6,0.0,20197309279.0,0.12,11.7261,1.1028,6.13
00374,四洲集团,3559.0,2.55,2.55,0.0,969070482.0,,74.1163,0.8029,3.73
02356,大新银行集团,3553.0,14.41,14.46,-0.35,20256888222.0,0.06,7.5658,0.5536,5.83
00931,中国港能,3553.0,0.305,0.31,-1.61,2518659680.0,0.04,-15.1142,8.722,
08179,百利达集团控股,3552.0,0.01,0.01,0.0,19077983.0,0.04,-0.1904,0.0562,
00882,天津发展,3549.0,2.02,2.005,0.75,2166995653.0,0.04,5.3021,0.1595,6.93
00866,中国秦发,3534.0,1.875,1.9,-1.32,4926401222.0,0.02,16.9702,1.7913,
00834,盛融控股,3509.0,0.221,0.221,0.0,100101508.0,,-2.3318,0.175,
01037,云智汇科技,3485.0,0.615,0.625,-1.6,434296671.0,0.19,-129.1389,0.9276,
01523,珩湾科技,3473.0,8.015,7.8,2.76,8881277230.0,0.09,22.1374,20.2371,4.72
06988,乐享集团,3467.0,0.05,0.052,-3.85,118596360.0,0.04,-1.1501,0.248,
02315,百奥赛图-B,3465.0,77.75,79.7,-2.45,34746352155.0,0.43,82.9608,12.4627,
00196,宏华集团,3461.0,0.1,0.1,0.0,904048915.0,0.01,-28.7766,0.2359,
00658,中国高速传动,3425.0,1.04,1.035,0.48,1700703218.0,0.0,4.0278,0.1748,
02012,阳光油砂,3407.0,0.175,0.165,6.06,124487028.0,0.52,-0.5519,-42.7181,
02589,沪上阿姨,3376.0,66.4,66.4,0.0,6985480528.0,0.01,9.8813,2.8038,5.38
02257,圣诺医药-B,3376.0,3.95,3.74,5.61,443020695.0,0.04,-5.3788,-12.2527,
01384,滴普科技,3369.0,23.42,23.2,0.95,8170301200.0,0.15,-11.0495,4.479,
00511,无线集团,3363.0,2.03,2.0,1.5,947932527.0,0.13,10.1059,0.4156,
02419,德康农牧,3350.0,56.6,57.1,-0.88,21835824200.0,0.07,-21.1928,2.2724,
01300,俊知集团,3343.0,3.3,3.49,-5.44,5834400000.0,0.5,17.6462,1.3263,
01836,九兴控股,3333.0,12.05,12.05,0.0,10176182825.0,0.02,10.6114,1.2056,11.2
02048,易居企业控股,3328.0,0.064,0.059,8.47,111939810.0,0.31,-0.3705,-0.0116,
00952,华富建业金融,3322.0,0.092,0.092,0.0,570128528.0,,-2.3931,0.3366,13.04
00746,理文化工,3320.0,4.45,4.37,1.83,3671250000.0,0.02,6.3175,0.531,7.87
02391,涂鸦智能-W,3316.0,13.04,13.02,0.15,7998338802.0,0.0,14.946,0.9925,3.63
00637,利记,3310.0,0.174,0.174,0.0,144202500.0,,25.197,0.1827,
06138,哈尔滨银行,3304.0,0.31,0.31,0.0,3408635861.0,0.0,4.2046,0.054,
00650,普达特科技,3300.0,0.19,0.2,-5.0,1408897449.0,0.02,-7.1147,1.0831,
01065,天津创业环保股份,3295.0,3.665,3.67,-0.14,5755582282.0,0.01,5.7202,0.4798,6.68
02276,康耐特光学,3292.0,38.18,38.14,0.1,19023940964.0,0.22,28.3985,4.2636,1.23
00330,思捷环球,3289.0,0.42,0.43,-2.33,118894328.0,0.01,-1.0851,1.9615,
06628,创胜集团医药-B,3280.0,0.9,0.935,-3.74,407683349.0,0.11,-2.212,0.6377,
06603,IFBH,3271.0,4.4,4.38,0.46,1165023200.0,0.13,12.1878,0.9023,4.64
03978,卓越教育集团,3271.0,2.31,2.46,-6.1,1953158130.0,0.05,5.332,1.8974,12.9
00807,上海实业环境,3263.0,0.96,0.96,0.0,2472639097.0,0.0,3.6463,0.1917,6.98
03636,金浔资源,3254.0,16.73,16.88,-0.89,2548223977.0,0.34,5.2632,1.0655,2.33
00842,理士国际,3253.0,0.83,0.83,0.0,1189452131.0,0.0,-8.6848,0.2251,
02878,晶门半导体,3253.0,0.224,0.233,-3.86,559496527.0,0.04,-18.0072,0.5125,
06989,卓越商企服务,3249.0,0.49,0.495,-1.01,597970520.0,0.01,6.663,0.134,
00061,绿领控股,3241.0,0.188,0.188,0.0,24734239.0,,0.0425,-0.0116,
00775,长江生命科技,3238.0,0.53,0.525,0.95,5093868372.0,0.01,-78.7318,1.2905,
01753,兑吧,3236.0,0.46,0.475,-3.16,495338672.0,0.15,-4.0871,0.3662,
01274,知行科技,3226.0,1.99,1.99,0.0,503542914.0,0.0,-1.5298,0.5472,
00976,齐合环保,3223.0,0.43,0.43,0.0,690215485.0,,-1.9377,0.24,
02543,大行科工,3222.0,34.08,33.76,0.95,1117443701.0,0.06,10.5952,1.7099,8.04
02723,深演智能,3221.0,735.5,706.5,4.1,66694533213.0,0.06,4319.9602,72.1283,
00014,希慎兴业,3185.0,15.42,15.31,0.72,15836466799.0,0.05,50.5957,0.2124,7.0
08047,中国海洋发展,3182.0,0.025,0.025,0.0,177091404.0,,-3.2053,0.3791,
01623,海隆控股,3180.0,0.244,0.245,-0.41,413931018.0,0.01,6.4336,0.1232,1.23
01011,泰凌医药,3174.0,0.41,0.41,0.0,736591070.0,0.0,-23.1885,4.0769,
02772,中梁控股,3169.0,0.034,0.032,6.25,152104505.0,0.05,-0.0195,-0.0482,
01126,德林国际,3161.0,5.68,5.715,-0.61,3844593200.0,0.08,6.4972,0.9123,10.56
01101,华荣能源,3157.0,0.02,0.02,0.0,95409830.0,,-0.2025,-0.0091,
08168,宝积资本,3157.0,0.063,0.063,0.0,93529800.0,,-92.8796,1.6778,
01345,上海先锋控股,3155.0,2.075,2.12,-2.12,2609202525.0,0.0,18.6108,2.1793,2.6
02309,大象未来集团,3153.0,1.315,1.655,-20.54,1213460818.0,0.59,10.8875,2.1322,
02610,南山铝业国际,3149.0,23.0,23.42,-1.79,14270009600.0,0.01,8.2874,0.8862,2.48
00980,联华超市,3147.0,0.25,0.26,-3.85,369900000.0,0.91,-0.7352,-0.966,
00086,新鸿基公司,3147.0,3.96,3.96,0.0,7751911832.0,0.0,5.5609,0.3407,7.1
00585,意力国际,3142.0,4.475,4.3,4.07,3713899035.0,0.07,982.2531,3.3834,
01450,交个朋友控股,3132.0,0.61,0.65,-6.15,856838429.0,0.01,6.229,1.3247,8.2
02410,同源康医药-B,3123.0,4.05,3.975,1.89,1539266563.0,0.04,-6.4261,5.1234,
08143,金威医疗,3121.0,0.265,0.265,0.0,71696278.0,,-5.7252,2.6052,
00582,神话世界,3119.0,0.056,0.058,-3.45,204482958.0,0.0,-1.2288,0.034,
08006,华泰瑞银,3099.0,0.124,0.124,0.0,45737688.0,0.0,-4.6102,1.2269,
01606,国银金租,3098.0,1.515,1.495,1.34,19153205700.0,0.03,3.0262,0.366,7.66
00588,北京北辰实业股份,3095.0,0.685,0.67,2.24,2306408700.0,0.04,-0.8647,0.163,
03303,巨涛海洋石油服务,3088.0,0.355,0.36,-1.39,883536527.0,0.01,-9.5739,0.361,
01021,华沿机器人,3087.0,7.91,7.855,0.7,4406396648.0,0.08,-56.452,1.9102,
00187,京城机电股份,3080.0,2.46,2.5,-1.6,1342537344.0,0.07,-11.6926,1.4625,
01257,中国光大绿色环保,3079.0,0.735,0.735,0.0,1518567330.0,0.0,12.9053,0.1106,7.76
00757,阳光能源,3078.0,0.051,0.05,2.0,169512328.0,0.0,-0.6453,0.2433,
00159,布莱克万矿业,3077.0,0.058,0.053,9.43,538253464.0,0.0,-18.7004,1.1855,
00095,绿景中国地产,3072.0,0.182,0.182,0.0,1158205497.0,,-0.1376,0.1108,
00259,亿都(国际控股),3057.0,2.75,2.835,-3.0,2567306500.0,0.03,1.3162,0.4589,1.82
03838,中国淀粉,3056.0,0.175,0.175,0.0,991738483.0,0.03,43.1154,0.2048,5.71
01588,畅捷通,3055.0,4.155,4.175,-0.48,1335445275.0,0.0,13.0687,1.2586,11.0
00040,金山科技工业,3052.0,0.67,0.67,0.0,604667034.0,0.0,24.3435,0.505,3.73
83690,美团-WR,3045.0,59.9,60.35,-0.75,369911539520.0,0.0,-8.6397,2.1862,
00889,连达科技控股,3043.0,0.37,0.37,0.0,118400000.0,0.07,-5.9082,0.1639,
02506,讯飞医疗科技,3031.0,66.0,63.15,4.51,7977963378.0,0.01,-134.1376,8.0887,
00083,信和置业,3018.0,10.07,10.03,0.4,96532442357.0,0.06,21.0356,0.5552,5.55
02411,百果园集团,3012.0,1.56,1.55,0.65,3056731470.0,0.06,50.7909,1.0143,0.38
01206,同方泰德,3011.0,0.169,0.162,4.32,132190480.0,0.01,-0.1574,0.0617,
04338,微软-T,2993.0,1600.0,1600.0,0.0,14608468800000.0,,,,
01822,中木国际,2992.0,0.132,0.117,12.82,260541252.0,0.06,-6.3707,1.8907,
02283,东江集团控股,2990.0,1.435,1.435,0.0,1195728100.0,0.0,7.8083,0.6835,12.06
00876,青海生物制药,2982.0,1.77,1.77,0.0,183429975.0,0.0,-1.8508,-0.5683,
08226,树熊金融集团,2978.0,0.105,0.105,0.0,43837919.0,,4.3071,0.1129,
02163,远大住工,2975.0,0.6,0.6,0.0,292583640.0,,-0.4597,0.1029,
00623,金桥集团控股,2972.0,1.83,1.83,0.0,834837527.0,0.01,2.0057,0.3641,17.05
02111,超盈国际控股,2944.0,2.565,2.55,0.59,2667107520.0,0.02,4.9108,0.6627,10.18
00286,爱帝宫,2928.0,1.31,1.31,0.0,251760820.0,,-1.3047,0.3089,
02389,北京健康,2911.0,0.065,0.072,-9.72,393820182.0,0.01,-3.8062,0.2359,
00612,嘉文世纪投资公司,2910.0,0.335,0.335,0.0,523080320.0,,-4.6511,1.0403,
00210,达芙妮国际,2899.0,0.3,0.295,1.69,593549529.0,0.02,5.1201,0.6065,6.67
00643,恒富控股,2888.0,0.141,0.14,0.71,126878223.0,0.02,-3.4813,1.4712,
00848,茂业国际,2886.0,0.176,0.177,-0.56,904697376.0,0.08,-1.2569,0.042,
01286,鹰普精密,2883.0,7.035,7.05,-0.21,13699154653.0,0.06,17.1051,2.0341,2.25
06136,康达环保,2879.0,0.755,0.765,-1.31,1741791418.0,0.01,4.7029,0.236,0.66
06196,郑州银行,2872.0,0.835,0.82,1.83,7591896284.0,0.06,4.3892,0.1158,
06698,星空华文,2859.0,0.84,0.85,-1.18,333867969.0,,-2.0083,0.1166,
06978,永泰生物-B,2852.0,0.415,0.395,5.06,256262832.0,0.01,-1.3063,-2.6563,
81024,快手-WR,2850.0,25.32,25.76,-1.71,108981090609.0,0.0,6.0674,1.3252,2.74
00505,兴业合金,2849.0,0.95,0.95,0.0,854580264.0,,2.3992,0.2874,3.16
01107,当代置业,2847.0,0.013,0.013,0.0,36334930.0,,-0.0072,-0.0014,
00041,鹰君,2840.0,13.59,13.55,0.3,10189215909.0,0.02,-37.5642,0.1961,7.87
02266,黎氏企业,2839.0,0.38,0.395,-3.8,152000000.0,0.01,-21.4629,1.3914,3.95
02348,东瑞制药,2832.0,0.96,0.965,-0.52,1446744000.0,0.01,5.436,0.3624,6.56
00315,数码通电讯,2830.0,4.835,4.855,-0.41,5323100991.0,0.03,10.1442,0.9716,6.62
01991,大洋集团,2820.0,0.665,0.665,0.0,114384456.0,,-1.5981,16.4251,
06610,飞天云动,2804.0,0.76,0.765,-0.65,98821858.0,0.16,-0.3401,0.0778,
00672,众安集团,2802.0,0.07,0.07,0.0,394506686.0,0.01,-0.2996,0.0395,
00518,同得仕(集团),2789.0,0.15,0.15,0.0,67660134.0,,-4.5119,0.1767,
02668,百德国际,2784.0,0.415,0.415,0.0,2336450000.0,0.26,-10.7522,7.7412,
02156,建发物业,2774.0,2.59,2.595,-0.19,3647403801.0,0.02,8.2827,1.5837,7.72
02139,甘肃银行,2771.0,0.243,0.243,0.0,3661959293.0,0.0,5.1404,0.0963,56.79
00559,德泰新能源集团,2767.0,0.126,0.126,0.0,65921233.0,,-7.8431,0.1433,
00510,时富金融服务集团,2766.0,0.425,0.4,6.25,183249281.0,0.0,-4.4673,1.1061,
00023,东亚银行,2764.0,18.67,18.79,-0.64,49415255009.0,0.07,14.6938,0.461,3.64
01502,金融街物业,2754.0,1.86,1.895,-1.85,694710000.0,0.39,5.5293,0.4481,9.14
01049,时富投资,2745.0,0.73,0.73,0.0,58909672.0,,-2.1463,11.6838,
02706,海致科技集团,2726.0,39.12,39.1,0.05,15813153804.0,0.01,-145.3771,11.4072,
02431,佑驾创新,2721.0,1.855,1.9,-2.37,806710948.0,0.1,-1.7532,0.7034,
06963,阳光保险,2713.0,3.435,3.415,0.59,39507729788.0,0.07,4.5246,0.6201,6.46
03866,青岛银行,2702.0,4.9,4.825,1.55,28519738148.0,0.07,4.4991,0.4755,4.31
00491,英皇文化产业,2701.0,0.025,0.026,-3.85,80333522.0,0.04,63.9089,-0.0562,
01141,民银资本,2692.0,0.75,0.755,-0.66,822726520.0,0.1,4.7574,0.4661,
03368,百盛集团,2688.0,0.123,0.123,0.0,324047467.0,,-1.5809,0.0996,
03813,宝胜国际,2681.0,0.365,0.36,1.39,1926516579.0,0.02,6.202,0.1845,9.86
01111,华视集团控股,2679.0,0.241,0.241,0.0,185726650.0,0.02,2.1323,0.3417,
00600,爱芯元智,2679.0,20.72,21.62,-4.16,12202765958.0,0.03,-17.5649,3.0335,
00838,亿和控股,2672.0,0.705,0.705,0.0,1219958649.0,0.07,4.9125,0.3484,6.1
02518,汽车之家-S,2671.0,40.46,40.46,0.0,20609822296.0,,19.2749,0.8198,11.88
02865,钧达股份,2671.0,11.2,11.2,0.0,3486179782.0,0.21,-2.2072,0.801,
00348,中国智能健康,2662.0,0.073,0.073,0.0,67493671.0,,-2.038,-1.7176,
02779,中国新华教育,2659.0,0.33,0.34,-2.94,530832390.0,0.03,1.4328,0.1081,
01396,粤港湾智算,2648.0,10.8,10.8,0.0,17104012704.0,0.17,-25.8388,3.1795,
00261,GBA集团,2646.0,0.225,0.225,0.0,74556378.0,0.0,-0.8389,0.1531,
00181,闽港控股,2640.0,0.098,0.097,1.03,112263508.0,0.01,-5.0803,0.3272,
09676,十月稻田,2633.0,4.12,4.2,-1.9,4353813090.0,0.01,8.1965,1.0689,9.1
02643,曹操出行,2628.0,12.66,12.5,1.28,7329829957.0,0.04,-12.115,-1.5872,
00215,和记电讯香港,2628.0,1.1,1.1,0.0,5301005829.0,0.03,-265.0503,0.595,6.82
01762,万咖壹联,2627.0,0.9,0.905,-0.55,1748239168.0,0.05,22.8376,0.8571,
00759,CEC国际,2609.0,0.212,0.208,1.92,141232449.0,0.02,-3.6039,0.3448,
06899,联众,2608.0,0.23,0.23,0.0,247893974.0,,-2.1477,6.3761,
06609,心玮医疗-B,2604.0,62.35,56.85,9.67,2423046199.0,0.94,22.7066,1.7288,
03658,新希望服务,2597.0,1.7,1.68,1.19,1384014200.0,0.0,6.1788,0.9018,5.29
01191,海光芯正,2596.0,130.4,129.9,0.38,11938999548.0,0.09,-56.8627,5.9093,
00860,APOLLO出行,2588.0,0.605,0.6,0.83,618575044.0,0.01,-0.8884,0.5036,
01122,庆铃汽车股份,2585.0,0.46,0.465,-1.08,1141843403.0,0.06,-11.9688,0.1367,
02076,BOSS直聘-W,2584.0,59.2,59.05,0.25,55663766381.0,0.03,10.5488,2.2702,3.38
01612,永胜医疗,2582.0,0.68,0.68,0.0,448867206.0,0.02,4.6613,0.6271,6.76
00468,纷美包装,2578.0,2.274,2.274,0.0,3199811346.0,,-141.8099,0.957,0.26
01986,彩客新能源,2573.0,1.0,0.955,4.71,967884500.0,0.17,10.4148,0.4173,2.0
00862,远见控股,2570.0,0.92,0.985,-6.6,361025522.0,0.0,-0.8255,-1.2629,
00789,雅天妮集团,2569.0,1.75,1.61,8.7,463388844.0,0.01,-48.1043,2.6323,
06668,星盛商业,2553.0,1.39,1.395,-0.36,1410177240.0,0.03,8.712,0.9582,9.71
02700,格林国际控股,2541.0,0.6,0.6,0.0,395936816.0,0.0,-338.1185,11.1932,
01399,锐信控股,2540.0,0.36,0.36,0.0,392400449.0,,6.0855,0.3038,
00608,达利国际,2538.0,1.025,1.03,-0.49,313255806.0,0.0,7.0033,0.0934,5.85
00255,龙记集团,2536.0,1.355,1.355,0.0,859079896.0,0.0,-29.1936,0.5701,14.76
01431,原生态牧业,2528.0,0.285,0.285,0.0,1336791474.0,0.01,1.7346,0.1981,
02216,堃博医疗-B,2504.0,0.7,0.71,-1.41,368955359.0,0.03,-2.6034,0.3293,
01148,新晨动力,2499.0,0.208,0.208,0.0,266700053.0,,10.5566,0.1301,
00659,周大福创建,2488.0,8.7,8.61,1.05,39732424841.0,0.03,16.6064,0.9446,7.15
08220,比高集团,2487.0,4.6,4.43,3.84,833233434.0,0.07,-32.1612,-16.4103,
00269,中国资源交通,2487.0,0.01,0.01,0.0,106440932.0,0.0,0.1611,-0.0097,
00947,摩比发展,2480.0,0.157,0.165,-4.85,125104680.0,0.02,-1.2055,0.4204,
02728,金泰能源控股,2461.0,0.36,0.38,-5.26,80190376.0,0.02,-3.0307,2.3569,
09668,渤海银行,2457.0,0.735,0.73,0.68,13055070000.0,0.0,2.0307,0.087,
01046,寰宇娱乐文化,2451.0,1.4,1.31,6.87,1269285186.0,1.95,-116.0436,5.5047,
01195,京维集团,2450.0,0.018,0.019,-5.26,52093651.0,0.27,-4.047,0.5209,
00533,金利来集团,2448.0,0.815,0.815,0.0,793682889.0,0.01,-9.6296,0.1766,1.84
01188,正道集团,2444.0,0.012,0.012,0.0,244234473.0,,4.8865,-2.6363,
02675,精锋医疗-B,2436.0,33.14,33.58,-1.31,12911910694.0,0.04,-554.9292,4.833,
06820,友谊时光,2431.0,0.36,0.365,-1.37,785106000.0,0.02,5.5687,0.535,5.56
01846,德视佳,2429.0,2.52,2.45,2.86,808179120.0,0.0,325.0922,0.6636,0.52
09890,贪玩,2422.0,10.79,10.28,4.96,5580276363.0,0.1,4.6154,1.1353,
00290,国富量子,2415.0,1.645,1.68,-2.08,16949837550.0,0.06,-7.9553,2.3238,
00398,东方表行集团,2409.0,3.18,3.18,0.0,1549799152.0,0.06,8.6054,0.8564,11.67
01878,南戈壁,2408.0,1.88,1.955,-3.84,696632661.0,0.0,-0.674,-0.3653,
00690,联康生物科技集团,2400.0,0.07,0.072,-2.78,417985970.0,0.03,8.6112,0.9315,4.29
00245,中薇金融,2390.0,0.98,0.935,4.81,1821916003.0,0.0,-3.1036,0.403,
06887,东阳光药,2387.0,41.1,41.52,-1.01,23603362032.0,0.04,-68.6835,5.244,
01823,华昱高速,2384.0,1.09,1.09,0.0,513507720.0,0.0,-9.0711,0.6187,
02306,乐华娱乐,2381.0,1.9,1.935,-1.81,1578062100.0,0.05,25.6849,0.9487,
09960,康圣环球,2380.0,0.92,0.925,-0.54,949271769.0,0.01,-19.9169,0.3158,10.33
00605,中国金融投资管理,2374.0,0.73,0.73,0.0,152613849.0,0.02,0.6729,0.1691,
01522,京投交通科技,2363.0,0.213,0.211,0.95,446692253.0,0.02,8.4974,0.1512,9.39
00501,豪威集团,2353.0,69.75,71.55,-2.52,87756093979.0,0.2,23.7777,2.3032,0.17
00030,云白国际,2352.0,0.224,0.224,0.0,2107369299.0,,430.4267,5.8999,
02373,美丽田园医疗健康,2347.0,18.05,18.21,-0.88,4470032231.0,0.03,10.1674,2.7301,3.99
02788,创新实业,2320.0,14.86,15.09,-1.52,30834500000.0,0.03,6.4857,2.5333,5.18
06919,人瑞人才,2317.0,3.275,3.23,1.39,519456196.0,0.01,4.1352,0.3376,5.74
00476,科轩动力控股,2315.0,0.835,0.82,1.83,296967006.0,0.11,-1.017,0.4249,
00893,中国铁钛,2311.0,0.061,0.062,-1.61,137189940.0,0.0,-11.5117,0.1934,
00234,新世纪集团,2304.0,0.038,0.037,2.7,219654011.0,0.04,-7.718,0.1476,
02402,亿华通,2299.0,10.29,10.95,-6.03,2475075113.0,2.05,-3.9238,1.1458,
02339,京西国际,2294.0,5.26,5.18,1.54,6797302870.0,0.15,-133.6946,6.3425,
00433,北方矿业,2293.0,0.038,0.038,0.0,570081335.0,0.01,0.9635,0.7179,
01161,奥思集团,2288.0,1.28,1.315,-2.66,871107538.0,0.01,9.0268,2.1242,5.86
08033,爱达利网络,2287.0,0.104,0.104,0.0,64075960.0,,-53.4858,0.3259,9.62
00629,悦达国际控股,2278.0,0.27,0.27,0.0,315529159.0,,14.1739,0.5861,2.22
01942,马可数字科技,2278.0,0.059,0.063,-6.35,121444986.0,0.18,-0.8645,0.1335,
00373,联合集团,2277.0,1.99,1.95,2.05,6992231876.0,0.01,8.7831,0.1499,5.03
02098,卓尔智联,2271.0,0.067,0.073,-8.22,830766889.0,0.0,-0.6539,0.0559,
02595,劲方医药-B,2270.0,32.06,33.2,-3.43,12278294878.0,0.11,-8.26,5.236,
02232,晶苑国际,2268.0,6.63,6.535,1.45,18914209860.0,0.02,10.3381,1.4734,6.41
01600,天伦燃气,2265.0,2.68,2.7,-0.74,2608877109.0,0.02,-50.3189,0.3912,4.48
01647,雄岸科技,2265.0,0.064,0.061,4.92,76482560.0,0.12,-4.4937,0.2249,
01184,时捷集团,2252.0,8.01,7.985,0.31,5012957894.0,0.0,4.5343,1.3048,8.11
02562,狮腾控股,2246.0,0.52,0.545,-4.59,242643996.0,0.53,-1.0114,0.6118,
02199,维珍妮,2241.0,2.44,2.45,-0.41,2987170000.0,0.01,10.5554,0.9624,6.56
02251,鹰瞳科技-B,2240.0,9.25,8.6,7.56,928929520.0,0.04,-11.27,0.6869,
08137,洪桥集团,2232.0,0.51,0.51,0.0,7422812139.0,0.01,-326.9097,1.6163,
00028,天安,2220.0,3.175,3.245,-2.16,4654770634.0,0.0,-4.5528,0.1614,6.3
00039,中国北大荒,2209.0,0.045,0.045,0.0,361690768.0,,-1.3213,1.4155,
06639,瑞尔集团,2209.0,1.83,1.83,0.0,1028634674.0,,43.6051,0.5513,
00627,共生智筑,2202.0,1.17,1.09,7.34,1662187717.0,0.1,-8.8237,-0.7094,
03296,华勤技术,2199.0,63.0,65.1,-3.23,95495591016.0,0.96,16.0589,2.5526,2.23
00420,福田实业,2199.0,0.61,0.615,-0.81,747266446.0,0.08,7.1541,0.2292,9.34
01989,广合科技,2184.0,125.5,130.2,-3.61,59326844932.0,0.69,34.9718,6.4732,0.6
02580,奥克斯电气,2183.0,8.5,8.57,-0.82,13499999200.0,0.01,7.866,1.2733,14.6
00875,从玉智农,2182.0,0.32,0.26,23.08,223694903.0,0.98,-0.5339,2.2727,
00609,天德化工,2181.0,1.025,1.025,0.0,900378450.0,0.01,15.5017,0.3222,2.93
00379,恒嘉融资租赁,2177.0,0.16,0.145,10.34,269968442.0,0.97,-101.0361,0.6509,
00603,中油燃气,2177.0,0.118,0.12,-1.67,665142852.0,0.01,25.5608,0.1516,
03300,中国玻璃,2175.0,0.315,0.32,-1.56,578408751.0,0.02,-0.1143,-0.1139,
08041,中微智码,2174.0,0.695,0.68,2.21,569577252.0,0.05,-11.0737,-53.2365,
06883,颖通控股,2170.0,1.97,1.97,0.0,2675260000.0,,9.685,1.5325,7.11
00713,世界(集团),2166.0,0.31,0.305,1.64,245556401.0,0.02,-1.0135,0.2925,
01314,翠华控股,2165.0,0.185,0.185,0.0,261076893.0,,28.1303,0.5399,
00563,上实城市开发,2165.0,0.226,0.229,-1.31,1080373833.0,0.01,-1.2219,0.0844,
06669,先瑞达医疗-B,2163.0,5.77,5.97,-3.35,1808255517.0,0.14,-31.2799,1.1255,
02582,国富氢能,2155.0,3.815,3.91,-2.43,483252303.0,0.09,-1.034,0.3267,
80700,腾讯控股-R,2154.0,359.4,365.0,-1.53,3267882450843.0,0.0,12.1571,2.877,1.48
02327,美瑞健康国际,2140.0,0.202,0.207,-2.42,819182040.0,0.0,16.009,0.6285,2.97
02715,埃斯顿,2136.0,13.8,13.91,-0.79,13355618651.0,0.12,58.2911,3.5393,
08299,大唐黄金,2135.0,0.28,0.27,3.7,2671428962.0,0.32,28.1565,2.1704,
00418,方正控股,2135.0,0.68,0.68,0.0,784290915.0,,26.4365,0.6931,
03989,首创环境,2132.0,0.084,0.083,1.2,1200757586.0,0.01,3.4973,0.1458,
08020,宏海控股集团,2127.0,0.019,0.019,0.0,49646227.0,,-2.8613,-2.485,
00438,彩虹新能源,2120.0,1.21,1.195,1.26,213349705.0,0.0,-0.245,0.2714,
08092,ITE HOLDINGS,2116.0,0.038,0.043,-11.63,35169304.0,0.55,17.9802,1.8014,5.26
03200,大族数控,2112.0,96.4,99.0,-2.63,47140346232.0,0.19,27.1723,3.3987,0.73
00470,先导智能,2109.0,27.24,27.36,-0.44,45582485318.0,0.25,22.4052,2.1752,1.24
03336,巨腾国际,2100.0,2.39,2.34,2.14,2868020184.0,0.05,-2.3365,0.7217,
02135,瑞丽医美,2098.0,0.11,0.11,0.0,61278507.0,,4.0544,0.4744,
00117,宇阳控股,2098.0,3.74,3.575,4.62,2785365000.0,0.09,15.5661,3.8621,
03887,HASHKEY HLDGS,2097.0,2.305,2.325,-0.86,6331777841.0,0.06,-4.9791,2.6192,
08076,新利软件,2093.0,0.047,0.034,38.24,61910280.0,0.64,-4.1896,-58.7697,
09955,智云健康,2086.0,0.49,0.5,-2.0,316402227.0,0.01,-0.6857,0.5378,
01682,杭品生活科技,2083.0,0.131,0.128,2.34,205912874.0,0.02,-195.7347,1.3196,
00830,中国建筑兴业,2078.0,0.61,0.67,-8.96,1375331010.0,0.12,-88.5425,0.4501,4.59
01069,中国健康科技集团,2073.0,0.248,0.248,0.0,76575620.0,,3.0105,0.9507,
01501,瑛泰医疗,2071.0,33.24,33.66,-1.25,7020288000.0,0.07,28.1884,2.2127,0.81
00912,信佳国际,2069.0,1.075,1.075,0.0,306149250.0,0.0,7.5678,0.3725,9.3
03681,中国抗体-B,2058.0,1.055,1.045,0.96,1462903444.0,0.04,-6.9831,3.5148,
00051,海港企业,2057.0,5.195,5.0,3.9,3681956250.0,0.02,-31.4697,0.2445,
01875,东曜药业-B,2056.0,3.69,3.755,-1.73,2851587303.0,0.03,-15.5147,4.0293,
02586,多点数智,2056.0,8.58,8.55,0.35,7423609788.0,0.18,37.0469,9.5742,
00595,先思行,2052.0,1.12,1.125,-0.44,957601458.0,0.09,4.1325,0.4889,1.79
00911,前海健康,2044.0,0.395,0.395,0.0,66930775.0,,16.6868,0.1699,
09878,汇通达网络,2043.0,7.08,7.185,-1.46,3971477410.0,0.03,11.0523,0.4278,
02550,宜搜科技,2040.0,2.16,2.12,1.89,970927007.0,0.19,32.4339,0.9118,
01090,大明国际,2038.0,0.52,0.54,-3.7,662754560.0,0.0,-32.5578,0.2287,
09616,东软睿新集团,2033.0,1.78,1.77,0.56,1150271128.0,0.0,2.4524,0.393,15.73
01468,嘉高达资本,2029.0,0.18,0.18,0.0,75029571.0,,-0.5158,0.0947,
02291,心泰医疗,2027.0,13.0,13.1,-0.76,4457374961.0,0.05,18.827,1.9097,4.55
01228,北海康成-B,2026.0,2.015,2.0,0.75,1204412544.0,0.0,-13.1943,-5.3181,
02211,大健康国际,2026.0,0.44,0.46,-4.35,243201680.0,0.11,-10.3009,0.613,
01713,四川能投发展,2025.0,1.65,1.62,1.85,1772690205.0,0.01,6.7406,0.4135,8.48
03718,北控城市资源,2023.0,0.39,0.38,2.63,1387098960.0,0.09,5.5195,0.3782,9.74
00993,信控国际资本,2022.0,0.092,0.095,-3.16,801281913.0,0.0,-0.8039,-0.2106,
08049,吉林长龙药业,2019.0,2.325,2.325,0.0,1302581250.0,,5.2004,0.6246,12.6
06938,瑞博生物-B,2018.0,53.6,55.2,-2.9,9089643976.0,0.05,-47.9678,4.5307,
01251,华油能源,2015.0,0.265,0.27,-1.85,517848160.0,0.03,-6.3698,0.5128,
01168,Z FIN,2015.0,5.0,5.0,0.0,2181736060.0,0.03,-2.7649,0.2192,
01709,德林控股,2014.0,0.92,0.915,0.55,1864647746.0,0.17,5.1348,0.6939,1.09
01063,新确科技,2008.0,0.3,0.3,0.0,92312194.0,,3.7893,0.378,
00206,华商能源,2004.0,0.198,0.198,0.0,642199915.0,0.0,-7.8279,0.4638,
02438,出门问问,2001.0,0.28,0.28,0.0,433676420.0,0.01,-3.3158,2.035,
03882,天彩控股,1998.0,0.42,0.45,-6.67,423606731.0,0.0,-8.9922,-73.0356,
01028,千百度,1990.0,0.84,0.82,2.44,2093616000.0,0.03,-573.9071,1.6121,
00279,裕承科金,1990.0,0.415,0.405,2.47,579143830.0,0.0,-21.0835,3.1957,
01229,南南资源,1988.0,0.153,0.153,0.0,117102158.0,,-16.7313,0.4503,
06168,周六福,1986.0,11.52,11.78,-2.21,4919800643.0,0.01,5.8602,0.9994,9.25
00311,联泰控股,1986.0,0.305,0.305,0.0,315404363.0,0.01,3.7358,0.2427,8.2
08317,财华社集团,1985.0,0.081,0.081,0.0,80984461.0,,809.8446,1.8138,
00042,东北电气,1982.0,0.22,0.22,0.0,192141400.0,,-2.1649,-0.604,
80020,商汤-WR,1981.0,1.04,1.04,0.0,43905254331.0,0.0,123.4235,1.4578,
00035,远东发展,1969.0,0.645,0.635,1.57,1973081111.0,0.03,-1.6297,0.1567,
06681,脑动极光-B,1967.0,1.06,1.085,-2.3,1439774680.0,0.06,-3.9244,2.9823,
00622,威华达控股,1964.0,3.1,3.055,1.47,21524798311.0,0.26,57.1594,4.9834,
01982,南旋控股,1964.0,0.735,0.735,0.0,1675353120.0,0.0,5.5741,0.7011,14.97
00798,中电光谷,1951.0,0.13,0.13,0.0,963112800.0,,-13.879,0.106,3.85
01613,协同通信,1951.0,0.615,0.615,0.0,944556662.0,0.0,-22.3078,4.8758,
06616,环球新材国际,1951.0,9.32,9.105,2.36,11635477399.0,0.06,-17.9764,2.2809,
06980,八马茶业,1946.0,27.48,27.66,-0.65,2297264796.0,0.02,6.6592,1.0394,5.14
06031,三一重工,1945.0,16.95,17.22,-1.57,155855325207.0,0.16,15.2505,1.4591,1.24
00737,湾区发展,1937.0,1.915,1.885,1.59,6380186892.0,0.0,10.7864,1.0723,9.5
00130,慕诗国际,1936.0,0.205,0.171,19.88,69275650.0,3.35,-1.5205,0.265,
01786,铁建装备,1935.0,0.68,0.68,0.0,1033521120.0,,6.1921,0.1415,5.0
06828,北京燃气蓝天,1932.0,0.033,0.033,0.0,750291786.0,0.0,8.866,0.477,
01244,思路迪医药股份,1928.0,2.31,2.6,-11.15,596388870.0,0.03,-3.0089,0.9867,
00314,思派健康,1928.0,1.46,1.515,-3.63,1058987806.0,0.13,-112.5056,0.9815,
02475,立讯精密,1925.0,52.15,52.3,-0.29,403530273712.0,0.84,19.9167,3.0336,0.25
00827,玖源集团,1922.0,0.038,0.039,-2.56,267065619.0,0.07,-0.3352,-0.5756,
01269,首控集团,1919.0,0.047,0.046,2.17,86856000.0,0.0,-0.2644,-0.0358,
02218,安德利果汁,1917.0,21.76,21.7,0.28,7134842880.0,0.1,24.6186,2.281,1.79
00878,金朝阳集团,1908.0,6.05,6.04,0.17,1714017242.0,0.0,-1.337,0.1313,1.65
01760,英恒科技,1905.0,1.18,1.185,-0.42,1283649312.0,0.04,70.2354,0.4463,1.53
00360,新焦点,1905.0,0.034,0.032,6.25,585376244.0,0.01,-4.2962,1.7492,
01180,汇彩控股,1901.0,0.925,0.94,-1.6,973271416.0,0.08,-9.4795,2.7869,2.7
00745,中国国家文化产业,1898.0,5.075,5.1,-0.49,1189409764.0,0.09,94.3826,18.7261,
01680,澳门励骏,1896.0,0.157,0.155,1.29,146037957.0,,-0.5171,0.1029,
03686,祈福生活服务,1896.0,0.47,0.46,2.17,477402500.0,,2.0704,0.8261,20.21
04335,英特尔-T,1892.0,300.0,300.0,0.0,1686600000000.0,,,,
01538,中奥到家,1891.0,0.85,0.865,-1.73,726367500.0,0.08,6.2663,0.5464,2.94
01121,金阳新能源,1888.0,0.38,0.365,4.11,731222451.0,0.0,-2.7099,3.0726,
02587,健康之路,1888.0,0.665,0.68,-2.21,581390415.0,0.14,8.9686,1.8613,
08295,金慧科技,1886.0,0.026,0.026,0.0,124176509.0,,-0.7375,0.2373,
00917,趣致集团,1884.0,6.625,6.895,-3.92,1754953530.0,0.58,4.6773,0.6982,
03313,雅高控股,1881.0,0.695,0.695,0.0,98836271.0,0.04,-1.1785,0.2004,
01461,中泰期货,1875.0,0.645,0.645,0.0,646225500.0,,3.76,0.2059,1.24
01102,环能国际,1872.0,0.08,0.079,1.27,223950859.0,0.0,19.8926,2.1846,
01265,天津津燃公用,1871.0,0.155,0.155,0.0,285092709.0,,-18.9942,0.1844,
00933,非凡领越,1868.0,0.345,0.34,1.47,3435708459.0,0.0,13.3343,0.4125,2.32
01023,时代集团控股,1866.0,0.42,0.425,-1.18,405480600.0,,-3.3012,0.28,14.29
02235,微泰医疗-B,1863.0,6.99,6.945,0.65,2900214609.0,0.02,30.9359,1.2281,
06878,鼎丰集团汽车,1863.0,0.037,0.037,0.0,34758688.0,,-0.0125,0.5218,
00113,迪生创建,1861.0,5.93,5.895,0.59,2289331696.0,0.02,9.1964,0.6201,9.27
01981,华夏控股,1859.0,0.68,0.68,0.0,1125357160.0,0.02,2.7367,0.3903,10.0
00755,大方广瑞德,1846.0,0.255,0.265,-3.77,45530816.0,0.01,-0.9152,0.1165,
01236,乐动机器人,1841.0,26.4,24.7,6.88,8800001760.0,0.02,-85.3315,7.103,
02509,荃信生物-B,1838.0,17.29,17.48,-1.09,3862053468.0,0.02,6.2693,3.8865,
03277,长光辰芯,1836.0,71.6,72.7,-1.51,31868322280.0,0.09,60.7731,6.4705,0.41
02080,奥克斯国际,1835.0,0.465,0.46,1.09,229237560.0,0.06,6.5034,0.7614,
01372,中国碳中和,1833.0,1.185,1.085,9.22,1161867274.0,0.09,-6.2673,5.4295,
02322,新质数字,1825.0,0.057,0.057,0.0,251974200.0,0.01,-0.9755,0.5838,
08100,名科国际,1823.0,0.42,0.42,0.0,186668260.0,,-36.9348,1.1954,
09669,北森控股,1822.0,3.29,3.175,3.62,2357648292.0,0.05,-88.8272,1.8305,
00521,CWT INT'L,1818.0,0.192,0.191,0.52,2188799251.0,0.01,7.3503,0.3911,
06951,三环集团,1815.0,133.3,137.8,-3.27,266162585514.0,0.55,70.1917,7.9779,
08172,拉近网娱,1806.0,0.19,0.19,0.0,79973490.0,,-3.2348,1.1011,
02477,经纬天地,1804.0,0.193,0.195,-1.03,925628000.0,0.1,-23.4403,2.3649,
01598,21世纪教育,1795.0,0.111,0.111,0.0,128893644.0,,3.1426,0.1445,
00057,震雄集团,1794.0,1.5,1.53,-1.96,945842400.0,0.0,8.0876,0.2918,5.93
00334,华显光电,1793.0,0.29,0.285,1.75,613149299.0,0.0,4.1108,0.4162,
06831,绿茶集团,1793.0,4.88,4.875,0.1,3213259424.0,0.06,5.1704,1.7642,10.66
02608,阳光100中国,1790.0,0.01,0.01,0.0,25508115.0,0.02,-0.0063,-0.0021,
00154,北京控股环境集团,1786.0,0.415,0.4,3.75,622649462.0,0.01,2.0774,0.1333,
02246,快狗打车,1774.0,1.14,1.19,-4.2,75264254.0,0.0,-0.5461,0.8702,
00397,嬴集团,1769.0,0.038,0.037,2.7,130067886.0,0.01,-2.1699,0.1224,
09991,宝尊电商-W,1764.0,8.61,8.3,3.73,1501112258.0,0.1,-9.8688,0.3542,
01328,金涌投资,1760.0,3.1,3.24,-4.32,796167718.0,0.0,5.4763,0.6487,
01292,长安民生物流,1757.0,1.86,1.86,0.0,375839040.0,,14.8006,0.1508,9.46
08349,硅鑫集团,1750.0,1.29,1.29,0.0,516000000.0,,-72.6205,8.7806,
01968,兴纺控股,1748.0,0.178,0.182,-2.2,113920000.0,0.01,-3.7607,0.5695,
00408,叶氏化工集团,1748.0,2.64,2.64,0.0,1474334653.0,0.02,6.9407,0.3481,7.58
01419,盈健医疗,1745.0,0.79,0.79,0.0,299846264.0,,11.0534,0.3774,3.8
01118,高力集团,1744.0,1.17,1.17,0.0,672022410.0,,4.414,0.4254,5.98
00736,中国置业投资,1744.0,0.219,0.25,-12.4,70211314.0,0.16,-0.9392,0.1704,
00900,Aeon信贷,1742.0,9.07,9.06,0.11,3798203992.0,0.01,7.6977,0.8234,6.39
02591,银诺医药-B,1742.0,3.52,3.66,-3.83,1608004108.0,0.15,-4.2403,1.4828,
02798,久泰邦达能源,1739.0,0.88,0.89,-1.12,1408000000.0,0.0,-5.1359,0.4197,
00929,国际精密,1739.0,0.53,0.525,0.95,557694692.0,0.01,48.0026,0.2875,5.28
06958,正荣服务,1736.0,0.081,0.082,-1.22,84037500.0,0.01,-0.271,0.1309,
06960,双登股份,1736.0,5.605,5.815,-3.61,2385541248.0,0.01,30.4368,0.6161,2.5
08159,新华联合投资,1733.0,0.052,0.054,-3.7,41849600.0,0.0,-0.523,6.2304,
01809,浦林成山,1731.0,6.38,6.305,1.19,4074555100.0,0.01,3.5978,0.4925,7.84
00393,旭日企业,1730.0,1.32,1.31,0.76,1980000000.0,0.0,23.864,0.6515,7.42
03677,正力新能,1726.0,4.38,4.5,-2.67,11188364431.0,0.01,10.2836,1.1469,
00458,联亚集团,1722.0,1.765,1.765,0.0,483566322.0,,3.2906,0.3635,10.2
00702,中国油气控股,1719.0,0.034,0.034,0.0,113744928.0,,-0.1082,-0.3591,
02125,稻草熊娱乐,1717.0,0.246,0.249,-1.2,173686184.0,0.01,-3.0492,0.0882,
00945,宏利金融-S,1717.0,334.6,337.0,-0.71,553527572763.0,0.0,15.9326,1.8831,3.16
01979,天宝集团,1712.0,1.5,1.45,3.45,1552825256.0,0.01,5.6121,0.6759,7.2
00240,利基控股,1709.0,1.355,1.355,0.0,1682744679.0,0.01,3.646,0.57,12.55
00235,中策资本控股,1707.0,0.019,0.02,-5.0,387319823.0,0.16,-16.636,0.178,
08340,紫荆国际金融,1704.0,1.095,1.0,9.5,87589050.0,0.63,-6.3342,1.1566,
01525,建桥教育,1700.0,2.145,2.145,0.0,890175000.0,,2.9788,0.2884,8.39
00045,大酒店,1695.0,5.23,5.1,2.55,8718095416.0,0.08,13.7945,0.2401,
00833,华讯,1694.0,0.51,0.53,-3.77,241259672.0,0.07,11.5812,0.3393,9.8
02670,云迹,1693.0,97.0,,,67265602540.0,,-287.8807,83.269,
01578,天津银行,1693.0,2.0,2.04,-1.96,12141103644.0,0.01,2.8646,0.1469,8.0
00691,山水水泥,1689.0,0.26,0.26,0.0,1132031219.0,,-0.6825,0.0598,
01116,慧源同创科技,1688.0,0.215,0.235,-8.51,463970000.0,0.01,-27.5521,2.2599,
09886,叮当健康,1687.0,0.825,0.84,-1.79,1018176965.0,0.07,-14.075,0.573,
00500,先丰服务集团,1685.0,0.066,0.065,1.54,158623468.0,0.09,-0.7335,2.3893,
01285,嘉士利集团,1676.0,1.52,1.55,-1.94,630800000.0,0.02,3.5417,0.5156,13.16
80883,中国海洋石油-R,1667.0,20.08,20.06,0.1,954401475999.0,0.0,6.007,1.1149,7.42
03355,飞速创新,1665.0,37.52,39.2,-4.29,15149562960.0,0.01,16.9929,2.7853,1.55
00106,朗诗绿色管理,1661.0,0.019,0.019,0.0,89723843.0,,-0.0559,-0.0554,
00990,至源控股,1659.0,0.555,0.54,2.78,8196142670.0,0.02,10.5531,0.9933,
00163,英皇国际,1651.0,0.1,0.1,0.0,551631850.0,0.0,-0.2239,0.0372,
00845,恒盛地产,1648.0,0.01,0.01,0.0,77926456.0,,-0.0246,-0.0199,
00572,未来世界控股,1648.0,0.37,0.37,0.0,111557920.0,,-2.6217,0.1295,
07618,京东工业,1647.0,12.66,12.81,-1.17,34371392726.0,0.01,12.291,2.544,
00126,佳宁娜,1639.0,0.082,0.082,0.0,128851472.0,,-4.2549,0.0417,
09982,中原建业,1637.0,0.081,0.081,0.0,375727979.0,0.05,-20.6544,0.1239,
02179,瑞科生物-B,1635.0,4.41,4.405,0.11,2760993846.0,0.0,-5.0111,4.8149,
03688,莱蒙国际,1632.0,0.165,0.165,0.0,233100853.0,,-0.0886,0.0752,
08193,亚太金融投资,1631.0,0.092,0.104,-11.54,25742736.0,2.16,0.7032,0.4273,
03709,赢家时尚,1628.0,4.36,4.385,-0.57,3089714850.0,0.02,6.7353,0.5734,8.03
09860,艾迪康控股,1626.0,4.8,4.795,0.1,3483087797.0,0.0,126.038,1.7329,
06860,指尖悦动,1624.0,0.114,0.112,1.79,218662032.0,0.0,-2.7588,0.2517,
01857,中国光大水务,1622.0,1.27,1.275,-0.39,3633313438.0,0.0,4.5629,0.2469,8.11
02131,云想科技,1622.0,0.455,0.455,0.0,362024390.0,,-13.7116,0.3455,
00090,普星能量,1615.0,0.91,0.91,0.0,417326000.0,,6.3457,0.3936,8.13
00037,远东酒店实业,1614.0,0.465,0.455,2.2,349926362.0,0.0,-52.6839,1.1888,
01617,南方通信,1608.0,0.28,0.27,3.7,455347200.0,0.18,9.2583,0.4462,
00032,港通控股,1607.0,6.85,6.85,0.0,2552914211.0,0.0,4.1931,0.3054,6.28
01115,5100藏冰川,1603.0,0.53,0.555,-4.5,3185977818.0,0.21,22.9488,0.8579,
01685,博耳电力,1602.0,0.61,0.615,-0.81,471999090.0,0.01,19.2963,1.4057,1.8
08003,世大控股,1591.0,0.121,0.121,0.0,40204617.0,0.02,1.8101,15.3746,
00362,中国天化工,1590.0,0.015,0.015,0.0,20273223.0,,-0.1404,-0.0188,
01380,中国金石,1581.0,0.39,0.39,0.0,201609587.0,0.01,-7.2474,1.7952,
00825,新世界百货中国,1581.0,0.25,0.255,-1.96,421536250.0,0.0,-0.5432,0.1442,
02101,福禄控股,1578.0,0.925,0.925,0.0,375569320.0,0.0,15.6333,0.2615,66.05
00831,利亚零售,1574.0,0.38,0.38,0.0,297516050.0,0.01,8.1996,0.4613,10.53
08037,中国生物科技服务,1574.0,0.535,0.58,-7.76,522016165.0,0.01,-28.1532,2.4128,
00111,信达国际控股,1570.0,0.715,0.715,0.0,458462004.0,0.03,4.5744,0.431,6.99
01931,华检医疗,1565.0,0.38,0.395,-3.8,609629856.0,0.0,-7.1346,0.1883,
01526,瑞慈医疗,1564.0,0.92,0.91,1.1,1459981120.0,0.01,4.3816,0.7471,2.17
02003,维信金科,1562.0,1.22,1.22,0.0,597140943.0,0.0,-0.7072,0.1315,4.1
01566,华夏文化科技,1558.0,4.695,4.355,7.81,7588322474.0,0.2,-75.9303,-6.4386,
00560,珠江船务,1556.0,0.6,0.595,0.84,672700131.0,0.0,10.8476,0.2038,4.17
06885,金马能源,1554.0,0.61,0.615,-0.81,326606810.0,,-0.1913,0.1888,
01996,弘阳地产,1554.0,0.026,0.026,0.0,86811348.0,0.01,-0.0194,-0.0121,
01716,毛记葵涌,1550.0,3.375,3.165,6.64,911250000.0,0.3,563.8923,17.1107,
02236,惠生工程,1549.0,0.49,0.48,2.08,1999252822.0,0.01,19.2521,0.6016,
00610,惠记集团,1539.0,0.9,0.9,0.0,713811631.0,0.01,0.9304,0.2838,
09981,沃尔核材,1539.0,7.98,8.08,-1.24,11171101149.0,0.02,8.4843,1.0555,2.42
08032,非凡领越,1539.0,1.47,,,14282904739.0,,16.0679,1.7869,
00532,王氏港建,1538.0,0.31,0.315,-1.59,226268369.0,,-4.8534,0.1525,
00986,杜甫酒业集团,1535.0,0.102,0.105,-2.86,15847195.0,0.09,-0.8973,0.0455,
00228,中能控股,1529.0,0.87,0.77,12.99,396894348.0,0.07,12.6114,0.179,
00726,筑友智造科技,1527.0,0.034,0.034,0.0,105437255.0,0.0,-0.0822,-0.6886,
00712,卡姆丹克太阳能,1525.0,0.055,0.055,0.0,58295788.0,0.0,-1.2127,-0.2177,
01803,北京体育文化,1524.0,0.735,0.735,0.0,124186997.0,,-9.6344,1.1346,
03828,明辉国际,1523.0,0.715,0.72,-0.69,524997828.0,0.0,6.2123,0.371,9.09
00088,TAI CHEUNG HOLD,1522.0,2.98,2.975,0.17,1840243647.0,0.02,-83.6474,0.2975,6.04
03389,亨得利,1522.0,0.37,0.385,-3.9,1629487015.0,0.13,-17.0524,0.4904,
02320,合丰集团,1519.0,0.21,0.21,0.0,171705240.0,,-1.8854,0.262,
01938,珠江钢管,1516.0,0.188,0.183,2.73,190094696.0,0.02,1.3874,0.107,
01895,鑫苑服务,1507.0,0.271,0.271,0.0,160713163.0,,1.4768,0.2131,7.01
00727,中国丰汇,1505.0,0.41,0.41,0.0,521456040.0,,-7.3918,0.543,
02326,新源万恒控股,1502.0,0.014,0.016,-12.5,295177010.0,0.17,-76.6694,0.7258,
09993,金辉控股,1499.0,1.06,1.045,1.44,4287940620.0,0.03,-0.5837,0.4655,
00668,安克创新,1495.0,110.9,113.0,-1.86,65368023993.0,0.08,18.5629,4.8509,0.84
01216,中原银行,1492.0,0.29,0.29,0.0,10599448763.0,0.0,3.0456,0.0962,
00487,实德环球,1486.0,0.041,0.041,0.0,201986139.0,,-0.4702,0.3917,
09976,江波龙,1485.0,205.6,204.6,0.49,94505602354.0,0.85,59.6523,3.9262,
03660,奇富科技-S,1474.0,25.36,26.14,-2.98,6183374104.0,0.02,1.4431,0.2161,19.19
01008,力图控股,1470.0,0.169,0.169,0.0,264972503.0,,-187.1275,0.1217,15.38
01373,国际家居零售,1470.0,0.64,0.64,0.0,456481920.0,0.03,10.1025,0.5219,8.28
00026,中华汽车,1466.0,57.9,57.9,0.0,2618171762.0,,-21.7865,0.4022,5.53
00194,廖创兴企业,1465.0,4.095,4.095,0.0,1550299187.0,,-5.6593,0.1495,6.84
00070,金粤控股,1464.0,0.058,0.058,0.0,112451716.0,,-4.9661,0.1161,
08210,衍汇亚洲,1461.0,0.05,0.05,0.0,40000000.0,,-3.5654,0.537,
00752,笔克远东,1456.0,2.095,2.115,-0.95,2675882755.0,0.03,6.1996,1.0169,9.02
03886,康健国际医疗,1451.0,0.163,0.156,4.49,1104084160.0,0.0,75.8664,0.364,1.23
00509,世纪阳光,1448.0,0.17,0.17,0.0,19469747.0,,-0.2142,0.0242,
00124,粤海置地,1434.0,0.2,0.195,2.56,342307370.0,0.06,-0.4497,0.104,
06677,远洋服务,1429.0,0.275,0.275,0.0,325600000.0,0.01,-0.2579,0.4372,4.73
03952,来福谐波,1428.0,43.14,43.24,-0.23,4492391967.0,0.02,-77.1203,2.9703,
08005,裕兴科技,1428.0,0.065,0.066,-1.52,161700812.0,0.05,-1.9162,0.1047,
06868,天福,1427.0,2.56,2.6,-1.54,2771539098.0,0.01,20.2179,1.3732,4.3
01100,飞达控股,1423.0,1.285,1.29,-0.39,551476316.0,0.01,4.4302,0.4393,7.0
00687,泰昇集团,1423.0,0.335,0.34,-1.47,1127621963.0,0.0,24.3012,1.0546,17.91
02676,纳芯微,1417.0,172.4,175.1,-1.54,28188304583.0,0.08,-309.1868,3.1546,
01969,中国春来,1416.0,1.01,1.03,-1.94,1212000000.0,0.0,1.2498,0.2127,
01341,昊天国际建投,1413.0,0.026,0.023,13.04,288479798.0,1.17,288.4798,0.1821,
02358,久融控股,1410.0,0.011,0.011,0.0,60192000.0,,-0.2233,-0.2355,
06623,陆控,1409.0,4.565,4.7,-2.87,7912869584.0,0.0,-3.1281,0.087,
00733,合富辉煌,1405.0,0.19,0.19,0.0,128088498.0,,-0.4803,0.1337,
01568,承达集团,1402.0,0.67,0.675,-0.74,1460740700.0,0.0,5.1571,0.3914,7.46
00188,新华汇富金融,1402.0,0.235,0.236,-0.42,179677499.0,,-6.7578,0.3202,8.51
01828,富卫集团,1397.0,33.86,33.92,-0.18,43328003493.0,0.02,21.6468,0.887,
02473,喜相逢集团,1397.0,0.4,0.425,-5.88,742500000.0,0.31,15.9085,0.5704,
02565,派格生物医药-B,1396.0,5.045,5.08,-0.69,1973056779.0,0.02,-5.2039,6.4236,
00276,蒙古能源,1395.0,0.55,0.54,1.85,103469217.0,0.05,0.2192,-0.029,
00295,江山控股,1390.0,0.016,0.016,0.0,239431080.0,,-0.8467,0.1094,
03881,希迪智驾,1382.0,20.32,20.66,-1.65,8897987792.0,0.0,-11.599,4.6207,
02185,百心安-B,1379.0,1.375,1.415,-2.83,334698513.0,0.02,-3.8962,0.7229,
06908,宏光半导体,1377.0,0.275,0.29,-5.17,322259982.0,0.02,-3.1993,0.6613,
03757,罗博特科,1377.0,443.8,435.0,2.02,79655048462.0,1.55,-2700.904,10.1063,
03839,正大生物,1374.0,7.95,7.91,0.51,1913710565.0,0.0,10.0939,0.8307,
08247,中生北控生物科技,1370.0,3.2,3.2,0.0,463062963.0,0.02,-9.8823,3.5974,
02149,贝克微,1363.0,32.7,33.4,-2.1,2060100000.0,0.02,11.8045,1.2876,
00294,长江制衣,1362.0,1.08,1.05,2.86,223287503.0,0.04,-2.2853,0.2525,9.26
01905,海通恒信,1362.0,1.2,1.2,0.0,9882360000.0,,7.3274,0.4362,8.25
02178,百勤油服,1361.0,0.2,0.214,-6.54,345334936.0,0.01,-1006.8074,1.9642,
01480,恩达集团控股,1360.0,1.0,0.99,1.01,240000000.0,0.01,-7.9376,0.3263,3.0
02566,九源基因,1358.0,5.31,5.46,-2.75,1265586462.0,0.01,7.8737,0.6446,1.28
01916,江西银行,1354.0,0.585,0.58,0.86,3524201987.0,0.18,4.7082,0.0637,6.84
02657,林清轩,1347.0,59.0,58.05,1.64,8241986415.0,0.06,16.5636,3.3829,4.54
00922,安贤园中国,1337.0,0.103,0.103,0.0,228800404.0,,-1.9741,0.2739,
00928,帝王国际投资,1336.0,0.13,,,72166577.34,,39.1359,0.303,
03329,交银国际,1336.0,0.39,0.395,-1.27,1066412880.0,0.01,-17.8178,1.0858,
02312,LONG 投资集团,1334.0,0.395,0.395,0.0,270700456.0,0.09,-3.7912,2.1897,
00299,宝新置地,1331.0,0.106,0.106,0.0,11575464.0,,-0.027,-0.0244,
00328,爱高集团,1326.0,0.475,0.455,4.4,136036271.0,1.83,-1.5656,1.2518,
00050,香港小轮(集团),1325.0,4.7,4.695,0.11,1674487250.0,0.03,5.7085,0.2278,5.32
00471,中播数据,1323.0,0.119,0.119,0.0,57091694.0,0.01,-2.7598,0.1682,
06118,奥星生命科技,1320.0,0.68,0.67,1.49,348555760.0,,17.4124,0.3642,
03778,中国织材控股,1318.0,2.88,2.88,0.0,360676800.0,,22.4076,0.472,
01555,MI能源,1317.0,0.029,0.03,-3.33,98209240.0,0.01,-0.1739,-0.031,
01660,七元投资,1310.0,0.196,0.197,-0.51,1214220000.0,0.0,-120.3032,3.8647,
08071,中彩网通控股,1299.0,0.62,0.63,-1.59,58107000.0,,-29.586,11.4384,
01945,清科控股,1298.0,1.38,1.25,10.4,405665904.0,0.0,3.6017,0.5502,
09615,梅卡曼德机器人,1298.0,82.0,82.2,-0.24,10250906100.0,0.12,-24.7241,-16.3215,
01749,杉杉品牌,1294.0,0.44,0.44,0.0,58696000.0,,-62.5068,0.1844,
00524,长城天下,1293.0,1.78,1.8,-1.11,420573950.0,0.11,-12.6462,-19.5944,
02453,美中嘉和,1288.0,0.73,0.72,1.39,572073272.0,0.03,-3.1518,0.2834,
09877,健世科技-B,1288.0,7.495,7.45,0.6,3126668839.0,0.04,-18.1378,3.6183,
01731,其利工业集团,1288.0,0.74,0.74,0.0,828800000.0,,4.8063,0.5509,11.49
01110,金活医药集团,1287.0,0.375,0.385,-2.6,233437500.0,0.19,18.7492,0.3399,
00664,铜师傅,1285.0,10.94,11.11,-1.53,704610392.0,0.01,32.6351,0.7724,
02429,友宝在线,1284.0,1.745,1.745,0.0,1708465691.0,,-14.8624,1.3226,
02665,图达通,1268.0,1.57,1.585,-0.95,2055536443.0,0.01,-0.805,12.0698,
00227,第一上海,1265.0,0.123,0.13,-5.38,269453628.0,0.01,-2.5871,0.1093,
00366,陆氏集团(越南),1264.0,0.805,0.795,1.26,400544991.0,0.0,35.3901,0.1732,4.97
00619,南华金融,1261.0,0.335,0.335,0.0,100927818.0,,9.9554,2.1113,
08081,白居易控股,1260.0,0.014,0.014,0.0,72184492.0,0.0,-1.2938,0.4682,
01392,海清智元,1259.0,22.8,23.66,-3.63,17651951976.0,0.03,580.9235,17.6025,
02570,重塑能源,1259.0,5.735,5.67,1.15,543767701.0,0.14,-0.8767,0.2808,
02487,科笛-B,1258.0,0.87,0.875,-0.57,324586987.0,0.12,-0.9992,0.3915,
01756,中国科教产业,1256.0,0.36,0.38,-5.26,432000000.0,0.01,1.2435,0.0869,
02161,健倍苗苗,1255.0,1.625,1.625,0.0,1335750000.0,0.0,6.6426,1.2367,10.52
02459,昇能集团,1255.0,0.625,0.625,0.0,121125000.0,0.02,-0.666,0.1724,
01551,广州农商银行,1252.0,1.49,1.49,0.0,21470586097.0,,10.2349,0.196,3.62
01815,珠峰黄金,1251.0,1.68,1.655,1.51,2374974067.0,0.41,20.0493,1.1528,
03680,瑞和数智,1248.0,2.47,2.49,-0.8,2273812929.0,0.02,-44.8003,12.041,
02180,万宝盛华,1239.0,4.705,4.75,-0.95,976311025.0,0.01,5.3196,0.7906,3.61
09630,芯碁微装,1235.0,329.0,322.0,2.17,48200183164.0,0.14,97.9035,7.953,
02655,果下科技,1235.0,15.34,15.18,1.05,7941695561.0,0.01,44.5267,5.679,
00298,庄士中国,1230.0,0.096,0.096,0.0,225315390.0,,-3.1568,0.0771,
02000,晨讯科技,1228.0,0.315,0.31,1.61,667499900.0,0.0,-20.1443,0.4506,
01220,志道国际,1224.0,0.056,0.056,0.0,116480000.0,,-1.1584,0.5526,
01688,领益智造,1223.0,5.465,5.43,0.64,44377474645.0,0.06,18.4128,1.2167,0.42
03903,瀚华控股,1223.0,0.168,0.168,0.0,772800000.0,,45.3842,1.1003,
00059,天誉置业,1223.0,0.01,0.01,0.0,84463314.0,,-0.2592,-0.0091,
02633,雅各臣科研制药,1222.0,0.975,0.96,1.56,1950215475.0,0.01,6.4659,0.8421,9.23
00575,励晶太平洋,1221.0,0.82,0.82,0.0,239288941.0,,-15.945,-5.0405,
02549,卡罗特,1219.0,3.85,3.765,2.26,2120584235.0,0.01,6.4145,1.267,3.69
02559,嘀嗒出行-PF,1211.0,1.165,1.185,-1.69,1195618931.0,0.02,-16.0112,0.7364,100.86
02579,中伟新材,1211.0,21.24,21.26,-0.09,22184462343.0,0.02,9.0964,0.7893,4.19
08156,国药科技股份,1206.0,0.213,0.213,0.0,134976621.0,,-14.7645,-2.9087,
02629,MIRXES-B,1203.0,12.41,12.41,0.0,3701038408.0,,-6.2498,2.4234,
01338,霸王集团,1201.0,0.031,0.031,0.0,98035662.0,0.03,11.4001,0.5648,
06069,盛业,1193.0,6.09,6.005,1.42,6481500473.0,0.11,11.6735,1.4292,7.78
00859,中昌国际控股,1191.0,0.104,0.109,-4.59,117002815.0,0.01,-0.5907,0.2137,
01971,弘阳服务,1191.0,0.335,0.345,-2.9,139025000.0,,-2.1743,0.1398,
00071,美丽华酒店,1189.0,9.8,9.765,0.36,6771405011.0,0.01,9.8567,0.3168,5.41
00887,英皇钟表珠宝,1189.0,0.305,0.29,5.17,2213295979.0,0.66,3.8667,0.3766,6.56
00353,能源国际投资,1187.0,0.37,0.4,-7.5,782758269.0,0.01,12.6496,0.455,
00821,汇盈控股,1186.0,0.625,0.555,12.61,231928262.0,1.75,-4.1538,0.7092,
01259,未来发展控股,1185.0,0.031,0.03,3.33,68304191.0,0.02,-12.5906,0.0534,
00496,卡森国际,1182.0,0.2,0.2,0.0,367308270.0,,51.3,0.0813,
02127,汇森股份,1175.0,0.02,0.02,0.0,76578160.0,,-0.0665,0.0194,
00677,金源发展国际实业,1173.0,0.355,0.355,0.0,602579293.0,0.0,22.1268,0.4583,6.48
09663,国鸿氢能,1173.0,2.38,2.375,0.21,1213809922.0,0.01,-2.4193,0.4579,
04337,星巴克-T,1171.0,58.0,58.0,0.0,42374800000.0,,,,
00391,美亚娱乐资讯,1169.0,0.29,0.27,7.41,1717884172.0,0.01,-41.217,8.5495,
00185,正商实业,1166.0,0.06,0.06,0.0,114803200.0,,-0.1529,-4.8394,
01027,亚洲策略科技,1165.0,2.52,2.52,0.0,1052226000.0,0.0,-34.8408,3.9749,
03737,中智药业,1164.0,0.78,0.76,2.63,673608000.0,0.05,33.4175,0.5308,
02789,远大中国,1164.0,0.172,0.172,0.0,1067902248.0,,3.0292,1.4979,29.07
00237,安全货仓,1162.0,1.865,1.86,0.27,755325000.0,,-5.8764,0.2207,4.29
00689,长盈集团(控股),1161.0,0.136,0.136,0.0,252651513.0,0.03,-12.2013,0.4157,
02360,优品360,1161.0,1.675,1.65,1.52,1675000000.0,0.04,7.7799,2.9426,11.94
01176,珠光控股,1159.0,0.019,0.019,0.0,168162022.0,0.07,-0.0267,-0.0551,
00033,INTL GENIUS,1159.0,0.4,0.4,0.0,223298042.0,,-14.4324,0.3205,
00953,邵氏兄弟控股,1159.0,0.13,0.13,0.0,184549300.0,,-5.3789,0.4229,
01079,松景科技,1157.0,0.177,0.177,0.0,378789312.0,0.0,-25.0191,4.5156,
01094,承辉国际,1154.0,0.4,0.375,6.67,284406085.0,1.15,-2.3776,1.4176,
06086,方舟健客,1154.0,0.88,0.88,0.0,1219194642.0,0.01,124.596,3.5721,
00064,结好控股,1153.0,3.86,3.86,0.0,2386241431.0,0.11,44.6971,0.3587,1.3
03388,创想三维,1148.0,27.76,26.42,5.07,13265231232.0,0.11,-34.0884,4.9144,
02489,集海黄金,1147.0,0.81,0.78,3.85,1943542350.0,0.0,13.2747,1.1805,3.83
02166,芯智控股,1146.0,3.695,3.705,-0.27,2166810926.0,0.03,5.3785,1.3549,4.52
00370,港仔机器人,1146.0,0.233,0.255,-8.63,733120284.0,0.15,-4.1184,1.5735,
01563,友联国际教育租赁,1143.0,0.124,0.116,6.9,209673336.0,0.0,4.1178,0.075,
08198,加幂科技,1142.0,0.92,0.94,-2.13,721490913.0,0.01,-6.5335,3.0574,
02416,易点云,1142.0,2.83,2.815,0.53,1377271968.0,0.0,5.4511,0.827,
00809,大成生化科技,1142.0,0.37,0.36,2.78,621163826.0,0.0,5.963,-0.7629,
00679,亚洲联网科技,1138.0,4.065,4.25,-4.35,1539551271.0,0.09,-32.548,1.0932,0.98
02692,兆威机电,1136.0,34.44,34.5,-0.17,9199175412.0,0.15,37.3658,1.5613,1.35
01745,驴迹科技,1135.0,3.0,2.975,0.84,151848060.0,0.06,1.6746,0.1021,
06033,电讯数码控股,1134.0,0.465,0.465,0.0,187745145.0,0.0,-5.4853,0.4237,6.45
00078,富豪酒店,1132.0,0.42,0.445,-5.62,377488580.0,0.01,-0.7876,0.0522,
02210,京城佳业,1132.0,2.0,2.0,0.0,293334400.0,0.07,4.5359,0.287,5.65
03633,中裕能源,1132.0,2.645,2.62,0.95,7109667840.0,0.01,31.1907,0.8953,1.13
00403,星光集团,1132.0,0.189,0.198,-4.55,94619691.0,0.05,-0.9,0.1876,
00217,中国诚通发展集团,1128.0,0.112,0.108,3.7,668039125.0,0.0,8.1697,0.2167,2.68
01862,景瑞控股,1125.0,0.016,0.016,0.0,24621011.0,,-0.0065,-0.0046,
01652,福森药业,1125.0,0.94,0.93,1.08,694942940.0,0.01,-194.6784,1.7465,
00738,莱尔斯丹,1124.0,0.29,0.3,-3.33,197388807.0,0.03,-2.9542,0.4175,
01727,河北建设,1122.0,0.228,0.244,-6.56,401595438.0,0.03,-0.5273,0.0623,
08356,进业控股,1121.0,0.33,0.33,0.0,24719701.0,,3.2522,-0.7417,
01140,华科智能投资,1112.0,0.105,0.106,-0.94,1224014453.0,0.0,0.1983,0.0741,
06687,聚水潭,1109.0,11.72,12.29,-4.64,4955228892.0,0.03,-2.9496,3.7345,
00954,常茂生物,1106.0,0.22,0.218,0.92,116534000.0,0.32,-2.2516,0.1978,
00399,星太链集团,1105.0,0.073,0.073,0.0,239228879.0,,-0.4243,-0.3052,
06968,港龙中国地产,1104.0,0.093,0.093,0.0,150827307.0,0.02,-0.0948,0.0771,
02650,挚达科技,1104.0,6.43,6.51,-1.23,2197389711.0,0.13,-7.7304,3.9026,
01900,中国智能交通,1100.0,0.15,0.153,-1.96,258027879.0,0.04,-0.8474,0.1225,
00915,道和环球,1097.0,0.047,0.047,0.0,70950857.0,,16.4696,0.5611,
01281,鑫达投资控股,1096.0,0.091,0.102,-10.78,135098964.0,0.05,9.1693,0.1414,
01720,普天通信集团,1096.0,0.32,0.305,4.92,352000000.0,0.33,5.0955,0.4621,
01304,FORTIOR,1093.0,124.2,126.1,-1.51,14297168736.0,0.25,41.29,2.3729,0.74
08173,客思控股,1089.0,0.11,0.11,0.0,23688118.0,,-3.1417,1.1163,
09936,稀美资源,1084.0,12.27,12.2,0.57,5081007000.0,0.28,16.7305,2.1614,0.54
00381,权识国际,1083.0,0.057,0.057,0.0,75834198.0,0.47,-0.5672,0.2266,
00205,BFB HEALTH,1081.0,0.485,0.485,0.0,606838836.0,,134.4051,2.2815,
01196,伟禄科技股份,1080.0,3.9,4.0,-2.5,22500034128.0,0.15,-25.6846,12.3322,
03689,康华医疗,1076.0,1.78,1.78,0.0,595221320.0,0.0,5.4367,0.3461,10.51
00132,兴业控股,1073.0,0.15,0.147,2.04,256849371.0,0.05,21.6294,0.205,4.0
08017,捷利交易宝,1072.0,1.015,1.06,-4.25,710502436.0,0.06,11.9288,1.7724,
00618,北大资源,1068.0,0.285,0.305,-6.56,780163925.0,0.01,0.3854,1.1681,
03798,家乡互动,1066.0,1.385,1.39,-0.36,1746248858.0,,24.8152,0.7742,
01303,汇力资源,1065.0,0.143,0.159,-10.06,300749204.0,0.0,17.8235,0.2384,
00346,延长石油国际,1065.0,0.23,0.24,-4.17,253023645.0,0.0,-0.328,0.4983,
01739,齐屹科技,1060.0,0.125,0.125,0.0,143126386.0,,-1.4869,0.1689,
01163,虎视传媒,1058.0,0.167,0.167,0.0,149698800.0,0.0,25.0315,0.6581,
08283,中食民安,1057.0,0.142,0.14,1.43,49075200.0,0.01,-1.7901,0.3723,
02443,汽车街,1056.0,1.07,1.035,3.38,890948798.0,0.0,-56.1724,0.85,
00626,大众金融控股,1046.0,2.155,2.15,0.23,2366012467.0,0.08,23.1334,0.3043,4.18
00574,百信国际,1044.0,0.018,0.018,0.0,35830369.0,,-2.0301,-0.2213,
00550,律齐文化,1044.0,0.39,0.385,1.3,177658260.0,0.33,17.8246,3.4337,
08328,信义储电,1041.0,0.42,0.42,0.0,329924124.0,,-3.6884,0.3733,
01326,传递娱乐,1040.0,0.027,0.027,0.0,70081571.0,,-0.2085,-0.2826,
02368,鹰美,1040.0,2.95,2.9,1.72,1693831000.0,0.0,9.7596,0.9108,8.81
01081,大金重工,1038.0,34.72,31.96,8.64,25695780677.0,0.55,19.4174,1.5316,0.3
00987,中国再生能源投资,1038.0,0.218,0.211,3.32,546342327.0,0.04,-25.709,0.2906,16.06
00209,万维智能科技,1038.0,0.415,0.415,0.0,61655380.0,0.68,-0.6247,-0.8123,
01270,朗廷-SS,1037.0,0.45,0.45,0.0,1595821876.0,0.02,4.7082,0.1664,7.11
00983,瑞安建业,1036.0,0.8,0.84,-4.76,298676931.0,0.07,14.2227,0.1408,
03322,永嘉集团,1030.0,0.209,0.209,0.0,268439600.0,,-2.0075,0.2165,
00655,香港华人有限公司,1030.0,0.37,0.365,1.37,739363636.0,0.0,-0.4452,0.0905,
00289,永安百货,1029.0,12.89,12.85,0.31,3712332890.0,0.01,-13.6702,0.2282,7.69
02408,遇见小面,1027.0,4.07,4.145,-1.81,2892505451.0,0.03,20.245,3.1409,0.86
02511,君圣泰医药-B,1027.0,3.48,3.625,-4.0,2331724125.0,0.03,-7.5294,5.5776,
02181,迈博药业-B,1026.0,0.5,0.5,0.0,2062040000.0,,21.3324,9.24,
00994,中天宏信,1026.0,0.3,0.3,0.0,387301800.0,0.13,-11.4549,1.8067,
00036,远东控股国际,1025.0,0.275,0.275,0.0,89852284.0,,-1.547,316.3813,
00984,永旺,1024.0,0.27,0.25,8.0,70200000.0,0.02,-0.2029,-0.0561,
00204,资本界金控,1024.0,0.09,0.09,0.0,22414962.0,,-0.1148,0.0603,
02230,羚邦集团,1024.0,0.193,0.193,0.0,384456000.0,0.01,6.8776,0.5986,7.77
09600,新纽科技,1022.0,0.127,0.127,0.0,126728789.0,0.01,-0.7174,0.2125,
02324,首都创投,1020.0,0.093,0.103,-9.71,83723854.0,0.01,0.6453,0.1734,
00361,汉成发展控股,1018.0,0.043,0.045,-4.44,251603750.0,0.04,-35.5022,0.9115,
06866,佐力科创,1016.0,0.255,0.26,-1.92,300900000.0,0.02,4.8202,0.127,
02399,中国安储能源,1016.0,0.335,0.34,-1.47,1196416990.0,0.01,-3.1204,3.5075,
00034,九龙建业,1014.0,4.695,4.75,-1.16,6132637442.0,0.01,44.8568,0.3487,5.11
02609,佰泽医疗,1013.0,2.965,3.06,-3.1,3909254130.0,0.03,120.2711,2.2316,
01909,火岩控股,1013.0,1.745,1.745,0.0,423722717.0,0.0,-6.5766,3.8835,
00331,丰盛生活服务,1005.0,5.32,5.4,-1.48,2394000000.0,0.02,5.8432,1.576,7.03
00180,开达集团,1001.0,0.208,0.208,0.0,197722302.0,,-0.8339,0.124,
00771,自动系统,999.0,0.72,0.72,0.0,604389234.0,,-2.3605,0.3095,18.06
00062,载通,997.0,8.53,8.53,0.0,4575472048.0,0.0,19.6185,0.2695,5.85
89618,京东集团-SWR,994.0,89.4,88.3,1.25,251955575950.0,0.0,14.5764,1.1499,4.39
01576,齐鲁高速,993.0,1.68,1.685,-0.3,3360000000.0,0.0,8.5738,0.4724,8.33
00814,北京京客隆,992.0,0.265,0.232,14.22,109238300.0,0.0,-0.5537,0.0906,
00351,亚洲能源物流,991.0,0.35,0.35,0.0,698241335.0,,-46.1007,5.2558,
01020,中细软科技,986.0,0.244,0.238,2.52,1459896409.0,0.22,-14.4046,7.5831,
08271,环球数码创意,985.0,0.071,0.071,0.0,106734977.0,0.0,-11.807,0.2703,
02237,中国石墨,984.0,0.184,0.184,0.0,294400000.0,,41.638,0.5928,
01025,嘉艺控股,979.0,0.2,0.201,-0.5,89473488.0,1.66,-1.9596,1.3099,
08153,嘉鼎国际集团,979.0,0.565,0.565,0.0,23501274.0,,-2.6752,0.3557,
02239,国微控股,977.0,1.35,1.35,0.0,438658187.0,,36.821,0.47,0.74
00646,中国环保科技,975.0,0.238,0.245,-2.86,81562109.0,0.11,-1.613,-0.1101,
01630,建成控股,973.0,0.228,0.212,7.55,342000000.0,0.0,198.3759,2.9852,
00422,越南制造加工出口,970.0,0.27,0.27,0.0,245073600.0,0.0,9.9327,0.6688,
02371,创联控股,969.0,0.164,0.164,0.0,112894148.0,,-4.1506,0.8149,
01183,澳能建设,968.0,0.112,0.112,0.0,445840549.0,0.0,46.4688,1.1352,
06106,仙工智能,966.0,59.55,60.25,-1.16,6580114215.0,0.08,-161.4768,5.6144,
00171,银建国际,966.0,0.038,0.038,0.0,87584285.0,,-0.0856,0.0829,
01050,嘉利国际,964.0,1.91,1.92,-0.52,3987459632.0,0.09,14.7359,2.7276,3.14
00632,中港石油,963.0,0.111,0.12,-7.5,106155258.0,0.82,8.9281,0.4029,
01808,企展控股,963.0,1.8,1.8,0.0,440798733.0,,7.6866,0.85,
01518,新世纪医疗,961.0,0.2,0.19,5.26,98005000.0,0.0,-0.632,0.2476,
00480,香港兴业国际,958.0,0.985,1.0,-1.5,1463022276.0,0.02,-5.5777,0.0641,
00721,中国金融国际,955.0,0.11,0.112,-1.79,241375949.0,0.01,-25.2856,1.5385,
00474,信铭生命科技,954.0,0.142,0.142,0.0,1257854006.0,,3.7215,2.7524,
01735,中环新能源,953.0,10.96,12.42,-11.76,46295040000.0,0.37,1573.1095,25.0734,
00653,卓悦控股,953.0,1.6,1.98,-19.19,99993496.0,1.4,11.7612,0.5634,
00810,中国铸晨81,949.0,0.093,0.095,-2.11,66285857.0,0.1,59.0257,0.8,
80941,中国移动-R,948.0,67.65,67.45,0.3,1467391932293.0,0.0,9.684,1.0072,8.07
06633,青瓷游戏,948.0,3.13,3.13,0.0,2163864465.0,,5.1166,0.8646,
01127,狮子山集团,944.0,1.185,1.195,-0.84,912450000.0,0.01,4.7705,0.5463,10.13
02659,宝济药业-B,942.0,11.61,11.86,-2.11,3752236655.0,0.03,-8.998,2.2399,
02526,德适-B,940.0,240.0,248.0,-3.23,21331008000.0,0.03,-154.7453,23.9052,
00216,建业实业,938.0,0.43,0.43,0.0,237088306.0,,-0.5023,0.0343,
08446,耀星科技集团,937.0,0.29,0.39,-25.64,16314029.0,4.6,0.7043,0.0653,
02107,第一服务控股,937.0,0.375,0.375,0.0,474000000.0,,-9.516,0.7449,
01705,宾仕国际,936.0,0.89,0.92,-3.26,356000000.0,0.07,20.7629,2.3532,11.24
01393,恒鼎实业,933.0,0.025,0.027,-7.41,115131485.0,0.03,-0.1868,0.3315,
00264,中联发展控股,932.0,1.625,1.62,0.31,771316000.0,0.29,-32.3457,-229.8319,
08130,大地国际集团,931.0,0.01,0.01,0.0,36406275.0,,-0.5869,-0.1967,
00122,鳄鱼恤,928.0,1.43,1.43,0.0,148030044.0,0.0,-1.3002,0.1086,
07688,拓璞数控,925.0,18.4,18.65,-1.34,7711095736.0,0.16,-46.1439,3.7488,
08238,玖方数智,925.0,0.118,0.124,-4.84,41107046.0,0.06,-3.6301,7.5523,
08329,海王英特龙,924.0,0.092,0.092,0.0,154376000.0,0.54,-2.6572,0.2049,
01105,星岛,924.0,0.186,0.181,2.76,163781001.0,0.0,-2.0882,0.108,
06811,太兴集团,924.0,1.58,1.545,2.27,1534842020.0,0.28,10.7964,1.6473,7.09
01466,佰金生命科学,916.0,1.785,1.855,-3.77,1664073542.0,0.23,-43.9452,8.9858,
00767,中基长寿科学,915.0,0.48,0.48,0.0,305594064.0,,-28.5869,0.7468,
00080,CAI控股,914.0,0.26,0.247,5.26,678165329.0,0.03,-7.6518,1.6481,
02407,高视医疗,913.0,4.545,4.54,0.11,672150365.0,0.0,7.8687,0.3538,
03302,精技集团,909.0,0.37,0.375,-1.33,340545556.0,0.02,-11.2484,0.677,
81211,比亚迪股份-R,909.0,63.7,63.75,-0.08,580765484891.0,0.0,17.4757,2.2267,0.66
01956,中科闻歌,903.0,69.4,68.0,2.06,12105872766.0,0.03,-74.643,8.9853,
03639,亿达中国,902.0,0.045,0.041,9.76,116278650.0,0.04,-0.0337,0.0294,
06128,烯石电车新材料,902.0,0.057,0.058,-1.72,53654860.0,,-0.1427,3.5554,
80388,香港交易所-R,900.0,323.6,324.0,-0.12,410272019222.0,0.0,20.7177,7.917,4.31
02652,长风药业,900.0,6.64,6.885,-3.56,2866995210.0,0.31,-357.1236,1.536,
06871,翼菲科技,900.0,28.5,28.72,-0.77,6981188088.0,0.02,-33.1199,8.6131,
01239,TEAMWAY INTL GP,899.0,0.248,0.248,0.0,107636446.0,,-3.8511,-0.2948,
01488,百福控股,898.0,1.01,1.01,0.0,1594450640.0,0.01,819.5344,-7.7154,
08417,大地教育,896.0,0.022,0.022,0.0,38508800.0,,-28.4408,0.8348,
00076,谊砾控股,896.0,0.145,0.153,-5.23,64438591.0,0.31,0.1968,0.0177,
02508,圣贝拉集团,896.0,2.685,2.735,-1.83,1652883315.0,0.02,10.6301,1.4661,
00828,王朝酒业,894.0,0.161,0.161,0.0,226753348.0,,37.7168,0.6627,
00312,岁宝百货,893.0,0.043,0.041,4.88,107285000.0,0.0,-0.9954,0.1422,
03768,滇池水务,893.0,0.33,0.33,0.0,339606630.0,,2.692,0.0539,
07630,英派药业-B,891.0,14.49,14.29,1.4,4092867570.0,0.11,-13.9549,4.5825,
02886,滨海投资,891.0,1.185,1.185,0.0,1616018998.0,,6.0985,0.6156,7.09
00149,中国农产品交易,890.0,0.068,0.062,9.68,676808612.0,0.01,88.0573,0.3867,
03999,大成食品,890.0,0.58,0.58,0.0,589389620.0,,16.0203,0.235,
00858,精优药业,890.0,0.077,0.08,-3.75,223300000.0,0.01,-0.2279,0.5953,
01082,源宇宙教育,886.0,1.095,0.97,12.89,665811334.0,0.03,-28.6186,21.5125,
08121,国恩控股,886.0,0.41,0.41,0.0,61516400.0,0.05,-12.2934,0.7465,
01785,成都高速,885.0,1.955,1.955,0.0,3237679410.0,,5.1753,0.5379,7.31
02329,国瑞健康,885.0,0.097,0.092,5.43,431108545.0,0.0,-0.1998,0.0481,
01224,中渝置地,880.0,1.175,1.18,-0.42,4561743235.0,0.01,-11.4653,0.3144,
02561,维昇药业-B,877.0,18.5,19.0,-2.63,2104437234.0,0.01,-7.7063,2.7231,
00707,亚洲电视控股,876.0,0.06,0.06,0.0,133729572.0,,-1.047,-0.3026,
08132,百能国际能源,876.0,0.066,0.062,6.45,177834720.0,,-15.5736,-3.3586,
01262,蜡笔小新食品,871.0,3.195,3.2,-0.16,764405565.0,0.0,-76.4671,2.1747,
01273,香港信贷,867.0,0.72,0.715,0.7,298800000.0,0.04,4.2607,0.3283,6.67
01217,中国创新投资,864.0,0.01,0.01,0.0,128015786.0,0.0,-4.5818,0.2373,
02656,健康160,862.0,3.57,3.66,-2.46,1239648871.0,0.04,-21.4373,4.4916,
01556,建业建荣,860.0,0.237,0.25,-5.2,355500000.0,0.02,3.0405,0.3962,8.44
08146,怡园酒业,856.0,0.395,0.415,-4.82,321135000.0,0.02,-125.5753,3.1942,
00129,泛海集团,852.0,0.172,0.172,0.0,244349276.0,0.0,-0.1313,0.0229,
01831,十方控股,849.0,0.755,0.755,0.0,811964409.0,,-17.1623,-20.9361,
06686,诺亚控股,849.0,12.38,12.39,-0.08,4249172730.0,0.0,6.289,0.3953,16.87
01758,博骏教育,848.0,0.093,0.093,0.0,83991877.0,,-0.4681,2.51,
00472,新丝路控股集团,846.0,0.182,0.18,1.11,700537961.0,,-2.8734,0.5267,
09680,如祺出行,844.0,7.7,7.7,0.0,1571676660.0,,-5.8544,1.9036,
08128,中华节能,844.0,0.019,,,8523516.2,,4.3421,0.0299,
01340,惠生国际,843.0,0.48,0.485,-1.03,66444336.0,0.02,-3.0386,0.1513,
09930,宏信建发,840.0,0.66,0.665,-0.75,2110181040.0,0.03,12.6348,0.1657,2.42
01351,辉煌明天,839.0,0.32,0.315,1.59,192000000.0,0.04,-2.7823,1.9178,
01889,三爱健康集团,839.0,0.175,0.19,-7.89,26757272.0,0.02,-1.2029,0.1369,
02182,天长集团,838.0,0.485,0.43,12.79,300700000.0,0.0,-8.3133,0.402,
02030,卡宾,838.0,1.29,1.3,-0.77,862484970.0,0.0,21.5749,0.5471,1.78
00271,亚证地产,836.0,0.139,0.133,4.51,172452983.0,0.04,-0.6506,0.1225,
08540,胜利证券,836.0,4.37,4.375,-0.11,930701624.0,0.13,79.0338,4.1232,0.96
02683,华新手袋国际控股,836.0,1.13,1.13,0.0,461747380.0,,5.3461,1.3893,10.62
00166,新时代集团控股,833.0,0.033,0.033,0.0,288478641.0,0.01,-0.3761,0.309,
00899,中加国信,831.0,0.355,0.365,-2.74,168566878.0,0.08,-0.9244,0.1891,
02623,香港黄金产业集团,829.0,3.62,3.6,0.56,1986039847.0,0.2,-18.0819,1.9937,
09889,东莞农商银行,829.0,3.16,3.12,1.28,21767803812.0,0.03,4.7096,0.3072,8.16
01278,中国新城镇,828.0,0.068,0.07,-2.86,661384756.0,0.0,7.4483,0.1346,5.88
01446,鸿福堂,828.0,0.29,0.29,0.0,190223760.0,,-10.7162,0.7895,
06051,有赞,826.0,1.175,1.21,-2.89,1877849067.0,0.09,10.4247,1.267,
00239,白花油,826.0,2.4,2.4,0.0,747936000.0,0.01,7.5583,1.0189,8.33
02493,迈威生物-B,825.0,20.9,20.34,2.75,9336661180.0,0.12,-8.6625,9.2843,
02658,天域半导体,824.0,52.0,52.2,-0.38,20429841172.0,0.1,-85.884,6.729,
00871,中国疏浚环保,821.0,0.05,0.05,0.0,75194075.0,,-0.5846,-8.0384,
09857,柠萌影视,821.0,2.7,2.7,0.0,977288101.0,,17.2247,0.3557,
02685,量化派,821.0,4.19,4.23,-0.95,2357307412.0,0.28,30.6046,1.3796,
01622,力高集团,821.0,0.128,0.141,-9.22,454605993.0,0.01,-0.1077,-0.0656,
02575,轩竹生物-B,819.0,8.435,8.62,-2.15,4368889609.0,0.02,-18.2934,2.9305,
09856,纳真科技,817.0,32.5,32.1,1.25,31945598750.0,0.27,27.1904,2.9951,
01520,天机控股,816.0,0.69,0.695,-0.72,755934793.0,0.03,-8.9025,3.6389,
00841,木薯资源,814.0,0.17,0.167,1.8,99403542.0,0.01,-39.2589,0.188,
09913,智勤控股,813.0,2.33,2.33,0.0,2330000000.0,0.0,-33.9576,5.8743,
06188,迪信通,809.0,0.365,0.43,-15.12,323558046.0,0.01,-0.1969,-0.0981,
00426,万华媒体,808.0,0.158,0.158,0.0,63342200.0,0.0,-2.2026,-0.6662,
08293,星亚控股,808.0,0.082,0.081,1.23,17633288.0,0.03,18.0722,1.3684,
00164,中国宝力科技,806.0,0.42,0.425,-1.18,146690344.0,0.09,-6.1984,-0.505,
00989,中国长白山国际,801.0,0.565,0.52,8.65,3029889132.0,0.0,21.8366,-5.3471,
01097,周大福媒体娱乐,797.0,0.061,0.061,0.0,435212035.0,0.05,-0.7918,-0.1643,
06830,华众车载,797.0,0.185,0.186,-0.54,327300853.0,0.0,12.2208,0.2033,1.62
06090,不同集团,796.0,41.34,41.2,0.34,3669085317.0,0.02,28.0991,2.9196,
01087,威讯控股,795.0,1.61,1.61,0.0,386183616.0,0.01,-7.7301,1.876,
02249,晶合集成,793.0,24.3,24.96,-2.64,54305329203.0,0.19,77.1916,1.5923,
01150,米兰站,793.0,0.066,0.078,-15.38,69757819.0,0.06,6.7308,0.9818,
01332,透云生物,792.0,0.148,0.15,-1.33,433484918.0,0.0,2.0313,2.7753,
06929,业聚医疗,791.0,3.77,3.75,0.53,3121440630.0,0.0,9.1818,0.9513,5.31
00970,新耀莱,789.0,0.3,0.3,0.0,202608651.0,,-2.2092,0.2235,
00682,超大现代,789.0,0.214,0.214,0.0,42314033.0,0.0,-2.305,0.2163,
00519,诺科达科技,787.0,0.13,0.129,0.78,397163746.0,0.03,-0.8282,1.0761,
08072,兰谷股份,786.0,0.265,0.265,0.0,44612521.0,,-0.7587,0.1853,
01632,民商创科,786.0,0.051,0.051,0.0,48617020.0,,-0.8669,0.4938,
02221,创业集团控股,784.0,0.65,0.66,-1.52,152297088.0,,-2.6094,0.4256,
00343,文化传信,783.0,0.141,0.156,-9.62,244504686.0,0.3,-4.8981,5.028,
02495,声通科技,776.0,25.8,26.26,-1.75,1023203722.0,0.05,5.7611,0.4553,
01601,中关村科技租赁,771.0,0.68,0.68,0.0,1098269360.0,0.04,3.7204,0.2888,10.15
06833,兴科蓉医药,770.0,0.142,0.139,2.16,288670463.0,0.02,8.229,0.3526,1.41
01237,中科生物,763.0,0.72,0.72,0.0,69146677.0,0.04,1.1853,0.0646,
02203,脑洞科技,761.0,0.158,0.168,-5.95,126400000.0,0.01,173.8652,2.1342,
02393,巨星医疗控股,761.0,0.073,0.072,1.39,170206070.0,0.0,-1.8206,0.3894,
01058,南粤控股,760.0,0.345,0.355,-2.82,185616555.0,,-21.0164,20.1735,
01400,满地科技股份,756.0,0.033,0.032,3.13,125458323.0,0.24,0.4366,9.1672,
00601,稀镁科技,756.0,0.059,0.056,5.36,40627111.0,0.0,-0.1273,-0.4166,
08201,宝联控股,754.0,0.113,0.113,0.0,61020000.0,,-26.7749,0.3242,
08148,悟喜生活,754.0,3.385,3.39,-0.15,1550839104.0,,87.742,17.4179,
00756,森美控股,753.0,0.6,0.6,0.0,204334959.0,,-15.3874,-0.6601,
03773,银盛数惠,752.0,2.42,2.42,0.0,1004300000.0,0.02,27.8152,2.4547,
02340,昇柏控股,752.0,0.145,0.146,-0.68,110884835.0,,-2.092,1.0729,
01315,绿色经济,752.0,0.136,0.133,2.26,84575179.0,0.12,9.6536,0.5087,
00160,汉国置业,751.0,0.645,0.65,-0.77,464676899.0,0.07,-0.8811,0.0449,1.55
00254,国家联合资源,749.0,0.212,0.215,-1.4,143261722.0,1.79,-2.9329,0.7596,
08021,汇隆控股,749.0,0.194,0.192,1.04,139360880.0,0.01,1.4727,0.2496,
06858,本间高尔夫,747.0,2.87,2.87,0.0,1738193975.0,,31.6173,1.2391,
06117,日照港裕廊,747.0,0.58,0.58,0.0,962800000.0,,5.7934,0.2759,6.03
00367,庄士机构国际,746.0,0.221,0.221,0.0,369634236.0,,-1.037,0.0505,
01000,北青传媒,746.0,0.47,0.47,0.0,92735700.0,0.1,-1.1221,0.1383,
02726,瀚天天成,745.0,93.0,95.6,-2.72,39579387330.0,0.06,553.2863,7.5721,
08018,汇财金融投资,743.0,0.048,0.048,0.0,24203181.0,,-3.5364,0.653,
02627,中慧生物-B,743.0,29.32,29.32,0.0,11535737032.0,,-47.8967,24.6668,
00201,华大酒店,742.0,0.058,0.058,0.0,518928977.0,,13.7297,0.1226,
02146,荣万家,739.0,1.9,1.9,0.0,714400000.0,,6.5961,0.2616,
03625,傅里叶,739.0,61.2,61.0,0.33,6854400000.0,0.03,-61.727,12.196,
00355,世纪城市国际,738.0,0.078,0.073,6.85,241220397.0,0.0,-0.4514,0.037,
01007,龙辉国际控股,737.0,0.07,0.07,0.0,13271501.0,,-0.8079,-0.0597,
01039,畅由国际集团,733.0,0.06,0.06,0.0,108657196.0,,-6.0022,0.4416,
01173,威高国际,732.0,0.027,0.027,0.0,67986036.0,,-0.6442,3.6015,
00256,冠城钟表珠宝,731.0,0.102,0.103,-0.97,529639797.0,0.05,-4.4491,0.132,
00417,谢瑞麟,728.0,0.685,0.7,-2.14,170689691.0,0.23,1.4921,0.3324,
00648,京玖康疗,728.0,0.465,0.44,5.68,49809374.0,0.55,6.0412,1.5461,
01319,霭华押业信贷,728.0,0.27,0.27,0.0,519563270.0,0.01,6.2894,0.4495,8.15
03332,中生联合,726.0,0.208,0.21,-0.95,196830061.0,0.0,8.7338,0.4099,
01498,培力农本方,724.0,0.245,0.245,0.0,131294924.0,,-4.7466,1.0507,
02661,轻松健康,723.0,3.62,3.5,3.43,747411112.0,0.16,-1.2969,0.7081,
00602,佳华百货控股,723.0,0.045,0.045,0.0,46687500.0,,-0.3883,-0.2267,
01511,驭势科技,723.0,51.8,51.0,1.57,8416724036.0,0.31,-30.0026,8.3009,
06882,东瀛游,721.0,0.495,0.495,0.0,248712750.0,0.01,4.2643,2.1017,7.07
02567,七牛智能,719.0,0.375,0.375,0.0,751320103.0,0.04,-16.4954,1.9337,
08479,金泰丰国际控股,719.0,0.75,,,697500000.0,,16.2527,1.4594,
00482,圣马丁国际,718.0,0.49,0.49,0.0,120241660.0,,-1.2457,-1.3391,
08178,中国信息科技,716.0,0.21,0.209,0.48,36142503.0,0.56,-0.5855,0.2034,
08056,生活概念,716.0,0.249,0.242,2.89,28240222.0,0.86,2.7112,-0.4912,
01289,盛力达科技,714.0,2.155,2.155,0.0,275840000.0,,7.3765,0.3252,8.68
00515,中华银科技,714.0,0.173,0.173,0.0,49403197.0,,-0.7165,0.6388,
02377,博奇环保,713.0,0.76,0.76,0.0,649695636.0,,2.8098,0.1688,8.42
01633,上谕集团,712.0,0.41,0.41,0.0,280747500.0,0.03,-13.0205,1.8695,
00718,太和控股,711.0,0.032,0.032,0.0,168000635.0,0.01,-0.4502,-0.0672,
09919,艾德韦宣集团,711.0,0.71,0.72,-1.39,527995760.0,0.02,6.9524,1.4102,11.69
01697,山东国信,711.0,0.223,0.229,-2.62,1038923550.0,0.0,-4.0067,0.0814,
00852,海峡石油化工,711.0,0.216,0.216,0.0,458646643.0,0.07,-1.4017,0.7697,
00498,蓝河控股,710.0,0.071,0.071,0.0,73907174.0,,1.4404,0.0497,
01476,金融街证券,710.0,1.09,1.095,-0.46,2838978479.0,,7.5728,0.2824,1.65
08187,积木集团,709.0,0.555,0.56,-0.89,84184531.0,0.0,-10.0387,22.5092,
02701,国民技术,707.0,7.495,7.545,-0.66,5082559617.0,0.08,-61.1868,2.5114,
08326,同景新能源,707.0,0.11,0.127,-13.39,134970000.0,0.04,23.0403,0.3617,
02635,诺比侃,707.0,9.78,9.67,1.14,3703353480.0,0.09,24.8045,3.1032,
01321,中国新城市,707.0,0.77,0.77,0.0,1419897800.0,,-8.8003,0.2673,
08227,海天天线,707.0,0.25,0.25,0.0,474407250.0,,-44.5304,-6.5392,
01198,皇朝家居,706.0,0.125,0.125,0.0,324820166.0,,-0.4263,1.1696,
01080,胜利管道,705.0,0.046,0.043,6.98,178220818.0,0.0,4.5861,0.3878,
00377,中国华君,705.0,0.925,0.885,4.52,173429962.0,0.09,-0.8032,-0.0186,
01312,华控康泰,705.0,0.031,0.033,-6.06,173245725.0,0.0,-0.8141,0.3396,
00765,威发国际,703.0,0.176,0.19,-7.37,86307832.0,0.0,-10.2944,1.2004,
00073,亚洲果业,703.0,1.85,1.85,0.0,27565979.0,,-0.8892,0.2817,
01298,云能国际,702.0,1.48,1.4,5.71,407646760.0,0.0,39.6351,2.2469,
02086,高维科技,701.0,0.54,0.5,8.0,172565042.0,0.13,-66.041,3.0036,
00372,保德国际发展,699.0,0.164,0.164,0.0,49649758.0,,-0.1984,-0.6634,
00913,港湾数字,699.0,0.154,0.154,0.0,136604936.0,0.0,0.9739,0.4275,
01609,天星医疗,698.0,76.35,73.85,3.39,4182994627.0,0.04,29.152,2.7575,
02392,玄武云,696.0,0.97,0.985,-1.52,538213230.0,0.0,-18.7836,1.5544,
89888,百度集团-WR,696.0,72.2,73.4,-1.63,197363140156.0,0.0,-54.8892,0.7263,
01752,澳洲成峰高教,695.0,0.115,0.115,0.0,256662290.0,0.02,12.6438,0.918,5.22
02281,兴泸水务,695.0,0.575,0.585,-1.71,494333250.0,0.0,4.1556,0.1415,8.17
09611,龙旗科技,692.0,19.77,20.2,-2.13,10314288627.0,0.14,19.123,1.2126,3.01
06108,新锐医药,688.0,0.217,0.217,0.0,43533816.0,0.0,-2.6909,0.0999,
08200,修身堂,687.0,0.75,0.74,1.35,59131523.0,0.05,-12.2122,0.0828,
00222,闽信集团,684.0,2.63,2.65,-0.75,1570786573.0,0.0,17.4646,0.1825,3.04
01240,青建国际,683.0,0.18,0.176,2.27,273297605.0,,4.1408,0.1057,
03708,世界数字经济产业,683.0,0.255,0.26,-1.92,185456400.0,0.71,-14.3709,1.326,
00556,泛亚环保,682.0,0.325,0.325,0.0,326566774.0,0.06,-733.9229,0.2792,64.62
08112,基石金融,679.0,0.117,0.117,0.0,26841958.0,,-3.6356,0.3214,
01245,NIRAKU,678.0,0.28,0.275,1.82,334838129.0,0.02,3.2016,0.3216,7.86
00731,建发新胜,678.0,0.275,0.275,0.0,389015229.0,,-5.9523,3.7747,
06657,百望股份,678.0,14.08,14.05,0.21,3180767096.0,,-48.8228,3.0779,
01868,同方友友,677.0,0.153,0.153,0.0,320453209.0,0.0,34.3016,0.1786,
01221,信和酒店,675.0,1.39,1.455,-4.47,1665233447.0,0.0,17.0756,0.3906,2.16
00797,第七大道,675.0,0.995,1.02,-2.45,2495547560.0,0.01,34.8642,1.3301,
08296,中国生命集团,673.0,0.157,0.157,0.0,14836500.0,0.02,-0.9992,0.1181,
01826,丰展控股,669.0,0.73,0.76,-3.95,1750248000.0,0.1,-63.4355,20.2702,
03363,正业国际,669.0,0.335,0.335,0.0,167500000.0,0.0,4.0339,0.1266,3.58
01327,励时集团,669.0,1.505,1.505,0.0,389471846.0,,-16.9255,8.781,
08275,中国新消费集团,667.0,0.087,0.086,1.16,83518742.0,,-3.6082,0.7233,
00527,瑞风绿能智算,667.0,0.775,0.78,-0.64,1887059127.0,0.93,-1.8666,-2.0516,
08368,中国创意控股,665.0,0.2,0.197,1.52,138443544.0,0.05,2.5009,0.3221,
08348,滨海泰达物流,664.0,0.32,0.32,0.0,113212800.0,,-2.8718,0.1137,
03848,浩森金融科技,663.0,2.11,2.11,0.0,1650199350.0,0.05,172.4951,2.404,0.28
01978,叙福楼集团,663.0,0.203,0.21,-3.33,162400000.0,0.02,-10.7671,0.748,
06038,信越控股,660.0,0.4,0.415,-3.61,401200000.0,0.03,10.2772,1.2521,23.75
02022,游莱互动,657.0,0.045,0.043,4.65,90000000.0,0.02,-2.0838,0.5934,
02028,映美控股,657.0,3.895,3.955,-1.52,3343211320.0,0.73,-67.5739,133.1984,
00128,安宁控股,657.0,0.48,0.48,0.0,792316164.0,0.04,126.1248,0.7786,
01225,隆成金融,655.0,0.265,0.265,0.0,61035439.0,,1.4067,0.1749,
03822,三和建筑集团,654.0,1.13,1.15,-1.74,94920000.0,0.01,1.6678,0.1806,10.62
00184,激成投资,654.0,2.27,2.29,-0.87,772254000.0,0.04,2.5726,0.2162,5.29
06913,华南职业教育,654.0,0.083,0.087,-4.6,110722000.0,0.33,-1.2144,0.0595,
00897,位元堂,654.0,0.38,0.35,8.57,423465497.0,0.07,106.0785,0.3583,
00442,域能控股,653.0,0.605,0.605,0.0,156785750.0,,-8.827,1.3229,
06715,鲟龙科技,652.0,60.8,61.0,-0.33,6620244480.0,0.0,16.4729,1.8398,1.44
00526,利时集团控股,651.0,0.09,0.095,-5.26,795961835.0,0.0,5.7161,0.2692,
00794,锦胜集团(控股),651.0,0.365,0.365,0.0,120845660.0,,-17.7531,0.2346,
03889,大成玉米集团,650.0,0.063,0.067,-5.97,121676616.0,0.0,-0.8093,-0.2786,
08239,首都金融控股,649.0,27.0,27.0,0.0,2639761947.0,,-128.3744,31.1709,
02637,海西新药,648.0,154.9,167.4,-7.47,12191756123.0,0.01,70.6374,6.3439,
08030,丰银禾控股,648.0,1.51,1.57,-3.82,527514121.0,0.02,9.9419,1.7082,
00554,汉思集团控股,648.0,0.198,0.19,4.21,868691949.0,0.0,-8.0394,0.9998,
00907,高雅光学,648.0,0.061,0.061,0.0,53244685.0,,-81.1657,-22.8518,
00225,博富临置业,647.0,5.12,5.12,0.0,564118451.0,,-13.7359,0.1287,7.03
01129,中国水业集团,644.0,0.163,0.163,0.0,103047610.0,,-0.3733,0.1593,
03228,景旺电子,642.0,79.8,78.4,1.79,85726613612.0,1.08,63.4611,4.1969,
00943,中证国际,642.0,0.163,0.162,0.62,335878000.0,0.0,-3.8832,0.712,
02176,赛迪顾问,641.0,0.46,0.46,0.0,322000000.0,,8.012,3.9887,22.83
00722,联合医务,640.0,0.405,0.405,0.0,328436874.0,,-4.4003,0.513,8.15
00280,景福集团,640.0,0.55,0.53,3.77,500119656.0,0.23,4.912,0.5614,20.0
01708,三宝科技,639.0,0.243,0.238,2.1,192470216.0,0.01,-2.0412,0.1542,
08019,皓文控股,637.0,0.071,0.071,0.0,25281116.0,0.01,1.4288,0.0789,
02603,吉宏股份,637.0,12.1,12.01,0.75,5540793135.0,2.15,15.3486,1.6713,3.06
06636,极视角,637.0,74.1,73.8,0.41,8366985420.0,0.03,-162.2245,11.7623,
01917,豆盟科技,636.0,0.077,0.079,-2.53,177100000.0,,-7.6701,9.6631,
01305,伟志控股,635.0,0.89,0.89,0.0,192767770.0,0.13,3.8609,0.1938,
08315,新都酒店,633.0,0.067,0.067,0.0,38956631.0,,-33.9048,9.9991,
00072,超媒体控股,631.0,0.255,0.25,2.0,111779928.0,0.05,-2.5254,0.7049,
01124,沿海家园,631.0,0.11,0.11,0.0,45606223.0,,-0.0952,0.1156,
08217,菊福堂生物,630.0,0.098,0.099,-1.01,29582280.0,0.08,1.2686,0.5854,
01200,美联集团,630.0,1.76,1.66,6.02,1261736969.0,0.09,2.2801,0.7775,5.11
09971,基本半导体,626.0,40.18,40.08,0.25,12205491659.0,0.04,-33.3713,16.5482,
02415,梅斯健康,624.0,0.85,0.87,-2.3,516095308.0,0.0,29.0692,0.3861,
02576,太美医疗科技,621.0,4.9,4.745,3.27,2726257100.0,0.12,-36.4288,2.1579,
02317,味丹国际,621.0,0.72,0.72,0.0,1096374240.0,,7.6769,0.4591,14.72
00389,通天酒业,619.0,0.31,0.29,6.9,93484158.0,0.06,-13.8517,0.9358,
00704,和嘉控股,618.0,0.133,0.133,0.0,38619640.0,,-1.4633,0.0437,
08250,都都控股,617.0,0.135,0.136,-0.74,46468096.0,0.08,-0.8978,0.1654,
00997,普汇中金国际,617.0,0.019,0.019,0.0,22216467.0,0.15,-0.084,0.1293,
01497,燕之屋,615.0,6.3,6.3,0.0,2903801040.0,,11.5433,3.0997,8.98
07687,易控智驾,615.0,66.3,66.05,0.38,9987486300.0,0.09,-18.8076,3.0597,
00864,永利地产发展,614.0,0.147,0.147,0.0,56767836.0,0.0,-0.3603,0.2435,
00383,天安卓健,611.0,0.98,0.905,8.29,990319848.0,0.0,115.6105,0.5616,
00048,中国汽车内饰,610.0,0.37,0.365,1.37,161981471.0,0.02,-6.8138,0.7693,
03623,中国金融发展,609.0,0.59,0.59,0.0,372091368.0,,-5.5678,1.1411,
01417,浦江中国,608.0,5.665,5.825,-2.75,2294325000.0,0.04,-134.7811,14.3892,
01147,伊登软件,608.0,0.118,0.117,0.85,241303787.0,0.05,217.6437,1.0104,
01676,高地股份,606.0,0.44,0.425,3.53,173643510.0,0.52,-1.4996,2.4884,
00401,万嘉集团,605.0,0.095,0.095,0.0,107218492.0,0.0,-10.8697,1.2817,
00662,亚洲金融,604.0,4.525,4.55,-0.55,4181742550.0,0.0,3.2278,0.3045,5.08
02225,今海医疗科技,604.0,4.59,4.605,-0.33,24391260000.0,0.01,-366.218,76.5893,
08060,国联通信,602.0,0.105,0.105,0.0,34269979.0,,12.9712,0.4298,
00695,东吴水泥,601.0,7.52,7.52,0.0,4151040000.0,0.02,-56.3847,12.5029,
02169,沧港铁路,600.0,0.54,0.55,-1.82,2160000000.0,0.0,29.8913,2.2082,
01145,勇利投资,599.0,0.13,0.12,8.33,142639064.0,0.01,5.7754,0.3001,
00145,信能低碳,599.0,0.21,0.21,0.0,76902381.0,,-3.6273,1.7642,
00901,华曦达,599.0,58.6,60.4,-2.98,12279048102.0,0.08,33.8558,5.3987,
00640,星谦发展,598.0,2.35,2.33,0.86,693568514.0,0.01,6.0632,0.9807,8.26
02920,卓悦控股,597.0,1.675,1.68,-0.3,2512500000.0,0.0,131.7645,6.0305,
01959,中聚投资,597.0,4.495,4.495,0.0,2382358990.0,,-52.4568,35.6538,
02480,绿竹生物-B,596.0,15.99,15.99,0.0,3180622580.0,0.0,-20.7094,4.616,
01718,宏基集团控股,595.0,0.535,0.595,-10.08,162704200.0,0.04,-5.5679,2.6263,
08090,宝盖新材,595.0,4.565,4.555,0.22,264176550.0,,11.3999,1.0278,
00223,易生活控股,594.0,0.095,0.095,0.0,155015467.0,,-26.4803,1.9668,
00711,亚洲联合基建控股,593.0,0.44,0.44,0.0,810881150.0,,6.1691,0.3441,4.77
02519,傲基股份,593.0,3.9,3.9,0.0,1619303072.0,0.0,14.9303,0.4482,
00591,中国高精密,592.0,0.238,0.238,0.0,246925000.0,0.01,-14.6925,0.1255,
01935,嘉宏教育,592.0,0.75,0.78,-3.85,1200622500.0,0.01,6.0071,0.3054,
00157,自然美,591.0,0.44,0.44,0.0,880924410.0,,-15.3258,2.08,
08316,中国红包,591.0,0.23,0.23,0.0,219276480.0,0.0,47.2477,21.849,
00147,国际商业结算,590.0,0.184,0.185,-0.54,4250658027.0,0.47,-14.4047,6.6986,
09968,汇景控股,588.0,0.185,0.174,6.32,971990000.0,0.31,-0.5128,-0.3133,
02119,捷荣国际控股,588.0,0.445,0.445,0.0,320725523.0,0.0,7.7155,0.5818,7.19
06190,九江银行,588.0,2.675,2.675,0.0,7616707260.0,,13.2449,0.1614,2.47
01272,大唐环境,586.0,1.08,1.065,1.41,3204945360.0,0.0,4.8683,0.3397,9.17
00369,永泰地产,586.0,1.7,1.7,0.0,2336739299.0,,-3.7568,0.1093,4.12
00103,首佳科技,584.0,1.855,1.77,4.8,959155466.0,0.02,27.7068,0.4926,4.2
02299,百宏实业,582.0,5.6,5.8,-3.45,11818352000.0,0.0,8.1962,0.8333,3.75
01783,晋景新能,581.0,4.4,4.4,0.0,13231971632.0,0.14,217.1311,8.6618,0.23
01062,国开国际投资,580.0,0.093,0.093,0.0,269906028.0,,-1.8764,0.3219,
01170,信星集团,580.0,0.405,0.4,1.25,270134775.0,0.03,-3.825,0.2764,9.88
02122,凯知乐国际,578.0,0.092,0.089,3.37,124744114.0,0.0,-1.4606,-0.6721,
01583,亲亲食品,578.0,1.0,1.0,0.0,753776557.0,0.0,-36.9459,0.5514,3.5
00497,资本策略地产,578.0,0.137,0.14,-2.14,1766448208.0,0.0,-2.1403,0.1378,
02695,印象大红袍,578.0,1.18,1.165,1.29,170120600.0,0.06,5.466,0.482,20.85
00162,世纪金花,577.0,0.036,0.035,2.86,41389010.0,0.0,-0.0826,1.6232,
02898,盛禾生物-B,577.0,6.39,6.39,0.0,1001100852.0,,-11.3599,1.8969,
01323,华盛国际控股,576.0,0.197,0.197,0.0,178634624.0,,-1.3135,0.232,
01201,天臣控股,573.0,2.02,2.06,-1.94,888164161.0,0.01,-49.6015,1.9538,
00219,顺豪物业,573.0,0.675,0.675,0.0,391333470.0,,-4.5765,0.0568,
00730,首惠产业金融,572.0,6.0,5.985,0.25,948945288.0,0.0,38.8196,0.6306,1.25
01872,冠轈控股,571.0,3.96,3.965,-0.13,2580736281.0,0.05,-23.3156,2.9259,
00053,国浩集团,571.0,71.2,71.0,0.28,23428457758.0,0.0,7.2902,0.3306,5.06
01290,中国汇融,570.0,0.59,0.59,0.0,643297650.0,,13.0198,0.2894,5.08
01560,星星集团,569.0,0.27,0.265,1.89,173204460.0,0.03,-0.5805,0.3467,
01575,皇庭智家,569.0,0.05,0.053,-5.66,193000000.0,0.0,-2.2378,-0.5942,
08051,讯智海,568.0,2.37,2.37,0.0,61711916.0,,6.9984,0.3483,
01166,星凯控股,568.0,0.26,0.26,0.0,37041320.0,,0.4467,0.052,
01226,中国投融资,568.0,0.89,0.84,5.95,367210974.0,0.04,2.6317,1.2536,
00120,四海国际,568.0,0.049,0.045,8.89,80341407.0,0.12,-0.1277,0.3692,
00423,经济日报集团,568.0,0.605,0.605,0.0,261118000.0,0.01,-6.0773,0.3578,11.57
02630,旺山旺水-B,567.0,82.4,82.15,0.3,13810058720.0,0.05,-39.7462,55.782,
09916,兴业物联,567.0,0.37,0.37,0.0,148000000.0,0.0,3.1415,0.2297,
00089,大生地产,567.0,1.88,1.88,0.0,540818991.0,,-74.8849,0.0675,4.26
03223,君正股份,566.0,88.0,90.05,-2.28,45315746696.0,0.13,28.6763,2.39,
03390,满贯集团,566.0,0.248,0.247,0.4,221712000.0,0.0,7.2017,0.4086,
01884,EPRINT 集团,566.0,0.112,0.112,0.0,61600000.0,0.01,-22.8741,0.2762,
01470,富一国际控股,562.0,0.123,0.123,0.0,98400000.0,,20.1063,3.2851,
01940,CGII HLDGS,562.0,1.17,1.24,-5.65,1404000000.0,0.01,6.251,0.6034,
01983,泸州银行,561.0,2.08,2.08,0.0,5652924289.0,,3.1289,0.3444,7.31
08050,城市酷选,560.0,0.725,0.68,6.62,196656250.0,0.01,-19.2404,13.899,
02193,万景控股,559.0,0.4,0.405,-1.23,167837600.0,0.04,21.064,0.6465,
02307,锦兴国际控股,559.0,0.161,0.161,0.0,140056959.0,,-1.3999,0.0821,
08392,舍图控股,556.0,0.05,0.05,0.0,50000000.0,,110.3753,2.6009,
01159,智数科技集团,556.0,2.1,2.2,-4.55,297898606.0,0.11,7.8092,-1.9928,
01500,现恒建筑,555.0,0.345,0.34,1.47,286350000.0,0.02,4.4165,0.9312,14.49
03752,珞石机器人,555.0,47.94,48.14,-0.42,12712771867.0,0.03,-66.2614,-23.8121,
00444,先施表行,550.0,0.01,0.01,0.0,60439500.0,,-0.2789,-1.5034,
03268,美格智能,549.0,18.05,17.5,3.14,5456321865.0,0.12,28.8603,1.6924,0.65
01572,中国艺术金融,548.0,0.07,0.075,-6.67,118335000.0,0.01,-349.7331,0.0925,
06893,衍生集团,547.0,0.37,0.36,2.78,403964520.0,0.08,-8.8152,3.5725,
01643,现代中药集团,547.0,0.7,0.61,14.75,504000000.0,0.05,-10.5634,0.9346,
09638,法拉帝,546.0,35.6,35.68,-0.22,12049982482.0,,15.8403,1.4301,2.71
00065,弘海高新资源,546.0,0.35,0.355,-1.41,85937921.0,0.09,-1.6814,0.85,
08087,中国三三集团,545.0,2.04,2.035,0.25,1321920000.0,0.18,-89.6462,71.5477,
00432,盈大地产,544.0,0.21,0.209,0.48,428029716.0,0.0,-47.5589,0.1523,
01355,生物系统工程,544.0,0.199,0.2,-0.5,356129950.0,0.01,-40.0191,13.9037,
01397,碧瑶绿色集团,544.0,0.755,0.76,-0.66,313325000.0,0.09,4.6117,0.6369,9.27
01182,胜龙国际,544.0,0.67,0.67,0.0,228345760.0,,3.1315,1.1229,
02336,硕奥国际,543.0,0.199,0.198,0.51,361366243.0,0.0,-67.1435,0.9417,
08039,中国来骑哦,542.0,0.151,0.151,0.0,74443000.0,,-15.3112,-58.6627,
00022,茂盛控股,542.0,2.615,2.695,-2.97,102842085.0,0.47,0.2743,0.4074,
00146,太平地毡,542.0,1.675,1.55,8.06,355414042.0,0.01,7.6397,0.6918,7.16
08120,国农金融投资,541.0,1.74,1.74,0.0,282970562.0,,-15.8013,6.5629,
02687,卓越睿新,541.0,282.0,268.8,4.91,18800009400.0,0.06,158.1976,17.9794,
08181,港深智能管理,540.0,0.048,0.047,2.13,54191360.0,,-1.1264,0.3693,
01085,亨鑫科技,539.0,1.425,1.32,7.95,663480000.0,0.01,17.5425,0.3793,
08371,尝高美集团,539.0,2.1,2.05,2.44,803835900.0,0.04,6.8469,2.402,8.1
09637,礼邦医药-B,538.0,28.58,26.66,7.2,9956286876.0,0.23,-12.54,6.1204,
01009,国际娱乐,537.0,1.2,1.155,3.9,1642988682.0,0.01,-2.4063,6.8323,
00673,中国卫生集团,537.0,0.305,0.3,1.67,423077148.0,0.0,-8.8266,7.9414,
02558,晋商银行,534.0,1.135,1.135,0.0,6626867750.0,,3.4766,0.1924,5.2
00167,万威国际,533.0,6.255,6.25,0.08,3252501052.0,0.0,-64.662,11.4457,
00096,友成控股,533.0,0.505,0.505,0.0,321457548.0,,3.2833,0.2637,2.97
00764,永恒策略,533.0,0.2,0.19,5.26,80571341.0,0.0,-0.1981,0.116,
00243,品质国际,531.0,0.45,0.455,-1.1,155920739.0,0.05,1.5785,0.3635,
01153,佳源服务,530.0,0.335,0.335,0.0,225190015.0,0.0,30.5001,7.2315,
01851,银杏教育,529.0,9.025,9.07,-0.5,4512500000.0,0.54,25.1392,3.2818,
08140,人和科技,528.0,0.116,0.116,0.0,92800000.0,,5.8255,0.41,
08305,圣唐控股,527.0,0.216,0.229,-5.68,350352000.0,0.46,-18.5666,3.1651,
02212,高鹏矿业,526.0,0.16,0.16,0.0,202223872.0,,-9.7224,4.0866,
01243,宏安地产,522.0,0.028,0.028,0.0,425600000.0,,-0.4655,0.1658,
06911,澜沧古茶,521.0,2.3,2.3,0.0,345000000.0,,-5.1654,0.4713,
00681,中民控股,521.0,0.029,0.028,3.57,259102275.0,0.03,-1.3413,0.0947,
09986,大山教育,520.0,1.88,1.88,0.0,1692000000.0,,-26.8191,8.9574,
06816,瑞港建设,520.0,0.203,0.203,0.0,162400000.0,,-1.0575,-3.1582,
01421,恒昌集团国际,518.0,0.655,0.645,1.55,131127856.0,0.01,-6.9845,1.2375,
01636,中国金属利用,518.0,0.31,0.31,0.0,138928275.0,,-0.2032,-0.029,
01973,天图投资,517.0,2.89,2.9,-0.34,2002859908.0,,9.1806,0.2667,
06667,美因基因,517.0,7.27,7.22,0.69,1612551430.0,0.09,55.9682,2.2858,2.45
00969,华联国际,517.0,0.116,0.114,1.75,254176880.0,0.05,-11.9844,-0.2684,
00274,复兴亚洲,516.0,0.49,0.49,0.0,33584293.0,,-0.7076,0.0735,
00938,民生国际,516.0,0.39,0.39,0.0,252407452.0,,0.6361,-0.418,
00464,中国智能科技,516.0,0.72,0.71,1.41,544494240.0,0.0,-17.8599,7.2854,
01626,嘉耀控股,516.0,22.82,22.62,0.88,13692000000.0,0.1,501.1599,41.2052,
00455,天大药业,514.0,0.121,0.12,0.83,260155068.0,,-3.7698,0.5893,
01608,伟能集团,514.0,0.035,0.037,-5.41,233910268.0,0.07,-0.8898,0.1692,
00332,元亨燃气,513.0,0.171,0.185,-7.57,67157011.0,0.05,-0.3728,-0.0466,
06676,找钢网-W,513.0,0.66,0.64,3.13,707340729.0,0.01,-3.1549,1.507,
02383,TOM集团,512.0,0.37,0.365,1.37,1464648906.0,0.02,-5.5532,0.6633,
06810,商米科技-W,510.0,52.6,53.65,-1.96,21178169680.0,0.4,141.728,6.2608,
00888,链信控股,508.0,0.033,0.033,0.0,46920667.0,0.03,-0.7975,-0.94,
08455,礼建德集团,507.0,0.024,0.025,-4.0,23040000.0,0.02,-2.4353,-3.3518,
01710,致丰工业电子,506.0,1.82,1.72,5.81,1820000000.0,0.56,-44.2693,5.2705,0.44
00313,裕田中国,505.0,0.063,0.063,0.0,73510565.0,0.0,-0.3443,-0.3434,
02677,卓正医疗,504.0,22.56,23.86,-5.45,1456934952.0,0.01,8.8237,1.4429,
00055,中星集团控股,503.0,0.11,0.104,5.77,27869540.0,0.12,-0.3544,0.0495,
01912,康特隆,503.0,3.095,3.095,0.0,1427444433.0,0.0,-13.1732,13.7084,
00251,爪哇控股,500.0,1.075,1.075,0.0,647281930.0,,-3.9415,0.1787,4.65
02088,西王置业,500.0,0.038,0.038,0.0,53533801.0,,-0.3615,0.1144,
02451,绿源集团控股,499.0,13.9,13.93,-0.22,5645165300.0,0.04,35.0581,2.8285,
00156,力宝华润,499.0,1.19,1.27,-6.3,1093242612.0,0.0,6.7839,0.5424,
08027,吉辉控股,499.0,0.107,0.112,-4.46,76012800.0,0.02,6.7968,0.9562,
03628,仁恒实业控股,498.0,0.207,0.2,3.5,166428000.0,0.05,19.3927,1.0582,
01683,旷逸国际,498.0,0.13,0.133,-2.26,242611200.0,0.04,-77.6604,0.4498,
00265,港誉智慧城市服务,494.0,1.215,1.215,0.0,314006435.0,,52.2647,0.6765,
01377,鼎泰高科,490.0,271.8,268.6,1.19,115255413061.0,0.11,105.496,13.621,0.43
00309,新华通讯频媒,490.0,0.88,0.88,0.0,45849535.0,,-3.4442,0.6433,
08311,圆美光电,490.0,0.068,0.06,13.33,100890726.0,0.01,-9.2747,4.1306,
00959,世纪娱乐国际,490.0,0.72,0.72,0.0,92338244.0,,7.4305,-0.8163,
03661,圣邦股份,490.0,82.65,82.0,0.79,56667671010.0,0.27,64.7904,5.0159,
03880,泰德医药,490.0,20.78,20.6,0.87,2946604000.0,0.05,15.3285,1.5641,
00137,金辉集团,489.0,0.61,0.61,0.0,323476583.0,,53.3086,0.1924,
06067,星源材质,488.0,6.755,6.81,-0.81,10101556284.0,0.06,60.7192,0.8055,
08512,凯富善集团控股,488.0,0.36,0.35,2.86,330660000.0,0.03,4.3561,0.4305,
08195,传承教育集团,488.0,0.57,0.625,-8.8,261438877.0,0.22,6.7359,0.5328,
00104,冠亚商业,488.0,0.22,0.221,-0.45,164367108.0,0.14,4.1657,0.3454,13.64
06999,领地控股,488.0,0.117,0.117,0.0,120152565.0,,-0.0542,0.5869,
00150,HYPEBEAST,487.0,0.15,0.15,0.0,301999565.0,0.0,17.2001,0.7098,4.67
00212,南洋集团,486.0,28.62,28.6,0.07,972156662.0,0.02,-110.5603,0.2069,4.54
01950,帝王实业控股,486.0,0.1,0.1,0.0,72000000.0,0.08,3.8857,0.0983,
00058,新威国际,485.0,0.209,0.209,0.0,107743680.0,0.03,-2.8762,5.6746,
00630,隽泰控股,484.0,0.18,0.187,-3.74,174159323.0,0.01,1.846,1.1194,
02293,百本医护,483.0,0.4,0.4,0.0,160984000.0,0.27,25.8194,0.6509,3.75
03816,KFM金德,483.0,5.14,4.85,5.98,3084000000.0,0.57,37.7798,5.0135,0.78
00927,富士高实业,483.0,0.425,0.43,-1.16,217177125.0,0.0,-8.2696,0.3998,4.24
01536,煜荣集团,483.0,0.365,0.35,4.29,665760000.0,1.34,-151.206,5.8908,
01459,巨匠建设,482.0,0.195,0.195,0.0,104005200.0,,-1.365,0.0588,
00723,信保环球控股,482.0,0.212,0.22,-3.64,231894402.0,0.01,5.237,0.7633,
00075,渝太地产,481.0,0.145,0.147,-1.36,115935825.0,0.01,-0.2025,0.2799,
02262,梁志天设计集团,481.0,0.38,0.38,0.0,433732380.0,,36.3778,1.3169,
01580,大森控股,481.0,0.465,0.515,-9.71,509490989.0,0.1,-42.3242,-162.3392,
00896,兴胜创建,481.0,0.28,0.275,1.82,300460909.0,0.0,-0.3355,0.1164,
01202,四威科技,480.0,1.42,1.465,-3.07,568000000.0,0.01,11.3124,0.5996,0.85
00018,东方传媒集团,479.0,0.21,0.213,-1.41,503562759.0,0.02,37.7172,0.3005,4.76
03869,弘和仁爱医疗,479.0,3.385,3.385,0.0,467786690.0,,409.6704,0.7196,
01004,中国智慧能源,478.0,0.211,0.186,13.44,98899407.0,0.02,-1.2584,-0.0758,
00063,中亚烯谷集团,477.0,0.046,0.038,21.05,292224296.0,0.05,25.4706,0.5776,
01255,TATA健康,476.0,1.95,1.95,0.0,473547750.0,,-62.8381,-8.607,
01490,AI X TECH,475.0,0.26,0.255,1.96,320996000.0,0.0,19.6029,0.5071,
00199,德祥新云算力,474.0,2.61,2.55,2.35,2841345420.0,0.51,-5.3841,1.5807,
06036,光丽科技,474.0,1.09,1.09,0.0,1171869900.0,0.02,6.1739,2.6117,
08413,亚洲富思,472.0,0.065,0.06,8.33,75530000.0,0.06,41.7754,0.7424,
02729,凯乐士科技,470.0,22.14,22.42,-1.25,9473345760.0,0.0,-100.4126,7.6384,
06909,百得利控股,470.0,0.219,0.219,0.0,136327500.0,,-1.1205,0.0475,10.5
00979,绿色能源科技集团,466.0,0.37,0.395,-6.33,511649385.0,0.04,-39.9071,13.6884,
03310,云英谷科技,466.0,25.82,25.98,-0.62,11249974105.0,0.06,-42.1788,5.5782,
01985,美高域,464.0,2.325,2.355,-1.27,719294550.0,0.01,23.8138,2.8983,
06888,英达公路再生科技,464.0,0.075,0.08,-6.25,80925000.0,0.02,-0.9602,0.1243,
02297,润迈德-B,463.0,0.16,0.153,4.58,224217408.0,0.01,-2.9515,0.5896,
00125,新兴光学,463.0,0.285,0.285,0.0,74891812.0,,-1.6315,0.1253,
02583,西普尼,462.0,39.2,39.1,0.26,2305940000.0,0.24,13.8778,1.7731,
01865,鹏高控股集团,462.0,0.42,0.42,0.0,602507598.0,0.28,-17.2654,1.1057,
08219,恒伟集团控股,462.0,0.36,0.4,-10.0,89100000.0,0.11,33.75,4.0478,
01679,瑞斯康集团,462.0,1.305,1.2,8.75,372748190.0,0.01,-13.0982,-10.0345,
06675,SENASIC,461.0,21.68,22.78,-4.83,8279540402.0,0.02,-12.3877,5.2733,
00846,明发集团,461.0,0.086,0.09,-4.44,524036788.0,0.0,-0.3475,0.0323,
08406,中国口腔产业,460.0,0.083,0.082,1.22,170118271.0,0.02,-2.6292,1.259,
08545,佰悦集团,460.0,0.037,0.036,2.78,44115385.0,1.03,-36.0126,0.2283,
06093,和泓服务,459.0,0.68,0.68,0.0,380800000.0,,-5.6214,0.568,
00840,天业节水,459.0,0.172,0.172,0.0,89357708.0,,-2.036,0.2331,
02023,中国绿岛科技,459.0,0.79,0.77,2.6,388522000.0,0.0,5.945,0.5163,
01253,绿博生态,459.0,0.174,0.147,18.37,105116267.0,0.04,-0.5649,-3.1827,
08395,中显智能齐家控股,458.0,1.845,1.8,2.5,3277642500.0,0.04,-366.9961,24.4329,
02699,新明中国,458.0,5.55,5.5,0.91,145968929.0,7.32,-0.6666,-0.0372,
01941,烨星集团,457.0,0.7,0.705,-0.71,283717000.0,0.01,15.5293,1.0214,
01395,强泰环保,457.0,0.135,0.135,0.0,149485500.0,,9.2877,0.5339,
08462,中安控股集团,455.0,0.072,0.072,0.0,43200000.0,,-20.8853,0.307,
03626,启明东方控股,455.0,2.225,2.28,-2.41,409400000.0,0.01,142.897,16.3714,
01817,慕尚集团控股,453.0,0.38,0.455,-16.48,361000000.0,0.08,7.1219,0.3967,
01527,天洁环境,453.0,2.33,2.35,-0.85,314550000.0,,1.4334,0.235,
01591,汛和集团,452.0,0.128,0.128,0.0,68266667.0,,-4.7045,0.4761,
02112,恩典生命科技,452.0,0.038,0.036,5.56,57000000.0,0.0,-0.2652,-0.0376,
00092,冠军科技集团,452.0,0.117,0.117,0.0,128420937.0,,-1.0244,18.7066,
01142,能源及能量环球,452.0,0.032,0.018,77.78,457017633.0,5.8,-27.5827,0.3285,
00918,龙翼航空科技,452.0,1.52,1.295,17.37,1693385122.0,0.09,-305.61,6.4709,
00851,盛源控股,451.0,0.249,0.249,0.0,219610665.0,,-32.2625,1.9078,
00645,安域亚洲,451.0,0.181,0.181,0.0,92884748.0,,-16.012,3.0714,
01222,宏安集团,450.0,0.02,0.021,-4.76,270773939.0,0.0,-0.3366,0.0748,
00450,鸿兴印刷集团,448.0,0.625,0.65,-3.85,567415609.0,0.02,-6.2146,0.219,11.2
00936,佳兆业资本,447.0,0.275,0.28,-1.79,291500000.0,0.07,57.5859,6.894,
08491,COOL LINK,446.0,0.2,0.2,0.0,79721234.0,,-6.4896,0.6349,
00932,顺腾国际控股,446.0,0.03,0.031,-3.23,93236803.0,0.02,-3.509,0.8463,
00465,富通科技,446.0,3.275,3.2,2.34,1032316025.0,0.0,-13.1497,6.1127,
00725,恒都集团,445.0,0.94,0.94,0.0,187020520.0,0.0,6.1552,0.3935,6.38
08291,港娱国际,445.0,0.229,0.235,-2.55,48853333.0,0.14,43.2856,-0.6916,
02420,子不语,444.0,5.325,5.47,-2.65,2662500000.0,0.02,7.7686,2.7115,4.32
08307,密迪斯肌,444.0,0.132,0.136,-2.94,52369152.0,0.06,55.9499,10.0209,
08502,远航港口,444.0,0.33,0.33,0.0,264000000.0,,4.5477,0.3875,12.12
08093,瓦普思瑞元宇宙,444.0,2.21,2.21,0.0,109347264.0,,-3.6668,3.2422,
01557,剑虹集团控股,443.0,0.47,0.49,-4.08,225600000.0,0.01,1.6349,3.8836,
00747,沈阳公用发展股份,443.0,0.064,0.07,-8.57,94040064.0,0.01,-0.541,0.443,
00557,天元医疗,442.0,0.5,0.5,0.0,199489762.0,,-7.4578,1.2157,
00333,黛丽斯国际,441.0,0.199,0.228,-12.72,59909482.0,0.01,-0.6642,0.2251,
06822,科劲国际,441.0,0.38,0.38,0.0,266000000.0,0.02,-3.3122,0.6437,
02349,中国智能基础设施,441.0,0.102,0.102,0.0,319084411.0,,-3.0259,0.6119,
00488,丽新发展,439.0,0.645,0.645,0.0,937397095.0,,-0.239,0.042,
06058,兴证国际,439.0,0.53,0.535,-0.93,2120000000.0,0.0,10.5017,0.465,
02033,时计宝,439.0,0.228,0.218,4.59,469239504.0,0.0,-5.7329,0.2103,4.39
00046,科联系统,439.0,1.215,1.19,2.1,296866277.0,0.02,13.8664,0.5908,8.64
02882,金至尊集团,438.0,0.38,0.38,0.0,102475208.0,0.0,-0.6726,-0.1796,
08082,擎华控股,437.0,0.022,0.021,4.76,58801945.0,0.02,-1.6271,-1.2627,
01925,旷世芳香,437.0,1.245,1.245,0.0,504277290.0,,-64.8407,0.8325,4.02
01449,立德教育,437.0,1.985,1.945,2.06,1588000000.0,0.28,-19.0016,1.5191,
01412,隽思集团,436.0,1.045,1.045,0.0,555940000.0,,19.246,0.6191,5.74
06731,本末科技,436.0,28.7,27.7,3.61,10607177896.0,0.43,-7.5955,-21.7559,
01965,朗诗绿色生活,435.0,0.125,0.124,0.81,51345625.0,,1.6979,-1.7364,
00236,香港生力啤,433.0,1.02,1.025,-0.49,381041971.0,0.0,10.3505,0.5367,5.88
09608,宋都服务,433.0,0.052,0.053,-1.89,199680000.0,,15.2685,0.4287,
00919,现代健康科技,432.0,0.081,0.081,0.0,73263199.0,,-41.5796,0.3925,
02560,海螺材料科技,432.0,1.34,1.34,0.0,777057960.0,0.07,7.0115,0.5088,13.96
01939,上善黄金,431.0,0.705,0.72,-2.08,360875400.0,0.04,-16.5798,1.2573,
08416,HM INTL HLDGS,431.0,0.118,0.11,7.27,49726970.0,0.07,6.8035,0.5675,
01451,万成集团股份,430.0,1.425,1.415,0.71,291270000.0,0.06,87.0502,1.5398,10.53
01586,力鸿检验,430.0,1.315,1.33,-1.13,771422156.0,,17.8289,1.556,
08473,弥明生活百货,430.0,0.103,0.099,4.04,115360000.0,0.05,9.2584,1.5081,30.1
00229,利民实业,430.0,0.81,0.81,0.0,406073137.0,,121.1074,0.622,4.94
00620,大唐西市,430.0,0.24,0.24,0.0,192246055.0,,-3.0748,0.22,
06745,滨化股份,430.0,2.8,2.82,-0.71,6745094373.0,0.05,12.3315,0.4483,0.82
02223,卡撒天娇,427.0,0.495,0.475,4.21,127785240.0,0.0,-16.1958,0.3525,
08223,紫元元,426.0,0.12,0.118,1.69,61920000.0,0.17,-4.8979,0.1588,
01433,常达控股,423.0,0.081,0.081,0.0,161309070.0,,2.9379,0.6657,
03231,优地机器人,420.0,35.58,35.8,-0.61,14814388419.0,0.06,-93.1085,21.405,
01247,米格国际控股,418.0,0.97,0.95,2.11,216286720.0,0.05,-6.5128,1.3408,
00385,建联集团,417.0,0.24,0.241,-0.41,142775819.0,0.0,-2.3774,0.0708,4.17
00617,百利保控股,417.0,0.185,0.184,0.54,206198313.0,0.02,-0.2475,0.0229,
08125,荣记万通,417.0,0.55,0.55,0.0,119202970.0,0.0,-3.519,1.7042,
00262,迪臣发展国际,417.0,0.08,0.08,0.0,117345648.0,,-1.4259,0.0952,
01692,登辉控股,416.0,1.24,1.24,0.0,445160000.0,,8.6546,1.3084,9.03
00138,中建富通,416.0,0.315,0.315,0.0,50389777.0,,-0.2057,0.2191,
02209,喆丽控股,416.0,3.2,3.315,-3.47,1341393667.0,0.05,6.2808,1.834,3.13
08391,基石科技控股,415.0,0.305,0.305,0.0,320132577.0,0.07,-4.2244,-8.7458,
00974,中国顺客隆,415.0,0.735,0.735,0.0,213485895.0,,-10.6948,3.0882,
00131,卓能(集团),414.0,1.305,1.28,1.95,851743199.0,0.0,8.1996,0.1443,3.83
08029,中投金融科技集团,413.0,0.6,0.6,0.0,168048973.0,,-4.5741,-2.0637,
00483,包浩斯国际,412.0,0.177,0.177,0.0,65026260.0,,-21.4325,0.3761,
00183,宏辉集团,412.0,0.146,0.146,0.0,82769235.0,0.01,-0.9727,0.0665,
01673,华章科技,411.0,0.23,0.22,4.55,367110835.0,0.0,-14.9021,0.8159,
02325,云康集团,410.0,0.455,0.455,0.0,282668978.0,,4.2372,0.212,
82331,李宁-R,410.0,10.53,10.49,0.38,27218088819.0,,7.8596,0.9497,6.5
06959,长久股份,409.0,2.85,2.85,0.0,576156000.0,0.0,5.1637,0.9382,
01362,新龙移动,409.0,0.83,0.83,0.0,232400000.0,,22.299,1.3288,1.2
01669,环球信贷集团,408.0,1.46,1.445,1.04,584000000.0,0.02,12.6519,0.6193,7.88
02422,润歌互动,408.0,1.955,2.095,-6.68,3245300000.0,0.04,-60.8242,8.097,
01771,新丰泰集团,408.0,0.16,0.16,0.0,96000000.0,,-0.3625,0.0426,
06189,爱得威建设集团,407.0,0.072,0.072,0.0,17347006.0,,-0.2529,-0.022,
03893,易纬集团,407.0,1.3,1.305,-0.38,1371247563.0,0.0,-9.442,-99.9597,
00616,财富链,406.0,0.095,0.092,3.26,177395813.0,0.38,-2.3955,0.0627,
08203,凯顺控股,405.0,0.086,0.086,0.0,50173763.0,,-1.683,-0.5297,
08622,愉悦集团,405.0,0.176,0.178,-1.12,90723072.0,0.05,-15.6892,1.6055,
01064,中华国际,404.0,0.059,0.059,0.0,45348375.0,,-5.0584,0.1331,
00784,爱生命国际,404.0,0.57,0.57,0.0,456000000.0,,-40.0,10.0222,
00025,CHEVALIER INT'L,404.0,4.62,4.64,-0.43,1391860193.0,0.0,3.3304,0.1445,6.49
00499,青岛控股,403.0,0.17,0.17,0.0,169754071.0,,-3.3874,0.6758,
08490,骏码半导体,403.0,0.078,0.078,0.0,55029000.0,0.02,-2.8037,0.4044,
01921,达力普控股,403.0,3.125,3.12,0.16,4857362500.0,0.01,316.4588,2.6032,
02011,进腾集团,402.0,1.04,1.105,-5.88,597477712.0,0.0,22.9605,2.3422,
01977,安乐工程,402.0,0.915,0.915,0.0,1281000000.0,0.01,5.3765,0.5216,8.52
02167,天润云,401.0,4.53,4.53,0.0,785413212.0,,8.3284,1.1823,2.21
02288,宏基资本,401.0,0.153,0.153,0.0,57443391.0,,-0.4,0.1309,
08270,中国煤层气,401.0,0.36,0.36,0.0,140562241.0,0.01,3.7759,0.8389,
01418,盛诺集团,401.0,0.113,0.113,0.0,197750226.0,,4.3753,0.1861,4.42
01775,精英汇集团,399.0,0.33,0.325,1.54,175893960.0,0.0,-24.6488,3.5672,
02189,嘉涛(香港)控股,398.0,0.47,0.48,-2.08,470000000.0,0.0,13.7331,1.036,6.38
00456,新城市建设发展,398.0,0.48,0.48,0.0,102829865.0,,-0.3323,1.247,
08235,赛迪顾问,397.0,0.56,,,392000000.0,,6.4379,1.7348,
00266,天德地产,397.0,1.805,1.805,0.0,856890942.0,,-3.4906,0.2354,7.2
08162,港银控股,396.0,0.57,0.57,0.0,567312336.0,0.76,8.1482,2.3372,
08111,中国科技产业集团,396.0,0.074,0.074,0.0,34112275.0,,-1.6531,3.3163,
06872,丹诺医药-B,395.0,114.5,113.0,1.33,5991662027.0,0.06,-37.6425,7.9469,
01723,恒月控股,395.0,0.575,0.595,-3.36,412509600.0,0.04,-14.5475,1.2581,
08513,加和国际控股,394.0,0.375,0.37,1.35,30692076.0,0.02,-12.6026,3.2484,
00108,春雨医疗,392.0,2.45,2.49,-1.61,8137366266.0,0.03,-44.6309,3.8868,
02592,拨康视云-B,392.0,1.19,1.19,0.0,1100383856.0,,-1.1665,3.3392,
00097,恒基发展,390.0,0.127,0.13,-2.31,387010579.0,0.01,-8.0627,0.3901,
02425,澳亚集团,390.0,1.78,1.78,0.0,1745554074.0,,-5.8826,0.4403,
08026,朗华国际集团,390.0,0.41,0.41,0.0,63139401.0,,6.6807,0.1808,
08139,长安仁恒,389.0,1.2,1.2,0.0,46080000.0,,2.4053,0.3022,
01401,未来机器有限公司,389.0,0.27,0.265,1.89,405000000.0,0.03,5.6573,0.6181,
01120,雅视光学,387.0,0.54,0.55,-1.82,208582222.0,0.14,9.3296,0.3664,
08460,基地锦标集团,387.0,0.36,0.41,-12.2,95618886.0,0.32,-11.0504,1.6224,
01532,中国派对文化,387.0,0.144,0.146,-1.37,260245889.0,0.02,-5.7145,0.8688,
08189,泰达生物,387.0,0.25,0.25,0.0,533475000.0,0.01,-6.4858,20.6565,
02289,创美药业,387.0,5.495,5.495,0.0,593460000.0,,11.0401,0.8499,6.39
01130,中国环境资源,386.0,0.41,0.41,0.0,230776350.0,,-21.4836,0.5602,
00641,中国恒天立信国际,386.0,0.39,0.39,0.0,429084462.0,,-13.3888,0.4098,
00898,万事昌国际,385.0,0.91,0.91,0.0,760827538.0,0.01,-0.982,0.0986,6.59
02563,华昊中天医药-B,385.0,4.83,4.83,0.0,1881710040.0,0.0,-15.9704,2.2439,
02159,麦迪卫康,384.0,1.68,1.71,-1.75,565286400.0,0.0,14.6762,2.4071,
01592,基石控股,383.0,0.161,0.161,0.0,233092001.0,,-3.5282,89.0344,
03603,信基沙溪,383.0,0.084,0.086,-2.33,125407296.0,,0.5902,0.0819,
03991,长虹佳华,383.0,0.58,0.585,-0.85,843698160.0,0.04,3.3567,0.2257,
01346,利华控股集团,382.0,1.36,1.36,0.0,869176000.0,0.0,6.9966,1.5742,7.35
08427,万顺瑞强集团,382.0,3.145,3.325,-5.41,52105203.0,0.06,-13.6937,0.7261,
00583,长城环亚控股,382.0,0.172,0.172,0.0,269652243.0,,-0.4782,0.0877,
82318,中国平安-R,381.0,44.04,43.98,0.14,797460553460.0,0.0,4.3705,0.7757,7.25
00760,新天地产集团,380.0,0.118,0.118,0.0,60729506.0,,-0.311,0.041,
01655,OKURA控股,380.0,0.164,0.159,3.14,118079931.0,0.06,1.4238,0.218,
02551,晶科电子股份,378.0,1.405,1.44,-2.43,754691126.0,0.0,-90.6253,0.5253,3.35
02286,辰兴发展,377.0,0.28,0.28,0.0,167999997.0,0.01,-0.5269,0.214,
02691,南华期货股份,376.0,5.865,5.815,0.86,4464094563.0,0.02,6.06,0.658,1.42
08216,丰城控股,375.0,1.43,,,572000000.0,,14.1483,5.5959,
82020,安踏体育-R,375.0,61.0,61.0,0.0,170595851300.0,,9.279,2.3802,4.25
01473,环联连讯,375.0,1.545,1.55,-0.32,1826871792.0,0.07,43.9659,5.8936,0.97
01671,天保能源,375.0,0.805,0.765,5.23,128736330.0,0.07,14.1157,0.3384,3.73
01215,开源控股,373.0,0.022,0.021,4.76,281135356.0,0.03,-9.3119,0.1502,
00923,综合环保集团,373.0,0.013,0.013,0.0,62699117.0,0.13,-0.3701,1.1496,
08402,高原之宝,373.0,0.101,0.126,-19.84,48481010.0,,-6.8746,1.6703,
02041,麦科田,373.0,7.06,7.09,-0.42,3802704403.0,0.03,336.2173,1.348,
01561,联洋智能控股,373.0,0.113,0.123,-8.13,120396313.0,2.91,-4.108,-1.6647,
01701,途屹控股,372.0,0.067,0.066,1.52,67000000.0,0.0,4.7425,0.3588,
09677,威海银行,372.0,3.03,3.03,0.0,20813641194.0,,7.7853,0.5209,3.86
02231,景业名邦集团,371.0,0.016,0.016,0.0,26338768.0,0.2,-0.049,-0.0289,
08147,云晶数智,370.0,1.02,1.03,-0.97,211374189.0,,-17.3258,10.8258,
00542,中国文旅农业,369.0,0.81,0.83,-2.41,1240053954.0,,10.5645,22.0642,
00613,梧桐国际,369.0,5.075,5.06,0.3,5834388541.0,0.01,6.9367,1.4135,
01125,丽丰控股,368.0,0.69,0.75,-8.0,228413076.0,0.0,-0.3572,0.0188,
01231,新矿资源,368.0,0.32,0.32,0.0,1280000000.0,,-21.4474,7.7174,
08321,泰锦控股,368.0,1.265,1.26,0.4,678546000.0,,27.5306,4.9372,
00537,普源精电,368.0,23.9,24.0,-0.42,5226371146.0,0.03,43.1996,1.1016,
00174,盛洋投资,367.0,0.192,0.196,-2.04,140333856.0,0.02,-0.2739,0.0373,
08487,ISP GLOBAL,367.0,0.09,0.09,0.0,94196520.0,0.22,-4.9491,1.5926,
02553,首钢朗泽,366.0,11.87,12.45,-4.66,4748000000.0,0.09,-23.2562,4.1972,
00329,东建国际,366.0,0.157,0.158,-0.63,235460737.0,0.06,-9.1934,0.9417,
01843,快餐帝国,366.0,0.35,0.35,0.0,280000000.0,0.03,-24.368,2.0326,
02187,智欣集团控股,363.0,0.48,0.485,-1.03,430848000.0,0.01,-21.2865,0.9288,
01455,科利实业控股,362.0,0.32,0.305,4.92,409140000.0,0.06,11.1836,0.9049,4.69
01662,义合控股,362.0,0.6,0.61,-1.64,309000000.0,0.01,10.299,0.65,25.0
02697,真健康医疗-B,360.0,280.0,284.6,-1.62,9981160840.0,0.21,-92.441,15.9705,
08366,浙江联合投资,359.0,0.032,0.033,-3.03,50470400.0,0.01,-9.6557,-1.8711,
02177,优趣汇控股,359.0,2.26,2.26,0.0,374922022.0,0.0,9.2325,0.4807,11.06
01645,海纳智能,359.0,2.88,2.9,-0.69,1624250880.0,0.61,78.7009,4.7988,
01726,HKE HOLDINGS,358.0,0.26,0.26,0.0,296854134.0,0.02,-4.0199,3.5561,
01779,天辰生物-B,358.0,98.05,101.5,-3.4,7483381905.0,0.02,-30.1731,5.7615,
08073,水发兴业新材料,357.0,0.285,0.285,0.0,148200000.0,0.01,5.5762,0.6508,
08160,GOLDWAY EDU,357.0,0.565,0.565,0.0,121357446.0,,-8.0178,2.7908,
00211,大凌集团,357.0,0.26,0.26,0.0,190592101.0,0.0,-5.4545,0.7799,
00544,大同集团,357.0,1.045,0.995,5.03,129256525.0,0.04,-1.8539,-1.6412,
02113,世纪集团国际,356.0,0.74,0.665,11.28,35730900.0,2.32,-15.8733,1.392,
01961,多牛科技,356.0,0.099,0.099,0.0,72695816.0,,-1.1245,0.5375,
00094,绿心集团,355.0,0.058,0.057,1.75,161384222.0,0.1,9.4576,0.2904,17.24
01241,双桦控股,354.0,0.172,0.168,2.38,111800000.0,0.01,-3.0892,0.4284,
02933,煜荣集团股权,354.0,0.126,0.089,41.57,229824000.0,2.91,-52.1971,2.0336,
01549,永丰集团控股,354.0,0.076,0.076,0.0,117800000.0,,149.1139,0.5453,
08310,盐城港,354.0,0.175,0.19,-7.89,225400000.0,0.0,2748.7805,-0.4279,
08040,快意智能,353.0,0.51,0.51,0.0,173400000.0,,-27.0726,4.9047,
00675,坚宝国际,352.0,0.37,0.37,0.0,98791776.0,,-22.5243,0.4131,5.41
00186,敏捷控股,351.0,0.32,0.385,-16.88,1757514524.0,0.0,28.8117,4.565,
00910,中国三迪,350.0,0.012,0.012,0.0,305292.0,,-0.0005,-0.0008,
08280,中国数字视频,349.0,0.056,0.056,0.0,35298592.0,,-0.8697,-0.4187,
00193,冠中地产,347.0,0.193,0.193,0.0,45008094.0,,-10.2198,0.0543,
08379,盈证国际,347.0,0.098,0.102,-3.92,78400000.0,0.01,-5.2176,14.6296,
01640,千循科技,346.0,0.45,0.45,0.0,269653846.0,,-1.2668,2.0936,
00865,建德国际控股,346.0,0.051,0.051,0.0,297737474.0,,-3.7107,0.3829,
01953,赛孚迅国际,346.0,1.195,1.19,0.42,1505700000.0,0.05,66.2811,6.1778,2.26
08066,品创控股,345.0,0.29,0.27,7.41,192501058.0,0.02,-4.9639,1.9019,
08057,麦迪森控股,345.0,0.198,0.198,0.0,30844797.0,,-1.7576,-0.8465,
01013,伟俊集团控股,344.0,0.445,0.445,0.0,118988341.0,0.0,-2.7987,-0.4857,
00854,威雅利,344.0,5.345,5.19,2.99,550476467.0,0.0,6.0029,0.9516,
02680,南强控股,343.0,5.75,5.99,-4.01,345000000.0,0.01,29.4695,1.7373,
08480,飞霓控股,343.0,0.138,0.13,6.15,127418381.0,0.01,3.457,0.3205,10.87
00685,世界华文媒体,343.0,0.18,0.18,0.0,291873859.0,0.0,-2.0487,0.3226,
00110,中国长远,342.0,0.395,0.395,0.0,110029576.0,0.06,-7.5565,-5.2323,
01847,云南建投混凝土,342.0,0.38,0.4,-5.0,169583360.0,0.09,-0.8456,0.158,
08161,医汇集团,341.0,0.46,0.46,0.0,19136000.0,,-5.9025,2.2854,
02310,时代环球集团,341.0,0.181,0.18,0.56,197810772.0,,128.951,-5.2559,
06877,TE HEALTHCARE,341.0,0.092,0.092,0.0,187062680.0,,-52.9923,0.7704,
08028,天时资源,341.0,0.19,0.18,5.56,96127131.0,0.02,8.7261,1.3728,
01425,捷隆控股,340.0,0.56,0.565,-0.88,700000000.0,0.16,4.1417,0.7193,8.57
06922,康沣生物-B,340.0,3.02,3.02,0.0,739009100.0,0.03,-21.8513,9.7524,
03638,亨利加集团,339.0,2.5,2.5,0.0,192371938.0,,6.8299,0.8933,
00158,万邦投资,339.0,58.35,58.0,0.6,1458750000.0,0.02,-3.0462,0.2292,5.48
01146,汇成国际控股,339.0,0.05,0.05,0.0,177272500.0,,-2.6264,0.181,20.0
01123,中港照相,339.0,0.135,0.135,0.0,160017977.0,,21.1217,0.2339,2.22
01232,金轮天地控股,338.0,0.415,0.405,2.47,87324929.0,0.04,0.0587,0.0468,
06696,多想云,338.0,2.94,2.94,0.0,1975680000.0,,-7.2786,2.6144,
02330,中国上城,337.0,0.203,0.214,-5.14,91927687.0,0.02,-1.6399,0.7659,
02205,康桥悦生活,337.0,0.35,0.335,4.48,245000000.0,,-5.5323,0.2979,
08337,直通电讯,336.0,0.113,0.118,-4.24,27670875.0,0.01,-2.3606,1.467,
00084,宝光实业,336.0,0.068,0.068,0.0,70510494.0,0.0,-1.4931,0.0777,
01593,辰林教育,334.0,1.065,1.09,-2.29,1057310700.0,0.06,-2.1925,2.2496,
00306,冠忠巴士集团,334.0,2.5,2.495,0.2,1191942105.0,0.0,4.9203,0.5207,8.0
02621,手回集团,333.0,2.92,2.92,0.0,661025512.0,,2.7788,0.4256,7.19
01937,佳辰控股,333.0,0.144,0.139,3.6,144000000.0,0.02,17.2713,0.3792,
02458,望尘科技控股,333.0,6.4,6.365,0.55,913344819.0,0.01,4.2949,1.405,
01581,进昇集团控股,333.0,0.295,0.31,-4.84,122425000.0,0.05,6.0051,0.3935,
06080,荣智控股,332.0,0.118,0.12,-1.67,132201300.0,0.07,-6.9223,1.0051,
01452,迪诺斯环保,332.0,0.188,0.188,0.0,144891171.0,,-8.3697,0.9996,
00287,永发置业,331.0,4.37,4.37,0.0,174800000.0,,-29.8395,0.1735,3.2
01301,德基科技控股,331.0,0.3,0.305,-1.64,188095200.0,0.01,-17.1447,0.3,
08237,华星控股,330.0,0.67,0.89,-24.72,134686080.0,0.01,0.6118,1.4093,
01156,CHINANEWENERGY,329.0,0.29,0.285,1.75,205236096.0,0.04,-8.1823,-78.9274,
01927,久久王,329.0,0.345,0.335,2.99,273240000.0,0.02,-36.5266,0.5975,
01627,安保工程控股,329.0,0.37,0.37,0.0,740000000.0,,2.5731,0.3847,8.11
01187,可孚医疗,329.0,28.04,28.24,-0.71,6614551880.0,0.01,14.2559,1.029,2.5
01443,富临集团控股,329.0,0.129,0.137,-5.84,167700000.0,0.89,-4.4973,1.8514,
01711,欧化,328.0,0.153,0.153,0.0,122400000.0,,-71.0801,5.571,
02571,赛目科技,328.0,16.3,16.3,0.0,2173334420.0,0.03,384.2257,2.2285,
07656,瑞为技术,327.0,16.85,16.58,1.63,5144185449.0,0.07,-70.0176,7.6485,
08419,AV策划推广,327.0,0.072,0.072,0.0,28800000.0,,-5.0553,0.5587,
01746,万顺集团控股,326.0,0.52,0.49,6.12,520000000.0,0.15,-226.7771,4.4358,
00776,帝国科技集团,326.0,0.26,0.23,13.04,174677763.0,0.32,-2.7327,-1.9728,
01420,川控股,325.0,0.25,0.235,6.38,335662800.0,0.0,1.5452,0.3779,
01993,雅仕维,325.0,0.435,0.49,-11.22,210936171.0,0.0,20.6118,2.2839,
01901,飞扬集团,325.0,0.14,0.14,0.0,139776000.0,0.0,-3.2392,2.7017,
00599,怡邦行控股,325.0,0.124,0.114,8.77,89136029.0,0.03,-4.3009,0.2056,
02531,广联科技控股,324.0,2.8,2.83,-1.06,1026480000.0,0.0,-21.455,1.4315,
01460,扬科集团,324.0,0.25,0.25,0.0,219397578.0,,7.6148,0.3644,
09908,嘉兴燃气,323.0,7.7,7.7,0.0,1061402650.0,,6.5281,0.7267,5.62
02335,麦科医药-B,323.0,21.86,22.7,-3.7,7251844051.0,0.06,-17.4182,6.663,
03616,恒达集团控股,323.0,0.23,0.2,15.0,276000000.0,0.0,-1.1021,0.1811,
02337,众诚能源,323.0,1.405,1.41,-0.35,526175310.0,0.04,-284.6716,0.9462,
01335,顺泰控股,323.0,0.098,0.098,0.0,238545344.0,,-2.8556,0.3843,
00202,润中国际控股,323.0,0.069,0.067,2.99,503311486.0,0.0,-7.5114,0.5297,
01948,优矩控股,322.0,3.55,3.6,-1.39,2130000000.0,0.0,11.8269,1.146,1.41
02496,友芝友生物-B,322.0,3.19,3.19,0.0,618378948.0,,-16.6744,-9.1725,
06802,欢创科技,322.0,118.7,119.0,-0.25,11463290949.0,0.11,550.0104,10.6115,
00375,YGM 贸易,321.0,1.11,1.05,5.71,184108809.0,0.05,-4.8994,0.4998,9.01
09906,宏力医疗管理,321.0,1.56,1.56,0.0,936000000.0,,86.2471,1.5382,
06898,中国铝罐,319.0,0.7,0.76,-7.89,658980700.0,0.0,26.8818,2.4256,0.57
00660,玮俊生物科技,319.0,0.43,0.43,0.0,165253208.0,,-23.9463,-2.5917,
01740,新石文化,319.0,0.175,0.175,0.0,181562500.0,0.02,-10.4528,2.8059,
00396,兴利(香港)控股,319.0,0.265,0.25,6.0,214145447.0,0.03,-61.9993,6.713,5.66
08232,一木集团,319.0,0.6,0.655,-8.4,33450000.0,1.56,-4.767,13.423,
06838,盈利时,318.0,0.435,0.45,-3.33,261000000.0,0.02,-2.8052,0.2858,
01001,沪港联合,318.0,0.355,0.355,0.0,225960452.0,,2.1143,0.1947,9.58
00674,中国唐商,318.0,0.046,0.044,4.55,157709462.0,0.0,-2.0446,0.3015,
01553,迈科管业,318.0,1.59,1.59,0.0,689742000.0,0.0,6.2405,0.4768,
08436,德宝集团控股,318.0,0.29,0.3,-3.33,116000000.0,0.06,14.1532,0.4454,
02130,嘉泓物流,318.0,3.1,3.1,0.0,931515900.0,,36.0285,1.6443,0.65
08096,赏之味,317.0,0.117,0.115,1.74,56306250.0,0.01,-7.2738,1.5086,
08059,朝威控股,317.0,0.025,0.025,0.0,1263256.0,,-0.1214,-0.03,
02663,应力控股,317.0,0.355,0.365,-2.74,197710150.0,0.03,15.4909,0.763,
00224,建生国际,317.0,0.6,0.59,1.69,692423194.0,0.02,13.2422,0.0936,3.33
08067,东方大学城控股,317.0,0.52,0.52,0.0,93600000.0,0.12,7.3748,0.0736,
00380,中国管业,317.0,0.125,0.117,6.84,166533250.0,0.0,3.2121,0.1846,
02667,同仁堂医养,317.0,2.145,2.185,-1.83,998201595.0,0.02,35.7288,0.8074,
04333,思科-T,316.0,750.0,750.0,0.0,4430352000000.0,,,,
00244,先施,316.0,0.33,0.325,1.54,433607645.0,0.0,-7.3264,-12.206,
08290,亚势备份,315.0,0.037,0.037,0.0,74000000.0,,285.7143,1.3515,
08176,超人智能,314.0,0.035,0.029,20.69,25042525.0,2.25,-2.7114,-0.3108,
08428,汉诺佳池,314.0,0.68,0.68,0.0,76140628.0,,-7.6708,-6.2631,
01447,新福港,314.0,0.53,0.53,0.0,212000000.0,,9.0109,0.5597,3.77
01663,汉港控股,313.0,0.056,0.053,5.66,137984000.0,0.0,-0.9598,0.0748,
08118,中资国际控股,313.0,0.098,0.098,0.0,49000000.0,0.01,-11.2179,4.6627,
08245,烽翼集团,312.0,0.16,0.164,-2.44,55590604.0,0.05,-7.4259,38.1542,
01376,RAFFLESINTERIOR,312.0,0.096,0.096,0.0,96000000.0,,-21.3307,1.3314,
01936,利特米,312.0,2.365,2.55,-7.25,1103892130.0,0.62,47.5102,3.8086,
08117,中国基础能源,312.0,0.066,0.066,0.0,67583171.0,,-2.4814,0.334,
01949,佰达国际控股,312.0,0.59,0.59,0.0,135936000.0,,-8.2777,1.5115,
08367,倩碧控股,311.0,0.194,0.194,0.0,18750097.0,,-0.614,-2.2213,
09958,力天影业,311.0,0.135,0.135,0.0,67500000.0,0.23,-1.1665,-0.1078,
01796,中国数智科技,311.0,0.31,0.285,8.77,148800000.0,0.1,-11.4242,2.342,
01957,大人国际,310.0,0.265,0.275,-3.64,166420000.0,0.03,81.1462,0.3861,
08206,神通机器人教育,310.0,0.038,0.038,0.0,72036487.0,,10.639,-1.2113,
02290,龙丰集团,309.0,4.28,4.415,-3.06,2140000000.0,0.38,7.9524,3.0853,
08222,壹照明,309.0,0.064,0.064,0.0,28866286.0,,8.8357,3.9597,
02250,小黄鸭德盈,309.0,0.31,0.3,3.33,312590050.0,0.02,-3.2418,3.3153,
02436,凌雄科技,309.0,17.3,17.12,1.05,5929367400.0,0.22,178.4577,7.1701,
82333,长城汽车-R,309.0,6.095,6.04,0.91,52148007835.0,0.0,7.5732,0.5967,6.76
08401,华夏水务集团,309.0,0.034,0.033,3.03,27649161.0,1.23,-1.5573,1.0655,
08437,德斯控股,308.0,0.25,0.25,0.0,16650000.0,,-0.5714,-0.1443,
08373,靛蓝星,308.0,0.9,0.915,-1.64,47025000.0,0.04,2.0861,0.3297,
01172,融太集团,307.0,0.022,0.021,4.76,127142327.0,0.01,2.5465,1.356,
09929,澳达控股,307.0,1.4,1.39,0.72,2800000000.0,0.01,-38.6287,18.9083,
01855,中庆股份,307.0,0.149,0.151,-1.32,122925000.0,0.01,-4.8285,0.1573,
08268,智城发展控股,307.0,0.131,0.123,6.5,37728000.0,1.8,-1.6872,0.4228,
02505,EDA集团控股,307.0,0.67,0.66,1.52,310421553.0,0.03,-3.7218,0.5609,
06133,维太创科,306.0,0.27,0.27,0.0,229500000.0,,-12.9697,0.4349,
08282,智傲控股,306.0,0.63,0.63,0.0,35910000.0,,8.1521,0.8817,
08516,中盈国际,305.0,1.465,1.52,-3.62,84308406.0,,-13.9445,2.9541,
01547,IBI GROUP HLDGS,304.0,0.237,0.24,-1.25,189600000.0,0.05,13.9792,1.0401,2.11
01782,国际商业数字技术,304.0,2.185,2.18,0.23,1748000000.0,0.0,-24.2662,7.7818,
00684,亚伦国际,304.0,0.45,0.45,0.0,149874534.0,,-3.9683,0.2162,
01543,中盈盛达融资担保,304.0,0.189,0.189,0.0,294989818.0,,-58.1692,0.1267,
01870,绿色电能集团,303.0,0.163,0.169,-3.55,165798710.0,0.1,-3.8627,1.3963,
01741,成志控股,303.0,0.145,0.145,0.0,116000000.0,,-9.1605,7.6949,
08430,春能控股,302.0,0.068,0.068,0.0,11344794.0,,-0.4524,0.2067,
00105,凯联国际酒店,301.0,5.01,5.01,0.0,1803600000.0,,-3.8016,0.2752,6.59
01955,庄臣控股,301.0,0.645,0.6,7.5,322500000.0,0.02,157.7789,0.5332,0.16
01629,冠均国际控股,300.0,0.2,0.205,-2.44,109218507.0,0.0,-3.7812,0.4274,
01389,美捷汇控股,300.0,0.52,0.52,0.0,288253333.0,,-155.5604,2.6749,
08320,沛然环保,299.0,0.082,0.079,3.8,60121580.0,0.18,54.458,0.9155,
08619,NIU HOLDINGS,299.0,0.066,0.071,-7.04,28619910.0,0.1,-0.2061,0.3099,
01486,思城控股,299.0,0.38,0.38,0.0,164308645.0,,-4.3693,0.3785,
08645,比特元宇宙,298.0,0.126,0.13,-3.08,95319504.0,0.07,-4.4242,1.5649,
08249,瑞远智控,298.0,0.13,0.132,-1.52,65000000.0,0.82,-51.6719,-1.0542,
01348,滉达富控股,298.0,0.167,0.162,3.09,246196744.0,0.0,-9.838,18.6329,
08106,芯化兰德,297.0,0.27,0.27,0.0,150881716.0,,23.4663,1.9524,
08186,浩盟控股,296.0,0.95,0.96,-1.04,108175208.0,0.01,59.4696,4.4651,
06939,美佳音控股,296.0,1.11,1.15,-3.48,690975000.0,0.03,-7.0248,2.0046,
03928,中国新零售供应链,295.0,26.86,27.06,-0.74,13322560000.0,0.08,-320.6424,50.498,
02215,德信服务集团,295.0,0.235,0.245,-4.08,215702035.0,0.0,-0.8767,0.463,
08331,倍搏集团,295.0,0.2,0.202,-0.99,31822880.0,0.03,-1.9324,0.262,
08031,易通讯集团,295.0,0.25,0.265,-5.66,88686250.0,0.0,-5.3736,1.4194,
08188,骏杰集团控股,294.0,1.09,1.12,-2.68,519589920.0,0.11,7.2483,2.2689,7.34
04336,应用材料-T,294.0,1620.0,1620.0,0.0,2173489200000.0,,,,
01010,天玺曜11,293.0,0.045,0.048,-6.25,19993238.0,0.1,-0.3041,-0.1093,
02361,中康科技控股,293.0,4.095,4.1,-0.12,1849998150.0,,23.1382,2.2046,1.73
00118,大同机械,292.0,0.185,0.195,-5.13,159457178.0,0.02,10.242,0.123,
08422,WT集团,292.0,0.086,0.086,0.0,30960000.0,,-152.5123,0.5338,
01853,春城热力,292.0,1.21,1.195,1.26,564707000.0,0.0,5.859,0.412,2.89
08646,中国宏光,291.0,0.3,0.295,1.69,234897000.0,0.15,4.6878,0.4217,
02017,沧海控股,291.0,0.8,0.85,-5.88,494801600.0,0.02,73.7908,0.4218,
08606,倢冠控股,290.0,0.051,0.051,0.0,73738350.0,,22.5018,0.9156,
01429,天任集团,290.0,0.194,0.195,-0.51,372480000.0,0.07,-2.6622,2.4938,
06132,华健未来-B,290.0,38.36,36.9,3.96,2823280848.0,0.11,-15.927,2.0286,
00352,富阳,289.0,0.36,0.36,0.0,88626020.0,,6.7264,5.2099,
02539,乐摩科技,288.0,8.38,8.37,0.12,465555928.0,,4.5245,0.7923,7.06
00768,开明投资,288.0,0.045,0.045,0.0,57227949.0,,6.061,0.5587,
01483,网誉科技,288.0,1.205,1.2,0.42,987437250.0,0.0,-6.7947,8.2262,
08370,智昇集团控股,287.0,7.4,7.485,-1.14,1379275115.0,0.02,-62.5042,8.3087,
01408,濠江机电,287.0,0.455,0.455,0.0,227500000.0,0.02,188.53,1.1547,0.44
00804,鼎石资本,287.0,16.0,16.25,-1.54,1100800208.0,0.1,-101.6061,4.5931,
09938,华和控股,286.0,0.243,0.24,1.25,243000000.0,0.0,-48.3775,1.2001,
80992,联想集团-R,286.0,30.08,30.22,-0.46,373436189495.0,0.0,59.7645,8.3631,1.4
08107,细叶榕科技,286.0,0.079,0.079,0.0,108478455.0,,-3.0002,-2.8254,
02569,舒宝国际,286.0,1.495,1.445,3.46,1495000000.0,0.03,22.2363,2.4241,
01849,秀商时代控股,285.0,0.05,0.05,0.0,40000000.0,,-2.7187,2.7327,
08300,今米房集团,285.0,0.037,0.034,8.82,97804320.0,0.03,-21.7536,-5.7092,
06162,天瑞汽车内饰,285.0,0.035,0.034,2.94,84000000.0,0.84,14.8654,0.2485,
00248,香港通讯国际控股,284.0,0.215,0.232,-7.33,50202416.0,0.12,-1.3095,0.2521,
08036,电子交易集团,283.0,0.051,0.051,0.0,62730000.0,,-8.7477,1.1199,
00213,乐声电子,283.0,0.36,0.36,0.0,328345546.0,,7.9522,0.1237,3.33
01472,生兴控股,282.0,0.095,0.094,1.06,95000000.0,0.0,-8.1552,0.3365,
02078,荣阳实业,282.0,0.133,0.133,0.0,159600000.0,,-1.8356,0.2432,
08483,名仕快相,281.0,0.355,0.355,0.0,284000000.0,0.08,-42.2934,24.8165,
02529,泓盈城市服务,281.0,2.55,2.55,0.0,408000000.0,0.01,4.747,0.8582,11.02
08163,声扬集团,280.0,0.035,0.038,-7.89,35883946.0,0.02,-2.4043,1.4257,
06918,九泰数智,279.0,0.138,0.138,0.0,120665378.0,0.08,-0.8044,0.5822,
02025,瑞丰动力,278.0,12.58,12.59,-0.08,10064000000.0,0.04,402.0352,8.7856,0.24
01738,飞尚无烟煤,278.0,0.057,0.057,0.0,78691111.0,,-0.1129,-0.029,
01780,荣尊国际控股,278.0,6.03,6.055,-0.41,3738600000.0,1.83,-109.7426,35.3753,
06727,星环科技,278.0,32.36,32.62,-0.8,4373347730.0,0.27,-17.7289,2.8183,
01596,翼辰实业,277.0,0.325,0.325,0.0,291798000.0,0.0,1.0428,0.0956,4.0
01737,亚洲实业集团,276.0,0.194,0.202,-3.96,194000000.0,0.05,-9.0586,1.1904,
08445,怡康泰工程集团,275.0,0.255,0.255,0.0,84572280.0,,-8.5773,1.0886,
02490,乐舱控股,275.0,4.11,4.3,-4.42,2526383758.0,0.09,11.7255,1.3765,5.67
02165,领悦服务集团,275.0,2.0,2.03,-1.48,571370000.0,0.01,7.591,0.6792,
08621,METROPOLIS CAP,275.0,0.049,0.046,6.52,47040000.0,0.02,-2.3976,0.2799,
02258,华滋国际海洋,275.0,0.365,0.365,0.0,301271000.0,,8.5004,0.362,3.01
00356,鼎立资本,275.0,0.385,0.44,-12.5,77538486.0,0.01,-151.7387,1.0493,
00339,全球数字控股,274.0,0.69,0.68,1.47,298080000.0,0.02,-46.0853,41.7421,
00701,北海集团,273.0,0.093,0.093,0.0,177042769.0,,-5.169,0.1476,
86618,京东健康-R,273.0,30.06,29.96,0.33,95905859191.0,,13.4882,1.5606,
08482,万励达,273.0,0.12,0.13,-7.69,26953128.0,0.09,-1.8868,0.9019,
02385,读书郎,272.0,4.695,4.585,2.4,1652640000.0,0.08,-13.8988,8.5314,
01084,绿新生物科技,272.0,0.64,0.645,-0.78,559436800.0,0.0,29.526,0.5852,1.88
01842,植华集团,272.0,0.034,0.036,-5.56,48960000.0,0.04,-1.7747,0.4689,
09933,GHW INTL,272.0,1.65,1.65,0.0,1665675000.0,,41.2185,2.3059,
03683,荣丰亿控股,270.0,0.032,0.032,0.0,30483632.0,,-0.6431,1.183,
01962,训修实业,269.0,0.48,0.47,2.13,295745280.0,0.0,6.9766,0.3771,12.92
02546,智汇矿业,268.0,20.98,20.2,3.86,10233491366.0,0.1,40.5807,5.2211,0.14
08196,福田股份,268.0,0.805,0.785,2.55,51193054.0,0.72,-2.9962,0.5524,
02581,明基医院,268.0,2.8,2.46,13.82,873446003.0,0.05,11.4381,0.3363,
01695,椰丰集团,268.0,0.08,0.08,0.0,86400000.0,,-12.6068,0.3626,
01343,伟源控股,267.0,0.127,0.125,1.6,135128000.0,0.01,2.7888,0.3512,
01587,欣融国际,267.0,0.47,0.47,0.0,319600000.0,,-29.7672,0.576,3.19
09607,彤程新材,266.0,39.98,40.5,-1.28,27353849673.0,0.24,39.5693,3.4662,
02409,洲际船务,266.0,7.005,6.45,8.6,3502500000.0,0.11,10.0463,1.5408,
08069,飞道旅游科技,265.0,0.38,0.38,0.0,15517566.0,0.01,-1.3579,0.3298,
08308,古兜控股,265.0,0.022,0.023,-4.35,30553617.0,0.13,-0.4633,0.1905,
01026,环球实业科技,265.0,0.138,0.135,2.22,760794000.0,0.01,-4.7807,1.6029,
08309,万成环球控股,264.0,0.066,0.066,0.0,39600000.0,,-3.765,0.3263,
08418,傲迪玛汽车,264.0,0.575,0.565,1.77,488750000.0,0.01,133.4479,11.8864,
02632,泽景股份,263.0,60.6,60.6,0.0,7477753120.0,,-7.8195,6.9007,
08191,鸿伟亚洲,263.0,0.098,0.099,-1.01,34695962.0,0.69,-0.548,0.2711,
01160,金石资本集团,263.0,0.32,0.395,-18.99,75926800.0,0.04,-12.1717,138.8059,
01742,HPC HOLDINGS,262.0,0.129,0.131,-1.53,206400000.0,0.03,2.3318,0.2778,
01223,新沣集团,262.0,1.275,1.28,-0.39,3792137172.0,0.18,-128.0998,1.5731,0.39
01582,华营建筑,261.0,0.515,0.55,-6.36,257500000.0,0.14,19.5877,0.3569,
02651,大众口腔,261.0,28.36,27.92,1.58,1721305946.0,0.16,55.8944,4.7902,2.15
08213,荣晖控股,261.0,0.161,0.185,-12.97,89364272.0,0.03,-3.4276,-0.5685,
06119,天源集团,260.0,0.44,0.44,0.0,264000000.0,,18.1932,0.8188,
01715,智慧健康科技,259.0,0.365,0.365,0.0,131677356.0,0.22,-2.6614,2.959,
01863,中国龙天集团,259.0,1.37,1.37,0.0,1168079084.0,,21.3028,1.2411,
08635,大象控股集团,259.0,0.247,0.244,1.23,134121000.0,0.02,23.1044,1.179,
02265,鸿承环保科技,258.0,1.115,1.105,0.9,1115000000.0,0.05,7.9297,1.3977,
08070,侨洋国际控股,258.0,1.035,1.065,-2.82,207000000.0,0.16,3.7539,1.2942,
00099,王氏国际,258.0,1.325,1.325,0.0,633991027.0,,14.4902,0.178,3.4
02031,澳至尊,257.0,0.49,0.48,2.08,373380000.0,0.0,9.9965,1.7477,6.12
01943,金石控股集团,257.0,1.155,1.17,-1.28,1355300100.0,0.16,-92.6384,7.0181,
02455,润华服务,257.0,0.72,0.75,-4.0,216000000.0,0.05,2.7079,0.4467,6.94
08611,九福来,256.0,0.715,0.715,0.0,426150150.0,0.94,-30.5842,11.264,
08375,数盟资本,256.0,0.8,0.8,0.0,276480000.0,,-17.3538,2.6546,
06928,万马控股,256.0,0.275,0.222,23.87,210375000.0,0.64,-13.0089,2.2732,
01637,顺兴集团控股,256.0,0.63,0.65,-3.08,252000000.0,0.01,42.0631,1.144,7.94
08218,毅高国际控股,255.0,0.13,0.13,0.0,86635007.0,,-5.571,2.7886,
01757,环球华商俱乐部,255.0,5.145,5.145,0.0,6174000000.0,,559.4418,60.9669,
06829,龙昇集团控股,254.0,3.85,3.78,1.85,1108800000.0,0.54,70.8317,3.3072,
00720,意达利控股,253.0,0.25,0.255,-1.96,1535628848.0,0.01,50.5341,5.013,
01134,恒发光学,252.0,0.228,0.228,0.0,114000000.0,,-5.0998,0.8036,
01920,巨美集团,252.0,0.345,0.345,0.0,202722000.0,0.19,-6.702,2.3158,
08277,骏东控股,252.0,0.09,0.09,0.0,23622600.0,,-4.9795,-40.519,
06915,江西生物,252.0,10.74,10.29,4.37,3311972406.0,0.34,40.5111,3.4138,
00436,新宇环保,251.0,0.058,0.058,0.0,176070427.0,,-16.5247,0.1954,3.45
00905,胡桃资本,251.0,0.143,0.144,-0.69,150221627.0,0.12,-0.7928,1.6874,
03348,中国鹏飞集团,251.0,1.13,1.24,-8.87,565000000.0,0.01,4.7973,0.4769,6.28
02110,天成控股,251.0,0.705,0.705,0.0,30456000.0,0.02,-1.8318,0.7374,
01894,恒益控股,250.0,0.515,0.515,0.0,120178855.0,0.09,-4.1582,0.6084,
01850,美好生活集团控股,250.0,0.385,0.39,-1.28,66528000.0,0.04,-4.023,0.1914,
08527,聚利宝控股,249.0,0.525,0.535,-1.87,262500000.0,1.04,-24.9184,-5.1492,
02271,众安智慧生活,249.0,3.85,3.78,1.85,2090026400.0,0.1,63.768,5.1227,0.44
03395,吉星新能源,248.0,0.202,0.205,-1.46,175597105.0,,-1.7941,-1.0664,
01552,BHCC HOLDING,248.0,0.285,0.27,5.56,228000000.0,0.06,3.8606,0.5945,
01440,应星控股,248.0,20.0,19.96,0.2,25195400000.0,0.07,-444.1974,89.7034,
01987,BENG SOON MACH,247.0,0.215,0.208,3.37,215000000.0,0.01,37.3328,0.9295,6.98
01703,谊和股份,247.0,0.29,0.29,0.0,40020000.0,0.0,3.8596,1.1844,
08297,海纳星空科技,246.0,0.037,0.041,-9.76,57437927.0,0.03,-10.9447,-1.8309,
03830,童园国际,245.0,0.208,0.206,0.97,208000000.0,0.01,-33.3013,17.4966,
01871,向中国际,245.0,0.515,0.515,0.0,224518469.0,0.03,-20.6179,1.1306,
00077,进智公共交通,243.0,0.515,0.515,0.0,140035195.0,,7.7932,3.1948,11.65
02720,乐欣户外,241.0,23.02,22.0,4.64,2951279100.0,0.0,45.673,7.7218,
00021,大中华控股,241.0,0.08,0.08,0.0,318018672.0,0.0,-2.2164,0.5119,
08281,中国金典集团,241.0,0.255,0.25,2.0,255000000.0,0.0,19.9655,0.819,
08133,吉盛集团控股,241.0,0.26,0.26,0.0,9927840.0,,-1.2952,0.6868,
08357,REPUBLIC HC,241.0,0.184,0.185,-0.54,114816000.0,0.07,-5.6296,2.378,
01933,元力控股,241.0,0.235,0.218,7.8,118422887.0,0.01,-0.7823,0.9836,
08496,环球友饮智能,240.0,0.041,0.041,0.0,10913175.0,,-0.4145,-0.2516,
08035,骏高控股,240.0,0.068,0.068,0.0,40800000.0,,-3.5593,1.9232,
08475,易站绿色科技,240.0,0.069,0.069,0.0,4703040.0,,-3.8361,-0.1918,
00079,世纪建业,240.0,0.117,0.123,-4.88,38151058.0,0.25,-1.1367,0.2005,
02482,维天运通,240.0,0.27,0.27,0.0,376346548.0,0.0,-66.1966,0.4432,
08053,比优集团,238.0,0.6,,,2135234911.0,,16.3408,2.1303,1.67
09918,丽年国际,237.0,0.93,0.95,-2.11,93000000.0,0.02,-0.9291,0.6853,
03878,VICON HOLDINGS,237.0,0.199,0.197,1.02,95440400.0,0.06,21.1854,0.346,
00115,钧濠集团,236.0,7.5,7.5,0.0,155319810.0,,-1.5796,0.948,
06933,新娱科控股,236.0,1.075,1.06,1.42,460103027.0,0.0,-14.2634,6.791,
01354,经发物业,236.0,2.95,2.92,1.03,196667060.0,0.41,2.6142,0.4843,
01073,大禹金融,236.0,0.1,0.1,0.0,341799057.0,,5.9366,0.4941,3.0
01702,东光化工,235.0,1.94,1.725,12.46,1204631360.0,0.01,5.843,0.5246,2.06
02147,正味集团,234.0,0.6,0.64,-6.25,282240000.0,0.03,-3.5573,0.8335,
02440,迷策略,234.0,0.825,0.83,-0.6,344049002.0,0.0,-1.5438,1.4222,
01827,卓珈控股,234.0,0.8,0.8,0.0,320000000.0,,28.4875,2.0218,12.5
02672,白鸽在线,233.0,74.7,64.8,15.28,23950361210.0,0.53,-564.9353,43.7374,
01825,STERLING GP,233.0,1.7,1.725,-1.45,70502400.0,0.23,-1.132,-2.7327,
08113,时腾科技,232.0,0.485,0.485,0.0,95116944.0,,21.1795,0.7838,
08319,思博系统,232.0,0.102,0.102,0.0,81934560.0,,21.2762,0.4632,4.9
08536,TL NATURAL GAS,232.0,0.238,0.238,0.0,50576190.0,,-4.4992,0.9698,
09978,方圆生活服务,232.0,3.1,2.725,13.76,1240000000.0,0.39,-29.4223,-91.4143,
02593,草姬集团,231.0,1.045,1.04,0.48,139333612.0,0.15,-7.263,0.992,
08131,诺亚智能,231.0,0.515,0.505,1.98,370393737.0,0.21,93.7231,25.359,
02381,蚬壳电业,230.0,0.375,0.34,10.29,750000000.0,0.47,-111.0618,6.0978,13.6
01759,中油洁能控股,230.0,0.8,0.8,0.0,172800000.0,0.0,-6.8453,0.4355,
80175,吉利汽车-R,229.0,12.81,12.79,0.16,138167149663.0,0.0,7.2255,1.4607,3.9
09686,熙康云医院,229.0,0.985,0.99,-0.51,829261458.0,0.0,-38.6311,2.63,
01856,依波路,229.0,1.545,1.55,-0.32,556597856.0,0.04,-15.1488,11.6127,
02881,武汉有机,229.0,9.6,9.545,0.58,895680000.0,0.01,6.9726,1.0394,3.92
00571,丰德丽控股,229.0,0.039,0.04,-2.5,68479198.0,0.06,1.7501,0.933,
08613,东方支付集团控股,228.0,0.032,0.032,0.0,61686933.0,0.02,-1.9088,-1.6724,
08136,英马斯集团,228.0,0.038,0.038,0.0,38000000.0,,-92.233,0.3747,
02350,数科集团,227.0,0.715,0.7,2.14,625625000.0,0.02,-14.0479,3.0052,
08052,陆庆娱乐,227.0,0.041,0.041,0.0,22478496.0,,26.6649,-2.5555,
03321,中科集团控股,226.0,0.94,0.99,-5.05,73009424.0,1.18,-1.7098,-0.7227,
02376,鲁商服务,226.0,2.55,2.35,8.51,340017000.0,8.61,10.268,0.5037,3.73
01002,威铖国际,225.0,0.045,0.044,2.27,125047566.0,0.02,6.2403,0.1974,
01906,博尼控股,225.0,1.46,1.44,1.39,2147840617.0,0.58,-40.4494,6.0498,
03963,融众金融,224.0,0.111,0.132,-15.91,67355085.0,0.02,-6.7113,7.342,
08372,君百延集团,224.0,0.169,0.169,0.0,135200000.0,0.01,16.0704,1.1536,1.78
02682,润利海事,224.0,0.14,0.131,6.87,140000000.0,0.21,7.2013,0.4926,7.14
01559,均安控股,224.0,0.049,0.049,0.0,134975423.0,,-2.2854,1.6343,
02915,云迹,224.0,6.18,5.895,4.83,9032747897.0,0.01,28.6829,,
02370,力高健康生活,224.0,1.19,1.19,0.0,238000000.0,,-14.6839,0.8508,
01736,中国育儿网络,223.0,0.4,0.4,0.0,20455281.0,,33.2315,-0.8477,
01539,知行集团控股,223.0,0.285,0.285,0.0,1008517246.0,0.06,15.1152,3.1257,
03997,电讯首科,223.0,1.2,1.16,3.45,154010400.0,0.26,-27.4969,3.3277,
06805,金茂源环保,223.0,2.835,2.835,0.0,3132623970.0,,17.9653,2.4077,
02585,梦金园,221.0,28.52,27.8,2.59,7786629250.0,0.03,37.6544,2.9787,1.23
08062,俊盟国际,221.0,0.26,0.26,0.0,124800000.0,0.01,43.1535,0.9532,7.69
01597,纳泉能源科技,220.0,5.2,5.205,-0.1,1300000000.0,0.0,-37.1536,6.696,
01722,建鹏控股,220.0,0.125,0.128,-2.34,137500000.0,0.08,-3.0953,1.2268,
08360,简朴新生活,220.0,0.265,0.265,0.0,95945824.0,0.0,-3.7767,-1.9051,
08080,北亚策略,219.0,0.36,0.36,0.0,163623352.0,,16.1317,0.1178,
02885,彼岸控股,219.0,0.92,0.925,-0.54,368000000.0,0.04,106.5431,1.4994,22.17
08471,新达控股,218.0,0.32,0.32,0.0,23539200.0,0.03,-1.7781,0.5006,
08511,民富国际,218.0,0.265,0.265,0.0,8240527.0,2.53,-0.9868,1.8233,
02363,通达宏泰,218.0,0.28,0.28,0.0,57182740.0,0.01,-1.4759,-0.2744,
02512,云工场,218.0,2.7,2.7,0.0,1294293600.0,,49.4342,2.2025,
01707,致浩达控股,218.0,0.042,0.042,0.0,70560000.0,,-4.5673,0.4589,
02396,青城新药-B,217.0,3.955,3.955,0.0,465335500.0,0.0,-1.6706,0.7264,
01047,毅兴行,217.0,0.34,0.34,0.0,125528000.0,0.06,49.3428,0.2393,
01496,亚积邦租赁,217.0,0.199,0.205,-2.93,171936000.0,0.0,16.1034,0.725,4.52
01570,伟业控股,217.0,10.4,10.4,0.0,2039784781.0,0.01,-3.7048,3.7455,
08452,富银融资股份,216.0,0.229,0.229,0.0,82288860.0,0.21,-1.4379,0.1858,
00406,有利集团,216.0,0.505,0.505,0.0,221217068.0,,-1.0856,0.1794,
08221,高裕金融,216.0,2.02,2.0,1.0,96152000.0,0.06,-9.5002,0.7124,
01967,信恳智能,215.0,0.265,0.265,0.0,79500000.0,,-40.7979,0.2792,
08043,ATLINKS,215.0,0.214,0.214,0.0,85600000.0,0.01,-18.57,1.3109,
00214,汇汉控股,215.0,0.209,0.209,0.0,175742665.0,,-0.1616,0.0245,
08448,环球印馆,215.0,1.25,1.25,0.0,124750000.0,0.02,76.44,12.2955,
02925,金泰能源控股,214.0,0.39,0.39,0.0,436973266.0,,-50.9056,6.5054,
02195,盈汇企业控股,214.0,0.25,0.25,0.0,42285714.0,,-0.8082,0.5473,
01835,瑞威资管,214.0,4.0,4.0,0.0,613360000.0,0.01,-17.3913,2.316,
02439,中宝新材,214.0,0.21,0.215,-2.33,252000000.0,0.54,16.9311,0.339,
01650,HYGIEIA GROUP,212.0,0.17,0.174,-2.3,340000000.0,0.13,31.6658,2.1428,5.29
08385,万里印刷,211.0,0.1,0.1,0.0,10438800.0,0.16,-0.4174,-0.0833,
02272,科拓股份,211.0,55.15,57.0,-3.25,5576911886.0,0.06,52.7725,3.5859,
08420,NEXION TECH,211.0,0.029,0.029,0.0,25745040.0,0.06,-11.262,1.8351,
01235,专业旅运,211.0,0.255,0.26,-1.92,130014045.0,0.06,21.5255,1.9371,3.92
00770,楠爵资本,210.0,0.21,0.21,0.0,3702597.0,,-0.4578,3.821,
02116,江苏创新,210.0,0.74,0.74,0.0,355200000.0,0.02,23.4559,1.2435,
00114,兴利集团,210.0,0.69,0.69,0.0,417098626.0,0.0,7.7692,0.6859,8.7
02227,守益控股,207.0,0.325,0.33,-1.52,297570000.0,0.0,2.4062,0.586,
01975,新兴印刷,206.0,0.52,0.515,0.97,249600000.0,0.03,17.0854,0.689,9.23
08079,曌生命,206.0,0.43,0.445,-3.37,16054996.0,0.01,-4.6348,0.6044,
00191,丽新国际,206.0,0.39,0.4,-2.5,344515821.0,0.01,-0.1542,0.0248,
00387,力丰(集团),205.0,0.69,0.68,1.47,158752483.0,0.02,9.7328,0.374,8.7
02605,METALIGHT,205.0,1.17,1.155,1.3,181246411.0,0.0,-17.8062,0.4411,
02797,齐云山食品,203.0,102.0,102.0,0.0,10200000000.0,0.0,195.6129,20.7273,
08612,维亮控股,203.0,0.073,0.073,0.0,30274560.0,0.01,-1.9857,2.0174,
01767,TS WONDERS,202.0,0.4,0.405,-1.23,400000000.0,0.02,16.2789,0.722,0.5
00430,东方兴业控股,201.0,0.355,0.355,0.0,137805178.0,,-0.2902,0.1455,3.94
08432,太平洋酒吧,200.0,0.045,0.045,0.0,39566880.0,,2.8465,1.9359,13.33
02479,天聚地合,200.0,65.0,65.0,0.0,3257683000.0,,-112.3395,2.8833,
00093,零在科技金融,199.0,0.39,0.39,0.0,1040380790.0,0.0,17.4669,0.8763,
01540,澳狮环球,199.0,0.5,0.5,0.0,249335912.0,0.08,10.1782,0.8064,66.0
00428,中国天弓控股,198.0,0.192,0.192,0.0,29617582.0,,-0.964,0.209,
08400,亚洲先锋娱乐,198.0,0.098,0.106,-7.55,98000000.0,0.09,11.6514,3.4349,
09893,比优集团,198.0,1.445,1.44,0.35,5142357411.0,0.0,22.1134,3.5817,1.94
01869,猫屎咖啡控股,198.0,0.048,0.05,-4.0,81230400.0,0.43,-24.7654,-1.6282,
09609,海伟股份,197.0,6.91,6.91,0.0,1112002025.0,0.0,57.5877,0.8165,
02261,拿森科技,197.0,16.63,16.19,2.72,9894588776.0,0.05,-37.9444,-13.4105,
00310,嘉进投资国际,197.0,0.12,0.12,0.0,74535842.0,,-5.8036,4.7927,
08205,交大慧谷,196.0,0.405,0.365,10.96,194400000.0,0.12,-23.9762,109.7871,
02427,GUANZE MEDICAL,195.0,2.5,2.595,-3.66,2375000000.0,0.01,-29.1008,10.3022,
01283,高陞集团控股,194.0,1.75,1.74,0.57,1445197250.0,0.04,32.8685,2.8277,1.03
08426,雅居投资控股,193.0,0.27,0.28,-3.57,216000000.0,0.0,9.1942,1.3314,6.3
00247,尖沙咀置业,193.0,19.35,19.35,0.0,43519088243.0,,15.9762,0.426,2.93
02175,中国通才教育,192.0,2.26,2.205,2.49,1142468420.0,0.02,13.236,0.5213,
08525,百应控股,192.0,0.79,0.8,-1.25,213300000.0,,10.3333,0.6691,
01751,智算能建,191.0,0.67,0.67,0.0,273139817.0,,-18.1536,3.6193,
08347,F8企业,191.0,0.12,0.12,0.0,16502423.0,,-75.011,0.1806,
02934,中国三迪,191.0,1.455,1.82,-20.05,4505343607.0,0.01,-15.3977,1.5341,
01719,中国通商集团,191.0,0.23,0.23,0.0,396765338.0,,24.0245,0.4709,
01271,佳明集团控股,191.0,0.305,0.305,0.0,433167816.0,,-1.2394,0.1823,
02917,智算能建股权,191.0,0.01,,,4076714.0,,-0.271,0.054,
01795,亚东集团,191.0,0.5,0.49,2.04,300000000.0,0.01,5.8856,0.7035,
01059,看通集团,190.0,0.4,0.43,-6.98,150013402.0,0.09,9.2305,0.614,
02619,香江电器,189.0,1.115,1.055,5.69,304260653.0,0.06,-42.059,0.2458,3.68
01667,迪米生活控股,188.0,0.36,0.36,0.0,345600000.0,,-13.0302,32.8924,
02405,力盟科技,188.0,0.36,0.32,12.5,288000000.0,0.0,-16.0342,1.5267,
06063,智中国际,187.0,0.945,0.92,2.72,1890000000.0,0.05,-571.515,15.0408,
01689,华禧控股,186.0,0.305,0.305,0.0,213936150.0,0.01,-6.2716,1.1598,
01379,温岭工量刃具,186.0,1.83,1.83,0.0,146400000.0,,7.2952,0.1592,7.65
01542,台州水务,186.0,0.62,0.62,0.0,124000000.0,,-1.1573,0.1037,
01690,立基工程控股,185.0,0.137,0.131,4.58,197996510.0,0.02,9.641,1.5686,21.9
08412,新爱德集团,185.0,0.375,0.305,22.95,55011420.0,0.07,-7.2298,7.7896,
06083,环宇物流(亚洲),185.0,0.615,0.62,-0.81,308633515.0,0.01,17.9563,3.0499,4.39
08208,永通万国集团,185.0,0.125,0.125,0.0,90000000.0,,-141.2884,4.2836,
81299,友邦保险-R,184.0,58.7,58.75,-0.09,607348053869.0,0.0,9.7479,2.2289,3.4
08411,K W NELSON GP,184.0,0.123,0.123,0.0,123000000.0,,15.739,2.8671,7.32
01406,清晰医疗,184.0,0.355,0.355,0.0,191617328.0,,-4.1286,1.6316,
08472,立高控股,183.0,0.375,0.36,4.17,43200000.0,0.14,-3.5372,0.3167,
08431,浩柏国际,182.0,1.28,1.3,-1.54,302801408.0,0.64,-9.9839,17.4601,
06113,比特策略,182.0,1.195,1.165,2.58,478000000.0,0.01,-15.6948,7.811,
08403,德丰宿来,182.0,3.445,3.39,1.62,582894000.0,0.08,-24.0208,17.2796,
01621,域高国际控股,181.0,0.228,0.238,-4.2,228000000.0,0.12,14.2242,0.9179,
08507,爱世纪集团,181.0,0.66,0.675,-2.22,528000000.0,0.14,-660.0,9.5132,
08098,昌利控股,181.0,0.178,0.163,9.2,391600000.0,0.47,-16.9392,2.4564,
08620,亚洲速运,181.0,0.149,0.149,0.0,93677045.0,,-84.3937,2.3226,
01577,汇鑫小贷,181.0,1.03,1.03,0.0,700400000.0,,6.1203,0.4697,5.73
08547,PACIFIC LEGEND,180.0,0.075,0.075,0.0,79805499.0,,-1.9792,0.9256,
08500,天泓文创,180.0,0.091,0.091,0.0,39312000.0,,-2.0973,1.0443,
01631,REF HOLDINGS,179.0,1.315,1.3,1.15,403968000.0,0.01,215.6797,3.7078,
00948,阿尔法企业,179.0,0.295,0.295,0.0,121622713.0,0.12,1.4763,4.4992,
06228,自由黄金-DRS,179.0,34.8,33.78,3.02,51265153889.0,0.09,-250.486,18.0819,
08065,高萌科技,178.0,0.175,0.168,4.17,70868000.0,0.13,-6.2165,0.5669,
02573,新琪安,178.0,4.9,4.9,0.0,471533047.0,0.0,-5.4209,0.7004,
02738,华津国际控股,178.0,0.162,0.165,-1.82,97200000.0,0.01,-0.1004,-0.0881,
08423,CHI HO DEV,177.0,0.041,0.042,-2.38,32800000.0,0.01,-0.5178,0.402,
08631,申港控股,176.0,0.43,0.43,0.0,20640000.0,,-0.5542,-2.1422,
08450,钜京控股,176.0,0.7,0.7,0.0,700000000.0,0.41,-49.1332,24.7849,
08659,易和国际控股,176.0,0.097,0.099,-2.02,79863110.0,0.01,-2.9271,0.2448,
03789,御佳控股,176.0,0.26,0.28,-7.14,312000000.0,0.06,21.3479,0.9595,1.92
02263,富石金融,175.0,0.34,0.345,-1.45,340000000.0,0.01,33.1449,0.9222,
02129,LEGION CONSO,175.0,0.295,0.295,0.0,368750000.0,0.05,-24.9872,1.2261,
01653,MOS HOUSE,174.0,1.4,1.4,0.0,404483800.0,0.14,-22.3657,3.2785,
02270,德商产投服务,173.0,5.95,5.95,0.0,3690542240.0,,547.1744,10.301,
08241,英记茶庄集团,172.0,0.168,0.168,0.0,60757200.0,,-2.1795,-2.0824,
08286,长城微光,172.0,0.146,0.146,0.0,45093560.0,,-1.3461,-0.2231,
02152,苏新服务,172.0,4.465,4.465,0.0,451174855.0,0.0,5.8713,0.4593,9.52
08341,艾硕控股,172.0,0.15,0.15,0.0,36000000.0,0.0,8.3083,0.4941,
06890,康利国际控股,171.0,0.73,0.73,0.0,442563960.0,,5.8853,0.4026,12.33
08521,智云国际控股,171.0,0.625,0.625,0.0,399375000.0,,427.5964,2.2611,
02499,佛朗斯股份,171.0,5.56,5.56,0.0,2015626857.0,0.0,20.6266,1.2685,
01370,奥威控股,170.0,0.134,0.138,-2.9,219134206.0,0.08,-1.1259,0.4301,
01793,伟工控股,170.0,2.505,2.5,0.2,2004000000.0,0.25,211.9513,7.2573,0.48
08115,清大东方,170.0,3.83,3.845,-0.39,825096900.0,0.39,-1.4699,13.6313,
01891,兴合控股,170.0,0.209,0.209,0.0,209000000.0,0.03,14.5931,0.4412,
01413,铸帝控股,170.0,0.213,0.209,1.91,69864000.0,0.0,-1.291,0.3512,
08465,高科桥,170.0,1.16,,,301600000.0,,6.8549,0.4516,
08627,旅橙文化,169.0,0.059,0.059,0.0,47200000.0,,-2.2502,0.6075,
80737,湾区发展-R,169.0,1.61,1.61,0.0,5364021356.0,0.0,9.0685,1.0485,11.3
08476,大洋环球控股,168.0,4.67,,,1307600000.0,,31.3678,4.4799,0.9
02418,德银天下,168.0,2.7,2.675,0.93,5811475680.0,0.41,158.3584,1.5614,1.37
08377,维港育马,168.0,0.16,0.162,-1.23,86278698.0,0.02,-5.2041,-5.1356,
02153,达丰设备,168.0,0.815,0.82,-0.61,951000069.0,0.01,-6.9461,0.7118,
02923,世纪集团国际,168.0,0.735,0.66,11.36,6401285614.0,0.01,0.8836,0.068,
08451,日光控股,167.0,0.088,0.088,0.0,70400000.0,,14.3901,0.5982,
02649,优乐赛共享,167.0,3.9,3.9,0.0,352310400.0,,8.2583,0.515,
09879,米高集团,167.0,9.06,9.2,-1.52,8234996400.0,0.05,19.4259,2.3449,1.07
08429,华美乐乐,167.0,0.051,0.051,0.0,24480000.0,,-2.9967,0.52,
01529,乐氏国际控股,167.0,1.065,1.08,-1.39,710440200.0,0.0,-23.983,3.8523,
00301,三和精化,166.0,7.32,7.29,0.41,3443765297.0,0.02,-195.4531,14.7517,
08425,兴铭控股,165.0,0.138,0.13,6.15,51888000.0,0.1,16.4203,0.5442,
02442,怡俊集团控股,164.0,45.82,38.68,18.46,18694560000.0,0.13,-611.773,97.6222,
01620,富盈环球集团,164.0,0.185,0.196,-5.61,222000000.0,0.24,11.6523,31.3073,
08603,亮晴控股,163.0,14.3,,,11710556000.0,,214.3181,56.5555,
02536,百乐皇宫,162.0,0.58,0.64,-9.38,467824520.0,0.0,33.8513,0.8248,5.0
04332,AMGEN-T,162.0,1850.0,1850.0,0.0,1957366600000.0,,,,4.22
82388,中银香港-R,162.0,43.46,43.52,-0.14,459493030360.0,0.0,11.019,1.4924,5.44
02108,K2 F&B,161.0,0.41,0.41,0.0,328000000.0,0.0,6.3719,0.5669,4.63
02907,中木国际股权,160.0,0.02,,,39475947.0,,-1.2831,0.5488,
02352,东原仁知服务,159.0,4.0,4.0,0.0,267963468.0,0.0,21.6555,0.5525,
06611,三巽集团,159.0,0.046,0.046,0.0,31074334.0,,-0.1182,0.026,
02481,双良睿能,158.0,2.54,2.53,0.4,766064000.0,,3.9523,0.4921,7.83
08229,未来数据集团,158.0,0.705,0.73,-3.42,391613400.0,0.11,-9.8812,4.1828,
01750,全达电器集团控股,157.0,0.157,0.157,0.0,282600000.0,0.18,54.6404,1.6165,
01204,博维智慧,157.0,1.38,1.69,-18.34,690000000.0,0.02,79.9907,1.9802,
08447,MS CONCEPT,157.0,0.078,0.078,0.0,78000000.0,,19.1036,5.2056,
00693,陈唱国际,156.0,1.56,1.56,0.0,3140762040.0,0.0,14.6866,0.2806,5.45
08042,高奥士人才集团,156.0,0.1,0.1,0.0,80000000.0,0.02,-842.1053,1.3205,
08149,浩德控股,156.0,0.125,0.125,0.0,104597500.0,,17.2177,0.289,1.6
01960,TBKS HLDGS,155.0,0.425,0.435,-2.3,425000000.0,0.07,-6.6998,4.7047,
01615,奥邦建筑,155.0,0.45,0.46,-2.17,270000000.0,0.03,136.8033,1.2966,
08365,亦辰集团,153.0,0.85,0.855,-0.58,177437024.0,1.05,-3.473,1.2004,
01747,HOME CONTROL,152.0,3.8,3.8,0.0,2033281200.0,,63.2076,5.9837,1.37
00513,恒和集团,152.0,0.145,0.145,0.0,99052147.0,,-0.1583,0.102,
08152,明梁控股,152.0,0.089,0.089,0.0,53400000.0,0.04,3.1124,0.4555,
02966,亚太资源股权,152.0,0.01,,,14937534.0,,0.0062,0.0026,1040.0
08537,创辉珠宝,152.0,0.215,0.201,6.97,77400000.0,0.05,4.8245,0.5987,2.33
01545,设计都会,151.0,0.179,0.179,0.0,358000000.0,,265.2107,1.1803,
08529,优博控股,151.0,0.295,0.275,7.27,151858625.0,0.01,7.9863,1.6788,6.44
02540,乐思集团,151.0,0.815,0.815,0.0,489000000.0,0.0,11.1109,0.5936,
02932,正味集团股权,151.0,0.01,,,4704000.0,,-0.0505,0.0122,
09963,高科桥光导,150.0,8.82,8.89,-0.79,3416365260.0,0.05,-78.818,5.6382,
02321,双财庄,150.0,0.5,0.5,0.0,500075000.0,0.0,7.5317,0.8848,1.8
01471,众淼控股,149.0,9.9,9.9,0.0,1397836440.0,,19.2575,1.8765,1.89
01416,CTR HOLDINGS,149.0,0.18,0.176,2.27,279000000.0,0.02,3.1299,0.6134,
01932,中漆集团,148.0,0.166,0.176,-5.68,166000000.0,0.01,-4.5428,0.4743,
00176,先机企业集团,148.0,0.013,0.013,0.0,26423428.0,,-0.0992,-0.8634,
00277,太兴置业,147.0,1.136,1.136,0.0,314936555.0,,-11.9471,0.125,1.5
08456,民信国际控股,147.0,0.3,0.3,0.0,39660885.0,,-11.7271,1.47,
06163,彭顺国际,147.0,0.79,0.79,0.0,218438160.0,,-62.6359,1.7159,
08493,炙龙控股,146.0,0.035,0.035,0.0,10160640.0,,0.6149,-0.0916,
09881,容大科技,145.0,17.7,17.7,0.0,1676774100.0,,78.089,4.9797,
01407,交运燃气,145.0,0.695,0.695,0.0,305800000.0,0.05,11.1592,0.8375,1.58
01947,美皓集团,145.0,0.535,0.53,0.94,321082577.0,0.0,-20.2409,2.9089,
01641,红星冷链,145.0,3.5,3.455,1.3,343920500.0,0.01,6.5379,0.2791,10.2
01546,德莱建业,145.0,0.139,0.147,-5.44,111200000.0,0.07,-3.3217,1.3107,
08333,阿仕特朗金融,144.0,0.685,0.685,0.0,65760000.0,,17.6017,0.521,
08637,元续科技,144.0,3.73,3.74,-0.27,554341410.0,0.04,8.6241,1.288,
02530,纽曼思,144.0,0.72,0.725,-0.69,720000000.0,0.07,11.9457,1.2301,3.47
01693,璋利国际,143.0,6.2,6.2,0.0,497725088.0,,-6.3806,-12.295,
08013,ECI TECH,143.0,0.061,0.061,0.0,97600000.0,,20.9173,1.0384,
02433,中天湖南集团,142.0,0.066,0.062,6.45,38016000.0,0.13,-0.2333,0.1006,
08549,金叶国际集团,142.0,0.205,0.205,0.0,82000000.0,0.02,-9.0328,0.9462,
03938,LFG投资控股,142.0,2.725,2.715,0.37,1336531832.0,0.0,165.8434,9.5447,
01463,C-LINK SQ,142.0,0.365,0.365,0.0,1049101796.0,0.0,-21.03,5.291,
01427,中国天保集团,142.0,0.19,0.193,-1.55,166807840.0,0.0,-0.9708,0.2053,
02863,高丰集团控股,141.0,0.795,0.795,0.0,548161245.0,0.0,-21.3825,2.2293,
02596,宜宾银行,141.0,2.605,2.65,-1.7,11952782000.0,0.0,17.6756,0.8991,1.61
08623,中国蜀塔,140.0,0.12,0.12,0.0,22461029.0,,-0.2027,-0.1838,
00529,新龙国际,140.0,1.675,1.765,-5.1,465594166.0,0.01,17.9468,0.1287,1.49
02545,中赣通信,139.0,0.46,0.465,-1.08,294400000.0,0.01,6181.3547,0.5972,
08091,奥传思维控股,139.0,0.042,0.042,0.0,30240000.0,0.01,-12.6739,1.7476,
06966,中国万桐园,138.0,0.6,0.6,0.0,600000000.0,,-460.6151,2.4463,
09998,光荣控股,138.0,0.5,0.505,-0.99,400000000.0,0.01,3.335,0.9556,4.0
08532,宝发控股,138.0,0.06,0.06,0.0,5092464.0,,-0.1028,-0.0474,
01656,亿仕登控股,138.0,3.98,3.98,0.0,1812998984.0,,18.9172,1.3191,0.8
01867,标准发展集团,138.0,0.183,0.183,0.0,273402000.0,,-16.605,3.4271,
08616,新威工程集团,137.0,0.097,0.098,-1.02,97000000.0,0.07,22.9423,0.5458,
08481,盛龙锦秀国际,136.0,0.223,0.223,0.0,90352910.0,,1.7924,0.2488,
08262,宏强控股,136.0,0.04,0.04,0.0,36931600.0,0.01,-5.3385,0.5314,
01732,象兴科技,135.0,0.19,0.19,0.0,243200000.0,,-12.7052,1.0995,
01792,CMON,135.0,1.485,1.505,-1.33,367804800.0,0.06,-3.1557,3.1689,
02930,卓越睿新(一百),134.0,365.2,365.2,0.0,260296721441.0,,-23566.9282,8173.8647,
02597,讯众通信,134.0,36.12,36.0,0.33,4801947791.0,,70.0623,2.6977,
08519,新享时代,134.0,0.295,0.295,0.0,42766888.0,,16.0778,14.1378,
08526,荣丰集团亚洲,133.0,0.45,0.45,0.0,73012500.0,,-2.5296,2.0736,
03728,正利控股,132.0,0.057,0.059,-3.39,57741000.0,0.0,8.2311,0.402,
01845,维港环保科技,132.0,0.248,0.275,-9.82,330667080.0,0.06,-4.3266,0.9673,
00676,创信国际,132.0,1.0,1.0,0.0,730650000.0,,-21.8886,1.2334,1.0
80291,华润啤酒-R,130.0,15.9,15.98,-0.5,51582412790.0,,15.2472,1.45,7.38
01854,中国万天控股,130.0,0.935,0.94,-0.53,1906212334.0,0.01,-15.3426,47.0949,
06193,泰林科建,129.0,0.35,0.37,-5.41,140000000.0,0.01,-42.5357,0.6083,
08509,威扬酒业控股,128.0,0.51,0.495,3.03,204000000.0,0.0,5.083,0.543,
03919,金力集团,128.0,0.785,0.84,-6.55,35617020.0,2.92,-5.4998,0.1189,
01802,文业集团,127.0,0.045,0.045,0.0,37422000.0,,-1.1099,-0.4161,
02521,升辉清洁,126.0,0.81,0.815,-0.61,1579285350.0,0.0,43.9399,2.9331,
01748,信源企业集团,125.0,1.76,1.76,0.0,774400000.0,,10.2985,0.6437,
02502,金源氢化,124.0,0.6,0.6,0.0,573384000.0,0.0,21.9858,0.5044,
01841,优越集团控股,124.0,0.485,0.47,3.19,194000000.0,0.02,54.2506,1.7434,
08495,1957 & CO.,123.0,0.305,0.305,0.0,117120000.0,,158.4844,2.1143,
08285,森浩集团,123.0,0.106,0.106,0.0,59360000.0,,15.6262,-8.973,
08350,立桥证券控股,123.0,0.385,0.39,-1.28,365774640.0,0.01,5.9512,2.1767,
01721,FSM HOLDINGS,123.0,0.14,0.14,0.0,140000000.0,,-3.3686,0.8154,
01790,达力环保,123.0,0.505,0.505,0.0,505000000.0,,9.9998,0.3152,
02613,汇舸环保,123.0,31.02,31.02,0.0,1240800000.0,,55.1947,2.1799,
02503,中深建业,122.0,0.27,0.265,1.89,926869795.0,0.02,-23.9315,0.7778,
02921,首惠产业金融,121.0,5.94,5.92,0.34,22010890588.0,0.0,-166.4289,182.9621,
02497,富景中国控股,121.0,0.615,0.63,-2.38,307500000.0,0.01,4.7335,0.4713,
08023,邝文记,120.0,0.34,0.37,-8.11,203130960.0,0.03,14.6983,1.4718,2.65
02516,泛远国际,120.0,0.605,0.67,-9.7,566280000.0,0.09,20.892,0.6344,
02515,天津建发,120.0,3.59,3.995,-10.14,1115566469.0,0.06,-20.8286,2.8071,
02913,天成控股,120.0,0.71,0.695,2.16,163498800.0,,-8.57,1.1841,
01897,美亨实业,119.0,0.46,0.455,1.1,185053230.0,,30.9868,0.3505,1.96
01832,海天地悦旅,119.0,1.52,1.52,0.0,547200000.0,0.0,-4.6312,2.8515,
07836,AQUILA ACQ-Z,118.0,9.86,,,1224359692.0,,-27.0058,37.067,
06661,湖州燃气,118.0,4.95,4.95,0.0,1003436775.0,,10.1876,0.6945,7.09
02457,步阳国际,118.0,0.495,0.525,-5.71,495000000.0,0.06,105.7581,1.0498,
02944,大健康国际股权,117.0,0.01,1.3,-99.23,5527311.0,2.95,-0.2341,0.0139,
01410,安领国际,117.0,1.09,1.07,1.87,1100591530.0,0.13,49.1029,5.2798,
08489,裕程物流,115.0,0.235,0.238,-1.26,72280125.0,0.06,-3.2657,1.0181,
00368,德合集团,114.0,3.095,3.025,2.31,2476000000.0,0.02,88.7169,10.3675,
02625,江苏宏信,114.0,0.79,0.685,15.33,186155256.0,0.46,3.5686,0.2188,
00475,中发展控股,114.0,0.28,0.28,0.0,139882680.0,,-5.4005,-49.639,
08485,竣球控股,112.0,0.32,,,320000000.0,,14.3853,3.1141,
01213,万保刚集团,112.0,0.5,0.5,0.0,100000000.0,,-18.1422,0.8849,1.0
08103,HMVOD视频,111.0,0.119,0.119,0.0,15404300.0,,1.2136,-0.2905,
80016,新鸿基地产-R,111.0,90.65,89.0,1.85,262683781838.0,,12.26,0.485,4.17
02936,桦欣控股,111.0,5.0,5.0,0.0,1935360000.0,0.01,-170.5764,22.9869,
01861,保宝龙科技,110.0,2.3,2.3,0.0,538009675.0,0.01,-64.5483,1.4167,1.65
02132,誉燊丰控股,110.0,0.165,0.161,2.48,264000000.0,0.01,21.2903,0.7746,
08510,TOPSTANDARDCORP,110.0,0.24,0.245,-2.04,57330893.0,0.03,-48.0158,-4.971,
01218,永义国际,109.0,1.2,1.2,0.0,177572167.0,0.0,-0.4079,0.1373,
01820,济丰包装,108.0,2.8,2.8,0.0,841769600.0,,-21.4638,1.6522,2.86
08362,运兴泰集团,108.0,0.06,0.06,0.0,84000000.0,,37.4498,0.9841,
02937,LONG投资股权,105.0,0.013,0.015,-13.33,8909129.0,1.56,-0.1248,0.0721,
02102,德利机械,104.0,0.355,0.35,1.43,355000000.0,0.02,12.874,0.8154,9.86
01903,JBB BUILDERS,103.0,2.0,2.05,-2.44,1000000000.0,0.0,-969.1801,4.2381,
01005,美力时集团,102.0,0.39,0.39,0.0,294919292.0,,-2.0136,0.9689,
06182,乙德投资控股,102.0,0.675,0.61,10.66,540000000.0,0.64,-20.7996,7.974,
02486,普乐师集团控股,102.0,4.01,4.015,-0.12,453962476.0,0.02,19.4531,0.8244,
09900,智云科技建设,100.0,5.66,5.7,-0.7,16844160000.0,0.21,2416.319,55.4599,
02693,金岩高岭新材,99.0,2.855,2.855,0.0,277489772.0,0.0,10.0666,0.4057,9.32
02260,环龙控股,99.0,1.2,1.16,3.45,580130400.0,0.0,14.7092,1.2762,1.67
08601,宝燵控股,99.0,0.285,0.285,0.0,228000000.0,,11.5724,1.4312,2.81
01770,东方科脉,99.0,75.05,74.5,0.74,3841489712.0,0.01,46.0571,2.6761,
02535,泓基集团,98.0,0.595,0.63,-5.56,1190000000.0,0.09,-190.7969,4.6248,
08439,新百利融资,97.0,1.26,1.3,-3.08,190879786.0,0.02,92.1234,3.0786,1.59
02347,友和集团,97.0,0.765,0.755,1.32,370327320.0,0.05,22.1065,1.3852,3.92
02501,迈越科技,96.0,2.02,1.975,2.28,1128852760.0,0.41,-1045.2814,2.7482,
08501,庄皇集团公司,95.0,0.94,0.83,13.25,188000000.0,0.01,-13.8296,1.7462,
01481,竣球控股,94.0,1.375,1.375,0.0,1402500000.0,,104.0122,9.8382,
08535,荧德控股,94.0,0.249,0.245,1.63,298800000.0,0.05,198.8024,1.8674,
01334,瑞昌国际控股,94.0,0.84,0.84,0.0,420000000.0,0.0,22.0386,1.1061,5.6
08313,杰地集团,94.0,0.031,0.031,0.0,62000000.0,,-2.416,0.6927,
09639,荣利营造,92.0,0.905,0.91,-0.55,905000000.0,0.0,49.1207,2.4466,
08657,TRUE PARTNER,91.0,0.275,0.275,0.0,167800463.0,,-4.9443,7.6562,
00924,坤集团,91.0,0.124,0.124,0.0,124000000.0,,-0.86,1.6192,
01402,超智能控股,91.0,0.54,0.495,9.09,567270000.0,0.2,1545.6948,4.8182,
02450,淮北绿金股份,90.0,15.44,14.35,7.6,4076160000.0,0.24,-84.146,8.3487,
02916,创科实业(五百),90.0,128.7,128.7,0.0,828467666126.0,,489.9277,13.1978,
08668,瀛海集团,89.0,0.126,0.126,0.0,151200000.0,0.0,-5.4379,-31.6915,
02892,万城控股,89.0,0.61,0.61,0.0,457500000.0,0.0,-31.7612,0.7064,
08209,美捷滙控股,88.0,1.39,,,,,,,
00252,华信地产财务,88.0,1.7,1.7,0.0,383214058.0,0.02,-8.9078,0.33,1.76
02904,CMON RTS,87.0,0.01,,,2476800.0,,-0.016,-0.1393,
01442,鹰辉物流,87.0,0.28,0.28,0.0,577920000.0,,42.6792,0.834,
01657,桦欣控股,84.0,55.0,55.0,0.0,17600000000.0,,-2409.6386,230.5747,
01284,新传企划,81.0,0.62,0.615,0.81,372000000.0,0.01,33.6347,2.1386,6.29
08441,国际永胜集团,80.0,1.3,,,1040000000.0,,21.0872,5.6821,
02528,尚晋国际控股,79.0,0.84,0.86,-2.33,336000000.0,0.01,3.7309,1.2852,
03860,EPS创健科技,78.0,0.6,0.6,0.0,349457903.0,,-25.2334,3.2997,
02372,伟立控股,76.0,0.915,0.935,-2.14,732000000.0,0.02,-32.8077,3.3075,
01915,泰和小贷,76.0,0.265,0.265,0.0,159000000.0,,-8.1558,-0.6147,
03119,ETFS铂金,76.0,820.5,,,,,,,0.0
02671,美联股份,75.0,7.01,7.02,-0.14,845055535.0,,137.1169,1.283,6.18
08169,环康集团,75.0,0.032,0.032,0.0,20785280.0,,98.5084,0.1865,
02938,帝王国际投资,73.0,1.36,1.375,-1.09,318738380.0,0.07,-8.4712,23.6769,
01489,GC CONSTRUCTION,72.0,3.545,3.515,0.85,3545000000.0,0.08,-58.3289,16.7555,
02987,马可数字科技股权,69.0,0.01,,,20583909.0,,-0.2077,0.0224,
02902,生物系统工程股权,69.0,0.071,,,127061440.0,,-2.9188,8.6143,
02928,港仔机器人股权,67.0,0.01,,,31464390.0,,-0.1768,0.0675,
02935,中科闻歌(二百),67.0,63.85,63.85,0.0,43098750000.0,,-2383.7349,811.0497,
03006,X安硕A股基建,67.0,11.96,,,23920000.0,,,,0.0
00335,美建集团,67.0,0.645,0.645,0.0,1730094309.0,,19.2661,0.5962,3.1
02818,潘渡比特币,64.0,16.58,,,,,,,0.0
02939,怡俊集团(二千),63.0,51.95,51.95,0.0,12783894651.0,,-111.5591,-79.9703,
08617,永联丰控股,63.0,2.6,,,1040000000.0,,36.9975,7.4874,2.31
07855,TECHSTARACQ-Z,62.0,10.55,,,1319805000.0,,-0.4255,-24.3471,
08610,BBSB INTL,61.0,0.58,0.58,0.0,290000000.0,0.0,18.6912,1.6203,1.72
06812,永顺控股香港,60.0,0.246,0.246,0.0,147600000.0,,-27.9387,0.7639,3.25
02520,山西安装,56.0,2.41,2.41,0.0,3310101260.0,,21.7145,0.9781,1.0
02421,嘉创地产,52.0,0.58,0.55,5.45,293111584.0,0.13,17.3624,0.2961,
01162,莹岚集团,52.0,0.244,0.235,3.83,146400000.0,0.02,96.3158,2.0445,
08629,集信国控,51.0,8.26,8.275,-0.18,280253540.0,,11.3155,1.2741,2.55
02929,青岛啤酒(二千),50.0,39.8,39.8,0.0,1622056761.0,,2855.7337,5.5103,
03774,亮晴控股,50.0,28.74,29.72,-3.3,23535760800.0,0.06,430.7344,113.6647,
02483,K CASH集团,45.0,1.68,1.8,-6.67,840000000.0,0.0,8.9124,0.8682,7.68
02295,丰城控股,45.0,5.5,5.695,-3.42,2200000000.0,0.01,158.994,22.1422,
02922,伟禄科技股份,43.0,3.65,4.15,-12.05,1971000000.0,0.04,-86.4701,6.8588,
08581,港娱国际股权,42.0,0.01,,,2133333.0,,1.8902,-0.0302,
08572,朝威控股,40.0,0.345,0.5,-31.0,127254052.0,0.0,-8.1271,4.613,
03032,恒生科技ETF,39.0,37.2,,,,,,,0.0
03139,安硕人债基金,38.0,36.15,,,63546928.2,,,,0.0
03004,安硕亚洲小型股,35.0,39.8,,,,,,,0.0
04621,CINDA 21USDPREF,34.0,99.92,99.92,0.0,3813400351888.0,,6193.3866,134.1717,0.03
06663,国际永胜集团,32.0,0.4,0.41,-2.44,320000000.0,0.01,-41.9177,1.6576,
08585,首都金融控股,29.0,3.4,3.375,0.74,816000000.0,0.05,146.6571,14.5493,
08567,金威医疗,28.0,0.265,0.265,0.0,907991270.0,,-11.0236,-23.1885,
08573,中华节能,27.0,0.114,0.114,0.0,6560518.0,,-0.5137,1.2138,
09689,金泰丰国际控股,26.0,0.53,0.53,0.0,591480000.0,,15.7815,0.9131,
02841,X安硕主要消费,26.0,25.25,,,56812500.0,,,,0.0
03039,X安硕A股原材料,25.0,10.94,,,10940000.0,,,,0.0
08580,吉辉控股股权,25.0,0.027,,,19180800.0,,1.7151,0.2413,
08579,龙皇集团,24.0,0.85,,,,,,,
03001,X安硕可选消费,23.0,20.3,,,,,,,5.969
03050,X安硕A股能源,23.0,5.52,,,,,,,0.0
08583,朗华国际集团,20.0,4.9,4.495,9.01,169859358.0,0.12,-2.7964,2.766,
08582,清大东方(四千),19.0,3.85,3.85,0.0,1159266039.0,,,,
09882,永联丰控股,16.0,0.755,0.755,0.0,604000000.0,,-75.8413,4.4792,
09876,大洋环球控股,14.0,3.175,3.065,3.59,889000000.0,0.02,22.6948,2.7843,1.32
03134,F 三星恒期人汇,9.0,13.12,,,9840000.0,,,,0.0
03064,GX亚太,9.0,23.0,,,,,,,0.0
03071,X大成中国消费,5.0,0.0,,,,,,,0.0
03075,HZ标普亚洲工业,5.0,18.6,,,,,,,4.237
03413,03413,0.0,7.835,7.835,0.0,,,,,0.0
03426,03426,0.0,7.835,7.835,0.0,,,,,0.0
03412,03412,0.0,7.835,7.835,0.0,,,,,0.0
06658,溜溜梅,,188.0,175.6,7.06,14816507104.0,0.07,59.3063,9.4204,
00410,SOHO中国,,0.28,0.27,3.7,1455866729.0,0.05,-5.5327,0.0353,
01930,勋龙,,0.315,0.305,3.28,207900000.0,0.02,12.8876,0.4889,2.22
00413,南华集团控股,,0.021,0.021,0.0,277647346.0,,-0.1551,0.0627,
02826,未来中国云算,,57.95,0.0,0.0,,,,,0.0
00540,迅捷环球控股,,0.192,0.192,0.0,115200000.0,,60.0,1.2538,
09788,09788,,10.07,10.07,0.0,,,,,0.0
02820,未来中国生科,,57.05,0.0,0.0,,,,,0.0
09711,09711,,10.42,10.42,0.0,,0.0,,,0.0
09366,09366,,9.59,9.59,0.0,,0.0,,,0.0
02809,GX中国洁能,,0.0,,,,,,,0.0
03077,PP美国国库,,0.0,,,,,,,3.685
03033,南方恒生科技,,0.0,,,,,,,0.0
02806,GX中国消费,,0.0,,,,,,,0.0
02814,X领先日本ETF,,0.0,,,,,,,0.0
03037,X易亚菲律宾,,10.46,,,,,,,3.234
03088,华夏恒生科技,,0.0,,,,,,,0.374
03069,X易亚泰国,,0.0,,,,,,,0.302
