symbol,name,followers,current,last_close,percent,market_capital,turnover_rate,pe_ttm,pb,dividend_yield
00700,腾讯控股,2810182.0,423.6,411.4,2.97,3851627730042.0,0.18,14.3558,2.9164,1.25
01810,小米集团-W,1734120.0,25.86,23.66,9.3,666535655679.0,1.03,17.6914,2.1247,
03690,美团-W,1439987.0,71.4,69.4,2.88,440929614720.0,0.32,-10.3056,2.256,
01918,融创中国,1302408.0,0.615,0.605,1.65,12278782266.0,1.08,-0.8727,0.3774,
09988,阿里巴巴-W,562121.0,106.8,104.3,2.4,2125529276095.0,0.29,24.9661,1.6334,0.93
02318,中国平安,404084.0,51.7,51.3,0.78,936165091142.0,0.18,5.1307,0.7876,6.19
00981,中芯国际,379576.0,57.55,56.8,1.32,492334871483.0,0.98,60.6624,2.4978,
03968,招商银行,336746.0,52.1,51.65,0.87,1313953955812.0,0.11,7.8655,0.848,4.53
01988,民生银行,274514.0,3.395,3.45,-1.59,148641310814.0,0.21,5.1574,0.1822,5.89
03888,金山软件,223470.0,25.5,24.58,3.74,35048227905.0,0.36,10.864,1.1219,0.51
09992,泡泡玛特,217111.0,151.5,152.5,-0.66,201764549255.0,0.25,13.4141,7.5786,1.86
02020,安踏体育,173622.0,72.35,71.8,0.77,202337866255.0,0.23,10.998,2.4398,3.58
00175,吉利汽车,154923.0,15.05,14.61,3.01,162327525560.0,0.29,8.489,1.4768,3.32
01093,石药集团,154021.0,9.075,9.285,-2.26,104566249468.0,0.7,12.1978,2.414,3.2
00883,中国海洋石油,148692.0,23.8,24.04,-1.0,1131212904819.0,0.18,7.1019,1.139,6.28
01024,快手-W,145861.0,30.0,28.54,5.12,129124514940.0,1.37,7.1841,1.3482,2.31
06030,中信证券,123159.0,23.68,23.54,0.59,369982765980.0,0.3,8.403,0.8723,2.65
00388,香港交易所,122560.0,377.0,375.0,0.53,477974509415.0,0.12,24.1237,7.8759,3.7
00345,维他奶国际,119175.0,6.805,6.78,0.37,6924571261.0,0.02,25.2704,2.3903,2.58
09618,京东集团-SW,117964.0,105.8,105.2,0.57,298175614491.0,0.25,17.234,1.1809,3.71
01830,完美医疗,115805.0,1.175,1.165,0.86,1476032381.0,0.05,8.2587,3.7891,12.43
00941,中国移动,111385.0,79.8,79.4,0.5,1731332057591.0,0.05,11.4258,1.0281,6.84
02269,药明生物,105755.0,53.45,54.1,-1.2,220017863996.0,3.25,38.5004,3.9426,
01797,东方甄选,102501.0,26.3,25.74,2.18,27717023433.0,0.35,44.4715,4.3086,
00656,复星国际,101951.0,4.75,4.555,4.28,38603056647.0,0.09,-1.5564,0.3505,
06862,海底捞,97796.0,9.495,9.235,2.82,52925130000.0,0.31,11.4602,4.6913,8.01
00005,汇丰控股,97161.0,144.8,142.6,1.54,2481151401497.0,0.08,13.1468,1.6067,4.08
01919,中远海控,94910.0,17.24,16.87,2.19,263226218563.0,0.5,8.6007,0.9691,5.96
02007,碧桂园,94138.0,0.183,0.179,2.23,8563257885.0,0.45,1.3202,-0.6034,
00874,白云山,93533.0,13.25,13.03,1.69,21541730074.0,0.68,7.2092,0.4757,6.64
02196,复星医药,92213.0,17.8,17.82,-0.11,47136105685.0,0.5,12.1733,0.8339,2.62
00853,微创医疗,89511.0,6.075,6.075,0.0,11648123929.0,,30.8435,1.5145,
09926,康方生物,85415.0,109.3,105.7,3.41,100680949137.0,1.05,-91.0684,10.2952,
02202,万科企业,85362.0,2.65,2.63,0.76,31616380098.0,1.68,-0.3082,0.2693,
00763,中兴通讯,85302.0,20.66,20.7,-0.19,98827830765.0,1.1,25.42,1.1138,2.33
01088,中国神华,83542.0,44.1,43.42,1.57,956504052806.0,0.29,15.2064,1.7865,7.95
02899,紫金矿业,81285.0,32.94,31.28,5.31,875900894059.0,0.71,11.2918,3.6435,2.85
03613,同仁堂国药,80867.0,5.59,5.56,0.54,4679389000.0,0.07,12.9436,1.151,7.17
01177,中国生物制药,78282.0,5.405,5.485,-1.46,100981356803.0,0.35,35.2156,2.6795,2.22
00939,建设银行,75766.0,9.7,9.665,0.36,2537523700152.0,0.05,6.5322,0.5784,4.69
09626,哔哩哔哩-W,75719.0,119.774,115.7,3.52,50163343772.0,0.65,28.859,2.7129,
02333,长城汽车,75699.0,7.14,6.91,3.33,61088888588.0,0.41,8.8716,0.6007,5.77
02513,智谱,75050.0,632.5,643.0,-1.63,308399466925.0,1.69,-91.9665,10.8268,
01398,工商银行,74958.0,7.47,7.388,1.11,2662354740455.0,0.11,6.4526,0.5282,7.24
03606,福耀玻璃,74605.0,55.25,53.05,4.15,144188330143.0,0.57,14.8681,3.2437,6.58
09868,小鹏集团-W,71569.0,38.24,37.5,1.97,73379849128.0,0.57,-20.2355,2.3309,
02319,蒙牛乳业,70204.0,18.18,17.55,3.59,70378279886.0,0.27,31.7601,1.5007,3.35
06160,百济神州,70165.0,209.2,213.0,-1.78,322646059865.0,0.13,62.9002,7.9447,
01928,金沙中国有限公司,69912.0,11.45,11.02,3.9,92669196031.0,0.33,13.5219,9.1788,8.73
01347,华虹宏力,69345.0,94.2,95.6,-1.46,181664209595.0,1.74,226.507,3.247,
02015,理想汽车-W,69232.0,44.58,43.02,3.63,91889602907.0,0.39,-17.3931,1.2053,
01548,金斯瑞生物科技,69157.0,42.32,40.7,3.98,96510610314.0,2.09,-19.4324,2.9354,
01299,友邦保险,69114.0,71.55,69.25,3.32,740302440449.0,0.42,11.8403,2.313,2.8
01801,信达生物,67805.0,92.4,92.6,-0.22,161223687425.0,0.52,112.1078,6.7305,
02359,药明康德,66818.0,206.8,209.0,-1.05,623451368329.0,1.76,24.8478,6.435,1.11
09888,百度集团-W,66641.0,82.9,82.15,0.91,226612248184.0,0.29,-63.0238,0.721,
00992,联想集团,65427.0,32.74,32.32,1.3,406459469550.0,0.62,65.0098,7.7722,1.29
01060,大麦娱乐,61808.0,0.44,0.43,2.33,13189772783.0,0.22,16.6664,0.6979,
03800,协鑫科技,60576.0,0.72,0.72,0.0,23153819021.0,0.23,-6.2967,0.5447,
06186,中国飞鹤,60086.0,2.745,2.665,3.0,24177039612.0,0.2,11.9291,0.8625,7.71
06969,思摩尔国际,58628.0,9.18,9.25,-0.76,56880987021.0,0.07,43.5833,2.3382,4.35
01357,美图公司,57774.0,3.76,3.6,4.44,16972936017.0,1.13,18.2802,2.4908,3.13
00914,海螺水泥,57465.0,15.92,15.98,-0.38,83735276420.0,0.38,11.2548,0.3768,5.51
01816,中广核电力,56895.0,3.185,3.2,-0.47,160838755431.0,0.65,14.1258,1.1264,3.17
01833,平安好医生,56075.0,6.015,5.96,0.92,13001083976.0,0.21,24.5604,1.1191,
09880,优必选,55947.0,71.7,69.2,3.61,36093878444.0,0.8,-52.1317,4.4708,
00285,比亚迪电子,55223.0,22.76,22.14,2.8,51282934420.0,0.29,20.777,1.3134,0.79
03988,中国银行,54861.0,6.095,6.03,1.08,1963884650006.0,0.17,7.2568,0.5489,4.35
01448,福寿园,53510.0,2.64,2.64,0.0,6124439434.0,,-29.0641,1.3004,6.74
03323,中国建材,52973.0,3.09,3.065,0.82,23462435996.0,0.78,-3.5453,0.1912,5.7
00728,中国电信,52671.0,4.64,4.525,2.54,424593123563.0,0.47,12.3718,0.7791,6.35
00857,中国石油股份,52349.0,9.825,9.83,-0.05,1798181107062.0,0.18,8.9021,0.9482,6.09
00772,阅文集团,51628.0,20.78,19.64,5.8,20989743283.0,0.91,-12.7861,1.0295,
01378,中国宏桥,50837.0,21.08,20.96,0.57,206992906488.0,0.22,6.55,1.3482,7.84
01336,新华保险,49825.0,44.82,44.82,0.0,139818078612.0,0.51,2.7617,0.9793,7.15
09999,网易,49332.0,193.1,186.5,3.54,618239030358.0,0.18,16.6222,3.1905,2.42
09660,地平线机器人-W,48781.0,4.095,3.95,3.67,65001927918.0,0.6,-42.1527,2.9023,
00799,IGG,48364.0,2.98,2.96,0.68,3412593485.0,0.07,6.0148,1.0725,23.76
01772,赣锋锂业,48295.0,30.04,29.34,2.39,62984699896.0,2.81,8.6174,1.1343,0.59
00762,中国联通,47650.0,5.62,5.56,1.08,171961458819.0,0.09,9.4181,0.3999,2.78
09995,荣昌生物,47528.0,70.65,70.25,0.57,39880334174.0,0.81,5.97,4.1378,
01766,中国中车,47515.0,5.335,5.225,2.11,153108439909.0,0.45,9.5888,0.7504,5.06
02400,心动公司,47010.0,39.34,37.56,4.74,19035853520.0,0.25,11.1665,4.09,
00836,华润电力,45658.0,19.8,19.72,0.41,102505743252.0,0.27,7.7094,0.7724,5.52
03900,绿城中国,45351.0,6.11,6.37,-4.08,15516947996.0,0.62,-275.1195,0.3851,
02618,京东物流,45012.0,10.32,10.06,2.58,68408406623.0,0.09,8.1664,1.0414,
00998,中信银行,44533.0,8.425,8.31,1.38,468532266263.0,0.09,6.0315,0.4668,5.3
02097,蜜雪集团,44154.0,171.7,170.5,0.7,65180547960.0,0.08,10.4436,2.0979,1.8
03993,洛阳钼业,44011.0,15.39,15.0,2.6,329258433609.0,0.46,10.3322,3.1596,2.9
01171,兖矿能源,43878.0,11.85,11.66,1.63,118936696437.0,0.68,9.0632,0.9507,5.15
06618,京东健康,43802.0,35.92,35.36,1.58,114602077915.0,0.12,16.0997,1.6115,
06060,众安在线,43427.0,9.495,9.39,1.12,15997298485.0,0.21,6.9941,0.5155,
01951,锦欣生殖,43317.0,2.285,2.23,2.47,6094175073.0,0.46,34.4354,0.5874,1.84
06055,中烟香港,43230.0,23.2,23.44,-1.02,16046976000.0,0.25,17.8109,3.9711,2.24
01288,农业银行,43187.0,6.44,6.438,0.03,2253890738142.0,0.15,6.9681,0.5814,6.89
00867,康哲药业,41849.0,10.52,10.44,0.77,25596543506.0,0.16,14.483,1.2325,3.35
00819,天能动力,41470.0,3.715,3.675,1.09,4183552518.0,0.24,4.0692,0.2113,9.68
02018,瑞声科技,40089.0,37.3,37.24,0.16,42961114250.0,0.24,14.9502,1.5331,0.94
09866,蔚来-SW,39984.0,27.12,27.0,0.44,67182337986.0,0.12,-12.094,14.3585,
00966,中国太平,39693.0,18.49,18.75,-1.39,66453402768.0,0.25,2.0614,0.5543,6.67
02628,中国人寿,39676.0,26.16,26.76,-2.24,739404682800.0,0.61,2.6192,0.955,4.38
03933,联邦制药,39517.0,7.515,7.51,0.07,14806627958.0,0.12,22.8045,0.7448,4.07
00960,龙湖集团,39043.0,5.3,5.29,0.19,37616233398.0,0.59,-315.7051,0.1982,1.53
01952,云顶新耀,39012.0,29.52,28.8,2.5,10463867700.0,1.28,-162.0442,1.7206,
02228,晶泰控股,38556.0,6.965,7.14,-2.45,29957692087.0,1.96,-122.5521,2.8602,
00001,长和,38011.0,66.7,66.05,0.98,255463968150.0,0.1,6.755,0.4413,3.52
02013,微盟集团,37548.0,0.765,0.75,2.0,3161177529.0,0.72,-8.0648,0.9972,
00268,金蝶国际,37504.0,7.845,7.14,9.87,27571619418.0,1.04,100.4904,2.981,
00288,万洲国际,37433.0,6.57,6.51,0.92,84294542444.0,0.15,6.9956,0.963,9.28
00493,国美零售,37431.0,0.01,0.01,0.0,764283719.0,0.01,-0.1389,-0.0293,
01530,三生制药,37099.0,15.07,14.99,0.53,37943925325.0,0.82,4.0786,1.1806,1.67
00916,龙源电力,36387.0,5.275,5.34,-1.22,44098030265.0,0.35,10.4324,0.499,3.6
01375,中州证券,36316.0,1.53,1.5,2.0,7103613591.0,0.55,10.0515,0.4174,2.61
00902,华能国际电力股份,36314.0,6.08,6.125,-0.73,95444407623.0,0.27,8.8289,0.5755,7.72
00291,华润啤酒,36062.0,19.094,18.87,1.19,61963778886.0,0.25,18.335,1.5083,6.14
00708,恒大汽车,35856.0,0.17,0.17,0.0,1843444810.0,,-13.5583,-0.0492,
00817,中国金茂,35361.0,1.29,1.32,-2.27,17431081589.0,0.33,36.0161,0.2729,2.34
02600,中国铝业,35294.0,7.77,7.67,1.3,133292475464.0,0.52,6.6456,1.3607,6.38
01068,雨润食品,35226.0,0.075,0.075,0.0,136706674.0,,-1.9543,-0.1669,
02338,潍柴动力,35211.0,27.94,28.4,-1.62,241234959738.0,1.32,16.1269,2.1492,3.76
00189,东岳集团,34511.0,11.03,10.64,3.67,19111809356.0,1.19,8.8215,1.088,2.73
01359,中国信达,34018.0,0.9,0.88,2.27,34348081632.0,0.15,55.7851,0.154,3.67
03908,中金公司,33660.0,19.66,19.55,0.56,94903870025.0,2.82,6.3998,0.6143,1.91
02601,中国太保,33548.0,28.04,27.74,1.08,269754374398.0,0.16,4.1748,0.7303,6.57
00390,中国中铁,33201.0,3.195,3.23,-1.08,78377536501.0,0.39,3.6866,0.1783,8.51
06181,老铺黄金,32968.0,335.2,321.4,4.29,59244756400.0,1.02,7.5456,3.8983,7.51
06682,范式智能,32926.0,24.8,24.58,0.9,13814528338.0,2.04,76.2264,1.3292,
08083,有赞,32727.0,0.162,,,5269805629.0,,29.025,3.7564,
06098,碧桂园服务,32692.0,5.215,5.19,0.48,17344159222.0,0.14,25.6611,0.4248,10.22
06869,长飞光纤光缆,32290.0,168.0,167.6,0.24,139088058144.0,4.21,35.088,7.3278,0.95
01888,建滔积层板,32231.0,48.94,50.15,-2.41,154231963000.0,2.28,35.1036,8.4145,1.39
01818,招金矿业,32159.0,18.27,17.12,6.72,64719523837.0,0.79,16.0588,2.1973,0.64
01610,中粮家佳康,32134.0,1.105,1.09,1.38,5063108147.0,0.13,-1.7033,0.6227,
01579,颐海国际,32100.0,14.54,14.34,1.39,15073618000.0,0.34,14.4271,2.8307,6.98
02498,速腾聚创,31446.0,16.275,15.4,5.68,7658218274.0,1.1,-41.7243,1.8621,
01811,中广核新能源,31433.0,2.105,2.13,-1.17,9030290020.0,0.1,5.9912,0.6104,8.5
00968,信义光能,31344.0,1.92,1.875,2.4,17535443741.0,0.4,104.9164,0.5123,0.52
01458,周黑鸭,31137.0,1.065,1.07,-0.47,2216334225.0,0.06,13.6907,0.5654,8.45
06185,康希诺生物,30796.0,35.22,35.96,-2.06,8700882671.0,4.56,194.0413,1.5225,
00880,澳博控股,30775.0,1.3,1.28,1.56,9232346976.0,0.09,-17.0496,0.7011,
01128,永利澳门,30642.0,5.095,4.9,3.98,27008328022.0,0.09,9.1966,-2.0739,8.69
03328,交通银行,30264.0,8.36,8.35,0.12,738721236104.0,0.04,7.1179,0.495,4.55
02099,中国黄金国际,30125.0,218.8,210.0,4.19,86735329156.0,0.4,14.2919,4.1843,1.69
03750,宁德时代,30017.0,489.8,476.8,2.73,2266426896203.0,1.34,23.3657,5.139,1.53
09961,携程集团-S,29933.0,303.4,296.0,2.5,197083656352.0,0.22,7.2695,1.0763,
02298,都市丽人,29622.0,0.237,0.243,-2.47,533121359.0,0.01,3.6821,0.2126,6.75
09863,零跑汽车,29424.0,34.66,34.0,1.94,49280026518.0,0.41,61.2971,2.9814,
09696,天齐锂业,29248.0,27.48,27.22,0.96,47076131116.0,2.12,8.8441,0.8264,
00788,中国铁塔,29218.0,9.17,9.08,0.99,161399767925.0,0.38,10.5542,0.6784,6.6
02238,广汽集团,29020.0,2.225,2.19,1.6,22688471628.0,0.34,-1.8619,0.1957,
02233,西部水泥,28720.0,1.835,1.85,-0.81,10023747725.0,0.11,16.8379,0.6998,3.04
02208,金风科技,28375.0,8.26,8.305,-0.54,34849614404.0,1.57,10.0707,0.6825,2.83
01860,汇量科技,28358.0,11.9,11.24,5.87,20175148031.0,0.66,34.1559,5.9209,
02380,中国电力,28108.0,2.735,2.74,-0.18,33832362939.0,0.04,18.0346,0.5194,7.2
01339,中国人民保险集团,27523.0,5.27,5.33,-1.13,233060430372.0,0.35,3.5316,0.5821,7.4
01658,邮储银行,27333.0,5.41,5.36,0.93,649714239392.0,0.15,6.6805,0.4711,4.73
01877,君实生物,27217.0,17.7,17.46,1.37,18172410717.0,0.64,-39.9539,2.641,
01114,华晨中国,27126.0,1.77,1.74,1.72,8930126817.0,0.2,7.1684,0.3746,28.25
02367,巨子生物,26921.0,23.71,22.84,3.81,25183618880.0,0.4,13.1013,2.3375,5.98
09896,名创优品,26734.0,17.96,17.79,0.96,21804184424.0,0.16,14.9191,1.828,4.2
09922,九毛九,26507.0,0.985,0.955,3.14,1317519945.0,0.08,15.1841,0.3684,2.15
00220,统一企业中国,26485.0,7.625,7.365,3.53,32934921750.0,0.24,13.2111,2.2086,7.29
03320,华润医药,26483.0,4.35,4.34,0.23,27328920505.0,0.06,5.7617,0.4483,5.62
00392,北京控股,26172.0,29.52,29.64,-0.4,37136256471.0,0.05,6.2004,0.3538,5.49
00316,东方海外国际,25724.0,152.75,146.5,4.27,100905039782.0,0.15,10.0921,0.9279,4.98
01898,中煤能源,25630.0,10.72,10.36,3.47,142132871648.0,0.39,8.0709,0.7371,4.39
02313,申洲国际,25615.0,34.72,34.42,0.87,52178465816.0,0.16,10.0317,1.2092,5.99
00570,中国中药,25521.0,1.27,1.215,4.53,6395468352.0,0.63,-5.4931,0.2809,
02727,上海电气,25410.0,2.795,2.795,0.0,43434639973.0,0.26,27.7153,0.6804,0.61
00354,中国软件国际,25370.0,3.79,3.74,1.34,10354580767.0,0.53,24.8978,0.7613,1.24
06886,华泰证券,24873.0,16.48,16.3,1.1,148762715193.0,0.23,6.5999,0.5944,5.19
01788,国泰君安国际,24625.0,2.89,2.885,0.17,27541540203.0,0.08,18.7341,1.7015,0.69
01208,五矿资源,24591.0,8.735,8.5,2.76,112213499804.0,0.13,13.437,2.4915,
00358,江西铜业股份,24539.0,33.04,32.58,1.41,114408579541.0,0.36,8.4147,1.1353,3.54
00151,中国旺旺,24478.0,2.795,2.725,2.57,32630596817.0,0.1,7.4925,1.4079,3.9
00148,建滔集团,24435.0,55.85,57.7,-3.21,62651509956.0,2.08,13.8385,0.7842,3.89
00027,银河娱乐,24382.0,32.18,30.64,5.03,140923966112.0,0.37,13.121,1.6614,5.3
03896,金山云,23911.0,4.835,4.73,2.22,21911179513.0,0.95,-31.2514,2.141,
02226,老恒和酿造,23889.0,0.66,0.635,3.94,381975000.0,0.0,-0.6657,-0.0921,
00688,中国海外发展,23848.0,13.22,13.55,-2.44,144691360333.0,0.24,11.2523,0.3169,3.64
01787,山东黄金,23718.0,19.47,18.42,5.7,89755327852.0,2.34,15.7195,1.6487,1.68
06690,海尔智家,23692.0,20.34,20.2,0.69,189410875019.0,0.26,9.2572,1.36,6.67
00302,中手游,23627.0,0.181,0.184,-1.63,564423992.0,0.01,-0.5415,0.2108,
01186,中国铁建,23137.0,4.35,4.33,0.46,59071005525.0,0.06,3.6901,0.1465,8.08
00139,小鱼盈通,23133.0,0.088,0.087,1.15,129733275.0,0.01,-1.3811,0.1523,2.27
00991,大唐发电,22955.0,2.705,2.69,0.56,50060651913.0,0.41,6.0599,0.5169,9.35
03692,翰森制药,22761.0,31.49,32.18,-2.14,190899444204.0,0.14,24.9216,4.3513,1.54
02669,中海物业,22631.0,3.335,3.29,1.37,10952008134.0,0.06,7.3645,1.5172,6.0
06881,中国银河,22599.0,7.1,6.92,2.6,77634256018.0,0.33,5.3564,0.4333,5.77
00486,俄罗斯铝业,22462.0,2.82,2.74,2.92,42844301911.0,0.0,100.2808,0.4495,
01258,中国有色矿业,22383.0,15.39,15.28,0.72,60052334040.0,0.15,13.3768,2.4999,2.68
00520,呷哺呷哺,22383.0,0.216,0.213,1.41,234613688.0,0.01,-0.8261,0.476,
09688,再鼎医药,22173.0,19.23,19.19,0.21,21880433017.0,0.39,-14.9352,4.5965,
00699,均胜电子,22145.0,11.35,11.29,0.53,17530989390.0,4.33,11.2576,0.9175,1.92
01138,中远海能,22024.0,21.28,20.9,1.82,116428229835.0,2.08,15.2095,2.0931,3.62
02357,中航科工,22005.0,3.025,3.055,-0.98,24117884082.0,0.21,13.4756,0.595,2.58
02388,中银香港,21951.0,49.6,48.48,2.31,524409901194.0,0.11,12.5707,1.4546,4.77
02150,奈雪的茶,21757.0,0.7,0.7,0.0,1158590053.0,0.02,-4.6249,0.2862,
03883,中国奥园,21664.0,0.038,0.037,2.7,179028929.0,0.64,-0.0103,-0.003,
06078,海吉亚医疗,21612.0,9.6,9.49,1.16,5781269760.0,0.15,27.5407,0.7151,
00696,中国民航信息网络,21596.0,8.94,8.82,1.36,26160313726.0,0.32,9.3314,0.9067,3.61
06088,鸿腾精密科技,21584.0,4.635,4.665,-0.64,33852828281.0,0.27,26.7088,1.5719,
09901,新东方-S,21491.0,45.43,44.68,1.68,71808314575.0,2.78,19.2884,2.2995,2.07
06049,保利物业,21457.0,27.66,27.24,1.54,15305201844.0,0.12,8.3801,1.2413,5.93
02607,上海医药,21417.0,11.0,10.9,0.92,40791979899.0,0.18,7.3544,0.448,6.08
02282,美高梅中国,21295.0,9.615,9.21,4.4,36537007702.0,0.16,7.9561,9.5523,6.27
01880,中国中免,21206.0,45.02,44.9,0.27,93542404913.0,0.36,19.4771,1.4147,1.77
03396,联想控股,20906.0,21.68,22.02,-1.54,51083085912.0,1.27,17.0434,0.7666,0.54
01072,东方电气,20875.0,17.47,17.65,-1.02,60417554895.0,0.78,11.3633,1.136,3.56
01666,同仁堂科技,20772.0,3.055,3.04,0.49,3912795120.0,0.07,10.8594,0.4622,6.95
00168,青岛啤酒股份,20623.0,40.6,40.02,1.45,55386321913.0,0.4,10.3247,1.533,6.79
06699,时代天使,20573.0,82.1,83.2,-1.32,14148705224.0,0.16,44.093,4.3657,12.18
03759,康龙化成,20352.0,30.62,31.26,-2.05,56163754019.0,1.97,28.7936,2.6232,0.75
01066,威高股份,20328.0,3.315,3.26,1.69,14929295844.0,0.16,9.4228,0.5254,5.58
02888,渣打集团,20043.0,219.6,218.0,0.73,477465037139.0,0.07,12.5984,1.0962,2.55
00305,五菱汽车,19915.0,0.31,0.31,0.0,1022430013.0,0.02,13.1904,0.4221,2.0
02883,中海油田服务,19742.0,7.645,7.75,-1.35,36478820840.0,0.31,8.2107,0.6701,4.33
01585,雅迪控股,19665.0,8.98,8.565,4.85,27951572700.0,0.55,9.9052,2.3555,5.9
01113,长实集团,19632.0,45.119,44.8,0.71,157840002818.0,0.1,11.927,0.3867,3.99
03898,时代电气,19559.0,27.92,27.16,2.8,37153239263.0,0.74,7.8814,0.7568,4.9
01958,北京汽车,19277.0,0.7,0.695,0.72,5610736727.0,0.1,-2.6528,0.0888,
03986,兆易创新,19259.0,392.8,398.8,-1.5,276519976526.0,4.46,30.3236,6.4235,0.22
01515,华润医疗,19233.0,2.315,2.3,0.65,3001806135.0,0.02,6.2011,0.3881,6.75
03618,重庆农村商业银行,19036.0,6.28,6.31,-0.48,71321960000.0,0.36,5.0025,0.4225,6.0
02252,微创机器人-B,18951.0,21.18,21.18,0.0,21843576411.0,,-78.6033,46.6289,
02577,英诺赛科,18926.0,36.84,37.2,-0.97,33712308057.0,0.59,-40.9809,7.5657,
01055,中国南方航空股份,18637.0,2.87,2.83,1.41,52007270872.0,0.07,-31.6648,1.4835,
06099,招商证券,18636.0,14.01,13.72,2.11,121838340552.0,0.18,6.206,0.7276,5.15
02158,医渡科技,18620.0,3.155,3.265,-3.37,3218056130.0,0.25,38.8097,0.76,1.27
02866,中远海发,18599.0,0.885,0.875,1.14,11621870197.0,0.14,6.1638,0.3185,4.86
09985,卫龙美味,18567.0,6.65,6.525,1.92,16161747554.0,0.17,9.6754,1.855,7.93
01789,爱康医疗,18549.0,4.65,4.735,-1.8,5007893676.0,0.26,11.6284,1.554,2.61
00460,四环医药,18526.0,0.735,0.705,4.26,6700251331.0,0.25,19.2931,0.9429,1.5
00410,SOHO中国,18526.0,0.275,0.27,1.85,1429869109.0,0.02,-5.4339,0.0346,
00384,中国燃气,18483.0,5.21,5.3,-1.7,28357635017.0,0.19,10.4393,0.4965,6.72
00371,北控水务集团,18432.0,1.52,1.54,-1.3,15219250455.0,0.21,10.5177,0.3724,9.77
01516,融创服务,18406.0,0.75,0.74,1.35,2270979750.0,0.02,9.6353,0.3782,1.6
01896,猫眼娱乐,18285.0,3.815,3.69,3.39,4479352329.0,0.24,11.1993,0.4322,5.71
02688,新奥能源,18188.0,49.26,49.14,0.24,55754402145.0,0.22,7.9702,1.0065,6.09
01368,特步国际,18143.0,3.515,3.47,1.3,9895065902.0,0.12,6.7175,0.7815,7.83
00753,中国国航,17975.0,3.69,3.685,0.14,75617550201.0,0.31,-28.5019,1.0993,
02369,酷派集团,17729.0,0.49,0.485,1.03,194985797.0,,-2.2307,0.1137,
00013,和黄医药,17551.0,21.78,21.58,0.93,18999458914.0,1.54,172.464,1.9182,
01071,华电国际电力股份,17531.0,4.305,4.28,0.58,49988687862.0,0.67,8.2768,0.6165,3.79
00751,创维集团,17445.0,3.15,3.065,2.77,5950354882.0,1.46,6.0497,0.2867,
00136,中国儒意,17380.0,1.515,1.465,3.41,25452931142.0,0.25,15.7669,0.9172,
06066,中信建投证券,17267.0,11.17,11.03,1.27,86642280882.0,0.31,6.5646,0.5981,3.56
01317,枫叶教育,17212.0,0.159,0.163,-2.45,452179292.0,0.0,1.3053,0.1996,
01776,广发证券,17142.0,16.84,16.6,1.45,131770398405.0,0.18,6.4485,0.6429,5.21
00884,旭辉控股集团,17118.0,0.038,0.033,15.15,744680290.0,1.68,0.0388,0.0259,
01038,长江基建集团,17032.0,66.1,64.8,2.01,166546283465.0,0.04,6.6271,1.0569,3.97
02096,先声药业,17008.0,10.89,10.98,-0.82,27967682950.0,0.16,15.6179,2.58,1.94
00868,信义玻璃,17000.0,8.15,8.02,1.62,36353791809.0,0.13,11.0219,0.8439,4.44
00697,首程控股,16979.0,1.285,1.27,1.18,10190835342.0,0.12,57.8255,1.0164,6.82
00135,昆仑能源,16928.0,7.61,7.495,1.53,65597041058.0,0.08,10.4129,0.8124,5.26
01193,华润燃气,16915.0,16.41,16.45,-0.24,37972951213.0,0.04,10.6327,0.8208,5.79
09969,诺诚健华,16898.0,12.77,12.54,1.83,22567171315.0,0.59,21.7646,2.5246,
00300,美的集团,16774.0,93.4,92.8,0.65,712585876220.0,1.06,14.0037,2.8709,5.41
00512,远大医药,16770.0,4.74,4.74,0.0,16824967242.0,0.11,15.152,0.9738,3.57
03347,泰格医药,16742.0,44.58,44.22,0.81,38384541309.0,0.63,421.035,1.7048,0.33
00694,北京首都机场股份,16583.0,1.395,1.38,1.09,6387954673.0,0.06,-12.6701,0.4292,
01112,H&H国际控股,16485.0,20.18,19.84,1.71,13027428124.0,0.25,15.3797,1.7266,4.86
03383,雅居乐集团,16477.0,0.191,0.165,15.76,963795073.0,0.28,-0.0363,-0.3628,
06666,恒大物业,16476.0,1.185,1.14,3.95,12810811035.0,0.18,10.9648,5.2708,
01799,新特能源,16451.0,3.675,3.67,0.14,5255250000.0,0.79,-4.0352,0.1447,
01800,中国交通建设,16411.0,3.355,3.325,0.9,54397252966.0,0.12,3.9359,0.1502,6.84
01164,中广核矿业,16399.0,2.075,2.08,-0.24,15771416488.0,0.89,35.7353,3.5105,0.68
06082,壁仞科技,16297.0,30.84,30.36,1.58,80134331533.0,1.95,-4.73,4.2883,
01044,恒安国际,16259.0,19.58,19.41,0.88,22621183555.0,0.33,8.1635,0.8908,8.39
06993,蓝月亮集团,16155.0,2.445,2.42,1.03,14178391811.0,0.01,-164.729,2.1033,7.4
01638,佳兆业集团,15868.0,0.02,0.019,5.26,253463679.0,3.33,0.0046,0.1088,
00119,保利置业集团,15839.0,1.265,1.27,-0.39,4833796644.0,0.36,-5.8054,0.1285,2.06
01618,中国中冶,15838.0,1.32,1.305,1.15,27312937304.0,0.15,-36.1185,0.1508,
01513,丽珠医药,15815.0,22.1,21.22,4.15,19622748479.0,0.41,10.1805,1.274,7.59
02666,环球医疗,15806.0,4.555,4.505,1.11,9174703429.0,0.12,3.6533,0.3689,7.89
02328,中国财险,15762.0,15.96,15.94,0.13,354994534236.0,0.29,6.3842,1.0009,7.51
00813,世茂集团,15605.0,0.094,0.068,38.24,976246958.0,3.64,0.0515,-0.1357,
02611,国泰海通,15460.0,14.17,14.02,1.07,249123591123.0,0.11,6.7946,0.5774,5.38
00777,网龙,15436.0,7.96,8.04,-1.0,4187757982.0,0.17,23.6848,0.6867,12.56
01929,周大福,15400.0,11.16,10.8,3.33,110108256192.0,0.12,12.2175,3.5517,6.01
00546,阜丰集团,15318.0,4.345,4.355,-0.23,10894418531.0,0.4,9.1902,0.4789,4.3
03899,中集安瑞科,15287.0,6.99,7.055,-0.92,14746925346.0,0.11,11.8569,0.9984,4.43
01302,先健科技,15144.0,1.355,1.31,3.44,6275970302.0,0.73,96.9343,1.6362,
00806,惠理集团,15121.0,1.87,1.875,-0.27,3415947384.0,0.01,5.6591,0.7906,2.94
02689,玖龙纸业,15079.0,5.29,5.225,1.24,24821848090.0,0.16,5.9985,0.4279,
00336,华宝国际,15052.0,3.355,3.305,1.51,10808605139.0,0.15,-24.4732,0.8268,3.22
00267,中信股份,15037.0,12.67,12.62,0.4,368573627522.0,0.03,5.2562,0.3977,5.5
00558,力劲科技,14997.0,1.105,1.125,-1.78,1507652608.0,0.06,39.827,0.7881,5.43
01333,博雷顿,14994.0,12.36,13.15,-6.01,5041408690.0,0.83,-19.5274,5.213,
06865,福莱特玻璃,14954.0,5.41,5.265,2.75,12609418422.0,0.55,32.6791,0.5034,3.35
00317,中船防务,14931.0,14.3,14.52,-1.52,20213141205.0,0.49,13.3647,0.9172,1.92
00165,中国光大控股,14906.0,5.99,6.155,-2.68,10094669735.0,0.57,-2.2598,0.3107,1.5
09966,康宁杰瑞制药-B,14860.0,7.345,7.54,-2.59,7099505839.0,0.15,-35.9723,3.6432,
00257,光大环境,14807.0,4.565,4.58,-0.33,28042682208.0,0.1,6.7578,0.4323,6.13
00144,招商局港口,14783.0,17.17,17.18,-0.06,72079817724.0,0.04,10.7502,0.6195,4.3
01478,丘钛科技,14746.0,4.885,4.835,1.03,5837041192.0,0.4,3.5439,0.7877,11.28
02460,华润饮料,14528.0,7.31,7.225,1.18,17530817146.0,0.03,19.5362,1.4365,5.43
00956,新天绿色能源,14527.0,3.375,3.38,-0.15,15188402721.0,0.08,7.7091,0.5081,6.94
00769,中国稀土,14501.0,0.7,0.7,0.0,1953315197.0,,-18.6165,0.9448,
02777,富力地产,14477.0,0.26,0.22,18.18,975615509.0,0.42,-0.0489,-0.0882,
01209,华润万象生活,14380.0,38.44,37.32,3.0,87739300000.0,0.2,18.3601,4.8131,5.57
02142,和铂医药-B,14376.0,11.16,11.79,-5.34,9700992066.0,1.34,14.7589,2.9584,
06809,澜起科技,14260.0,269.4,273.4,-1.46,328812942857.0,3.16,93.0946,13.1309,0.26
02259,紫金黄金国际,14255.0,146.5,136.2,7.56,392083707450.0,1.52,19.8991,5.3699,2.04
00297,中化化肥,14246.0,1.235,1.22,1.23,8675202830.0,0.19,5.5839,0.6291,5.59
09987,百胜中国,14216.0,340.2,323.8,5.06,115270730770.0,0.18,15.1917,2.7425,2.65
00975,蒙古焦煤,14193.0,8.615,8.345,3.24,8837493454.0,0.18,9.4477,0.8503,
01812,晨鸣纸业,14165.0,0.6,0.605,-0.83,1764873720.0,0.2,-0.2983,9.8388,
02050,三花智控,14109.0,22.78,22.86,-0.35,95858557439.0,1.07,20.9479,2.5357,2.67
02533,黑芝麻智能,13970.0,8.29,8.36,-0.84,5929074229.0,0.62,-3.6137,3.4997,
02423,贝壳-W,13899.0,45.12,44.84,0.62,155021548593.0,0.19,28.4487,2.0476,1.63
01053,重庆钢铁股份,13856.0,0.845,0.84,0.6,8119891898.0,0.27,-2.6254,0.4783,
03698,徽商银行,13856.0,4.665,4.67,-0.11,64795922649.0,0.06,3.5367,0.3225,6.27
03308,中际旭创,13782.0,972.5,999.5,-2.7,1145517125873.0,2.53,48.974,11.4547,0.14
00881,中升控股,13771.0,2.475,2.445,1.23,5858309811.0,0.41,-2.0483,0.1148,
01276,恒瑞医药,13737.0,48.04,48.44,-0.83,318851081947.0,2.58,35.9843,4.2543,0.49
00522,ASM 太平洋,13735.0,161.5,163.8,-1.4,67734429630.0,0.59,53.0777,3.9142,1.3
00200,新濠国际发展,13542.0,2.72,2.585,5.22,6188069719.0,0.18,6.0625,3.1274,
03918,金界控股,13434.0,2.51,2.575,-2.52,11123820252.0,0.15,4.6772,0.567,6.45
00586,海螺创业,13407.0,7.48,7.465,0.2,13404467121.0,0.17,6.5372,0.234,5.35
03931,中创新航,13397.0,16.12,15.85,1.7,28569505951.0,1.22,12.8957,0.6598,
01999,敏华控股,13394.0,2.765,2.71,2.03,10628525068.0,0.04,5.8431,0.7467,8.75
02696,复宏汉霖,13368.0,50.6,50.65,-0.1,27591312362.0,0.32,27.8539,5.2594,
09911,赤子城科技,13363.0,9.425,9.06,4.03,13198189335.0,0.39,10.3083,3.6801,
03319,雅生活服务,13333.0,1.81,1.655,9.37,2567558396.0,0.26,25.8864,0.2313,7.9
06808,高鑫零售,13220.0,1.015,1.01,0.5,9683612271.0,0.06,-26.7455,0.4858,16.75
01798,大唐新能源,13186.0,0.99,0.98,1.02,7200963990.0,0.2,22.9903,0.1829,3.54
02616,基石药业-B,13158.0,5.115,5.24,-2.39,8165195071.0,0.59,-16.8922,5.4493,
00327,百富环球,13141.0,3.655,3.635,0.55,3881178710.0,0.03,4.4178,0.447,2.18
00598,中国外运,13066.0,4.59,4.48,2.46,32927518132.0,0.2,7.5924,0.6892,7.54
02602,万物云,13051.0,19.35,19.48,-0.67,22197612351.0,0.03,27.4525,1.3224,7.63
01133,哈尔滨电气,12840.0,12.97,13.23,-1.97,29004499720.0,0.43,7.6244,1.3404,3.23
02877,神威药业,12710.0,7.38,7.34,0.54,6103260000.0,0.1,6.5947,0.6388,33.0
00780,同程旅行,12631.0,9.96,9.845,1.17,23448986982.0,0.31,8.2818,0.8608,2.51
03309,希玛医疗,12627.0,0.76,0.775,-1.94,917402741.0,0.07,9.1336,0.5,3.95
01179,华住集团-S,12564.0,34.06,32.96,3.34,104742612751.0,0.56,18.2376,6.4422,4.84
01428,耀才证券金融,12535.0,6.395,6.53,-2.07,10854209890.0,0.7,16.207,5.0011,
09927,赛力斯,12527.0,33.88,34.52,-1.85,59018454714.0,1.55,41.4706,1.3687,2.76
00934,中石化冠德,12522.0,3.97,3.765,5.44,9870055200.0,0.21,11.5784,0.584,6.31
00670,中国东方航空股份,12402.0,2.455,2.41,1.87,54225393525.0,0.09,-13.6742,1.246,
00719,山东新华制药股份,12384.0,5.725,5.665,1.06,3988512665.0,0.55,15.9635,0.6564,3.07
00293,国泰航空,12307.0,14.19,14.15,0.28,86291206859.0,0.04,6.4119,1.4831,6.36
01349,复旦张江,12280.0,2.565,2.545,0.79,2658807437.0,0.38,-19.1463,1.0728,
09899,网易云音乐,12265.0,83.6,82.15,1.77,17583881938.0,0.17,9.1133,1.203,
02869,绿城服务,12224.0,4.16,4.175,-0.36,12944312106.0,0.05,11.5112,1.3982,5.82
06199,贵州银行,12196.0,0.935,0.935,0.0,13639823706.0,0.0,2.9976,0.2221,7.49
03380,龙光集团,12185.0,1.18,1.215,-2.88,6708780791.0,0.07,-1.6226,0.3366,
02128,中国联塑,12172.0,3.1,3.185,-2.67,9617497040.0,0.24,8.7593,0.3346,6.45
01070,TCL电子,12146.0,17.09,17.18,-0.52,43082781799.0,0.2,14.6521,2.1014,2.92
01858,春立医疗,12108.0,7.38,7.505,-1.67,2830735530.0,0.54,8.9175,0.8045,5.73
02476,胜宏科技,11992.0,180.5,193.8,-6.86,177392658747.0,4.88,30.9884,4.0847,
06198,青岛港,11963.0,7.76,7.62,1.84,50370936000.0,0.14,8.4709,0.9222,7.33
06127,昭衍新药,11945.0,31.68,30.08,5.32,23739351610.0,7.36,20.9268,2.2779,0.45
03833,新疆新鑫矿业,11941.0,1.845,1.86,-0.81,4077450000.0,0.09,9.6022,0.6353,3.19
03330,灵宝黄金,11915.0,18.79,18.43,1.95,25885946412.0,3.69,12.2516,2.8611,0.31
03306,江南布衣,11875.0,22.82,22.08,3.35,12169563700.0,0.31,10.5663,3.6796,14.16
00270,粤海投资,11866.0,8.775,8.74,0.4,57369383136.0,0.18,11.6777,1.2396,5.56
02137,腾盛博药-B,11806.0,0.84,0.845,-0.59,606639697.0,0.07,-3.0063,0.2355,
06818,中国光大银行,11796.0,2.815,2.83,-0.53,166325826237.0,0.06,5.0712,0.2357,7.28
01361,361度,11694.0,4.545,4.4,3.3,9852114690.0,0.06,6.2275,0.7532,7.35
01876,百威亚太,11668.0,5.835,5.74,1.66,77275221495.0,0.04,17.9506,0.9978,7.61
01308,海丰国际,11661.0,50.0,49.5,1.01,135576411650.0,0.12,13.738,6.113,6.38
00116,周生生,11639.0,13.83,13.2,4.77,9289776960.0,0.27,3.1319,0.5711,7.73
02171,科济药业-B,11619.0,11.62,12.06,-3.65,6905040296.0,0.46,-66.8809,5.4381,
01698,腾讯音乐-SW,11570.0,31.7,30.88,2.66,99785545300.0,0.04,9.7593,1.1087,2.97
06178,光大证券,11560.0,6.89,6.725,2.45,31768326833.0,0.1,7.1352,0.3703,4.82
00123,越秀地产,11471.0,3.34,3.315,0.75,13444812329.0,0.12,-10.0588,0.211,4.96
02556,迈富时,11443.0,48.84,46.28,5.53,13556499264.0,1.58,45.8182,4.0636,
00837,谭木匠,11410.0,5.38,5.35,0.56,1338081320.0,0.03,7.1547,1.1841,7.12
02039,中集集团,11375.0,7.13,7.27,-1.93,37853673271.0,0.08,-92.393,0.6514,2.95
00839,中教控股,11334.0,1.92,1.92,0.0,5376600701.0,0.08,5.9628,0.2711,
00579,京能清洁能源,11226.0,1.6,1.575,1.59,13191213030.0,0.06,4.9252,0.3021,13.23
01681,康臣药业,10944.0,14.81,14.73,0.54,12409858729.0,0.08,9.2784,2.2452,5.26
03316,滨江服务,10902.0,21.02,20.82,0.96,5810075140.0,0.09,8.3075,2.9447,4.64
09939,开拓药业-B,10882.0,1.615,1.65,-2.12,805336062.0,0.18,-3.6645,6.3845,
02469,粉笔,10766.0,0.3,0.3,0.0,662998809.0,0.05,-2.7633,0.5123,
02302,中核国际,10764.0,3.275,3.13,4.63,1602026209.0,0.07,8.5534,1.832,
02858,易鑫集团,10751.0,1.015,1.0,1.5,6903003870.0,0.13,4.4638,0.3538,13.79
02500,启明医疗-B,10750.0,1.1,1.14,-3.51,485112587.0,0.11,-0.9243,0.2774,
01318,毛戈平,10734.0,46.16,45.86,0.65,22618676960.0,0.26,14.7263,3.9162,4.11
01773,天立国际控股,10722.0,0.784,0.775,1.16,1629051840.0,0.15,1.9667,0.4298,5.82
09858,优然牧业,10695.0,3.93,3.85,2.08,17650525384.0,0.41,22.8272,1.1104,
02378,保诚,10686.0,93.3,91.05,2.47,231122677336.0,0.01,8.135,1.4851,2.38
00451,时代数字,10661.0,0.42,0.435,-3.45,744686429.0,0.09,-0.6109,0.1646,
00337,绿地香港,10654.0,0.122,0.116,5.17,340609931.0,0.06,-0.0949,0.0386,
00506,中国食品,10647.0,3.76,3.74,0.53,10517559969.0,0.05,10.0511,1.2887,4.79
03311,中国建筑国际,10599.0,8.64,8.66,-0.23,45638352012.0,0.07,5.1912,0.4998,7.11
01672,歌礼制药-B,10559.0,6.98,7.545,-7.49,7342854218.0,0.37,-10.9234,2.8069,
00017,新世界发展,10500.0,5.315,5.28,0.66,13375905304.0,0.15,-0.6896,0.0755,
01866,中国心连心化肥,10456.0,10.69,10.64,0.47,13603516740.0,0.42,9.3971,1.0956,3.52
00434,博雅互动,10400.0,3.005,3.0,0.17,2276581179.0,0.07,-1.8142,1.1112,1.23
01910,新秀丽,10372.0,12.81,12.59,1.75,17470220112.0,0.15,8.5939,1.4784,6.28
01316,耐世特,10313.0,4.55,4.5,1.11,11419700533.0,0.06,11.7517,0.6742,3.18
01364,古茗,10300.0,23.6,23.4,0.85,55197980056.0,0.16,15.8064,5.9737,5.08
02525,禾赛-W,10259.0,15.71,15.66,0.32,19749633078.0,0.52,35.2978,1.9118,
02432,越疆,10255.0,19.53,19.55,-0.1,8592328962.0,0.31,-50.4545,2.9227,
03990,美的置业,10225.0,2.36,2.335,1.07,3387571100.0,0.01,5.8442,0.5983,14.35
02002,阳光纸业,10220.0,1.61,1.605,0.31,1714882418.0,0.02,11.1749,0.304,
02280,慧聪集团,10217.0,0.206,0.206,0.0,269845811.0,,-1.0199,1.0691,
01045,亚太卫星,10202.0,1.95,1.94,0.52,1810716375.0,0.03,13.5479,0.2921,4.1
01995,永升服务,10133.0,1.675,1.695,-1.18,2860317100.0,0.09,5.7248,0.4747,12.26
06979,珍酒李渡,10093.0,8.195,7.915,3.54,27769769992.0,0.09,43.341,1.7489,0.85
00826,天工国际,10076.0,2.885,2.92,-1.2,7861625000.0,0.31,16.2427,0.9025,1.04
01117,现代牧业,10071.0,1.5,1.45,3.45,11873493072.0,0.13,-50.7952,1.1763,
09973,奇瑞汽车,10055.0,23.74,24.1,-1.49,137891148521.0,0.11,6.7471,2.1893,4.25
01415,高伟电子,10047.0,21.6,22.0,-1.82,18678098880.0,0.32,10.9435,2.9507,1.63
00921,海信家电,9990.0,21.54,21.4,0.65,29829909623.0,0.12,9.3834,1.4883,6.86
00710,京东方精电,9976.0,3.74,3.705,0.94,2960491263.0,0.25,9.9203,0.5991,4.1
06990,科伦博泰生物,9911.0,442.8,445.8,-0.67,105839813473.0,0.35,580.5294,11.8963,
01611,新火集团,9889.0,1.89,1.895,-0.26,1423261429.0,0.01,-5.8849,2.6204,
01167,加科思-B,9884.0,5.51,5.82,-5.33,4309801772.0,0.37,7.2212,2.7603,
03668,兖煤澳大利亚,9879.0,31.88,31.82,0.19,42095609252.0,0.03,27.2441,0.8373,3.29
01233,时代中国控股,9867.0,0.057,0.055,3.64,171257131.0,0.29,0.0216,-0.0124,
02362,金川国际,9825.0,0.77,0.71,8.45,10111703179.0,0.61,17.1491,1.1569,0.52
01385,上海复旦,9781.0,23.98,24.16,-0.75,19752787615.0,0.76,19.2338,2.4585,0.28
06693,赤峰黄金,9774.0,36.02,33.88,6.32,68452810632.0,2.23,16.1754,4.1388,1.04
01668,华南城,9752.0,0.107,0.107,0.0,1224282535.0,,-0.1364,0.046,
00363,上海实业控股,9728.0,13.13,13.13,0.0,14275088308.0,0.02,7.0058,0.276,8.54
00323,马鞍山钢铁股份,9690.0,1.475,1.495,-1.34,11358504749.0,0.22,-49.1141,0.4118,
00425,敏实集团,9685.0,23.08,22.54,2.4,27038063033.0,0.21,8.2914,0.9914,3.32
00101,恒隆地产,9677.0,6.595,6.505,1.38,34314329272.0,0.06,20.7556,0.2475,7.72
00568,山东墨龙,9666.0,3.825,4.075,-6.13,3274283968.0,16.78,-1204.3388,4.6663,
00082,疯狂体育,9635.0,0.079,0.08,-1.25,357564700.0,0.03,-12.5545,0.5362,
00066,港铁公司,9613.0,31.64,31.0,2.06,196953405130.0,0.05,8.3843,0.8642,4.14
09698,万国数据-SW,9611.0,30.09,29.76,1.11,48218868762.0,1.59,11.4067,1.2959,
03996,中国能源建设,9584.0,1.045,1.04,0.48,46230991489.0,0.15,7.6235,0.3187,3.54
00325,布鲁可,9580.0,70.3,66.95,5.0,17318380044.0,0.29,20.9337,4.7235,0.46
06166,剑桥科技,9566.0,105.2,110.8,-5.05,38739939240.0,11.1,71.7956,3.5709,0.36
03699,光大永年,9559.0,0.505,0.52,-2.88,222907000.0,0.01,11.1985,0.192,3.76
06821,凯莱英,9537.0,155.3,163.0,-4.72,56210628451.0,4.06,47.6129,2.7428,0.98
02162,康诺亚-B,9511.0,78.85,75.6,4.3,23555299379.0,0.87,25.822,5.1044,
00081,中国海外宏洋集团,9505.0,3.22,3.17,1.58,11461186637.0,0.08,28.096,0.3074,1.25
01238,宝龙地产,9487.0,0.179,0.175,2.29,741132137.0,0.01,-0.1711,0.0246,
02009,金隅集团,9471.0,0.615,0.61,0.82,6566829247.0,0.25,-2.1261,0.0854,9.59
02005,石四药集团,9467.0,2.67,2.775,-3.78,7702665338.0,0.14,15.1791,0.9874,3.18
00439,瀚源控股,9440.0,0.51,0.515,-0.97,314003372.0,0.01,-2.0547,0.1461,
00347,鞍钢股份,9384.0,1.085,1.09,-0.46,10165605065.0,0.62,-1.7956,0.2111,
06880,MOMENTA-W,9375.0,143.5,140.8,1.92,33799704579.0,0.06,-1.6044,-1.0332,
03377,远洋集团,9337.0,0.041,0.035,17.14,519413306.0,1.67,-0.0432,-0.0634,
00909,明源云,9320.0,0.84,0.835,0.6,1581240377.0,0.16,78.5368,0.3354,12.07
00152,深圳国际,9287.0,5.18,5.095,1.67,12696520512.0,0.09,8.2517,0.3575,8.86
03983,中海石油化学,9264.0,1.9,1.885,0.8,8759000000.0,0.12,9.0607,0.4052,6.88
03393,威胜控股,9253.0,12.36,12.21,1.23,12767307423.0,0.29,10.5214,1.6996,3.94
01519,极兔速递-W,9253.0,8.99,8.69,3.45,86080855281.0,0.29,30.4319,2.5433,
00069,香格里拉(亚洲),9237.0,3.83,3.79,1.06,13753974877.0,0.0,12.2465,0.3255,3.94
03700,映宇宙,9218.0,0.65,0.665,-2.26,1511204760.0,0.06,9.685,0.2629,
00564,中创智领,9190.0,11.388,11.25,1.23,20317851203.0,0.45,5.2255,0.7371,12.87
00816,金茂服务,9162.0,2.15,2.15,0.0,1944006350.0,0.02,5.7064,1.0113,8.84
00016,新鸿基地产,9151.0,108.7,106.9,1.68,314988715784.0,0.15,14.6742,0.496,3.48
00951,超威动力,9134.0,1.12,1.14,-1.75,1236622216.0,0.03,3.5278,0.1586,5.02
01755,新城悦服务,9040.0,2.8,2.8,0.0,2439726800.0,,11.0647,0.9811,
00400,硬蛋创新,9035.0,4.375,4.265,2.58,7193649453.0,0.13,17.2444,1.4645,
00485,中国华星,9000.0,0.34,0.34,0.0,86645559.0,0.0,-6.6431,0.4728,
01911,华兴资本控股,8969.0,3.3,3.32,-0.6,1892047661.0,0.01,21.4014,0.2732,
81810,小米集团-WR,8967.0,22.08,20.2,9.31,569547495255.0,0.0,15.1074,2.1137,
06169,宇华教育,8956.0,0.355,0.365,-2.74,1529535536.0,0.01,1.7156,0.1461,
00357,美兰空港,8943.0,3.78,3.825,-1.18,1788745140.0,0.09,-5.753,0.4135,
06826,昊海生物科技,8942.0,15.95,16.07,-0.75,3649873510.0,0.19,20.3424,0.5913,6.43
00855,中国水务,8930.0,4.24,4.28,-0.93,6897260347.0,0.06,7.0022,0.4579,3.06
03808,中国重汽,8904.0,34.9,34.66,0.69,96358667531.0,0.11,10.6389,1.7633,5.9
02314,理文造纸,8902.0,3.38,3.305,2.27,14517100000.0,0.04,5.7993,0.4381,6.07
01091,南方锰业,8893.0,0.54,0.54,0.0,3199163662.0,0.05,9.0504,0.8748,
01313,华润建材科技,8831.0,0.93,0.915,1.64,6494132170.0,0.12,-20.7893,0.1276,4.09
00639,首钢资源,8817.0,2.78,2.725,2.02,14153162841.0,0.05,17.2297,0.8573,5.79
00552,中国通信服务,8785.0,4.07,4.035,0.87,28188894888.0,0.07,7.0965,0.5104,6.48
01963,重庆银行,8782.0,8.28,8.29,-0.12,30021518927.0,0.06,4.6245,0.3856,6.33
00567,金安智能,8769.0,0.255,0.27,-5.56,411388330.0,0.01,-19.3403,8.2646,
03958,东方证券,8732.0,5.72,5.595,2.23,48600811070.0,0.31,6.405,0.4989,4.09
06936,顺丰控股,8710.0,29.26,29.1,0.55,148955604770.0,0.11,11.9678,1.2519,2.88
00376,云锋金融,8690.0,2.05,1.74,17.82,8321547930.0,2.17,10.4246,0.6421,
02160,微创心通-B,8678.0,1.28,1.28,0.0,1629838642.0,,-11.1267,0.8135,
00142,第一太平,8674.0,4.875,4.775,2.09,20777835141.0,0.05,4.6813,0.5965,5.54
09996,沛嘉医疗-B,8641.0,4.545,4.575,-0.66,3076791890.0,0.07,-19.4146,1.446,
01330,绿色动力环保,8630.0,6.08,6.035,0.75,8696863269.0,0.11,10.7686,0.8939,4.23
02126,药明巨诺-B,8620.0,2.86,2.77,3.25,1191957547.0,0.32,-3.097,2.2714,
03669,永达汽车,8572.0,0.745,0.755,-1.32,1407596102.0,0.04,-0.7215,0.1434,
09903,天数智芯,8523.0,88.675,92.25,-3.88,71587021039.0,0.9,-219.6002,5.1879,
00548,深圳高速公路股份,8486.0,6.61,6.545,0.99,16775228999.0,0.05,13.0189,0.539,4.32
02698,乐舒适,8451.0,25.98,26.0,-0.08,16128755514.0,0.27,14.2842,3.1096,5.1
00686,北京能源国际,8417.0,0.57,0.57,0.0,1253352733.0,0.0,-2.2238,0.0606,14.04
00829,神冠控股,8396.0,0.23,0.229,0.44,743010400.0,0.0,-8.7369,0.3108,
02001,新高教集团,8373.0,0.475,0.48,-1.04,936672347.0,0.02,0.9919,0.1526,
00811,新华文轩,8342.0,8.11,7.93,2.27,10006450510.0,0.52,6.4111,0.5685,8.8
01086,好孩子国际,8341.0,1.4,1.385,1.08,2342665032.0,0.56,6.0099,0.3558,17.92
00995,安徽皖通高速公路,8328.0,16.04,15.6,2.82,27405813900.0,0.33,12.4407,1.8847,4.82
01873,维亚生物,8326.0,1.555,1.525,1.97,3255475464.0,0.47,15.9818,0.7127,
02342,京信通信,8312.0,0.985,1.01,-2.48,3078926516.0,0.68,108.1122,0.8928,0.3
01199,中远海运港口,8291.0,6.275,6.27,0.08,25204859881.0,0.05,8.8978,0.4747,4.55
00538,味千(中国),8219.0,0.795,0.8,-0.63,867773362.0,0.01,35.1628,0.2747,14.72
00551,裕元集团,8205.0,12.95,12.79,1.25,20779006494.0,0.08,9.5086,0.585,10.03
00006,电能实业,8205.0,60.5,59.3,2.02,128931861817.0,0.55,7.1977,1.2492,4.67
00341,大家乐集团,8198.0,5.45,5.5,-0.91,3110653080.0,0.03,18.9613,1.1445,7.39
01456,国联民生,8178.0,3.565,3.49,2.15,20251313353.0,0.3,7.6692,0.3311,1.97
00669,创科实业,8164.0,127.1,127.9,-0.63,232068387251.0,0.2,22.7846,3.9711,2.22
03818,中国动向,8122.0,0.27,0.28,-3.57,1591669717.0,0.05,-8.8734,0.161,8.89
09923,移卡,8100.0,3.715,3.77,-1.46,1709510902.0,0.03,16.1535,0.4838,0.8
00107,四川成渝高速公路,8050.0,5.015,4.995,0.4,15336170900.0,0.11,8.7257,0.6635,6.93
09898,微博-SW,8002.0,50.425,49.7,1.46,12381897629.0,0.86,5.0292,0.3968,9.47
02386,中石化炼化工程,7978.0,5.405,5.25,2.95,23749699720.0,0.23,13.2263,0.6427,7.05
00698,通达集团,7961.0,2.5,2.5,0.0,486780380.0,0.0,4.5839,0.1658,
03339,中国龙工,7936.0,3.035,3.1,-2.1,12990103500.0,0.08,7.8782,0.9834,6.59
00085,中电华大科技,7856.0,0.77,0.77,0.0,1563001440.0,0.02,7.0466,0.5757,4.68
03600,现代牙科,7848.0,7.66,7.41,3.37,7156079240.0,0.03,10.3013,2.0,3.83
01057,浙江世宝,7807.0,3.66,3.735,-2.01,3010834525.0,1.34,13.7191,1.1928,1.92
00800,文远知行-W,7796.0,12.035,12.17,-1.11,11872026431.0,0.12,-6.2636,1.6057,
01234,中国利郎,7787.0,2.78,2.775,0.18,3329008075.0,0.01,6.1041,0.6746,10.85
00596,浪潮数字企业,7784.0,1.83,1.77,3.39,2226626571.0,0.09,16.516,0.6022,2.17
00517,中远海运国际,7782.0,7.015,6.8,3.16,10283789574.0,0.2,13.3932,1.2793,8.82
00169,万达酒店发展,7725.0,0.09,0.09,0.0,422761184.0,0.0,0.2416,0.2306,513.33
00861,神州控股,7683.0,2.08,2.16,-3.7,3481103363.0,0.02,-82.9769,0.5163,1.73
06110,滔搏,7674.0,1.07,1.03,3.88,6635307566.0,0.27,4.589,0.6664,30.65
01763,中国同辐,7667.0,12.59,12.89,-2.33,4027224991.0,0.13,10.828,0.6589,2.86
01813,合景泰富集团,7662.0,0.113,0.093,21.51,386333886.0,0.36,-0.0866,0.5584,
02172,微创脑科学,7654.0,8.055,8.055,0.0,4579616926.0,,22.2985,2.203,1.12
01205,中信资源,7602.0,0.61,0.6,1.67,4793213561.0,0.19,15.8689,0.5159,
00003,香港中华煤气,7561.0,7.14,7.075,0.92,133231472500.0,0.07,20.9189,2.2131,4.91
02155,森松国际,7533.0,6.885,6.755,1.92,8753100165.0,0.14,66.5287,1.44,2.91
09990,祖龙娱乐,7513.0,1.64,1.62,1.23,1312591433.0,0.01,-12.2456,0.6126,
03969,中国通号,7502.0,3.045,3.025,0.66,32245998855.0,0.27,8.1282,0.5644,6.54
01972,太古地产,7465.0,24.38,23.86,2.18,140367479424.0,0.05,42.6403,0.5191,4.79
00607,丰盛控股,7385.0,0.255,0.26,-1.92,180734803.0,0.07,-0.7562,0.0209,
01908,建发国际集团,7364.0,13.12,13.51,-2.89,30385036316.0,0.2,8.8016,0.6561,6.63
02722,重庆机电,7363.0,1.565,1.575,-0.63,5766461841.0,0.38,5.4304,0.5321,4.86
01882,海天国际,7361.0,17.63,17.53,0.57,28137480000.0,0.15,7.7471,1.0503,4.55
00010,恒隆集团,7342.0,12.22,12.1,0.99,16638974917.0,0.03,11.7258,0.1627,7.04
00631,三一国际,7333.0,7.94,7.85,1.15,26120378698.0,0.17,13.3251,1.7025,4.39
00535,金地商置,7330.0,0.097,0.097,0.0,1611527622.0,0.0,-0.413,0.1047,
01879,曦智科技-P,7315.0,250.0,254.2,-1.65,23509344250.0,0.39,-4.8189,6.9378,
01260,皓天财经集团,7304.0,0.36,0.36,0.0,414523440.0,,4.8638,0.2536,
01777,花样年控股,7278.0,0.035,0.031,12.9,126992856.0,0.37,-0.0106,-0.0039,
01765,希教国际控股,7257.0,0.134,0.131,2.29,1162307443.0,0.01,1.4528,0.0994,
00683,嘉里建设,7244.0,17.75,17.49,1.49,25760676672.0,0.03,24.4301,0.2432,7.56
03788,罕王黄金,7241.0,3.12,3.015,3.48,7627300927.0,0.07,445.0325,2.5562,
01033,中石化油服,7231.0,0.655,0.66,-0.76,12416865021.0,0.33,15.3005,1.0859,
01371,中国生态旅游,7231.0,1.1,1.105,-0.45,376319764.0,0.0,3.8709,-1.5555,
02678,天虹国际集团,7207.0,5.325,5.32,0.09,4882370025.0,0.01,3.2628,0.3879,
00179,德昌电机控股,7186.0,16.86,16.5,2.18,15754186893.0,0.2,9.9427,0.7078,3.62
03650,KEEP,7151.0,1.365,1.325,3.02,675142632.0,0.03,-12.2367,0.4433,
01132,橙天嘉禾,7103.0,0.076,0.078,-2.56,212774848.0,0.01,-1.5725,0.1743,
01769,思考乐教育,7101.0,0.74,0.705,4.96,498597977.0,0.02,-3.5432,0.5474,
03317,迅策,7078.0,86.85,84.55,2.72,28733071513.0,0.82,373.8324,6.5301,
00002,中电控股,7070.0,76.9,76.0,1.18,194284048833.0,0.11,17.9096,1.6982,4.16
07489,岚图汽车,7063.0,1.815,1.835,-1.09,6679200000.0,0.32,38.2894,0.5665,
01778,彩生活,7062.0,0.138,0.138,0.0,256598192.0,0.05,8.6875,0.0509,
00382,中汇集团,7055.0,0.44,0.44,0.0,527589358.0,0.04,1.2499,0.1014,17.01
01061,亿胜生物科技,7022.0,2.065,2.085,-0.96,1166373950.0,0.0,4.4159,0.4597,5.78
08123,华亿金控,6963.0,0.33,0.25,32.0,113733940.0,0.13,-4.2555,-24.1659,
00576,浙江沪杭甬,6927.0,6.035,5.945,1.51,36440021864.0,0.22,6.0834,0.6155,7.67
06955,博安生物,6926.0,3.04,2.99,1.67,1865446430.0,0.05,-16.8882,0.604,
03666,上海小南国,6923.0,0.024,0.024,0.0,63735288.0,,-0.8084,-0.3395,
02121,创新奇智,6906.0,3.57,3.37,5.93,1967928721.0,0.13,-6.8698,1.5519,
02038,富智康集团,6883.0,13.8,13.91,-0.79,10800105354.0,0.05,24.8464,0.9022,1.97
02510,德翔海运,6869.0,13.47,13.44,0.22,22427967570.0,0.1,7.7208,1.307,9.91
09606,映恩生物-B,6867.0,183.2,186.7,-1.87,16728247930.0,0.66,-9.9298,9.8602,
06068,光正教育,6852.0,0.051,0.056,-8.93,111085854.0,0.06,5.2358,0.1492,
00732,信利国际,6826.0,0.83,0.83,0.0,2422786100.0,0.02,10.3037,0.2426,12.41
02255,海昌海洋公园,6824.0,0.153,0.146,4.79,2021742306.0,0.03,-1.8091,0.7326,
01980,天鸽互动,6820.0,0.62,0.63,-1.59,685527280.0,0.01,4.3763,0.267,12.9
09979,绿城管理控股,6810.0,1.795,1.795,0.0,3590000000.0,0.01,7.1891,0.8606,13.65
01717,澳优,6801.0,1.025,1.02,0.49,1822598462.0,0.0,-2.2255,0.3099,4.9
02552,华领医药-B,6795.0,2.24,2.29,-2.18,2366795236.0,0.12,-23.4592,2.0663,
00272,瑞安房地产,6766.0,0.42,0.42,0.0,3371451436.0,0.02,-1.8923,0.0792,9.52
00754,合生创展集团,6752.0,2.64,2.64,0.0,10012307107.0,,-3.7283,0.1073,
00467,联合能源集团,6748.0,0.43,0.445,-3.37,11115325758.0,0.23,8.3593,0.7873,
09869,海伦司,6717.0,0.88,0.88,0.0,1113202221.0,0.01,-743.4853,1.2683,12.84
02057,中通快递-W,6679.0,157.5,154.2,2.14,120240367695.0,0.16,10.2189,1.6368,1.96
00320,金宝通,6677.0,0.44,0.44,0.0,370717600.0,,17.8719,0.2565,2.73
00815,中国白银集团,6610.0,0.22,0.211,4.27,868194263.0,0.34,1.5377,0.4221,
00604,深圳控股,6592.0,0.62,0.615,0.81,5517251731.0,0.1,-1.4896,0.1531,
00636,KLN,6587.0,5.875,5.845,0.51,10618647384.0,0.01,7.3751,0.5863,4.77
06655,华新建材,6583.0,15.16,15.38,-1.43,31517574039.0,0.2,8.0244,0.8272,4.23
01477,欧康维视生物-B,6567.0,5.03,5.05,-0.4,4101373542.0,0.04,-28.0191,0.9818,
03301,融信中国,6512.0,0.089,0.082,8.54,149825396.0,0.06,-0.013,-0.0053,
00308,香港中旅,6503.0,1.155,1.155,0.0,6394811934.0,0.05,-76.8875,0.5568,1.73
00197,亨泰,6469.0,0.545,0.545,0.0,114019697.0,,-0.5693,0.2037,
00182,协合新能源,6466.0,0.315,0.33,-4.55,2477033735.0,0.12,-66.6894,0.2512,0.95
00052,大快活集团,6447.0,4.35,4.32,0.69,563554593.0,0.04,13.56,0.8427,6.9
08246,中华燃气,6447.0,0.8,0.75,6.67,473762400.0,0.0,-17.7441,2.587,
00743,亚洲水泥(中国),6424.0,1.585,1.59,-0.31,2483458835.0,0.0,-17.8798,0.1311,2.21
01098,路劲,6399.0,0.5,0.495,1.01,374668283.0,0.01,-0.0646,0.0323,
01541,宜明昂科-B,6391.0,3.115,3.165,-1.58,1336848648.0,0.07,-5.0283,1.8353,
03378,翰思艾泰-B,6380.0,27.58,28.56,-3.43,3697394933.0,0.0,-24.8945,5.0651,
00411,南顺(香港),6338.0,11.0,11.0,0.0,2676895815.0,,9.1245,0.7836,4.36
06998,亿腾嘉和,6337.0,1.69,1.7,-0.59,3332781018.0,0.01,7.7915,0.7189,
02343,太平洋航运,6334.0,3.885,3.84,1.17,20035903830.0,0.1,18.6029,1.3559,5.54
06613,蓝思科技,6328.0,20.0,20.86,-4.12,105574817400.0,2.15,27.3237,1.7386,3.2
00805,新吉奥房车,6295.0,12.65,12.8,-1.17,12144000000.0,0.06,1462.1155,30.6427,
00657,环科国际,6290.0,0.04,0.04,0.0,77852564.0,0.02,-27.7747,-60.7274,
01108,凯盛新能,6290.0,2.03,2.04,-0.49,1310720175.0,0.42,-0.879,0.504,
00856,伟仕佳杰,6287.0,8.755,8.51,2.88,12517793922.0,0.12,7.5503,1.1834,4.77
06651,五一视界,6244.0,50.05,52.45,-4.58,20994442019.0,0.43,-116.3229,17.3912,
02145,上美股份,6241.0,21.84,21.12,3.41,8561069397.0,0.42,10.9841,2.8659,4.16
01521,方达控股,6238.0,1.145,1.16,-1.29,2338175772.0,0.02,27.5987,0.8218,
00419,弘毅文化集团,6200.0,0.45,0.415,8.43,790719480.0,0.04,-21.3916,4.1921,
06288,迅销,6197.0,35.52,37.3,-4.77,1130320878336.0,0.0,43.0067,8.232,1.17
02617,药捷安康-B,6196.0,10.4,10.07,3.28,4234886583.0,1.38,-13.8517,4.171,
02198,中国三江化工,6180.0,3.77,3.81,-1.05,4486300000.0,0.17,5.0885,0.674,3.98
06123,圆通国际快递,6166.0,1.105,1.12,-1.34,464309950.0,0.0,-3.1468,0.4706,
02157,乐普生物,6122.0,3.82,3.845,-0.65,6892960181.0,0.54,24.8985,4.2366,
03337,安东油田服务,6104.0,0.79,0.78,1.28,2371344143.0,0.03,6.6747,0.5732,5.57
01165,顺风清洁能源,6091.0,0.024,0.024,0.0,121977012.0,,-0.2652,-0.051,
00031,航天控股,6075.0,0.45,0.44,2.27,1388259847.0,0.04,-6.3263,0.1873,
06680,金力永磁,6053.0,14.96,14.9,0.4,20674272651.0,0.64,20.9929,2.275,5.0
02016,浙商银行,6049.0,2.38,2.365,0.63,65365833592.0,0.2,4.6813,0.2747,6.47
01104,亚太资源,6030.0,1.915,1.87,2.41,2863930185.0,0.14,1.6737,0.4989,15.87
01696,复锐医疗科技,6023.0,2.0,1.925,3.9,936686184.0,0.01,10.371,0.2466,4.85
00667,中国东方教育,6020.0,3.595,3.535,1.7,7975135223.0,0.18,8.6233,1.1342,8.33
00818,高阳科技,5970.0,0.335,0.325,3.08,930239335.0,0.03,-1.3566,0.1308,
03399,粤运交通,5957.0,1.205,1.2,0.42,963816599.0,0.01,3.1767,0.3518,8.71
00012,恒基地产,5913.0,26.82,26.12,2.68,129845999420.0,0.17,18.9972,0.3988,4.7
06896,金嗓子,5900.0,1.92,1.92,0.0,1419459840.0,0.02,5.8427,1.0277,17.71
00218,申万宏源香港,5887.0,0.865,0.83,4.22,1350384966.0,0.02,11.1253,0.4801,
02197,三叶草生物-B,5850.0,1.755,1.79,-1.96,2279044195.0,0.17,2.3106,-2.4609,
03288,海天味业,5846.0,27.26,26.34,3.49,159306716083.0,1.43,18.9493,3.4905,4.86
03836,和谐汽车,5830.0,0.51,0.49,4.08,776864985.0,0.03,-1.1119,0.1413,
00038,第一拖拉机股份,5821.0,8.4,8.6,-2.33,9438620310.0,0.73,9.7843,0.9862,3.72
02507,西锐,5819.0,41.38,41.18,0.49,15144617289.0,0.06,11.9999,2.0802,2.28
09887,维立志博-B,5816.0,45.9,45.16,1.64,9129133620.0,0.58,-29.4192,8.4964,
02588,中银航空租赁,5806.0,68.8,67.9,1.33,47747910979.0,0.11,7.6247,0.8636,5.56
02273,固生堂,5796.0,26.74,26.52,0.83,5916400174.0,0.07,12.2394,2.6933,6.93
03360,远东宏信,5785.0,6.355,6.18,2.83,30623967561.0,0.05,6.7676,0.4994,8.81
00133,招商局中国基金,5770.0,22.88,22.86,0.09,3485379337.0,0.04,-38.0478,0.5949,12.52
06158,正荣地产,5747.0,0.025,0.025,0.0,109193900.0,0.6,-0.005,-0.0027,
02051,VALA,5740.0,0.35,0.34,2.94,570494479.0,0.12,-3.3307,0.8189,
06806,申万宏源,5674.0,2.355,2.325,1.29,58969069439.0,0.24,4.7234,0.4459,5.47
01022,飞鱼科技,5657.0,0.265,0.265,0.0,463602146.0,0.01,9.2674,0.6884,
02517,锅圈,5643.0,1.395,1.385,0.72,3586906584.0,0.21,6.8554,1.054,7.43
08269,倍升教育科技,5635.0,0.244,0.244,0.0,217336363.0,0.0,-76.0982,48.9166,
01733,易大宗,5609.0,0.675,0.68,-0.74,1802103499.0,0.04,4.2239,0.1914,4.41
02279,雍禾医疗,5596.0,2.08,2.09,-0.48,1092466785.0,0.02,7.9497,1.1606,4.24
01051,国际资源,5571.0,6.31,6.32,-0.16,2844636838.0,0.01,10.7962,0.2168,2.9
00590,六福集团,5567.0,22.58,21.76,3.77,13256895253.0,0.15,6.4743,0.8822,6.96
01405,达势股份,5555.0,29.8,29.46,1.15,3922850991.0,0.06,21.8646,1.3354,
02256,和誉-B,5547.0,7.895,8.105,-2.59,5657220278.0,0.22,-10.8582,2.2319,
00547,数字王国,5538.0,0.193,0.203,-4.93,1539994985.0,0.0,-5.8818,9.8612,
02188,泰坦能源技术,5516.0,0.074,0.076,-2.63,110409924.0,,-2.7314,0.1935,
00178,莎莎国际,5489.0,1.295,1.3,-0.38,4018630348.0,0.26,20.1214,3.1456,5.0
03939,万国黄金集团,5448.0,13.29,12.55,5.9,58520465682.0,0.6,30.9076,5.2841,0.89
01052,越秀交通基建,5441.0,3.36,3.36,0.0,5621825311.0,0.08,8.7323,0.4006,7.44
00895,东江环保,5434.0,1.64,1.66,-1.2,1812619515.0,4.35,-1.3211,0.7477,
06660,艾美疫苗,5434.0,1.75,1.765,-0.85,2146484548.0,0.01,-2.8615,0.7072,
00525,广深铁路股份,5421.0,2.32,2.265,2.43,16433805840.0,0.21,9.4048,0.4929,4.53
00508,鼎亿集团投资,5401.0,0.27,0.27,0.0,233780095.0,0.07,-0.551,0.2518,
00087,太古股份公司B,5389.0,14.91,14.52,2.69,42477583575.0,0.02,4.7706,0.1593,5.37
02631,天岳先进,5376.0,63.2,64.95,-2.69,30603661054.0,2.43,-98.5431,3.751,
01725,中国技术集团,5350.0,0.255,0.248,2.82,208694550.0,0.38,-1.2458,6.1617,
01252,中国天瑞水泥,5348.0,0.24,0.24,0.0,739987595.0,,2.1281,0.0426,
09699,顺丰同城,5345.0,8.65,8.63,0.23,7848495386.0,0.24,13.956,1.8611,
06996,德琪医药-B,5329.0,3.155,3.31,-4.68,2165524584.0,0.2,32.0112,2.0346,
00543,太平洋网络,5329.0,0.225,0.225,0.0,255509475.0,0.0,-9.401,0.3862,18.22
02522,一脉阳光,5327.0,4.99,4.915,1.53,2247981687.0,0.01,-75.187,0.9902,
02555,茶百道,5312.0,4.03,4.025,0.12,5954866028.0,0.02,6.4042,1.3256,5.25
00625,希音-W,5307.0,35.08,35.88,-2.23,148956787524.0,0.09,5.8655,-6.8823,
03868,信义能源,5298.0,0.79,0.785,0.64,6836157046.0,0.06,6.8225,0.4416,7.09
02100,百奥家庭互动,5288.0,0.26,0.265,-1.89,742711320.0,0.03,-6.3381,0.4504,4.62
00580,赛晶科技,5287.0,1.075,1.12,-4.02,1721969400.0,0.97,85.9936,0.6918,1.88
06601,朝云集团,5282.0,2.225,2.23,-0.22,2966667038.0,0.09,9.7586,0.835,7.69
01268,美东汽车,5281.0,0.365,0.365,0.0,491380228.0,,-1.8465,0.2489,10.68
00709,佐丹奴国际,5262.0,1.305,1.305,0.0,2109371356.0,0.04,10.3401,1.0552,10.04
01768,鸣鸣很忙,5260.0,360.5,354.6,1.66,78639445800.0,0.12,18.7689,4.8602,
09959,联易融科技-W,5249.0,2.3,2.225,3.37,4914030380.0,0.23,-109.4419,0.6318,2.61
01003,欢喜传媒,5242.0,0.245,0.246,-0.41,1074107039.0,0.02,-2.4624,1.1835,
00606,中骏商管,5241.0,0.248,0.24,3.33,479880000.0,0.0,8.0869,0.149,
01280,奇点国峰,5218.0,2.68,2.76,-2.9,5181245763.0,0.06,-10.5801,35.6675,
01029,铁货,5203.0,0.375,0.38,-1.32,718846081.0,0.01,-3.2749,0.4029,
02660,禅游科技,5201.0,2.395,2.41,-0.62,2505820690.0,0.03,6.5646,0.8531,8.27
00365,芯成科技,5190.0,0.315,0.32,-1.56,458325000.0,0.01,27.8025,1.7913,
00340,潼关黄金,5184.0,2.595,2.39,8.58,13760226813.0,0.64,13.6437,2.8252,1.23
01675,亚信科技,5180.0,3.84,3.69,4.07,3609557530.0,0.22,-17.3937,0.5247,1.41
00004,九龙仓集团,5179.0,18.92,18.6,1.72,57820037027.0,0.01,-132.3812,0.3945,3.17
02590,极智嘉-W,5168.0,6.945,6.93,0.22,8922984601.0,0.39,-54.814,2.3825,
00303,伟易达,5164.0,51.75,51.3,0.88,13121598866.0,0.13,12.4943,2.5875,8.03
01651,津上机床中国,5142.0,47.78,48.26,-0.99,17612376920.0,0.53,14.1854,4.2003,3.16
02168,佳兆业美好,5142.0,0.9,0.9,0.0,151043211.0,0.0,14.1044,0.1402,
01388,安莉芳控股,5116.0,0.236,0.235,0.43,99690327.0,,-0.4087,0.0641,
01565,成实外教育,5115.0,0.159,0.149,6.71,482849133.0,0.01,11.8767,0.4798,6.29
00573,稻香控股,5091.0,0.28,0.275,1.82,284017440.0,0.02,-5.851,0.2618,
01203,广南(集团),5090.0,0.655,0.655,0.0,594473602.0,,-11.8,0.2193,1.83
02120,康宁医院,5088.0,10.92,10.5,4.0,768758172.0,0.11,12.9087,0.5512,5.83
01883,中信国际电讯,5087.0,2.39,2.375,0.63,8845130403.0,0.05,9.5934,0.8036,7.53
00321,德永佳集团,5087.0,0.905,0.895,1.12,1250434974.0,0.07,7.7387,0.2516,11.11
02008,凤凰卫视,5076.0,1.26,1.3,-3.08,629201097.0,0.0,-4.8727,0.2332,
00822,嘉瑞国际,5068.0,0.295,0.295,0.0,263659613.0,0.03,-6.1741,0.2303,
09983,建业新生活,5030.0,0.229,0.23,-0.43,297502602.0,0.03,14.3532,0.1389,
03398,华鼎控股,5028.0,0.084,0.086,-2.33,176384712.0,0.01,-1.0125,0.1205,
01628,禹洲集团,5013.0,0.117,0.107,9.35,174094478.0,0.0,0.0061,0.0175,
01250,山高新能源,5012.0,0.98,0.975,0.51,2201656951.0,0.01,18.5633,0.1405,
00978,招商局置地,5012.0,0.238,0.239,-0.42,1167451371.0,0.02,-0.4747,0.188,
03382,天津港发展,5009.0,0.61,0.61,0.0,3756380000.0,0.01,4.7678,0.2461,7.05
01277,力量发展,5003.0,1.94,1.875,3.47,16683045520.0,0.15,13.1726,1.6456,6.12
00326,中国星集团,4999.0,6.525,6.5,0.38,15848612635.0,0.15,-40.5257,10.1829,
01729,汇聚科技,4987.0,15.24,15.52,-1.8,34062076717.0,0.96,26.1365,4.1187,0.55
09658,特海国际,4973.0,9.095,8.955,1.56,5914469405.0,0.03,74.2886,1.8702,
00894,万裕科技,4944.0,1.83,1.86,-1.61,877160120.0,0.36,79.4961,0.5378,
00587,海螺环保,4909.0,0.223,0.239,-6.69,407368608.0,0.01,-1.4563,0.131,
00666,瑞浦兰钧,4867.0,8.66,8.415,2.91,20237329273.0,0.37,12.7765,1.406,
08292,VSING,4847.0,0.107,0.107,0.0,115380240.0,,-0.8445,1.1153,
03366,华侨城(亚洲),4846.0,0.201,0.201,0.0,150421566.0,0.01,-0.086,-0.0706,
00869,彩星玩具,4845.0,0.465,0.47,-1.06,527775000.0,,-71.2728,0.4958,
01970,IMAX CHINA,4816.0,8.765,8.415,4.16,2979111492.0,0.65,17.4071,1.1294,
00019,太古股份公司A,4796.0,102.4,100.2,2.2,79768371200.0,0.08,8.962,0.2992,3.91
01571,信邦控股,4766.0,3.53,3.51,0.57,3558617710.0,0.02,6.2306,0.8472,12.75
00832,建业地产,4764.0,0.038,0.038,0.0,115486791.0,,-0.029,-0.0098,
00716,胜狮货柜,4751.0,0.385,0.38,1.32,917149278.0,0.06,12.0584,0.2107,9.09
01728,正通汽车,4738.0,0.143,0.143,0.0,1432295285.0,,-0.4417,-0.8976,
02390,知乎-W,4736.0,8.755,9.05,-3.26,2273254179.0,0.0,-6.7664,0.5378,
02488,元征科技,4725.0,6.91,6.9,0.14,2834175196.0,0.14,7.6242,2.0123,8.02
00611,中国核能科技,4715.0,0.42,0.43,-2.33,777855516.0,0.0,5.104,0.3549,
00553,南京熊猫电子股份,4711.0,2.94,2.935,0.17,2686685275.0,0.78,84.4316,0.7554,0.41
00068,MANYCORE TECH,4699.0,6.675,6.86,-2.7,11522380595.0,0.18,-29.0673,9.1921,
09636,九方智投控股,4694.0,26.88,26.54,1.28,12428564736.0,0.16,109.1308,3.8307,3.27
02105,来凯医药-B,4668.0,7.45,7.6,-1.97,3367857058.0,0.4,-28.8579,2.4177,
00296,英皇娱乐酒店,4663.0,0.175,0.173,1.16,207985922.0,0.01,-19.4962,0.0545,
01137,香港科技探索,4662.0,0.975,0.98,-0.51,771686936.0,0.01,-3.7559,0.5632,
02880,辽港股份,4653.0,0.655,0.655,0.0,15439507525.0,0.02,10.7964,0.3308,5.19
02714,牧原股份,4628.0,36.34,36.16,0.5,209716113827.0,0.25,-153.5552,2.251,1.39
01382,互太纺织,4613.0,0.86,0.865,-0.58,1182880120.0,0.03,14.2698,0.4024,8.26
02465,龙蟠科技,4597.0,8.86,9.44,-6.14,7009251487.0,18.79,18.12,1.1796,
02598,连连数字,4590.0,3.28,3.315,-1.06,3578934280.0,0.05,17.0096,1.0136,
00750,水发兴业能源,4581.0,0.196,0.195,0.51,494132029.0,0.0,8.737,0.1014,
09909,宝龙商业,4576.0,2.0,2.005,-0.25,1285800000.0,0.01,5.7156,0.3054,
01282,中泽丰,4574.0,0.094,0.091,3.3,470000000.0,0.0,-8.0467,0.0839,
09690,途虎-W,4567.0,11.5,11.4,0.88,9468572093.0,0.06,27.481,1.7396,
06622,兆科眼科-B,4552.0,2.265,2.37,-4.43,1243120362.0,0.05,-5.0428,0.7747,
01635,大众公用,4532.0,2.075,2.085,-0.48,6126301951.0,0.95,15.884,0.6009,2.84
00412,山高控股,4530.0,0.51,0.5,2.0,3068022866.0,0.01,-2.3501,0.5151,
08095,北大青鸟环宇,4529.0,0.535,0.545,-1.83,810238240.0,0.01,2.6836,0.1681,
09989,海普瑞,4505.0,4.0,3.85,3.9,5869184816.0,0.31,23.842,0.425,4.27
06608,百融智能-W,4501.0,5.64,5.47,3.11,2496793991.0,0.25,-4.9973,0.514,
00621,坛金矿业,4490.0,0.45,0.45,0.0,816816239.0,0.03,2.5903,0.3151,
08279,亚博科技控股,4483.0,1.195,1.16,3.02,13948448971.0,0.04,-351.0015,5.4221,
02138,医思健康,4482.0,0.52,0.55,-5.45,616309858.0,0.01,-1.5304,0.445,
01569,民生教育,4481.0,0.102,0.097,5.15,430207440.0,0.0,-0.5181,0.0856,
01181,唐宫中国,4479.0,0.097,0.097,0.0,104374668.0,0.08,-1.8379,0.7315,
06823,香港电讯-SS,4476.0,11.96,11.85,0.93,90685484852.0,0.07,16.8482,2.5518,6.94
02355,宝业集团,4461.0,2.76,2.8,-1.43,1436933426.0,0.02,16.7954,0.0967,3.62
00536,贸易通,4459.0,1.125,1.13,-0.44,895566059.0,0.02,10.5716,2.3895,9.07
07666,剂泰科技-P,4449.0,14.56,15.7,-7.26,17220080696.0,0.78,-42.6882,4.9567,
00232,大陆航空科技控股,4440.0,0.485,0.485,0.0,4512136770.0,,-64.051,1.534,91.34
00440,大新金融,4402.0,43.86,43.48,0.87,14016563886.0,0.05,6.6422,0.3543,5.98
06600,卧安机器人,4401.0,43.54,44.5,-2.16,9812004594.0,0.06,-99.0066,4.7365,
01966,中骏集团控股,4395.0,0.046,0.044,4.55,194257362.0,0.0,-0.0231,-0.0222,
06100,同道猎聘,4380.0,2.015,2.03,-0.74,1017383926.0,0.06,7.9909,0.3139,9.88
02638,港灯-SS,4374.0,6.22,6.185,0.57,54961164000.0,0.01,17.3723,1.1143,5.17
01661,中国前沿科技集团,4373.0,1.71,1.85,-7.57,325403082.0,0.04,-23.9636,0.9626,
00635,彩星集团,4357.0,0.5,0.5,0.0,1034000000.0,0.02,-4.1765,0.2344,9.0
03369,秦港股份,4356.0,2.45,2.425,1.03,13689159400.0,0.07,7.2824,0.5702,5.51
02068,中铝国际,4353.0,1.72,1.69,1.78,5137498903.0,0.16,17.2847,0.6458,
01432,中国圣牧-PF,4325.0,0.3,0.305,-1.64,2514388569.0,0.02,-8.7091,0.598,
08007,环球战略集团,4310.0,0.695,0.655,6.11,157290613.0,0.27,-16.9184,7.5304,
00060,香港食品投资,4297.0,0.53,0.53,0.0,135496620.0,,-7.352,0.2664,
03318,中国波顿,4292.0,2.97,3.0,-1.0,3108461834.0,0.06,-2.6471,1.3201,
00950,李氏大药厂,4289.0,1.165,1.14,2.19,685993175.0,0.02,5.7277,0.3228,4.98
01686,新意网集团,4269.0,5.465,5.4,1.2,12914805112.0,0.07,11.284,2.0014,2.19
00863,OSL集团,4244.0,10.38,10.32,0.58,9366067089.0,0.1,-7.744,2.3417,
01293,广汇宝信,4194.0,0.086,0.086,0.0,244025983.0,,-0.8771,0.029,
89988,阿里巴巴-WR,4173.0,91.15,88.95,2.47,1814063609701.0,0.0,21.3077,1.6222,1.09
02170,贝康医疗-B,4151.0,1.26,1.24,1.61,344642760.0,0.09,-1.7328,0.3462,
02285,泉峰控股,4148.0,30.62,31.26,-2.05,15591820693.0,0.44,18.4845,1.8337,2.52
00703,佳景集团,4148.0,0.097,0.097,0.0,67347335.0,,-11.9009,0.1764,
01075,首都信息,4145.0,1.68,1.68,0.0,486878463.0,,5.8136,0.3603,4.88
02026,小马智行-W,4137.0,44.94,45.6,-1.45,19557176150.0,0.19,-16.9304,1.5793,
02768,国恩科技,4129.0,42.68,39.74,7.4,18634088000.0,5.22,14.117,2.2833,1.37
00173,嘉华国际,4125.0,1.92,1.89,1.59,6053238925.0,0.03,-6.6948,0.1528,1.56
00844,广泰国际控股,4124.0,0.325,0.32,1.56,160658982.0,0.01,-1.6378,0.9786,
01712,龙资源,4121.0,9.57,9.215,3.85,1815581498.0,0.4,3.0584,1.4259,
03662,星悦康旅,4121.0,0.375,0.37,1.35,272343750.0,0.09,5.0313,0.1973,2.13
02190,归创通桥,4106.0,20.48,20.52,-0.19,6755212698.0,0.07,19.3252,1.9467,1.28
06683,巨星传奇,4095.0,3.78,3.75,0.8,3622670658.0,0.11,-83.0955,2.0435,
09885,药师帮,4092.0,3.4,3.4,0.0,2354456891.0,0.02,11.0659,0.8543,3.76
00258,汤臣集团,4089.0,2.15,2.095,2.63,4856899902.0,0.02,51.4448,0.3663,6.28
08225,中国医疗集团,4088.0,0.079,0.073,8.22,78632781.0,0.0,-5.1694,1.0526,
02718,明略科技-W,4058.0,31.1,31.8,-2.2,4754598260.0,1.18,-0.681,1.8419,
00638,广和通,4041.0,6.325,6.245,1.28,5683537753.0,0.44,25.9744,0.8073,4.33
01899,兴达国际,4039.0,1.025,0.99,3.54,1968128329.0,0.0,8.4195,0.2776,24.15
06656,思格新能,4025.0,229.6,225.0,2.04,57132040728.0,0.22,17.5848,5.7497,1.2
00008,电讯盈科,4006.0,5.17,5.08,1.77,40055932218.0,0.05,-476.3952,42.845,7.42
02245,力勤资源,3994.0,19.37,19.3,0.36,33487269550.0,0.36,7.0175,2.0576,3.62
00628,通通AI社交,3978.0,0.27,0.26,3.85,1404303242.0,0.11,14.1581,0.519,
06626,越秀服务,3920.0,1.77,1.75,1.14,2658915553.0,0.02,8.8419,0.6234,7.91
00242,信德集团,3919.0,0.49,0.485,1.03,1478654275.0,0.03,-2.9739,0.0473,
01310,香港宽频,3889.0,5.775,5.71,1.14,8540772055.0,0.04,41.2646,4.0334,5.96
00661,中国大冶有色金属,3888.0,0.127,0.128,-0.78,2272738623.0,0.06,3.9096,0.5515,
01997,九龙仓置业,3888.0,30.68,30.04,2.13,93151454392.0,0.08,-45.9553,0.5179,5.22
03678,弘业期货,3886.0,2.065,2.01,2.74,2081061112.0,1.44,56.9892,0.9651,0.24
00029,达力集团,3881.0,8.855,8.885,-0.34,2104866095.0,0.02,-33.3354,0.2774,0.11
06839,云南水务,3870.0,0.078,0.078,0.0,93070650.0,,-0.042,0.0103,
01599,城建设计,3867.0,0.945,0.945,0.0,1274493150.0,,2.3057,0.1371,8.89
00528,金达控股,3848.0,1.19,1.19,0.0,749316820.0,,2.3015,0.4304,5.04
01907,中国旭阳集团,3841.0,1.64,1.645,-0.3,6967307120.0,0.13,25.4397,0.491,1.16
02136,利福中国,3839.0,0.555,0.565,-1.77,812768918.0,0.01,-72.8463,0.0808,75.0
01358,普华和顺,3824.0,0.91,0.91,0.0,1304249399.0,0.04,26.236,0.2906,7.14
01152,正乾金融控股,3824.0,0.197,0.204,-3.43,707199630.0,0.17,-41.2482,2.4316,
02889,博泰车联,3821.0,56.192,55.1,1.98,9377185388.0,1.03,-7.0592,2.69,
00999,小菜园,3807.0,9.085,9.09,-0.06,10584268478.0,0.24,14.8585,3.8021,5.53
03913,合景悠活,3807.0,0.119,0.116,2.59,241077211.0,0.16,-1.0411,0.0902,
08158,中国再生医学,3804.0,0.305,0.31,-1.61,92797006.0,0.02,3.3697,1.635,
03858,佳鑫国际资源,3795.0,44.48,43.34,2.63,20262864000.0,0.46,10.9164,6.4015,4.22
00318,黄河实业,3791.0,0.89,0.89,0.0,256550401.0,,23.1983,0.4847,
03315,金邦达宝嘉,3791.0,0.6,0.59,1.69,483481200.0,0.01,241.2608,0.2145,8.33
09928,时代邻里,3766.0,0.475,0.47,1.06,468194555.0,0.01,19.1064,0.3025,11.79
00098,兴发铝业,3766.0,4.985,5.065,-1.58,2096935933.0,0.01,3.4739,0.2908,10.02
01499,欧科云链,3757.0,0.118,0.116,1.72,633720180.0,0.01,-22.0202,5.2681,
08267,蓝港互动,3730.0,0.192,0.192,0.0,70942649.0,,-0.8932,0.3681,
00127,华人置业,3725.0,1.0,1.0,0.0,1907619079.0,0.0,-10.6984,0.1634,
06889,DYNAM JAPAN,3724.0,3.07,3.07,0.0,2101854305.0,0.0,16.4455,0.3225,8.21
00253,顺豪控股,3721.0,0.605,0.6,0.83,184143094.0,,-3.4596,0.0465,
09678,云知声,3709.0,65.85,64.55,2.01,4917387799.0,2.19,-15.8471,3.4776,
00717,英皇资本,3707.0,0.059,0.057,3.51,397709898.0,0.03,3.0647,0.1087,
01616,一元宇宙,3703.0,0.06,0.06,0.0,129094622.0,,-3.1449,0.7266,
02222,雷士国际,3691.0,0.575,0.575,0.0,291682364.0,,-15.206,0.0764,
00484,云游控股,3674.0,0.64,0.64,0.0,109904058.0,,-2.2593,0.2394,
03601,鲁大师,3666.0,0.525,0.525,0.0,141225000.0,,-319.4526,0.1845,
01475,日清食品,3643.0,6.575,6.62,-0.68,6862271481.0,0.0,19.6272,1.7684,2.42
01837,五谷磨房,3636.0,1.315,1.31,0.38,2877961660.0,0.04,8.0184,1.456,5.25
09980,东鹏饮料,3603.0,94.65,95.6,-0.99,69528674657.0,0.87,12.3655,3.0891,6.8
00565,锦艺集团控股,3596.0,3.61,3.82,-5.5,9706586638.0,0.19,-554.7751,522.4233,
01890,中国科培,3590.0,0.835,0.82,1.83,1681897637.0,0.01,2.0883,0.2449,15.66
02648,安井食品,3581.0,64.3,62.6,2.72,21430478328.0,0.6,12.4711,1.1729,5.77
00926,碧生源,3581.0,2.335,2.335,0.0,285490141.0,,10.7416,0.513,
02219,朝聚眼科,3576.0,2.385,2.385,0.0,1672982100.0,0.06,8.8451,0.6229,10.23
00374,四洲集团,3559.0,2.55,2.55,0.0,969044982.0,,74.1143,0.8029,3.73
02356,大新银行集团,3555.0,14.14,13.71,3.14,19877335146.0,0.07,7.4292,0.5436,5.94
00931,中国港能,3553.0,0.3,0.305,-1.64,2477370177.0,0.0,-15.1142,8.722,
08179,百利达集团控股,3552.0,0.01,0.01,0.0,19077983.0,,-0.1904,0.0562,
00882,天津发展,3547.0,2.02,2.005,0.75,2166995653.0,0.04,5.3021,0.1595,6.93
00866,中国秦发,3543.0,1.89,1.89,0.0,4965812432.0,0.03,17.106,1.8056,
00834,盛融控股,3509.0,0.222,0.222,0.0,100554456.0,0.04,-2.3424,0.1758,
01037,云智汇科技,3486.0,0.61,0.61,0.0,430765803.0,0.08,-128.089,0.92,
01523,珩湾科技,3471.0,7.86,7.7,2.08,8709524520.0,0.05,21.7231,19.8584,4.81
02315,百奥赛图-B,3470.0,69.3,70.0,-1.0,30970060506.0,1.42,73.9444,11.1082,
06988,乐享集团,3466.0,0.051,0.053,-3.77,120968287.0,0.02,-1.1961,0.2579,
00196,宏华集团,3461.0,0.102,0.1,2.0,922129893.0,0.02,-29.3521,0.2407,
00658,中国高速传动,3426.0,1.025,1.03,-0.49,1676173845.0,0.0,3.9891,0.1732,
02012,阳光油砂,3409.0,0.19,0.199,-4.52,153871258.0,0.11,-0.6786,-52.6161,
02589,沪上阿姨,3377.0,65.0,64.05,1.48,6838196300.0,0.11,9.6729,2.7446,5.5
02257,圣诺医药-B,3371.0,3.715,3.755,-1.07,416663768.0,0.01,-5.0383,-11.4772,
01384,滴普科技,3363.0,19.49,20.94,-6.92,6799281400.0,0.94,-9.1623,3.714,
00511,无线集团,3362.0,2.0,1.98,1.01,933923672.0,0.04,9.9565,0.4094,
01300,俊知集团,3359.0,3.115,3.11,0.16,5507320000.0,0.45,16.8708,1.268,
02419,德康农牧,3350.0,54.65,53.6,1.96,21083529904.0,0.23,-20.5001,2.1981,
01836,九兴控股,3333.0,12.26,12.3,-0.33,10353527090.0,0.03,10.7964,1.2266,11.0
02048,易居企业控股,3326.0,0.06,0.062,-3.23,104943572.0,0.18,-0.3531,-0.011,
00952,华富建业金融,3322.0,0.09,0.09,0.0,557734430.0,,-2.3411,0.3293,13.33
00746,理文化工,3319.0,4.385,4.445,-1.35,3617625000.0,0.0,6.2252,0.5232,7.98
02391,涂鸦智能-W,3314.0,12.8,13.07,-2.07,7851546419.0,0.0,14.6717,0.9738,3.7
00637,利记,3310.0,0.166,0.166,0.0,137572500.0,0.0,24.0385,0.1743,
06138,哈尔滨银行,3302.0,0.305,0.305,0.0,3353657864.0,0.0,4.1368,0.0532,
00650,普达特科技,3300.0,0.204,0.194,5.15,1512561617.0,0.03,-7.6382,1.1628,
01065,天津创业环保股份,3295.0,3.6,3.6,0.0,5653505106.0,0.29,5.6109,0.4706,6.82
02276,康耐特光学,3294.0,35.64,35.06,1.65,17758335672.0,0.27,26.5389,3.9844,1.31
03636,金浔资源,3292.0,16.59,15.8,5.0,2526899927.0,0.19,5.1814,1.0489,2.36
00330,思捷环球,3288.0,0.42,0.42,0.0,118894328.0,0.02,-1.0721,1.9382,
06628,创胜集团医药-B,3281.0,0.81,0.85,-4.71,366915014.0,0.16,-1.9908,0.5739,
03978,卓越教育集团,3274.0,2.35,2.35,0.0,1986443250.0,0.1,5.4806,1.9484,12.55
06603,IFBH,3268.0,4.2,4.24,-0.94,1112067600.0,0.05,11.6753,0.8643,4.84
00807,上海实业环境,3261.0,0.95,0.965,-1.55,2446882440.0,0.01,3.6083,0.1897,7.05
00842,理士国际,3253.0,0.82,0.815,0.61,1175121383.0,0.01,-8.5802,0.2224,
02878,晶门半导体,3252.0,0.236,0.219,7.76,589469555.0,0.08,-18.8915,0.5376,
06989,卓越商企服务,3250.0,0.505,0.49,3.06,616275740.0,0.0,6.8669,0.1381,
00061,绿领控股,3241.0,0.195,0.21,-7.14,25655195.0,0.08,0.0441,-0.012,
00775,长江生命科技,3238.0,0.52,0.52,0.0,4997757648.0,0.02,-77.2463,1.2661,
01753,兑吧,3236.0,0.475,0.47,1.06,511491020.0,0.3,-4.2203,0.3781,
02543,大行科工,3224.0,33.06,33.6,-1.61,1083999083.0,0.12,10.3154,1.6648,8.27
00976,齐合环保,3222.0,0.43,0.43,0.0,690215485.0,,-1.9377,0.24,
01274,知行科技,3221.0,1.955,1.965,-0.51,494686631.0,0.02,-1.5337,0.5486,
02723,深演智能,3221.0,637.5,584.0,9.16,57807974063.0,0.32,3782.5348,63.1552,
00014,希慎兴业,3183.0,15.83,15.47,2.33,16257540170.0,0.09,52.0395,0.2184,6.81
08047,中国海洋发展,3182.0,0.025,0.025,0.0,177091404.0,,-3.2053,0.3791,
01623,海隆控股,3179.0,0.24,0.243,-1.23,407145264.0,0.02,6.3281,0.1212,1.25
02772,中梁控股,3168.0,0.035,0.034,2.94,156578167.0,0.2,-0.02,-0.0496,
01126,德林国际,3161.0,5.59,5.5,1.64,3783675350.0,0.05,6.4,0.8986,10.72
08168,宝积资本,3157.0,0.063,0.063,0.0,93529800.0,,-92.8796,1.6778,
01101,华荣能源,3157.0,0.02,0.02,0.0,95409830.0,,-0.2025,-0.0091,
02610,南山铝业国际,3155.0,23.38,22.82,2.45,14505774976.0,0.03,8.4243,0.9009,2.44
01345,上海先锋控股,3155.0,2.08,2.08,0.0,2615489760.0,0.0,18.6557,2.1846,2.6
00086,新鸿基公司,3147.0,3.96,3.96,0.0,7750201112.0,0.0,5.5597,0.3407,7.1
00980,联华超市,3147.0,0.275,0.245,12.24,406890000.0,0.18,-0.8087,-1.0625,
00585,意力国际,3142.0,4.4,4.55,-3.3,3651654917.0,0.01,965.7908,3.3267,
01450,交个朋友控股,3130.0,0.64,0.575,11.3,898978024.0,0.03,6.5354,1.3899,7.81
08143,金威医疗,3121.0,0.265,0.265,0.0,71696278.0,,-5.7252,2.6052,
00582,神话世界,3119.0,0.053,0.053,0.0,193528513.0,0.02,-1.163,0.0322,
02410,同源康医药-B,3118.0,3.665,3.75,-2.27,1392941223.0,0.14,-5.8232,4.6426,
08006,华泰瑞银,3099.0,0.107,0.107,0.0,39467199.0,,-3.9781,1.0587,
01606,国银金租,3098.0,1.525,1.515,0.66,19279629500.0,0.06,3.0362,0.3672,7.7
00588,北京北辰实业股份,3094.0,0.685,0.675,1.48,2306408700.0,0.37,-0.8647,0.163,
01021,华沿机器人,3090.0,8.69,8.16,6.5,4840908580.0,2.0,-61.6619,2.0865,
03303,巨涛海洋石油服务,3088.0,0.355,0.35,1.43,883536527.0,,-9.5739,0.361,
01257,中国光大绿色环保,3078.0,0.725,0.725,0.0,1497906550.0,0.02,12.7297,0.1091,7.86
00187,京城机电股份,3078.0,2.535,2.535,0.0,1383468361.0,0.37,-12.0491,1.5071,
00159,布莱克万矿业,3077.0,0.058,0.058,0.0,538253464.0,,-18.7004,1.1855,
00757,阳光能源,3077.0,0.051,0.051,0.0,169512328.0,0.01,-0.6453,0.2433,
00095,绿景中国地产,3072.0,0.186,0.177,5.08,1183660563.0,0.0,-0.1399,0.1126,
01588,畅捷通,3063.0,4.21,4.19,0.48,1353122649.0,0.03,13.2417,1.2752,10.86
00259,亿都(国际控股),3056.0,2.65,2.7,-1.85,2473949900.0,0.04,1.2683,0.4422,1.89
03838,中国淀粉,3054.0,0.173,0.173,0.0,980058328.0,,42.6076,0.2024,5.78
00040,金山科技工业,3052.0,0.655,0.67,-2.24,591129712.0,0.01,23.7985,0.4937,3.82
83690,美团-WR,3045.0,60.8,59.2,2.7,375469475840.0,0.0,-8.7767,2.2208,
00889,连达科技控股,3043.0,0.39,0.38,2.63,124800000.0,0.03,-6.2275,0.1727,
02506,讯飞医疗科技,3027.0,64.8,64.25,0.86,7832909498.0,0.03,-132.2068,7.9723,
00083,信和置业,3022.0,10.44,10.13,3.06,100079314619.0,0.05,21.8085,0.5756,5.35
02411,百果园集团,3014.0,1.64,1.62,1.23,3211687030.0,0.08,53.3657,1.0659,0.37
01206,同方泰德,3011.0,0.153,0.153,0.0,119675405.0,0.0,-0.1425,0.0558,
04338,微软-T,2993.0,1600.0,1600.0,0.0,14608468800000.0,,,,
02283,东江集团控股,2989.0,1.41,1.43,-1.4,1174896600.0,0.02,7.6722,0.6716,12.27
00876,青海生物制药,2981.0,1.56,1.64,-4.88,161667096.0,0.01,-1.7044,-0.5233,
08226,树熊金融集团,2978.0,0.1,0.103,-2.91,41750399.0,0.03,4.102,0.1075,
02163,远大住工,2976.0,0.6,0.6,0.0,292583640.0,,-0.4597,0.1029,
00623,金桥集团控股,2967.0,1.835,1.83,0.27,837118504.0,0.0,2.0111,0.3651,17.0
02111,超盈国际控股,2948.0,2.505,2.5,0.2,2604719040.0,0.01,4.7959,0.6472,10.42
00286,爱帝宫,2925.0,1.31,1.31,0.0,251760820.0,,-1.3047,0.3089,
02389,北京健康,2911.0,0.07,0.072,-2.78,424114042.0,0.0,-4.0989,0.2541,
00612,嘉文世纪投资公司,2910.0,0.335,0.335,0.0,523080320.0,,-4.6511,1.0403,
00210,达芙妮国际,2900.0,0.305,0.305,0.0,603442021.0,,5.2055,0.6166,6.56
00643,恒富控股,2888.0,0.145,0.142,2.11,130477605.0,0.0,-3.58,1.5129,
00848,茂业国际,2887.0,0.175,0.175,0.0,899557050.0,0.13,-1.2498,0.0417,
01286,鹰普精密,2880.0,6.795,6.7,1.42,13231806094.0,0.16,16.5337,1.9661,2.32
06136,康达环保,2878.0,0.73,0.75,-2.67,1684116205.0,0.01,4.5472,0.2282,0.68
06196,郑州银行,2871.0,0.855,0.85,0.59,7773738111.0,0.12,4.5207,0.1193,
06698,星空华文,2858.0,0.8,0.84,-4.76,317969494.0,0.02,-1.9127,0.111,
81024,快手-WR,2855.0,25.56,24.42,4.67,110014086729.0,0.0,6.1249,1.3377,2.71
06978,永泰生物-B,2852.0,0.39,0.4,-2.5,240825312.0,0.04,-1.2276,-2.4963,
00505,兴业合金,2849.0,0.935,0.95,-1.58,841086892.0,0.01,2.3614,0.2828,3.21
01107,当代置业,2846.0,0.013,0.013,0.0,36334930.0,,-0.0072,-0.0014,
00041,鹰君,2840.0,13.79,13.6,1.4,10339167578.0,0.03,-38.1447,0.1991,7.75
02266,黎氏企业,2839.0,0.42,0.42,0.0,168000000.0,0.13,-24.5694,1.5928,3.45
02348,东瑞制药,2829.0,0.955,0.96,-0.52,1439208875.0,0.04,5.4077,0.3605,6.6
00315,数码通电讯,2829.0,4.82,4.8,0.42,5306586717.0,0.02,10.1232,0.9696,6.63
01991,大洋集团,2820.0,0.655,0.665,-1.5,112664389.0,0.25,-1.5741,16.1781,
06610,飞天云动,2804.0,0.73,0.75,-2.67,94920995.0,0.04,-0.3311,0.0757,
00672,众安集团,2802.0,0.069,0.071,-2.82,388870876.0,0.04,-0.2954,0.0389,
00518,同得仕(集团),2789.0,0.15,0.15,0.0,67660134.0,,-4.5119,0.1767,
02668,百德国际,2784.0,0.41,0.41,0.0,2308300000.0,0.25,-10.6226,7.6479,
02156,建发物业,2777.0,2.535,2.505,1.2,3569949281.0,0.01,8.0908,1.547,7.91
02139,甘肃银行,2771.0,0.244,0.243,0.41,3677029085.0,0.0,5.1615,0.0967,56.56
00559,德泰新能源集团,2767.0,0.126,0.126,0.0,65921233.0,,-7.8431,0.1433,
00510,时富金融服务集团,2766.0,0.41,0.415,-1.2,176781659.0,0.0,-4.3096,1.0671,
00023,东亚银行,2764.0,17.92,17.57,1.99,47430175135.0,0.07,14.0878,0.4419,3.8
01502,金融街物业,2755.0,1.9,1.865,1.88,709650000.0,0.0,5.6483,0.4578,8.95
06963,阳光保险,2747.0,3.5,3.515,-0.43,40255328750.0,0.15,4.6102,0.6319,6.37
01049,时富投资,2745.0,0.73,0.73,0.0,58909672.0,0.0,-2.1463,11.6838,
02431,佑驾创新,2724.0,1.795,1.71,4.97,780617871.0,0.08,-1.6965,0.6806,
02706,海致科技集团,2724.0,34.56,36.38,-5.0,13969902747.0,0.19,-128.134,10.0542,
03866,青岛银行,2709.0,4.985,5.05,-1.29,29014468299.0,0.12,4.5909,0.4852,4.22
00491,英皇文化产业,2701.0,0.025,0.025,0.0,80333522.0,0.0,63.9089,-0.0562,
01141,民银资本,2692.0,0.735,0.735,0.0,806271989.0,0.17,4.6623,0.4568,
03368,百盛集团,2688.0,0.131,0.131,0.0,345123725.0,0.02,-1.6838,0.1061,
00600,爱芯元智,2685.0,22.92,22.14,3.52,13498426437.0,0.24,-19.396,3.3497,
01111,华视集团控股,2679.0,0.245,0.242,1.24,188809250.0,0.05,2.1677,0.3473,
03813,宝胜国际,2679.0,0.375,0.365,2.74,1979297856.0,0.02,6.287,0.1871,9.73
02518,汽车之家-S,2673.0,40.0,40.46,-1.14,20375504000.0,,19.0557,0.8105,12.02
02865,钧达股份,2672.0,11.19,11.1,0.81,3483067122.0,2.1,-2.2033,0.7995,
00838,亿和控股,2671.0,0.7,0.695,0.72,1211306460.0,0.02,4.9125,0.3484,6.1
00348,中国智能健康,2662.0,0.073,0.073,0.0,67493671.0,,-2.038,-1.7176,
02779,中国新华教育,2659.0,0.335,0.35,-4.29,538875305.0,0.01,1.4545,0.1097,
01396,粤港湾智算,2651.0,10.4,10.75,-3.26,16454693703.0,0.19,-24.8818,3.0617,
00261,GBA集团,2646.0,0.222,0.225,-1.33,73562293.0,0.01,-0.8277,0.1511,
00181,闽港控股,2639.0,0.09,0.089,1.12,103099140.0,0.04,-4.6655,0.3005,
09676,十月稻田,2634.0,4.2,4.135,1.57,4438353150.0,0.01,8.3158,1.0845,8.97
02643,曹操出行,2629.0,12.06,11.81,2.12,6981780145.0,0.09,-11.5111,-1.5084,
00215,和记电讯香港,2628.0,1.085,1.08,0.46,5228719386.0,0.05,-261.436,0.5869,6.91
01762,万咖壹联,2626.0,0.875,0.895,-2.23,1699676969.0,0.07,22.0764,0.8285,
00759,CEC国际,2609.0,0.201,0.201,0.0,133904350.0,0.0,-3.4169,0.3269,
06899,联众,2607.0,0.23,0.23,0.0,247893974.0,,-2.1477,6.3761,
06609,心玮医疗-B,2606.0,56.3,58.4,-3.6,2187931050.0,0.21,20.6307,1.5707,
03658,新希望服务,2596.0,1.68,1.7,-1.18,1367731680.0,0.0,6.1061,0.8912,5.36
00860,APOLLO出行,2588.0,0.59,0.59,0.0,603238473.0,0.01,-0.8664,0.4911,
01191,海光芯正,2587.0,107.9,113.1,-4.6,9878972786.0,1.92,-47.1821,4.9033,
01122,庆铃汽车股份,2585.0,0.445,0.44,1.14,1104609379.0,0.04,-11.5785,0.1323,
01612,永胜医疗,2583.0,0.72,0.715,0.7,475271159.0,0.01,4.9355,0.664,6.39
02076,BOSS直聘-W,2583.0,59.75,58.45,2.22,56133899543.0,0.01,10.6646,2.2951,3.35
00468,纷美包装,2578.0,2.274,2.274,0.0,3199811346.0,,-141.8099,0.957,0.26
01986,彩客新能源,2577.0,0.99,1.0,-1.0,958205655.0,0.05,10.3106,0.4131,2.02
00862,远见控股,2569.0,0.8,0.81,-1.23,313935237.0,0.02,-0.7178,-1.0982,
00789,雅天妮集团,2569.0,1.59,1.695,-6.19,421021864.0,0.08,-43.7062,2.3916,
06668,星盛商业,2552.0,1.395,1.4,-0.36,1415249820.0,0.03,8.7433,0.9616,9.68
02700,格林国际控股,2541.0,0.6,0.6,0.0,395936816.0,0.0,-338.1185,11.1932,
01399,锐信控股,2540.0,0.33,0.33,0.0,359700411.0,0.02,5.5784,0.2785,
00608,达利国际,2538.0,1.0,1.035,-3.38,305615420.0,0.03,6.8324,0.0911,6.0
00255,龙记集团,2535.0,1.365,1.365,0.0,865419969.0,,-29.409,0.5743,14.65
01431,原生态牧业,2527.0,0.29,0.295,-1.69,1360243956.0,0.0,1.765,0.2016,
02216,堃博医疗-B,2504.0,0.65,0.67,-2.99,342601405.0,0.03,-2.4174,0.3058,
01148,新晨动力,2499.0,0.209,0.208,0.48,267982265.0,0.03,10.6073,0.1307,
08220,比高集团,2492.0,4.695,4.71,-0.32,850441516.0,0.11,-32.8254,-16.7492,
00659,周大福创建,2489.0,8.9,8.745,1.77,40645813918.0,0.06,16.9786,0.9657,6.99
00269,中国资源交通,2487.0,0.01,0.01,0.0,106440932.0,0.0,0.1611,-0.0097,
00947,摩比发展,2480.0,0.165,0.163,1.23,131479441.0,0.01,-1.267,0.4418,
02728,金泰能源控股,2462.0,0.36,0.36,0.0,80190376.0,0.0,-3.0307,2.3569,
09668,渤海银行,2459.0,0.73,0.73,0.0,12966260000.0,0.05,2.0168,0.0864,
01046,寰宇娱乐文化,2451.0,1.485,1.45,2.41,1346348930.0,4.45,-124.3325,5.8979,
01195,京维集团,2450.0,0.018,0.018,0.0,52093651.0,0.03,-4.047,0.5209,
00533,金利来集团,2448.0,0.81,0.815,-0.61,788813668.0,0.05,-9.5705,0.1755,1.85
01188,正道集团,2444.0,0.012,0.012,0.0,244234473.0,,4.8865,-2.6363,
02675,精锋医疗-B,2434.0,33.0,32.78,0.67,12848655600.0,0.1,-552.2106,4.7754,
06820,友谊时光,2431.0,0.36,0.355,1.41,785106000.0,0.0,5.5687,0.535,5.56
01846,德视佳,2429.0,2.52,2.52,0.0,808179120.0,,325.0922,0.6636,0.52
09890,贪玩,2421.0,9.89,10.15,-2.56,5110751633.0,0.12,4.21,1.0358,
00290,国富量子,2415.0,1.545,1.595,-3.13,15919452289.0,0.06,-7.4717,2.1825,
00398,东方表行集团,2410.0,3.2,3.185,0.47,1559546317.0,0.07,8.646,0.8604,11.61
01878,南戈壁,2405.0,1.89,1.87,1.07,700338154.0,0.08,-0.6757,-0.3662,
00690,联康生物科技集团,2400.0,0.069,0.07,-1.43,412014742.0,0.02,8.4881,0.9182,4.35
00245,中薇金融,2389.0,0.96,0.965,-0.52,1784734044.0,,-3.0244,0.3927,
06887,东阳光药,2385.0,40.3,40.42,-0.3,23143929194.0,0.09,-67.2797,5.1368,
01823,华昱高速,2384.0,1.06,1.05,0.95,499374480.0,0.02,-8.8215,0.6017,
09960,康圣环球,2381.0,0.93,0.91,2.2,959565760.0,0.02,-20.2411,0.321,10.16
02306,乐华娱乐,2380.0,1.91,1.905,0.26,1586367690.0,0.0,25.8201,0.9537,
00605,中国金融投资管理,2374.0,0.75,0.725,3.45,156769550.0,0.05,0.6912,0.1737,
01522,京投交通科技,2364.0,0.203,0.209,-2.87,425720786.0,0.03,8.0985,0.1441,9.85
00501,豪威集团,2356.0,68.05,66.3,2.64,85617235774.0,0.56,23.2152,2.2487,0.17
00030,云白国际,2352.0,0.222,0.222,0.0,2088553502.0,0.0,426.5836,5.8472,
02373,美丽田园医疗健康,2344.0,18.21,18.07,0.77,4509655785.0,0.02,10.2575,2.7543,3.96
02788,创新实业,2329.0,14.61,14.71,-0.68,30315750000.0,0.12,6.3678,2.4872,5.28
06919,人瑞人才,2317.0,3.31,3.3,0.3,525007636.0,0.12,4.1668,0.3402,5.7
00476,科轩动力控股,2314.0,0.83,0.84,-1.19,295188760.0,0.12,-0.9987,0.4173,
00893,中国铁钛,2311.0,0.063,0.063,0.0,141687971.0,0.0,-11.7004,0.1966,
00234,新世纪集团,2304.0,0.039,0.038,2.63,225434379.0,0.03,-8.1242,0.1554,
02402,亿华通,2297.0,9.6,9.88,-2.83,2309107978.0,2.57,-3.6607,1.069,
02339,京西国际,2295.0,4.96,4.725,4.97,6409623999.0,0.32,-125.1799,5.9386,
00433,北方矿业,2294.0,0.037,0.037,0.0,555079195.0,0.04,0.9382,0.699,
08033,爱达利网络,2287.0,0.1,0.1,0.0,61611500.0,,-51.4286,0.3134,10.0
00629,悦达国际控股,2278.0,0.27,0.27,0.0,315529159.0,,14.1739,0.5861,2.22
01942,马可数字科技,2277.0,0.061,0.059,3.39,125561766.0,0.12,-0.8938,0.138,
00373,联合集团,2275.0,1.965,1.98,-0.76,6904389767.0,0.0,8.6728,0.148,5.09
02595,劲方医药-B,2274.0,28.78,28.16,2.2,11018239671.0,0.99,-7.3814,4.6791,
02232,晶苑国际,2273.0,6.83,6.635,2.94,19484774260.0,0.07,10.6344,1.5156,6.23
02098,卓尔智联,2270.0,0.062,0.066,-6.06,768769360.0,0.0,-0.6051,0.0517,
01647,雄岸科技,2265.0,0.059,0.064,-7.81,70507360.0,0.03,-4.1426,0.2073,
01600,天伦燃气,2265.0,2.675,2.73,-2.01,2604009801.0,0.05,-50.6006,0.3934,4.45
01184,时捷集团,2253.0,8.205,8.05,1.93,5134996195.0,0.01,4.6419,1.3357,7.93
02562,狮腾控股,2242.0,0.495,0.475,4.21,230978420.0,0.31,-0.9628,0.5824,
02199,维珍妮,2241.0,2.42,2.385,1.47,2962685000.0,0.02,10.4689,0.9546,6.61
02251,鹰瞳科技-B,2239.0,8.5,8.5,0.0,853187611.0,0.01,-10.3511,0.631,
08137,洪桥集团,2232.0,0.52,0.51,1.96,7568357475.0,0.0,-333.3197,1.648,
00028,天安,2218.0,3.21,3.21,0.0,4706083066.0,0.0,-4.603,0.1631,6.23
00039,中国北大荒,2210.0,0.045,0.045,0.0,361690768.0,,-1.3213,1.4155,
06639,瑞尔集团,2209.0,1.83,1.83,0.0,1028634674.0,,43.6051,0.5513,
03296,华勤技术,2207.0,58.55,58.95,-0.68,88750267524.0,2.7,14.9373,2.3743,2.4
00627,共生智筑,2202.0,1.25,1.25,0.0,1775841578.0,0.08,-9.427,-0.758,
01989,广合科技,2188.0,103.5,115.0,-10.0,48927230424.0,5.05,28.8415,5.3385,0.73
00470,先导智能,2186.0,27.62,29.18,-5.35,46218364335.0,8.59,22.7671,2.2103,1.22
02580,奥克斯电气,2184.0,8.415,8.45,-0.41,13364999208.0,0.04,7.7873,1.2605,14.76
00875,从玉智农,2183.0,0.405,0.385,5.19,283113861.0,2.52,-0.6674,2.8408,
00379,恒嘉融资租赁,2177.0,0.157,0.162,-3.09,264906533.0,0.15,-99.1417,0.6387,
00609,天德化工,2177.0,1.08,1.085,-0.46,948691440.0,,16.3335,0.3394,2.78
00603,中油燃气,2175.0,0.122,0.12,1.67,687690068.0,0.01,26.4273,0.1567,
08041,中微智码,2174.0,0.685,0.7,-2.14,561381896.0,0.03,-10.9144,-52.4705,
06883,颖通控股,2170.0,1.97,1.97,0.0,2675260000.0,,9.685,1.5325,7.11
00713,世界(集团),2167.0,0.3,0.31,-3.23,237635226.0,0.02,-0.9808,0.2831,
01314,翠华控股,2165.0,0.183,0.184,-0.54,258254440.0,0.03,27.8261,0.5341,
00563,上实城市开发,2165.0,0.232,0.23,0.87,1109056324.0,0.01,-1.2597,0.0871,
06669,先瑞达医疗-B,2162.0,5.95,5.855,1.62,1864665567.0,0.14,-32.2557,1.1606,
80700,腾讯控股-R,2157.0,361.4,352.2,2.61,3286067662033.0,0.0,12.2247,2.893,1.47
02582,国富氢能,2149.0,3.31,3.4,-2.65,419283125.0,0.1,-0.9052,0.286,
02327,美瑞健康国际,2140.0,0.208,0.216,-3.7,843514180.0,0.0,16.4845,0.6472,2.88
02715,埃斯顿,2138.0,13.03,13.01,0.15,12621718671.0,3.34,55.1725,3.35,
08299,大唐黄金,2135.0,0.27,0.255,5.88,2576020784.0,0.42,27.1509,2.0929,
00418,方正控股,2135.0,0.645,0.64,0.78,743923000.0,,24.8814,0.6523,
03989,首创环境,2131.0,0.081,0.08,1.25,1157873387.0,0.02,3.4557,0.1441,
08020,宏海控股集团,2127.0,0.019,0.019,0.0,49646227.0,,-2.8613,-2.485,
00438,彩虹新能源,2120.0,1.2,1.205,-0.41,211586484.0,,-0.243,0.2691,
08092,ITE HOLDINGS,2117.0,0.04,0.046,-13.04,37020320.0,0.13,17.9802,1.8014,5.26
03200,大族数控,2111.0,86.6,87.0,-0.46,42348070371.0,2.53,24.4099,3.0532,0.81
03336,巨腾国际,2098.0,2.24,2.255,-0.67,2688018917.0,0.04,-2.1898,0.6764,
02135,瑞丽医美,2097.0,0.11,0.11,0.0,61278507.0,,4.0544,0.4744,
03887,HASHKEY HLDGS,2097.0,2.245,2.135,5.15,6166016428.0,0.09,-4.8812,2.5677,
08076,新利软件,2093.0,0.036,0.038,-5.26,47420640.0,0.01,-3.2091,-45.0151,
00117,宇阳控股,2093.0,3.335,3.37,-1.04,2483741250.0,0.16,13.8804,3.4439,
09955,智云健康,2084.0,0.5,0.505,-0.99,322859415.0,0.02,-0.6996,0.5488,
01682,杭品生活科技,2083.0,0.137,0.138,-0.72,215343998.0,0.0,-204.6996,1.3801,
00830,中国建筑兴业,2077.0,0.61,0.61,0.0,1375331010.0,0.03,-88.5425,0.4501,4.59
01069,中国健康科技集团,2073.0,0.248,0.248,0.0,76575620.0,,3.0105,0.9507,
01501,瑛泰医疗,2070.0,32.08,32.84,-2.31,6775296000.0,0.07,27.1538,2.1315,0.84
00912,信佳国际,2069.0,1.07,1.105,-3.17,304725300.0,0.0,7.5326,0.3708,9.35
03681,中国抗体-B,2059.0,1.145,1.07,7.01,1587700895.0,0.09,-7.4795,3.7646,
02586,多点数智,2058.0,8.545,8.55,-0.06,7376431823.0,0.48,36.8546,9.5261,
00051,海港企业,2057.0,5.15,5.055,1.88,3650062500.0,0.02,-31.1668,0.2421,
01875,东曜药业-B,2056.0,3.565,3.58,-0.42,2754988817.0,0.03,-14.6948,3.8164,
00595,先思行,2048.0,1.065,1.08,-1.39,910576387.0,0.06,3.948,0.467,1.87
00911,前海健康,2044.0,0.36,0.36,0.0,61000200.0,0.02,15.2082,0.1548,
09878,汇通达网络,2042.0,6.95,6.95,0.0,3898346302.0,0.04,10.8956,0.4218,
01090,大明国际,2038.0,0.5,0.53,-5.66,637264000.0,0.01,-31.3056,0.2199,
02550,宜搜科技,2037.0,2.045,2.12,-3.54,919234134.0,0.04,30.707,0.8632,
09616,东软睿新集团,2031.0,1.795,1.75,2.57,1159964424.0,0.01,2.4731,0.3963,15.6
01468,嘉高达资本,2028.0,0.173,0.18,-3.89,72111755.0,0.04,-0.4958,0.091,
02211,大健康国际,2027.0,0.45,0.44,2.27,248728991.0,0.04,-10.535,0.6269,
01228,北海康成-B,2025.0,1.92,1.89,1.59,1147628826.0,0.01,-12.5722,-5.0673,
02291,心泰医疗,2024.0,13.58,13.35,1.72,4656242459.0,0.05,19.6235,1.9905,4.37
06938,瑞博生物-B,2023.0,56.4,54.25,3.96,9564476124.0,0.24,-50.1156,4.7335,
01713,四川能投发展,2023.0,1.62,1.62,0.0,1740459474.0,,6.618,0.406,8.7
03718,北控城市资源,2022.0,0.385,0.39,-1.28,1369315640.0,0.0,5.4488,0.3734,9.87
00993,信控国际资本,2022.0,0.094,0.089,5.62,818701085.0,0.0,-0.8214,-0.2152,
08049,吉林长龙药业,2017.0,2.44,2.42,0.83,1367010000.0,0.01,5.4129,0.6502,12.11
01168,Z FIN,2015.0,4.99,5.0,-0.2,2177372588.0,0.05,-2.7593,0.2188,
01251,华油能源,2015.0,0.25,0.265,-5.66,488536000.0,0.02,-6.0093,0.4838,
01709,德林控股,2014.0,0.84,0.85,-1.18,1702504464.0,0.13,4.7162,0.6374,1.18
01063,新确科技,2008.0,0.275,0.28,-1.79,84619511.0,0.0,3.4736,0.3465,
00206,华商能源,2003.0,0.192,0.195,-1.54,622739311.0,0.06,-7.5907,0.4497,
02438,出门问问,1998.0,0.265,0.27,-1.85,410443754.0,0.05,-3.1381,1.9259,
03882,天彩控股,1998.0,0.44,0.435,1.15,443778480.0,0.03,-9.4204,-76.5135,
00279,裕承科金,1990.0,0.41,0.41,0.0,572166193.0,0.01,-20.8295,3.1572,
01028,千百度,1990.0,0.665,0.805,-17.39,1657446000.0,0.28,-454.3431,1.2763,
06168,周六福,1990.0,12.0,11.6,3.45,5124792336.0,0.08,6.0739,1.0358,8.94
01229,南南资源,1988.0,0.149,0.156,-4.49,114040664.0,0.0,-17.1687,0.4621,
00311,联泰控股,1986.0,0.305,0.305,0.0,315404363.0,,3.7358,0.2427,8.2
08317,财华社集团,1985.0,0.082,0.082,0.0,81984269.0,,819.8427,1.8362,
80020,商汤-WR,1983.0,1.01,0.97,4.12,42638756610.0,0.0,119.8632,1.4158,
00042,东北电气,1982.0,0.218,0.22,-0.91,190394660.0,,-2.0665,-0.5765,
06681,脑动极光-B,1966.0,0.97,1.03,-5.83,1317529660.0,1.74,-3.5541,2.701,
01982,南旋控股,1965.0,0.75,0.745,0.67,1709544000.0,0.01,5.6879,0.7154,14.67
00622,威华达控股,1964.0,3.015,3.055,-1.31,20934602228.0,0.34,55.5921,4.8467,
06031,三一重工,1952.0,16.24,16.11,0.81,149326872057.0,0.49,14.6477,1.4014,1.3
00798,中电光谷,1951.0,0.129,0.13,-0.77,955704240.0,0.01,-13.7723,0.1051,3.88
06616,环球新材国际,1951.0,9.21,9.33,-1.29,11498148803.0,0.05,-17.8124,2.2601,
01613,协同通信,1951.0,0.785,0.745,5.37,1205653625.0,0.11,-27.5674,6.0253,
06980,八马茶业,1945.0,27.14,26.54,2.26,2268027378.0,0.07,6.5696,1.0256,5.22
00737,湾区发展,1939.0,1.925,1.92,0.26,6413503795.0,0.0,10.8427,1.0779,9.45
01786,铁建装备,1937.0,0.675,0.685,-1.46,1025921700.0,0.0,6.1465,0.1405,5.04
00130,慕诗国际,1936.0,0.195,0.184,5.98,65896350.0,0.09,-1.4464,0.252,
02475,立讯精密,1932.0,50.55,50.8,-0.49,391384991589.0,1.32,19.3173,2.9423,0.26
06828,北京燃气蓝天,1932.0,0.033,0.034,-2.94,750291786.0,0.0,8.866,0.477,
00314,思派健康,1927.0,1.38,1.4,-1.43,1000961077.0,0.1,-107.4968,0.9378,
01244,思路迪医药股份,1926.0,2.39,2.31,3.46,617043030.0,0.0,-3.1131,1.0209,
00827,玖源集团,1922.0,0.033,0.033,0.0,231925406.0,0.01,-0.2911,-0.4999,
01269,首控集团,1919.0,0.047,0.047,0.0,86856000.0,,-0.2644,-0.0358,
02218,安德利果汁,1916.0,21.58,22.44,-3.83,7075823040.0,0.55,24.4376,2.2642,1.81
00878,金朝阳集团,1907.0,6.03,6.03,0.0,1708351069.0,,-1.3326,0.1309,1.66
01760,英恒科技,1905.0,1.08,1.13,-4.42,1174865472.0,0.08,64.8785,0.4123,1.65
00360,新焦点,1904.0,0.034,0.034,0.0,585376244.0,0.0,-4.2962,1.7492,
01180,汇彩控股,1901.0,0.935,0.94,-0.53,983793270.0,0.05,-9.582,2.817,2.67
00745,中国国家文化产业,1898.0,5.1,5.205,-2.02,1195268926.0,0.1,96.5213,19.1505,
03686,祈福生活服务,1896.0,0.48,0.485,-1.03,487560000.0,0.01,2.1145,0.8436,19.79
01680,澳门励骏,1895.0,0.158,0.158,0.0,146968135.0,0.01,-0.5204,0.1035,
04335,英特尔-T,1892.0,300.0,300.0,0.0,1686600000000.0,,,,
01538,中奥到家,1890.0,0.835,0.86,-2.91,713549250.0,0.03,6.1188,0.5335,3.01
01121,金阳新能源,1888.0,0.38,0.37,2.7,731222451.0,0.01,-2.7099,3.0726,
02587,健康之路,1887.0,0.655,0.635,3.15,572647702.0,0.17,8.8338,1.8333,
08295,金慧科技,1886.0,0.026,0.026,0.0,124176509.0,,-0.7375,0.2373,
00917,趣致集团,1884.0,6.615,6.425,2.96,1752304543.0,1.61,4.6631,0.6961,
03313,雅高控股,1881.0,0.67,0.675,-0.74,95281010.0,0.06,-1.1361,0.1932,
01461,中泰期货,1875.0,0.61,0.615,-0.81,611159000.0,0.12,3.556,0.1948,1.31
01102,环能国际,1872.0,0.074,0.076,-2.63,207154545.0,0.04,18.4007,2.0207,
01265,天津津燃公用,1871.0,0.152,0.155,-1.94,279574786.0,,-18.6266,0.1809,
00933,非凡领越,1867.0,0.355,0.34,4.41,3535294212.0,0.0,13.7208,0.4245,2.25
01023,时代集团控股,1865.0,0.395,0.39,1.28,381344850.0,0.0,-3.1047,0.2633,15.19
02235,微泰医疗-B,1864.0,6.99,6.99,0.0,2900214609.0,,30.9359,1.2281,
06878,鼎丰集团汽车,1863.0,0.037,0.037,0.0,34758688.0,,-0.0125,0.5218,
00113,迪生创建,1862.0,5.865,5.91,-0.76,2264237841.0,0.0,9.0956,0.6133,9.38
01981,华夏控股,1858.0,0.64,0.65,-1.54,1059159680.0,0.03,2.5757,0.3674,10.63
09669,北森控股,1850.0,3.225,3.295,-2.12,2309917289.0,0.61,-87.4336,1.8021,
00755,大方广瑞德,1846.0,0.255,0.255,0.0,45530816.0,0.0,-0.9152,0.1165,
01236,乐动机器人,1842.0,26.92,26.1,3.14,8973335128.0,0.8,-86.689,7.216,
03277,长光辰芯,1838.0,64.5,65.0,-0.77,28708195350.0,0.38,54.9165,5.847,0.45
02509,荃信生物-B,1838.0,17.0,17.0,0.0,3797276400.0,0.01,6.1641,3.8213,
02080,奥克斯国际,1835.0,0.425,0.445,-4.49,209518200.0,0.01,5.9439,0.6959,
06951,三环集团,1831.0,113.4,122.4,-7.35,226427885951.0,3.21,59.8183,6.7989,
02322,新质数字,1825.0,0.056,0.054,3.7,247553600.0,0.14,-0.9584,0.5736,
08100,名科国际,1823.0,0.42,0.42,0.0,186668260.0,,-36.9348,1.1954,
00521,CWT INT'L,1819.0,0.2,0.2,0.0,2279999220.0,0.01,7.6566,0.4074,
08172,拉近网娱,1806.0,0.19,0.19,0.0,79973490.0,,-3.2348,1.1011,
02477,经纬天地,1803.0,0.2,0.193,3.63,959200000.0,4.46,-24.2905,2.4507,
06831,绿茶集团,1796.0,4.85,4.815,0.73,3193505780.0,0.28,5.1333,1.7515,10.73
01598,21世纪教育,1794.0,0.111,0.111,0.0,128893644.0,,3.1426,0.1445,
00334,华显光电,1793.0,0.285,0.29,-1.72,602577760.0,0.0,4.04,0.409,
00057,震雄集团,1793.0,1.495,1.495,0.0,942689592.0,0.01,8.0607,0.2909,5.95
02608,阳光100中国,1791.0,0.01,0.01,0.0,25508115.0,0.01,-0.0063,-0.0021,
00154,北京控股环境集团,1785.0,0.415,0.415,0.0,622649462.0,,2.0774,0.1333,
02246,快狗打车,1773.0,1.15,1.15,0.0,75924466.0,0.01,-0.5509,0.8778,
00397,嬴集团,1769.0,0.038,0.038,0.0,130067886.0,,-2.1699,0.1224,
09991,宝尊电商-W,1766.0,8.35,8.995,-7.17,1455036640.0,0.0,-9.5716,0.3435,
01328,金涌投资,1760.0,3.1,3.1,0.0,796167718.0,,5.4763,0.6487,
01292,长安民生物流,1757.0,1.86,1.81,2.76,375839040.0,0.0,14.8006,0.1508,9.46
08349,硅鑫集团,1750.0,1.29,1.29,0.0,516000000.0,,-72.6205,8.7806,
01968,兴纺控股,1748.0,0.183,0.178,2.81,117120000.0,0.1,-3.8664,0.5855,
01419,盈健医疗,1745.0,0.76,0.78,-2.56,288459697.0,0.0,10.6337,0.363,3.95
00736,中国置业投资,1744.0,0.222,0.228,-2.63,71173113.0,0.07,-0.9521,0.1727,
01118,高力集团,1744.0,1.17,1.17,0.0,672022410.0,,4.414,0.4254,5.98
02591,银诺医药-B,1743.0,3.59,3.62,-0.83,1639981463.0,0.88,-4.3307,1.5143,
03677,正力新能,1743.0,4.55,4.44,2.48,11622616019.0,0.18,10.6709,1.1901,
00900,Aeon信贷,1741.0,9.085,9.05,0.39,3804485476.0,0.02,7.7105,0.8248,6.38
01809,浦林成山,1739.0,6.31,6.29,0.32,4029849950.0,0.01,3.5583,0.4871,7.92
00929,国际精密,1738.0,0.525,0.51,2.94,552433421.0,0.02,47.5498,0.2848,5.33
02798,久泰邦达能源,1736.0,0.84,0.815,3.07,1344000000.0,0.0,-4.8733,0.3982,
06958,正荣服务,1735.0,0.08,0.08,0.0,83000000.0,,-0.2677,0.1292,
06960,双登股份,1735.0,5.3,5.68,-6.69,2255730350.0,0.06,28.7805,0.5826,2.66
08159,新华联合投资,1733.0,0.052,0.052,0.0,41849600.0,,-0.523,6.2304,
00393,旭日企业,1730.0,1.315,1.32,-0.38,1972500000.0,0.01,23.7737,0.649,7.45
00458,联亚集团,1722.0,1.945,1.945,0.0,532881867.0,,3.6262,0.4006,9.25
00702,中国油气控股,1719.0,0.034,0.034,0.0,113744928.0,,-0.1082,-0.3591,
00945,宏利金融-S,1717.0,329.8,325.2,1.41,545586950082.0,0.0,15.6945,1.8896,3.21
02125,稻草熊娱乐,1716.0,0.246,0.246,0.0,173686184.0,0.0,-3.0492,0.0882,
01979,天宝集团,1711.0,1.48,1.51,-1.99,1532120919.0,0.01,5.5372,0.6669,7.3
00240,利基控股,1710.0,1.36,1.35,0.74,1688954069.0,0.02,3.6594,0.5721,12.5
00235,中策资本控股,1707.0,0.019,0.02,-5.0,387319823.0,0.03,-16.636,0.178,
08340,紫荆国际金融,1704.0,1.06,1.005,5.47,84789400.0,0.54,-6.1317,1.1196,
01525,建桥教育,1701.0,2.165,2.17,-0.23,898475000.0,0.01,3.0066,0.2911,3.7
00045,大酒店,1695.0,5.25,5.215,0.67,8751434213.0,0.02,13.9,0.2419,
00833,华讯,1694.0,0.49,0.495,-1.01,231798508.0,0.0,11.127,0.326,10.2
01578,天津银行,1694.0,2.03,1.995,1.75,12323220199.0,0.0,2.9076,0.1491,7.88
02670,云迹,1691.0,7.535,5.85,28.8,5225219744.0,7.59,-21.7246,6.2839,
00691,山水水泥,1689.0,0.249,0.26,-4.23,1084137591.0,0.01,-0.6536,0.0573,
01116,慧源同创科技,1688.0,0.211,0.22,-4.09,455338000.0,0.01,-27.0395,2.2179,
09886,叮当健康,1686.0,0.8,0.825,-3.03,986828718.0,0.09,-13.6416,0.5555,
00500,先丰服务集团,1685.0,0.063,0.065,-3.08,151413311.0,0.02,-0.7001,2.2807,
01285,嘉士利集团,1677.0,1.49,1.525,-2.3,618350000.0,0.09,3.4718,0.5054,13.42
80883,中国海洋石油-R,1667.0,20.28,20.48,-0.98,963907466796.0,0.0,6.0668,1.126,7.35
03355,飞速创新,1665.0,36.62,35.2,4.03,14786167260.0,0.22,16.5581,2.7141,1.59
00106,朗诗绿色管理,1661.0,0.019,0.019,0.0,89723843.0,,-0.0559,-0.0554,
00990,至源控股,1660.0,0.59,0.575,2.61,8709364432.0,0.1,11.2139,1.0555,
00163,英皇国际,1651.0,0.111,0.1,11.0,612311354.0,0.0,-0.2486,0.0413,
07618,京东工业,1651.0,12.97,13.02,-0.38,35213030305.0,0.02,12.6211,2.6123,
00845,恒盛地产,1648.0,0.01,0.01,0.0,77926456.0,,-0.0246,-0.0199,
00572,未来世界控股,1648.0,0.365,0.37,-1.35,110050381.0,0.01,-2.5863,0.1277,
00126,佳宁娜,1639.0,0.079,0.082,-3.66,124137394.0,0.25,-4.0992,0.0402,
09982,中原建业,1636.0,0.081,0.08,1.25,375727979.0,0.07,-20.6544,0.1239,
02179,瑞科生物-B,1635.0,4.415,4.415,0.0,2764124224.0,,-5.0168,4.8203,
03688,莱蒙国际,1632.0,0.165,0.165,0.0,233100853.0,,-0.0886,0.0752,
08193,亚太金融投资,1631.0,0.093,0.092,1.09,26022548.0,,0.7108,0.432,
03709,赢家时尚,1627.0,4.365,4.355,0.23,3093258101.0,0.05,6.7353,0.5734,8.03
06860,指尖悦动,1625.0,0.11,0.11,0.0,210989680.0,0.0,-2.662,0.2429,
09860,艾迪康控股,1625.0,4.55,4.22,7.82,3301676974.0,0.02,119.4736,1.6426,
02131,云想科技,1623.0,0.455,0.455,0.0,362024390.0,,-13.7116,0.3455,
01857,中国光大水务,1622.0,1.285,1.28,0.39,3676226589.0,0.0,4.6168,0.2498,8.02
00090,普星能量,1615.0,0.895,0.885,1.13,410447000.0,0.0,6.2411,0.3871,8.27
00037,远东酒店实业,1614.0,0.47,0.47,0.0,353689011.0,0.0,-53.2504,1.2016,
01617,南方通信,1611.0,0.255,0.255,0.0,414691200.0,0.16,8.4316,0.4063,
00032,港通控股,1607.0,6.94,6.83,1.61,2586456150.0,0.0,4.2482,0.3094,6.2
01115,5100藏冰川,1605.0,0.505,0.53,-4.72,3035695845.0,0.15,21.8663,0.8174,
01685,博耳电力,1601.0,0.605,0.61,-0.82,468130245.0,0.0,19.1381,1.3942,1.82
00362,中国天化工,1590.0,0.015,0.015,0.0,20273223.0,,-0.1404,-0.0188,
08003,世大控股,1590.0,0.116,0.117,-0.85,38543269.0,0.02,1.7353,14.7393,
01380,中国金石,1581.0,0.335,0.355,-5.63,173177466.0,0.03,-6.2253,1.5421,
00825,新世界百货中国,1579.0,0.247,0.255,-3.14,416477815.0,0.01,-0.5366,0.1425,
02101,福禄控股,1577.0,0.93,0.93,0.0,377599425.0,0.0,15.7178,0.2629,65.7
00831,利亚零售,1574.0,0.385,0.385,0.0,301430735.0,0.03,8.3075,0.4673,10.39
08037,中国生物科技服务,1574.0,0.505,0.525,-3.81,492744231.0,0.0,-26.5745,2.2775,
00111,信达国际控股,1570.0,0.67,0.67,0.0,429607752.0,0.03,4.2865,0.4039,7.46
01526,瑞慈医疗,1566.0,0.9,0.865,4.05,1428183900.0,0.0,4.2862,0.7308,2.22
01931,华检医疗,1563.0,0.365,0.36,1.39,585565520.0,0.01,-6.759,0.1784,
01566,华夏文化科技,1561.0,6.725,6.155,9.26,10869322394.0,0.94,-109.4884,-9.2842,
02003,维信金科,1560.0,1.2,1.22,-1.64,587351747.0,0.0,-0.6956,0.1293,4.17
00560,珠江船务,1556.0,0.59,0.59,0.0,661488462.0,0.0,10.6668,0.2004,4.24
06885,金马能源,1554.0,0.6,0.57,5.26,321252600.0,0.02,-0.1881,0.1857,
01996,弘阳地产,1553.0,0.027,0.025,8.0,90150246.0,,-0.0201,-0.0125,
01716,毛记葵涌,1551.0,3.2,3.205,-0.16,864000000.0,0.1,534.6535,16.2235,
02236,惠生工程,1548.0,0.49,0.49,0.0,1999252822.0,0.0,19.2521,0.6016,
09981,沃尔核材,1541.0,7.92,7.79,1.67,11087107907.0,0.95,8.4312,1.0489,2.43
00610,惠记集团,1540.0,0.9,0.9,0.0,713811631.0,,0.9459,0.2885,
08032,非凡领越,1539.0,1.47,,,14282904739.0,,16.0679,1.7869,
00532,王氏港建,1535.0,0.305,0.3,1.67,222618879.0,0.02,-4.7751,0.15,
00986,杜甫酒业集团,1535.0,0.105,0.105,0.0,16313289.0,,-0.9237,0.0469,
00228,中能控股,1532.0,0.82,0.88,-6.82,374084328.0,0.0,11.8866,0.1687,
00726,筑友智造科技,1526.0,0.034,0.034,0.0,105437255.0,0.0,-0.0822,-0.6886,
00712,卡姆丹克太阳能,1525.0,0.056,0.056,0.0,59355711.0,0.06,-1.2347,-0.2216,
01803,北京体育文化,1524.0,0.735,0.735,0.0,124186997.0,,-9.6344,1.1346,
03828,明辉国际,1522.0,0.725,0.72,0.69,532340455.0,0.0,6.2992,0.3762,8.97
03389,亨得利,1522.0,0.34,0.35,-2.86,1497366446.0,0.13,-15.6698,0.4506,
00088,TAI CHEUNG HOLD,1522.0,2.96,2.955,0.17,1827893018.0,0.01,-83.086,0.2955,6.08
02320,合丰集团,1519.0,0.201,0.196,2.55,164346444.0,0.67,-1.8046,0.2508,
01938,珠江钢管,1516.0,0.178,0.185,-3.78,179983276.0,0.05,1.3136,0.1014,
01895,鑫苑服务,1506.0,0.271,0.271,0.0,160713163.0,,1.4768,0.2131,7.01
00727,中国丰汇,1505.0,0.41,0.41,0.0,521456040.0,0.0,-7.3918,0.543,
00668,安克创新,1503.0,106.5,103.5,2.9,62774523549.0,0.34,17.5753,4.5928,0.89
02326,新源万恒控股,1501.0,0.013,0.013,0.0,274092938.0,0.06,-71.193,0.674,
09993,金辉控股,1500.0,1.03,1.015,1.48,4166583810.0,0.74,-0.5699,0.4545,
01216,中原银行,1493.0,0.285,0.285,0.0,10416699647.0,0.0,2.9931,0.0946,
00487,实德环球,1486.0,0.041,0.041,0.0,201986139.0,,-0.4702,0.3917,
09976,江波龙,1482.0,187.7,189.6,-1.0,86277731332.0,1.23,54.3138,3.5748,
03660,奇富科技-S,1474.0,24.6,24.58,0.08,5998067940.0,0.01,1.393,0.2086,19.87
01373,国际家居零售,1470.0,0.65,0.64,1.56,463614450.0,0.0,10.2604,0.5301,8.15
01008,力图控股,1470.0,0.172,0.169,1.78,269676157.0,0.01,-190.4493,0.1238,15.12
00026,中华汽车,1466.0,57.85,57.9,-0.09,2615910820.0,0.0,-21.7677,0.4019,5.53
00194,廖创兴企业,1465.0,4.07,4.095,-0.61,1540834601.0,0.02,-5.6247,0.1485,6.88
00070,金粤控股,1464.0,0.066,0.058,13.79,127962298.0,0.0,-5.651,0.1321,
08210,衍汇亚洲,1461.0,0.05,0.05,0.0,40000000.0,,-3.5654,0.537,
00752,笔克远东,1456.0,2.105,2.09,0.72,2688655466.0,0.02,6.244,1.0242,8.96
00509,世纪阳光,1448.0,0.17,0.17,0.0,19469747.0,,-0.2142,0.0242,
00124,粤海置地,1435.0,0.198,0.198,0.0,338884296.0,0.03,-0.4429,0.1024,
06677,远洋服务,1429.0,0.28,0.28,0.0,331520000.0,,-0.2626,0.4452,4.64
03952,来福谐波,1429.0,40.5,41.6,-2.64,4217475074.0,0.05,-72.3293,2.7857,
08005,裕兴科技,1428.0,0.064,0.065,-1.54,159213107.0,0.0,-1.8867,0.1031,
02676,纳芯微,1428.0,160.5,161.0,-0.31,26242592144.0,0.8,-288.383,2.9423,
06868,天福,1425.0,2.55,2.54,0.39,2760712773.0,0.0,20.139,1.3678,4.31
01100,飞达控股,1423.0,1.285,1.275,0.78,551476316.0,0.01,4.4302,0.4393,7.0
00687,泰昇集团,1423.0,0.335,0.335,0.0,1127621963.0,0.0,24.3012,1.0546,17.91
01969,中国春来,1415.0,0.97,0.97,0.0,1164000000.0,0.03,1.2003,0.2042,
01341,昊天国际建投,1412.0,0.025,0.025,0.0,277384421.0,0.84,266.289,0.1681,
02358,久融控股,1410.0,0.011,0.011,0.0,60192000.0,,-0.2233,-0.2355,
06623,陆控,1407.0,4.245,4.45,-4.61,7358188693.0,0.01,-2.8505,0.0792,
03757,罗博特科,1406.0,415.6,419.8,-1.0,74593596532.0,0.74,-2502.505,9.3639,
00733,合富辉煌,1405.0,0.19,0.19,0.0,128088498.0,,-0.4803,0.1337,
00188,新华汇富金融,1403.0,0.235,0.235,0.0,179677499.0,,-6.7578,0.3202,8.51
01568,承达集团,1402.0,0.67,0.66,1.52,1460740700.0,0.01,5.1571,0.3914,7.46
01828,富卫集团,1398.0,32.36,32.48,-0.37,41408570379.0,0.02,20.6623,0.8467,
02565,派格生物医药-B,1396.0,4.725,4.86,-2.78,1847907489.0,0.41,-4.8739,6.0162,
00276,蒙古能源,1395.0,0.545,0.545,0.0,102528588.0,0.0,0.2172,-0.0288,
02473,喜相逢集团,1394.0,0.38,0.39,-2.56,705375000.0,0.84,15.5108,0.5561,
00295,江山控股,1390.0,0.016,0.016,0.0,239431080.0,,-0.8467,0.1094,
03881,希迪智驾,1381.0,19.86,19.6,1.33,8696556966.0,0.05,-11.4107,4.5456,
02185,百心安-B,1379.0,1.325,1.285,3.11,322527658.0,0.0,-3.6837,0.6835,
06908,宏光半导体,1377.0,0.29,0.29,0.0,339837799.0,0.0,-3.3738,0.6974,
03839,正大生物,1373.0,7.92,7.94,-0.25,1906489015.0,0.0,10.0432,0.8265,
08247,中生北控生物科技,1370.0,3.14,3.01,4.32,454380533.0,0.01,-9.697,3.53,
02149,贝克微,1364.0,31.88,32.58,-2.15,2008440000.0,0.02,11.5084,1.2553,
00294,长江制衣,1362.0,1.01,1.095,-7.76,208815165.0,0.01,-2.1477,0.2373,9.85
02178,百勤油服,1361.0,0.194,0.203,-4.43,334974888.0,0.0,-976.6032,1.9053,
01480,恩达集团控股,1360.0,1.0,1.0,0.0,240000000.0,0.0,-7.9376,0.3263,3.0
01905,海通恒信,1359.0,1.2,1.2,0.0,9882360000.0,,7.3274,0.4362,8.33
02566,九源基因,1356.0,5.45,5.645,-3.45,1296153880.0,0.0,8.0638,0.6602,1.25
01916,江西银行,1354.0,0.575,0.585,-1.71,3463959218.0,0.03,4.6277,0.0626,6.96
02657,林清轩,1346.0,57.45,60.0,-4.25,8025459653.0,0.11,16.1144,3.2912,4.67
00922,安贤园中国,1336.0,0.097,0.101,-3.96,215472226.0,0.01,-1.8591,0.2579,
00928,帝王国际投资,1336.0,0.13,,,72166577.34,,39.1359,0.303,
02312,LONG 投资集团,1334.0,0.4,0.4,0.0,274127044.0,0.03,-3.8392,2.2174,
00299,宝新置地,1331.0,0.106,0.106,0.0,11575464.0,,-0.027,-0.0244,
00328,爱高集团,1326.0,0.475,0.47,1.06,136036271.0,0.05,-1.5656,1.2518,
00050,香港小轮(集团),1326.0,4.7,4.7,0.0,1674487250.0,0.05,5.7085,0.2278,5.32
00471,中播数据,1323.0,0.127,0.114,11.4,60929791.0,0.45,-2.9454,0.1795,
06118,奥星生命科技,1320.0,0.7,0.68,2.94,358807400.0,0.0,17.9246,0.3749,
03778,中国织材控股,1318.0,2.88,2.88,0.0,360676800.0,,22.4076,0.472,
01555,MI能源,1317.0,0.027,0.029,-6.9,91436189.0,0.12,-0.1619,-0.0289,
01660,七元投资,1310.0,0.191,0.196,-2.55,1183245000.0,0.03,-116.6204,3.7464,
09615,梅卡曼德机器人,1300.0,78.6,79.55,-1.19,9825868530.0,0.1,-23.7292,-15.6647,
08071,中彩网通控股,1299.0,0.5,0.5,0.0,46860484.0,0.01,-23.8597,9.2245,
01945,清科控股,1298.0,1.36,1.36,0.0,399786688.0,0.0,3.5495,0.5422,
01749,杉杉品牌,1294.0,0.42,0.44,-4.55,56028000.0,0.03,-59.6656,0.176,
01731,其利工业集团,1289.0,0.75,0.745,0.67,840000000.0,0.01,4.8063,0.5509,11.49
09877,健世科技-B,1288.0,7.025,7.27,-3.37,2930600212.0,0.04,-16.698,3.3311,
02453,美中嘉和,1288.0,0.705,0.7,0.71,552481721.0,0.05,-3.0439,0.2737,
01110,金活医药集团,1287.0,0.38,0.38,0.0,236550000.0,0.16,18.9992,0.3444,
00664,铜师傅,1282.0,11.26,11.2,0.54,725220568.0,0.01,33.5897,0.795,
02429,友宝在线,1282.0,1.73,1.725,0.29,1693733029.0,0.0,-14.7342,1.3113,
02665,图达通,1267.0,1.5,1.52,-1.32,1963888322.0,0.16,-0.7717,11.5701,
00227,第一上海,1265.0,0.13,0.123,5.69,284788388.0,0.01,-2.7344,0.1156,
00366,陆氏集团(越南),1262.0,0.79,0.8,-1.25,393081420.0,0.06,34.7306,0.17,5.06
00619,南华金融,1261.0,0.295,0.295,0.0,88876736.0,,8.7667,1.8592,
08081,白居易控股,1260.0,0.013,0.013,0.0,67028456.0,0.03,-1.2014,0.4347,
01392,海清智元,1259.0,21.46,20.66,3.87,16614512693.0,0.1,550.8582,16.6915,
02487,科笛-B,1259.0,0.86,0.85,1.18,320856102.0,0.06,-0.982,0.3848,
02570,重塑能源,1258.0,4.495,5.06,-11.17,426196306.0,0.25,-0.6871,0.2201,
02161,健倍苗苗,1255.0,1.58,1.595,-0.94,1298760000.0,0.02,6.4995,1.21,10.75
02459,昇能集团,1255.0,0.645,0.625,3.2,125001000.0,0.05,-0.6553,0.1697,
01756,中国科教产业,1255.0,0.36,0.36,0.0,432000000.0,,1.2435,0.0869,
01551,广州农商银行,1253.0,1.49,1.49,0.0,21470586097.0,,10.2349,0.196,3.62
03680,瑞和数智,1248.0,2.435,2.44,-0.2,2241592908.0,0.04,-44.1655,11.8703,
02180,万宝盛华,1239.0,4.7,4.7,0.0,975273500.0,0.0,5.3139,0.7898,3.62
02655,果下科技,1237.0,14.12,14.53,-2.82,7310087439.0,0.15,41.0726,5.2385,
00298,庄士中国,1230.0,0.093,0.096,-3.13,218274284.0,0.0,-3.0581,0.0747,
09630,芯碁微装,1230.0,279.0,290.0,-3.79,40874927364.0,2.43,82.5484,6.7056,
02000,晨讯科技,1228.0,0.31,0.31,0.0,656904663.0,0.0,-19.8245,0.4435,
00575,励晶太平洋,1225.0,0.875,0.88,-0.57,255338809.0,0.01,-17.0145,-5.3785,
01220,志道国际,1224.0,0.056,0.056,0.0,116480000.0,,-1.1584,0.5526,
01688,领益智造,1223.0,5.03,5.18,-2.9,41056982383.0,0.78,17.0351,1.1257,0.46
02633,雅各臣科研制药,1223.0,0.97,0.975,-0.51,1940214370.0,0.0,6.4327,0.8377,9.28
03903,瀚华控股,1222.0,0.168,0.168,0.0,772800000.0,,45.3842,1.1003,
00059,天誉置业,1222.0,0.01,0.01,0.0,84463314.0,,-0.2592,-0.0091,
02549,卡罗特,1220.0,3.85,3.85,0.0,2120584235.0,,6.4145,1.267,3.69
02559,嘀嗒出行-PF,1211.0,1.105,1.14,-3.07,1134041990.0,0.02,-15.1866,0.6985,106.33
02579,中伟新材,1211.0,21.58,21.34,1.12,22539580855.0,0.65,9.2249,0.8004,4.13
08156,国药科技股份,1206.0,0.16,0.157,1.91,101390889.0,0.0,-11.0907,-2.185,
02629,MIRXES-B,1203.0,12.41,12.41,0.0,3701038408.0,,-6.2498,2.4234,
01338,霸王集团,1201.0,0.034,0.032,6.25,107522984.0,0.05,12.5033,0.6194,
06069,盛业,1194.0,6.195,6.0,3.25,6593250481.0,0.29,11.8652,1.4527,7.67
00859,中昌国际控股,1191.0,0.113,0.106,6.6,127128059.0,0.03,-0.6418,0.2322,
00071,美丽华酒店,1190.0,9.795,9.75,0.46,6767950213.0,0.02,9.8517,0.3166,5.41
00887,英皇钟表珠宝,1190.0,0.31,0.3,3.33,2249579520.0,0.08,3.9301,0.3828,6.45
01971,弘阳服务,1190.0,0.34,0.335,1.49,141100000.0,0.04,-2.2067,0.1419,
00353,能源国际投资,1187.0,0.39,0.38,2.63,825069527.0,0.0,13.3334,0.4796,
00821,汇盈控股,1187.0,0.47,0.575,-18.26,174410053.0,0.96,-3.1901,0.5447,
01259,未来发展控股,1185.0,0.031,0.031,0.0,68304191.0,0.01,-12.1845,0.0517,
00496,卡森国际,1182.0,0.2,0.199,0.5,367308270.0,0.0,53.865,0.0853,
02127,汇森股份,1175.0,0.02,0.02,0.0,76578160.0,,-0.0665,0.0194,
09663,国鸿氢能,1173.0,2.16,2.375,-9.05,1101609005.0,0.01,-2.2007,0.4166,
00677,金源发展国际实业,1172.0,0.355,0.355,0.0,602579293.0,0.0,22.1268,0.4583,6.48
04337,星巴克-T,1171.0,58.0,58.0,0.0,42374800000.0,,,,
00391,美亚娱乐资讯,1169.0,0.275,0.28,-1.79,1629028094.0,0.09,-39.0851,8.1072,
00185,正商实业,1166.0,0.058,0.058,0.0,110976427.0,,-0.1478,-4.6781,
01027,亚洲策略科技,1165.0,2.44,2.44,0.0,1018822000.0,,-33.7347,3.8487,
02789,远大中国,1164.0,0.167,0.172,-2.91,1036858578.0,0.0,2.9235,1.4456,30.12
03737,中智药业,1164.0,0.725,0.76,-4.61,626110000.0,0.04,31.0612,0.4933,
00689,长盈集团(控股),1162.0,0.137,0.137,0.0,254509245.0,0.03,-12.291,0.4187,
00237,安全货仓,1162.0,1.865,1.865,0.0,755325000.0,,-5.8764,0.2207,4.29
02360,优品360,1161.0,1.69,1.68,0.6,1690000000.0,0.03,7.8495,2.9689,11.83
00953,邵氏兄弟控股,1159.0,0.125,0.125,0.0,177451250.0,,-5.172,0.4067,
01176,珠光控股,1159.0,0.018,0.019,-5.26,159311390.0,0.25,-0.0253,-0.0522,
00033,INTL GENIUS,1159.0,0.4,0.4,0.0,223298042.0,,-14.4324,0.3205,
01079,松景科技,1157.0,0.19,0.178,6.74,406609996.0,0.01,-26.8567,4.8473,
01094,承辉国际,1154.0,0.445,0.4,11.25,316401770.0,1.6,-2.6451,1.5771,
06086,方舟健客,1153.0,0.825,0.84,-1.79,1142994977.0,0.01,116.8088,3.3488,
00064,结好控股,1152.0,3.875,3.88,-0.13,2395514390.0,0.04,44.8707,0.3601,1.29
03388,创想三维,1151.0,26.7,25.6,4.3,12758705832.0,0.2,-32.5411,4.6913,
02489,集海黄金,1146.0,0.81,0.81,0.0,1943542350.0,0.01,13.3566,1.1878,3.8
02166,芯智控股,1145.0,3.525,3.51,0.43,2067120031.0,0.06,5.0946,1.2834,4.77
00370,港仔机器人,1144.0,0.196,0.188,4.26,616702041.0,1.23,-3.4821,0.9033,
01563,友联国际教育租赁,1143.0,0.123,0.127,-3.15,207982422.0,0.01,4.0846,0.0744,
00809,大成生化科技,1142.0,0.375,0.37,1.35,629557932.0,0.01,5.963,-0.7629,
08198,加幂科技,1142.0,1.005,1.0,0.5,788150399.0,0.0,-7.1372,3.3398,
02416,易点云,1141.0,2.805,2.85,-1.58,1365105255.0,0.01,5.3933,0.8183,
00679,亚洲联网科技,1138.0,3.575,3.705,-3.51,1353971905.0,0.15,-28.6246,0.9614,1.12
06033,电讯数码控股,1134.0,0.465,0.465,0.0,187745145.0,,-5.4853,0.4237,6.45
03633,中裕能源,1132.0,2.65,2.675,-0.93,7123107666.0,0.01,31.1317,0.8936,1.14
00078,富豪酒店,1132.0,0.425,0.42,1.19,381982492.0,0.0,-0.797,0.0528,
00403,星光集团,1132.0,0.182,0.188,-3.19,91115258.0,0.05,-0.8666,0.1807,
02210,京城佳业,1131.0,2.0,2.0,0.0,293334400.0,0.09,4.5359,0.287,5.7
00217,中国诚通发展集团,1128.0,0.109,0.112,-2.68,650145220.0,,7.9509,0.2109,2.75
01652,福森药业,1126.0,1.015,0.935,8.56,750390515.0,0.02,-210.2113,1.8859,
00738,莱尔斯丹,1124.0,0.3,0.3,0.0,204195318.0,,-3.0561,0.4319,
01862,景瑞控股,1124.0,0.016,0.016,0.0,24621011.0,,-0.0065,-0.0046,
01727,河北建设,1122.0,0.23,0.239,-3.77,405118205.0,0.02,-0.532,0.0628,
08356,进业控股,1121.0,0.32,0.32,0.0,23970619.0,,2.8087,-0.6405,
01081,大金重工,1113.0,29.5,34.62,-14.79,21832532546.0,9.92,16.4869,1.3004,0.35
02650,挚达科技,1112.0,6.455,6.69,-3.51,2207641918.0,7.45,-7.7545,3.9147,
06687,聚水潭,1110.0,11.51,11.5,0.09,4866440661.0,0.11,-2.9118,3.6867,
00954,常茂生物,1106.0,0.25,0.285,-12.28,132425000.0,0.03,-2.5587,0.2248,
00399,星太链集团,1105.0,0.073,0.073,0.0,239228879.0,,-0.4243,-0.3052,
06968,港龙中国地产,1104.0,0.083,0.088,-5.68,134609317.0,0.02,-0.0846,0.0689,
01900,中国智能交通,1099.0,0.145,0.146,-0.68,249426950.0,0.01,-0.8192,0.1184,
01304,FORTIOR,1097.0,113.8,118.0,-3.56,13099982304.0,0.44,37.8325,2.1742,0.8
00915,道和环球,1097.0,0.046,0.044,4.55,69441264.0,0.01,16.1192,0.5492,
01720,普天通信集团,1096.0,0.295,0.295,0.0,324500000.0,0.09,4.6974,0.426,
01281,鑫达投资控股,1095.0,0.085,0.091,-6.59,126191340.0,0.03,8.5647,0.1321,
08173,客思控股,1089.0,0.11,0.11,0.0,23688118.0,,-3.1417,1.1163,
09936,稀美资源,1087.0,11.9,12.01,-0.92,4927790000.0,0.33,16.3078,2.1068,0.55
00381,权识国际,1083.0,0.053,0.054,-1.85,70512500.0,0.42,-0.5274,0.2107,
00205,BFB HEALTH,1081.0,0.48,0.48,0.0,600582766.0,0.01,133.0194,2.258,
01196,伟禄科技股份,1079.0,3.61,3.56,1.4,20826954667.0,0.24,-23.7088,11.3836,
03689,康华医疗,1076.0,1.89,1.88,0.53,632004660.0,,5.7726,0.3675,9.89
00132,兴业控股,1073.0,0.135,0.136,-0.74,231164434.0,0.0,21.0526,0.1996,4.11
08017,捷利交易宝,1071.0,1.035,1.015,1.97,724502484.0,0.03,12.1638,1.8073,
00618,北大资源,1069.0,0.285,0.285,0.0,780163925.0,,0.3854,1.1681,
03798,家乡互动,1065.0,1.37,1.385,-1.08,1727292575.0,0.01,24.5459,0.766,
00346,延长石油国际,1065.0,0.23,0.234,-1.71,253023645.0,0.0,-0.328,0.4983,
01739,齐屹科技,1059.0,0.125,0.125,0.0,143126386.0,0.16,-1.4869,0.1689,
01163,虎视传媒,1058.0,0.188,0.189,-0.53,168523200.0,0.0,28.1791,0.7408,
08283,中食民安,1057.0,0.142,0.142,0.0,49075200.0,0.0,-1.7901,0.3723,
02443,汽车街,1056.0,1.08,1.1,-1.82,899275422.0,0.0,-56.6974,0.858,
00626,大众金融控股,1046.0,2.16,2.155,0.23,2371502055.0,0.02,23.1871,0.305,4.17
01270,朗廷-SS,1046.0,0.445,0.44,1.14,1578090522.0,0.01,4.6559,0.1645,7.19
00574,百信国际,1044.0,0.018,0.018,0.0,35830369.0,,-2.0301,-0.2213,
00550,律齐文化,1044.0,0.365,0.4,-8.75,166269910.0,0.38,16.682,3.2136,
08328,信义储电,1041.0,0.42,0.42,0.0,329924124.0,,-3.6884,0.3733,
00987,中国再生能源投资,1040.0,0.211,0.211,0.0,528799225.0,0.01,-24.8835,0.2813,16.59
01326,传递娱乐,1039.0,0.027,0.027,0.0,70081571.0,,-0.2085,-0.2826,
02368,鹰美,1039.0,2.83,2.895,-2.25,1624929400.0,0.01,9.3626,0.8738,9.19
00209,万维智能科技,1038.0,0.425,0.41,3.66,63141052.0,0.29,-0.6171,-0.8025,
00983,瑞安建业,1036.0,0.715,0.715,0.0,266942507.0,0.0,12.7115,0.1259,
00655,香港华人有限公司,1030.0,0.385,0.38,1.32,769337837.0,0.01,-0.4633,0.0942,
03322,永嘉集团,1030.0,0.209,0.209,0.0,268439600.0,,-2.0075,0.2165,
00289,永安百货,1029.0,12.8,12.83,-0.23,3686412800.0,0.01,-13.5747,0.2266,7.74
00994,中天宏信,1027.0,0.27,0.3,-10.0,348571620.0,0.14,-10.5003,1.6561,
02511,君圣泰医药-B,1027.0,3.47,3.36,3.27,2325023768.0,0.42,-7.5077,5.5616,
02408,遇见小面,1026.0,4.12,4.12,0.0,2920933023.0,0.01,20.4938,3.1795,0.85
02181,迈博药业-B,1026.0,0.505,0.5,1.0,2082660400.0,0.0,21.5458,9.3324,
00036,远东控股国际,1025.0,0.275,0.275,0.0,89852284.0,,-1.547,316.3813,
00984,永旺,1024.0,0.265,0.26,1.92,68900000.0,,-0.1992,-0.0551,
02230,羚邦集团,1024.0,0.188,0.18,4.44,374496000.0,0.02,6.6994,0.5831,7.98
00204,资本界金控,1024.0,0.09,0.09,0.0,22414962.0,,-0.1148,0.0603,
09600,新纽科技,1022.0,0.127,0.127,0.0,126728789.0,0.0,-0.7174,0.2125,
02324,首都创投,1020.0,0.106,0.096,10.42,95427189.0,0.09,0.7355,0.1977,
00361,汉成发展控股,1018.0,0.043,0.042,2.38,251603750.0,0.02,-35.5022,0.9115,
02399,中国安储能源,1016.0,0.33,0.335,-1.49,1178560020.0,0.16,-3.0739,3.4551,
06866,佐力科创,1016.0,0.25,0.25,0.0,295000000.0,0.1,4.7257,0.1245,
00034,九龙建业,1014.0,4.415,4.5,-1.89,5766899746.0,0.01,42.1816,0.3279,5.44
01909,火岩控股,1013.0,1.75,1.76,-0.57,424936822.0,,-6.5954,3.8946,
02609,佰泽医疗,1013.0,2.95,2.955,-0.17,3889477128.0,0.05,119.4599,2.2165,
00331,丰盛生活服务,1005.0,5.31,5.38,-1.3,2389500000.0,0.06,5.8322,1.5731,7.04
00180,开达集团,1002.0,0.208,0.208,0.0,197722302.0,,-0.8339,0.124,
00771,自动系统,999.0,0.72,0.72,0.0,604389234.0,,-2.3605,0.3095,18.06
00062,载通,997.0,8.565,8.51,0.65,4594245966.0,0.01,19.699,0.2707,5.83
89618,京东集团-SWR,994.0,90.3,89.65,0.73,254492041480.0,0.0,14.7068,1.1602,4.35
01576,齐鲁高速,994.0,1.675,1.72,-2.62,3350000000.0,0.0,8.5483,0.471,8.42
00814,北京京客隆,992.0,0.265,0.265,0.0,109238300.0,,-0.5537,0.0906,
00351,亚洲能源物流,991.0,0.29,0.285,1.75,578542821.0,,-38.1977,4.3548,
01020,中细软科技,986.0,0.234,0.238,-1.68,1400064589.0,0.19,-13.8142,7.2723,
08271,环球数码创意,985.0,0.077,0.075,2.67,115754835.0,0.0,-12.8047,0.2932,
02237,中国石墨,984.0,0.19,0.189,0.53,304000000.0,0.01,42.9957,0.6122,
08153,嘉鼎国际集团,979.0,0.57,0.565,0.88,23709250.0,,-2.6988,0.3589,
02239,国微控股,977.0,1.35,1.35,0.0,438658187.0,,36.821,0.47,0.74
00646,中国环保科技,975.0,0.24,0.225,6.67,82247505.0,0.33,-1.6265,-0.111,
01630,建成控股,974.0,0.216,0.209,3.35,324000000.0,0.04,187.935,2.8281,
00422,越南制造加工出口,971.0,0.28,0.27,3.7,254150400.0,0.0,10.3005,0.6936,
06106,仙工智能,969.0,56.35,56.65,-0.53,6226522855.0,0.17,-151.3082,5.2609,
01183,澳能建设,968.0,0.111,0.112,-0.89,441859830.0,0.01,45.2241,1.1048,
02371,创联控股,968.0,0.154,0.159,-3.14,106010358.0,0.04,-3.9735,0.7801,
00632,中港石油,966.0,0.127,0.139,-8.63,121456917.0,1.13,10.215,0.461,
00171,银建国际,966.0,0.038,0.038,0.0,87584285.0,,-0.0856,0.0829,
01808,企展控股,963.0,1.88,1.885,-0.27,460389788.0,,8.0283,0.8878,
01050,嘉利国际,963.0,1.905,1.87,1.87,3977021256.0,0.1,14.6202,2.7062,3.17
01518,新世纪医疗,961.0,0.2,0.2,0.0,98005000.0,,-0.632,0.2476,
02526,德适-B,958.0,265.8,292.2,-9.03,23624091360.0,0.25,-169.575,26.1961,
00480,香港兴业国际,958.0,0.985,0.985,0.0,1463022276.0,0.02,-5.5777,0.0641,
00721,中国金融国际,954.0,0.11,0.11,0.0,241375949.0,,-25.2856,1.5385,
00474,信铭生命科技,954.0,0.14,0.142,-1.41,1240137753.0,0.0,3.669,2.7136,
00653,卓悦控股,953.0,1.6,1.68,-4.76,99993496.0,0.7,11.7612,0.5634,
00810,中国铸晨81,949.0,0.1,0.097,3.09,71275115.0,0.38,63.4685,0.8602,
06633,青瓷游戏,948.0,2.405,2.51,-4.18,1662649852.0,0.0,3.9314,0.6643,
80941,中国移动-R,947.0,68.15,67.8,0.52,1478574933895.0,0.0,9.7578,1.0149,8.01
01127,狮子山集团,945.0,1.185,1.185,0.0,912450000.0,,4.7705,0.5463,10.13
02659,宝济药业-B,944.0,11.42,11.7,-2.39,3690830542.0,0.28,-8.7965,2.1898,
00216,建业实业,938.0,0.425,0.425,0.0,234331465.0,0.03,-0.4965,0.0339,
08446,耀星科技集团,938.0,0.53,0.36,47.22,29815295.0,7.15,1.2871,0.1193,
02107,第一服务控股,936.0,0.365,0.365,0.0,461360000.0,,-9.2622,0.725,
01705,宾仕国际,936.0,0.9,0.9,0.0,360000000.0,0.02,20.9962,2.3797,11.11
00264,中联发展控股,933.0,1.55,1.575,-1.59,735716800.0,0.24,-30.8528,-219.2243,
01393,恒鼎实业,933.0,0.026,0.026,0.0,119736745.0,0.0,-0.1943,0.3448,
08130,大地国际集团,931.0,0.01,0.01,0.0,36406275.0,,-0.5869,-0.1967,
00122,鳄鱼恤,928.0,1.425,1.43,-0.35,147512456.0,0.01,-1.2956,0.1083,
07688,拓璞数控,926.0,20.68,17.73,16.64,8666601077.0,0.72,-52.3633,4.254,
08238,玖方数智,925.0,0.117,0.117,0.0,40758682.0,0.0,-3.5993,2.5694,
06811,太兴集团,925.0,1.57,1.56,0.64,1525127830.0,0.07,10.6939,1.6316,7.16
01105,星岛,924.0,0.186,0.186,0.0,163781001.0,,-2.0882,0.108,
08329,海王英特龙,923.0,0.092,0.092,0.0,154376000.0,0.02,-2.6572,0.2049,
01466,佰金生命科学,917.0,1.73,1.7,1.76,1612799567.0,0.23,-42.345,8.6586,
00767,中基长寿科学,915.0,0.47,0.475,-1.05,299227521.0,0.07,-27.9913,0.7312,
00080,CAI控股,914.0,0.26,0.26,0.0,678165329.0,0.01,-7.6518,1.6481,
02407,高视医疗,913.0,4.415,4.315,2.32,652924942.0,0.01,7.6436,0.3437,
81211,比亚迪股份-R,909.0,64.45,62.2,3.62,587603383064.0,0.0,17.6678,2.2512,0.65
03302,精技集团,909.0,0.37,0.37,0.0,340545556.0,,-11.2484,0.677,
02652,长风药业,906.0,6.08,5.75,5.74,2624202705.0,3.09,-326.8805,1.4059,
06128,烯石电车新材料,902.0,0.052,0.057,-8.77,48948293.0,0.08,-0.1302,3.2435,
03639,亿达中国,902.0,0.04,0.04,0.0,103358800.0,0.06,-0.03,0.0261,
01956,中科闻歌,902.0,63.35,64.6,-1.93,11050533713.0,0.04,-68.1359,8.202,
80388,香港交易所-R,900.0,321.8,320.4,0.44,407989912811.0,0.0,20.6024,7.8816,4.33
01239,TEAMWAY INTL GP,899.0,0.248,0.248,0.0,107636446.0,,-3.8511,-0.2948,
06871,翼菲科技,899.0,26.8,27.06,-0.96,6564766342.0,0.03,-30.8422,8.0208,
01488,百福控股,898.0,1.02,1.02,0.0,1610237280.0,,827.6486,-7.7918,
08417,大地教育,896.0,0.021,0.022,-4.55,36758400.0,0.0,-28.4408,0.8348,
00076,谊砾控股,896.0,0.149,0.152,-1.97,66216207.0,0.01,0.2023,0.0181,
02508,圣贝拉集团,896.0,2.655,2.61,1.72,1633906912.0,0.0,10.6268,1.4659,
00828,王朝酒业,894.0,0.155,0.155,0.0,218302912.0,,36.3112,0.638,
03768,滇池水务,893.0,0.33,0.33,0.0,339606630.0,,2.692,0.0539,
00312,岁宝百货,893.0,0.039,0.039,0.0,97305000.0,,-0.9028,0.1289,
00149,中国农产品交易,890.0,0.066,0.066,0.0,656902476.0,0.01,85.4674,0.3753,
02886,滨海投资,890.0,1.165,1.15,1.3,1588744415.0,0.01,5.9955,0.6052,7.21
03999,大成食品,890.0,0.59,0.59,0.0,599551510.0,,16.2965,0.239,
00858,精优药业,890.0,0.077,0.08,-3.75,223300000.0,0.0,-0.2279,0.5953,
07630,英派药业-B,889.0,12.76,12.7,0.47,3604209123.0,1.02,-12.2214,4.0133,
01785,成都高速,886.0,1.95,1.955,-0.26,3229398900.0,,5.162,0.5365,7.33
01082,源宇宙教育,886.0,1.075,1.085,-0.92,653650396.0,,-28.0959,21.1196,
08121,国恩控股,886.0,0.42,0.41,2.44,63016800.0,0.03,-12.5933,0.7647,
02329,国瑞健康,885.0,0.085,0.084,1.19,377775529.0,0.02,-0.1751,0.0422,
01224,中渝置地,879.0,1.17,1.17,0.0,4542331562.0,0.0,-11.4165,0.3131,
08132,百能国际能源,876.0,0.071,0.066,7.58,191307047.0,0.0,-16.7534,-3.613,
00707,亚洲电视控股,876.0,0.06,0.06,0.0,133729572.0,,-1.047,-0.3026,
02561,维昇药业-B,875.0,18.61,18.81,-1.06,2116950104.0,0.0,-7.7521,2.7393,
01262,蜡笔小新食品,871.0,3.04,3.195,-4.85,727321727.0,0.0,-72.7574,2.0692,
01273,香港信贷,866.0,0.705,0.72,-2.08,292575000.0,0.0,4.172,0.3215,6.81
01217,中国创新投资,864.0,0.01,0.01,0.0,128015786.0,0.01,-4.5818,0.2373,
02656,健康160,861.0,3.245,3.365,-3.57,1125059479.0,2.8,-19.5158,4.089,
01556,建业建荣,859.0,0.233,0.239,-2.51,349500000.0,0.0,2.9891,0.3895,8.58
08146,怡园酒业,856.0,0.36,0.38,-5.26,292680000.0,0.01,-114.4483,2.9112,
00129,泛海集团,852.0,0.172,0.172,0.0,244349276.0,,-0.1313,0.0229,
06686,诺亚控股,851.0,12.38,12.38,0.0,4249172730.0,,6.289,0.3953,16.88
01831,十方控股,849.0,0.755,0.755,0.0,811964409.0,,-17.1623,-20.9361,
00472,新丝路控股集团,846.0,0.19,0.19,0.0,731330838.0,0.0,-2.9997,0.5498,
09680,如祺出行,844.0,7.65,7.69,-0.52,1561470968.0,,-5.8164,1.8913,
08128,中华节能,844.0,0.019,,,8523516.2,,4.3421,0.0299,
01340,惠生国际,843.0,0.48,0.47,2.13,66444336.0,0.01,-3.0386,0.1513,
09930,宏信建发,840.0,0.655,0.7,-6.43,2094194820.0,0.0,12.5391,0.1645,2.44
01351,辉煌明天,839.0,0.32,0.325,-1.54,192000000.0,0.08,-2.7823,1.9178,
01889,三爱健康集团,839.0,0.17,0.17,0.0,25992778.0,0.03,-1.1685,0.133,
02030,卡宾,838.0,1.17,1.175,-0.43,782253810.0,0.02,19.7352,0.5004,1.95
02182,天长集团,838.0,0.485,0.485,0.0,300700000.0,,-8.3133,0.402,
00271,亚证地产,836.0,0.139,0.139,0.0,172452983.0,,-0.6506,0.1225,
02683,华新手袋国际控股,836.0,1.11,1.12,-0.89,453574860.0,0.0,5.2515,1.3647,10.81
08540,胜利证券,836.0,4.375,4.375,0.0,931766500.0,0.12,79.2146,4.1326,0.96
00166,新时代集团控股,833.0,0.032,0.033,-3.03,279736864.0,0.0,-0.3647,0.2997,
09889,东莞农商银行,832.0,3.145,3.15,-0.16,21664475629.0,0.16,4.6872,0.3057,8.2
00899,中加国信,831.0,0.35,0.365,-4.11,166192696.0,0.08,-0.9113,0.1865,
02623,香港黄金产业集团,829.0,3.57,3.645,-2.06,1958608357.0,0.11,-17.8322,1.9662,
01446,鸿福堂,828.0,0.29,0.29,0.0,190223760.0,,-10.7162,0.7895,
01278,中国新城镇,828.0,0.066,0.065,1.54,641932264.0,0.0,7.2292,0.1306,6.06
00239,白花油,827.0,2.4,2.4,0.0,747936000.0,0.0,7.5583,1.0189,8.33
02658,天域半导体,826.0,49.52,50.15,-1.26,19450624609.0,0.13,-80.6447,6.3185,
06051,有赞,826.0,1.155,1.18,-2.12,1845238879.0,0.24,10.1993,1.2398,
02493,迈威生物-B,826.0,20.4,20.36,0.2,9113296080.0,0.07,-8.4553,9.0622,
09856,纳真科技,825.0,31.42,29.88,5.15,30884021930.0,0.66,26.3371,2.9011,
00871,中国疏浚环保,821.0,0.047,0.05,-6.0,70682431.0,0.0,-0.5495,-7.5561,
01622,力高集团,821.0,0.135,0.133,1.5,479467258.0,,-0.1136,-0.0692,
02685,量化派,821.0,3.575,3.615,-1.11,2011306444.0,1.22,26.0395,1.1738,
09857,柠萌影视,821.0,2.7,2.7,0.0,977288101.0,,17.2247,0.3557,
02575,轩竹生物-B,820.0,8.34,8.42,-0.95,4319684569.0,0.2,-18.1199,2.9027,
00841,木薯资源,815.0,0.179,0.158,13.29,104666082.0,0.0,-41.5683,0.1991,
09913,智勤控股,813.0,2.295,2.32,-1.08,2295000000.0,0.01,-33.4475,5.786,
06188,迪信通,808.0,0.355,0.355,0.0,314693442.0,0.0,-0.1915,-0.0954,
00426,万华媒体,808.0,0.168,0.176,-4.55,67351200.0,0.04,-2.342,-0.7084,
08293,星亚控股,808.0,0.087,0.083,4.82,18708488.0,0.01,19.1741,1.4518,
00164,中国宝力科技,806.0,0.44,0.42,4.76,153675598.0,0.08,-6.4935,-0.529,
02249,晶合集成,801.0,22.3,22.14,0.72,49835754783.0,1.12,70.6478,1.4573,
00989,中国长白山国际,801.0,0.53,0.53,0.0,2842196884.0,,20.4839,-5.0159,
01150,米兰站,800.0,0.084,0.118,-28.81,88782679.0,1.23,8.5664,1.2496,
01097,周大福媒体娱乐,797.0,0.059,0.061,-3.28,420942788.0,0.08,-0.7658,-0.1589,
06830,华众车载,797.0,0.185,0.185,0.0,327300853.0,,12.2208,0.2033,1.62
06090,不同集团,796.0,42.08,41.1,2.38,3734763186.0,0.47,28.5069,2.9619,
01087,威讯控股,795.0,1.56,1.53,1.96,374190336.0,0.0,-7.4901,1.8177,
01332,透云生物,792.0,0.16,0.149,7.38,468632344.0,0.02,2.1685,2.9628,
06929,业聚医疗,790.0,3.825,3.795,0.79,3166978889.0,0.0,9.3157,0.9652,5.23
00682,超大现代,789.0,0.214,0.215,-0.47,42314033.0,0.01,-2.305,0.2163,
00970,新耀莱,789.0,0.325,0.3,8.33,219492705.0,0.01,-2.3933,0.2421,
00519,诺科达科技,787.0,0.128,0.128,0.0,391053535.0,,-0.8154,1.0595,
08072,兰谷股份,786.0,0.255,0.265,-3.77,42929029.0,0.04,-0.7301,0.1783,
01632,民商创科,785.0,0.051,0.051,0.0,48617020.0,,-0.8669,0.4938,
02221,创业集团控股,784.0,0.595,0.6,-0.83,139410412.0,,-2.3886,0.3896,
00343,文化传信,783.0,0.143,0.148,-3.38,247972838.0,0.04,-4.9676,5.0993,
02495,声通科技,778.0,24.78,25.1,-1.27,982751482.0,0.21,5.6673,0.4479,
01601,中关村科技租赁,771.0,0.635,0.68,-6.62,1025589770.0,0.04,3.4742,0.2697,10.87
06833,兴科蓉医药,769.0,0.138,0.137,0.73,280538901.0,0.0,7.9972,0.3427,1.45
01237,中科生物,763.0,0.725,0.72,0.69,69626862.0,,1.1936,0.065,
02393,巨星医疗控股,761.0,0.073,0.073,0.0,170206070.0,,-1.8206,0.3894,
02203,脑洞科技,761.0,0.163,0.151,7.95,130400000.0,0.07,180.4677,2.2152,
01058,南粤控股,760.0,0.335,0.32,4.69,180236365.0,0.0,-20.4072,19.5888,
00601,稀镁科技,756.0,0.06,0.058,3.45,41315706.0,0.08,-0.1294,-0.4237,
01400,满地科技股份,756.0,0.031,0.031,0.0,117854788.0,0.35,0.4101,8.6117,
08201,宝联控股,754.0,0.113,0.113,0.0,61020000.0,,-26.7749,0.3242,
08148,悟喜生活,753.0,3.385,3.385,0.0,1550839104.0,,87.6124,17.3922,
00756,森美控股,753.0,0.6,0.6,0.0,204334959.0,,-15.3874,-0.6601,
01315,绿色经济,752.0,0.138,0.137,0.73,85818932.0,0.14,9.7956,0.5162,
03773,银盛数惠,752.0,2.425,2.42,0.21,1006375000.0,0.04,27.8727,2.4598,
02340,昇柏控股,752.0,0.132,0.145,-8.97,100943436.0,0.01,-1.9044,0.9767,
00160,汉国置业,751.0,0.645,0.645,0.0,464676899.0,,-0.8811,0.0449,1.55
08021,汇隆控股,749.0,0.166,0.16,3.75,119246939.0,0.04,1.2601,0.2136,
00254,国家联合资源,749.0,0.223,0.212,5.19,150695113.0,0.26,-3.085,0.799,
06117,日照港裕廊,747.0,0.585,0.57,2.63,971100000.0,0.0,5.8433,0.2783,5.98
06858,本间高尔夫,747.0,2.89,2.89,0.0,1750306825.0,,31.8376,1.2477,
02726,瀚天天成,747.0,84.0,85.7,-1.98,35749124040.0,0.14,497.3628,6.8067,
01000,北青传媒,746.0,0.52,0.46,13.04,102601200.0,0.07,-1.2415,0.1531,
00367,庄士机构国际,746.0,0.221,0.221,0.0,369634236.0,,-1.037,0.0505,
02627,中慧生物-B,743.0,29.32,29.32,0.0,11535737032.0,,-47.8967,24.6668,
08018,汇财金融投资,743.0,0.047,0.047,0.0,23698948.0,0.39,-3.4627,0.6394,
00201,华大酒店,742.0,0.058,0.058,0.0,518928977.0,,13.7297,0.1226,
02146,荣万家,739.0,1.96,1.96,0.0,736960000.0,,6.8044,0.2699,
00355,世纪城市国际,738.0,0.075,0.075,0.0,231942689.0,0.01,-0.434,0.0356,
01007,龙辉国际控股,737.0,0.07,0.07,0.0,13271501.0,,-0.8079,-0.0597,
03625,傅里叶,735.0,54.45,52.5,3.71,6098400000.0,0.17,-54.8685,10.8409,
01039,畅由国际集团,733.0,0.052,0.054,-3.7,94169570.0,0.01,-5.2019,0.3828,
01173,威高国际,732.0,0.027,0.027,0.0,67986036.0,,-0.6442,3.6015,
00256,冠城钟表珠宝,731.0,0.111,0.102,8.82,576372720.0,0.22,-4.8417,0.1437,
00648,京玖康疗,729.0,0.41,0.43,-4.65,43917943.0,0.38,5.3916,1.3798,
00417,谢瑞麟,728.0,0.7,0.71,-1.41,174427421.0,0.1,1.5248,0.3397,
01319,霭华押业信贷,728.0,0.28,0.27,3.7,538806354.0,0.01,6.5224,0.4662,7.86
03332,中生联合,726.0,0.187,0.211,-11.37,176957795.0,0.05,7.8521,0.3685,
01511,驭势科技,724.0,40.7,50.0,-18.6,6613140314.0,0.47,-23.1333,6.4004,
02661,轻松健康,724.0,3.8,3.62,4.97,784575200.0,14.32,-1.3811,0.754,
01498,培力农本方,724.0,0.242,0.245,-1.22,129687231.0,0.0,-4.6885,1.0378,
00602,佳华百货控股,723.0,0.045,0.045,0.0,46687500.0,,-0.3883,-0.2267,
06882,东瀛游,720.0,0.495,0.495,0.0,248712750.0,,4.2643,2.1017,7.07
08479,金泰丰国际控股,719.0,0.75,,,697500000.0,,16.2527,1.4594,
02567,七牛智能,719.0,0.37,0.36,2.78,741302502.0,0.02,-16.2754,1.9079,
00482,圣马丁国际,718.0,0.46,0.46,0.0,112879926.0,,-1.1694,-1.2571,
08178,中国信息科技,717.0,0.185,0.2,-7.5,31839824.0,0.32,-0.5158,0.1792,
08056,生活概念,716.0,0.27,0.255,5.88,30621927.0,0.2,2.9399,-0.5327,
01289,盛力达科技,714.0,2.0,2.145,-6.76,256000000.0,0.0,6.8459,0.3018,9.35
00515,中华银科技,714.0,0.173,0.173,0.0,49403197.0,,-0.7165,0.6388,
02377,博奇环保,713.0,0.76,0.75,1.33,649695636.0,,2.8098,0.1688,8.42
01633,上谕集团,712.0,0.415,0.4,3.75,284171250.0,0.05,-13.0205,1.8695,
09919,艾德韦宣集团,712.0,0.705,0.705,0.0,524277480.0,0.0,6.9034,1.4002,11.77
00718,太和控股,711.0,0.03,0.031,-3.23,157500596.0,0.0,-0.422,-0.063,
01697,山东国信,711.0,0.227,0.225,0.89,1057558950.0,0.01,-4.0786,0.0828,
00852,海峡石油化工,711.0,0.19,0.208,-8.65,403439177.0,0.09,-1.233,0.6771,
01476,金融街证券,710.0,1.09,1.09,0.0,2838978479.0,0.0,7.5728,0.2824,1.65
00498,蓝河控股,710.0,0.071,0.071,0.0,73907174.0,,1.4404,0.0497,
08187,积木集团,709.0,0.56,0.56,0.0,84942950.0,,-10.1291,22.712,
02635,诺比侃,708.0,9.4,9.07,3.64,3559460400.0,0.87,24.069,3.0112,
08227,海天天线,707.0,0.25,0.25,0.0,474407250.0,0.01,-44.5304,-6.5392,
08326,同景新能源,707.0,0.106,0.108,-1.85,130062000.0,0.16,22.2025,0.3486,
01321,中国新城市,707.0,0.77,0.77,0.0,1419897800.0,,-8.8003,0.2673,
01198,皇朝家居,705.0,0.125,0.127,-1.57,324820166.0,0.0,-0.4263,1.1696,
00377,中国华君,705.0,0.83,0.885,-6.21,155618236.0,0.24,-0.7077,-0.0164,
01080,胜利管道,705.0,0.05,0.051,-1.96,193718280.0,0.01,4.9849,0.4215,
02701,国民技术,705.0,7.035,7.005,0.43,4770621335.0,1.43,-57.3499,2.3539,
01312,华控康泰,705.0,0.031,0.033,-6.06,173245725.0,0.0,-0.8141,0.3396,
00765,威发国际,703.0,0.176,0.176,0.0,86307832.0,,-10.2944,1.2004,
00073,亚洲果业,703.0,1.85,1.85,0.0,27565979.0,,-0.8892,0.2817,
01298,云能国际,702.0,1.45,1.48,-2.03,399383650.0,,38.8317,2.2014,
02086,高维科技,701.0,0.54,0.54,0.0,172565042.0,,-66.041,3.0036,
00913,港湾数字,699.0,0.146,0.146,0.0,129508576.0,,0.9233,0.4053,
00372,保德国际发展,699.0,0.164,0.164,0.0,49649758.0,,-0.1984,-0.6634,
01609,天星医疗,697.0,62.55,68.4,-8.55,3426435457.0,0.32,24.1848,2.2881,
89888,百度集团-WR,696.0,70.75,70.2,0.78,193399475984.0,0.0,-53.7869,0.7117,
01752,澳洲成峰高教,695.0,0.107,0.115,-6.96,238807522.0,0.0,11.7642,0.8541,5.61
02281,兴泸水务,695.0,0.58,0.57,1.75,498631800.0,0.01,4.1918,0.1427,8.1
09611,龙旗科技,693.0,19.9,19.65,1.27,10374390266.0,0.32,19.2537,1.2209,2.99
06108,新锐医药,688.0,0.209,0.215,-2.79,41928883.0,0.2,-2.5917,0.0962,
08200,修身堂,687.0,0.745,0.745,0.0,58737313.0,,-12.1308,0.0822,
00222,闽信集团,684.0,2.615,2.62,-0.19,1561827714.0,0.0,17.365,0.1815,3.06
01240,青建国际,683.0,0.18,0.18,0.0,273297605.0,,4.1408,0.1057,
03708,世界数字经济产业,683.0,0.248,0.255,-2.75,180365440.0,0.03,-13.751,1.2688,
00556,泛亚环保,682.0,0.3,0.315,-4.76,301446253.0,0.07,-677.4673,0.2577,70.0
06658,溜溜梅,679.0,179.3,180.7,-0.77,14130849594.0,0.09,56.3094,8.9444,
08112,基石金融,679.0,0.117,0.117,0.0,26841958.0,,-3.6356,0.3214,
06657,百望股份,679.0,12.89,13.26,-2.79,2911938059.0,0.01,-44.6964,2.8178,
00731,建发新胜,678.0,0.265,0.265,0.0,374869220.0,0.0,-5.7359,3.6374,
01868,同方友友,677.0,0.153,0.153,0.0,320453209.0,,34.3016,0.1786,
01221,信和酒店,676.0,1.39,1.39,0.0,1665233447.0,,17.0756,0.3906,2.16
01245,NIRAKU,675.0,0.246,0.249,-1.2,294179213.0,0.01,2.8129,0.2826,8.94
00797,第七大道,675.0,1.0,1.02,-1.96,2508088000.0,0.03,35.5649,1.3568,
08296,中国生命集团,673.0,0.157,0.157,0.0,14836500.0,,-0.9992,0.1181,
01826,丰展控股,670.0,0.695,0.73,-4.79,1666332000.0,0.08,-60.394,19.2983,
03363,正业国际,669.0,0.335,0.335,0.0,167500000.0,,4.0339,0.1266,3.58
01327,励时集团,669.0,1.5,1.505,-0.33,388177920.0,0.01,-16.8692,8.7518,
08275,中国新消费集团,667.0,0.089,0.088,1.14,85438713.0,0.01,-3.6911,0.74,
00527,瑞风绿能智算,667.0,0.75,0.75,0.0,1826186252.0,0.01,-1.8064,-1.9854,
08368,中国创意控股,665.0,0.183,0.198,-7.58,126675843.0,0.02,2.2883,0.2947,
08348,滨海泰达物流,664.0,0.28,0.28,0.0,99061200.0,,-2.5129,0.0995,
01978,叙福楼集团,663.0,0.203,0.2,1.5,162400000.0,0.01,-10.7671,0.748,
03848,浩森金融科技,663.0,2.11,2.115,-0.24,1650199350.0,0.05,172.4951,2.404,0.28
02028,映美控股,661.0,3.75,3.84,-2.34,3218752875.0,1.91,-65.4053,128.9237,
06038,信越控股,660.0,0.4,0.375,6.67,401200000.0,0.02,10.2772,1.2521,23.75
00128,安宁控股,658.0,0.48,0.48,0.0,792316164.0,0.01,126.1248,0.7786,
02022,游莱互动,657.0,0.045,0.045,0.0,90000000.0,0.01,-2.0838,0.5934,
01225,隆成金融,656.0,0.27,0.265,1.89,62187052.0,0.0,1.4598,0.1815,
03228,景旺电子,655.0,79.6,75.0,6.13,85597814548.0,6.56,63.3657,4.1906,
03822,三和建筑集团,654.0,1.13,1.13,0.0,94920000.0,,1.6678,0.1806,10.62
00897,位元堂,654.0,0.38,0.38,0.0,423465497.0,,106.0785,0.3583,
00184,激成投资,654.0,2.26,2.265,-0.22,768852000.0,0.0,2.5613,0.2152,5.53
06913,华南职业教育,653.0,0.084,0.079,6.33,112056000.0,0.79,-1.2291,0.0603,
00442,域能控股,653.0,0.645,0.605,6.61,167151750.0,0.0,-9.4106,1.4104,
00526,利时集团控股,652.0,0.09,0.09,0.0,795961835.0,,5.7161,0.2692,
00794,锦胜集团(控股),651.0,0.365,0.365,0.0,120845660.0,,-17.7531,0.2346,
03889,大成玉米集团,650.0,0.066,0.067,-1.49,127470740.0,0.02,-0.8478,-0.2919,
08239,首都金融控股,650.0,27.0,27.0,0.0,21118095576.0,,-1026.9949,249.3672,
00554,汉思集团控股,648.0,0.192,0.196,-2.04,842367951.0,0.0,-7.7958,0.9695,
00907,高雅光学,648.0,0.061,0.061,0.0,53244685.0,,-81.1657,-22.8518,
02637,海西新药,647.0,154.8,155.0,-0.13,12183885396.0,0.09,70.5918,6.3398,
00225,博富临置业,647.0,5.12,5.12,0.0,564118451.0,0.02,-13.7359,0.1287,7.03
08030,丰银禾控股,646.0,1.375,1.5,-8.33,480352263.0,0.01,8.4605,1.4537,
06715,鲟龙科技,644.0,57.95,58.8,-1.45,6309920520.0,0.08,15.633,1.746,1.52
01129,中国水业集团,644.0,0.163,0.163,0.0,103047610.0,,-0.3733,0.1593,
02176,赛迪顾问,642.0,0.46,0.46,0.0,322000000.0,0.05,8.012,3.9887,22.83
00943,中证国际,642.0,0.163,0.163,0.0,335878000.0,0.0,-3.8832,0.712,
00280,景福集团,641.0,0.555,0.545,1.83,504666198.0,0.05,4.9566,0.5665,19.82
00722,联合医务,640.0,0.405,0.405,0.0,328436874.0,,-4.4003,0.513,8.15
01708,三宝科技,639.0,0.243,0.243,0.0,192470216.0,,-2.0412,0.1542,
08019,皓文控股,637.0,0.071,0.071,0.0,25281116.0,,1.4288,0.0789,
01917,豆盟科技,636.0,0.069,0.07,-1.43,158700000.0,0.01,-6.8732,8.6591,
02603,吉宏股份,636.0,11.45,11.408,0.37,5243147223.0,1.14,14.448,1.5584,4.7
01305,伟志控股,635.0,0.88,0.89,-1.12,190601840.0,,3.8175,0.1916,
06636,极视角,634.0,71.85,74.65,-3.75,8112927159.0,0.03,-157.8459,11.4449,
08315,新都酒店,633.0,0.067,0.067,0.0,38956631.0,,-33.9048,9.9991,
01124,沿海家园,631.0,0.11,0.11,0.0,45606223.0,,-0.0952,0.1156,
00072,超媒体控股,631.0,0.241,0.255,-5.49,105642991.0,0.02,-2.3868,0.6662,
08217,菊福堂生物,630.0,0.103,0.098,5.1,31091580.0,0.17,1.3334,0.6152,
01200,美联集团,630.0,1.725,1.655,4.23,1236645609.0,0.14,2.2218,0.7576,5.25
09971,基本半导体,627.0,39.14,39.96,-2.05,11885687833.0,0.01,-32.8622,16.2957,
02415,梅斯健康,626.0,0.85,0.85,0.0,516095308.0,,29.0692,0.3861,
02576,太美医疗科技,620.0,4.48,4.61,-2.82,2492398720.0,0.11,-33.2668,1.9706,
02317,味丹国际,620.0,0.685,0.695,-1.44,1043078270.0,0.0,7.3037,0.4368,15.47
00389,通天酒业,619.0,0.305,0.36,-15.28,91976349.0,0.09,-13.8517,0.9358,
08250,都都控股,617.0,0.12,0.122,-1.64,41304974.0,0.14,-0.798,0.147,
00997,普汇中金国际,617.0,0.018,0.019,-5.26,21047180.0,0.42,-0.0796,0.1225,
00704,和嘉控股,617.0,0.133,0.133,0.0,38619640.0,,-1.4633,0.0437,
01497,燕之屋,614.0,6.0,6.095,-1.56,2765524800.0,,10.9937,2.9521,9.45
00864,永利地产发展,614.0,0.147,0.147,0.0,56767836.0,,-0.3603,0.2435,
07687,易控智驾,612.0,64.1,60.0,6.83,9656076498.0,0.1,-18.0275,2.9328,
00383,天安卓健,611.0,0.83,0.83,0.0,838740279.0,,97.915,0.4757,
00048,中国汽车内饰,610.0,0.37,0.37,0.0,161981471.0,0.02,-6.8138,0.7693,
01147,伊登软件,608.0,0.114,0.115,-0.87,233123998.0,0.09,210.2659,0.9761,
03623,中国金融发展,608.0,0.565,0.575,-1.74,356324785.0,0.0,-5.3318,1.0927,
01676,高地股份,606.0,0.385,0.42,-8.33,151938072.0,0.52,-1.2951,2.1491,
00401,万嘉集团,605.0,0.108,0.111,-2.7,121890496.0,,-12.3571,1.4571,
00662,亚洲金融,604.0,4.55,4.55,0.0,4204846100.0,0.0,3.2456,0.3062,5.05
02225,今海医疗科技,603.0,4.31,4.485,-3.9,22903340000.0,0.05,-338.2929,70.7491,
08060,国联通信,602.0,0.105,0.105,0.0,34269979.0,,12.9712,0.4298,
00695,东吴水泥,601.0,7.5,7.505,-0.07,4140000000.0,0.02,-56.1972,12.4614,
02169,沧港铁路,600.0,0.54,0.54,0.0,2160000000.0,0.0,29.8913,2.2082,
01145,勇利投资,599.0,0.129,0.129,0.0,141541840.0,,5.731,0.2978,
00901,华曦达,599.0,59.7,59.15,0.93,12509542179.0,0.23,34.318,5.4724,
00145,信能低碳,599.0,0.208,0.21,-0.95,76169978.0,0.0,-3.5928,1.7474,
00640,星谦发展,599.0,2.345,2.345,0.0,692092837.0,0.01,6.0503,0.9786,8.27
02920,卓悦控股,597.0,1.7,1.7,0.0,2550000000.0,,133.7311,6.1205,
01959,中聚投资,597.0,4.245,4.36,-2.64,2249858490.0,0.12,-49.0141,33.3139,
08090,宝盖新材,595.0,4.65,4.56,1.97,269095500.0,0.22,11.6122,1.0469,
02480,绿竹生物-B,595.0,15.0,15.0,0.0,2983698480.0,,-19.4402,4.3331,
01718,宏基集团控股,595.0,0.46,0.475,-3.16,139895200.0,0.04,-4.7873,2.2582,
02519,傲基股份,594.0,3.9,3.9,0.0,1619303072.0,,14.9303,0.4482,
00223,易生活控股,594.0,0.095,0.095,0.0,155015467.0,0.02,-26.4803,1.9668,
00711,亚洲联合基建控股,593.0,0.44,0.44,0.0,810881150.0,,6.1691,0.3441,4.77
01935,嘉宏教育,592.0,0.76,0.76,0.0,1216630800.0,,6.0872,0.3095,
00591,中国高精密,592.0,0.231,0.236,-2.12,239662500.0,0.02,-14.2604,0.1218,
00157,自然美,591.0,0.44,0.44,0.0,880924410.0,,-15.3258,2.08,
08316,中国红包,591.0,0.227,0.228,-0.44,216416352.0,0.01,46.6314,21.564,
06190,九江银行,591.0,2.8,2.8,0.0,7972628160.0,,13.8639,0.1689,2.36
00147,国际商业结算,590.0,0.183,0.181,1.1,4227556625.0,0.47,-14.3264,6.6622,
09968,汇景控股,590.0,0.166,0.174,-4.6,872164000.0,0.16,-0.4574,-0.2795,
02119,捷荣国际控股,588.0,0.445,0.445,0.0,320725523.0,0.03,7.7155,0.5818,7.19
01272,大唐环境,586.0,1.075,1.075,0.0,3190107650.0,,4.8457,0.3382,9.21
00369,永泰地产,586.0,1.69,1.65,2.42,2322993774.0,0.0,-3.7347,0.1086,4.14
00103,首佳科技,584.0,1.69,1.71,-1.17,873839750.0,0.02,25.2424,0.4488,4.62
01783,晋景新能,583.0,4.49,4.525,-0.77,13502625597.0,0.18,222.5594,8.8783,0.22
02299,百宏实业,582.0,5.55,5.69,-2.46,11712831000.0,0.0,8.123,0.8259,3.78
01170,信星集团,580.0,0.405,0.405,0.0,270134775.0,0.03,-3.825,0.2764,9.88
01062,国开国际投资,580.0,0.098,0.098,0.0,284417105.0,,-1.9773,0.3392,
02122,凯知乐国际,579.0,0.086,0.085,1.18,116608629.0,0.03,-1.3653,-0.6283,
00162,世纪金花,578.0,0.051,0.04,27.5,58634430.0,0.18,-0.117,2.2995,
01583,亲亲食品,578.0,1.0,1.05,-4.76,753776557.0,0.0,-36.9459,0.5514,3.5
00497,资本策略地产,578.0,0.137,0.137,0.0,1766448208.0,,-2.1403,0.1378,
02695,印象大红袍,577.0,1.2,1.2,0.0,173004000.0,,5.5586,0.4901,20.5
01323,华盛国际控股,577.0,0.193,0.197,-2.03,175007525.0,0.0,-1.2869,0.2273,
02898,盛禾生物-B,577.0,6.39,6.39,0.0,1001100852.0,,-11.3599,1.8969,
00219,顺豪物业,574.0,0.675,0.675,0.0,391333470.0,,-4.5765,0.0568,
01201,天臣控股,573.0,2.0,2.0,0.0,879370456.0,0.02,-49.1104,1.9345,
00730,首惠产业金融,572.0,5.905,5.99,-1.42,933920321.0,0.01,38.205,0.6206,1.27
00053,国浩集团,571.0,70.45,71.2,-1.05,23181669228.0,0.0,7.2185,0.3273,5.11
01872,冠轈控股,571.0,3.815,3.985,-4.27,2486239624.0,0.06,-22.9623,2.8816,
01290,中国汇融,570.0,0.59,0.59,0.0,643297650.0,,13.0198,0.2894,5.08
01560,星星集团,569.0,0.255,0.25,2.0,163581990.0,0.04,-0.5225,0.312,
01575,皇庭智家,569.0,0.055,0.052,5.77,212300000.0,0.02,-2.4616,-0.6536,
00120,四海国际,568.0,0.046,0.045,2.22,75422545.0,0.04,-0.1199,0.3466,
01166,星凯控股,568.0,0.27,0.26,3.85,38465987.0,0.24,0.4638,0.054,
08051,讯智海,568.0,2.37,2.37,0.0,61711916.0,,6.9984,0.3483,
00423,经济日报集团,568.0,0.605,0.605,0.0,261118000.0,0.09,-6.0773,0.3578,11.57
01226,中国投融资,568.0,0.85,0.89,-4.49,350707110.0,0.0,2.5135,1.1973,
09916,兴业物联,567.0,0.365,0.36,1.39,146000000.0,0.02,3.099,0.2266,
00089,大生地产,567.0,1.84,1.84,0.0,529312204.0,,-73.2916,0.066,4.35
02630,旺山旺水-B,567.0,80.95,81.0,-0.06,13567041910.0,0.05,-39.0468,54.8004,
03390,满贯集团,566.0,0.25,0.247,1.21,223500000.0,0.01,7.2598,0.4119,
01884,EPRINT 集团,566.0,0.112,0.112,0.0,61600000.0,,-22.8741,0.2762,
01983,泸州银行,563.0,2.15,2.09,2.87,5843166933.0,0.0,3.2342,0.3559,7.07
01470,富一国际控股,562.0,0.12,0.12,0.0,96000000.0,0.06,19.6159,3.205,
03223,君正股份,561.0,81.0,80.55,0.56,41711085027.0,0.97,26.4116,2.2012,
01940,CGII HLDGS,561.0,1.11,1.15,-3.48,1332000000.0,0.01,5.9305,0.5724,
08050,城市酷选,560.0,0.735,0.725,1.38,199368750.0,0.0,-19.5058,14.0907,
03752,珞石机器人,560.0,53.9,52.5,2.67,14293249971.0,0.05,-74.4992,-26.7725,
02307,锦兴国际控股,559.0,0.161,0.161,0.0,140056959.0,,-1.3999,0.0821,
02193,万景控股,559.0,0.425,0.425,0.0,178327450.0,0.03,22.3805,0.6869,
08392,舍图控股,556.0,0.05,0.05,0.0,50000000.0,,110.3753,2.6009,
01159,智数科技集团,556.0,1.99,1.99,0.0,282294393.0,0.06,7.4002,-1.8884,
01500,现恒建筑,555.0,0.345,0.34,1.47,286350000.0,0.01,4.4165,0.9312,14.49
03268,美格智能,551.0,15.49,16.18,-4.26,4684564799.0,3.41,24.8422,1.4568,0.75
00444,先施表行,550.0,0.01,0.01,0.0,60439500.0,,-0.2789,-1.5034,
01572,中国艺术金融,548.0,0.073,0.073,0.0,123406500.0,,-364.7217,0.0965,
06893,衍生集团,547.0,0.37,0.37,0.0,403964520.0,0.03,-8.8152,3.5725,
09638,法拉帝,547.0,25.0,26.0,-3.85,8462066350.0,0.0,11.1238,1.0043,3.88
00065,弘海高新资源,546.0,0.345,0.34,1.47,84710236.0,0.0,-1.6574,0.8378,
01643,现代中药集团,546.0,0.595,0.67,-11.19,428400000.0,0.09,-8.9789,0.7944,
08087,中国三三集团,545.0,2.035,2.025,0.49,1318680000.0,0.08,-89.4265,71.3724,
01397,碧瑶绿色集团,544.0,0.765,0.75,2.0,317475000.0,0.0,4.6727,0.6453,9.15
01355,生物系统工程,544.0,0.21,0.2,5.0,375815525.0,0.0,-42.2312,14.6723,
00432,盈大地产,544.0,0.209,0.208,0.48,425991479.0,0.0,-47.3324,0.1516,
01182,胜龙国际,544.0,0.645,0.67,-3.73,219825396.0,0.01,3.0147,1.081,
08039,中国来骑哦,543.0,0.151,0.151,0.0,74443000.0,,-15.3112,-58.6627,
02336,硕奥国际,543.0,0.199,0.199,0.0,361366243.0,,-67.1435,0.9417,
00146,太平地毡,542.0,1.675,1.675,0.0,355414042.0,,7.6397,0.6918,7.16
09637,礼邦医药-B,542.0,26.5,27.0,-1.85,9231686572.0,0.17,-11.522,5.6236,
00022,茂盛控股,542.0,2.5,2.55,-1.96,98319393.0,0.07,0.257,0.3817,
02687,卓越睿新,541.0,277.4,282.4,-1.77,18493342580.0,0.18,155.5049,17.6734,
08120,国农金融投资,541.0,1.64,1.7,-3.53,266707886.0,0.04,-14.8932,6.1857,
08181,港深智能管理,540.0,0.048,0.048,0.0,54191360.0,,-1.1264,0.3693,
02558,晋商银行,540.0,1.08,1.08,0.0,6305742000.0,0.0,3.3081,0.1831,5.46
08371,尝高美集团,539.0,2.1,2.06,1.94,803835900.0,0.01,6.8469,2.402,8.1
01085,亨鑫科技,538.0,1.465,1.435,2.09,682104000.0,0.01,18.0349,0.3899,
01009,国际娱乐,537.0,1.2,1.2,0.0,1642988682.0,0.01,-2.4063,6.8323,
00673,中国卫生集团,537.0,0.305,0.305,0.0,423077148.0,,-8.8266,7.9414,
00764,永恒策略,533.0,0.2,0.2,0.0,80571341.0,,-0.1981,0.116,
00096,友成控股,533.0,0.535,0.505,5.94,340554036.0,0.44,3.4784,0.2794,2.8
00167,万威国际,532.0,6.265,6.255,0.16,3257700894.0,0.01,-64.7654,11.464,
00243,品质国际,531.0,0.415,0.41,1.22,143793571.0,0.01,1.4557,0.3352,
01153,佳源服务,530.0,0.325,0.33,-1.52,218467925.0,,29.1344,6.9077,
01851,银杏教育,529.0,7.52,7.85,-4.2,3760000000.0,0.12,20.947,2.7346,
08140,人和科技,528.0,0.117,0.117,0.0,93600000.0,,5.8757,0.4136,
08305,圣唐控股,527.0,0.198,0.21,-5.71,321156000.0,0.38,-17.0194,2.9013,
02212,高鹏矿业,526.0,0.16,0.16,0.0,202223872.0,,-9.7224,4.0866,
06911,澜沧古茶,522.0,2.35,2.35,0.0,352500000.0,,-5.2777,0.4815,
01243,宏安地产,522.0,0.026,0.028,-7.14,395200000.0,0.0,-0.4489,0.1599,
00681,中民控股,521.0,0.028,0.029,-3.45,250167714.0,0.04,-1.3413,0.0947,
09986,大山教育,520.0,1.88,1.88,0.0,1692000000.0,,-26.8191,8.9574,
06816,瑞港建设,520.0,0.203,0.203,0.0,162400000.0,,-1.0575,-3.1582,
01636,中国金属利用,518.0,0.31,0.31,0.0,138928275.0,,-0.2032,-0.029,
01421,恒昌集团国际,518.0,0.58,0.65,-10.77,116113216.0,0.1,-6.1848,1.0958,
01973,天图投资,517.0,2.89,2.89,0.0,2002859908.0,,9.1806,0.2667,
00969,华联国际,517.0,0.117,0.116,0.86,256368060.0,0.01,-12.0877,-0.2707,
06667,美因基因,517.0,7.13,7.175,-0.63,1579286444.0,0.08,54.9674,2.2453,2.49
01626,嘉耀控股,517.0,22.86,23.76,-3.79,13716000000.0,0.11,500.7207,41.1691,
00274,复兴亚洲,516.0,0.49,0.49,0.0,33584293.0,,-0.7076,0.0735,
00464,中国智能科技,516.0,0.68,0.695,-2.16,514244560.0,0.04,-16.8677,6.8806,
00938,民生国际,516.0,0.395,0.395,0.0,255643445.0,,0.6442,-0.4233,
01608,伟能集团,515.0,0.037,0.035,5.71,247276569.0,0.0,-0.9407,0.1789,
01710,致丰工业电子,514.0,1.605,1.785,-10.08,1605000000.0,0.43,-38.5532,4.59,0.5
00455,天大药业,514.0,0.12,0.121,-0.83,258005026.0,,-3.7387,0.5845,
06676,找钢网-W,513.0,0.665,0.66,0.76,712699371.0,0.0,-3.1788,1.5184,
00332,元亨燃气,513.0,0.184,0.173,6.36,72262514.0,0.03,-0.4011,-0.0501,
06810,商米科技-W,512.0,52.9,53.8,-1.67,21298957720.0,0.4,143.3446,6.3322,
02383,TOM集团,512.0,0.37,0.37,0.0,1464648906.0,,-5.5532,0.6633,
00888,链信控股,508.0,0.035,0.034,2.94,49764344.0,0.03,-0.8458,-0.997,
08455,礼建德集团,507.0,0.021,0.024,-12.5,20160000.0,0.62,-2.1309,-2.9328,
00313,裕田中国,505.0,0.062,0.063,-1.59,72343730.0,,-0.3169,-0.3161,
02677,卓正医疗,503.0,22.86,22.3,2.51,1476309087.0,0.01,8.9958,1.471,
00055,中星集团控股,503.0,0.129,0.118,9.32,32683370.0,0.03,-0.4156,0.0581,
01912,康特隆,503.0,3.1,3.15,-1.59,1429750482.0,0.03,-13.1945,13.7305,
02451,绿源集团控股,500.0,13.9,13.76,1.02,5645165300.0,0.05,35.0581,2.8285,
02088,西王置业,500.0,0.038,0.038,0.0,53533801.0,,-0.3615,0.1144,
00251,爪哇控股,500.0,1.06,1.075,-1.4,638250090.0,0.0,-3.8865,0.1762,4.72
08027,吉辉控股,499.0,0.105,0.107,-1.87,74592000.0,0.01,6.6698,0.9383,
00156,力宝华润,499.0,1.175,1.18,-0.42,1079462243.0,0.0,6.6984,0.5356,
01683,旷逸国际,498.0,0.121,0.128,-5.47,225815040.0,0.08,-71.6866,0.4152,
03628,仁恒实业控股,498.0,0.209,0.21,-0.48,168036000.0,0.05,19.5801,1.0684,
03661,圣邦股份,498.0,74.8,72.45,3.24,51398872435.0,0.5,59.3163,4.5921,
03816,KFM金德,497.0,5.215,5.795,-10.01,3129000000.0,0.55,38.7353,5.1403,0.76
01377,鼎泰高科,495.0,231.8,253.2,-8.45,98293615701.0,5.03,89.2718,11.5263,0.51
00265,港誉智慧城市服务,494.0,1.215,1.215,0.0,314006435.0,,52.2647,0.6765,
00309,新华通讯频媒,490.0,0.88,0.88,0.0,45849535.0,,-3.4442,0.6433,
03880,泰德医药,490.0,20.68,20.66,0.1,2932424000.0,0.05,15.2695,1.5581,
00959,世纪娱乐国际,490.0,0.72,0.72,0.0,92338244.0,,7.4305,-0.8163,
08311,圆美光电,490.0,0.073,0.073,0.0,108309162.0,,-9.9567,4.4344,
08195,传承教育集团,489.0,0.52,0.57,-8.77,238505642.0,0.1,6.145,0.486,
00137,金辉集团,489.0,0.61,0.61,0.0,323476583.0,,53.3086,0.1924,
08512,凯富善集团控股,488.0,0.375,0.36,4.17,344437500.0,0.15,4.5376,0.4485,
06999,领地控股,488.0,0.117,0.117,0.0,120152565.0,,-0.0542,0.5869,
06067,星源材质,488.0,6.535,6.42,1.79,9772564073.0,0.97,58.6518,0.778,
00104,冠亚商业,487.0,0.216,0.217,-0.46,161378616.0,0.15,4.09,0.3391,13.89
00150,HYPEBEAST,487.0,0.154,0.15,2.67,310052886.0,0.01,17.6588,0.7287,4.55
01950,帝王实业控股,486.0,0.102,0.099,3.03,73440000.0,0.07,3.9634,0.1002,
01536,煜荣集团,485.0,0.485,0.46,5.43,884640000.0,0.63,-200.9176,7.8276,
00058,新威国际,485.0,0.205,0.205,0.0,105681600.0,,-2.8212,5.566,
00630,隽泰控股,484.0,0.2,0.164,21.95,193510358.0,0.01,2.0409,1.2375,
02293,百本医护,483.0,0.44,0.4,10.0,177082400.0,0.01,28.4013,0.716,3.41
00927,富士高实业,483.0,0.425,0.425,0.0,217177125.0,0.0,-8.2696,0.3998,4.24
01459,巨匠建设,482.0,0.21,0.195,7.69,112005600.0,0.0,-1.47,0.0634,
00723,信保环球控股,482.0,0.219,0.216,1.39,239551292.0,0.01,5.4099,0.7885,
00896,兴胜创建,481.0,0.275,0.28,-1.79,295095536.0,0.02,-0.3355,0.1164,
00075,渝太地产,481.0,0.137,0.126,8.73,109539366.0,,-0.1913,0.2644,
01580,大森控股,481.0,0.41,0.42,-2.38,449228614.0,0.1,-37.3181,-143.1378,
02262,梁志天设计集团,481.0,0.345,0.38,-9.21,393783345.0,0.01,33.0272,1.1956,
01202,四威科技,480.0,1.49,1.45,2.76,596000000.0,0.05,12.1489,0.6439,0.79
03869,弘和仁爱医疗,479.0,3.385,3.385,0.0,467786690.0,,409.6704,0.7196,
00018,东方传媒集团,479.0,0.207,0.21,-1.43,496369005.0,0.0,37.1784,0.2962,4.83
01004,中国智慧能源,478.0,0.168,0.185,-9.19,78744551.0,0.04,-1.002,-0.0604,
00063,中亚烯谷集团,477.0,0.038,0.046,-17.39,241402679.0,0.07,21.0409,0.4771,
01255,TATA健康,476.0,1.83,1.95,-6.15,444406350.0,0.02,-58.9711,-8.0773,
00199,德祥新云算力,475.0,2.71,2.625,3.24,2950209229.0,1.05,-5.6317,1.6533,
01490,AI X TECH,475.0,0.27,0.26,3.85,333342000.0,0.02,20.3568,0.5266,
06036,光丽科技,474.0,1.095,1.1,-0.45,1177245450.0,0.02,6.2022,2.6236,
08413,亚洲富思,472.0,0.061,0.061,0.0,70882000.0,,39.2046,0.6967,
06909,百得利控股,470.0,0.217,0.218,-0.46,135082500.0,,-1.1103,0.047,10.6
00979,绿色能源科技集团,466.0,0.35,0.36,-2.78,483992662.0,0.0,-37.75,12.9485,
02583,西普尼,464.0,41.0,38.9,5.4,2411825000.0,4.66,14.508,1.8536,
06888,英达公路再生科技,464.0,0.075,0.075,0.0,80925000.0,,-0.9602,0.1243,
01985,美高域,464.0,2.2,2.2,0.0,680622800.0,0.04,22.5334,2.7424,
00125,新兴光学,463.0,0.285,0.285,0.0,74891812.0,,-1.6315,0.1253,
02297,润迈德-B,463.0,0.159,0.15,6.0,222816049.0,0.0,-2.8593,0.5712,
03310,云英谷科技,463.0,24.72,24.94,-0.88,10770695580.0,0.08,-40.3492,5.3362,
08219,恒伟集团控股,463.0,0.345,0.38,-9.21,85387500.0,0.25,32.3438,3.8791,
01865,鹏高控股集团,462.0,0.465,0.435,6.9,667061984.0,1.34,-19.3208,1.2374,
01679,瑞斯康集团,462.0,1.305,1.305,0.0,372748190.0,,-13.0982,-10.0345,
01142,能源及能量环球,461.0,0.03,0.03,0.0,428454031.0,1.13,-24.9968,0.2977,
08395,中显智能齐家控股,461.0,1.78,1.795,-0.84,3162170000.0,0.06,-354.0667,23.5721,
00846,明发集团,461.0,0.102,0.092,10.87,621532005.0,0.03,-0.4122,0.0383,
08545,佰悦集团,460.0,0.036,0.036,0.0,42923077.0,,-35.0392,0.2221,
08406,中国口腔产业,460.0,0.083,0.08,3.75,170118271.0,0.02,-2.6292,1.259,
02023,中国绿岛科技,459.0,0.765,0.76,0.66,376227000.0,0.0,5.7569,0.5,
01253,绿博生态,459.0,0.163,0.161,1.24,98470986.0,0.04,-0.5292,-2.9815,
06093,和泓服务,459.0,0.68,0.68,0.0,380800000.0,,-5.6214,0.568,
00840,天业节水,459.0,0.172,0.172,0.0,89357708.0,,-2.036,0.2331,
02699,新明中国,458.0,5.6,5.6,0.0,147283965.0,20.97,-0.6726,-0.0375,
01395,强泰环保,458.0,0.17,0.17,0.0,188241000.0,,11.6956,0.6724,
01941,烨星集团,457.0,0.65,0.69,-5.8,263451500.0,0.06,14.4201,0.9484,
03626,启明东方控股,455.0,2.07,2.01,2.99,380880000.0,0.07,132.9424,15.2309,
01527,天洁环境,455.0,2.3,2.33,-1.29,310500000.0,0.01,1.4149,0.232,
08462,中安控股集团,455.0,0.072,0.072,0.0,43200000.0,,-20.8853,0.307,
01817,慕尚集团控股,454.0,0.57,0.55,3.64,541500000.0,0.07,11.1514,0.6211,
00918,龙翼航空科技,453.0,1.39,1.46,-4.79,1548556131.0,0.02,-279.4723,5.9175,
02112,恩典生命科技,452.0,0.039,0.039,0.0,58500000.0,0.01,-0.2722,-0.0386,
01591,汛和集团,452.0,0.122,0.128,-4.69,65066667.0,0.01,-4.8515,0.491,
00092,冠军科技集团,452.0,0.117,0.117,0.0,128420937.0,,-1.0244,18.7066,
00851,盛源控股,451.0,0.249,0.249,0.0,219610665.0,,-32.2625,1.9078,
00645,安域亚洲,451.0,0.181,0.181,0.0,92884748.0,,-16.012,3.0714,
01222,宏安集团,449.0,0.02,0.02,0.0,270773939.0,0.01,-0.3366,0.0748,
00936,佳兆业资本,447.0,0.26,0.265,-1.89,275600000.0,0.03,54.4449,6.518,
00450,鸿兴印刷集团,447.0,0.64,0.625,2.4,581033583.0,0.03,-6.3637,0.2242,10.94
00465,富通科技,447.0,3.28,3.27,0.31,1033892080.0,0.02,-13.1697,6.122,
00932,顺腾国际控股,446.0,0.029,0.03,-3.33,90128910.0,0.02,-3.392,0.8181,
08491,COOL LINK,446.0,0.227,0.232,-2.16,90483600.0,,-7.3657,0.7206,
00725,恒都集团,445.0,0.96,0.95,1.05,190999680.0,,6.2862,0.4019,6.25
08291,港娱国际,445.0,0.227,0.229,-0.87,48426666.0,,42.5295,-0.6796,
08307,密迪斯肌,444.0,0.132,0.132,0.0,52369152.0,,55.9499,10.0209,
02420,子不语,444.0,5.08,5.04,0.79,2540000000.0,0.03,7.3602,2.569,4.56
08502,远航港口,444.0,0.35,0.335,4.48,280000000.0,,4.8233,0.411,11.43
08093,瓦普思瑞元宇宙,444.0,2.21,2.21,0.0,109347264.0,,-3.6668,3.2422,
01557,剑虹集团控股,443.0,0.47,0.47,0.0,225600000.0,0.01,1.6349,3.8836,
00747,沈阳公用发展股份,443.0,0.064,0.064,0.0,94040064.0,,-0.541,0.443,
00557,天元医疗,442.0,0.5,0.5,0.0,199489762.0,,-7.4578,1.2157,
06822,科劲国际,441.0,0.38,0.38,0.0,266000000.0,,-3.3122,0.6437,
02349,中国智能基础设施,441.0,0.1,0.099,1.01,312827854.0,0.01,-2.9665,0.5999,
00333,黛丽斯国际,441.0,0.184,0.184,0.0,55393692.0,,-0.6141,0.2081,
00488,丽新发展,439.0,0.645,0.695,-7.19,937397095.0,0.0,-0.239,0.042,
00046,科联系统,439.0,1.19,1.19,0.0,290757917.0,,13.5811,0.5786,8.82
06731,本末科技,439.0,30.8,28.3,8.83,11383312864.0,0.21,-8.2307,-23.5752,
02033,时计宝,439.0,0.23,0.228,0.88,473355640.0,,-5.7832,0.2121,4.35
06058,兴证国际,438.0,0.5,0.52,-3.85,2000000000.0,0.01,9.9072,0.4387,
02882,金至尊集团,438.0,0.35,0.355,-1.41,94385060.0,0.01,-0.6195,-0.1655,
08082,擎华控股,437.0,0.022,0.022,0.0,58801945.0,0.03,-1.6271,-1.2627,
01925,旷世芳香,437.0,1.25,1.25,0.0,506302500.0,0.0,-65.1011,0.8358,4.0
01449,立德教育,436.0,1.29,1.525,-15.41,1032000000.0,0.34,-12.3487,0.9872,
01412,隽思集团,435.0,1.045,1.045,0.0,555940000.0,,19.246,0.6191,5.74
01965,朗诗绿色生活,435.0,0.125,0.125,0.0,51345625.0,,1.6979,-1.7364,
00236,香港生力啤,433.0,1.02,1.02,0.0,381041971.0,,10.3505,0.5367,5.88
09608,宋都服务,433.0,0.05,0.05,0.0,192000000.0,,14.6813,0.4122,
00919,现代健康科技,432.0,0.08,0.08,0.0,72358715.0,,-41.0662,0.3876,
08416,HM INTL HLDGS,431.0,0.115,0.118,-2.54,48462725.0,0.04,6.9188,0.5771,
00229,利民实业,430.0,0.77,0.81,-4.94,386020142.0,0.01,118.1171,0.6066,5.06
02560,海螺材料科技,430.0,1.325,1.335,-0.75,768359550.0,0.0,6.933,0.5031,14.11
01451,万成集团股份,430.0,1.41,1.42,-0.7,288204000.0,0.04,86.1339,1.5236,10.64
01586,力鸿检验,430.0,1.37,1.3,5.38,803686961.0,0.01,18.5746,1.6211,
01939,上善黄金,430.0,0.67,0.69,-2.9,342959600.0,0.05,-15.7567,1.1949,
00620,大唐西市,430.0,0.248,0.235,5.53,198654257.0,0.01,-3.1773,0.2274,
06745,滨化股份,430.0,2.885,2.82,2.3,6949856166.0,0.69,12.6398,0.4595,0.8
08473,弥明生活百货,430.0,0.103,0.103,0.0,115360000.0,0.01,9.2584,1.5081,30.1
08223,紫元元,427.0,0.129,0.13,-0.77,66564000.0,0.03,-5.2653,0.1707,
02223,卡撒天娇,427.0,0.48,0.485,-1.03,123912960.0,0.05,-15.7051,0.3418,
03231,优地机器人,424.0,34.54,35.2,-1.88,14381365261.0,0.05,-90.701,20.8515,
01433,常达控股,423.0,0.081,0.081,0.0,161309070.0,,2.9379,0.6657,
00540,迅捷环球控股,419.0,0.192,0.192,0.0,115200000.0,,60.0,1.2538,
01247,米格国际控股,418.0,0.955,0.95,0.53,212942080.0,0.04,-6.4121,1.3201,
00617,百利保控股,418.0,0.188,0.184,2.17,209542069.0,0.02,-0.2515,0.0233,
08125,荣记万通,417.0,0.55,0.55,0.0,119202970.0,,-3.519,1.7042,
02209,喆丽控股,417.0,3.185,3.17,0.47,1335105884.0,0.03,6.2023,1.8111,3.16
00262,迪臣发展国际,417.0,0.078,0.082,-4.88,114412007.0,0.02,-1.3902,0.0928,
00138,中建富通,416.0,0.33,0.315,4.76,52789290.0,0.01,-0.2155,0.2295,
00385,建联集团,416.0,0.24,0.24,0.0,142775819.0,0.03,-2.3774,0.0708,4.17
01692,登辉控股,416.0,1.165,1.24,-6.05,418235000.0,0.0,8.1312,1.2292,9.61
00974,中国顺客隆,415.0,0.75,0.735,2.04,217842750.0,,-10.913,3.1512,
08391,基石科技控股,415.0,0.295,0.305,-3.28,309636427.0,0.12,-4.0859,-8.4591,
00131,卓能(集团),414.0,1.3,1.31,-0.76,848479815.0,,8.1682,0.1437,3.85
08029,中投金融科技集团,413.0,0.5,0.6,-16.67,140040811.0,0.01,-3.8118,-1.7198,
00483,包浩斯国际,412.0,0.177,0.177,0.0,65026260.0,,-21.4325,0.3761,
00183,宏辉集团,412.0,0.144,0.144,0.0,81635410.0,0.0,-0.9593,0.0656,
01673,华章科技,411.0,0.235,0.235,0.0,375091506.0,,-15.226,0.8336,
82331,李宁-R,410.0,10.82,10.5,3.05,27967684807.0,,8.076,0.9759,6.33
02325,云康集团,410.0,0.46,0.455,1.1,285775230.0,0.0,4.3304,0.2167,
01362,新龙移动,409.0,0.83,0.83,0.0,232400000.0,,22.299,1.3288,1.2
06959,长久股份,409.0,2.94,2.82,4.26,594350400.0,0.0,5.3267,0.9678,
01669,环球信贷集团,408.0,1.45,1.43,1.4,580000000.0,0.01,12.5653,0.6151,7.93
01771,新丰泰集团,408.0,0.16,0.16,0.0,96000000.0,,-0.3625,0.0426,
02422,润歌互动,408.0,1.8,1.775,1.41,2988000000.0,0.06,-56.0018,7.455,
06189,爱得威建设集团,407.0,0.072,0.072,0.0,17347006.0,,-0.2529,-0.022,
03893,易纬集团,407.0,1.285,1.3,-1.15,1355425476.0,0.01,-9.3331,-98.8063,
00616,财富链,406.0,0.094,0.099,-5.05,175528489.0,0.56,-2.3451,0.0614,
08622,愉悦集团,405.0,0.164,0.174,-5.75,84537408.0,0.0,-14.6195,1.496,
00784,爱生命国际,405.0,0.56,0.56,0.0,448000000.0,0.03,-39.2982,9.8464,
08203,凯顺控股,405.0,0.086,0.086,0.0,50173763.0,,-1.683,-0.5297,
01921,达力普控股,404.0,3.32,3.21,3.43,5158669120.0,0.08,334.0644,2.7485,
00025,CHEVALIER INT'L,404.0,4.5,4.52,-0.44,1355707980.0,0.0,3.2439,0.1408,6.67
01064,中华国际,404.0,0.06,0.062,-3.23,46116991.0,0.01,-5.1441,0.1353,
08490,骏码半导体,403.0,0.097,0.08,21.25,68433500.0,0.11,-3.4867,0.5029,
00499,青岛控股,403.0,0.155,0.17,-8.82,154775771.0,0.02,-3.0885,0.6162,
02011,进腾集团,402.0,1.1,1.1,0.0,631947580.0,,24.2851,2.4773,
08270,中国煤层气,401.0,0.36,0.36,0.0,140562241.0,,3.7759,0.8389,
02288,宏基资本,401.0,0.153,0.153,0.0,57443391.0,,-0.4,0.1309,
01418,盛诺集团,401.0,0.113,0.113,0.0,197750226.0,,4.3753,0.1861,4.42
01977,安乐工程,400.0,0.92,0.92,0.0,1288000000.0,0.0,5.4059,0.5244,8.48
02167,天润云,400.0,4.385,4.4,-0.34,760273054.0,0.0,8.0618,1.1445,2.28
01775,精英汇集团,399.0,0.34,0.33,3.03,181224080.0,0.01,-25.3958,3.6753,
02189,嘉涛(香港)控股,398.0,0.505,0.48,5.21,505000000.0,0.14,14.7557,1.1131,5.94
00456,新城市建设发展,398.0,0.58,0.53,9.43,124252753.0,0.08,-0.3946,1.4808,
00266,天德地产,397.0,1.85,1.805,2.49,878253874.0,0.03,-3.5776,0.2412,7.03
08235,赛迪顾问,397.0,0.56,,,392000000.0,,6.4379,1.7348,
08111,中国科技产业集团,396.0,0.074,0.074,0.0,34112275.0,,-1.6531,3.3163,
08162,港银控股,396.0,0.565,0.57,-0.88,562335912.0,0.7,8.0768,2.3167,
01723,恒月控股,395.0,0.705,0.54,30.56,505772640.0,0.23,-17.5835,1.5207,
08513,加和国际控股,394.0,0.38,0.375,1.33,31101304.0,0.02,-12.7707,3.2917,
00108,春雨医疗,393.0,2.38,2.375,0.21,7904870087.0,0.01,-43.3557,3.7758,
06872,丹诺医药-B,393.0,106.8,108.0,-1.11,5588729297.0,0.15,-35.0453,7.3986,
02592,拨康视云-B,391.0,1.19,1.19,0.0,1100383856.0,,-1.1665,3.3392,
08026,朗华国际集团,390.0,0.41,,,63139400.58,,6.6807,0.1808,
00097,恒基发展,390.0,0.126,0.126,0.0,383963252.0,0.01,-7.9992,0.3871,
02425,澳亚集团,390.0,1.8,1.8,0.0,1765167041.0,,-5.9487,0.4453,
08139,长安仁恒,389.0,1.2,1.2,0.0,46080000.0,,2.4053,0.3022,
01401,未来机器有限公司,389.0,0.27,0.27,0.0,405000000.0,0.06,5.5525,0.6067,
08460,基地锦标集团,387.0,0.365,0.36,1.39,96946927.0,0.11,-11.2039,1.6449,
01120,雅视光学,387.0,0.55,0.54,1.85,212444856.0,0.09,9.5024,0.3732,
01532,中国派对文化,387.0,0.149,0.149,0.0,269282205.0,,-5.9129,0.899,
02289,创美药业,387.0,5.495,5.495,0.0,593460000.0,,11.0401,0.8499,6.41
00641,中国恒天立信国际,386.0,0.4,0.4,0.0,440086628.0,0.0,-13.0455,0.3993,
08189,泰达生物,386.0,0.245,0.245,0.0,522805500.0,,-6.356,20.2434,
01130,中国环境资源,386.0,0.41,0.41,0.0,230776350.0,0.0,-21.4836,0.5602,
02563,华昊中天医药-B,385.0,4.3,4.3,0.0,1675228400.0,,-14.218,1.9977,
00898,万事昌国际,385.0,0.91,0.91,0.0,760827538.0,,-0.982,0.0986,6.59
03991,长虹佳华,385.0,0.595,0.58,2.59,865517940.0,0.13,3.4724,0.2335,
01592,基石控股,383.0,0.159,0.163,-2.45,230196448.0,0.02,-3.4843,87.9284,
02159,麦迪卫康,383.0,1.655,1.68,-1.49,556874400.0,0.03,14.4578,2.3713,
03603,信基沙溪,383.0,0.078,0.078,0.0,116449632.0,,0.548,0.076,
00583,长城环亚控股,382.0,0.174,0.174,0.0,272787734.0,,-0.4838,0.0888,
08427,万顺瑞强集团,382.0,3.25,3.145,3.34,53844804.0,0.01,-14.1509,0.7503,
01346,利华控股集团,382.0,1.38,1.35,2.22,881958000.0,,7.0995,1.5973,7.25
82318,中国平安-R,380.0,44.14,43.86,0.64,799271317659.0,0.0,4.3824,0.7778,7.24
00760,新天地产集团,380.0,0.118,0.118,0.0,60729506.0,,-0.311,0.041,
01655,OKURA控股,380.0,0.165,0.168,-1.79,118799931.0,0.0,1.4325,0.2193,
02691,南华期货股份,378.0,5.99,5.875,1.96,4559237244.0,0.79,6.1737,0.6704,1.41
02551,晶科电子股份,378.0,1.46,1.48,-1.35,784234195.0,,-94.1729,0.5459,3.22
02286,辰兴发展,377.0,0.28,0.28,0.0,167999997.0,0.0,-0.5269,0.214,
01473,环联连讯,376.0,1.51,1.445,4.5,1785486346.0,0.16,43.2545,5.7982,0.99
01671,天保能源,375.0,0.76,0.76,0.0,121539889.0,0.01,13.3266,0.3195,3.95
08216,丰城控股,375.0,1.43,,,572000000.0,,14.1483,5.5959,
82020,安踏体育-R,375.0,61.65,61.05,0.98,172413675945.0,,9.3703,2.4036,4.2
08402,高原之宝,374.0,0.111,0.111,0.0,79921665.0,,-11.3328,2.7536,
09677,威海银行,374.0,3.05,3.04,0.33,20951024965.0,,7.8367,0.5243,3.84
02041,麦科田,373.0,6.61,6.835,-3.29,3560322394.0,0.04,315.9776,1.2669,
00923,综合环保集团,373.0,0.013,0.014,-7.14,62699117.0,0.02,-0.3701,1.1496,
01215,开源控股,373.0,0.022,0.022,0.0,281135356.0,,-9.3119,0.1502,
01561,联洋智能控股,372.0,0.117,0.102,14.71,124658130.0,0.97,-4.4352,-1.7973,
01701,途屹控股,372.0,0.067,0.067,0.0,67000000.0,,4.7425,0.3588,
02231,景业名邦集团,371.0,0.016,0.017,-5.88,26338768.0,1.02,-0.049,-0.0289,
08147,云晶数智,370.0,1.0,1.0,0.0,207229597.0,,-16.986,10.6136,
00613,梧桐国际,369.0,5.1,5.075,0.49,5863129371.0,0.01,6.9709,1.4205,
00542,中国文旅农业,369.0,0.81,0.81,0.0,1240053954.0,,10.5645,22.0642,
01231,新矿资源,368.0,0.3,0.3,0.0,1200000000.0,,-20.1069,7.235,
08321,泰锦控股,368.0,1.27,1.265,0.4,681228000.0,,27.6394,4.9567,
01125,丽丰控股,368.0,0.61,0.59,3.39,201930400.0,0.0,-0.3158,0.0167,
08487,ISP GLOBAL,367.0,0.09,0.09,0.0,94196520.0,,-4.9491,1.5926,
00174,盛洋投资,367.0,0.165,0.187,-11.76,120599408.0,0.01,-0.2354,0.0321,
01843,快餐帝国,366.0,0.325,0.335,-2.99,260000000.0,0.41,-22.6274,1.8874,
00329,东建国际,366.0,0.167,0.162,3.09,250458237.0,0.26,-9.7789,1.0017,
02553,首钢朗泽,365.0,13.0,11.68,11.3,5200000000.0,0.59,-26.0579,4.7028,
00537,普源精电,364.0,21.7,22.18,-2.16,4745282589.0,1.78,39.4761,1.0066,
02187,智欣集团控股,363.0,0.495,0.47,5.32,444312000.0,0.04,-21.9517,0.9578,
01455,科利实业控股,362.0,0.3,0.31,-3.23,383568750.0,0.03,10.4846,0.8483,5.0
01662,义合控股,362.0,0.585,0.585,0.0,301275000.0,0.01,10.0415,0.6338,25.64
02697,真健康医疗-B,360.0,184.2,278.0,-33.74,6566177953.0,0.92,-61.0771,10.5519,
08366,浙江联合投资,359.0,0.032,0.032,0.0,50470400.0,,-9.6557,-1.8711,
01645,海纳智能,359.0,2.76,2.75,0.36,1556573760.0,0.7,75.1485,4.5822,
02177,优趣汇控股,359.0,2.4,2.4,0.0,398147280.0,,9.8045,0.5105,10.42
01726,HKE HOLDINGS,358.0,0.255,0.255,0.0,291145400.0,0.01,-3.9425,3.4877,
00211,大凌集团,357.0,0.26,0.26,0.0,190592101.0,0.0,-5.4545,0.7799,
08160,GOLDWAY EDU,357.0,0.505,0.505,0.0,108469930.0,,-7.1664,2.4944,
08073,水发兴业新材料,357.0,0.285,0.285,0.0,148200000.0,0.01,5.5762,0.6508,
00544,大同集团,357.0,1.05,1.05,0.0,129874978.0,0.01,-1.8627,-1.6491,
02113,世纪集团国际,356.0,0.68,0.7,-2.86,32833800.0,0.14,-14.6936,1.2886,
00094,绿心集团,355.0,0.06,0.06,0.0,166949195.0,0.02,9.7837,0.3005,16.67
01779,天辰生物-B,355.0,96.9,95.0,2.0,7395611490.0,0.14,-29.8961,5.7087,
01961,多牛科技,354.0,0.099,0.099,0.0,72695816.0,,-1.1245,0.5375,
01549,永丰集团控股,354.0,0.077,0.077,0.0,119350000.0,,151.0759,0.5525,
01241,双桦控股,354.0,0.156,0.169,-7.69,101400000.0,0.03,-2.8019,0.3885,
08310,盐城港,354.0,0.175,0.175,0.0,225400000.0,,2748.7805,-0.4279,
08040,快意智能,353.0,0.48,0.48,0.0,163200000.0,,-25.4801,4.6162,
02933,煜荣集团股权,353.0,0.126,,,229824000.0,,-52.1971,2.0336,
00675,坚宝国际,352.0,0.37,0.37,0.0,98791776.0,,-22.5243,0.4131,5.41
00186,敏捷控股,351.0,0.335,0.335,0.0,1839898018.0,,30.1623,4.779,
00910,中国三迪,350.0,0.012,0.012,0.0,305292.0,,-0.0005,-0.0008,
08280,中国数字视频,349.0,0.055,0.056,-1.79,34668260.0,,-0.8542,-0.4112,
08379,盈证国际,347.0,0.098,0.098,0.0,78400000.0,,-5.2176,14.6296,
01953,赛孚迅国际,347.0,1.16,1.185,-2.11,1461600000.0,0.03,64.3399,5.9968,2.33
00193,冠中地产,347.0,0.2,0.199,0.5,46640512.0,0.01,-10.5905,0.0563,
00865,建德国际控股,346.0,0.048,0.048,0.0,280223505.0,,-3.4924,0.3604,
01640,千循科技,346.0,0.45,0.45,0.0,269653846.0,,-1.2668,2.0936,
08066,品创控股,345.0,0.28,0.28,0.0,185863090.0,0.0,-4.7928,1.8363,
08057,麦迪森控股,345.0,0.198,0.198,0.0,30844797.0,,-1.7576,-0.8465,
00854,威雅利,344.0,5.28,5.3,-0.38,543782179.0,,5.9299,0.9401,
01013,伟俊集团控股,344.0,0.455,0.455,0.0,121662237.0,,-2.8616,-0.4966,
02680,南强控股,343.0,5.605,5.75,-2.52,336300000.0,0.02,28.7264,1.6935,
08480,飞霓控股,343.0,0.12,0.131,-8.4,110798592.0,0.36,3.0061,0.2787,12.5
00685,世界华文媒体,343.0,0.18,0.18,0.0,291873859.0,,-2.0487,0.3226,
00110,中国长远,342.0,0.395,0.395,0.0,110029576.0,,-7.5565,-5.2323,
01847,云南建投混凝土,342.0,0.38,0.38,0.0,169583360.0,,-0.8456,0.158,
06877,TE HEALTHCARE,341.0,0.095,0.092,3.26,193162550.0,,-54.7203,0.7956,
08028,天时资源,341.0,0.177,0.177,0.0,89550012.0,,8.1291,1.2789,
08161,医汇集团,341.0,0.555,0.555,0.0,23088000.0,,-7.699,2.981,
02310,时代环球集团,341.0,0.181,0.181,0.0,197810772.0,,128.951,-5.2559,
01425,捷隆控股,340.0,0.56,0.56,0.0,700000000.0,0.02,4.1417,0.7193,8.57
06922,康沣生物-B,340.0,2.985,3.0,-0.5,730444425.0,0.03,-21.5981,9.6393,
01146,汇成国际控股,339.0,0.048,0.05,-4.0,170181600.0,0.02,-2.5214,0.1737,20.83
03638,亨利加集团,339.0,2.405,2.485,-3.22,185061804.0,0.02,6.5567,0.8576,
00158,万邦投资,339.0,58.2,58.25,-0.09,1455000000.0,0.02,-3.0384,0.2286,5.5
01123,中港照相,339.0,0.135,0.135,0.0,160017977.0,,21.1217,0.2339,2.22
01232,金轮天地控股,338.0,0.47,0.475,-1.05,98898112.0,0.05,0.0665,0.053,
06696,多想云,337.0,2.94,2.94,0.0,1975680000.0,,-7.2786,2.6144,
02330,中国上城,337.0,0.221,0.221,0.0,100078910.0,,-1.7853,0.8338,
02205,康桥悦生活,337.0,0.36,0.35,2.86,252000000.0,,-5.6904,0.3064,
08337,直通电讯,336.0,0.128,0.133,-3.76,31344000.0,0.09,-2.6739,1.6618,
00084,宝光实业,336.0,0.069,0.069,0.0,71547413.0,,-1.5151,0.0788,
01593,辰林教育,334.0,1.085,1.115,-2.69,1077166300.0,0.05,-2.2337,2.2918,
00306,冠忠巴士集团,334.0,2.5,2.5,0.0,1191942105.0,,4.9203,0.5207,8.0
02458,望尘科技控股,334.0,6.405,6.405,0.0,914058370.0,,4.2983,1.406,
01937,佳辰控股,333.0,0.143,0.152,-5.92,143000000.0,0.01,17.1514,0.3766,
02621,手回集团,333.0,2.9,2.92,-0.68,656497940.0,0.0,2.7598,0.4226,7.24
01581,进昇集团控股,333.0,0.29,0.29,0.0,120350000.0,0.07,5.9033,0.3869,
01301,德基科技控股,332.0,0.305,0.295,3.39,191230120.0,0.03,-17.4305,0.3049,
01452,迪诺斯环保,332.0,0.158,0.158,0.0,121770240.0,0.01,-7.0341,0.8401,
06080,荣智控股,332.0,0.113,0.113,0.0,126599550.0,,-6.6289,0.9625,
01187,可孚医疗,331.0,30.5,27.32,11.64,7194858500.0,5.33,15.4049,1.1119,2.32
00287,永发置业,331.0,4.37,4.37,0.0,174800000.0,,-29.8395,0.1735,3.2
08237,华星控股,330.0,0.745,0.75,-0.67,149762880.0,0.0,0.6803,1.5671,
01443,富临集团控股,329.0,0.112,0.118,-5.08,145600000.0,0.05,-3.9046,1.6075,
01156,CHINANEWENERGY,329.0,0.265,0.265,0.0,187543329.0,0.22,-7.477,-72.1233,
01627,安保工程控股,329.0,0.37,0.37,0.0,740000000.0,,2.5731,0.3847,8.11
01927,久久王,329.0,0.3,0.325,-7.69,237600000.0,0.34,-31.7622,0.5196,
02571,赛目科技,328.0,16.29,16.3,-0.06,2172001086.0,,383.9899,2.2272,
01711,欧化,328.0,0.16,0.153,4.58,128000000.0,0.02,-74.3322,5.8259,
08419,AV策划推广,327.0,0.072,0.072,0.0,28800000.0,,-5.0553,0.5587,
07656,瑞为技术,327.0,14.72,15.6,-5.64,4493911562.0,0.07,-61.9562,6.7679,
01746,万顺集团控股,326.0,0.515,0.52,-0.96,515000000.0,0.0,-224.5966,4.3931,
00776,帝国科技集团,325.0,0.26,0.24,8.33,174677763.0,0.32,-2.7327,-1.9728,
01420,川控股,325.0,0.265,0.255,3.92,355802568.0,0.0,1.6379,0.4006,
01993,雅仕维,325.0,0.44,0.435,1.15,213360725.0,,20.8487,2.3102,
00599,怡邦行控股,325.0,0.115,0.124,-7.26,82666478.0,0.03,-3.9887,0.1907,
01901,飞扬集团,325.0,0.14,0.14,0.0,139776000.0,,-3.2392,2.7017,
01460,扬科集团,324.0,0.25,0.25,0.0,219397578.0,,7.6148,0.3644,
02531,广联科技控股,324.0,3.05,3.05,0.0,1118130000.0,,-23.3706,1.5593,
03616,恒达集团控股,323.0,0.223,0.223,0.0,267600000.0,,-1.0685,0.1755,
02337,众诚能源,323.0,1.395,1.405,-0.71,522430290.0,0.06,-282.6455,0.9395,
01948,优矩控股,323.0,3.85,3.55,8.45,2310000000.0,0.0,12.8264,1.2428,1.3
00202,润中国际控股,323.0,0.069,0.069,0.0,503311486.0,0.0,-7.5114,0.5297,
01335,顺泰控股,323.0,0.098,0.098,0.0,238545344.0,,-2.8556,0.3843,
09908,嘉兴燃气,323.0,7.9,7.79,1.41,1088971550.0,0.0,6.6977,0.7455,5.49
02496,友芝友生物-B,322.0,2.415,2.205,9.52,468145818.0,0.0,-12.6234,-6.9441,
09906,宏力医疗管理,321.0,1.56,1.56,0.0,936000000.0,,86.2471,1.5382,
00375,YGM 贸易,321.0,1.1,1.1,0.0,182450171.0,,-4.8552,0.4953,9.09
00396,兴利(香港)控股,319.0,0.244,0.244,0.0,197175430.0,0.0,-57.0861,6.181,6.15
00660,玮俊生物科技,319.0,0.43,0.43,0.0,165253208.0,,-23.9463,-2.5917,
01740,新石文化,319.0,0.162,0.17,-4.71,168075000.0,0.09,-9.6763,2.5975,
08232,一木集团,319.0,0.62,0.615,0.81,34565000.0,0.1,-4.9259,13.8704,
08436,德宝集团控股,318.0,0.3,0.29,3.45,120000000.0,0.05,14.6413,0.4608,
01553,迈科管业,318.0,1.59,1.59,0.0,689742000.0,0.0,6.2405,0.4768,
01001,沪港联合,318.0,0.37,0.36,2.78,235508077.0,0.0,2.2036,0.2029,9.19
00674,中国唐商,318.0,0.049,0.049,0.0,167994862.0,,-2.178,0.3212,
02130,嘉泓物流,318.0,3.1,3.1,0.0,931515900.0,,36.0285,1.6443,0.65
06838,盈利时,318.0,0.44,0.43,2.33,264000000.0,0.01,-2.8374,0.2891,
06898,中国铝罐,318.0,0.7,0.7,0.0,658980700.0,,26.8818,2.4256,0.57
00224,建生国际,317.0,0.6,0.6,0.0,692423194.0,,13.2422,0.0936,3.33
08096,赏之味,317.0,0.115,0.115,0.0,55343750.0,,-7.1494,1.4828,
08059,朝威控股,317.0,0.025,0.025,0.0,1263256.0,,-0.1214,-0.03,
08067,东方大学城控股,317.0,0.52,0.52,0.0,93600000.0,0.06,7.3748,0.0736,
00380,中国管业,317.0,0.115,0.123,-6.5,153210590.0,0.0,2.9552,0.1698,
02667,同仁堂医养,316.0,2.0,2.05,-2.44,930724098.0,0.11,33.3136,0.7528,
02663,应力控股,316.0,0.355,0.355,0.0,197710150.0,0.04,15.4909,0.763,
00244,先施,316.0,0.325,0.33,-1.52,427037832.0,0.02,-7.2154,-12.0211,
04333,思科-T,316.0,750.0,750.0,0.0,4430352000000.0,,,,
08290,亚势备份,315.0,0.038,0.037,2.7,76000000.0,0.04,301.1583,1.4246,
06802,欢创科技,315.0,106.4,111.0,-4.14,10275435190.0,0.05,492.5535,9.5029,
08428,汉诺佳池,314.0,0.68,0.68,0.0,76140628.0,,-7.6708,-6.2631,
02290,龙丰集团,314.0,4.615,4.595,0.44,2307500000.0,0.33,8.5656,3.3232,
08176,超人智能,314.0,0.029,0.032,-9.38,20749521.0,0.71,-2.2466,-0.2575,
01936,利特米,314.0,2.66,2.445,8.79,1241586920.0,0.34,56.4497,4.5252,
01447,新福港,314.0,0.53,0.53,0.0,212000000.0,,9.0109,0.5597,3.77
01663,汉港控股,313.0,0.055,0.055,0.0,135520000.0,,-0.9426,0.0735,
08118,中资国际控股,313.0,0.095,0.095,0.0,57000000.0,,-13.0495,3.6991,
01376,RAFFLESINTERIOR,312.0,0.096,0.096,0.0,96000000.0,,-21.3307,1.3314,
01949,佰达国际控股,312.0,0.63,0.63,0.0,145152000.0,,-8.8389,1.614,
08245,烽翼集团,312.0,0.153,0.152,0.66,53158515.0,0.14,-7.1011,36.4849,
08117,中国基础能源,312.0,0.064,0.064,0.0,65535196.0,,-2.4062,0.3238,
09958,力天影业,311.0,0.136,0.137,-0.73,68000000.0,0.08,-1.1751,-0.1086,
01796,中国数智科技,311.0,0.28,0.3,-6.67,134400000.0,0.15,-10.3186,2.1154,
08367,倩碧控股,311.0,0.22,0.194,13.4,21262996.0,0.1,-0.6963,-2.519,
82333,长城汽车-R,311.0,6.085,5.91,2.96,52062449168.0,,7.5607,0.5957,6.77
08206,神通机器人教育,310.0,0.038,0.038,0.0,72036487.0,,10.639,-1.2113,
02436,凌雄科技,310.0,17.2,17.45,-1.43,5886837600.0,0.19,177.5897,7.1364,
01957,大人国际,310.0,0.26,0.26,0.0,163280000.0,0.03,79.6151,0.3788,
08401,华夏水务集团,309.0,0.033,0.034,-2.94,26835950.0,0.08,-1.5115,1.0342,
08222,壹照明,309.0,0.064,0.064,0.0,28866286.0,0.0,8.8357,3.9597,
08373,靛蓝星,308.0,0.89,0.89,0.0,46502500.0,,2.0629,0.3261,
02250,小黄鸭德盈,308.0,0.3,0.31,-3.23,302506500.0,0.0,-3.1372,3.2083,
08437,德斯控股,308.0,0.25,0.25,0.0,16650000.0,,-0.5714,-0.1443,
02505,EDA集团控股,307.0,0.655,0.67,-2.24,303471816.0,0.01,-3.6385,0.5483,
09929,澳达控股,307.0,1.4,1.415,-1.06,2800000000.0,0.05,-38.7666,18.9758,
08268,智城发展控股,307.0,0.147,0.153,-3.92,42336000.0,0.46,-1.8933,0.4744,
01172,融太集团,307.0,0.022,0.022,0.0,127142327.0,,2.5465,1.356,
01855,中庆股份,307.0,0.15,0.148,1.35,123750000.0,0.0,-4.8609,0.1583,
08282,智傲控股,306.0,0.63,0.63,0.0,35910000.0,,8.1521,0.8817,
06133,维太创科,306.0,0.27,0.27,0.0,229500000.0,,-12.9697,0.4349,
08516,中盈国际,305.0,1.315,1.41,-6.74,75676146.0,0.44,-12.5167,2.6517,
01782,国际商业数字技术,304.0,2.185,2.185,0.0,1748000000.0,,-24.2662,7.7818,
01543,中盈盛达融资担保,304.0,0.189,0.189,0.0,294989818.0,,-58.1692,0.1267,
00684,亚伦国际,304.0,0.45,0.45,0.0,149874534.0,,-3.9683,0.2162,
01547,IBI GROUP HLDGS,304.0,0.28,0.22,27.27,224000000.0,0.24,16.5155,1.2288,1.79
01741,成志控股,303.0,0.144,0.144,0.0,115200000.0,,-9.0974,7.6418,
01870,绿色电能集团,303.0,0.165,0.168,-1.79,167833050.0,0.04,-3.9101,1.4135,
08430,春能控股,302.0,0.068,0.067,1.49,11344794.0,0.07,-0.4524,0.2067,
00105,凯联国际酒店,301.0,5.01,5.01,0.0,1803600000.0,,-3.8016,0.2752,6.59
01955,庄臣控股,301.0,0.75,0.67,11.94,375000000.0,0.22,183.4638,0.62,0.13
01629,冠均国际控股,300.0,0.2,0.2,0.0,109218507.0,,-3.7812,0.4274,
01389,美捷汇控股,300.0,0.52,0.52,0.0,288253333.0,,-155.5604,2.6749,
08619,NIU HOLDINGS,299.0,0.066,0.067,-1.49,28619910.0,0.01,-0.2061,0.3099,
01486,思城控股,299.0,0.38,0.38,0.0,164308645.0,,-4.3693,0.3785,
08320,沛然环保,299.0,0.078,0.078,0.0,57188820.0,0.04,51.8015,0.8708,
08249,瑞远智控,298.0,0.132,0.13,1.54,66000000.0,1.16,-52.4668,-1.0704,
01348,滉达富控股,298.0,0.152,0.147,3.4,224083264.0,0.03,-8.9544,16.9593,
08645,比特元宇宙,298.0,0.185,0.141,31.21,139953240.0,0.48,-6.4959,2.2977,
08106,芯化兰德,297.0,0.26,0.26,0.0,145293504.0,,22.5971,1.8801,
06939,美佳音控股,296.0,1.095,1.105,-0.9,681637500.0,0.0,-6.9299,1.9775,
08186,浩盟控股,296.0,0.945,0.9,5.0,107605865.0,0.0,59.1566,4.4416,
03928,中国新零售供应链,295.0,27.06,26.48,2.19,13421760000.0,0.07,-323.0299,50.874,
08031,易通讯集团,295.0,0.23,0.228,0.88,81591350.0,0.02,-4.9437,1.3058,
02215,德信服务集团,295.0,0.221,0.225,-1.78,202851701.0,0.0,-0.8245,0.4354,
08331,倍搏集团,295.0,0.2,0.2,0.0,31822880.0,,-1.9324,0.262,
08188,骏杰集团控股,294.0,1.065,1.085,-1.84,507672720.0,0.1,7.0821,2.2169,7.51
04336,应用材料-T,294.0,1620.0,1620.0,0.0,2173489200000.0,,,,
01010,天玺曜11,293.0,0.047,0.04,17.5,20881826.0,0.2,-0.3177,-0.1142,
02361,中康科技控股,293.0,3.94,3.94,0.0,1779973800.0,,22.2624,2.1211,1.8
00118,大同机械,292.0,0.186,0.186,0.0,160319109.0,,10.2973,0.1236,
01853,春城热力,292.0,1.21,1.21,0.0,564707000.0,,5.859,0.412,2.89
08422,WT集团,292.0,0.089,0.086,3.49,32040000.0,0.09,-157.8325,0.5524,
02017,沧海控股,291.0,0.76,0.715,6.29,470061520.0,0.06,70.1013,0.4007,
08646,中国宏光,291.0,0.29,0.3,-3.33,227067100.0,0.13,4.5315,0.4077,
08606,倢冠控股,290.0,0.051,0.051,0.0,73738350.0,,22.5018,0.9156,
01429,天任集团,290.0,0.2,0.194,3.09,384000000.0,0.03,-2.7445,2.5709,
06132,华健未来-B,290.0,34.1,37.38,-8.77,2509746531.0,0.12,-14.1914,1.8075,
02539,乐摩科技,289.0,8.625,8.395,2.74,479167050.0,0.01,4.6568,0.8154,6.88
00352,富阳,289.0,0.36,0.36,0.0,88626020.0,,6.7264,5.2099,
00768,开明投资,288.0,0.044,0.044,0.0,55956217.0,,5.9263,0.5463,
01483,网誉科技,288.0,1.19,1.17,1.71,975145500.0,0.0,-6.6819,8.0896,
06727,星环科技,288.0,31.38,33.54,-6.44,4240903948.0,6.36,-17.1263,2.7225,
08370,智昇集团控股,287.0,7.4,7.5,-1.33,1379275115.0,0.01,-62.5042,8.3087,
01408,濠江机电,287.0,0.425,0.435,-2.3,212500000.0,0.05,176.0995,1.0785,0.47
00804,鼎石资本,287.0,15.69,16.2,-3.15,1079472204.0,0.25,-99.6375,4.5041,
08107,细叶榕科技,286.0,0.076,0.08,-5.0,104359020.0,0.0,-2.8863,-2.7181,
02569,舒宝国际,286.0,1.5,1.485,1.01,1500000000.0,0.02,22.5338,2.4565,
80992,联想集团-R,286.0,27.88,27.6,1.01,346123702231.0,0.0,55.3934,7.76,1.51
09938,华和控股,286.0,0.25,0.238,5.04,250000000.0,0.06,-49.7711,1.2346,
01849,秀商时代控股,285.0,0.05,0.05,0.0,40000000.0,,-2.7187,2.7327,
08300,今米房集团,285.0,0.037,0.037,0.0,97804320.0,0.03,-21.7536,-5.7092,
06162,天瑞汽车内饰,285.0,0.032,0.033,-3.03,76800000.0,0.38,13.1665,0.2201,
00248,香港通讯国际控股,284.0,0.215,0.215,0.0,50202416.0,,-1.3095,0.2521,
00213,乐声电子,283.0,0.36,0.36,0.0,328345546.0,,7.9522,0.1237,3.33
08036,电子交易集团,283.0,0.05,0.05,0.0,61500000.0,0.04,-8.5762,1.098,
01472,生兴控股,282.0,0.095,0.095,0.0,95000000.0,0.0,-8.1552,0.3365,
02078,荣阳实业,282.0,0.121,0.133,-9.02,145200000.0,0.01,-1.67,0.2213,
08483,名仕快相,281.0,0.335,0.335,0.0,268000000.0,0.14,-39.315,23.0689,
02529,泓盈城市服务,281.0,2.55,2.55,0.0,408000000.0,,4.747,0.8582,11.02
01780,荣尊国际控股,280.0,5.505,6.185,-10.99,3413100000.0,0.82,-101.3708,32.6767,
08163,声扬集团,280.0,0.035,0.035,0.0,35883946.0,,-2.4043,1.4257,
06918,九泰数智,279.0,0.133,0.133,0.0,116293444.0,0.01,-0.7752,0.5611,
02025,瑞丰动力,278.0,12.52,12.64,-0.95,10016000000.0,0.04,400.1177,8.7437,0.24
01738,飞尚无烟煤,278.0,0.057,0.057,0.0,78691111.0,,-0.1129,-0.029,
01596,翼辰实业,277.0,0.325,0.325,0.0,291798000.0,0.02,1.0428,0.0956,4.0
02165,领悦服务集团,275.0,1.98,1.965,0.76,565656300.0,0.02,7.5151,0.6724,
02258,华滋国际海洋,275.0,0.36,0.37,-2.7,297144000.0,0.01,8.3839,0.357,3.06
00356,鼎立资本,275.0,0.36,0.39,-7.69,72503520.0,,-141.8856,0.9811,
08621,METROPOLIS CAP,275.0,0.047,0.048,-2.08,45120000.0,,-2.2997,0.2684,
08445,怡康泰工程集团,275.0,0.228,0.228,0.0,75617568.0,,-7.6691,0.9734,
09607,彤程新材,274.0,38.16,39.6,-3.64,26108626902.0,0.86,38.1045,3.3379,
00339,全球数字控股,274.0,0.66,0.69,-4.35,285120000.0,0.0,-44.0816,39.9272,
86618,京东健康-R,274.0,30.6,30.04,1.86,97628718937.0,,13.7126,1.5865,
02490,乐舱控股,273.0,4.07,4.245,-4.12,2495649163.0,0.07,11.5828,1.3597,5.74
08482,万励达,273.0,0.115,0.114,0.88,25830081.0,,-1.8082,0.8643,
09933,GHW INTL,273.0,1.65,1.65,0.0,1665675000.0,,41.2185,2.3059,
00701,北海集团,273.0,0.092,0.093,-1.08,175139083.0,0.0,-5.169,0.1476,
02385,读书郎,272.0,4.205,4.58,-8.19,1480160000.0,0.07,-12.4483,7.641,
01842,植华集团,272.0,0.03,0.032,-6.25,43200000.0,0.22,-1.5659,0.4138,
01084,绿新生物科技,272.0,0.635,0.64,-0.78,555066200.0,0.0,29.2953,0.5806,1.89
03683,荣丰亿控股,270.0,0.032,0.032,0.0,30483632.0,,-0.6431,1.183,
01962,训修实业,269.0,0.48,0.48,0.0,295745280.0,0.02,6.9766,0.3771,12.92
02546,智汇矿业,268.0,21.12,20.16,4.76,10253002312.0,0.16,40.4646,5.2061,0.14
08196,福田股份,268.0,0.8,0.805,-0.62,50875085.0,1.64,-2.9776,0.549,
01695,椰丰集团,268.0,0.085,0.081,4.94,91800000.0,0.08,-13.5523,0.3898,
02581,明基医院,268.0,2.73,2.84,-3.87,851609853.0,0.0,11.1521,0.3279,
01587,欣融国际,267.0,0.47,0.47,0.0,319600000.0,0.0,-29.7672,0.576,3.19
01343,伟源控股,267.0,0.127,0.127,0.0,135128000.0,,2.7888,0.3512,
02409,洲际船务,266.0,6.175,6.46,-4.41,3087500000.0,0.13,8.8559,1.3583,
01026,环球实业科技,265.0,0.098,0.104,-5.77,540274000.0,,-3.395,1.1383,
08308,古兜控股,265.0,0.022,0.022,0.0,30553617.0,0.02,-0.4633,0.1905,
08069,飞道旅游科技,265.0,0.34,0.35,-2.86,13884138.0,0.05,-1.2149,0.2951,
08418,傲迪玛汽车,264.0,0.58,0.565,2.65,493000000.0,0.0,134.6083,11.9898,
08309,万成环球控股,264.0,0.066,0.066,0.0,39600000.0,,-3.765,0.3263,
01160,金石资本集团,263.0,0.385,0.385,0.0,91349431.0,,-14.644,167.0008,
08191,鸿伟亚洲,263.0,0.101,0.1,1.0,35758084.0,3.1,-0.5704,0.2821,
02632,泽景股份,262.0,59.95,59.95,0.0,7397546197.0,0.0,-7.7679,6.8552,
01223,新沣集团,262.0,1.235,1.225,0.82,3673168163.0,0.15,-124.5833,1.53,0.4
01742,HPC HOLDINGS,262.0,0.13,0.129,0.78,208000000.0,,2.3498,0.2799,
08213,荣晖控股,261.0,0.158,0.185,-14.59,87699099.0,0.03,-3.3637,-0.5579,
02651,大众口腔,261.0,24.2,26.98,-10.3,1468815370.0,0.1,48.0897,4.1214,2.5
06119,天源集团,260.0,0.44,0.44,0.0,264000000.0,,18.1932,0.8188,
01582,华营建筑,260.0,0.485,0.505,-3.96,242500000.0,0.19,18.4467,0.3361,
01715,智慧健康科技,259.0,0.36,0.355,1.41,129873556.0,0.03,-2.6249,2.9184,
01863,中国龙天集团,259.0,1.37,1.37,0.0,1168079084.0,,21.3028,1.2411,
08635,大象控股集团,259.0,0.247,0.247,0.0,134121000.0,0.03,23.1044,1.179,
02265,鸿承环保科技,258.0,1.1,1.105,-0.45,1100000000.0,0.05,7.823,1.3789,
06928,万马控股,258.0,0.305,0.3,1.67,233325000.0,0.04,-14.4281,2.5212,
00099,王氏国际,258.0,1.23,1.23,0.0,588535067.0,,13.4513,0.1653,3.66
08070,侨洋国际控股,258.0,1.04,1.035,0.48,208000000.0,0.38,3.7721,1.3005,
02455,润华服务,257.0,0.725,0.72,0.69,217500000.0,0.11,2.7267,0.4498,6.9
02031,澳至尊,257.0,0.49,0.485,1.03,373380000.0,0.06,9.9965,1.7477,6.12
01637,顺兴集团控股,256.0,0.63,0.63,0.0,252000000.0,0.01,42.0631,1.144,7.94
08375,数盟资本,256.0,0.8,0.79,1.27,276480000.0,,-17.3538,2.6546,
08611,九福来,256.0,0.78,1.02,-23.53,464891073.0,0.58,-33.1507,12.2093,
01757,环球华商俱乐部,255.0,5.1,4.87,4.72,6120000000.0,0.0,553.4614,60.3152,
08218,毅高国际控股,255.0,0.13,0.13,0.0,86635007.0,,-5.571,2.7886,
06829,龙昇集团控股,254.0,3.725,3.8,-1.97,1072800000.0,0.15,67.6121,3.1569,
00720,意达利控股,253.0,0.25,0.25,0.0,1535628848.0,0.01,50.5341,5.013,
06915,江西生物,252.0,10.84,10.53,2.94,3342810138.0,0.32,40.8883,3.4456,
01920,巨美集团,252.0,0.335,0.32,4.69,196846000.0,0.04,-6.702,2.3158,
01134,恒发光学,252.0,0.215,0.216,-0.46,107500000.0,0.01,-4.809,0.7578,
08277,骏东控股,252.0,0.136,0.09,51.11,35696373.0,0.05,-7.5245,-61.2288,
02110,天成控股,251.0,0.65,0.65,0.0,28080000.0,0.02,-1.6889,0.6799,
03348,中国鹏飞集团,251.0,1.1,1.1,0.0,550000000.0,,4.6699,0.4642,6.45
00905,胡桃资本,251.0,0.142,0.139,2.16,149171126.0,0.0,-0.7873,1.6756,
01894,恒益控股,250.0,0.505,0.51,-0.98,117845285.0,1.3,-4.1178,0.6025,
00436,新宇环保,250.0,0.051,0.051,0.0,154820548.0,,-14.5303,0.1718,3.92
08527,聚利宝控股,249.0,0.48,0.515,-6.8,240000000.0,1.26,-22.7825,-4.7079,
01850,美好生活集团控股,249.0,0.4,0.385,3.9,69120000.0,4.01,-4.1797,0.1988,
02271,众安智慧生活,249.0,3.86,3.87,-0.26,2095455040.0,0.56,63.768,5.1227,0.44
03395,吉星新能源,248.0,0.225,0.225,0.0,195590834.0,,-1.9984,-1.1879,
01552,BHCC HOLDING,248.0,0.275,0.295,-6.78,220000000.0,0.02,3.7252,0.5736,
01703,谊和股份,247.0,0.295,0.295,0.0,40710000.0,0.01,3.9261,1.2048,
01987,BENG SOON MACH,247.0,0.215,0.215,0.0,215000000.0,,37.3328,0.9295,6.98
01440,应星控股,247.0,18.57,20.18,-7.98,23393928900.0,0.16,-413.7699,83.5587,
08297,海纳星空科技,246.0,0.032,0.039,-17.95,49676045.0,0.68,-9.1699,-2.3179,
01871,向中国际,245.0,0.465,0.48,-3.13,202720559.0,0.15,-18.6162,1.0209,
03830,童园国际,245.0,0.198,0.2,-1.0,198000000.0,0.04,-31.7003,16.6555,
00077,进智公共交通,243.0,0.515,0.515,0.0,140035195.0,,7.7932,3.1948,11.65
02720,乐欣户外,241.0,22.14,22.1,0.18,2838458700.0,0.02,43.927,7.4266,
00021,大中华控股,241.0,0.08,0.08,0.0,318018672.0,0.01,-2.2164,0.5119,
01933,元力控股,241.0,0.24,0.232,3.45,120942522.0,0.01,-0.7989,1.0045,
02482,维天运通,241.0,0.27,0.27,0.0,376346548.0,0.0,-66.1966,0.4432,
08281,中国金典集团,241.0,0.255,0.255,0.0,255000000.0,0.0,19.9655,0.819,
08133,吉盛集团控股,241.0,0.28,0.26,7.69,10691520.0,0.02,-1.3948,0.7396,
08496,环球友饮智能,240.0,0.041,0.041,0.0,10913175.0,,-0.4145,-0.2516,
08475,易站绿色科技,240.0,0.069,0.069,0.0,4703040.0,,-3.8361,-0.1918,
08357,REPUBLIC HC,240.0,0.265,0.196,35.2,165360000.0,0.69,-8.1079,3.4248,
08035,骏高控股,240.0,0.066,0.066,0.0,39600000.0,0.07,-3.4546,1.8666,
00079,世纪建业,240.0,0.109,0.126,-13.49,35542439.0,0.24,-1.0589,0.1868,
08053,比优集团,238.0,0.6,,,2135234911.0,,16.3408,2.1303,1.67
03878,VICON HOLDINGS,237.0,0.189,0.197,-4.06,90644400.0,0.0,20.9725,0.3425,
02672,白鸽在线,236.0,71.45,68.95,3.63,22908344156.0,0.52,-558.507,43.2398,
01073,大禹金融,236.0,0.1,0.1,0.0,341799057.0,0.0,5.9366,0.4941,3.0
09918,丽年国际,236.0,0.995,0.98,1.53,99500000.0,0.11,-0.994,0.7332,
06933,新娱科控股,236.0,0.995,1.0,-0.5,425862802.0,0.01,-13.202,6.2856,
02381,蚬壳电业,236.0,0.44,0.43,2.33,880000000.0,0.74,-130.3125,7.1548,11.59
00115,钧濠集团,236.0,7.5,7.5,0.0,155319810.0,,-1.5796,0.948,
01354,经发物业,236.0,2.81,2.9,-3.1,187333708.0,0.74,2.4901,0.4613,
01702,东光化工,235.0,1.8,1.8,0.0,1117699200.0,,5.4213,0.4867,2.22
02147,正味集团,234.0,0.575,0.6,-4.17,270480000.0,0.04,-3.4091,0.7988,
02440,迷策略,234.0,0.79,0.825,-4.24,329452983.0,0.02,-1.4783,1.3619,
01827,卓珈控股,234.0,0.8,0.8,0.0,320000000.0,,28.4875,2.0218,12.5
01825,STERLING GP,233.0,1.54,1.5,2.67,63866880.0,0.21,-1.0255,-2.4755,
09978,方圆生活服务,233.0,2.81,2.99,-6.02,1124000000.0,0.19,-26.4326,-82.1254,
08536,TL NATURAL GAS,232.0,0.215,0.238,-9.66,45688575.0,0.01,-4.0644,0.8761,
08319,思博系统,232.0,0.102,0.108,-5.56,81934560.0,0.01,21.2762,0.4632,4.9
08113,时腾科技,232.0,0.45,0.45,0.0,88252835.0,0.04,19.651,0.7272,
02593,草姬集团,231.0,1.055,1.02,3.43,140666948.0,0.06,-7.3325,1.0014,
08131,诺亚智能,231.0,0.495,0.51,-2.94,356009514.0,0.12,89.1734,24.128,
01759,中油洁能控股,230.0,0.8,0.78,2.56,172800000.0,0.0,-6.8453,0.4355,
01856,依波路,229.0,1.545,1.545,0.0,556597856.0,0.04,-15.1488,11.6127,
00571,丰德丽控股,229.0,0.038,0.038,0.0,66723321.0,0.0,1.7052,0.9091,
80175,吉利汽车-R,229.0,12.83,12.48,2.8,138382867305.0,0.0,7.2368,1.463,3.9
02881,武汉有机,229.0,9.6,9.6,0.0,895680000.0,,6.9726,1.0394,3.93
09686,熙康云医院,229.0,0.975,0.985,-1.02,820842560.0,,-38.2389,2.6033,
08136,英马斯集团,228.0,0.035,0.036,-2.78,35000000.0,0.0,-84.9515,0.3452,
08613,东方支付集团控股,228.0,0.03,0.03,0.0,57831500.0,,-1.7895,-1.5678,
08052,陆庆娱乐,227.0,0.041,0.041,0.0,22478496.0,,26.6649,-2.5555,
02350,数科集团,227.0,0.71,0.715,-0.7,621250000.0,0.0,-13.9497,2.9842,
02682,润利海事,226.0,0.153,0.14,9.29,153000000.0,0.34,7.9214,0.5418,6.49
03321,中科集团控股,226.0,0.89,0.945,-5.82,69125944.0,1.69,-1.6189,-0.8905,
02376,鲁商服务,226.0,2.5,2.5,0.0,333350000.0,0.01,10.0666,0.4938,3.8
01002,威铖国际,225.0,0.049,0.046,6.52,136162905.0,0.02,6.795,0.215,
01906,博尼控股,225.0,1.545,1.485,4.04,2272886132.0,0.73,-42.6658,6.3813,
03963,融众金融,224.0,0.117,0.132,-11.36,70995901.0,0.02,-7.0741,7.7388,
08372,君百延集团,224.0,0.169,0.169,0.0,135200000.0,0.01,16.0704,1.1536,1.78
01559,均安控股,224.0,0.048,0.049,-2.04,132220822.0,0.0,-2.2388,1.601,
02370,力高健康生活,224.0,1.19,1.19,0.0,238000000.0,0.0,-14.6839,0.8508,
01539,知行集团控股,223.0,0.285,0.28,1.79,1008517246.0,0.01,15.1152,3.1257,
01736,中国育儿网络,223.0,0.4,0.4,0.0,20455281.0,,33.2315,-0.8477,
03997,电讯首科,223.0,1.11,1.165,-4.72,142459620.0,0.02,-25.4347,3.0781,
02915,云迹,222.0,7.59,5.785,31.2,11093617562.0,0.27,28.6829,,
02585,梦金园,221.0,29.08,31.0,-6.19,7939522391.0,0.08,37.9449,3.0017,1.22
08062,俊盟国际,221.0,0.244,0.26,-6.15,117120000.0,0.01,41.1618,0.9092,8.06
08360,简朴新生活,220.0,0.24,0.246,-2.44,86894331.0,0.12,-3.4204,-1.7254,
02512,云工场,220.0,2.7,2.7,0.0,1294293600.0,,49.4342,2.2025,
01722,建鹏控股,220.0,0.125,0.117,6.84,137500000.0,0.01,-3.0953,1.2268,
01597,纳泉能源科技,220.0,5.1,5.1,0.0,1275000000.0,,-36.4391,6.5672,
02885,彼岸控股,220.0,0.925,0.92,0.54,370000000.0,0.1,107.1222,1.5075,22.05
08080,北亚策略,219.0,0.36,0.36,0.0,163623352.0,,16.1317,0.1178,
08471,新达控股,218.0,0.295,0.295,0.0,21700200.0,,-1.6391,0.4615,
08511,民富国际,218.0,0.285,0.24,18.75,8862454.0,0.49,-1.024,1.8921,
02363,通达宏泰,218.0,0.28,0.28,0.0,57182740.0,,-1.4759,-0.2744,
01707,致浩达控股,218.0,0.042,0.042,0.0,70560000.0,,-4.5673,0.4589,
02396,青城新药-B,217.0,3.91,3.91,0.0,460040911.0,0.0,-1.6579,0.7209,
01047,毅兴行,217.0,0.34,0.34,0.0,125528000.0,,49.3428,0.2393,
01496,亚积邦租赁,217.0,0.201,0.202,-0.5,173664000.0,0.05,16.2652,0.7323,4.48
01570,伟业控股,217.0,10.38,10.38,0.0,2035862118.0,0.02,-3.6977,3.7383,
00406,有利集团,216.0,0.505,0.505,0.0,221217068.0,,-1.0856,0.1794,
08452,富银融资股份,216.0,0.229,0.229,0.0,82288860.0,,-1.4379,0.1858,
08221,高裕金融,216.0,1.65,2.07,-20.29,78540000.0,0.21,-7.7836,0.5837,
08043,ATLINKS,215.0,0.214,0.214,0.0,85600000.0,,-18.57,1.3109,
00214,汇汉控股,215.0,0.212,0.212,0.0,178265287.0,0.0,-0.1639,0.0248,
01967,信恳智能,215.0,0.255,0.255,0.0,76500000.0,,-39.2584,0.2686,
08448,环球印馆,215.0,1.25,1.25,0.0,124750000.0,,76.44,12.2955,
01835,瑞威资管,214.0,3.95,3.995,-1.13,605693000.0,0.15,-17.1739,2.2871,
02925,金泰能源控股,214.0,0.39,0.39,0.0,436973266.0,,-50.9056,6.5054,
02195,盈汇企业控股,214.0,0.25,0.25,0.0,42285714.0,0.0,-0.8082,0.5473,
02439,中宝新材,214.0,0.224,0.211,6.16,268800000.0,0.42,17.8986,0.3584,
01650,HYGIEIA GROUP,212.0,0.171,0.173,-1.16,342000000.0,0.05,32.0383,2.168,5.23
08420,NEXION TECH,211.0,0.03,0.03,0.0,26632800.0,,-11.6504,1.8984,
08385,万里印刷,211.0,0.094,0.1,-6.0,9812472.0,0.64,-0.3923,-0.0783,
01235,专业旅运,211.0,0.242,0.25,-3.2,123385878.0,0.0,20.4281,1.8383,4.13
00114,兴利集团,210.0,0.7,0.69,1.45,423143534.0,0.01,7.8818,0.6958,8.57
02116,江苏创新,210.0,0.745,0.74,0.68,357600000.0,0.01,23.6143,1.2519,
00770,楠爵资本,210.0,0.21,0.21,0.0,3702597.0,,-0.4578,3.821,
00413,南华集团控股,207.0,0.021,0.021,0.0,277647346.0,,-0.1551,0.0627,
02227,守益控股,207.0,0.315,0.33,-4.55,288414000.0,0.0,2.3321,0.568,
00191,丽新国际,206.0,0.39,0.395,-1.27,344515821.0,0.0,-0.1542,0.0248,
01975,新兴印刷,206.0,0.52,0.52,0.0,249600000.0,0.02,17.0854,0.689,9.23
08079,曌生命,206.0,0.465,0.43,8.14,17361798.0,0.08,-5.0121,0.6536,
00387,力丰(集团),205.0,0.705,0.69,2.17,162203624.0,0.01,9.9444,0.3821,8.51
02605,METALIGHT,205.0,1.085,1.18,-8.05,168078936.0,0.39,-16.5126,0.4091,
08612,维亮控股,203.0,0.078,0.078,0.0,32348160.0,,-2.1217,2.1555,
02797,齐云山食品,203.0,92.7,94.15,-1.54,9270000000.0,0.01,177.7776,18.8375,
01767,TS WONDERS,202.0,0.38,0.39,-2.56,380000000.0,0.11,15.8719,0.704,0.51
00430,东方兴业控股,201.0,0.355,0.355,0.0,137805178.0,0.0,-0.2902,0.1455,3.94
02479,天聚地合,200.0,65.0,65.0,0.0,3257683000.0,,-112.3395,2.8833,
08432,太平洋酒吧,200.0,0.045,0.045,0.0,39566880.0,0.01,2.8465,1.9359,13.33
08400,亚洲先锋娱乐,199.0,0.098,0.098,0.0,98000000.0,0.01,11.6514,3.4349,
00093,零在科技金融,199.0,0.355,0.36,-1.39,947013283.0,0.0,15.8994,0.7976,
01540,澳狮环球,199.0,0.505,0.5,1.0,251829271.0,0.05,10.3818,0.8225,64.71
09893,比优集团,198.0,1.455,1.445,0.69,5177944660.0,0.0,22.2665,3.6065,1.92
01869,猫屎咖啡控股,198.0,0.047,0.05,-6.0,79538100.0,0.07,-24.2494,-1.5943,
00428,中国天弓控股,198.0,0.195,0.192,1.56,30080356.0,0.16,-0.979,0.2123,
02261,拿森科技,197.0,16.08,16.28,-1.23,9567347415.0,0.05,-36.6895,-12.967,
00310,嘉进投资国际,197.0,0.12,0.12,0.0,74535842.0,,-5.8036,4.7927,
09609,海伟股份,197.0,6.76,6.76,0.0,1087863052.0,0.0,56.3376,0.7987,
08205,交大慧谷,196.0,0.4,0.4,0.0,192000000.0,,-23.6802,108.4317,
02427,GUANZE MEDICAL,195.0,2.43,2.43,0.0,2308500000.0,,-28.2859,10.0137,
01283,高陞集团控股,194.0,1.75,1.75,0.0,1445197250.0,0.04,33.0564,2.8438,1.02
00247,尖沙咀置业,193.0,19.35,19.35,0.0,43519088243.0,,15.9762,0.426,2.93
08426,雅居投资控股,193.0,0.29,0.27,7.41,232000000.0,0.0,9.8753,1.43,5.86
02175,中国通才教育,192.0,2.185,2.25,-2.89,1104554645.0,0.02,12.7967,0.504,
08525,百应控股,192.0,0.805,0.805,0.0,217350000.0,,10.5295,0.6818,
02934,中国三迪,191.0,1.55,1.095,41.55,4799506935.0,0.02,-16.5089,1.6448,
01719,中国通商集团,191.0,0.23,0.23,0.0,396765338.0,,24.0245,0.4709,
01751,智算能建,191.0,0.66,0.65,1.54,269063104.0,0.01,-18.1536,3.6193,
02917,智算能建股权,191.0,0.01,,,4076714.0,,-0.271,0.054,
01795,亚东集团,191.0,0.45,0.45,0.0,270000000.0,,5.297,0.6332,
01271,佳明集团控股,191.0,0.305,0.305,0.0,433167816.0,,-1.2394,0.1823,
08347,F8企业,191.0,0.12,0.12,0.0,16502423.0,,-75.011,0.1806,
01059,看通集团,190.0,0.41,0.42,-2.38,153763737.0,0.16,9.4612,0.6294,
02619,香江电器,189.0,1.105,1.105,0.0,301531857.0,,-41.6818,0.2436,3.71
02405,力盟科技,188.0,0.355,0.36,-1.39,284000000.0,0.01,-15.8115,1.5055,
01689,华禧控股,188.0,0.485,0.42,15.48,340193550.0,0.21,-9.87,1.8253,
01667,迪米生活控股,188.0,0.36,0.36,0.0,345600000.0,,-13.0302,32.8924,
06063,智中国际,187.0,0.87,0.9,-3.33,1740000000.0,0.04,-529.1805,13.9267,
08412,新爱德集团,186.0,0.35,0.385,-9.09,51343992.0,0.07,-6.7478,7.2703,
01542,台州水务,186.0,0.61,0.615,-0.81,122000000.0,,-1.1386,0.102,
01379,温岭工量刃具,186.0,1.82,1.83,-0.55,145600000.0,,7.2553,0.1583,7.75
08208,永通万国集团,185.0,0.111,0.12,-7.5,79920000.0,0.01,-125.4641,3.8038,
01690,立基工程控股,185.0,0.145,0.138,5.07,209558350.0,0.01,10.2039,1.6602,20.69
08411,K W NELSON GP,184.0,0.118,0.118,0.0,118000000.0,,15.0992,2.7506,7.63
01406,清晰医疗,184.0,0.355,0.355,0.0,191617328.0,,-4.1286,1.6316,
06083,环宇物流(亚洲),184.0,0.585,0.57,2.63,293578222.0,0.07,17.0804,2.9011,4.62
81299,友邦保险-R,184.0,61.0,59.2,3.04,631145337070.0,0.0,10.105,2.313,3.28
08472,立高控股,183.0,0.33,0.375,-12.0,38016000.0,0.15,-3.1127,0.2787,
08403,德丰宿来,182.0,3.36,3.43,-2.04,568512000.0,0.08,-23.4282,16.8532,
06113,比特策略,182.0,1.22,1.2,1.67,488000000.0,0.0,-16.0231,7.9744,
01577,汇鑫小贷,181.0,1.045,1.045,0.0,710600000.0,,6.2094,0.4765,5.65
01621,域高国际控股,181.0,0.23,0.227,1.32,230000000.0,0.03,14.349,0.9259,
08098,昌利控股,181.0,0.31,0.235,31.91,682000000.0,0.21,-31.4041,4.5539,
08620,亚洲速运,181.0,0.148,0.147,0.68,93048340.0,0.64,-84.9601,2.3382,
08507,爱世纪集团,181.0,0.68,0.66,3.03,544000000.0,0.25,-690.0,9.9456,
08547,PACIFIC LEGEND,180.0,0.075,0.075,0.0,79805499.0,,-1.9792,0.9256,
08500,天泓文创,180.0,0.091,0.091,0.0,39312000.0,,-2.0973,1.0443,
06228,自由黄金-DRS,179.0,35.96,34.46,4.35,52973992352.0,0.07,-257.5399,18.5911,
01631,REF HOLDINGS,179.0,1.3,1.3,0.0,399360000.0,0.02,213.2194,3.6655,
01256,奕斯伟计算,179.0,1.53,1.55,-1.29,33647204671.0,1.63,-20.0401,6.3795,
00948,阿尔法企业,179.0,0.295,0.295,0.0,121622713.0,0.05,1.4763,4.4992,
08065,高萌科技,178.0,0.169,0.169,0.0,68438240.0,0.0,-6.0034,0.5474,
02738,华津国际控股,178.0,0.148,0.155,-4.52,88800000.0,0.07,-0.0917,-0.0805,
02573,新琪安,178.0,4.895,4.895,0.0,471051890.0,0.01,-5.4154,0.6997,
08423,CHI HO DEV,177.0,0.041,0.041,0.0,32800000.0,,-0.5178,0.402,
08450,钜京控股,177.0,0.665,0.67,-0.75,665000000.0,0.07,-45.9746,23.1916,
03789,御佳控股,176.0,0.265,0.248,6.85,318000000.0,0.0,21.7585,0.9779,1.89
08631,申港控股,176.0,0.43,0.43,0.0,20640000.0,,-0.5542,-2.1422,
08659,易和国际控股,176.0,0.093,0.096,-3.13,76569786.0,0.04,-2.8063,0.2347,
02129,LEGION CONSO,175.0,0.275,0.285,-3.51,343750000.0,0.08,-23.2932,1.143,
02263,富石金融,175.0,0.34,0.34,0.0,340000000.0,0.0,33.1449,0.9222,
01653,MOS HOUSE,174.0,1.435,1.435,0.0,414595895.0,,-22.9248,3.3605,
02270,德商产投服务,173.0,5.94,5.94,0.0,3684339648.0,,546.2548,10.2837,
08341,艾硕控股,172.0,0.136,0.136,0.0,32640000.0,,7.5329,0.448,
08286,长城微光,172.0,0.14,0.14,0.0,43240400.0,,-1.2908,-0.214,
08241,英记茶庄集团,172.0,0.168,0.168,0.0,60757200.0,0.01,-2.1795,-2.0824,
08627,旅橙文化,172.0,0.054,0.054,0.0,43200000.0,,-2.0595,0.556,
02152,苏新服务,172.0,4.465,4.465,0.0,451174855.0,0.0,5.8713,0.4593,9.52
08521,智云国际控股,171.0,0.625,0.625,0.0,399375000.0,,427.5964,2.2611,
06890,康利国际控股,171.0,0.72,0.72,0.0,436501440.0,,5.8047,0.3971,12.5
02499,佛朗斯股份,171.0,5.535,5.54,-0.09,2006563787.0,0.0,19.9774,1.2286,
01793,伟工控股,171.0,2.66,2.39,11.3,2128000000.0,0.43,225.0661,7.7064,0.45
01891,兴合控股,170.0,0.2,0.2,0.0,200000000.0,0.04,13.9647,0.4222,
08115,清大东方,170.0,3.85,3.845,0.13,829405500.0,0.01,-1.4776,13.7025,
08465,高科桥,170.0,1.16,,,301600000.0,,6.8549,0.4516,
01413,铸帝控股,170.0,0.204,0.212,-3.77,66912000.0,0.17,-1.2365,0.3364,
01370,奥威控股,170.0,0.133,0.138,-3.62,217498876.0,0.0,-1.1175,0.4269,
80737,湾区发展-R,169.0,1.61,1.61,0.0,5364021356.0,,9.0685,1.0485,11.3
02418,德银天下,168.0,2.58,2.6,-0.77,5553187872.0,0.24,151.3203,1.492,1.43
08377,维港育马,168.0,0.16,0.16,0.0,86278698.0,,-5.2041,-5.1356,
02923,世纪集团国际,168.0,0.665,0.665,0.0,5791639365.0,,0.7995,0.0615,
08476,大洋环球控股,168.0,4.67,,,1307600000.0,,31.3678,4.4799,0.9
01529,乐氏国际控股,168.0,1.07,1.07,0.0,713775600.0,0.0,-24.0956,3.8704,
02153,达丰设备,168.0,0.815,0.8,1.88,951000069.0,0.01,-6.9461,0.7118,
09879,米高集团,167.0,9.04,9.165,-1.36,8216817600.0,0.05,19.383,2.3397,1.07
08451,日光控股,167.0,0.09,0.09,0.0,72000000.0,,14.7172,0.6118,
02649,优乐赛共享,167.0,3.9,3.9,0.0,352310400.0,,8.2583,0.515,
08429,华美乐乐,167.0,0.052,0.052,0.0,24960000.0,,-3.0555,0.5302,
00301,三和精化,166.0,7.335,7.33,0.07,3450822193.0,0.01,-195.8536,14.7819,
08425,兴铭控股,165.0,0.139,0.135,2.96,52264000.0,0.13,16.5392,0.5481,
02442,怡俊集团控股,164.0,42.32,39.5,7.14,17266560000.0,0.12,-571.9851,91.2732,
01620,富盈环球集团,164.0,0.174,0.171,1.75,208800000.0,0.06,11.0225,29.615,
08603,亮晴控股,163.0,14.3,,,11710556000.0,,214.3181,56.5555,
02536,百乐皇宫,162.0,0.65,0.59,10.17,524286100.0,0.0,37.9368,0.9244,4.46
04332,AMGEN-T,162.0,1850.0,1850.0,0.0,1957366600000.0,,,,4.22
82388,中银香港-R,162.0,42.28,41.32,2.32,447017149646.0,0.0,10.7148,1.4528,5.59
02108,K2 F&B,161.0,0.41,0.41,0.0,328000000.0,0.02,6.3719,0.5669,4.63
02907,中木国际股权,160.0,0.02,,,39475947.0,,-1.2831,0.5488,
06611,三巽集团,159.0,0.046,0.046,0.0,31074334.0,,-0.1182,0.026,
02352,东原仁知服务,159.0,4.0,4.0,0.0,267963468.0,,21.6555,0.5525,
01930,勋龙,158.0,0.385,0.325,18.46,254100000.0,0.04,15.7515,0.5976,1.82
08229,未来数据集团,158.0,0.695,0.7,-0.71,386058600.0,0.03,-9.7411,4.1235,
02481,双良睿能,158.0,2.54,2.54,0.0,766064000.0,0.05,3.9523,0.4921,7.83
08447,MS CONCEPT,157.0,0.072,0.072,0.0,72000000.0,,17.6341,4.8051,
01750,全达电器集团控股,157.0,0.155,0.153,1.31,279000000.0,0.05,53.9443,1.5959,
01204,博维智慧,157.0,1.3,1.3,0.0,650000000.0,0.0,75.3536,1.8654,
00693,陈唱国际,156.0,1.505,1.53,-1.63,3030030045.0,0.0,14.1688,0.2707,5.65
08042,高奥士人才集团,156.0,0.1,0.099,1.01,80000000.0,0.03,-901.0526,1.413,
08149,浩德控股,156.0,0.133,0.125,6.4,111291740.0,0.01,18.3196,0.3075,1.5
01615,奥邦建筑,155.0,0.455,0.465,-2.15,273000000.0,0.05,138.3234,1.311,
01960,TBKS HLDGS,155.0,0.405,0.395,2.53,405000000.0,0.0,-6.3845,4.4833,
08365,亦辰集团,153.0,0.835,0.845,-1.18,174305782.0,1.06,-3.4117,1.1045,
08152,明梁控股,152.0,0.09,0.09,0.0,54000000.0,,3.1474,0.4606,
00513,恒和集团,152.0,0.145,0.145,0.0,99052147.0,,-0.1583,0.102,
01747,HOME CONTROL,152.0,3.735,3.73,0.13,1998501390.0,0.0,62.1264,5.8813,1.39
08537,创辉珠宝,152.0,0.214,0.215,-0.47,77040000.0,,4.8021,0.596,2.34
02966,亚太资源股权,152.0,0.01,,,14937534.0,,0.0062,0.0026,1040.0
08529,优博控股,151.0,0.305,0.305,0.0,157067375.0,0.02,8.2602,1.7364,6.23
02540,乐思集团,151.0,0.82,0.805,1.86,492000000.0,0.02,11.1791,0.5972,
09963,高科桥光导,151.0,8.46,8.685,-2.59,3276921780.0,0.06,-75.6009,5.4081,
01545,设计都会,151.0,0.172,0.178,-3.37,344000000.0,0.02,254.8394,1.1342,
02321,双财庄,150.0,0.505,0.505,0.0,505075750.0,,7.607,0.8937,1.78
01416,CTR HOLDINGS,149.0,0.18,0.179,0.56,279000000.0,0.01,3.1299,0.6134,
01471,众淼控股,149.0,9.83,9.88,-0.51,1387952748.0,,19.1213,1.8632,1.9
02932,正味集团股权,149.0,0.01,,,4704000.0,,-0.0505,0.0122,
00176,先机企业集团,148.0,0.013,0.013,0.0,26423428.0,,-0.0992,-0.8634,
01932,中漆集团,148.0,0.159,0.16,-0.63,159000000.0,0.01,-4.3513,0.4543,
08456,民信国际控股,147.0,0.3,0.3,0.0,39660885.0,0.0,-11.7271,1.47,
06163,彭顺国际,147.0,0.785,0.785,0.0,217055640.0,,-62.2395,1.7051,
00277,太兴置业,147.0,1.136,1.136,0.0,314936555.0,,-11.9471,0.125,1.5
08493,炙龙控股,146.0,0.035,0.035,0.0,10160640.0,,0.6149,-0.0916,
01641,红星冷链,145.0,3.465,3.47,-0.14,340481295.0,,6.4725,0.2763,10.33
09881,容大科技,145.0,17.7,17.7,0.0,1676774100.0,,78.089,4.9797,
08637,元续科技,145.0,3.61,3.66,-1.37,536507370.0,0.16,8.3467,1.2466,
01947,美皓集团,145.0,0.52,0.535,-2.8,312080262.0,0.03,-19.6734,2.8273,
01546,德莱建业,145.0,0.149,0.146,2.05,119200000.0,0.03,-3.6801,1.4521,
01407,交运燃气,145.0,0.71,0.7,1.43,312400000.0,0.1,11.4001,0.8555,1.55
02530,纽曼思,144.0,0.72,0.72,0.0,720000000.0,0.01,11.9457,1.2301,3.47
08333,阿仕特朗金融,144.0,0.685,0.685,0.0,65760000.0,,17.6017,0.521,
01693,璋利国际,143.0,6.195,6.195,0.0,497323697.0,,-6.3755,-12.285,
08013,ECI TECH,143.0,0.061,0.061,0.0,97600000.0,,20.9173,1.0384,
08549,金叶国际集团,142.0,0.212,0.205,3.41,84800000.0,0.08,-9.3413,0.9785,
03938,LFG投资控股,142.0,2.7,2.7,0.0,1324270072.0,0.01,164.3219,9.4571,
01427,中国天保集团,142.0,0.191,0.191,0.0,167685776.0,0.0,-0.9759,0.2064,
02433,中天湖南集团,142.0,0.063,0.065,-3.08,36288000.0,0.05,-0.2227,0.096,
01463,C-LINK SQ,142.0,0.365,0.365,0.0,1049101796.0,,-21.03,5.291,
02596,宜宾银行,141.0,2.635,2.635,0.0,12090434000.0,,17.8791,0.9094,1.59
02863,高丰集团控股,141.0,0.76,0.795,-4.4,524028360.0,0.01,-20.4411,2.1311,
08623,中国蜀塔,140.0,0.141,0.12,17.5,26391710.0,0.21,-0.2382,-0.216,
00529,新龙国际,140.0,1.77,1.775,-0.28,492000999.0,0.0,18.9647,0.136,1.41
08091,奥传思维控股,139.0,0.042,0.042,0.0,30240000.0,,-12.6739,1.7476,
02545,中赣通信,139.0,0.455,0.46,-1.09,291200000.0,0.02,6114.1661,0.5907,
09998,光荣控股,138.0,0.5,0.495,1.01,400000000.0,0.01,3.4017,0.9747,3.92
01656,亿仕登控股,138.0,3.98,3.98,0.0,1812998984.0,,18.9172,1.3191,0.8
01867,标准发展集团,138.0,0.19,0.183,3.83,283860000.0,0.01,-17.2402,3.5582,
06966,中国万桐园,138.0,0.6,0.6,0.0,600000000.0,,-460.6151,2.4463,
08616,新威工程集团,137.0,0.098,0.098,0.0,98000000.0,0.02,23.4153,0.557,
08481,盛龙锦秀国际,136.0,0.255,0.255,0.0,103318350.0,0.01,2.0496,0.2845,
08262,宏强控股,136.0,0.04,0.04,0.0,36931600.0,,-5.3385,0.5314,
02930,卓越睿新(一百),135.0,365.2,365.2,0.0,260296721441.0,,-23566.9282,8173.8647,
01792,CMON,135.0,1.45,1.46,-0.68,359136000.0,0.07,-3.0813,3.0942,
01732,象兴科技,135.0,0.194,0.182,6.59,248320000.0,0.01,-12.9727,1.1227,
02597,讯众通信,134.0,33.16,35.0,-5.26,4408432690.0,0.2,64.3208,2.4766,
08519,新享时代,134.0,0.295,0.295,0.0,42766888.0,,16.0778,14.1378,
00676,创信国际,132.0,1.0,1.0,0.0,730650000.0,,-21.8886,1.2334,1.0
03728,正利控股,132.0,0.056,0.056,0.0,56728000.0,0.0,8.0867,0.3949,
01845,维港环保科技,132.0,0.231,0.26,-11.15,308000385.0,0.03,-4.03,0.901,
01854,中国万天控股,130.0,0.95,0.935,1.6,1936793281.0,0.0,-15.5888,47.8504,
80291,华润啤酒-R,130.0,16.28,16.1,1.12,52815200013.0,0.0,15.6116,1.4847,7.22
06193,泰林科建,129.0,0.355,0.355,0.0,142000000.0,,-43.1433,0.617,
03919,金力集团,128.0,0.725,0.735,-1.36,32894700.0,0.23,-5.0444,0.1091,
08509,威扬酒业控股,128.0,0.5,0.51,-1.96,200000000.0,,4.9833,0.5323,
01802,文业集团,127.0,0.045,0.045,0.0,37422000.0,,-1.1099,-0.4161,
01748,信源企业集团,126.0,1.76,1.76,0.0,774400000.0,,10.2985,0.6437,
02521,升辉清洁,125.0,0.8,0.79,1.27,1559788000.0,0.0,43.1262,2.8788,
02502,金源氢化,124.0,0.52,0.525,-0.95,496932800.0,0.01,19.0544,0.4371,
08350,立桥证券控股,124.0,0.385,0.385,0.0,365774640.0,,5.9512,2.1767,
01841,优越集团控股,124.0,0.49,0.48,2.08,196000000.0,0.03,54.8098,1.7614,
01721,FSM HOLDINGS,123.0,0.14,0.14,0.0,140000000.0,,-3.3686,0.8154,
08285,森浩集团,123.0,0.106,0.106,0.0,59360000.0,,15.6262,-8.973,
08495,1957 & CO.,123.0,0.325,0.325,0.0,124800000.0,,168.8769,2.253,
02613,汇舸环保,123.0,30.96,31.04,-0.26,1238400000.0,0.01,55.0879,2.1756,
01790,达力环保,123.0,0.55,0.55,0.0,550000000.0,,10.8909,0.3433,
02921,首惠产业金融,122.0,5.945,5.945,0.0,22029418274.0,,-166.569,183.1161,
02503,中深建业,122.0,0.265,0.27,-1.85,909705540.0,0.03,-23.9315,0.7778,
02497,富景中国控股,121.0,0.545,0.585,-6.84,272500000.0,0.09,4.1947,0.4177,
02516,泛远国际,120.0,0.62,0.62,0.0,580320000.0,0.0,21.0646,0.6397,
02515,天津建发,120.0,3.785,3.48,8.76,1176161305.0,0.14,-22.2791,3.0025,
08023,邝文记,120.0,0.34,0.34,0.0,203130960.0,0.04,14.6983,1.4718,2.65
02944,大健康国际股权,119.0,0.01,0.01,0.0,5527311.0,0.1,-0.2341,0.0139,
01410,安领国际,119.0,1.07,1.15,-6.96,1080397190.0,0.1,48.6524,5.2313,
01832,海天地悦旅,119.0,1.47,1.515,-2.97,529200000.0,0.01,-4.4789,2.7577,
01897,美亨实业,119.0,0.465,0.46,1.09,187064678.0,,31.3236,0.3543,1.94
02457,步阳国际,118.0,0.49,0.49,0.0,490000000.0,0.02,104.6898,1.0392,
07836,AQUILA ACQ-Z,118.0,9.86,,,1224359692.0,,-27.0058,37.067,
06661,湖州燃气,118.0,4.95,4.95,0.0,1003436775.0,,10.1876,0.6945,7.11
00368,德合集团,116.0,3.06,3.12,-1.92,2448000000.0,0.02,87.857,10.267,
08489,裕程物流,115.0,0.27,0.27,0.0,83045250.0,,-3.7521,1.1698,
00475,中发展控股,114.0,0.28,0.28,0.0,139882680.0,,-5.4005,-49.639,
02625,江苏宏信,114.0,0.775,0.79,-1.9,182620663.0,0.17,3.5009,0.2147,
02936,桦欣控股,112.0,5.005,5.29,-5.39,1937295360.0,0.0,-170.5764,22.9869,
08485,竣球控股,112.0,0.32,,,320000000.0,,14.3853,3.1141,
01213,万保刚集团,112.0,0.5,0.5,0.0,100000000.0,,-18.1422,0.8849,1.0
08103,HMVOD视频,111.0,0.119,0.119,0.0,15404300.0,,1.2136,-0.2905,
80016,新鸿基地产-R,111.0,92.75,90.85,2.09,268769120414.0,0.0,12.5238,0.496,4.08
01861,保宝龙科技,110.0,2.31,2.3,0.43,540348848.0,0.02,-64.8289,1.4228,1.65
08510,TOPSTANDARDCORP,110.0,0.217,0.231,-6.06,51836682.0,0.05,-43.4143,-4.4946,
02132,誉燊丰控股,110.0,0.162,0.161,0.62,259200000.0,0.01,20.9032,0.7605,
01218,永义国际,109.0,1.18,1.18,0.0,174612631.0,0.0,-0.4011,0.135,
01820,济丰包装,108.0,2.8,2.8,0.0,841769600.0,,-21.4638,1.6522,2.86
08362,运兴泰集团,108.0,0.06,0.06,0.0,84000000.0,,37.4498,0.9841,
02937,LONG投资股权,107.0,0.01,0.01,0.0,6853176.0,0.29,-0.096,0.0554,
02102,德利机械,104.0,0.35,0.335,4.48,350000000.0,0.02,12.6927,0.8039,10.0
01903,JBB BUILDERS,103.0,1.88,1.96,-4.08,940000000.0,0.0,-901.3375,3.9414,
02486,普乐师集团控股,102.0,3.845,4.0,-3.88,435283222.0,0.02,18.6527,0.7905,
01005,美力时集团,102.0,0.39,0.39,0.0,294919292.0,,-2.0136,0.9689,
06182,乙德投资控股,102.0,0.68,0.665,2.26,544000000.0,0.23,-20.9537,8.0331,
09900,智云科技建设,100.0,6.69,6.495,3.0,19909440000.0,0.07,2836.8269,65.1115,
08601,宝燵控股,99.0,0.285,0.285,0.0,228000000.0,,11.5724,1.4312,2.81
02693,金岩高岭新材,99.0,2.85,2.855,-0.18,277003801.0,,10.049,0.405,9.33
01770,东方科脉,98.0,73.65,76.0,-3.09,3769829677.0,0.01,45.1979,2.6261,
02535,泓基集团,98.0,0.605,0.59,2.54,1210000000.0,0.05,-190.7969,4.6248,
02347,友和集团,97.0,0.78,0.765,1.96,377588640.0,0.05,22.5399,1.4124,3.85
08439,新百利融资,97.0,1.27,1.26,0.79,192394705.0,0.0,92.8546,3.103,1.57
02501,迈越科技,96.0,2.105,2.05,2.68,1176353990.0,0.24,-1086.6786,2.8571,
08501,庄皇集团公司,95.0,0.9,0.9,0.0,180000000.0,0.0,-13.2411,1.6719,
01481,竣球控股,94.0,1.375,1.375,0.0,1402500000.0,,104.0122,9.8382,
08535,荧德控股,94.0,0.235,0.238,-1.26,282000000.0,0.02,187.6248,1.7624,
01334,瑞昌国际控股,94.0,0.895,0.865,3.47,447500000.0,0.04,23.4816,1.1785,5.25
09639,荣利营造,92.0,0.89,0.91,-2.2,890000000.0,0.01,48.3066,2.4061,
00924,坤集团,92.0,0.124,0.124,0.0,124000000.0,,-0.86,1.6192,
08657,TRUE PARTNER,91.0,0.335,0.305,9.84,204411473.0,0.0,-6.0231,9.3266,
01402,超智能控股,91.0,0.495,0.5,-1.0,519997500.0,0.01,1416.8869,4.4166,
02916,创科实业(五百),90.0,128.7,128.7,0.0,828467666126.0,,489.9277,13.1978,
02450,淮北绿金股份,89.0,15.36,16.75,-8.3,4055040000.0,0.23,-82.838,8.2189,
08668,瀛海集团,89.0,0.122,0.122,0.0,146400000.0,,-5.2652,-30.6854,
02892,万城控股,89.0,0.625,0.61,2.46,468750000.0,0.0,-32.5422,0.7238,
00252,华信地产财务,88.0,1.75,1.7,2.94,394485060.0,,-9.1698,0.3397,1.71
08209,美捷滙控股,88.0,1.39,,,,,,,
01442,鹰辉物流,87.0,0.28,0.28,0.0,577920000.0,,42.6792,0.834,
02904,CMON RTS,87.0,0.01,,,2476800.0,,-0.016,-0.1393,
01657,桦欣控股,85.0,55.0,55.0,0.0,17600000000.0,,-2409.6386,230.5747,
01284,新传企划,81.0,0.57,0.59,-3.39,342000000.0,0.02,30.9222,1.9662,6.84
08441,国际永胜集团,80.0,1.3,,,1040000000.0,,21.0872,5.6821,
02528,尚晋国际控股,79.0,0.815,0.83,-1.81,326000000.0,0.01,3.6199,1.2469,
03860,EPS创健科技,78.0,0.6,0.6,0.0,349457903.0,0.01,-25.2334,3.2997,
02372,伟立控股,76.0,0.905,0.915,-1.09,724000000.0,0.01,-32.4491,3.2714,
03119,ETFS铂金,76.0,820.5,,,,,,,0.0
01915,泰和小贷,76.0,0.265,0.265,0.0,159000000.0,,-8.1558,-0.6147,
08169,环康集团,75.0,0.032,0.032,0.0,20785280.0,,98.5084,0.1865,
02671,美联股份,75.0,6.94,6.86,1.17,836617035.0,1.27,135.7477,1.2702,6.25
02938,帝王国际投资,74.0,1.24,1.295,-4.25,290614405.0,0.09,-7.1943,20.108,
01489,GC CONSTRUCTION,72.0,3.23,3.46,-6.65,3230000000.0,0.04,-53.146,15.2667,
02987,马可数字科技股权,69.0,0.01,,,20583909.0,,-0.2077,0.0224,
02902,生物系统工程股权,69.0,0.071,,,127061440.0,,-2.9188,8.6143,
03006,X安硕A股基建,67.0,11.96,,,23920000.0,,,,0.0
02928,港仔机器人股权,67.0,0.01,,,31464390.0,,-0.1768,0.0675,
02935,中科闻歌(二百),67.0,63.85,63.85,0.0,43098750000.0,,-2383.7349,811.0497,
00335,美建集团,67.0,0.64,0.64,0.0,1716682725.0,,19.1167,0.5916,3.13
02939,怡俊集团(二千),64.0,51.95,51.95,0.0,12783894651.0,,-111.5591,-79.9703,
02818,潘渡比特币,64.0,16.58,,,,,,,0.0
08617,永联丰控股,63.0,2.6,,,1040000000.0,,36.9975,7.4874,2.31
07855,TECHSTARACQ-Z,62.0,10.55,,,1319805000.0,,-0.4255,-24.3471,
08610,BBSB INTL,61.0,0.57,0.55,3.64,285000000.0,0.0,18.3689,1.5923,1.75
06812,永顺控股香港,60.0,0.25,0.248,0.81,150000000.0,0.05,-28.393,0.7763,3.2
02520,山西安装,56.0,2.41,2.41,0.0,3310101260.0,,21.7145,0.9781,1.0
03774,亮晴控股,53.0,27.7,25.8,7.36,22684084000.0,0.1,414.2484,109.3143,
02421,嘉创地产,52.0,0.6,0.6,0.0,303218880.0,0.06,17.9611,0.3063,
01162,莹岚集团,52.0,0.244,0.249,-2.01,146400000.0,0.06,96.3158,2.0445,
08629,集信国控,51.0,8.25,8.25,0.0,279914250.0,,11.3018,1.2726,2.56
02483,K CASH集团,45.0,1.68,1.68,0.0,840000000.0,,9.549,0.9302,7.17
02295,丰城控股,44.0,5.55,5.51,0.73,2220000000.0,0.01,160.4394,22.3434,
02922,伟禄科技股份,43.0,3.725,3.575,4.2,2011500000.0,0.04,-88.2469,6.9998,
08572,朝威控股,42.0,0.605,0.5,21.0,223155657.0,0.04,-14.1341,8.0226,
08581,港娱国际股权,42.0,0.01,,,2133333.0,,1.8902,-0.0302,
03032,恒生科技ETF,39.0,37.2,,,,,,,0.0
03139,安硕人债基金,38.0,36.15,,,63546928.2,,,,0.0
03004,安硕亚洲小型股,35.0,39.8,,,,,,,0.0
04621,CINDA 21USDPREF,34.0,99.92,99.92,0.0,3813400351888.0,,6193.3866,134.1666,0.03
06663,国际永胜集团,32.0,0.42,0.42,0.0,336000000.0,0.0,-44.0136,1.7404,
08585,首都金融控股,30.0,3.42,3.395,0.74,820800000.0,0.21,147.5198,14.6349,
08567,金威医疗,28.0,0.265,0.265,0.0,907991270.0,,-11.0236,-23.1885,
08573,中华节能,27.0,0.103,0.114,-9.65,5927485.0,0.01,-0.4642,1.0967,
09689,金泰丰国际控股,26.0,0.48,0.53,-9.43,535680000.0,0.0,14.2927,0.8269,
02841,X安硕主要消费,26.0,25.25,,,56812500.0,,,,0.0
08580,吉辉控股股权,25.0,0.027,,,19180800.0,,1.7151,0.2413,
03039,X安硕A股原材料,25.0,10.94,,,10940000.0,,,,0.0
08579,龙皇集团,24.0,0.85,,,,,,,
03050,X安硕A股能源,23.0,5.52,,,,,,,0.0
03001,X安硕可选消费,23.0,20.3,,,,,,,5.946
08583,朗华国际集团,21.0,4.65,4.9,-5.1,161193064.0,0.01,-2.6537,2.6249,
08582,清大东方(四千),20.0,3.85,3.85,0.0,1159266039.0,,,,
09882,永联丰控股,16.0,0.755,0.755,0.0,604000000.0,,-75.8413,4.4792,
09876,大洋环球控股,14.0,3.02,3.0,0.67,845600000.0,0.02,21.5868,2.6484,1.39
03064,GX亚太,9.0,23.0,,,,,,,0.0
03134,F 三星恒期人汇,9.0,13.12,,,9840000.0,,,,0.0
03071,X大成中国消费,5.0,0.0,,,,,,,0.0
03075,HZ标普亚洲工业,5.0,18.6,,,,,,,4.234
03412,03412,0.0,7.835,7.835,0.0,,,,,0.0
03426,03426,0.0,7.835,7.835,0.0,,,,,0.0
03413,03413,0.0,7.835,7.835,0.0,,,,,0.0
02826,未来中国云算,,57.95,0.0,0.0,,,,,0.0
09788,09788,,10.07,10.07,0.0,,,,,0.0
02820,未来中国生科,,57.05,0.0,0.0,,,,,0.0
09711,09711,,10.42,10.42,0.0,,0.0,,,0.0
09366,09366,,9.59,9.59,0.0,,0.0,,,0.0
02809,GX中国洁能,,0.0,,,,,,,0.0
03077,PP美国国库,,0.0,,,,,,,3.685
03033,南方恒生科技,,0.0,,,,,,,0.0
02806,GX中国消费,,0.0,,,,,,,0.0
02814,X领先日本ETF,,0.0,,,,,,,0.0
03037,X易亚菲律宾,,10.46,,,,,,,3.223
03088,华夏恒生科技,,0.0,,,,,,,0.375
03069,X易亚泰国,,0.0,,,,,,,0.315
