symbol,name,followers,current,last_close,percent,market_capital,turnover_rate,pe_ttm,pb,dividend_yield
SZ000651,格力电器,2627109.0,38.83,38.32,1.33,217502584923.0,0.69,7.805,1.465,7.718
SZ002594,比亚迪,2433868.0,84.95,81.72,3.95,774505933147.0,1.15,26.313,3.227,0.421
SZ000002,万科A,2254320.0,4.06,4.06,0.0,48438680452.0,6.07,-0.529,0.474,
SZ000858,五粮液,2123167.0,70.56,70.14,0.6,273886260833.0,0.46,20.934,2.312,7.307
SZ300059,东方财富,1986996.0,17.95,17.28,3.88,284008487756.0,1.94,19.477,2.886,0.557
SZ000333,美的集团,1977099.0,82.46,81.74,0.88,629173395503.0,0.52,14.178,2.964,5.205
SZ000725,京东方A,1970458.0,5.5,5.5,0.0,203743804352.0,2.44,25.929,1.53,1.018
SZ300750,宁德时代,1960448.0,297.75,286.75,3.84,1377763594007.0,1.27,16.209,3.631,2.779
SZ002415,海康威视,1920294.0,32.97,33.0,-0.09,302165815004.0,0.57,18.387,3.582,3.943
SZ000895,双汇发展,1862537.0,23.79,23.66,0.55,82424290257.0,0.33,16.203,3.944,6.095
SZ002304,洋河股份,1709973.0,37.28,37.02,0.7,56160272359.0,0.35,121.004,1.19,3.943
SZ000001,平安银行,1693635.0,11.59,11.78,-1.61,224914591915.0,0.56,5.175,0.48,5.255
SZ002714,牧原股份,1665964.0,41.12,41.13,-0.02,237385601441.0,0.71,-211.798,2.998,1.038
SZ000568,泸州老窖,1636450.0,71.5,72.61,-1.53,105240954605.0,0.68,14.019,2.301,8.077
SZ300015,爱尔眼科,1585580.0,7.9,7.86,0.51,73466561399.0,0.61,28.852,3.2,2.278
SZ002460,赣锋锂业,1548203.0,45.47,44.21,2.85,95336694550.0,4.82,14.893,1.978,0.33
SZ000661,长春高新,1492361.0,71.9,69.23,3.86,29330708335.0,1.59,-83.189,1.309,0.22
SZ300274,阳光电源,1485554.0,80.68,80.49,0.24,167266697688.0,2.93,15.227,3.336,1.636
SZ300760,迈瑞医疗,1440701.0,161.4,157.6,2.41,195584428163.0,0.57,24.871,4.825,2.628
SZ002027,分众传媒,1410739.0,4.91,4.74,3.59,70911200655.0,1.77,20.797,5.069,5.906
SZ300142,沃森生物,1353170.0,14.75,14.08,4.76,23590390980.0,9.4,124.967,3.379,0.847
SZ002271,东方雨虹,1331771.0,10.9,10.67,2.16,26036828539.0,2.53,160.506,1.268,
SZ300146,汤臣倍健,1270286.0,9.57,9.43,1.48,16189349187.0,1.02,24.954,1.489,4.66
SZ002230,科大讯飞,810472.0,37.4,36.89,1.38,89837786053.0,1.04,102.733,3.933,0.267
SZ002024,ST易购,696213.0,1.15,1.15,0.0,10654482761.0,0.22,77.921,0.872,
SZ002466,天齐锂业,632662.0,41.37,40.69,1.67,70871162455.0,2.83,15.339,1.467,
SZ000063,中兴通讯,600009.0,29.03,29.32,-0.99,138866017770.0,2.16,41.916,1.834,1.416
SZ000538,云南白药,567616.0,51.4,50.89,1.0,91711097794.0,0.65,17.563,2.238,3.08
SZ002241,歌尔股份,526991.0,21.51,21.7,-0.88,76533926483.0,2.55,19.185,2.01,1.595
SZ002475,立讯精密,515401.0,47.59,48.43,-1.73,368467096928.0,1.21,20.702,3.74,0.838
SZ000625,长安汽车,480367.0,7.06,7.04,0.28,69985113169.0,0.54,26.903,0.92,1.629
SZ002508,老板电器,474453.0,17.12,17.08,0.23,16178792322.0,0.71,14.414,1.393,5.841
SZ300033,同花顺,460741.0,200.43,191.3,4.77,150851635200.0,3.01,41.267,19.662,1.917
SZ000423,东阿阿胶,454022.0,46.68,46.42,0.56,29867116144.0,1.08,16.734,2.94,5.964
SZ002372,伟星新材,424244.0,8.98,8.92,0.67,14296501132.0,1.24,16.628,3.03,3.853
SZ000338,潍柴动力,416226.0,24.45,24.86,-1.65,211253394183.0,2.26,16.265,2.204,3.644
SZ000100,TCL科技,393643.0,4.64,4.63,0.22,101831370941.0,1.87,15.809,1.515,1.832
SZ002407,多氟多,381486.0,31.89,30.05,6.12,37962894625.0,13.37,56.382,4.373,0.608
SZ000977,浪潮信息,371757.0,64.69,64.56,0.2,94995754812.0,3.19,20.805,3.872,0.062
SZ002340,格林美,366396.0,6.26,6.2,0.97,31940771478.0,2.05,17.196,1.476,2.029
SZ002352,顺丰控股,361579.0,30.85,30.77,0.26,157493818206.0,0.39,14.474,1.581,3.015
SZ002129,TCL中环,356143.0,9.69,9.37,3.42,39177676665.0,3.3,-4.763,2.131,
SZ000792,盐湖股份,347728.0,24.09,23.96,0.54,127473982513.0,0.95,10.578,2.67,
SZ002456,欧菲光,343462.0,6.46,6.39,1.1,22583612295.0,2.0,-77.078,3.817,
SZ002007,华兰生物,338899.0,13.35,13.2,1.14,24372974663.0,0.82,30.168,2.221,5.243
SZ000768,中航西飞,334769.0,22.31,22.6,-1.28,62035412112.0,0.71,65.159,2.77,0.672
SZ300308,中际旭创,327354.0,775.29,783.0,-0.98,913221565571.0,2.52,44.649,21.692,0.277
SZ000963,华东医药,312559.0,27.29,26.95,1.26,47859478582.0,0.94,13.831,1.881,3.408
SZ002049,紫光国微,311594.0,56.59,56.14,0.8,47718598931.0,1.32,30.928,3.396,0.546
SZ002202,金风科技,311032.0,16.35,16.68,-1.98,69038228928.0,2.38,21.977,1.753,1.223
SZ300014,亿纬锂能,307202.0,51.32,50.48,1.66,111533598704.0,2.44,19.13,2.223,0.904
SZ002312,川发龙蟒,304570.0,8.27,8.16,1.35,15611355448.0,0.96,38.918,1.614,1.693
SZ300251,光线传媒,300383.0,11.1,10.59,4.82,32562831595.0,1.91,-62.119,3.425,1.351
SZ002192,融捷股份,293917.0,57.25,57.22,0.05,14865260372.0,6.05,12.437,3.269,0.384
SZ000559,万向钱潮,292892.0,10.56,10.41,1.44,35154462225.0,1.58,33.354,4.235,1.884
SZ002050,三花智控,286649.0,33.58,33.94,-1.06,141305107937.0,1.78,35.353,4.348,1.191
SZ002677,浙江美大,282788.0,6.17,6.07,1.65,3986138662.0,0.94,-348.197,2.752,0.259
SZ000799,酒鬼酒,281743.0,36.66,36.49,0.47,11911896407.0,1.25,-389.434,3.261,0.818
SZ300496,中科创达,279569.0,52.92,51.76,2.24,24434066498.0,1.97,45.479,2.31,0.348
SZ000623,吉林敖东,277971.0,17.53,17.26,1.56,20964046134.0,0.85,6.626,0.655,2.795
SZ300058,蓝色光标,271739.0,12.87,12.05,6.8,46206147191.0,6.58,136.018,5.803,0.078
SZ000776,广发证券,269884.0,19.82,19.32,2.59,155088438028.0,0.9,8.213,1.123,3.784
SZ002371,北方华创,268974.0,594.04,600.32,-1.05,431088412368.0,1.13,75.842,10.632,0.128
SZ002156,通富微电,260767.0,55.55,55.93,-0.68,88535462568.0,4.28,35.076,4.206,0.139
SZ002709,天赐材料,260602.0,35.68,32.69,9.15,72735883026.0,13.5,18.391,3.586,0.975
SZ002236,大华股份,259066.0,15.46,15.29,1.11,50542791664.0,0.68,13.423,1.293,5.55
SZ002008,大族激光,257798.0,75.5,78.11,-3.34,77735057304.0,4.2,39.073,3.622,0.265
SZ002183,怡亚通,251777.0,4.38,4.2,4.29,11374899819.0,3.09,-35.08,1.26,
SZ000157,中联重科,249318.0,6.04,6.03,0.17,52237152825.0,0.65,12.45,0.907,3.311
SZ002038,双鹭药业,247786.0,5.76,5.62,2.49,5917536000.0,3.05,-8.181,1.201,0.174
SZ002142,宁波银行,247531.0,35.24,35.68,-1.23,232710539510.0,0.39,7.477,0.959,3.689
SZ300027,ST华谊,247060.0,1.7,1.64,3.66,4716660062.0,2.05,-15.951,-80.569,
SZ000876,新希望,244053.0,6.87,6.77,1.48,34089911480.0,0.48,-8.037,1.658,
SZ002555,三七互娱,243752.0,17.12,16.83,1.72,37873509099.0,1.87,11.595,2.688,4.124
SZ002074,国轩高科,243204.0,30.41,31.3,-2.84,55185797650.0,6.46,16.218,1.831,0.329
SZ002463,沪电股份,242391.0,112.29,115.88,-3.1,216086781570.0,2.77,42.681,12.012,0.445
SZ002223,鱼跃医疗,240488.0,26.12,25.95,0.66,25980173763.0,1.15,23.157,1.964,4.621
SZ300377,赢时胜,239285.0,13.5,12.8,5.47,10138541580.0,5.05,-3286.343,4.198,
SZ300124,汇川技术,237720.0,50.59,49.85,1.48,137087804298.0,1.27,28.028,3.724,0.986
SZ002603,以岭药业,236972.0,15.53,15.39,0.91,25946054489.0,1.25,18.867,2.378,3.22
SZ002405,四维图新,235790.0,6.09,5.9,3.22,14434127107.0,1.94,-193.108,1.737,
SZ000831,中国稀土,231965.0,49.34,48.9,0.9,52360634617.0,2.38,211.285,10.343,0.059
SZ300999,金龙鱼,229122.0,25.29,23.9,5.82,137112049945.0,3.93,37.141,1.407,0.909
SZ000938,紫光股份,227225.0,30.41,30.24,0.56,86975028968.0,3.4,30.935,4.867,0.214
SZ300017,网宿科技,226754.0,14.23,13.84,2.82,35513594377.0,4.11,45.829,3.419,2.319
SZ002432,九安医疗,225374.0,59.3,58.73,0.97,27644715351.0,2.68,6.259,1.194,2.503
SZ002185,华天科技,224969.0,15.85,16.03,-1.12,52729112842.0,5.08,40.641,2.772,0.139
SZ300502,新易盛,224879.0,370.2,378.5,-2.19,516331739575.0,3.21,39.358,21.244,0.193
SZ002507,涪陵榨菜,221433.0,11.32,11.19,1.16,13062363397.0,1.02,17.74,1.467,3.71
SZ002261,拓维信息,217571.0,23.53,24.02,-2.04,29646109934.0,2.26,547.389,11.35,0.106
SZ002176,江特电机,217102.0,8.55,8.48,0.83,14554242468.0,2.63,-31.086,4.994,
SZ000997,新大陆,214359.0,19.61,18.9,3.76,19866850113.0,1.22,17.975,2.584,1.26
SZ300476,胜宏科技,211117.0,202.69,206.23,-1.72,199200653747.0,3.12,39.637,5.255,0.874
SZ300144,宋城演艺,205370.0,5.55,5.53,0.36,14479255129.0,1.07,19.067,2.01,4.505
SZ000988,华工科技,205189.0,85.97,86.99,-1.17,86443067721.0,4.02,49.519,7.229,0.288
SZ002384,东山精密,203153.0,145.49,150.66,-3.43,266480579831.0,6.46,74.333,10.936,
SZ000723,美锦能源,202027.0,3.64,3.54,2.82,16044415846.0,1.67,-15.306,1.33,
SZ002030,达安基因,202014.0,6.03,5.96,1.17,8462779573.0,5.37,-12.398,1.206,
SZ300024,机器人,198488.0,12.93,12.78,1.17,20243465954.0,1.21,-41.177,4.994,
SZ000630,铜陵有色,197481.0,5.85,5.75,1.74,78445408334.0,1.26,19.768,2.061,1.88
SZ300122,智飞生物,196747.0,13.7,13.59,0.81,32794919534.0,2.61,-2.197,2.182,
SZ002273,水晶光电,196419.0,22.37,23.15,-3.37,31108442784.0,4.25,26.009,3.048,1.341
SZ000777,中核科技,195825.0,16.29,16.17,0.74,6245872590.0,1.06,40.2,2.472,0.792
SZ300418,昆仑万维,195071.0,41.15,38.36,7.27,52879178522.0,5.07,150.729,3.573,
SZ002294,信立泰,192418.0,30.93,30.15,2.59,34481275428.0,0.95,51.196,4.025,1.778
SZ300450,先导智能,192349.0,36.73,37.59,-2.29,61494153271.0,9.88,34.555,3.418,0.781
SZ002281,光迅科技,190039.0,148.71,152.01,-2.17,123109400699.0,4.27,106.484,8.517,0.249
SZ000930,中粮科技,189502.0,5.38,5.16,4.26,9987660090.0,3.46,-41.935,0.969,0.558
SZ300079,数码视讯,188196.0,4.89,4.66,4.94,6973277223.0,2.3,178.05,1.709,0.409
SZ000860,顺鑫农业,187264.0,10.58,10.3,2.72,7847894744.0,1.59,-27.547,1.156,
SZ300339,润和软件,186731.0,34.78,34.3,1.4,27699169050.0,2.12,231.185,7.563,0.4
SZ300003,乐普医疗,185652.0,11.68,11.46,1.92,21531200683.0,0.99,27.942,1.313,2.783
SZ002739,儒意电影,185192.0,8.3,7.99,3.88,17527763276.0,2.53,-99.179,2.441,
SZ300347,泰格医药,184516.0,55.18,55.47,-0.52,47511417439.0,1.99,519.856,2.439,0.228
SZ300529,健帆生物,182064.0,15.12,15.0,0.8,12074911758.0,1.2,22.997,3.616,3.333
SZ002422,科伦药业,180913.0,39.72,38.75,2.5,63185829582.0,1.59,34.545,2.567,1.495
SZ300498,温氏股份,179730.0,14.9,14.87,0.2,99143548492.0,0.47,-38.515,2.831,3.349
SZ000807,云铝股份,177036.0,26.6,26.3,1.14,92247666973.0,1.42,8.409,2.417,4.759
SZ300223,君正股份,176852.0,117.54,119.74,-1.84,60527418939.0,6.08,44.159,4.18,0.12
SZ300896,爱美客,175078.0,95.03,95.18,-0.16,28755323557.0,1.12,26.262,3.635,1.887
SZ002385,大北农,174658.0,3.17,3.09,2.59,13568779129.0,2.03,-8.735,1.986,0.946
SZ300238,冠昊生物,172520.0,11.82,11.69,1.11,3246904569.0,1.55,188.974,4.787,
SZ000878,云南铜业,172270.0,16.23,16.07,1.0,39360736969.0,1.57,22.771,2.064,1.664
SZ000425,徐工机械,171560.0,7.15,7.18,-0.42,83735154710.0,0.81,13.559,1.297,3.413
SZ000738,航发控制,170635.0,18.39,18.49,-0.54,24186233778.0,0.86,99.602,1.922,0.419
SZ000066,中国长城,169894.0,13.94,13.85,0.65,44967639287.0,2.49,380.848,3.969,
SZ000039,中集集团,168512.0,8.43,8.68,-2.88,45458946846.0,1.14,-143.032,0.884,2.123
SZ000069,华侨城A,167494.0,1.91,1.92,-0.52,15352117881.0,1.5,-1.016,0.482,
SZ300676,华大基因,166625.0,45.47,43.76,3.91,19020877400.0,4.12,-33.077,2.233,
SZ002032,苏泊尔,163443.0,41.23,41.44,-0.51,32858293688.0,0.35,16.232,6.531,6.379
SZ000410,沈阳机床,163206.0,5.1,5.05,0.99,13510272346.0,0.83,-194.697,3.223,
SZ002600,领益智造,163050.0,11.15,11.42,-2.36,91011004687.0,1.29,42.9,2.873,0.341
SZ002821,凯莱英,162862.0,177.93,180.68,-1.52,64401526853.0,2.62,62.19,3.619,0.728
SZ002624,完美世界,161519.0,9.96,9.56,4.18,19322085304.0,2.84,176.916,2.967,3.313
SZ002465,海格通信,159524.0,9.86,10.02,-1.6,24470882727.0,2.43,-25.226,2.207,0.609
SZ300474,景嘉微,159372.0,50.27,49.1,2.38,26272068340.0,1.66,-142.045,3.877,
SZ000783,长江证券,155021.0,8.03,7.76,3.48,44406485772.0,1.53,8.619,1.203,4.359
SZ000158,常山北明,154975.0,12.67,12.64,0.24,20254473855.0,1.82,1552.712,3.86,0.213
SZ000021,深科技,154647.0,32.03,33.12,-3.29,50761174813.0,4.01,41.36,3.786,0.684
SZ002157,正邦科技,154405.0,2.91,2.88,1.04,26917973134.0,1.21,-18.132,2.653,
SZ000728,国元证券,152788.0,7.29,7.17,1.67,31811940825.0,0.53,11.676,0.824,2.743
SZ002837,英维克,152139.0,50.89,51.93,-2.0,65079632848.0,3.1,132.534,18.132,0.255
SZ000788,北大医药,152075.0,5.67,5.48,3.47,3379248700.0,4.79,88.324,2.227,3.316
SZ002625,光启技术,151641.0,23.52,23.15,1.6,50675906514.0,1.07,81.734,5.157,0.149
SZ002428,云南锗业,151050.0,87.86,85.71,2.51,57383123200.0,8.04,794.053,37.387,0.011
SZ002649,博彦科技,151024.0,9.28,8.98,3.34,5488512457.0,1.87,107.158,1.329,1.401
SZ000933,神火股份,150441.0,27.17,26.4,2.92,61105449521.0,1.86,8.879,2.208,2.926
SZ002572,索菲亚,150320.0,7.64,7.49,2.0,7357680333.0,1.67,11.428,1.099,10.471
SZ002001,新和成,150161.0,26.58,26.31,1.03,81691548254.0,0.73,11.391,2.342,3.758
SZ002511,中顺洁柔,149503.0,7.04,6.92,1.73,9019215836.0,0.97,22.898,1.636,0.582
SZ300394,天孚通信,149288.0,235.04,235.07,-0.01,256387529859.0,2.96,110.402,41.031,0.425
SZ002738,中矿资源,148495.0,41.13,41.34,-0.51,29999599991.0,3.27,20.273,2.282,1.204
SZ001979,招商蛇口,145889.0,7.72,7.82,-1.28,69603768360.0,1.05,671.496,0.714,0.661
SZ002812,恩捷股份,145730.0,47.85,45.84,4.38,46956091086.0,5.66,44.467,1.804,0.853
SZ000088,盐田港,144087.0,4.72,4.75,-0.63,24541561393.0,1.11,16.461,1.356,2.267
SZ002414,高德红外,143713.0,11.34,11.2,1.25,48430147465.0,1.26,26.087,5.768,0.882
SZ000998,隆平高科,143421.0,9.06,8.65,4.74,13313199433.0,4.02,233.579,2.014,0.464
SZ000778,新兴铸管,142713.0,3.62,3.61,0.28,14346719872.0,0.98,15.682,0.547,2.072
SZ002400,省广集团,142155.0,6.55,6.23,5.14,11418858188.0,4.82,178.113,2.275,0.244
SZ000009,中国宝安,141797.0,7.0,6.94,0.86,18054497755.0,0.74,-256.172,1.851,0.429
SZ002104,恒宝股份,141377.0,10.36,9.99,3.7,7338507595.0,5.83,-327.521,3.488,0.319
SZ000519,中兵红箭,141264.0,14.16,14.13,0.21,19718635185.0,2.26,164.859,1.899,0.177
SZ002229,鸿博股份,141221.0,10.12,9.94,1.81,4991069776.0,4.39,-20.835,4.778,
SZ000400,许继电气,140245.0,21.49,21.74,-1.15,21888816556.0,1.24,23.061,1.771,1.792
SZ002607,中公教育,140018.0,1.9,1.84,3.26,11718058839.0,2.56,194.228,14.105,
SZ000592,平潭发展,139337.0,8.13,8.08,0.62,15705378652.0,14.18,-79.507,9.215,
SZ000507,珠海港,138870.0,4.95,4.96,-0.2,4552687730.0,0.9,19.775,0.532,1.071
SZ300346,南大光电,138825.0,46.5,47.59,-2.29,32138795990.0,3.84,87.391,9.07,0.774
SZ000422,湖北宜化,137933.0,11.27,11.23,0.36,12249916380.0,1.68,16.803,2.0,2.662
SZ002497,雅化集团,137871.0,15.85,15.72,0.83,18268115942.0,3.33,10.668,1.501,0.379
SZ002179,中航光电,136795.0,33.39,33.18,0.63,70127223857.0,0.98,38.039,2.89,1.656
SZ000917,电广传媒,136637.0,6.9,6.63,4.07,9781138732.0,2.03,236.533,0.95,0.435
SZ002023,海特高新,135809.0,9.14,9.13,0.11,6771462548.0,1.53,-12.38,1.808,0.7
SZ000547,航天发展,135448.0,13.42,13.83,-2.96,21451444170.0,4.06,-18.592,5.863,
SZ002044,美年健康,135279.0,4.9,4.52,8.41,19179844223.0,6.7,59.142,2.412,0.184
SZ000960,锡业股份,134107.0,29.9,29.95,-0.17,49198415365.0,2.11,20.432,2.292,1.204
SZ300782,卓胜微,132945.0,62.42,64.65,-3.45,35890687666.0,2.45,-69.524,2.772,
SZ002151,北斗星通,132865.0,28.14,28.21,-0.25,15277513092.0,3.22,-70.186,3.129,
SZ002292,奥飞娱乐,132444.0,9.04,8.4,7.62,13367445261.0,8.91,63.939,4.41,
SZ300047,天源迪科,132311.0,9.04,8.68,4.15,5765211835.0,3.11,200.72,1.74,0.166
SZ002602,世纪华通,131607.0,13.64,13.3,2.56,100536106872.0,1.24,13.492,2.938,1.019
SZ002080,中材科技,131581.0,51.8,52.01,-0.4,86926801651.0,2.97,42.889,4.259,0.838
SZ000402,金融街,131421.0,2.69,2.67,0.75,8040221450.0,2.76,-1.802,0.414,
SZ002657,中科金财,130709.0,14.87,14.36,3.55,5045597990.0,2.59,-30.07,3.169,
SZ300315,掌趣科技,130456.0,3.97,3.82,3.93,10749215682.0,2.55,-63.778,2.339,
SZ300458,全志科技,129519.0,30.61,30.18,1.42,30415239253.0,5.38,51.448,8.732,0.542
SZ000031,大悦城,129480.0,2.4,2.39,0.42,10287152014.0,1.12,-3.234,1.043,
SZ000830,鲁西化工,129250.0,11.66,11.55,0.95,22204359668.0,0.87,19.865,1.136,2.573
SZ000999,华润三九,128417.0,24.82,24.48,1.39,41305887236.0,0.72,12.607,1.809,4.049
SZ002240,盛新锂能,128326.0,25.35,25.14,0.84,23202699655.0,3.89,24.05,2.057,
SZ002081,金螳螂,128311.0,4.74,4.76,-0.42,12586234286.0,5.49,31.995,0.919,2.743
SZ000786,北新建材,128023.0,16.65,16.52,0.79,28342230099.0,1.15,12.049,1.036,4.114
SZ000516,国际医学,127962.0,4.48,4.37,2.52,10030257453.0,1.26,-46.995,3.083,
SZ002402,和而泰,127875.0,17.54,17.52,0.11,16196251567.0,2.53,29.477,2.237,1.135
SZ002153,石基信息,127689.0,7.42,7.19,3.2,20496520966.0,1.21,-117.828,3.023,0.135
SZ300364,中文在线,127419.0,24.47,20.39,20.01,17826397887.0,12.58,-36.562,67.671,
SZ300677,英科医疗,127303.0,49.0,46.71,4.9,32082909887.0,3.06,28.202,1.689,0.406
SZ000426,兴业银锡,126914.0,31.96,30.7,4.1,56749318218.0,2.62,17.893,4.918,0.657
SZ002036,联创电子,126851.0,5.9,5.83,1.2,6239828530.0,2.29,-4.478,9.277,
SZ002155,湖南黄金,126496.0,23.96,22.76,5.27,37441125531.0,4.01,20.921,4.351,1.252
SZ002222,福晶科技,125921.0,54.6,56.58,-3.5,25675650000.0,4.48,77.553,13.536,0.366
SZ000709,河钢股份,125831.0,2.04,2.03,0.49,21087727028.0,0.99,20.248,0.406,1.961
SZ002131,利欧股份,124968.0,4.3,4.12,4.37,29118648423.0,4.04,-95.122,2.2,0.907
SZ002252,上海莱士,124666.0,5.06,5.06,0.0,33358924798.0,1.03,27.607,1.029,0.949
SZ000762,西藏矿业,123797.0,21.34,20.85,2.35,11114282582.0,2.77,246.108,3.718,0.469
SZ300244,迪安诊断,123697.0,20.4,19.73,3.4,12749580494.0,7.08,47.907,1.965,1.676
SZ000006,深振业A,122202.0,7.46,7.5,-0.53,10070963043.0,2.64,-150.285,1.913,
SZ002612,朗姿股份,122110.0,17.28,16.52,4.6,7645456080.0,3.1,9.181,2.722,6.944
SZ002130,沃尔核材,121993.0,15.64,15.57,0.45,21894238342.0,1.67,18.998,2.382,1.055
SZ002299,圣农发展,121865.0,15.87,15.68,1.21,19722765010.0,0.46,20.285,1.718,3.138
SZ002409,雅克科技,121816.0,112.07,115.39,-2.88,53337214873.0,5.12,51.363,6.667,0.589
SZ000970,中科三环,121176.0,11.12,10.97,1.37,13518870596.0,1.58,140.037,2.067,0.225
SZ002747,埃斯顿,121092.0,27.04,26.86,0.67,26192730073.0,3.76,131.216,7.984,
SZ002056,横店东磁,120843.0,18.86,18.86,0.0,30679789716.0,0.95,17.24,2.892,4.332
SZ300073,当升科技,119925.0,41.99,41.28,1.72,22854891119.0,7.89,27.157,1.519,0.674
SZ000596,古井贡酒,119858.0,92.65,93.55,-0.96,48974790000.0,0.61,23.868,1.968,4.749
SZ000408,藏格矿业,119683.0,73.39,71.79,2.23,115142653796.0,0.61,20.235,6.696,3.398
SZ002242,九阳股份,119647.0,15.13,13.75,10.04,11544447210.0,18.28,173.112,3.566,0.991
SZ002639,雪人集团,119589.0,14.0,14.06,-0.43,10911955992.0,8.43,689.491,4.193,
SZ000969,安泰科技,118985.0,15.77,15.92,-0.94,16566690891.0,1.57,39.326,2.837,1.268
SZ000591,太阳能,118813.0,4.18,4.18,0.0,16322285435.0,0.87,25.63,0.674,1.818
SZ300322,硕贝德,118024.0,15.4,15.61,-1.35,7084587556.0,4.36,125.529,6.867,
SZ000825,太钢不锈,117909.0,3.4,3.41,-0.29,19367242506.0,0.46,-94.021,0.591,0.265
SZ300595,欧普康视,117888.0,10.31,10.06,2.49,9220816628.0,1.26,19.984,1.836,1.785
SZ002583,海能达,117252.0,7.82,7.78,0.51,14221603559.0,2.62,-46.057,6.817,
SZ002506,协鑫集成,116583.0,2.42,2.37,2.11,14157765753.0,3.36,-11.153,20.285,
SZ002783,凯龙股份,116418.0,8.08,8.01,0.87,4034484972.0,1.79,35.843,1.504,1.238
SZ300053,航宇微,116116.0,11.46,11.53,-0.61,7986179742.0,2.47,-25.043,5.735,
SZ000050,深天马A,115936.0,6.23,6.18,0.81,15174881982.0,1.0,-19.801,0.574,
SZ000629,钒钛股份,115743.0,2.85,2.82,1.06,26479201358.0,0.69,80.878,2.11,
SZ002195,岩山科技,115457.0,5.92,5.84,1.37,33545933352.0,1.94,396.28,3.389,0.034
SZ000983,山西焦煤,115398.0,6.64,6.52,1.84,37695951032.0,1.31,26.471,1.014,1.355
SZ300088,长信科技,115366.0,6.47,6.47,0.0,16160336256.0,3.31,162.091,1.874,0.773
SZ002065,东华软件,115114.0,6.57,6.41,2.5,21060019204.0,0.95,46.165,1.679,0.761
SZ002617,露笑科技,115083.0,7.04,7.04,0.0,13440584629.0,11.76,76.229,2.071,
SZ002326,永太科技,113863.0,17.19,16.61,3.49,15902944063.0,5.11,94.127,5.376,
SZ002582,好想你,113740.0,9.64,9.48,1.69,4315904069.0,3.46,2.647,0.96,6.131
SZ000681,视觉中国,113524.0,16.14,15.35,5.15,11307319817.0,4.24,80.558,3.086,0.062
SZ300115,长盈精密,113003.0,21.85,21.48,1.72,29745499707.0,1.93,96.144,3.577,0.549
SZ002317,众生药业,111912.0,25.49,23.17,10.01,21664727859.0,6.43,108.713,5.411,0.785
SZ002253,川大智胜,111392.0,8.74,8.59,1.75,1971972070.0,3.2,-8.221,2.357,
SZ002285,世联行,111198.0,3.27,3.21,1.87,6516550954.0,16.73,-9.702,3.016,
SZ002601,龙佰集团,111156.0,14.92,14.77,1.02,35572980996.0,0.56,50.592,1.559,0.664
SZ300601,康泰生物,111010.0,13.44,13.23,1.59,15011564198.0,2.78,180.463,1.644,0.461
SZ002673,西部证券,110849.0,6.62,6.51,1.69,29588630887.0,0.57,14.766,0.978,1.813
SZ002786,银宝山新,110576.0,7.37,7.38,-0.14,3652660440.0,1.87,-1448.21,16.436,
SZ000656,金科股份,110462.0,1.23,1.22,0.82,13024139907.0,2.11,0.353,3.119,
SZ300068,ST南都,110272.0,4.04,3.93,2.8,3629403888.0,4.34,-1.031,12.504,
SZ000027,深圳能源,110123.0,6.34,6.37,-0.47,30161852067.0,0.42,13.107,0.901,2.524
SZ300253,卫宁健康,110116.0,7.24,6.91,4.78,15937244553.0,3.47,-36.865,2.956,
SZ002423,中粮资本,110086.0,9.18,9.09,0.99,21151689179.0,0.55,17.593,0.916,1.612
SZ002459,晶澳科技,110025.0,6.83,6.69,2.09,22605375723.0,1.1,-4.819,1.175,
SZ300497,富祥股份,109958.0,18.43,18.24,1.04,9927299854.0,10.26,77.058,4.2,0.271
SZ300759,康龙化成,109680.0,43.11,43.75,-1.46,79205297203.0,3.86,46.246,4.845,0.464
SZ000513,丽珠集团,109642.0,30.5,29.61,3.01,27081168716.0,4.37,16.174,2.026,8.033
SZ002079,苏州固锝,109595.0,8.3,8.28,0.24,7540454741.0,2.38,70.451,1.864,0.205
SZ000932,华菱钢铁,108864.0,3.54,3.56,-0.56,24258236426.0,1.17,22.303,0.444,4.52
SZ300012,华测检测,108708.0,14.68,14.2,3.38,24703918182.0,2.52,22.199,3.052,1.362
SZ002920,德赛西威,108479.0,79.45,78.07,1.77,47416498408.0,0.78,19.153,2.95,1.566
SZ002455,百川股份,108314.0,6.92,6.88,0.58,4999440500.0,4.22,-54.973,1.787,
SZ002389,航天彩虹,108307.0,17.87,18.22,-1.92,17600449295.0,1.83,171.221,2.192,0.336
SZ000821,ST京机,108224.0,7.22,7.2,0.28,4497155897.0,0.95,79.253,1.078,0.457
SZ002167,东方锆业,108205.0,14.45,14.9,-3.02,11194029185.0,5.84,107.662,6.105,
SZ300072,海新能科,107599.0,3.81,3.82,-0.26,8952434351.0,2.34,-13.887,1.74,
SZ300054,鼎龙股份,107560.0,63.53,62.94,0.94,60653517757.0,4.31,64.621,10.768,0.157
SZ000957,中通客车,107088.0,9.76,9.74,0.21,5786742415.0,1.55,12.803,1.713,1.014
SZ000657,中钨高新,107026.0,51.13,51.85,-1.39,116504039801.0,2.83,41.442,10.329,0.45
SZ002518,科士达,106892.0,32.11,32.93,-2.49,18695247768.0,2.7,28.956,3.835,1.401
SZ300316,晶盛机电,106869.0,35.66,35.29,1.05,46697975201.0,1.14,97.701,2.722,0.589
SZ002190,成飞集成,106403.0,22.84,22.87,-0.13,8193378194.0,1.25,-93.171,2.342,
SZ300383,光环新网,106124.0,10.33,10.27,0.58,18569134110.0,2.23,-22.83,1.564,0.194
SZ002266,浙富控股,105800.0,4.8,4.86,-1.23,25052502730.0,1.61,13.135,1.915,1.229
SZ300408,三环集团,105785.0,111.81,116.3,-3.86,223253103424.0,2.38,67.38,9.463,0.386
SZ000060,中金岭南,105700.0,5.85,5.76,1.56,25980858879.0,1.42,18.76,1.283,0.94
SZ300666,江丰电子,105593.0,204.4,209.62,-2.49,56408489365.0,4.4,71.716,7.737,0.181
SZ002127,南极电商,105553.0,3.06,2.92,4.79,7511903433.0,3.37,-30.853,1.995,1.961
SZ000488,ST晨鸣,105039.0,2.08,2.09,-0.48,6118228896.0,0.52,-1.171,39.171,
SZ300236,上海新阳,105009.0,79.05,80.05,-1.25,24772859195.0,2.14,65.089,3.628,0.605
SZ000848,承德露露,104906.0,8.29,8.14,1.84,8455800613.0,1.5,12.685,2.622,6.031
SZ002232,启明信息,104826.0,16.68,16.09,3.67,6814588229.0,6.25,201.817,4.801,0.144
SZ000581,威孚高科,104822.0,18.34,18.3,0.22,17730849610.0,0.86,14.742,0.886,5.453
SZ301308,江波龙,104564.0,284.0,288.6,-1.59,130542758116.0,3.61,10.892,5.484,0.321
SZ002782,可立克,104509.0,13.58,13.88,-2.16,6722724857.0,1.88,30.46,3.071,1.473
SZ302132,中航成飞,104028.0,57.82,58.91,-1.85,154500323360.0,1.12,47.855,7.395,0.668
SZ300085,银之杰,103985.0,28.9,27.9,3.58,20421911462.0,7.87,-200.02,48.304,
SZ002681,奋达科技,103665.0,4.39,4.36,0.69,7878523298.0,2.09,-81.588,3.676,
SZ002557,洽洽食品,103598.0,18.96,18.62,1.83,9591023731.0,1.5,20.163,1.914,5.174
SZ300490,华自科技,103277.0,11.26,11.02,2.18,4489031789.0,11.67,-810.835,1.992,
SZ002570,贝因美,103123.0,4.52,4.38,3.2,4881795865.0,2.81,32.242,2.919,
SZ300118,东方日升,102350.0,8.9,8.71,2.18,10146123381.0,2.42,-3.419,1.299,
SZ300376,易事特,101979.0,4.15,4.11,0.97,9662197975.0,0.84,-46.326,1.528,0.048
SZ000049,德赛电池,101818.0,22.59,22.52,0.31,8688984483.0,2.44,21.722,1.272,1.018
SZ000756,新华制药,101682.0,14.81,14.23,4.08,10317881672.0,8.8,47.932,1.957,1.013
SZ002092,中泰化学,101648.0,4.51,4.42,2.04,11616585222.0,1.64,-587.368,0.541,
SZ002472,双环传动,101452.0,37.66,36.72,2.56,32010913081.0,2.59,25.185,3.08,1.062
SZ000155,川能动力,101444.0,11.26,11.16,0.9,20787855531.0,1.16,23.033,1.858,2.309
SZ000875,电投绿能,101347.0,4.66,4.69,-0.64,16903081117.0,0.97,87.229,0.957,1.266
SZ000959,首钢股份,101048.0,3.51,3.5,0.29,27219935469.0,0.35,30.752,0.541,1.14
SZ300001,特锐德,101001.0,32.87,33.5,-1.88,34688621926.0,1.17,25.818,3.927,0.602
SZ000670,盈方微,100892.0,6.79,6.88,-1.31,5743962999.0,4.92,-86.426,177.285,
SZ300327,中颖电子,100866.0,23.7,23.78,-0.34,8090473076.0,2.97,89.798,4.404,0.422
SZ002439,启明星辰,100745.0,14.87,14.27,4.2,18013521048.0,6.33,-40.192,1.657,
SZ300296,利亚德,100337.0,4.67,4.61,1.3,12664933627.0,1.8,61.907,1.622,2.141
SZ300757,罗博特科,100324.0,504.0,508.0,-0.79,90459991944.0,3.6,-3406.727,50.747,
SZ300699,光威复材,100265.0,23.13,22.68,1.98,19229171760.0,1.08,36.092,3.517,2.144
SZ002174,游族网络,99362.0,12.6,12.62,-0.16,12345618184.0,3.44,-85.24,2.646,
SZ000712,锦龙股份,99265.0,10.0,9.78,2.25,8960000000.0,5.99,51.826,3.341,
SZ300070,碧水源,99131.0,3.44,3.41,0.88,12467280209.0,1.11,62.828,0.455,0.116
SZ300456,赛微电子,98983.0,31.88,33.06,-3.57,23342954712.0,4.89,5.589,2.581,1.161
SZ002737,葵花药业,98118.0,11.53,11.28,2.22,6733520000.0,0.97,-25.931,1.719,1.735
SZ000839,国安股份,97973.0,2.89,2.75,5.09,11328298157.0,2.78,-480.701,9.284,
SZ002310,东方新能,97832.0,2.24,2.22,0.9,13438481542.0,1.54,-188.38,5.575,
SZ001309,德明利,97827.0,336.91,341.48,-1.34,76425631332.0,5.69,11.201,10.943,0.564
SZ002043,兔宝宝,97227.0,12.38,11.8,4.92,10272360462.0,3.34,15.068,3.122,3.441
SZ002410,广联达,96792.0,8.79,8.44,4.15,14520590766.0,1.94,39.429,2.475,2.594
SZ002597,金禾实业,96684.0,21.9,21.58,1.48,12446205328.0,0.98,46.356,1.563,1.58
SZ000034,神州数码,96522.0,22.25,22.24,0.04,22622457502.0,2.19,38.174,1.98,0.234
SZ002761,浙江建投,96341.0,7.66,7.55,1.46,10148518739.0,1.6,34.187,1.194,0.653
SZ002139,拓邦股份,96334.0,9.83,9.61,2.29,12256387932.0,1.93,75.379,1.754,0.702
SZ002031,巨轮智能,96140.0,5.24,5.32,-1.5,11524833311.0,5.24,-46.058,6.061,
SZ300357,我武生物,96126.0,19.99,19.78,1.06,10466444160.0,1.24,25.076,3.8,1.251
SZ002085,万丰奥威,95205.0,9.28,9.22,0.65,19704200986.0,0.92,21.777,2.868,2.155
SZ300604,长川科技,95112.0,228.0,228.5,-0.22,147957292632.0,4.24,79.205,16.877,0.086
SZ000815,美利云,94965.0,14.19,14.03,1.14,9865782467.0,3.74,124.044,6.96,0.183
SZ300077,国民技术,94848.0,18.99,19.14,-0.78,12877626033.0,6.17,-173.503,7.326,
SZ002216,三全食品,94243.0,11.76,11.63,1.12,10339204404.0,0.92,17.335,2.385,4.864
SZ002078,太阳纸业,93420.0,13.77,13.64,0.95,39302129089.0,0.68,11.487,1.22,2.135
SZ300373,扬杰科技,93308.0,83.48,81.0,3.06,45358673259.0,3.26,31.762,4.526,0.599
SZ000877,天山股份,93033.0,3.69,3.7,-0.27,26237714351.0,0.26,-2.745,0.364,
SZ002262,恩华药业,92666.0,21.74,21.85,-0.5,22021998736.0,1.25,20.065,2.632,1.845
SZ000617,中油资本,92307.0,6.62,6.53,1.38,83690563503.0,0.59,16.531,0.782,1.541
SZ300133,华策影视,92305.0,8.38,7.56,10.85,15710586553.0,11.16,65.333,2.114,0.251
SZ000012,南玻A,92293.0,3.71,3.68,0.82,11287559289.0,0.95,-30.506,0.893,0.539
SZ002396,星网锐捷,91836.0,31.23,31.74,-1.61,23654073760.0,10.51,41.525,3.283,0.615
SZ002245,蔚蓝锂芯,91730.0,16.09,16.35,-1.59,27516665453.0,4.34,30.971,3.457,0.416
SZ002297,博云新材,91537.0,18.51,19.18,-3.49,10608170200.0,8.55,47.441,4.617,
SZ003816,中国广核,91470.0,4.43,4.41,0.45,223709791698.0,0.34,22.543,1.809,1.941
SZ300438,鹏辉能源,91392.0,50.37,49.38,2.0,25353405043.0,10.55,22.827,4.036,0.119
SZ002249,大洋电机,91090.0,6.38,6.3,1.27,15789221582.0,1.42,17.561,1.612,4.436
SZ002073,软控股份,90759.0,5.74,5.66,1.41,5880686556.0,1.44,14.967,0.911,0.697
SZ300397,天和防务,90710.0,10.21,10.45,-2.3,5285071166.0,6.05,-93.685,3.751,
SZ300482,万孚生物,90671.0,16.74,16.68,0.36,7836883882.0,1.79,-60.423,1.468,1.308
SZ002777,久远银海,90611.0,13.0,12.5,4.0,5307003494.0,2.06,71.965,3.17,0.769
SZ000887,中鼎股份,90390.0,17.67,17.77,-0.56,23262373829.0,2.35,16.014,1.575,0.849
SZ000735,罗牛山,89800.0,5.77,5.61,2.85,6644233345.0,4.08,-44.582,1.668,0.607
SZ002759,ST天际,89344.0,13.8,13.56,1.77,6919079949.0,6.03,19.197,1.968,
SZ300052,中青宝,89321.0,10.29,10.11,1.78,2694526126.0,3.99,-44.936,8.182,
SZ002581,*ST未名,89052.0,5.24,5.15,1.75,3457014471.0,1.42,-23.933,1.948,
SZ300624,万兴科技,88863.0,48.96,45.72,7.09,9465746423.0,7.23,-88.13,9.841,
SZ002028,思源电气,88698.0,120.09,117.11,2.54,93979225435.0,2.42,28.297,5.712,0.583
SZ002354,天娱数科,88185.0,7.37,7.0,5.29,12194297493.0,10.71,-384.085,7.063,
SZ002648,卫星化学,88052.0,27.77,27.36,1.5,93547290811.0,0.9,10.638,2.459,1.797
SZ002152,广电运通,87996.0,9.02,8.8,2.5,22400113740.0,0.81,27.378,1.81,5.211
SZ000898,鞍钢股份,87843.0,2.04,2.03,0.49,19113211366.0,0.56,-3.823,0.459,
SZ000166,申万宏源,87567.0,4.4,4.33,1.62,110175756064.0,0.32,10.059,0.958,2.841
SZ000901,航天科技,87565.0,13.52,13.64,-0.88,10791683009.0,1.6,660.36,2.552,0.074
SZ003035,南网能源,87279.0,5.3,5.31,-0.19,20075757571.0,0.57,55.881,2.826,0.83
SZ000683,博源化工,87235.0,5.7,5.76,-1.04,21185939892.0,1.46,20.503,1.717,5.263
SZ000837,秦川机床,87142.0,9.33,9.3,0.32,9545950659.0,1.05,173.459,1.926,0.322
SZ002182,宝武镁业,86824.0,12.3,11.58,6.22,12199036102.0,6.28,-120.755,2.319,
SZ000869,张裕A,86484.0,19.38,18.76,3.3,12466768881.0,4.31,475.65,1.239,1.316
SZ300494,盛天网络,86329.0,8.18,7.91,3.41,4012372422.0,2.18,-27.054,3.029,0.061
SZ002177,御银股份,85981.0,5.63,5.38,4.65,4285506985.0,3.33,296.348,2.495,0.036
SZ300036,超图软件,85808.0,10.33,10.04,2.89,5090279154.0,2.35,-54.343,2.048,0.281
SZ300413,芒果超媒,85779.0,23.0,19.17,19.98,43026578745.0,11.17,64.659,1.864,1.13
SZ300045,华力创通,85647.0,12.74,11.83,7.69,8442482507.0,16.05,-78.022,5.654,
SZ002493,荣盛石化,85590.0,13.2,13.49,-2.15,131860637753.0,0.44,24.615,2.767,0.727
SZ300109,新开源,85586.0,12.92,12.75,1.33,7452986316.0,2.19,48.987,2.226,1.254
SZ002959,小熊电器,85518.0,37.17,37.5,-0.88,5792332830.0,4.6,18.812,1.999,3.481
SZ000987,越秀资本,85046.0,7.24,7.15,1.26,36324039025.0,0.37,7.613,1.072,4.268
SZ002382,蓝帆医疗,84949.0,6.79,6.58,3.19,6841541030.0,4.88,-12.594,0.96,
SZ002146,荣盛发展,84744.0,1.27,1.26,0.79,5522168091.0,5.84,-0.728,1.083,
SZ001696,宗申动力,84726.0,14.79,14.64,1.02,16934948147.0,2.82,29.276,3.059,1.352
SZ002424,ST百灵,84484.0,4.61,4.67,-1.28,6387161915.0,1.18,-50.622,2.022,
SZ002896,中大力德,84250.0,57.04,57.59,-0.96,11209653097.0,2.76,254.096,9.38,0.21
SZ300558,贝达药业,84245.0,48.43,47.85,1.21,20501953505.0,2.66,43.848,3.075,0.308
SZ002048,宁波华翔,84092.0,17.52,17.03,2.88,14229767161.0,2.52,9.392,1.218,1.467
SZ300748,金力永磁,83954.0,24.05,23.8,1.05,33236380833.0,1.12,38.518,4.331,1.95
SZ300459,汤姆猫,83411.0,3.61,3.41,5.87,12692077490.0,3.78,-11.309,16.439,
SZ002069,獐子岛,83381.0,3.69,3.65,1.1,2624003996.0,1.59,-326.608,91.563,
SZ000897,津滨发展,83358.0,1.96,1.92,2.08,3169853579.0,2.48,-60.877,1.055,
SZ002901,大博医疗,83251.0,40.08,39.6,1.21,16593901800.0,0.43,23.414,4.719,1.462
SZ000733,振华科技,83164.0,38.39,38.5,-0.29,21274564456.0,1.76,22.162,1.348,0.99
SZ002626,金达威,83137.0,15.89,15.65,1.53,9691888157.0,0.67,36.899,2.351,2.511
SZ002891,中宠股份,82868.0,27.97,27.79,0.65,9003479956.0,1.77,31.184,2.663,0.822
SZ002558,巨人网络,82777.0,22.82,21.94,4.01,43370824178.0,3.02,13.893,2.578,4.321
SZ300724,捷佳伟创,82757.0,53.36,51.49,3.63,18584861440.0,3.69,16.0,1.398,2.243
SZ002585,双星新材,82540.0,10.1,10.49,-3.72,11527358381.0,9.3,-34.702,1.375,0.198
SZ000099,中信海直,82421.0,12.84,12.68,1.26,9960888559.0,0.86,35.501,1.797,1.262
SZ002690,美亚光电,82374.0,15.21,15.28,-0.46,13418701569.0,1.73,18.349,5.214,4.602
SZ002547,*ST春兴,82227.0,2.64,2.73,-3.3,2978070924.0,3.93,-6.402,-5.637,
SZ000062,深圳华强,82070.0,20.99,21.0,-0.05,21953636669.0,1.31,35.48,3.182,2.859
SZ002124,天邦食品,81718.0,2.01,1.95,3.08,4466087002.0,3.57,-1.394,5.425,
SZ000717,中南股份,81535.0,2.2,2.17,1.38,5332460298.0,0.74,-4.499,0.793,
SZ000729,燕京啤酒,81494.0,11.4,11.17,2.06,32131348487.0,1.02,16.266,1.904,3.509
SZ002149,西部材料,81493.0,32.7,33.62,-2.74,15964606760.0,9.34,183.511,2.416,0.459
SZ000802,北京文化,81348.0,4.05,3.8,6.58,2899396033.0,9.77,-13.562,4.899,
SZ300628,亿联网络,81287.0,39.98,40.03,-0.12,50651396712.0,0.82,17.558,5.501,4.502
SZ002276,万马股份,81252.0,9.96,9.9,0.61,10070311442.0,1.14,32.908,1.614,0.552
SZ002536,飞龙股份,81158.0,41.75,42.77,-2.38,23997310824.0,7.78,131.712,7.207,0.719
SZ002077,大港股份,80710.0,12.92,13.19,-2.05,7498102788.0,6.06,98.757,2.205,
SZ000980,众泰汽车,80633.0,2.14,2.16,-0.93,10791052161.0,6.88,-77.654,55.297,
SZ300229,拓尔思,80374.0,12.91,12.31,4.87,11278446232.0,2.53,-29.003,3.069,
SZ000833,粤桂股份,80323.0,19.48,19.4,0.41,16657678926.0,4.83,18.339,3.114,0.868
SZ300493,润欣科技,80294.0,12.14,12.06,0.66,6222005511.0,2.73,86.993,5.209,0.329
SZ300390,天华新能,79976.0,49.85,50.47,-1.23,41412926782.0,5.76,14.868,3.018,
SZ002568,百润股份,79899.0,19.58,19.58,0.0,20394992066.0,1.52,28.045,4.085,1.527
SZ300661,圣邦股份,79838.0,95.97,96.0,-0.03,65945852775.0,2.46,86.031,6.647,0.189
SZ002020,京新药业,79780.0,11.87,11.7,1.45,10220415892.0,3.07,14.161,1.703,2.814
SZ000721,西安饮食,79771.0,6.19,6.01,3.0,3552529567.0,2.71,-24.599,34.218,
SZ002055,ST得润,79640.0,6.28,6.27,0.16,3796197307.0,1.91,-142.856,2.732,
SZ002362,汉王科技,79281.0,15.82,15.45,2.39,3867272500.0,3.22,-17.157,4.474,
SZ300037,新宙邦,79263.0,64.79,66.85,-3.08,48844315859.0,2.87,30.58,4.361,1.23
SZ000401,金隅冀东,78953.0,3.66,3.64,0.55,9721507368.0,0.29,-16.615,0.375,2.732
SZ002640,跨境通,78931.0,3.73,3.7,0.81,5811494161.0,13.73,-25.616,8.614,
SZ300363,博腾股份,78282.0,23.68,23.49,0.81,12868710728.0,3.79,-83.066,2.596,0.38
SZ300007,汉威科技,78281.0,28.76,28.7,0.21,9417336002.0,3.16,56.125,3.145,0.174
SZ300212,*ST易录,78160.0,7.77,7.64,1.7,5593564119.0,1.0,-2.063,-2.47,
SZ000151,中成股份,78128.0,10.24,10.18,0.59,3593280369.0,2.58,8.377,4.072,
SZ002235,安妮股份,78080.0,7.66,7.5,2.13,4439523695.0,3.56,-249.307,6.062,
SZ002011,盾安环境,77825.0,12.14,12.29,-1.22,13044154895.0,3.01,12.922,1.863,0.824
SZ002121,科陆电子,77777.0,4.3,4.21,2.14,7191967614.0,1.86,-12.722,36.878,
SZ002108,沧州明珠,77725.0,4.44,4.36,1.83,7319776035.0,1.8,36.177,1.441,1.126
SZ002019,亿帆医药,77563.0,9.66,9.44,2.33,11750328221.0,1.63,38.729,1.328,1.035
SZ300620,光库科技,77473.0,246.8,250.95,-1.65,61497758506.0,3.35,225.102,27.242,0.081
SZ300170,汉得信息,77341.0,15.44,14.61,5.68,16064080338.0,4.85,68.081,2.762,0.097
SZ002373,千方科技,77144.0,7.4,7.18,3.06,11693392791.0,1.41,150.174,1.023,0.703
SZ002268,电科网安,77025.0,15.29,14.44,5.89,12929775709.0,3.29,214.417,2.368,0.164
SZ002498,汉缆股份,76736.0,6.24,6.12,1.96,20759207040.0,1.48,35.837,2.35,0.641
SZ002797,第一创业,76525.0,6.17,6.05,1.98,25928808000.0,1.07,24.843,1.5,1.329
SZ002075,沙钢股份,76336.0,3.55,3.52,0.85,7788080330.0,1.08,31.286,1.171,1.408
SZ002364,中恒电气,76299.0,30.83,31.27,-1.41,17374707717.0,3.28,129.778,7.021,0.324
SZ000628,高新发展,76171.0,49.8,51.33,-2.98,17543544000.0,4.93,193.108,7.906,0.201
SZ002033,丽江股份,76001.0,8.28,8.16,1.47,4549783087.0,2.16,18.075,1.82,4.227
SZ002306,ST云网,75855.0,2.01,2.04,-1.47,1748222625.0,1.39,-28.462,30.363,
SZ300009,安科生物,75623.0,8.53,8.38,1.79,14251077039.0,2.45,20.329,3.346,2.931
SZ300618,寒锐钴业,75550.0,31.3,30.64,2.15,9693518948.0,1.73,42.912,1.742,0.543
SZ002642,荣联科技,75525.0,7.03,6.84,2.78,4650909600.0,2.06,272.465,3.902,
SZ300468,四方精创,75387.0,20.75,19.9,4.27,11010972456.0,4.75,165.131,6.693,0.289
SZ300568,星源材质,75329.0,15.69,15.62,0.45,23463126291.0,5.39,167.715,2.154,0.057
SZ002349,精华制药,75249.0,9.24,8.72,5.96,7679625566.0,16.22,34.167,2.716,0.974
SZ002307,北新路桥,74933.0,2.96,2.93,1.02,4880386006.0,1.1,-17.512,1.198,
SZ000650,仁和药业,74906.0,5.29,5.21,1.54,7405673258.0,1.83,18.761,1.137,2.836
SZ000800,一汽解放,74701.0,5.83,5.8,0.52,28691068084.0,0.22,28.369,1.087,0.772
SZ300199,翰宇药业,74646.0,23.71,23.75,-0.17,20941652077.0,5.58,163.861,24.631,
SZ000032,深桑达A,74583.0,12.64,12.93,-2.24,15359866491.0,2.87,-64.542,2.121,0.198
SZ300763,锦浪科技,74553.0,52.31,53.34,-1.93,20750946698.0,3.23,36.785,2.22,0.382
SZ000564,供销大集,74017.0,1.49,1.44,3.47,26906514397.0,1.7,-16.305,1.876,
SZ300204,舒泰神,73894.0,20.66,20.26,1.97,11184174168.0,3.74,-124.413,5.495,
SZ002444,巨星科技,73853.0,27.07,26.77,1.12,32334524387.0,0.65,12.722,1.679,2.586
SZ301236,软通动力,73770.0,35.4,34.97,1.23,36645700512.0,1.52,435.992,2.799,0.141
SZ000948,南天信息,73751.0,13.45,12.99,3.54,5244004010.0,1.6,95.794,1.918,0.223
SZ300548,长芯博创,73733.0,190.08,190.44,-0.19,56041999770.0,5.79,114.825,26.81,0.153
SZ300166,东方国信,73514.0,11.47,11.21,2.32,13061413730.0,3.52,-59.404,2.31,
SZ002635,安洁科技,73465.0,13.52,13.73,-1.53,8918965212.0,7.02,41.802,1.52,1.109
SZ000713,国投丰乐,73393.0,6.61,6.25,5.76,5276230723.0,5.94,83.956,1.706,0.454
SZ002654,万润科技,73295.0,11.71,11.84,-1.1,9898492790.0,3.93,211.74,6.248,0.154
SZ000501,武商集团,73205.0,7.23,7.08,2.12,5559817445.0,1.06,38.0,0.505,1.355
SZ002413,雷科防务,73203.0,8.74,8.53,2.46,11531037937.0,12.46,-182.398,3.505,
SZ002366,融发核电,72957.0,5.77,5.68,1.58,12007010183.0,2.52,-164.314,2.597,
SZ300182,捷成股份,72944.0,5.56,5.01,10.98,14810870514.0,13.78,72.053,1.724,0.126
SZ300623,捷捷微电,72760.0,31.33,30.95,1.23,26408681062.0,3.24,50.057,4.199,0.472
SZ002468,申通快递,72621.0,15.06,14.86,1.35,23053880620.0,1.18,11.821,1.961,0.664
SZ002527,新时达,72398.0,10.37,10.35,0.19,6875945588.0,1.21,-900.604,5.572,
SZ002707,众信旅游,72340.0,5.05,4.9,3.06,4962710917.0,1.86,-1855.94,5.348,
SZ300319,麦捷科技,72311.0,16.97,17.56,-3.36,15062373858.0,8.24,47.366,3.048,0.631
SZ300177,中海达,72266.0,5.95,5.9,0.85,4427805943.0,1.37,-17.559,3.545,
SZ002733,雄韬股份,72247.0,20.78,18.89,10.01,7983985892.0,5.71,211.809,2.968,0.707
SZ000555,神州信息,72206.0,10.35,9.83,5.29,10099265423.0,2.43,-77.617,1.846,0.097
SZ300783,三只松鼠,72036.0,17.14,16.72,2.51,6884904896.0,2.2,25.884,2.216,0.677
SZ000672,上峰材料,71979.0,14.69,14.86,-1.14,14240419161.0,1.47,8.115,1.43,4.261
SZ002457,青龙管业,71672.0,11.42,11.48,-0.52,3808419256.0,5.68,29.148,1.511,1.384
SZ002922,伊戈尔,71617.0,20.61,21.08,-2.23,8709434064.0,3.62,41.979,2.318,1.446
SZ300454,深信服,71473.0,138.96,127.9,8.65,59969446283.0,6.75,70.414,5.415,0.078
SZ002041,登海种业,71297.0,10.78,10.13,6.42,9486400000.0,8.59,89.447,2.557,
SZ000089,深圳机场,71078.0,6.68,6.68,0.0,13699140320.0,0.68,14.424,1.138,2.395
SZ000796,凯撒旅业,71040.0,3.5,3.43,2.04,5613261206.0,3.02,135.987,6.341,
SZ300075,数字政通,71030.0,10.66,10.26,3.9,6621247484.0,2.91,-18.097,2.094,
SZ000810,创维数字,71028.0,9.07,8.95,1.34,10432273902.0,1.36,36.178,1.586,0.882
SZ000751,锌业股份,70628.0,4.46,4.37,2.06,7205712454.0,1.29,102.744,1.963,0.224
SZ002338,奥普光电,70627.0,38.68,39.54,-2.18,9283200000.0,2.68,84.408,4.808,0.181
SZ002716,湖南白银,70507.0,8.89,8.6,3.37,25097258063.0,6.06,56.255,6.173,
SZ002458,益生股份,70411.0,8.06,7.98,1.0,11535415894.0,2.15,24.709,2.487,1.836
SZ300655,晶瑞电材,70408.0,11.46,11.83,-3.13,12911149580.0,3.83,100.278,4.951,0.105
SZ002269,美邦服饰,70373.0,1.41,1.38,2.17,3542625000.0,2.4,-11.745,20.346,
SZ300342,天银机电,70285.0,29.5,30.06,-1.86,12538535834.0,3.34,632.853,7.972,0.068
SZ002351,漫步者,70082.0,9.87,9.71,1.65,8775486090.0,1.81,19.851,2.928,2.016
SZ002387,维信诺,70073.0,6.61,6.67,-0.9,9232821844.0,0.92,-3.245,5.239,
SZ300657,弘信电子,70063.0,30.91,31.18,-0.87,15152947202.0,3.86,69.766,8.505,
SZ000615,*ST美谷,69957.0,3.19,3.2,-0.31,5702101691.0,0.44,-9.763,3.466,
SZ002573,清新环境,69903.0,3.17,3.13,1.28,4486396640.0,0.88,-11.543,0.813,
SZ002015,协鑫能科,69829.0,14.45,14.51,-0.41,23457040672.0,2.41,54.187,1.896,0.671
SZ002440,闰土股份,69807.0,13.05,13.07,-0.15,14668198760.0,3.8,12.795,1.414,1.51
SZ300083,创世纪,69806.0,11.16,11.21,-0.45,18977577076.0,4.45,89.882,3.219,
SZ002181,粤传媒,69779.0,9.39,8.54,9.95,10902336254.0,7.63,-233.877,2.641,0.671
SZ002524,光正眼科,69747.0,4.16,4.06,2.46,2143779348.0,3.19,-682.624,19.056,
SZ300261,雅本化学,69708.0,4.9,4.85,1.03,4720216408.0,1.07,-15.215,2.775,
SZ002334,英威腾,69392.0,6.44,6.36,1.26,5281177384.0,1.39,53.588,1.731,0.932
SZ002251,步步高,69315.0,3.58,3.43,4.37,9625544887.0,4.88,173.787,1.129,
SZ000826,*ST启环,69312.0,1.71,1.71,0.0,2437354054.0,1.16,-0.849,-0.907,
SZ002537,海联金汇,69161.0,5.74,5.57,3.05,6736168648.0,1.98,21.918,1.504,
SZ002197,证通电子,69155.0,6.42,6.22,3.22,3944209998.0,3.84,-11.696,2.211,
SZ002009,天奇股份,68969.0,15.61,15.33,1.83,6278860361.0,3.26,143.034,3.046,0.32
SZ300102,乾照光电,68941.0,15.4,15.6,-1.28,14173141490.0,2.08,104.319,3.244,0.318
SZ002045,国光电器,68878.0,8.78,8.39,4.65,4938601899.0,3.03,-19.525,1.187,0.171
SZ300098,高新兴,68515.0,4.2,4.1,2.44,7298685555.0,2.21,-283.203,2.743,
SZ000905,厦门港务,68507.0,9.12,9.23,-1.19,14065848167.0,3.14,76.592,1.514,1.754
SZ300065,海兰信,68285.0,14.13,14.36,-1.6,10195348331.0,4.08,621.858,5.761,
SZ001896,豫能控股,68165.0,10.45,10.45,0.0,15944414898.0,2.43,45.217,4.412,
SZ000718,苏宁环球,68107.0,2.09,2.07,0.97,6342390043.0,1.39,-72.27,0.691,
SZ000883,湖北能源,68033.0,4.5,4.49,0.22,31857244335.0,0.64,15.557,0.856,3.333
SZ300188,国投智能,67935.0,10.83,10.28,5.35,9308139267.0,2.46,-11.233,3.919,
SZ002106,莱宝高科,67825.0,11.46,11.73,-2.3,8088653194.0,3.66,51.054,1.444,0.873
SZ300693,盛弘股份,67784.0,34.98,35.35,-1.05,10941597889.0,3.18,20.046,4.872,2.367
SZ002756,永兴材料,67704.0,40.12,39.01,2.85,21628753785.0,4.11,17.735,1.607,1.715
SZ002194,武汉凡谷,67672.0,9.77,9.72,0.51,6675702325.0,4.25,-547.027,2.67,
SZ002128,电投能源,67637.0,28.8,28.15,2.31,90042539558.0,0.64,12.571,1.675,3.236
SZ002293,罗莱生活,67522.0,11.33,10.85,4.42,9488363802.0,1.29,16.255,2.314,6.161
SZ002431,ST棕榈,67307.0,1.31,1.3,0.77,2361150242.0,0.76,-2.0,14.507,
SZ000016,*ST康佳A,67059.0,2.46,2.46,0.0,5923545704.0,0.0,-0.479,-0.528,
SZ300032,金龙机电,66845.0,3.71,3.67,1.09,2979759246.0,1.93,-49.338,4.881,
SZ002095,生意宝,66828.0,15.85,15.33,3.39,4005612000.0,3.68,-1337.388,4.628,0.315
SZ300113,顺网科技,66788.0,15.78,15.2,3.82,10638306058.0,3.43,25.672,4.059,1.141
SZ002126,银轮股份,66741.0,32.97,32.94,0.09,28255308562.0,2.73,29.18,3.743,0.355
SZ300866,安克创新,66722.0,113.55,114.66,-0.97,66930020178.0,1.12,21.729,5.255,2.067
SZ300827,上能电气,66583.0,23.5,23.74,-1.01,13082252107.0,2.37,27.334,3.05,0.506
SZ002532,天山铝业,66548.0,12.33,12.17,1.31,57072332327.0,1.5,8.258,1.777,5.215
SZ002100,天康生物,66535.0,7.68,7.62,0.79,10485131635.0,1.23,-18.423,1.653,1.016
SZ001914,招商积余,66446.0,9.29,9.28,0.11,9789057481.0,1.09,14.937,0.894,2.799
SZ002647,仁东控股,66370.0,11.2,11.57,-3.2,12742549758.0,2.96,197.554,20.195,
SZ000572,海马汽车,66365.0,4.02,4.0,0.5,6611438433.0,6.96,-38.604,4.379,
SZ002517,恺英网络,66297.0,16.21,15.69,3.31,34631744823.0,2.12,14.539,3.301,0.611
SZ002097,山河智能,66253.0,6.82,6.75,1.04,7328889740.0,1.29,156.202,1.587,0.337
SZ000818,航锦科技,66210.0,11.22,11.14,0.72,7405200438.0,1.64,-63.316,3.38,
SZ002785,万里石,66202.0,34.34,34.41,-0.2,7782120326.0,2.44,-128.542,9.511,
SZ002163,海南发展,66057.0,7.55,7.46,1.21,6379431896.0,2.96,-19.534,11.999,
SZ300409,道氏技术,65992.0,18.23,17.37,4.95,14260398413.0,7.13,25.17,1.765,1.349
SZ002425,凯撒文化,65811.0,3.16,3.01,4.98,3023061609.0,4.47,-6.118,1.223,
SZ300570,太辰光,65742.0,193.4,199.0,-2.81,43926336078.0,7.44,145.489,26.332,0.517
SZ000911,*ST广糖,65700.0,6.06,5.65,7.26,2425938097.0,5.28,-16.68,-29.46,
SZ300252,金信诺,65674.0,11.0,11.15,-1.35,7526353483.0,4.31,220.15,3.041,
SZ000301,东方盛虹,65603.0,13.24,13.5,-1.93,87532731381.0,0.4,20.607,2.311,
SZ300168,万达信息,65578.0,4.93,4.75,3.79,7102298880.0,1.41,-16.778,7.738,
SZ300294,博雅生物,65361.0,14.88,14.66,1.5,7503221221.0,1.26,-122.095,1.008,0.491
SZ300326,ST凯利,65353.0,6.07,6.13,-0.98,4352266980.0,1.17,19.343,1.498,1.647
SZ000506,招金黄金,65343.0,17.06,16.43,3.83,15849043003.0,7.5,46.483,17.571,
SZ002120,韵达股份,65234.0,6.94,6.79,2.21,20120457202.0,1.15,12.26,0.952,2.867
SZ300457,赢合科技,65173.0,22.72,21.9,3.74,14655919241.0,5.09,23.721,2.06,0.37
SZ000070,特发信息,64971.0,15.47,15.96,-3.07,13434038921.0,7.1,-30.592,12.663,
SZ300803,指南针,64924.0,53.28,51.24,3.98,47631109905.0,3.44,226.202,14.893,0.103
SZ002125,湘潭电化,64923.0,12.62,12.25,3.02,7944614372.0,5.72,24.488,2.292,0.911
SZ000937,冀中能源,64862.0,4.54,4.45,2.02,17646532969.0,1.06,33.39,0.921,2.004
SZ002580,圣阳股份,64724.0,20.72,21.36,-3.0,9404165535.0,23.09,56.362,3.848,0.193
SZ002173,创新医疗,64704.0,16.77,17.1,-1.93,7400338583.0,4.59,-96.959,4.483,
SZ000981,山子高科,64556.0,2.68,2.68,0.0,26793221980.0,3.3,31.85,9.277,
SZ002265,建设工业,64503.0,18.81,18.71,0.53,19431490056.0,0.77,77.34,4.939,0.404
SZ000829,天音控股,64436.0,9.51,9.19,3.48,9748705165.0,2.34,171.481,3.328,
SZ300663,科蓝软件,64423.0,7.69,7.29,5.49,3679364636.0,4.41,-7.93,13.395,
SZ300134,大富科技,64392.0,8.12,8.03,1.12,6232083809.0,1.31,-23.391,1.733,
SZ300857,协创数据,64377.0,232.68,234.8,-0.9,113864992147.0,2.79,44.292,18.785,0.103
SZ300328,宜安科技,64364.0,11.6,11.68,-0.68,8008913760.0,2.68,-154.358,7.743,
SZ300607,拓斯达,64327.0,29.03,28.85,0.62,13846509120.0,4.68,92.659,4.675,0.11
SZ002611,东方精工,64296.0,13.66,13.61,0.37,16628125503.0,1.44,3.984,1.755,1.772
SZ300638,广和通,64287.0,18.5,18.44,0.33,16623786314.0,3.09,87.052,2.739,1.265
SZ300598,诚迈科技,64247.0,30.48,29.55,3.15,6613603466.0,3.24,-96.051,4.61,
SZ000528,柳工,64236.0,7.58,7.53,0.66,15483320185.0,0.83,10.733,0.822,4.855
SZ002484,江海股份,64147.0,48.1,49.71,-3.24,40910201562.0,4.56,58.492,6.242,0.534
SZ002311,海大集团,64062.0,42.83,41.96,2.07,70969751021.0,0.42,21.82,2.969,2.9
SZ000816,智慧农业,63987.0,2.88,2.76,4.35,4167398356.0,2.95,-57.432,2.104,
SZ300725,药石科技,63851.0,51.01,51.73,-1.39,11926512464.0,11.57,56.609,2.612,0.743
SZ300516,久之洋,63763.0,33.15,33.37,-0.66,8353800000.0,2.69,293.079,6.393,0.118
SZ002196,方正电机,63721.0,10.06,9.85,2.13,4988471616.0,4.08,94.869,3.468,
SZ002123,梦网科技,63681.0,7.67,7.4,3.65,6177591265.0,2.47,-19.108,4.208,
SZ002565,顺灏股份,63436.0,9.44,9.28,1.72,10006295424.0,25.2,174.414,5.388,
SZ000795,英洛华,63414.0,8.29,8.19,1.22,9253718419.0,0.84,39.391,3.503,2.039
SZ002115,三维通信,63067.0,9.55,9.14,4.49,7688106521.0,5.56,222.254,3.708,
SZ300181,佐力药业,62801.0,13.25,13.12,0.99,9293382189.0,1.52,14.673,2.794,5.23
SZ000767,晋控电力,62662.0,3.36,3.34,0.6,10338525856.0,2.13,59.893,1.708,
SZ002549,凯美特气,62567.0,12.32,12.27,0.41,8566686140.0,1.73,247.371,4.172,0.406
SZ002233,塔牌集团,62466.0,7.23,7.1,1.83,8489108173.0,2.55,20.304,0.725,8.423
SZ300348,长亮科技,62416.0,9.42,9.02,4.43,7652566047.0,2.37,-1546.622,3.626,0.074
SZ000893,亚钾国际,62088.0,37.33,37.62,-0.77,34494830811.0,1.21,15.912,2.361,0.292
SZ300684,中石科技,62065.0,92.98,90.1,3.2,27848367555.0,15.41,78.429,13.444,0.793
SZ002284,亚太股份,62038.0,9.26,9.3,-0.43,6844069222.0,2.66,12.271,1.927,1.08
SZ002514,*ST宝馨,61939.0,2.45,2.44,0.41,1764083947.0,3.96,-8.381,-21.567,
SZ000989,九芝堂,61825.0,8.91,8.7,2.41,7626443327.0,2.76,23.18,2.074,3.333
SZ000532,华金资本,61787.0,12.19,12.01,1.5,4201994665.0,5.88,23.433,2.554,0.82
SZ000966,长源电力,61706.0,4.02,4.05,-0.74,13993760764.0,0.89,1170.437,1.033,
SZ000598,兴蓉环境,61655.0,7.12,7.09,0.42,21244967294.0,0.58,10.357,1.06,3.301
SZ300343,联创股份,61509.0,5.4,5.18,4.25,5769224347.0,2.24,103.534,2.913,
SZ000812,陕西金叶,61508.0,3.71,3.69,0.54,2805988704.0,2.72,-12.211,1.864,
SZ000759,中百集团,61469.0,6.62,6.16,7.47,4342915197.0,22.2,-4.353,8.352,
SZ301269,华大九天,61331.0,92.25,85.45,7.96,50541436278.0,2.48,3932.517,9.718,0.162
SZ002895,川恒股份,61280.0,30.94,30.23,2.35,18745567770.0,1.08,14.595,2.534,5.818
SZ300101,振芯科技,61166.0,13.39,13.42,-0.22,7604257323.0,1.36,-162.425,4.308,
SZ000550,江铃汽车,61112.0,16.95,16.4,3.35,14631477300.0,1.23,12.259,1.223,3.245
SZ300769,德方纳米,61080.0,45.51,42.45,7.21,12751357245.0,15.64,504.649,2.354,
SZ002035,华帝股份,61054.0,4.73,4.7,0.64,4009401613.0,2.37,19.839,1.045,4.144
SZ300185,通裕重工,60870.0,2.82,2.83,-0.35,11382089674.0,2.3,138.486,1.603,0.248
SZ300672,国科微,60845.0,166.3,170.2,-2.29,36104137768.0,3.85,-626.183,9.002,
SZ300484,蓝海华腾,60771.0,12.93,12.79,1.09,2678629227.0,1.66,96.859,3.984,1.237
SZ300432,富临精工,60757.0,13.23,13.04,1.46,22620128002.0,2.92,42.281,4.7,0.756
SZ002563,森马服饰,60718.0,5.62,5.48,2.55,15140786699.0,0.84,14.466,1.321,5.338
SZ000710,贝瑞基因,60661.0,11.3,10.27,10.03,3994792555.0,22.86,-18.707,2.809,
SZ002418,康盛股份,60576.0,4.32,4.31,0.23,4909248000.0,5.47,200.791,3.364,
SZ002595,豪迈科技,60538.0,39.55,38.89,1.7,45878000000.0,0.4,19.689,3.712,1.745
SZ000019,深粮控股,60502.0,7.28,7.07,2.97,8390456649.0,5.49,46.857,1.691,1.648
SZ002539,云图控股,60481.0,11.97,11.79,1.53,14456453431.0,1.34,14.113,1.464,1.671
SZ000025,特力A,60448.0,15.46,15.42,0.26,6664161627.0,1.6,46.428,3.487,0.712
SZ002256,兆新股份,60209.0,3.18,3.15,0.95,6489222878.0,1.85,150.213,4.766,
SZ002736,国信证券,60065.0,9.84,9.7,1.44,100778751710.0,0.2,8.812,1.036,5.589
SZ300002,神州泰岳,60052.0,7.9,7.55,4.64,15540673541.0,1.89,23.059,1.973,0.759
SZ002279,久其软件,60034.0,6.78,6.46,4.95,5845762585.0,4.84,61.384,3.973,
SZ000078,ST海王,59967.0,1.46,1.47,-0.68,3841439955.0,1.83,-4.81,3.754,
SZ002291,遥望科技,59883.0,5.68,5.43,4.6,5269735605.0,5.22,-21.731,1.83,
SZ002383,合众思壮,59803.0,7.82,7.62,2.62,5789617585.0,2.9,-31.369,3.977,
SZ300576,容大感光,59583.0,25.04,25.78,-2.87,10108356860.0,4.54,111.288,5.81,0.256
SZ002584,西陇科学,59523.0,8.75,8.96,-2.34,5120643693.0,13.82,130.493,2.315,
SZ300738,奥飞数据,59496.0,18.19,18.0,1.06,17920871237.0,2.16,74.356,4.886,0.077
SZ002841,视源股份,59476.0,45.96,44.47,3.35,32134613608.0,1.32,15.04,2.24,2.641
SZ002017,东信和平,59464.0,14.03,13.62,3.01,8143459683.0,2.32,48.26,4.468,1.033
SZ002171,楚江新材,59452.0,9.63,9.69,-0.62,15628891707.0,1.8,35.853,1.743,0.831
SZ000921,海信家电,59388.0,26.77,26.52,0.94,37072733548.0,0.68,13.393,2.124,4.725
SZ002191,劲嘉股份,59324.0,3.49,3.46,0.87,4934786131.0,0.6,-11.754,0.792,
SZ002161,远望谷,59277.0,6.13,6.17,-0.65,4534712862.0,4.25,-29.767,3.116,0.228
SZ300487,蓝晓科技,59266.0,65.46,64.77,1.07,33328360630.0,1.14,38.172,7.282,0.445
SZ002302,西部建设,59214.0,4.75,4.68,1.5,5996182944.0,0.42,-7.125,0.773,
SZ300298,三诺生物,59196.0,16.68,16.0,4.25,9288189495.0,1.95,69.662,3.14,
SZ002060,广东建工,59116.0,3.13,3.08,1.62,11751250847.0,1.43,12.504,0.833,4.473
SZ300035,中科电气,58911.0,13.04,12.8,1.88,8937963790.0,5.83,25.936,1.806,1.917
SZ002519,银河电子,58755.0,5.55,5.51,0.73,6251691484.0,3.12,-126.508,2.814,
SZ002553,南方精工,58568.0,16.7,16.33,2.27,5901940971.0,8.87,33.44,3.705,0.599
SZ002693,双成药业,58507.0,9.8,9.1,7.69,4063959550.0,11.7,79.471,9.538,
SZ300131,英唐智控,58502.0,12.83,13.0,-1.31,14562299993.0,3.4,-2017.531,8.566,
SZ000737,北方铜业,58497.0,13.82,13.58,1.77,26323181132.0,3.26,15.488,3.331,1.013
SZ300255,常山药业,58491.0,22.15,21.89,1.19,20357198448.0,1.92,-58.909,17.141,
SZ002234,民和股份,58488.0,7.8,7.8,0.0,2721889654.0,1.59,-18.236,1.625,
SZ000652,泰达股份,58461.0,3.38,3.32,1.81,4932548795.0,0.82,-16.665,0.91,
SZ002661,克明食品,58336.0,7.79,7.58,2.77,2522763004.0,2.49,-46.317,1.192,3.607
SZ000676,智度股份,58333.0,6.75,6.4,5.47,8503577201.0,5.61,42.003,1.973,
SZ300044,*ST赛为,58269.0,5.78,5.77,0.17,4415164138.0,1.67,-3.516,-3.831,
SZ000750,国海证券,58214.0,3.65,3.58,1.96,23309536841.0,0.9,24.53,1.016,1.233
SZ300436,广生堂,58185.0,81.47,79.98,1.86,13689109912.0,2.27,-62.422,14.892,
SZ000951,中国重汽,58114.0,20.36,20.15,1.04,23800737202.0,0.81,12.082,1.438,5.172
SZ300957,贝泰妮,58103.0,33.14,32.6,1.66,14038104000.0,1.4,25.484,2.281,2.396
SZ002378,章源钨业,58052.0,20.86,20.81,0.24,25061572513.0,1.4,29.042,8.689,0.575
SZ000543,皖能电力,57999.0,7.38,7.39,-0.14,16729451383.0,1.18,9.059,0.933,5.136
SZ002467,二六三,57914.0,5.2,5.15,0.97,7151933740.0,8.66,-21.066,4.625,
SZ000736,中交发展,57894.0,5.21,4.74,9.92,3892382669.0,7.59,-7.61,3.173,
SZ000975,山金国际,57805.0,23.86,22.14,7.77,66152504623.0,2.49,17.443,4.155,2.012
SZ000993,闽东电力,57759.0,17.89,17.74,0.85,8192751530.0,15.8,479.017,3.246,1.006
SZ002270,华明装备,57696.0,18.81,17.67,6.45,16858000357.0,3.68,23.059,5.005,3.562
SZ002165,红宝丽,57420.0,7.03,6.98,0.72,5168946954.0,5.75,-332.788,2.592,0.427
SZ001270,铖昌科技,57309.0,87.1,90.33,-3.58,17952607877.0,2.9,131.26,11.348,0.23
SZ300010,ST豆神,57214.0,5.0,5.02,-0.4,10333063295.0,4.68,-178.236,5.874,
SZ002272,川润股份,57135.0,13.6,13.62,-0.15,6594331280.0,4.44,-190.486,4.488,
SZ000503,国新健康,57128.0,8.43,7.89,6.84,8255098339.0,6.78,-20.274,7.386,
SZ300393,中来股份,57077.0,5.83,5.73,1.75,6352527497.0,1.68,-4.103,3.508,
SZ300653,正海生物,56941.0,16.03,15.85,1.14,2885400000.0,1.23,41.485,3.305,1.722
SZ002145,钛能化学,56930.0,4.74,4.67,1.5,18043626147.0,1.69,34.877,1.364,0.823
SZ300353,东土科技,56879.0,16.16,15.85,1.96,9936668957.0,1.92,68.354,4.479,
SZ000685,中山公用,56848.0,10.73,10.64,0.85,15748755025.0,1.07,5.993,0.813,3.588
SZ000603,盛达资源,56759.0,30.52,29.58,3.18,21057864440.0,4.95,24.704,5.607,0.393
SZ000801,四川九洲,56575.0,11.36,11.27,0.8,11545449262.0,0.99,56.628,3.957,0.176
SZ002975,博杰股份,56556.0,94.88,98.02,-3.2,19747444232.0,8.18,66.457,7.994,0.076
SZ002501,*ST利源,56483.0,1.3,1.3,0.0,4615000000.0,0.76,-29.946,32.995,
SZ301171,易点天下,56377.0,33.87,31.02,9.19,20949305999.0,10.95,225.159,5.495,0.08
SZ002244,滨江集团,56354.0,10.15,10.21,-0.59,31581155484.0,2.34,17.407,1.029,0.67
SZ300503,昊志机电,56329.0,58.12,58.25,-0.22,18057229918.0,4.0,62.652,11.292,0.17
SZ002315,焦点科技,56233.0,25.08,24.15,3.85,10362621414.0,3.08,22.092,3.738,4.135
SZ002567,唐人神,56153.0,3.67,3.62,1.38,5259298612.0,0.99,-2.42,1.409,
SZ000665,湖北广电,56093.0,4.25,4.05,4.94,4832885354.0,2.76,-4.397,1.581,
SZ300573,兴齐眼药,56092.0,35.55,35.66,-0.31,12617326866.0,1.61,15.942,5.873,2.796
SZ002180,奔图科技,56062.0,17.06,16.83,1.37,24257254426.0,1.07,-76.004,2.646,
SZ002429,兆驰股份,55946.0,7.61,7.84,-2.93,34450018019.0,1.28,33.349,2.065,1.143
SZ002051,中工国际,55945.0,8.67,8.54,1.52,10633608867.0,1.4,39.754,0.926,1.672
SZ002258,利尔化学,55914.0,13.99,13.72,1.97,11198116820.0,1.73,24.463,1.404,1.43
SZ300378,鼎捷数智,55763.0,38.2,34.88,9.52,10373432973.0,6.81,33.801,4.189,0.325
SZ300147,*ST香雪,55750.0,5.49,5.46,0.55,3630421957.0,1.45,-2.544,-5.775,
SZ002906,华阳集团,55676.0,25.56,25.65,-0.35,13416930688.0,1.34,15.943,1.881,1.956
SZ002528,*ST英飞,55634.0,6.06,6.08,-0.33,7263970997.0,1.72,-18.57,-33.425,
SZ000958,电投产融,55593.0,4.98,4.99,-0.2,91216294266.0,0.17,29.559,1.793,0.643
SZ002838,道恩股份,55507.0,26.23,24.25,8.16,12548390084.0,3.26,36.711,3.272,0.907
SZ300222,科大智能,55393.0,9.35,9.33,0.21,7313768538.0,2.64,74.8,4.011,0.428
SZ000789,万年青,55261.0,4.19,4.17,0.48,3341190701.0,0.8,-55.627,0.53,3.413
SZ002091,江苏国泰,55241.0,7.73,7.64,1.18,12582345897.0,0.9,10.33,0.803,6.08
SZ300213,佳讯飞鸿,55115.0,6.42,6.36,0.94,3815821117.0,2.66,-25.337,1.859,
SZ002208,合肥城建,55065.0,9.6,9.63,-0.31,7711602182.0,2.87,-10.631,1.34,
SZ002771,真视通,55020.0,13.64,13.41,1.72,2861182324.0,3.78,-55.505,4.93,
SZ002408,齐翔腾达,54977.0,5.35,5.29,1.13,15212932136.0,0.8,-31.611,1.362,
SZ300034,钢研高纳,54869.0,15.0,15.06,-0.4,11954423445.0,1.45,94.492,3.096,0.24
SZ300260,新莱应材,54842.0,48.47,49.82,-2.71,19766393269.0,5.2,118.406,9.05,0.103
SZ000403,派林生物,54633.0,9.96,9.84,1.22,9465957965.0,0.98,35.35,1.175,1.486
SZ000793,ST华闻,54530.0,1.95,1.94,0.52,8568183010.0,0.45,-397.382,3.231,
SZ000582,北部湾港,54507.0,8.97,8.97,0.0,22578247786.0,0.0,21.2,1.099,1.761
SZ300161,华中数控,54429.0,25.77,25.5,1.06,5120419268.0,1.19,788.409,3.351,0.078
SZ002365,永安药业,54296.0,13.47,13.12,2.67,3969373275.0,8.22,74.324,1.982,0.728
SZ300465,高伟达,54226.0,11.24,10.84,3.69,4987742773.0,2.45,207.316,7.2,
SZ300773,拉卡拉,54207.0,14.38,14.38,0.0,15635818601.0,0.0,9.71,3.374,3.38
SZ000536,华映科技,54133.0,3.32,3.28,1.22,9183228906.0,1.22,-9.134,17.017,
SZ002902,铭普光磁,54057.0,23.41,24.35,-3.86,5501562141.0,8.59,-28.933,8.989,
SZ002850,科达利,54015.0,155.49,153.9,1.03,44521790202.0,1.9,22.977,2.944,1.554
SZ002170,芭田股份,54011.0,10.83,10.72,1.03,10524926806.0,1.62,9.943,2.741,7.101
SZ300718,长盛轴承,53942.0,49.24,50.2,-1.91,14711879437.0,3.46,57.713,8.205,0.928
SZ002668,TCL智家,53879.0,8.85,8.72,1.49,9594386138.0,1.1,9.629,2.506,2.305
SZ003021,兆威机电,53872.0,69.08,65.81,4.97,18509481716.0,2.15,85.824,3.646,0.556
SZ000690,宝新能源,53837.0,5.59,5.5,1.64,12163213149.0,7.56,11.071,0.936,3.578
SZ002727,一心堂,53757.0,10.99,10.75,2.23,6435789334.0,2.29,23.781,0.864,3.567
SZ002215,诺普信,53737.0,9.41,9.35,0.64,9450075402.0,1.73,12.322,2.062,3.188
SZ002866,传艺科技,53705.0,18.32,18.59,-1.45,5304047730.0,41.53,81.298,2.529,0.328
SZ000936,华西股份,53587.0,5.61,5.53,1.45,4970532296.0,1.74,-17.787,1.013,0.357
SZ002368,太极股份,53579.0,12.42,12.28,1.14,7740532572.0,1.72,-6.928,2.082,
SZ002697,红旗连锁,53526.0,4.84,4.71,2.76,6582400000.0,1.55,14.072,1.341,2.211
SZ002217,ST合力泰,53517.0,1.53,1.54,-0.65,11443480360.0,1.16,821.969,6.122,
SZ002430,杭氧股份,53450.0,24.82,24.62,0.81,24282890013.0,1.31,23.509,2.408,2.015
SZ002559,亚威股份,53428.0,8.3,8.3,0.0,5327468021.0,3.26,66.308,2.193,0.771
SZ300508,维宏股份,53401.0,34.47,34.76,-0.83,3781772295.0,3.26,58.553,4.335,0.464
SZ002094,青岛金王,53374.0,5.03,4.89,2.86,3475214671.0,3.52,-248.549,2.365,
SZ300735,光弘科技,53323.0,16.6,16.85,-1.48,13530169985.0,1.3,55.273,2.437,1.494
SZ000703,恒逸石化,53291.0,16.29,16.29,0.0,66977784289.0,1.27,11.289,2.088,5.267
SZ002605,姚记科技,53281.0,16.73,16.22,3.14,6989708894.0,1.45,16.352,1.858,4.178
SZ000726,鲁泰A,53274.0,5.99,5.92,1.18,4896978386.0,1.02,10.049,0.496,4.174
SZ002701,奥瑞金,53264.0,4.39,4.33,1.39,11237348459.0,1.12,12.967,1.108,2.733
SZ002705,新宝股份,53171.0,11.69,11.59,0.86,9490827868.0,0.96,16.004,1.13,2.541
SZ002446,盛路通信,53077.0,7.55,7.52,0.4,6911388716.0,2.55,142.422,2.835,
SZ002728,特一药业,53033.0,10.24,9.94,3.02,5256292475.0,8.22,70.298,2.954,1.455
SZ300123,ST亚光,53024.0,4.22,4.18,0.96,4312139999.0,1.54,-3.133,28.284,
SZ000520,凤凰航运,52888.0,4.09,4.05,0.99,4139421331.0,2.51,-270.803,9.258,
SZ000505,京粮控股,52758.0,6.7,6.32,6.01,4870566682.0,6.82,-17.647,1.697,
SZ002762,金发拉比,52695.0,9.04,9.02,0.22,3200386000.0,2.18,-19.029,4.912,0.553
SZ300766,每日互动,52645.0,21.02,20.34,3.34,8297639892.0,3.95,-595.678,5.278,
SZ300246,宝莱特,52638.0,15.12,15.27,-0.98,4003201546.0,2.89,-38.043,3.814,0.324
SZ300061,旗天科技,52618.0,6.82,6.61,3.18,4494336877.0,6.4,-46.935,10.404,
SZ002865,钧达股份,52594.0,36.07,35.71,1.01,11227366496.0,3.75,-7.99,2.97,
SZ002064,华峰化学,52563.0,10.2,9.77,4.4,50617947749.0,1.0,17.717,1.759,2.451
SZ003040,楚天龙,52371.0,15.23,14.53,4.82,7023100854.0,10.93,-461.91,5.07,0.066
SZ002083,孚日股份,52329.0,10.19,9.72,4.84,9646251532.0,9.58,16.469,1.995,2.816
SZ002318,久立特材,52281.0,17.78,17.67,0.62,17374095402.0,0.82,16.17,2.165,5.607
SZ002416,爱施德,52196.0,9.21,8.92,3.25,11413785433.0,1.32,57.272,2.162,5.429
SZ002598,ST章鼓,52156.0,6.93,6.89,0.58,2162529057.0,0.64,34.312,1.699,1.443
SZ002178,延华智能,52141.0,5.06,4.89,3.48,3603494185.0,6.04,-461.569,8.45,
SZ000561,烽火电子,52130.0,7.66,7.61,0.66,6618379703.0,1.12,-19.978,2.335,
SZ000620,盈新发展,52125.0,3.01,3.02,-0.33,17674163270.0,4.09,-19.093,4.752,
SZ002847,盐津铺子,52109.0,44.57,44.29,0.63,12042207313.0,0.95,15.034,5.734,3.15
SZ000758,中色股份,52073.0,5.82,5.71,1.93,11580322110.0,1.32,18.096,1.778,0.945
SZ300026,红日药业,51910.0,3.32,3.23,2.79,9973794059.0,1.99,555.517,1.165,0.301
SZ002538,ST司特,51892.0,6.71,6.65,0.9,5727359170.0,0.63,31.772,1.094,1.788
SZ002369,卓翼科技,51848.0,5.54,5.48,1.09,3140937791.0,2.09,-12.786,22.107,
SZ002489,浙江永强,51843.0,2.88,2.84,1.41,6246766981.0,1.18,-120.898,1.468,2.083
SZ002941,新疆交建,51787.0,10.57,10.45,1.15,7713469888.0,1.22,19.292,1.581,2.365
SZ000716,黑芝麻,51737.0,5.12,4.92,4.07,3854766336.0,3.76,-158.648,1.525,
SZ300740,水羊股份,51734.0,22.3,21.98,1.46,9809823052.0,11.08,87.466,3.849,0.395
SZ000558,天府文旅,51726.0,3.56,3.42,4.09,4589637258.0,2.48,-93.131,4.476,
SZ002309,中利集团,51722.0,2.83,2.8,1.07,8511693040.0,2.68,65.894,4.296,
SZ002117,东港股份,51494.0,7.97,7.78,2.44,4174056011.0,1.45,25.412,3.039,3.764
SZ002110,三钢闽光,51341.0,2.92,2.91,0.34,7092902583.0,1.38,-23.465,0.37,0.342
SZ002327,富安娜,51341.0,6.21,6.18,0.49,5178319280.0,1.06,14.945,1.477,6.2
SZ000973,佛塑科技,51338.0,12.23,11.87,3.03,30064235648.0,5.88,31.311,3.172,0.098
SZ002218,拓日新能,51296.0,3.91,3.86,1.3,5506453583.0,2.9,-27.996,1.407,
SZ000537,绿发电力,51060.0,7.38,7.41,-0.4,15171198095.0,0.55,31.883,0.764,1.626
SZ002158,汉钟精机,51016.0,23.45,24.03,-2.41,12539281060.0,1.69,25.498,2.875,1.919
SZ002003,伟星股份,50980.0,11.62,11.45,1.48,13814897768.0,1.0,20.07,3.046,3.442
SZ002237,恒邦股份,50970.0,12.76,12.33,3.49,18246422406.0,2.06,18.36,1.329,1.05
SZ300492,华图山鼎,50954.0,20.43,20.3,0.64,5624500783.0,1.23,93.339,27.456,2.095
SZ300386,飞天诚信,50921.0,11.09,10.6,4.62,4636107960.0,3.39,-76.165,3.31,0.09
SZ002512,ST达华,50917.0,3.77,3.82,-1.31,4156110703.0,1.76,-35.844,12.902,
SZ002932,*ST明德,50828.0,15.32,15.26,0.39,3562221061.0,0.33,-70.087,0.665,
SZ002101,广东鸿图,50819.0,8.57,8.58,-0.12,5680393204.0,0.76,19.723,0.724,2.94
SZ002162,悦心健康,50718.0,4.41,4.23,4.26,4055881256.0,3.99,394.151,4.897,
SZ002063,远光软件,50706.0,5.38,5.24,2.67,10305243755.0,1.46,34.317,2.58,0.595
SZ002376,新北洋,50668.0,6.6,6.42,2.8,5349712771.0,1.49,58.639,1.447,2.97
SZ300369,绿盟科技,50644.0,10.43,8.69,20.02,8454786281.0,13.07,-3042.044,3.327,
SZ002204,大连重工,50628.0,5.41,5.39,0.37,10448711873.0,1.71,16.285,1.302,1.738
SZ000923,河钢资源,50628.0,15.88,15.88,0.0,10365335901.0,2.29,58.879,1.066,3.778
SZ002702,海欣食品,50598.0,6.16,5.92,4.05,3423481600.0,36.76,-79.643,3.388,
SZ002112,三变科技,50487.0,13.8,13.78,0.15,4059011692.0,2.59,517.155,4.667,0.072
SZ300762,上海瀚讯,50437.0,24.04,24.76,-2.91,15634527637.0,3.4,-78.987,5.298,
SZ002529,海源复材,50283.0,6.76,6.86,-1.46,1757600000.0,2.53,-10.37,30.825,
SZ002670,国盛证券,50239.0,11.16,10.85,2.86,21595544727.0,1.4,77.316,1.874,
SZ002426,胜利精密,50201.0,2.51,2.58,-2.71,8540591049.0,3.5,-9.864,5.6,
SZ000852,石化机械,49984.0,5.49,5.45,0.73,5247178047.0,1.57,-222.519,1.667,
SZ000928,中钢国际,49983.0,5.37,5.34,0.56,7704041615.0,0.86,16.784,0.908,3.911
SZ002474,榕基软件,49918.0,6.48,6.25,3.68,4031856000.0,6.22,-61.123,3.099,
SZ002596,海南瑞泽,49710.0,3.26,3.17,2.84,3741112489.0,1.83,-18.363,7.831,
SZ300777,中简科技,49618.0,19.69,19.76,-0.35,8657841404.0,1.9,152.725,1.954,1.158
SZ300709,精研科技,49613.0,32.74,33.26,-1.56,6110717390.0,5.08,-395.105,2.741,0.153
SZ300224,正海磁材,49560.0,11.31,11.41,-0.88,10526221716.0,1.4,31.8,2.064,1.76
SZ300087,ST荃银,49527.0,5.78,5.64,2.48,5475577521.0,1.41,-24.255,3.359,
SZ300302,同有科技,49393.0,24.8,24.97,-0.68,11885742190.0,4.26,53.152,9.247,
SZ002248,华东数控,49294.0,9.09,9.09,0.0,2795135004.0,4.7,84.699,23.332,
SZ000612,焦作万方,49262.0,10.46,10.33,1.26,12470405661.0,2.58,7.064,1.54,3.107
SZ000525,红太阳,49257.0,4.61,4.57,0.88,6006547135.0,2.13,-85.484,2.291,
SZ002184,海得控制,49228.0,9.92,9.84,0.81,3490931030.0,1.98,-47.33,2.722,
SZ002530,金财互联,49194.0,7.08,6.91,2.46,5516723079.0,1.44,73.051,4.071,0.367
SZ002643,万润股份,49177.0,12.2,12.2,0.0,11173980305.0,1.56,45.843,1.574,1.025
SZ300552,万集科技,49121.0,20.19,19.9,1.46,4303157531.0,2.46,-38.122,2.488,
SZ300005,探路者,49105.0,10.66,10.38,2.7,9419199303.0,4.96,85.515,4.387,0.094
SZ002929,润建股份,49092.0,43.81,44.47,-1.48,12546212908.0,3.34,492.566,1.92,0.178
SZ002658,雪迪龙,49057.0,7.19,7.12,0.98,4571121044.0,1.23,31.562,1.757,2.782
SZ300209,行云科技,48885.0,34.46,33.77,2.04,32000800902.0,9.51,-438.094,34.055,
SZ002773,康弘药业,48821.0,20.66,20.35,1.52,19034602474.0,1.71,19.072,2.066,3.388
SZ002646,天佑德酒,48812.0,7.21,7.16,0.7,3434404003.0,2.0,-93.524,1.215,0.069
SZ002461,珠江啤酒,48768.0,8.85,8.65,2.31,19587957048.0,0.38,20.296,1.735,2.147
SZ300355,蒙草生态,48702.0,2.78,2.74,1.46,4459792985.0,0.91,-43.521,1.072,
SZ002214,大立科技,48576.0,16.96,17.08,-0.7,10153319172.0,1.38,-47.076,8.232,
SZ002590,万安科技,48506.0,9.57,9.55,0.21,4967332205.0,1.42,23.002,1.604,0.888
SZ300130,新国都,48492.0,17.87,17.13,4.32,10137748106.0,2.36,21.835,2.242,3.078
SZ300139,晓程科技,48459.0,44.4,41.53,6.91,12165600000.0,18.14,73.872,10.316,0.225
SZ300300,海峡创新,48450.0,10.8,10.45,3.35,7201948270.0,19.52,68.197,28.993,
SZ300333,兆日科技,48323.0,11.89,11.21,6.07,3995040000.0,8.78,136.75,6.498,
SZ002881,美格智能,48249.0,37.05,38.17,-2.93,11204849955.0,5.68,68.123,4.013,0.27
SZ002014,永新股份,48247.0,11.31,11.19,1.07,6927283004.0,0.48,15.783,2.776,4.775
SZ300846,首都在线,48188.0,17.8,17.49,1.77,9000000062.0,5.23,-68.566,11.728,
SZ300602,飞荣达,48175.0,32.65,33.54,-2.65,19147384552.0,4.16,42.448,4.383,0.184
SZ002186,全聚德,48150.0,9.56,9.63,-0.73,2934170381.0,3.56,328.727,3.411,
SZ000533,顺钠股份,48079.0,9.86,9.93,-0.7,6811445760.0,3.5,60.14,6.673,
SZ002587,奥拓电子,48073.0,5.29,5.23,1.15,3462326985.0,2.21,212.94,2.648,1.323
SZ002246,北化股份,48064.0,25.75,24.51,5.06,14137645946.0,5.74,37.05,4.332,0.233
SZ300613,富瀚微,47906.0,75.18,72.39,3.85,17509055873.0,9.5,37.119,5.514,0.105
SZ002286,保龄宝,47891.0,8.48,8.45,0.36,3222208182.0,5.14,22.971,1.386,1.769
SZ000065,北方国际,47856.0,9.66,9.58,0.84,11219531256.0,1.19,15.151,1.008,1.418
SZ002882,金龙羽,47795.0,26.94,26.95,-0.04,11662326000.0,16.43,148.249,5.525,0.371
SZ000931,中关村,47780.0,4.59,4.48,2.46,3456852847.0,1.83,-166.837,2.173,0.436
SZ002449,国星光电,47742.0,6.43,6.45,-0.31,3976808197.0,1.63,-46.033,1.062,
SZ000700,模塑科技,47733.0,11.93,11.84,0.76,10951923591.0,7.0,21.702,2.642,4.107
SZ300469,信息发展,47714.0,50.23,50.67,-0.87,12469036130.0,2.11,-70.667,62.686,
SZ002655,共达电声,47697.0,30.38,31.07,-2.22,11140671431.0,5.98,248.102,12.655,0.099
SZ002239,奥特佳,47625.0,2.5,2.46,1.63,8783737285.0,1.79,38.98,1.392,0.24
SZ300293,蓝英装备,47587.0,13.54,13.55,-0.07,4582451955.0,1.0,-31.568,6.868,
SZ002645,华宏科技,47494.0,16.43,16.78,-2.09,12373768698.0,2.41,26.477,2.852,0.505
SZ300013,新宁物流,47473.0,4.12,4.13,-0.24,2300438643.0,2.93,-243.462,12.033,
SZ002695,煌上煌,47449.0,10.89,10.64,2.35,6093889373.0,2.28,67.013,2.179,0.918
SZ002803,吉宏股份,47426.0,19.61,19.02,3.1,8979748213.0,3.96,28.378,3.171,1.611
SZ000899,赣能股份,47379.0,9.22,9.15,0.77,8995748947.0,0.95,10.811,1.48,6.15
SZ002606,大连电瓷,47366.0,12.26,12.21,0.41,5383037677.0,3.31,16.821,2.628,0.604
SZ002022,科华生物,47336.0,6.2,6.05,2.48,3294662479.0,3.89,-4.69,1.29,
SZ002419,天虹股份,47299.0,4.94,4.9,0.82,5637807466.0,4.27,131.743,1.412,1.417
SZ000995,皇台酒业,47271.0,11.45,11.54,-0.78,2031321600.0,7.71,894.338,13.226,
SZ300100,双林股份,47243.0,20.54,20.78,-1.15,11892597148.0,1.87,38.678,3.577,0.482
SZ300359,全通教育,47218.0,4.2,4.06,3.45,2660000372.0,2.71,-33.875,5.413,
SZ300439,美康生物,47211.0,10.31,10.17,1.38,3957429733.0,1.59,57.927,1.319,0.32
SZ002470,金正大,47165.0,2.02,1.97,2.54,6637776039.0,3.99,-17.287,4.067,
SZ000882,华联股份,47162.0,1.54,1.5,2.67,4215521998.0,2.37,-8.023,0.666,
SZ002330,得利斯,47113.0,4.14,4.06,1.97,2630205301.0,1.36,-175.584,1.146,
SZ002772,众兴菌业,47042.0,10.94,10.66,2.63,4099683311.0,2.82,8.975,1.151,5.484
SZ002698,博实股份,46997.0,11.23,11.05,1.63,11483367240.0,0.96,22.044,2.773,2.226
SZ000639,ST西王,46872.0,1.52,1.53,-0.65,1640730704.0,3.04,-1.637,0.923,
SZ002979,雷赛智能,46710.0,55.58,50.53,9.99,17565397598.0,5.91,58.54,8.581,0.448
SZ002210,飞马国际,46578.0,2.13,2.08,2.4,5668425809.0,2.16,189.242,6.012,
SZ000791,甘肃能源,46458.0,7.21,7.22,-0.14,23388084540.0,0.74,11.319,1.542,3.19
SZ300323,华灿光电,46428.0,9.58,9.96,-3.82,15548328475.0,6.68,-48.495,2.354,
SZ300466,赛摩智能,46401.0,7.26,7.2,0.83,3887947132.0,1.13,-253.883,5.553,
SZ002510,天汽模,46396.0,5.58,5.63,-0.89,5664473991.0,2.14,105.801,2.239,
SZ000868,安凯客车,46353.0,3.96,4.0,-1.0,3720478351.0,4.43,-51.849,4.632,
SZ300520,科大国创,46319.0,22.31,21.61,3.24,6515212012.0,4.41,-28.615,3.964,
SZ000678,襄阳轴承,46273.0,12.62,12.24,3.1,5800300878.0,26.56,-107.003,7.461,
SZ300888,稳健医疗,46239.0,31.36,29.85,5.06,18281968302.0,1.77,23.157,1.565,2.529
SZ000915,华特达因,46181.0,24.22,23.95,1.13,5675508567.0,0.77,13.48,2.17,8.258
SZ300081,ST恒信,46086.0,3.25,3.21,1.25,1965585105.0,0.9,-5.223,2.696,
SZ002274,华昌化工,46058.0,5.91,5.87,0.68,5628475058.0,1.88,-61.074,1.071,1.692
SZ002331,皖通科技,46055.0,7.08,6.79,4.27,3567107500.0,2.45,-10.068,1.958,
SZ300451,创业慧康,46021.0,3.57,3.44,3.78,5530375150.0,2.0,-10.671,1.449,
SZ300184,力源信息,45875.0,10.59,10.68,-0.84,12142932733.0,3.66,32.526,2.607,
SZ300471,厚普股份,45825.0,10.2,10.11,0.89,4795619056.0,2.6,43.305,2.904,
SZ300046,台基股份,45802.0,22.63,22.93,-1.31,5352704926.0,1.83,124.608,4.721,0.663
SZ000595,新能股份,45771.0,5.64,5.68,-0.7,6422021904.0,2.86,-13558.751,12.531,
SZ002448,中原内配,45760.0,10.49,10.62,-1.22,6376972187.0,1.94,12.221,1.568,1.849
SZ300368,汇金股份,45754.0,9.65,8.89,8.55,5104304534.0,12.0,-32.484,148.233,
SZ300303,聚飞光电,45745.0,6.24,6.24,0.0,8840866488.0,2.47,33.213,2.383,1.907
SZ000600,建投能源,45705.0,7.27,7.26,0.14,14789911012.0,1.13,8.412,1.059,3.906
SZ002795,永和智控,45689.0,7.02,7.14,-1.68,3100645738.0,4.28,-80.444,7.038,
SZ002227,*ST特迅,45642.0,6.38,6.4,-0.31,1581003365.0,0.64,-21.336,1.754,
SZ300331,苏大维格,45567.0,39.45,40.88,-3.5,10243677183.0,5.14,17898.471,6.565,
SZ000429,粤高速A,45519.0,13.07,12.72,2.75,27326836067.0,0.87,17.14,2.583,4.621
SZ300263,隆华科技,45518.0,9.16,9.43,-2.86,9358604116.0,4.24,46.792,2.258,0.655
SZ002421,达实智能,45506.0,3.3,3.2,3.13,6997919409.0,7.64,-12.01,2.579,
SZ002769,普路通,45481.0,6.87,6.72,2.23,2564695031.0,2.67,163.922,2.165,0.233
SZ002897,意华股份,45481.0,53.95,55.14,-2.16,10458691755.0,5.98,40.676,3.704,0.927
SZ002370,亚太药业,45407.0,5.21,5.09,2.36,3884927831.0,2.49,-417.549,3.469,
SZ300489,光智科技,45353.0,278.82,263.0,6.02,38799987555.0,11.98,-584.235,49.874,
SZ300226,上海钢联,45291.0,17.66,16.71,5.69,6754344368.0,3.37,30.85,2.94,0.521
SZ003022,联泓新科,45277.0,18.35,18.46,-0.6,24507672800.0,0.63,42.852,3.141,0.381
SZ300256,星星科技,45249.0,2.6,2.55,1.96,5897822804.0,0.94,-109.552,6.557,
SZ000965,天保基建,45179.0,3.44,3.43,0.29,3817818279.0,2.14,-84.873,0.696,0.291
SZ002037,保利联合,45132.0,6.72,6.76,-0.59,3251697564.0,1.19,-3.468,3.334,
SZ000708,中信特钢,45117.0,13.07,13.2,-0.98,65966368862.0,0.2,10.778,1.505,4.943
SZ002757,南兴股份,45104.0,17.93,17.76,0.96,5297524520.0,7.68,38.063,2.59,2.231
SZ002515,金字火腿,45090.0,6.73,6.82,-1.32,8147433324.0,4.32,-1417.886,3.141,0.149
SZ002708,光洋股份,44956.0,15.95,16.26,-1.91,8965462574.0,9.43,85.197,4.945,
SZ002805,丰元股份,44942.0,19.44,17.67,10.02,5444415156.0,11.36,-56.707,5.432,
SZ002614,奥佳华,44886.0,8.52,8.34,2.16,5314258018.0,17.5,-59.926,1.263,1.174
SZ000680,山推股份,44812.0,9.08,8.98,1.11,13621294917.0,0.99,10.32,2.042,2.181
SZ300119,瑞普生物,44620.0,16.81,16.62,1.14,7812526608.0,0.95,22.444,1.66,2.326
SZ002255,海陆重工,44608.0,7.48,7.32,2.19,6214990291.0,1.44,16.081,1.339,1.297
SZ300031,宝通科技,44546.0,20.15,19.54,3.12,8437745904.0,3.4,32.559,2.052,0.496
SZ300248,新开普,44515.0,8.41,8.1,3.83,4006089985.0,2.06,79.102,1.9,0.951
SZ002339,积成电子,44479.0,7.25,7.23,0.28,3654668987.0,3.99,786.624,2.11,0.276
SZ300685,艾德生物,44450.0,20.3,20.84,-2.59,7919134931.0,3.42,23.406,4.181,2.192
SZ300183,东软载波,44412.0,10.62,10.54,0.76,4912909035.0,2.45,-153.234,1.593,0.047
SZ300049,福瑞医科,44412.0,40.49,41.05,-1.36,10688999639.0,4.1,64.355,5.439,0.37
SZ300189,神农种业,44315.0,6.69,6.06,10.4,6850560000.0,34.05,63.42,9.999,
SZ300501,海顺新材,44273.0,11.5,11.48,0.17,3199101004.0,5.06,-48.302,2.495,4.6
SZ002544,普天科技,44234.0,15.03,15.29,-1.7,10228424367.0,2.12,487.157,2.754,0.126
SZ300313,天山生物,44228.0,13.11,12.21,7.37,3143502611.0,17.24,-207.335,82.143,
SZ002551,尚荣医疗,44210.0,3.44,3.38,1.78,2908501348.0,2.72,-19.723,1.184,
SZ002057,中钢天源,44142.0,8.94,8.82,1.36,6739720332.0,1.87,33.822,2.029,1.913
SZ300094,国联水产,44106.0,3.03,2.89,4.84,3418346777.0,6.1,-3.164,34.471,
SZ300747,锐科激光,44031.0,34.47,35.06,-1.68,19358352000.0,2.8,78.142,5.469,0.203
SZ002277,友阿股份,43984.0,4.86,4.79,1.46,6775679808.0,2.08,-21.36,1.047,
SZ002564,天沃科技,43914.0,5.19,5.27,-1.52,4457714236.0,3.79,-205.398,40.77,
SZ300329,海伦钢琴,43899.0,11.45,11.41,0.35,2895576531.0,1.08,-25.24,5.04,
SZ300093,金刚光伏,43880.0,19.51,19.64,-0.66,10788561760.0,1.48,28.864,5.497,
SZ002254,泰和新材,43712.0,11.44,11.48,-0.35,9741482414.0,1.82,133.013,1.38,0.175
SZ300678,中科信息,43669.0,21.42,20.84,2.78,6348594396.0,3.07,392.806,7.523,0.28
SZ002653,海思科,43649.0,61.02,59.41,2.71,69617259130.0,0.68,73.337,11.513,1.291
SZ300173,ST福能,43649.0,3.44,3.36,2.38,2527456401.0,1.48,-14.094,3.278,
SZ002380,科远智慧,43621.0,26.09,25.68,1.6,6261382122.0,3.28,37.912,2.534,0.767
SZ002867,周大生,43612.0,10.32,10.19,1.28,11202090576.0,0.86,11.677,1.801,7.849
SZ000902,新洋丰,43593.0,13.99,13.57,3.1,17553732325.0,0.94,10.823,1.402,2.144
SZ300158,振东制药,43589.0,5.31,5.15,3.11,5269129227.0,1.9,-13.116,1.618,
SZ002859,洁美科技,43536.0,53.93,56.01,-3.71,24464911065.0,3.28,94.425,6.405,0.395
SZ000011,深物业A,43462.0,12.59,12.12,3.88,7503376768.0,21.58,-154.016,2.265,0.159
SZ300287,飞利信,43336.0,3.58,3.44,4.07,5138280233.0,2.67,-34.767,5.351,
SZ300340,科恒股份,43308.0,10.72,9.25,15.89,2953517745.0,23.55,-19.072,56.57,
SZ000838,*ST发展,43289.0,2.42,2.5,-3.2,2663118451.0,3.12,-3.94,-10.637,
SZ300463,迈克生物,43279.0,9.58,9.42,1.7,5792706258.0,1.15,-162.659,0.918,
SZ000524,岭南控股,43195.0,8.89,8.85,0.45,5958154427.0,0.99,77.418,2.6,0.574
SZ002175,*ST东智,43147.0,2.41,2.45,-1.63,3077041552.0,1.21,-90.379,3.948,
SZ300633,开立医疗,43077.0,19.34,18.91,2.27,8216357347.0,1.97,50.092,2.724,0.926
SZ003031,中瓷电子,43063.0,109.99,110.64,-0.59,49611303961.0,2.09,72.933,7.79,0.568
SZ002833,弘亚数控,42982.0,19.37,19.45,-0.41,8311079295.0,1.97,18.764,2.826,4.61
SZ000908,石药景峰,42917.0,6.02,5.89,2.21,10592483186.0,1.51,-249.508,5.069,
SZ300429,强力新材,42902.0,10.14,10.24,-0.98,5669649079.0,3.95,-32.855,2.984,
SZ002471,中超控股,42854.0,5.15,5.1,0.98,7048496000.0,3.65,-167.909,3.904,
SZ002608,江苏国信,42771.0,7.55,7.54,0.13,28524501765.0,0.66,9.714,0.763,2.384
SZ000560,我爱我家,42703.0,3.68,3.65,0.82,8668243132.0,23.18,-159.813,0.926,
SZ300206,理邦仪器,42699.0,11.68,11.44,2.1,6770467881.0,1.17,19.178,3.061,2.663
SZ002915,中欣氟材,42609.0,16.66,16.3,2.21,5585653678.0,2.37,313.172,3.721,
SZ002623,亚玛顿,42586.0,17.37,17.91,-3.02,3353495851.0,3.98,-16.963,1.299,2.303
SZ002201,九鼎新材,42515.0,8.81,8.95,-1.56,5740915283.0,3.71,64.708,4.8,0.284
SZ300479,神思电子,42480.0,14.98,14.54,3.03,2951672158.0,2.39,66.342,5.547,
SZ002275,桂林三金,42394.0,12.35,12.19,1.31,7256472210.0,0.44,17.83,2.223,4.049
SZ002004,华邦健康,42383.0,4.57,4.35,5.06,9048230703.0,2.9,14.048,0.896,7.637
SZ300008,天海防务,42378.0,6.16,6.15,0.16,10644659459.0,2.73,29.947,4.169,0.519
SZ002892,科力尔,42350.0,8.39,8.34,0.6,7083813094.0,1.14,-936.959,3.5,0.226
SZ000156,华数传媒,42312.0,7.24,6.93,4.47,13415230880.0,1.08,31.743,0.895,2.21
SZ300674,宇信科技,42275.0,15.03,14.45,4.01,10581977612.0,3.31,20.32,2.257,1.989
SZ002039,黔源电力,42243.0,20.11,20.01,0.5,8598193914.0,2.05,12.181,1.904,2.437
SZ002520,日发精机,42212.0,6.07,6.13,-0.98,4553988188.0,4.57,72.611,14.641,
SZ000415,渤海租赁,42180.0,4.01,3.98,0.75,24799930341.0,1.22,5.148,0.791,
SZ002067,景兴纸业,42159.0,3.95,3.9,1.28,5825672719.0,2.22,41.721,0.858,0.253
SZ000978,桂林旅游,42153.0,7.14,7.01,1.85,3342448200.0,7.85,364.819,3.099,
SZ002189,中光学,42090.0,18.3,18.43,-0.71,4779946696.0,0.96,-26.955,11.687,
SZ300821,东岳硅材,42062.0,17.15,14.29,20.01,20580000000.0,12.56,56.034,3.854,0.117
SZ000682,东方电子,41811.0,10.76,10.57,1.8,14426222595.0,0.88,14.249,2.308,0.809
SZ000566,海南海药,41763.0,4.71,4.53,3.97,6110589743.0,6.56,-12.631,-46.358,
SZ002029,七匹狼,41747.0,9.92,9.19,7.94,6993833487.0,10.08,48.272,1.049,0.968
SZ000159,国际实业,41743.0,5.49,5.44,0.92,2638966102.0,2.05,92.572,1.282,0.364
SZ300228,富瑞特装,41739.0,6.68,6.62,0.91,3990802667.0,1.95,18.075,1.609,1.796
SZ002500,山西证券,41697.0,5.19,5.12,1.37,18630914329.0,0.67,18.575,0.997,2.505
SZ002263,大东南,41615.0,3.3,3.26,1.23,6198588330.0,3.67,304.246,2.227,
SZ002481,双塔食品,41606.0,4.45,4.35,2.3,5489949425.0,1.16,479.564,2.242,
SZ000822,山东海化,41579.0,4.42,4.39,0.68,3956306313.0,1.33,-2.804,1.109,
SZ002542,*ST中岩,41553.0,1.63,1.6,1.88,2943970283.0,0.7,-3.052,-10.29,
SZ002832,比音勒芬,41403.0,27.74,26.68,3.97,15831414510.0,2.96,25.251,2.919,2.596
SZ002768,国恩股份,41391.0,70.64,68.0,3.88,30841424000.0,4.85,26.813,4.393,0.488
SZ002238,天威视讯,41306.0,7.22,6.9,4.64,5794477135.0,6.17,-27.427,3.007,
SZ301018,申菱环境,41302.0,81.74,84.3,-3.04,30593756650.0,4.27,254.084,11.213,0.219
SZ002664,信质集团,41297.0,14.37,14.12,1.77,5865834000.0,1.12,43.757,1.646,0.418
SZ300276,三丰智能,41261.0,5.94,5.94,0.0,8322195361.0,2.14,-43.248,4.678,
SZ002084,海鸥住工,41250.0,5.58,5.54,0.72,3604992703.0,8.31,-27.308,2.84,
SZ002350,北京科锐,41247.0,13.5,13.29,1.58,7321473239.0,1.48,438.252,4.081,0.237
SZ002685,华东重机,41228.0,5.18,5.16,0.39,5219837520.0,2.43,50.856,3.15,
SZ300288,朗玛信息,41161.0,9.78,9.45,3.49,3305066912.0,1.83,-327.792,3.073,0.102
SZ300042,朗科科技,41124.0,33.34,33.98,-1.88,6681336000.0,5.16,47.695,5.904,0.21
SZ002166,莱茵生物,41063.0,7.3,6.96,4.89,5413748803.0,3.31,33.51,1.739,1.342
SZ002488,金固股份,41014.0,7.32,7.27,0.69,7286613956.0,1.58,131.145,2.093,0.137
SZ002526,山东矿机,40955.0,2.6,2.57,1.17,4635263974.0,1.22,152.361,1.437,0.385
SZ002550,千红制药,40899.0,6.52,6.51,0.15,8344296000.0,1.34,28.423,3.047,2.27
SZ000607,华媒控股,40893.0,4.12,3.93,4.83,4192917449.0,6.45,-13.079,3.499,
SZ000935,四川双马,40886.0,19.5,18.92,3.07,14887086494.0,1.02,104.382,1.922,
SZ300481,濮阳惠成,40858.0,13.31,13.35,-0.3,3884595880.0,2.61,31.605,1.6,3.005
SZ002329,皇氏集团,40857.0,3.85,3.63,6.06,3204755342.0,6.12,-6.686,7.149,
SZ000530,冰山冷热,40821.0,5.33,5.26,1.33,4494322662.0,2.6,146.693,1.423,0.938
SZ300153,科泰电源,40816.0,21.61,22.32,-3.18,6915200000.0,4.61,83.789,7.304,0.324
SZ301165,锐捷网络,40812.0,97.16,97.7,-0.55,108200909029.0,0.89,115.301,20.276,0.386
SZ300311,任子行,40806.0,6.45,5.92,8.95,4344914468.0,20.39,98.035,6.849,
SZ300057,万顺新材,40796.0,6.27,6.14,2.12,6292393073.0,4.47,-85.97,1.113,0.159
SZ002332,仙琚制药,40787.0,8.76,8.64,1.39,8665434626.0,1.88,22.454,1.453,3.402
SZ000058,深赛格,40767.0,7.52,7.4,1.62,9258629053.0,3.14,129.532,4.55,0.319
SZ002925,盈趣科技,40715.0,21.69,21.43,1.21,16737501760.0,2.13,21.536,3.199,1.047
SZ000697,炼石航空,40682.0,9.26,9.4,-1.49,12927777658.0,1.99,-27.622,3.974,
SZ300078,思创智联,40624.0,2.75,2.66,3.38,3074148633.0,2.88,-79.882,6.254,
SZ300627,华测导航,40579.0,26.97,26.43,2.04,21413388754.0,1.4,30.939,4.895,1.654
SZ002864,盘龙药业,40526.0,21.35,20.78,2.74,2918564813.0,2.45,37.17,1.682,1.368
SZ002469,三维化学,40446.0,6.27,6.23,0.64,4068368690.0,1.15,40.031,1.59,3.19
SZ000546,金圆股份,40438.0,4.77,4.34,9.91,3709382210.0,3.59,-8.475,1.013,
SZ300401,花园生物,40418.0,14.65,15.17,-3.43,7981611696.0,6.57,28.999,2.403,0.771
SZ000922,佳电股份,40384.0,12.1,12.07,0.25,10091184426.0,1.08,32.828,2.138,0.76
SZ300673,佩蒂股份,40381.0,14.76,15.35,-3.84,3650234420.0,3.55,59.951,2.166,1.64
SZ002878,元隆雅图,40351.0,13.05,12.51,4.32,3418992037.0,2.76,-119.471,2.705,
SZ002148,北纬科技,40300.0,6.29,6.11,2.95,3514545866.0,2.56,1526.565,2.861,
SZ002726,ST龙大,40264.0,2.16,2.22,-2.7,2940050747.0,3.81,-5.16,4.019,
SZ002987,京北方,40216.0,10.63,10.28,3.4,11060058824.0,1.16,35.983,3.82,1.646
SZ002010,传化智联,40215.0,4.6,4.58,0.44,12714542177.0,0.63,24.034,0.705,2.174
SZ300265,通光线缆,40182.0,11.86,11.89,-0.25,5545751833.0,3.0,-1082.374,2.401,0.169
SZ002630,*ST华西,40165.0,1.67,1.57,6.37,1971936000.0,4.14,-5.184,-17.616,
SZ002386,天原股份,40113.0,5.98,5.91,1.18,7783849497.0,1.34,27.757,0.999,
SZ002725,跃岭股份,40094.0,10.77,10.65,1.13,2757120000.0,1.83,-406.688,2.865,0.167
SZ000862,银星能源,40032.0,5.37,5.45,-1.47,4929416718.0,2.14,-420.552,1.12,
SZ000014,沙河股份,40015.0,11.85,11.5,3.04,2868247754.0,11.57,-17.78,2.081,
SZ002296,辉煌科技,39986.0,9.38,9.31,0.75,3654264340.0,2.85,21.42,1.466,1.386
SZ002616,长青集团,39925.0,4.94,4.93,0.2,4244528858.0,1.36,13.515,1.192,5.061
SZ001208,华菱线缆,39892.0,12.91,13.12,-1.6,8241104077.0,3.02,79.324,2.815,0.503
SZ000919,金陵药业,39876.0,6.67,6.5,2.62,4148236602.0,2.11,74.124,1.102,1.499
SZ000518,四环生物,39828.0,3.6,3.64,-1.1,3706402399.0,2.09,-70.162,12.004,
SZ000797,中国武夷,39763.0,2.67,2.66,0.38,4193913759.0,2.22,-5.255,0.98,
SZ002052,同洲电子,39729.0,8.25,7.81,5.63,6207627476.0,1.78,-623.662,22.136,
SZ002250,联化科技,39708.0,14.6,14.43,1.18,13138148968.0,1.3,25.955,1.899,2.055
SZ002221,东华能源,39698.0,5.68,5.74,-1.05,8952405717.0,1.48,-11.601,0.908,
SZ002154,报喜鸟,39689.0,3.9,3.8,2.63,5691401543.0,2.81,13.058,1.215,4.359
SZ002287,奇正藏药,39683.0,19.56,19.34,1.14,11190632051.0,0.36,16.922,2.195,3.241
SZ003039,顺控发展,39669.0,12.7,12.73,-0.24,7842487871.0,0.9,25.303,2.711,1.819
SZ300205,*ST天喻,39668.0,4.81,4.86,-1.03,2068569360.0,0.62,-3.499,5.352,
SZ000909,*ST数源,39650.0,5.61,5.31,5.65,2455576914.0,1.25,-6.082,4.061,
SZ002172,澳洋健康,39619.0,5.91,5.66,4.42,4525478248.0,25.82,133.494,22.618,
SZ000856,冀东装备,39538.0,9.24,9.03,2.33,2097480000.0,3.57,97.842,4.977,0.433
SZ000859,国风新材,39529.0,8.54,8.63,-1.04,7651637354.0,2.9,-119.167,2.848,
SZ000949,新乡化纤,39509.0,7.04,6.59,6.83,11664575451.0,5.83,24.313,1.665,0.284
SZ002799,环球印务,39504.0,7.27,7.22,0.69,2326690800.0,7.99,-307.892,1.819,
SZ002343,慈文传媒,39463.0,6.08,5.53,9.95,2879976139.0,5.11,-102.026,3.078,
SZ000539,粤电力A,39396.0,5.14,5.2,-1.15,26986459688.0,1.28,1244.374,1.186,0.389
SZ300290,ST荣科,39347.0,6.9,6.51,5.99,4414154726.0,4.85,-25.975,7.338,0.217
SZ300145,南方泵业,39221.0,4.41,4.46,-1.12,8468267379.0,3.64,33.273,2.843,1.134
SZ002869,金溢科技,39207.0,19.45,19.14,1.62,3440996575.0,12.01,-21.947,1.719,
SZ000925,众合科技,39145.0,7.68,7.71,-0.39,5193398868.0,2.68,-438.816,1.606,0.195
SZ002609,捷顺科技,39141.0,8.0,7.81,2.43,5147510728.0,1.47,79.283,2.16,1.063
SZ300415,伊之密,39138.0,18.82,18.75,0.37,8818338421.0,1.03,12.885,2.665,3.135
SZ300233,金城医药,39122.0,13.78,13.5,2.07,5289791809.0,2.95,37.872,1.412,1.074
SZ002560,通达股份,39023.0,6.34,6.4,-0.94,4661622420.0,7.26,37.103,1.74,1.12
SZ002437,誉衡药业,39013.0,3.69,3.53,4.53,8228213385.0,14.83,20.495,3.33,
SZ300351,永贵电器,38979.0,13.28,13.31,-0.23,5164759408.0,2.49,-625.765,2.117,0.309
SZ300152,*ST动力,38973.0,1.57,1.57,0.0,1119096000.0,2.33,-43.17,5.34,
SZ002320,海峡股份,38944.0,6.33,6.28,0.8,14159161271.0,1.09,77.51,3.492,0.632
SZ000727,冠捷科技,38929.0,2.24,2.21,1.36,10146230035.0,1.65,-14.667,6.072,
SZ002599,盛通股份,38907.0,5.58,5.47,2.01,3016630511.0,1.91,-743.642,2.438,0.179
SZ300245,ST天玑,38903.0,5.81,5.69,2.11,1772340320.0,2.53,-55.624,1.573,
SZ002957,科瑞技术,38836.0,32.75,33.57,-2.44,13754425762.0,4.03,44.174,4.16,0.763
SZ000711,京蓝科技,38834.0,4.51,4.52,-0.22,13320272476.0,3.85,-186.909,18.244,
SZ301005,超捷股份,38700.0,55.2,56.46,-2.23,10375690908.0,3.16,1719.47,13.006,0.065
SZ002026,山东威达,38572.0,10.78,10.93,-1.37,4748934302.0,1.93,22.195,1.22,0.649
SZ002401,中远海科,38553.0,12.23,12.0,1.92,4545505021.0,1.0,117.015,2.739,0.229
SZ002059,云南旅游,38510.0,4.28,4.16,2.88,4333221000.0,3.74,-11.646,4.552,
SZ301358,湖南裕能,38447.0,52.32,51.2,2.19,44353320347.0,4.08,11.426,2.177,0.677
SZ002719,ST麦趣,38406.0,6.17,6.22,-0.8,1074440450.0,2.19,-7.124,14.743,
SZ002205,国统股份,38396.0,12.1,12.08,0.17,2248703059.0,6.32,-13.58,11.824,
SZ002006,精工科技,38387.0,13.19,12.99,1.54,6854624811.0,1.27,34.961,2.772,1.516
SZ002945,华林证券,38371.0,14.12,13.66,3.37,38124000000.0,0.5,89.113,5.176,0.404
SZ300770,新媒股份,38356.0,37.22,33.88,9.86,8480152357.0,5.86,13.818,2.286,7.523
SZ300019,硅宝科技,38339.0,15.6,13.73,13.62,6132620520.0,8.94,28.432,2.287,1.923
SZ002490,山东墨龙,38309.0,7.43,7.6,-2.24,6368568032.0,11.85,-2276.719,11.794,
SZ300232,洲明科技,38238.0,5.37,5.31,1.13,5854937694.0,1.46,-227.309,1.263,0.372
SZ002496,辉丰股份,38227.0,2.26,2.29,-1.31,3407152670.0,6.29,-16.445,2.622,
SZ000061,农产品,38145.0,6.17,6.0,2.83,12247210592.0,1.26,28.122,1.417,0.972
SZ300249,依米康,38092.0,11.98,12.09,-0.91,5491939886.0,3.07,149.758,8.463,
SZ000514,渝开发,38073.0,4.52,4.48,0.89,3813844762.0,1.76,-20.042,1.052,0.221
SZ300352,ST信源,38066.0,2.88,2.82,2.13,4175493371.0,2.21,-11.825,4.423,
SZ002686,亿利达,38044.0,6.37,6.26,1.76,3606943277.0,2.21,-437.05,2.235,0.314
SZ300850,新强联,38010.0,30.67,30.05,2.06,12700012559.0,11.9,15.303,1.742,0.962
SZ002374,中锐股份,37991.0,3.4,3.42,-0.58,3689711562.0,2.94,-11.772,7.225,
SZ000030,富奥股份,37963.0,3.94,3.91,0.77,6776054729.0,0.62,11.55,0.812,3.807
SZ002765,蓝黛科技,37808.0,6.7,6.64,0.9,4369258203.0,1.49,63.935,1.679,0.746
SZ300366,ST创意,37807.0,5.4,5.41,-0.18,3280911210.0,1.34,-5.118,3.023,
SZ002243,力合科创,37800.0,7.16,7.01,2.14,8667926208.0,1.18,46.485,1.175,0.698
SZ000913,钱江摩托,37770.0,10.92,10.79,1.2,5748408120.0,0.99,7.105,1.106,5.495
SZ002534,西子洁能,37761.0,17.22,17.36,-0.81,14394803748.0,1.5,60.369,2.63,0.581
SZ300525,博思软件,37738.0,7.81,7.54,3.58,5870273864.0,2.51,35.055,2.442,0.768
SZ002328,新朋股份,37696.0,7.81,7.88,-0.89,6027523700.0,5.84,14.976,1.721,1.665
SZ000593,德龙汇能,37647.0,20.02,20.01,0.05,7179792800.0,2.88,304.315,7.998,
SZ002613,北玻股份,37645.0,3.38,3.32,1.81,3719922179.0,4.08,-387.349,1.68,
SZ300063,天龙集团,37596.0,8.75,8.19,6.84,6637112563.0,7.27,70.526,3.69,
SZ002122,ST汇洲,37570.0,2.88,2.86,0.7,5764321656.0,0.66,-130.224,2.723,
SZ002788,鹭燕医药,37567.0,10.71,10.6,1.04,4161014243.0,3.08,15.448,1.256,3.268
SZ002264,新华都,37527.0,7.4,7.16,3.35,5326603620.0,7.57,32.485,2.539,2.014
SZ000698,ST沈化,37521.0,3.72,3.74,-0.53,3048593549.0,0.45,680.851,2.086,
SZ002213,大为股份,37511.0,25.88,26.07,-0.73,6223519993.0,4.84,314.848,9.462,
SZ000028,国药一致,37509.0,19.96,19.75,1.06,12219942817.0,0.57,11.354,0.647,2.806
SZ300171,东富龙,37502.0,15.96,15.95,0.06,12222615518.0,3.14,46.627,1.533,0.909
SZ002561,徐家汇,37500.0,7.51,7.23,3.87,3122380130.0,2.33,-69.021,1.457,
SZ300775,三角防务,37494.0,18.99,19.37,-1.96,10398050099.0,2.99,65.32,1.772,0.527
SZ002321,华英农业,37486.0,2.09,2.06,1.46,4457740248.0,5.56,-65.024,4.911,
SZ301071,力量钻石,37486.0,56.0,58.24,-3.85,14249216408.0,7.7,82.143,2.677,0.714
SZ300271,华宇软件,37455.0,5.86,5.61,4.46,4757503544.0,2.69,-28.111,1.347,
SZ002571,德力股份,37451.0,10.36,10.2,1.57,4060609252.0,1.38,-14.92,5.424,
SZ003032,传智教育,37377.0,8.96,8.61,4.07,3605929600.0,9.47,-73.851,3.001,
SZ002068,黑猫股份,37375.0,9.28,9.05,2.54,6824003419.0,6.38,-15.005,2.764,
SZ002090,金智科技,37311.0,9.24,9.04,2.21,3701332136.0,2.13,52.533,2.369,0.758
SZ300556,丝路视觉,37214.0,16.25,15.92,2.07,1975438140.0,4.13,96.129,5.039,
SZ300299,富春股份,37165.0,5.44,5.22,4.21,3755232462.0,3.07,-111.152,9.467,
SZ300264,佳创视讯,37158.0,5.91,5.83,1.37,2546367931.0,3.64,-65.791,1970.0,
SZ002589,瑞康医药,37119.0,3.35,3.23,3.72,5040780078.0,6.97,557.607,0.95,0.06
SZ002375,亚厦股份,37114.0,3.92,3.88,1.03,5252786272.0,1.09,15.893,0.637,3.163
SZ000428,华天酒店,37106.0,3.88,3.77,2.92,3953432880.0,2.42,-18.244,3.225,
SZ002290,禾盛新材,36952.0,62.53,63.91,-2.16,15514463995.0,2.32,76.583,14.745,0.336
SZ002363,隆基机械,36904.0,6.93,6.9,0.43,2883575086.0,1.43,37.048,1.332,1.587
SZ000008,神州高铁,36868.0,2.41,2.39,0.84,6546470216.0,0.93,-8.249,3.069,
SZ002562,兄弟科技,36860.0,5.02,4.92,2.03,5736966023.0,2.83,44.613,1.573,1.992
SZ001317,三羊马,36837.0,68.26,66.28,2.99,5840721371.0,15.73,866.38,5.737,
SZ002796,世嘉科技,36806.0,24.38,24.65,-1.1,6152706192.0,3.98,-116.882,7.398,
SZ000731,四川美丰,36752.0,8.21,8.1,1.36,4505860639.0,3.06,-24.569,1.186,
SZ300579,数字认证,36744.0,24.56,22.64,8.48,6631200000.0,3.77,-125.993,8.803,
SZ002207,*ST准油,36718.0,5.41,5.41,0.0,1417719595.0,2.12,-35.389,164.939,
SZ002305,*ST南置,36704.0,2.08,2.07,0.48,3607168802.0,1.04,-4.057,14.325,
SZ002103,广博股份,36691.0,6.81,6.63,2.71,3638398810.0,1.99,26.32,2.804,
SZ300135,宝利国际,36664.0,3.51,3.47,1.15,3234816000.0,1.78,-41.15,3.718,
SZ000601,韶能股份,36631.0,6.08,6.08,0.0,6469636368.0,3.45,36.002,1.525,0.822
SZ000510,新金路,36616.0,15.58,15.98,-2.5,10104309117.0,5.76,-42.565,10.019,
SZ002107,沃华医药,36567.0,7.35,7.16,2.65,4242490560.0,4.94,35.77,6.0,3.578
SZ000798,中水渔业,36369.0,10.26,9.75,5.23,3753710385.0,7.1,37.609,6.877,
SZ300097,智云股份,36340.0,9.35,9.47,-1.27,2769345355.0,5.15,-13.978,14.48,
SZ300284,苏交科,36313.0,5.18,5.11,1.37,6541447869.0,1.06,846.386,0.788,1.834
SZ301293,三博脑科,36279.0,48.44,49.08,-1.3,9978009650.0,3.33,211.237,4.201,
SZ300380,安硕信息,36224.0,27.91,26.74,4.38,4552686205.0,2.56,137.871,4.575,0.305
SZ002827,高争民爆,36218.0,59.59,55.85,6.7,16509171140.0,7.15,102.375,15.486,0.352
SZ300324,旋极信息,36195.0,3.72,3.6,3.33,6426637013.0,4.48,-13.555,2.718,
SZ000880,潍柴重机,36171.0,22.85,23.52,-2.85,10598945994.0,8.34,36.969,4.765,1.002
SZ000609,*ST中迪,36157.0,9.15,9.3,-1.61,2738279526.0,1.17,-6.248,-18.155,
SZ002168,ST惠程,36117.0,3.61,3.52,2.56,2830829758.0,0.87,-40.605,-445.679,
SZ300055,万邦达,36085.0,5.72,5.65,1.24,4786207746.0,1.93,-19.936,0.975,0.262
SZ300446,航天智造,36057.0,12.43,12.37,0.49,10508447680.0,0.69,14.346,1.785,2.574
SZ002443,金洲管道,36042.0,12.44,12.45,-0.08,6475461869.0,6.07,39.088,1.897,0.233
SZ002718,友邦吊顶,36003.0,81.67,82.31,-0.78,10572004194.0,1.38,8036.914,11.509,
SZ002778,中晟高科,35994.0,15.64,15.89,-1.57,1951141612.0,2.04,120.374,6.174,
SZ300137,先河环保,35992.0,9.41,9.72,-3.19,5049238596.0,4.45,-154.226,3.125,0.319
SZ000521,长虹美菱,35947.0,4.33,4.23,2.36,4459569686.0,1.36,87.092,0.759,4.734
SZ000554,泰山石油,35849.0,6.38,6.4,-0.31,3046098577.0,3.38,17.871,2.514,2.288
SZ002303,美盈森,35834.0,6.4,6.38,0.31,9800471584.0,7.62,45.645,2.221,2.266
SZ300505,川金诺,35813.0,18.52,17.99,2.95,5090546526.0,5.34,12.72,1.741,2.16
SZ300020,ST银江,35753.0,3.63,3.63,0.0,2884681046.0,1.41,-1.429,3.378,
SZ000888,峨眉山A,35749.0,9.07,8.93,1.57,4779101835.0,1.25,21.594,1.764,2.536
SZ300149,睿智医药,35735.0,9.47,9.45,0.21,4782215592.0,4.75,-111.309,3.697,
SZ002682,龙洲股份,35706.0,4.96,4.9,1.22,2789348226.0,3.83,-4.615,5.777,
SZ002313,日海智能,35620.0,8.61,8.65,-0.46,3223584000.0,3.98,-18.975,37.451,
SZ000903,ST云动,35610.0,1.9,1.91,-0.52,3648497131.0,0.6,-3.589,7.564,
SZ002689,ST远智,35588.0,2.97,2.95,0.68,3098632853.0,0.39,38.178,2.526,1.684
SZ002533,金杯电工,35521.0,10.96,10.87,0.83,8043994040.0,1.05,12.963,1.803,4.069
SZ002552,宝鼎科技,35413.0,42.03,43.45,-3.27,16307023462.0,3.84,68.451,9.955,
SZ002111,威海广泰,35359.0,9.29,9.14,1.64,4942382673.0,1.45,24.164,1.617,4.166
SZ002745,木林森,35335.0,11.08,11.09,-0.09,16444563701.0,7.09,-16.965,1.364,
SZ002912,中新赛克,35293.0,28.55,25.95,10.02,4874969600.0,15.65,660.193,3.21,1.401
SZ002548,金新农,35188.0,3.94,3.85,2.34,3263004213.0,3.06,-4.962,3.852,
SZ300129,泰胜风能,35183.0,7.27,7.41,-1.89,8061363091.0,3.69,69.52,1.413,0.825
SZ300192,科德教育,35183.0,24.59,24.23,1.49,11331088229.0,13.16,127.179,11.415,0.289
SZ002900,哈三联,35167.0,12.91,12.79,0.94,4084137241.0,7.79,-14.014,2.363,
SZ300919,中伟新材,35119.0,38.43,37.58,2.26,40138836527.0,1.52,18.779,1.709,1.975
SZ002099,海翔药业,35087.0,6.32,6.15,2.76,10230280399.0,2.4,-60.46,2.136,
SZ002454,松芝股份,35071.0,5.51,5.7,-3.33,4843695977.0,6.4,21.048,1.209,4.519
SZ000029,深深房A,35012.0,21.3,21.84,-2.47,21548358000.0,0.71,-1852.546,6.028,0.164
SZ002367,康力电梯,35002.0,6.01,6.01,0.0,4794450191.0,2.47,19.468,1.336,2.496
SZ300337,银邦股份,34998.0,8.89,8.87,0.23,7307124450.0,1.88,81.724,4.051,0.112
SZ300480,光力科技,34931.0,28.48,28.93,-1.56,10543939648.0,4.67,118.112,5.879,
SZ000886,海南高速,34899.0,4.75,4.71,0.85,4696934425.0,1.41,18.641,1.444,
SZ300250,初灵信息,34855.0,14.87,14.35,3.62,3178454753.0,3.7,80.999,5.71,
SZ000719,中原传媒,34812.0,12.61,12.08,4.39,12902599275.0,1.37,9.561,1.068,5.234
SZ002053,云南能投,34794.0,9.73,9.64,0.93,8958697685.0,0.68,38.555,1.177,1.336
SZ002135,东南网架,34785.0,6.02,6.14,-1.95,6715456172.0,1.83,188.999,1.084,0.166
SZ300779,惠城环保,34767.0,50.48,51.89,-2.72,15008382855.0,3.25,483.733,6.815,0.212
SZ301205,联特科技,34739.0,284.0,251.65,12.86,36960612000.0,15.87,475.976,22.585,0.07
SZ300688,创业黑马,34709.0,32.58,32.62,-0.12,5453222937.0,6.08,-113.559,15.471,
SZ001339,智微智能,34672.0,66.25,67.65,-2.07,21665919820.0,3.5,47.337,7.994,0.035
SZ300437,清水源,34619.0,11.03,10.82,1.94,2704590160.0,5.79,-163.182,1.956,
SZ301396,宏景科技,34615.0,144.26,146.86,-1.77,31005017747.0,5.56,300.257,23.589,0.168
SZ002791,坚朗五金,34533.0,15.95,15.79,1.01,5644465957.0,2.23,-42.052,1.06,
SZ002632,道明光学,34517.0,8.69,8.67,0.23,5427766092.0,2.3,27.77,2.504,1.956
SZ002675,东诚药业,34517.0,13.89,12.63,9.98,11453634342.0,5.15,57.064,2.604,0.576
SZ300041,回天新材,34514.0,10.89,10.47,4.01,6092337504.0,5.33,24.87,2.005,1.377
SZ002984,森麒麟,34461.0,13.04,12.92,0.93,13513180798.0,0.71,15.477,0.999,0.383
SZ002939,长城证券,34438.0,7.65,7.55,1.32,30863366213.0,0.52,13.071,0.956,2.562
SZ000153,丰原药业,34426.0,6.16,6.07,1.48,2862462816.0,3.05,30.315,1.323,1.623
SZ002669,康达新材,34415.0,14.21,14.7,-3.33,4311314000.0,14.92,41.88,1.575,0.676
SZ002406,远东传动,34403.0,6.42,6.34,1.26,4688045026.0,1.78,23.203,1.186,4.673
SZ300082,奥克股份,34380.0,8.58,8.58,0.0,5835242556.0,0.0,87.05,2.077,
SZ002576,通达动力,34380.0,14.61,14.67,-0.41,2412111000.0,1.77,29.571,1.848,0.541
SZ300043,星辉娱乐,34356.0,4.34,4.19,3.58,5399821060.0,2.23,22.592,3.124,1.152
SZ002137,实益达,34338.0,7.8,7.78,0.26,4504537861.0,9.7,75.483,2.95,0.641
SZ002713,东易日盛,34294.0,9.43,9.59,-1.67,8971750885.0,2.73,119.96,8.563,
SZ002706,良信股份,34267.0,8.39,8.31,0.96,9423018918.0,1.86,54.539,2.234,2.336
SZ300785,值得买,34218.0,35.74,34.0,5.12,7107086385.0,12.87,85.785,3.675,0.526
SZ300310,宜通世纪,34088.0,4.31,4.18,3.11,3799948269.0,2.28,4383.473,2.05,
SZ002907,华森制药,34040.0,15.44,14.51,6.41,6447687088.0,6.86,86.989,3.71,0.486
SZ003026,中晶科技,34032.0,30.15,30.85,-2.27,5715814388.0,9.64,97.049,8.288,0.451
SZ300268,佳沃食品,33987.0,11.58,11.72,-1.19,2017236000.0,1.72,-169.901,-1.961,
SZ000955,欣龙控股,33983.0,4.14,4.05,2.22,2228955300.0,2.44,-1464.928,3.452,
SZ000892,欢瑞世纪,33924.0,4.85,4.41,9.98,4757755294.0,18.83,-12.212,9.41,
SZ002660,茂硕电源,33913.0,7.84,7.79,0.64,2795947989.0,2.01,-11.544,2.808,
SZ002438,江苏神通,33856.0,13.59,13.7,-0.8,6897434095.0,0.88,24.154,1.83,1.472
SZ000567,海德股份,33849.0,5.94,5.83,1.89,11610277401.0,1.24,7.328,1.671,
SZ300318,博晖创新,33828.0,5.3,5.17,2.51,4329572624.0,1.34,-48.734,3.404,
SZ002931,锋龙股份,33781.0,37.36,37.46,-0.27,8163378780.0,3.35,1523.193,7.996,0.134
SZ000967,盈峰环境,33767.0,7.75,7.7,0.65,26033713363.0,1.2,40.406,1.393,2.297
SZ000968,蓝焰控股,33741.0,7.11,7.16,-0.7,6878943913.0,2.51,23.028,1.075,0.703
SZ300203,聚光科技,33691.0,12.9,13.07,-1.3,5788715040.0,2.25,-21.581,2.243,
SZ002813,路畅科技,33627.0,26.38,26.38,0.0,3165600000.0,0.0,-45.715,15.616,
SZ300687,赛意信息,33598.0,26.6,26.74,-0.52,10863748826.0,5.17,-156.617,3.992,
SZ000498,山东路桥,33574.0,6.33,6.12,3.43,9826962266.0,5.17,5.093,0.545,3.539
SZ300660,江苏雷利,33561.0,23.13,22.99,0.61,13444948853.0,0.77,63.031,3.817,0.666
SZ003009,中天火箭,33558.0,43.14,43.81,-1.53,7105909413.0,1.58,-79.949,3.506,
SZ300159,新研股份,33533.0,2.76,2.74,0.73,9081562046.0,1.54,38.194,3.271,
SZ300086,康芝药业,33531.0,5.49,5.36,2.43,2498633016.0,4.67,-11.965,2.882,
SZ002884,凌霄泵业,33519.0,15.46,15.36,0.65,5529771589.0,0.62,12.763,2.435,6.468
SZ002950,奥美医疗,33452.0,9.01,8.7,3.56,5705721317.0,2.8,23.522,1.545,1.576
SZ002132,恒星科技,33435.0,4.08,4.0,2.0,5718302368.0,2.4,70.163,1.595,1.176
SZ002746,仙坛股份,33417.0,6.28,6.21,1.13,5404183206.0,1.7,18.847,1.171,5.573
SZ002780,三夫户外,33376.0,15.02,15.18,-1.05,2483732929.0,6.64,27.678,2.98,0.466
SZ002347,泰尔股份,33365.0,6.29,6.3,-0.16,3174577316.0,6.92,-33.307,2.909,
SZ001203,大中矿业,33307.0,22.11,22.56,-1.99,33896408418.0,1.23,51.947,4.709,0.896
SZ300452,山河药辅,33299.0,13.55,13.39,1.19,3176883692.0,3.24,17.678,3.162,2.199
SZ300708,聚灿光电,33250.0,9.26,9.06,2.21,8735209909.0,4.73,52.911,2.967,0.324
SZ301047,义翘神州,33238.0,147.12,147.77,-0.44,17895197483.0,8.95,108.296,3.419,1.495
SZ000526,学大教育,33193.0,37.0,35.05,5.56,4508861033.0,3.35,16.953,3.644,
SZ000631,顺发恒能,33177.0,3.03,3.03,0.0,6969000258.0,0.61,350.356,1.261,0.495
SZ301128,强瑞技术,33096.0,96.5,99.78,-3.29,13974915577.0,4.14,80.848,14.561,0.592
SZ300039,上海凯宝,33091.0,5.39,5.17,4.26,5637940000.0,3.88,21.805,1.316,2.412
SZ000686,东北证券,33084.0,7.57,7.44,1.75,17717228567.0,0.68,9.925,0.867,3.303
SZ002577,雷柏科技,33075.0,20.69,20.7,-0.05,5807434720.0,2.73,-1138.801,4.95,
SZ300832,新产业,32982.0,50.5,48.88,3.31,39678798643.0,0.88,23.111,4.424,2.37
SZ300639,凯普生物,32957.0,6.27,6.19,1.29,4053559226.0,2.25,-401.781,1.064,
SZ000409,云鼎科技,32928.0,8.75,8.45,3.55,5929554794.0,1.42,76.355,3.563,
SZ002556,辉隆股份,32916.0,5.28,5.16,2.33,4936487699.0,1.64,25.271,1.378,2.784
SZ002588,史丹利,32885.0,7.62,7.48,1.87,8777416888.0,1.41,9.042,1.126,3.543
SZ000761,本钢板材,32882.0,2.43,2.35,3.4,9983387948.0,0.64,-2.243,1.959,
SZ002855,捷荣技术,32856.0,12.34,12.25,0.73,3040818876.0,3.47,-9.175,16.427,
SZ300358,楚天科技,32850.0,9.47,9.39,0.85,6771926733.0,4.8,16.427,1.215,0.739
SZ300295,*ST三六五,32848.0,11.98,11.81,1.44,2271572294.0,1.29,-56.932,2.096,
SZ001330,博纳影业,32820.0,6.97,6.34,9.94,9580397318.0,20.92,-16.583,2.587,
SZ002829,星网宇达,32791.0,18.72,18.96,-1.27,3890191856.0,3.71,217.006,2.303,
SZ000766,通化金马,32770.0,14.97,14.36,4.25,14468425764.0,1.66,588.456,6.243,
SZ002314,南山控股,32742.0,2.38,2.35,1.28,6444522381.0,2.82,-2.387,1.032,
SZ000688,国城矿业,32664.0,24.9,24.98,-0.32,29508185879.0,1.42,24.541,8.717,0.522
SZ002985,北摩高科,32628.0,25.97,26.26,-1.1,8618237992.0,1.03,39.245,3.136,0.501
SZ002316,亚联发展,32617.0,4.85,4.98,-2.61,1906632000.0,34.15,4400.218,24.657,
SZ300120,经纬辉开,32601.0,7.31,7.32,-0.14,4198819621.0,6.28,-7.782,1.701,
SZ300341,麦克奥迪,32548.0,12.59,12.54,0.4,6514196130.0,1.02,34.217,3.262,0.556
SZ002150,正泰电源,32512.0,19.39,19.61,-1.12,6997246090.0,1.87,27.728,3.229,0.516
SZ002076,星光股份,32493.0,2.12,2.1,0.95,2351343921.0,2.44,-137.357,7.955,
SZ300304,云意电气,32493.0,12.0,12.21,-1.72,10537724616.0,2.41,25.539,3.027,0.658
SZ002379,宏桥控股,32418.0,16.29,16.38,-0.55,212276915511.0,1.66,8.604,3.667,1.535
SZ300314,戴维医疗,32405.0,12.86,12.72,1.1,3703680000.0,4.66,61.559,3.006,0.622
SZ000635,英力特,32396.0,7.8,7.65,1.96,3074242259.0,2.88,-4.768,3.124,
SZ002735,王子新材,32362.0,10.7,10.67,0.28,4015221577.0,6.5,-24.653,2.57,
SZ300051,琏升科技,32336.0,7.69,7.7,-0.13,2860816036.0,3.52,-22.87,27.328,
SZ300641,正丹股份,32317.0,13.28,13.19,0.68,6979235077.0,0.88,21.743,2.192,3.765
SZ000753,漳州发展,32316.0,5.35,5.32,0.56,5304423730.0,3.95,76.311,1.932,0.28
SZ002355,兴民智通,32293.0,4.64,4.57,1.53,3101751840.0,2.0,-9.115,3.877,
SZ002766,索菱股份,32232.0,4.07,3.98,2.26,3499572504.0,2.44,-34.324,3.362,
SZ002219,新里程,32215.0,2.11,2.04,3.43,7283554899.0,2.71,238.522,3.687,
SZ002062,宏润建设,32207.0,9.62,9.2,4.57,11902545952.0,2.69,47.961,2.437,1.008
SZ000927,中国铁物,32204.0,2.5,2.48,0.81,15125884103.0,0.84,28.767,1.55,1.72
SZ002876,三利谱,32202.0,29.84,30.17,-1.09,5188726371.0,2.71,65.338,2.129,0.365
SZ002061,浙江交科,32179.0,3.38,3.36,0.6,8933853713.0,0.97,10.379,0.566,3.284
SZ002667,*ST威领,32173.0,22.19,22.19,0.0,5782525385.0,0.0,-13.286,-109.743,
SZ002969,嘉美包装,32122.0,10.51,10.48,0.29,11545189912.0,1.92,84.127,3.542,0.381
SZ300772,运达股份,32111.0,9.7,9.68,0.21,7632422738.0,3.15,-144.758,1.199,0.619
SZ300191,潜能恒信,32090.0,30.8,31.15,-1.12,9856000000.0,5.04,52.177,8.014,0.162
SZ300648,星云股份,32077.0,36.57,36.66,-0.25,6373470798.0,1.86,-33.031,5.338,
SZ002734,利民股份,32076.0,17.78,17.92,-0.78,8385466079.0,5.74,17.294,2.102,2.531
SZ002012,凯恩股份,31946.0,6.77,6.81,-0.59,3165824432.0,3.32,97.885,2.031,0.31
SZ300231,银信科技,31942.0,8.2,8.06,1.74,3646921718.0,2.48,125.639,2.295,1.829
SZ003005,竞业达,31916.0,15.27,14.78,3.32,3533305312.0,7.92,-75.492,2.02,0.458
SZ300581,晨曦航空,31907.0,9.88,9.91,-0.3,5435082314.0,1.6,-77.763,6.087,
SZ002516,旷达科技,31831.0,5.46,5.44,0.37,8030779204.0,1.22,36.607,2.128,1.465
SZ000420,吉林化纤,31752.0,3.81,3.46,10.12,9368288387.0,9.76,286.412,2.108,
SZ002088,鲁阳节能,31719.0,8.19,8.11,0.99,4172315123.0,0.67,-148.862,1.752,3.663
SZ300201,海伦哲,31699.0,12.16,12.51,-2.8,12269970261.0,2.62,34.77,6.497,0.247
SZ300841,康华生物,31684.0,55.26,54.13,2.09,7180865639.0,2.82,29.128,1.987,0.905
SZ002140,东华科技,31603.0,9.41,9.39,0.21,6662410536.0,0.62,12.327,1.366,2.125
SZ002650,ST加加,31554.0,6.25,6.23,0.32,6919273900.0,0.15,-60.54,3.813,
SZ002628,成都路桥,31554.0,4.93,4.85,1.65,3732505046.0,2.58,-41.992,1.344,
SZ300561,汇金科技,31550.0,14.52,13.75,5.6,4764127797.0,8.25,-200.756,8.141,0.207
SZ002980,华盛昌,31536.0,105.42,104.96,0.44,19862311234.0,9.9,164.47,16.88,
SZ002358,森源电气,31515.0,5.22,5.17,0.97,4853331420.0,1.18,52.92,1.456,0.383
SZ300050,世纪鼎利,31500.0,6.69,6.67,0.3,3645024543.0,3.53,283.933,8.785,
SZ300242,佳云科技,31453.0,3.98,3.84,3.65,2525529792.0,3.57,-127.089,10.742,
SZ002283,天润工业,31423.0,7.71,7.77,-0.77,8785214842.0,2.34,19.91,1.435,3.437
SZ002631,德尔未来,31374.0,12.36,12.53,-1.36,9854416409.0,7.19,-52.931,4.891,
SZ300741,华宝股份,31289.0,23.39,23.6,-0.89,14405433200.0,2.3,79.839,2.112,0.898
SZ000990,诚志股份,31286.0,6.41,6.35,0.94,10905541639.0,1.81,56.588,0.605,
SZ001965,招商公路,31273.0,10.1,10.23,-1.27,68630459419.0,0.27,14.566,0.999,3.693
SZ000755,山西高速,31225.0,4.78,4.75,0.63,7013742737.0,0.32,14.931,1.282,4.184
SZ002452,长高电气,31215.0,11.2,11.38,-1.58,6947776416.0,2.04,8.485,2.233,1.071
SZ000059,华锦股份,31186.0,5.62,5.63,-0.18,8988867058.0,2.39,-21.978,0.891,
SZ002721,金一文化,31153.0,2.63,2.55,3.14,6994165757.0,1.83,77.373,3.245,
SZ002908,德生科技,31059.0,7.29,7.15,1.96,3145139922.0,2.05,-119.811,2.971,0.686
SZ300477,ST合纵,31014.0,2.78,2.77,0.36,2980211950.0,2.71,-3.189,1208.696,
SZ000889,中嘉博创,30990.0,3.66,3.58,2.23,3426825485.0,3.55,28.483,17.207,
SZ000881,中广核技,30958.0,6.51,6.41,1.56,6154722056.0,0.72,-19.93,1.253,
SZ002403,爱仕达,30942.0,10.34,10.09,2.48,3522202907.0,4.99,-11.247,2.689,
SZ000017,深中华A,30931.0,7.79,7.5,3.87,5368750628.0,15.94,161.995,13.624,
SZ002105,信隆健康,30926.0,6.51,6.17,5.51,2384235095.0,8.86,-59.114,2.95,
SZ002040,南京港,30880.0,8.94,8.94,0.0,4345514478.0,3.11,22.044,1.234,1.298
SZ000541,佛山照明,30847.0,4.94,4.91,0.61,7586744456.0,0.35,53.595,1.12,1.012
SZ002164,宁波东力,30833.0,13.58,12.83,5.85,7226918697.0,9.56,33.062,4.69,
SZ300138,晨光生物,30800.0,11.82,11.4,3.68,5710243099.0,2.03,17.177,1.68,2.538
SZ300444,双杰电气,30780.0,8.59,8.5,1.06,6911686573.0,2.65,21.869,3.395,0.698
SZ300580,贝斯特,30729.0,17.18,17.35,-0.98,8629905051.0,2.29,31.297,2.578,0.99
SZ002651,利君股份,30660.0,7.89,7.84,0.64,8153999400.0,1.47,269.437,2.977,1.115
SZ002842,翔鹭钨业,30618.0,30.35,30.29,0.2,10429415546.0,5.5,17.17,4.907,0.432
SZ300211,亿通科技,30560.0,7.35,7.5,-2.0,2233883464.0,5.72,-64.63,5.138,
SZ000048,京基智农,30540.0,18.05,17.82,1.29,9570159638.0,3.19,-17.013,2.749,
SZ002451,摩恩电气,30509.0,7.7,7.74,-0.52,3387499500.0,3.22,318.612,4.396,0.13
SZ300180,华峰超纤,30492.0,4.37,4.3,1.63,7695832877.0,1.57,309.126,1.635,0.114
SZ000430,张家界,30372.0,6.57,6.48,1.39,5319304394.0,2.69,-25.6,2.923,
SZ002574,明牌珠宝,30356.0,5.12,4.97,3.02,2703360000.0,2.05,-8.987,1.003,
SZ300435,中泰股份,30348.0,15.73,15.89,-1.01,6067265490.0,1.51,13.599,1.756,1.589
SZ300455,航天智装,30343.0,16.33,16.43,-0.61,11721150395.0,1.12,-508.538,7.021,
SZ002845,同兴达,30320.0,13.26,13.18,0.61,4343335608.0,2.7,53.459,1.724,0.302
SZ000890,法尔胜,30288.0,7.0,6.93,1.01,2936527776.0,4.05,-36.78,1891.892,
SZ000571,新大洲A,30272.0,6.12,6.15,-0.49,5135469480.0,2.24,-37.102,-422.069,
SZ301488,豪恩汽电,30269.0,86.75,87.52,-0.88,8822868672.0,2.75,149.571,3.67,0.533
SZ000517,荣安地产,30234.0,2.06,2.02,1.98,6558880319.0,1.65,-4.899,1.452,
SZ002226,江南化工,30234.0,5.35,5.29,1.13,14171737274.0,1.98,25.302,1.478,1.645
SZ002946,新乳业,30193.0,15.29,14.83,3.1,13159853360.0,1.41,16.46,3.722,3.015
SZ300403,汉宇集团,30182.0,8.57,8.5,0.82,5167710000.0,1.79,24.85,2.304,2.217
SZ301183,东田微,30137.0,248.12,255.33,-2.82,19868543962.0,6.9,145.172,19.203,0.073
SZ001286,陕西能源,30095.0,9.94,9.66,2.9,37275000000.0,2.22,12.327,1.404,4.125
SZ300096,易联众,30078.0,8.69,8.41,3.33,3736700000.0,1.66,-105.284,11.919,
SZ002136,安纳达,29991.0,12.25,12.2,0.41,2633995000.0,3.4,-148.708,2.329,
SZ000404,长虹华意,29989.0,6.9,6.85,0.73,4802372255.0,0.76,9.839,1.119,4.638
SZ002970,锐明技术,29962.0,41.7,39.98,4.3,7695019970.0,3.17,26.478,3.488,1.424
SZ000910,大亚圣象,29949.0,6.08,6.13,-0.82,3328176800.0,6.12,-15.397,0.524,3.125
SZ002818,富森美,29942.0,11.91,11.41,4.38,8914145975.0,3.48,10.352,1.49,5.961
SZ002995,天地在线,29941.0,17.38,16.55,5.02,3084158862.0,6.45,-32.03,3.851,
SZ300547,川环科技,29934.0,22.09,22.61,-2.3,4791457384.0,2.98,26.543,3.523,1.249
SZ002395,双象股份,29918.0,13.53,13.43,0.74,3628867770.0,3.46,24.377,2.263,1.478
SZ000597,东北制药,29913.0,4.91,4.78,2.72,7006217781.0,2.11,32.624,1.266,1.12
SZ002160,常铝股份,29895.0,3.93,3.89,1.03,4058829986.0,1.11,59.095,1.078,
SZ300155,安居宝,29829.0,4.6,4.52,1.77,2581647622.0,6.89,-43.712,2.199,
SZ002775,文科股份,29781.0,3.43,3.39,1.18,2256103505.0,2.26,-6.95,-96.078,
SZ000715,中兴商业,29767.0,5.5,5.36,2.61,2972390421.0,1.92,26.693,1.468,1.182
SZ300682,朗新科技,29642.0,8.9,8.65,2.89,9596298807.0,1.76,-92.128,1.506,2.135
SZ000920,沃顿科技,29633.0,12.09,12.32,-1.87,5713989317.0,3.43,24.975,2.824,1.894
SZ002324,普利特,29625.0,8.74,8.74,0.0,9721818808.0,3.92,39.864,2.091,0.618
SZ002543,万和电气,29610.0,7.68,7.47,2.81,5710848000.0,3.32,-56.124,1.234,3.112
SZ300541,先进数通,29591.0,9.47,9.15,3.5,4072521339.0,1.98,97.106,2.414,0.739
SZ000563,陕国投A,29588.0,2.94,2.92,0.68,15035072853.0,1.01,10.478,0.795,3.061
SZ002828,贝肯能源,29551.0,10.83,10.92,-0.82,2176695708.0,3.35,-18.759,3.608,
SZ300765,石药创新,29470.0,45.4,45.1,0.67,63768519658.0,0.95,62.347,16.199,
SZ300806,斯迪克,29470.0,44.92,45.19,-0.6,28467237622.0,4.41,350.866,12.02,0.024
SZ300106,西部牧业,29441.0,10.98,10.7,2.62,2320428764.0,5.53,97.586,5.763,
SZ002824,和胜股份,29436.0,22.3,22.9,-2.62,6943565227.0,7.02,34.784,2.956,0.762
SZ002082,ST万邦,29433.0,12.85,11.68,10.02,7860204357.0,3.78,-66.939,3.051,
SZ002494,华斯股份,29410.0,4.95,4.96,-0.2,1867688054.0,10.36,82.547,1.5,
SZ300291,百纳千成,29409.0,5.25,4.84,8.47,4944920668.0,8.63,-4.574,2.444,
SZ300542,新晨科技,29361.0,12.43,11.92,4.28,3711099545.0,2.48,-373.042,6.859,
SZ000036,华联控股,29343.0,4.07,4.01,1.5,5713542211.0,3.6,59.633,1.111,
SZ300160,秀强股份,29332.0,4.45,4.41,0.91,3439610999.0,0.8,28.442,1.302,1.685
SZ300164,通源石油,29315.0,9.0,9.31,-3.33,5296127661.0,14.22,-198.707,3.902,
SZ000828,东莞控股,29194.0,10.05,10.0,0.5,10447145770.0,0.63,12.415,1.007,4.726
SZ002545,东方铁塔,29162.0,14.07,14.0,0.5,17503953508.0,1.37,10.364,1.689,2.843
SZ300729,乐歌股份,29159.0,11.0,10.94,0.55,3757758136.0,0.9,24.747,1.058,2.727
SZ000037,深南电A,29113.0,9.16,9.19,-0.33,5521305379.0,4.28,27.251,3.29,0.349
SZ300016,北陆药业,29093.0,9.16,9.18,-0.22,5328277936.0,4.71,37.386,2.136,0.655
SZ000850,华茂股份,29092.0,4.23,4.03,4.96,3991702988.0,9.47,41.703,0.877,2.293
SZ300634,彩讯股份,29072.0,20.68,19.98,3.5,9331041412.0,3.07,41.657,3.076,0.701
SZ000906,浙商中拓,29058.0,6.17,6.07,1.65,4378621814.0,1.28,16.34,0.893,2.107
SZ300127,银河磁体,29055.0,23.13,22.98,0.65,7474375307.0,1.07,35.451,4.974,1.729
SZ300110,华仁药业,29055.0,3.31,3.15,5.08,3913124970.0,15.24,-8.296,4.516,
SZ300317,珈伟新能,28985.0,4.11,4.07,0.98,3412074345.0,5.29,-19.116,2.41,
SZ002819,东方中科,28970.0,22.77,22.68,0.4,6786987867.0,4.3,-48.651,1.746,0.105
SZ000785,居然智家,28910.0,2.33,2.26,3.1,14509023737.0,1.07,-12.822,0.754,
SZ000863,三湘印象,28894.0,4.37,4.5,-2.89,5159657077.0,1.68,-32.28,1.19,
SZ200725,京东方B,28881.0,4.86,4.8,1.25,180035434391.0,0.42,19.553,1.154,1.317
SZ002839,张家港行,28871.0,4.3,4.33,-0.69,10510683388.0,1.47,5.24,0.546,5.116
SZ300176,鸿特科技,28784.0,4.39,4.41,-0.45,2333082704.0,2.23,178.628,2.454,0.342
SZ002399,海普瑞,28754.0,9.89,9.75,1.44,14511559458.0,0.3,71.514,1.216,1.466
SZ002683,广东宏大,28675.0,28.57,27.84,2.62,21709916250.0,1.15,22.302,3.065,2.254
SZ002434,万里扬,28666.0,6.04,6.14,-1.63,7928104000.0,1.22,233.968,1.354,0.828
SZ002807,江阴银行,28651.0,4.18,4.24,-1.42,11317484040.0,2.39,5.469,0.558,7.177
SZ002535,林州重机,28639.0,2.48,2.45,1.22,1988174024.0,2.39,-12.561,3.754,
SZ002622,皓宸医疗,28534.0,2.52,2.45,2.86,2116800000.0,6.38,-19.297,8.111,
SZ002114,罗平锌电,28524.0,7.21,7.13,1.12,2331679875.0,1.77,-15.377,3.354,
SZ002522,浙江众成,28467.0,5.27,5.27,0.0,4773457369.0,3.42,62.916,2.031,0.38
SZ002066,瑞泰科技,28460.0,19.09,19.42,-1.7,4484374630.0,1.15,-44.275,7.387,
SZ000545,金浦钛业,28435.0,2.23,2.19,1.83,2200637804.0,3.48,-6.819,3.441,
SZ300148,天舟文化,28428.0,3.67,3.46,6.07,3094394789.0,5.51,72.076,2.945,
SZ300486,东杰智能,28419.0,16.99,16.96,0.18,8106760423.0,1.22,314.274,4.762,0.077
SZ002337,赛象科技,28383.0,4.68,4.65,0.65,2754721710.0,1.83,80.477,2.054,0.556
SZ002346,柘中股份,28367.0,17.92,17.7,1.24,7913031455.0,2.02,13.206,2.46,2.651
SZ300571,平治信息,28364.0,26.05,26.07,-0.08,3634712059.0,5.1,-16.298,2.98,
SZ300485,赛升药业,28336.0,8.57,8.38,2.27,4127881048.0,1.75,-23.336,1.285,0.35
SZ300790,宇瞳光学,28326.0,17.3,17.52,-1.26,9002331333.0,4.41,34.515,3.261,0.41
SZ300217,东方电热,28245.0,4.07,4.0,1.75,6015366146.0,1.3,56.805,1.421,0.393
SZ002480,新筑股份,28239.0,6.0,5.45,10.09,4615012020.0,6.4,-22.963,6.196,
SZ000599,青岛双星,28178.0,4.48,4.42,1.36,10945146773.0,1.51,-60.346,1.768,
SZ300172,中电环保,28150.0,4.63,4.63,0.0,3133167300.0,2.18,34.102,1.625,2.16
SZ002486,嘉麟杰,28145.0,2.7,2.68,0.75,2225564370.0,3.46,64.968,2.063,0.444
SZ301089,拓新药业,28132.0,24.58,24.26,1.32,3110463810.0,2.1,-39.204,2.133,
SZ002034,旺能环境,28113.0,14.4,14.04,2.56,7440497323.0,1.34,9.882,0.837,
SZ300428,立中集团,28089.0,18.98,18.84,0.74,13012337876.0,1.05,12.256,1.423,2.055
SZ300422,博世科,28080.0,4.1,4.09,0.24,2845582470.0,1.52,-4.125,2.567,
SZ300416,苏试试验,28050.0,13.39,13.31,0.6,6809455122.0,2.16,25.257,2.413,1.12
SZ001287,中电港,28003.0,21.03,21.63,-2.77,15980699040.0,2.42,25.927,2.748,0.561
SZ000929,兰州黄河,27969.0,9.43,9.4,0.32,1751773380.0,2.3,-16.707,5.158,
SZ000752,*ST西发,27960.0,8.55,8.55,0.0,2255135098.0,0.7,16.086,3.546,
SZ300537,广信材料,27944.0,18.71,19.28,-2.96,3876887013.0,5.06,258.677,4.262,
SZ002211,ST宏达,27901.0,3.72,3.68,1.09,1608809898.0,1.17,-467.643,33.244,
SZ300267,尔康制药,27882.0,3.36,3.23,4.02,6930352363.0,3.26,-18.581,1.723,
SZ001337,四川黄金,27873.0,47.03,43.96,6.98,19752600000.0,3.83,28.636,9.596,1.063
SZ002758,浙农股份,27837.0,8.62,8.48,1.65,4472077541.0,1.38,7.542,0.889,3.654
SZ300737,科顺股份,27818.0,4.74,4.7,0.85,5262626195.0,2.89,-10.22,1.337,1.266
SZ002729,好利科技,27807.0,13.35,13.41,-0.45,2442648432.0,4.01,81.06,4.309,0.21
SZ002755,奥赛康,27806.0,13.34,13.22,0.91,12381659082.0,1.99,62.773,3.84,0.9
SZ300681,英搏尔,27787.0,19.78,20.18,-1.98,6053774625.0,5.96,22.738,1.938,0.313
SZ300527,中船应急,27744.0,7.43,7.42,0.13,7554603864.0,1.29,277.502,2.575,0.067
SZ301536,星宸科技,27683.0,119.25,113.28,5.27,50382729686.0,10.46,47.922,12.956,0.751
SZ002541,鸿路钢构,27683.0,19.06,18.25,4.44,14411553577.0,3.28,18.441,1.321,1.338
SZ002591,恒大高新,27639.0,6.51,6.6,-1.36,1954298641.0,6.62,-130.729,3.056,
SZ000035,中国天楹,27615.0,4.97,4.87,2.05,11868522862.0,1.9,41.456,1.096,0.724
SZ300460,ST惠伦,27612.0,8.62,8.75,-1.49,2420532644.0,2.31,-17.556,5.63,
SZ002620,*ST瑞和,27609.0,5.15,5.17,-0.39,1944094100.0,1.77,-17.984,-19.984,
SZ000705,浙江震元,27519.0,7.22,7.12,1.4,2412370125.0,1.92,-51.36,1.245,
SZ000912,泸天化,27502.0,4.06,3.97,2.27,6366080000.0,3.09,1097.374,1.001,
SZ002966,苏州银行,27494.0,9.43,9.4,0.32,42158342764.0,1.18,7.508,0.796,3.818
SZ300292,吴通控股,27484.0,4.29,4.28,0.23,5756171738.0,3.47,43.695,3.829,
SZ301498,乖宝宠物,27452.0,39.78,39.27,1.3,15930809575.0,2.84,32.795,3.403,1.257
SZ000553,安道麦A,27432.0,5.54,5.47,1.28,12907157184.0,0.25,-24.225,0.732,
SZ000626,远大控股,27427.0,9.03,8.78,2.85,4574840582.0,2.92,87.25,1.948,2.436
SZ300006,莱美药业,27353.0,5.47,5.37,1.86,5775834291.0,2.97,-45.57,3.336,
SZ300307,慈星股份,27337.0,6.83,6.81,0.29,5467782290.0,1.71,33.126,1.627,0.293
SZ002806,华锋股份,27301.0,14.52,14.67,-1.02,3085197824.0,4.05,-70.879,2.778,
SZ002323,*ST雅博,27284.0,1.24,1.2,3.33,2629860376.0,2.32,-12.534,20.195,
SZ300533,冰川网络,27281.0,14.13,13.72,2.99,4638126691.0,2.33,37.103,3.636,5.053
SZ000757,浩物股份,27269.0,4.24,4.24,0.0,2258716243.0,2.63,62.715,1.402,
SZ300603,立昂技术,27247.0,7.79,7.65,1.83,3620778219.0,3.27,-22.541,2.913,
SZ300427,红相股份,27219.0,6.07,6.05,0.33,3086718209.0,5.9,-56.509,2.594,
SZ300569,天能重工,27181.0,5.24,5.18,1.16,5359287222.0,5.02,58.907,1.023,0.344
SZ300792,壹网壹创,27161.0,24.69,23.66,4.35,5867881150.0,4.71,56.888,1.968,0.567
SZ002615,哈尔斯,27154.0,6.39,6.29,1.59,3577196904.0,4.64,129.04,1.496,
SZ300040,九洲集团,27144.0,5.71,5.75,-0.7,3673873590.0,4.13,171.056,1.414,0.35
SZ001280,中国铀业,27122.0,60.96,60.42,0.89,126076363625.0,1.82,67.497,7.281,0.427
SZ002047,宝鹰股份,27107.0,3.21,3.17,1.26,4867158305.0,1.47,75.424,155.825,
SZ300890,翔丰华,27032.0,29.47,29.23,0.82,3524022128.0,18.06,32.622,1.624,0.339
SZ300793,佳禾智能,26995.0,11.45,11.33,1.06,4357262429.0,1.87,-24.487,1.558,
SZ002390,信邦制药,26982.0,3.01,2.94,2.38,5850994123.0,1.16,51.928,0.867,2.924
SZ300404,博济医药,26952.0,14.11,13.92,1.36,5442917515.0,14.42,104.421,5.022,0.092
SZ002054,德美化工,26950.0,7.13,7.07,0.85,3437483173.0,2.08,20.543,1.305,0.982
SZ300809,华辰装备,26940.0,22.57,22.79,-0.97,5722379744.0,2.48,24.802,3.066,0.532
SZ000411,英特集团,26935.0,10.16,10.1,0.59,5738867323.0,0.75,12.812,1.04,3.484
SZ000950,重药控股,26923.0,5.34,5.23,2.1,9146235033.0,1.34,25.484,0.786,1.124
SZ200596,古井贡B,26919.0,54.86,54.56,0.55,28998996000.0,0.11,12.061,0.994,9.169
SZ000820,神雾节能,26906.0,3.61,3.51,2.85,2334064196.0,4.49,-35.966,29.493,
SZ300986,志特新材,26906.0,11.03,10.94,0.82,6350222936.0,3.7,36.852,2.845,0.644
SZ300067,安诺其,26880.0,5.26,5.18,1.54,6072010259.0,3.87,-250.594,2.429,
SZ000045,深纺织A,26831.0,10.94,11.06,-1.08,5541349028.0,1.6,66.0,1.843,0.439
SZ002967,广电计量,26812.0,17.24,17.08,0.94,11027068660.0,1.08,24.558,2.24,1.955
SZ002554,惠博普,26806.0,2.76,2.74,0.73,3681067399.0,1.65,-7.067,1.999,
SZ002928,华夏航空,26794.0,6.24,6.15,1.46,7976227272.0,1.48,19.051,2.049,
SZ002629,仁智股份,26778.0,4.48,4.47,0.22,1908919040.0,3.25,209.432,34.675,
SZ300241,瑞丰光电,26712.0,5.61,5.63,-0.36,4024700332.0,2.76,45.339,1.715,0.535
SZ000576,甘化科工,26708.0,8.02,8.13,-1.35,3500074076.0,2.75,45.123,2.076,
SZ002016,世荣兆业,26665.0,4.79,4.83,-0.83,3875568077.0,1.72,22.014,0.783,0.376
SZ000417,合百集团,26662.0,5.75,5.58,3.05,4484334150.0,3.74,90.18,0.942,1.13
SZ300227,光韵达,26588.0,9.78,9.92,-1.41,5922781604.0,3.95,-22.615,3.661,
SZ002679,福建金森,26584.0,11.9,11.52,3.3,2805496400.0,10.34,186.29,3.761,0.244
SZ002427,尤夫股份,26577.0,4.64,4.57,1.53,4572408085.0,1.29,134.18,4.692,
SZ301666,大普微-UW,26575.0,318.98,320.0,-0.32,139144294513.0,6.97,115.274,38.161,
SZ300107,建新股份,26564.0,7.37,7.28,1.24,4147705315.0,6.23,281.181,2.73,
SZ300141,和顺电气,26536.0,9.99,10.03,-0.4,2575867554.0,2.06,-87.115,4.144,
SZ000570,苏常柴A,26474.0,5.32,5.3,0.38,3754284137.0,1.66,45.53,1.06,0.414
SZ300071,福石控股,26453.0,4.12,3.87,6.46,3971203464.0,6.37,-59.393,24.164,
SZ300590,移为通信,26440.0,11.03,11.02,0.09,5098469014.0,3.7,38.692,2.696,1.995
SZ300510,金冠股份,26436.0,3.53,3.46,2.02,2911158171.0,3.16,-8.176,1.553,
SZ300030,阳普医疗,26404.0,6.91,6.86,0.73,2136484347.0,2.9,71.03,3.281,
SZ300151,昌红科技,26364.0,18.6,19.01,-2.16,9904679137.0,4.8,183.78,6.466,0.43
SZ000701,厦门信达,26363.0,5.19,5.14,0.97,3468545020.0,2.4,7.023,-15.017,
SZ002662,峰璟股份,26342.0,3.15,3.12,0.96,4725000000.0,0.91,28.844,1.074,1.587
SZ300247,融捷健康,26316.0,3.78,3.66,3.28,3039272383.0,2.02,42.511,2.585,
SZ300913,兆龙互连,26286.0,33.36,34.4,-3.02,11435178163.0,3.57,46.182,4.326,0.48
SZ300511,雪榕生物,26265.0,4.97,4.8,3.54,3185009670.0,3.56,21.205,1.948,
SZ300467,迅游科技,26256.0,34.06,32.17,5.88,6921158792.0,2.96,291.441,10.617,
SZ002918,蒙娜丽莎,26249.0,10.64,10.65,-0.09,4349879369.0,4.71,40.495,1.335,0.752
SZ002540,亚太科技,26234.0,5.15,5.1,0.98,6425006419.0,1.0,21.577,1.164,2.33
SZ300360,炬华科技,26209.0,11.2,11.13,0.63,5758895811.0,0.82,14.435,1.378,2.679
SZ300500,启迪设计,26128.0,9.66,9.69,-0.31,1680597235.0,2.4,-20.655,1.66,
SZ300157,新锦动力,26126.0,3.72,3.68,1.09,2857621070.0,3.28,-923.282,-16.467,
SZ000619,海螺新材,26124.0,5.2,5.22,-0.38,2294077921.0,1.73,-25.809,0.93,
SZ300111,向日葵,26118.0,3.41,2.97,14.81,4389388535.0,20.82,-244.644,6.554,
SZ002997,瑞鹄模具,26089.0,25.85,26.01,-0.62,5410956251.0,0.91,13.335,2.041,2.321
SZ301069,凯盛新材,26065.0,15.95,15.72,1.46,7228128953.0,1.34,53.892,3.094,0.627
SZ300622,博士眼镜,26064.0,14.67,14.15,3.67,4679672200.0,3.96,26.648,5.045,2.406
SZ002575,群兴玩具,26010.0,5.07,4.95,2.42,3125655000.0,4.06,-53.95,3.912,
SZ000090,天健集团,25961.0,3.59,3.55,1.13,6708078108.0,1.56,-44.459,0.607,1.003
SZ002732,燕塘乳业,25955.0,14.58,14.35,1.6,2294163000.0,1.66,62.485,1.516,0.412
SZ002086,东方海洋,25863.0,2.08,2.01,3.48,4074608720.0,3.68,-31.363,3.309,
SZ300473,德尔股份,25773.0,35.85,36.85,-2.71,6189946431.0,8.46,35.413,3.171,
SZ000926,福星股份,25754.0,2.16,2.13,1.41,3440803912.0,2.19,-0.593,1.135,
SZ000589,贵州轮胎,25752.0,4.27,4.22,1.18,6637245744.0,1.61,9.093,0.721,3.044
SZ002763,汇洁股份,25750.0,7.6,7.45,2.01,3115422400.0,2.39,42.774,1.94,10.526
SZ000707,双环科技,25748.0,4.69,4.67,0.43,2742323635.0,1.23,-15.482,1.011,
SZ002388,新亚制程,25715.0,9.1,9.1,0.0,4609461402.0,0.0,-113.719,4.929,
SZ002846,英联股份,25643.0,12.39,11.93,3.86,5203721150.0,14.78,122.534,3.631,0.202
SZ300894,火星人,25640.0,9.92,9.85,0.71,4017641773.0,1.57,-13.272,4.483,
SZ001258,立新能源,25603.0,10.08,10.11,-0.3,9408000007.0,3.49,63.077,3.045,0.298
SZ002641,公元股份,25593.0,3.83,3.8,0.79,4707429526.0,0.6,143.927,0.864,0.522
SZ300062,中能电气,25552.0,6.14,6.22,-1.29,3867815452.0,3.28,-45.054,2.522,
SZ300831,ST派瑞,25550.0,12.98,13.14,-1.22,4153600000.0,2.12,80.174,4.291,0.354
SZ300011,鼎汉技术,25545.0,5.87,5.78,1.56,3554610122.0,0.99,-89.834,2.352,
SZ000655,金岭矿业,25511.0,7.68,7.44,3.23,4572212966.0,1.41,19.34,1.292,2.682
SZ000720,新能泰山,25494.0,3.67,3.62,1.38,4611470866.0,2.18,-9.182,2.471,
SZ002072,凯瑞德,25494.0,7.11,7.04,0.99,2614204800.0,2.38,-262.504,11.496,
SZ301013,利和兴,25451.0,31.2,32.18,-3.05,7292783347.0,7.46,-43.813,11.582,
SZ300396,ST迪瑞,25406.0,7.29,7.05,3.4,1987984174.0,1.47,-9.463,1.285,
SZ002644,佛慈制药,25378.0,8.39,8.19,2.44,4284412230.0,1.09,72.813,2.301,0.954
SZ002843,泰嘉股份,25359.0,14.25,14.47,-1.52,3587260259.0,4.55,-72.15,2.661,
SZ300095,华伍股份,25293.0,9.04,8.97,0.78,3565603474.0,4.36,-24.486,2.379,1.305
SZ002993,奥海科技,25268.0,30.82,31.62,-2.53,8507552800.0,2.4,36.674,1.822,3.842
SZ002875,安奈儿,25267.0,12.73,12.69,0.32,2703987193.0,2.12,-35.246,4.53,
SZ002663,普邦股份,25257.0,1.75,1.72,1.74,3015860579.0,2.38,-6.831,1.566,
SZ000523,红棉股份,25238.0,3.65,3.5,4.29,6699459883.0,15.68,54.943,3.358,
SZ002345,潮宏基,25212.0,8.78,8.45,3.91,7801141567.0,2.1,13.271,2.01,6.264
SZ300546,雄帝科技,25195.0,17.43,16.71,4.31,3270734114.0,4.18,287.178,2.907,0.258
SZ300128,锦富技术,25192.0,4.51,4.66,-3.22,5859010508.0,2.33,-17.755,16.258,
SZ300174,元力股份,25151.0,16.8,16.94,-0.83,6118734048.0,3.3,28.881,1.728,1.179
SZ300761,立华股份,25142.0,20.3,19.97,1.65,17180647616.0,0.94,48.116,1.871,1.217
SZ300631,久吾高科,25128.0,21.94,22.16,-0.99,2742860343.0,1.66,37.899,2.011,1.139
SZ300578,会畅科技,25080.0,15.05,14.76,1.96,2983959587.0,2.53,-56.941,2.63,
SZ002593,日上集团,25048.0,4.61,4.54,1.54,3705785514.0,1.74,24.045,1.493,1.085
SZ300586,美联新材,25024.0,8.3,8.55,-2.92,5903098154.0,4.21,-133.884,3.183,
SZ000885,城发环境,24973.0,11.79,11.74,0.43,7570102626.0,0.39,6.216,0.772,3.274
SZ300679,电连技术,24964.0,37.9,38.14,-0.63,16100678000.0,3.64,69.128,3.197,0.62
SZ000056,*ST皇庭,24928.0,2.7,2.77,-2.53,3192826194.0,2.12,-1.134,-1.207,
SZ002392,北京利尔,24900.0,7.27,7.33,-0.82,8654868400.0,0.97,15.25,1.404,0.481
SZ002800,天顺股份,24895.0,14.37,14.43,-0.42,2187876573.0,2.02,-87.16,4.514,
SZ000534,万泽股份,24892.0,20.79,21.22,-2.03,10593513648.0,2.53,52.187,5.665,
SZ300132,诺斯贝尔,24889.0,6.23,6.06,2.81,3218298920.0,2.33,17.668,2.132,
SZ002678,珠江钢琴,24873.0,4.46,4.4,1.36,6058108641.0,0.48,-16.722,2.046,
SZ002935,天奥电子,24851.0,17.14,17.56,-2.39,7230289299.0,2.33,109.968,4.518,0.292
SZ002404,嘉欣丝绸,24831.0,5.87,5.77,1.73,3287502546.0,1.75,19.426,1.685,5.111
SZ002478,常宝股份,24784.0,6.49,6.28,3.34,5846219440.0,2.82,16.162,0.981,3.066
SZ300430,*ST益通,24748.0,4.14,4.08,1.47,1130413735.0,3.96,-1.178,0.862,
SZ300483,首华燃气,24743.0,24.2,24.5,-1.22,9319607308.0,3.15,26.804,2.394,
SZ300953,震裕科技,24740.0,87.39,89.16,-1.99,21423912106.0,3.97,29.554,4.348,0.241
SZ002102,ST能特,24730.0,2.54,2.55,-0.39,6137261398.0,0.34,-461.476,2.081,
SZ002749,国光股份,24668.0,8.65,8.51,1.65,4813478890.0,0.4,18.15,2.536,7.734
SZ300562,乐心股份,24642.0,15.05,14.59,3.15,3294929429.0,11.0,33.033,2.924,1.728
SZ002412,汉森制药,24638.0,9.18,8.98,2.23,4619376000.0,8.08,19.559,1.973,3.268
SZ000790,华神科技,24629.0,4.44,4.39,1.14,2769313976.0,5.64,-10.673,3.835,
SZ300056,中创环保,24614.0,7.36,7.39,-0.41,2837209660.0,3.18,-24.122,62.692,
SZ300540,蜀道装备,24613.0,23.87,24.54,-2.73,5432616982.0,4.13,64.715,4.702,0.209
SZ000813,德展健康,24612.0,3.26,3.19,2.19,6836564060.0,1.34,-18.954,1.493,
SZ300140,节能环境,24605.0,5.39,5.36,0.56,16703971216.0,0.3,18.283,1.156,2.226
SZ300066,三川智慧,24588.0,4.6,4.53,1.55,4784153005.0,1.3,39.14,1.853,1.087
SZ002453,华软科技,24577.0,4.92,4.75,3.58,3996846260.0,6.6,-16.477,5.639,
SZ002206,海利得,24570.0,4.92,4.89,0.61,5717173922.0,0.62,11.13,1.424,4.045
SZ301486,致尚科技,24525.0,222.0,209.86,5.78,28581000168.0,16.4,-374.946,11.044,
SZ300402,宝色股份,24462.0,14.66,14.56,0.69,3617948686.0,1.01,71.916,2.388,0.477
SZ300197,节能铁汉,24432.0,2.01,1.97,2.03,5960249141.0,2.1,-1.912,-3.151,
SZ002672,东江环保,24430.0,3.9,3.83,1.83,4310497628.0,3.31,-3.528,2.041,
SZ300616,尚品宅配,24429.0,10.92,10.89,0.28,2451714502.0,3.3,-6.123,0.907,1.703
SZ000026,飞亚达,24379.0,17.76,17.9,-0.78,7206368764.0,2.39,68.387,2.132,0.676
SZ300279,和晶科技,24358.0,5.68,5.6,1.43,2778085103.0,3.6,75.055,2.641,
SZ300258,精锻科技,24351.0,8.58,8.75,-1.94,5019705345.0,1.94,124.017,1.076,0.513
SZ002730,电光科技,24326.0,19.34,19.75,-2.08,7002624879.0,3.3,119.405,4.295,0.517
SZ002199,东晶电子,24298.0,11.05,11.1,-0.45,2690038111.0,1.69,-77.944,16.026,
SZ002956,西麦食品,24284.0,18.13,17.95,1.0,5666452435.0,1.69,23.765,3.444,2.124
SZ300642,透景生命,24279.0,21.21,19.66,7.88,3441794232.0,21.66,279.704,2.395,0.698
SZ300272,开能健康,24260.0,6.1,6.02,1.33,3729963779.0,2.37,126.402,2.945,1.639
SZ002492,恒基达鑫,24230.0,6.26,6.27,-0.16,2535300000.0,1.83,-17.834,1.618,
SZ002224,三力士,24218.0,3.86,3.74,3.21,3482169011.0,2.14,-285.557,1.085,0.389
SZ301091,深城交,24217.0,19.12,19.4,-1.44,10081593600.0,1.09,92.398,4.159,0.063
SZ002301,齐心集团,24175.0,8.39,8.6,-2.44,6074426558.0,4.21,86.855,1.94,1.311
SZ002479,富春环保,24171.0,6.02,6.01,0.17,5207300000.0,2.56,15.419,1.181,2.492
SZ300545,联得装备,24120.0,24.79,25.18,-1.55,4616620034.0,6.15,50.929,2.102,0.403
SZ300121,阳谷华泰,24094.0,9.79,9.62,1.77,4358894029.0,2.83,33.544,1.225,0.807
SZ301095,广立微,24081.0,63.61,65.0,-2.14,12739880008.0,3.38,118.202,4.057,0.31
SZ002971,和远气体,24077.0,37.78,37.93,-0.4,7956222430.0,5.78,168.763,3.732,0.132
SZ002592,ST八菱,24062.0,6.13,6.14,-0.16,1741417492.0,0.76,14.778,1.761,5.693
SZ300406,九强生物,24030.0,12.14,11.94,1.68,7115746313.0,1.38,31.633,2.069,8.6
SZ000055,方大集团,24017.0,3.9,3.85,1.3,4188109485.0,2.08,-8.757,0.755,
SZ300338,*ST开元,23993.0,2.53,2.48,2.02,1018640471.0,3.22,-7.904,-6.884,
SZ300869,康泰医学,23990.0,11.12,10.76,3.35,4468061447.0,2.34,-49.3,2.703,
SZ300722,新余国科,23990.0,20.58,20.85,-1.29,5695648358.0,0.89,77.123,8.886,0.875
SZ300426,华智数媒,23981.0,8.2,7.79,5.26,3693139042.0,9.86,-12.762,24.005,
SZ300859,西域旅游,23962.0,22.4,21.98,1.91,3472000000.0,2.14,51.717,4.692,1.339
SZ301050,雷电微力,23941.0,26.1,26.3,-0.76,6461816911.0,2.1,-148.961,2.13,0.192
SZ002267,陕天然气,23933.0,7.33,7.36,-0.41,8151513012.0,0.59,17.028,1.189,2.729
SZ300277,汽轮科技,23911.0,13.26,12.95,2.39,20110038522.0,3.94,197.089,2.069,0.513
SZ300534,陇神戎发,23877.0,12.52,12.22,2.45,3797879400.0,11.46,109.908,5.304,0.16
SZ000819,岳阳兴长,23851.0,12.09,12.14,-0.41,4425183082.0,0.86,-528.5,2.131,
SZ300781,因赛集团,23815.0,27.3,25.42,7.4,4481986782.0,6.2,-48.655,8.047,
SZ002278,神开股份,23802.0,8.02,8.01,0.12,3116715670.0,3.52,90.101,2.217,0.748
SZ300488,恒锋工具,23764.0,33.88,34.51,-1.83,6478560602.0,2.93,32.286,2.927,0.871
SZ300470,中密控股,23727.0,27.56,27.25,1.14,5730681352.0,0.72,17.221,1.946,3.628
SZ002058,紫竹高科,23688.0,24.44,22.22,9.99,3505877234.0,2.88,104.124,48.396,
SZ002978,安宁股份,23657.0,25.68,25.37,1.22,12120702121.0,0.82,19.559,1.35,1.168
SZ000679,大连友谊,23621.0,6.71,6.29,6.68,2391444000.0,3.12,-25.432,19.008,
SZ002482,广田集团,23602.0,1.41,1.4,0.71,5288856932.0,2.16,-49.277,12.456,
SZ300025,华星创业,23598.0,5.88,5.8,1.38,2991702381.0,3.36,-21.579,7.266,
SZ300074,华平股份,23592.0,3.84,3.76,2.13,2113499904.0,3.6,-12.076,2.541,
SZ002397,梦洁股份,23568.0,3.65,3.58,1.96,2729402267.0,2.34,47.291,2.181,
SZ300835,龙磁科技,23551.0,179.87,178.18,0.95,21449055020.0,4.25,138.285,15.188,0.108
SZ000504,南华生物,23542.0,11.79,11.45,2.97,3890972325.0,22.42,101.577,14.319,
SZ002779,中坚科技,23511.0,72.57,73.32,-1.02,13410936000.0,1.24,117.747,15.378,0.238
SZ300048,合康新能,23509.0,4.81,4.78,0.63,5446590787.0,0.69,-72.958,3.056,
SZ002096,易普力,23474.0,9.27,9.16,1.2,11498885938.0,0.44,16.163,1.419,2.762
SZ000509,华塑控股,23470.0,3.42,3.4,0.59,3670097938.0,2.52,-143.035,34.686,
SZ002360,ST同德,23453.0,5.22,5.11,2.15,2097261575.0,1.2,-1.819,2.373,
SZ000552,甘肃能化,23410.0,2.59,2.53,2.37,13861210749.0,2.59,89.522,0.836,
SZ002193,ST如意,23385.0,4.47,4.48,-0.22,1169868509.0,1.53,-3.194,5.688,
SZ300021,大禹节水,23322.0,3.87,3.77,2.65,3956562105.0,1.77,112.408,1.482,0.517
SZ300680,隆盛科技,23311.0,19.49,19.34,0.78,5732279677.0,2.73,25.974,2.849,0.79
SZ300788,中信出版,23289.0,31.17,29.08,7.19,5927022723.0,6.71,68.952,2.641,0.937
SZ003007,直真科技,23288.0,38.75,38.77,-0.05,4633509628.0,2.14,131.567,3.055,0.077
SZ300365,恒华科技,23264.0,4.54,4.48,1.34,2723343829.0,2.72,-10.251,1.74,
SZ300585,奥联电子,23259.0,13.86,13.7,1.17,2371599998.0,4.44,-27.438,3.796,
SZ300701,森霸传感,23254.0,9.73,9.63,1.04,2720443072.0,1.65,33.226,2.828,1.768
SZ301078,孩子王,23247.0,6.95,6.85,1.46,8788781905.0,1.9,26.949,1.993,1.065
SZ300234,开尔新材,23173.0,11.35,10.2,11.27,5710991872.0,6.52,-261.375,5.079,
SZ300412,迦南科技,23149.0,4.54,4.53,0.22,2259815132.0,2.04,111.839,2.214,1.278
SZ000548,湖南投资,23135.0,4.67,4.62,1.08,2331337837.0,1.06,81.109,1.131,0.642
SZ002225,濮耐股份,23123.0,3.5,3.44,1.74,4057337015.0,2.41,123.353,0.997,1.4
SZ300531,优博讯,23116.0,16.39,15.32,6.98,5262484236.0,7.09,39.271,3.531,0.482
SZ000573,粤宏远A,23114.0,3.89,3.93,-1.02,2482911550.0,2.74,196.937,1.546,1.285
SZ300908,仲景食品,23083.0,17.96,17.54,2.39,3802132000.0,1.53,19.05,2.16,3.842
SZ300421,力星股份,23059.0,15.82,16.08,-1.62,4651562257.0,3.15,87.977,3.686,0.948
SZ002203,海亮股份,23009.0,16.22,16.82,-3.57,37172270544.0,1.35,42.612,2.201,1.067
SZ301200,大族数控,23003.0,212.39,218.01,-2.58,103860354111.0,0.69,68.426,8.621,0.282
SZ300900,广联航空,22929.0,20.73,21.5,-3.58,6793642524.0,5.69,-48.366,3.496,
SZ002930,宏川智慧,22907.0,9.1,9.05,0.55,4167847466.0,1.18,-10.587,2.123,
SZ300461,田中精机,22902.0,36.48,37.51,-2.75,5747011484.0,8.26,329.053,10.239,
SZ002289,宇顺电子,22895.0,32.55,32.65,-0.31,9122259009.0,1.18,33.748,18.373,
SZ002546,新联电子,22892.0,7.43,7.36,0.95,6196984783.0,1.34,7.349,1.494,1.615
SZ300745,欣锐科技,22884.0,24.94,25.48,-2.12,4204049009.0,3.94,-135.967,1.88,
SZ300975,商络电子,22883.0,21.8,22.26,-2.07,14976722167.0,6.22,20.763,5.284,0.303
SZ300617,安靠智电,22866.0,34.07,34.22,-0.44,5645660112.0,2.48,67.226,1.849,
SZ300629,新劲刚,22863.0,17.41,17.3,0.64,4377281812.0,3.23,42.195,2.476,0.798
SZ000557,西部创业,22841.0,3.68,3.65,0.82,5366819025.0,0.62,74.226,0.84,0.543
SZ002445,中南文化,22835.0,3.2,3.11,2.89,7605144099.0,2.88,171.809,3.322,
SZ002810,山东赫达,22827.0,20.73,20.29,2.17,7218710738.0,1.28,29.883,3.187,1.91
SZ300254,仟源医药,22816.0,9.28,9.18,1.09,2386895465.0,4.93,83.006,5.308,
SZ002005,德豪润达,22799.0,2.62,2.68,-2.24,4591353128.0,1.56,107.924,15.136,
SZ300453,三鑫医疗,22763.0,9.17,9.05,1.33,4787512802.0,1.53,16.981,3.206,3.272
SZ002926,华西证券,22696.0,8.3,8.11,2.34,21787500000.0,0.65,11.29,0.86,2.952
SZ300350,华鹏飞,22695.0,4.89,4.93,-0.81,2748240044.0,6.04,-57.365,3.144,
SZ300619,金银河,22681.0,28.5,28.17,1.17,6502558718.0,16.91,85.124,4.082,0.088
SZ300165,天瑞仪器,22561.0,4.98,4.97,0.2,2467648391.0,3.72,-12.112,2.32,
SZ002442,龙星科技,22554.0,5.4,5.39,0.19,2718248609.0,5.02,101.622,1.455,
SZ002722,物产金轮,22530.0,13.23,13.22,0.08,2941981692.0,1.21,16.628,0.985,1.58
SZ300080,易成新能,22511.0,3.77,3.69,2.17,7062644244.0,1.11,-8.954,1.711,
SZ300022,吉峰科技,22500.0,7.7,7.73,-0.39,3805650926.0,1.58,-127.828,7.415,
SZ300289,利德曼,22500.0,6.12,6.03,1.49,3329350300.0,1.34,-128.79,2.04,
SZ300612,宣亚国际,22499.0,12.53,11.92,5.12,2292814530.0,4.24,-23.642,5.213,
SZ002187,广百股份,22476.0,5.68,5.45,4.22,3981081515.0,1.83,-67.191,0.994,
SZ002021,中捷资源,22472.0,2.61,2.55,2.35,3120195813.0,2.59,-166.082,5.052,
SZ002116,中国海诚,22462.0,7.29,7.15,1.96,4074766335.0,0.63,13.237,1.458,2.51
SZ300349,金卡智能,22431.0,10.06,9.96,1.0,4197165929.0,2.04,19.744,0.938,2.485
SZ000779,甘咨询,22429.0,8.48,8.4,0.95,3941753753.0,4.73,32.797,0.982,0.708
SZ300240,飞力达,22408.0,6.23,6.23,0.0,2314837179.0,1.87,518.472,1.602,0.321
SZ300608,思特奇,22358.0,9.93,9.8,1.33,3455929082.0,3.59,-17.771,2.392,
SZ002909,集泰股份,22262.0,6.8,6.68,1.8,2652000000.0,12.54,-80.134,3.096,
SZ002748,世龙实业,22259.0,12.26,12.45,-1.53,2942400000.0,3.11,25.143,1.998,0.612
SZ002991,甘源食品,22234.0,38.88,38.54,0.88,3624231509.0,1.79,16.943,2.131,4.154
SZ002688,金河生物,22210.0,5.3,5.21,1.73,4438101815.0,1.76,216.153,1.73,1.698
SZ300219,鸿利智汇,22202.0,6.59,6.52,1.07,4665347705.0,2.0,37.779,1.817,1.517
SZ300332,天壕能源,22124.0,4.97,5.02,-1.0,4213119530.0,3.13,-15.193,1.094,
SZ300099,尤洛卡,22108.0,6.19,6.06,2.15,4563671928.0,2.18,26.097,1.973,2.262
SZ002637,赞宇科技,22102.0,10.61,10.35,2.51,4990954610.0,3.66,22.233,1.352,1.084
SZ300584,海辰药业,22102.0,33.52,33.8,-0.83,4022400000.0,11.25,89.455,3.747,0.298
SZ300507,苏奥传感,22078.0,6.29,6.21,1.29,5057174511.0,1.29,53.206,2.341,0.954
SZ000565,渝三峡A,22052.0,6.48,6.41,1.09,2809677586.0,2.32,207.345,2.189,0.231
SZ000637,茂化实华,21992.0,4.26,4.25,0.24,2214669017.0,2.3,-24.116,4.668,
SZ300269,联建光电,21969.0,4.54,4.48,1.34,2483270264.0,4.46,-159.288,32.946,
SZ002144,宏达高科,21960.0,11.05,11.06,-0.09,1953225934.0,2.89,75.66,0.91,0.452
SZ300589,江龙船艇,21879.0,13.13,13.57,-3.24,4958780787.0,8.28,-37.217,7.335,
SZ301080,百普赛斯,21841.0,122.2,123.46,-1.02,20490380888.0,13.36,113.76,7.687,0.489
SZ002873,新天药业,21828.0,8.55,8.47,0.94,2087087541.0,2.14,254.311,1.632,0.339
SZ000608,阳光股份,21827.0,6.8,6.91,-1.59,5099410501.0,3.15,-22.08,2.519,
SZ002394,联发股份,21825.0,10.64,10.3,3.3,3444168000.0,2.35,24.803,0.827,4.699
SZ002911,佛燃能源,21824.0,11.56,11.73,-1.45,15006912595.0,0.84,14.284,3.394,4.498
SZ002319,乐通股份,21816.0,10.14,10.0,1.4,2124051251.0,5.25,-5356.411,11.769,
SZ300753,爱朋医疗,21786.0,20.27,20.25,0.1,2554992960.0,5.01,-175.887,3.886,
SZ300528,幸福蓝海,21758.0,13.5,12.71,6.22,5030208729.0,4.27,-25.279,14.699,
SZ300215,电科院,21749.0,6.59,6.57,0.3,4936530692.0,1.85,82.794,2.454,0.091
SZ300712,永福股份,21704.0,19.45,20.04,-2.94,3647770381.0,1.08,-107.349,2.935,0.252
SZ300420,五洋自控,21703.0,6.73,6.96,-3.3,7513261366.0,5.08,361.816,3.158,0.149
SZ300596,利安隆,21687.0,40.63,39.76,2.19,9329447070.0,1.28,16.882,1.871,1.108
SZ300198,*ST纳川,21665.0,2.38,2.34,1.71,2455085525.0,1.23,-8.744,5.651,
SZ002042,华孚时尚,21660.0,3.65,3.58,1.96,6207486946.0,1.64,29.593,1.019,0.301
SZ300004,南风股份,21593.0,7.53,7.53,0.0,3614351793.0,2.68,20720.173,2.042,
SZ002977,*ST天箭,21580.0,18.17,18.66,-2.63,2182580400.0,2.12,-9.87,2.584,
SZ300175,朗源股份,21548.0,5.43,5.4,0.56,2556444000.0,1.31,-110.089,5.213,
SZ003000,劲仔食品,21520.0,9.65,9.66,-0.1,4253673477.0,0.99,17.936,3.151,4.155
SZ003010,若羽臣,21511.0,25.97,26.78,-3.02,8078214592.0,5.29,27.895,10.16,1.136
SZ002381,双箭股份,21505.0,5.65,5.62,0.53,2325415248.0,1.65,59.981,1.098,1.77
SZ002952,亚世光电,21454.0,18.74,18.76,-0.11,3079731600.0,2.21,155.133,3.5,0.267
SZ002905,金逸影视,21450.0,9.05,8.72,3.78,3405696000.0,2.08,-60.648,102.608,
SZ300554,三超新材,21437.0,21.58,21.68,-0.46,2464685832.0,5.49,-15.836,5.034,
SZ300990,同飞股份,21427.0,92.97,94.47,-1.59,15918006372.0,7.89,62.188,7.268,0.322
SZ000953,中哲精化,21367.0,5.95,5.94,0.17,2178427060.0,1.86,626.152,14.09,
SZ300696,爱乐达,21351.0,19.78,19.4,1.96,5820244884.0,1.88,182.229,3.081,0.344
SZ200869,张裕B,21335.0,8.21,8.21,0.0,5281329851.0,0.24,171.973,0.448,3.569
SZ300410,正业科技,21265.0,8.26,8.45,-2.25,3032368223.0,6.26,72.167,10.659,
SZ002913,奥士康,21244.0,89.58,90.77,-1.31,28429153948.0,5.65,146.0,6.461,0.332
SZ300702,天宇股份,21233.0,22.18,22.28,-0.45,7718133387.0,1.42,85.243,2.166,0.225
SZ002109,ST兴化,21188.0,2.85,2.86,-0.35,3637369075.0,0.45,-10.376,0.933,
SZ300820,英杰电气,21157.0,59.8,61.58,-2.89,13287807452.0,5.9,66.45,5.164,0.666
SZ000632,ST三木,21144.0,3.61,3.65,-1.1,1680525648.0,2.33,-1.023,-2.302,
SZ002476,新叶股份,21142.0,4.85,4.83,0.41,2968200000.0,1.22,83.514,3.052,
SZ002521,齐峰新材,21129.0,6.3,6.19,1.78,3528384615.0,0.93,20.604,0.897,4.286
SZ300335,迪森股份,21118.0,5.56,5.62,-1.07,2652188877.0,3.41,65.779,1.386,2.158
SZ002228,合兴包装,21084.0,3.26,3.22,1.24,3955637151.0,1.97,47.542,1.328,4.693
SZ002700,万憬能源,21073.0,6.42,6.48,-0.93,2655492948.0,1.43,33.896,1.869,0.389
SZ000691,亚太实业,21025.0,8.73,8.51,2.59,4233220650.0,2.49,-306.272,9.418,
SZ001289,龙源电力,21022.0,15.03,14.96,0.47,125648036945.0,0.06,35.452,1.63,0.419
SZ003015,日久光电,21015.0,11.96,11.87,0.76,3361557337.0,1.83,35.875,2.959,1.647
SZ300091,*ST金灵,20929.0,2.35,2.36,-0.42,6678805907.0,0.28,-3.301,5.137,
SZ300399,天利科技,20927.0,19.53,18.67,4.61,3859128000.0,2.69,2985.87,7.613,0.256
SZ300235,方直科技,20922.0,12.04,12.03,0.08,3031029485.0,3.25,141.858,4.287,0.208
SZ002820,桂发祥,20901.0,10.04,9.95,0.9,2016717682.0,4.1,-73.25,2.424,1.454
SZ300872,天阳科技,20898.0,16.16,14.38,12.38,7888036701.0,8.48,-61.072,2.206,
SZ300411,金盾股份,20888.0,8.37,8.22,1.82,3402572459.0,2.34,19879.688,3.524,
SZ000952,广济药业,20875.0,6.69,6.53,2.45,2301359592.0,2.34,-5.948,3.851,
SZ300730,科创信息,20863.0,11.32,11.12,1.8,2729692880.0,3.0,-22.132,20.338,
SZ003029,吉大正元,20862.0,17.92,17.0,5.41,3469674468.0,4.51,-32.618,3.46,
SZ300727,润禾材料,20841.0,29.65,30.81,-3.77,5341042837.0,3.76,52.059,3.948,1.012
SZ001314,亿道信息,20820.0,47.21,47.35,-0.3,6731862740.0,3.3,26.963,2.998,0.377
SZ300856,科思股份,20803.0,10.65,10.43,2.11,5066069532.0,1.08,50.051,1.909,0.657
SZ002344,海宁皮城,20774.0,4.03,3.98,1.26,5168946349.0,1.02,62.205,0.608,0.993
SZ002840,华统股份,20774.0,7.95,7.91,0.51,6377222824.0,1.53,-9.26,1.898,
SZ300187,永清环保,20774.0,4.56,4.51,1.11,2944037072.0,1.53,23.019,2.491,2.346
SZ300374,中铁装配,20765.0,10.17,10.18,-0.1,2500928467.0,2.01,-18.865,3.599,
SZ300237,ST美晨,20727.0,2.33,2.36,-1.27,3359661787.0,1.34,-9.732,170.073,
SZ000068,华控赛格,20696.0,3.4,3.4,0.0,3422682978.0,2.57,-61.05,6.092,
SZ301368,丰立智能,20693.0,36.97,37.0,-0.08,5218300564.0,1.21,-134.257,3.154,
SZ002322,理工能科,20681.0,11.95,11.85,0.84,4368059242.0,1.99,19.387,1.547,5.364
SZ300210,森远股份,20662.0,7.21,7.32,-1.5,3491225861.0,1.94,-62.279,9.779,
SZ300190,维尔利,20662.0,3.72,3.73,-0.27,3526891266.0,1.27,-12.57,1.125,
SZ001298,好上好,20660.0,16.18,16.17,0.06,6998076957.0,1.87,37.244,4.011,0.297
SZ002420,毅昌科技,20660.0,6.02,6.09,-1.15,2473864820.0,2.48,12.436,2.967,
SZ002462,嘉事堂,20645.0,12.38,12.14,1.98,3611334146.0,1.13,39.74,0.814,0.929
SZ003023,彩虹集团,20638.0,26.99,25.87,4.33,2843169784.0,2.93,99.841,1.829,1.297
SZ002694,*ST顾地,20638.0,2.68,2.74,-2.19,2045067264.0,0.93,-9.917,-23.264,
SZ300375,鹏翎股份,20610.0,4.11,4.05,1.48,3140631092.0,1.8,-15.627,1.505,
SZ002398,垒知集团,20595.0,4.24,4.22,0.47,2918304529.0,2.25,63.29,0.789,1.887
SZ300840,酷特智能,20584.0,17.46,17.52,-0.34,4190400000.0,4.19,107.591,3.284,0.573
SZ300334,津膜科技,20581.0,8.22,8.39,-2.03,2482977226.0,2.82,-60.783,4.617,
SZ002990,盛视科技,20580.0,50.86,52.37,-2.88,13314977009.0,7.62,79.306,5.175,0.197
SZ002712,思美传媒,20580.0,5.16,4.9,5.31,2808465182.0,3.63,-61.254,2.033,
SZ301085,亚康股份,20567.0,74.43,71.06,4.74,6458713490.0,10.06,-58.325,6.626,
SZ300925,法本信息,20560.0,13.85,13.33,3.9,5937618888.0,2.09,67.922,2.64,0.361
SZ002947,恒铭达,20555.0,52.24,54.2,-3.62,13361369217.0,4.46,24.242,4.128,0.926
SZ002893,京能热力,20549.0,10.78,10.6,1.7,2842039200.0,8.69,43.47,2.153,0.844
SZ300565,科信技术,20536.0,9.72,9.7,0.21,2427128829.0,3.37,-30.689,4.761,
SZ300278,华昌达,20497.0,3.46,3.41,1.47,4892047318.0,1.37,-59.543,2.989,
SZ300462,ST华铭,20468.0,11.38,11.66,-2.4,2062305654.0,1.42,-27.601,1.519,
SZ300084,海默科技,20432.0,10.07,10.0,0.7,5526012183.0,1.07,-93.568,4.339,
SZ002822,ST中装,20416.0,2.87,2.91,-1.37,5596500000.0,0.92,-2.005,5.248,
SZ002659,凯文教育,20408.0,4.76,4.66,2.15,2847814628.0,2.18,-169.767,1.327,
SZ000605,渤海股份,20389.0,6.01,6.05,-0.66,2119478186.0,1.19,241.603,0.999,0.2
SZ002483,润邦股份,20386.0,5.89,5.97,-1.34,5221298953.0,1.92,16.62,1.152,2.547
SZ300381,溢多利,20363.0,5.67,5.61,1.07,2722585792.0,1.78,-70.45,1.08,0.882
SZ301238,瑞泰新材,20353.0,17.43,16.48,5.76,12781999419.0,5.26,39.775,1.753,3.041
SZ300758,七彩化学,20293.0,11.79,11.54,2.17,4705573301.0,3.6,73.404,2.617,0.636
SZ300384,三联虹普,20269.0,11.98,11.76,1.87,3821707035.0,0.97,24.252,1.361,1.503
SZ000677,ST海龙,20254.0,1.71,1.71,0.0,1477402291.0,2.86,-154.144,2.808,
SZ301230,泓博医药,20244.0,36.42,36.32,0.28,6589875809.0,10.49,172.227,6.509,0.626
SZ002831,裕同科技,20236.0,26.3,26.4,-0.38,33883106063.0,0.96,21.195,2.975,2.7
SZ301292,海科新源,20229.0,61.28,57.86,5.91,13652925276.0,25.31,49.286,4.406,
SZ300472,ST新元,20205.0,7.08,6.76,4.73,1948831037.0,1.86,-6.334,158.036,
SZ001872,招商港口,20151.0,24.63,24.61,0.08,61135312260.0,0.14,12.828,0.937,4.056
SZ300755,华致酒行,20145.0,11.3,11.14,1.44,4709821920.0,1.67,-9.449,1.757,
SZ300220,金运激光,20129.0,11.2,11.27,-0.62,1693440000.0,2.42,-371.137,28.829,
SZ002801,微光股份,20080.0,25.91,25.8,0.43,5949765120.0,0.75,15.284,2.952,1.914
SZ002923,润都股份,20060.0,12.25,11.5,6.52,4102442754.0,20.85,304.515,3.802,
SZ300566,激智科技,20060.0,21.54,22.33,-3.54,5645733579.0,6.16,27.871,2.245,1.151
SZ002666,德联集团,20013.0,4.21,4.19,0.48,3317477057.0,2.15,78.333,0.931,
SZ003028,振邦智能,20013.0,23.1,23.17,-0.3,3329175465.0,1.66,89.617,1.926,1.299
SZ300972,万辰集团,19944.0,160.88,157.23,2.32,31757998688.0,1.25,15.247,11.776,0.694
SZ003043,华亚智能,19916.0,60.06,61.46,-2.28,8579295565.0,6.2,91.123,4.296,0.39
SZ002948,青岛银行,19905.0,6.14,6.27,-2.07,35736978005.0,1.29,6.224,0.818,2.932
SZ000972,中基健康,19878.0,4.18,4.02,3.98,3223965360.0,3.18,-86.092,-81.008,
SZ300591,万里马,19858.0,6.15,6.15,0.0,2494893729.0,3.46,-21.426,14.791,
SZ000529,广弘控股,19825.0,5.06,4.99,1.4,2953979070.0,0.66,36.072,0.928,2.372
SZ300582,英飞特,19819.0,10.38,10.31,0.68,3098808745.0,2.84,-7.155,3.453,
SZ300286,安科瑞,19804.0,18.75,18.55,1.08,4702212281.0,1.94,24.949,2.058,2.4
SZ002953,日丰股份,19804.0,9.85,9.88,-0.3,4842059533.0,2.01,37.792,2.181,1.005
SZ000803,山高环能,19789.0,7.31,7.53,-2.92,3408624878.0,5.25,62.167,2.256,
SZ002933,新兴装备,19787.0,26.41,26.79,-1.42,3099213500.0,1.42,77.188,1.986,0.076
SZ002133,广宇集团,19775.0,2.97,2.99,-0.67,2299208200.0,2.69,-32.087,0.803,
SZ300572,安车检测,19770.0,22.55,23.27,-3.09,5163697711.0,2.77,-25.603,3.195,
SZ000010,*ST美丽,19759.0,1.38,1.41,-2.13,1586520163.0,2.55,-541.114,6.339,
SZ300721,怡达股份,19720.0,19.4,19.77,-1.87,3198026737.0,4.43,-205.162,2.871,
SZ300018,中元股份,19711.0,12.25,11.96,2.42,5986704066.0,6.01,43.269,4.178,0.816
SZ000590,古汉医药,19711.0,9.18,9.05,1.44,2198346231.0,1.3,-45.499,4.127,
SZ300354,东华测试,19709.0,27.13,26.91,0.82,3752627053.0,1.95,37.732,4.314,0.737
SZ002638,勤上股份,19697.0,4.65,4.72,-1.48,6680163723.0,2.86,-19.687,3.564,
SZ000096,广聚能源,19686.0,8.15,8.2,-0.61,4303200000.0,0.97,24.721,1.552,0.92
SZ002356,鹏飞绿能,19645.0,2.69,2.66,1.13,3527274661.0,1.55,103.364,5.953,
SZ300076,*ST宁视,19632.0,4.08,4.1,-0.49,1729920000.0,0.86,-20.858,2.1,
SZ300200,高盟新材,19628.0,8.23,8.08,1.86,3546909485.0,1.49,44.523,2.181,1.762
SZ300829,金丹科技,19519.0,23.35,21.26,9.83,5306873748.0,20.68,74.903,2.175,0.42
SZ300382,斯莱克,19497.0,13.0,13.21,-1.59,8429199922.0,4.62,-69.865,3.786,
SZ002188,中天服务,19422.0,5.93,5.97,-0.67,1939725914.0,18.5,69.121,5.258,
SZ000663,永安林业,19380.0,6.1,6.0,1.67,2052024457.0,2.31,-21.194,2.257,
SZ300609,汇纳科技,19371.0,22.95,22.58,1.64,2756625182.0,3.18,-19.204,3.206,
SZ300270,中威电子,19341.0,10.5,10.13,3.65,3179463294.0,3.44,-317.28,5.702,
SZ002523,天桥起重,19290.0,3.46,3.4,1.76,4901577168.0,1.68,34.637,1.925,0.578
SZ002671,龙泉股份,19270.0,4.07,4.02,1.24,2285674743.0,1.97,157.832,1.393,
SZ002391,长青股份,19270.0,5.26,5.21,0.96,3416856813.0,1.3,65.438,0.818,3.65
SZ300424,航新科技,19241.0,12.6,12.59,0.08,3233472896.0,3.98,-41.109,4.35,
SZ002377,国创高新,19235.0,3.06,3.0,2.0,2803955115.0,7.0,97.045,7.015,
SZ300698,万马科技,19221.0,25.79,25.8,-0.04,3455860000.0,2.14,71.854,6.28,
SZ300843,胜蓝股份,19194.0,116.28,120.11,-3.19,19965025882.0,4.11,126.682,11.159,0.164
SZ300345,华民股份,19183.0,6.34,6.31,0.48,3694102852.0,6.15,-17.539,10.759,
SZ300464,星徽股份,19183.0,9.35,9.53,-1.89,4369251849.0,6.48,209.72,29.21,
SZ002724,海洋王,19175.0,6.83,6.95,-1.73,5269331299.0,5.51,109.356,1.942,1.464
SZ300425,中建环能,19152.0,4.14,4.08,1.47,2824410891.0,1.08,232.509,1.192,0.097
SZ002917,金奥博,19079.0,10.07,9.98,0.9,3500474964.0,1.38,19.86,1.944,1.48
SZ001215,千味央厨,19071.0,32.54,32.55,-0.03,3161600913.0,1.24,52.919,1.693,
SZ003042,中农联合,19053.0,14.38,14.24,0.98,2048862400.0,2.32,-11.249,1.736,
SZ300719,安达维尔,19007.0,11.54,11.6,-0.52,2933781311.0,1.94,-157.925,2.937,
SZ000421,南京公用,18980.0,5.81,5.81,0.0,3337355415.0,1.33,33.63,1.198,1.033
SZ000702,正虹科技,18948.0,5.88,5.81,1.2,2038154694.0,1.97,-75.486,6.277,
SZ002578,闽发铝业,18923.0,4.13,4.12,0.24,3876542656.0,2.04,-110.519,2.594,
SZ002823,凯中精密,18911.0,12.61,12.69,-0.63,4129753185.0,1.88,18.341,1.985,3.386
SZ300125,聆达股份,18910.0,8.46,8.38,0.95,5633090890.0,1.61,37.416,5.226,
SZ002825,纳尔股份,18907.0,9.4,9.31,0.97,3214241894.0,2.19,44.836,2.044,1.266
SZ300196,长海股份,18885.0,16.43,16.87,-2.61,6719410075.0,5.39,21.733,1.415,3.305
SZ002098,浔兴股份,18865.0,8.41,8.41,0.0,3010780000.0,1.45,14.802,1.911,1.189
SZ000407,胜利股份,18857.0,4.3,4.31,-0.23,3784364021.0,1.81,22.537,1.214,1.395
SZ002989,中天精装,18849.0,21.02,21.49,-2.19,4238000733.0,4.09,-24.147,3.098,
SZ002992,宝明科技,18820.0,31.32,32.12,-2.49,5664805648.0,0.96,1799.5,7.772,
SZ300105,龙源技术,18799.0,7.07,6.96,1.58,3646807949.0,2.28,-66.757,2.041,2.122
SZ000586,汇源通信,18788.0,12.23,12.32,-0.73,2365771200.0,3.79,-124.452,7.5,
SZ002656,摩登大道,18764.0,2.8,2.8,0.0,1995055563.0,1.99,-52.682,4.994,
SZ002798,帝欧水华,18720.0,6.51,6.57,-0.91,3826114670.0,3.12,-8.048,1.952,
SZ002877,智能自控,18695.0,7.49,7.42,0.94,2665269276.0,2.5,163.594,2.181,0.334
SZ300194,福安药业,18686.0,4.03,3.93,2.54,4794540899.0,3.26,80.376,1.09,1.241
SZ002982,湘佳股份,18683.0,12.88,12.68,1.58,2617140742.0,2.34,174.429,1.66,0.776
SZ002715,登云股份,18675.0,12.95,13.12,-1.3,1787100000.0,3.79,-117.878,3.868,
SZ003006,百亚股份,18665.0,22.84,22.2,2.88,9813155524.0,12.02,49.334,6.819,1.751
SZ301219,腾远钴业,18583.0,40.53,39.8,1.83,15516154494.0,2.21,10.19,1.564,2.63
SZ002835,同为股份,18582.0,13.25,13.02,1.77,2908294586.0,2.35,26.137,2.345,2.106
SZ000692,惠天热电,18553.0,4.55,4.61,-1.3,2424390041.0,6.74,-462.11,62.244,
SZ200625,长安B,18509.0,3.27,3.25,0.62,32415201142.0,0.09,10.634,0.364,4.037
SZ002793,罗欣药业,18479.0,4.89,4.74,3.16,5318307697.0,2.74,-20.747,4.722,
SZ002357,富临运业,18466.0,11.62,11.63,-0.09,3642742598.0,1.97,9.778,1.802,0.43
SZ000659,珠海中富,18463.0,2.76,2.69,2.6,3548538955.0,2.05,-33.618,51.977,
SZ300969,恒帅股份,18432.0,72.28,72.55,-0.37,11862583192.0,2.49,73.905,6.678,0.346
SZ300910,瑞丰新材,18421.0,27.45,27.42,0.11,10514510504.0,1.39,13.462,2.77,4.142
SZ001227,兰州银行,18402.0,2.12,2.11,0.47,12074877996.0,1.74,6.785,0.389,3.774
SZ002860,星帅尔,18375.0,18.39,18.39,0.0,6475948683.0,0.0,36.358,2.749,0.544
SZ002789,*ST建艺,18291.0,13.89,14.25,-2.53,2217170609.0,1.76,-3.134,36.04,
SZ301031,中熔电气,18247.0,86.34,87.69,-1.54,12618966838.0,1.84,24.342,7.167,0.405
SZ300259,新天科技,18187.0,3.81,3.81,0.0,4400950183.0,2.1,22.809,1.464,2.835
SZ002198,ST嘉应,18138.0,3.55,3.51,1.14,1801659960.0,0.84,-697.271,2.556,
SZ002676,顺威股份,18114.0,5.35,5.28,1.33,4160632582.0,1.76,46.472,2.584,0.168
SZ301221,光庭信息,18098.0,26.53,26.31,0.84,3486049428.0,1.47,1410.059,1.711,0.795
SZ301301,川宁生物,18035.0,8.22,8.19,0.37,18349448460.0,2.74,31.014,2.298,2.105
SZ002627,三峡旅游,18019.0,6.64,6.48,2.47,4685711734.0,1.29,58.678,1.54,0.738
SZ000531,穗恒运A,18000.0,5.57,5.56,0.18,5800605419.0,0.64,17.643,0.838,2.496
SZ002159,三特索道,17895.0,13.38,13.2,1.36,2372291729.0,1.3,18.292,1.623,2.093
SZ301306,西测测试,17872.0,82.36,85.62,-3.81,6951184000.0,4.57,-54.682,7.633,
SZ300448,浩云科技,17858.0,5.45,5.31,2.64,3687018081.0,2.63,-134.69,3.083,0.606
SZ300667,必创科技,17857.0,14.25,14.18,0.49,2916063556.0,2.9,-31.398,2.802,
SZ300440,运达科技,17844.0,16.74,16.35,2.39,7397685558.0,1.93,120.444,4.437,0.275
SZ001206,依依股份,17835.0,19.05,19.13,-0.42,3522227042.0,11.09,25.909,1.918,3.853
SZ300419,ST浩丰,17824.0,7.85,7.71,1.82,2886867095.0,1.33,-23.942,9.043,
SZ300504,天邑股份,17803.0,16.2,16.53,-2.0,4390598196.0,3.72,-616.298,1.98,
SZ001269,欧晶科技,17765.0,18.69,18.67,0.11,3596187158.0,1.09,-14.345,5.621,
SZ300092,科新机电,17632.0,11.49,11.45,0.35,3147378384.0,1.41,59.114,1.91,0.87
SZ002767,先锋电子,17620.0,17.65,17.55,0.57,2647500000.0,2.54,94.339,3.041,0.176
SZ300723,一品红,17577.0,33.42,32.84,1.77,15095572240.0,1.02,68.469,8.18,
SZ301325,曼恩斯特,17532.0,33.43,33.14,0.88,4810331624.0,5.36,-28.009,1.849,
SZ301076,新瀚新材,17529.0,19.58,19.88,-1.51,4467557537.0,2.81,65.76,3.688,0.393
SZ300707,威唐工业,17509.0,12.5,12.03,3.91,2173757638.0,5.06,-391.17,2.028,0.72
SZ300861,美畅股份,17432.0,14.85,14.81,0.27,9976830534.0,2.22,21.281,1.511,1.879
SZ002209,达意隆,17429.0,13.04,13.07,-0.23,2667071852.0,2.54,17.766,2.826,0.613
SZ002809,红墙股份,17403.0,8.54,8.5,0.47,2051822219.0,2.7,-34.029,1.133,1.171
SZ002393,力生制药,17377.0,14.25,14.14,0.78,4393176233.0,0.86,28.962,0.979,5.263
SZ300167,ST迪威迅,17376.0,3.72,3.72,0.0,1548743508.0,0.98,-31.77,21.367,
SZ300532,今天国际,17375.0,7.4,7.27,1.79,4703738220.0,1.47,26.179,2.565,1.932
SZ000419,通程控股,17348.0,5.21,5.09,2.36,2832065633.0,1.43,25.004,0.838,2.495
SZ002888,惠威科技,17334.0,18.33,18.26,0.38,2706303742.0,3.62,134.815,7.309,0.736
SZ300705,九典制药,17322.0,11.23,10.91,2.93,5618311772.0,4.16,16.473,2.198,3.517
SZ300713,英可瑞,17313.0,13.87,14.18,-2.19,2203122035.0,6.3,-20.053,5.216,
SZ300523,辰安科技,17309.0,23.47,23.18,1.25,5460005364.0,2.36,-26.456,5.873,
SZ300257,开山股份,17299.0,16.2,16.74,-3.23,16096887292.0,1.62,44.101,2.484,0.617
SZ300560,中富通,17286.0,15.29,14.86,2.89,3512779980.0,7.04,-49.306,3.91,
SZ000782,恒申新材,17209.0,8.04,8.08,-0.5,5520115332.0,3.58,-33.84,3.504,
SZ300926,博俊科技,17202.0,16.68,16.57,0.66,7244562884.0,1.65,9.332,1.97,1.319
SZ300683,海特生物,17188.0,26.43,27.25,-3.01,3459538754.0,17.2,-12.776,1.661,
SZ300979,华利集团,17184.0,33.1,32.9,0.61,38627700000.0,0.14,15.522,2.502,6.344
SZ301101,明月镜片,17184.0,30.09,29.22,2.98,6063499089.0,0.97,29.083,3.419,1.655
SZ000544,中原环保,17174.0,7.31,7.25,0.83,7124943607.0,0.34,6.926,0.757,3.694
SZ301191,菲菱科思,17170.0,73.01,74.23,-1.64,7074455811.0,4.1,90.874,4.144,0.304
SZ300414,中光防雷,17145.0,10.53,10.46,0.67,3432984977.0,1.89,183.058,3.439,0.152
SZ002566,益盛药业,17135.0,7.08,7.03,0.71,2343137328.0,3.76,63.214,1.05,1.13
SZ300543,朗科智能,17104.0,7.62,7.64,-0.26,2334549565.0,2.0,-54.05,1.692,0.394
SZ002910,庄园牧场,17078.0,10.42,10.31,1.07,2037519996.0,5.25,-28.603,2.042,
SZ002513,蓝丰生化,17067.0,5.55,5.56,-0.18,2084546578.0,8.4,-10.141,417.293,
SZ300675,建科院,17046.0,14.58,15.03,-2.99,2138400486.0,9.45,-36.454,4.349,
SZ300370,安控科技,16979.0,2.11,2.07,1.93,3302943835.0,1.65,-23.725,8.072,
SZ300513,恒实科技,16975.0,7.42,7.38,0.54,2327588370.0,1.79,-3.636,4.481,
SZ300768,迪普科技,16955.0,15.21,14.44,5.33,9792639683.0,3.38,48.599,2.772,0.519
SZ002889,东方嘉盛,16902.0,11.96,11.92,0.34,4516902965.0,0.7,20.38,1.698,0.251
SZ002958,青农商行,16873.0,2.91,2.95,-1.36,16167103439.0,1.75,5.07,0.417,4.124
SZ000020,深华发A,16868.0,14.34,14.67,-2.25,4060531995.0,10.79,137.613,9.074,
SZ000669,ST金鸿,16859.0,4.04,4.07,-0.74,2748851540.0,0.37,39.117,37.167,
SZ002853,皮阿诺,16844.0,20.8,20.44,1.76,3804651718.0,1.29,-125.679,4.282,
SZ301550,斯菱智驱,16825.0,103.3,96.46,7.09,34641525875.0,5.98,229.955,18.896,0.292
SZ300275,梅安森,16782.0,8.89,8.81,0.91,2738165055.0,1.84,71.833,2.853,0.394
SZ200429,粤高速B,16776.0,9.37,9.25,1.3,19590853401.0,0.31,10.487,1.58,7.417
SZ300193,佳士科技,16754.0,8.04,7.95,1.13,3829048432.0,1.25,21.325,1.644,3.731
SZ300720,海川智能,16733.0,55.01,56.2,-2.12,10720197853.0,4.45,588.072,18.42,0.1
SZ002742,冀衡医药,16726.0,4.19,4.09,2.44,2866387552.0,4.01,-9.281,19.335,
SZ300389,艾比森,16713.0,12.62,12.61,0.08,4658046001.0,1.67,16.613,2.607,
SZ300169,天晟新材,16713.0,5.48,5.45,0.55,1860428983.0,3.0,30.523,20.75,
SZ300445,康斯特,16711.0,17.99,18.01,-0.11,3821615934.0,2.07,30.499,2.871,0.556
SZ300917,特发服务,16708.0,33.54,33.74,-0.59,5668260000.0,12.37,44.011,4.689,1.371
SZ002862,实丰文化,16665.0,14.68,14.33,2.44,2488113200.0,3.64,-14.149,8.523,
SZ300815,玉禾田,16643.0,15.67,15.05,4.12,6245936640.0,1.82,11.472,1.327,3.484
SZ300767,震安科技,16637.0,18.14,18.29,-0.82,5011919248.0,4.02,-52.361,3.275,
SZ002691,*ST冀凯,16611.0,3.94,4.0,-1.5,1339600000.0,0.71,-16.486,1.708,
SZ002247,聚力文化,16605.0,2.5,2.46,1.63,2127175123.0,3.25,53.152,3.097,
SZ300863,卡倍亿,16527.0,35.22,36.0,-2.17,9206726082.0,2.39,66.731,6.35,0.398
SZ301099,雅创电子,16521.0,46.24,48.06,-3.79,8735915536.0,8.81,26.598,5.537,0.484
SZ301211,亨迪药业,16519.0,12.75,12.37,3.07,5324400000.0,4.1,114.504,2.337,0.471
SZ000900,现代投资,16516.0,3.62,3.6,0.56,5494538569.0,0.66,16.526,0.501,4.42
SZ301487,盟固利,16440.0,18.18,17.45,4.18,8355826843.0,11.77,156.739,4.343,0.033
SZ300997,欢乐家,16419.0,16.15,15.54,3.93,7024821621.0,4.54,143.795,7.193,1.189
SZ002752,昇兴股份,16413.0,6.18,6.1,1.31,6037356132.0,1.09,14.968,1.647,1.618
SZ002870,香山股份,16395.0,42.54,42.54,0.0,6498340081.0,2.45,219.138,2.901,0.256
SZ300643,万通智控,16353.0,18.67,18.54,0.7,4323633214.0,2.87,26.613,3.281,1.173
SZ000007,全新好,16341.0,10.7,10.75,-0.47,3706994071.0,2.47,-875.29,20.769,
SZ300659,中孚信息,16338.0,11.87,10.85,9.4,3090857527.0,14.91,-26.251,2.739,
SZ002674,兴业科技,16316.0,20.42,20.28,0.69,6035150276.0,4.17,53.48,2.476,
SZ300647,超频三,16282.0,9.33,9.6,-2.81,4266805154.0,14.16,-30.374,9.712,
SZ300812,易天股份,16270.0,17.45,17.72,-1.52,3422081808.0,3.88,-1149.65,4.407,0.206
SZ300538,同益股份,16244.0,13.92,13.82,0.72,2532306536.0,4.45,-40.279,2.851,0.144
SZ300651,金陵体育,16220.0,16.1,15.9,1.26,2273475977.0,2.91,83.501,2.138,1.242
SZ300530,领湃科技,16204.0,28.9,24.08,20.02,4969394131.0,15.04,-72.651,56.823,
SZ300506,名家汇,16190.0,4.78,4.82,-0.83,6814351600.0,1.81,-338.417,5.061,
SZ002687,乔治白,16070.0,6.26,6.14,1.95,3159919614.0,13.45,38.301,2.074,1.31
SZ300645,正元智慧,16045.0,14.04,13.8,1.74,1995176748.0,2.6,133.528,1.898,0.142
SZ002696,百洋股份,16024.0,7.32,6.65,10.08,2530920978.0,9.18,-47.135,1.977,0.683
SZ000695,滨海能源,16020.0,13.36,13.02,2.61,3096208577.0,5.27,-40.081,8.91,
SZ300306,远方信息,15979.0,10.35,10.29,0.58,2783723352.0,1.72,39.614,1.921,2.512
SZ002282,博深股份,15973.0,6.08,6.03,0.83,3203177156.0,0.9,23.364,0.892,2.467
SZ300973,立高食品,15914.0,26.4,25.35,4.14,4470593820.0,3.22,17.17,1.785,2.61
SZ002753,永东股份,15914.0,6.8,6.84,-0.58,2915020784.0,2.31,91.398,1.093,0.662
SZ300807,天迈科技,15908.0,34.25,33.36,2.67,2330355855.0,4.88,-57.324,5.292,
SZ002760,凤形股份,15897.0,17.95,18.25,-1.64,1938397273.0,3.51,93.763,2.312,
SZ300786,国林科技,15886.0,13.37,13.52,-1.11,2460292302.0,5.95,-130.477,2.228,
SZ300143,盈康生命,15868.0,7.95,7.73,2.85,7734807381.0,1.26,104.37,3.245,0.239
SZ301012,扬电科技,15839.0,21.59,21.71,-0.55,4252369898.0,2.19,87.301,3.562,0.185
SZ300385,ST雪浪,15792.0,12.26,12.5,-1.92,4084369126.0,1.07,-18.439,-69.977,
SZ002495,佳隆股份,15786.0,2.44,2.43,0.41,2282926464.0,3.57,132.294,2.07,0.41
SZ002940,昂利康,15778.0,23.2,23.89,-2.89,4680093915.0,5.37,40.895,2.828,0.629
SZ000633,合金投资,15771.0,5.27,5.28,-0.19,2029510586.0,2.0,378.187,10.133,
SZ300320,海达股份,15707.0,8.35,8.25,1.21,5020305495.0,0.96,19.589,1.9,0.719
SZ002731,*ST萃华,15701.0,0.77,0.77,0.0,197240120.0,0.0,0.72,0.105,
SZ300945,曼卡龙,15676.0,11.42,11.12,2.7,2992858003.0,3.05,25.25,1.73,1.489
SZ001319,铭科精技,15670.0,20.47,20.69,-1.06,2894458000.0,2.14,21.103,2.087,2.198
SZ002858,力盛体育,15660.0,11.7,11.71,-0.09,2184137959.0,3.77,-366.833,2.566,
SZ003027,同兴科技,15647.0,16.86,16.82,0.24,2203993152.0,1.96,55.555,1.29,2.343
SZ300266,兴源环境,15641.0,1.88,1.86,1.08,2921157750.0,1.34,-9.854,-69.888,
SZ300649,杭州园林,15620.0,27.15,27.5,-1.27,3595110934.0,3.95,-66.126,8.493,0.184
SZ300407,凯发电气,15605.0,10.73,10.89,-1.47,3717292745.0,2.99,56.763,1.71,0.736
SZ301120,新特电气,15605.0,14.12,14.19,-0.49,5268537073.0,2.55,107.859,3.356,0.382
SZ300801,泰和科技,15545.0,22.89,22.92,-0.13,4992290688.0,8.01,31.513,1.875,0.433
SZ002852,道道全,15538.0,8.79,8.62,1.97,3023481401.0,5.15,43.534,1.372,1.923
SZ300644,南京聚隆,15538.0,20.13,20.46,-1.61,2233091476.0,2.76,22.352,2.081,1.237
SZ300103,达刚控股,15534.0,7.9,8.0,-1.25,2509047900.0,2.2,-41.433,6.074,
SZ300692,中赋科技,15532.0,9.21,8.89,3.6,5178563028.0,4.22,71.032,1.615,0.25
SZ002879,长缆科技,15527.0,16.36,16.36,0.0,3159240990.0,7.16,26.128,1.706,2.989
SZ300434,金石亚药,15444.0,13.46,12.41,8.46,5407472517.0,15.74,33.514,2.068,0.609
SZ002999,天禾股份,15432.0,6.46,6.34,1.89,2245444320.0,3.08,33.345,1.827,1.084
SZ300388,节能国祯,15379.0,6.8,6.73,1.04,4631087171.0,0.67,12.269,0.946,1.412
SZ300700,岱勒新材,15371.0,16.07,16.29,-1.35,6380253186.0,1.73,-54.254,8.212,
SZ002634,*ST棒杰,15357.0,3.92,3.88,1.03,1800661851.0,0.9,-1.608,-5.113,
SZ300853,申昊科技,15335.0,31.17,30.68,1.6,4580403447.0,8.13,-25.116,9.44,
SZ300225,金力泰,15287.0,8.27,8.05,2.73,3931802709.0,6.39,221.183,4.509,
SZ300423,昇辉科技,15279.0,5.42,5.48,-1.09,2696511192.0,2.07,-9.974,2.507,
SZ300887,谱尼测试,15279.0,7.03,6.9,1.88,3836505893.0,2.32,-22.938,1.41,
SZ001201,东瑞股份,15220.0,14.94,15.36,-2.73,3851292975.0,4.26,-6.54,1.397,
SZ002955,鸿合科技,15181.0,32.5,33.76,-3.73,7690797140.0,2.48,417.894,2.399,
SZ301052,果麦文化,15158.0,25.39,23.36,8.69,2512577617.0,9.6,-51.876,3.852,0.071
SZ300941,创识科技,15140.0,15.43,14.81,4.19,3159292500.0,4.35,135.455,2.481,0.48
SZ300239,东宝生物,15096.0,5.54,5.53,0.18,3288672334.0,2.21,60.041,1.902,0.217
SZ300559,佳发教育,15007.0,12.7,12.63,0.55,5073835001.0,2.03,368.627,4.324,0.551
SZ001236,弘业期货,15004.0,7.9,7.71,2.46,7961444446.0,1.66,248.736,4.246,0.051
SZ300387,富邦科技,14939.0,7.54,7.43,1.48,2179489916.0,1.99,40.992,1.506,0.796
SZ001216,华瓷股份,14914.0,22.75,23.56,-3.44,6642052190.0,14.89,32.645,2.649,1.705
SZ000042,中洲控股,14903.0,8.6,8.54,0.7,5717547795.0,1.16,-55.403,1.721,
SZ300447,全信股份,14884.0,13.68,13.86,-1.3,4272405930.0,1.81,126.355,2.131,0.431
SZ301041,金百泽,14838.0,35.33,36.6,-3.47,3769004400.0,12.8,135.064,5.489,0.133
SZ300862,蓝盾光电,14813.0,40.26,41.0,-1.8,7432716735.0,11.69,-121.571,3.79,0.012
SZ003037,三和管桩,14807.0,5.83,5.81,0.34,3492605373.0,0.75,-862.727,1.268,0.858
SZ300551,古鳌科技,14798.0,11.7,11.29,3.63,3978735216.0,2.92,23.65,6.203,
SZ002937,兴瑞科技,14766.0,24.02,24.56,-2.2,7590553691.0,3.2,58.644,3.871,0.779
SZ300967,晓鸣股份,14730.0,15.78,15.7,0.51,2959933437.0,2.15,-30.155,4.373,1.565
SZ301029,怡合达,14719.0,23.42,23.5,-0.34,14891248955.0,1.65,27.148,3.395,3.181
SZ002996,顺博合金,14718.0,6.04,5.97,1.17,4043398489.0,1.15,17.375,1.223,1.805
SZ300921,南凌科技,14688.0,15.7,15.49,1.36,4030903424.0,4.62,115.673,4.888,0.452
SZ301580,爱迪特,14633.0,46.5,48.28,-3.69,6937351322.0,5.81,33.242,3.17,0.708
SZ300150,世纪瑞尔,14622.0,4.21,4.13,1.94,2463296483.0,1.62,-3997.346,1.565,
SZ001213,中铁特货,14582.0,3.55,3.53,0.57,15777777776.0,0.2,54.706,0.822,1.352
SZ301087,可孚医疗,14572.0,59.93,52.8,13.5,14137307210.0,4.98,34.779,2.558,2.775
SZ001217,华尔泰,14564.0,11.34,11.32,0.18,3763405800.0,1.37,-85.868,1.728,0.882
SZ002295,精艺股份,14541.0,9.7,9.71,-0.1,2430975200.0,3.65,-41.223,1.876,
SZ002200,交投生态,14516.0,6.79,6.69,1.49,3063142695.0,2.95,34.404,2.287,
SZ301382,蜂助手,14500.0,33.59,33.55,0.12,9584147467.0,4.39,61.638,4.921,0.149
SZ300946,恒而达,14420.0,33.64,34.76,-3.22,5248102392.0,1.76,228.746,4.384,0.713
SZ002960,青鸟智控,14357.0,8.6,8.73,-1.49,9062117784.0,1.2,30.234,1.459,1.895
SZ002883,*ST中设,14351.0,9.08,9.09,-0.11,1417907067.0,0.37,-59.53,3.088,
SZ300441,鲍斯股份,14350.0,7.11,7.07,0.57,4581796821.0,0.82,25.797,1.787,0.914
SZ002333,罗普斯金,14345.0,5.37,5.39,-0.37,3624346176.0,1.41,86.294,1.873,0.186
SZ300577,开润股份,14303.0,18.1,18.23,-0.71,4341036071.0,1.74,12.212,2.039,2.89
SZ300855,图南股份,14270.0,31.95,32.49,-1.66,12637231425.0,1.44,40.583,5.748,0.939
SZ300600,国瑞科技,14263.0,9.96,10.08,-1.19,2930575421.0,2.21,-56.987,2.478,
SZ002880,卫光生物,14254.0,22.41,21.8,2.8,5082588000.0,1.54,27.765,2.108,0.892
SZ300305,裕兴股份,14252.0,6.3,6.47,-2.63,2365029752.0,5.42,-10.819,1.244,
SZ300686,智动力,14235.0,13.75,13.76,-0.07,3583583025.0,2.84,-32.878,4.583,
SZ003012,东鹏控股,14226.0,4.72,4.67,1.07,5460951066.0,0.89,33.794,0.743,5.127
SZ002863,今飞凯达,14220.0,4.8,4.76,0.84,2877521059.0,1.53,44.833,1.018,0.208
SZ301413,安培龙,14173.0,49.4,49.29,0.22,6787167369.0,5.39,130.235,3.826,0.435
SZ301007,德迈仕,14169.0,29.12,29.8,-2.28,4465260800.0,1.82,104.049,6.829,0.237
SZ002951,金时科技,14154.0,16.65,17.17,-3.03,6711013935.0,4.18,-30.312,4.435,
SZ002723,小崧股份,14103.0,7.42,7.11,4.36,2419802060.0,4.27,-8.77,3.496,
SZ300588,熙菱信息,14075.0,20.65,20.2,2.23,3953876769.0,2.03,-89.596,16.453,
SZ300892,品渥食品,14063.0,23.28,22.47,3.6,2328000000.0,5.0,-180.305,2.28,0.425
SZ002633,申科股份,14049.0,14.86,15.05,-1.26,2229000000.0,2.55,191.178,6.284,
SZ300852,四会富仕,14034.0,66.94,69.18,-3.24,10745286785.0,5.94,76.432,4.736,0.209
SZ002652,扬子新材,13963.0,4.37,4.37,0.0,2237719680.0,2.97,-107.018,9.579,
SZ002861,瀛通通讯,13892.0,13.36,13.55,-1.4,2488753732.0,4.0,-24.721,2.483,
SZ300301,ST长方,13887.0,4.13,4.16,-0.72,3427358016.0,2.04,-24.583,66.937,
SZ300824,北鼎股份,13884.0,8.26,8.26,0.0,2695582293.0,1.95,25.589,3.539,2.409
SZ003018,金富科技,13850.0,42.15,43.24,-2.52,13592428901.0,3.05,92.181,7.008,0.382
SZ300711,广哈通信,13844.0,17.74,17.77,-0.17,4974892632.0,2.31,59.88,3.315,1.127
SZ300654,世纪天鸿,13776.0,9.69,9.44,2.65,3547749816.0,2.47,160.737,4.252,0.516
SZ300519,新光药业,13761.0,15.16,14.85,2.09,2425600000.0,4.13,39.113,2.926,1.979
SZ300875,捷强装备,13737.0,33.8,33.19,1.84,3374414584.0,9.87,-29.752,3.977,
SZ300637,扬帆新材,13676.0,10.1,10.13,-0.3,2370976313.0,4.98,-1824.032,3.321,0.297
SZ300813,泰林生物,13668.0,22.51,23.22,-3.06,2728194420.0,5.39,117.013,3.45,0.573
SZ300697,电工合金,13651.0,14.1,14.01,0.64,6100224000.0,2.27,30.357,4.693,1.135
SZ003025,思进智能,13630.0,11.92,11.97,-0.42,3384726411.0,1.2,22.408,2.67,1.669
SZ002849,威星智能,13626.0,20.35,20.43,-0.39,4489902226.0,8.4,90.164,3.23,0.197
SZ300449,汉邦高科,13587.0,6.61,6.42,2.96,2551697887.0,4.09,-37.726,9.518,
SZ002983,芯瑞达,13564.0,20.74,21.18,-2.08,4614080272.0,1.52,42.056,3.423,1.933
SZ300771,智莱科技,13560.0,11.49,11.47,0.17,2757600000.0,3.12,24.136,1.387,1.706
SZ300860,锋尚文化,13548.0,28.18,27.69,1.77,5310541374.0,2.65,-158.249,1.724,0.745
SZ300898,熊猫乳品,13527.0,21.6,20.66,4.55,2678400000.0,8.27,26.173,2.711,2.778
SZ301638,南网数字,13509.0,20.9,20.52,1.85,66454689807.0,2.97,81.121,5.969,0.431
SZ001338,永顺泰,13489.0,9.45,9.32,1.39,4741356381.0,1.53,39.816,1.304,2.54
SZ001301,尚太科技,13489.0,46.89,46.38,1.1,17096894225.0,2.3,19.736,2.376,1.216
SZ300966,共同药业,13440.0,24.75,24.62,0.53,2853207547.0,2.56,-30.019,4.087,0.182
SZ003030,祖名股份,13426.0,25.04,25.47,-1.69,3124491200.0,4.23,311.424,3.215,0.595
SZ300656,民德电子,13399.0,27.59,28.5,-3.19,4721340736.0,4.94,-28.696,6.039,
SZ002961,瑞达期货,13395.0,13.85,13.0,6.54,9776181498.0,2.9,13.406,2.327,2.585
SZ300830,金现代,13368.0,8.04,7.79,3.21,3631191606.0,3.9,-45.234,2.794,
SZ300871,回盛生物,13357.0,20.91,21.25,-1.6,4219310905.0,2.9,12.347,1.824,2.377
SZ300230,永利股份,13345.0,4.38,4.32,1.39,3561874872.0,1.57,20.606,1.119,4.224
SZ300963,中洲特材,13345.0,10.6,10.57,0.28,4861584000.0,1.37,80.47,4.302,0.245
SZ301392,汇成真空,13327.0,132.8,134.99,-1.62,13280000000.0,11.9,-2844.452,18.014,0.075
SZ300195,长荣股份,13327.0,6.07,6.13,-0.98,2571906079.0,5.51,350.933,0.955,0.329
SZ301060,兰卫医学,13304.0,11.78,11.44,2.97,4718090260.0,4.91,122.134,3.042,1.52
SZ002569,*ST步森,13280.0,11.16,11.6,-3.79,1607151600.0,1.0,276.272,52.567,
SZ002826,易明医药,13261.0,17.68,17.39,1.67,3371182620.0,1.88,27.7,3.903,0.848
SZ301510,固高科技,13219.0,25.91,26.45,-2.04,10478596821.0,2.85,90.496,6.898,0.189
SZ301169,零点有数,13205.0,47.65,49.21,-3.17,3432731540.0,2.61,-120.629,8.123,
SZ000809,和展能源,13197.0,3.45,3.44,0.29,2845529961.0,2.68,-167.439,1.068,
SZ301357,北方长龙,13196.0,87.4,87.51,-0.13,8320480000.0,3.73,2635.738,7.424,0.069
SZ300918,南山智尚,13194.0,10.59,10.65,-0.56,5359963582.0,1.4,42.914,1.376,0.755
SZ300911,亿田智能,13142.0,31.14,31.47,-1.05,5709386126.0,4.87,-37.003,5.36,
SZ301207,华兰疫苗,13138.0,19.88,19.51,1.9,11948426700.0,1.6,60.174,2.27,4.482
SZ300847,中船汉光,13132.0,14.32,14.19,0.92,4238863200.0,1.68,37.616,2.798,0.81
SZ300611,美力科技,13114.0,26.75,26.93,-0.67,5646247690.0,1.99,31.027,4.374,0.561
SZ301302,华如科技,13094.0,20.54,20.69,-0.72,3201467100.0,3.34,-14.893,2.251,
SZ002887,绿茵生态,13087.0,8.66,8.68,-0.23,2649854469.0,2.23,24.872,1.155,3.464
SZ002586,围海股份,13084.0,3.5,3.54,-1.13,4004782999.0,1.39,14.697,1.257,
SZ001283,豪鹏科技,13082.0,48.0,47.49,1.07,6224645760.0,3.64,27.147,1.715,0.604
SZ300662,科锐国际,13079.0,21.91,20.91,4.78,4312027326.0,3.02,12.74,1.796,1.05
SZ000985,大庆华科,13071.0,17.86,17.74,0.68,2315361470.0,1.97,1070.429,3.798,0.129
SZ300981,中红医疗,13025.0,23.36,19.47,19.98,10018285442.0,8.91,247.271,1.905,1.494
SZ002976,瑞玛精密,12976.0,20.35,20.6,-1.21,3960331673.0,6.08,-148.541,2.76,
SZ301011,华立科技,12964.0,15.48,15.22,1.71,2390996310.0,2.09,-31.964,2.887,0.969
SZ002936,郑州银行,12959.0,1.73,1.73,0.0,15729318049.0,1.2,8.09,0.335,
SZ300937,药易购,12943.0,23.8,23.83,-0.13,2276867032.0,4.42,-173.411,2.807,
SZ300615,欣天科技,12913.0,12.54,12.69,-1.18,2420084568.0,5.36,-36.766,5.379,0.399
SZ300703,创源股份,12863.0,13.75,13.42,2.46,2480387800.0,3.18,5983.144,3.251,0.567
SZ301313,凡拓数创,12819.0,28.57,28.13,1.56,2923665238.0,6.23,-17.678,4.958,
SZ301058,中粮科工,12783.0,8.8,8.62,2.09,4583066444.0,1.58,19.394,1.979,1.682
SZ300417,南华仪器,12772.0,11.88,11.95,-0.59,1598610816.0,4.5,-4534.408,3.569,0.589
SZ300405,科隆股份,12767.0,5.83,5.88,-0.85,1657892672.0,4.87,-55.243,4.054,
SZ300694,蠡湖股份,12723.0,10.83,10.55,2.65,2350872172.0,2.15,17.24,1.558,0.785
SZ300858,科拓生物,12653.0,14.7,14.6,0.68,3873378235.0,1.5,49.398,2.161,0.673
SZ300716,*ST泉为,12646.0,16.84,16.55,1.75,2694736800.0,0.96,-10.346,-11.263,
SZ001318,阳光乳业,12622.0,13.43,12.83,4.68,3796123800.0,10.28,41.704,2.635,1.713
SZ300879,大叶股份,12620.0,16.6,16.65,-0.3,3359820628.0,2.14,-13.382,2.711,
SZ001207,联科科技,12601.0,18.25,18.49,-1.3,5532263828.0,1.54,18.741,2.291,4.762
SZ300964,本川智能,12569.0,73.99,67.54,9.55,7906541582.0,17.11,149.203,7.5,0.096
SZ001219,青岛食品,12543.0,13.26,13.03,1.77,2585484525.0,1.39,23.135,2.4,2.715
SZ300780,德恩精工,12534.0,17.67,17.94,-1.51,2591658900.0,4.79,-58.586,2.604,
SZ300985,致远新能,12531.0,32.84,33.44,-1.79,6125069843.0,1.14,-62.126,7.234,
SZ300715,凯伦股份,12528.0,13.65,12.9,5.81,5160456620.0,3.22,913.736,2.86,
SZ301160,翔楼新材,12505.0,36.74,37.59,-2.26,6125179457.0,3.53,30.971,3.171,1.298
SZ300810,中科海讯,12480.0,22.72,22.63,0.4,2682096000.0,2.51,-110.108,3.655,0.088
SZ300126,锐奇股份,12464.0,6.51,6.59,-1.21,1978763976.0,2.68,-32.944,2.017,
SZ301232,飞沃科技,12460.0,74.37,77.2,-3.67,7839232004.0,8.6,642.086,5.596,0.134
SZ002921,联诚精密,12457.0,18.68,19.08,-2.1,2782761972.0,3.71,1819.581,2.121,
SZ300163,先锋新材,12429.0,6.93,7.2,-3.75,3284820000.0,6.53,-198.153,6.118,
SZ300746,汉嘉数智,12407.0,15.6,15.18,2.77,3521517917.0,4.55,48.298,4.233,
SZ002790,瑞尔特,12391.0,6.56,6.51,0.77,2741242288.0,5.48,-62.392,1.338,0.229
SZ301015,百洋医药,12273.0,25.94,25.94,0.0,13634688557.0,1.58,25.428,5.941,2.201
SZ300610,晨化股份,12244.0,10.52,10.55,-0.28,2231158186.0,2.84,32.157,1.885,1.426
SZ300218,安利股份,12241.0,12.61,12.56,0.4,2736206070.0,1.18,38.317,1.847,2.03
SZ300912,凯龙高科,12238.0,18.41,18.63,-1.18,2096619168.0,3.98,-18.837,4.901,
SZ301235,华康洁净,12221.0,38.9,39.7,-2.02,5416827995.0,6.27,48.138,2.192,0.386
SZ003038,鑫铂股份,12210.0,10.53,10.63,-0.94,2562005620.0,2.14,-9.095,0.926,
SZ300606,金太阳,12186.0,30.25,30.91,-2.14,4185021737.0,6.73,228.016,6.319,0.661
SZ300867,圣元环保,12178.0,16.81,16.88,-0.41,4567967101.0,2.28,13.846,1.118,0.547
SZ301039,中集车辆,12173.0,7.41,7.25,2.21,13887261952.0,1.34,16.633,0.985,3.657
SZ002692,远程股份,12152.0,4.76,4.33,9.93,3418374960.0,2.39,-31.326,3.091,0.42
SZ001222,源飞宠物,12139.0,15.59,15.27,2.1,2975975100.0,3.25,36.462,2.08,
SZ300514,友讯达,12117.0,10.21,10.32,-1.07,2042000000.0,1.91,-62134.84,1.974,5.877
SZ300587,天铁科技,12090.0,4.77,4.54,5.07,6192742162.0,2.41,-52.598,2.722,
SZ001248,华润新能源,12060.0,11.65,11.55,0.87,155196789819.0,3.37,32.932,1.11,
SZ300996,普联软件,11989.0,12.0,11.62,3.27,4749555180.0,5.39,69.504,3.698,0.592
SZ002259,升达林业,11962.0,5.1,5.15,-0.97,3836874162.0,4.86,18.514,8.151,
SZ300797,钢研纳克,11910.0,13.06,12.88,1.4,4995100123.0,1.01,28.646,3.693,0.988
SZ301000,肇民科技,11875.0,22.58,22.68,-0.44,5500236368.0,1.77,39.538,4.227,0.974
SZ300787,海能实业,11863.0,11.45,11.33,1.06,3588808079.0,5.26,6946.564,2.595,1.747
SZ300880,迦南智能,11849.0,17.86,17.99,-0.72,3485151821.0,1.38,70.459,3.27,0.84
SZ300214,日科化学,11816.0,10.17,9.72,4.63,4728059584.0,8.14,-8000.525,1.948,
SZ301517,陕西华达,11777.0,33.08,34.14,-3.1,5002932530.0,3.78,-55.187,3.999,
SZ301004,嘉益股份,11728.0,32.82,33.88,-3.13,4785361519.0,1.43,15.802,2.529,2.386
SZ003020,立方制药,11684.0,17.3,16.96,2.0,3948182091.0,2.01,24.196,2.146,2.41
SZ002774,快意电梯,11674.0,18.83,19.04,-1.1,6339833157.0,8.62,114.793,5.598,1.593
SZ300885,海昌新材,11672.0,17.96,17.74,1.24,4456806328.0,2.18,65.125,4.875,0.451
SZ300943,春晖智控,11610.0,30.91,31.5,-1.87,6300076200.0,6.3,103.249,6.211,0.421
SZ300539,横河精密,11544.0,16.46,16.92,-2.72,4422426087.0,3.31,96.374,3.837,1.154
SZ000668,荣丰控股,11504.0,18.69,18.69,0.0,2808930735.0,0.0,103.898,3.73,0.835
SZ300952,恒辉安防,11486.0,15.88,16.1,-1.37,3831986523.0,2.92,56.208,2.21,0.938
SZ301025,读客文化,11450.0,10.46,9.85,6.19,4187236324.0,5.75,308.737,6.685,0.143
SZ002919,名臣健康,11442.0,16.32,16.5,-1.09,4343340597.0,2.33,-243.7,5.504,0.306
SZ300664,鹏鹞环保,11431.0,4.72,4.67,1.07,3553500767.0,1.46,24.169,0.803,2.076
SZ300968,格林精密,11380.0,9.37,9.37,0.0,3873370600.0,1.61,-40.187,2.212,
SZ300938,信测标准,11378.0,26.72,27.66,-3.4,9107833522.0,4.37,43.505,4.736,0.801
SZ300942,易瑞生物,11359.0,6.63,6.51,1.84,2685686665.0,1.36,-322.678,3.305,0.377
SZ300791,仙乐健康,11311.0,18.59,18.09,2.76,5729915242.0,0.83,44.648,1.992,0.699
SZ300882,万胜智能,11308.0,13.38,13.15,1.75,3829371895.0,0.84,48.257,3.026,1.495
SZ301327,华宝新能,11305.0,42.58,41.92,1.57,7425158138.0,1.21,-78.111,1.218,
SZ301348,蓝箭电子,11304.0,20.29,20.94,-3.1,4869600000.0,3.9,-208.112,3.29,
SZ003033,征和工业,11304.0,84.62,82.22,2.92,6917685000.0,2.72,44.281,4.849,0.591
SZ300927,江天化学,11267.0,27.11,27.38,-0.99,3913599600.0,6.05,49.751,3.832,0.277
SZ300281,金明精机,11238.0,6.88,6.87,0.15,2882194230.0,1.66,-956.139,2.32,0.581
SZ301117,ST佳缘,11211.0,11.93,11.7,1.97,2157374291.0,4.16,-18.648,1.804,
SZ301398,星源卓镁,11197.0,36.49,36.8,-0.84,4086934516.0,4.37,-74.252,3.962,0.411
SZ301137,哈焊华通,11146.0,30.13,30.32,-0.63,5478037742.0,1.64,125.048,3.952,0.282
SZ001316,润贝航科,11142.0,26.77,26.61,0.6,4314295711.0,2.48,19.745,3.178,2.469
SZ002899,英派斯,11086.0,20.34,19.85,2.47,3006190492.0,2.91,54.855,1.732,0.403
SZ300848,美瑞新材,11061.0,10.93,10.92,0.09,4676811763.0,1.15,68.123,3.042,0.457
SZ002949,华阳国际,11038.0,12.79,12.89,-0.78,2507964062.0,3.53,27.677,1.718,1.564
SZ003004,声迅股份,11016.0,58.24,57.93,0.54,4767752255.0,2.14,-297.889,7.691,
SZ300518,新迅达,11015.0,25.39,25.4,-0.04,5063059915.0,6.33,-34.184,8.189,
SZ301363,美好医疗,10982.0,15.52,15.38,0.91,12353405233.0,2.16,42.147,3.346,1.289
SZ301141,中科磁业,10900.0,35.31,35.05,0.74,4379591283.0,1.55,213.523,3.477,0.566
SZ300575,中旗股份,10877.0,6.19,6.11,1.31,2962443936.0,3.22,-36.679,1.476,
SZ002868,绿康生化,10854.0,22.1,22.11,-0.05,3434689998.0,1.79,-46.809,48.412,
SZ300592,华凯易佰,10852.0,17.65,18.15,-2.75,6905197657.0,3.32,25.113,2.904,1.394
SZ300933,中辰股份,10835.0,6.51,6.46,0.77,3561558856.0,1.84,-602.422,1.67,
SZ002485,ST雪发,10822.0,6.0,6.03,-0.5,3264000000.0,0.46,-16.706,3.249,
SZ300982,苏文电能,10785.0,14.33,14.32,0.07,2965810542.0,1.05,-40.516,1.04,
SZ301291,明阳电气,10752.0,36.16,37.12,-2.59,11373884932.0,6.02,30.819,2.176,1.244
SZ300636,同和药业,10751.0,7.16,7.1,0.85,3006852704.0,1.23,76.753,1.267,0.559
SZ301079,邵阳液压,10746.0,26.72,27.73,-3.64,2897990652.0,9.5,397.952,6.031,0.075
SZ300798,锦鸡股份,10746.0,8.3,8.34,-0.48,4093163169.0,6.03,-108.882,2.171,
SZ300605,恒锋信息,10741.0,10.75,10.47,2.67,1775325144.0,6.21,-27.029,4.307,
SZ301110,青木科技,10713.0,35.42,33.92,4.42,4588642086.0,3.78,29.02,2.957,0.807
SZ002811,郑中设计,10712.0,18.4,16.73,9.98,5666648092.0,7.3,33.844,3.784,1.587
SZ300817,双飞集团,10660.0,16.51,16.8,-1.73,3604103942.0,3.75,46.465,3.42,1.381
SZ300670,大烨智能,10625.0,7.04,7.18,-1.95,2231120172.0,4.3,-14.12,5.065,
SZ300549,优德精密,10617.0,14.76,14.83,-0.47,1968098400.0,2.41,295.624,3.594,0.339
SZ002981,朝阳科技,10577.0,22.72,21.97,3.41,3102614005.0,3.73,107.964,2.97,0.739
SZ003016,欣贺股份,10577.0,7.66,7.5,2.13,3221195548.0,1.78,68.773,1.184,
SZ001234,泰慕士,10539.0,23.76,23.26,2.15,2580088896.0,10.06,63.431,2.797,1.229
SZ001205,盛航股份,10503.0,14.46,14.54,-0.55,2718531188.0,2.79,21.404,1.253,1.024
SZ003019,宸展光电,10497.0,25.24,25.62,-1.48,4457160222.0,2.71,25.549,2.626,1.985
SZ301345,涛涛车业,10464.0,210.05,215.0,-2.3,22905757364.0,1.79,22.576,5.799,0.714
SZ300873,海晨股份,10449.0,14.14,14.2,-0.42,4556574418.0,5.67,30.19,1.438,1.662
SZ002817,黄山胶囊,10427.0,6.83,6.82,0.15,2042840501.0,1.63,34.292,2.097,1.259
SZ301026,浩通科技,10421.0,18.73,19.48,-3.85,4150260472.0,5.3,17.591,2.398,1.527
SZ301196,唯科科技,10413.0,78.01,80.47,-3.06,12810289050.0,5.93,51.745,3.851,1.277
SZ003002,壶化股份,10412.0,15.5,15.54,-0.26,3763420367.0,1.9,27.588,1.763,1.065
SZ001296,长江材料,10398.0,19.26,19.27,-0.05,2881124316.0,2.39,27.355,1.581,2.061
SZ300950,德固特,10337.0,19.16,19.46,-1.54,2943819040.0,2.59,54.45,3.608,1.044
SZ301162,国能日新,10310.0,36.43,35.59,2.36,6802434337.0,1.44,44.057,4.198,1.318
SZ002836,新宏泽,10302.0,11.44,11.68,-2.05,2635776000.0,3.65,73.618,7.31,1.713
SZ301201,诚达药业,10282.0,30.09,29.85,0.8,4655338964.0,6.02,-207.36,2.22,0.651
SZ002871,伟隆股份,10216.0,16.72,16.71,0.06,4210996288.0,1.91,33.849,3.784,2.386
SZ301073,君亭酒店,10206.0,16.84,16.65,1.14,3274555615.0,2.7,123.948,3.686,0.594
SZ002816,*ST和科,10177.0,21.3,21.35,-0.23,2130000000.0,1.15,144.841,9.506,
SZ301606,绿联科技,10148.0,47.49,45.73,3.85,19704066687.0,2.78,22.888,5.523,1.263
SZ200028,一致B,10131.0,12.0,11.93,0.59,7346659008.0,0.12,5.826,0.332,5.35
SZ300976,达瑞电子,10115.0,52.11,53.43,-2.47,9751445654.0,3.29,31.199,2.652,0.952
SZ300557,理工光科,10110.0,23.38,23.66,-1.18,3673658275.0,1.5,78.492,3.626,0.659
SZ002802,洪汇新材,10103.0,12.51,12.59,-0.64,2267386084.0,2.11,46.698,3.481,1.255
SZ300512,中亚股份,10063.0,7.32,7.37,-0.68,2995617585.0,1.28,102.215,1.824,0.273
SZ301566,达利凯普,10024.0,21.95,22.76,-3.56,8780219500.0,8.29,46.441,5.519,0.137
SZ301226,祥明智能,9975.0,37.03,36.55,1.31,4028864000.0,2.76,729.469,4.432,0.162
SZ301159,三维天地,9941.0,31.6,31.38,0.7,2444260000.0,3.93,74.789,3.89,
SZ001300,三柏硕,9933.0,14.86,13.51,9.99,3622510082.0,3.41,-36.834,3.823,
SZ002942,新农股份,9917.0,17.16,17.32,-0.92,2668049155.0,4.33,24.932,2.084,2.331
SZ300650,太龙股份,9908.0,11.5,11.59,-0.78,2776130728.0,3.64,82.152,1.948,0.296
SZ301261,恒工精密,9879.0,50.1,50.85,-1.47,5283958574.0,2.16,41.679,3.229,0.814
SZ300515,三德科技,9865.0,16.21,16.02,1.19,3335280445.0,2.15,15.891,3.552,2.406
SZ301038,深水规院,9833.0,17.14,17.7,-3.16,3823591200.0,2.5,59.282,4.167,0.484
SZ301600,慧翰股份,9817.0,74.05,73.43,0.84,7739965175.0,2.44,65.664,6.298,1.35
SZ300837,浙矿股份,9814.0,22.14,22.27,-0.58,2214176212.0,2.03,37.147,1.6,1.355
SZ301153,中科江南,9813.0,17.76,16.7,6.35,6316601875.0,1.67,47.016,3.486,0.895
SZ300795,米奥会展,9811.0,12.96,12.6,2.86,3873664555.0,9.06,36.403,6.739,1.528
SZ001313,粤海饲料,9802.0,7.26,7.08,2.54,5082000000.0,2.24,81.945,1.947,
SZ300371,汇中股份,9795.0,10.02,10.09,-0.69,2016197306.0,1.96,49.842,1.742,0.988
SZ301248,杰创智能,9717.0,49.65,51.16,-2.95,7631453250.0,3.88,-917.729,5.011,
SZ300951,博硕科技,9717.0,76.57,79.11,-3.21,12971003712.0,3.62,884.032,5.987,0.782
SZ300961,深水海纳,9714.0,11.77,11.84,-0.59,2086585600.0,5.16,-9.528,3.991,
SZ300778,新城市,9712.0,10.86,10.95,-0.82,2211743712.0,2.0,-48.831,1.859,
SZ301218,华是科技,9693.0,75.72,68.0,11.35,8635108800.0,28.05,-291.569,9.52,
SZ301061,匠心家居,9664.0,38.44,39.21,-1.96,10986000200.0,1.25,14.985,2.506,2.289
SZ301509,金凯生科,9645.0,30.31,30.36,-0.16,3650738537.0,5.65,57.656,1.717,2.969
SZ300732,设研院,9645.0,5.84,5.85,-0.17,2164070820.0,1.52,-11.911,0.784,
SZ300928,华安鑫创,9630.0,23.51,23.98,-1.96,1880800000.0,3.32,-15.093,1.906,
SZ301179,泽宇智能,9598.0,19.2,19.55,-1.79,7764625325.0,1.13,44.79,3.111,0.984
SZ300652,雷迪克,9596.0,26.44,26.77,-1.23,3526846724.0,2.51,37.046,2.277,0.378
SZ300922,天秦装备,9577.0,16.91,17.02,-0.65,2720013746.0,3.93,77.798,2.753,1.183
SZ301311,昆船智能,9571.0,16.94,17.38,-2.53,4065600000.0,7.63,-32.493,2.412,
SZ002973,侨银股份,9516.0,12.77,12.46,2.49,5218661589.0,4.34,50.788,2.05,0.783
SZ300962,中金辐照,9482.0,13.0,13.12,-0.91,3432024661.0,1.03,36.422,3.28,0.692
SZ300597,吉大通信,9434.0,8.01,7.95,0.75,2183285940.0,1.51,-26.476,2.351,
SZ300940,南极光,9431.0,13.05,13.01,0.31,2905509055.0,2.6,128.84,2.474,
SZ300956,英力股份,9388.0,10.95,11.01,-0.54,2358932877.0,2.64,-94.184,1.789,0.913
SZ200581,苏威孚B,9375.0,13.26,13.08,1.38,12819578289.0,0.33,9.097,0.546,8.688
SZ300891,惠云钛业,9361.0,7.58,7.59,-0.13,3032063975.0,2.71,-50.323,2.477,
SZ300154,瑞凌股份,9360.0,13.37,13.56,-1.4,6010553037.0,3.75,63.383,3.51,1.496
SZ300991,创益通,9324.0,24.73,24.89,-0.64,3561120000.0,5.88,-183.316,5.773,
SZ300822,贝仕达克,9322.0,11.02,11.07,-0.45,3433128924.0,1.11,337.876,2.787,0.272
SZ300733,西菱动力,9302.0,12.6,12.29,2.52,4997189459.0,2.13,50.56,2.81,
SZ300536,农尚环境,9299.0,8.01,7.98,0.38,2349237945.0,1.96,-9.619,8.789,
SZ300521,爱司凯,9299.0,22.75,23.42,-2.86,3406357500.0,1.69,-189.6,6.524,
SZ301315,威士顿,9294.0,43.12,42.26,2.04,3794560000.0,2.83,158.267,3.76,0.696
SZ300828,锐新科技,9261.0,15.82,16.11,-1.8,2632796040.0,7.86,95.737,3.341,0.373
SZ300949,奥雅股份,9260.0,23.81,24.24,-1.77,2071470000.0,2.42,-17.457,3.749,
SZ301096,百诚医药,9165.0,45.65,46.18,-1.15,4986271165.0,3.73,-54.26,2.001,
SZ003041,真爱美家,9090.0,39.43,38.36,2.79,5677920000.0,1.84,103.99,3.825,
SZ001266,宏英智能,9077.0,40.64,41.62,-2.35,4212403544.0,15.96,98.829,4.372,0.723
SZ301206,三元生物,9057.0,25.31,25.13,0.72,5120863467.0,3.34,60.727,1.222,4.883
SZ003011,海象新材,9049.0,19.7,19.78,-0.4,2022717200.0,4.18,28.151,1.458,1.508
SZ301299,卓创资讯,9014.0,45.85,43.76,4.78,2781381127.0,4.53,41.536,4.772,3.049
SZ001308,康冠科技,9013.0,18.06,17.67,2.21,12715888715.0,0.36,29.166,1.628,5.316
SZ301520,万邦医药,9012.0,69.33,67.81,2.24,6459571290.0,29.75,661.771,4.316,0.307
SZ001306,夏厦精密,8919.0,53.85,54.13,-0.52,3388645875.0,5.6,-37.416,2.696,
SZ300321,同大股份,8913.0,31.8,30.96,2.71,2823840000.0,7.17,390.679,4.447,0.119
SZ001328,登康口腔,8901.0,30.75,30.5,0.82,5294344350.0,1.14,26.834,3.593,2.764
SZ001391,国货航,8881.0,4.05,3.9,3.85,49445968961.0,1.03,21.857,1.852,2.148
SZ003003,天元股份,8876.0,11.16,11.26,-0.89,1972195200.0,4.39,35.104,1.522,1.765
SZ001399,惠科股份,8870.0,20.03,20.52,-2.39,148368263787.0,5.78,42.428,3.485,0.449
SZ300959,线上线下,8852.0,85.1,83.73,1.64,6839299780.0,4.37,-264.523,6.2,
SZ300987,川网传媒,8846.0,15.15,14.02,8.06,2626525200.0,6.86,140.975,3.345,0.759
SZ301326,捷邦科技,8833.0,87.88,90.5,-2.9,6389730897.0,2.5,-115.173,5.3,
SZ300818,耐普矿机,8768.0,15.76,15.64,0.77,3457865431.0,4.41,70.528,1.937,0.945
SZ301216,万凯新材,8731.0,16.89,17.11,-1.29,9799677296.0,2.59,14.51,1.494,0.888
SZ301428,世纪恒通,8720.0,27.28,26.31,3.69,2691626676.0,5.49,-64.5,2.211,
SZ300774,倍杰特,8716.0,9.55,9.49,0.63,3903692953.0,3.16,252.637,2.68,0.262
SZ301662,宏工科技,8712.0,78.18,76.43,2.29,9068880000.0,18.62,90.596,5.971,0.53
SZ301335,天元宠物,8702.0,24.09,24.04,0.21,3078651411.0,2.48,74.176,1.582,0.399
SZ301596,瑞迪智驱,8696.0,42.47,42.98,-1.19,4588094407.0,2.58,45.571,5.055,0.337
SZ301082,久盛电气,8693.0,9.75,9.69,0.62,2868468779.0,2.02,64.763,2.76,0.636
SZ002830,名雕股份,8669.0,15.13,14.95,1.2,2812606480.0,3.6,64.846,4.248,0.932
SZ001282,三联锻造,8628.0,16.36,16.64,-1.68,3634956416.0,2.38,46.694,2.206,0.947
SZ301111,粤万年青,8620.0,20.9,21.06,-0.76,3344000000.0,2.25,564.313,4.483,0.239
SZ003017,大洋生物,8619.0,22.68,22.78,-0.44,2286144000.0,2.32,21.402,1.951,2.425
SZ301017,漱玉平民,8611.0,14.38,14.37,0.07,5832630458.0,3.04,56.214,2.919,0.313
SZ300668,杰恩股份,8599.0,29.62,29.68,-0.2,3565693306.0,3.38,218.028,4.492,
SZ301066,万事利,8570.0,12.6,12.3,2.44,2960031199.0,1.86,87.067,2.308,0.397
SZ301267,华厦眼科,8569.0,15.16,15.06,0.66,12734400000.0,0.61,28.258,2.349,1.702
SZ200761,本钢板B,8547.0,0.92,0.91,1.1,3779718894.0,0.07,-0.725,0.633,
SZ301393,昊帆生物,8537.0,62.4,63.27,-1.38,6739200000.0,7.66,61.538,2.807,0.429
SZ300948,冠中生态,8508.0,16.84,17.28,-2.55,2768172419.0,2.32,-52.124,2.789,
SZ301187,欧圣电气,8463.0,15.27,15.32,-0.33,3892834927.0,1.25,209.964,2.687,1.31
SZ301379,天山电子,8449.0,18.04,18.42,-2.06,5005770193.0,5.26,49.386,3.461,0.782
SZ300916,朗特智能,8447.0,26.59,26.72,-0.49,3846084146.0,4.53,75.531,2.903,1.128
SZ300695,兆丰股份,8432.0,47.36,47.18,0.38,4842887921.0,1.24,16.488,1.672,0.313
SZ300550,和仁科技,8423.0,13.95,13.85,0.72,3662713967.0,3.07,187.026,3.293,0.215
SZ002968,新大正,8363.0,9.91,9.91,0.0,2242412830.0,2.55,23.331,1.745,1.504
SZ301158,德石股份,8320.0,14.07,14.32,-1.75,2743863343.0,2.42,26.625,1.96,1.087
SZ301035,润丰股份,8280.0,48.41,48.97,-1.14,17645699927.0,0.38,17.81,2.298,3.028
SZ301033,迈普医学,8276.0,53.15,52.26,1.7,3594588819.0,1.91,29.365,4.392,1.3
SZ301136,招标股份,8256.0,12.42,12.33,0.73,3418043864.0,3.98,307.093,2.358,
SZ301202,朗威股份,8245.0,33.49,34.75,-3.63,4568036000.0,2.62,77.855,3.797,0.597
SZ301166,优宁维,8233.0,36.42,35.11,3.73,3138255605.0,11.5,-146.89,1.623,1.631
SZ001379,腾达科技,8226.0,15.81,15.96,-0.94,3162000000.0,3.06,53.765,2.1,1.265
SZ300614,百川畅银,8218.0,10.26,10.38,-1.16,1646121869.0,2.53,-3.949,2.373,
SZ300878,维康药业,8205.0,29.9,29.35,1.87,4329230628.0,1.06,-23.354,4.874,
SZ300555,ST路通,8202.0,12.12,12.28,-1.3,2424000000.0,0.58,-26.371,6.096,
SZ301323,新莱福,8200.0,67.15,68.3,-1.68,7157141789.0,2.06,45.654,3.139,0.588
SZ301538,骏鼎达,8198.0,37.65,38.2,-1.44,4132464000.0,3.94,23.532,2.771,1.1
SZ301522,上大股份,8156.0,21.3,21.49,-0.88,7920760007.0,1.74,77.518,4.061,0.343
SZ300665,飞鹿股份,8121.0,8.85,8.64,2.43,2031435461.0,3.98,-10.051,4.634,
SZ300988,津荣天宇,8074.0,16.0,16.32,-1.96,3151329584.0,3.37,32.19,2.388,0.875
SZ001229,魅视科技,8026.0,36.66,35.34,3.74,5258220786.0,5.19,96.293,5.263,0.584
SZ001228,永泰运,8007.0,38.67,37.95,1.9,4016444430.0,4.02,39.804,2.265,1.484
SZ300805,电声股份,7985.0,9.1,8.5,7.06,3862423583.0,9.79,123.133,2.467,0.33
SZ301118,恒光股份,7971.0,25.56,24.17,5.75,2814437160.0,13.11,71.326,1.997,
SZ301009,可靠股份,7946.0,9.26,9.18,0.87,2517423600.0,1.9,-36621.684,1.934,1.274
SZ301583,托伦斯,7934.0,113.99,117.53,-3.01,21142146151.0,15.97,278.863,11.249,
SZ300756,金马游乐,7848.0,31.2,29.1,7.22,6883888315.0,5.48,75.868,4.642,0.276
SZ300884,狄耐克,7810.0,11.88,11.98,-0.83,3015890302.0,3.74,68.658,2.342,0.825
SZ301010,晶雪节能,7804.0,20.87,21.15,-1.32,2253960000.0,6.47,380.116,2.705,
SZ301048,金鹰重工,7794.0,9.1,9.03,0.78,4853333940.0,0.62,23.304,1.695,1.187
SZ300935,盈建科,7777.0,27.02,26.82,0.75,2146216974.0,2.61,-25.064,2.976,
SZ300749,顶固集创,7749.0,21.53,21.15,1.8,4417297182.0,2.64,40.705,6.528,
SZ301419,阿莱德,7722.0,39.75,40.67,-2.26,5962500000.0,4.66,100.685,6.336,0.805
SZ300893,松原安全,7715.0,15.51,14.54,6.67,7351136320.0,9.33,22.331,3.452,0.503
SZ301049,超越科技,7676.0,20.67,20.82,-0.72,1948216414.0,2.01,-16.389,3.829,
SZ301330,熵基科技,7671.0,25.68,24.73,3.84,6043827804.0,1.86,30.048,1.766,1.865
SZ301092,争光股份,7567.0,41.06,40.5,1.38,5524018761.0,3.73,64.685,2.817,0.631
SZ301408,华人健康,7538.0,15.15,14.69,3.13,6060151500.0,6.84,27.113,2.86,0.66
SZ003013,地铁设计,7534.0,17.13,17.35,-1.27,7861447209.0,2.83,21.133,2.375,1.816
SZ301152,天力锂能,7531.0,24.96,22.93,8.85,2963750575.0,26.59,-23.548,2.446,
SZ301468,博盈特焊,7497.0,28.24,29.01,-2.65,4776740650.0,4.35,193.702,2.103,0.545
SZ301126,达嘉维康,7491.0,10.57,10.47,0.96,2171111824.0,2.14,-9.196,1.446,0.208
SZ301257,普蕊斯,7475.0,40.3,40.21,0.22,3183892231.0,5.63,54.825,2.515,0.367
SZ301289,国缆检测,7437.0,44.85,44.58,0.61,3498300000.0,0.85,37.034,3.401,0.936
SZ301193,家联科技,7421.0,20.95,20.94,0.05,5046468074.0,2.66,-49.404,2.351,
SZ301208,中亦科技,7407.0,30.55,29.26,4.41,3666001833.0,2.93,66.114,2.341,0.426
SZ300710,万隆光电,7370.0,27.03,27.52,-1.78,2689222809.0,6.22,-93.293,6.269,
SZ300971,博亚精工,7370.0,17.5,17.69,-1.07,2058000000.0,2.42,28.371,1.943,1.989
SZ301072,中捷精工,7353.0,43.15,42.45,1.65,4524860802.0,2.84,-85.195,6.408,
SZ301182,凯旺科技,7338.0,54.13,55.98,-3.3,5186828621.0,3.94,-33.817,8.329,
SZ301367,瑞迈特,7334.0,46.71,46.19,1.13,5852032222.0,2.3,26.493,1.913,1.006
SZ300978,东箭科技,7327.0,8.83,8.76,0.8,3732465185.0,1.14,29.793,2.365,3.964
SZ301103,何氏眼科,7292.0,17.18,17.04,0.82,2714894772.0,1.97,110.608,1.421,0.856
SZ301689,电科思仪,7275.0,71.01,72.2,-1.65,65890458211.0,32.23,148.192,15.351,
SZ301266,宇邦新材,7270.0,23.91,24.09,-0.75,3418520295.0,2.51,55.851,1.873,0.979
SZ002972,科安达,7255.0,13.52,13.77,-1.82,3326038976.0,8.64,40.219,2.692,1.834
SZ301263,泰恩康,7214.0,19.14,18.52,3.35,9772826580.0,1.26,-2065.388,5.924,0.219
SZ301371,敷尔佳,7199.0,21.24,20.58,3.21,11047008960.0,4.63,24.068,1.996,3.766
SZ301255,通力科技,7190.0,18.46,18.71,-1.34,2811827200.0,0.89,122.923,2.651,0.65
SZ301270,汉仪股份,7186.0,32.06,30.95,3.59,3206000000.0,2.19,325.651,3.368,0.312
SZ301678,新恒汇,7160.0,49.7,50.36,-1.31,11905906710.0,3.18,167.708,6.615,1.006
SZ300995,奇德新材,7138.0,25.18,25.78,-2.33,2319353696.0,3.07,87.695,2.556,0.755
SZ301175,中科环保,7125.0,5.63,5.57,1.08,8286684400.0,2.28,20.054,2.181,3.02
SZ301055,张小泉,7116.0,28.49,29.09,-2.06,4444440000.0,2.08,71.396,6.448,1.404
SZ301239,普瑞眼科,7114.0,31.33,31.12,0.67,4687564774.0,1.07,374.445,2.201,0.951
SZ300881,盛德鑫泰,7104.0,29.33,29.02,1.07,3226300000.0,2.15,14.42,2.57,0.846
SZ300993,玉马科技,7101.0,9.88,9.9,-0.2,3044336256.0,1.17,23.724,1.95,1.994
SZ301001,凯淳股份,7087.0,25.57,25.06,2.04,2045600000.0,3.03,-168.659,2.658,
SZ001268,联合精密,7079.0,24.15,24.28,-0.54,3639469408.0,4.17,-388.244,3.723,0.882
SZ301215,中汽股份,7072.0,5.46,5.34,2.25,7228494000.0,0.93,29.281,2.431,1.813
SZ001299,美能能源,7072.0,10.19,10.25,-0.59,3201852756.0,2.62,34.763,2.853,3.729
SZ301022,海泰科,7065.0,21.99,21.99,0.0,2203770203.0,1.52,-957.085,1.578,1.355
SZ301116,益客食品,7058.0,9.4,9.3,1.08,4220408174.0,0.73,-65.096,2.69,
SZ301178,天亿马,7056.0,32.86,33.32,-1.38,3059406115.0,2.46,761.259,3.913,0.107
SZ300621,维业股份,7047.0,7.04,7.1,-0.85,1464719168.0,2.66,-2.713,3.581,
SZ001311,多利科技,7044.0,16.42,16.28,0.86,6628132240.0,2.09,26.993,1.384,
SZ300594,ST朗进,7023.0,14.86,15.07,-1.39,1365239467.0,2.11,-22.357,1.866,
SZ300635,中达安,7021.0,11.73,11.78,-0.42,1642364220.0,4.46,-20.481,5.093,
SZ301199,迈赫股份,7020.0,17.96,17.93,0.17,3352700960.0,0.6,48.337,1.733,0.947
SZ301190,善水科技,7012.0,43.99,39.52,11.31,9441859635.0,13.52,86.409,4.727,0.327
SZ301318,维海德,7010.0,21.52,21.17,1.65,2911632005.0,1.56,78.539,1.59,1.989
SZ301607,富特科技,7004.0,38.83,40.16,-3.31,9091218547.0,5.09,29.721,4.797,0.286
SZ300915,海融科技,6993.0,24.13,23.78,1.47,3036501537.0,3.6,-340.572,2.035,1.654
SZ001323,慕思股份,6954.0,18.99,18.64,1.88,8262183708.0,0.54,22.74,1.952,5.24
SZ300743,天地数码,6879.0,14.38,14.42,-0.28,2174318165.0,1.74,19.253,3.581,4.458
SZ301577,美信科技,6872.0,52.41,53.49,-2.02,2370478095.0,7.43,-69.086,3.231,
SZ300839,博汇股份,6823.0,12.35,12.75,-3.14,3558454171.0,2.83,180.397,4.682,
SZ300864,南大环境,6794.0,25.42,25.02,1.6,4044427951.0,1.7,26.433,3.074,3.32
SZ301027,华蓝集团,6790.0,16.91,17.28,-2.14,2485770000.0,3.39,-69.504,2.797,
SZ300736,百邦科技,6786.0,35.54,34.89,1.86,4546785875.0,5.74,-172.618,71.408,
SZ300845,捷安高科,6781.0,14.03,14.14,-0.78,2885144633.0,5.19,88.319,3.66,1.411
SZ300564,筑博设计,6767.0,12.56,12.62,-0.48,2026118912.0,2.05,46.143,1.682,1.99
SZ300626,华瑞股份,6741.0,27.7,27.63,0.25,4986000000.0,2.01,350.238,9.384,0.061
SZ301383,天键股份,6739.0,22.34,22.33,0.04,3647742220.0,2.6,-43.591,1.881,
SZ300932,三友联众,6732.0,10.35,10.68,-3.09,4638306929.0,3.26,41.342,2.598,1.314
SZ002857,三晖电气,6715.0,16.9,17.42,-2.99,2261473500.0,2.05,-32.212,4.894,
SZ301023,奕帆传动,6702.0,28.58,28.05,1.89,2666527718.0,6.06,44.644,3.227,2.274
SZ301002,崧盛股份,6675.0,27.1,28.16,-3.76,3656783974.0,8.52,105.648,3.267,
SZ301149,隆华新材,6673.0,8.02,7.92,1.26,4483180184.0,3.47,22.266,2.036,1.434
SZ300970,华绿生物,6666.0,17.85,17.32,3.06,2854284080.0,6.93,13.588,1.738,2.106
SZ301256,华融化学,6661.0,9.97,9.83,1.42,4785600000.0,1.0,68.489,2.801,1.304
SZ301231,荣信文化,6634.0,30.15,28.28,6.61,2544660000.0,9.94,-69.499,3.154,
SZ301121,紫建电子,6627.0,35.3,35.39,-0.25,3488559812.0,2.27,-1732.989,2.101,
SZ002872,ST天圣,6573.0,5.97,6.12,-2.45,1898460000.0,3.36,-44.269,0.985,
SZ301328,维峰电子,6571.0,46.08,47.4,-2.78,7342650363.0,2.56,76.022,3.678,0.731
SZ301168,通灵股份,6563.0,42.18,42.02,0.38,5061600000.0,2.75,-1923.072,2.384,0.052
SZ301090,华润材料,6551.0,7.12,7.08,0.56,10473045068.0,0.39,36.381,1.631,0.365
SZ001255,博菲电气,6544.0,27.27,27.01,0.96,2372713178.0,1.99,303.417,2.571,0.147
SZ301556,托普云农,6543.0,60.92,58.72,3.75,5195257600.0,4.87,53.231,5.155,0.386
SZ300930,屹通新材,6532.0,25.34,26.02,-2.61,2534000000.0,3.63,41.283,2.667,0.395
SZ300907,康平科技,6443.0,51.66,53.48,-3.4,4959360000.0,4.61,132.14,6.185,0.484
SZ301220,亚香股份,6441.0,28.11,28.49,-1.33,3176623790.0,2.51,109.055,1.844,0.53
SZ001376,百通能源,6431.0,12.18,12.25,-0.57,5951148000.0,6.62,30.402,3.807,0.772
SZ301157,华塑科技,6429.0,60.33,60.2,0.22,3619800000.0,2.41,111.828,3.265,0.249
SZ002998,优彩资源,6409.0,7.97,8.03,-0.75,2827921553.0,3.52,30.042,1.616,4.642
SZ002986,宇新股份,6393.0,12.67,12.75,-0.63,4816138037.0,1.15,100.402,1.21,0.781
SZ301036,双乐股份,6374.0,22.2,22.28,-0.36,2220009080.0,1.69,357.685,1.363,1.351
SZ301040,中环海陆,6339.0,25.08,25.08,0.0,2508027638.0,1.9,-30.65,3.684,
SZ002963,豪尔赛,6334.0,19.49,20.11,-3.08,2930515036.0,4.56,-24.008,2.521,
SZ301131,聚赛龙,6321.0,33.4,33.73,-0.98,1825725262.0,2.75,122.592,1.703,0.539
SZ301028,鼎熔岩,6304.0,12.78,12.96,-1.39,4937236823.0,1.73,20.527,2.803,1.557
SZ003008,开普检测,6293.0,19.8,19.76,0.2,2059200000.0,1.57,25.699,1.975,5.051
SZ301225,恒勃股份,6264.0,54.64,55.1,-0.83,7873196770.0,6.72,66.854,4.831,0.388
SZ001202,炬申股份,6257.0,15.0,15.07,-0.46,2500366650.0,2.88,40.958,2.844,1.327
SZ300717,华信新材,6238.0,21.06,19.94,5.62,2164441500.0,7.23,43.259,2.918,0.95
SZ300836,佰奥智能,6205.0,50.69,51.28,-1.15,4698233571.0,3.75,46.363,7.357,0.393
SZ001209,洪兴股份,6199.0,19.27,19.43,-0.82,2534442814.0,3.03,99.933,1.966,0.607
SZ301717,超纯应材,6183.0,319.0,321.62,-0.81,32488923126.0,12.69,136.894,12.858,
SZ301696,三瑞智能,6178.0,84.88,85.2,-0.38,33952848800.0,5.79,64.518,16.006,1.031
SZ301138,华研精机,6163.0,28.31,28.25,0.21,3397200000.0,1.98,32.225,2.867,4.239
SZ301212,联盛化学,6146.0,27.44,28.0,-2.0,2963520000.0,4.93,199.464,2.183,0.372
SZ301626,苏州天脉,6133.0,254.19,261.8,-2.91,29404699200.0,5.65,370.503,18.287,0.079
SZ300977,深圳瑞捷,6122.0,19.4,20.08,-3.39,2972047544.0,6.91,171.85,2.149,0.768
SZ301603,乔锋智能,6103.0,110.22,111.67,-1.3,13310167200.0,4.86,29.875,5.008,0.272
SZ301020,密封科技,6080.0,22.02,22.24,-0.99,3223728000.0,2.63,33.088,3.181,1.635
SZ300994,久祺股份,6076.0,11.4,11.37,0.26,2657203200.0,2.21,31.411,2.399,4.912
SZ301479,弘景光电,6070.0,45.11,46.14,-2.23,5618516631.0,3.13,31.6,4.314,0.791
SZ301310,鑫宏业,6067.0,60.1,61.01,-1.49,11529952774.0,8.23,86.324,4.877,0.542
SZ301281,科源制药,6055.0,45.98,45.72,0.57,4979174200.0,2.41,129.121,3.483,0.109
SZ001380,华纬科技,6043.0,18.54,18.81,-1.44,5021637016.0,0.92,18.96,2.484,0.539
SZ300509,新美星,6036.0,8.8,8.75,0.57,2608320000.0,2.21,18.94,3.646,1.818
SZ301589,诺瓦星云,6020.0,152.68,152.96,-0.18,14114960640.0,2.13,22.565,3.454,0.992
SZ301500,飞南资源,6018.0,23.85,24.01,-0.67,13381823993.0,6.92,17.23,2.479,0.231
SZ301499,维科精密,6018.0,24.37,24.79,-1.69,3369271084.0,1.62,60.837,2.583,0.505
SZ300800,力合科技,6000.0,10.54,10.63,-0.85,2495439860.0,1.21,51.469,1.221,0.93
SZ301280,珠城科技,5990.0,39.98,38.88,2.83,7655857996.0,2.82,30.301,3.876,1.278
SZ300998,宁波方正,5989.0,28.53,28.82,-1.01,3913438132.0,3.14,80.104,3.105,0.694
SZ300625,三雄极光,5980.0,9.9,9.95,-0.5,2765376900.0,1.6,-39.472,1.507,2.525
SZ301336,趣睡科技,5976.0,40.19,40.67,-1.18,2086043463.0,2.46,84.188,2.495,0.478
SZ301042,安联锐视,5957.0,28.91,28.75,0.56,2797827522.0,4.28,97.523,2.647,0.969
SZ300640,德艺文创,5954.0,6.22,6.23,-0.16,1934379116.0,4.75,-800.532,2.433,0.402
SZ301129,瑞纳智能,5941.0,22.56,22.8,-1.05,3065168544.0,3.47,24.086,1.682,1.064
SZ301501,恒鑫生活,5941.0,26.8,26.4,1.52,3963720000.0,1.52,24.689,1.898,1.306
SZ300984,金沃股份,5923.0,31.01,30.4,2.01,5967957421.0,3.52,117.448,3.359,0.69
SZ300877,金春股份,5917.0,26.1,26.2,-0.38,3132000000.0,1.55,30.604,1.884,1.276
SZ300980,祥源新材,5911.0,15.97,15.94,0.19,3065202860.0,4.45,32.683,2.133,0.877
SZ301016,雷尔伟,5894.0,14.29,14.48,-1.31,4378584982.0,1.1,65.24,4.263,0.749
SZ301161,唯万密封,5893.0,26.78,27.7,-3.32,3213600000.0,4.35,29.864,3.26,0.624
SZ301551,无线传媒,5885.0,24.18,21.39,13.04,9672241800.0,13.71,38.062,4.13,4.136
SZ200488,ST晨鸣B,5876.0,0.62,0.62,0.0,1823702844.0,0.18,-0.298,9.968,
SZ301333,诺思格,5843.0,62.08,63.5,-2.24,5995764372.0,2.68,49.862,3.0,0.256
SZ301177,迪阿股份,5811.0,23.36,22.83,2.32,9350413488.0,0.34,95.03,1.535,2.14
SZ301439,泓淋电力,5803.0,13.74,13.72,0.15,5346258856.0,2.24,25.357,1.794,1.456
SZ301228,实朴检测,5797.0,50.43,50.46,-0.06,6168377977.0,1.72,-148.473,10.047,
SZ301258,富士莱,5796.0,27.04,27.0,0.15,2478756800.0,1.38,375.523,1.354,0.788
SZ300823,建科智能,5790.0,14.56,14.74,-1.22,1907108505.0,4.02,34.863,2.007,1.69
SZ300989,蕾奥规划,5785.0,14.62,14.97,-2.34,3078361864.0,2.03,-81.612,3.262,0.068
SZ301361,众智科技,5747.0,27.67,27.37,1.1,3219017120.0,3.25,33.778,2.568,0.398
SZ300958,建工修复,5746.0,12.42,12.42,0.0,1946668311.0,2.78,-41.231,1.58,
SZ300517,海波重科,5742.0,11.17,11.09,0.72,2238670914.0,3.63,-237.186,2.207,0.895
SZ301322,绿通科技,5740.0,39.82,40.29,-1.17,5680557062.0,3.08,-865.338,1.993,0.126
SZ301262,海看股份,5729.0,21.88,20.71,5.65,9123960000.0,23.73,26.665,2.365,2.834
SZ300965,恒宇信通,5697.0,41.41,41.88,-1.12,2484600000.0,1.4,1016.548,2.073,1.111
SZ001324,长青科技,5694.0,20.03,20.39,-1.77,2764140000.0,3.38,95.366,2.398,0.359
SZ301618,长联科技,5689.0,30.56,30.49,0.23,3859795354.0,2.49,125.404,4.074,0.494
SZ300826,测绘股份,5687.0,14.54,14.5,0.28,3318319222.0,2.51,395.224,2.223,0.158
SZ301234,五洲医疗,5685.0,147.0,147.98,-0.66,9996000000.0,8.43,421.039,13.104,0.136
SZ301563,云汉芯城,5656.0,101.12,102.73,-1.57,8559901839.0,2.92,40.593,6.364,0.786
SZ300833,浩洋股份,5642.0,43.85,43.69,0.37,5546608425.0,1.37,30.035,2.271,1.596
SZ200505,京粮B,5627.0,1.94,1.93,0.52,1410283487.0,0.14,-4.361,0.419,
SZ301172,君逸数码,5618.0,16.57,17.0,-2.53,3724912769.0,4.34,130.07,2.502,0.465
SZ301260,格力博,5610.0,11.56,11.52,0.35,5590519855.0,0.94,-8.564,1.384,
SZ001239,永达股份,5594.0,12.45,12.5,-0.4,2988000000.0,2.25,-422.845,2.201,
SZ300992,泰福泵业,5579.0,26.33,26.2,0.5,2509275962.0,6.14,-1341.291,2.852,0.281
SZ001257,盛龙股份,5577.0,20.85,20.42,2.11,38279574534.0,7.03,38.846,4.974,0.719
SZ301268,铭利达,5576.0,11.93,11.73,1.71,4782125158.0,1.53,-16.793,3.412,
SZ301656,联合动力,5566.0,13.68,13.77,-0.65,33402882269.0,2.07,67.31,3.488,0.307
SZ300583,赛托生物,5549.0,13.93,13.8,0.94,2642550615.0,2.82,270.559,1.5,0.036
SZ301075,多瑞医药,5549.0,59.95,60.6,-1.07,4796000000.0,1.52,-99.633,7.271,
SZ301109,军信股份,5521.0,13.27,13.05,1.69,10471368173.0,0.9,14.072,1.411,4.8
SZ301592,六九一二,5518.0,105.97,106.78,-0.76,7417900000.0,7.48,124.142,7.991,0.073
SZ301617,博苑新材,5479.0,53.46,53.9,-0.82,9287712720.0,3.61,54.366,5.156,0.475
SZ301529,福赛科技,5463.0,131.88,133.06,-0.89,15617728634.0,4.09,110.181,10.743,0.054
SZ301387,光大同创,5462.0,47.04,48.9,-3.8,5047481564.0,5.88,-233.257,3.121,0.21
SZ001400,江顺科技,5456.0,79.8,82.0,-2.68,6703200000.0,10.55,77.01,5.261,0.985
SZ301337,亚华电子,5434.0,26.26,26.45,-0.72,2736292000.0,2.63,-158.626,2.515,
SZ301246,宏源药业,5424.0,18.03,17.71,1.81,7212122604.0,4.76,25.657,1.566,0.277
SZ300947,德必集团,5410.0,15.8,15.86,-0.38,2387975597.0,3.2,-38.397,2.014,
SZ301397,溯联股份,5406.0,21.27,21.34,-0.33,4300100428.0,2.36,39.575,2.186,1.805
SZ301077,星华新材,5406.0,20.86,20.93,-0.33,3551367377.0,1.57,30.414,2.999,1.438
SZ301278,快可电子,5388.0,28.99,29.27,-0.96,2600639066.0,3.01,111.579,1.819,0.138
SZ300886,华业香料,5381.0,23.14,23.62,-2.03,1738230520.0,3.52,108.277,2.899,0.216
SZ300899,上海凯鑫,5354.0,29.71,30.31,-1.98,1895006775.0,2.61,322.813,2.989,2.491
SZ301083,百胜智能,5343.0,13.97,14.0,-0.21,2484797338.0,2.24,134.712,2.993,0.372
SZ301571,国科天成,5343.0,62.96,65.31,-3.6,11296655168.0,3.55,47.585,5.329,0.181
SZ300906,日月明,5339.0,27.63,27.78,-0.54,2210400000.0,1.49,40.057,2.379,0.543
SZ300955,嘉亨家化,5266.0,28.23,27.63,2.17,2845584000.0,1.72,-201.26,3.306,
SZ200726,鲁泰B,5264.0,4.36,4.3,1.4,3564411647.0,0.03,6.243,0.308,6.583
SZ301252,同星科技,5232.0,33.41,34.1,-2.02,5653821950.0,2.42,62.097,4.153,0.359
SZ301189,奥尼电子,5225.0,64.08,65.09,-1.55,10486046778.0,3.43,-138.05,4.98,
SZ301112,信邦智能,5215.0,28.38,28.52,-0.49,3129366108.0,1.05,-33.685,2.753,
SZ301063,海锅股份,5180.0,18.17,18.53,-1.94,1896234355.0,2.44,86.638,1.19,0.826
SZ301622,英思特,5175.0,34.22,35.02,-2.28,3967188934.0,2.73,139.76,2.604,0.438
SZ300844,山水比德,5148.0,24.16,24.59,-1.75,2251974861.0,2.13,-34.056,2.929,
SZ301658,首航新能,5133.0,22.6,22.0,2.73,9319587651.0,12.57,-1430.203,2.97,0.323
SZ200012,南玻B,5124.0,1.18,1.16,1.72,3590113197.0,0.09,-8.28,0.242,1.949
SZ201872,招港B,5106.0,18.68,18.68,0.0,46366529964.0,0.01,8.303,0.606,4.904
SZ301277,新天地,5102.0,10.76,10.48,2.67,4218763584.0,2.06,40.573,2.751,1.859
SZ300865,大宏立,5080.0,28.12,29.15,-3.53,2690521600.0,6.7,120.824,3.031,0.107
SZ301186,超达装备,5065.0,30.4,30.87,-1.52,3488208085.0,2.41,37.516,2.155,1.174
SZ001322,箭牌家居,5037.0,6.86,6.77,1.33,6624103808.0,0.67,-151.566,1.431,0.569
SZ301003,江苏博云,5006.0,56.78,57.6,-1.42,5515230080.0,3.12,53.961,4.772,1.057
SZ301380,挖金客,4984.0,32.94,33.28,-1.02,3339866743.0,4.6,84.9,4.447,0.607
SZ001366,播恩集团,4984.0,13.24,13.02,1.69,2127403200.0,2.86,421.747,2.64,0.378
SZ002890,弘宇股份,4983.0,14.73,14.56,1.17,2502261107.0,2.05,230.097,4.139,0.177
SZ301210,金杨精密,4983.0,30.09,30.32,-0.76,4849275875.0,9.22,56.89,2.554,0.356
SZ301229,纽泰格,4971.0,11.77,11.84,-0.59,2139556497.0,2.66,10460.388,1.735,0.459
SZ301381,赛维时代,4968.0,23.19,22.68,2.25,9426385712.0,1.38,33.726,3.289,2.147
SZ301032,新柴股份,4921.0,10.39,10.45,-0.57,2505376026.0,3.91,22.161,1.976,1.251
SZ301045,天禄科技,4906.0,58.9,60.78,-3.09,6497751286.0,3.79,218.996,6.31,0.17
SZ301399,英特科技,4886.0,18.91,19.23,-1.66,3498728200.0,7.22,300.77,2.696,0.582
SZ001211,双枪科技,4862.0,27.98,27.08,3.32,2798000000.0,9.86,-68348.142,3.234,
SZ301508,中机认检,4856.0,24.08,24.12,-0.17,5444131616.0,2.01,33.455,2.62,1.005
SZ301133,金钟股份,4813.0,25.26,25.04,0.88,3068246922.0,2.06,-46.45,2.305,
SZ301565,中仑新材,4802.0,19.78,19.59,0.97,7912197800.0,5.72,75.641,3.212,
SZ001368,通达创智,4801.0,38.64,37.16,3.98,4370963137.0,8.31,43.387,3.084,2.989
SZ301127,武汉天源,4795.0,15.93,15.4,3.44,10738095420.0,2.81,64.61,3.126,0.239
SZ301108,洁雅股份,4764.0,52.6,53.8,-2.23,5920458855.0,4.83,68.564,3.092,0.513
SZ301459,丰茂股份,4762.0,31.12,31.12,0.0,3240271038.0,3.19,42.921,2.539,0.643
SZ301024,霍普股份,4762.0,32.68,33.24,-1.68,2077957800.0,1.43,-24.806,6.176,
SZ301682,宏明电子,4758.0,97.2,99.55,-2.36,11814597598.0,7.48,46.764,2.388,0.874
SZ301130,西点药业,4729.0,28.12,27.77,1.26,2151030542.0,6.25,365.655,2.469,0.509
SZ300669,沪宁股份,4725.0,24.81,23.7,4.68,4781024100.0,1.39,362.227,5.518,0.322
SZ301339,苏交数智,4717.0,11.88,11.96,-0.67,6892982712.0,1.2,31.679,2.45,2.104
SZ301525,儒竞科技,4692.0,39.98,40.67,-1.7,5278818271.0,4.04,111.252,1.628,0.66
SZ001259,利仁科技,4641.0,43.07,43.7,-1.44,3169473406.0,3.27,293.207,4.398,0.276
SZ300796,贝斯美,4637.0,6.93,6.99,-0.86,2502720103.0,1.15,-526.762,1.457,0.289
SZ301558,三态股份,4634.0,6.91,6.78,1.92,5462631559.0,1.75,159.456,3.952,
SZ301665,泰禾股份,4631.0,23.03,22.09,4.26,10363500000.0,4.36,19.757,2.836,2.432
SZ300808,久量股份,4623.0,19.7,19.59,0.56,3152000000.0,2.67,-51.494,3.393,
SZ200550,江铃B,4601.0,9.75,9.73,0.21,8416336500.0,0.05,6.018,0.6,6.492
SZ301185,鸥玛软件,4586.0,17.48,16.94,3.19,2681739648.0,1.95,50.443,2.473,1.144
SZ001238,浙江正特,4571.0,26.16,25.61,2.15,4058671680.0,0.84,199.363,3.473,0.271
SZ200029,深深房B,4566.0,4.0,4.04,-0.99,4046640000.0,0.11,-296.9,0.966,1.0
SZ300789,唐源电气,4556.0,15.64,15.64,0.0,2249799251.0,1.79,-55.064,2.211,0.831
SZ301135,瑞德智能,4554.0,17.52,17.85,-1.85,2273900932.0,1.91,282.643,1.889,1.29
SZ301275,汉朔科技,4551.0,39.0,37.95,2.77,16473600000.0,1.02,29.137,3.908,0.254
SZ301378,通达海,4539.0,25.49,24.79,2.82,2462334000.0,3.81,-16.906,2.109,
SZ200539,粤电力B,4538.0,1.85,1.84,0.54,9713025374.0,0.13,382.246,0.364,1.243
SZ300876,蒙泰高新,4528.0,16.63,16.7,-0.42,2528384523.0,7.11,-56.384,2.497,
SZ301051,信濠光电,4519.0,16.78,17.44,-3.78,4769896862.0,4.18,-23.781,2.519,
SZ300535,达威股份,4517.0,15.55,15.68,-0.83,1664158870.0,3.08,128.855,1.749,0.675
SZ300883,龙利得,4500.0,6.36,6.37,-0.16,2200560000.0,1.97,-176.856,1.559,
SZ300929,华骐环保,4497.0,15.69,16.2,-3.15,2073166080.0,2.8,-42.116,2.702,
SZ301059,金三江,4489.0,13.08,12.66,3.32,3023494320.0,2.99,33.602,4.831,1.521
SZ300901,中胤时尚,4483.0,16.5,16.23,1.66,3960000000.0,2.04,418.781,4.075,
SZ301512,智信精密,4481.0,30.04,30.6,-1.83,2242989470.0,3.17,106.687,2.223,0.892
SZ301122,采纳股份,4457.0,66.93,66.0,1.41,8181901890.0,8.14,1332.477,4.324,0.06
SZ301305,朗坤科技,4435.0,25.1,24.8,1.21,6073216180.0,5.11,19.569,1.539,0.797
SZ301317,鑫磊股份,4397.0,42.1,41.43,1.62,6617699000.0,5.75,-43.41,5.711,0.691
SZ001367,海森药业,4344.0,21.77,21.86,-0.41,3316685624.0,1.51,23.553,2.143,0.533
SZ001218,丽臣实业,4314.0,23.52,23.21,1.34,3157754275.0,1.55,12.086,1.26,2.309
SZ300920,润阳科技,4273.0,30.06,30.1,-0.13,3907800000.0,2.02,260.106,3.322,0.256
SZ301119,正强股份,4273.0,32.99,30.49,8.2,4803344000.0,8.75,49.084,4.461,0.261
SZ301376,致欧科技,4267.0,21.49,21.88,-1.78,8649058273.0,1.94,22.101,2.455,1.852
SZ301518,长华化学,4262.0,24.6,24.62,-0.08,3578550069.0,4.92,238.087,2.222,1.085
SZ001356,富岭股份,4218.0,9.29,9.14,1.64,5474782800.0,1.84,81.064,2.752,0.344
SZ301555,惠柏新材,4200.0,34.0,34.9,-2.58,3137067800.0,3.61,30.976,2.667,1.529
SZ301180,万祥科技,4151.0,11.57,11.72,-1.28,4628115700.0,3.32,-177.136,3.591,
SZ001279,强邦新材,4149.0,26.97,26.8,0.63,4315200000.0,3.28,128.575,4.293,0.697
SZ300804,广康生化,4148.0,46.06,46.62,-1.2,3408440000.0,14.8,227.135,2.506,0.326
SZ301181,标榜股份,4145.0,24.93,24.27,2.72,3744567372.0,2.44,36.608,2.59,2.547
SZ300889,爱克股份,4121.0,20.65,20.51,0.68,4547689202.0,2.92,-48.865,3.222,
SZ001221,悍高集团,4100.0,34.17,32.54,5.01,13668341700.0,4.83,18.714,4.495,2.195
SZ301019,宁波色母,4092.0,16.25,16.27,-0.12,3216786121.0,1.91,27.515,3.028,3.335
SZ301233,盛帮股份,4076.0,36.0,36.72,-1.96,2583604800.0,2.86,33.024,2.611,1.189
SZ300834,星辉环材,4064.0,36.68,37.46,-2.08,7105369108.0,0.7,96.774,2.461,0.515
SZ200026,飞亚达B,4054.0,8.28,8.5,-2.59,3359725978.0,0.78,27.21,0.848,1.667
SZ301390,经纬股份,4053.0,39.84,40.28,-1.09,2390400000.0,6.62,-79.571,2.595,0.123
SZ301167,建研设计,4052.0,13.4,13.48,-0.59,1500800000.0,3.21,229.759,1.605,0.672
SZ301548,崇德科技,4032.0,51.23,52.55,-2.51,4457010000.0,5.94,31.983,2.819,1.204
SZ300897,山科智能,3986.0,16.05,16.21,-0.99,3143332056.0,2.49,747.762,3.231,0.224
SZ001369,双欣材料,3985.0,12.16,12.0,1.33,13947520000.0,2.69,26.409,1.982,1.234
SZ301288,清研环境,3979.0,16.89,16.93,-0.24,1824288900.0,2.47,-49.397,2.337,
SZ001226,拓山重工,3978.0,41.47,43.08,-3.74,3096428049.0,3.06,119.074,4.125,
SZ300854,中兰环保,3969.0,14.95,15.05,-0.66,2150058170.0,2.86,-25.281,2.327,
SZ301283,聚胶股份,3950.0,25.38,25.43,-0.2,2949733547.0,1.03,16.262,1.825,5.213
SZ301163,宏德股份,3920.0,23.23,23.64,-1.73,1895568000.0,2.92,92.168,1.666,0.538
SZ200017,深中华B,3917.0,1.6,1.59,0.63,1102695893.0,0.11,28.397,2.388,
SZ301505,苏州规划,3903.0,17.8,18.03,-1.28,2036319840.0,2.68,1048.333,2.159,0.781
SZ301567,贝隆精密,3855.0,35.08,36.19,-3.07,2525760000.0,5.88,-179.891,3.476,
SZ301533,威马农机,3854.0,28.53,28.19,1.21,2804690151.0,4.2,87.712,2.527,1.038
SZ301006,迈拓股份,3822.0,13.62,13.95,-2.37,1896993600.0,3.37,28.505,1.458,1.454
SZ301300,远翔新材,3777.0,33.26,33.42,-0.48,2176168540.0,3.0,29.389,2.61,2.901
SZ001373,翔腾新材,3759.0,29.98,30.44,-1.51,2059232902.0,4.68,-45.217,2.479,
SZ300849,锦盛新材,3753.0,20.14,20.32,-0.89,3021000000.0,1.62,-53.131,5.667,
SZ301237,和顺科技,3749.0,35.04,35.73,-1.93,3898919476.0,2.83,-24.425,3.37,
SZ301088,戎美股份,3737.0,13.51,13.53,-0.15,3078929000.0,1.02,47.246,1.273,3.901
SZ301716,C鸿富诚,3737.0,541.0,504.0,7.34,40533031384.0,31.66,114.282,18.644,
SZ301588,美新科技,3732.0,25.56,25.72,-0.62,3038259792.0,4.32,92.799,3.164,0.203
SZ200011,深物业B,3711.0,3.09,3.08,0.32,1841575394.0,0.58,-32.26,0.475,0.744
SZ301331,恩威医药,3677.0,22.12,22.2,-0.36,2275968540.0,1.29,76.829,2.227,4.611
SZ300838,浙江力诺,3618.0,14.57,14.62,-0.34,2010339460.0,2.81,-76.951,2.097,
SZ001278,一彬科技,3611.0,17.5,17.18,1.86,2165334500.0,4.51,-14.571,1.956,
SZ001260,坤泰股份,3582.0,19.04,19.1,-0.31,2189600000.0,3.93,96.979,2.701,1.129
SZ301507,民生健康,3581.0,13.58,13.29,2.18,4842007801.0,1.01,40.424,3.005,1.097
SZ001231,农心科技,3535.0,23.28,22.88,1.75,2320541903.0,3.83,32.202,2.227,0.644
SZ301156,美农生物,3508.0,11.67,11.73,-0.51,2148528772.0,2.89,43.541,2.931,1.962
SZ301195,北路智控,3501.0,27.23,26.64,2.21,3596261743.0,1.55,28.33,1.487,2.203
SZ001256,炜冈科技,3460.0,21.27,21.75,-2.21,3033369109.0,2.48,12.487,2.177,1.401
SZ301528,多浦乐,3436.0,66.42,66.2,0.33,5961527100.0,3.11,86.702,3.755,0.111
SZ301265,华新科技,3434.0,23.2,21.91,5.89,7028977822.0,5.66,110.411,3.321,0.422
SZ301100,风光股份,3432.0,16.55,16.27,1.72,3330306850.0,2.65,-113.118,1.656,
SZ001333,光华股份,3420.0,20.62,20.52,0.49,2639360000.0,2.85,24.535,1.511,1.746
SZ001390,古麒绒材,3387.0,17.15,16.99,0.94,3430000000.0,2.13,19.84,2.046,0.752
SZ200512,闽灿坤B,3360.0,2.13,2.11,0.95,394884278.0,0.12,-15.922,0.325,5.399
SZ301062,上海艾录,3353.0,6.75,6.89,-2.03,2924721979.0,2.97,-26.91,2.17,1.333
SZ301098,金埔园林,3349.0,8.63,8.76,-1.48,1997428352.0,3.95,-7.191,1.452,
SZ301148,嘉戎技术,3328.0,53.69,53.32,0.69,6254728225.0,2.09,154.783,3.612,0.726
SZ301667,纳百川,3320.0,57.5,56.92,1.02,6421002000.0,10.69,125.776,5.107,0.174
SZ301053,远信工业,3318.0,33.71,34.05,-1.0,4445854036.0,0.99,157.345,4.699,0.211
SZ301365,矩阵股份,3306.0,32.89,33.53,-1.91,6000083265.0,2.23,121.087,3.375,1.326
SZ301388,欣灵电气,3294.0,24.76,24.64,0.49,2536602576.0,2.58,92.885,2.604,0.808
SZ301043,绿岛风,3291.0,47.25,46.86,0.83,3213000000.0,1.97,56.499,3.754,1.27
SZ301286,侨源股份,3274.0,47.05,46.2,1.84,18824705000.0,1.1,74.401,9.761,0.961
SZ200030,富奥B,3272.0,2.66,2.63,1.14,4574696848.0,0.19,6.655,0.468,6.466
SZ301356,天振股份,3267.0,20.08,19.11,5.08,4337280000.0,2.65,45.817,1.474,0.921
SZ001285,瑞立科密,3265.0,43.2,42.11,2.59,7798905461.0,1.8,20.693,2.005,1.285
SZ301332,德尔玛,3203.0,7.78,7.64,1.83,3590956250.0,1.87,30.328,1.222,1.915
SZ301391,卡莱特,3186.0,41.68,42.9,-2.84,3960217322.0,2.1,164.993,1.893,0.233
SZ301456,盘古智能,3181.0,24.24,24.79,-2.22,3686645238.0,5.28,38.575,1.638,0.825
SZ200468,宁通信B,3162.0,3.73,3.64,2.47,801950000.0,0.25,-77.204,401.075,
SZ301065,本立科技,3154.0,19.88,20.13,-1.24,2107677600.0,2.19,26.7,1.512,1.469
SZ301329,信音电子,3144.0,19.48,19.81,-1.67,3315496000.0,6.55,47.506,2.11,1.335
SZ301198,喜悦智行,3134.0,13.74,14.03,-2.07,2322060000.0,2.1,-194.385,2.581,
SZ001358,兴欣新材,3120.0,24.2,24.01,0.79,2981440000.0,3.36,56.818,2.065,1.033
SZ300983,尤安设计,3095.0,36.4,36.03,1.03,6289920000.0,0.6,-70.925,2.286,
SZ001230,劲旅环境,3090.0,19.27,19.37,-0.52,3618452750.0,2.77,19.962,1.792,1.873
SZ301602,超研股份,3064.0,15.96,15.77,1.2,6836141022.0,1.17,63.549,5.164,0.94
SZ301578,辰奕智能,3048.0,23.04,23.12,-0.35,2436272755.0,4.62,355.857,2.649,0.838
SZ301586,佳力奇,3038.0,28.55,28.87,-1.11,2368950611.0,2.06,750.893,1.868,0.35
SZ301613,新铝时代,3027.0,34.51,33.96,1.62,5777072802.0,1.63,35.19,2.413,1.742
SZ301113,雅艺科技,3015.0,17.69,17.93,-1.34,2092727000.0,2.54,267.668,3.087,0.871
SZ301125,腾亚精工,3014.0,14.27,14.79,-3.52,2961561366.0,3.78,-276.68,4.225,0.098
SZ301279,金道科技,2948.0,25.28,24.01,5.29,4260305377.0,4.22,61.647,3.117,0.759
SZ301608,博实结,2935.0,52.16,51.33,1.62,6916160416.0,7.63,27.535,3.069,1.229
SZ001388,信通电子,2931.0,19.69,19.8,-0.56,4602852540.0,3.0,45.589,3.047,1.717
SZ301320,豪江智能,2904.0,13.85,13.91,-0.43,2532057000.0,1.66,-717.195,2.385,0.354
SZ300851,交大思诺,2893.0,24.75,25.13,-1.51,2151601650.0,2.32,26.527,1.661,2.747
SZ301370,国科恒泰,2893.0,8.8,8.68,1.38,4141280000.0,0.54,154.749,1.683,1.375
SZ001233,海安集团,2893.0,44.95,44.4,1.24,8359501363.0,5.07,20.767,1.723,4.449
SZ001336,楚环科技,2890.0,22.72,20.65,10.02,2373911696.0,24.13,56.073,2.875,0.405
SZ001387,雪祺电气,2884.0,12.46,12.38,0.65,2280098275.0,2.89,31.032,1.748,1.605
SZ001395,亚联机械,2871.0,30.64,30.19,1.49,3474943680.0,3.11,14.123,2.738,2.51
SZ001382,新亚电缆,2868.0,16.56,16.38,1.1,6822720000.0,2.38,75.937,4.191,0.634
SZ300923,研奥股份,2866.0,23.68,23.97,-1.21,1861248000.0,1.65,76.114,1.665,1.888
SZ301448,开创电气,2857.0,48.81,47.98,1.73,5105526000.0,2.35,261.577,7.335,
SZ301598,博科测试,2804.0,50.3,50.83,-1.04,2962530317.0,3.36,22.209,2.987,1.988
SZ301590,优优绿能,2798.0,63.2,63.5,-0.47,3720860753.0,4.07,-103.564,1.977,0.903
SZ301683,慧谷新材,2773.0,98.9,98.91,-0.01,6242211960.0,7.76,29.67,2.647,1.112
SZ301609,山大电力,2773.0,30.5,30.92,-1.36,4967840000.0,2.06,36.698,3.931,1.803
SZ301107,瑜欣电子,2758.0,23.59,22.94,2.83,3354233509.0,5.6,66.904,3.541,0.907
SZ301106,骏成科技,2756.0,17.86,18.23,-2.03,2553279334.0,2.06,54.85,2.024,1.4
SZ301081,严牌股份,2747.0,19.36,19.21,0.78,4537920151.0,4.75,8996.333,4.057,0.258
SZ301222,浙江恒威,2731.0,23.85,24.2,-1.45,3347067024.0,2.42,36.691,2.348,1.497
SZ301587,中瑞股份,2729.0,22.77,22.74,0.13,3354659471.0,8.48,53.387,1.675,1.379
SZ001326,联域股份,2726.0,100.7,101.37,-0.66,7371240000.0,15.03,257.195,5.988,0.139
SZ301314,科瑞思,2707.0,46.36,48.03,-3.48,2561390000.0,4.8,155.75,2.456,0.518
SZ301097,天益医疗,2702.0,34.2,33.89,0.91,2791041241.0,1.72,-291.16,2.742,1.015
SZ301102,兆讯传媒,2701.0,9.65,9.38,2.88,3917900000.0,0.66,-103.815,1.345,0.104
SZ301068,大地海洋,2681.0,24.56,24.93,-1.48,3470714624.0,1.99,90.002,4.21,0.407
SZ301298,东利机械,2664.0,12.57,12.8,-1.8,1845276000.0,2.46,70.5,2.026,2.363
SZ001365,天海电子,2654.0,35.14,35.48,-0.96,18448500000.0,7.96,30.021,2.472,
SZ301386,未来电器,2651.0,20.15,20.26,-0.54,2821000000.0,2.43,34.679,1.917,2.481
SZ301669,高特电子,2649.0,26.39,25.29,4.35,12667200000.0,17.88,100.987,7.299,
SZ301680,固德电材,2645.0,91.91,94.4,-2.64,7610148000.0,5.21,38.692,4.215,0.49
SZ301595,太力科技,2629.0,43.48,43.97,-1.11,4708014400.0,3.29,112.931,5.208,0.575
SZ001225,和泰机电,2605.0,33.32,34.6,-3.7,3058746678.0,3.68,109.603,2.211,0.669
SZ301056,森赫股份,2588.0,12.97,13.28,-2.33,3460223071.0,2.59,51.287,4.547,3.084
SZ301599,理奇智能,2587.0,36.7,37.0,-0.81,15839720000.0,33.83,65.412,7.313,0.409
SZ301469,恒达新材,2570.0,28.48,28.62,-0.49,2548390400.0,3.07,25.502,1.818,1.376
SZ301552,科力装备,2528.0,24.5,24.26,0.99,3032120000.0,2.82,24.458,2.66,3.139
SZ301502,华阳智能,2526.0,46.76,47.51,-1.58,2669224460.0,4.45,121.632,3.212,0.556
SZ301197,工大科雅,2511.0,26.39,27.27,-3.23,3181050600.0,3.18,153.366,2.454,0.182
SZ001386,马可波罗,2508.0,16.26,15.69,3.63,19429399200.0,4.48,19.687,1.601,3.69
SZ001378,德冠新材,2497.0,22.04,22.39,-1.56,3820274307.0,7.65,35.934,2.037,2.264
SZ200016,*ST康佳B,2474.0,0.71,0.71,0.0,1709641240.0,0.0,-0.118,-0.13,
SZ301418,协昌科技,2467.0,34.5,34.28,0.64,2530000023.0,4.4,1166.746,1.578,0.287
SZ301287,康力源,2450.0,40.45,40.45,0.0,2696801500.0,4.19,52.151,2.313,0.593
SZ301503,智迪科技,2438.0,22.34,22.2,0.63,2323360000.0,1.56,40.15,2.124,1.204
SZ301559,中集环科,2415.0,12.84,12.77,0.55,7704000000.0,1.04,80.82,1.709,1.55
SZ301296,新巨丰,2390.0,6.41,6.37,0.63,2740541105.0,0.74,330.166,1.026,
SZ301491,汉桑科技,2383.0,36.26,36.1,0.44,4677540000.0,1.61,25.632,2.152,0.48
SZ301203,国泰环保,2381.0,32.91,33.15,-0.72,2632800000.0,2.07,29.134,1.945,2.431
SZ301581,黄山谷捷,2370.0,34.4,34.48,-0.23,2752000000.0,2.15,113.675,2.784,1.017
SZ200056,*ST皇庭B,2334.0,0.59,0.58,1.72,697691650.0,0.0,-0.211,-0.225,
SZ301192,泰祥股份,2310.0,19.31,19.57,-1.33,1954983020.0,3.14,46.958,2.972,0.766
SZ001393,维通利,2305.0,40.32,40.64,-0.79,10053120027.0,5.48,33.726,2.716,0.992
SZ301519,舜禹股份,2303.0,11.89,11.97,-0.67,1921933831.0,4.35,-39.77,1.43,0.841
SZ301616,浙江华业,2287.0,37.32,37.11,0.57,2985600000.0,5.26,16.047,2.06,1.072
SZ301584,建发致新,2255.0,18.81,18.52,1.57,7962127392.0,1.02,28.378,3.651,1.59
SZ301290,东星医疗,2241.0,28.11,27.59,1.88,2815872419.0,2.72,-82.586,1.308,1.053
SZ301707,展芯股份,2238.0,66.48,67.43,-1.41,27335906546.0,10.64,110.656,11.161,
SZ301372,科净源,2231.0,32.53,33.79,-3.73,2230628618.0,4.66,-51.9,3.002,
SZ301355,南王科技,2214.0,12.02,12.18,-1.31,2345077095.0,4.24,-56.771,1.606,
SZ200553,安道麦B,2207.0,2.8,2.78,0.72,6523472945.0,0.06,-10.45,0.316,
SZ301272,英华特,2207.0,34.19,34.63,-1.27,1996575309.0,2.14,63.504,1.985,1.223
SZ200055,方大B,2205.0,1.39,1.37,1.46,1492685176.0,0.07,-2.664,0.23,
SZ301057,汇隆新材,2201.0,22.47,22.55,-0.35,2628303272.0,4.39,63.8,3.372,0.881
SZ301636,泽润新能,2185.0,43.42,44.4,-2.21,2809018821.0,10.34,-188.985,2.584,
SZ301303,真兰仪表,2155.0,13.89,13.81,0.58,5678232000.0,0.95,18.096,1.647,2.664
SZ301513,尚水智能,2150.0,71.89,67.81,6.02,7189000000.0,57.66,84.701,5.526,0.654
SZ301515,港通医疗,2073.0,20.21,20.19,0.1,2021000000.0,2.14,-160.497,1.672,
SZ301535,浙江华远,2069.0,13.49,13.61,-0.88,5737217652.0,1.35,66.784,4.852,0.741
SZ301633,港迪技术,2034.0,59.44,59.06,0.64,3309619200.0,4.1,111.901,3.699,0.841
SZ300784,利安科技,2029.0,41.98,42.43,-1.06,2360854448.0,4.44,60.169,2.91,0.953
SZ301560,众捷股份,2026.0,39.93,38.27,4.34,4855488000.0,20.18,235.338,5.033,0.2
SZ200521,虹美菱B,2012.0,2.8,2.79,0.36,2883786402.0,0.22,48.063,0.419,8.429
SZ001277,速达股份,1976.0,30.39,30.21,0.6,2309640000.0,2.37,24.819,1.464,1.125
SZ301170,锡南科技,1969.0,22.75,23.0,-1.09,2275000000.0,3.23,28.068,1.276,1.099
SZ200992,中鲁B,1968.0,1.59,1.57,1.27,423053399.0,0.1,35.273,0.343,
SZ301539,宏鑫科技,1954.0,15.2,15.2,0.0,2249600000.0,2.37,-122.422,2.961,0.658
SZ001237,惠康科技,1950.0,49.78,49.01,1.57,7384934185.0,2.69,20.046,2.169,1.004
SZ301632,广东建科,1915.0,13.39,13.19,1.52,5604518400.0,2.0,47.388,2.042,0.896
SZ301446,福事特,1871.0,37.39,38.4,-2.63,3888560000.0,3.59,55.116,3.179,0.669
SZ001335,信凯科技,1869.0,32.85,33.4,-1.65,3079344546.0,3.29,39.316,3.054,0.457
SZ200541,粤照明B,1849.0,1.82,1.83,-0.55,2795116379.0,0.21,16.851,0.352,3.132
SZ301227,森鹰窗业,1838.0,29.96,30.69,-2.38,3938509753.0,4.23,-53.289,2.476,
SZ301276,嘉曼服饰,1835.0,17.32,17.44,-0.69,2244672000.0,3.79,21.655,1.059,2.887
SZ301557,常友科技,1824.0,74.51,76.63,-2.77,4621931226.0,3.31,59.628,4.504,0.863
SZ301037,保立佳,1824.0,13.09,13.21,-0.91,1819924770.0,4.75,-19.519,3.358,
SZ301295,美硕科技,1815.0,34.21,34.89,-1.95,3448368000.0,5.9,69.654,3.521,0.614
SZ301449,天溯计量,1751.0,44.89,42.8,4.88,4098652182.0,25.81,41.777,3.534,0.956
SZ301668,昊创瑞通,1682.0,30.1,30.01,0.3,3311000000.0,2.92,44.222,3.197,1.661
SZ301359,东南电子,1677.0,18.28,18.75,-2.51,2196817280.0,3.95,59.675,2.627,1.641
SZ301585,蓝宇股份,1628.0,27.87,27.57,1.09,2898480000.0,1.01,44.375,2.925,0.753
SZ301601,惠通科技,1598.0,15.85,16.02,-1.06,2226608000.0,6.46,50.348,1.683,0.694
SZ200019,深粮B,1584.0,3.2,3.19,0.31,3688112813.0,0.08,17.577,0.634,4.281
SZ001396,誉帆科技,1549.0,31.44,31.14,0.96,3361011959.0,3.89,30.367,2.354,0.598
SZ301395,仁信新材,1535.0,13.02,13.09,-0.53,3161912703.0,10.57,-32.474,2.198,
SZ200037,深南电B,1435.0,2.21,2.23,-0.9,1332105337.0,0.14,5.611,0.677,1.674
SZ301353,普莱得,1429.0,20.42,20.37,0.25,2593684547.0,5.99,39.895,2.012,1.851
SZ301655,绿控传动,1425.0,23.28,24.1,-3.4,10606559711.0,18.84,50.938,6.836,
SZ301223,中荣股份,1389.0,18.3,18.13,0.94,3534234348.0,0.54,22.547,1.187,3.765
SZ301273,瑞晨环保,1365.0,41.17,37.7,9.2,4129289574.0,8.15,-54.577,4.836,
SZ301309,万得凯,1352.0,29.03,29.44,-1.39,2918513632.0,1.47,23.703,1.741,1.033
SZ301429,森泰股份,1301.0,17.55,17.55,0.0,2074761000.0,3.54,42.013,1.554,0.974
SZ200058,深赛格B,1239.0,1.6,1.59,0.63,1969921075.0,0.22,23.521,0.826,1.688
SZ301173,毓恬冠佳,1160.0,32.35,32.66,-0.95,2841454874.0,2.05,16.625,1.834,1.131
SZ301105,鸿铭股份,1152.0,48.1,48.26,-0.33,2453100000.0,3.12,-91.277,3.168,2.037
SZ200025,特力B,1128.0,3.97,3.97,0.0,1711301530.0,0.07,10.175,0.764,3.199
SZ200020,深华发B,1082.0,2.59,2.61,-0.77,733387578.0,0.14,21.213,1.399,
SZ301688,格林生物,1071.0,40.01,40.34,-0.82,5334666693.0,19.12,29.166,3.29,
SZ301575,艾芬达,1065.0,23.88,23.84,0.17,2897551440.0,4.01,25.323,2.046,1.198
SZ001312,福恩股份,1057.0,18.1,18.0,0.56,4223333345.0,4.64,18.743,1.798,1.105
SZ001325,元创股份,1038.0,38.92,36.03,8.02,3051328000.0,18.73,22.404,1.687,1.953
SZ200530,冰山B,963.0,1.58,1.58,0.0,1332275761.0,0.13,37.111,0.36,3.608
SZ200045,深纺织B,963.0,4.09,4.09,0.0,2071674362.0,0.16,21.058,0.588,1.345
SZ200570,苏常柴B,877.0,2.07,2.06,0.49,1460783489.0,0.08,15.12,0.352,1.208
SZ200706,瓦轴B,876.0,2.8,2.8,0.0,1127280000.0,0.0,-32.243,4.618,
SZ001220,世盟股份,808.0,31.5,31.28,0.7,2907135000.0,3.62,22.406,1.882,1.438
SZ002212,天融信,,7.56,6.87,10.04,8916671325.0,10.56,-66.562,0.961,
SZ001210,金房能源,,26.3,25.92,1.47,5773842720.0,5.03,42.586,4.056,0.681
SZ002441,众业达,,8.37,8.35,0.24,4557830007.0,1.63,21.112,1.027,5.974
SZ300658,延江股份,,10.08,10.09,-0.1,3354262178.0,2.93,55.855,2.5,1.022
