symbol,net_profit_cagr,north_net_inflow,ps,type,percent,has_follow,tick_size,pb_ttm,float_shares,current,amplitude,pcf,current_year_percent,float_market_capital,north_net_inflow_time,market_capital,dividend_yield,lot_size,roe_ttm,total_percent,percent5m,income_cagr,amount,chg,issue_date_ts,eps,main_net_inflows,volume,volume_ratio,pb,followers,turnover_rate,mapping_quote_current,first_percent,name,pe_ttm,dual_counter_mapping_symbol,total_shares,limitup_days,last_close,board
00700,29.120052698965825,,4.1517,30,-2.19,False,0.2,2.8516,9092605595.0,411.4,3.19,10.7,-30.52,3740697941783.0,,3740697941783.0,1.29,100.0,20.92946786747076,56457.6,-0.24,10.758708536169713,12556556998.4,-9.2,1087315200000.0,29.5631,-344557875.29999876,30202875,2.07,2.8271,2810094.0,0.33,352.2,0.0,腾讯控股,13.916,80700,9092605595.0,,420.6,港股主板
01810,13.980206631662263,,1.2196,30,-1.17,False,0.02,1.9594,21365486889.0,23.66,4.09,63.3918,-39.8,505507419794.0,,610303158412.0,,200.0,12.639546259114148,42.53,0.0,15.607643986001474,2333544924.51,-0.28,1531065600000.0,1.4629,45594308.60000014,97457649.0,1.05,1.9424,1734089.0,0.46,20.2,-1.29,小米集团-W,16.1738,81810,25794723517.0,,23.94,港股主板
03690,-8.913675398996046,,0.9796,30,-1.07,False,0.05,2.1932,5596331814.0,69.4,2.99,,-32.82,388385427892.0,,428578645120.0,,100.0,-21.749568861080224,-4.8,0.14,13.23243325328567,1584648033.7,-0.75,1537372800000.0,-6.9331,86665908.34999996,22673514,1.23,2.1913,1439976.0,0.41,59.2,5.29,美团-W,-10.0099,83690,6175484800.0,,70.15,港股主板
01918,14.852060424914937,,0.2559,30,-6.2,False,0.005,0.3671,19965499620.0,0.605,9.3,2.8302,-53.82,12079127270.0,,12079127270.0,,1000.0,-40.6566765454323,-74.04,-0.82,-37.9177832280274,164459530.0,-0.04,1286380800000.0,-0.7105,-7732800.0,262014000,1.3,0.3683,1302428.0,1.31,,0.0,融创中国,-0.8516,,19965499620.0,,0.645,港股主板
09988,-24.15064074618537,,1.7256,30,-1.04,False,0.1,1.7916,19901959514.0,104.3,3.23,22.9399,-26.31,2075774377310.0,,2075774377310.0,0.95,100.0,9.39453437468185,-40.74,0.19,7.5954607111690775,6959822227.91,-1.1,1574697600000.0,4.2778,249277460.39999962,66440072,1.64,1.5951,562098.0,0.33,88.95,6.59,阿里巴巴-W,24.3817,89988,19901959514.0,,105.4,港股主板
02318,28.879075486064366,,0.6682,30,-0.39,False,0.05,0.7824,7447576912.0,51.3,1.55,1.1791,-16.88,382060695586.0,,928922034344.0,6.23,500.0,16.157514365863506,1582.63,-0.1,-2.7777273105362266,1430396441.63,-0.2,1088006400000.0,10.0766,97699387.5,27721229.0,1.19,0.7815,404082.0,0.37,43.86,0.0,中国平安,5.091,82318,18107641995.0,,51.5,港股主板
00981,17.023291642647354,,6.0168,30,-6.73,False,0.05,2.4653,6014569609.0,56.8,6.98,11.3433,-20.5,341627553791.0,,486341229569.0,,500.0,4.507104706360172,134.23,-0.26,22.196234574893126,4501644268.4,-4.1,1079539200000.0,0.9487,-99209850.0,77622263,3.82,2.4653,379559.0,1.29,,-7.26,中芯国际,59.8718,,8562345591.0,,60.9,港股主板
03968,1.421718297524932,,3.3667,30,1.37,False,0.05,0.8386,4590901172.0,51.65,3.14,1.842,2.7,237120045534.0,,1302605025292.0,4.57,500.0,11.089388846836272,1203.04,0.0,,676181048.45,0.7,1158854400000.0,6.6238,34829000.0,13049481.0,1.81,0.8407,336749.0,0.28,,0.0,招商银行,7.7976,,25219845601.0,,50.95,港股主板
01988,-8.731753835770483,,1.0471,30,1.47,False,0.005,0.1856,8320295289.0,3.45,3.24,0.5441,-7.3,28705018747.0,,151049343832.0,5.8,500.0,3.576719029902163,63.88,0.0,,81707440.41,0.05,1259164800000.0,0.6583,-8540.0,23543720.0,1.67,0.1852,274513.0,0.28,,0.0,民生银行,5.2409,,43782418502.0,,3.4,港股主板
03888,102.67783615621182,,2.9684,30,-1.68,False,0.02,1.0801,1374440310.0,24.58,3.6,12.7863,-13.04,33783742820.0,,33783742820.0,0.53,200.0,10.831294735931763,724.25,0.0,6.36875106843513,101924772.14,-0.42,1191859200000.0,2.3509,-3624040.0,4113481.0,1.39,1.0797,223471.0,0.3,,0.0,金山软件,10.4556,,1374440310.0,,25.0,港股主板
09992,135.13993500178313,,4.4193,30,0.66,False,0.1,7.6264,1331779203.0,152.5,2.24,20.8376,-17.31,203096328458.0,,203096328458.0,1.84,200.0,71.09889932262827,106.54,0.2,93.90547290514179,1015660264.0,1.0,1607616000000.0,11.2867,-13736520.0,6691003,2.0,7.6336,217066.0,0.5,,79.22,泡泡玛特,13.5115,,1331779203.0,,151.5,港股主板
02020,21.44482718279368,,2.0631,30,0.63,False,0.05,2.4258,2796653300.0,71.8,2.31,7.5748,-7.76,200799706940.0,,200799706940.0,3.61,200.0,23.69132174657787,1627.71,0.0,13.2401537099617,425934700.2,0.45,1183996800000.0,6.574,8475397.0,5916060,0.92,2.4229,173522.0,0.21,61.05,0.0,安踏体育,10.9219,82020,2796653300.0,,71.35,港股主板
01211,-5.041395117857683,,0.7613,30,-2.21,False,0.05,2.2065,3683400000.0,72.9,3.62,8.9714,-23.18,268519860000.0,,664643702489.0,0.57,100.0,11.822588588807466,8629.49,0.07,7.423442872928754,1385698033.92,-1.65,1028044800000.0,3.6451,22007535.599999905,18847625,1.56,2.2134,156517.0,0.51,62.2,0.0,比亚迪股份,19.9997,81211,9117197565.0,,74.55,港股主板
00175,47.41955265371256,,0.3783,30,-2.4,False,0.01,1.451,10785882097.0,14.61,3.07,2.6817,-16.22,157581737437.0,,157581737437.0,3.42,1000.0,18.117301580951743,,0.14,30.238411656270014,460766537.91,-0.36,99244800000.0,1.7729,5229980.0,31347252,0.92,1.4336,154916.0,0.29,12.48,,吉利汽车,8.2408,80175,10785882097.0,,14.97,港股主板
01093,16.495469812109963,,2.9809,30,-5.4,False,0.005,2.4622,11522451732.0,9.285,8.2,6.8653,12.61,106985964332.0,,106985964332.0,3.12,2000.0,20.962544163927582,3122.84,0.22,5.022957172654219,878435471.32,-0.53,772128000000.0,0.744,128784940.0,92214220.0,1.56,2.4699,154026.0,0.8,,,石药集团,12.48,,11522451732.0,,9.815,港股主板
00883,6.755239136145863,,2.4552,30,2.21,False,0.02,1.1557,44539953984.0,24.04,3.32,4.1293,19.7,1070740493775.0,,1142620093775.0,6.2,1000.0,16.848115276385947,11228.93,0.0,3.837323346351895,1914595790.82,0.52,983289600000.0,3.3428,14040421.679999948,79504694,3.88,1.1534,148677.0,0.18,20.48,,中国海洋石油,7.1916,80883,47529953984.0,,23.52,港股主板
01024,25.53503283620129,,0.7453,30,-3.91,False,0.02,1.2934,3644801546.0,28.54,5.79,4.5033,-54.61,104022636123.0,,122840455213.0,2.43,100.0,20.61790956942492,-91.35,-0.14,8.80167346977312,1229583330.72,-1.16,1612454400000.0,4.1731,22629482.0,42499440.0,2.11,1.2835,145851.0,1.17,24.42,160.87,快手-W,6.839,81024,4304150498.0,,29.7,港股主板
06030,37.333696706864906,,4.1206,30,-1.92,False,0.02,0.9072,3423802238.0,23.54,3.83,,-12.52,80596304683.0,,367795367870.0,2.66,500.0,11.72330232938405,179.9,-0.17,22.118959496643285,90906942.36,-0.46,1317830400000.0,2.818,-1209520.0,3824505.0,1.09,0.8672,123159.0,0.11,,0.0,中信证券,8.3533,,15624272212.0,,24.0,港股主板
00388,22.908191215362585,,17.6147,30,-1.06,False,0.2,7.8383,1267836895.0,375.0,1.79,20.9371,-4.87,475438835625.0,,475438835625.0,3.72,100.0,33.688311246448805,13566.68,-0.05,18.919608519401244,891917823.3,-4.0,962035200000.0,15.6195,20582990.0,2370397,0.66,7.8383,122559.0,0.19,320.4,0.0,香港交易所,24.0084,80388,1267836895.0,,379.0,港股主板
00345,81.73325343811302,,1.1383,30,-1.09,False,0.005,2.3016,1017571089.0,6.78,2.84,9.6794,10.58,6899131983.0,,6899131983.0,2.6,2000.0,9.17130500649944,1769.31,0.15,-1.4909916153190594,3863152.965,-0.075,764956800000.0,0.2697,0.0,566257,0.84,2.378,119175.0,0.06,,,维他奶国际,25.1406,,1017571089.0,,6.855,港股主板
09618,-16.503871727347153,,0.1975,30,0.29,False,0.1,1.1716,2496519005.0,105.2,1.91,5.0564,-2.31,262633799326.0,,296484637472.0,3.73,50.0,6.629948148911664,-51.13,0.19,6.703676881527532,601486226.49,0.3,1592409600000.0,6.1332,8458835.000000015,5706369.0,1.01,1.1753,117957.0,0.23,89.65,3.54,京东集团-SW,17.1525,89618,2818295033.0,,104.9,港股主板
01830,-17.26955869740463,,1.5207,30,-4.51,False,0.005,3.4138,1256197771.0,1.165,2.46,4.311,-1.1,1463470403.0,,1463470403.0,12.53,1000.0,46.45260391893894,414.35,1.3,-11.519089084574174,912425.0,-0.055,1328803200000.0,0.1423,0.0,783000,2.5,3.7569,115805.0,0.06,,0.0,完美医疗,8.1884,,1256197771.0,,1.22,港股主板
09633,15.270527550966584,,7.0228,30,1.71,False,0.02,10.5959,5034666400.0,40.44,2.92,18.5571,-11.34,203601909216.0,,454807101216.0,2.87,200.0,49.99690164637918,12.59,0.4,12.625225250774651,204714160.7,0.68,1599494400000.0,1.7412,6333064.0,5085243.0,1.22,10.629,113858.0,0.1,,53.95,农夫山泉,23.2258,,11246466400.0,,39.76,港股主板
00941,-0.8415046134351178,,1.4418,30,0.44,False,0.05,1.0239,20788169787.0,79.4,1.45,5.7399,3.82,1650580681088.0,,1722653701412.0,6.87,500.0,9.13170696556469,2117.2,0.19,0.9747666927800935,1264187241.15,0.35,877536000000.0,6.9842,102691625.0,15892906.0,2.26,1.023,111376.0,0.08,67.8,,中国移动,11.3685,80941,21695890446.0,,79.05,港股主板
02269,14.61879689412504,,8.2583,30,-4.59,False,0.05,4.0117,4116330477.0,54.1,6.08,22.1995,72.07,222693478806.0,,222693478806.0,,500.0,10.769157354701038,549.2,0.37,14.849124642087652,1954135404.28,-2.6,1497283200000.0,1.3896,26869075.0,35371495,1.66,3.9868,105736.0,0.86,,37.14,药明生物,38.9322,,4116330477.0,,56.7,港股主板
01797,-17.59304680901016,,4.1089,30,3.13,False,0.02,4.5468,1053879218.0,25.74,3.85,29.2013,43.64,27126851071.0,,27126851071.0,,500.0,10.128414293249019,152.35,0.31,8.125930466861497,153073272.0,0.78,1553702400000.0,0.5968,7473520.0,5955700,2.88,4.1788,102500.0,0.57,,0.0,东方甄选,43.131,,1053879218.0,,24.96,港股主板
00656,,,0.1871,30,-6.28,False,0.005,0.3367,8126959294.0,4.555,6.28,1.0643,4.0,37018299584.0,,37018299584.0,,500.0,-20.940595149635687,-38.47,-0.22,-4.470366402752878,18907149.74,-0.305,1184515200000.0,-3.0488,769705.0,4074056,1.87,0.3364,101952.0,0.05,,0.0,复星国际,-1.494,,8126959294.0,,4.86,港股主板
06862,-3.293371354415431,,1.0046,30,0.27,False,0.005,4.5644,5574000000.0,9.235,1.79,8.4905,-31.16,51475890000.0,,51475890000.0,8.24,1000.0,41.96012579859063,-39.5,0.38,4.004989506293799,88959635.72,0.025,1537891200000.0,0.8294,151335.0,9619836.0,1.09,4.558,97791.0,0.17,,0.11,海底捞,11.1347,,5574000000.0,,9.21,港股主板
00005,6.129297443863035,,4.3671,30,-4.87,False,0.1,1.5838,17135023491.0,142.6,3.0,3.1759,20.93,2443454349817.0,,2443454349817.0,4.14,400.0,12.443864390755223,,0.14,6.0889974523097745,4645824804.6,-7.3,599414400000.0,11.0064,145011591.0,32302444,2.72,1.5834,97147.0,0.19,,,汇丰控股,12.956,,17135023491.0,,149.9,港股主板
01919,-0.39349796044715335,,1.0136,30,3.18,False,0.01,0.9541,2711586000.0,16.87,3.67,5.213,30.8,45744455820.0,,257576931969.0,6.09,500.0,11.474187607484103,1676.54,0.48,8.67480447285951,303750301.95,0.52,1120060800000.0,2.0056,21946825.0,18003027,2.97,0.9478,94890.0,0.66,,0.0,中远海控,8.4113,,15268342144.0,,16.35,港股主板
02007,,,0.0582,30,-4.28,False,0.001,,46773572748.0,0.179,5.88,1.4319,-56.87,8372469522.0,,8372469522.0,,1000.0,-35.14742785445421,-95.12,-0.56,-38.323200484201045,79722860.619,-0.008,1176998400000.0,0.1387,-4368716.0,432486055.0,1.74,-0.5898,94139.0,0.92,,0.0,碧桂园,1.2908,,46773572748.0,,0.187,港股主板
00874,-15.06594421938614,,0.2384,30,0.15,False,0.01,0.4687,219900000.0,13.03,2.08,6.7211,-21.94,2865297000.0,,21184056065.0,6.74,2000.0,6.666190762422919,1283.37,-0.08,1.141937067182064,11763660.0,0.02,878140800000.0,1.8365,-2246320.0,898000.0,2.49,0.4681,93537.0,0.41,,,白云山,7.0949,,1625790949.0,,13.01,港股主板
02196,12.433848005876524,,0.9822,30,-2.03,False,0.01,0.8462,529607000.0,17.82,3.85,7.5952,-6.37,9437596740.0,,47189067602.0,2.62,500.0,7.058802952336318,,-0.17,1.8106323653962253,66350052.5,-0.37,1351526400000.0,1.4639,3321495.0,3658000.0,2.02,0.8339,92215.0,0.69,,,复星医药,12.1733,,2648095825.0,,18.19,港股主板
00853,,,1.3538279559760096,30,0.0,False,0.005,,1917386655.0,6.075,,168.4910595527397,-43.85,11648123929.0,,11648123929.0,,100.0,6.125022723141247,-11.32,,9.547152548120263,,0.0,1285257600000.0,0.197,-6601596.0,,,1.5145,89535.0,,,0.0,微创医疗,30.8435,,1917386655.0,,6.075,港股主板
09926,,,24.7006,30,-3.12,False,0.1,9.9342,921143176.0,105.7,6.05,,-6.46,97364833703.0,,97364833703.0,,1000.0,-12.963168728113283,349.79,0.09,-4.764123491107652,1191393735.5,-3.4,1587657600000.0,-1.1991,29898950.0,11036193.0,1.84,9.9652,85433.0,1.2,,50.19,康方生物,-88.1496,,921143176.0,,109.1,港股主板
02202,,,0.1392,30,-5.9,False,0.005,0.2659,2206512938.0,2.63,7.69,11.1988,-19.82,5803129027.0,,31377765909.0,,100.0,-62.3666895766201,-69.76,0.38,-30.623315097527424,171865131.3,-0.165,1403625600000.0,-8.6132,-8382281.0,63697740,1.05,0.2667,85364.0,2.89,,0.0,万科企业,-0.3053,,11930709471.0,,2.795,港股主板
00763,-31.054265128530556,,0.6205,30,-4.7,False,0.02,1.1138,755502534.0,20.7,5.8,35.4737,-22.46,15638902454.0,,99019172161.0,2.32,200.0,4.362927982459859,263.43,-0.38,5.525797446742664,242549964.48,-1.02,1102521600000.0,0.8135,5444392.0,11632468,5.69,1.1149,85305.0,1.54,,0.0,中兴通讯,25.4446,,4783534887.0,,21.72,港股主板
01088,-5.094509002693504,,2.654,30,3.13,False,0.02,1.7757,3377482000.0,43.42,4.32,10.4366,17.99,146650268440.0,,941755237480.0,8.06,500.0,12.6874086834909,2076.55,0.14,-2.4664736041260293,698493705.68,1.319,1118764800000.0,2.8975,11689140.0,16083231,2.58,1.7603,83538.0,0.48,,0.0,中国神华,14.9855,,21689434304.0,,42.101,港股主板
02899,60.35000359201186,,1.9929,30,-3.34,False,0.02,3.4984,5989005101.0,31.28,3.46,7.1412,-9.74,187336079559.0,,831760168978.0,3.0,2000.0,38.88901359079839,21020.86,0.0,11.266971216488585,1296058278.26,-1.08,1072108800000.0,2.9101,-588535.0,41040919.0,2.07,3.4683,81273.0,0.69,,0.0,紫金矿业,10.7489,,26590798241.0,,32.36,港股主板
03613,-14.71614182955987,,3.4387,30,1.74,False,0.005,1.1479,837100000.0,5.56,3.84,7.4836,-30.33,4654276000.0,,4654276000.0,7.19,1000.0,8.92092443589782,73.61,0.18,-7.785496858039043,7120019.67,0.095,1367856000000.0,0.4307,-121600.0,1281017.0,2.13,1.1479,80869.0,0.15,,0.0,同仁堂国药,12.9088,,837100000.0,,5.465,港股主板
01177,0.6140862648929657,,2.6516,30,-3.35,False,0.005,2.7245,18682952230.0,5.485,6.87,8.633,-9.06,102475992982.0,,102475992982.0,2.19,1000.0,7.246876045194801,3192.32,-0.09,7.970752116147262,461492119.615,-0.19,1070812800000.0,0.1533,38590580.0,82184769.0,1.89,2.7217,78285.0,0.44,,,中国生物制药,35.7699,,18682952230.0,,5.675,港股主板
00939,1.967137125004892,,2.9908,30,0.36,False,0.005,0.5746,240417319880.0,9.665,2.08,1.8496,29.43,2323633396640.0,,2528367686801.0,4.71,1000.0,9.227067816010894,1179.79,0.36,,2168612434.2,0.035,1130342400000.0,1.4857,132372707.0,224059410.0,1.76,0.576,75766.0,0.09,,0.0,建设银行,6.5053,,261600381459.0,,9.63,港股主板
09626,,,1.3708,30,-1.45,False,0.1,2.6694,339025731.0,115.7,3.83,6.3369,-40.02,39225277077.0,,48446568234.0,,20.0,10.208849727731618,-85.35,0.0,13.125765972682736,285287766.42,-1.7,1616947200000.0,4.1512,2005239.0,2450940,1.4,2.62,75715.0,0.72,,-0.99,哔哩哔哩-W,27.8713,,418725741.0,,117.4,港股主板
02333,-18.24602167492496,,0.2324,30,-2.88,False,0.005,0.5873,2296439000.0,6.91,4.15,1.2644,-52.67,15868393490.0,,59121039236.0,5.96,500.0,6.974784301607976,848.78,0.29,12.464939701168554,101491835.52,-0.205,1071417600000.0,0.8048,-2098172.5,14558978,1.66,0.5813,75697.0,0.63,5.91,0.0,长城汽车,8.5858,82333,8555866749.0,,7.115,港股主板
01398,1.7141513394344665,,2.9358,30,-0.2,False,0.005,0.5395,86794044550.0,7.565,1.98,0.9545,23.23,656596947021.0,,2696213334878.0,4.8,1000.0,8.56776714983239,,0.0,,1774326405.485,-0.015,1161878400000.0,1.1577,84056630.05000001,232977599.0,2.15,0.5412,74958.0,0.27,,,工商银行,6.5346,,356406257089.0,,7.58,港股主板
02513,106.24412791474498,,184.4778,30,-7.61,False,0.5,61.4593,263059605.0,643.0,8.12,,453.36,169147326015.0,,313519141870.0,,100.0,340.8528761458708,435.83,0.39,207.46394609145256,2912123292.2,-53.0,1767801600000.0,-6.9373,-43094000.0,4460279,1.9,10.9117,74950.0,1.7,,13.17,智谱,-92.6873,,487588090.0,,696.0,港股主板
03606,10.984636443604323,,2.6195,30,-3.28,False,0.05,3.1395,606757200.0,53.05,2.92,10.808,-17.58,32188469460.0,,138446894373.0,6.84,400.0,22.960920656233075,335.14,-0.33,12.253196939330158,164592069.6,-1.8,1427731200000.0,3.7127,-6100562.799999997,3053588.0,1.35,3.1174,74607.0,0.5,,0.0,福耀玻璃,14.289,,2609743532.0,,54.85,港股主板
00241,53.46854777448651,,1.1675,30,-0.35,False,0.005,2.371,16175300965.0,2.81,2.84,32.3389,-40.67,45452595712.0,,45452595712.0,8.11,2000.0,11.333327265203396,,0.0,8.575079232060556,143853008.58,-0.01,79200000000.0,0.1359,5354209.999999998,51123193.0,1.42,2.2023,73797.0,0.32,,,阿里健康,20.6834,,16175300965.0,,2.82,港股主板
09868,-33.04211974391739,,0.8375,30,-1.32,False,0.02,2.307,1570220852.0,37.5,2.74,,-52.74,58883281950.0,,71959841588.0,,100.0,-10.877173959803697,-77.68,0.21,33.97979160315483,253152135.68,-0.5,1625587200000.0,-1.8888,11098030.0,6751949,0.99,2.287,71567.0,0.43,,0.0,小鹏集团-W,-19.8543,,1918929109.0,,38.0,港股主板
02319,-28.04558780720069,,0.695,30,1.45,False,0.01,1.4468,3871192513.0,17.55,1.5,7.117,22.16,67939428603.0,,67939428603.0,3.48,1000.0,4.563420758439353,931.62,0.29,-3.498296125212197,246558703.82,0.25,1086796800000.0,0.5734,8119782.0,14134945.0,1.17,1.4463,70204.0,0.37,,0.0,蒙牛乳业,30.609,,3871192513.0,,17.3,港股主板
06160,,,6.884,30,-1.84,False,0.2,8.0961,1427229921.0,213.0,4.33,28.4006,18.8,303999973173.0,,328506743553.0,,100.0,14.661724620332578,97.22,0.0,42.19534479280884,787556961.0,-4.0,1533657600000.0,3.3227,30883650.0,3663935.0,1.84,8.0968,70163.0,0.26,,-0.93,百济神州,64.104,,1542285181.0,,217.0,港股主板
01928,7.65767055874107,,2.4221,30,-2.22,False,0.01,8.8348,8093379566.0,11.02,3.9,5.5309,-39.57,89189042817.0,,89189042817.0,9.07,400.0,73.20315745741587,102.01,0.18,8.161195238046414,432133320.43,-0.25,1259510400000.0,0.8468,93781446.0,38856435,1.79,8.8341,69903.0,0.48,,0.0,金沙中国有限公司,13.0141,,8093379566.0,,11.27,港股主板
02331,-1.2506298240637315,,0.925,30,-0.97,False,0.01,0.959,2584813753.0,12.28,2.1,8.2232,-31.25,31741512887.0,,31741512887.0,5.58,500.0,10.799393171680347,610.77,0.24,3.3141482264599897,204126289.71,-0.12,1088352000000.0,1.3398,339655.0,16599341.0,1.77,0.9578,69872.0,0.64,10.5,0.0,李宁,9.1658,82331,2584813753.0,,12.4,港股主板
01347,-0.07947073122577253,,8.8568,30,-9.21,False,0.05,3.2928,1329976402.0,95.6,9.97,26.31,28.67,127145744031.0,,184364102306.0,,1000.0,1.5292078293559621,860.37,0.31,9.373243477917526,2649822407.35,-9.7,1413302400000.0,0.4161,92982200.0,27061517,3.36,3.2936,69349.0,2.03,,0.0,华虹宏力,229.7514,,1928494794.0,,105.3,港股主板
02015,,,0.7777,30,-1.1,False,0.02,1.2317,1716030157.0,43.02,3.08,,-33.66,73823617354.0,,88674085174.0,,100.0,-6.65771963717075,-63.54,0.28,-7.7368145242874276,247942956.0,-0.48,1628697600000.0,-2.5585,3962704.0,5752637,1.15,1.1652,69207.0,0.34,,-0.85,理想汽车-W,-16.8147,,2061229316.0,,43.5,港股主板
01548,204.9159248281261,,14.1559,30,-5.13,False,0.02,3.0479,2280496463.0,40.7,7.6,86.5754,227.7,92816206044.0,,92816206044.0,,2000.0,-15.335844864724384,2736.24,0.25,-4.021925722367248,3107865424.17,-2.2,1451404800000.0,-2.1757,30409138.0,74721701,3.41,2.8257,69148.0,3.28,,0.0,金斯瑞生物科技,-18.7062,,2280496463.0,,42.9,港股主板
01299,41.05577483685534,,1.8856,30,0.65,False,0.05,2.2455,10346644870.0,69.25,3.34,22.5649,-11.21,716505157248.0,,716505157248.0,2.88,200.0,19.69256540375425,309.86,0.18,11.364845025680047,3943275333.45,0.45,1288281600000.0,6.0218,441111855.1999997,56780279,1.62,2.2465,69114.0,0.55,59.2,,友邦保险,11.4999,81299,10346644870.0,,68.8,港股主板
01801,,,9.011,30,-5.03,False,0.05,6.7516,1744845102.0,92.6,6.15,10.8316,21.44,161572656445.0,,161572656445.0,,500.0,7.008632362801507,547.55,-0.05,44.89557443953378,1439597613.76,-4.9,1540915200000.0,0.8251,103203637.5,15248337,1.86,6.7378,67806.0,0.87,,18.6,信达生物,112.229,,1744845102.0,,97.5,港股主板
02359,33.89931523191869,,10.1333,30,-4.3,False,0.2,6.5906,541474920.0,209.0,4.67,29.7786,115.17,113168258280.0,,630083829694.0,1.09,100.0,30.69945445029047,717.83,-0.24,16.11454143541571,1668578989.2,-9.4,1544630400000.0,8.3227,-73665010.29999995,7846021,2.44,6.5035,66826.0,1.45,,0.0,药明康德,25.1121,,3014755166.0,,218.4,港股主板
09888,-52.756641336865904,,1.5673,30,-3.07,False,0.05,0.6919,2209541178.0,82.15,3.42,20.2921,-37.53,181513807773.0,,224562077061.0,,50.0,-1.3481855638806237,-67.66,-0.06,-2.2843899066881335,810351602.85,-2.6,1616428800000.0,-1.3154,-57337583.80000007,9805540.0,1.18,0.7145,66641.0,0.44,70.2,0.0,百度集团-W,-62.4536,89888,2733561498.0,,84.75,港股主板
02382,66.73670735573121,,1.2668,30,-7.69,False,0.05,1.9697,1078964800.0,60.05,7.53,8.0725,-7.03,64791836240.0,,64791836240.0,2.01,100.0,17.487222587894696,1783.92,-0.08,15.0028884687198,541003138.45,-5.0,1181836800000.0,5.0512,-10695755.0,8816058,1.7,1.9473,66222.0,0.82,,0.0,舜宇光学科技,11.8883,,1078964800.0,,65.05,港股主板
00992,,,0.58,30,-8.08,False,0.02,7.5309,12414766938.0,32.32,8.65,16.5987,253.77,401245267436.0,,401245267436.0,1.31,2000.0,4.185662814403024,14373.8,-0.06,16.85203963237676,3077616731.58,-2.84,761155200000.0,0.5033,180391472.0,92784352,1.98,7.6772,65423.0,0.75,27.6,,联想集团,64.2151,80992,12414766938.0,,35.16,港股主板
00020,,,7.5653,30,-5.79,False,0.005,1.3837,41706746330.0,1.14,7.85,,-48.18,47545690816.0,,48126913401.0,,1000.0,1.219330045626014,-70.84,0.44,22.036492066789105,514158424.36,-0.07,1640793600000.0,0.0084,2751000.0,444003036.0,3.58,1.388,64530.0,1.06,0.97,7.27,商汤-W,135.2912,80020,42216590703.0,,1.21,港股主板
01060,,,1.4133,30,1.18,False,0.005,0.7081,29976756325.0,0.43,3.53,4.2798,-54.74,12890005220.0,,12890005220.0,,10000.0,4.266144222151442,-99.15,0.0,31.606135043425155,21534600.0,0.005,768672000000.0,0.0267,997600.0,49900000.0,1.76,0.6744,61810.0,0.17,,,大麦娱乐,16.1046,,29976756325.0,,0.425,港股主板
03800,,,1.4541,30,0.7,False,0.005,0.5663,32158081973.0,0.72,4.9,,-32.08,23153819021.0,,23153819021.0,,1000.0,-8.668371777271092,-83.46,0.0,-24.453095561580398,148847933.0,0.005,1194883200000.0,-0.1136,4651370.0,203476000.0,2.09,0.5485,60576.0,0.63,,0.0,协鑫科技,-6.3408,,32158081973.0,,0.715,港股主板
06186,-21.76495512714918,,1.1533,30,-2.38,False,0.005,0.8615,8807664704.0,2.665,3.3,4.8499,-29.44,23472426436.0,,23472426436.0,7.95,1000.0,7.120404523409831,-46.68,0.0,-1.7371045585544254,61500101.76,-0.065,1573574400000.0,0.2305,-2323880.0000000005,22953957.0,1.15,0.8358,60087.0,0.26,,-0.8,中国飞鹤,11.5604,,8807664704.0,,2.73,港股主板
06969,-9.085468308007771,,3.2549,30,0.22,False,0.005,2.3583,6196185950.0,9.25,3.63,112.7375,-19.06,57314720038.0,,57314720038.0,4.32,1000.0,5.2611902394067505,-63.12,0.16,15.116657759838258,53142888.92,0.02,1594310400000.0,0.2107,460570.0,5702896.0,1.69,2.3547,58631.0,0.09,,150.0,思摩尔国际,43.8917,,6196185950.0,,9.23,港股主板
01357,33.96438207065755,,3.3942,30,-2.83,False,0.005,2.4412,4516828728.0,3.6,4.86,10.6749,-47.3,16260583421.0,,16260583421.0,3.25,500.0,15.127523462592748,-55.48,0.0,20.59636895174728,147677311.52,-0.105,1481731200000.0,0.2058,4068790.5,40531146,2.52,2.3876,57772.0,0.9,,0.0,美图公司,17.4897,,4516828728.0,,3.705,港股主板
00914,-22.78066825999924,,0.9461,30,1.14,False,0.01,0.3819,1282293500.0,15.98,3.67,6.1503,-24.21,20491050130.0,,84050861633.0,5.49,500.0,3.4221389353685523,4244.75,0.06,-19.501574062476124,83770326.97,0.18,877363200000.0,1.4145,1987210.0,5231443.0,1.54,0.3782,57466.0,0.41,,,海螺水泥,11.2973,,5259753544.0,,15.8,港股主板
01816,-2.2499974443977333,,1.9212,30,3.73,False,0.005,1.1309,11163625000.0,3.2,6.65,4.6955,12.61,35723600000.0,,161596237795.0,3.16,1000.0,8.115795697202296,42.44,0.0,-9.6680625707671,363180699.89,0.115,1418140800000.0,0.2258,3049360.0,114431317.0,5.32,1.1299,56890.0,1.03,,0.0,中广核电力,14.1701,,50498824311.0,,3.085,港股主板
01833,,,2.0728,30,-0.83,False,0.005,1.1063,2161443720.0,5.96,5.99,27.9076,-57.67,12882204571.0,,12882204571.0,,100.0,4.696860885469548,-70.78,-0.33,5.115146930289538,45038328.96,-0.05,1525363200000.0,0.2447,-2984321.6999999993,7485101.0,1.54,1.1098,56084.0,0.35,,0.0,平安好医生,24.356,,2161443720.0,,6.01,港股主板
09880,-24.57547799204337,,11.6887,30,-6.99,False,0.05,4.33,438189327.0,69.2,7.39,,-45.21,30322701428.0,,34835375012.0,,50.0,-12.685333154070442,-23.03,-0.22,57.012188650595476,460490060.0,-5.2,1703779200000.0,-1.3696,-10080409.899999976,6519538,4.53,4.333,55942.0,1.49,,0.94,优必选,-50.5254,,503401373.0,,74.4,港股主板
00285,-40.1541915320985,,0.2416,30,-6.74,False,0.02,1.2527,2253204500.0,22.14,6.49,4.5749,-33.72,49885947630.0,,49885947630.0,0.83,500.0,6.568565678170652,153.0,0.0,12.106892999585583,254373452.74,-1.6,1198080000000.0,1.1137,-44522770.000000015,11308357,2.27,1.2566,55225.0,0.5,,0.0,比亚迪电子,19.8791,,2253204500.0,,23.74,港股主板
03988,4.1912693625479225,,2.5581,30,0.75,False,0.005,0.5426,83622276395.0,6.03,2.76,1.328,38.95,504242326662.0,,1942940843238.0,4.39,1000.0,7.773373114912426,525.65,0.42,,1226005843.99,0.045,1149091200000.0,0.8385,91887324.00000003,202842183.0,1.87,0.5439,54862.0,0.24,,0.0,中国银行,7.1912,,322212411814.0,,5.985,港股主板
01448,,,3.609932691025041,30,0.0,False,0.01,,2319863422.0,2.64,,12.4365463524586,-6.05,6124439434.0,,6124439434.0,6.74,1000.0,-3.6111609771163296,-31.12,,-19.009757285192507,,0.0,1387382400000.0,-0.0908,6655600.0,,,1.3004,53517.0,,,0.0,福寿园,-29.0641,,2319863422.0,,2.64,港股主板
03323,-16.06994183932168,,0.1159,30,-2.54,False,0.005,0.1891,3716397196.0,3.065,4.45,1.1697,-38.31,11390757406.0,,23272610462.0,5.74,2000.0,-5.324430103838016,246.88,-0.16,-6.106539545668122,104499908.57,-0.08,1143043200000.0,-0.8716,6024970.0,33685600.0,1.47,0.1897,52972.0,0.91,,10.24,中国建材,-3.5167,,7593021358.0,,3.145,港股主板
00728,-2.4746197738128473,,0.6983,30,0.0,False,0.005,0.7598,13877410000.0,4.525,2.65,2.6158,-10.98,62795280250.0,,414069802613.0,6.5,2000.0,6.339466995613334,650.66,-0.33,-0.35474196163122196,129949406.55,0.0,1037289600000.0,0.3754,-2574320.0,28607987.0,1.99,0.759,52670.0,0.21,,0.0,中国电信,12.0522,,91507138699.0,,4.525,港股主板
00857,6.003592998455809,,0.5347,30,2.56,False,0.005,0.951,21098900000.0,9.83,3.81,3.5944,24.47,207402187000.0,,1799096211951.0,6.07,2000.0,11.026223673856892,2822.12,0.25,0.07186710457156575,713739223.76,0.245,955036800000.0,1.1031,29151647.99999997,72810746,1.99,0.9492,52345.0,0.35,,0.0,中国石油股份,8.9112,,183020977818.0,,9.585,港股主板
00772,,,2.2679,30,0.41,False,0.01,0.9873,1014293517.0,19.64,4.96,187.7436,-40.45,19920724674.0,,19920724674.0,,200.0,-8.13799004177562,-78.18,0.31,5.154916950271238,130121322.94,0.08,1510070400000.0,-1.6154,750344.0,6574500.0,3.63,0.9859,51624.0,0.65,,86.18,阅文集团,-12.1583,,1014293517.0,,19.56,港股主板
01378,40.101115959003344,,1.0662,30,-0.1,False,0.02,1.3388,9819397841.0,20.96,2.67,4.619,-32.12,205814578747.0,,205814578747.0,7.87,500.0,22.548610713765104,660.36,0.29,9.4730563887931,376178380.22,-0.02,1300896000000.0,3.2122,2803430.0,17862242.0,1.71,1.343,50829.0,0.18,,0.0,中国宏桥,6.5251,,9819397841.0,,20.98,港股主板
01336,85.80417598271342,,0.7309,30,1.36,False,0.02,0.9797,1034107260.0,44.82,2.99,1.1271,-13.24,46348687393.0,,139818078612.0,7.13,100.0,42.78377660216924,200.41,-0.13,4.0899779294292005,291476889.22,0.6,1323878400000.0,16.1928,29104846.0,6466855.0,1.78,0.9815,49824.0,0.63,,0.0,新华保险,2.7679,,3119546600.0,,44.22,港股主板
00386,-14.594217883059768,,0.1737,30,2.6,False,0.005,0.5637,23675822600.0,4.535,4.07,2.9396,2.09,107369855491.0,,547440163045.0,5.62,2000.0,4.2379730357749725,1438.33,0.22,-3.9990336995834985,646096869.12,0.115,971884800000.0,0.3382,19509768.0,142495337,2.7,0.56,49458.0,0.6,,0.0,中国石油化工股份,13.4086,,120714479172.0,,4.42,港股主板
09999,2.341738476751809,,4.5028,30,-1.06,False,0.1,3.1098,3201652151.0,186.5,2.44,10.2286,-11.36,597108126162.0,,597108126162.0,2.51,100.0,20.533418667581227,58.15,0.16,5.217708294706669,760513490.68,-2.0,1591804800000.0,11.641,59001659.99999994,4065859,0.92,3.0751,49328.0,0.13,,5.69,网易,16.0209,,3201652151.0,,188.5,港股主板
09660,,,12.9562,30,-1.13,False,0.005,3.3301,13760720129.0,3.95,4.51,,-54.39,54354844510.0,,62700272350.0,,600.0,-10.44144001435548,-22.85,-0.13,47.00689274125307,380939148.64,-0.045,1729699200000.0,-0.0974,10688791.800000012,95746822,2.32,2.7928,48776.0,0.7,,2.76,地平线机器人-W,-40.5611,,15873486671.0,,3.995,港股主板
00799,96.79763385022882,,0.6155,30,-1.33,False,0.005,1.0936,1145165599.0,2.96,2.67,5.5982,-3.53,3389690173.0,,3389690173.0,23.92,1000.0,17.179922434801146,25.75,-0.34,3.347513442125516,4357685.0,-0.04,1382025600000.0,0.4954,-260970.0,1454000,1.87,1.0653,48365.0,0.13,,,IGG,5.9744,,1145165599.0,,3.0,港股主板
01772,,,1.4382,30,-1.87,False,0.02,1.1051,483100705.0,29.34,5.75,13.7204,-43.38,14174174685.0,,61517013813.0,0.6,200.0,14.493239777348208,204.85,0.07,24.407095953105685,353206565.04,-0.56,1539187200000.0,3.4836,28984217.200000003,11748893.0,5.34,1.1086,48284.0,2.43,,-28.73,赣锋锂业,8.4222,,2096694404.0,,29.9,港股主板
00762,-10.097038569308348,,0.3781,30,0.09,False,0.005,0.3947,30598124345.0,5.56,1.62,1.595,-27.11,170125571358.0,,170125571358.0,2.81,2000.0,4.244858482328762,-36.9,0.36,1.9222589183025773,198548377.365,0.005,961603200000.0,0.5962,-502780.0,35773598.0,1.5,0.396,47651.0,0.12,,0.0,中国联通,9.3259,,30598124345.0,,5.555,港股主板
09995,69.5010487473167,,4.3231,30,-2.29,False,0.05,4.1299,208581239.0,70.25,6.54,7.6292,-2.43,14652832040.0,,39654543181.0,,500.0,109.10303136390667,15.92,0.0,152.7059978049142,175392195.0,-1.65,1604851200000.0,11.8175,-15720175.0,2446280.0,2.21,4.1202,47534.0,1.17,,33.97,荣昌生物,5.9446,,564477483.0,,71.9,港股主板
01766,7.467538075753044,,0.465,30,-1.23,False,0.005,0.7357,4371066040.0,5.225,2.08,8.2733,-8.4,22838820059.0,,149951564860.0,5.15,1000.0,8.040032704917174,215.81,0.19,8.624631135621952,60109457.605,-0.065,1219248000000.0,0.5564,2368240.0,11443609.0,2.17,0.735,47515.0,0.26,,0.0,中国中车,9.3911,,28698864088.0,,5.29,港股主板
02400,,,2.6471,30,-2.64,False,0.02,3.9008,483880364.0,37.56,5.6,8.9233,-42.08,18174546472.0,,18174546472.0,,200.0,42.558331691416896,216.88,0.37,22.264841258358146,59970950.6,-1.02,1576080000000.0,3.5284,487139.99999999953,1591600.0,2.13,3.899,47018.0,0.33,,6.85,心动公司,10.645,,483880364.0,,38.58,港股主板
00100,83.58590441459086,,56.5945,30,-13.74,False,0.2,6.9139,271377649.0,207.2,13.07,,25.58,56229448873.0,,73033893918.0,,20.0,,-11.98,-0.38,343.97315601235033,3128028719.06,-33.0,1767888000000.0,-40.3377,-11557901.359999895,14400116,4.48,4.2781,46066.0,5.31,,109.09,MINIMAX-W,-5.1366,,352480183.0,,240.2,港股主板
00836,3.6814726013853383,,0.9686,30,-0.55,False,0.01,0.7693,5177057740.0,19.72,4.69,2.5053,20.25,102091578633.0,,102091578633.0,5.54,2000.0,10.50048723066785,1456.19,0.51,2.5885116675325115,208218906.72,-0.11,1068566400000.0,2.5683,8795540.0,10601442.0,1.81,0.7693,45654.0,0.2,,0.0,华润电力,7.6782,,5177057740.0,,19.83,港股主板
03900,-79.24665429299348,,0.1013,30,1.19,False,0.005,0.3992,2539598690.0,6.37,5.88,0.6234,-24.79,16177243655.0,,16177243655.0,,500.0,-0.16191704940561796,48.39,0.16,-4.4415750702522905,80827449.26,0.075,1152720000000.0,-0.0223,2184740.0,12554537.0,1.02,0.4005,45339.0,0.49,,0.0,绿城中国,-286.1243,,2539598690.0,,6.295,港股主板
02618,139.66731820315061,,0.24,30,0.95,False,0.01,1.016,6628721572.0,10.06,2.01,3.1664,-11.91,66684939014.0,,66684939014.0,,100.0,13.300313508392877,-78.15,0.05,18.145009318590645,102949313.55,0.095,1622131200000.0,1.2637,-5557285.5,10229940.0,1.06,1.0151,45010.0,0.15,,3.32,京东物流,7.9607,,6628721572.0,,9.965,港股主板
00998,3.4969191503252617,,2.1103,30,0.61,False,0.005,0.4593,14882162977.0,8.31,2.6,0.6346,22.62,123670774339.0,,462411298414.0,5.37,1000.0,8.055238906372143,222.08,-0.24,,298801612.08,0.05,1177603200000.0,1.396,19467102.0,35623996,3.03,0.4607,44533.0,0.24,,0.0,中信银行,5.9527,,55645162264.0,,8.26,港股主板
02097,16.961079273070933,,1.6752,30,-1.33,False,0.1,2.0966,150883058.0,170.5,6.25,11.7653,-57.77,25725561389.0,,64725005400.0,1.82,100.0,22.88450474440685,-33.94,-0.23,19.134779194785743,48537369.3,-2.3,1740931200000.0,16.479,-392230.0000000037,279852,2.89,2.0784,44147.0,0.19,,43.21,蜜雪集团,10.3465,,379618800.0,,172.8,港股主板
03993,66.21805873272484,,1.1543,30,-2.09,False,0.01,3.0887,3933468000.0,15.0,3.39,11.0978,-20.31,59002020000.0,,320914652640.0,2.97,3000.0,33.97513870370473,613.5,0.1,16.577558840228424,299538705.72,-0.32,1177516800000.0,1.4866,1616295.0,19936584,1.13,3.0855,44010.0,0.51,,0.0,洛阳钼业,10.0901,,21394310176.0,,15.32,港股主板
01171,-11.330518559658886,,0.7185,30,2.37,False,0.01,0.9389,4075500000.0,11.66,2.63,6.2657,27.29,47520330000.0,,117029694553.0,5.22,2000.0,11.888167574574714,7270.42,-0.26,5.048514611294586,389198102.77,0.27,891360000000.0,1.3053,-17915360.0,33579285,3.77,0.937,43857.0,0.82,,,兖矿能源,8.933,,10036852020.0,,11.39,港股主板
06618,49.210665353202046,,1.249,30,0.06,False,0.02,1.5895,3190481011.0,35.36,2.6,11.7071,-36.29,112815408549.0,,112815408549.0,,50.0,10.409185356289036,-62.58,0.11,16.706675692796445,194991909.31,0.02,1607356800000.0,2.2286,9907191.0,5525906.0,1.35,1.5881,43805.0,0.17,30.04,55.85,京东健康,15.8664,86618,3190481011.0,,35.34,港股主板
06060,-14.400070562525402,,0.3653,30,-2.24,False,0.005,0.5085,1634812900.0,9.39,4.53,6.1296,-41.64,15350893131.0,,15820393131.0,,100.0,8.181671954749934,-86.39,0.21,11.605775846896726,59318312.995,-0.215,1506528000000.0,1.3568,-5171662.0,6259393.0,1.34,0.5101,43430.0,0.38,,9.21,众安在线,6.9204,,1684812900.0,,9.605,港股主板
01951,-33.62950518620313,,1.9312,30,-2.62,False,0.005,0.5864,2669459543.0,2.23,4.59,9.307,-4.27,5952894781.0,,5952894781.0,1.88,500.0,1.891573749038402,-76.12,0.0,0.4084740683093724,35682982.5,-0.06,1561392000000.0,0.0663,-2993817.5,15976500.0,1.43,0.5737,43318.0,0.6,,8.67,锦欣生殖,33.6371,,2669459543.0,,2.29,港股主板
06055,13.271101116322615,,1.3737,30,3.81,False,0.02,4.0122,691680000.0,23.44,6.11,19.5106,-32.59,16212979200.0,,16212979200.0,2.22,1000.0,23.88735628222175,428.31,-0.17,-3.443961367288939,54948016.0,0.86,1560268800000.0,1.3026,7888880.0,2303000.0,7.5,4.0122,43223.0,0.33,,9.63,中烟香港,17.9952,,691680000.0,,22.58,港股主板
01288,5.0238798653498895,,2.7027,30,0.23,False,0.005,0.6001,30738823096.0,6.59,3.19,1.458,16.51,202568844203.0,,2306388193223.0,4.43,1000.0,8.753145130807463,430.21,0.15,5.047031393629586,499635606.905,0.015,1279209600000.0,0.9242,23688390.0,75466187.0,1.8,0.6019,43188.0,0.25,,0.0,农业银行,7.1304,,349983033873.0,,6.575,港股主板
00867,-13.388178167313058,,2.558,30,-1.97,False,0.01,1.2288,2433131512.0,10.44,4.23,24.6189,-16.87,25401892985.0,,25401892985.0,3.37,1000.0,8.773212027236502,436.49,0.0,4.845529720231623,31472624.0,-0.21,1285603200000.0,0.7257,616670.0,2986000.0,1.16,1.2243,41847.0,0.12,,0.0,康哲药业,14.3865,,2433131512.0,,10.65,港股主板
01030,-26.727172172905277,,0.1872,30,-1.38,False,0.005,0.1881,7263741521.0,1.425,3.81,,-30.49,10350831667.0,,10350831667.0,,2000.0,0.6551176513945743,55.11,-0.35,-29.471895499115362,24758380.0,-0.02,1354118400000.0,0.0527,-231010.0,17154000,1.13,0.1886,41806.0,0.24,,0.0,新城发展,27.0316,,7263741521.0,,1.445,港股主板
00819,-35.09634533910706,,0.0695,30,-0.94,False,0.005,0.2081,1126124500.0,3.675,2.96,0.9901,-44.62,4138507538.0,,4138507538.0,9.8,2000.0,5.300706842278547,300.46,-0.14,-15.595922625985882,19380493.0,-0.035,1181491200000.0,0.9142,-1663410.0,5208000.0,2.47,0.2088,41467.0,0.46,,0.0,天能动力,4.02,,1126124500.0,,3.71,港股主板
02186,13.182348292948998,,1.0065,30,-1.4,False,0.005,0.3918,3994515953.0,1.765,5.03,13.0677,-35.58,7050320657.0,,7050320657.0,,500.0,4.600427786833556,-72.15,0.0,-1.040321041224801,56886572.5,-0.025,1404835200000.0,0.1996,-3109977.5,31632000,4.0,0.393,40579.0,0.79,,0.0,绿叶制药,8.8439,,3994515953.0,,1.79,港股主板
02018,51.715977996401705,,1.1875,30,-6.34,False,0.02,1.6038,1152072500.0,37.24,7.55,6.3426,-3.74,42903179900.0,,42903179900.0,0.95,500.0,10.70946823370609,1626.79,0.11,19.282419647044534,350692650.74,-2.52,1123516800000.0,2.4983,-10958730.0,9271343,4.28,1.5283,40091.0,0.8,,0.0,瑞声科技,14.9061,,1152072500.0,,39.76,港股主板
09866,-57.920470916180136,,0.5145,30,-0.59,False,0.02,4.0537,2328724852.0,27.0,3.24,20.081,-34.08,62875571004.0,,66885071004.0,,10.0,-332.7747797231605,-83.13,0.0,42.96709973175958,99181134.92,-0.16,1646841600000.0,-2.2424,-980130.4000000046,3655095.0,1.16,14.295,39973.0,0.16,,0.0,蔚来-SW,-12.0404,,2477224852.0,,27.16,港股主板
00966,112.34874144638871,,0.3145,30,-1.26,False,0.01,0.5633,3594018538.0,18.75,2.9,0.5165,6.99,67387847588.0,,67387847588.0,6.56,200.0,30.65734330408361,1264.23,0.21,3.8539939427299386,90119849.03,-0.24,962208000000.0,8.9503,2558029.0,4763241.0,1.1,0.5633,39695.0,0.13,,0.0,中国太平,2.0949,,3594018538.0,,18.99,港股主板
02628,122.14535478649088,,0.8172,30,-0.31,False,0.02,0.986,7441175000.0,26.76,2.61,1.4842,1.65,199125843000.0,,756363505800.0,5.31,1000.0,41.69580964151194,894.32,0.0,2.0156873008302822,1020024711.6,-0.084,1071676800000.0,9.9801,-3509520.0,37806936.0,1.3,0.9775,39675.0,0.51,,0.0,中国人寿,2.6813,,28264705000.0,,26.844,港股主板
03933,-47.864692719644864,,1.0887,30,-1.31,False,0.005,0.7442,1970276508.0,7.51,4.01,7.3062,-33.15,14796776575.0,,14796776575.0,4.05,2000.0,3.289675528029612,337.62,-0.07,-7.615405130055752,24060714.0,-0.1,1181836800000.0,0.3289,494080.0,3160000,1.24,0.7458,39518.0,0.16,,0.0,联邦制药,22.8349,,1970276508.0,,7.61,港股主板
00960,-63.53137420664691,,0.4175,30,0.38,False,0.005,0.1968,7097402528.0,5.29,4.74,2.3846,-37.73,37545259373.0,,37545259373.0,1.53,500.0,-0.14085999593406376,29.17,-0.09,-28.55441351210675,259807145.39,0.02,1258560000000.0,-0.0168,33717898.500000015,48269793.0,1.98,0.1975,39041.0,0.68,,0.0,龙湖集团,-314.516,,7097402528.0,,5.27,港股主板
01952,-79.67957697958737,,3.7295,30,0.21,False,0.02,1.6904,354467063.0,28.8,4.94,,-22.12,10208651414.0,,10208651414.0,,500.0,-1.1778470389117672,-59.18,-0.41,226.69870289172965,186590700.06,0.06,1602172800000.0,-0.1823,4487970.0,6404599.0,2.55,1.6775,39010.0,1.81,,32.27,云顶新耀,-157.9849,,354467063.0,,28.74,港股主板
02228,-41.84632904836123,,39.2922,30,-2.19,False,0.005,2.9548,4301176179.0,7.14,9.52,,-24.52,30710397918.0,,30710397918.0,,1000.0,-2.637730478185478,32.47,0.28,51.87347826648754,600056850.23,-0.16,1718208000000.0,-0.0568,-9573850.0,82543864,2.25,2.9363,38540.0,1.92,,9.85,晶泰控股,-125.8119,,4301176179.0,,7.3,港股主板
00001,151.1947977677826,,0.912,30,-2.72,False,0.05,0.4373,3830044500.0,66.05,3.17,3.9162,29.04,252974439225.0,,252974439225.0,3.55,500.0,6.669202104707709,-29.46,0.08,-0.10446829028681881,496398372.35,-1.85,1426608000000.0,9.8667,-2189075.0,7472554.0,1.28,0.4373,38001.0,0.2,,-1.04,长和,6.6942,,3830044500.0,,67.9,港股主板
02013,11.57259520612186,,1.6084,30,-3.85,False,0.005,0.9746,4132258208.0,0.75,7.69,,-59.24,3099193656.0,,3099193656.0,,1000.0,-14.74108802486797,-75.81,-0.66,-7.12191639417552,21008031.0,-0.03,1547481600000.0,-0.0949,146135.0,27601000.0,2.96,0.9777,37551.0,0.67,,4.64,微盟集团,-7.9067,,4132258208.0,,0.78,港股主板
00268,-37.271314662223865,,2.9559,30,-3.19,False,0.005,2.7201,3514546771.0,7.14,5.97,17.8466,-46.28,25093863945.0,,25093863945.0,,1000.0,3.0740235797316755,1930.72,-0.21,11.894198496118658,165630925.37,-0.235,1121788800000.0,0.0778,-5940747.0,23078677.0,1.94,2.7218,37502.0,0.66,,,金蝶国际,91.7521,,3514546771.0,,7.375,港股主板
00493,-48.33038544369149,,1.6031,30,0.0,False,0.001,,76428371905.0,0.01,0.0,,-33.33,764283719.0,,764283719.0,,1000.0,24.377197136039275,-99.89,0.0,-21.03552446351259,4070.0,0.0,703267200000.0,-0.072,0.0,416000.0,0.04,-0.0293,37432.0,0.0,,,国美零售,-0.1389,,76428371905.0,,0.01,港股主板
00288,34.522300670102204,,0.3771,30,-2.62,False,0.005,0.954,12830219550.0,6.51,2.09,4.4025,-19.25,83524729271.0,,83524729271.0,9.37,500.0,14.023810601602463,72.81,0.15,3.332292580750962,332459958.375,-0.175,1407168000000.0,0.9392,13180152.5,50869882.0,0.82,0.9542,37431.0,0.4,,0.0,万洲国际,6.9317,,12830219550.0,,6.685,港股主板
01530,66.57548794984787,,1.888,30,-4.52,False,0.01,1.1972,2519545078.0,14.99,8.47,3.5433,-37.09,37767980719.0,,37767980719.0,1.67,500.0,37.73193115922119,79.39,0.2,33.00097067970078,528979849.6,-0.71,1433952000000.0,3.6826,-7350780.0,34507723,2.68,1.1782,37096.0,1.37,,0.0,三生制药,4.0705,,2519545078.0,,15.7,港股主板
00916,-18.952007040676655,,1.3351,30,1.23,False,0.005,0.5036,3317882000.0,5.34,3.22,1.6919,-18.82,17717489880.0,,44641418316.0,3.56,1000.0,4.820030634757153,-23.13,0.56,-1.935914245896242,113249831.65,0.065,1260374400000.0,0.5056,1695839.9999999925,21230059.0,2.16,0.5051,36376.0,0.64,,0.0,龙源电力,10.561,,8359816164.0,,5.275,港股主板
01375,51.39081829471719,,4.0882,30,-2.91,False,0.005,0.4101,1195365000.0,1.5,5.5,0.7966,-28.91,1793047500.0,,6964327050.0,2.67,1000.0,4.249444463586605,-4.79,0.0,10.956839490081904,17483875.0,-0.045,1403625600000.0,0.1522,382815.0,11454000,6.66,0.4092,36316.0,0.96,,0.0,中州证券,9.8544,,4642884700.0,,1.545,港股主板
00902,15.089951112671173,,0.3802,30,-0.24,False,0.005,0.5784,4700383440.0,6.125,2.77,1.3679,15.03,28789848570.0,,96150821824.0,7.64,2000.0,6.403145575002651,,0.49,-4.899972090374338,124629466.46,-0.015,885312000000.0,0.6881,7882960.0,20448164.0,1.57,0.5802,36313.0,0.44,,,华能国际电力股份,8.9015,,15698093359.0,,6.14,港股主板
00291,-16.40752238761518,,1.3895,30,1.62,False,0.01,1.4901,3244176905.0,18.87,2.53,7.0156,-24.21,61217618197.0,,61217618197.0,6.22,500.0,7.665728536796054,,0.04,-0.40767564530185263,156265340.75,0.3,599414400000.0,1.0428,1678240.0000000037,8285796.0,1.36,1.4885,36061.0,0.26,16.1,,华润啤酒,18.0953,80291,3244176905.0,,18.57,港股主板
00708,,,105.73114429185858,30,0.0,False,0.001,,10843793000.0,0.17,,,0.0,1843444810.0,,1843444810.0,,500.0,0.36835441566646077,97.9,,-84.33216517637943,,0.0,1202745600000.0,-0.0125,-2107420.0,,,-0.0492,35858.0,,,0.0,恒大汽车,-13.5583,,10843793000.0,,0.17,港股主板
01109,-12.438644632179441,,0.7585,30,2.82,False,0.02,0.6467,7130939579.0,30.6,6.52,3.0409,16.39,218206751117.0,,218206751117.0,4.46,500.0,8.226398724802877,1987.17,0.13,-7.118930327021866,1248287513.38,0.84,847382400000.0,3.7372,61428633.0,40571235.0,1.92,0.6454,35636.0,0.57,,,华润置地,8.188,,7130939579.0,,29.76,港股主板
00817,,,0.2817,30,0.38,False,0.005,0.2827,13512466348.0,1.32,4.94,0.8282,11.88,17836455579.0,,17836455579.0,2.27,2000.0,0.6987708495883469,26.69,-0.38,-11.23624552073611,60082856.875,0.005,1187280000000.0,0.0355,5793730.0,44794455.0,1.03,0.2815,35360.0,0.33,,0.0,中国金茂,37.1416,,13512466348.0,,1.315,港股主板
02600,47.51248684447109,,0.4604,30,0.52,False,0.005,1.3482,3943965968.0,7.67,2.1,2.509,-33.22,30250218975.0,,131576999589.0,6.45,2000.0,22.229521136915604,693.67,-0.13,4.857836001898219,248161676.14,0.04,1008086400000.0,1.17,-23682320.0,32303307.0,2.49,1.3423,35296.0,0.82,,0.0,中国铝业,6.5558,,17154758747.0,,7.63,港股主板
01068,-24.83239090829904,,0.3109959665769592,30,0.0,False,0.001,,1822755650.0,0.075,,4.587934154445079,-29.25,136706674.0,,136706674.0,,1000.0,9.11394714040951,-97.97,0.0,-32.47468378594619,,0.0,1128268800000.0,-0.0384,0.0,,,-0.1669,35226.0,,,0.0,雨润食品,-1.9543,,1822755650.0,,0.075,港股主板
02338,18.280993946850987,,0.8913,30,-7.97,False,0.02,2.2109,1943040000.0,28.4,7.58,6.5353,55.77,55182336000.0,,245382265636.0,3.67,1000.0,13.993530864468608,5843.91,-0.14,5.650935325411033,869417718.19,-2.46,1078934400000.0,1.7226,3084440.0,29167776,2.08,2.1972,35211.0,1.5,,0.0,潍柴动力,16.4868,,8640220621.0,,30.86,港股主板
00189,45.13621716141438,,1.0772,30,-5.0,False,0.01,1.0491,1732711637.0,10.64,6.43,3.771,0.21,18436051818.0,,18436051818.0,2.82,1000.0,13.405315073706014,826.67,0.28,2.269941622987881,220032431.48,-0.56,1197216000000.0,1.247,9031960.0,20410136,4.02,1.0524,34509.0,1.18,,0.0,东岳集团,8.5328,,1732711637.0,,11.2,港股主板
01359,-58.604609612683944,,0.4702,30,-0.56,False,0.005,0.1503,13567602831.0,0.88,3.95,7.9673,-28.88,11939490491.0,,33584790929.0,3.75,1000.0,0.26382657021105954,-59.82,-0.56,-10.396732150786214,28007744.9,-0.005,1386777600000.0,0.0161,-4070285.0,31619561.0,1.78,0.1506,34019.0,0.23,,0.0,中国信达,54.5454,,38164535147.0,,0.885,港股主板
03908,48.57572865626602,,2.6803,30,-3.22,False,0.01,0.6095,1903714428.0,19.55,2.52,2.5028,1.2,37217617067.0,,94372871769.0,1.92,400.0,10.241846324476986,106.25,0.21,19.878219472758097,266374579.78,-0.65,1446998400000.0,3.0688,19266728.39999999,13578458.0,2.02,0.6114,33660.0,0.71,,0.0,中金公司,6.3705,,4827256868.0,,20.2,港股主板
02601,29.394130230674588,,0.5243,30,0.58,False,0.02,0.7239,2775300000.0,27.74,2.83,1.2209,-16.46,76986822000.0,,266868271962.0,6.63,200.0,18.76496297417759,84.16,-0.07,3.006252864729886,324554839.2,0.16,1261497600000.0,6.7118,32780082.0,11607523,2.02,0.7231,33548.0,0.42,,0.0,中国太保,4.133,,9620341455.0,,27.58,港股主板
00390,-20.068971664708247,,0.0659,30,-1.37,False,0.005,0.1814,4207390000.0,3.23,2.44,4.1437,-11.25,13589869700.0,,79236132363.0,8.39,1000.0,5.005081880712082,-17.5,0.0,-7.207742901785419,60407620.5,-0.045,1196956800000.0,0.8666,-1591875.0,18652780,2.24,0.1802,33201.0,0.44,,0.0,中国中铁,3.727,,24531310329.0,,3.275,港股主板
06181,180.22580337648066,,1.4293,30,0.06,False,0.2,3.7195,143541560.0,321.4,2.05,,-46.77,46134257384.0,,56805682300.0,7.84,100.0,65.7661923419478,422.87,0.0,139.67689903890994,166582773.9,0.2,1719504000000.0,44.5025,2998300.0,516478.0,1.48,3.7311,32973.0,0.36,,72.84,老铺黄金,7.2221,,176744500.0,,321.2,港股主板
06682,,,1.4575,30,-4.13,False,0.02,1.3141,358168196.0,24.58,6.32,,-44.16,8803774258.0,,13691980103.0,,100.0,2.0829841591075344,-61.05,-0.08,34.49887880833287,135457292.6,-1.06,1695830400000.0,0.3259,-4259638.0,5420600.0,4.44,1.3153,32924.0,1.51,,5.22,范式智能,75.4285,,557037433.0,,25.64,港股主板
08083,,,,30,,False,0.001,,32529664375.0,0.162,,,,5269805629.0,,5269805629.0,,4000.0,13.916226895764163,-88.0,,-0.22128987311480497,,,955641600000.0,0.0056,5479620.0,,,3.7564,32728.0,,,,有赞,29.025,,32529664375.0,,,港股GEM
06098,25.191448181125775,,0.3043,30,-0.57,False,0.005,0.4233,3325821519.0,5.19,2.59,5.9845,-6.51,17261013684.0,,17261013684.0,10.25,1000.0,1.5439734406804753,-32.42,-0.29,6.2397674008517034,22428604.955,-0.03,1529337600000.0,0.2032,1601100.000000001,4276119.0,1.04,0.4227,32682.0,0.13,,0.0,碧桂园服务,25.5381,,3325821519.0,,5.22,港股主板
06869,83.7300655720308,,6.9211,30,-6.73,False,0.1,7.3419,421566794.0,167.6,9.4,26.4133,227.02,70654594674.0,,138756896101.0,0.95,500.0,24.704923589183796,3076.95,0.3,17.92394496322107,3285478373.5,-12.1,1418140800000.0,4.7851,115630950.0,19295540,3.68,7.3147,32310.0,4.58,,0.0,长飞光纤光缆,35.0253,,827905108.0,,179.7,港股主板
01888,102.66378285820363,,6.1458,30,-6.44,False,0.05,8.619,3151450000.0,50.15,9.1,44.4865,283.53,158045217500.0,,158045217500.0,1.35,500.0,26.415876529450994,2015.23,0.2,23.70680508760179,3595815322.1,-3.45,1165420800000.0,1.3947,5268920.0,69572298,2.14,8.619,32241.0,2.21,,0.0,建滔积层板,35.9568,,3151450000.0,,53.6,港股主板
01818,103.54384665714882,,2.6504,30,-2.0,False,0.01,2.0525,2881555597.0,17.12,3.49,5.8509,-44.01,49332231821.0,,60645771652.0,0.68,500.0,14.446729597614501,423.13,0.12,40.49586778675285,202926999.54,-0.35,1165507200000.0,1.1377,-5117580.0,11755666.0,1.9,2.059,32163.0,0.41,,0.0,招金矿业,15.048,,3542393204.0,,17.47,港股主板
01610,,,0.2384,30,1.4,False,0.005,0.6123,4581998323.0,1.09,3.72,,-30.13,4994378172.0,,4994378172.0,,1000.0,-31.209895101662205,-29.89,0.46,1.654300819213983,12685340.0,0.015,1477929600000.0,-0.6487,-785395.0,11574000.0,2.37,0.6142,32135.0,0.25,,-11.76,中粮家佳康,-1.6802,,4581998323.0,,1.075,港股主板
01579,6.719977598859317,,1.8537,30,2.14,False,0.01,2.7932,1036700000.0,14.34,1.92,11.6981,22.08,14866278000.0,,14866278000.0,7.09,1000.0,20.208817321962652,462.07,-0.28,7.135262543857812,54408090.0,0.3,1468339200000.0,1.0085,-1767420.0,3801000,2.83,2.7898,32098.0,0.37,,-1.52,颐海国际,14.2189,,1036700000.0,,14.04,港股主板
01099,-8.099209386488548,,0.0702,30,-1.01,False,0.01,0.4662,1341810740.0,14.7,2.29,1.7884,-20.52,19724617878.0,,45873646008.0,5.5,400.0,8.575608544981117,14.33,0.07,-1.5852178199430744,57077716.16,-0.15,1253635200000.0,2.5958,-2194286.0,3858672,0.9,0.4677,31797.0,0.29,,0.0,国药控股,5.6629,,3120656191.0,,14.85,港股主板
02498,-67.00193792107873,,3.0076,30,-4.17,False,0.01,1.8276,470695653.0,15.4,5.6,,-57.92,7248713056.0,,7248713056.0,,100.0,-4.245619591821199,-64.19,0.0,31.156379348624164,46414189.32,-0.67,1704384000000.0,-0.3895,-1455255.0,2951631.0,2.34,1.7647,31456.0,0.63,,0.0,速腾聚创,-39.5418,,470695653.0,,16.07,港股主板
01811,-19.72483280304751,,0.7302,30,3.65,False,0.005,0.6178,4289924000.0,2.13,5.6,1.4775,-8.15,9137538120.0,,9137538120.0,8.4,2000.0,10.650099613760448,55.35,0.24,-11.356620847509246,19874380.0,0.075,1412265600000.0,0.3514,728590.0,9344000.0,3.5,0.6177,31432.0,0.22,,0.0,中广核新能源,6.0623,,4289924000.0,,2.055,港股主板
00968,-77.42962594811844,,0.8161,30,-2.09,False,0.005,0.502,9133043615.0,1.875,4.44,2.8535,-36.62,17124456778.0,,17124456778.0,0.53,2000.0,0.4632677347821301,189.08,0.0,-12.681534518583392,72812675.175,-0.04,1386777600000.0,0.0184,-1237060.0,38175399,1.85,0.4977,31345.0,0.42,,0.0,信义光能,101.9265,,9133043615.0,,1.915,港股主板
01458,4.7449160021747705,,0.702,30,1.42,False,0.005,0.5663,2081065000.0,1.07,2.84,5.6941,-30.1,2226739550.0,,2226739550.0,8.41,500.0,4.08207993743341,-77.38,0.0,3.382693860456687,1797085.5,0.015,1478793600000.0,0.0778,106500.0,1694000.0,1.9,0.5681,31138.0,0.08,,7.3,周黑鸭,13.755,,2081065000.0,,1.055,港股主板
06185,,,6.3411,30,-5.37,False,0.02,1.5453,132670900.0,35.96,10.37,,2.98,4770845564.0,,8883695084.0,,200.0,0.8225070241597903,19.43,0.45,64.9107520866876,404666205.48,-2.04,1553702400000.0,0.182,29396212.0,10830149.0,2.03,1.5501,30810.0,8.16,,57.73,康希诺生物,197.5573,,247043801.0,,38.0,港股主板
00880,-29.84713621862283,,0.6155,30,-0.78,False,0.005,0.6903,7101805366.0,1.28,6.59,3.1679,-46.89,9090310868.0,,9090310868.0,,1000.0,-4.026471353682567,-30.86,0.0,0.40653927919764854,14682681.25,-0.01,1216137600000.0,-0.0762,548065.0,11301750.0,2.29,0.6903,30779.0,0.16,,0.0,澳博控股,-16.7873,,7101805366.0,,1.29,港股主板
02799,133.96896695271164,,0.9456,30,0.83,False,0.005,0.6426,35362261280.0,0.61,3.31,1.7868,-26.51,21570979381.0,,48950474219.0,,1000.0,17.058396980343467,-77.54,0.0,-11.546346308324296,17321796.875,0.005,1446134400000.0,0.1558,-1462835.0,28231259,1.5,0.6446,30728.0,0.08,,0.0,中信金融资产,3.9164,,80246679047.0,,0.605,港股主板
01128,110.49315773195173,,1.5157,30,-2.49,False,0.005,,5300947600.0,4.9,4.48,3.5688,-10.66,25974643240.0,,25974643240.0,9.06,400.0,-21.792997341957374,-13.12,0.31,10.9816591816587,52022113.215,-0.125,1255017600000.0,0.5556,-2056554.0,10552303,1.72,-1.9887,30642.0,0.2,,0.0,永利澳门,8.8187,,5300947600.0,,5.025,港股主板
03328,2.810359007564034,,2.404,30,1.77,False,0.005,0.4942,35011862630.0,8.35,3.23,3.7164,33.3,292349052961.0,,737837598262.0,4.55,1000.0,7.003986218554954,875.01,0.36,,253389668.155,0.145,1119456000000.0,1.1745,12013310.0,30222463,2.14,0.4944,30264.0,0.09,,0.0,交通银行,7.1094,,88363784223.0,,8.205,港股主板
02099,,,6.4983,30,-2.42,False,0.2,4.0333,396413753.0,210.0,4.93,11.4804,36.57,83246888130.0,,83246888130.0,1.76,100.0,33.74422194698861,473.92,0.48,64.99814772542581,270505297.1,-5.2,1291132800000.0,15.2394,-1530560.0,1282988,1.77,4.0345,30128.0,0.32,,0.0,中国黄金国际,13.78,,396413753.0,,215.2,港股主板
03750,31.83267075586791,,3.725,30,-1.97,False,0.2,5.0358,218300300.0,476.8,5.3,14.3674,-4.24,104085583040.0,,2206272650285.0,1.57,100.0,25.204211036616968,63.96,0.42,17.830920853275313,1128359458.76,-9.6,1747670400000.0,20.9538,25559888.799999952,2341205.0,0.97,5.0046,30014.0,1.07,,16.43,宁德时代,22.7549,,4627249686.0,,486.4,港股主板
09961,-75.29057243489565,,2.8301,30,-2.25,False,0.2,1.1526,649583574.0,296.0,2.77,13.2413,-46.57,192276737904.0,,192276737904.0,,50.0,15.788976018520028,5.87,0.41,15.958465620624995,462671012.85,-6.8,1618761600000.0,41.7358,5445300.00000003,1557563.0,0.76,1.05,29923.0,0.24,,4.55,携程集团-S,7.0922,,649583574.0,,302.8,港股主板
00322,15.645758998485192,,0.7526,30,3.32,False,0.01,4.5906,5637386360.0,12.14,4.85,7.1533,11.7,68437870410.0,,68437870410.0,7.7,2000.0,36.29667886630796,1604.1,-0.25,-0.19013846316570104,403062386.84,0.39,823449600000.0,0.946,-7254740.0,33227164,3.96,4.605,29799.0,0.59,,,康师傅控股,12.8326,,5637386360.0,,11.75,港股主板
02298,45.444080552352716,,0.172,30,-0.41,False,0.001,0.2173,2249457213.0,0.243,4.51,1.8519,-20.54,546618103.0,,546618103.0,6.58,1000.0,5.95542307508093,-90.95,0.0,-1.8513589586691803,103348.0,-0.001,1403712000000.0,0.0644,0.0,428000.0,0.44,0.218,29621.0,0.02,,0.0,都市丽人,3.7754,,2249457213.0,,0.244,港股主板
09863,,,0.54,30,-3.08,False,0.02,2.9155,1131047140.0,34.0,3.31,3.6006,-30.07,38455602760.0,,48341630168.0,,100.0,5.21668935990452,-17.07,-0.06,82.45736071931064,164636046.18,-1.08,1664380800000.0,0.5654,10261120.0,4804614.0,1.7,2.9246,29420.0,0.42,,-33.54,零跑汽车,60.1299,,1421812652.0,,35.08,港股主板
00788,15.771297341546497,,1.4058,30,1.17,False,0.005,0.6727,4666385600.0,9.08,1.89,4.069,-16.72,42370781248.0,,159815691686.0,6.66,500.0,6.581325820449295,-6.01,0.33,1.5927352144381457,287459190.285,0.105,1533657600000.0,0.8688,-2223267.5,31696231.0,1.48,0.6717,29215.0,0.68,,0.0,中国铁塔,10.4506,,17600847102.0,,8.975,港股主板
09696,45.484099403424416,,2.2933,30,-0.51,False,0.02,0.8212,236145538.0,27.22,5.41,12.0905,-46.68,6427881544.0,,46630723762.0,,200.0,10.022575288025505,-58.94,-0.15,-13.506694094564741,93749268.48,-0.14,1657641600000.0,3.1004,-3693344.0,3356172.0,3.2,0.8204,29214.0,1.42,,0.0,天齐锂业,8.7796,,1713105208.0,,27.36,港股主板
02238,,,0.195,30,-6.01,False,0.005,0.1925,2813368305.0,2.19,7.73,,-46.45,6161276588.0,,22331574321.0,,2000.0,-10.115778855991534,-42.44,-0.23,-6.696599646556511,63684578.65,-0.14,1283097600000.0,-1.1923,-2170030.0,28242545,2.38,0.1931,29019.0,1.0,,116.75,广汽集团,-1.8367,,10197065900.0,,2.33,港股主板
02233,1.8612857861707965,,1.0103,30,2.49,False,0.005,0.7014,5462532820.0,1.85,4.71,4.7254,-38.77,10105685717.0,,10105685717.0,3.03,2000.0,4.049093410012879,77.15,0.0,-3.7713469983279735,19485228.4,0.045,1282492800000.0,0.1093,-1102500.0,10448160,2.92,0.7036,28727.0,0.19,,0.0,西部水泥,16.9294,,5462532820.0,,1.805,港股主板
02208,39.93643013754389,,0.3952,30,-4.76,False,0.005,0.6834,770132399.0,8.305,4.64,6.5529,-36.75,6395949574.0,,35039473078.0,2.82,200.0,7.1819169737240935,-8.33,-0.48,19.652297982531742,102693464.46,-0.415,1286467200000.0,0.8217,998776.4000000134,12121609,2.83,0.685,28377.0,1.57,,0.0,金风科技,10.1073,,4219081647.0,,8.72,港股主板
01860,59.93192600520747,,1.0902,30,-10.44,False,0.01,5.6234,1700091487.0,11.24,17.69,10.7366,-26.44,19109028314.0,,19109028314.0,,1000.0,22.172927673528875,187.21,2.0,33.73248934285655,254736310.0,-1.31,1544544000000.0,0.3486,2564210.0,21505000,3.24,5.59,28362.0,1.26,,-0.25,汇量科技,32.2424,,1700091487.0,,12.55,港股主板
06855,22.894006353416675,,14.3492,30,-2.98,False,0.02,16.3506,373616240.0,28.02,6.51,,-46.37,10468727045.0,,10468727045.0,,100.0,-240.30010209557716,-47.13,-0.07,49.547644226824694,79937233.5,-0.86,1572192000000.0,-4.4963,-7176490.0,2794400,1.89,16.2778,28185.0,0.75,,9.94,亚盛医药,-6.2318,,373616240.0,,28.88,港股主板
02380,-18.657202851508504,,0.6233,30,0.18,False,0.005,0.5187,12370150983.0,2.74,3.11,1.6752,-10.33,33894213693.0,,33894213693.0,7.19,1000.0,2.8527197656456718,,0.37,1.4033801815007685,31740994.875,0.005,1097769600000.0,0.1517,509025.0,11614191.0,2.01,0.5203,28106.0,0.09,,,中国电力,18.0676,,12370150983.0,,2.735,港股主板
01339,42.71389614217633,,0.3002,30,-0.19,False,0.005,0.5985,8726234000.0,5.33,3.37,1.9012,-16.43,46510827220.0,,235713869807.0,7.24,1000.0,18.178773195185673,141.82,0.28,4.992984382260435,193342109.355,-0.01,1354809600000.0,1.4809,-1709770.0,35918557.0,1.71,0.5933,27525.0,0.41,,0.0,中国人民保险集团,3.5991,,44223990583.0,,5.34,港股主板
01658,3.1565044704234158,,1.6205,30,-0.09,False,0.005,0.4659,19856167000.0,5.36,3.26,0.9684,5.64,106429055120.0,,643709486717.0,4.78,1000.0,7.269704468307624,81.69,-0.09,,203647231.08,-0.005,1474992000000.0,0.8098,-3772195.0,37649598.0,1.58,0.4668,27333.0,0.19,,0.21,邮储银行,6.6188,,120095053492.0,,5.365,港股主板
01877,,,5.1797,30,-2.4,False,0.01,2.6045,260295700.0,17.46,6.6,,-18.18,4544762922.0,,17926005148.0,,200.0,-6.5100898959818565,-25.7,0.34,34.14575364711481,36310369.6,-0.43,1545580800000.0,-0.4418,1345316.1999999993,2043600,2.18,2.6126,27217.0,0.79,,22.55,君实生物,-39.5238,,1026689871.0,,17.89,港股主板
01114,-51.02574593110975,,5.9276,30,-0.85,False,0.005,0.3688,5045269388.0,1.74,3.7,,-45.64,8778768735.0,,8778768735.0,28.74,2000.0,4.700147850216982,1313.48,0.0,8.235563678560332,37066642.0,-0.015,940521600000.0,0.2469,2583900.0,21056000.0,2.24,0.3683,27131.0,0.42,,,华晨中国,7.0469,,5045269388.0,,1.755,港股主板
02367,1.5926274350198888,,3.9731,30,0.35,False,0.02,2.2437,1061704000.0,22.84,3.78,11.491,-28.49,24249319360.0,,24249319360.0,6.2,200.0,18.04667366535336,-4.41,-0.09,13.64717635595245,74652604.26,0.08,1667491200000.0,1.8105,-1687400.0,3247521.0,1.76,2.2507,26922.0,0.31,,9.88,巨子生物,12.6152,,1061704000.0,,22.76,港股主板
09896,-10.241451994294149,,0.804,30,2.24,False,0.01,1.8136,1214041449.0,17.79,2.41,6.2367,-49.94,21597797378.0,,21597797378.0,4.24,200.0,11.912647677675091,50.5,0.23,31.77147905616473,42554105.56,0.39,1657641600000.0,1.2025,-342888.0,2407104,1.08,1.8127,26732.0,0.2,,-3.04,名创优品,14.7944,,1214041449.0,,17.4,港股主板
09922,-45.677366282295964,,0.2293,30,-3.54,False,0.005,0.3598,1337583700.0,0.955,3.03,1.087,-45.91,1277392434.0,,1277392434.0,2.2,1000.0,2.3479716989214388,-89.27,0.0,-8.771908902606596,1373025.0,-0.035,1579017600000.0,0.0642,-121925.0,1423000.0,1.17,0.3609,26511.0,0.11,,56.36,九毛九,14.8726,,1337583700.0,,0.99,港股主板
00220,10.25787650929364,,0.8693,30,2.51,False,0.005,2.1266,4319334000.0,7.365,3.48,8.4359,-2.78,31811894910.0,,31811894910.0,7.55,1000.0,16.796799492872257,218.13,-0.27,3.9871121591402714,98339629.1,0.18,1197820800000.0,0.5772,612136.7999999998,13359221,2.86,2.1333,26485.0,0.31,,0.0,统一企业中国,12.7607,,4319334000.0,,7.185,港股主板
03320,3.4105656625809777,,0.0877,30,1.17,False,0.005,0.4472,6282510461.0,4.34,1.75,1.1981,2.86,27266095401.0,,27266095401.0,5.65,500.0,8.086478882200192,-37.82,0.46,3.951113381292526,29117258.31,0.05,1477584000000.0,0.7567,503468.75,6699984.0,1.47,0.4463,26483.0,0.11,,-1.1,华润医药,5.7352,,6282510461.0,,4.29,港股主板
00392,-1.4773739030000566,,0.3717,30,2.0,False,0.02,0.3559,1258003268.0,29.64,2.13,4.1696,-1.84,37287216864.0,,37287216864.0,5.47,500.0,5.809487487830992,70.26,0.54,2.3135564925062413,45374036.26,0.58,864835200000.0,4.761,1298880.0,1535476,2.26,0.3552,26168.0,0.12,,,北京控股,6.2256,,1258003268.0,,29.06,港股主板
00316,-5.493330415394593,,1.2409,30,1.74,False,0.1,0.8895,660373297.0,146.5,3.13,7.3938,23.01,96744688011.0,,96744688011.0,5.2,500.0,9.468133727558167,67661.33,0.48,7.323894019803157,119521338.9,2.5,712512000000.0,15.1405,1470000.0,818106.0,2.11,0.8897,25720.0,0.12,,,东方海外国际,9.676,,660373297.0,,144.0,港股主板
01898,-7.043471743831631,,0.8189,30,2.07,False,0.01,0.7148,4106663000.0,10.36,2.96,3.7994,8.86,42545028680.0,,137359752824.0,4.53,1000.0,9.545171500361885,320.49,-0.19,-8.988457328204458,151972154.72,0.21,1166457600000.0,1.3258,4783050.0,14612957,2.76,0.7137,25624.0,0.36,,0.0,中煤能源,7.8144,,13258663400.0,,10.15,港股主板
00570,,,0.4214,30,0.83,False,0.005,0.269,5035801852.0,1.215,4.56,2.5547,-41.87,6118499250.0,,6118499250.0,,2000.0,-5.002485402760873,69.01,0.41,-15.99091801570931,18132608.0,0.01,734112000000.0,-0.2303,-1886190.0,14730000,1.97,0.2698,25522.0,0.29,,,中国中药,-5.276,,5035801852.0,,1.205,港股主板
02313,-8.489560868441792,,1.5005,30,1.35,False,0.02,1.1998,1502835997.0,34.42,3.47,9.4943,-40.91,51727615017.0,,51727615017.0,6.04,100.0,12.255854405373876,2397.46,0.06,5.551488679010208,156179705.16,0.46,1132761600000.0,3.463,9072185.0,4506002.0,0.82,1.1981,25493.0,0.3,,0.0,申洲国际,9.9393,,1502835997.0,,33.96,港股主板
02727,21.067305256198864,,0.2823,30,-2.61,False,0.005,0.6795,2924482000.0,2.795,4.36,3.1583,-27.51,8173927190.0,,43434639973.0,0.61,2000.0,2.478752588512552,126.15,-0.53,8.773462372685614,32196150.0,-0.075,1114617600000.0,0.1007,29960.0,11346000.0,2.64,0.6816,25411.0,0.39,,0.0,上海电气,27.765,,15540121636.0,,2.87,港股主板
00354,-20.61352365263054,,0.5116,30,-4.47,False,0.005,0.7469,2732079358.0,3.74,5.24,12.0971,-23.94,10217976799.0,,10217976799.0,1.26,2000.0,3.024863262246116,1083.17,0.0,1.5227407209399635,49448918.8,-0.175,1056038400000.0,0.1526,-721050.0,13089025,2.8,0.7493,25370.0,0.48,,0.0,中国软件国际,24.5047,,2732079358.0,,3.915,港股主板
06886,26.303104347308558,,3.4049,30,-2.28,False,0.01,0.5894,1719045680.0,16.3,3.06,,-9.89,28020444584.0,,147137879712.0,5.25,200.0,9.461947301349815,-0.79,-0.12,18.142062464206088,94048510.4,-0.38,1433088000000.0,2.4955,473989.0,5738640.0,2.18,0.5883,24871.0,0.33,,0.0,华泰证券,6.5317,,9026863786.0,,16.68,港股主板
01788,101.65975027427598,,3.7927,30,0.17,False,0.005,1.6985,9529944707.0,2.885,0.52,,14.19,27493890480.0,,27493890480.0,0.69,1000.0,9.298314893296203,288.76,0.0,38.43852821862799,55961832.5,0.005,1278518400000.0,0.1543,4155905.0,19393000.0,2.14,1.6985,24627.0,0.2,,0.0,国泰君安国际,18.7017,,9529944707.0,,2.88,港股主板
01208,430.5694742394433,,1.7644,30,-1.39,False,0.005,2.4294,12846422416.0,8.5,4.23,3.746,-3.08,109194590536.0,,109194590536.0,,4000.0,22.50828286238842,-2.32,0.0,32.10822836134706,181034234.72,-0.12,787420800000.0,0.6486,2639480.0,21036433,1.52,2.4301,24593.0,0.16,,,五矿资源,13.1056,,12846422416.0,,8.62,港股主板
00358,29.760464572478206,,0.1666,30,-2.4,False,0.02,1.1147,1387482000.0,32.58,4.55,,-22.37,45204163560.0,,112815724015.0,3.59,1000.0,14.11407551783709,2765.69,0.18,7.605202958559132,241828433.5,-0.8,866044800000.0,3.9312,4163631.5200000107,7385565.0,1.9,1.1182,24537.0,0.53,,,江西铜业股份,8.2876,,3462729405.0,,33.38,港股主板
00151,4.405147830882794,,1.1471,30,0.55,False,0.005,1.6344,11674632135.0,2.725,2.21,6.1845,-39.31,31813372568.0,,31813372568.0,4.0,1000.0,20.386593315232084,70.82,0.0,2.096404298657073,33222967.18,0.015,1206460800000.0,0.373,1361947.0,12180776.0,1.1,1.3726,24479.0,0.1,,0.0,中国旺旺,7.3049,,11674632135.0,,2.71,港股主板
00148,30.85960514862851,,1.2236,30,-5.1,False,0.05,0.8095,1121781736.0,57.7,8.47,9.7974,99.84,64726806167.0,,64726806167.0,3.77,500.0,6.3586955290073215,10650.89,0.39,15.489793059580425,1333521499.1,-3.1,750009600000.0,4.0394,-25222478.0,22543812,2.52,0.8095,24439.0,2.01,,,建滔集团,14.2841,,1121781736.0,,60.8,港股主板
00027,16.351696491135037,,4.4905,30,-0.26,False,0.02,1.5858,4379240712.0,30.64,1.89,9.6511,-15.91,134179935416.0,,134179935416.0,5.55,1000.0,13.04875689356972,5677.86,0.07,12.882927760791073,605260957.5,-0.08,686764800000.0,2.4465,19638999.99999997,19722422.0,1.1,1.5858,24377.0,0.45,,,银河娱乐,12.5242,,4379240712.0,,30.72,港股主板
03896,-37.541673089778286,,1.7038,30,-2.87,False,0.005,2.0858,4531784801.0,4.73,5.75,3.0617,-14.16,21435342109.0,,21435342109.0,,2000.0,-7.703782830336664,137.69,0.0,21.951667609059577,203406558.4,-0.14,1672329600000.0,-0.1549,5101150.0,42444840,3.78,2.0923,23919.0,0.94,,0.0,金山云,-30.5412,,4531784801.0,,4.87,港股主板
02226,-2.209046968710171,,1.2099,30,0.79,False,0.005,,578750000.0,0.635,9.52,32.0137,27.0,367506250.0,,367506250.0,,500.0,14.985264639908365,-91.36,0.0,0.13104939202317478,19725.0,0.005,1390838400000.0,-0.9915,0.0,32500,1.15,-0.0886,23889.0,0.01,,0.0,老恒和酿造,-0.6405,,578750000.0,,0.63,港股主板
00688,-26.004029055007706,,0.7106,30,3.75,False,0.01,0.327,10944883535.0,13.55,5.9,2.9416,15.03,148303171899.0,,148303171899.0,3.54,500.0,2.854491855205578,1788.76,0.22,-0.895131215531797,774933178.33,0.49,714240000000.0,1.1722,67782192.5,57285075.0,2.6,0.3256,23830.0,0.52,,,中国海外发展,11.5595,,10944883535.0,,13.06,港股主板
01787,44.562726670602416,,0.7531,30,-2.8,False,0.01,1.5598,995486178.0,18.42,3.32,3.9692,-45.91,18336855399.0,,84914901851.0,1.78,250.0,11.115041027295948,161.83,0.27,18.425560205680135,291865504.53,-0.53,1538064000000.0,1.2399,7429347.49999997,15724962.0,2.07,1.5582,23715.0,1.58,,0.0,山东黄金,14.8565,,4609929525.0,,18.95,港股主板
06690,0.2997080107554062,,0.5514,30,2.43,False,0.02,1.3596,2853587266.0,20.2,2.74,6.71,-13.39,57642462773.0,,187922380913.0,6.73,200.0,15.191071398120833,2.39,0.1,2.340462744202343,159278811.78,0.48,1608652800000.0,2.2015,3499366.0,7915137,1.54,1.348,23687.0,0.28,,5.63,海尔智家,9.1755,,9303088164.0,,19.72,港股主板
00302,117.89907599266876,,0.5117,30,5.14,False,0.001,0.2136,3118364595.0,0.184,13.71,,-52.21,573779085.0,,573779085.0,,2000.0,-33.087605546853965,-93.18,0.0,-37.151308424960796,120352.0,0.009,1572451200000.0,-0.3342,0.0,690000.0,2.28,0.2143,23627.0,0.02,,2.12,中手游,-0.5505,,3118364595.0,,0.175,港股主板
01186,-18.8197429241195,,0.0534,30,-0.23,False,0.005,0.1455,2076296000.0,4.33,1.15,,-14.18,8990361680.0,,58799414695.0,8.11,500.0,4.040436528643694,-35.84,-0.23,-7.458549005165837,10345248.13,-0.01,1205337600000.0,1.1802,-799362.5,2378284.0,1.49,0.1456,23135.0,0.11,,0.0,中国铁建,3.6689,,13579541500.0,,4.34,港股主板
00139,-40.716819329436014,,,30,-2.25,False,0.001,0.1578,1474241762.0,0.087,4.49,1.6824,-35.32,128259033.0,,128259033.0,2.3,10000.0,-11.9841371598576,-99.95,0.0,,212661.0,-0.002,763660800000.0,-0.0637,0.0,2379500.0,0.47,0.1505,23133.0,0.16,,,小鱼盈通,-1.3654,,1474241762.0,,0.089,港股主板
00991,,,0.361,30,-1.1,False,0.005,0.5151,6110621398.0,2.69,3.68,1.2171,30.93,16437571561.0,,49783051256.0,9.41,2000.0,8.442704430067776,407.07,0.37,0.3870231541573954,71265940.0,-0.03,858873600000.0,0.4464,-14443150.0,26410000,3.5,0.5141,22951.0,0.43,,,大唐发电,6.0263,,18506710504.0,,2.72,港股主板
03692,32.04328241318946,,10.735,30,-5.13,False,0.02,4.4739,6064150070.0,32.18,7.19,31.2236,-9.51,195144349253.0,,195144349253.0,1.51,2000.0,19.39594112479633,111.16,0.0,18.44193344061611,402684880.56,-1.74,1560441600000.0,1.2648,-7438319.999999993,12226092,1.5,4.4424,22756.0,0.2,,36.75,翰森制药,25.4434,,6064150070.0,,33.92,港股主板
02669,-2.5274904168443246,,0.619,30,0.77,False,0.005,1.5002,3283960460.0,3.29,2.14,13.8094,-22.82,10804229913.0,,10804229913.0,6.08,5000.0,21.939839165634094,341.61,-0.3,6.209880192720085,14273828.92,0.025,1445529600000.0,0.4528,718100.0,4293908.0,2.0,1.4967,22635.0,0.13,,0.0,中海物业,7.2651,,3283960460.0,,3.265,港股主板
06881,26.035301095445718,,1.6051,30,-3.35,False,0.005,0.4208,3690984633.0,6.92,3.7,,-28.9,25541613660.0,,75666063612.0,5.92,500.0,8.450913540046482,107.1,-0.57,15.045546623318007,111643277.84,-0.24,1369152000000.0,1.3274,-15045437.5,15898052.0,2.98,0.4217,22595.0,0.43,,,中国银河,5.2133,,10934402256.0,,7.16,港股主板
00486,98.0701450227573,,0.3422,30,0.18,False,0.005,0.4367,15193014862.0,2.74,0.18,4.5195,-43.51,41628860722.0,,41628860722.0,,1000.0,0.42047984170170666,-67.57,-0.18,10.37696938538959,60335.0,0.005,1264521600000.0,0.0281,0.0,22000.0,0.1,0.4368,22462.0,0.0,,0.0,俄罗斯铝业,97.436,,15193014862.0,,2.735,港股主板
00520,-13.600321284010741,,0.0607,30,-2.29,False,0.001,0.468,1086174481.0,0.213,1.83,0.672,-71.6,231355164.0,,231355164.0,,500.0,-45.10065411553272,-94.63,0.0,-21.04994990466991,109749.0,-0.005,1418745600000.0,-0.2615,31351.0,511000.0,1.12,0.4694,22384.0,0.05,,0.0,呷哺呷哺,-0.8146,,1086174481.0,,0.218,港股主板
01258,33.850397626410555,,1.9484,30,-2.24,False,0.01,2.7563,3902036000.0,15.28,6.78,5.2506,7.09,59623110080.0,,59623110080.0,2.7,1000.0,22.522244981308024,,0.33,6.975742765086368,97731551.14,-0.35,1340899200000.0,1.1483,9511130.0,6358258.0,1.95,2.4869,22383.0,0.16,,,中国有色矿业,13.3071,,3902036000.0,,15.63,港股主板
09688,-15.695969300667889,,6.2436,30,-3.52,False,0.01,4.5856,1137828030.0,19.19,6.49,,40.59,21834919896.0,,21834919896.0,,100.0,-26.911176374705814,-68.72,-0.36,17.956732681170394,129480332.0,-0.7,1601222400000.0,-1.2876,36385786.0,6628200.0,2.23,4.587,22174.0,0.58,,8.54,再鼎医药,-14.9042,,1137828030.0,,19.89,港股主板
03998,23.152044510686732,,1.6107,30,4.53,False,0.005,2.8641,11725284472.0,4.27,5.51,6.8484,1.18,50066964695.0,,50066964695.0,7.33,2000.0,22.704910114486662,249.34,-0.12,17.698671125841358,154983854.37,0.185,1192032000000.0,0.3867,3117220.0,36307464,1.53,2.3578,22170.0,0.31,,0.0,波司登,11.0435,,11725284472.0,,4.085,港股主板
00699,8.983703403100218,,0.2601,30,-7.15,False,0.01,0.9144,148910000.0,11.29,8.8,2.845,-40.51,1681193900.0,,17438314556.0,1.93,500.0,8.926004208123324,-46.88,0.53,0.5392793232320559,71610635.0,-0.87,1762358400000.0,1.0109,300130.0,6212000,3.19,0.9102,22146.0,4.17,,-8.0,均胜电子,11.1686,,1544580563.0,,12.16,港股主板
01138,42.17988665690664,,3.6741,30,2.96,False,0.02,2.0583,1296000000.0,20.9,8.08,8.8423,128.97,27086400000.0,,114349154302.0,3.7,2000.0,15.799846550399344,2616.76,0.19,11.036366868792125,802125074.64,0.6,784483200000.0,1.4044,52603472.0,37819521.0,3.58,2.048,21999.0,2.92,,,中远海能,14.8819,,5471251402.0,,20.3,港股主板
02357,-16.791790667860308,,0.2399,30,-0.16,False,0.005,0.6,6210662836.0,3.055,3.76,25.4095,-21.22,18973574964.0,,24357069709.0,2.55,1000.0,4.482904188940381,168.88,-0.33,2.135303593941562,47284735.925,-0.005,1067443200000.0,0.2241,160.0,15233247.0,1.28,0.6019,21990.0,0.25,,9.52,中航科工,13.6317,,7972854242.0,,3.06,港股主板
02388,9.514199677752178,,6.7546,30,-4.75,False,0.02,1.4224,10572780266.0,48.48,5.17,5.9427,28.57,512568387296.0,,512568387296.0,4.88,500.0,11.789235608014984,1730.95,0.12,7.238421094139902,851660625.28,-2.42,1027526400000.0,3.9441,8385005.0,17319435,1.95,1.4224,21950.0,0.16,41.32,0.0,中银香港,12.2918,82388,10572780266.0,,50.9,港股主板
02150,,,0.2586,30,5.26,False,0.005,0.2978,1655936647.0,0.7,9.77,5.353,-33.96,1159155653.0,,1159155653.0,,500.0,-6.031304818053522,-96.29,0.72,-10.003936467318308,1250267.5,0.035,1624982400000.0,-0.1513,138000.0,1821000.0,6.13,0.2867,21762.0,0.11,,-13.54,奈雪的茶,-4.6271,,1655936647.0,,0.665,港股主板
03883,9.851185322034372,,0.018,30,-2.63,False,0.001,,4710782088.0,0.037,7.89,,-43.94,174298937.0,,174298937.0,,1000.0,34.61565862518168,-98.71,0.0,-34.668795321893185,390032.0,-0.001,1191859200000.0,-3.6856,-27676.0,10348000.0,1.83,-0.0029,21664.0,0.22,,0.0,中国奥园,-0.01,,4710782088.0,,0.038,港股主板
06078,-36.919818672184654,,1.2906,30,0.74,False,0.005,0.7324,602215600.0,9.49,3.61,5.3943,-23.59,5715026044.0,,5715026044.0,,200.0,2.5308210175051324,-58.16,0.0,-1.0371835334255008,9830513.6,0.07,1593360000000.0,0.3486,69153.0,1025600.0,2.12,0.7069,21608.0,0.17,,40.54,海吉亚医疗,27.2252,,602215600.0,,9.42,港股主板
00696,21.28373737681175,,2.5477,30,-0.73,False,0.005,0.8928,932562000.0,8.82,2.59,5.5764,-10.74,8225196840.0,,25809168575.0,3.66,1000.0,10.129752746625805,953.01,-0.11,9.842676246055237,31168646.01,-0.065,981475200000.0,0.9581,1411465.0,3503960.0,1.94,0.8945,21602.0,0.38,,,中国民航信息网络,9.2062,,2926209589.0,,8.885,港股主板
06088,13.521543517149226,,0.8431,30,-4.89,False,0.005,1.5833,7303738572.0,4.665,10.19,24.0304,-5.76,34071940438.0,,34071940438.0,,1000.0,6.150696333429261,70.47,-0.32,8.887082917267586,131704179.405,-0.24,1499875200000.0,0.1734,-227952.0,26962907,3.38,1.5838,21585.0,0.37,,10.45,鸿腾精密科技,26.9107,,7303738572.0,,4.905,港股主板
09901,38.89306534129653,,1.5613,30,0.22,False,0.02,2.1665,110425000.0,44.68,1.57,8.6059,7.0,4933789000.0,,70607295229.0,2.11,100.0,12.42572758334122,-66.9,0.22,23.60601813903034,135224605.82,0.1,1604851200000.0,2.3558,2192101.0,3020494.0,1.39,2.2611,21491.0,2.74,,14.71,新东方-S,18.9658,,1580288613.0,,44.58,港股主板
06049,5.574600667574381,,0.751,30,0.44,False,0.02,1.2178,347000090.0,27.24,2.43,8.8865,-9.71,9452282452.0,,15072801816.0,6.02,200.0,15.467507150643048,-26.29,0.37,6.15616599347637,50619503.0,0.12,1576684800000.0,3.3031,6138576.0,1848200.0,9.77,1.2216,21455.0,0.53,,29.2,保利物业,8.2469,,553333400.0,,27.12,港股主板
02607,6.090235348442108,,0.1225,30,0.37,False,0.01,0.4467,919072704.0,10.9,1.29,3.7056,0.2,10017892474.0,,40421143718.0,6.12,100.0,6.217450216515697,-25.8,0.28,4.3014291028211415,16118791.0,0.04,1305820800000.0,1.493,3695119.0,1479800.0,1.76,0.4448,21414.0,0.16,,0.0,上海医药,7.3008,,3708361809.0,,10.86,港股主板
02282,15.333139520580241,,2.2971,30,-1.86,False,0.005,9.15,3800000801.0,9.21,3.84,4.4112,-25.59,34998007377.0,,34998007377.0,6.55,400.0,158.5881843474279,-8.98,0.55,13.732002049847903,40101338.0,-0.175,1307030400000.0,1.2085,-321758.0,4330400.0,0.87,9.15,21293.0,0.11,,0.0,美高梅中国,7.621,,3800000801.0,,9.385,港股主板
01880,-13.759452836631647,,1.5325,30,-1.01,False,0.02,1.4071,125321100.0,44.9,2.6,13.8168,-42.52,5626917390.0,,93293069316.0,1.78,100.0,7.388101175979426,-59.81,0.13,-7.90928837684024,24459117.0,-0.46,1661356800000.0,2.3125,-3162664.0,541900,2.0,1.4103,21210.0,0.43,,0.0,中国中免,19.4166,,2077796644.0,,45.36,港股主板
03396,,,0.0661,30,-9.9,False,0.02,0.7776,1271853990.0,22.02,12.27,1.4585,150.11,28006224860.0,,51884204418.0,0.53,100.0,4.4079115335935874,-36.8,0.09,21.44582324821771,345180074.52,-2.42,1435507200000.0,1.2697,25635127.300000012,15104397,2.21,0.78,20910.0,1.19,,0.0,联想控股,17.3427,,2356230900.0,,24.44,港股主板
01072,15.3074757102188,,0.6795,30,-1.78,False,0.01,1.146,408000000.0,17.65,4.12,70.871,-27.51,7201200000.0,,61040059754.0,3.52,200.0,10.471920985060827,1575.05,0.06,9.466158691350524,78259987.4,-0.32,770832000000.0,1.5348,-315882.0,4361200.0,2.14,1.1496,20875.0,1.07,,,东方电气,11.5002,,3458360326.0,,17.97,港股主板
01666,-20.95118792034646,,0.5886,30,-1.3,False,0.005,0.4616,628704000.0,3.04,3.9,2.7879,-26.81,1911260160.0,,3893583360.0,6.94,1000.0,4.201975758991237,857.18,-0.16,-8.168564047271632,1762475.0,-0.04,972921600000.0,0.2795,-90300.0,577000,0.79,0.463,20773.0,0.09,,-6.94,同仁堂科技,10.8773,,1280784000.0,,3.08,港股主板
00168,2.6403805931634494,,1.6174,30,1.47,False,0.02,1.5078,655069178.0,40.02,1.52,8.7857,-12.87,26215868504.0,,54595088742.0,6.87,500.0,15.01640781420541,1741.19,0.45,-2.81746316498962,90241250.8,0.58,742665600000.0,3.9284,-1208769.9999999963,2263304.0,2.31,1.5125,20614.0,0.35,,,青岛啤酒股份,10.1872,,1364195121.0,,39.44,港股主板
06699,91.54922288080162,,4.1869,30,0.0,False,0.05,4.4361,172335021.0,83.2,1.86,16.0837,56.92,14338273747.0,,14338273747.0,11.99,200.0,9.249671264271976,-75.4,0.24,36.18384123934719,18056411.0,0.0,1623772800000.0,1.8574,51200.0,216800.0,1.0,4.435,20574.0,0.13,,131.79,时代天使,44.7929,,172335021.0,,83.2,港股主板
03759,3.587327805905205,,3.2992,30,-2.8,False,0.02,3.0418,358111057.0,31.26,6.28,17.4283,61.38,11194551642.0,,57375129105.0,0.74,100.0,11.188713927693291,73.68,0.32,12.939636564196588,247355370.0,-0.9,1574870400000.0,1.0627,7966685.0,7789817.0,2.18,2.6798,20353.0,2.18,,6.96,康龙化成,29.4146,,1835416798.0,,32.16,港股主板
01066,-14.808551614559951,,0.959,30,0.31,False,0.005,0.5289,4455407524.0,3.26,1.54,4.7783,-33.75,14524628528.0,,14682086528.0,5.67,400.0,5.682812633286512,1940.05,0.0,1.4220006802348584,28584866.0,0.01,1077811200000.0,0.3518,-826547.9999999981,8749200.0,2.25,0.5167,20329.0,0.2,,0.0,威高股份,9.2667,,4503707524.0,,3.25,港股主板
02888,18.40777077804603,,2.8149,30,-5.22,False,0.2,1.3049,2174248803.0,218.0,3.57,4.4297,19.03,473986239054.0,,473986239054.0,2.56,50.0,8.866959130997873,494.62,0.65,,752003462.25,-12.0,1035993600000.0,17.3991,14691809.0,3423741.0,5.33,1.0902,20037.0,0.16,,3.45,渣打集团,12.5294,,2174248803.0,,230.0,港股主板
00305,30.76784921543936,,0.1088,30,0.0,False,0.005,0.4348,3298161332.0,0.31,1.61,19.3375,-30.83,1022430013.0,,1022430013.0,1.94,10000.0,3.26581846683001,-92.49,0.0,-7.867583319115923,49450.0,0.0,722448000000.0,0.0227,0.0,160000.0,0.1,0.4362,19916.0,0.0,,,五菱汽车,13.6301,,3298161332.0,,0.31,港股主板
02883,9.250404020804881,,0.6399,30,5.59,False,0.005,0.6768,1811124000.0,7.75,5.25,3.2365,15.58,14036211000.0,,36979838000.0,4.27,2000.0,8.447565955443219,594.76,0.39,5.156256653257318,114413181.415,0.41,1037721600000.0,0.9317,-2983830.0,14884689.0,3.0,0.6789,19742.0,0.82,,0.0,中海油田服务,8.318,,4771592000.0,,7.34,港股主板
01585,-7.047987095159369,,0.6464,30,4.83,False,0.005,2.2397,3112647294.0,8.565,7.89,7.9191,-20.56,26659824073.0,,26659824073.0,6.19,2000.0,25.277868403785526,628.94,-0.12,0.3948822877187341,155353772.83,0.395,1463587200000.0,0.9066,39774.99999999814,18189972,2.84,2.2467,19663.0,0.58,,-12.67,雅迪控股,9.4474,,3112647294.0,,8.17,港股主板
01113,-4.833525026420538,,2.1521,30,-1.32,False,0.02,0.3843,3499778333.0,44.8,2.42,5.0628,18.23,156790069318.0,,156790069318.0,4.02,500.0,3.265580197174093,0.0,0.09,18.906302763155324,212152671.04,-0.6,1433260800000.0,3.7797,-3948640.0,4702134,1.17,0.3843,19634.0,0.13,,0.0,长实集团,11.8529,,3499778333.0,,45.4,港股主板
02268,79.01443060600681,,13.1706,30,-2.08,False,0.05,8.0086,1268295784.0,82.25,3.51,38.7393,35.39,104317328234.0,,104317328234.0,,500.0,16.585129767758175,205.19,-0.12,56.535078823611286,444389685.25,-1.75,1700150400000.0,1.4017,2383975.0,5374691.0,2.21,7.9878,19627.0,0.42,,35.92,药明合联,58.6805,,1268295784.0,,84.0,港股主板
03898,11.336034922317651,,1.0798,30,-3.0,False,0.02,0.738,461795900.0,27.16,4.14,8.8904,-25.03,12542376644.0,,36141904670.0,5.02,100.0,9.962466550813309,417.63,-0.07,11.830833133465646,65946527.98,-0.84,1166544000000.0,3.5374,-5499364.0,2399784.0,1.71,0.7372,19548.0,0.52,,0.0,时代电气,7.6778,,1330703412.0,,28.0,港股主板
03696,,,26.7338,30,-8.98,False,0.02,6.5778,582684110.0,48.24,10.94,90.7263,29.89,28108681466.0,,28108681466.0,,500.0,443.10358948395117,37.83,0.54,62.037370776059596,1448735170.52,-4.76,1767024000000.0,-3.9692,26921932.99999994,29147274,3.3,4.2079,19334.0,5.0,,24.66,英矽智能,-12.1537,,582684110.0,,53.0,港股主板
01958,,,0.035,30,0.0,False,0.005,0.0885,2520690682.0,0.695,1.44,,-63.99,1751880024.0,,5570660036.0,,500.0,-3.2703951192983993,-87.11,-0.71,-16.57653169404354,1858401.535,0.0,1418918400000.0,-0.262,270200.0,2653513.0,0.55,0.0888,19277.0,0.11,,0.0,北京汽车,-2.6528,,8015338182.0,,0.695,港股主板
03986,395.773652951151,,14.7524,30,-7.47,False,0.2,6.52,33253100.0,398.8,9.65,33.7842,146.64,13261336280.0,,280743805088.0,0.22,100.0,29.08603057617513,70.02,-0.3,64.50792618030678,669926917.4,-32.2,1768233600000.0,12.9668,2931560.0,1622851,2.79,6.515,19260.0,4.88,,37.53,兆易创新,30.7555,,703971427.0,,431.0,港股主板
01515,14.513540295628967,,0.2859,30,-0.65,False,0.005,0.3848,1296676516.0,2.3,2.38,2.3822,-23.76,2982355987.0,,2982355987.0,6.83,500.0,6.402772009343572,-64.63,0.44,-3.5018343424102705,1593912.5,-0.015,1385654400000.0,0.3749,88357.5,691500.0,0.79,0.3839,19232.0,0.05,,0.0,华润医疗,6.1344,,1296676516.0,,2.315,港股主板
03618,5.779619882612175,,2.2405,30,0.72,False,0.005,0.4239,2513336041.0,6.31,2.79,2.024,8.54,15859150419.0,,71662670000.0,5.96,1000.0,8.71423797956493,211.02,0.24,,74546594.975,0.045,1292428800000.0,1.2534,-2729135.0,11801161.0,1.66,0.4252,19038.0,0.47,,0.0,重庆农村商业银行,5.0344,,11357000000.0,,6.265,港股主板
02252,-39.720078817177054,,35.610951887792496,30,0.0,False,0.02,,1030720586.0,21.18,,,-12.84,21830662011.0,,21843576411.0,,500.0,-72.48329162287553,-46.78,,194.37254667821148,,0.0,1635782400000.0,-0.2695,794180.0,,,46.6289,18961.0,,,6.02,微创机器人-B,-78.6033,,1031330331.0,,21.18,港股主板
02577,-18.07002270993032,,19.937,30,-2.16,False,0.02,7.6117,899382457.0,37.2,6.79,,-52.55,33457027400.0,,34041744292.0,,100.0,-22.017493480678574,20.0,-0.37,45.55419022394076,267053618.76,-0.82,1735488000000.0,-0.8994,7843437.099999987,7005957,4.21,7.6355,18933.0,0.78,,0.45,英诺赛科,-41.3589,,915100653.0,,38.02,港股主板
01055,,,0.2355,30,-1.74,False,0.005,1.4641,4643997308.0,2.83,3.65,1.4368,-51.37,13142512382.0,,51282430860.0,,2000.0,-4.110706664993097,8.04,-0.35,7.926054513163683,31874279.9,-0.05,870278400000.0,-0.0906,-1707380.0,11061140.0,1.71,1.4629,18637.0,0.24,,,中国南方航空股份,-31.2235,,18121000304.0,,2.88,港股主板
06099,44.549369721355234,,2.2374,30,-1.79,False,0.01,0.7136,1274521534.0,13.72,3.01,,2.45,17486435446.0,,119316347778.0,5.26,200.0,12.431196553409258,81.99,0.0,30.496853661432688,59250780.0,-0.25,1475769600000.0,2.2575,-6611062.0,4276200.0,3.72,0.7126,18636.0,0.34,,-0.83,招商证券,6.0775,,8696526806.0,,13.97,港股主板
02158,,,3.7619,30,-1.8,False,0.005,0.8266,1019986095.0,3.265,2.56,,-37.16,3330254600.0,,3330254600.0,1.23,100.0,1.9219062527176276,-94.34,0.0,0.6010772255976793,8135946.9,-0.06,1610640000000.0,0.0809,764109.5,2488400.0,1.98,0.7903,18622.0,0.24,,147.91,医渡科技,40.3546,,1019986095.0,,3.325,港股主板
02866,5.670929754812071,,0.3817,30,1.74,False,0.005,0.317,3421629000.0,0.875,2.33,1.7537,-12.6,2993925375.0,,11490549630.0,4.91,1000.0,5.291181242564531,-12.37,0.0,21.237802436135112,5392130.0,0.015,1087315200000.0,0.1436,-158400.0,6132000.0,1.63,0.3149,18600.0,0.18,,0.0,中远海发,6.0942,,13132056720.0,,0.86,港股主板
09985,19.18396106818234,,1.8625,30,0.85,False,0.005,1.8334,2430337978.0,6.525,3.09,9.5001,-37.78,15857955306.0,,15857955306.0,8.08,200.0,20.05983365361456,-20.5,-0.15,16.509916244401367,12340740.0,0.055,1671033600000.0,0.6868,-380514.0,1875200,1.84,1.8215,18561.0,0.08,,-5.11,卫龙美味,9.5006,,2430337978.0,,6.47,港股主板
01789,31.63026091982779,,2.9642,30,0.0,False,0.005,1.6523,1076966382.0,4.735,2.22,12.297,-15.02,5099435819.0,,5099435819.0,2.56,2000.0,13.679047687449803,193.52,0.0,14.289419820980886,7826550.0,0.0,1513699200000.0,0.3982,-473500.0,1644000.0,1.18,1.5892,18551.0,0.15,,50.86,爱康医疗,11.8921,,1076966382.0,,4.735,港股主板
00410,-15.284644517578306,,0.9304,30,-3.57,False,0.005,0.0339,5199524031.0,0.27,7.14,6.67,-48.08,1403871488.0,,1403871488.0,,500.0,-0.6499173792705452,-92.92,1.89,-8.892520830998185,575217.5,-0.01,1191772800000.0,-0.0506,0.0,2131500.0,2.03,0.034,18529.0,0.04,,0.0,SOHO中国,-5.3351,,5199524031.0,,0.28,港股主板
00460,,,2.1926,30,-1.4,False,0.005,0.9262,9115988206.0,0.705,3.5,,-41.96,6426771685.0,,6426771685.0,1.56,1000.0,5.729868203177679,-53.68,-0.7,12.545500425078583,25233769.7,-0.01,1288195200000.0,0.0381,828499.9999999991,35271772,2.34,0.9044,18526.0,0.39,,0.0,四环医药,18.5056,,9115988206.0,,0.715,港股主板
00384,-14.124542897722714,,0.3923,30,-2.39,False,0.005,0.5154,5448152741.0,5.3,3.31,4.1147,-27.14,28875209527.0,,28875209527.0,6.6,200.0,4.897498015301731,659.09,0.0,-7.16268290670754,53447789.52,-0.13,814118400000.0,0.4991,-1590540.0,10017382.0,1.11,0.505,18482.0,0.18,,,中国燃气,10.6196,,5448152741.0,,5.43,港股主板
00371,-15.084895739507298,,0.6314,30,0.65,False,0.005,0.3818,10046009871.0,1.54,2.29,2.7764,-33.04,15470855201.0,,15470855201.0,9.61,2000.0,3.580763989997808,-81.96,0.33,-5.301559717054882,41962964.435,0.01,735148800000.0,0.144,-2876260.0,27464941,3.03,0.3785,18430.0,0.27,,,北控水务集团,10.6916,,10046009871.0,,1.53,港股主板
01516,,,0.3018,30,0.0,False,0.005,0.372,3027973000.0,0.74,4.05,70.5371,-46.5,2240700020.0,,2240700020.0,1.62,1000.0,3.985752537058028,-90.8,0.0,-4.04864496856,2246835.75,0.0,1605715200000.0,0.0778,31440.0,3024603.0,1.38,0.3732,18407.0,0.1,,21.9,融创服务,9.5068,,3027973000.0,,0.74,港股主板
01157,-0.468733810483557,,0.781,30,-0.8,False,0.005,0.7292,1552507548.0,5.61,2.21,8.2104,-25.33,8709567344.0,,48518282674.0,8.34,200.0,6.9228221265319645,7.53,-0.09,6.514140328831575,14373226.9,-0.045,1293033600000.0,0.5268,741332.0,2541900.0,1.11,0.7314,18382.0,0.16,,0.0,中联重科,10.6487,,8648535236.0,,5.655,港股主板
01896,,,0.9597,30,0.68,False,0.005,0.4187,1174142157.0,3.69,4.91,2.53,-44.26,4332584559.0,,4332584559.0,5.91,200.0,4.01298244907237,-72.72,-0.54,-11.006195904606509,13159960.03,0.025,1549209600000.0,0.3406,842707.9999999991,3523169,2.08,0.4181,18286.0,0.3,,-1.08,猫眼娱乐,10.8323,,1174142157.0,,3.665,港股主板
02688,-1.6583654128988656,,0.4297,30,-0.61,False,0.02,1.0013,1131839264.0,49.14,2.81,4.5325,-25.81,55618581433.0,,55618581433.0,6.11,100.0,13.197816837852939,2125.24,-0.16,0.22099618536599586,209321455.82,-0.3,1023033600000.0,6.178,7499775.299999997,4237521.0,1.33,1.0044,18187.0,0.37,,,新奥能源,7.954,,1131839264.0,,49.44,港股主板
01368,6.0335765642872685,,0.6063,30,0.58,False,0.005,0.7738,2815096985.0,3.47,1.74,8.1991,-29.69,9768386538.0,,9768386538.0,7.93,500.0,12.263971079547058,132.32,0.43,-0.6615882798286843,15692328.9,0.02,1212422400000.0,0.5225,0.0,4534432,1.73,0.7726,18143.0,0.16,,0.0,特步国际,6.6409,,2815096985.0,,3.45,港股主板
00753,29.715343987620546,,0.3572,30,-0.41,False,0.005,1.0929,4955610672.0,3.685,2.7,2.0292,-47.88,18261425326.0,,75515087396.0,,2000.0,-4.433190422876449,41.85,-0.14,10.340848018968906,53993651.5,-0.015,1103040000000.0,-0.1296,-8141450.0,14516180.0,1.32,1.0963,17975.0,0.29,,0.0,中国国航,-28.4248,,20492561030.0,,3.7,港股主板
02369,-29.20102139786235,,0.5491,30,-1.02,False,0.005,0.1149,397930198.0,0.485,1.02,26.7753,-49.48,192996146.0,,192996146.0,,4000.0,-5.065715621941177,-85.68,0.0,8.779712409419126,64882.0,-0.005,1102521600000.0,-0.2197,0.0,132600,0.56,0.1125,17730.0,0.03,,0.0,酷派集团,-2.2079,,397930198.0,,0.49,港股主板
00013,-45.85607867256098,,4.4068,30,-3.4,False,0.02,1.9035,127819460.0,21.58,6.71,114.2165,4.66,2758343947.0,,18824991890.0,,500.0,1.436477845966006,-58.02,0.09,-13.110916883377065,127709579.0,-0.76,1624982400000.0,0.1261,25509480.0,5809500.0,2.07,1.9041,17549.0,4.55,,50.37,和黄医药,171.1947,,872335120.0,,22.34,港股主板
01071,10.342489129506504,,0.3675,30,1.18,False,0.005,0.6082,1717233600.0,4.28,2.84,2.0789,8.4,7349759808.0,,49698393508.0,3.83,2000.0,7.784308984903646,634.89,-0.12,-0.6687793082826299,27384906.0,0.05,930672000000.0,0.5225,6050100.0,6416200.0,2.16,0.6101,17531.0,0.37,,,华电国际电力股份,8.1906,,11611774184.0,,4.23,港股主板
00751,18.462880836599417,,0.0703,30,6.61,False,0.005,0.2795,1892004732.0,3.065,12.17,,-34.65,5798994504.0,,5798994504.0,,2000.0,4.837888304192837,264.97,1.49,2.2325134571034244,43943693.03,0.19,955036800000.0,0.5182,-5865213.030000001,14068403,11.44,0.2803,17444.0,0.74,,0.0,创维集团,5.9146,,1892004732.0,,2.875,港股主板
00136,20.873871548589594,,9.2167,30,1.74,False,0.005,0.8842,16800614615.0,1.465,3.82,68.5307,-33.11,24612900411.0,,24612900411.0,,4000.0,6.292206392476565,-99.78,0.34,-20.937170785530533,64417726.6,0.025,875116800000.0,0.0961,-4278360.0,43926204.0,1.46,0.8869,17383.0,0.26,,,中国儒意,15.2465,,16800614615.0,,1.44,港股主板
06066,35.0650120129568,,1.8008,30,-2.04,False,0.01,0.5892,1261023762.0,11.03,3.46,,-12.63,13909092095.0,,85556343611.0,3.61,500.0,9.784073767584179,138.87,-0.18,16.606820721275994,46851908.1,-0.23,1481212800000.0,1.7015,-3870570.0,4215948.0,2.57,0.5906,17266.0,0.33,,0.0,中信建投证券,6.4824,,7756694797.0,,11.26,港股主板
01317,292.3581603773055,,0.3692,30,-1.21,False,0.001,0.2068,2843894920.0,0.163,1.82,1.4624,-58.21,463554872.0,,463554872.0,,2000.0,17.2835901785542,-88.11,0.0,-3.0689985934445385,6424.0,-0.002,1417104000000.0,0.1218,0.0,40000.0,0.3,0.2046,17213.0,0.0,,0.0,枫叶教育,1.3381,,2843894920.0,,0.165,港股主板
01776,55.42088847585607,,2.0165,30,-2.58,False,0.01,0.6362,1920796200.0,16.6,4.81,,-0.79,31885216920.0,,129892435483.0,5.29,200.0,10.89960937348272,0.84,-0.12,33.63265761859866,98948066.96,-0.44,1428595200000.0,2.6146,3155238.0,5929553.0,3.05,0.633,17137.0,0.31,,0.0,广发证券,6.349,,7824845511.0,,17.04,港股主板
00884,,,0.0322,30,-5.71,False,0.001,0.0221,19596849748.0,0.033,20.0,0.1472,-79.5,646696042.0,,646696042.0,,2000.0,107.15134899792736,-95.51,3.13,-49.22448254388947,8183132.0,-0.002,1353600000000.0,1.0056,0.0,229112000.0,1.32,0.0219,17119.0,1.17,,0.0,旭辉控股集团,0.0328,,19596849748.0,,0.035,港股主板
01038,71.36940502720115,,38.1296,30,-0.61,False,0.05,1.0346,2519610945.0,64.8,1.0,69.6845,17.2,163270789236.0,,163270789236.0,4.06,500.0,17.181964023620168,1579.5,0.0,1.3692371265082937,36801247.2,-0.4,837532800000.0,9.9892,0.0,567803.0,0.5,1.0346,17033.0,0.02,,,长江基建集团,6.487,,2519610945.0,,65.2,港股主板
02096,37.18233354108052,,2.8283,30,-3.68,False,0.01,2.5908,2568198618.0,10.98,5.7,8.9499,-6.32,28198820826.0,,28198820826.0,1.92,1000.0,18.838703310421682,12.81,-0.36,14.340651391523096,53361741.0,-0.42,1603728000000.0,0.6979,1292400.0,4765000.0,1.62,2.5989,17005.0,0.19,,-19.85,先声药业,15.7325,,2568198618.0,,11.4,港股主板
00868,-13.227616718965407,,1.5272,30,0.06,False,0.005,0.8382,4460587952.0,8.02,3.18,6.7818,0.71,35773915375.0,,35773915375.0,4.51,1000.0,8.06106606371772,1954.83,0.06,-5.978631122516587,65974247.92,0.005,1107360000000.0,0.739,1933890.0,8151360.0,1.01,0.831,16999.0,0.18,,0.0,信义玻璃,10.8527,,4460587952.0,,8.015,港股主板
00697,-22.443977109307255,,7.6576,30,-2.31,False,0.005,1.0598,7932161161.0,1.27,3.46,,-37.89,10073844674.0,,10073844674.0,6.93,2000.0,1.8391728961302367,7.8,0.4,15.206607539365313,18434456.325,-0.03,672940800000.0,0.0223,758530.0,14386235.0,1.62,1.0008,16982.0,0.18,,,首程控股,56.9401,,7932161161.0,,1.3,港股主板
00135,-0.5353651039293861,,0.2876,30,1.63,False,0.005,0.8061,8619847708.0,7.495,1.9,3.9858,5.7,64605758571.0,,64605758571.0,5.34,2000.0,8.052264195213516,,0.13,3.90425394650451,71856731.89,0.12,100800000000.0,0.7318,510000.0,9604209.0,1.28,0.7991,16928.0,0.11,,,昆仑能源,10.2421,,8619847708.0,,7.375,港股主板
01193,-11.809505603324643,,0.3792,30,0.55,False,0.01,0.8228,2314012871.0,16.45,3.67,5.4287,-23.27,38065511728.0,,38065511728.0,5.78,100.0,7.9663841785099,65.31,-0.12,0.5183791586507613,29741911.1,0.09,784137600000.0,1.5433,694038.0,1801882.0,1.8,0.8228,16915.0,0.08,,,华润燃气,10.6586,,2314012871.0,,16.36,港股主板
09969,102.73201543223655,,7.0318,30,-7.18,False,0.01,2.5049,1493798235.0,12.54,10.07,86.9299,1.95,18732229867.0,,22160714823.0,,1000.0,12.785619771006068,33.4,0.0,70.98594759879522,178168549.0,-0.97,1584892800000.0,0.5844,-8062940.0,13794400,2.2,2.4889,16897.0,0.92,,9.61,诺诚健华,21.4566,,1767202139.0,,13.51,港股主板
00512,-16.25969856518833,,1.3478,30,-1.76,False,0.005,0.9748,3549571148.0,4.74,4.56,9.7973,-37.53,16824967242.0,,16824967242.0,3.57,500.0,6.446594022021677,319.47,-0.11,6.389418924879697,18329237.5,-0.085,819302400000.0,0.3125,4231125.0,3830000.0,2.19,0.9748,16769.0,0.11,,,远大医药,15.168,,3549571148.0,,4.825,港股主板
00300,9.801207108222654,,1.3222,30,2.6,False,0.05,2.8802,650204000.0,92.8,3.54,11.4345,14.87,60338931200.0,,707998053536.0,5.43,100.0,20.633743791615306,73.26,0.27,8.273233852311556,916227521.6,2.35,1726502400000.0,6.6626,134925305.85,9904495,1.54,2.8553,16763.0,1.52,,7.85,美的集团,13.9284,,7629289370.0,,90.45,港股主板
03347,,,4.5944,30,-2.51,False,0.02,1.6926,123124800.0,44.22,4.54,29.5435,4.44,5444578656.0,,38074571931.0,0.33,100.0,0.45694603673947537,-60.89,0.0,1.8161716937125094,49787500.0,-1.14,1596729600000.0,0.1055,4312244.0,1113200,1.52,1.6979,16742.0,0.9,,13.3,泰格医药,419.3281,,861026050.0,,45.36,港股主板
00694,,,1.0164,30,-1.43,False,0.005,0.4248,1879364000.0,1.38,3.21,2.7425,-50.0,2593522320.0,,6319266988.0,,2000.0,-3.4338516844481908,30.72,-0.72,8.117784325115874,10011480.0,-0.02,949334400000.0,-0.1097,-192550.0,7148000,0.81,0.4261,16586.0,0.38,,0.0,北京首都机场股份,-12.579,,4579178977.0,,1.4,港股主板
01112,42.57979611374587,,0.6986,30,2.8,False,0.01,1.7026,645561354.0,19.84,5.54,4.9721,60.45,12807937263.0,,12807937263.0,4.94,500.0,11.750267684184646,198.18,0.0,8.487926776490307,46612896.5,0.54,1292515200000.0,1.3108,-416680.0,2347000.0,2.41,1.6992,16479.0,0.36,,0.0,H&H国际控股,15.1356,,645561354.0,,19.3,港股主板
06666,-11.175676032653815,,0.772,30,-3.39,False,0.005,5.0126,10810811000.0,1.14,6.36,6.7964,0.0,12324324540.0,,12324324540.0,,500.0,65.40812016494522,-87.1,-0.44,4.591948313170868,28831572.5,-0.04,1606838400000.0,0.109,-2718750.0,24727500.0,1.5,5.0283,16477.0,0.23,,-0.23,恒大物业,10.4601,,10810811000.0,,1.18,港股主板
03383,21.601263279910256,,0.029,30,3.77,False,0.001,,5046047500.0,0.165,6.92,0.4332,-38.89,832597838.0,,832597838.0,,2000.0,-301.6530677340825,-89.16,1.85,-19.86202653744217,1865252.0,0.006,1134576000000.0,-5.2571,-411874.0,11180000.0,1.09,-0.3134,16475.0,0.22,,0.0,雅居乐集团,-0.0314,,5046047500.0,,0.159,港股主板
01799,,,0.2563,30,-4.43,False,0.005,0.1437,376170756.0,3.67,5.99,,-50.07,1380546675.0,,5248100000.0,,400.0,-3.6155964859323584,-49.42,0.55,-11.680647859465,11677790.0,-0.17,1451404800000.0,-0.9132,-3804200.0,3163200,2.39,0.1441,16452.0,0.84,,0.0,新特能源,-4.0188,,1430000000.0,,3.84,港股主板
01800,-22.51113982707399,,0.0654,30,-0.6,False,0.005,0.1489,4418476000.0,3.325,1.94,1.7155,-33.44,14691432700.0,,53910839378.0,6.89,1000.0,3.7719265550289505,-12.69,-0.6,-1.679883034149332,51766404.725,-0.02,1166112000000.0,0.8511,-3638065.0,15450292.0,5.2,0.1491,16409.0,0.35,,0.0,中国交通建设,3.9065,,16213786279.0,,3.345,港股主板
01164,2.5705464112912413,,2.2,30,-6.09,False,0.005,3.5275,7600682645.0,2.08,4.29,31.7133,-32.35,15809419902.0,,15809419902.0,0.67,5000.0,10.542358826957043,482.63,0.0,3.4051908685484022,80668461.66,-0.135,1059926400000.0,0.0579,2779925.0,38204319,1.43,3.5275,16402.0,0.5,,-4.35,中广核矿业,35.9079,,7600682645.0,,2.215,港股主板
01044,-6.141531099591269,,0.8827,30,0.1,False,0.01,0.8909,1155320917.0,19.41,1.6,8.8767,-25.42,22424778999.0,,22424778999.0,8.44,500.0,11.151895013751355,1573.85,0.23,-3.035602373067159,123219852.65,0.02,913046400000.0,2.3948,-2864420.0,6339260.0,2.67,0.8844,16256.0,0.55,,,恒安国际,8.105,,1155320917.0,,19.39,港股主板
06082,30.628208718460236,,31.3873,30,-11.85,False,0.02,6.8355,1362062574.0,30.36,12.2,,54.9,41352219747.0,,78938296734.0,,200.0,-3048.9921876949957,-14.96,-0.33,604.6375621222548,1754063566.76,-4.08,1767283200000.0,-6.5539,292740934.0,55026947,8.47,4.1997,16240.0,4.04,,75.82,壁仞科技,-4.6323,,2600075650.0,,34.44,港股主板
06993,,,1.7191,30,-0.82,False,0.005,2.1052,5798933256.0,2.42,3.48,176.8478,-5.02,14033418480.0,,14033418480.0,7.48,500.0,-1.1857306203419251,-80.53,-0.62,2.9135512126870378,6582990.0,-0.02,1608048000000.0,-0.0148,667635.0,2714500.0,2.36,2.0818,16155.0,0.05,,13.07,蓝月亮集团,-163.0447,,5798933256.0,,2.44,港股主板
01638,,,0.0266,30,-5.0,False,0.001,0.099,12673183927.0,0.019,15.0,0.4713,-80.41,240790495.0,,240790495.0,,1000.0,-216.92307009882165,-99.31,0.0,-40.04013848212661,4943054.525,-0.001,1260288000000.0,4.5722,-245079.0,256157224,1.71,0.0984,15868.0,2.02,,0.0,佳兆业集团,0.0042,,12673183927.0,,0.02,港股主板
01618,-84.46438653966788,,0.0604,30,0.77,False,0.005,0.1492,2839000000.0,1.305,2.7,1.8254,-28.69,3704895000.0,,27002563017.0,,1000.0,-0.4826130751963739,-60.96,-0.38,-18.97031326554901,13438741.475,0.01,1253721600000.0,-0.0364,-2428845.0,10267005.0,4.44,0.1497,15838.0,0.36,,0.0,中国中冶,-35.8439,,20691619170.0,,1.295,港股主板
00119,,,0.095,30,0.4,False,0.005,0.1286,3821183118.0,1.27,4.35,0.84,-35.5,4852902560.0,,4852902560.0,2.05,1000.0,-2.162610513083194,,-0.39,-1.1127858803479773,36737773.25,0.005,115488000000.0,-0.2179,-3966677.0,28484100.0,2.03,0.129,15838.0,0.75,,,保利置业集团,-5.8284,,3821183118.0,,1.265,港股主板
01513,-8.999452202406422,,1.554,30,-2.39,False,0.02,1.2206,299807117.0,21.22,4.6,5.1069,-20.7,6361907023.0,,18841390169.0,7.89,100.0,12.38270299772256,99.23,-0.19,-8.30859128706567,54843320.78,-0.52,1389801600000.0,2.1688,-1751468.0,2548454.0,2.09,1.2244,15817.0,0.85,,,丽珠医药,9.784,,887907171.0,,21.74,港股主板
02666,3.1374915682839566,,0.549,30,0.78,False,0.005,0.3634,2014204924.0,4.505,1.68,2.2466,-18.09,9073993183.0,,9073993183.0,7.99,500.0,10.852534222129856,34.82,-0.11,0.832011336751215,25851034.6,0.035,1436284800000.0,1.2482,1807350.0,5721980,2.48,0.3645,15807.0,0.28,,0.0,环球医疗,3.6092,,2014204924.0,,4.47,港股主板
02328,29.43819708004549,,0.5561,30,2.51,False,0.01,1.0109,6899293833.0,15.94,4.05,7.0462,3.2,109974743698.0,,354549678930.0,7.49,2000.0,16.56735599953266,2153.0,0.13,4.731926098063721,490673390.76,0.39,1068048000000.0,2.4937,3741440.0,30713787,1.99,1.0021,15757.0,0.45,,0.0,中国财险,6.3922,,22242765303.0,,15.55,港股主板
00813,,,0.0252,30,4.62,False,0.001,,10385605933.0,0.068,13.85,0.2846,-64.4,706221203.0,,706221203.0,,500.0,-93.74699624512948,-97.94,1.49,-29.307460336914637,19762529.067,0.003,1152028800000.0,1.8053,55921.5,284504700,1.84,-0.0992,15604.0,2.74,,0.0,世茂集团,0.0377,,10385605933.0,,0.065,港股主板
02611,59.80249453536401,,1.9727,30,-1.41,False,0.01,0.5722,3505759848.0,14.02,5.13,,-11.85,49150753069.0,,246486432431.0,5.43,200.0,9.189925987397,38.9,0.29,57.333948747603934,125887503.72,-0.2,1491840000000.0,2.084,6648146.0,8854228,1.05,0.5717,15454.0,0.25,,0.0,国泰海通,6.7274,,17581057948.0,,14.22,港股主板
00777,-30.93386265374941,,0.8923,30,-2.9,False,0.005,0.7018,526100249.0,8.04,5.62,14.0124,-13.32,4229846002.0,,4229846002.0,12.44,500.0,2.883644044448526,165.67,0.19,-17.910652068855814,10511981.75,-0.24,1214236800000.0,0.3361,516852.5,1301500,1.21,0.6936,15436.0,0.25,,-0.98,网龙,23.9228,,526100249.0,,8.28,港股主板
01929,18.69639989721219,,1.1288,30,-1.73,False,0.01,4.0715,9866331200.0,10.8,2.27,80.9084,-9.49,106556376960.0,,106556376960.0,6.2,200.0,31.374523509202284,75.69,-0.18,-0.1007869104593051,104484016.36,-0.19,1323878400000.0,0.9126,13098332.0,9628375.0,1.18,3.4403,15398.0,0.1,,0.0,周大福,11.8339,,9866331200.0,,10.99,港股主板
00546,-46.6724204484627,,0.3447,30,0.69,False,0.005,0.4827,2507346037.0,4.355,2.89,5.5167,-42.84,10919491991.0,,10919491991.0,4.27,1000.0,5.202801631376794,328.01,0.0,-0.5467770670535499,27811331.0,0.03,1170864000000.0,0.4712,-146595.0,6372000,1.11,0.4817,15319.0,0.25,,0.0,阜丰集团,9.2432,,2507346037.0,,4.325,港股主板
03899,-2.1666552068904665,,0.4915,30,0.28,False,0.005,1.0156,2109717503.0,7.055,2.99,9.3093,-22.77,14884056984.0,,14884056984.0,4.39,2000.0,8.949955710692253,105.75,-0.35,4.36090490354748,24828228.0,0.02,1153324800000.0,0.59,3361940.0,3500000.0,2.93,1.007,15287.0,0.17,,0.61,中集安瑞科,11.9586,,2109717503.0,,7.035,港股主板
01302,,,4.1068,30,0.38,False,0.005,1.5827,4631712400.0,1.31,5.36,10.2265,-16.03,6067543244.0,,6067543244.0,,2000.0,1.6476274784938139,,0.0,-1.3595716999291962,31562590.0,0.005,1320854400000.0,0.0139,-3739750.0,23908000.0,1.82,1.5877,15145.0,0.52,,,先健科技,94.0622,,4631712400.0,,1.305,港股主板
00806,178.294561341467,,2.7237,30,-1.32,False,0.005,0.7927,1826709831.0,1.875,2.37,6.5144,-20.55,3425080933.0,,3425080933.0,2.93,1000.0,14.838724902977313,-45.46,0.0,65.13028128106055,5699101.0,-0.025,1195660800000.0,0.3304,-1747180.0,3003000,2.4,0.7927,15121.0,0.16,,0.0,惠理集团,5.6742,,1826709831.0,,1.9,港股主板
02689,,,0.2828,30,-0.1,False,0.005,0.4235,4692220811.0,5.225,2.96,5.3236,-11.59,24516853737.0,,24516853737.0,,1000.0,7.125978692363423,61.03,0.1,9.747078098706785,50890527.3,-0.005,1141315200000.0,0.8819,-1647010.0,9675000.0,1.29,0.4226,15078.0,0.21,,0.0,玖龙纸业,5.9247,,4692220811.0,,5.23,港股主板
00336,,,2.492,30,-0.15,False,0.005,0.8164,3221640876.0,3.305,6.5,13.4326,-14.46,10647523095.0,,10647523095.0,3.27,1000.0,-3.4446021010676535,473.49,0.3,6.865648693995241,14444642.6,-0.005,696009600000.0,-0.1371,-4140.0,4332010.0,1.8,0.8145,15054.0,0.13,,,华宝国际,-24.1085,,3221640876.0,,3.31,港股主板
00267,3.3641196296612996,,0.3973,30,-1.1,False,0.01,0.397,29090262630.0,12.62,2.82,0.4983,10.54,367119114391.0,,367119114391.0,5.52,1000.0,7.827430117706581,,0.32,11.584060737180302,200515874.5,-0.14,509731200000.0,2.4124,-3734050.0,15817880,1.98,0.3958,15038.0,0.05,,,中信股份,5.2313,,29090262630.0,,12.76,港股主板
00558,-58.56761439025706,,0.2737,30,-2.6,False,0.005,0.7488,1364391500.0,1.125,5.63,,-65.23,1534940438.0,,1534940438.0,5.33,2500.0,1.939665166293431,87.16,0.45,-1.6521454456465912,379512.5,-0.03,1160928000000.0,0.0277,0.0,332500.0,0.55,0.8024,15001.0,0.02,,0.0,力劲科技,40.5479,,1364391500.0,,1.155,港股主板
01333,-13.33095479887978,,6.0363,30,-25.28,False,0.01,6.7996,375605690.0,13.15,28.98,,-51.8,4939214824.0,,5363634650.0,,200.0,-32.49458701415173,-54.66,1.39,19.369964013695995,132714061.0,-4.45,1746547200000.0,-0.633,-10581040.0,9885200.0,4.53,5.5461,14990.0,2.63,,38.33,博雷顿,-20.7755,,407880962.0,,17.6,港股主板
06865,,,0.7543,30,-1.59,False,0.005,0.4929,429593000.0,5.265,3.74,3.7897,-43.06,2261807145.0,,12271458039.0,3.44,1000.0,1.6378818974031564,233.29,-0.19,-14.577487242969712,19223200.0,-0.085,1448467200000.0,0.1655,-943380.0,3590000.0,1.99,0.49,14954.0,0.84,,0.0,福莱特玻璃,31.8033,,2330761261.0,,5.35,港股主板
00317,221.84701050037518,,0.8387,30,-0.27,False,0.01,0.9359,592071197.0,14.52,4.4,5.087,13.3,8596873780.0,,20524112609.0,1.89,2000.0,7.188877840764264,870.91,-0.55,11.63038336289086,54918124.0,-0.04,744566400000.0,1.07,-691840.0,3685200.0,8.54,0.9313,14926.0,0.62,,,中船防务,13.5703,,1413506378.0,,14.56,港股主板
00165,,,73.5603,30,-3.6,False,0.005,0.3193,1685253712.0,6.155,5.09,42.7036,-30.75,10372736597.0,,10372736597.0,1.46,2000.0,-13.67784980082243,,0.0,-32.31690706318334,31671020.0,-0.23,99504000000.0,-2.6507,-3829690.0,5080000.0,2.26,0.3193,14905.0,0.3,,,中国光大控股,-2.322,,1685253712.0,,6.385,港股主板
09966,,,12.3754,30,-6.74,False,0.005,3.8018,966576697.0,7.54,7.11,,-23.06,7287988295.0,,7287988295.0,,1000.0,-9.975163416105886,-42.0,0.53,30.013301202835805,14818327.0,-0.545,1576080000000.0,-0.204,-1863245.0,1940000,2.38,3.7425,14863.0,0.2,,32.35,康宁杰瑞制药-B,-36.9525,,966576697.0,,8.085,港股主板
00257,-0.794276894712509,,1.0269,30,2.0,False,0.005,0.4337,6142975292.0,4.58,3.23,2.1703,0.54,28134826837.0,,28134826837.0,6.11,1000.0,6.7291691945421475,,-0.22,-5.263995400095878,35148458.98,0.09,599414400000.0,0.6755,1548840.0,7640324,3.0,0.4337,14805.0,0.12,,,光大环境,6.7801,,6142975292.0,,4.49,港股主板
00144,3.4658554861775492,,5.0811,30,0.41,False,0.01,0.6199,4198009186.0,17.18,2.81,7.2107,18.93,72121797815.0,,72121797815.0,4.3,2000.0,5.946283905125511,1126.53,0.23,9.539090264107152,70640263.22,0.07,711129600000.0,1.5972,757680.0,4087221.0,1.08,0.6199,14781.0,0.1,,,招商局港口,10.7564,,4198009186.0,,17.11,港股主板
01478,153.66039613131807,,0.2308,30,-3.69,False,0.005,0.7881,1194890725.0,4.835,4.48,11.2692,-38.38,5777296655.0,,5777296655.0,11.38,1000.0,25.023179583917372,99.74,-0.1,23.243754089923808,23154395.0,-0.185,1417449600000.0,1.3756,-1546775.0,4739000.0,2.0,0.7812,14746.0,0.4,,0.0,丘钛科技,3.5149,,1194890725.0,,5.02,港股主板
00956,-8.352698323360464,,0.736,30,2.42,False,0.005,0.5084,2146004396.0,3.38,2.88,1.8395,-7.35,7253494858.0,,15210904059.0,6.92,1000.0,6.82971029810069,188.08,0.0,-6.155403354259203,20388957.8,0.08,1286899200000.0,0.4371,4564645.0,6025920,3.38,0.5096,14527.0,0.28,,0.0,新天绿色能源,7.732,,4500267473.0,,3.3,港股主板
02460,-18.30011080032552,,1.4746,30,-0.34,False,0.005,1.4197,2398196600.0,7.225,1.93,,-24.64,17326970435.0,,17326970435.0,5.51,200.0,7.208910670885485,-51.46,0.21,-10.55331920039736,3025741.0,-0.025,1729612800000.0,0.3749,58650.0,418600.0,0.76,1.4169,14526.0,0.02,,15.03,华润饮料,19.2695,,2398196600.0,,7.25,港股主板
00769,,,2.581506808236757,30,0.0,False,0.01,,2790450281.0,0.7,,,0.0,1953315197.0,,1953315197.0,,2000.0,-5.270265349150558,2.15,,-14.54399918624435,,0.0,939916800000.0,-0.0376,2446500.0,,,0.9448,14501.0,,,,中国稀土,-18.6165,,2790450281.0,,0.7,港股主板
02777,1.9786526266880378,,0.0587,30,3.29,False,0.001,,3752367344.0,0.22,15.49,0.4546,-56.86,825520816.0,,825520816.0,,400.0,-1321.3181109601985,,0.0,-28.096473463389216,4223609.6,0.007,1121270400000.0,-5.3134,-1060346.7999999998,19007400,3.85,-0.0746,14477.0,0.51,,,富力地产,-0.0414,,3752367344.0,,0.213,港股主板
02142,53.60617228607192,,7.6167,30,-8.03,False,0.01,3.2413,869264522.0,11.79,11.62,290.9645,-3.04,10248628714.0,,10248628714.0,,1000.0,24.12208640887984,-1.26,0.34,28.74450005365714,246447781.25,-1.03,1607529600000.0,0.7555,-1036960.0,20332710,3.82,3.1282,14381.0,2.34,,-10.99,和铂医药-B,15.6061,,869264522.0,,12.82,港股主板
01209,14.336337961841217,,3.986,30,1.25,False,0.02,4.6797,2282500000.0,37.32,3.69,17.4772,-8.82,85182900000.0,,85182900000.0,5.73,200.0,26.69521979496991,47.7,0.38,9.686751421901029,208488104.0,0.46,1607443200000.0,2.0948,2381296.0,5576209.0,2.03,4.6704,14373.0,0.24,,25.56,华润万象生活,17.8159,,2282500000.0,,36.86,港股主板
06809,104.43226961250676,,47.4401,30,-6.05,False,0.2,13.4289,75773500.0,273.4,7.08,127.1084,156.29,20716474900.0,,333695094941.0,0.25,100.0,,63.06,-0.07,44.600320156543205,567808926.8,-17.6,1770566400000.0,2.8895,-1137845.800000012,2021443,1.57,13.3457,14276.0,2.67,,63.72,澜起科技,94.6173,,1220538021.0,,291.0,港股主板
00297,29.03016141279724,,0.2998,30,2.09,False,0.005,0.6195,7024455733.0,1.22,3.77,9.7668,-15.37,8569835994.0,,8569835994.0,5.66,2000.0,11.56703879779892,-1.4,0.0,5.809253552586013,21536832.0,0.025,844012800000.0,0.2212,95740.0,17518000,2.81,0.6214,14244.0,0.25,,,中化化肥,5.5161,,7024455733.0,,1.195,港股主板
02259,168.62216319566105,,6.3402,30,-2.08,False,0.1,4.976,401339300.0,136.2,4.17,12.3461,-4.7,54662412660.0,,364517412660.0,2.2,100.0,39.07028227844898,24.79,0.15,68.11355573614782,403537554.8,-2.9,1759161600000.0,7.3822,7879860.0,2959534,1.1,4.9788,14234.0,0.74,,68.46,紫金黄金国际,18.4497,,2676339300.0,,139.1,港股主板
09987,7.006245283614043,,1.1476,30,0.37,False,0.2,2.6115,338898683.0,323.8,1.92,8.9348,-10.56,109735393555.0,,109735393555.0,2.78,50.0,17.49506549434775,-15.05,0.5,6.089187736418,249003408.6,1.2,1599667200000.0,22.3894,10192950.0,770304.0,1.53,2.6108,14210.0,0.23,,-5.29,百胜中国,14.4622,,338898683.0,,322.6,港股主板
00975,,,1.0333,30,-0.48,False,0.005,0.8299,1025826286.0,8.345,5.19,3.4184,-20.83,8560520357.0,,8560520357.0,,3000.0,9.359743372457755,-82.52,-0.48,10.401351867028573,18225330.0,-0.04,1286899200000.0,0.905,-514500.0,2142000.0,2.04,0.8299,14195.0,0.21,,0.0,蒙古焦煤,9.2212,,1025826286.0,,8.385,港股主板
01812,9.693757225518773,,0.1445,30,-1.63,False,0.005,9.8899,528305250.0,0.605,3.25,,-22.44,319624676.0,,1779581001.0,,500.0,-190.8626596906533,-74.77,0.0,-8.833475128327917,535140.0,-0.01,1213718400000.0,-2.0112,241475.0,884500.0,1.19,9.9208,14165.0,0.17,,0.0,晨鸣纸业,-0.3008,,2941456200.0,,0.615,港股主板
02050,10.505202348804431,,2.6553,30,-4.75,False,0.02,2.5627,476536400.0,22.86,5.33,13.8745,-39.33,10893622104.0,,96195198554.0,2.66,100.0,12.994504007696065,11.41,0.0,9.481964732383696,145196496.4,-1.14,1750608000000.0,1.0875,-5538692.0,6243669,3.22,2.5446,14109.0,1.31,,-0.13,三花智控,21.0215,,4208013935.0,,24.0,港股主板
02533,-33.31852905251199,,5.1382,30,-11.49,False,0.005,3.5455,715207989.0,8.36,11.91,,-56.64,5979138788.0,,5979138788.0,,100.0,-90.50118083388318,-55.53,-0.42,68.36258146507474,116829793.405,-1.085,1723046400000.0,-2.2941,-9203235.5,13307586,10.23,3.5293,13970.0,1.86,,-32.51,黑芝麻智能,-3.6442,,715207989.0,,9.445,港股主板
02423,-2.914388607724383,,1.5194,30,1.54,False,0.02,2.0361,3300858110.0,44.84,3.58,17.1889,10.1,148010477652.0,,154059535436.0,1.64,100.0,7.025939731440745,61.07,0.27,2.295025803389761,553103518.72,0.68,1652198400000.0,1.5867,23376118.899999917,12261272.0,1.34,2.0339,13898.0,0.37,,-0.03,贝壳-W,28.2596,,3435761272.0,,44.16,港股主板
01053,35.48526278045683,,0.3123,30,0.0,False,0.005,0.474,538127200.0,0.84,5.36,5.3077,-28.81,452026848.0,,8071845200.0,,2000.0,-17.73332582524493,-6.09,0.6,-17.983442825644936,4926420.0,0.0,877017600000.0,-0.3219,-285610.0,5844000.0,5.76,0.4755,13856.0,1.09,,,重庆钢铁股份,-2.6098,,9609339524.0,,0.84,港股主板
03698,4.8066245681208875,,1.5799,30,1.52,False,0.005,0.3218,3478750000.0,4.67,3.59,1.4307,54.46,16245762500.0,,64865371655.0,6.27,1000.0,9.494504210055307,153.68,-0.32,,35062542.12,0.07,1384185600000.0,1.3205,-369420.0,7415469.0,2.28,0.3225,13854.0,0.21,,,徽商银行,3.5367,,13889801211.0,,4.6,港股主板
03308,157.084451394205,,15.7732,30,-6.68,False,0.5,25.5754,62675000.0,999.5,9.9,110.6216,2.13,62643662500.0,,1177320686180.0,0.14,50.0,,3.08,-0.25,116.00795763685036,1941731838.9,-71.5,1785340800000.0,19.8779,-5251701.75,1880927,2.81,11.7606,13779.0,3.0,,-2.04,中际旭创,50.282,,1177909641.0,,1071.0,港股主板
00881,,,0.0341,30,-0.81,False,0.005,0.1147,2366993863.0,2.445,4.87,1.2508,-78.96,5787299995.0,,5787299995.0,,500.0,-5.613049989373577,-66.25,0.2,-9.249643016541832,29159775.0,-0.02,1269532800000.0,-1.201,-2093225.0,11781000.0,1.2,0.1141,13772.0,0.5,,0.0,中升控股,-2.0358,,2366993863.0,,2.465,港股主板
00522,51.198906924507305,,4.1916,30,-6.13,False,0.1,3.97,419408233.0,163.8,6.65,63.4353,114.12,68699068565.0,,68699068565.0,1.28,100.0,7.591668105318602,,0.18,11.094688010345187,529604555.5,-10.7,599760000000.0,3.0427,-5195494.99999997,3193942,1.53,3.97,13737.0,0.76,,,ASM 太平洋,53.8336,,419408233.0,,174.5,港股主板
01276,21.607423086314892,,8.9818,30,-1.42,False,0.02,4.3183,258197600.0,48.44,5.54,31.867,-31.78,12507091744.0,,321505961897.0,0.48,200.0,12.559924748840533,-14.72,0.1,10.77080453370549,381006025.08,-0.7,1747929600000.0,1.335,-2029220.799999997,7707759,1.56,4.2897,13733.0,2.99,,25.2,恒瑞医药,36.2839,,6637199874.0,,49.14,港股主板
00200,,,0.2354,30,-0.39,False,0.005,2.9831,2275025632.0,2.585,4.05,0.5927,-40.57,5880941259.0,,5880941259.0,,1000.0,69.03787732214562,,-0.19,11.843959250086943,9896505.0,-0.01,599414400000.0,0.447,16460.0,3785000.0,1.26,2.9831,13539.0,0.17,,,新濠国际发展,5.7829,,2275025632.0,,2.595,港股主板
03918,19.059152311082016,,2.2916,30,0.59,False,0.005,0.5814,4422990160.0,2.575,5.27,3.66,-42.0,11389199662.0,,11389199662.0,6.29,2000.0,12.706114469878631,274.16,0.59,6.836446640467675,21093516.95,0.015,1161187200000.0,0.5366,-99550.0,8090489,1.84,0.5816,13432.0,0.18,,0.0,金界控股,4.7984,,4422990160.0,,2.56,港股主板
00586,-16.183453852240394,,1.6139,30,1.63,False,0.005,0.2329,1792041059.0,7.465,2.31,5.9446,-18.33,13377586505.0,,13377586505.0,5.36,500.0,3.643507178571471,-32.2,-0.2,0.12893511666223212,41178142.0,0.12,1387382400000.0,1.1442,-10226230.0,5495500.0,5.67,0.2335,13407.0,0.31,,0.0,海螺创业,6.5241,,1792041059.0,,7.345,港股主板
03931,115.87204094962632,,0.4478,30,-1.25,False,0.01,0.6476,761499395.0,15.85,7.23,2.3776,-36.9,12069765411.0,,28090984449.0,,100.0,5.312835880066421,-58.29,0.13,39.45480258051488,152066348.62,-0.2,1664985600000.0,1.2485,-1533871.0,9345100.0,3.8,0.6496,13393.0,1.23,,0.0,中创新航,12.6955,,1772301858.0,,16.05,港股主板
01999,-1.816894741599484,,0.6341,30,-0.37,False,0.005,0.7633,3843951200.0,2.71,3.49,4.3774,-38.95,10417107752.0,,10417107752.0,8.89,400.0,13.47891026133724,192.47,0.37,-1.8033277695595817,19272911.6,-0.01,1270742400000.0,0.4715,1357920.0,7035720.0,2.2,0.7345,13392.0,0.18,,0.0,敏华控股,5.7476,,3843951200.0,,2.72,港股主板
09911,-28.213929409059812,,1.4175,30,-1.36,False,0.005,3.5293,1400338391.0,9.06,7.78,7.2552,-19.03,12687065822.0,,12687065822.0,,2000.0,44.33373698724928,200.0,0.33,-26.486427438541394,62156831.91,-0.125,1577721600000.0,0.9163,1271240.0,6818450,2.67,3.5301,13366.0,0.49,,93.45,赤子城科技,9.8881,,1400338391.0,,9.185,港股主板
02696,18.66996005959949,,3.258,30,-11.14,False,0.05,5.2693,347862397.0,50.65,14.74,22.0078,-11.22,17619230408.0,,27618576504.0,,100.0,21.82934672731947,6.74,0.1,16.289704781570236,115186225.0,-6.35,1569340800000.0,1.8166,-1279493.7000000011,2204800,5.02,5.2646,13366.0,0.63,,-0.3,复宏汉霖,27.8814,,545282853.0,,57.0,港股主板
03319,-40.939686891769334,,0.1647,30,0.3,False,0.005,0.2111,1418540550.0,1.655,3.33,2.8448,-25.22,2347684610.0,,2347684610.0,8.64,250.0,0.7388880688321365,-77.47,0.0,-7.832837010438098,1308183.75,0.005,1518105600000.0,0.0699,0.0,792250.0,0.36,0.2115,13333.0,0.06,,0.0,雅生活服务,23.6696,,1418540550.0,,1.65,港股主板
06808,,,0.1336,30,-0.49,False,0.005,0.4839,9540504700.0,1.01,2.46,13.3724,-38.14,9635909747.0,,9635909747.0,16.83,500.0,-1.7043329593417749,-80.8,-0.49,-8.809511743335674,4590371.0,-0.005,1311696000000.0,-0.038,482622.5,4519500.0,0.99,0.4834,13222.0,0.05,,0.0,高鑫零售,-26.6138,,9540504700.0,,1.015,港股主板
01798,-42.79510355146945,,0.5356,30,-3.92,False,0.005,0.1806,2501071100.0,0.98,4.41,0.6651,-51.06,2451049678.0,,7128226980.0,3.57,1000.0,0.6973330981601313,-41.12,-0.51,-5.430217299250694,11145600.8,-0.04,1292515200000.0,0.0431,-221364.99999999907,11168710.0,1.25,0.181,13187.0,0.45,,0.0,大唐新能源,22.758,,7273701000.0,,1.02,港股主板
02616,3.5756676107630447,,17.3218,30,-9.42,False,0.005,5.6037,1596323572.0,5.24,9.68,,-0.57,8364735517.0,,8364735517.0,,500.0,-52.1420524563201,-60.66,-0.29,34.08194419743937,58237780.5,-0.545,1551110400000.0,-0.3019,-3213190.0,10841500,3.11,5.5989,13160.0,0.68,,7.17,基石药业-B,-17.3559,,1596323572.0,,5.785,港股主板
00327,-4.722295040853542,,0.6135,30,-1.49,False,0.005,0.4434,1061882000.0,3.635,3.52,3.6062,-26.56,3859941070.0,,3859941070.0,2.2,1000.0,10.696562674297303,114.58,0.28,0.3481697502397907,3597175.0,-0.055,1292774400000.0,0.8296,-630755.0,978000.0,0.24,0.4434,13144.0,0.09,,0.0,百富环球,4.3816,,1061882000.0,,3.69,港股主板
00598,-5.497325379258489,,0.304,30,0.34,False,0.005,0.6735,2016281000.0,4.48,1.46,14.2295,-0.86,9032938880.0,,32138405497.0,7.7,1000.0,9.326266616882622,431.44,0.0,-4.346995899173589,23787251.0,0.015,1045065600000.0,0.6045,2110025.0,5310800.0,2.03,0.6727,13067.0,0.26,,0.0,中国外运,7.4105,,7173751227.0,,4.465,港股主板
02602,-29.48339276270614,,0.5207,30,-2.36,False,0.01,1.3606,1147163429.0,19.48,3.51,20.6295,14.35,22346743597.0,,22346743597.0,7.58,100.0,4.5676634369702445,-44.5,-0.1,5.778935245680383,10984410.0,-0.47,1664380800000.0,0.7049,-890855.0,566100.0,1.02,1.3313,13051.0,0.05,,-6.79,万物云,27.6369,,1147163429.0,,19.95,港股主板
01133,96.45400846466536,,0.538,30,-3.43,False,0.01,1.364,675571000.0,13.23,4.6,3.2908,-18.9,8937804330.0,,29585931480.0,3.17,2000.0,19.097330795364797,637.33,0.61,20.153551315299833,53051836.0,-0.47,787507200000.0,1.6998,1315920.0,3980000.0,1.5,1.3683,12838.0,0.59,,,哈尔滨电气,7.7833,,2236276000.0,,13.7,港股主板
02877,-9.229819671697982,,1.9943,30,-0.47,False,0.005,0.6405,827000000.0,7.34,3.05,6.0708,11.77,6070180000.0,,6070180000.0,33.17,1000.0,10.04563438804983,465.4,0.55,-20.83638620525128,23315147.0,-0.035,1101916800000.0,1.1198,348610.0,3169890.0,1.49,0.6349,12706.0,0.38,,0.0,神威药业,6.5545,,827000000.0,,7.375,港股主板
00780,17.993505351776594,,0.9981,30,0.77,False,0.005,0.8503,2354315962.0,9.845,1.59,5.1322,-55.25,23178240646.0,,23178240646.0,2.54,400.0,11.028659279436273,-5.11,0.23,21.664478950535916,73402912.845,0.075,1543161600000.0,1.2038,12259938.799999997,7431845,1.33,0.85,12630.0,0.32,,26.53,同程旅行,8.178,,2354315962.0,,9.77,港股主板
03309,17.478753014849822,,0.4712,30,-1.9,False,0.005,0.5205,1207208870.0,0.775,6.33,2.4254,-53.53,935586874.0,,935586874.0,3.87,2000.0,5.555048588631737,-84.71,1.97,3.154648697520268,602456.08,-0.015,1515945600000.0,0.0832,-96000.0,802136.0,4.29,0.5099,12629.0,0.07,,75.86,希玛医疗,9.3146,,1207208870.0,,0.79,港股主板
01179,6.885968985525581,,3.3371,30,-0.42,False,0.02,6.2333,114668190.0,32.96,1.21,10.1516,-6.54,3779463542.0,,101359850742.0,5.01,100.0,38.394388746998054,25.46,0.0,8.670412985062924,36439675.7,-0.14,1600704000000.0,1.8698,0.0,1101850.0,0.91,6.2268,12565.0,0.96,,4.71,华住集团-S,17.6279,,3075238190.0,,33.1,港股主板
03738,,,2.3596,30,-8.01,False,0.005,2.0909,2592865836.0,2.93,12.4,38.217,-28.71,7597096899.0,,7597096899.0,,1000.0,8.856340481435968,236.78,0.17,21.183052715999473,122540160.61,-0.255,1514995200000.0,0.1111,9553635.0,40867787,5.91,2.0898,12540.0,1.58,,-10.92,阜博集团,26.3799,,2592865836.0,,3.185,港股主板
01428,2.598883363288995,,8.3407,30,-3.04,False,0.005,6.0607,1697296308.0,6.53,5.05,,-19.08,11083344891.0,,11083344891.0,,2000.0,36.48754399674892,2978.74,0.54,4.573172871459175,74393437.5,-0.205,1282665600000.0,0.3949,-9710110.0,11378500.0,4.46,5.1027,12534.0,0.67,,0.0,耀才证券金融,16.5362,,1697296308.0,,6.735,港股主板
09927,12.38800203623569,,0.3312,30,-6.7,False,0.02,1.3894,108619000.0,34.52,11.24,55.7358,-67.4,3749527880.0,,60133325169.0,2.71,100.0,4.04456869177447,-72.91,-0.58,61.88259850350599,153283916.0,-2.48,1762272000000.0,0.8174,-7200696.0,4232200,2.64,1.3938,12527.0,3.9,,0.0,赛力斯,42.229,,1741985086.0,,37.0,港股主板
00934,-18.406404731651694,,13.284,30,0.27,False,0.005,0.5545,2486160000.0,3.765,1.86,30.2512,-7.2,9360392400.0,,9360392400.0,6.64,2000.0,5.1387373745482385,750.66,0.27,7.4777001342424265,5819366.0,0.01,930240000000.0,0.3424,-109150.0,1562000.0,2.57,0.5545,12524.0,0.06,,,中石化冠德,10.9944,,2486160000.0,,3.755,港股主板
00670,-20.46978648649794,,0.3162,30,-1.83,False,0.005,1.2243,5062771777.0,2.41,4.28,1.3033,-54.78,12201279983.0,,53231445375.0,,2000.0,-8.742096675504794,93.26,-0.62,10.96277276919293,36089611.5,-0.045,855072000000.0,-0.1788,462660.0,14693150.0,1.79,1.2282,12402.0,0.29,,,中国东方航空股份,-13.4785,,22087736670.0,,2.455,港股主板
00719,-26.99350199989271,,0.4104,30,-2.41,False,0.005,0.6483,195000000.0,5.665,4.82,7.5447,-11.46,1104675000.0,,3946711659.0,3.11,2000.0,4.140412812198349,491.83,-0.18,0.5038652751311101,3360090.0,-0.14,851961600000.0,0.3586,0.0,586000,1.83,0.6495,12385.0,0.3,,,山东新华制药股份,15.7962,,696683435.0,,5.805,港股主板
00293,26.86895941656957,,0.6593,30,-0.56,False,0.01,1.4831,6081128038.0,14.15,2.46,3.084,22.49,86047961738.0,,86047961738.0,6.36,1000.0,24.472973958713254,,-0.21,15.69822203523068,95770739.76,-0.08,516470400000.0,2.2068,-1602630.0,6738613.0,0.92,1.4831,12306.0,0.11,,,国泰航空,6.4119,,6081128038.0,,14.23,港股主板
01349,,,3.4888,30,-0.2,False,0.005,1.0611,326000000.0,2.545,4.12,14.283,-8.45,829670000.0,,2638075995.0,,1000.0,-5.696964309765526,,1.19,-8.374377398521048,2246725.0,-0.005,1029168000000.0,-0.134,128775.0,881000.0,2.0,1.0644,12281.0,0.27,,,复旦张江,-18.997,,1036572100.0,,2.55,港股主板
09899,17.120169005555997,,1.9161,30,0.06,False,0.05,1.1833,210333516.0,82.15,4.32,9.8594,-55.83,17278898339.0,,17278898339.0,,50.0,13.505048903841125,-59.93,0.18,0.6702731065960643,30623669.1,0.05,1638374400000.0,9.1679,-119297.5,371000.0,3.42,1.1828,12264.0,0.18,,-2.49,网易云音乐,8.9606,,210333516.0,,82.1,港股主板
02869,18.77525518102743,,0.5842,30,3.09,False,0.005,1.4359,3111613487.0,4.175,2.59,7.8221,-5.56,12990986308.0,,12990986308.0,5.8,2000.0,12.439460440759039,170.3,0.12,5.399225704137756,10955136.88,0.125,1468252800000.0,0.3614,-217720.0,2628016,2.69,1.4032,12221.0,0.08,,10.05,绿城服务,11.5528,,3111613487.0,,4.05,港股主板
06199,4.730753722851033,,1.0136,30,1.08,False,0.005,0.222,2200000000.0,0.935,0.54,2.0587,-15.45,2057000000.0,,13639823706.0,7.49,1000.0,7.4761113223288085,-50.21,0.0,,46740.0,0.01,1577635200000.0,0.3119,0.0,50000.0,0.96,0.2221,12196.0,0.0,,-7.26,贵州银行,2.9976,,14588046744.0,,0.925,港股主板
03380,-41.2866572827177,,1.3735,30,-4.71,False,0.005,0.3455,5685407450.0,1.215,3.53,24.3652,-32.12,6907770052.0,,6907770052.0,,1000.0,-20.094242958928874,-5.29,0.0,-61.04766666303579,6135180.0,-0.06,1387468800000.0,-0.7272,242500.0,5018000,1.4,0.3466,12185.0,0.09,,,龙光集团,-1.6707,,5685407450.0,,1.275,港股主板
02128,-28.20352051004499,,0.3638,30,1.76,False,0.005,0.3427,3102418400.0,3.185,4.63,2.5057,-28.09,9881202604.0,,9881202604.0,6.28,1000.0,3.823778054522812,123.12,-0.31,-9.05725116645768,28514108.0,0.055,1277222400000.0,0.3539,-1096940.0,8873000.0,2.29,0.3438,12173.0,0.29,,0.0,中国联塑,8.9995,,3102418400.0,,3.13,港股主板
01070,67.5573983410422,,0.3505,30,-4.56,False,0.01,2.1174,2520935155.0,17.18,4.94,12.179,72.0,43309665963.0,,43309665963.0,2.9,1000.0,15.574456569882225,54.29,-0.12,19.082267524884735,58587534.0,-0.82,943545600000.0,1.1637,344200.0,3359500,1.11,2.1174,12147.0,0.13,,,TCL电子,14.7638,,2520935155.0,,18.0,港股主板
01858,0.9253959628679587,,2.616,30,3.02,False,0.005,0.8178,95140500.0,7.505,3.36,8.5876,-48.57,714029453.0,,2878681593.0,5.61,250.0,9.336521960034931,226.3,0.81,-9.540436805453268,3008718.75,0.22,1426003200000.0,0.8253,150800.0,399750.0,3.45,0.8203,12109.0,0.42,,0.0,春立医疗,9.0931,,383568500.0,,7.285,港股主板
02476,104.57556743857724,,7.6151,30,-5.0,False,0.1,4.3503,110227500.0,193.8,9.36,26.4436,-7.66,21362089500.0,,190463696759.0,,100.0,,-41.27,0.52,46.31532482335228,710264833.3,-10.2,1776700800000.0,5.8538,-18283215.0,3599880,3.42,4.3639,12009.0,3.27,,50.09,胜宏科技,33.1066,,982784813.0,,204.0,港股主板
06198,1.340687575492594,,2.2003,30,2.14,False,0.005,0.9074,1099025000.0,7.62,3.82,7.1063,15.61,8374570500.0,,49462182000.0,7.45,1000.0,11.382956436643193,279.41,-0.2,4.678712941229546,62318729.15,0.16,1401984000000.0,0.9161,-699890.0,8127833,4.98,0.9056,11958.0,0.74,,0.0,青岛港,8.3181,,6491100000.0,,7.46,港股主板
06127,109.56847408538107,,11.7047,30,1.97,False,0.02,2.1746,118995206.0,30.08,8.2,26.7165,47.03,3579375796.0,,22540394458.0,0.47,100.0,11.527470964017454,-41.12,-0.13,-9.783256701426646,299200307.4,0.58,1614268800000.0,1.5062,-21059164.0,9798494,3.03,2.1739,11943.0,8.23,,-8.61,昭衍新药,19.9708,,749348220.0,,29.5,港股主板
03833,60.74847674923545,,1.361,30,-2.11,False,0.005,0.6367,950580000.0,1.86,4.74,8.8872,-32.84,1768078800.0,,4110600000.0,3.17,1000.0,6.740494409265072,-77.69,0.0,12.260658233920108,2633230.0,-0.04,1192118400000.0,0.1927,-420640.0,1415000,1.39,0.6387,11938.0,0.15,,0.0,新疆新鑫矿业,9.6541,,2210000000.0,,1.9,港股主板
03330,92.24620019266128,,1.659,30,-4.01,False,0.01,2.8088,1196247775.0,18.43,5.52,9.7944,3.23,22046846493.0,,25389994272.0,0.32,100.0,30.86791515481903,447.37,0.55,8.549922270027356,280683537.0,-0.77,1136995200000.0,1.5345,17355580.0,15152900.0,3.48,2.8047,11912.0,1.27,,0.0,灵宝黄金,12.0105,,1377644833.0,,19.2,港股主板
03306,17.09303567652536,,1.685,30,1.47,False,0.02,4.0222,533285000.0,22.08,3.4,7.1099,26.38,11774932800.0,,11774932800.0,14.65,500.0,38.34541648974583,708.79,-0.09,10.632928267506081,47618678.54,0.32,1477843200000.0,2.1616,2306310.0,2148683.0,1.25,3.5572,11870.0,0.4,,4.89,江南布衣,10.2147,,533285000.0,,21.76,港股主板
00270,17.74685104005622,,2.9133,30,0.29,False,0.005,1.2354,6537821440.0,8.74,1.72,6.4234,36.5,57140559386.0,,57140559386.0,5.58,2000.0,11.104658565816075,,0.11,-5.945314043373406,58725819.435,0.025,599414400000.0,0.751,5897095.0,6725486.0,0.94,1.2354,11864.0,0.1,,,粤海投资,11.6377,,6537821440.0,,8.715,港股主板
02137,-4.724884500608429,,,30,-2.87,False,0.005,0.2428,722190115.0,0.845,5.17,,-40.07,610250647.0,,610250647.0,,500.0,-7.449515198721094,-96.05,1.81,,583155.0,-0.025,1626105600000.0,-0.2794,-32117.5,698000,1.75,0.2369,11806.0,0.1,,3.15,腾盛博药-B,-3.0242,,722190115.0,,0.87,港股主板
06818,-10.93582426530637,,1.2251,30,1.25,False,0.005,0.2364,12678735500.0,2.83,2.15,8.7729,-17.35,35880821465.0,,167212109503.0,7.24,1000.0,4.719952677859833,67.35,0.18,,46792338.4,0.035,1387468800000.0,0.5551,4745830.0,16516104.0,2.61,0.237,11796.0,0.13,,,中国光大银行,5.0982,,59085551061.0,,2.795,港股主板
01361,13.69607401527575,,0.7186,30,0.34,False,0.005,0.7275,2167682000.0,4.4,2.85,9.1752,-22.04,9537800800.0,,9537800800.0,7.61,1000.0,12.870273443264404,118.68,-0.23,12.62936345249084,9498120.0,0.015,1246291200000.0,0.7322,548535.0,2149000.0,1.45,0.7268,11691.0,0.1,,0.0,361度,6.009,,2167682000.0,,4.385,港股主板
01876,-12.769365320248438,,1.6851,30,1.15,False,0.005,0.9813,13243397000.0,5.74,1.94,8.0337,-19.64,76017098780.0,,76017098780.0,7.74,100.0,5.4817605075337035,-74.55,0.38,-5.269219162280914,57151880.55,0.065,1569772800000.0,0.3251,5973149.3999999985,9943292.0,0.74,0.9816,11670.0,0.08,,4.44,百威亚太,17.6583,,13243397000.0,,5.675,港股主板
01308,35.199734616588074,,4.805,30,1.06,False,0.02,6.0423,2711528233.0,49.5,4.94,12.2787,94.06,134220647534.0,,134220647534.0,6.45,1000.0,47.046835289397784,3529.83,0.36,15.83931357145869,269771626.64,0.52,1286294400000.0,3.6432,5853700.0,5495375.0,1.35,6.0458,11662.0,0.2,,0.0,海丰国际,13.5871,,2711528233.0,,48.98,港股主板
00116,59.38069272153557,,0.365,30,-0.23,False,0.01,0.5447,671712000.0,13.2,2.12,4.7101,16.93,8866598400.0,,8866598400.0,8.11,1000.0,19.760365873182984,,-0.15,1.5491359594648202,15940125.0,-0.03,102873600000.0,4.4191,-2004590.0,1210000.0,1.42,0.5447,11639.0,0.18,,,周生生,2.987,,671712000.0,,13.23,港股主板
02171,-51.25886510854384,,46.0634,30,-2.58,False,0.01,5.6393,594237547.0,12.06,6.46,,-18.79,7166504817.0,,7166504817.0,,500.0,-8.648065787515169,-55.42,0.0,,28005161.8,-0.32,1623945600000.0,-0.174,-3272490.0,2310516.0,2.14,5.6343,11615.0,0.39,,-8.54,科济药业-B,-69.2942,,594237547.0,,12.38,港股主板
01698,15.231478751195592,,2.508,30,-0.71,False,0.02,1.0753,1482859752.0,30.88,4.05,7.5721,-54.08,45790709142.0,,97204341920.0,3.05,100.0,10.999691643539933,79.9,0.32,8.090153855262972,31613240.2,-0.22,1663689600000.0,3.2523,-139229.0,1019744.0,1.04,1.0787,11572.0,0.07,,0.0,腾讯音乐-SW,9.4949,,3147809000.0,,31.1,港股主板
06178,5.713051833664884,,1.5956,30,-1.47,False,0.005,0.3605,704088800.0,6.725,4.32,,-22.23,4734997180.0,,31007546872.0,4.94,200.0,5.433496742539006,-27.71,-0.44,9.240856882389714,7253795.0,-0.1,1471449600000.0,0.9663,782430.0,1057600,3.21,0.3612,11560.0,0.15,,0.0,光大证券,6.9593,,4610787639.0,,6.825,港股主板
00123,-89.67391960272646,,0.1544,30,0.3,False,0.005,0.2084,4025392913.0,3.315,3.48,0.4953,-16.29,13344177507.0,,13344177507.0,5.01,1000.0,-2.1895263159983824,27.44,-0.15,-6.013409190852026,25134775.25,0.01,724348800000.0,-0.3325,6067195.0,7464158.0,1.69,0.2091,11471.0,0.19,,,越秀地产,-9.9686,,4025392913.0,,3.305,港股主板
02556,,,2.9387,30,-13.09,False,0.02,4.5717,277569600.0,46.28,17.52,18.595,32.15,12845921088.0,,12845921088.0,,100.0,12.126417467595275,2.84,0.48,69.03669100574892,377975286.16,-6.97,1715788800000.0,1.0664,11638191.100000039,7904726,6.24,3.849,11457.0,2.85,,18.46,迈富时,43.3988,,277569600.0,,53.25,港股主板
01508,25.777702716366324,,0.3592,30,2.5,False,0.005,0.402,6679416700.0,1.23,4.17,3.806,-21.3,8215682541.0,,52250163945.0,6.59,1000.0,9.75555669601951,-23.56,0.0,1.5988297073472824,13062444.0,0.03,1445788800000.0,0.2905,410880.0,10559000,1.44,0.4032,11431.0,0.16,,0.0,中国再保险,4.2339,,42479808085.0,,1.2,港股主板
00837,-3.1963143415260964,,2.1804,30,-1.47,False,0.005,1.1739,248714000.0,5.35,1.47,9.0371,-28.54,1330619900.0,,1330619900.0,7.16,500.0,17.149636960804855,442.21,0.0,0.7308536449286418,655917.5,-0.08,1262016000000.0,0.7519,0.0,122500,2.17,1.1775,11411.0,0.05,,,谭木匠,7.1148,,248714000.0,,5.43,港股主板
02039,-40.40266871555684,,0.2161,30,-1.16,False,0.005,0.6807,3006388095.0,7.27,4.15,3.2348,-20.03,21856441451.0,,38596943153.0,2.89,100.0,-0.810110357536967,69.17,-0.14,8.316135605176633,13542576.7,-0.085,1355846400000.0,-0.0771,-1706323.499999999,1841680,1.88,0.6651,11375.0,0.06,,0.0,中集集团,-94.3395,,5309070585.0,,7.355,港股主板
00839,-17.858689466251086,,0.6361,30,-7.69,False,0.005,0.2695,2800312865.0,1.92,7.69,1.4051,-38.06,5376600701.0,,5376600701.0,,1000.0,4.506595375892359,-60.86,-0.26,10.61780434322026,18181970.0,-0.16,1513267200000.0,0.3212,-113010.0,9374000,3.56,0.2718,11338.0,0.33,,-1.86,中教控股,5.9784,,2800312865.0,,2.08,港股主板
00579,-13.070792023110789,,0.5634,30,-1.56,False,0.005,0.2974,2829676800.0,1.575,1.56,1.0742,-23.64,4456740960.0,,12985100327.0,13.4,2000.0,6.191995080284331,84.58,-0.32,-1.5937000823469383,5423460.0,-0.025,1324483200000.0,0.3238,-165880.0,3416000.0,0.84,0.2984,11225.0,0.12,,0.0,京能清洁能源,4.8635,,8244508144.0,,1.6,港股主板
01681,17.967435523030506,,2.9894,30,-0.81,False,0.01,2.2549,837937794.0,14.73,3.16,7.2419,-0.35,12342823706.0,,12342823706.0,5.31,1000.0,25.794424445014446,452.41,0.2,14.500703457947672,38803283.2,-0.12,1387382400000.0,1.6016,10596550.0,2623000.0,1.78,2.2255,10942.0,0.31,,0.0,康臣药业,9.1973,,837937794.0,,14.85,港股主板
03316,8.556485912584444,,1.1505,30,-1.33,False,0.02,2.9046,276407000.0,20.82,2.65,8.4436,-8.44,5754793740.0,,5754793740.0,4.7,500.0,37.04314458459117,333.52,0.1,18.333494141358475,3143072.5,-0.28,1552579200000.0,2.5351,0.0,149500,0.51,2.9111,10902.0,0.05,,5.17,滨江服务,8.2128,,276407000.0,,21.1,港股主板
09939,-44.42200989795014,,9.1458,30,-5.17,False,0.005,6.5227,498660100.0,1.65,6.61,,-15.82,822789165.0,,822789165.0,,500.0,-118.452536520421,-91.81,0.3,,2072075.0,-0.09,1590076800000.0,-0.4393,-90562.5,1239500,3.37,6.5431,10883.0,0.25,,6.7,开拓药业-B,-3.7556,,498660100.0,,1.74,港股主板
02469,,,0.2412,30,-1.64,False,0.005,0.5198,2209996030.0,0.3,4.92,25.7362,-85.37,662998809.0,,662998809.0,,500.0,-16.37382877389502,-97.14,0.0,-9.498824794485861,376812.5,-0.005,1673193600000.0,-0.1086,0.0,1236500.0,0.71,0.5123,10767.0,0.06,,12.12,粉笔,-2.7633,,2209996030.0,,0.305,港股主板
02302,-2.6840312592060878,,0.7506,30,-2.95,False,0.005,1.7509,489168308.0,3.13,6.67,,-34.24,1531096804.0,,1531096804.0,,1000.0,24.01049658809609,239.52,0.0,0.9471369365186,749580.0,-0.095,1041782400000.0,0.3829,-248000.0,241000,1.59,1.7509,10764.0,0.05,,0.0,中核国际,8.1747,,489168308.0,,3.225,港股主板
02858,40.44576680500993,,0.4847,30,0.0,False,0.005,0.3508,6800989034.0,1.0,6.0,,-57.68,6800989034.0,,6800989034.0,14.0,500.0,8.187873311705749,-87.54,0.0,25.12367926524974,21483856.0,0.0,1510761600000.0,0.2274,5859140.0,21263500.0,2.42,0.3486,10751.0,0.31,,5.45,易鑫集团,4.3978,,6800989034.0,,1.0,港股主板
02500,-7.060132563891819,,1.7159,30,-0.44,False,0.005,0.2853,441010235.0,1.14,6.11,,-52.1,502751668.0,,502753045.0,,500.0,-25.845644554395086,-97.15,2.7,-23.252219775378137,396272.5,-0.005,1575907200000.0,-1.1955,0.0,350500.0,1.61,0.2862,10751.0,0.08,,30.45,启明医疗-B,-0.9536,,441011443.0,,1.145,港股主板
01318,29.814010162591707,,3.4262,30,2.6,False,0.02,3.9228,490006000.0,45.86,6.26,15.041,-42.2,22471675160.0,,22471675160.0,4.14,100.0,29.46834869498372,-0.12,0.0,30.239197287555818,111034955.5,1.16,1733760000000.0,3.1373,-13878224.0,2401200,5.61,3.8874,10731.0,0.49,,76.51,毛戈平,14.6179,,490006000.0,,44.7,港股主板
01773,32.64640245515977,,0.3722,30,-2.52,False,0.005,0.4269,2088528000.0,0.775,8.81,1.1058,-66.85,1618609200.0,,1618609200.0,5.94,1000.0,24.14985500184686,-69.96,-0.64,21.199309935805942,2472618.13,-0.02,1531324800000.0,0.4017,-76260.0,3121947,1.13,0.4217,10723.0,0.15,,19.92,天立国际控股,1.9294,,2088528000.0,,0.795,港股主板
09858,,,0.7132,30,1.32,False,0.005,1.0816,4491227833.0,3.85,6.18,2.331,-24.21,17291227157.0,,17291227157.0,,1000.0,5.391027936076842,-37.88,0.0,4.514169398195245,61836230.0,0.05,1623945600000.0,0.1726,3452605.0,15724000.0,3.76,1.085,10696.0,0.35,,-11.89,优然牧业,22.3058,,4491227833.0,,3.8,港股主板
02378,20.22125908458523,,0.9619,30,-3.4,False,0.05,1.452,2477986728.0,91.05,2.44,17.0199,-22.23,225620691584.0,,225620691584.0,2.43,50.0,19.23949158799641,128.86,0.39,9.382891811677862,15964566.75,-3.2,1274716800000.0,11.4469,-597730.0,175995.0,2.08,1.4521,10686.0,0.01,,0.0,保诚,7.9541,,2477986728.0,,94.25,港股主板
00451,-32.19553403332892,,1.0285,30,-2.25,False,0.005,1.365,1773062926.0,0.435,7.87,,-46.3,771282373.0,,771282373.0,,2000.0,-25.247004610008872,-99.85,-3.33,-21.6939983459013,572863.88,-0.01,701452800000.0,-0.6875,0.0,1267348.0,1.05,0.1705,10661.0,0.07,,,时代数字,-0.6327,,1773062926.0,,0.445,港股主板
00337,50.69702381195129,,0.0367,30,-5.69,False,0.001,0.0365,2791884683.0,0.116,3.25,2.4002,-47.27,323858623.0,,323858623.0,,1000.0,-34.34910657341272,-82.1,0.0,-44.9753935468463,282819.0,-0.007,1160409600000.0,-1.2855,-10800.0,2412000.0,1.67,0.0367,10654.0,0.09,,0.0,绿地香港,-0.0902,,2791884683.0,,0.123,港股主板
00506,3.7369622891249232,,0.4045,30,1.49,False,0.005,1.2779,2797223396.0,3.74,1.63,2.9318,-9.81,10461615501.0,,10461615501.0,4.81,2000.0,13.243389144451411,,-0.13,2.2734072635257396,7600230.0,0.055,592156800000.0,0.3741,140460.0,2040000.0,1.25,1.2819,10648.0,0.07,,,中国食品,9.9976,,2797223396.0,,3.685,港股主板
03311,-8.279279224741366,,0.4554,30,-0.06,False,0.005,0.5026,5282216668.0,8.66,2.31,8.4953,2.4,45743996345.0,,45743996345.0,7.1,2000.0,9.934988452849854,6800.4,0.23,-11.880918077227143,63501133.46,-0.005,1120752000000.0,1.6663,2016730.0,7331286.0,1.33,0.5004,10599.0,0.14,,-35.14,中国建筑国际,5.1972,,5282216668.0,,8.665,港股主板
01672,108.30620502948531,,,30,-10.71,False,0.005,3.0436,1051984845.0,7.545,12.54,,-33.76,7937225656.0,,7937225656.0,,1000.0,-28.588093223471812,-49.02,0.8,,32109884.0,-0.905,1533052800000.0,-0.6404,581750.0,4170000,2.89,3.0276,10559.0,0.4,,0.0,歌礼制药-B,-11.7823,,1051984845.0,,8.45,港股主板
00017,,,0.6647,30,-5.88,False,0.005,0.0671,2516633171.0,5.28,8.2,27.8512,-27.37,13287823143.0,,13287823143.0,,1000.0,-10.323257183397049,,0.76,-36.30288514258171,37093262.405,-0.33,91296000000.0,-7.7218,-1468910.0,6818046.0,0.45,0.0748,10501.0,0.27,,,新世界发展,-0.6838,,2516633171.0,,5.61,港股主板
01866,6.457297262360262,,0.4197,30,1.82,False,0.01,1.1086,1272546000.0,10.64,5.93,3.2702,23.42,13539889440.0,,13539889440.0,3.52,1000.0,12.399341183206355,284.25,0.0,10.303958615880227,52730333.0,0.19,1260201600000.0,1.1355,4244130.0,4876000,1.65,1.0925,10446.0,0.38,,0.0,中国心连心化肥,9.3707,,1272546000.0,,10.45,港股主板
00434,92.54836852432915,,4.5947,30,-3.38,False,0.005,1.127,757597730.0,3.0,5.15,28.6847,-10.78,2272793190.0,,2272793190.0,1.23,1000.0,-49.87012348088909,-42.99,0.0,11.210097149811805,5629725.0,-0.105,1384185600000.0,-1.6591,-1221800.0,1856000.0,1.72,1.1075,10402.0,0.24,,,博雅互动,-1.8082,,757597730.0,,3.105,港股主板
01910,-17.57586777611482,,0.6766,30,-5.55,False,0.01,1.5647,1363795481.0,12.59,5.78,4.0129,-36.28,17170185106.0,,17170185106.0,6.39,300.0,17.819085554761173,22.34,0.04,-1.330338285463517,35575337.05,-0.74,1308153600000.0,1.4918,-1565927.3999999966,2807915.0,0.98,1.4519,10371.0,0.21,,0.0,新秀丽,8.4397,,1363795481.0,,13.33,港股主板
01316,55.40491534062315,,0.3108,30,-2.49,False,0.005,0.6688,2509824293.0,4.5,4.01,2.7612,-27.3,11294209319.0,,11294209319.0,3.2,1000.0,5.892803864139897,98.64,-0.22,4.213317050175602,24502744.115,-0.115,1381075200000.0,0.3859,2499210.0,5420969,2.2,0.669,10312.0,0.22,,0.0,耐世特,11.661,,2509824293.0,,4.615,港股主板
01364,40.65872734698546,,3.2575,30,4.65,False,0.02,7.5221,2338897460.0,23.4,6.08,15.2237,-4.48,54730200564.0,,54730200564.0,5.13,400.0,48.28328402144715,145.72,-0.17,30.438705890583307,204877021.11,1.04,1739289600000.0,1.4943,3357488.0,8766932,4.13,5.9181,10300.0,0.37,,-6.44,古茗,15.6592,,2338897460.0,,22.36,港股主板
02432,27.900122682300022,,11.5348,30,-5.92,False,0.01,2.9151,393798547.0,19.55,6.98,,-48.39,7698761594.0,,8601128070.0,,200.0,-8.321178607458151,-0.76,-0.15,52.503577713545255,30021204.76,-1.23,1734883200000.0,-0.3873,-1385960.0,1500612,2.97,2.9242,10256.0,0.38,,0.74,越疆,-50.4804,,439955400.0,,20.78,港股主板
02525,,,5.1952,30,-0.63,False,0.01,1.9105,1041146800.0,15.66,4.57,65.2807,-29.58,16304358888.0,,19686776194.0,,100.0,7.488513575719087,-45.34,-0.06,26.380650932007764,159685411.79,-0.1,1757952000000.0,0.4445,-1789494.0,10057739.0,6.88,1.9081,10256.0,0.97,,9.96,禾赛-W,35.2303,,1257137688.0,,15.76,港股主板
03990,-20.090861036229235,,0.7277,30,-1.27,False,0.005,0.5895,1435411483.0,2.335,3.81,3.636,-39.2,3351685813.0,,3351685813.0,14.56,200.0,10.410307624503284,-71.79,-0.21,-62.39529966279505,413626.0,-0.03,1539187200000.0,0.4055,0.0,176000.0,1.68,0.5895,10224.0,0.01,,-6.59,美的置业,5.7579,,1435411483.0,,2.365,港股主板
02002,-34.44359223909396,,0.1759,30,0.0,False,0.005,0.3021,1065144359.0,1.605,6.54,3.3878,11.46,1709556696.0,,1709556696.0,,2000.0,2.7314616366143003,-33.94,0.0,3.858309782969771,444275.0,0.0,1197388800000.0,0.1441,0.0,282000.0,1.73,0.303,10220.0,0.03,,0.0,阳光纸业,11.1402,,1065144359.0,,1.605,港股主板
02280,-22.59745608121696,,0.0226410967278725,30,0.0,False,0.001,,1309931119.0,0.206,,4.764226889124294,-1.9,269845811.0,,269845811.0,,500.0,-69.18022984989537,,,-12.659289907688764,,0.0,1071590400000.0,-0.202,0.0,,,1.0691,10217.0,,,,慧聪集团,-1.0199,,1309931119.0,,0.206,港股主板
01045,-18.796898368199955,,2.5142,30,-0.51,False,0.005,0.2906,928572500.0,1.94,2.82,5.7288,-28.21,1801430650.0,,1801430650.0,4.12,2000.0,2.1699899320572165,-26.27,0.52,-5.890699734204674,1142250.0,-0.01,850838400000.0,0.1439,0.0,588000.0,1.57,0.2906,10202.0,0.06,,,亚太卫星,13.4784,,928572500.0,,1.95,港股主板
01995,0.4133540079926501,,0.361,30,-0.88,False,0.005,0.4799,1707652000.0,1.695,2.63,5.1982,10.5,2894470140.0,,2894470140.0,12.15,2000.0,8.491915374727027,44.45,0.3,3.0464638999502247,2279288.0,-0.015,1544976000000.0,0.2935,-133770.0,1338000.0,0.66,0.479,10133.0,0.08,,0.0,永升服务,5.7759,,1707652000.0,,1.71,港股主板
06979,-38.39638829800085,,6.2823,30,0.19,False,0.005,1.6839,3388623550.0,7.915,3.61,,-7.98,26820955398.0,,26820955398.0,0.88,200.0,3.9355492766494917,-6.43,0.32,-19.10304702909913,30907541.0,0.015,1682524800000.0,0.1891,3388930.0,3905400.0,1.34,1.6891,10093.0,0.12,,-17.93,珍酒李渡,41.8601,,3388623550.0,,7.9,港股主板
00826,6.323044905391928,,1.436,30,-4.42,False,0.005,0.9106,2725000000.0,2.92,4.91,9.8047,-4.44,7957000000.0,,7957000000.0,1.03,2000.0,5.702085428155187,62.47,-0.34,-1.211353651459346,24372618.0,-0.135,1185379200000.0,0.1776,101590.0,8158000,1.82,0.9135,10076.0,0.3,,0.0,天工国际,16.4397,,2725000000.0,,3.055,港股主板
01117,-49.08209343699404,,0.76,30,1.75,False,0.005,1.1335,7915662048.0,1.45,7.72,3.6595,-10.49,11477709970.0,,11477709970.0,,1000.0,-2.270707003452333,-43.93,-0.68,0.5471057790964906,28208175.0,0.025,1290700800000.0,-0.0295,-896595.0,19147000.0,7.25,1.1371,10069.0,0.24,,0.0,现代牧业,-49.102,,7915662048.0,,1.425,港股主板
00177,2.441274270190741,,2.3816,30,3.24,False,0.01,1.1372,1222000000.0,10.83,3.81,6.7369,14.39,13234260000.0,,54558805425.0,5.3,2000.0,11.442322541833509,1384.99,0.19,9.68301256477988,47364236.03,0.34,867340800000.0,1.0621,969920.0,4375277,1.46,1.1408,10066.0,0.36,,,江苏宁沪高速公路,10.1966,,5037747500.0,,10.49,港股主板
01415,77.95877351769076,,0.6567,30,-5.74,False,0.02,3.0223,865146800.0,22.0,7.54,7.5927,-19.19,19033229600.0,,19033229600.0,1.6,1000.0,31.325456038267944,814.72,-0.27,64.72076412292103,48990323.58,-1.34,1427731200000.0,1.9746,-1241640.0,2223120.0,1.94,3.0044,10047.0,0.26,,0.0,高伟电子,11.1413,,865146800.0,,23.34,港股主板
09973,11.990537409385315,,0.4062,30,-3.29,False,0.02,2.2395,2354556174.0,24.1,4.57,2.7609,-19.07,56744803793.0,,139982168465.0,4.18,100.0,41.65443660167261,-26.97,0.08,23.019253009071594,102315026.98,-0.82,1758729600000.0,3.5186,-16257455.999999993,4248592.0,1.67,2.2225,10045.0,0.18,,3.8,奇瑞汽车,6.8494,,5808388733.0,,24.92,港股主板
00921,-3.568392884940741,,0.3042,30,1.42,False,0.02,1.4699,459589808.0,21.4,3.32,6.8001,-2.27,9835221891.0,,29636029059.0,6.92,1000.0,16.54038534801875,1020.83,0.0,-0.8877811659731671,23115790.0,0.3,838051200000.0,2.3019,0.0,1081000.0,3.09,1.4745,9989.0,0.24,,,海信家电,9.2966,,1384861171.0,,21.1,港股主板
00710,-18.845992232187747,,0.2044,30,-1.98,False,0.005,0.5951,791575204.0,3.705,3.04,3.2671,-25.07,2932786131.0,,2932786131.0,4.13,1000.0,6.206796380621755,381.48,0.14,11.159200196516172,5037070.0,-0.075,678297600000.0,0.376,-206145.0,1349000.0,1.08,0.5951,9974.0,0.17,,,京东方精电,9.8538,,791575204.0,,3.78,港股主板
01528,,,0.6189,30,0.98,False,0.005,0.1632,741285634.0,1.03,2.94,2.6255,-15.57,763524203.0,,4484298509.0,,200.0,-63.3684742059074,-87.64,0.0,-19.0692288255513,2677172.6,0.01,1435248000000.0,-5.6662,722799.0,2592000.0,4.63,0.1637,9927.0,0.35,,0.0,红星美凯龙,-0.1818,,4353687873.0,,1.02,港股主板
06990,,,44.7776,30,-4.87,False,0.2,17.2883,176822257.0,445.8,7.17,177.6408,13.67,78827362171.0,,106556885380.0,,100.0,2.9216296058569777,635.64,-0.31,11.20146945553897,271527315.0,-22.8,1689004800000.0,0.7628,-4573420.0,595069,1.78,11.9769,9910.0,0.34,,3.14,科伦博泰生物,584.4626,,239023969.0,,468.6,港股主板
01611,-13.896758811203414,,0.199,30,0.53,False,0.005,2.6274,753048375.0,1.895,1.59,12.2549,-25.1,1427026671.0,,1427026671.0,,500.0,-59.08653922501566,18.88,0.0,18.051322571958273,272492.5,0.01,1479657600000.0,-0.3212,0.0,144500.0,1.47,2.6274,9889.0,0.02,,-6.02,新火集团,-5.9005,,753048375.0,,1.885,港股主板
01167,,,5.3942,30,-4.75,False,0.005,2.9522,782178180.0,5.82,6.06,7.5877,-8.63,4552277008.0,,4552277008.0,,300.0,46.2960709608394,-63.58,0.0,138.03348286527765,7131441.0,-0.29,1608480000000.0,0.7623,-349720.5,1218300,1.13,2.9182,9887.0,0.16,,3.0,加科思-B,7.6344,,782178180.0,,6.11,港股主板
03668,-70.67123573837829,,1.2551,30,0.25,False,0.02,0.8638,1320439437.0,31.82,2.33,6.3763,27.61,42016382885.0,,42016382885.0,3.29,100.0,3.2996632996632997,211.37,0.7,-4.732520136046469,14547428.64,0.08,1544025600000.0,1.1709,-757880.0,458537.0,1.66,0.8352,9878.0,0.03,,-0.55,兖煤澳大利亚,27.1757,,1320439437.0,,31.74,港股主板
00338,,,0.1624,30,0.89,False,0.005,0.4406,3213804000.0,1.13,2.23,32.8534,-17.52,3631598520.0,,11913157775.0,,2000.0,-3.6246811770939074,138.3,0.0,-7.10839703117977,21324724.0,0.01,743616000000.0,-0.0908,2266880.0,18825000,4.74,0.442,9875.0,0.59,,,上海石油化工股份,-12.4425,,10542617500.0,,1.12,港股主板
01233,,,0.0643,30,-8.33,False,0.001,,3004511071.0,0.055,16.67,0.2271,-46.08,165248109.0,,165248109.0,,1000.0,-44.41269556658099,-97.51,0.0,-56.779127705659825,688739.0,-0.005,1386691200000.0,2.5963,-294879.0,11990000,0.66,-0.0122,9867.0,0.4,,,时代中国控股,0.0212,,3004511071.0,,0.06,港股主板
02362,,,1.5728,30,-7.79,False,0.005,1.0737,13132082051.0,0.71,10.39,6.1084,11.64,9323778256.0,,9323778256.0,0.56,1000.0,6.985578014195965,-83.9,-0.7,23.933166764839363,97458296.0,-0.06,1067184000000.0,0.0446,5386165.0,133822400,0.82,1.0738,9817.0,1.02,,-5.88,金川国际,15.9162,,13132082051.0,,0.77,港股主板
01385,12.3003019748001,,4.0145,30,-5.85,False,0.02,2.4672,284330000.0,24.16,6.08,12.7607,-46.56,6869412800.0,,19901057080.0,0.28,1000.0,13.64036252400738,,-0.08,10.871991234221646,101268255.0,-1.5,965318400000.0,1.2478,-2778000.0,4131860.0,3.37,2.4749,9778.0,1.45,,,上海复旦,19.362,,823719250.0,,25.66,港股主板
06693,81.67507185511245,,4.1905,30,-2.42,False,0.02,3.8916,236499800.0,33.88,5.59,9.7711,15.02,8012613224.0,,64385930711.0,1.11,200.0,28.59565647742377,150.92,0.53,32.56859934234748,132321119.8,-0.84,1741536000000.0,2.2207,10758692.0,3850860,2.9,3.9037,9774.0,1.63,,0.0,赤峰黄金,15.2567,,1900411178.0,,34.72,港股主板
01668,,,0.2998208677615113,30,0.0,False,0.001,,11441892848.0,0.107,,2.4086299848511676,0.0,1224282535.0,,1224282535.0,,2000.0,,-87.98,,-28.792133632362816,,0.0,1254240000000.0,-0.7845,0.0,,,0.046,9753.0,,,0.0,华南城,-0.1364,,11441892848.0,,0.107,港股主板
00363,-15.697467414347543,,0.7081,30,0.38,False,0.01,0.2763,1087211600.0,13.13,1.76,1.9155,-1.25,14275088308.0,,14275088308.0,8.53,1000.0,4.038608105682146,485.04,-0.08,-16.032956401051003,12536111.64,0.05,833385600000.0,1.8727,2356220.0,950162.0,2.1,0.2763,9727.0,0.09,,,上海实业控股,7.0112,,1087211600.0,,13.08,港股主板
00323,-47.21609549655523,,0.1323,30,-2.61,False,0.005,0.416,1732930000.0,1.495,5.86,1.4602,-40.44,2590730350.0,,11512518373.0,,2000.0,-0.8521373237944654,-10.04,-0.33,-8.500125864027009,6257600.0,-0.04,752256000000.0,-0.03,-41270.0,4082000.0,1.21,0.4173,9690.0,0.24,,,马鞍山钢铁股份,-49.78,,7700681186.0,,1.535,港股主板
00425,16.69516605378827,,0.8697,30,-2.59,False,0.02,0.9808,1171493199.0,22.54,3.37,5.4205,-26.9,26405456705.0,,26405456705.0,3.39,100.0,12.55371208860177,1149.38,0.63,11.022816962640736,38673244.6,-0.6,1133366400000.0,2.7788,-3815656.0,1703400.0,1.1,0.9699,9685.0,0.15,,0.0,敏实集团,8.1114,,1171493199.0,,23.14,港股主板
00101,-27.689638032891473,,3.0506,30,-1.44,False,0.005,0.2443,5203082528.0,6.505,2.8,4.7697,-19.75,33846051845.0,,33846051845.0,7.82,1000.0,1.2160829174211976,,-0.08,5.875348280423864,46647894.18,-0.095,599414400000.0,0.3175,-926325.0,7080828,0.91,0.2443,9678.0,0.14,,,恒隆地产,20.4879,,5203082528.0,,6.6,港股主板
00568,,,1.3842,30,16.1,False,0.005,6.0171,315420400.0,4.075,17.52,34.5984,28.55,1285338130.0,,3492855280.0,,400.0,-0.55543916332632,-27.44,0.25,28.069739554842045,569333675.6,0.565,1170777600000.0,-0.0032,-12309808.0,146130430,46.93,4.9713,9655.0,46.33,,0.0,山东墨龙,-1283.0537,,857142400.0,,3.51,港股主板
00082,-12.258222978663834,,1.1739,30,-2.44,False,0.001,0.5296,4526135442.0,0.08,3.66,5.9846,1.27,362090835.0,,362090835.0,,2000.0,-4.212673508426212,-97.93,0.0,-15.057814273452763,59727.0,-0.002,688320000000.0,-0.0065,0.0,755000,0.38,0.5296,9635.0,0.02,,,疯狂体育,-12.3995,,4526135442.0,,0.082,港股主板
00066,59.40319482833753,,3.5514,30,-1.02,False,0.02,0.8472,6224823171.0,31.0,1.92,14.5582,8.32,192969518301.0,,192969518301.0,4.23,500.0,10.711808724219749,473.97,0.13,-2.2777717572829426,170055313.7,-0.32,970675200000.0,3.7714,8889060.0,5462485,0.92,0.8472,9613.0,0.09,,,港铁公司,8.2199,,6224823171.0,,31.32,港股主板
09698,,,3.4021,30,0.61,False,0.02,1.2772,190747912.0,29.76,6.9,11.6441,-11.69,5676657861.0,,47705902073.0,,100.0,12.655893815712204,-63.26,0.34,9.64133100794431,127670404.08,0.18,1604246400000.0,2.6388,1804173.0,4219677,0.63,1.2812,9611.0,2.21,,2.62,万国数据-SW,11.2779,,1603020903.0,,29.58,港股主板
03996,-15.90402097949326,,0.0901,30,-0.95,False,0.005,0.3166,9262436000.0,1.04,1.43,140.3941,1.39,9632933440.0,,46009790573.0,3.56,2000.0,4.361337865504751,-5.79,0.0,3.0910349249475555,15727402.0,-0.01,1449676800000.0,0.1371,1739200.0,15092800.0,3.21,0.3172,9584.0,0.16,,0.0,中国能源建设,7.5871,,44240183243.0,,1.05,港股主板
00325,,,4.3393,30,4.94,False,0.05,4.5347,246349645.0,66.95,5.96,13.471,0.44,16493108733.0,,16493108733.0,0.49,300.0,25.079208279037513,-38.64,0.22,63.99042702539794,51733623.3,3.15,1736438400000.0,3.3606,1446990.0,773347,3.71,4.4952,9583.0,0.31,,40.85,布鲁可,19.922,,246349645.0,,63.8,港股主板
06166,95.8914949914156,,6.5312,30,-3.06,False,0.1,3.7724,92662000.0,110.8,13.12,,18.88,10266949600.0,,40802141328.0,0.34,50.0,7.9976765048197995,18.24,0.73,27.607141828815497,1701189133.35,-3.5,1761580800000.0,1.4653,18957626.900000036,14984400.0,5.72,3.761,9575.0,16.17,,33.86,剑桥科技,75.6174,,368250373.0,,114.3,港股主板
03699,-7.05798204279211,,4.3652,30,6.56,False,0.005,0.1994,441400000.0,0.52,3.07,24.694,39.19,229528000.0,,229528000.0,5.38,2000.0,1.7496635938473966,-47.26,0.0,-3.483491341502387,59570.0,0.032,1516032000000.0,0.0451,0.0,114000,0.84,0.1976,9559.0,0.03,,0.0,光大永年,11.5311,,441400000.0,,0.488,港股主板
06821,-25.078808087313796,,7.2847,30,-1.51,False,0.1,2.8797,27834510.0,163.0,6.34,33.7502,132.1,4537025130.0,,58997633210.0,0.93,100.0,5.927323686424738,-35.5,0.43,-1.019837046678107,94023815.2,-2.5,1639065600000.0,3.2638,-3149060.0,571564.0,2.08,2.8769,9544.0,2.05,,-4.64,凯莱英,49.9415,,361948670.0,,165.5,港股主板
02162,,,23.4301,30,-2.45,False,0.05,4.8818,298735566.0,75.6,6.97,,41.44,22584408790.0,,22584408790.0,,500.0,21.489088992275278,-3.08,0.07,35.772079967032134,166610778.1,-1.9,1625673600000.0,3.0517,764525.0,2156756,2.55,4.8971,9512.0,0.72,,27.58,康诺亚-B,24.7734,,298735566.0,,77.5,港股主板
00081,-46.54467332612757,,0.2722,30,1.6,False,0.005,0.3051,3559374732.0,3.17,5.29,1.401,62.76,11283217900.0,,11283217900.0,1.26,1000.0,1.0920896946805683,,-0.47,-14.012539780072498,17977915.0,0.05,451756800000.0,0.1143,768225.0,5626000.0,0.82,0.3036,9503.0,0.16,,,中国海外宏洋集团,27.7459,,3559374732.0,,3.12,港股主板
01238,-20.870480872125384,,0.036,30,2.34,False,0.001,0.024,4140403000.0,0.175,9.36,0.176,-31.37,724570525.0,,724570525.0,,1000.0,-13.643845506921224,-88.4,2.94,-15.171941992799287,125970.0,0.004,1255449600000.0,-1.046,0.0,725000,0.92,0.0241,9487.0,0.02,,0.0,宝龙地产,-0.1673,,4140403000.0,,0.171,港股主板
02009,45.29796311463707,,0.071,30,0.83,False,0.005,0.0844,2338764870.0,0.61,3.31,1.0679,-8.96,1426646571.0,,6513440392.0,9.67,1000.0,-3.7907716373188287,-77.05,-0.81,-12.703717334928754,5950960.0,0.005,1248796800000.0,-0.2893,160945.0,9685000,3.63,0.0847,9471.0,0.41,,0.0,金隅集团,-2.1088,,10677771134.0,,0.605,港股主板
02005,-26.11936340733506,,1.8702,30,1.28,False,0.005,1.0498,2884893385.0,2.775,4.01,8.3232,1.4,8005579143.0,,8005579143.0,3.06,2000.0,6.733938417704348,1291.68,-0.72,-10.849087316009342,12437860.0,0.035,1135008000000.0,0.1759,-233520.0,4430000.0,2.17,1.0262,9466.0,0.15,,,石四药集团,15.776,,2884893385.0,,2.74,港股主板
00439,,,6.573279074588498,30,0.0,False,0.005,,615692886.0,0.515,,,-53.6,317081836.0,,317081836.0,,2000.0,-6.5861956318432915,-99.97,4.04,-24.78427945807131,,0.0,700243200000.0,-0.2482,0.0,,,0.1475,9440.0,,,,瀚源控股,-2.0748,,615692886.0,,0.515,港股主板
00347,31.905961976613618,,0.0966,30,0.0,False,0.005,0.2124,1411540000.0,1.09,5.05,2.9183,-42.33,1538578600.0,,10212451171.0,,2000.0,-11.263966638714502,51.52,-0.46,-7.204217034966454,12766813.0,0.0,869673600000.0,-0.6015,-977920.0,11543200.0,2.06,0.213,9383.0,0.82,,,鞍钢股份,-1.8123,,9369221258.0,,1.09,港股主板
06880,135.57916925430607,,9.3716,30,-10.55,False,0.1,,206203601.0,140.8,8.51,1061.1164,-52.37,29033467021.0,,33163751949.0,,20.0,,-53.22,0.0,78.78084083983772,50600287.288,-16.6,1783440000000.0,-89.5662,-4866437.999999996,345503,3.27,-1.0124,9370.0,0.17,,0.0,MOMENTA-W,-1.572,,235538011.0,,157.4,港股主板
03377,-39.26362468974083,,0.0256,30,-10.26,False,0.001,,12668617223.0,0.035,15.38,0.3945,-65.35,443401603.0,,443401603.0,,500.0,730.3396967937923,-99.36,2.94,-30.230530948424683,2345926.0,-0.004,1190908800000.0,-0.9487,0.0,64677000,1.26,-0.0542,9337.0,0.51,,0.0,远洋集团,-0.0369,,12668617223.0,,0.039,港股主板
00909,,,1.1529,30,-2.34,False,0.005,0.3344,1882429020.0,0.835,8.19,61.6149,-73.26,1571828232.0,,1571828232.0,12.22,1000.0,0.41730219874616253,-96.3,-0.6,-12.107902358581747,4715896.0,-0.02,1600963200000.0,0.0108,-203144.0,5687000.0,1.99,0.3315,9318.0,0.3,,86.06,明源云,77.6074,,1882429020.0,,0.855,港股主板
00152,,,0.6974,30,0.2,False,0.005,0.3516,2451065736.0,5.095,2.16,3.7655,-37.12,12488179925.0,,12488179925.0,9.01,500.0,4.4800324239997,,0.0,-0.5773091681240072,16411092.66,0.01,86198400000.0,0.6278,0.0,3204426.0,0.77,0.3516,9286.0,0.13,,,深圳国际,8.1162,,2451065736.0,,5.085,港股主板
03983,-31.30890614706373,,0.6447,30,1.89,False,0.005,0.3997,1796000122.0,1.885,3.78,6.956,-18.12,3385460230.0,,8689850000.0,6.95,2000.0,4.508804316571091,105.45,-0.26,-3.814969838179816,6682160.0,0.035,1159459200000.0,0.2102,526470.0,3506000,1.03,0.401,9259.0,0.2,,0.0,中海石油化学,8.9656,,4610000000.0,,1.85,港股主板
03393,27.218713484448465,,1.0111,30,-4.01,False,0.01,1.7173,1033373675.0,12.21,5.58,11.5572,-27.56,12617492572.0,,12617492572.0,3.98,2000.0,17.72466797562353,2595.96,0.0,19.466822296102748,39120091.0,-0.51,1134921600000.0,1.1724,0.0,3184276.0,1.23,1.6822,9253.0,0.31,,0.0,威胜控股,10.4148,,1033373675.0,,12.72,港股主板
01519,,,0.751,30,-3.82,False,0.005,2.4791,8606478515.0,8.69,3.71,8.263,-16.84,74790298295.0,,83231677812.0,,200.0,9.95706978933382,-27.58,-0.06,24.224302393008323,280768556.33,-0.345,1698336000000.0,0.2952,18426071.0,32074146.0,1.33,2.4605,9251.0,0.37,,0.0,极兔速递-W,29.4411,,9577868563.0,,9.035,港股主板
00069,-2.1467693785643283,,0.7598,30,-0.26,False,0.005,0.3238,3591116156.0,3.79,1.97,7.7093,-17.23,13610330231.0,,13610330231.0,3.96,2000.0,2.7011078119992336,-5.29,0.4,3.544577443321617,3058020.0,-0.01,740246400000.0,0.3111,0.0,804000.0,0.83,0.3238,9237.0,0.02,,,香格里拉(亚洲),12.1822,,3591116156.0,,3.8,港股主板
03700,-29.995238503358056,,0.3056,30,-2.21,False,0.005,0.2851,2324930400.0,0.665,2.94,,-39.55,1546078716.0,,1546078716.0,,1000.0,2.8103659913654218,-83.82,0.0,-17.872194020474865,713440.0,-0.015,1531324800000.0,0.0671,-232080.0,1084000,2.69,0.2689,9219.0,0.05,,10.39,映宇宙,9.9085,,2324930400.0,,0.68,港股主板
00564,-5.9269736464224625,,0.4384,30,3.02,False,0.01,0.7342,243234200.0,11.25,3.57,5.696,-39.92,2736384750.0,,20085749213.0,13.0,200.0,14.845659748243806,116.8,0.0,2.167151641416609,15095032.4,0.33,1354636800000.0,2.1778,-1307092.0,1346400.0,3.13,0.7287,9186.0,0.55,,0.0,中创智领,5.1658,,1785399930.0,,10.92,港股主板
00816,-5.23862979290749,,0.4511,30,-1.38,False,0.005,1.0127,904189000.0,2.15,2.98,5.3711,-8.66,1944006350.0,,1944006350.0,8.84,500.0,18.453607606736686,-60.37,0.0,12.797002652547196,569948.22,-0.03,1646841600000.0,0.3768,-7480.0,263056,1.17,1.0113,9162.0,0.03,,-28.75,金茂服务,5.7064,,904189000.0,,2.18,港股主板
00016,-3.5863170454153215,,3.2887,30,0.19,False,0.1,0.4983,2897780274.0,106.9,1.5,7.018,13.68,309772711291.0,,309772711291.0,3.54,500.0,3.4232660987851764,,0.47,9.780342611191939,634035681.15,0.2,84729600000.0,7.3939,180682575.0,5941209.0,1.08,0.4886,9146.0,0.21,90.85,,新鸿基地产,14.4578,80016,2897780274.0,,106.7,港股主板
00951,-9.002208050318805,,0.0215,30,0.44,False,0.005,0.1617,1104126979.0,1.14,3.96,1.1758,-14.4,1258704756.0,,1258704756.0,4.91,1000.0,4.5952023354732585,-12.62,0.44,6.034581833834296,444075.0,0.005,1278432000000.0,0.3161,0.0,396000.0,1.67,0.1622,9135.0,0.04,,0.0,超威动力,3.6069,,1104126979.0,,1.135,港股主板
01755,-20.464375277908054,,0.4759183648841478,30,0.0,False,0.01,,871331000.0,2.8,,6.926083599241452,0.0,2439726800.0,,2439726800.0,,1000.0,9.286754157950057,9.0,,-7.400373260934567,,0.0,1541433600000.0,0.2531,-1749030.0,,,0.9811,9041.0,,,3.79,新城悦服务,11.0647,,871331000.0,,2.8,港股主板
00400,29.116839964484974,,0.2814,30,-2.96,False,0.005,1.4248,1644262732.0,4.265,4.55,,44.58,7012780552.0,,7012780552.0,,1000.0,8.487228165550285,10.94,-0.23,50.438447534616905,12438800.0,-0.13,1405612800000.0,0.2534,-2814610.0,2861000,1.05,1.4293,9036.0,0.17,,0.0,硬蛋创新,16.8301,,1644262732.0,,4.395,港股主板
00485,-36.611923582840525,,4.608316083395383,30,0.0,False,0.005,,254839878.0,0.34,,10.06921080766996,-20.93,86645559.0,,86645559.0,,20000.0,-7.368156435626785,,0.0,-7.509988194309514,,0.0,576777600000.0,-0.0512,0.0,,,0.4728,9000.0,,,,中国华星,-6.6431,,254839878.0,,0.34,港股主板
01911,,,1.5901,30,-1.92,False,0.005,0.274,573347776.0,3.32,8.27,,-19.61,1903514616.0,,1903514616.0,,100.0,1.2674606682763054,-88.72,0.61,17.662005173464014,727181.0,-0.065,1537977600000.0,0.1542,141897.0,216600.0,1.53,0.2749,8970.0,0.04,,-22.33,华兴资本控股,21.5311,,573347776.0,,3.385,港股主板
81810,13.980206631662263,,1.2129,30,-1.27,False,0.02,1.9486,21365486889.0,20.2,2.15,63.0427,-42.52,431582835158.0,,521053415043.0,,200.0,12.639546259114148,99.6,0.0,15.607643986001474,118660.0,-0.26,1687104000000.0,1.4629,0.0,5800.0,0.32,1.932,8968.0,0.0,23.66,-1.07,小米集团-WR,13.8086,01810,25794723517.0,,20.46,港股主板
06169,-18.279231796785478,,0.5606,30,1.39,False,0.005,0.1521,4308550807.0,0.365,2.78,0.8638,-29.81,1572621045.0,,1572621045.0,,2000.0,9.181054781759874,-80.81,2.82,0.7916248834359596,103870.0,0.005,1488211200000.0,0.2069,0.0,288000.0,0.18,0.1502,8957.0,0.01,,1.95,宇华教育,1.7639,,4308550807.0,,0.36,港股主板
00357,25.023232615950654,,0.8091,30,-3.16,False,0.005,0.4171,226913000.0,3.825,6.58,2.8605,-64.25,867942225.0,,1810039725.0,,1000.0,-7.099056369943875,63.65,-1.54,-0.9038862452774299,859505.0,-0.125,1037548800000.0,-0.657,0.0,221000.0,0.67,0.4184,8942.0,0.1,,0.0,美兰空港,-5.8215,,473213000.0,,3.95,港股主板
06826,-31.46717230728463,,1.3857,30,3.68,False,0.01,0.6004,34780340.0,16.07,4.26,10.1475,-30.32,558920064.0,,3677333374.0,6.33,100.0,2.7957152193234935,-46.44,0.19,-5.745343518495039,1541688.0,0.57,1430323200000.0,0.7792,294630.0,97000.0,1.43,0.5996,8942.0,0.28,,0.0,昊海生物科技,20.6247,,228832195.0,,15.5,港股主板
00855,-19.016535694407544,,0.6759,30,1.18,False,0.005,0.5077,1626712346.0,4.28,2.6,4.9322,-15.41,6962328841.0,,6962328841.0,3.04,2000.0,6.984524300534242,784.3,0.12,-10.035767768518811,3167300.0,0.05,939571200000.0,0.6062,-566400.0,740000.0,0.87,0.4617,8930.0,0.05,,,中国水务,7.06,,1626712346.0,,4.23,港股主板
02314,46.23244942841691,,0.4853,30,0.46,False,0.005,0.4284,4295000000.0,3.305,2.43,3.8083,24.62,14194975000.0,,14194975000.0,6.2,1000.0,8.077797330590622,566.2,-0.36,9.024103784047078,10232716.26,0.015,1064505600000.0,0.5828,-125400.0,3089089.0,2.01,0.4284,8901.0,0.07,,,理文造纸,5.6706,,4295000000.0,,3.29,港股主板
03808,18.5460628607377,,0.6464,30,-3.08,False,0.02,1.7546,2760993339.0,34.66,3.91,10.8328,31.69,95696029130.0,,95696029130.0,5.94,500.0,17.508301919923774,430.99,0.35,21.28071047248692,203973830.62,-1.1,1196179200000.0,3.2804,-2331750.0,5881579.0,1.47,1.7511,8900.0,0.21,,0.0,中国重汽,10.5657,,2760993339.0,,35.76,港股主板
01091,75.61444456205857,,0.4558,30,0.93,False,0.005,0.9559,5924377152.0,0.54,1.87,2.4147,-1.82,3199163662.0,,3199163662.0,,1000.0,11.66488550487398,-79.25,0.0,-23.107165072672153,2156990.0,0.005,1290009600000.0,0.0597,354545.0,4011000,0.58,0.8748,8894.0,0.07,,0.0,南方锰业,9.0504,,5924377152.0,,0.535,港股主板
01313,,,0.2874,30,1.1,False,0.005,0.1258,6982937817.0,0.915,3.87,2.9582,-38.96,6389388103.0,,6389388103.0,4.15,2000.0,-0.6075789870500233,-56.48,0.0,-11.322594443736678,9734780.0,0.01,1254758400000.0,-0.0447,-202400.0,10564000.0,1.97,0.1255,8827.0,0.15,,0.0,华润建材科技,-20.454,,6982937817.0,,0.905,港股主板
00639,-21.28945037036607,,2.2384,30,-1.98,False,0.005,0.8449,5091065770.0,2.725,2.88,8.2284,-0.99,13873154223.0,,13873154223.0,5.87,2000.0,5.061992854313168,,0.18,9.823609575810144,25144844.0,-0.055,654796800000.0,0.1605,-4248400.0,9192000.0,0.99,0.8449,8817.0,0.18,,,首钢资源,16.9804,,5091065770.0,,2.78,港股主板
00552,-2.3198791618520564,,0.1655,30,-0.62,False,0.005,0.5057,2391420240.0,4.035,1.35,182.4255,-4.14,9649380668.0,,27946484244.0,6.49,2000.0,7.318663401325252,168.3,0.25,-0.7501668024400998,12260435.11,-0.025,1165507200000.0,0.5721,747960.0,3029073.0,1.23,0.5073,8785.0,0.13,,0.0,中国通信服务,7.0528,,6926018400.0,,4.06,港股主板
01963,7.603534430586123,,1.6971,30,2.22,False,0.005,0.3857,1579020812.0,8.29,3.14,0.4329,10.43,13090082531.0,,30057776800.0,6.33,500.0,8.691506457495453,223.01,0.12,,15248095.0,0.18,1383667200000.0,1.7937,19010.0,1832000,2.13,0.3853,8782.0,0.12,,,重庆银行,4.6217,,3625787310.0,,8.11,港股主板
00567,-6.4931206012815545,,10.0306,30,0.0,False,0.005,6.1953,1613287570.0,0.27,0.0,,190.32,435587644.0,,435587644.0,,20000.0,-34.78609275855302,,0.0,-19.664436715282896,37800.0,0.0,633715200000.0,-0.0132,0.0,140000.0,0.66,8.7508,8769.0,0.01,,,金安智能,-20.478,,1613287570.0,,0.27,港股主板
03958,42.69338216212215,,1.9729,30,-1.84,False,0.005,0.4864,1027162428.0,5.595,3.33,,-15.0,5746973785.0,,47538730409.0,4.18,400.0,7.781657720132775,6.22,-0.27,19.189849239857292,23019137.2,-0.105,1467907200000.0,0.8931,-3005792.0,4093600.0,2.01,0.488,8732.0,0.4,,-0.86,东方证券,6.265,,8496645292.0,,5.7,港股主板
06936,8.987870821203758,,0.4234,30,0.62,False,0.02,1.2907,451488469.0,29.1,2.84,5.2108,-13.32,13138314448.0,,148141083350.0,2.89,200.0,10.981021789307835,-10.28,0.41,8.094606223405098,16682080.0,0.18,1732636800000.0,2.4449,535208.0,573400,0.95,1.245,8715.0,0.13,,0.0,顺丰控股,11.9024,,5090758878.0,,28.92,港股主板
00376,28.7680361091315,,0.9565,30,-5.43,False,0.005,0.545,4059291673.0,1.74,7.61,,-44.94,7063167511.0,,7063167511.0,,2000.0,6.724026125400388,,0.0,10.191706028545555,11148824.0,-0.1,553449600000.0,0.1966,-266400.0,6264000.0,2.55,0.545,8690.0,0.15,,,云锋金融,8.8482,,4059291673.0,,1.84,港股主板
02160,-65.40173404245233,,3.670744271525193,30,0.0,False,0.005,,1273311439.0,1.28,,,-78.84,1629838642.0,,1629838642.0,,1000.0,-6.715051864221716,-98.81,,-38.97650344266385,,0.0,1612368000000.0,-0.115,-207300.0,,,0.8135,8678.0,,,54.26,微创心通-B,-11.1267,,1273311439.0,,1.28,港股主板
00142,0.5448018382846254,,0.2486,30,-0.1,False,0.005,0.5839,4262120029.0,4.775,1.78,1.51,-15.49,20351623138.0,,20351623138.0,5.65,2000.0,13.042932319669417,,0.0,0.9703511194724124,19148171.75,-0.005,589996800000.0,1.0414,154180.0,3997614.0,0.96,0.5842,8673.0,0.09,,,第一太平,4.5853,,4262120029.0,,4.78,港股主板
09996,-61.69100646650387,,3.4535,30,-6.25,False,0.005,1.4568,676961912.0,4.575,7.07,102.4595,-23.88,3097100747.0,,3097100747.0,,1000.0,-7.401487090325723,-82.93,-0.76,24.746533358863122,2656660.0,-0.305,1589472000000.0,-0.2341,0.0,568000,2.66,1.4555,8643.0,0.08,,67.97,沛嘉医疗-B,-19.5427,,676961912.0,,4.88,港股主板
01330,6.516574419996779,,2.0729,30,2.37,False,0.005,0.8844,404359792.0,6.035,1.7,3.9654,21.15,2440311345.0,,8632495038.0,4.28,1000.0,8.486329672891106,154.67,-0.17,-0.14723247797046035,3387173.31,0.14,1403107200000.0,0.5669,-253260.0,560231,2.53,0.8836,8631.0,0.14,,0.0,绿色动力环保,10.6452,,1430405143.0,,5.895,港股主板
02126,-48.52160913632808,,3.522,30,-5.62,False,0.005,2.2102,416768373.0,2.77,10.56,,10.36,1154448393.0,,1154448393.0,,500.0,-49.735637116019895,-88.62,0.36,19.54355133407184,4781185.0,-0.165,1604332800000.0,-0.9202,-139995.0,1717500.0,1.74,2.2077,8621.0,0.41,,-7.56,药明巨诺-B,-3.0101,,416768373.0,,2.935,港股主板
03669,-58.659145165564006,,0.026,30,-1.95,False,0.005,0.1461,1902156894.0,0.755,5.84,0.6599,-57.1,1436128455.0,,1436128455.0,,500.0,-18.148784728483072,,-0.66,-16.641803787352483,1939115.7,-0.015,1342022400000.0,-1.0326,-136087.5,2571010.0,2.7,0.1453,8574.0,0.14,,,永达汽车,-0.7311,,1902156894.0,,0.77,港股主板
09903,,,39.4554,30,-7.01,False,0.05,11.1215,779876895.0,92.25,11.59,,91.4,71943643564.0,,74494108188.0,,100.0,-6.92832475975151,45.5,-0.27,118.48115000587276,820133631.1,-6.95,1767801600000.0,-0.4046,556465.0,8888227,3.81,5.3864,8519.0,1.14,,8.44,天数智芯,-228.0036,,807524208.0,,99.2,港股主板
00548,-22.098332343854544,,1.6341,30,2.19,False,0.005,0.5323,747500000.0,6.545,3.28,3.0985,-3.76,4892387500.0,,16610268351.0,4.37,2000.0,4.109737975679294,909.1,-0.15,-2.4214001973813293,4189810.0,0.14,858096000000.0,0.5081,0.0,640000,0.37,0.5333,8486.0,0.09,,,深圳高速公路股份,12.8812,,2537856127.0,,6.405,港股主板
02698,39.84523404831626,,3.2111,30,0.93,False,0.02,3.1078,620814300.0,26.0,3.65,21.7306,-15.83,16141171800.0,,16141171800.0,5.1,200.0,,-22.18,0.0,21.697854158625972,39543580.64,0.24,1762704000000.0,1.8202,-4054404.0,1519933,3.16,3.1096,8450.0,0.24,,25.95,乐舒适,14.2842,,620814300.0,,25.76,港股主板
00686,123.31777969278055,,0.14731126677622616,30,0.0,False,0.005,,2198864443.0,0.57,,0.21128670482130815,-45.88,1253352733.0,,1253352733.0,14.04,2000.0,-2.7554916173297186,-93.79,0.0,8.769895652507632,,0.0,955555200000.0,-0.2563,0.0,,,0.0606,8417.0,,,0.0,北京能源国际,-2.2238,,2198864443.0,,0.57,港股主板
00829,,,0.6272,30,-0.43,False,0.001,0.3085,3230480000.0,0.229,3.91,6.6379,-13.58,739779920.0,,739779920.0,,2000.0,-3.5165450953574955,-57.92,0.0,-1.8151955395455777,68376.0,-0.001,1255363200000.0,-0.0263,0.0,302000.0,0.59,0.3094,8396.0,0.01,,0.0,神冠控股,-8.699,,3230480000.0,,0.23,港股主板
02001,5.869755204047333,,0.3169,30,2.13,False,0.005,0.1529,1971941783.0,0.48,4.26,0.7161,-49.47,946532056.0,,946532056.0,,1000.0,16.604894406197666,-70.84,4.35,7.97189371924778,604405.0,0.01,1492531200000.0,0.4789,-116250.0,1299000,1.5,0.1542,8374.0,0.07,,0.72,新高教集团,1.0023,,1971941783.0,,0.47,港股主板
00581,,,0.0803,30,0.0,False,0.005,0.1381,3722569000.0,0.955,3.14,5.4621,-22.19,3555053395.0,,3555053395.0,7.33,2000.0,1.1791271591029358,-31.92,-0.52,-7.113467913495275,2449450.0,0.0,1078156800000.0,0.0824,0.0,2546000.0,1.28,0.1384,8345.0,0.07,,0.0,中国东方集团,11.5949,,3722569000.0,,0.955,港股主板
01086,41.03153986681269,,0.2601,30,0.36,False,0.005,0.3533,1673332166.0,1.385,0.72,1.5269,63.21,2317565050.0,,2317565050.0,18.05,1000.0,6.179580786821001,-63.28,0.0,4.946013276335592,13632546.38,0.005,1290528000000.0,0.2321,549845.0,9859001.0,1.35,0.3533,8342.0,0.59,,0.0,好孩子国际,5.9668,,1673332166.0,,1.38,港股主板
00811,-8.78575847374259,,0.7687,30,-1.25,False,0.005,0.5531,441937100.0,7.93,2.68,7.1691,-18.62,3504561203.0,,9784359130.0,9.0,1000.0,8.974413160734294,382.74,0.0,-3.618794289587546,21501170.0,-0.1,1180454400000.0,1.2673,1416000.0,2708000.0,2.1,0.5548,8340.0,0.61,,0.0,新华文轩,6.2572,,1233841000.0,,8.03,港股主板
00995,5.900317425742085,,3.7484,30,1.96,False,0.01,1.8284,542991889.0,15.6,2.75,6.9085,24.9,8470673468.0,,26654033468.0,4.96,2000.0,15.653033784861355,3387.59,-0.13,-4.3820285205696035,32049076.0,0.3,847814400000.0,1.2885,7721536.0,2048000,2.0,1.8341,8328.0,0.38,,,安徽皖通高速公路,12.107,,1708591889.0,,15.3,港股主板
01873,,,1.4668,30,-9.76,False,0.005,0.6977,2093553353.0,1.525,11.83,6.1857,-15.28,3192668863.0,,3192668863.0,,500.0,4.532935731066471,-65.98,0.0,-0.9846416755236453,14830857.5,-0.165,1557331200000.0,0.0973,-436087.5,9311000,0.93,0.699,8324.0,0.44,,0.23,维亚生物,15.6734,,2093553353.0,,1.69,港股主板
02342,67.22446339450569,,0.6925,30,-6.48,False,0.005,0.9179,3125813722.0,1.01,8.8,14.5331,-58.29,3157071859.0,,3157071859.0,0.3,2000.0,0.8578519782872692,,0.0,-8.572146819541516,25415806.96,-0.07,1058198400000.0,0.0091,-1373020.0,24718052,0.61,0.9155,8314.0,0.79,,,京信通信,110.8561,,3125813722.0,,1.08,港股主板
01199,7.323311154290946,,1.8299,30,0.24,False,0.005,0.4738,4016710738.0,6.27,2.32,5.5131,17.93,25184776327.0,,25184776327.0,4.56,2000.0,5.614381275493923,802.16,0.08,8.831613561041852,62635617.41,0.015,787766400000.0,0.7058,12273650.0,9970415.0,1.04,0.4739,8281.0,0.25,,,中远海运港口,8.8836,,4016710738.0,,6.255,港股主板
00538,-52.117625849304716,,0.4141,30,0.0,False,0.005,0.2755,1091538820.0,0.8,1.88,1.9191,6.14,873231056.0,,873231056.0,14.63,1000.0,0.7540452855140065,-70.0,0.0,0.8713484723567699,165980.0,0.0,1175184000000.0,0.0226,0.0,208000.0,1.01,0.2764,8219.0,0.02,,0.0,味千(中国),35.384,,1091538820.0,,0.8,港股主板
00006,71.23978839521487,,176.2546,30,0.0,False,0.05,1.2254,2131105154.0,59.3,0.84,125.1233,12.48,126374535632.0,,126374535632.0,4.76,500.0,18.63918728227986,,0.25,-20.35561648037675,114383398.35,0.0,599414400000.0,8.3985,3106624.999999999,1931714.0,0.9,1.2254,8206.0,0.09,,,电能实业,7.0608,,2131105154.0,,59.3,港股主板
00551,-16.440595578911964,,0.3321,30,3.15,False,0.01,0.5772,1604556486.0,12.79,3.63,4.0523,-11.96,20522277456.0,,20522277456.0,10.16,500.0,6.281357066370719,3785.18,0.0,-0.13800406962841683,38818829.78,0.39,710006400000.0,1.363,917640.0,3049728,1.24,0.5773,8206.0,0.19,,,裕元集团,9.3838,,1604556486.0,,12.4,港股主板
00341,14.130050866093203,,0.3836,30,1.38,False,0.005,1.1902,570762033.0,5.5,1.57,2.1156,18.03,3139191182.0,,3139191182.0,7.33,2000.0,6.020164337756419,,0.82,0.6566053447706999,1990600.0,0.075,521827200000.0,0.2874,304080.0,366000.0,0.67,1.155,8199.0,0.06,,,大家乐集团,19.1352,,570762033.0,,5.425,港股主板
01456,55.4682839680515,,1.5468,30,-1.13,False,0.005,0.3271,442640000.0,3.49,3.12,,-31.87,1544813600.0,,19825268893.0,2.01,500.0,4.4362276166901475,-31.09,-0.14,39.51538687510576,4140912.5,-0.04,1436112000000.0,0.4642,-607830.0,1172000,3.3,0.3246,8178.0,0.26,,0.0,国联民生,7.5184,,5680592806.0,,3.53,港股主板
00669,12.985149248986128,,1.9094,30,-2.66,False,0.1,3.9977,1826312441.0,127.9,2.51,13.3593,45.4,233585361204.0,,233585361204.0,2.21,100.0,18.55507186576425,,0.08,5.562747665729062,526815080.4,-3.5,661363200000.0,5.577,-8534505.0,4100792.0,0.7,3.9977,8162.0,0.22,,,创科实业,22.9336,,1826312441.0,,131.4,港股主板
03818,,,0.8467,30,-1.75,False,0.005,0.1624,5895073025.0,0.28,1.75,13.1286,-36.36,1650620447.0,,1650620447.0,8.57,1000.0,-1.7620337910451356,-83.18,0.0,0.7177234753675821,92890.0,-0.005,1191945600000.0,-0.0304,0.0,332000.0,0.19,0.1669,8122.0,0.01,,0.0,中国动向,-9.202,,5895073025.0,,0.285,港股主板
09923,100.76525805651468,,0.5233,30,-2.08,False,0.005,0.4953,460190042.0,3.77,5.32,3.2771,-52.47,1734916458.0,,1734916458.0,0.8,400.0,3.1317257219778996,-74.61,0.0,-13.92516009857565,562512.25,-0.08,1590940800000.0,0.2309,0.0,146425.0,0.81,0.4889,8101.0,0.03,,6.13,移卡,16.3276,,460190042.0,,3.85,港股主板
00107,9.059222628157503,,1.4642,30,1.63,False,0.005,0.6581,895320000.0,4.995,2.85,,1.32,4472123400.0,,15275009700.0,6.97,2000.0,7.724081445503128,795.64,0.0,-5.901739326346089,5048500.0,0.08,876153600000.0,0.5753,450000.0,1010000.0,0.81,0.6602,8048.0,0.11,,,四川成渝高速公路,8.6823,,3058060000.0,,4.915,港股主板
09898,-16.8382165154192,,0.8763,30,-0.8,False,0.02,0.3883,16337193.0,49.7,2.63,2.7448,-32.58,811958492.0,,12209926828.0,9.63,20.0,8.393534619709598,-74.5,-0.04,1.259152846636935,4990475.6,-0.4,1638892800000.0,10.0513,466535.0,99763.0,0.88,0.3901,8002.0,0.61,,-7.18,微博-SW,4.9446,,245672572.0,,50.1,港股主板
02386,-14.23739151989154,,0.2729,30,-0.28,False,0.005,0.6255,1646804000.0,5.25,2.94,5.2585,-26.87,8645721000.0,,23068626000.0,7.26,500.0,4.84482426247319,15.58,0.1,11.895547971899244,26608361.25,-0.015,1369238400000.0,0.4087,475522.5,5053705.0,1.22,0.6242,7978.0,0.31,,0.0,中石化炼化工程,12.847,,4394024000.0,,5.265,港股主板
00698,,,0.0963,30,-2.72,False,0.005,0.1658,194712152.0,2.5,9.53,2.4043,-35.73,486780380.0,,486780380.0,,1000.0,3.7491577519740424,-89.1,0.0,-8.991932519078949,97500.0,-0.07,977414400000.0,0.5454,0.0,38000.0,0.26,0.1658,7961.0,0.02,,,通达集团,4.5839,,194712152.0,,2.57,港股主板
03339,35.09883077317202,,0.9447,30,-1.27,False,0.005,1.0013,4280100000.0,3.1,2.07,10.0679,12.43,13268310000.0,,13268310000.0,6.45,1000.0,12.939288301183677,2293.82,-0.48,8.23700737973554,12072836.0,-0.04,1132156800000.0,0.3852,257343.0,3855000,1.49,1.0045,7935.0,0.09,,0.0,中国龙工,8.0469,,4280100000.0,,3.14,港股主板
00085,-32.36839082501608,,0.6979,30,-1.91,False,0.005,0.5757,2029872000.0,0.77,1.91,4.6238,-38.21,1563001440.0,,1563001440.0,4.68,2000.0,8.60751909343394,-91.65,0.0,-8.729737603552746,590310.0,-0.015,869760000000.0,0.1093,-248000.0,762000.0,2.26,0.5757,7857.0,0.04,,,中电华大科技,7.0466,,2029872000.0,,0.785,港股主板
03600,24.69104481181812,,1.7596,30,-5.61,False,0.005,1.959,934214000.0,7.41,6.5,8.6145,45.28,6922525740.0,,6922525740.0,3.91,1000.0,21.034069918063572,140.87,0.41,9.275132929907471,3745297.75,-0.44,1450108800000.0,0.7344,301000.0,498415.0,3.48,1.959,7850.0,0.05,,0.0,现代牙科,10.0902,,934214000.0,,7.85,港股主板
01057,37.624867875513715,,0.7238,30,-1.84,False,0.005,1.2215,216785000.0,3.735,1.58,7.6666,-22.56,809691975.0,,3072531954.0,1.87,2000.0,9.181955438935512,,-0.4,30.100788866140824,13421410.0,-0.07,1147708800000.0,0.2661,-1048250.0,3576000.0,3.47,1.2206,7809.0,1.65,,,浙江世宝,14.0386,,822632384.0,,3.805,港股主板
00800,-5.90306603156966,,13.2591,30,-9.85,False,0.01,1.6927,932053942.0,12.17,9.63,,-47.09,11343096474.0,,12010188002.0,,100.0,-25.71157234068001,-51.28,0.25,43.44701614098061,52238656.0,-1.33,1762358400000.0,-1.9126,-3982395.0,4180500,4.87,1.6312,7795.0,0.45,,-9.96,文远知行-W,-6.363,,986868365.0,,13.5,港股主板
01234,-5.602789361082983,,0.6615,30,-1.94,False,0.005,0.6778,1197484919.0,2.775,1.94,5.3791,-9.5,3323020650.0,,3323020650.0,10.81,1000.0,11.359276473177191,150.72,-0.36,11.139582215023115,456240.0,-0.055,1253808000000.0,0.453,0.0,163000.0,0.92,0.6771,7787.0,0.01,,0.0,中国利郎,6.1262,,1197484919.0,,2.83,港股主板
00517,8.987252656513345,,2.5798,30,1.8,False,0.005,1.2374,1465971429.0,6.8,2.1,43.0171,21.44,9968605717.0,,9968605717.0,9.12,2000.0,9.507778314034278,2581.39,0.22,6.257174124782416,19969143.15,0.12,697737600000.0,0.5249,1888260.0,2948710,1.98,1.2374,7785.0,0.2,,,中远海运国际,12.955,,1465971429.0,,6.68,港股主板
00596,-26.337411831241685,,0.2803,30,-2.48,False,0.005,0.5861,1216835831.0,1.77,2.48,,-73.05,2153799421.0,,2153799421.0,2.26,2000.0,4.0059942618297555,559.96,-0.84,-8.65604028471061,2051700.0,-0.045,1083168000000.0,0.1114,0.0,1146000,1.24,0.5793,7784.0,0.09,,,浪潮数字企业,15.889,,1216835831.0,,1.815,港股主板
00169,32.70029506035132,,3.5933,30,4.65,False,0.001,0.2306,4697346488.0,0.09,3.49,0.8634,-20.35,422761184.0,,422761184.0,513.33,1000.0,88.08514055456554,-16.12,0.0,-53.41668066060651,155308.0,0.004,1023120000000.0,0.3725,78300.0,1777000,4.12,0.2306,7725.0,0.04,,0.0,万达酒店发展,0.2416,,4697346488.0,,0.086,港股主板
00861,-61.12385359859098,,0.1611,30,-4.21,False,0.005,0.5351,1673607386.0,2.16,5.1,2.154,-16.91,3614991954.0,,3614991954.0,1.67,1000.0,-0.6186458573566078,36.36,-0.69,-0.9826319551174634,355335.0,-0.095,991324800000.0,-0.0251,0.0,161000.0,0.3,0.5361,7684.0,0.01,,-25.23,神州控股,-86.1683,,1673607386.0,,2.255,港股主板
06110,-11.644994502278404,,0.2176,30,0.0,False,0.005,0.6501,6201222024.0,1.03,2.91,2.0525,-60.22,6387258685.0,,6387258685.0,31.84,1000.0,14.32966834079906,-78.34,0.0,-1.6693097189430017,8774596.0,0.0,1570636800000.0,0.2332,-57475.0,8517000.0,1.11,0.6414,7674.0,0.14,,8.82,滔搏,4.4174,,6201222024.0,,1.03,港股主板
01763,-4.453295456737916,,0.4963,30,-1.0,False,0.01,0.6725,79968800.0,12.89,6.07,4.7175,-35.29,1030797832.0,,4123187461.0,2.79,200.0,6.266823380886301,-23.4,0.0,4.184567687309726,1489540.0,-0.13,1530806400000.0,1.1627,249480.0,116400,2.0,0.6746,7669.0,0.15,,-7.41,中国同辐,11.086,,319874900.0,,13.02,港股主板
01813,-39.874783927053855,,0.0573,30,0.0,False,0.001,0.4706,3418883945.0,0.093,17.2,0.1352,-36.73,317956207.0,,317956207.0,,500.0,-245.04610037993285,-97.13,0.0,-40.35463844242852,563455.599,0.0,1183392000000.0,-1.2709,102926.0,5883243.0,4.39,0.4721,7663.0,0.17,,0.0,合景泰富集团,-0.0732,,3418883945.0,,0.093,港股主板
02172,,,5.204780688681345,30,0.0,False,0.005,,568543380.0,8.055,,22.66878982096098,-25.37,4579616926.0,,4579616926.0,1.12,1000.0,10.519075409131373,-65.8,,13.03401063355234,,0.0,1657814400000.0,0.3612,-519130.0,,,2.203,7656.0,,,-0.16,微创脑科学,22.2985,,568543380.0,,8.055,港股主板
01205,-16.497672960501752,,0.4426,30,-3.23,False,0.005,0.5033,7857727149.0,0.6,3.23,4.5393,50.0,4714636289.0,,4714636289.0,,2000.0,3.5778386119592955,-97.0,0.0,28.325703982807692,7202302.0,-0.02,873648000000.0,0.0388,-1122000.0,11907000.0,0.8,0.5033,7602.0,0.15,,,中信资源,15.4818,,7857727149.0,,0.62,港股主板
00003,4.796311277176923,,2.3433,30,0.5,False,0.005,2.1945,18659870098.0,7.075,1.28,12.6231,6.0,132018580943.0,,132018580943.0,4.95,1000.0,10.808355268744162,,0.07,0.7708464108539648,197776085.415,0.035,599414400000.0,0.3411,2207005.0,28016532.0,1.55,2.1945,7561.0,0.15,,,香港中华煤气,20.743,,18659870098.0,,7.04,港股主板
02155,,,1.1053,30,-2.38,False,0.005,1.4115,1271329000.0,6.755,4.05,6.7408,-25.08,8587827395.0,,8587827395.0,2.96,1000.0,2.2399860575099297,45.2,0.07,-3.2827375883818566,7282680.0,-0.165,1624809600000.0,0.1033,-454930.0,1062000.0,4.74,1.4148,7534.0,0.08,,258.87,森松国际,65.3675,,1271329000.0,,6.92,港股主板
09990,-12.087781106298879,,0.888,30,-1.82,False,0.005,0.605,800360630.0,1.62,1.52,,0.62,1296584221.0,,1296584221.0,,1000.0,-4.7714058606553715,-90.42,0.0,11.266798084655738,442380.0,-0.03,1594742400000.0,-0.1339,0.0,274000.0,1.63,0.6052,7516.0,0.03,,75.0,祖龙娱乐,-12.0963,,800360630.0,,1.65,港股主板
03969,-0.837388953799223,,0.8325,30,1.17,False,0.005,0.5604,1968801000.0,3.025,1.51,13.0534,-3.51,5955623025.0,,32034202475.0,6.58,1000.0,7.155062712582981,-17.25,0.17,-3.5339224221542787,22062500.0,0.035,1438876800000.0,0.3746,-558805.0,7295000.0,3.51,0.5607,7500.0,0.37,,0.0,中国通号,8.0748,,10589819000.0,,2.99,港股主板
01972,20.647391196720765,,8.2107,30,-0.42,False,0.02,0.5068,5757484800.0,23.86,3.42,17.5714,19.55,137373587328.0,,137373587328.0,4.9,200.0,1.2183168399076294,154.29,0.46,5.670680383116067,86536940.3,-0.1,1326816000000.0,0.5732,-847496.8000000045,3615657.0,1.53,0.5068,7465.0,0.06,,0.0,太古地产,41.6284,,5757484800.0,,23.96,港股主板
00607,-43.25462120881141,,0.00898746419861394,30,0.0,False,0.001,,708763934.0,0.26,,0.18254354658966523,73.33,184278623.0,,184278623.0,,4000.0,-2.6700722034223197,-99.22,0.0,-14.383270715970319,,0.0,1040140800000.0,-0.3372,0.0,,,0.0213,7385.0,,,0.0,丰盛控股,-0.7711,,708763934.0,,0.26,港股主板
02722,51.72286039789598,,0.4738,30,-3.08,False,0.005,0.5339,1100187470.0,1.575,4.62,5.4547,-11.12,1732795265.0,,5803308243.0,4.83,2000.0,10.406683283334885,175.4,-0.32,13.049877256315924,10740220.0,-0.05,1213286400000.0,0.2882,-896570.0,6766000.0,1.2,0.5355,7363.0,0.61,,0.0,重庆机电,5.4651,,3684640154.0,,1.625,港股主板
01908,-14.079516660185998,,0.2311,30,1.58,False,0.01,0.6747,2315932646.0,13.51,5.79,0.9002,-8.45,31288250047.0,,31288250047.0,6.45,1000.0,7.778654747227544,,0.15,-19.069588306647777,128819218.28,0.21,1355414400000.0,1.4918,-5799320.000000007,9524276.0,2.3,0.6751,7362.0,0.41,,,建发国际集团,9.0563,,2315932646.0,,13.3,港股主板
01882,6.956369485897174,,1.3732,30,-1.07,False,0.01,1.0429,1596000000.0,17.53,1.86,8.2629,-17.73,27977880000.0,,27977880000.0,4.56,1000.0,14.134872726518797,687.19,0.0,11.049314610760796,28873500.36,-0.19,1166716800000.0,2.2718,-1050930.0,1643258,1.02,1.0461,7358.0,0.1,,0.0,海天国际,7.7163,,1596000000.0,,17.72,港股主板
00010,-19.501351260328004,,1.4261,30,-0.49,False,0.01,0.1611,1361618242.0,12.1,1.4,2.2523,-15.96,16475580728.0,,16475580728.0,7.11,1000.0,1.4193690359493467,,-0.25,5.271801768940931,9298414.48,-0.06,87667200000.0,1.0421,0.0,764024.0,1.07,0.1611,7342.0,0.06,,,恒隆集团,11.6107,,1361618242.0,,12.16,港股主板
00631,-4.630404342050365,,0.8406,30,-8.35,False,0.005,1.6706,3289720239.0,7.85,10.04,8.7215,-5.22,25824303876.0,,25824303876.0,4.46,1000.0,13.121898216216652,179.71,-0.25,13.093133137066925,78954607.25,-0.715,1259078400000.0,0.5985,-1156255.0,9786850,2.52,1.6758,7334.0,0.3,,0.0,三一国际,13.1162,,3289720239.0,,8.565,港股主板
00535,,,0.4385,30,1.04,False,0.001,0.1023,16613686827.0,0.097,5.21,2.514,-37.42,1611527622.0,,1611527622.0,,2000.0,-23.107218567007283,,3.19,-56.1127064032896,46650.0,0.001,624470400000.0,-0.2397,0.0,482000.0,0.53,0.1026,7330.0,0.0,,,金地商置,-0.4047,,16613686827.0,,0.096,港股主板
01879,212.55168245982355,,127.2804,30,-7.56,False,0.2,7.0323,76850576.0,254.2,9.75,,38.76,19535416419.0,,23904301233.0,,15.0,,-71.11,0.55,120.17792669647558,87386330.8,-20.8,1777305600000.0,-51.8795,3357627.0,340216,5.08,7.0543,7314.0,0.44,,383.62,曦智科技-P,-4.8998,,94037377.0,,275.0,港股主板
01260,46.29148797803968,,1.5914,30,-2.7,False,0.005,0.2621,1151454000.0,0.36,5.41,2.9951,-7.69,414523440.0,,414523440.0,,2000.0,5.412913520851692,-60.78,0.0,-1.9126291971952591,58770.0,-0.01,1333036800000.0,0.074,0.0,162000.0,0.65,0.2536,7304.0,0.01,,0.0,皓天财经集团,4.8638,,1151454000.0,,0.37,港股主板
01777,23.800163225937652,,0.0252,30,-6.06,False,0.001,,3628367310.0,0.031,18.18,,-91.95,112479387.0,,112479387.0,,5000.0,46.18708010261505,-99.55,0.0,-46.780435034221554,142806.0,-0.002,1259078400000.0,-3.2141,0.0,4240400,0.23,-0.0035,7278.0,0.12,,0.0,花样年控股,-0.0096,,3628367310.0,,0.033,港股主板
01765,54.576839324741734,,0.2581,30,-0.76,False,0.001,0.0963,8673936140.0,0.131,4.55,0.7388,-28.42,1136285634.0,,1136285634.0,,2000.0,7.046372470024223,-92.62,0.0,2.247030094169711,425088.0,-0.001,1533225600000.0,0.0922,134000.0,3198000.0,6.82,0.0972,7259.0,0.04,,-2.6,希教国际控股,1.4203,,8673936140.0,,0.132,港股主板
00873,,,0.0981,30,-4.17,False,0.005,0.0965,2468173000.0,0.345,2.78,,-41.53,851519685.0,,851519685.0,,1000.0,-0.14910778319573753,-97.8,0.0,-3.8411749825937758,431305.0,-0.015,1603987200000.0,-0.0069,-11900.0,1238000.0,1.7,0.0968,7251.0,0.05,,0.0,世茂服务,-49.9578,,2468173000.0,,0.36,港股主板
00683,-29.706364359076677,,1.4874,30,-0.79,False,0.01,0.2381,1451305728.0,17.49,2.84,2.4136,-7.94,25383337183.0,,25383337183.0,7.72,500.0,1.0063883368982183,225.93,-0.46,1.0166104946522037,16249100.44,-0.14,839174400000.0,0.7311,-1740535.0,917351.0,1.16,0.2381,7243.0,0.06,,,嘉里建设,23.924,,1451305728.0,,17.63,港股主板
03788,,,3.1198,30,-6.51,False,0.005,2.4547,2444647733.0,3.015,6.2,35.9544,-16.48,7370612915.0,,7370612915.0,,1000.0,0.7658315209413037,115.02,-0.66,-18.150740713128542,8182055.0,-0.21,1317312000000.0,0.007,-740390.0,2670000,3.17,2.4623,7241.0,0.11,,0.0,罕王黄金,428.6815,,2444647733.0,,3.225,港股主板
01371,,,4.496934573658165,30,0.0,False,0.005,,342108876.0,1.105,,,-51.54,378030308.0,,378030308.0,,2000.0,-20.146116696490278,,-0.45,-26.04113132521254,,0.0,1004025600000.0,0.2842,0.0,,,-1.5625,7231.0,,,,中国生态旅游,3.8885,,342108876.0,,1.105,港股主板
01033,6.398405386840289,,0.1349,30,3.13,False,0.005,1.0825,5410033482.0,0.66,3.91,1.4834,-5.71,3570622098.0,,12511650250.0,,2000.0,7.1846718521971065,-51.63,0.0,0.8544324249578406,17947830.0,0.02,764870400000.0,0.0431,2170160.0,27144000,3.41,1.0859,7230.0,0.5,,,中石化油服,15.3005,,18957045833.0,,0.64,港股主板
02678,,,0.1825,30,1.24,False,0.005,0.3868,916877000.0,5.32,2.0,1.0115,15.65,4877785640.0,,4877785640.0,,500.0,12.603693964483059,982.62,0.0,2.0698957229541293,209455.0,0.065,1102521600000.0,1.632,0.0,39500.0,0.2,0.3875,7207.0,0.0,,0.0,天虹国际集团,3.2597,,916877000.0,,5.255,港股主板
00179,8.601174862594618,,0.5358,30,-7.67,False,0.01,0.7134,934412034.0,16.5,7.55,4.1745,-43.09,15417798561.0,,15417798561.0,3.7,500.0,7.343526307366361,,0.06,0.03928662696024432,134480804.34,-1.37,458323200000.0,1.6957,-8069530.0,8033114,4.42,0.6927,7182.0,0.86,,,德昌电机控股,9.7304,,934412034.0,,17.87,港股主板
03650,,,0.3605,30,-7.02,False,0.005,0.4478,494609987.0,1.325,7.37,,-63.6,655358233.0,,655358233.0,,100.0,-3.6532350247615093,-95.63,0.0,-8.385332531547407,297980.5,-0.1,1689091200000.0,-0.1115,-80998.0,219100,0.39,0.4303,7152.0,0.04,,0.28,KEEP,-11.8782,,494609987.0,,1.425,港股主板
01132,-36.938453978750665,,0.36742052750595616,30,0.0,False,0.001,,2799669050.0,0.078,,5.213287480901451,18.18,218374186.0,,218374186.0,,5000.0,-10.304832934583894,-91.51,8.33,-12.99277298479069,,0.0,785520000000.0,-0.0483,0.0,,,0.1789,7103.0,,,,橙天嘉禾,-1.6139,,2799669050.0,,0.078,港股主板
01769,,,0.5379,30,2.92,False,0.005,0.5199,673781050.0,0.705,16.79,2.8541,-67.21,475015640.0,,475015640.0,,1000.0,-16.954749640572935,-79.48,-2.08,9.94000272081177,756525.0,0.02,1561046400000.0,-0.2089,51000.0,1091000.0,0.55,0.5216,7102.0,0.16,,0.27,思考乐教育,-3.3756,,673781050.0,,0.685,港股主板
03317,,,12.0018,30,-6.21,False,0.05,9.9883,275316702.0,84.55,9.93,,67.43,23278027154.0,,27972149642.0,,100.0,3.48256332423094,76.07,0.06,127.90245499279523,104315156.3,-5.6,1767024000000.0,0.233,5589415.0,1193181,3.36,6.339,7078.0,0.43,,1.04,迅策,362.8878,,330835596.0,,90.15,港股主板
00002,18.81414040470599,,2.1814,30,-0.07,False,0.05,1.6794,2526450570.0,76.0,1.18,7.8445,13.0,192010243320.0,,192010243320.0,4.21,500.0,9.679637136377435,,0.73,0.3251690277224162,271930471.85,-0.05,599414400000.0,4.291,15773800.0,3593014.0,1.13,1.6794,7073.0,0.14,,,中电控股,17.7115,,2526450570.0,,76.05,港股主板
07489,-17.08107134529372,,0.1474,30,-6.14,False,0.005,0.5725,885381529.0,1.835,8.18,1.275,-71.81,1624675106.0,,6752800000.0,,1000.0,,-75.53,-0.54,57.31074801438618,5872725.305,-0.12,1773849600000.0,0.0473,-113365.0,3114526,0.69,0.5743,7067.0,0.35,,0.0,岚图汽车,38.8183,,3680000000.0,,1.955,港股主板
01778,3.0893149569038325,,0.1086,30,0.0,False,0.001,0.0508,1859407192.0,0.138,0.72,1.5174,-17.37,256598192.0,,256598192.0,,1000.0,0.5764267511327079,-95.91,0.0,10.227288878314567,159518.0,0.0,1404057600000.0,0.0159,0.0,1156000.0,1.51,0.0509,7062.0,0.06,,0.0,彩生活,8.6875,,1859407192.0,,0.138,港股主板
00382,-29.793508511530952,,0.1925,30,-2.22,False,0.005,0.1023,1199066722.0,0.44,3.33,0.5528,-67.37,527589358.0,,527589358.0,16.82,2000.0,8.435837613156078,-77.87,0.0,6.24342137318572,431470.0,-0.01,1563206400000.0,0.348,0.0,968000,3.15,0.1025,7055.0,0.08,,0.7,中汇集团,1.2643,,1199066722.0,,0.45,港股主板
01848,144.467020301131,,0.6135,30,0.0,False,0.005,0.3542,759344424.0,3.44,2.03,0.6782,-19.28,2612144819.0,,2612144819.0,9.22,500.0,5.605998932144426,37.93,-0.15,7.008201545422721,852860.76,0.0,1405008000000.0,0.4864,-434160.0,247879.0,1.68,0.3553,7027.0,0.03,,0.0,中国飞机租赁,7.0718,,759344424.0,,3.44,港股主板
01061,-7.829230276742938,,0.6865,30,-0.24,False,0.005,0.4637,564842000.0,2.085,1.2,4.1846,-42.14,1177695570.0,,1177695570.0,5.76,1000.0,11.005821171681854,172.55,0.48,-2.2215589848771145,146045.0,-0.005,993571200000.0,0.4699,0.0,70000.0,0.42,0.462,7022.0,0.01,,0.0,亿胜生物科技,4.4373,,564842000.0,,2.09,港股主板
08123,,,1.2202,30,-12.28,False,0.001,,344648302.0,0.25,11.23,,-58.33,86162076.0,,86162076.0,,5000.0,-306.58575961699046,,0.0,25.60551453331479,113300.0,-0.035,1010678400000.0,-0.0799,0.0,430000,3.56,-17.769,6963.0,0.12,,,华亿金控,-3.1291,,344648302.0,,0.285,港股GEM
00576,-0.4563668565423007,,1.4583,30,2.68,False,0.005,0.6044,2023335842.0,5.945,2.68,,-11.61,12028731581.0,,35896591547.0,7.77,2000.0,10.698369056223482,989.63,-0.08,12.104376436960429,57223290.89,0.155,863625600000.0,0.9921,-548320.0,9610898.0,1.51,0.6063,6926.0,0.48,,,浙江沪杭甬,5.9926,,6038114642.0,,5.79,港股主板
06955,-37.66979738028292,,2.6146,30,-8.84,False,0.005,0.6056,613633694.0,2.99,10.82,,-64.99,1834764745.0,,1834764745.0,,200.0,-4.106607582261896,-84.97,-1.81,-9.064346578763683,3574980.5,-0.29,1672329600000.0,-0.18,-86112.0,1170800,1.57,0.5941,6925.0,0.19,,0.0,博安生物,-16.6104,,613633694.0,,3.28,港股主板
03666,-8.669853817970075,,0.2550857852320894,30,0.0,False,0.001,,2655637000.0,0.024,,2.8506703640754987,-36.84,63735288.0,,63735288.0,,2000.0,53.19376401602551,,,-18.6227370170603,,0.0,1341331200000.0,-0.0297,0.0,,,-0.3395,6923.0,,,,上海小南国,-0.8084,,2655637000.0,,0.024,港股主板
02121,-20.74169395637526,,1.0125,30,0.15,False,0.005,1.4817,551240538.0,3.37,3.27,,-40.35,1857680613.0,,1857680613.0,,100.0,-20.132525068502893,-87.19,1.2,0.808691730071498,1594115.5,0.005,1643212800000.0,-0.5299,0.0,481600.0,1.12,1.4368,6906.0,0.09,,-25.48,创新奇智,-6.3602,,551240538.0,,3.365,港股主板
02038,,,0.2052,30,-3.8,False,0.01,0.9157,782616330.0,13.91,6.92,4.9658,-27.81,10886193150.0,,10886193150.0,1.96,1000.0,3.70396644233453,-50.42,0.22,4.390557615416024,6535980.0,-0.55,1107360000000.0,0.5558,-302820.0,467000.0,1.49,0.9087,6883.0,0.06,,0.0,富智康集团,25.0263,,782616330.0,,14.46,港股主板
09606,47.532677785741015,,17.6957,30,-4.99,False,0.1,10.2218,91311397.0,186.7,9.72,,-37.39,17047837820.0,,17047837820.0,,100.0,-65.93394857635387,3.15,-0.16,-43.021389177210466,161781022.2,-9.8,1744646400000.0,-18.3589,-3760460.0,844780,2.74,10.0982,6870.0,0.93,,116.7,映恩生物-B,-10.1695,,91311397.0,,196.5,港股主板
02510,169.50985385029003,,2.2061,30,1.97,False,0.01,1.3045,1665031000.0,13.44,6.37,6.3554,84.66,22378016640.0,,22378016640.0,9.93,1000.0,17.89218650709087,271.45,0.07,14.788580504351835,39987361.8,0.26,1730390400000.0,1.7433,659680.0,2968573,1.74,1.3051,6859.0,0.18,,-1.91,德翔海运,7.7093,,1665031000.0,,13.18,港股主板
06068,-48.197472190341706,,0.7633,30,-1.75,False,0.001,0.1593,2178154000.0,0.056,7.02,,-23.29,121976624.0,,121976624.0,,2000.0,2.60371819591655,-95.22,0.0,-22.23936157425551,1990.0,-0.001,1485360000000.0,0.0099,0.0,38000.0,0.12,0.1607,6852.0,0.0,,-1.18,光正教育,5.6385,,2178154000.0,,0.057,港股主板
03877,2.37416028569013,,3.845,30,2.31,False,0.005,0.9631,6204695014.0,2.44,2.52,3.1554,22.29,15139455834.0,,15139455834.0,4.51,2000.0,12.967821663082749,194.76,0.0,1.84243830839399,46049046.05,0.055,1560700800000.0,0.3162,2683330.0,18911449,7.06,0.9631,6833.0,0.3,,-7.46,中国船舶租赁,7.7159,,6204695014.0,,2.385,港股主板
00732,-8.991329732051645,,0.1577,30,0.0,False,0.005,0.2426,2919019398.0,0.83,2.41,0.4953,-19.49,2422786100.0,,2422786100.0,12.41,2000.0,2.4206109248163012,1276.45,0.61,-3.1044047121965845,340500.0,0.0,680716800000.0,0.0806,0.0,412000.0,0.58,0.2426,6828.0,0.01,,,信利国际,10.3037,,2919019398.0,,0.83,港股主板
02255,76.07936712878565,,1.2122,30,-6.41,False,0.001,0.6923,13214002000.0,0.146,8.33,,-67.91,1929244292.0,,1929244292.0,,1000.0,-51.6614250163127,-87.08,0.0,-12.678289481451754,1020078.0,-0.01,1394640000000.0,-0.0851,-12379.0,6943000,1.96,0.6945,6825.0,0.05,,0.0,海昌海洋公园,-1.7151,,13214002000.0,,0.156,港股主板
01980,,,11.3994,30,0.0,False,0.005,0.2746,1105730162.0,0.63,0.79,,5.23,696610002.0,,696610002.0,12.7,1000.0,6.21979485071977,-80.05,0.8,-18.091577527869894,39125.0,0.0,1404835200000.0,0.1417,0.0,63000.0,0.38,0.2713,6820.0,0.01,,0.0,天鸽互动,4.4471,,1105730162.0,,0.63,港股主板
09979,-23.03306064128927,,0.9807,30,0.0,False,0.005,0.8587,2000000000.0,1.795,4.46,7.2593,-30.19,3590000000.0,,3590000000.0,13.65,1000.0,12.038242711532112,5.91,0.0,0.25547484131014375,1491082.36,0.0,1594310400000.0,0.2497,174115.0,832548.0,1.04,0.8606,6811.0,0.04,,30.0,绿城管理控股,7.1891,,2000000000.0,,1.795,港股主板
01717,,,0.2346,30,0.0,False,0.005,0.3089,1778144841.0,1.02,0.49,8.89,-46.89,1813707738.0,,1813707738.0,4.9,1000.0,-12.628484715789174,-67.05,0.0,-6.191865075717984,29575.0,0.0,1254931200000.0,-0.4583,0.0,29000.0,0.34,0.3099,6802.0,0.0,,0.0,澳优,-2.2255,,1778144841.0,,1.02,港股主板
02552,-48.881549852616345,,3.2335,30,-2.97,False,0.005,2.1105,1056605016.0,2.29,6.99,,-25.65,2419625487.0,,2419625487.0,,500.0,-10.506354469084926,-72.34,0.88,123.8221245829311,3419322.5,-0.07,1536854400000.0,-0.0953,-345000.0,1479500,3.83,2.1171,6796.0,0.14,,0.0,华领医药-B,-24.0365,,1056605016.0,,2.36,港股主板
00272,,,0.7914,30,-1.18,False,0.005,0.0794,8027265324.0,0.42,1.18,,-33.95,3371451436.0,,3371451436.0,9.52,500.0,-4.292188749666756,-75.34,-1.18,-29.779631667574215,300462.5,-0.005,1159891200000.0,-0.222,0.0,713000.0,0.25,0.0792,6766.0,0.01,,0.0,瑞安房地产,-1.8923,,8027265324.0,,0.425,港股主板
00754,,,0.32832011590275884,30,0.0,False,0.01,,3792540571.0,2.64,,0.7890202443050751,-11.71,10012307107.0,,10012307107.0,,100.0,-2.8399598398447856,184.67,,-13.353008114367936,,0.0,896198400000.0,-0.7081,-540379.0,,,0.1073,6753.0,,,,合生创展集团,-3.7283,,3792540571.0,,2.64,港股主板
00467,,,0.528,30,12.66,False,0.005,0.8208,25849594786.0,0.445,10.13,1.8822,1.14,11503069680.0,,11503069680.0,,2000.0,9.878597522323366,-90.58,1.14,23.57776594036094,84567942.0,0.05,702662400000.0,0.0514,6473700.0,195000000,11.34,0.8148,6735.0,0.75,,,联合能源集团,8.6509,,25849594786.0,,0.395,港股主板
09869,-62.84840787873669,,2.0273,30,-1.68,False,0.005,1.273,1265002524.0,0.88,1.68,8.8613,5.83,1113202221.0,,1113202221.0,12.84,500.0,-0.30279461078014913,-93.87,0.0,-29.1592074382206,63062.5,-0.015,1631203200000.0,-0.0012,0.0,71000.0,0.06,1.2683,6718.0,0.01,,22.91,海伦司,-743.4853,,1265002524.0,,0.895,港股主板
02057,10.918904510112103,,1.9014,30,-0.58,False,0.1,1.6015,557330906.0,154.2,1.87,6.985,-3.47,85940425705.0,,117721045705.0,2.01,50.0,16.141659823448972,-29.08,0.0,16.10940058931247,188398933.8,-0.9,1601308800000.0,15.4224,19655500.0,1220128.0,1.43,1.6015,6678.0,0.22,,9.17,中通快递-W,9.9985,,763430906.0,,155.1,港股主板
00320,-2.679585630191783,,0.0903,30,0.0,False,0.005,0.265,842540000.0,0.44,5.68,1.2838,-11.34,370717600.0,,370717600.0,2.73,2000.0,1.4572771826489666,-55.84,0.0,-0.7982504987818384,31880.0,0.0,1160323200000.0,0.0246,0.0,74000.0,1.17,0.2565,6677.0,0.01,,0.0,金宝通,17.8719,,842540000.0,,0.44,港股主板
00815,,,0.4888,30,-3.21,False,0.001,0.4036,3946337559.0,0.211,4.59,4.9319,-68.51,832677225.0,,832677225.0,,2000.0,42.395000102374716,-82.46,0.0,-50.62978425835315,3760112.0,-0.007,1356624000000.0,0.1431,293818.0,17586000.0,2.43,0.4048,6609.0,0.45,,0.0,中国白银集团,1.4748,,3946337559.0,,0.218,港股主板
00604,133.12249823365755,,0.1363,30,-1.6,False,0.005,0.1507,8898793115.0,0.615,4.0,1.079,-22.15,5472757766.0,,5472757766.0,,2000.0,-10.217664585920355,73.83,-1.6,35.67618825772057,2334558.45,-0.01,857664000000.0,-0.4196,309880.0,3702470.0,1.78,0.1507,6590.0,0.04,,,深圳控股,-1.4657,,8898793115.0,,0.625,港股主板
00636,22.89329545759575,,0.1791,30,0.17,False,0.005,0.5843,1807429342.0,5.845,2.23,5.1577,-13.6,10564424504.0,,10564424504.0,4.79,500.0,8.192752569857378,5.84,-0.26,6.817995734433757,2890697.93,0.01,1387382400000.0,0.7952,0.0,493257.0,0.63,0.5843,6587.0,0.03,,0.0,KLN,7.35,,1807429342.0,,5.835,港股主板
06655,16.979381011600303,,0.7382,30,3.85,False,0.01,0.8338,734720000.0,15.38,6.41,3.6402,-13.41,11299993600.0,,31974953082.0,4.19,100.0,10.856610852494251,45.11,1.12,8.358534374160254,37591821.0,0.57,1648396800000.0,1.8955,4169392.5,2440200.0,4.19,0.8364,6583.0,0.33,,0.0,华新建材,8.1141,,2078995649.0,,14.81,港股主板
01477,-32.10856408411429,,3.9741,30,-3.26,False,0.005,1.0089,815382414.0,5.05,5.94,,-31.76,4117681191.0,,4117681191.0,,500.0,-3.4492926553722,-88.26,-0.88,67.56389935634016,1371852.5,-0.17,1594310400000.0,-0.1793,-153990.0,268000.0,0.51,0.9867,6568.0,0.03,,152.39,欧康维视生物-B,-28.1585,,815382414.0,,5.22,港股主板
03301,12.909382873840602,,0.0212,30,-11.83,False,0.001,,1683431417.0,0.082,18.28,0.0542,-36.92,138041376.0,,138041376.0,,500.0,52.60100433257461,-98.18,1.23,-60.75880493879333,333217.5,-0.011,1452614400000.0,-6.4686,-1829.0,3966000,1.57,-0.0052,6512.0,0.24,,0.0,融信中国,-0.0127,,1683431417.0,,0.093,港股主板
00308,14.954319287979946,,1.4851,30,-0.43,False,0.005,0.5568,5536633709.0,1.155,2.59,7.0295,-8.93,6394811934.0,,6394811934.0,1.73,2000.0,-0.6002002279102523,-14.97,0.0,0.7327287675259475,4289380.0,-0.005,721411200000.0,-0.015,133380.0,3680000.0,1.13,0.5568,6503.0,0.07,,,香港中旅,-76.8875,,5536633709.0,,1.16,港股主板
01119,,,0.4674,30,-2.74,False,0.005,0.3809,2041015665.0,0.355,5.48,13.6395,-37.72,724560561.0,,724560561.0,,400.0,0.5953206331169301,-94.62,0.0,-10.17668252351378,215100.0,-0.01,1544025600000.0,0.0057,0.0,597600.0,0.74,0.3777,6487.0,0.03,,-8.64,创梦天地,61.7997,,2041015665.0,,0.365,港股主板
00197,-7.3634841704828595,,0.3276559890340416,30,0.0,False,0.005,,209210453.0,0.545,,13.250400581057525,84.75,114019697.0,,114019697.0,,5000.0,-29.20784949620487,-98.43,3.81,-16.330961139883815,,0.0,1007308800000.0,-0.9574,0.0,,,0.2037,6471.0,,,0.0,亨泰,-0.5693,,209210453.0,,0.545,港股主板
00182,-62.74085217006835,,0.9434,30,1.54,False,0.005,0.2623,7863599158.0,0.33,6.15,0.8884,3.9,2594987722.0,,2594987722.0,0.91,10000.0,-0.48185819968673316,-98.27,1.54,-8.549123003128722,1623950.0,0.005,691171200000.0,-0.0047,0.0,4950000.0,2.25,0.2632,6467.0,0.06,,,协合新能源,-69.8651,,7863599158.0,,0.325,港股主板
08246,,,4.978,30,13.64,False,0.005,2.9666,592203000.0,0.75,13.64,4.889,17.19,444152250.0,,444152250.0,,5000.0,,-43.92,0.0,,51150.0,0.09,1325174400000.0,-0.0451,0.0,75000,1.51,2.4254,6447.0,0.01,,0.0,中华燃气,-16.6351,,592203000.0,,0.66,港股GEM
00052,-2.529267414887404,,0.1806,30,-1.14,False,0.005,0.8685,129552780.0,4.32,1.6,0.8368,-2.43,559668010.0,,559668010.0,6.94,500.0,6.293346255186408,5.16,0.0,0.8164557014102902,521410.88,-0.05,686937600000.0,0.3208,0.0,120824,1.88,0.8369,6447.0,0.09,,,大快活集团,13.4665,,129552780.0,,4.37,港股主板
00743,,,0.4449,30,-0.93,False,0.005,0.1311,1566851000.0,1.59,1.87,61.7274,-31.14,2491293090.0,,2491293090.0,2.2,500.0,-0.7432536127118279,-57.85,-0.63,-14.204655496919273,333462.5,-0.015,1211212800000.0,-0.0886,0.0,209500.0,0.47,0.1315,6425.0,0.01,,0.0,亚洲水泥(中国),-17.9362,,1566851000.0,,1.605,港股主板
01098,11.12919329901021,,0.0464,30,-1.0,False,0.005,0.032,749336566.0,0.495,6.0,,-25.0,370921600.0,,370921600.0,,1000.0,-41.15784539055115,-75.36,0.0,0.5057863262026396,19470.0,-0.005,836409600000.0,-7.7352,0.0,41000,0.53,0.032,6400.0,0.01,,,路劲,-0.064,,749336566.0,,0.5,港股主板
01541,-14.737624301858265,,8.5656,30,-2.62,False,0.005,1.8892,418134505.0,3.165,3.38,,-45.71,1323395708.0,,1358306893.0,,200.0,-39.6675728423039,-85.07,-0.63,544.1265237691479,1010911.0,-0.085,1693843200000.0,-0.6195,-144000.0,317800.0,1.91,1.8648,6392.0,0.08,,4.95,宜明昂科-B,-5.109,,429164895.0,,3.25,港股主板
03378,20.356522304242187,,,30,-1.18,False,0.02,5.3258,134060730.0,28.56,4.84,,78.72,3828774449.0,,3828774449.0,,100.0,,-1.18,0.0,,156180.0,-0.34,1766419200000.0,-1.1079,0.0,5500.0,1.04,5.245,6379.0,0.0,,-46.25,翰思艾泰-B,-25.7791,,134060730.0,,28.9,港股主板
00411,50.91800714093895,,0.5287075086893508,30,0.0,False,0.01,,243354165.0,11.0,,,-1.93,2676895815.0,,2676895815.0,4.36,1000.0,8.949386490201094,,0.0,-0.3649735724078562,,0.0,89308800000.0,1.2055,0.0,,,0.7836,6338.0,,,,南顺(香港),9.1245,,243354165.0,,11.0,港股主板
06998,,,1.3518,30,2.1,False,0.005,0.7449,1972941774.0,1.7,3.3,6.0141,-43.33,3354001016.0,,3354001016.0,,500.0,15.265571234711903,-94.18,0.0,,2120305.0,0.035,1602000000000.0,0.2168,263940.0,1262500,3.48,0.7234,6337.0,0.06,,16.46,亿腾嘉和,7.8411,,1972941774.0,,1.665,港股主板
02343,29.711569050389986,,1.1739,30,-1.54,False,0.005,1.3414,5157246803.0,3.84,3.72,8.7797,74.7,19803827724.0,,19803827724.0,5.6,1000.0,7.482030502884959,,0.39,-0.5584382783925701,61246728.84,-0.06,1089734400000.0,0.2086,7351179.0,15792310.0,1.78,1.3419,6333.0,0.31,,,太平洋航运,18.4112,,5157246803.0,,3.9,港股主板
06613,-12.43181052717185,,1.3754,30,-4.14,False,0.02,1.8067,301595200.0,20.86,7.08,10.6426,-14.88,6291275872.0,,110114534548.0,3.09,200.0,6.866164120141613,14.27,0.19,6.145470945501774,244912197.84,-0.9,1751990400000.0,0.7364,6329144.600000009,11761688.0,4.68,1.8025,6329.0,3.9,,9.13,蓝思科技,28.3287,,5278740870.0,,21.76,港股主板
00805,-56.38570323695077,,11.5345,30,-0.7,False,0.01,30.9094,960000000.0,12.8,8.53,,1247.37,12288000000.0,,12288000000.0,,2000.0,2.008425897322248,1206.12,1.11,11.594498982765678,89645360.0,-0.09,1736697600000.0,0.0087,23251280.0,6886000.0,1.47,31.0061,6294.0,0.72,,-22.83,新吉奥房车,1479.4529,,960000000.0,,12.89,港股主板
00657,-49.39553247550186,,1.9734,30,-2.44,False,0.001,,1946314108.0,0.04,0.0,,42.86,77852564.0,,77852564.0,,2000.0,9835.087719298244,-96.92,0.0,-4.4207270002608485,66.0,-0.001,720374400000.0,-0.0014,0.0,2000,0.01,-60.7274,6290.0,0.0,,,环科国际,-27.7747,,1946314108.0,,0.041,港股主板
01108,,,0.4273,30,-3.55,False,0.005,0.5037,250000000.0,2.04,4.49,,-45.01,510000000.0,,1317176925.0,,2000.0,-44.70848757327951,-34.51,-0.73,-29.673004721414088,3933400.0,-0.075,773596800000.0,-2.3152,-350200.0,1900000.0,1.26,0.5052,6289.0,0.76,,,凯盛新能,-0.8812,,645674963.0,,2.115,港股主板
00856,30.058730514785715,,0.1167,30,-3.41,False,0.005,1.1557,1429787998.0,8.51,4.31,,13.83,12167495863.0,,12167495863.0,4.91,2000.0,16.66212909360194,9011.35,-0.06,15.158694446016629,18196494.0,-0.3,1020873600000.0,1.1596,0.0,2110000.0,2.44,1.1503,6288.0,0.15,,,伟仕佳杰,7.339,,1429787998.0,,8.81,港股主板
06651,30.861765695361076,,46.7099,30,-9.49,False,0.05,27.1669,400387563.0,52.45,8.02,,27.93,21000327679.0,,22001168509.0,,200.0,-36.26335991093202,49.86,-0.1,46.089451065616885,58397128.0,-5.5,1767024000000.0,-0.4307,-7059100.0,1085080,1.72,18.2069,6246.0,0.27,,29.9,五一视界,-121.7792,,419469371.0,,57.95,港股主板
02145,-20.975136780668123,,0.8366,30,-0.47,False,0.02,2.8457,200270711.0,21.12,2.54,6.5716,-70.45,4229717416.0,,8279531484.0,4.29,100.0,27.526717991831756,-8.39,-0.38,26.04705092704527,13056236.36,-0.1,1671638400000.0,1.9845,417129.0,613589.0,0.73,2.7767,6240.0,0.31,,0.0,上美股份,10.6423,,392023271.0,,21.22,港股主板
01521,13.198230090733976,,1.0934,30,0.87,False,0.005,0.8509,2042074910.0,1.16,0.0,5.9846,16.0,2368806896.0,,2368806896.0,,2000.0,3.0561214506865557,-68.48,0.0,4.965539983357137,9280.0,0.01,1559145600000.0,0.0406,0.0,8000,0.34,0.8512,6238.0,0.0,,4.69,方达控股,28.5844,,2042074910.0,,1.15,港股主板
00419,-53.19264667737089,,1.3287,30,-2.35,False,0.005,5.8988,1757154399.0,0.415,2.35,,16.9,729219076.0,,729219076.0,,10000.0,-45.15238502412509,-90.36,0.0,-33.88802562607259,198550.0,-0.01,1035302400000.0,-0.021,0.0,480000.0,0.61,3.8661,6200.0,0.03,,10.42,弘毅文化集团,-19.7278,,1757154399.0,,0.425,港股主板
02617,-12.511115155337516,,,30,0.0,False,0.01,4.0511,311969673.0,10.07,7.05,,-91.24,3141534607.0,,4100510374.0,,500.0,-36.78476577641479,-53.49,0.3,,44297527.5,0.0,1750608000000.0,-0.7494,-1585945.0,4320500.0,2.06,4.0464,6195.0,1.38,,78.71,药捷安康-B,-13.438,,407200633.0,,10.07,港股主板
06288,22.46448389710114,,6.255961799816875,30,0.0,False,0.02,,1500000000.0,37.3,,1.4770732046112953,34.37,55950000000.0,,1186964210640.0,0.43,300.0,21.47197501925812,291.26,0.0,12.919699558919584,,0.0,1393948800000.0,80.4509,0.0,,,8.8602,6191.0,,,,迅销,46.3637,,31822096800.0,,37.3,港股主板
02198,113.27055267474422,,0.2092,30,3.11,False,0.005,0.6837,1190000000.0,3.81,4.47,4.7451,28.45,4533900000.0,,4533900000.0,3.94,1000.0,13.916578196188118,169.68,0.0,14.037974713468927,6102864.0,0.115,1284566400000.0,0.7409,-488550.0,1612000,2.31,0.6812,6181.0,0.14,,0.0,中国三江化工,5.1425,,1190000000.0,,3.695,港股主板
06123,,,0.1188,30,0.0,False,0.005,0.4792,420190000.0,1.12,0.0,,2.75,470612800.0,,470612800.0,,2000.0,-13.70532396467579,0.13,0.0,-2.349905360022009,51520.0,0.0,1405008000000.0,-0.3496,0.0,46000.0,4.36,0.4792,6167.0,0.01,,0.0,圆通国际快递,-3.204,,420190000.0,,1.12,港股主板
02157,,,6.1198,30,-1.79,False,0.005,4.251,1804439838.0,3.845,9.71,,-22.64,6938071177.0,,6938071177.0,,1000.0,22.8877784274173,-46.07,-0.13,66.9260422386284,49814244.72,-0.07,1645545600000.0,0.1534,-4137410.0,12685448.0,4.44,4.2643,6118.0,0.7,,0.14,乐普生物,25.0615,,1804439838.0,,3.915,港股主板
03337,6.353835721341983,,0.3659,30,-2.5,False,0.005,0.5641,3001701447.0,0.78,2.5,2.2406,1.81,2341327129.0,,2341327129.0,5.64,2000.0,8.713186350043818,-45.7,0.0,8.598064025136832,1993660.0,-0.02,1197561600000.0,0.1184,-323420.0,2536000,1.62,0.5659,6105.0,0.08,,0.0,安东油田服务,6.5902,,3001701447.0,,0.8,港股主板
01165,34.31284932031326,,0.7878765958537319,30,0.0,False,0.001,,5082375490.0,0.024,,1.5695023225291764,0.0,121977012.0,,121977012.0,,2000.0,21.774327569339448,-97.67,,-25.378108870423233,,0.0,1310486400000.0,-0.0905,96000.0,,,-0.051,6091.0,,,0.0,顺风清洁能源,-0.2652,,5082375490.0,,0.024,港股主板
00031,,,0.3303,30,-1.12,False,0.005,0.1831,3085021882.0,0.44,2.25,,-26.67,1357409628.0,,1357409628.0,,2000.0,-2.9816248558550464,,0.0,6.653623208814929,401050.0,-0.005,367516800000.0,-0.0711,0.0,908000,0.36,0.1831,6075.0,0.03,,,航天控股,-6.1858,,3085021882.0,,0.445,港股主板
06680,23.79897008023608,,2.0347,30,-2.36,False,0.01,2.2816,241144516.0,14.9,2.82,8.6218,-16.59,3593053288.0,,20591354445.0,5.03,200.0,11.504286559647165,-11.53,-0.47,15.224626175676125,25149750.36,-0.36,1642089600000.0,0.7131,4229244.0,1673118.0,2.31,2.2643,6054.0,0.69,,-16.57,金力永磁,20.8947,,1381970097.0,,15.26,港股主板
02016,-4.642241058501773,,1.0148,30,0.64,False,0.005,0.2722,5920200000.0,2.365,1.91,0.3718,-1.13,14001273000.0,,64953864052.0,6.47,1000.0,5.959797784675578,4.73,0.0,,12979048.6,0.015,1459267200000.0,0.5084,2850700.0,5452480,1.57,0.273,6049.0,0.09,,0.0,浙商银行,4.6518,,27464635963.0,,2.35,港股主板
01104,,,3.7554,30,-4.1,False,0.005,0.4798,1495524901.0,1.87,3.85,15.076,-10.46,2796631565.0,,2796631565.0,16.26,20000.0,35.057911814645315,3.95,0.0,19.909515653742726,8321320.0,-0.08,914860800000.0,1.1442,3600500.0,4396000.0,1.89,0.4871,6033.0,0.29,,,亚太资源,1.6344,,1495524901.0,,1.95,港股主板
01696,,,0.3121,30,-2.28,False,0.005,0.2421,468343092.0,1.925,2.79,,-52.13,901560452.0,,901560452.0,4.94,400.0,2.4299258059820588,-72.35,0.0,1.7491270069619258,147342.0,-0.045,1505750400000.0,0.189,0.0,75600.0,1.31,0.2422,6024.0,0.02,,-7.85,复锐医疗科技,10.1858,,468343092.0,,1.97,港股主板
00667,46.3214864234613,,1.4165,30,-1.39,False,0.005,1.1233,2218396446.0,3.535,7.53,4.6327,-43.18,7842031437.0,,7842031437.0,8.49,500.0,13.68746018473268,-51.35,0.14,8.66403809584726,17688110.9,-0.05,1560268800000.0,0.4175,952472.5,4904286,3.78,1.1137,6021.0,0.22,,-11.82,中国东方教育,8.4676,,2218396446.0,,3.585,港股主板
00818,,,0.3953,30,1.56,False,0.005,0.1269,2776833835.0,0.325,3.13,,-31.58,902470996.0,,902470996.0,,3000.0,-9.500830051781598,,0.0,-2.8956566183982013,51165.0,0.005,1003248000000.0,-0.2469,0.0,156000.0,0.4,0.1269,5969.0,0.01,,,高阳科技,-1.3161,,2776833835.0,,0.32,港股主板
03399,11.967693865764994,,0.1136,30,-0.83,False,0.005,0.3497,207000000.0,1.2,1.24,0.8402,-20.62,248400000.0,,959817360.0,8.75,1000.0,11.60923068459994,12.23,0.0,0.7656456090637587,80575.0,-0.01,1130256000000.0,0.3793,0.0,67000.0,2.64,0.3504,5956.0,0.03,,0.0,粤运交通,3.1635,,799847800.0,,1.21,港股主板
01691,-69.2228934873619,,0.4572,30,0.6,False,0.005,1.4185,3474571777.0,1.665,2.42,11.3775,-13.73,5785162009.0,,5785162009.0,,500.0,8.899387793457267,-61.9,0.6,-22.69173415380993,1078867.0,0.01,1576598400000.0,0.101,0.0,645500,0.15,1.4189,5921.0,0.02,,5.58,JS环球生活,16.485,,3474571777.0,,1.655,港股主板
00012,-4.957758771665932,,3.787,30,0.69,False,0.02,0.3884,4841387003.0,26.12,2.93,6.333,-2.91,126457028518.0,,126457028518.0,4.82,1000.0,2.117105187759508,,-0.31,18.913959832229654,365426001.26,0.18,364665600000.0,1.4118,6228940.0,13885151,1.54,0.3884,5913.0,0.29,,,恒基地产,18.5014,,4841387003.0,,25.94,港股主板
06896,-17.02229584932028,,1.3865,30,0.26,False,0.005,1.0245,739302000.0,1.92,0.52,5.7485,-30.21,1419459840.0,,1419459840.0,17.71,500.0,17.872359161876975,3.86,0.0,-4.86682201715799,229972.5,0.005,1436889600000.0,0.3286,0.0,119500.0,1.49,1.0277,5900.0,0.02,,0.0,金嗓子,5.8427,,739302000.0,,1.915,港股主板
00218,,,1.9586,30,0.0,False,0.005,0.4607,1561138689.0,0.83,0.6,,-36.64,1295745112.0,,1295745112.0,,5000.0,4.411440014610306,,0.0,2.3606895021043517,116575.0,0.0,599414400000.0,0.0778,0.0,140000.0,0.46,0.4607,5888.0,0.01,,,申万宏源香港,10.6751,,1561138689.0,,0.83,港股主板
02197,,,4287.8282,30,-3.24,False,0.005,,1298600681.0,1.79,7.03,,-23.5,2324495219.0,,2324495219.0,,500.0,-67.89339236038407,-86.62,-0.56,-83.00154273839672,1443017.5,-0.06,1636041600000.0,0.7595,0.0,794000.0,0.38,-2.51,5852.0,0.06,,-2.99,三叶草生物-B,2.3567,,1298600681.0,,1.85,港股主板
03288,10.224889335981867,,4.5132,30,3.95,False,0.02,3.4094,284152800.0,26.34,4.26,18.3473,-15.59,7484584752.0,,153930260515.0,5.01,100.0,18.68816678594675,-26.47,0.15,7.618106592994156,84066421.08,1.0,1750262400000.0,1.4354,-1095228.0,3191485.0,0.91,3.3801,5847.0,1.12,,0.55,海天味业,18.3501,,5843973444.0,,25.34,港股主板
03836,29.16200948967822,,0.029,30,-4.85,False,0.005,0.134,1523264677.0,0.49,4.85,,-51.96,746399692.0,,746399692.0,,500.0,-12.673973445474987,-87.82,0.0,15.051445831613709,129950.0,-0.025,1371052800000.0,-0.4632,-43250.0,261000,0.7,0.1344,5830.0,0.02,,0.0,和谐汽车,-1.0579,,1523264677.0,,0.515,港股主板
00038,-6.082016609802654,,0.7152,30,-0.86,False,0.005,1.0179,391940000.0,8.6,3.92,5.3378,6.58,3370684000.0,,9663349365.0,3.64,2000.0,10.371178538502688,164.89,-0.41,2.223163989239585,26090731.485,-0.075,866995200000.0,0.859,1818510.0,2993070.0,3.18,1.009,5821.0,0.76,,,第一拖拉机股份,10.0113,,1123645275.0,,8.675,港股主板
02507,27.38093331898346,,1.2932,30,-3.11,False,0.02,2.0695,365988818.0,41.18,6.45,7.9656,-23.93,15071419525.0,,15071419525.0,2.29,100.0,18.638059207915553,57.12,0.15,16.28799734621453,18857569.42,-1.32,1720713600000.0,3.4484,-1638548.0000000019,457143.0,4.6,2.0701,5820.0,0.12,,0.0,西锐,11.9419,,365988818.0,,42.5,港股主板
02588,2.4845159281559503,,2.5539,30,-1.09,False,0.05,0.8549,694010334.0,67.9,2.11,2.1917,-3.44,47123301679.0,,47123301679.0,5.62,100.0,11.864647236344068,134.68,-0.22,1.407782225741716,81769466.54,-0.75,1464710400000.0,8.9971,-1183000.0,1196872,2.6,0.8548,5803.0,0.17,,-2.55,中银航空租赁,7.5469,,694010334.0,,68.65,港股主板
09887,-8.01001147782171,,,30,-8.95,False,0.02,8.3552,197670289.0,45.16,11.65,,-11.45,8926790251.0,,8981953688.0,,100.0,-51.55112184779019,-37.62,-0.09,,111084209.8,-4.44,1753372800000.0,-1.5561,-4739224.0,2370402,6.29,8.3813,5802.0,1.2,,91.71,维立志博-B,-29.0208,,198891800.0,,49.6,港股主板
02273,26.73919629884496,,1.5943,30,0.38,False,0.02,2.8574,221256551.0,26.52,2.35,15.7937,0.75,5867723733.0,,5867723733.0,6.96,100.0,19.815892041859286,-11.89,0.15,15.636840535127284,8370630.0,0.1,1639065600000.0,2.1766,597086.0,315200.0,1.42,2.6812,5798.0,0.14,,0.0,固生堂,12.1843,,221256551.0,,26.42,港股主板
01083,-2.8748882696512434,,0.5177,30,0.17,False,0.005,0.4233,3781285868.0,2.985,1.51,5.2473,-18.0,11287138316.0,,11287138316.0,6.23,1000.0,5.96372431488793,20.54,0.51,4.58391311019366,5545104.49,0.005,1133971200000.0,0.4012,633000.0,1853026.0,1.13,0.4233,5793.0,0.05,,4.27,港华智慧能源,7.4399,,3781285868.0,,2.98,港股主板
03360,-13.61157604365607,,0.7145,30,-1.9,False,0.005,0.4872,4818877665.0,6.18,3.89,,-16.7,29780663970.0,,29780663970.0,9.06,1000.0,7.5942565014865115,116.83,0.24,-0.6218532700358548,65266345.7,-0.12,1301414400000.0,0.939,3746310.0,10536680.0,2.62,0.4857,5783.0,0.22,,0.0,远东宏信,6.5812,,4818877665.0,,6.3,港股主板
00133,,,162.6171,30,-0.61,False,0.02,0.5862,152333013.0,22.86,3.48,8.1716,68.52,3482332677.0,,3482332677.0,12.7,2000.0,-1.3352169305714452,1676.5,-0.7,82.25392072132847,9730732.04,-0.14,743270400000.0,-0.6098,0.0,418413.0,1.5,0.5862,5771.0,0.27,,,招商局中国基金,-37.4902,,152333013.0,,23.0,港股主板
06158,38.35005157109745,,0.0167,30,-7.41,False,0.001,,4367756000.0,0.025,7.41,0.2712,-19.35,109193900.0,,109193900.0,,1000.0,73.0501920294621,-99.3,0.0,-67.48084824227233,269231.0,-0.002,1516032000000.0,-5.022,20670.0,10507000,1.42,-0.0027,5747.0,0.24,,0.5,正荣地产,-0.005,,4367756000.0,,0.027,港股主板
02051,,,1.5403,30,1.49,False,0.005,0.793,1629984225.0,0.34,8.96,,-34.62,554194637.0,,554194637.0,,10000.0,-22.227494382823007,-96.12,0.0,19.31417984722308,772850.0,0.005,1531411200000.0,-0.1051,0.0,2250000.0,1.19,0.7955,5740.0,0.14,,7.53,VALA,-3.2356,,1629984225.0,,0.335,港股主板
01913,2.4526640030537283,,1.7487,30,0.16,False,0.02,2.3112,2558824000.0,37.04,3.52,6.3651,-17.32,94778840960.0,,94778840960.0,3.94,100.0,18.000339389178937,13.43,-0.59,10.402534537867547,48150198.3,0.06,1308844800000.0,2.7949,0.0,1295838.0,1.03,2.3115,5689.0,0.05,,0.0,普拉达,13.2529,,2558824000.0,,36.98,港股主板
06806,40.28337271775919,,1.4018,30,-1.27,False,0.005,0.4384,2504000000.0,2.325,3.4,,-20.88,5821800000.0,,58217871102.0,5.55,800.0,9.803631414253365,-13.79,-0.64,12.586389170056034,19143966.0,-0.03,1556208000000.0,0.4996,1506774.0,8136000.0,4.17,0.4392,5675.0,0.32,,-11.85,申万宏源,4.6533,,25039944560.0,,2.355,港股主板
01022,,,0.5978,30,-10.17,False,0.001,0.6862,1749442062.0,0.265,11.86,3.8366,-52.68,463602146.0,,463602146.0,,1500.0,7.953862162580608,-87.79,0.0,36.24535841953988,99562.5,-0.03,1417708800000.0,0.0286,-47182.5,372000,3.59,0.6884,5657.0,0.02,,0.0,飞鱼科技,9.2674,,1749442062.0,,0.295,港股主板
02517,27.679604877862563,,0.3921,30,0.73,False,0.005,1.1175,2571259200.0,1.385,2.55,6.6942,-59.64,3561193992.0,,3561193992.0,7.51,400.0,15.405644493716675,-74.25,-0.36,16.010566036400764,11475064.0,0.01,1698854400000.0,0.2042,365864.0,8264400.0,2.48,1.0427,5642.0,0.32,,0.0,锅圈,6.7819,,2571259200.0,,1.375,港股主板
08269,-51.80471357584522,,6.2994,30,0.0,False,0.001,33.4621,890722800.0,0.244,0.0,93.4378,-50.71,217336363.0,,217336363.0,,30000.0,-48.64588656106285,-97.51,0.0,-10.534011001121367,14760.0,0.0,1286985600000.0,-0.0032,0.0,60000.0,0.2,48.9166,5635.0,0.01,,0.0,倍升教育科技,-76.0982,,890722800.0,,0.244,港股GEM
01733,-35.10497848603919,,0.0684,30,0.74,False,0.005,0.1916,2669782962.0,0.68,3.7,,-23.11,1815452414.0,,1815452414.0,4.41,2000.0,4.7035082722758315,-95.34,1.49,-11.786418582539515,247000.0,0.005,1286726400000.0,0.161,0.0,366000.0,1.01,0.1914,5610.0,0.01,,0.0,易大宗,4.2239,,2669782962.0,,0.675,港股主板
02279,,,0.4988,30,3.72,False,0.005,1.152,525224416.0,2.09,4.47,1.7491,33.34,1097719029.0,,1097719029.0,4.26,500.0,15.477432067202104,-86.09,0.0,5.015173401163819,454297.5,0.075,1639324800000.0,0.2642,0.0,219500.0,3.24,1.1551,5597.0,0.04,,5.06,雍禾医疗,7.9119,,525224416.0,,2.015,港股主板
01051,,,8.4582,30,2.68,False,0.005,0.221,450814079.0,6.32,5.61,22.6335,-47.16,2849144979.0,,2849144979.0,2.85,1000.0,2.069497228111446,-99.99,0.0,-13.267588290118415,107181.0,0.165,767548800000.0,0.5743,0.0,16700.0,0.82,0.221,5571.0,0.0,,,国际资源,11.0052,,450814079.0,,6.155,港股主板
00590,16.774161370411612,,0.7425,30,-0.91,False,0.02,0.9374,587107850.0,21.76,3.92,549.7189,-3.52,12775466816.0,,12775466816.0,7.22,1000.0,14.500206521471412,7649.29,0.09,12.830724726791964,26068766.28,-0.2,862848000000.0,3.4845,-280360.0,1200082.0,1.22,0.8509,5567.0,0.2,,,六福集团,6.2448,,587107850.0,,21.96,港股主板
01405,,,0.5728,30,0.75,False,0.02,1.3316,131639295.0,29.46,1.85,3.2821,-58.88,3878093631.0,,3878093631.0,,100.0,6.465922911038341,-35.96,-0.07,28.70145810098399,5580471.0,0.22,1679932800000.0,1.3629,2955850.0,189100.0,2.19,1.3201,5555.0,0.14,,-0.11,达势股份,21.6152,,131639295.0,,29.24,港股主板
02256,-57.75419830605948,,47.8761,30,-6.41,False,0.005,2.3376,716607350.0,8.105,9.24,,-37.7,5808102572.0,,5808102572.0,,1000.0,-21.19944281684114,,-0.61,72.16488029257788,16752587.0,-0.555,1634054400000.0,-0.7284,0.0,2025000,2.93,2.2867,5548.0,0.28,,,和誉-B,-11.1266,,716607350.0,,8.66,港股主板
00547,-11.834998864360246,,2.1443,30,1.0,False,0.001,10.3721,7979248625.0,0.203,6.47,,-46.58,1619787471.0,,1619787471.0,,5000.0,-87.85417086101603,-84.21,0.0,-0.0016202007670496066,297186.0,0.002,710352000000.0,-0.0328,-135385.0,1465000.0,20.55,10.3721,5538.0,0.02,,,数字王国,-6.1866,,7979248625.0,,0.201,港股主板
02188,-7.465887688192829,,0.2434961694265542,30,0.0,False,0.001,,1492026000.0,0.076,,,-57.3,113393976.0,,113393976.0,,2000.0,-6.743346470101688,-95.17,0.0,3.2459901577380323,,0.0,1274976000000.0,-0.0271,0.0,,,0.1988,5516.0,,,0.0,泰坦能源技术,-2.8053,,1492026000.0,,0.076,港股主板
00178,50.98705626789541,,0.9205,30,8.33,False,0.005,3.4688,3103189458.0,1.3,8.33,6.2652,129.2,4034146295.0,,4034146295.0,5.0,2000.0,16.432246182897973,219.72,-0.76,7.921803794755933,43639812.55,0.1,866131200000.0,0.0646,-653270.0,33899065,5.86,3.1456,5482.0,1.09,,,莎莎国际,20.1214,,3103189458.0,,1.2,港股主板
03939,82.59791392925982,,12.8772,30,-2.86,False,0.01,9.8713,4403345800.0,12.55,4.64,25.8726,66.21,55261989790.0,,55261989790.0,0.94,500.0,39.626976786278625,,0.48,53.41737710176031,220471010.52,-0.37,1341849600000.0,0.4306,-1854125.0,17524670,2.12,4.9824,5447.0,0.4,,,万国黄金集团,29.1428,,4403345800.0,,12.92,港股主板
01052,-9.358623489749329,,1.1256,30,1.66,False,0.005,0.3993,1673162295.0,3.36,1.97,1.5594,-26.53,5621825311.0,,5621825311.0,7.44,2000.0,4.611801706833699,184.05,0.45,3.6455061978725167,7354130.96,0.055,854553600000.0,0.3848,-167500.0,2195036.0,1.1,0.4006,5441.0,0.13,,,越秀交通基建,8.7323,,1673162295.0,,3.305,港股主板
06660,-21.359358447192466,,1.9012,30,-6.61,False,0.005,0.711,507673711.0,1.765,6.08,11.8694,-45.02,896044100.0,,2164882987.0,,200.0,-22.46386473586105,-88.23,0.0,-12.549226587553663,382933.0,-0.125,1664985600000.0,-0.6116,-119170.0,209400,0.99,0.7132,5435.0,0.04,,3.09,艾美疫苗,-2.886,,1226562599.0,,1.89,港股主板
00895,16.558497702408694,,0.4944,30,4.08,False,0.005,0.7522,200137500.0,1.66,5.64,3.1088,-25.23,332228250.0,,1834724631.0,,200.0,-44.944574124119605,488.65,0.0,-8.029745585776805,25901205.0,0.065,1043769600000.0,-1.2452,-2816910.0,15712400,8.54,0.7545,5434.0,7.85,,0.0,东江环保,-1.3331,,1105255802.0,,1.595,港股主板
00525,13.077619462769775,,0.4769,30,1.12,False,0.005,0.4797,1431300000.0,2.265,1.79,4.5911,9.56,3241894500.0,,16044211305.0,4.64,2000.0,5.304388824132863,75.6,-0.22,5.052642616873593,6387995.0,0.025,832003200000.0,0.2467,-50160.0,2797000.0,1.56,0.4812,5421.0,0.2,,,广深铁路股份,9.1818,,7083537000.0,,2.24,港股主板
00508,,,0.706,30,0.0,False,0.005,0.2298,865852203.0,0.27,1.85,,-29.87,233780095.0,,233780095.0,,5000.0,-42.59653948669555,,0.0,-35.19385565923475,159400.0,0.0,593798400000.0,-0.49,0.0,595000.0,1.31,0.2518,5401.0,0.07,,,鼎亿集团投资,-0.551,,865852203.0,,0.27,港股主板
00087,-5.432355072026085,,0.5596,30,-1.96,False,0.01,0.1978,2848932500.0,14.52,3.04,3.3254,32.7,41366499900.0,,41366499900.0,5.51,2500.0,3.3925853010862226,,-0.41,1.0096653399523037,12701150.59,-0.29,105033600000.0,3.1212,0.0,864549.0,1.21,0.1553,5388.0,0.03,,,太古股份公司B,4.6521,,2848932500.0,,14.81,港股主板
02631,,,17.3499,30,-1.59,False,0.05,3.8337,54907500.0,64.95,9.17,,10.93,3566242125.0,,31475974433.0,,100.0,-4.466881181452577,42.43,-0.76,10.468509599270481,144773529.5,-1.05,1755619200000.0,-0.6429,-2772613.3999999985,2137100.0,4.11,3.8457,5376.0,3.89,,6.4,天岳先进,-101.0319,,484618544.0,,66.0,港股主板
01725,,,0.2513,30,-0.8,False,0.001,6.1425,818410000.0,0.248,8.8,,-64.57,202965680.0,,202965680.0,,200.0,-180.16829141928145,-82.41,4.64,15.220486005362766,807862.6,-0.002,1534348800000.0,-0.1991,-66363.20000000001,3413000.0,1.04,6.1617,5353.0,0.42,,-17.14,中国技术集团,-1.2458,,818410000.0,,0.25,港股主板
01252,17.609551771145004,,0.10609395548090168,30,0.0,False,0.001,,3083281647.0,0.24,,,-9.43,739987595.0,,739987595.0,,1000.0,2.074129427207805,-89.31,,-14.073113587497533,,0.0,1324569600000.0,0.1128,11092825.0,,,0.0426,5348.0,,,0.0,中国天瑞水泥,2.1281,,3083281647.0,,0.24,港股主板
09699,140.96743965813232,,0.2844,30,3.11,False,0.005,1.8927,735656609.0,8.63,3.11,16.5779,-21.55,6348716536.0,,7831047605.0,,200.0,14.554065770023222,-43.22,0.23,28.42012500458846,17494574.6,0.26,1639411200000.0,0.6201,1358091.0,2038200,2.59,1.8559,5344.0,0.28,,-9.26,顺丰同城,13.9169,,907421507.0,,8.37,港股主板
06996,,,3.5008,30,-5.43,False,0.005,2.1662,686498632.0,3.31,6.57,384.5637,-12.66,2272310472.0,,2272310472.0,,500.0,6.385295698059974,-83.11,-0.15,147.16383481105115,3289593.0,-0.19,1605801600000.0,0.0984,-170575.0,980500.0,1.91,2.138,5329.0,0.14,,1.11,德琪医药-B,33.6431,,686498632.0,,3.5,港股主板
00543,,,0.3514219786764597,30,0.0,False,0.001,,1135597667.0,0.225,,,-19.04,255509475.0,,255509475.0,18.22,1000.0,-3.778034880515995,-59.58,0.0,-5.34812011100626,,0.0,1197907200000.0,-0.0239,0.0,,,0.3862,5329.0,,,0.0,太平洋网络,-9.401,,1135597667.0,,0.225,港股主板
02522,,,2.1029,30,-2.19,False,0.005,0.9763,343563574.0,4.915,2.99,25.7994,-40.21,1688614966.0,,2214194387.0,,500.0,-1.494688391540219,-67.23,0.0,1.0712550619917494,2189990.0,-0.11,1717689600000.0,-0.0664,0.0,443000,3.7,0.9753,5327.0,0.13,,0.13,一脉阳光,-74.057,,450497332.0,,5.025,港股主板
02555,-9.994604057479284,,0.939,30,-2.19,False,0.005,1.3231,1477634250.0,4.025,3.52,8.8522,-36.41,5947477856.0,,5947477856.0,5.24,200.0,21.196473294606147,-71.23,-0.12,0.15046738666539827,2185504.4,-0.09,1713801600000.0,0.6277,-305536.0,537800,1.41,1.3273,5313.0,0.04,,-26.86,茶百道,6.4122,,1477634250.0,,4.115,港股主板
03868,-7.149883044013494,,2.5928,30,0.0,False,0.005,0.4427,8653363349.0,0.785,1.91,3.4042,-24.74,6792890229.0,,6792890229.0,7.13,2000.0,6.7677427808304405,-41.4,0.0,-2.2252227510027756,3993582.775,0.0,1558972800000.0,0.1158,266900.0,5092304.0,1.75,0.4389,5299.0,0.06,,0.0,信义能源,6.7794,,8653363349.0,,0.785,港股主板
02100,,,0.8398,30,-7.02,False,0.005,0.4596,2856582000.0,0.265,1.75,,-31.61,756994230.0,,756994230.0,4.53,2000.0,-6.964298096360737,-80.48,0.0,7.481827918767903,264850.0,-0.02,1397059200000.0,-0.041,14310.0,1004000,4.35,0.459,5288.0,0.04,,0.0,百奥家庭互动,-6.46,,2856582000.0,,0.285,港股主板
00580,,,0.6013,30,-7.82,False,0.005,0.7388,1601832000.0,1.12,11.11,,-40.93,1794051840.0,,1794051840.0,1.79,2000.0,0.8447750203234498,-37.99,0.9,45.10155507337706,13607010.0,-0.095,1286899200000.0,0.0124,-954170.0,11992000,7.14,0.7275,5287.0,0.75,,0.0,赛晶科技,90.4346,,1601832000.0,,1.215,港股主板
06601,16.03526683269245,,1.1282,30,0.22,False,0.005,0.8379,1333333500.0,2.23,2.25,29.7351,10.09,2973333705.0,,2973333705.0,7.67,500.0,8.558286202241735,-62.24,0.9,14.545384192656652,1068162.5,0.005,1615305600000.0,0.228,335255.0,478000.0,0.77,0.8369,5283.0,0.04,,-13.15,朝云集团,9.7805,,1333333500.0,,2.225,港股主板
01268,,,0.0249,30,1.39,False,0.005,0.2492,1346247201.0,0.365,4.17,0.7086,-67.98,491380228.0,,491380228.0,10.68,2000.0,-11.765629553460023,-69.05,0.0,-20.079151830016674,200170.0,0.005,1386172800000.0,-0.1977,0.0,554000.0,0.24,0.2489,5283.0,0.04,,,美东汽车,-1.8465,,1346247201.0,,0.36,港股主板
00709,-17.50524419389573,,0.5502,30,0.77,False,0.005,1.0552,1616376518.0,1.305,0.77,3.8492,0.08,2109371356.0,,2109371356.0,10.04,2000.0,9.995100440960314,1535.34,0.0,-0.509130665194335,418566.28,0.01,677260800000.0,0.1262,0.0,322296.0,0.44,1.0552,5262.0,0.02,,,佐丹奴国际,10.3401,,1616376518.0,,1.295,港股主板
00625,16.142216025604217,,0.4658,30,8.93,False,0.02,,2830489743.0,35.88,7.41,17.0143,-26.11,101557971979.0,,152353749611.0,,100.0,,-26.11,-0.33,9.590911769839972,163802836.36,2.94,1788192000000.0,6.0217,11999936.0,4610947,2.17,-6.9914,5261.0,0.16,,-0.12,希音-W,5.9585,,4246202609.0,,32.94,港股主板
01768,201.31865411195596,,0.8145,30,5.16,False,0.2,4.7251,215917351.0,354.6,6.88,12.2508,49.87,76564292665.0,,77245283880.0,,100.0,,-20.31,0.17,117.45809705881905,158866473.1,17.4,1769529600000.0,19.3725,-11199920.0,450339.0,3.55,4.7398,5252.0,0.21,,69.06,鸣鸣很忙,18.3043,,217837800.0,,337.2,港股主板
09959,,,3.5144,30,-2.84,False,0.005,0.6107,1886295121.0,2.225,5.02,,2.47,4197006644.0,,4753790259.0,2.7,500.0,-0.49820214653557476,-86.29,-0.67,20.531061287187935,13567662.5,-0.065,1617897600000.0,-0.021,2637495.0,6110000,1.36,0.6126,5251.0,0.32,,9.9,联易融科技-W,-106.1038,,2136534948.0,,2.29,港股主板
01003,,,6.4266,30,0.0,False,0.001,1.1883,4384110362.0,0.246,3.66,,-23.13,1078491149.0,,1078491149.0,,10000.0,-43.79564242394122,-100.0,0.82,-79.89121474528062,220650.0,0.0,761760000000.0,-0.0995,0.0,900000.0,0.29,1.1883,5243.0,0.02,,,欢喜传媒,-2.4725,,4384110362.0,,0.246,港股主板
00606,-43.089298207005655,,0.3408,30,-4.0,False,0.001,0.1438,1935000000.0,0.24,0.8,2.2196,-15.79,464400000.0,,464400000.0,,1000.0,1.8652516307740366,-93.49,0.0,-1.4902365131625461,29811.0,-0.01,1625155200000.0,0.0307,0.0,124000.0,0.79,0.1442,5241.0,0.01,,8.11,中骏商管,7.8261,,1935000000.0,,0.25,港股主板
01280,,,11.3605,30,-2.82,False,0.005,36.9625,1933300658.0,2.76,9.33,,-15.85,5335909816.0,,5335909816.0,,2000.0,-282.0038708336581,-93.74,1.47,13.01005725769777,2967567.5,-0.08,1269446400000.0,-0.2509,-1137290.0,1084500,0.92,37.0781,5218.0,0.06,,0.0,奇点国峰,-10.9985,,1933300658.0,,2.84,港股主板
01029,,,0.3242,30,-1.3,False,0.005,0.4081,1916922882.0,0.38,1.3,3.5228,-20.0,728430695.0,,728430695.0,,4000.0,-13.136473007015127,-97.79,0.0,8.402786267580975,89900.0,-0.005,1287590400000.0,-0.1145,0.0,236000,0.9,0.4082,5203.0,0.01,,0.0,铁货,-3.3186,,1916922882.0,,0.385,港股主板
02660,-23.826666694011433,,1.3463,30,-0.41,False,0.005,0.8659,1046271687.0,2.41,2.07,6.7408,5.2,2521514766.0,,2521514766.0,8.22,2000.0,13.047776063257393,190.61,0.0,-5.220937824856476,793990.0,-0.01,1555344000000.0,0.3648,0.0,328000.0,1.71,0.8584,5202.0,0.03,,0.0,禅游科技,6.6057,,1046271687.0,,2.42,港股主板
00365,,,1.5359,30,-3.03,False,0.005,1.8197,1455000000.0,0.32,3.03,10.1931,10.34,465600000.0,,465600000.0,,2000.0,6.747146736627982,,0.0,8.661662984343387,111650.0,-0.01,971625600000.0,0.0113,0.0,350000.0,1.74,1.8197,5190.0,0.02,,,芯成科技,28.2439,,1455000000.0,,0.33,港股主板
00340,190.9140302954576,,4.3163,30,-1.24,False,0.005,2.6024,5302592221.0,2.39,4.13,15.8773,-13.1,12673195408.0,,12673195408.0,1.34,2000.0,25.4954589448039,-36.73,-0.21,34.80858998837786,22795926.68,-0.03,859305600000.0,0.1906,734580.0,9456564.0,1.72,2.597,5184.0,0.18,,,潼关黄金,12.5417,,5302592221.0,,2.42,港股主板
01675,-19.923020661174096,,0.5171,30,-4.53,False,0.005,0.5026,939988940.0,3.69,6.47,7.6837,-50.67,3468559189.0,,3468559189.0,1.46,400.0,-2.710896794179548,-52.64,-0.4,-12.242459348255109,12640444.0,-0.175,1545148800000.0,-0.2208,-961840.0,3341600,4.37,0.5042,5181.0,0.36,,-4.57,亚信科技,-16.7142,,939988940.0,,3.865,港股主板
00004,-83.19357982574293,,5.3263,30,0.54,False,0.01,0.3876,3056027327.0,18.6,2.11,14.1539,-11.92,56842108282.0,,56842108282.0,3.23,1000.0,-0.30142712292294643,,0.54,-18.214747078805406,10380937.35,0.1,599414400000.0,-0.143,-354920.0,557099.0,0.73,0.3876,5179.0,0.02,,,九龙仓集团,-130.0735,,3056027327.0,,18.5,港股主板
02590,,,2.3822,30,-5.33,False,0.005,2.5015,971820483.0,6.93,6.97,,-68.33,6734715947.0,,8249339755.0,,200.0,9.012327146470337,-58.99,-0.22,22.849053657102345,37412522.595,-0.39,1751990400000.0,-0.1365,-1976233.0,5272487.0,3.78,2.2074,5167.0,0.54,,5.36,极智嘉-W,-50.7855,,1190380917.0,,7.32,港股主板
00303,-3.4942215534405574,,0.8183,30,-0.68,False,0.05,2.7099,253557466.0,51.3,1.55,13.3908,-15.81,13007498006.0,,13007498006.0,8.1,100.0,20.763335139738327,5115.0,0.0,-3.292284611777452,19065381.55,-0.35,720892800000.0,4.1459,-771910.0,370051.0,0.97,2.5626,5163.0,0.15,,,伟易达,12.3737,,253557466.0,,51.65,港股主板
02168,,,0.0838,30,-4.26,False,0.005,0.1411,167825790.0,0.9,7.98,5.1785,-28.0,151043211.0,,151043211.0,,250.0,0.787277082548222,-89.55,0.0,-4.924391666918792,12012.5,-0.04,1544025600000.0,0.0638,0.0,14000.0,0.53,0.1402,5142.0,0.01,,-1.49,佳兆业美好,14.1044,,167825790.0,,0.94,港股主板
01651,23.627138300532003,,3.0192,30,-4.62,False,0.02,4.845,368614000.0,48.26,5.42,14.7027,46.12,17789311640.0,,17789311640.0,3.13,500.0,32.36935712768771,1069.85,0.33,8.604927361486347,100311767.6,-2.34,1506268800000.0,3.3697,-801080.0,2041450,1.09,4.2407,5139.0,0.55,,-8.29,津上机床中国,14.322,,368614000.0,,50.6,港股主板
01388,43.40320848612422,,0.08357931951344984,30,0.0,False,0.001,,422416638.0,0.235,,,-36.49,99267910.0,,99267910.0,,1000.0,-14.865289786009054,-92.15,0.0,-2.0565035022631406,,0.0,1166371200000.0,-0.5775,0.0,,,0.0639,5116.0,,,0.0,安莉芳控股,-0.4069,,422416638.0,,0.235,港股主板
01565,-1.4259299228676525,,0.3713,30,-3.87,False,0.001,0.4633,3036787000.0,0.149,7.1,1.0475,-20.11,452481263.0,,452481263.0,6.71,1000.0,4.016254212009059,-91.12,0.0,13.103872447701015,51153.0,-0.006,1452787200000.0,0.0134,0.0,331000.0,0.57,0.4496,5115.0,0.01,,0.0,成实外教育,11.1297,,3036787000.0,,0.155,港股主板
00573,,,0.11846281773007389,30,-1.79,False,0.005,,1014348000.0,0.275,,1.2910148241054857,-14.06,278945700.0,,278945700.0,,1000.0,-4.436509303810223,-78.07,0.0,-6.749755771748833,,-0.005,1183046400000.0,-0.0479,0.0,,,0.2571,5091.0,,,0.0,稻香控股,-5.7465,,1014348000.0,,0.28,港股主板
01203,,,0.05776922768198868,30,0.0,False,0.005,,907593285.0,0.655,,2.3131358565597533,-21.51,594473602.0,,594473602.0,1.83,2000.0,-1.8703208566076206,-98.57,0.77,-6.65475884999257,,0.0,786902400000.0,-0.0555,0.0,,,0.2193,5090.0,,,,广南(集团),-11.8,,907593285.0,,0.655,港股主板
02120,-16.35941675661966,,0.3814,30,0.19,False,0.01,0.5306,26925459.0,10.5,3.24,1.8431,16.28,282717320.0,,739190550.0,6.07,100.0,4.22660751702462,-70.86,0.0,4.453687176753651,1008926.0,0.02,1447948800000.0,0.8459,472500.0,96100.0,1.52,0.53,5088.0,0.36,,0.0,康宁医院,12.4122,,70399100.0,,10.48,港股主板
00321,28.831178844344297,,0.2403,30,-0.56,False,0.005,0.2553,1381696104.0,0.895,0.56,2.972,-5.16,1236618013.0,,1236618013.0,11.17,2000.0,3.3110227516008663,929.92,0.0,-5.29765704610311,2274890.0,-0.005,713030400000.0,0.1163,0.0,2530000.0,1.56,0.2502,5087.0,0.18,,,德永佳集团,7.6957,,1381696104.0,,0.9,港股主板
01883,-9.11965926013062,,0.9244,30,-0.42,False,0.005,0.7985,3700891382.0,2.375,1.68,4.6237,2.97,8789617032.0,,8789617032.0,7.58,1000.0,8.475433193914602,80.57,0.08,-1.8269152498160413,5857688.68,-0.01,1175529600000.0,0.2491,-16170.0,2456538.0,0.79,0.7985,5086.0,0.07,,0.0,中信国际电讯,9.5332,,3700891382.0,,2.385,港股主板
02008,-22.85456428075232,,0.2865,30,7.88,False,0.005,0.2406,499365950.0,1.3,4.98,,-28.96,649175735.0,,649175735.0,,1000.0,-4.764087674885918,-86.32,0.0,1.131673513890541,15170.0,0.095,962294400000.0,-0.2586,0.0,12000,0.32,0.2406,5076.0,0.0,,0.0,凤凰卫视,-5.0274,,499365950.0,,1.205,港股主板
00822,10.531349232742393,,0.1742,30,1.72,False,0.005,0.2303,893761400.0,0.295,5.17,5.3585,-23.38,263659613.0,,263659613.0,,2000.0,-3.709676788850121,-53.44,0.0,7.145796368974677,20630.0,0.005,1182873600000.0,-0.0478,0.0,72000.0,0.88,0.2303,5068.0,0.01,,0.0,嘉瑞国际,-6.1741,,893761400.0,,0.29,港股主板
09983,-55.95273784637607,,0.1001,30,0.0,False,0.001,0.1391,1299138000.0,0.23,2.17,,-56.6,298801740.0,,298801740.0,,1000.0,0.9728217782283363,-94.63,0.0,-4.687983333605761,108785.0,0.0,1589472000000.0,0.016,0.0,473000.0,2.16,0.1395,5030.0,0.04,,22.19,建业新生活,14.4159,,1299138000.0,,0.23,港股主板
03398,-18.441798405661192,,0.1153,30,2.38,False,0.001,0.1234,2099818000.0,0.086,0.0,,45.76,180584348.0,,180584348.0,,2000.0,-11.595813016924332,-91.53,0.0,-3.166094368009298,576.0,0.002,1134576000000.0,-0.083,0.0,6000,0.17,0.1234,5028.0,0.0,,0.0,华鼎控股,-1.0366,,2099818000.0,,0.084,港股主板
01628,,,0.02,30,-2.73,False,0.001,0.016,1487986995.0,0.107,2.73,0.1045,1.9,159214608.0,,159214608.0,,5000.0,-538.6465333077828,-98.53,0.0,-29.6321702726992,15325.0,-0.003,1257091200000.0,19.11,0.0,140000.0,0.41,0.016,5013.0,0.01,,0.0,禹洲集团,0.0056,,1487986995.0,,0.11,港股主板
01250,-28.876030022753074,,0.462,30,-1.02,False,0.005,0.1394,2246588726.0,0.975,0.0,0.4989,-44.92,2190424008.0,,2190424008.0,,1000.0,0.709073198599963,-76.68,0.0,-4.436200986697503,975.0,-0.01,1372953600000.0,0.0528,0.0,1000,0.01,0.1398,5012.0,0.0,,0.0,山高新能源,18.4686,,2246588726.0,,0.985,港股主板
00978,,,0.0414,30,-0.42,False,0.001,0.1882,4905257860.0,0.239,13.33,,-11.48,1172356629.0,,1172356629.0,,2000.0,-33.43254375089636,-86.23,0.0,-10.47141813709257,774862.0,-0.001,876931200000.0,-0.5014,0.0,3096000.0,3.81,0.1888,5012.0,0.06,,,招商局置地,-0.4767,,4905257860.0,,0.24,港股主板
03382,7.307514735918086,,0.301,30,-0.81,False,0.005,0.2461,6158000000.0,0.61,1.63,1.2638,-2.76,3756380000.0,,3756380000.0,7.05,2000.0,5.374103928059611,-47.81,0.0,-0.7808275348448745,813960.0,-0.005,1148400000000.0,0.1279,-180560.0,1334000.0,0.84,0.2461,5009.0,0.02,,0.0,天津港发展,4.7678,,6158000000.0,,0.615,港股主板
01277,-16.135117455562753,,2.6631,30,2.46,False,0.005,1.5887,8599508000.0,1.875,3.01,12.9816,43.23,16124077500.0,,16124077500.0,6.35,2000.0,12.996768719431204,420.69,-0.27,3.8635343352941387,13363592.0,0.045,1332432000000.0,0.1477,-766580.0,7120000,1.88,1.5864,5001.0,0.08,,0.0,力量发展,12.6985,,8599508000.0,,1.83,港股主板
00326,-8.123319425110099,,64.7809,30,-2.77,False,0.005,10.1986,2428906151.0,6.5,5.98,,149.04,15787889982.0,,15787889982.0,,2000.0,-22.306815777144028,-99.79,1.17,-9.968692692421532,36800778.01,-0.185,721497600000.0,-0.1601,7750380.0,5530000.0,2.35,10.1986,4999.0,0.23,,,中国星集团,-40.5881,,2428906151.0,,6.685,港股主板
01729,112.53328984947264,,1.9684,30,-3.96,False,0.01,4.2137,2235044404.0,15.52,10.15,,-8.36,34687889150.0,,34687889150.0,0.54,1000.0,25.499171683609084,4687.17,0.06,64.65887317148193,277510726.52,-0.64,1518451200000.0,0.5804,-755379.9999999702,17639052.0,4.27,4.2137,4988.0,0.79,,0.0,汇聚科技,26.7395,,2235044404.0,,16.16,港股主板
09658,-52.123478531458076,,0.8419,30,-1.65,False,0.005,1.8749,650299000.0,8.955,1.65,6.1919,-29.6,5823427545.0,,5823427545.0,,1000.0,2.6693183073693514,27.93,0.0,11.150798765539594,1149585.0,-0.15,1672329600000.0,0.1202,188790.0,127800.0,1.26,1.8754,4973.0,0.02,,42.0,特海国际,74.4965,,650299000.0,,9.105,港股主板
00894,47.34069936171128,,0.509,30,-8.37,False,0.005,0.5466,479322470.0,1.86,10.59,,138.46,891539794.0,,891539794.0,,2000.0,0.7050436435050395,108.85,0.27,8.04687788676235,4025740.0,-0.17,857491200000.0,0.023,0.0,2104000,1.26,0.5466,4944.0,0.44,,,万裕科技,80.7993,,479322470.0,,2.03,港股主板
00587,53.06703085457105,,0.235,30,2.58,False,0.001,0.1399,1826765059.0,0.239,10.3,1.054,-57.32,436596849.0,,436596849.0,,500.0,-8.867718927194446,-97.53,0.0,-4.9728472953518015,58314.28,0.006,1648569600000.0,-0.1531,0.0,261999,1.57,0.1404,4909.0,0.01,,1743.4,海螺环保,-1.5608,,1826765059.0,,0.233,港股主板
00666,65.83965652991621,,0.5797,30,1.75,False,0.005,1.3667,934422124.0,8.415,3.81,3.0659,-36.68,7863162173.0,,19664795131.0,,200.0,12.250485365641824,-54.76,-0.3,40.633789600385526,22962162.105,0.145,1702828800000.0,0.6755,-2902613.0,2698987.0,2.01,1.371,4865.0,0.29,,0.0,瑞浦兰钧,12.4582,,2336874050.0,,8.27,港股主板
08292,73.59134635516331,,0.4882,30,-10.83,False,0.001,1.1153,1078320000.0,0.107,5.83,731.1046,-73.9,115380240.0,,115380240.0,,10000.0,-165.25131491866662,-99.75,0.94,0.8953522636421463,116100.0,-0.013,1467734400000.0,-0.1267,0.0,1080000,8.22,1.1153,4847.0,0.1,,-33.46,VSING,-0.8445,,1078320000.0,,0.12,港股GEM
03366,15.023012792248958,,0.7287885061363404,30,0.0,False,0.001,,748366000.0,0.201,,,-29.47,150421566.0,,150421566.0,,2000.0,126.40176241988587,-75.66,0.0,-64.10011338083496,,0.0,1130860800000.0,-2.3376,0.0,,,-0.0706,4846.0,,,2.96,华侨城(亚洲),-0.086,,748366000.0,,0.201,港股主板
00869,,,1.0402,30,-2.08,False,0.005,0.5012,1135000000.0,0.47,4.17,,17.5,533450000.0,,533450000.0,,4000.0,-0.6827452166344579,65.2,0.0,-22.627147911343272,1301460.0,-0.01,1201795200000.0,-0.0065,0.0,2836000.0,66.62,0.5012,4845.0,0.25,,0.0,彩星玩具,-72.0392,,1135000000.0,,0.48,港股主板
01970,-22.541771370429288,,4.666,30,-0.47,False,0.005,1.0958,339887221.0,8.415,0.89,6.7908,3.25,2860150965.0,,2860150965.0,,100.0,6.93688141361298,-70.28,-0.65,-11.157486695845254,1159640.0,-0.04,1444233600000.0,0.4981,-354474.0,136900.0,0.36,1.0962,4817.0,0.04,,0.0,IMAX CHINA,16.8951,,339887221.0,,8.455,港股主板
00019,-5.432355072026085,,3.8615,30,-1.28,False,0.1,1.365,778988000.0,100.2,2.66,22.9479,66.83,78054597600.0,,78054597600.0,3.99,500.0,3.3925853010862226,,0.3,1.0096653399523037,117670376.4,-1.3,599414400000.0,11.4148,0.0,1169071,1.28,0.2931,4795.0,0.15,,,太古股份公司A,8.7781,,778988000.0,,101.5,港股主板
01571,-8.346568395534149,,1.014,30,-1.27,False,0.005,0.8477,1008107000.0,3.51,1.69,3.0529,2.93,3538455570.0,,3538455570.0,12.82,1000.0,14.010234106335576,121.17,0.29,-1.6160851031063572,610365.0,-0.045,1498579200000.0,0.5666,0.0,173000.0,0.76,0.8424,4768.0,0.02,,-6.14,信邦控股,6.1953,,1008107000.0,,3.555,港股主板
00832,7.984278935150968,,0.011,30,-9.52,False,0.001,,3039126090.0,0.038,7.14,0.0534,-37.7,115486791.0,,115486791.0,,1000.0,39.53852523206807,-96.14,0.0,-28.423264803538785,2266.0,-0.004,1212681600000.0,-1.3105,0.0,60000,0.16,-0.0098,4764.0,0.0,,0.0,建业地产,-0.029,,3039126090.0,,0.042,港股主板
00716,-26.943388273037485,,0.2749,30,0.0,False,0.005,0.2079,2382205918.0,0.38,2.63,,-40.37,905238249.0,,905238249.0,9.21,2000.0,1.7742780164934664,58.73,0.0,-1.018164803245103,418930.0,0.0,742060800000.0,0.0319,0.0,1094000.0,1.43,0.2079,4752.0,0.05,,,胜狮货柜,11.9018,,2382205918.0,,0.38,港股主板
01728,52.42486742390666,,0.07830651113507599,30,0.0,False,0.001,,10016050944.0,0.143,,4.373767947989764,0.0,1432295285.0,,1432295285.0,,500.0,418.1090765206305,-97.5,,-15.722704705629676,,0.0,1291910400000.0,-0.3238,0.0,,,-0.8976,4738.0,,,0.0,正通汽车,-0.4417,,10016050944.0,,0.143,港股主板
02390,,,0.7768,30,0.56,False,0.005,0.5554,244789786.0,9.05,2.11,,5.85,2215347563.0,,2349851550.0,,100.0,-7.718887602756418,-63.73,0.0,-15.319123230333464,122308.5,0.05,1650556800000.0,-1.2946,0.0,13600,0.3,0.5556,4736.0,0.01,,-23.58,知乎-W,-6.9904,,259652105.0,,9.0,港股主板
02488,22.285243890008765,,1.1361,30,-0.72,False,0.005,2.0121,350837200.0,6.9,0.86,5.9282,-11.19,2420776680.0,,2830073640.0,8.03,500.0,26.48116492198979,1287.77,-0.43,12.91841767302515,581733.0,-0.05,1033920000000.0,0.9063,0.0,83900.0,0.54,2.0094,4725.0,0.02,,0.0,元征科技,7.6131,,410155600.0,,6.95,港股主板
00611,-10.70400618653804,,0.5279,30,0.0,False,0.005,0.3622,1852036942.0,0.43,2.33,0.74,-20.37,796375885.0,,796375885.0,,2000.0,7.325237137225916,-74.39,0.0,-7.183798171400857,12750.0,0.0,729446400000.0,0.0823,0.0,30000.0,0.05,0.3634,4715.0,0.0,,,中国核能科技,5.2256,,1852036942.0,,0.43,港股主板
00553,,,0.8528,30,0.34,False,0.005,0.7518,242000000.0,2.935,7.18,,-35.16,710270000.0,,2682116083.0,0.41,2000.0,0.9840494727169555,81.57,0.17,3.139850556309587,16438160.0,0.01,830966400000.0,0.0348,1066830.0,5438000.0,20.37,0.7541,4711.0,2.25,,,南京熊猫电子股份,84.288,,913838529.0,,2.925,港股主板
00068,-24.700851537482283,,12.5521,30,-3.65,False,0.005,9.4033,1726199340.0,6.86,4.92,2670.2323,-9.97,11841727472.0,,11841727472.0,,500.0,,-66.86,0.0,7.838293666239027,21085295.45,-0.26,1776355200000.0,-0.23,-1035000.0,3059010.0,1.66,9.4327,4699.0,0.18,,144.09,MANYCORE TECH,-29.8282,,1726199340.0,,7.12,港股主板
09636,-44.103640968374656,,4.1328,30,-2.21,False,0.02,3.8641,462451500.0,26.54,5.31,9.3691,-45.25,12273462810.0,,12273462810.0,3.31,100.0,3.412711550009284,69.49,-1.19,2.3502666405200268,28401168.02,-0.6,1678377600000.0,0.2463,-4255026.0,1055876,3.09,3.7823,4695.0,0.23,,0.82,九方智投控股,107.7689,,462451500.0,,27.14,港股主板
02105,-76.96310885757356,,,30,-4.04,False,0.005,2.481,452061350.0,7.6,9.53,,-43.99,3435666260.0,,3435666260.0,,500.0,-10.694079551273369,-38.91,1.33,,17491542.5,-0.32,1687968000000.0,-0.2569,-1814045.0,2341000.0,0.69,2.478,4666.0,0.52,,20.87,来凯医药-B,-29.5779,,452061350.0,,7.92,港股主板
01137,,,0.3319,30,0.0,False,0.005,0.569,791473781.0,0.98,3.57,4.221,-30.0,775644305.0,,775644305.0,,1000.0,-14.038398737417701,145.06,-1.51,0.5163417865849507,307000.0,0.0,870624000000.0,-0.2583,60450.0,315000.0,1.89,0.569,4663.0,0.04,,,香港科技探索,-3.7946,,791473781.0,,0.98,港股主板
00296,-52.28345755541326,,0.4014,30,2.98,False,0.001,0.0589,1188490983.0,0.173,2.98,1.893,-23.45,205608940.0,,205608940.0,,5000.0,-0.2897968447512828,,0.0,20.723532674586465,3410.0,0.005,599414400000.0,-0.009,0.0,20000.0,0.09,0.0539,4663.0,0.0,,,英皇娱乐酒店,-19.2734,,1188490983.0,,0.168,港股主板
02880,-3.420989934297747,,1.244,30,0.77,False,0.005,0.33,5158715999.0,0.655,2.31,2.2999,-13.95,3378958979.0,,15439507525.0,5.04,2000.0,3.0682600145976875,-28.64,0.77,-4.407011237668623,2019760.0,0.005,1146153600000.0,0.0607,0.0,3070000.0,2.5,0.3308,4653.0,0.06,,0.0,辽港股份,10.7964,,23571767213.0,,0.65,港股主板
02714,27.68354774098123,,1.4397,30,-2.32,False,0.02,2.2542,308171200.0,36.16,3.84,17.5875,-6.26,11143470592.0,,208677343863.0,1.39,100.0,,-6.26,-0.11,0.3408717641745884,38202891.0,-0.86,1770307200000.0,-0.2368,4368348.0,1043400.0,2.44,2.2386,4628.0,0.34,,3.9,牧原股份,-152.7106,,5770944244.0,,37.02,港股主板
01382,-32.41959535577257,,0.2373,30,0.58,False,0.005,0.4089,1375442000.0,0.865,3.49,4.8989,-29.34,1189757330.0,,1189757330.0,8.21,1000.0,2.8476506555738808,-16.17,1.17,-0.03125934495927796,472543.51,0.005,1179417600000.0,0.0603,0.0,543073,1.29,0.4048,4613.0,0.04,,0.0,互太纺织,14.3528,,1375442000.0,,0.86,港股主板
02465,,,0.5228,30,2.66,False,0.005,1.248,135000000.0,9.44,7.18,,-31.4,1274400000.0,,7468096393.0,,500.0,8.06864564813889,85.83,-0.94,26.720951994638533,176755110.0,0.245,1730217600000.0,0.4909,3297230.0,18361500,6.59,1.2519,4592.0,13.6,,-13.64,龙蟠科技,19.2302,,791111906.0,,9.195,港股主板
02598,,,1.8009,30,0.3,False,0.005,1.0739,430837764.0,3.315,1.21,14.3922,-49.85,1428227188.0,,3617424135.0,,500.0,5.842321119405104,-66.17,0.0,23.55679066283156,1032920.0,0.01,1711555200000.0,0.1925,137157.5,312500.0,0.68,1.0261,4589.0,0.07,,-7.63,连连数字,17.2187,,1091229000.0,,3.305,港股主板
00750,-38.28130794465196,,0.1152,30,0.0,False,0.001,0.1006,2521081780.0,0.195,5.13,0.5674,-18.07,491610947.0,,491610947.0,,1000.0,1.2134798397359057,-74.81,0.0,-6.935414905520543,48382.0,0.0,1231776000000.0,0.0224,0.0,249000.0,0.95,0.1009,4581.0,0.01,,0.0,水发兴业能源,8.6924,,2521081780.0,,0.195,港股主板
09909,-26.69860474229283,,0.4485,30,-1.72,False,0.005,0.3107,642900000.0,2.005,3.92,4.2143,-16.8,1289014500.0,,1289014500.0,,500.0,5.442804124725293,-74.21,-0.99,-2.7593162982598396,756454.34,-0.035,1577635200000.0,0.3438,-80799.99999999994,375996.0,1.23,0.3116,4576.0,0.06,,5.89,宝龙商业,5.8319,,642900000.0,,2.04,港股主板
01282,-30.453735228779387,,0.4656,30,-1.09,False,0.001,0.0812,5000000000.0,0.091,8.7,4.9537,-13.33,455000000.0,,455000000.0,,8000.0,-1.0880836592501781,-99.49,5.81,7.7907445040185985,41244.0,-0.001,1292342400000.0,-0.0117,0.0,476000,0.55,0.0812,4574.0,0.01,,0.0,中泽丰,-7.7899,,5000000000.0,,0.092,港股主板
09690,-66.4805917022704,,0.4732,30,-6.48,False,0.01,1.7267,755860353.0,11.4,8.04,10.6524,-29.37,8616808024.0,,9386236683.0,,100.0,6.114429495737907,-59.29,1.6,10.486544407582477,22048558.34,-0.79,1695657600000.0,0.4185,-110983.0,1943048,4.56,1.7245,4569.0,0.26,,5.36,途虎-W,27.242,,823354095.0,,12.19,港股主板
06622,-17.06033999156461,,32.4937,30,-4.44,False,0.005,0.8114,548839012.0,2.37,6.05,,-19.93,1300748458.0,,1300748458.0,,500.0,-13.893830020476969,-84.73,0.0,26.654351636174045,723082.5,-0.11,1619625600000.0,-0.4492,-240000.0,303500,3.11,0.8107,4554.0,0.06,,-14.76,兆科眼科-B,-5.2766,,548839012.0,,2.48,港股主板
01635,13.54777567372456,,0.8651,30,1.21,False,0.005,0.6019,533643000.0,2.085,3.16,7.219,-35.41,1112645655.0,,6155826297.0,2.83,1000.0,3.749012081828866,-25.2,-0.48,-0.11417653001863926,11012235.0,0.025,1480867200000.0,0.1306,-375195.0,5209000.0,4.24,0.6038,4532.0,0.98,,-1.1,大众公用,15.9606,,2952434675.0,,2.06,港股主板
00412,665.5673393323423,,0.5099,30,-3.85,False,0.005,0.5037,6015731109.0,0.5,7.69,0.4326,-63.24,3007865555.0,,3007865555.0,,1000.0,-19.651068107418954,-100.0,0.0,1.971920739306121,1441185.0,-0.02,703267200000.0,-0.217,151500.0,2879000.0,2.02,0.505,4530.0,0.05,,,山高控股,-2.304,,6015731109.0,,0.52,港股主板
08095,,,1.3871,30,1.87,False,0.005,0.1707,814464000.0,0.545,2.8,6.1102,-52.19,443882880.0,,825382880.0,,1000.0,6.809044128401853,517.21,0.0,-7.202583090162973,8625.0,0.01,964627200000.0,0.1994,0.0,16000,0.04,0.1713,4530.0,0.0,,,北大青鸟环宇,2.7337,,1514464000.0,,0.535,港股GEM
09989,,,0.9484,30,0.92,False,0.005,0.4099,220094500.0,3.85,3.8,3.3257,-23.22,847363825.0,,5649090385.0,4.42,500.0,1.6844773339633352,-76.01,0.0,-2.7585563050867457,2280882.5,0.035,1594137600000.0,0.1669,0.0,586500,1.35,0.4112,4505.0,0.27,,-4.02,海普瑞,23.0633,,1467296204.0,,3.815,港股主板
06608,,,1.0078,30,-4.29,False,0.005,0.5281,370154140.0,5.47,5.95,,-52.84,2024743146.0,,2422460446.0,,500.0,-9.928772733413089,-81.43,-0.36,-14.826096142950629,11380241.5,-0.245,1617120000000.0,-1.1382,-392664.0,2056000,1.53,0.4942,4501.0,0.56,,-16.04,百融智能-W,-4.8059,,442862970.0,,5.715,港股主板
00621,,,,30,2.27,False,0.005,0.3642,1815147198.0,0.45,4.55,,-4.26,816816239.0,,816816239.0,,5000.0,13.390891946168216,-95.42,0.0,,115275.0,0.01,819216000000.0,0.1737,0.0,265000,0.41,0.3151,4490.0,0.01,,,坛金矿业,2.5903,,1815147198.0,,0.44,港股主板
08279,,,17.8035,30,0.0,False,0.005,5.29,11672342235.0,1.16,2.16,2.4813,477.11,13539916993.0,,13539916993.0,,4000.0,-1.5504489938604733,,0.43,,4973720.0,0.0,1074441600000.0,-0.0034,0.0,4296000.0,0.77,5.2633,4483.0,0.04,,,亚博科技控股,-340.7211,,11672342235.0,,1.16,港股GEM
02138,,,0.1729,30,-1.79,False,0.005,0.364,1185211265.0,0.55,8.04,1.0747,-6.78,651866196.0,,651866196.0,,1000.0,-25.34120530524342,-75.42,0.0,-0.913040235995155,81195.0,-0.01,1457625600000.0,-0.3398,0.0,149000.0,0.38,0.4707,4483.0,0.01,,-3.87,医思健康,-1.6187,,1185211265.0,,0.56,港股主板
01569,,,0.2181,30,-6.73,False,0.001,0.0811,4217720000.0,0.097,0.0,1.6681,-44.89,409118840.0,,409118840.0,,2000.0,-15.858331655914707,-90.8,0.0,-11.550150944898185,1000.0,-0.007,1490112000000.0,-0.1969,0.0,10000,0.03,0.0814,4481.0,0.0,,5.59,民生教育,-0.4927,,4217720000.0,,0.104,港股主板
01181,,,0.10721426190332564,30,0.0,False,0.001,,1076027500.0,0.097,,1.075949859288505,-53.81,104374668.0,,104374668.0,,2000.0,-31.594974759438664,-71.75,0.0,-10.27572250792983,,0.0,1303142400000.0,-0.0506,0.0,,,0.7629,4479.0,,,0.0,唐宫中国,-1.917,,1076027500.0,,0.097,港股主板
06823,3.2771927207388307,,2.3697,30,-0.67,False,0.01,2.5347,7582398399.0,11.85,1.09,7.7619,10.0,89851421028.0,,89851421028.0,6.99,1000.0,14.965436503512098,548.46,-0.25,4.724452121941614,69755405.58,-0.08,1322496000000.0,0.7081,-621790.0,5860049.0,0.62,2.5347,4476.0,0.08,,62.86,香港电讯-SS,16.7352,,7582398399.0,,11.93,港股主板
02355,,,0.0675,30,2.94,False,0.005,0.0978,169886000.0,2.8,0.74,1.8926,-27.23,475680800.0,,1457758548.0,3.57,2000.0,0.596805571686617,201.76,0.0,-12.612661856158825,95160.0,0.08,1056902400000.0,0.1643,0.0,34000.0,1.61,0.0981,4462.0,0.02,,0.0,宝业集团,17.0388,,520628053.0,,2.72,港股主板
00536,-5.3223848942956735,,3.3947,30,-1.31,False,0.005,2.4001,796058719.0,1.13,1.31,11.5297,18.72,899546352.0,,899546352.0,9.03,2000.0,22.754322136672588,363.88,0.0,1.443432082874474,312070.0,-0.015,1130428800000.0,0.1064,0.0,274000,0.86,2.4001,4459.0,0.03,,0.0,贸易通,10.6186,,796058719.0,,1.145,港股主板
07666,-18.63239814018631,,63.171,30,-6.88,False,0.01,5.3281,1083110111.0,15.7,11.45,,49.52,17004828743.0,,18568356245.0,,500.0,,-45.26,0.0,1049.2403592408364,109734676.4,-1.16,1778601600000.0,-0.3411,434700.0,6805500,1.14,5.3448,4446.0,0.63,,126.67,剂泰科技-P,-46.0306,,1182697850.0,,16.86,港股主板
00232,,,2.3201068132046685,30,0.0,False,0.005,,9303374783.0,0.485,,19.085339037894585,2912.42,4512136770.0,,4512136770.0,91.34,2000.0,-2.3454605021335078,1054.76,1.04,1.0945291649331335,,0.0,692467200000.0,-0.0076,-14031448.0,,,1.534,4440.0,,,,大陆航空科技控股,-64.051,,9303374783.0,,0.485,港股主板
00440,10.224282511351856,,1.638,30,-2.73,False,0.02,0.3516,319575100.0,43.48,3.71,64.3358,30.83,13895125348.0,,13895125348.0,6.03,400.0,5.561998082323435,,0.23,11.64439708896763,12758740.0,-1.22,563040000000.0,6.5972,-401304.0,289800.0,1.14,0.3516,4402.0,0.09,,,大新金融,6.5907,,319575100.0,,44.7,港股主板
06600,,,8.5579,30,-4.91,False,0.02,4.8258,225356100.0,44.5,8.03,,-44.82,10028346450.0,,10028346450.0,,100.0,-8.429847501952926,-39.7,3.83,37.43791499860891,6484504.0,-2.3,1767024000000.0,-0.4398,267600.0,146900,1.46,4.8409,4399.0,0.07,,0.07,卧安机器人,-101.1896,,225356100.0,,46.8,港股主板
01966,-3.130923940740915,,0.0062,30,0.0,False,0.001,,4222986126.0,0.044,13.64,0.5155,-43.59,185811390.0,,185811390.0,,1000.0,163.1688687014916,-96.25,7.32,-9.794342281840363,53891.0,0.0,1265299200000.0,-1.9888,-41000.0,1306000.0,1.64,-0.0213,4395.0,0.03,,0.0,中骏集团控股,-0.0221,,4222986126.0,,0.044,港股主板
06100,431.28252173425244,,0.4489,30,0.25,False,0.005,0.3197,504905174.0,2.03,1.98,4.2541,-44.36,1024957503.0,,1024957503.0,9.85,200.0,3.8107202390780075,-92.22,-0.25,-2.7924172003684022,729781.0,0.005,1530201600000.0,0.2534,54669.0,361800.0,1.66,0.3147,4382.0,0.07,,-1.67,同道猎聘,8.0106,,504905174.0,,2.025,港股主板
02638,-0.007481460725611289,,4.3732,30,-0.32,False,0.005,1.0815,8836200000.0,6.185,0.32,7.6191,3.19,54651897000.0,,54651897000.0,5.17,500.0,6.454321999180664,124.12,0.0,4.282994780023919,8566747.25,-0.02,1390924800000.0,0.3566,-445320.0,1383890.0,0.64,1.1125,4375.0,0.02,,,港灯-SS,17.3443,,8836200000.0,,6.205,港股主板
01661,-83.77936321141557,,0.4915,30,-0.27,False,0.005,1.0382,190294200.0,1.85,0.27,2.047,128.4,352044270.0,,352044270.0,,6000.0,-3.7786886421094388,-87.0,0.0,443.1485899017989,255720.0,-0.005,1373472000000.0,-0.0714,0.0,138000.0,0.61,1.0414,4373.0,0.07,,0.0,中国前沿科技集团,-25.9256,,190294200.0,,1.855,港股主板
00635,,,1.54,30,0.0,False,0.005,0.2344,2068000000.0,0.5,0.0,13.2206,10.25,1034000000.0,,1034000000.0,9.0,2000.0,-5.396517985250836,-2.5,0.0,-18.7922673102372,196000.0,0.0,757785600000.0,-0.1197,0.0,392000.0,0.84,0.2344,4357.0,0.02,,,彩星集团,-4.1765,,2068000000.0,,0.5,港股主板
03369,2.5648210137267924,,1.6866,30,4.75,False,0.005,0.564,829853000.0,2.425,3.89,4.4931,-3.2,2012393525.0,,13549474100.0,5.57,500.0,8.030155409390517,2.38,0.62,1.441077492052556,2991442.5,0.11,1386777600000.0,0.3364,85570.0,1236000,3.32,0.5644,4355.0,0.15,,0.0,秦港股份,7.2081,,5587412000.0,,2.315,港股主板
02068,,,0.1989,30,-0.59,False,0.005,0.6329,399476000.0,1.69,2.35,3.2697,-33.2,675114440.0,,5047891364.0,,1000.0,3.8630236219660072,,0.0,-1.2449894477404633,2127795.0,-0.01,1341504000000.0,0.0998,-375700.0,1251000.0,6.73,0.6327,4354.0,0.31,,,中铝国际,16.934,,2986917967.0,,1.7,港股主板
01432,79.11146464088552,,0.7187,30,-3.17,False,0.005,0.6061,8381295229.0,0.305,4.76,3.8315,-11.59,2556295045.0,,2556295045.0,,1000.0,-6.899621992464164,-86.99,0.0,-1.5905553033571773,644420.0,-0.01,1405353600000.0,-0.0344,-132115.0,2104000.0,3.8,0.6079,4325.0,0.03,,0.0,中国圣牧-PF,-8.8543,,8381295229.0,,0.315,港股主板
08007,,,0.2968,30,-8.39,False,0.005,11.7752,226317429.0,0.655,0.7,,133.93,148237916.0,,148237916.0,,10000.0,198.336,-98.11,0.0,58.3335245314811,3897538.2,-0.06,955900800000.0,-0.0411,3864500.0,5950140,5.6,7.097,4310.0,2.63,,,环球战略集团,-15.9447,,226317429.0,,0.715,港股GEM
00060,,,0.8557915479792079,30,-1.85,False,0.005,,255654000.0,0.53,,,17.78,135496620.0,,135496620.0,,2000.0,-3.57962778086385,-49.04,0.0,-11.901702011322236,,-0.01,724435200000.0,-0.0721,0.0,,,0.2664,4297.0,,,,香港食品投资,-7.352,,255654000.0,,0.54,港股主板
03318,,,1.716,30,-1.96,False,0.005,1.3884,1046980146.0,3.0,9.15,74.7437,73.41,3140940438.0,,3140940438.0,,2000.0,-40.877060368553735,195.22,1.35,-3.1749355092505427,1384770.0,-0.06,1134057600000.0,-1.1216,0.0,458000.0,0.72,1.3336,4292.0,0.04,,0.0,中国波顿,-2.6748,,1046980146.0,,3.06,港股主板
01036,2.4890074541221274,,1.3409046047395583,30,0.0,False,0.005,,389527932.0,1.795,,1.32925983775943,12.34,699202638.0,,699202638.0,11.14,1000.0,1.0073450249267937,-37.03,0.0,9.274901932910517,,0.0,847382400000.0,0.1055,0.0,,,0.1722,4292.0,,,,万科海外,17.0184,,389527932.0,,1.795,港股主板
00950,98.20531303134163,,0.4365,30,-3.39,False,0.005,0.3158,588835343.0,1.14,4.24,1.752,-21.09,671272291.0,,671272291.0,5.09,500.0,5.887170150213358,,0.0,16.06063497780792,446032.5,-0.04,1026662400000.0,0.2034,-94400.0,382500.0,1.33,0.3158,4290.0,0.06,,,李氏大药厂,5.6048,,588835343.0,,1.18,港股主板
02192,12.792165115303767,,6.6336,30,2.8,False,0.005,0.8821,740274500.0,6.605,4.2,31.4908,-28.96,4889513073.0,,4889513073.0,4.86,500.0,7.066362716560301,-74.17,0.0,16.334120675006105,3852075.0,0.18,1626278400000.0,0.525,19150.0,580000.0,3.2,0.8804,4272.0,0.08,,13.97,医脉通,12.581,,740274500.0,,6.425,港股主板
01686,8.159825231085538,,4.0967,30,-3.23,False,0.005,2.19,2363184833.0,5.4,3.58,4.7712,17.39,12761198098.0,,12761198098.0,2.22,1000.0,18.7256911899658,,0.09,9.938632735940512,17657445.5,-0.18,953222400000.0,0.4848,2278750.0,3256489.0,1.48,1.9758,4269.0,0.14,,,新意网集团,11.1396,,2363184833.0,,5.58,港股主板
00863,215.41096570068655,,0.4115,30,-2.55,False,0.01,2.3327,902318602.0,10.32,4.63,,-39.29,9311927973.0,,9311927973.0,,500.0,-46.928512572681605,,0.1,47.638818459471175,9051260.0,-0.27,1335456000000.0,-1.3378,14280.0,878000.0,0.81,2.3327,4246.0,0.1,,,OSL集团,-7.7141,,902318602.0,,10.59,港股主板
01293,,,0.007653107322327364,30,0.0,False,0.001,,2837511429.0,0.086,,0.2061096411878084,0.0,244025983.0,,244025983.0,,500.0,-3.3497071299402172,-98.83,,-11.62635621763457,,0.0,1323792000000.0,-0.0981,-39500.0,,,0.029,4194.0,,,0.0,广汇宝信,-0.8771,,2837511429.0,,0.086,港股主板
89988,-24.15064074618537,,1.7142,30,-1.33,False,0.05,1.7798,19901959514.0,88.95,1.66,22.7886,-30.56,1770279298770.0,,1770279298770.0,1.12,100.0,9.39453437468185,9.04,0.06,7.5954607111690775,2267990.0,-1.2,1687104000000.0,4.2778,0.0,25400,0.87,1.5831,4173.0,0.0,104.3,-1.55,阿里巴巴-WR,20.7934,09988,19901959514.0,,90.15,港股主板
02170,-11.574686869712437,,1.1405,30,-1.98,False,0.005,0.3396,82713835.0,1.24,2.77,,-33.33,102565155.0,,339172240.0,,500.0,-18.340505964252948,-95.87,0.0,12.531057802894562,25220.0,-0.025,1612713600000.0,-0.7271,0.0,20500.0,0.57,0.3407,4151.0,0.02,,1.24,贝康医疗-B,-1.7053,,273526000.0,,1.265,港股主板
00703,,,0.13972418164239983,30,0.0,False,0.001,,694302422.0,0.097,,0.6645025653675383,-27.61,67347335.0,,67347335.0,,6000.0,-1.4705901460845117,-96.33,2.11,-1.443367783806604,,0.0,1029340800000.0,-0.0082,0.0,,,0.1764,4148.0,,,,佳景集团,-11.9009,,694302422.0,,0.097,港股主板
01075,88.74114866781466,,0.25205517554246676,30,0.0,False,0.005,,77449800.0,1.68,,,-44.46,130115664.0,,486878463.0,4.88,1000.0,6.6229721555660745,-40.07,0.0,6.8279018674348935,,0.0,1008864000000.0,0.289,0.0,,,0.3603,4147.0,,,0.0,首都信息,5.8136,,289808609.0,,1.68,港股主板
02285,,,1.1724,30,-0.89,False,0.02,1.8661,509203811.0,31.26,5.83,20.261,66.36,15917711132.0,,15917711132.0,2.48,100.0,10.386260105253298,-34.02,0.26,10.122233049808349,149249936.68,-0.28,1640793600000.0,1.6608,-5065480.300000001,4729739.0,2.02,1.8672,4147.0,0.93,,28.44,泉峰控股,18.8217,,509203811.0,,31.54,港股主板
02026,7.190623897529558,,20.3537,30,-3.72,False,0.02,1.6057,354095390.0,45.6,6.71,,-61.13,16146749784.0,,19844397696.0,,100.0,-12.197635387585395,-63.23,0.0,35.5302351445911,31469917.7,-1.76,1762358400000.0,-2.6497,2637773.0,678598.0,2.01,1.6053,4133.0,0.19,,-9.28,小马智行-W,-17.2097,,435184160.0,,47.36,港股主板
02768,50.682320045131334,,0.6606,30,-2.55,False,0.02,2.1095,44400000.0,39.74,7.8,17.2925,64.55,1764456000.0,,17350484000.0,1.47,200.0,,31.63,-0.7,12.887940913358609,34473828.0,-1.04,1770134400000.0,3.0375,-705620.0,875800.0,3.74,2.1161,4128.0,1.97,,11.56,国恩科技,13.0833,,436600000.0,,40.78,港股主板
00173,,,1.0159,30,2.16,False,0.005,0.1504,3152728607.0,1.89,3.78,6.2757,-8.66,5958657067.0,,5958657067.0,1.59,1000.0,-2.2531167079488292,,-0.53,15.102720042771555,1999364.66,0.04,539539200000.0,-0.2868,211455.0,1051981,3.14,0.1504,4125.0,0.03,,,嘉华国际,-6.5902,,3152728607.0,,1.85,港股主板
00844,275.1034284360479,,0.3459,30,-3.03,False,0.005,0.9606,494335330.0,0.32,1.52,70.4123,-40.74,158187306.0,,158187306.0,,4000.0,-46.67633862604444,-67.67,0.0,-9.999248284491824,7700.0,-0.01,1322064000000.0,-0.1984,0.0,24000.0,0.22,0.9636,4124.0,0.0,,0.0,广泰国际控股,-1.6126,,494335330.0,,0.33,港股主板
03662,-35.051091064595816,,0.1979,30,-1.33,False,0.005,0.1952,726250000.0,0.37,1.33,11.0853,-13.17,268712500.0,,268712500.0,2.16,1000.0,3.9503212134081096,-89.89,0.0,-9.545318877532761,33315.0,-0.005,1552838400000.0,0.0745,0.0,90000,0.42,0.1946,4121.0,0.01,,21.58,星悦康旅,4.9643,,726250000.0,,0.375,港股主板
01712,287.89816268292793,,,30,0.71,False,0.005,,189715935.0,9.215,4.21,,41.99,1748232341.0,,1748232341.0,,1000.0,65.7984690335294,7.78,0.05,67.32420754182675,2930735.0,0.065,1788278400000.0,3.1241,0.0,322000.0,0.77,1.3752,4117.0,0.17,,11.63,龙资源,2.9496,,189715935.0,,9.15,港股主板
02190,,,5.1196,30,-5.09,False,0.02,2.0548,322063113.0,20.52,5.18,13.3452,-10.09,6608735079.0,,6768406472.0,1.27,500.0,9.946635860297334,-62.02,-0.97,37.99251865724311,8193109.48,-1.1,1625414400000.0,1.0587,-521300.0,388047,1.55,1.9524,4108.0,0.12,,40.52,归创通桥,19.3819,,329844370.0,,21.62,港股主板
06683,,,9.2357,30,0.54,False,0.005,2.028,958378481.0,3.75,4.96,,-37.29,3593919304.0,,3593919304.0,,500.0,-3.1321388117220477,-34.78,0.54,-12.284584743047755,7736820.0,0.02,1689177600000.0,-0.0455,-40267.5,2071000.0,1.33,2.0273,4095.0,0.22,,23.76,巨星传奇,-82.436,,958378481.0,,3.73,港股主板
09885,,,0.0963,30,-4.23,False,0.005,0.8555,692487321.0,3.4,5.07,3.2094,-34.55,2354456891.0,,2354456891.0,3.76,200.0,7.883372700311475,-84.59,-1.02,8.881517583543053,1311236.0,-0.15,1687881600000.0,0.3073,-68000.0,383600.0,1.35,0.8543,4093.0,0.06,,5.5,药师帮,11.0659,,692487321.0,,3.55,港股主板
00258,26.468679357050352,,6.2615,30,-0.24,False,0.005,0.357,2259023210.0,2.095,2.38,3.703,-7.62,4732653625.0,,4732653625.0,6.44,2000.0,0.7232311402599587,,-0.24,-0.14022868032124158,365550.0,-0.005,599414400000.0,0.0418,0.0,172000.0,1.42,0.357,4089.0,0.01,,,汤臣集团,50.1287,,2259023210.0,,2.1,港股主板
08225,-34.45955210564712,,2.0980585875284503,30,1.39,False,0.001,,995351660.0,0.073,,3.738265730308175,-50.0,72660671.0,,72660671.0,,20000.0,-19.681948603227756,,0.0,12.27782393711616,,0.001,1057766400000.0,-0.0153,0.0,,,0.9726,4088.0,,,,中国医疗集团,-4.7768,,995351660.0,,0.072,港股GEM
02718,,,2.763,30,-14.38,False,0.02,1.8762,138045482.0,31.8,15.62,,-83.86,4389846328.0,,4861614941.0,,40.0,288.0643357041225,-88.64,0.38,4.798043765429405,103621310.16,-5.34,1762099200000.0,-45.7533,-13489311.20000002,3104560,5.88,1.8798,4059.0,2.25,,106.1,明略科技-W,-0.695,,152880973.0,,37.14,港股主板
00638,-44.095464356413814,,0.696,30,-5.66,False,0.005,0.8,135080200.0,6.245,10.88,,-60.86,843575849.0,,5611651110.0,4.39,200.0,3.9597540537023876,-70.25,0.08,-2.635017799529449,12839687.0,-0.375,1761062400000.0,0.2437,452622.0,2001800.0,10.74,0.7965,4041.0,1.48,,-11.72,广和通,25.6256,,898583044.0,,6.62,港股主板
01899,-37.22221285190419,,0.1435,30,1.02,False,0.005,0.2647,1920125199.0,0.99,1.53,1.3094,-10.12,1900923947.0,,1900923947.0,25.25,1000.0,3.2472452638245226,2.17,0.0,0.6379125440512556,337820.0,0.01,1166630400000.0,0.1229,226710.0,342000.0,1.59,0.2655,4039.0,0.02,,0.0,兴达国际,8.0534,,1920125199.0,,0.98,港股主板
06656,,,3.0373,30,-8.01,False,0.2,4.8788,141768341.0,225.0,11.12,35.7758,-30.17,31897876725.0,,55987409250.0,1.22,100.0,133.584438324968,-61.03,-0.62,,126111645.8,-19.6,1776268800000.0,13.0568,-3293160.0,538308,2.1,5.6345,4021.0,0.38,,103.42,思格新能,17.2325,,248832930.0,,244.6,港股主板
00008,-30.676114697274205,,0.9476,30,-0.68,False,0.005,42.1399,7747762518.0,5.08,1.37,3.151,0.43,39358633591.0,,39358633591.0,7.54,1000.0,-3.255813953488372,1170.64,0.1,5.745786473615233,35791144.585,-0.035,782409600000.0,-0.0108,-4431905.0,7031484.0,1.08,42.1399,4006.0,0.09,,,电讯盈科,-468.5552,,7747762518.0,,5.115,港股主板
02245,73.43474461243433,,0.6154,30,-4.93,False,0.01,2.0636,550694291.0,19.3,9.7,5.2212,-10.17,10628399816.0,,33366252055.0,3.64,200.0,32.5832725716379,42.98,1.1,38.74312230855863,63275270.34,-1.0,1669824000000.0,2.7659,3656810.0,3275170,0.65,2.0459,3995.0,0.59,,0.0,力勤资源,6.9777,,1728821350.0,,20.3,港股主板
00628,42.25964145626069,,2.6564,30,-1.89,False,0.005,0.5076,5201123120.0,0.26,7.55,31.3521,30.65,1352292011.0,,1352292011.0,,2000.0,3.695716509733186,-98.93,0.0,80.11279866667363,4014560.0,-0.005,1027440000000.0,0.0187,-1781740.0,15016000.0,1.65,0.5092,3978.0,0.29,,0.0,通通AI社交,13.891,,5201123120.0,,0.265,港股主板
06626,-19.3375327456068,,0.5967,30,-1.13,False,0.005,0.6172,1502212177.0,1.75,1.13,5.2573,-22.68,2628871310.0,,2628871310.0,8.0,500.0,7.072116271399587,-51.49,-0.28,5.708662000056441,561511.1,-0.02,1624809600000.0,0.2002,0.0,319930,0.21,0.6164,3920.0,0.02,,0.0,越秀服务,8.742,,1502212177.0,,1.77,港股主板
00242,-6.475897139970765,,0.6498,30,-2.02,False,0.005,0.0468,3017661785.0,0.485,3.03,1.4128,-25.38,1463565966.0,,1463565966.0,,2000.0,-1.5939752431110632,,0.0,-19.485384513494573,328945.0,-0.01,96739200000.0,-0.1648,0.0,669500.0,0.74,0.0468,3919.0,0.02,,,信德集团,-2.9436,,3017661785.0,,0.495,港股主板
01310,,,0.7392,30,-0.17,False,0.005,3.988,1478921568.0,5.71,1.4,4.5925,-5.03,8444642153.0,,8444642153.0,6.02,500.0,9.150925544388462,27.07,-0.26,0.02492455236002833,3370973.825,-0.01,1426089600000.0,0.14,-229600.0,586995.0,1.11,3.988,3889.0,0.04,,0.0,香港宽频,40.8001,,1478921568.0,,5.72,港股主板
01997,,,7.1547,30,-0.79,False,0.02,0.5071,3036227327.0,30.04,2.77,12.6083,29.46,91208268903.0,,91208268903.0,5.33,1000.0,-1.1104385054275627,-17.18,-0.27,-1.5909116817566904,82217938.94,-0.24,1511366400000.0,-0.6676,0.0,2727995.0,0.68,0.5071,3888.0,0.09,,-8.26,九龙仓置业,-44.9967,,3036227327.0,,30.28,港股主板
00661,248.83308576814264,,0.0258,30,-3.03,False,0.001,0.5541,17895579706.0,0.128,5.3,2.3193,24.27,2290634202.0,,2290634202.0,,2000.0,15.195996939685042,,0.79,27.216788543369198,1409052.0,-0.004,659116800000.0,0.0325,-243928.0,10972000.0,0.92,0.5559,3888.0,0.06,,,中国大冶有色金属,3.9404,,17895579706.0,,0.132,港股主板
03678,,,6.6076,30,0.75,False,0.005,0.9353,249700000.0,2.01,4.76,1.1499,-37.83,501897000.0,,2025633334.0,0.25,1000.0,1.7122327712194254,20.55,0.5,-57.63678263725659,6964600.0,0.015,1451404800000.0,0.0363,0.0,3432000.0,3.38,0.9371,3887.0,1.37,,0.0,弘业期货,55.3373,,1007777778.0,,1.995,港股主板
00029,,,36.6641,30,0.51,False,0.005,0.289,237703681.0,8.885,1.36,,-31.36,2111997206.0,,2111997206.0,0.11,2000.0,-0.848559845764283,254.95,0.0,-10.270269512859965,247450.0,0.045,703180800000.0,-0.2656,0.0,28000.0,0.59,0.2784,3881.0,0.01,,,达力集团,-33.4484,,237703681.0,,8.84,港股主板
06839,37.55947004930207,,0.0358,30,9.86,False,0.001,0.0103,363713900.0,0.078,11.27,,-45.83,28369684.0,,93070650.0,,1000.0,-22.705744892744846,-98.28,0.0,-11.32046891041889,11707.0,0.007,1432656000000.0,-1.8571,0.0,155000,0.3,0.0103,3871.0,0.04,,0.0,云南水务,-0.042,,1193213457.0,,0.071,港股主板
01599,-19.89273989025808,,0.1562,30,0.0,False,0.005,0.1367,387937000.0,0.945,1.06,5.4009,-25.44,366600465.0,,1274493150.0,8.89,1000.0,6.113903517688869,-35.26,-0.53,-13.053281646146676,58615.0,0.0,1404748800000.0,0.4099,0.0,62000.0,0.42,0.1371,3868.0,0.02,,0.0,城建设计,2.3057,,1348670000.0,,0.945,港股主板
00528,,,0.2402,30,0.0,False,0.005,0.4294,629678000.0,1.19,1.68,3.4184,28.18,749316820.0,,749316820.0,5.04,2000.0,20.925281840006175,19.36,0.0,4.521481074598421,92580.0,0.0,1165852800000.0,0.5171,0.0,78000.0,1.14,0.4304,3848.0,0.01,,0.0,金达控股,2.3015,,629678000.0,,1.19,港股主板
01907,-17.9428687447717,,0.1586,30,-5.46,False,0.005,0.5218,4248358000.0,1.645,5.75,1.5467,-26.55,6988548910.0,,6988548910.0,1.16,1000.0,1.9175890891961347,-22.26,0.0,-3.5641533597646657,5114016.0,-0.095,1552579200000.0,0.0643,0.0,3071000.0,0.67,0.494,3841.0,0.07,,0.0,中国旭阳集团,25.5953,,4248358000.0,,1.74,港股主板
02136,16.683242082808558,,0.5951,30,0.0,False,0.005,0.0813,1464448500.0,0.565,0.88,1.7284,39.82,827413402.0,,827413402.0,74.34,500.0,-0.11760102486076869,-48.94,0.0,-3.272494467411591,28282.5,0.0,1468512000000.0,-0.0077,0.0,50500.0,0.19,0.0815,3840.0,0.0,,37.08,利福中国,-73.4967,,1464448500.0,,0.565,港股主板
01152,-23.329065243951273,,1.1329,30,-1.92,False,0.001,2.7383,3589845836.0,0.204,9.62,,-30.85,732328551.0,,732328551.0,,2000.0,-9.704890936724338,-24.44,0.49,-1.9822180226089614,114010.0,-0.004,1319731200000.0,-0.0048,0.0,570000.0,0.95,2.518,3824.0,0.02,,0.0,正乾金融控股,-42.7138,,3589845836.0,,0.208,港股主板
01358,-48.43035119715554,,1.4209,30,2.25,False,0.005,0.2904,1433241098.0,0.91,2.81,5.0596,-28.14,1304249399.0,,1304249399.0,7.14,1000.0,1.091753203493448,14.44,0.0,5.073122878383884,1769280.0,0.02,1383840000000.0,0.0347,-457120.0,1942000,4.8,0.2906,3824.0,0.14,,,普华和顺,26.236,,1433241098.0,,0.89,港股主板
02889,73.03828997075695,,1.7359,30,5.96,False,0.05,3.1965,87712116.0,55.1,13.94,,-74.49,4832937592.0,,9185474042.0,,20.0,-60.747600807805156,-59.19,-1.34,68.8414868344726,87086659.58,3.1,1759161600000.0,-7.9258,4708667.0,1578784.0,4.29,2.6491,3821.0,1.8,,53.58,博泰车联,-6.952,,166705518.0,,52.0,港股主板
00999,0.6193460900239645,,1.6895,30,-2.73,False,0.005,3.8495,1165026800.0,9.09,4.92,8.9596,3.4,10590093612.0,,10590093612.0,5.52,800.0,26.046586744622246,14.41,0.0,7.9137493606361575,32381195.56,-0.255,1734624000000.0,0.6111,165148.0,3557284.0,0.83,3.8063,3807.0,0.31,,13.65,小菜园,14.8749,,1165026800.0,,9.345,港股主板
03913,,,0.0634,30,-1.69,False,0.001,0.0877,2025858916.0,0.116,1.69,,-46.54,234999634.0,,234999634.0,,1000.0,-8.115889990340861,-98.09,0.0,-6.429682459573027,59630.0,-0.002,1603987200000.0,-0.1143,-56260.0,514000.0,0.61,0.0879,3807.0,0.03,,-22.94,合景悠活,-1.0149,,2025858916.0,,0.118,港股主板
08158,,,1.0917,30,3.33,False,0.001,1.6618,304252480.0,0.31,0.0,6.0368,-26.19,94318269.0,,94318269.0,,5000.0,64.17851316709393,-98.36,0.0,16.470040928480945,1575.0,0.01,995385600000.0,0.0905,0.0,5000,0.06,1.6618,3804.0,0.0,,0.0,中国再生医学,3.4249,,304252480.0,,0.3,港股GEM
03858,897.1274909406822,,5.4263,30,-1.77,False,0.02,6.2649,455550000.0,43.34,6.3,10.8969,-4.05,19743537000.0,,19743537000.0,4.31,400.0,118.13921387249992,96.53,1.03,,66837288.0,-0.78,1756310400000.0,4.0581,8059360.0,1545200.0,2.01,6.2628,3795.0,0.34,,177.84,佳鑫国际资源,10.6799,,455550000.0,,44.12,港股主板
03315,,,0.4671,30,0.0,False,0.005,0.2102,805802000.0,0.59,1.69,19.0171,-24.89,475423180.0,,475423180.0,8.47,1000.0,0.10082005544343481,-77.3,0.0,-15.634768202456051,247750.0,0.0,1386086400000.0,0.0025,0.0,414000.0,3.55,0.2109,3792.0,0.05,,0.0,金邦达宝嘉,237.2398,,805802000.0,,0.59,港股主板
00318,3.0325030016468135,,1.2089743455620745,30,0.0,False,0.01,,288258877.0,0.89,,,39.06,256550401.0,,256550401.0,,5000.0,4.19945572664952,-99.05,,1.615051680961943,,0.0,1002556800000.0,0.0384,0.0,,,0.4847,3791.0,,,,黄河实业,23.1983,,288258877.0,,0.89,港股主板
00098,-20.868911949788536,,0.0887,30,0.0,False,0.005,0.2943,420649134.0,5.065,6.02,4.4068,-27.12,2130587864.0,,2130587864.0,9.87,1000.0,8.727479463186281,358.5,0.0,7.442392960168909,15650.0,0.0,1206892800000.0,1.4364,0.0,3000.0,0.23,0.2952,3766.0,0.0,,0.0,兴发铝业,3.5261,,420649134.0,,5.065,港股主板
09928,,,0.1568,30,1.08,False,0.005,0.2984,985672747.0,0.47,2.15,12.6378,-3.98,463266191.0,,463266191.0,11.91,1000.0,1.3506722728913751,-86.9,0.0,2.7234946583457376,394270.0,0.005,1576684800000.0,0.0249,-343620.0,856000.0,1.08,0.2994,3766.0,0.09,,-5.24,时代邻里,18.9052,,985672747.0,,0.465,港股主板
01499,,,3.2504,30,-6.45,False,0.001,4.1605,5370510000.0,0.116,4.03,1800.5178,-35.56,622979160.0,,622979160.0,,10000.0,-21.356456693789863,-22.67,0.0,-16.533683819293177,43918.0,-0.008,1441123200000.0,-0.0054,0.0,372000,0.64,5.1788,3757.0,0.01,,0.0,欧科云链,-21.647,,5370510000.0,,0.124,港股主板
08267,,,2.3254,30,-0.52,False,0.001,0.3669,369492964.0,0.192,0.0,,-32.63,70942649.0,,70942649.0,,500.0,-33.684932930262455,-98.04,0.0,-47.37690350025374,34464.0,-0.001,1419868800000.0,-0.215,0.0,179500.0,7.77,0.3681,3730.0,0.05,,0.0,蓝港互动,-0.8932,,369492964.0,,0.193,港股GEM
00127,,,6.342,30,-0.99,False,0.005,0.1634,1907619079.0,1.0,1.49,49.2035,-18.7,1907619079.0,,1907619079.0,,500.0,-1.5016882612940439,,0.0,-14.435620238194923,229225.0,-0.01,429811200000.0,-0.0935,0.0,229000,0.9,0.1634,3725.0,0.01,,,华人置业,-10.6984,,1907619079.0,,1.01,港股主板
06889,12.958471576711661,,0.3522,30,-0.97,False,0.005,0.3099,684643096.0,3.07,1.45,0.7213,-6.08,2101854305.0,,2101854305.0,8.18,200.0,1.9714096374136136,487.0,0.0,1.67257814699604,379096.0,-0.03,1344182400000.0,0.1867,92700.0,123400.0,1.74,0.3225,3724.0,0.02,,0.0,DYNAM JAPAN,16.4455,,684643096.0,,3.1,港股主板
00253,-6.235275522891836,,0.25328813234914743,30,0.0,False,0.005,,304368750.0,0.6,,0.7903150073136744,5.26,182621250.0,,182621250.0,,2000.0,-1.3350012697636358,,0.0,6.241738010718212,,0.0,599414400000.0,-0.1749,0.0,,,0.0461,3721.0,,,,顺豪控股,-3.4311,,304368750.0,,0.6,港股主板
09678,-11.463835906928576,,3.1026,30,-3.08,False,0.05,3.3804,45109883.0,64.55,5.18,,-84.04,2911842948.0,,4820309528.0,,20.0,-27.804578582340888,-68.51,-0.31,32.19142718284331,67801475.0,-2.05,1751212800000.0,-4.1774,839587.0,1037400.0,4.8,3.391,3709.0,2.3,,44.59,云知声,-15.4521,,74675593.0,,66.6,港股主板
00717,,,1.1743,30,0.0,False,0.001,0.105,6740845724.0,0.057,3.51,0.3969,-38.71,384228206.0,,384228206.0,,6000.0,3.619675631921684,-76.35,1.79,-15.318912301026977,566154.0,0.0,1177344000000.0,0.0193,-184800.0,10062000.0,2.48,0.105,3707.0,0.15,,-62.5,英皇资本,2.9608,,6740845724.0,,0.057,港股主板
01616,-58.34033941824421,,7.279118164913685,30,0.0,False,0.001,,2151577026.0,0.06,,110.05509121909634,0.0,129094622.0,,129094622.0,,2000.0,-20.997258247018888,,,-44.22461081945983,,0.0,1342022400000.0,-0.0191,276428.0,,,0.7266,3703.0,,,,一元宇宙,-3.1449,,2151577026.0,,0.06,港股主板
02222,-72.3984241616115,,0.1593115846284096,30,0.0,False,0.005,,507273677.0,0.575,,11.285396734504372,-11.54,291682364.0,,291682364.0,,10000.0,-0.48968360835347546,-83.82,0.0,1.7476102546144068,,0.0,1274284800000.0,-0.0378,0.0,,,0.0764,3690.0,,,0.0,雷士国际,-15.206,,507273677.0,,0.575,港股主板
00484,28.254118120412166,,0.7509853012628076,30,0.0,False,0.005,,171725090.0,0.64,,,-21.95,109904058.0,,109904058.0,,3000.0,-9.838480438697946,-98.96,3.23,18.92651153685474,,0.0,1380729600000.0,-0.2833,0.0,,,0.2394,3675.0,,,0.0,云游控股,-2.2593,,171725090.0,,0.64,港股主板
03601,,,0.0906,30,-4.55,False,0.005,0.1839,269000000.0,0.525,1.82,,-40.34,141225000.0,,141225000.0,,1000.0,-0.019097327952999524,-85.26,0.0,27.971035848819792,107285.0,-0.025,1570636800000.0,-0.0016,0.0,206000,2.84,0.1845,3666.0,0.08,,218.52,鲁大师,-319.4526,,269000000.0,,0.55,港股主板
01475,3.855743596652017,,1.7027,30,-1.78,False,0.005,1.7805,1043691480.0,6.62,3.26,11.3445,-7.69,6909237598.0,,6909237598.0,2.4,1000.0,9.28247525593645,156.11,-0.38,2.384382643145022,1346936.25,-0.12,1512921600000.0,0.335,346740.0,202295.0,13.33,1.7805,3643.0,0.02,,-4.8,日清食品,19.7616,,1043691480.0,,6.74,港股主板
01837,36.548082858633,,0.8841,30,-1.13,False,0.005,1.4498,2188564000.0,1.31,1.89,9.0007,26.14,2867018840.0,,2867018840.0,5.27,2000.0,19.32459432998076,1.84,0.0,20.474190326844965,3622140.0,-0.015,1544544000000.0,0.164,581010.0,2784000,1.92,1.4504,3636.0,0.13,,-12.35,五谷磨房,7.9879,,2188564000.0,,1.325,港股主板
00565,-70.37873421756187,,87.8529,30,-1.04,False,0.005,,2688805163.0,3.82,8.94,200.0474,174.82,10271235723.0,,10271235723.0,,5000.0,-65.61634221122235,1516.59,-0.26,-6.543866265874221,25432635.0,-0.04,1063123200000.0,-0.0066,-165600.0,6865000,0.76,544.5176,3596.0,0.26,,0.0,锦艺集团控股,-578.2377,,2688805163.0,,3.86,港股主板
09980,37.737286802875445,,2.7167,30,2.41,False,0.05,3.1206,58182410.0,95.6,3.05,8.9464,-47.55,5562238396.0,,70189454036.0,6.74,100.0,,-47.55,1.06,29.02165966274182,25671151.5,2.25,1770048000000.0,7.6625,-591614.9999999991,270120,2.47,3.1168,3596.0,0.46,,1.53,东鹏饮料,12.4764,,734199310.0,,93.35,港股主板
01890,-3.232115035861427,,0.7104,30,-1.2,False,0.005,0.2452,2014248667.0,0.82,2.41,1.3717,-31.57,1651683907.0,,1651683907.0,15.85,2000.0,12.42808599341879,-52.44,0.0,14.038060554100507,130790.0,-0.01,1548345600000.0,0.3975,0.0,158000.0,0.63,0.242,3590.0,0.01,,1.21,中国科培,2.0631,,2014248667.0,,0.83,港股主板
00926,,,0.4613310149915107,30,0.0,False,0.005,,122265585.0,2.335,,6.6047458877964145,-2.3,285490141.0,,285490141.0,,1000.0,4.75886946215322,-93.22,0.0,-11.24066218156603,,0.0,1285689600000.0,0.2174,0.0,,,0.513,3581.0,,,45.71,碧生源,10.7416,,122265585.0,,2.335,港股主板
02648,3.8014850359055163,,1.0309,30,3.3,False,0.05,1.1409,39994700.0,62.6,4.13,6.2888,-0.33,2503668220.0,,20863887143.0,5.93,100.0,10.320322452146742,12.57,0.0,12.408703326997461,22765768.1,2.0,1751558400000.0,5.168,868660.0,363600,2.28,1.1392,3577.0,0.91,,-5.0,安井食品,12.1131,,333288932.0,,60.6,港股主板
02219,-12.5867015677679,,1.0654,30,0.63,False,0.005,0.6233,701460000.0,2.385,5.49,4.3975,-5.54,1672982100.0,,1672982100.0,10.23,500.0,7.033150994598236,-68.74,0.0,0.365777517886956,1983999.5,0.015,1625587200000.0,0.2696,733040.0,831400,5.73,0.6229,3576.0,0.12,,33.02,朝聚眼科,8.8451,,701460000.0,,2.37,港股主板
00374,-31.529738348083956,,0.25889173885154115,30,0.0,False,0.005,,380017640.0,2.55,,4.087728028954451,-3.39,969044982.0,,969044982.0,3.73,2000.0,1.087737804857758,191.83,0.0,-3.388613951901609,,0.0,746208000000.0,0.0344,0.0,,,0.8029,3559.0,,,,四洲集团,74.1143,,380017640.0,,2.55,港股主板
02356,14.49241073686105,,2.3381,30,-4.86,False,0.01,0.5312,1405752132.0,13.71,6.38,481.4003,36.82,19272861730.0,,19272861730.0,6.13,400.0,7.465094251783047,187.85,0.81,,34572322.59,-0.7,1088524800000.0,1.9046,-1760218.0,2489487,2.02,0.5267,3555.0,0.18,,0.0,大新银行集团,7.1982,,1405752132.0,,14.41,港股主板
00931,-0.11017313273236073,,3.0916,30,0.0,False,0.005,8.0198,8257900589.0,0.305,4.92,,-36.46,2518659680.0,,2518659680.0,,2000.0,-68.68379619325535,,-1.61,56.670575714786665,580670.0,0.0,1003852800000.0,-0.0202,0.0,1888000.0,0.96,8.722,3553.0,0.02,,,中国港能,-15.1142,,8257900589.0,,0.305,港股主板
08179,,,0.19092493294904128,30,0.0,False,0.001,,1907798274.0,0.01,,,-16.67,19077983.0,,19077983.0,,12000.0,-25.729720847112958,-99.91,0.0,-33.004063685681395,,0.0,1310054400000.0,-0.0525,0.0,,,0.0562,3552.0,,,0.0,百利达集团控股,-0.1904,,1907798274.0,,0.01,港股GEM
00882,-14.017829282004989,,0.686,30,-0.74,False,0.005,0.1583,1072770125.0,2.005,0.74,,-11.29,2150904101.0,,2150904101.0,6.98,2000.0,3.091108083012916,-41.83,-0.25,-2.613105902529411,526980.0,-0.015,881683200000.0,0.381,0.0,262000.0,0.87,0.1583,3548.0,0.02,,,天津发展,5.2627,,1072770125.0,,2.02,港股主板
00866,-3.911831134684285,,2.2411,30,0.8,False,0.005,1.8,2627413985.0,1.89,4.27,3.5271,-29.74,4965812432.0,,4965812432.0,,2000.0,12.23651175059398,58.33,0.8,-24.158628238842507,2594810.0,0.015,1246550400000.0,0.1105,188000.0,1372000,0.75,1.8056,3541.0,0.05,,0.0,中国秦发,17.106,,2627413985.0,,1.875,港股主板
00834,209.45183201733343,,0.0441,30,0.45,False,0.001,0.1752,452948000.0,0.222,0.9,,-48.37,100554456.0,,100554456.0,,4000.0,-7.387039865056143,-80.7,0.0,9.183039767321821,47736.0,0.001,1229875200000.0,-0.0948,0.0,216000.0,6.01,0.1758,3509.0,0.05,,0.0,盛融控股,-2.3424,,452948000.0,,0.221,港股主板
01037,,,0.5375,30,-0.81,False,0.005,0.9172,706173448.0,0.61,1.63,194.8421,-18.67,430765803.0,,430765803.0,,2000.0,-0.7997574013058935,-81.96,0.0,0.8677965483881556,288490.0,-0.005,766252800000.0,-0.0048,0.0,472000.0,0.51,0.92,3486.0,0.07,,,云智汇科技,-128.089,,706173448.0,,0.615,港股主板
02315,,,16.1071,30,-9.97,False,0.05,11.1855,110781920.0,70.0,11.51,63.6519,98.3,7754734400.0,,31282889400.0,,500.0,22.108102431381262,166.16,-0.5,42.861031045170186,227356446.55,-7.75,1661961600000.0,0.9372,-586425.0,3119583,4.03,11.2204,3473.0,2.82,,3.09,百奥赛图-B,74.6914,,446898420.0,,77.75,港股主板
01523,27.44800063581838,,7.7296,30,-3.93,False,0.005,19.4465,1108082000.0,7.7,4.74,24.3728,34.82,8532231400.0,,8532231400.0,4.91,1000.0,95.85643582778253,2905.46,0.59,17.83920616436705,5722743.96,-0.315,1468339200000.0,0.3621,-210720.0,730713.0,1.18,19.4418,3471.0,0.07,,-3.0,珩湾科技,21.2674,,1108082000.0,,8.015,港股主板
06988,-59.87963279707107,,2.4509,30,6.0,False,0.001,0.2629,2371927200.0,0.053,28.0,,-47.52,125712142.0,,125712142.0,,1000.0,-22.632713353204302,-98.04,0.0,-76.7717546852068,72602.0,0.003,1600790400000.0,-0.0435,0.0,1337000.0,2.36,0.2629,3467.0,0.06,,-6.25,乐享集团,-1.2191,,2371927200.0,,0.05,港股主板
00196,-57.404865976777984,,0.1467,30,0.0,False,0.001,0.2352,9040489151.0,0.1,0.0,,-41.18,904048915.0,,904048915.0,,1000.0,-0.8158837065988281,-96.9,0.0,-1.0660386406408762,4400.0,0.0,1204819200000.0,-0.0035,0.0,44000.0,0.06,0.2359,3461.0,0.0,,0.0,宏华集团,-28.7766,,9040489151.0,,0.1,港股主板
00658,,,0.0854,30,-0.96,False,0.005,0.1726,1635291556.0,1.03,0.48,0.606,-36.81,1684350303.0,,1684350303.0,,1000.0,4.538640399056555,-88.35,0.0,-14.8401669041624,42220.0,-0.01,1183478400000.0,0.2582,0.0,41000.0,0.2,0.1732,3426.0,0.0,,0.0,中国高速传动,3.9891,,1635291556.0,,1.04,港股主板
02012,30.806575130910407,,,30,13.71,False,0.001,,711354444.0,0.199,20.57,,-53.72,141559534.0,,141559534.0,,1000.0,-350.50384286934246,-99.92,0.51,,858098.0,0.024,1330531200000.0,-0.3171,55315.0,4368000,2.3,-48.5765,3408.0,0.61,,0.0,阳光油砂,-0.6276,,711354444.0,,0.175,港股主板
02589,26.952325791601762,,1.1286,30,-3.54,False,0.05,2.7066,94682718.0,64.05,4.89,7.2796,-22.49,6064428088.0,,6738253431.0,5.58,30.0,32.29963761921243,-64.89,-0.23,23.839282006239504,12984372.0,-2.35,1746633600000.0,6.7198,-1818879.0,199340.0,4.11,2.7045,3376.0,0.21,,40.03,沪上阿姨,9.5316,,105203020.0,,66.4,港股主板
02257,,,,30,-4.94,False,0.005,,112157138.0,3.755,7.59,,-51.04,421150053.0,,421150053.0,,50.0,189.84081559649437,-94.3,1.49,,100921.0,-0.195,1640793600000.0,-0.7344,0.0,27250,1.05,-11.6478,3373.0,0.02,,18.21,圣诺医药-B,-5.1132,,112157138.0,,3.95,港股主板
01384,-42.26685548578391,,11.3197,30,-10.59,False,0.02,5.5226,348860000.0,20.94,11.96,,-68.32,7305128400.0,,7305128400.0,,200.0,47.84123420549329,-62.94,-1.23,90.50244070826695,46854344.2,-2.48,1761580800000.0,-2.1195,603996.0,2139410,2.13,4.0047,3365.0,0.61,,150.56,滴普科技,-9.8795,,348860000.0,,23.42,港股主板
00511,,,0.3132,30,-2.46,False,0.005,0.4053,466961836.0,1.98,5.91,1.9801,-35.29,924584435.0,,924584435.0,,100.0,4.213296093425574,,0.0,-6.911525819291664,914970.0,-0.05,596217600000.0,0.2009,0.0,459900,1.09,0.4053,3363.0,0.1,,,无线集团,9.857,,466961836.0,,2.03,港股主板
01300,,,1.5249,30,-5.76,False,0.005,1.246,1768000000.0,3.11,13.94,6.8047,677.5,5498480000.0,,5498480000.0,,2000.0,7.85014375523063,262.6,-0.16,14.262110126292903,26942943.0,-0.19,1332086400000.0,0.187,2331180.0,8511000.0,0.72,1.2499,3357.0,0.48,,0.0,俊知集团,16.6302,,1768000000.0,,3.3,港股主板
02419,-7.2900711673773655,,0.8492,30,-5.3,False,0.05,2.3869,154504765.0,53.6,7.77,93.2356,-23.59,8281455404.0,,20678448359.0,,100.0,-10.590230967928076,48.76,0.47,7.333881522000607,51933321.0,-3.0,1701792000000.0,-2.6707,-10994855.0,956115.0,2.48,2.1519,3350.0,0.62,,1.49,德康农牧,-20.0695,,385791947.0,,56.6,港股主板
01836,-7.2996709390805385,,0.8441,30,2.07,False,0.01,1.2302,844496500.0,12.3,2.9,9.395,-9.08,10387306950.0,,10387306950.0,10.97,500.0,11.43811115529613,145.41,0.65,2.208218391319283,15221540.0,0.25,1183651200000.0,1.1356,545160.0,1237500,2.76,1.2306,3333.0,0.15,,0.0,九兴控股,10.8316,,844496500.0,,12.05,港股主板
02048,,,0.0493,30,-3.13,False,0.001,,1749059530.0,0.062,10.94,1.4079,-15.07,108441691.0,,108441691.0,,300.0,3.250930091975863,-99.55,1.64,-29.912360896696597,151266.6,-0.002,1532016000000.0,-0.1727,-29243.40000000001,2476500.0,0.57,-0.0112,3326.0,0.14,,-2.09,易居企业控股,-0.3589,,1749059530.0,,0.064,港股主板
00952,,,11.9205,30,-2.17,False,0.001,0.3293,6197049220.0,0.09,0.0,,-40.0,557734430.0,,557734430.0,13.33,10000.0,-12.902748859211647,-99.02,0.0,-18.165577406715126,2700.0,-0.002,875030400000.0,-0.0384,0.0,30000,0.17,0.3293,3322.0,0.0,,,华富建业金融,-2.3411,,6197049220.0,,0.092,港股主板
00746,14.238607847007568,,0.9188,30,-0.11,False,0.005,0.5304,825000000.0,4.445,2.02,4.8237,-8.89,3667125000.0,,3667125000.0,7.87,2000.0,8.841203153252867,,0.0,1.3275202657739182,586040.0,-0.005,1011110400000.0,0.7044,0.0,132000.0,1.55,0.5304,3320.0,0.02,,,理文化工,6.3104,,825000000.0,,4.45,港股主板
02391,,,3.0225112362615634,30,0.23,False,0.01,,543239431.0,13.07,,121.3508457603003,-21.09,7100139363.0,,8017164976.0,3.63,200.0,6.7414219733104614,-26.29,0.0,16.24640051821762,,0.03,1656950400000.0,0.8724,0.0,,,0.9943,3314.0,,,0.0,涂鸦智能-W,14.9811,,613402064.0,,13.04,港股主板
00637,,,0.07,30,-4.6,False,0.001,0.1796,828750000.0,0.166,4.6,,9.21,137572500.0,,137572500.0,,2000.0,0.7331145390588772,-90.82,0.0,-3.7542596666869876,2072.0,-0.008,1159891200000.0,0.0069,0.0,12000,0.1,0.1743,3310.0,0.0,,0.0,利记,24.0385,,828750000.0,,0.174,港股主板
06138,59.94974800412977,,0.2697,30,-1.61,False,0.005,0.053,3023570000.0,0.305,1.61,0.037,-12.86,922188850.0,,3353657864.0,,1000.0,1.1794474781989621,-86.59,0.0,,425570.0,-0.005,1396195200000.0,0.0737,155000.0,1383000.0,2.79,0.0532,3303.0,0.05,,,哈尔滨银行,4.1368,,10995599553.0,,0.31,港股主板
00650,-3.8116942177068847,,6.6416,30,2.11,False,0.001,1.0294,7414969730.0,0.194,5.26,,3.19,1438504128.0,,1438504128.0,,2000.0,-14.281701304260183,-93.36,0.52,-27.46013203668445,201830.0,0.004,718387200000.0,-0.0267,0.0,1062000,0.69,1.1059,3300.0,0.01,,,普达特科技,-7.2642,,7414969730.0,,0.19,港股主板
01065,0.9700824609308434,,1.0399,30,-1.77,False,0.005,0.4698,340000000.0,3.6,1.09,1.3568,-9.56,1224000000.0,,5653505106.0,6.81,2000.0,8.653410818747318,603.95,0.0,1.7632924390332594,1752730.0,-0.065,769104000000.0,0.6407,0.0,486000.0,1.48,0.4713,3295.0,0.14,,,天津创业环保股份,5.6188,,1570418085.0,,3.665,港股主板
02276,23.472957720805887,,6.7351,30,-8.17,False,0.02,3.9396,498269800.0,35.06,9.38,38.3472,-34.39,17469339188.0,,17469339188.0,1.33,100.0,18.44205998724238,774.36,0.06,10.171779886366572,56591496.7,-3.12,1639584000000.0,1.3444,1179158.0,1593365,1.09,3.9152,3294.0,0.32,,2.02,康耐特光学,26.0778,,498269800.0,,38.18,港股主板
03636,167.96212378098244,,0.7695,30,-5.56,False,0.01,1.0074,42018000.0,15.8,8.79,,-46.31,663884400.0,,2406571359.0,2.46,200.0,30.942681117700328,-57.61,-0.38,71.45676893646076,6044032.0,-0.93,1767888000000.0,3.1787,1537900.0,373400.0,4.44,1.0063,3291.0,0.89,,26.0,金浔资源,4.9706,,152314643.0,,16.73,港股主板
00330,,,4.1287,30,0.0,False,0.005,1.9615,283081734.0,0.42,1.19,,-63.48,118894328.0,,118894328.0,,10000.0,-91.37677261715639,-98.04,0.0,-80.13995990692906,60902.0,0.0,755366400000.0,-0.3871,0.0,145050.0,1.27,1.9615,3289.0,0.05,,,思捷环球,-1.0851,,283081734.0,,0.42,港股主板
06628,-35.35314964156324,,11.8937,30,-5.56,False,0.005,0.6066,452981499.0,0.85,12.78,,-59.91,385034274.0,,385034274.0,,500.0,-26.764606804035097,-93.46,0.0,6.31883318424773,2039217.5,-0.05,1632844800000.0,-0.4069,854385.0,2296500.0,6.05,0.6023,3279.0,0.51,,-17.25,创胜集团医药-B,-2.0891,,452981499.0,,0.9,港股主板
03978,54.85482556800441,,0.856,30,1.73,False,0.005,1.9488,845523000.0,2.35,3.25,2.818,-34.55,1986979050.0,,1986979050.0,12.68,1000.0,38.51168552366119,19.93,1.29,64.4536345992469,1337262.5,0.04,1545840000000.0,0.4332,-85470.0,579500.0,1.06,1.9302,3275.0,0.07,,0.0,卓越教育集团,5.4244,,845523000.0,,2.31,港股主板
06603,-25.36282237715429,,1.1013,30,-3.64,False,0.005,0.8754,264778000.0,4.24,8.41,10.6007,-72.93,1122658720.0,,1122658720.0,4.81,200.0,7.551591454874449,-90.32,-0.82,2.4784114922515865,1903344.0,-0.16,1751212800000.0,0.361,103342.0,457600.0,1.79,0.8695,3268.0,0.17,,42.09,IFBH,11.7446,,264778000.0,,4.4,港股主板
00807,-1.5331520869980464,,0.3079,30,0.52,False,0.005,0.1921,2575665726.0,0.965,1.04,1.3608,-4.69,2485517426.0,,2485517426.0,6.94,1000.0,5.381133766198552,-50.66,-0.52,-2.170678128212178,256738.43,0.005,1521734400000.0,0.2633,0.0,266102.0,1.32,0.1927,3262.0,0.01,,0.0,上海实业环境,3.6653,,2575665726.0,,0.96,港股主板
00842,,,0.1106,30,-1.81,False,0.005,0.2209,1433074857.0,0.815,2.41,0.5085,-57.33,1167956008.0,,1167956008.0,,1000.0,-2.813395424013416,-76.63,0.0,1.7239355475869855,90080.0,-0.015,1289836800000.0,-0.0956,0.0,109000.0,0.71,0.221,3253.0,0.01,,0.0,理士国际,-8.5279,,1433074857.0,,0.83,港股主板
02878,,,0.7725,30,-2.23,False,0.001,0.5009,2497752351.0,0.219,4.02,,-48.47,547007765.0,,547007765.0,,2000.0,-2.8022515034992472,-83.25,0.0,-16.62309622060817,281782.0,-0.005,1081353600000.0,-0.0124,-52122.0,1286000,1.03,0.501,3253.0,0.05,,0.0,晶门半导体,-17.6053,,2497752351.0,,0.224,港股主板
06989,-35.153103148618314,,0.1269,30,0.0,False,0.005,0.1336,1220348000.0,0.49,3.06,1.3452,-40.24,597970520.0,,597970520.0,,1000.0,1.9220273879008303,-93.65,0.0,2.3352113329586643,14815.0,0.0,1603036800000.0,0.0735,0.0,30000.0,0.22,0.134,3250.0,0.0,,3.0,卓越商企服务,6.663,,1220348000.0,,0.49,港股主板
00061,,,0.139,30,11.7,False,0.001,,131565101.0,0.21,0.0,,-37.5,27628671.0,,27628671.0,,10000.0,-24.190739287448206,-100.0,0.0,-44.35007051043647,12900.0,0.022,931190400000.0,4.4235,0.0,60000,0.38,-0.0129,3241.0,0.05,,,绿领控股,0.0475,,131565101.0,,0.188,港股主板
00775,,,0.9054,30,-1.89,False,0.005,1.2661,9611072400.0,0.52,1.89,34.9481,-36.59,4997757648.0,,4997757648.0,,2000.0,-1.702518345116065,,0.0,1.9396452497712602,551151.2,-0.01,1026748800000.0,-0.0067,0.0,1054440.0,0.62,1.2661,3238.0,0.01,,,长江生命科技,-77.2463,,9611072400.0,,0.53,港股主板
01753,,,0.634,30,2.17,False,0.005,0.373,1076823200.0,0.47,16.3,,113.64,506106904.0,,506106904.0,,400.0,-8.691384496840433,-91.54,0.0,-11.56075887589816,2624046.0,0.01,1557158400000.0,-0.1126,27280.0,5419200,1.76,0.3741,3236.0,0.5,,0.17,兑吧,-4.1759,,1076823200.0,,0.46,港股主板
02543,46.4272335094521,,1.1837,30,-1.41,False,0.02,1.6943,9041000.0,33.6,2.11,5.0298,2.83,303777600.0,,1101705058.0,8.16,100.0,25.801226067456245,-45.92,0.0,48.64383923925748,998090.0,-0.48,1757347200000.0,3.2166,0.0,30000,3.13,1.6858,3225.0,0.33,,14.95,大行科工,10.4459,,32788841.0,,34.08,港股主板
01274,-14.05085967220242,,0.3179,30,-1.26,False,0.005,0.5481,253036640.0,1.965,14.82,,-68.56,497216998.0,,497216998.0,,100.0,-34.07893025800473,-93.35,5.08,19.56713144246347,115959.0,-0.025,1703001600000.0,-1.3008,0.0,61000.0,0.32,0.5404,3223.0,0.02,,-12.82,知行科技,-1.5106,,253036640.0,,1.99,港股主板
02723,-31.25914615568113,,66.3551,30,-20.6,False,0.5,57.0926,90679175.0,584.0,21.21,,952.25,52956638200.0,,52956638200.0,,100.0,,276.77,-2.34,10.64575476335805,108505084.0,-151.5,1779811200000.0,0.1703,-2684500.0,170932.0,1.17,57.2711,3223.0,0.19,,265.77,深演智能,3430.1248,,90679175.0,,735.5,港股主板
00976,183.08720430093626,,0.5376347445084905,30,0.0,False,0.005,,1605152291.0,0.43,,,0.0,690215485.0,,690215485.0,,2000.0,-11.668168045205144,-78.43,,-62.10502559464628,,0.0,1278864000000.0,-0.2219,0.0,,,0.24,3222.0,,,0.0,齐合环保,-1.9377,,1605152291.0,,0.43,港股主板
00014,,,4.5892,30,0.32,False,0.01,0.2131,1027008223.0,15.47,1.88,6.6007,-13.27,15887817210.0,,15887817210.0,6.98,1000.0,0.4182562855367511,,-0.32,2.531386124357482,14579614.44,0.05,369590400000.0,0.3048,72220.0,936078.0,1.01,0.2131,3183.0,0.09,,,希慎兴业,50.7598,,1027008223.0,,15.42,港股主板
08047,,,0.5477855644846977,30,0.0,False,0.001,,7083656179.0,0.025,,,0.0,177091404.0,,177091404.0,,4000.0,-13.656444892494763,-99.73,,-35.88917848959953,,0.0,1004544000000.0,-0.0078,0.0,,,0.3791,3182.0,,,-3.31,中国海洋发展,-3.2053,,7083656179.0,,0.025,港股GEM
01623,-26.194021610513275,,0.0736,30,-0.41,False,0.001,0.1229,1696438600.0,0.243,3.28,0.909,35.08,412234580.0,,412234580.0,1.23,1000.0,2.0681487409242383,-88.8,0.0,2.271877908439124,43362.0,-0.001,1303315200000.0,0.0379,0.0,179000.0,0.44,0.1227,3179.0,0.01,,0.0,海隆控股,6.4072,,1696438600.0,,0.244,港股主板
01011,-41.74102043181619,,17.9242,30,0.0,False,0.005,,1796563586.0,0.41,0.0,,-50.0,736591070.0,,736591070.0,,10000.0,14.205366689425073,-98.98,0.0,-20.817815995437662,8200.0,0.0,1303228800000.0,-0.0177,0.0,20000.0,0.13,4.0769,3174.0,0.0,,0.0,泰凌医药,-23.1885,,1796563586.0,,0.41,港股主板
02772,63.756553577193074,,0.0139,30,0.0,False,0.001,,4473661920.0,0.034,5.88,,-42.37,152104505.0,,152104505.0,,500.0,-1324.219849541723,-99.26,0.0,-55.20171307191723,14759.0,0.0,1563206400000.0,-1.746,0.0,438500.0,0.13,-0.0482,3168.0,0.01,,7.21,中梁控股,-0.0195,,4473661920.0,,0.034,港股主板
01126,-17.582977811033583,,0.5916,30,-3.17,False,0.005,0.8834,676865000.0,5.5,4.4,7.9557,-26.71,3722757500.0,,3722757500.0,10.91,500.0,14.354316764912792,1262.4,-0.09,7.834196032877672,4853717.5,-0.18,1013011200000.0,0.8742,-294257.5,873000.0,2.09,0.8834,3162.0,0.13,,0.0,德林国际,6.2913,,676865000.0,,5.68,港股主板
08168,,,5.066619718309859,30,0.0,False,0.001,,1484600000.0,0.063,,,-53.33,93529800.0,,93529800.0,,10000.0,-2.4824661958116088,-80.12,,32.50617090206005,,0.0,1521648000000.0,-0.0007,0.0,,,1.6778,3157.0,,,12.5,宝积资本,-92.8796,,1484600000.0,,0.063,港股GEM
01101,30.210345361941293,,1.1642606942462157,30,0.0,False,0.001,,4770491507.0,0.02,,36.951909372579394,0.0,95409830.0,,95409830.0,,2000.0,4.581156236592291,-99.95,,-39.92514627298609,,0.0,1290096000000.0,-0.0988,0.0,,,-0.0091,3157.0,,,0.0,华荣能源,-0.2025,,4770491507.0,,0.02,港股主板
01345,-0.8181929626881246,,1.8470410015176832,30,0.24,False,0.005,,1257447000.0,2.08,,12.905546915090987,-9.71,2615489760.0,,2615489760.0,2.6,1000.0,11.58731354527648,6.92,0.0,-8.624263516015318,,0.005,1383580800000.0,0.1115,0.0,,,2.1846,3155.0,,,0.0,上海先锋控股,18.6557,,1257447000.0,,2.075,港股主板
02309,,,7.0299,30,-5.32,False,0.005,1.8008,922783892.0,1.245,12.17,,-41.55,1148865946.0,,1148865946.0,,2000.0,23.907471004249352,-99.46,-1.19,10.408586836515221,7513994.0,-0.07,1037030400000.0,0.1208,0.0,5872000.0,1.2,2.0187,3153.0,0.64,,0.0,大象未来集团,10.308,,922783892.0,,1.315,港股主板
02610,-5.618876372026616,,1.8987,30,-0.78,False,0.02,0.879,620435200.0,22.82,2.52,9.7127,-51.96,14158331264.0,,14158331264.0,2.5,100.0,11.55615036622425,-11.16,-0.44,5.417796912509787,3453063.9,-0.18,1742832000000.0,2.7753,0.0,149841.0,0.92,0.8793,3152.0,0.02,,-5.08,南山铝业国际,8.2225,,620435200.0,,23.0,港股主板
00980,,,0.0189,30,-2.0,False,0.001,,372600000.0,0.245,22.0,0.8111,-23.44,91287000.0,,362502000.0,,1000.0,403.97853660308147,-86.82,-3.92,-10.092939906607024,171222.0,-0.005,1056643200000.0,-0.3401,0.0,679000.0,0.16,-0.9466,3147.0,0.18,,0.0,联华超市,-0.7205,,1479600000.0,,0.25,港股主板
00086,,,2.0228,30,0.0,False,0.005,0.3407,1957121493.0,3.96,1.52,4.4143,5.94,7750201112.0,,7750201112.0,7.1,1000.0,6.229722120429377,,0.51,-6.0012106657154956,868200.0,0.0,433958400000.0,0.7123,0.0,221000.0,0.89,0.3407,3147.0,0.01,,,新鸿基公司,5.5597,,1957121493.0,,3.96,港股主板
00585,-3.1746298477548396,,151.9636,30,1.68,False,0.005,3.4401,829921572.0,4.55,8.49,24.2225,468.75,3776143153.0,,3776143153.0,,500.0,0.4308964492354751,-83.58,2.13,10.34177035529542,331559.375,0.075,857923200000.0,0.0046,0.0,74525.0,0.27,3.4401,3142.0,0.01,,,意力国际,998.7155,,829921572.0,,4.475,港股主板
01450,4.432224841920784,,0.4334,30,-5.74,False,0.005,1.2471,1404653163.0,0.575,9.84,2.0775,-47.08,807675569.0,,807675569.0,8.7,2000.0,22.627106997815403,-40.89,-2.54,17.96650754751894,64214.0,-0.035,1404662400000.0,0.0979,0.0,107400.0,0.05,1.2487,3131.0,0.01,,0.0,交个朋友控股,5.8716,,1404653163.0,,0.61,港股主板
08143,28.65274798842068,,3.574091625124626,30,0.0,False,0.001,,270551994.0,0.265,,,-73.62,71696278.0,,71696278.0,,10000.0,-1545.095619987662,,0.0,-28.704313519289947,,0.0,1020960000000.0,-0.0463,0.0,,,2.6052,3121.0,,,,金威医疗,-5.7252,,270551994.0,,0.265,港股GEM
00582,-43.20660174775115,,0.1916,30,-5.36,False,0.001,0.0322,3651481386.0,0.053,7.14,6.2086,-55.83,193528513.0,,193528513.0,,6000.0,-2.6282599943360414,-99.99,0.0,3.203833496358377,79113.12,-0.003,1020096000000.0,-0.0456,0.0,1524720.0,2.62,0.0322,3119.0,0.04,,0.0,神话世界,-1.163,,3651481386.0,,0.056,港股主板
02410,-44.175268799529434,,,30,-7.41,False,0.005,4.7291,380065818.0,3.75,9.51,,-71.4,1425246818.0,,1425246818.0,,500.0,-68.78092281697253,-74.1,0.81,,2078255.0,-0.3,1724083200000.0,-0.6302,-228700.0,546000,1.32,4.7439,3119.0,0.14,,13.22,同源康医药-B,-5.9501,,380065818.0,,4.05,港股主板
08006,-42.41325045587937,,0.9543,30,-13.71,False,0.001,1.0587,368852325.0,0.107,0.81,,-6.96,39467199.0,,39467199.0,,10000.0,-30.590157868771584,-99.82,0.0,0.31009714056000615,2385.0,-0.017,952531200000.0,-0.0269,0.0,22550,1.67,1.0587,3099.0,0.01,,0.0,华泰瑞银,-3.9781,,368852325.0,,0.124,港股GEM
01606,13.651063801082518,,0.6046,30,0.0,False,0.005,0.3652,2769594000.0,1.515,1.65,0.8539,-5.66,4195934910.0,,19153205700.0,7.66,2000.0,12.72390345971253,57.26,0.0,3.9319591035155588,3045420.0,0.0,1468166400000.0,0.5006,0.0,2006000.0,1.2,0.366,3098.0,0.07,,-7.0,国银金租,3.0262,,12642380000.0,,1.515,港股主板
00588,,,0.3267,30,-1.46,False,0.005,0.1601,707020000.0,0.675,2.92,4.329,-12.34,477238500.0,,2272738500.0,,2000.0,-17.339530793770802,-68.15,0.0,-27.058006117460476,2138770.0,-0.01,863539200000.0,-0.7922,0.0,3146000,1.14,0.1606,3094.0,0.44,,,北京北辰实业股份,-0.8521,,3367020000.0,,0.685,港股主板
01021,,,10.281,30,3.16,False,0.005,1.9644,539038780.0,8.16,20.23,,-52.0,4398556445.0,,4545663293.0,,200.0,,-51.43,1.12,30.43117949294498,87269946.0,0.25,1774800000000.0,-0.1401,-1344926.0,10498700,4.38,1.9706,3089.0,1.95,,8.24,华沿机器人,-58.2362,,557066580.0,,7.91,港股主板
03303,,,1.1024,30,-1.41,False,0.005,0.3548,2488835287.0,0.35,0.0,,-23.76,871092350.0,,871092350.0,,2000.0,-3.72463955212258,-62.68,0.0,-38.71511887865451,2760.0,-0.005,1158768000000.0,-0.0371,0.0,8000,0.03,0.3559,3088.0,0.0,,0.0,巨涛海洋石油服务,-9.4391,,2488835287.0,,0.355,港股主板
01257,,,0.2196,30,-1.36,False,0.005,0.1091,2066078000.0,0.725,0.68,0.4088,-23.76,1497906550.0,,1497906550.0,7.86,1000.0,0.903245496860249,-81.2,0.0,-2.3314056295207886,100885.0,-0.01,1494172800000.0,0.057,0.0,139000,1.22,0.1091,3080.0,0.01,,-2.41,中国光大绿色环保,12.7297,,2066078000.0,,0.735,港股主板
00187,60.38602665402677,,0.8157,30,3.05,False,0.005,1.5089,100000000.0,2.535,2.03,894.816,-37.41,253500000.0,,1383468361.0,,2000.0,-10.774412579099083,18.7,1.6,1.3820962920953583,2342170.0,0.075,744566400000.0,-0.2104,0.0,930000,2.17,1.5071,3078.0,0.93,,,京城机电股份,-12.0491,,545746888.0,,2.46,港股主板
00757,,,0.0579,30,0.0,False,0.001,0.2425,3323771133.0,0.051,1.96,,-34.62,169512328.0,,169512328.0,,1000.0,-32.32799797243289,-97.72,0.0,-27.266327445641323,20300.0,0.0,1206892800000.0,-0.079,0.0,402000.0,1.49,0.2433,3077.0,0.01,,0.0,阳光能源,-0.6453,,3323771133.0,,0.051,港股主板
00159,-20.16025816736795,,,30,0.0,False,0.001,,9280232131.0,0.058,,,-34.83,538253464.0,,538253464.0,,4000.0,-6.3229740802657215,-86.35,0.0,,,0.0,1032364800000.0,-0.0031,0.0,,,1.1855,3077.0,,,0.0,布莱克万矿业,-18.7004,,9280232131.0,,0.058,港股主板
00095,7.656516988964279,,0.0921,30,-2.75,False,0.001,0.1074,6363766467.0,0.177,2.75,1.0546,-40.0,1126386665.0,,1126386665.0,,2000.0,-59.07729889289316,-75.1,0.0,42.05320786500752,66970.0,-0.005,1133452800000.0,-1.3226,52200.0,372000.0,1.03,0.1077,3072.0,0.01,,0.0,绿景中国地产,-0.1338,,6363766467.0,,0.182,港股主板
01588,85.4806167355597,,1.0207,30,0.84,False,0.005,1.275,135077211.0,4.19,1.2,5.9994,-42.94,565973514.0,,1346694513.0,10.91,200.0,9.676486613332184,-51.42,0.0,15.7724479831586,55675.0,0.035,1403712000000.0,0.3179,0.0,13200,1.08,1.2692,3063.0,0.01,,0.0,畅捷通,13.1788,,321406805.0,,4.155,港股主板
00259,46.916696874006725,,2.1344,30,-1.82,False,0.005,0.5275,933566000.0,2.7,1.45,34.1901,-25.8,2520628200.0,,2520628200.0,1.85,2000.0,42.50177636554629,370.79,0.0,-3.782772356698527,260440.0,-0.05,746812800000.0,2.0894,0.0,96000.0,1.09,0.4505,3056.0,0.01,,,亿都(国际控股),1.2922,,933566000.0,,2.75,港股主板
03838,,,0.0882,30,-1.14,False,0.001,0.2094,5666077043.0,0.173,2.29,3.0605,1.65,980231328.0,,980231328.0,5.78,5000.0,0.4511390783319527,28.72,0.0,-5.751657676681909,236313.0,-0.002,1190822400000.0,0.0041,0.0,1349000,0.5,0.2024,3055.0,0.02,,0.0,中国淀粉,42.6151,,5666077043.0,,0.175,港股主板
00040,-12.38369513352826,,0.08608729958732222,30,0.0,False,0.005,,902488110.0,0.67,,1.1689763292103421,-12.09,604667034.0,,604667034.0,3.73,1000.0,2.1609897801252274,,0.0,2.1945808547708667,,0.0,457545600000.0,0.0275,0.0,,,0.505,3052.0,,,,金山科技工业,24.3435,,902488110.0,,0.67,港股主板
83690,-8.913675398996046,,0.9733,30,-1.17,False,0.05,2.1792,5596331814.0,59.2,1.17,,-35.9,331302843389.0,,365588700160.0,,100.0,-21.749568861080224,-51.67,0.0,13.23243325328567,281545.0,-0.7,1687104000000.0,-6.9331,0.0,4700.0,0.47,2.1606,3046.0,0.0,69.4,-0.03,美团-WR,-8.5387,03690,6175484800.0,,59.9,港股主板
00889,-32.34572100767545,,0.5845,30,2.7,False,0.005,0.1683,320000000.0,0.38,5.41,,2.7,121600000.0,,121600000.0,,2000.0,-2.7120442371766593,-19.05,0.0,2.0050702723251046,123970.0,0.01,993139200000.0,-0.0626,0.0,326000.0,1.03,0.1683,3043.0,0.1,,0.0,连达科技控股,-6.0679,,320000000.0,,0.37,港股主板
02506,-28.990978898561572,,6.4354,30,-2.65,False,0.05,7.8497,77297112.0,64.25,4.7,,-18.77,4966339446.0,,7766426470.0,,50.0,-5.753120324259461,-28.41,-0.39,34.96600382782182,2987681.75,-1.75,1735488000000.0,-0.492,222425.0,46685.0,3.37,7.8742,3027.0,0.06,,5.07,讯飞医疗科技,-130.5809,,120878233.0,,66.0,港股主板
00083,-7.770589659208271,,10.4721,30,0.6,False,0.01,0.5696,9586141247.0,10.13,1.99,49.4438,0.41,97107610832.0,,97107610832.0,5.52,2000.0,2.673681512037102,,-0.3,-7.929829215673989,154842087.95,0.06,355507200000.0,0.4787,3385740.0,15180725,1.75,0.5585,3021.0,0.16,,,信和置业,21.161,,9586141247.0,,10.07,港股主板
02411,-55.83830047364192,,0.3212,30,3.85,False,0.005,1.0849,1959113250.0,1.62,5.13,28.4685,-5.48,3173763465.0,,3173763465.0,0.37,500.0,2.343678971216453,-74.23,0.62,-6.347734671831762,3768257.0,0.06,1673798400000.0,0.0307,583095.0,2358000.0,1.47,1.0531,3014.0,0.12,,7.14,百果园集团,52.7356,,1959113250.0,,1.56,港股主板
01206,478.61735007106205,,0.1037,30,-9.47,False,0.001,0.0556,782192189.0,0.153,4.14,0.7055,-56.9,119675405.0,,119675405.0,,2000.0,-33.31289119089836,-84.39,0.0,-37.91585484691302,104792.0,-0.016,1319644800000.0,-1.0736,0.0,684000,1.21,0.0558,3011.0,0.09,,0.0,同方泰德,-0.1425,,782192189.0,,0.169,港股主板
04338,,,,30,0.0,False,1.0,,9130293000.0,1600.0,,,0.0,14608468800000.0,,14608468800000.0,,10.0,,,,,,0.0,959702400000.0,,0.0,,,,2993.0,,,,微软-T,,,9130293000.0,,1600.0,港股主板
01822,,,1.0499,30,-1.52,False,0.001,4.152,1973797360.0,0.13,3.79,,15.86,256593657.0,,256593657.0,,30000.0,-56.284277093096065,-99.09,0.0,-12.092591472621573,97884.0,-0.002,1260892800000.0,-0.0207,0.0,744000.0,0.78,1.8621,2992.0,0.04,,0.0,中木国际,-6.2741,,1973797360.0,,0.132,港股主板
02283,-35.40123440704646,,0.4765,30,-0.35,False,0.005,0.6811,833260000.0,1.43,0.7,4.8389,-39.18,1191561800.0,,1191561800.0,12.1,2000.0,8.923936518000437,138.57,0.0,10.660859774266518,431160.0,-0.005,1387468800000.0,0.1838,0.0,302000.0,0.91,0.6811,2989.0,0.04,,,东江集团控股,7.7811,,833260000.0,,1.435,港股主板
00876,,,1.9878,30,-7.34,False,0.005,,103632754.0,1.64,7.91,19.9575,-53.14,169957717.0,,169957717.0,,2000.0,-175.227638395304,-90.12,0.0,-14.284831586487357,32996.0,-0.13,860601600000.0,-0.9563,0.0,21600,0.4,-0.5265,2981.0,0.02,,,青海生物制药,-1.7149,,103632754.0,,1.77,港股主板
08226,,,2.5692,30,-1.9,False,0.001,0.1107,417503991.0,0.103,0.0,13.3924,-8.04,43002911.0,,43002911.0,,5000.0,2.6548764900748623,,0.0,-20.339838975474567,8240.0,-0.002,1027008000000.0,0.0244,0.0,80000.0,0.07,0.1107,2978.0,0.02,,,树熊金融集团,4.2251,,417503991.0,,0.105,港股GEM
02163,,,0.12611641850995184,30,0.0,False,0.01,,309814400.0,0.6,,0.7099304588358042,0.0,185888640.0,,292583640.0,,300.0,-20.18290119895662,-92.7,,-13.509044838571683,,0.0,1572969600000.0,-1.3051,0.0,,,0.1029,2976.0,,,-0.1,远大住工,-0.4597,,487639400.0,,0.6,港股主板
00623,99.07850201688689,,2.335896468361115,30,0.0,False,0.005,,456195370.0,1.83,,34.29899453574363,12.97,834837527.0,,834837527.0,17.05,1000.0,17.181423678790864,95.7,0.0,-31.94103918354122,,0.0,1215446400000.0,0.9124,0.0,,,0.3641,2968.0,,,0.0,金桥集团控股,2.0057,,456195370.0,,1.83,港股主板
02111,15.454301684286786,,0.4889,30,-2.53,False,0.005,0.6459,1039808000.0,2.5,1.56,2.4364,-15.23,2599520000.0,,2599520000.0,10.44,2000.0,14.324419309257094,152.6,0.0,10.436991152671649,429400.0,-0.065,1400774400000.0,0.5223,218440.0,170000.0,0.45,0.6459,2945.0,0.02,,0.0,超盈国际控股,4.7864,,1039808000.0,,2.565,港股主板
00286,,,0.48222005144736413,30,0.0,False,0.01,,192183832.0,1.31,,1.0430666291026904,0.0,251760820.0,,251760820.0,,2000.0,-23.30966034353418,,,-8.272808028680412,,0.0,652636800000.0,-1.004,0.0,,,0.3089,2928.0,,,,爱帝宫,-1.3047,,192183832.0,,1.31,港股主板
02389,21.04396749214128,,3.9338,30,10.77,False,0.001,0.2613,6058772027.0,0.072,9.23,,12.5,436231586.0,,436231586.0,,6000.0,-6.155937648738695,-94.12,0.0,-23.778119813012133,1260.0,0.007,1019750400000.0,-0.0171,0.0,18000,0.07,0.2613,2911.0,0.0,,0.0,北京健康,-4.2161,,6058772027.0,,0.065,港股主板
00612,-65.66643238477742,,766.9799413489736,30,0.0,False,0.005,,1561433790.0,0.335,,,0.0,523080320.0,,523080320.0,,8000.0,-20.26044354849606,-86.91,,8.336013343829563,,0.0,1009900800000.0,-0.072,0.0,,,1.0403,2910.0,,,,嘉文世纪投资公司,-4.6511,,1561433790.0,,0.335,港股主板
00210,12.51729572243847,,1.53,30,1.67,False,0.005,0.6178,1978498429.0,0.305,3.33,4.5638,-20.51,603442021.0,,603442021.0,6.56,2000.0,12.42337084828287,52.65,1.67,7.742643919912551,62990.0,0.005,815328000000.0,0.0586,0.0,210000.0,1.52,0.6166,2900.0,0.01,,,达芙妮国际,5.2055,,1978498429.0,,0.3,港股主板
00643,51.50201597082962,,0.2979885098483682,30,0.71,False,0.001,,899845554.0,0.142,,,-36.04,127778069.0,,127778069.0,,10000.0,-35.70249553057576,-73.1,0.0,13.817981618285557,,0.001,952876800000.0,-0.0405,0.0,,,1.4816,2888.0,,,0.0,恒富控股,-3.506,,899845554.0,,0.141,港股主板
00848,,,0.2842,30,-0.57,False,0.001,0.0416,5140326000.0,0.175,2.27,0.8593,43.44,899557050.0,,899557050.0,,1000.0,-3.3838171940605637,-90.8,0.0,-15.471202184687927,692698.0,-0.001,1209916800000.0,-0.14,227500.0,3965000.0,0.19,0.0417,2887.0,0.08,,0.0,茂业国际,-1.2498,,5140326000.0,,0.176,港股主板
01286,14.695915709581154,,2.3036,30,-4.76,False,0.005,1.9372,1947285665.0,6.7,5.9,9.3697,40.21,13046813956.0,,13046813956.0,2.36,1000.0,13.370876314347976,185.52,-0.07,10.8821243959069,15448878.63,-0.335,1561651200000.0,0.4113,1153350.0,2276827,1.08,1.9372,2881.0,0.12,,0.33,鹰普精密,16.2905,,1947285665.0,,7.035,港股主板
06136,51.738456692559524,,0.6531,30,-0.66,False,0.005,0.2339,2307008500.0,0.75,5.3,2.6428,57.27,1730256375.0,,1730256375.0,0.67,1000.0,5.2013837291365315,-74.97,0.67,-0.13014286371244577,274490.0,-0.005,1404403200000.0,0.1605,0.0,372000.0,2.22,0.2344,2879.0,0.02,,0.0,康达环保,4.6718,,2307008500.0,,0.755,港股主板
06196,2.090946749333389,,0.5597,30,1.8,False,0.005,0.1175,2020458000.0,0.85,2.4,0.156,-26.09,1717389300.0,,7728277654.0,,1000.0,2.6046524219898544,-63.79,-0.58,,6879975.0,0.015,1450800000000.0,0.1902,331935.0,8023000,3.0,0.1179,2871.0,0.4,,0.0,郑州银行,4.4681,,9092091358.0,,0.835,港股主板
06698,-35.29327020717542,,1.9059,30,0.0,False,0.005,0.1173,397461868.0,0.84,0.6,,-16.83,333867969.0,,333867969.0,,100.0,-5.771768603028466,-97.42,0.0,-32.562227162435306,8536.5,0.0,1672243200000.0,-0.4183,0.0,10200.0,0.61,0.1166,2858.0,0.0,,70.57,星空华文,-2.0083,,397461868.0,,0.84,港股主板
81024,25.53503283620129,,0.7429,30,-3.55,False,0.02,1.2891,3644801546.0,24.42,2.29,4.4883,-57.23,89006053753.0,,105107355161.0,2.84,100.0,20.61790956942492,-55.52,0.08,8.80167346977312,269594.0,-0.9,1687104000000.0,4.1731,0.0,10900.0,0.62,1.2781,2852.0,0.0,28.54,-3.73,快手-WR,5.8518,01024,4304150498.0,,25.32,港股主板
06978,-28.014601219032322,,,30,-3.61,False,0.005,,617500800.0,0.4,2.41,,-86.35,247000320.0,,247000320.0,,1000.0,151.68373910775313,-96.75,0.0,,42060.0,-0.015,1594310400000.0,-0.3177,-9840.0,103000.0,1.41,-2.5603,2852.0,0.02,,40.73,永泰生物-B,-1.2591,,617500800.0,,0.415,港股主板
00505,23.281582119233324,,0.06920451796475394,30,0.0,False,0.005,,899558173.0,0.95,,2.1970847051503877,7.75,854580264.0,,854580264.0,3.16,1000.0,12.705245443602786,-24.72,0.0,25.526558236437857,,0.0,1198684800000.0,0.396,0.0,,,0.2874,2849.0,,,0.0,兴业合金,2.3992,,899558173.0,,0.95,港股主板
01107,-21.209739465028754,,0.013405410746109719,30,0.0,False,0.001,,2794994650.0,0.013,,,-7.14,36334930.0,,36334930.0,,2000.0,23.059318536093528,-98.34,,-38.511395149447225,,0.0,1373558400000.0,-1.8138,-41236.0,,,-0.0014,2847.0,,,0.0,当代置业,-0.0072,,2794994650.0,,0.013,港股主板
00041,-12.499359426677682,,0.5297,30,0.07,False,0.01,0.1963,749758345.0,13.6,2.94,1.558,-3.87,10196713492.0,,10196713492.0,7.87,1000.0,-0.5157454344285118,,0.52,19.54137399587692,6395567.84,0.01,599414400000.0,-0.3618,367200.0,467893.0,1.87,0.1963,2840.0,0.06,,,鹰君,-37.5918,,749758345.0,,13.59,港股主板
02266,77.47952228894607,,1.1043,30,10.53,False,0.005,1.5377,400000000.0,0.42,13.16,,28.28,168000000.0,,168000000.0,3.57,2000.0,-6.012156175955496,-64.75,0.0,12.623552960569672,23430.0,0.04,1486656000000.0,-0.0177,0.0,58000,0.46,1.5378,2839.0,0.01,,51.3,黎氏企业,-23.7222,,400000000.0,,0.38,港股主板
00315,24.97239197954457,,0.8003,30,-0.72,False,0.005,0.9802,1100951601.0,4.8,1.03,2.3703,5.04,5284567685.0,,5284567685.0,6.67,500.0,9.732097559111919,214.86,0.0,-0.7912145236753543,4573680.925,-0.035,846691200000.0,0.4766,-280050.0,948809.0,2.6,0.9646,2830.0,0.09,,,数码通电讯,10.0708,,1100951601.0,,4.835,港股主板
02348,-8.17802210551405,,1.1044,30,0.0,False,0.005,0.365,1507025000.0,0.96,0.0,3.6706,-16.44,1446744000.0,,1446744000.0,6.56,4000.0,6.911268081378733,,0.0,-2.537300537688003,215040.0,0.0,1057852800000.0,0.1766,0.0,224000.0,0.96,0.3624,2829.0,0.01,,,东瑞制药,5.436,,1507025000.0,,0.96,港股主板
01991,-10.73207122790578,,0.13546208559430223,30,0.0,False,0.005,,172006700.0,0.665,,16.83609891080365,-18.9,114384456.0,,114384456.0,,10000.0,-511.4803301532855,-96.9,0.0,-6.785587238215207,,0.0,1181232000000.0,-0.4161,0.0,,,16.4251,2820.0,,,0.0,大洋集团,-1.5981,,172006700.0,,0.665,港股主板
06610,,,0.1368,30,-1.32,False,0.005,0.0765,130028760.0,0.75,2.63,,-33.84,97521570.0,,97521570.0,,1000.0,-21.33984162049087,-97.96,0.0,-28.257374760549315,235590.0,-0.01,1666022400000.0,-2.2347,0.0,310000,1.69,0.0767,2804.0,0.24,,-4.07,飞天云动,-0.3356,,130028760.0,,0.76,港股主板
00672,84.8581493747513,,0.0901,30,1.43,False,0.001,0.0399,5635809800.0,0.071,8.57,,-33.64,400142496.0,,400142496.0,,1000.0,-12.383090769774602,-97.14,0.0,-47.01406976957275,70048.6,0.001,1194883200000.0,-0.2336,0.0,1037400.0,3.06,0.0401,2802.0,0.02,,0.0,众安集团,-0.3039,,5635809800.0,,0.07,港股主板
00518,,,0.1193260437480931,30,0.0,False,0.001,,451067557.0,0.15,,2.7482892887607133,-22.68,67660134.0,,67660134.0,,2000.0,-3.8692465083636716,,0.0,-9.031072185568934,,0.0,598118400000.0,-0.0332,0.0,,,0.1767,2789.0,,,,同得仕(集团),-4.5119,,451067557.0,,0.15,港股主板
02668,-1.2838794253360875,,4.2672,30,-1.2,False,0.005,7.6479,5630000000.0,0.41,3.61,33.9861,110.26,2308300000.0,,2308300000.0,,10000.0,-53.772021969075524,132.56,1.23,-5.392230507482321,6405300.0,-0.005,1007568000000.0,-0.0386,0.0,15670000.0,0.76,7.6479,2784.0,0.28,,0.0,百德国际,-10.6226,,5630000000.0,,0.415,港股主板
02156,-5.132600606688031,,0.7327,30,-3.28,False,0.005,1.527,1408264016.0,2.505,4.05,5.6856,-0.2,3527701360.0,,3527701360.0,7.98,1000.0,20.127305668118307,5.67,0.0,8.763293785073056,2575140.0,-0.085,1609344000000.0,0.3127,390000.0,1008000.0,1.43,1.5317,2774.0,0.07,,1.64,建发物业,8.0109,,1408264016.0,,2.59,港股主板
02139,-0.6815800777113634,,0.6107,30,0.0,False,0.001,0.0962,3793800000.0,0.243,0.82,0.2723,44.47,921893400.0,,3661959293.0,56.79,1000.0,1.841674815688973,-86.81,-0.41,,33342.0,0.0,1516204800000.0,0.0473,0.0,137000.0,0.47,0.0963,2771.0,0.0,,2.12,甘肃银行,5.1404,,15069791330.0,,0.243,港股主板
00559,-50.6262077320781,,2.1140118975082576,30,0.0,False,0.001,,523184390.0,0.126,,,38.46,65921233.0,,65921233.0,,10000.0,-1.7691254458332937,-99.86,,0.02566817579923164,,0.0,852220800000.0,-0.0161,0.0,,,0.1433,2767.0,,,,德泰新能源集团,-7.8431,,523184390.0,,0.126,港股主板
00510,-21.868372698440176,,2.2016,30,-2.35,False,0.005,1.0801,431174779.0,0.415,2.35,4.9771,-12.63,178937533.0,,178937533.0,,6000.0,-22.881686841077702,-95.52,0.0,14.744575344192668,25200.0,-0.01,1204473600000.0,-0.0951,0.0,60000.0,4.78,1.0801,2766.0,0.01,,,时富金融服务集团,-4.3622,,431174779.0,,0.425,港股主板
00023,-0.8941327303398028,,2.121,30,-5.89,False,0.01,0.4338,2646773166.0,17.57,6.96,3.5429,37.27,46503804527.0,,46503804527.0,3.87,200.0,3.1044318695824757,,0.92,,72692171.37,-1.1,599414400000.0,1.2706,380042.0,4075527.0,1.72,0.4338,2765.0,0.15,,,东亚银行,13.8281,,2646773166.0,,18.67,港股主板
01502,-4.465592591365297,,0.3023,30,0.27,False,0.005,0.4479,103500000.0,1.865,0.54,3.8809,-0.92,193027500.0,,696577500.0,9.12,1000.0,8.302298119720229,-68.99,0.0,10.43245568343496,303685.0,0.005,1593964800000.0,0.3364,0.0,163000.0,0.74,0.4493,2755.0,0.16,,28.53,金融街物业,5.5442,,373500000.0,,1.86,港股主板
01049,-46.722484431967416,,0.07148754876798272,30,0.0,False,0.005,,80698181.0,0.73,,,-31.13,58909672.0,,58909672.0,,2000.0,-255.08364312267656,-99.88,0.0,-4.28737297057401,,0.0,767376000000.0,-0.3401,0.0,,,11.6838,2745.0,,,,时富投资,-2.1463,,80698181.0,,0.73,港股主板
02706,-27.00789854458471,,17.449,30,-7.0,False,0.02,10.6192,404221723.0,36.38,8.33,,34.44,14705586283.0,,14705586283.0,,200.0,,-55.8,0.04,41.24096967472062,18259220.0,-2.74,1770912000000.0,-0.2691,67656.0,491408,2.27,10.6082,2725.0,0.12,,242.2,海致科技集团,-135.1948,,404221723.0,,39.12,港股主板
06963,32.70430651228657,,0.3712,30,2.33,False,0.005,0.6326,3478768513.0,3.515,3.06,0.4877,-4.13,12227871323.0,,40427851588.0,6.32,500.0,13.69384928130678,-22.91,0.14,2.47171998971758,21714363.0,0.08,1670515200000.0,0.7592,345220.0,6180000,1.59,0.6346,2724.0,0.18,,0.0,阳光保险,4.6299,,11501522500.0,,3.435,港股主板
02431,27.935140300784788,,0.7687,30,-7.82,False,0.005,0.7423,345307716.0,1.71,11.32,,-87.85,590476194.0,,743652680.0,,200.0,-42.66217805471128,-90.81,-2.29,27.536212250777847,1252705.0,-0.145,1735228800000.0,-1.058,-181760.0,708700,1.7,0.6484,2720.0,0.21,,14.12,佑驾创新,-1.6162,,434884608.0,,1.855,港股主板
03866,20.839697189212146,,1.8423,30,3.06,False,0.005,0.4885,2291945474.0,5.05,2.14,0.9418,37.0,11574324644.0,,29392791356.0,4.18,500.0,11.22127434862897,86.15,0.7,,23329483.1,0.15,1449072000000.0,1.0891,5106425.0,4661090,3.03,0.49,2707.0,0.2,,0.0,青岛银行,4.6368,,5820354724.0,,4.9,港股主板
00491,,,0.1571,30,0.0,False,0.001,,3213340890.0,0.025,4.0,1.7612,-30.56,80333522.0,,80333522.0,,20000.0,-0.08795610171839773,-100.0,0.0,3.8817395205665406,32040.0,0.0,708105600000.0,0.0004,0.0,1300000.0,1.95,-0.0562,2701.0,0.04,,,英皇文化产业,63.9089,,3213340890.0,,0.025,港股主板
01141,,,1.6247,30,-2.0,False,0.005,0.4568,1096968693.0,0.735,8.0,,6.52,806271989.0,,806271989.0,,1000.0,10.413524122993213,-99.21,0.0,1.5187376560940713,1301765.0,-0.015,889632000000.0,0.1576,0.0,1783000.0,0.52,0.4568,2692.0,0.16,,,民银资本,4.6623,,1096968693.0,,0.75,港股主板
03368,,,0.1035,30,6.5,False,0.001,0.1058,2634532250.0,0.131,7.32,0.4855,-22.94,345123725.0,,345123725.0,,500.0,-6.288819783588798,-88.08,2.34,-8.760932704625679,6165.0,0.008,1133280000000.0,-0.0778,0.0,48000,0.19,0.1061,2688.0,0.0,,0.0,百盛集团,-1.6838,,2634532250.0,,0.123,港股主板
00600,68.26187103171205,,13.9649,30,6.85,False,0.02,3.2313,588936581.0,22.14,10.42,,-21.49,13039055903.0,,13039055903.0,,100.0,,-21.49,0.54,90.17816305665582,36379214.48,1.42,1770652800000.0,-1.1796,-1647852.0,1663351,4.67,3.2414,2685.0,0.28,,0.0,爱芯元智,-18.7686,,588936581.0,,20.72,港股主板
03813,-17.665808336232303,,0.0993,30,0.0,False,0.005,0.1851,5278127615.0,0.365,1.37,1.5193,-14.44,1926516579.0,,1926516579.0,9.86,1000.0,2.984242263992159,-79.93,0.0,-5.807788066299723,432340.0,0.0,1212681600000.0,0.0589,0.0,1180000.0,1.02,0.1845,2679.0,0.02,,0.0,宝胜国际,6.202,,5278127615.0,,0.365,港股主板
01111,5.577457368209959,,0.5138403098918405,30,0.41,False,0.001,,770650000.0,0.242,,10.265153016292382,-15.09,186497300.0,,186497300.0,,4000.0,17.306592631541402,-85.33,0.0,13.053918915838958,,0.001,1699545600000.0,0.113,0.0,,,0.3431,2679.0,,,55.77,华视集团控股,2.1411,,770650000.0,,0.241,港股主板
02865,,,0.427,30,-0.89,False,0.01,0.7913,82114300.0,11.1,5.0,11.1115,-48.37,911468730.0,,3455053177.0,,100.0,-32.705730378921885,-50.0,-0.09,-29.40147194758206,20016901.0,-0.1,1746633600000.0,-5.0743,765076.0,1771800.0,3.53,0.7938,2673.0,2.16,,20.09,钧达股份,-2.1875,,311266052.0,,11.2,港股主板
02518,-33.72969070958069,,3.29301128115182,30,0.0,False,0.02,,20194400.0,40.46,,,-2.37,817065424.0,,20609822296.0,11.88,100.0,4.083005589242919,-72.38,1.35,-14.358598113204312,,0.0,1615737600000.0,2.0991,0.0,,,0.8198,2672.0,,,2.1,汽车之家-S,19.2749,,509387600.0,,40.46,港股主板
00838,1.9659358022332096,,0.199,30,-1.42,False,0.005,0.3434,1730437800.0,0.695,1.42,1.8383,-11.45,1202654271.0,,1202654271.0,6.19,2000.0,7.344753076013512,133.61,0.72,-0.6818859851596581,1662420.0,-0.01,1115740800000.0,0.1435,-452460.0,2388000,1.2,0.3434,2671.0,0.14,,0.0,亿和控股,4.8428,,1730437800.0,,0.705,港股主板
00348,,,0.7943609326083374,30,0.0,False,0.001,,924570836.0,0.073,,42.82593337563452,-46.32,67493671.0,,67493671.0,,10000.0,98.77566846115991,-97.94,,-21.381924563751266,,0.0,875548800000.0,-0.0358,0.0,,,-1.7176,2662.0,,,,中国智能健康,-2.038,,924570836.0,,0.073,港股主板
02779,0.7317418316930446,,0.744,30,6.06,False,0.005,0.1143,1608583000.0,0.35,13.64,1.6459,-37.5,563004050.0,,563004050.0,,1000.0,7.765691697684727,-84.39,0.0,0.9998084439041044,19010.0,0.02,1521993600000.0,0.2303,0.0,56000,0.09,0.1147,2659.0,0.0,,0.0,中国新华教育,1.5196,,1608583000.0,,0.33,港股主板
01396,,,4.4535,30,-0.46,False,0.01,3.3297,1583704880.0,10.75,4.44,65.7518,120.74,17024827460.0,,17024827460.0,,500.0,-16.5825213392773,-37.85,0.0,47.10081358875353,33396524.5,-0.05,1383148800000.0,-0.418,-611530.0,3128000.0,1.04,3.1648,2649.0,0.2,,0.0,粤港湾智算,-25.7192,,1583704880.0,,10.8,港股主板
00261,-19.158830588650446,,0.5628,30,0.0,False,0.001,0.1561,331361678.0,0.225,,9.3033,-6.25,74556378.0,,74556378.0,,16000.0,-17.50175998267094,-99.92,0.0,24.2850044269467,43.0,0.0,1036598400000.0,-0.2682,0.0,200.0,0.0,0.1531,2646.0,0.0,,0.0,GBA集团,-0.8389,,331361678.0,,0.225,港股主板
00181,-25.422714072005746,,4.2615,30,-9.18,False,0.001,0.2972,1145546000.0,0.089,22.45,,-4.3,101953594.0,,101953594.0,,20000.0,-6.248586164774013,,0.0,-6.989384797470944,74360.0,-0.009,99158400000.0,-0.0193,0.0,780000,1.62,0.2972,2639.0,0.07,,,闽港控股,-4.6137,,1145546000.0,,0.098,港股主板
09676,,,0.5117,30,0.36,False,0.005,1.081,1056750750.0,4.135,3.4,13.0509,-40.29,4369664351.0,,4369664351.0,9.07,300.0,13.34629561334493,-72.6,0.0,20.32720891199482,1190173.5,0.015,1697040000000.0,0.5027,-265293.0,289800.0,4.48,1.0728,2633.0,0.03,,22.66,十月稻田,8.2263,,1056750750.0,,4.12,港股主板
00215,-4.120439796626241,,0.8472,30,-1.82,False,0.005,0.5842,4819096208.0,1.08,1.82,4.0005,-0.73,5204623905.0,,5204623905.0,6.94,2000.0,-0.21981645326152663,262.54,0.0,13.513844296664267,3733560.0,-0.02,1241712000000.0,-0.0042,-218000.0,3432000.0,1.31,0.5842,2628.0,0.07,,-39.61,和记电讯香港,-260.2312,,4819096208.0,,1.1,港股主板
02643,-36.58019615237064,,0.2883,30,-6.71,False,0.01,,578939210.0,11.81,5.77,54.7713,-60.63,6837272070.0,,6837272070.0,,100.0,13.486179390620979,-65.06,-1.01,27.43401068330442,10880372.0,-0.85,1750780800000.0,-1.045,78385.0,902500,2.35,-1.4806,2628.0,0.16,,-14.16,曹操出行,-11.3009,,578939210.0,,12.66,港股主板
01762,63.08473975605049,,0.2779,30,-0.56,False,0.005,0.8705,1942487964.0,0.895,5.0,,20.95,1738526728.0,,1738526728.0,,1000.0,4.137850827148968,-75.21,0.56,53.39774213779407,1701680.0,-0.005,1545321600000.0,0.0394,0.0,1925000.0,1.48,0.8523,2626.0,0.1,,-15.73,万咖壹联,22.7108,,1942487964.0,,0.9,港股主板
00759,,,0.0953,30,-5.19,False,0.001,0.3167,666190798.0,0.201,3.77,0.9504,-14.1,133904350.0,,133904350.0,,2000.0,-9.222134629187305,-43.12,-3.83,-6.003986894610813,14172.0,-0.011,942595200000.0,-0.0588,0.0,70000,0.59,0.3269,2609.0,0.01,,,CEC国际,-3.4169,,666190798.0,,0.212,港股主板
06899,79.81950185522658,,2.7088079738213127,30,0.0,False,0.001,,1077799887.0,0.23,,,4.55,247893974.0,,247893974.0,,1000.0,-120.41256037025224,-93.42,,-28.532635591405274,,0.0,1404057600000.0,-0.1071,0.0,,,6.3761,2607.0,,,0.0,联众,-2.1477,,1077799887.0,,0.23,港股主板
06609,,,3.9598,30,-6.34,False,0.05,1.6546,30593404.0,58.4,10.99,18.7076,8.75,1786654794.0,,2269541267.0,,50.0,7.955247125332749,-58.64,-0.43,40.21381133253641,5685965.0,-3.95,1629388800000.0,2.7459,199520.0,93300,0.67,1.6192,2605.0,0.3,,-24.56,心玮医疗-B,21.2681,,38862008.0,,62.35,港股主板
03658,-5.864942770153203,,0.771,30,0.0,False,0.005,0.899,814126000.0,1.7,1.18,5.8527,-8.27,1384014200.0,,1384014200.0,5.29,1000.0,14.823927709610096,-30.09,0.0,8.39510000599506,62830.0,0.0,1621872000000.0,0.2751,0.0,37000.0,1.78,0.9018,2596.0,0.0,,0.53,新希望服务,6.1788,,814126000.0,,1.7,港股主板
01191,46.28296004200274,,6.8265,30,-13.27,False,0.1,5.1191,91556745.0,113.1,20.86,,-0.79,10355067860.0,,10355067860.0,,50.0,,-43.42,-0.35,99.7089825330475,278949545.3,-17.3,1782662400000.0,-2.2932,-5317060.0,2373670,6.45,5.1253,2588.0,2.59,,44.74,海光芯正,-49.3188,,91556745.0,,130.4,港股主板
00860,0.25920086436541645,,10.9493,30,-2.48,False,0.005,0.4911,1022438090.0,0.59,0.0,,-14.49,603238473.0,,603238473.0,,4000.0,-43.593874973195575,-98.09,0.0,-42.72414010229612,37760.0,-0.015,1030982400000.0,-0.681,0.0,64000,0.79,0.4911,2588.0,0.01,,0.0,APOLLO出行,-0.8664,,1022438090.0,,0.605,港股主板
01122,7.446712640395603,,0.2371,30,-4.35,False,0.005,0.1304,1238651865.0,0.44,3.26,8.9705,-52.17,545006821.0,,1092198038.0,,2000.0,-1.121887667964986,-50.23,-1.12,0.7504208438463555,1101450.0,-0.02,777052800000.0,-0.0384,-106800.0,2462000,5.93,0.1308,2585.0,0.2,,,庆铃汽车股份,-11.4485,,2482268268.0,,0.46,港股主板
02076,84.2235596569471,,5.6823,30,-1.27,False,0.05,2.3285,829269523.0,58.45,3.29,10.7073,-22.8,48470803619.0,,54958566638.0,3.43,100.0,24.35172700976948,-21.13,0.09,15.515612081123153,13403343.8,-0.75,1671638400000.0,5.612,0.0,228866.0,1.16,2.2415,2584.0,0.03,,0.0,BOSS直聘-W,10.4152,,940266324.0,,59.2,港股主板
01612,15.408941560501344,,0.4891,30,5.15,False,0.005,0.6594,660098832.0,0.715,11.03,8.0418,-8.51,471970665.0,,471970665.0,6.43,2000.0,14.381122061149302,14.07,0.0,11.656076209020029,533420.0,0.035,1468339200000.0,0.1459,-95040.0,754000.0,5.43,0.6594,2582.0,0.11,,-5.05,永胜医疗,4.9012,,660098832.0,,0.68,港股主板
00468,-72.26217150826298,,1.6333827606775635,30,0.0,False,0.01,,1407129000.0,2.274,,41.61327731682576,0.0,3199811346.0,,3199811346.0,0.26,1000.0,-0.7166689486693522,-4.21,,-25.342299403128543,,0.0,1291824000000.0,-0.016,0.0,,,0.957,2578.0,,,0.0,纷美包装,-141.8099,,1407129000.0,,2.274,港股主板
01986,,,0.3524,30,0.0,False,0.005,0.4178,967884500.0,1.0,5.0,,29.27,967884500.0,,967884500.0,2.0,500.0,4.24186081153152,-5.52,1.01,12.048431245613521,875160.0,0.0,1435852800000.0,0.096,78107.5,887500.0,1.43,0.4173,2577.0,0.09,,0.0,彩客新能源,10.4148,,967884500.0,,1.0,港股主板
00789,88.64120114770738,,2.7684,30,-3.14,False,0.005,2.5212,264793625.0,1.695,0.0,,-11.95,448825194.0,,448825194.0,,5000.0,-5.458347026892261,-96.55,0.0,36.538189971175505,8750.0,-0.055,1210867200000.0,-0.0364,0.0,5000.0,0.02,2.5496,2569.0,0.0,,0.0,雅天妮集团,-46.5925,,264793625.0,,1.75,港股主板
00862,251.98393337497254,,0.685,30,-11.96,False,0.005,2.692,392419046.0,0.81,4.89,,72.34,317859427.0,,317859427.0,,10000.0,607.485449974303,1696.01,-1.22,5.010564656160366,435800.0,-0.11,908294400000.0,-1.1145,0.0,520000,8.61,-1.1119,2569.0,0.13,,,远见控股,-0.7268,,392419046.0,,0.92,港股主板
06668,-6.549263907805159,,2.1472,30,0.72,False,0.005,0.9621,1014516000.0,1.4,1.08,6.7685,8.95,1420322400.0,,1420322400.0,9.64,1000.0,11.104679178440652,-50.87,0.0,-3.242805928136483,67985.0,0.01,1611590400000.0,0.1595,0.0,49000.0,0.34,0.9651,2552.0,0.0,,3.63,星盛商业,8.7747,,1014516000.0,,1.39,港股主板
02700,-55.90355438641835,,7.7342,30,0.0,False,0.005,11.1932,659894693.0,0.6,0.0,,9.09,395936816.0,,395936816.0,,20000.0,-3.2351641065311085,-99.51,0.0,-0.36177734649722737,12000.0,0.0,1159459200000.0,-0.0018,0.0,20000.0,1.01,11.1932,2541.0,0.0,,0.0,格林国际控股,-338.1185,,659894693.0,,0.6,港股主板
01399,,,0.0562,30,-8.33,False,0.005,0.2777,1090001246.0,0.33,9.72,2.6293,75.53,359700411.0,,359700411.0,,2000.0,5.256557289131278,-87.98,0.0,-0.4377220247675617,24130.0,-0.03,1166630400000.0,0.0592,0.0,70000,0.96,0.2785,2540.0,0.01,,0.0,锐信控股,5.5784,,1090001246.0,,0.36,港股主板
00608,-37.371940855662665,,0.0999,30,0.98,False,0.005,0.0943,305615420.0,1.035,1.46,4.6798,-33.82,316311960.0,,316311960.0,5.8,2000.0,1.3668348956340732,99.77,0.0,-0.38633091163806643,12270.0,0.01,712857600000.0,0.1464,0.0,12000.0,0.31,0.0943,2538.0,0.0,,,达利国际,7.0716,,305615420.0,,1.025,港股主板
00255,-3.0663639596449466,,0.7214,30,0.74,False,0.005,0.5743,634007303.0,1.365,0.37,3.4219,-8.51,865419969.0,,865419969.0,14.65,2000.0,-1.8940827534004279,1323.36,0.0,-9.080217004296498,43570.0,0.01,731260800000.0,-0.0464,0.0,32000.0,0.75,0.5743,2535.0,0.01,,,龙记集团,-29.409,,634007303.0,,1.355,港股主板
01431,,,0.4209,30,3.51,False,0.005,0.2044,4690496400.0,0.295,7.02,1.0696,18.0,1383696438.0,,1383696438.0,,1000.0,12.33247298186435,-88.57,0.0,11.16679672482055,786880.0,0.01,1385395200000.0,0.1643,252065.0,2609000.0,6.98,0.2051,2527.0,0.06,,,原生态牧业,1.7954,,4690496400.0,,0.285,港股主板
02216,-12.76177562349583,,24.9989,30,-4.29,False,0.005,0.3161,527079084.0,0.67,5.0,,-71.85,353142986.0,,353142986.0,,500.0,-12.011990225789537,-96.28,-0.74,-67.67699099927934,169610.0,-0.03,1632412800000.0,-0.2689,0.0,250000.0,1.08,0.3152,2504.0,0.05,,-19.79,堃博医疗-B,-2.4918,,527079084.0,,0.7,港股主板
01148,-18.663187795156176,,0.0744,30,0.0,False,0.001,0.1297,1282211794.0,0.208,0.0,1.0825,-35.0,266700053.0,,266700053.0,,1000.0,1.2246404621276261,-90.17,0.0,-27.268333930553368,2472.0,0.0,1363104000000.0,0.0197,0.0,12000.0,0.06,0.1301,2499.0,0.0,,0.0,新晨动力,10.5566,,1282211794.0,,0.208,港股主板
00659,15.053006295828176,,1.4737,30,0.52,False,0.005,0.9701,4566945384.0,8.745,2.82,18.0911,21.02,39937937383.0,,39937937383.0,7.11,1000.0,5.840631274449374,139.74,-0.06,-0.026677322469437215,31553069.285,0.045,861897600000.0,0.5239,1948200.0,3576232.0,1.28,0.9494,2488.0,0.08,,,周大福创建,16.6923,,4566945384.0,,8.7,港股主板
08220,42.09606324730393,,18.0056,30,2.39,False,0.005,,181137703.0,4.71,8.7,,27.99,853158581.0,,853158581.0,,1000.0,65.06768465730718,-88.46,0.0,104.727123252838,818445.0,0.11,1037030400000.0,-0.143,0.0,174000,1.18,-16.8027,2488.0,0.1,,0.0,比高集团,-32.9303,,181137703.0,,4.6,港股GEM
00269,,,0.1747,30,0.0,False,0.001,,10644093185.0,0.01,0.0,0.807,0.0,106440932.0,,106440932.0,,5000.0,-5.757854636236798,,0.0,-6.067900820736504,8100.0,0.0,101318400000.0,0.0621,0.0,810000.0,0.97,-0.0097,2487.0,0.01,,,中国资源交通,0.1611,,10644093185.0,,0.01,港股主板
00947,13.746737221581196,,0.2848,30,3.82,False,0.001,0.4351,796845094.0,0.163,0.64,,23.48,129885750.0,,129885750.0,,1000.0,-30.083363180221532,-94.24,0.0,-14.468718608013265,4426.0,0.006,1260979200000.0,-0.1302,0.0,27000.0,0.38,0.4365,2480.0,0.0,,0.0,摩比发展,-1.2516,,796845094.0,,0.157,港股主板
02728,25.545913243947638,,0.05983847344330408,30,0.0,False,0.005,,222751044.0,0.36,,16.282309847715737,-25.0,80190376.0,,80190376.0,,5000.0,-57.93265020143633,,0.0,-4.613909862471777,,0.0,1121270400000.0,-0.1188,0.0,,,2.3569,2462.0,,,,金泰能源控股,-3.0307,,222751044.0,,0.36,港股主板
09668,11.164217296128175,,0.5241,30,-0.68,False,0.005,0.0862,6200555000.0,0.73,2.72,0.096,-23.16,4526405150.0,,12966260000.0,,500.0,4.561972907641108,-83.04,0.69,,2673882.5,-0.005,1594828800000.0,0.362,-333630.0,3677000.0,3.98,0.0864,2458.0,0.06,,0.0,渤海银行,2.0168,,17762000000.0,,0.735,港股主板
01046,-50.96226432612356,,10.9464,30,3.57,False,0.005,5.6787,906632276.0,1.45,5.36,96.4007,267.09,1314616800.0,,1314616800.0,,5000.0,-4.635875266219524,-68.66,0.0,-15.41360729590171,35590003.0,0.05,932400000000.0,-0.0121,1604875.0,25200300.0,1.62,5.7013,2451.0,2.78,,,寰宇娱乐文化,-120.188,,906632276.0,,1.4,港股主板
01195,-21.586264307825044,,0.6489,30,0.0,False,0.001,0.4891,2894091737.0,0.018,11.11,,-5.26,52093651.0,,52093651.0,,4000.0,-11.969136863823934,-97.33,5.88,-2.3285822929673072,13352.0,0.0,1042992000000.0,-0.0044,0.0,784000.0,0.27,0.5209,2450.0,0.03,,0.94,京维集团,-4.047,,2894091737.0,,0.018,港股主板
00533,,,0.7172,30,0.0,False,0.005,0.1766,973844035.0,0.815,0.61,6.8888,-12.88,793682889.0,,793682889.0,1.84,1000.0,-1.8464645907969799,186.07,0.0,-4.890397852639516,85065.0,0.0,716745600000.0,-0.0846,0.0,105000.0,0.34,0.1766,2448.0,0.01,,,金利来集团,-9.6296,,973844035.0,,0.815,港股主板
01188,,,2.5909073579021067,30,0.0,False,0.001,,20352872747.0,0.012,,,0.0,244234473.0,,244234473.0,,2000.0,-32.61541272549896,-98.72,,,,0.0,797097600000.0,0.0025,0.0,,,-2.6363,2444.0,,,,正道集团,4.8865,,20352872747.0,,0.012,港股主板
02675,-55.19215245931428,,18.0275,30,-1.09,False,0.02,4.8153,325440148.0,32.78,3.38,,-24.19,10667928051.0,,12769757132.0,,100.0,-1.07449278663586,-44.44,-0.67,172.6866747995849,12333530.4,-0.36,1767801600000.0,-0.0597,-503504.0,373100,3.47,4.7453,2436.0,0.11,,30.9,精锋医疗-B,-548.8197,,389559400.0,,33.14,港股主板
06820,,,0.5535,30,-1.39,False,0.005,0.5259,2180850000.0,0.355,2.78,12.0947,-18.47,774201750.0,,774201750.0,5.63,2000.0,10.003151563430993,-69.19,0.0,4.355585181695942,3550.0,-0.005,1570464000000.0,0.0646,0.0,10000,0.06,0.5275,2431.0,0.0,,0.0,友谊时光,5.4914,,2180850000.0,,0.36,港股主板
01846,,,0.9255,30,0.0,False,0.005,0.6636,320706000.0,2.52,0.0,4.4122,-16.67,808179120.0,,808179120.0,0.52,1000.0,0.2002678562437693,-80.72,0.0,10.318713528454747,108360.0,0.0,1571068800000.0,0.0078,0.0,43000.0,3.62,0.6636,2429.0,0.01,,46.67,德视佳,325.0922,,320706000.0,,2.52,港股主板
09890,24.7576385486296,,1.1771,30,-5.93,False,0.01,1.1133,516959518.0,10.15,5.33,20.874,-41.16,5247139108.0,,5247139108.0,,200.0,28.867285567288235,-26.34,-0.39,-15.669259940442604,12350485.0,-0.64,1695830400000.0,2.3388,1062480.0,1223400,1.9,1.0676,2421.0,0.24,,0.0,贪玩,4.3399,,516959518.0,,10.79,港股主板
00290,230.80767020587558,,8.9342,30,-3.04,False,0.005,3.72,10303852614.0,1.595,5.17,,-40.26,16434644919.0,,16434644919.0,,500.0,-39.20339086588813,-69.85,1.59,302.17831060567545,10439190.0,-0.05,988819200000.0,-0.2068,367290.0,6560000.0,0.56,2.2532,2415.0,0.06,,,国富量子,-7.7135,,10303852614.0,,1.645,港股主板
00398,-15.209178263713374,,0.4535,30,0.16,False,0.005,0.864,487358224.0,3.185,0.47,4.9981,-3.03,1552235943.0,,1552235943.0,11.65,2000.0,10.109795604695405,2311.05,0.0,-2.6017277640885017,580618.47,0.005,750355200000.0,0.3695,0.0,182313.0,0.27,0.8577,2409.0,0.04,,,东方表行集团,8.6189,,487358224.0,,3.18,港股主板
01878,,,0.1268,30,-0.53,False,0.005,,370549288.0,1.87,11.7,1.0524,-3.11,692927169.0,,692927169.0,,50.0,75.70686375153203,-98.49,0.0,35.2573782615464,105798.0,-0.01,1264694400000.0,-2.7895,0.0,58900.0,4.7,-0.3633,2405.0,0.02,,0.0,南戈壁,-0.6704,,370549288.0,,1.88,港股主板
00690,-18.550787227260447,,0.7603,30,0.0,False,0.001,0.9315,5971228147.0,0.07,4.29,9.9713,-36.94,417985970.0,,417985970.0,4.29,20000.0,11.674527451013404,-88.64,0.0,2.1954358600678514,6110.0,0.0,1005494400000.0,0.0081,0.0,90000.0,0.08,0.9315,2400.0,0.0,,0.0,联康生物科技集团,8.6112,,5971228147.0,,0.07,港股主板
00245,,,24.4322,30,-1.53,False,0.005,0.3968,1859097962.0,0.965,0.0,,-11.47,1794029533.0,,1794029533.0,,5000.0,-12.163377633051965,,0.0,-16.78381117667471,9700.0,-0.015,83520000000.0,-0.3158,0.0,10000.0,0.0,0.3968,2389.0,0.0,,,中薇金融,-3.0561,,1859097962.0,,0.98,港股主板
06887,167.68617160196476,,5.2043,30,-1.65,False,0.02,5.2238,318738140.0,40.42,1.85,100.8687,-11.36,12883395619.0,,23212844120.0,,100.0,-13.39252431780181,-29.7,-0.2,-25.20296833403495,5138681.0,-0.68,1754496000000.0,-0.5984,324160.0,126600.0,0.24,5.1573,2387.0,0.04,,0.0,东阳光药,-67.5471,,574291047.0,,41.1,港股主板
01823,,,3.3999,30,-3.67,False,0.005,0.5941,471108000.0,1.05,3.21,,-5.41,494663400.0,,494663400.0,,2000.0,-6.781852082038534,20.07,0.0,-37.59848535386586,88170.0,-0.04,1261497600000.0,-0.1202,63300.0,84000.0,1.87,0.596,2384.0,0.02,,0.0,华昱高速,-8.7382,,471108000.0,,1.09,港股主板
09960,,,0.8728,30,-1.09,False,0.005,0.318,1031815140.0,0.91,4.35,5.1276,-10.67,938951777.0,,938951777.0,10.44,500.0,-1.54497532421493,-89.39,-3.7,0.014537882123999424,172760.0,-0.01,1626364800000.0,-0.0462,26320.0,185000,1.04,0.3124,2381.0,0.02,,-7.57,康圣环球,-19.7004,,1031815140.0,,0.92,港股主板
02306,,,1.4479,30,0.26,False,0.005,0.9954,830559000.0,1.905,1.58,6.5314,-22.56,1582214895.0,,1582214895.0,,3000.0,3.6719361314851167,-65.98,-0.52,14.041431746333831,57360.0,0.005,1674057600000.0,0.074,0.0,30000.0,0.2,0.9512,2380.0,0.0,,47.79,乐华娱乐,25.7525,,830559000.0,,1.9,港股主板
00605,23.807028927415352,,1.1768,30,-0.68,False,0.005,0.1681,209026067.0,0.725,0.0,,-11.59,151543899.0,,151543899.0,,2000.0,29.378502533254842,-97.03,0.0,-9.347553263835962,7250.0,-0.005,734112000000.0,1.0851,0.0,10000.0,0.29,0.1679,2374.0,0.0,,,中国金融投资管理,0.6682,,209026067.0,,0.73,港股主板
01522,,,0.2675,30,-1.88,False,0.001,0.1483,2097146727.0,0.209,2.35,1.9806,-33.61,438303666.0,,438303666.0,9.57,4000.0,1.835879022948313,,0.0,-6.358191532016089,99980.0,-0.004,1337097600000.0,0.0251,0.0,484000.0,1.3,0.1483,2364.0,0.02,,,京投交通科技,8.3378,,2097146727.0,,0.213,港股主板
00501,63.595774422404226,,2.5301,30,-4.95,False,0.05,2.2083,50741100.0,66.3,6.67,27.9224,-36.67,3364134930.0,,83415469976.0,0.18,100.0,10.992387687486755,-38.54,0.0,11.414228223153057,25019275.0,-3.45,1768147200000.0,2.9334,-1295965.0,368400,5.97,2.1893,2355.0,0.73,,16.22,豪威集团,22.6016,,1258151885.0,,69.75,港股主板
00030,,,1.4362,30,-0.89,False,0.001,5.928,9407898656.0,0.222,2.68,,-9.02,2088553502.0,,2088553502.0,,2000.0,1.3747383406268032,171.73,0.0,67.58158419739826,50636.0,-0.002,686937600000.0,0.0005,0.0,234000.0,0.24,5.8472,2352.0,0.0,,,云白国际,426.5836,,9407898656.0,,0.224,港股主板
02373,28.083996873954554,,1.1611,30,0.11,False,0.01,2.8008,247647215.0,18.07,2.11,3.4979,-30.98,4474985175.0,,4474985175.0,3.99,500.0,33.5908830294037,-34.49,0.06,21.733279881599366,1324332.5,0.02,1673798400000.0,1.7753,0.0,73000.0,0.34,2.7332,2345.0,0.03,,53.47,美丽田园医疗健康,10.1787,,247647215.0,,18.05,港股主板
02788,93.47417480180317,,1.2419,30,-1.01,False,0.01,2.4999,2075000000.0,14.71,2.89,3.7921,-26.87,30523250000.0,,30523250000.0,5.23,500.0,,-0.31,0.27,21.433566118768653,27612711.45,-0.15,1763913600000.0,2.2912,-297600.0,1868745,1.38,2.5077,2328.0,0.09,,32.76,创新实业,6.4202,,2075000000.0,,14.86,港股主板
06919,48.69978563771098,,0.0777,30,0.76,False,0.005,0.3409,158612579.0,3.3,0.92,5.2198,-14.9,523421511.0,,523421511.0,5.7,100.0,8.536029267985477,-85.99,0.0,14.538265652138227,246753.0,0.025,1576166400000.0,0.792,58950.0,75200.0,2.23,0.3402,2317.0,0.05,,-0.19,人瑞人才,4.1668,,158612579.0,,3.275,港股主板
00476,53.230931582048726,,7.2691,30,0.6,False,0.005,0.3272,355649109.0,0.84,3.59,,10.53,298745252.0,,298745252.0,,10000.0,-37.53287351121234,-98.8,0.0,4.17992463990533,151316.0,0.005,832867200000.0,-0.821,0.0,180400,0.45,0.4275,2314.0,0.05,,,科轩动力控股,-1.0231,,355649109.0,,0.835,港股主板
00893,-47.15822484671699,,0.2644,30,3.28,False,0.001,0.1991,2249015410.0,0.063,0.0,4.1042,-21.25,141687971.0,,141687971.0,,1000.0,-1.6680802030342483,-98.1,0.0,-21.32948268221323,320.0,0.002,1254931200000.0,-0.0053,0.0,5000,0.05,0.1997,2311.0,0.0,,0.0,中国铁钛,-11.8892,,2249015410.0,,0.061,港股主板
00234,-8.264740815847372,,3.2884,30,0.0,False,0.001,0.1468,5780368705.0,0.038,10.53,0.7402,11.76,219654011.0,,219654011.0,,24000.0,-1.901203550026671,,0.0,-6.914458101649101,152846.4,0.0,91382400000.0,-0.0049,0.0,4219200.0,0.73,0.1476,2304.0,0.07,,,新世纪集团,-7.718,,5780368705.0,,0.038,港股主板
02402,17.797875253102326,,8.0724,30,-3.98,False,0.005,1.0967,44744962.0,9.88,6.22,129.5399,-51.76,442080225.0,,2376456960.0,,50.0,-26.21044198657175,-67.73,-0.8,-30.761399878683704,10916352.0,-0.41,1673452800000.0,-2.6224,-230231.0,1075550.0,1.04,1.1001,2297.0,2.4,,0.0,亿华通,-3.7675,,240532081.0,,10.29,港股主板
00433,,,0.4986,30,-2.63,False,0.001,0.699,15002140397.0,0.037,2.63,1.1598,-52.56,555079195.0,,555079195.0,,10000.0,130.13521613135595,-99.6,0.0,-27.2827643083562,232400.0,-0.001,813427200000.0,0.0394,0.0,6230000.0,0.71,0.699,2294.0,0.04,,,北方矿业,0.9382,,15002140397.0,,0.038,港股主板
02339,-0.4901996284026544,,2.123,30,-10.17,False,0.005,5.6974,1292262903.0,4.725,12.64,578.4333,28.05,6105942217.0,,6105942217.0,,2000.0,-5.474711146047573,,-0.11,1.1127738425838585,12744590.0,-0.535,1065715200000.0,-0.0393,706800.0,2613000,1.39,5.6974,2294.0,0.2,,,京西国际,-120.0964,,1292262903.0,,5.26,港股主板
01161,-2.1039270118772047,,0.8668711387449534,30,0.0,False,0.005,,680552764.0,1.28,,2.1790871927516147,47.67,871107538.0,,871107538.0,5.86,2000.0,25.36995996098628,1498.0,0.0,1.7349930567845062,,0.0,1015776000000.0,0.1418,0.0,,,2.1242,2288.0,,,-1.67,奥思集团,9.0268,,680552764.0,,1.28,港股主板
08033,,,0.1095,30,-3.85,False,0.001,0.3134,616115000.0,0.1,4.81,6.8541,-15.18,61611500.0,,61611500.0,10.0,2000.0,-0.578037471110189,-85.23,0.0,0.5236663784529139,49900.0,-0.004,951408000000.0,-0.0019,0.0,500000.0,3.93,0.3134,2287.0,0.08,,0.0,爱达利网络,-51.4286,,616115000.0,,0.104,港股GEM
00629,8.234581123842188,,4.1074,30,0.0,False,0.005,0.5843,1168626516.0,0.27,0.0,,-14.01,315529159.0,,315529159.0,2.22,1000.0,4.15629960861078,-52.85,0.0,-6.397746877557764,270.0,0.0,1006963200000.0,0.019,0.0,1000.0,0.01,0.5861,2278.0,0.0,,0.0,悦达国际控股,14.1739,,1168626516.0,,0.27,港股主板
01942,,,0.2227,30,0.0,False,0.001,0.1399,2058389599.0,0.059,5.08,3.1651,-78.8,121444986.0,,121444986.0,,2000.0,-16.121300104847165,-91.69,0.0,-44.36504740682271,81736.0,0.0,1586880000000.0,-0.0682,0.0,1350000.0,0.63,0.1335,2278.0,0.07,,-50.0,马可数字科技,-0.8645,,2058389599.0,,0.059,港股主板
02595,3.6206697605907223,,111.6651,30,-12.16,False,0.02,5.8292,350641020.0,28.16,16.09,,18.42,9874051123.0,,10784678221.0,,200.0,254.20277342388152,-36.0,0.93,-5.438681688785518,191349457.8,-3.9,1758211200000.0,-3.8814,4364992.0,6586200,4.51,4.5991,2275.0,1.88,,106.47,劲方医药-B,-7.2552,,382978630.0,,32.06,港股主板
00373,,,0.9112,30,-0.5,False,0.005,0.1491,3513684360.0,1.98,0.0,,-10.16,6957095033.0,,6957095033.0,5.05,2000.0,1.7442784009430188,,0.0,-10.778892766632008,39600.0,-0.01,95616000000.0,0.2266,0.0,20000.0,0.16,0.1491,2275.0,0.0,,,联合集团,8.739,,3513684360.0,,1.99,港股主板
02098,,,0.0071,30,-1.49,False,0.001,0.0549,12399505800.0,0.066,2.99,,-34.65,818367383.0,,818367383.0,,1000.0,-8.159922301659618,-92.26,0.0,-20.51132958647389,16606.0,-0.001,1310486400000.0,-0.1025,0.0,246000.0,2.31,0.055,2270.0,0.0,,0.0,卓尔智联,-0.6442,,12399505800.0,,0.067,港股主板
02232,14.975390792506138,,0.8984,30,0.08,False,0.005,1.4741,2852822000.0,6.635,2.49,8.8989,5.55,18928473970.0,,18928473970.0,6.41,500.0,14.813017741039056,37.43,0.3,8.537069920254892,8918282.465,0.005,1509638400000.0,0.6413,-92960.0,1344933.0,1.09,1.4745,2270.0,0.05,,5.2,晶苑国际,10.3459,,2852822000.0,,6.63,港股主板
01647,-24.190570622803918,,0.14660727681993244,30,0.0,False,0.001,,1195040000.0,0.064,,24.203341772151898,-13.51,76482560.0,,76482560.0,,5000.0,-4.908093711121625,-89.84,0.0,14.118941311089683,,0.0,1490803200000.0,-0.0142,0.0,,,0.2249,2265.0,,,55.56,雄岸科技,-4.4937,,1195040000.0,,0.064,港股主板
01600,-72.2312303196966,,0.2891,30,1.87,False,0.005,0.3972,973461608.0,2.73,3.36,2.8321,-19.02,2657550190.0,,2657550190.0,4.4,500.0,-0.8447614224426871,92.24,1.49,1.6138256679949503,1233540.0,0.05,1289318400000.0,-0.0533,649450.0,459500,1.41,0.3985,2265.0,0.05,,0.0,天伦燃气,-51.2577,,973461608.0,,2.68,港股主板
01184,61.98181036875332,,0.0983,30,0.5,False,0.005,1.3113,625837440.0,8.05,1.87,,94.5,5037991392.0,,5037991392.0,8.07,2000.0,32.31568384496418,1481.22,0.0,53.410312477567714,163100.0,0.04,782323200000.0,1.7665,0.0,20000.0,0.51,1.3113,2253.0,0.0,,,时捷集团,4.557,,625837440.0,,8.01,港股主板
02562,21.771420567170807,,0.4192,30,-8.65,False,0.005,0.5621,466623070.0,0.475,9.62,,-73.01,221645958.0,,221645958.0,,500.0,-73.13292839515168,-97.63,0.0,-9.583513410310706,2406195.0,-0.045,1730217600000.0,-0.5141,-438450.0,4916000,1.76,0.5589,2241.0,1.05,,0.0,狮腾控股,-0.9239,,466623070.0,,0.52,港股主板
02199,-9.614681931167146,,0.3783,30,-2.25,False,0.005,0.9848,1224250000.0,2.385,4.71,3.1546,-1.02,2919836250.0,,2919836250.0,6.71,1000.0,9.030465964117333,-50.38,-0.42,-0.688278095847672,453590.0,-0.055,1444233600000.0,0.2312,0.0,186000.0,0.69,0.9407,2241.0,0.02,,0.0,维珍妮,10.3175,,1224250000.0,,2.44,港股主板
02251,76.5452180114103,,4.9213,30,-8.11,False,0.005,0.6567,100391713.0,8.5,8.11,,-25.63,853329561.0,,853329561.0,,100.0,-5.937149519829309,-87.43,-1.56,-11.941498030636232,784252.0,-0.75,1636041600000.0,-0.821,0.0,90400,1.28,0.631,2240.0,0.09,,-9.45,鹰瞳科技-B,-10.3528,,100391713.0,,9.25,港股主板
08137,-51.37865136305937,,26.7745,30,0.0,False,0.005,1.6163,14554533606.0,0.51,4.9,,18.6,7422812139.0,,7422812139.0,,2000.0,-0.5029164770153703,88.89,0.0,41.863634069365794,256970.0,0.0,1010419200000.0,-0.0016,0.0,498000.0,0.74,1.6163,2232.0,0.0,,2.08,洪桥集团,-326.9097,,14554533606.0,,0.51,港股GEM
00028,,,1.3451,30,1.1,False,0.005,0.1631,1466069491.0,3.21,1.57,,-26.99,4706083066.0,,4706083066.0,6.23,1000.0,-3.5378983894103233,,0.0,-10.070480561811513,108375.0,0.035,542995200000.0,-0.6974,0.0,34000.0,0.66,0.1631,2218.0,0.0,,,天安,-4.603,,1466069491.0,,3.175,港股主板
06639,,,0.5678967279850217,30,0.0,False,0.01,,562095450.0,1.83,,4.450247571828451,0.0,1028634674.0,,1028634674.0,,500.0,1.2677311711163228,-87.47,,1.3138578110885701,,0.0,1647878400000.0,0.042,-947537.0,,,0.5513,2210.0,,,-5.61,瑞尔集团,43.6051,,562095450.0,,1.83,港股主板
00039,-4.904817801788164,,1.2422192502532927,30,0.0,False,0.001,,8037572616.0,0.045,,5.654952595372108,-43.75,361690768.0,,361690768.0,,8000.0,-68.75214263379767,,,-39.31071738108153,,0.0,979574400000.0,-0.0341,-192416.0,,,1.4155,2209.0,,,,中国北大荒,-1.3213,,8037572616.0,,0.045,港股主板
03296,33.67492735597422,,0.4314,30,-6.43,False,0.05,2.4092,94262560.0,58.95,7.7,41.321,7.64,5556777912.0,,89356588736.0,2.38,100.0,,-4.47,0.08,30.9003430948686,108511868.5,-4.05,1776873600000.0,3.9231,1297050.0,1787240,3.23,2.3885,2203.0,1.9,,13.26,华勤技术,15.0265,,1515803032.0,,63.0,港股主板
00627,-28.98519036016719,,9.6846,30,6.84,False,0.005,,1420673262.0,1.25,26.07,191.9684,131.48,1775841578.0,,1775841578.0,,20000.0,8.610807884665348,-99.44,0.0,2.4853165785645226,3629670.17,0.08,974044800000.0,-0.1326,0.0,3149709,3.31,-0.758,2202.0,0.22,,0.0,共生智筑,-9.427,,1420673262.0,,1.17,港股主板
00420,42.8464288044579,,0.1757,30,-1.64,False,0.005,0.2254,1225026960.0,0.6,3.28,1.8048,8.74,735016176.0,,735016176.0,9.5,2000.0,3.2289416145604544,,0.0,-1.5420240706085497,1105300.0,-0.01,577468800000.0,0.0853,-593810.0,1854000.0,2.36,0.2254,2200.0,0.15,,,福田实业,7.0368,,1225026960.0,,0.61,港股主板
01989,68.23615001360643,,6.3851,30,-8.37,False,0.1,5.9368,46000000.0,115.0,9.32,31.3433,60.69,5290000000.0,,54363589360.0,0.66,100.0,,21.52,-0.43,54.76003945658021,201646940.5,-10.5,1773936000000.0,3.5886,2700629.9999999925,1692500,2.32,5.9317,2187.0,3.68,,33.56,广合科技,32.0461,,472726864.0,,125.5,港股主板
02580,-18.986344842679625,,0.4238,30,-0.59,False,0.005,1.2668,1588235200.0,8.45,4.06,4.7061,-29.26,13420587440.0,,13420587440.0,14.69,200.0,19.69243990673113,-40.9,0.6,1.7865120542340795,2140176.0,-0.05,1756742400000.0,1.0806,-260568.0,252200.0,0.61,1.2658,2184.0,0.02,,-5.4,奥克斯电气,7.8197,,1588235200.0,,8.5,港股主板
00875,305.29277980358324,,0.0835,30,20.31,False,0.005,2.7343,699046571.0,0.385,25.0,,-73.81,269132930.0,,269132930.0,,2000.0,-170.14580503424318,-99.97,0.0,3.2899417721904634,4442964.5,0.065,899395200000.0,-0.5994,410780.0,11819300,5.21,2.7343,2182.0,1.69,,,从玉智农,-0.6423,,699046571.0,,0.32,港股主板
00609,-41.8091096811038,,0.4074,30,5.85,False,0.005,0.341,878418000.0,1.085,0.0,2.0467,-20.99,953083530.0,,953083530.0,2.76,4000.0,2.0941604474608675,,0.0,1.895056469976164,8680.0,0.06,1161878400000.0,0.0661,0.0,8000.0,0.37,0.341,2180.0,0.0,,,天德化工,16.4091,,878418000.0,,1.025,港股主板
00379,,,2.3486,30,1.25,False,0.001,0.6591,1687302760.0,0.162,12.5,,116.0,273343047.0,,273343047.0,,10000.0,-0.7349290719182556,-93.35,0.0,36.56338110039465,2107750.0,0.002,1037116800000.0,-0.0016,-794000.0,14330000.0,3.67,0.6591,2177.0,0.85,,0.0,恒嘉融资租赁,-102.299,,1687302760.0,,0.16,港股主板
00603,,,0.0447,30,1.69,False,0.001,0.1542,5636803834.0,0.12,1.69,0.4728,-23.57,676416460.0,,676416460.0,,20000.0,0.6082505107614317,-68.24,1.69,-6.612192521820626,204362.0,0.002,738518400000.0,0.0046,0.0,1722200.0,1.61,0.1542,2175.0,0.03,,,中油燃气,25.994,,5636803834.0,,0.118,港股主板
08041,226.18965256869973,,10.2747,30,0.72,False,0.005,33.9956,819535615.0,0.7,1.44,919.3509,0.0,573674931.0,,573674931.0,,5000.0,-331.6675264379675,,0.0,-8.090211759656029,231975.0,0.005,962899200000.0,-0.0628,0.0,335000.0,0.61,-53.6195,2174.0,0.04,,,中微智码,-11.1534,,819535615.0,,0.695,港股GEM
03300,,,0.3658,30,1.59,False,0.005,,1836218258.0,0.32,3.17,1.1568,-40.74,587589843.0,,587589843.0,,2000.0,209.14036445844405,-64.52,0.0,-20.606754105546663,129930.0,0.005,1119456000000.0,-2.755,0.0,410000.0,0.29,-0.1157,2174.0,0.02,,0.0,中国玻璃,-0.1162,,1836218258.0,,0.315,港股主板
06883,12.026018697867013,,1.0951697860927814,30,0.0,False,0.01,,1358000000.0,1.97,,9.072122297278966,-3.33,2675260000.0,,2675260000.0,7.11,1000.0,22.14523142886521,-18.26,,8.198066043350426,,0.0,1750867200000.0,0.2034,404000.0,,,1.5325,2170.0,,,-16.67,颖通控股,9.685,,1358000000.0,,1.97,港股主板
00713,22.190261847028083,,0.9676985139091951,30,0.0,False,0.005,,792117421.0,0.31,,,-22.5,245556401.0,,245556401.0,,2000.0,-25.496053877722822,-61.56,0.0,-11.303297220539687,,0.0,734803200000.0,-0.3059,0.0,,,0.2925,2167.0,,,,世界(集团),-1.0135,,792117421.0,,0.31,港股主板
00470,4.406909795576097,,2.6883,30,7.12,False,0.02,2.3515,107202800.0,29.18,10.94,6.3854,-35.89,3128177704.0,,48828815036.0,1.16,100.0,,-36.52,0.07,2.5693868528223085,246178609.94,1.94,1770739200000.0,1.2158,-13106516.0,8413325,6.59,2.3301,2166.0,7.85,,0.0,先导智能,24.0008,,1673365834.0,,27.24,港股主板
00563,,,0.3533,30,1.77,False,0.001,0.0859,4780415189.0,0.23,3.1,,-28.13,1099495493.0,,1099495493.0,,2000.0,-6.867370427654486,-93.75,0.0,-31.54025406102908,105660.0,0.004,747590400000.0,-0.185,0.0,470000,0.65,0.0859,2165.0,0.01,,,上实城市开发,-1.2435,,4780415189.0,,0.226,港股主板
01314,-46.49102720823501,,0.294127064513754,30,-0.54,False,0.001,,1411226450.0,0.184,,1.7160489769753364,15.0,259665667.0,,259665667.0,,2000.0,1.9583701279450199,-86.78,0.0,1.4388851121893476,,-0.001,1353859200000.0,0.0066,0.0,,,0.537,2165.0,,,0.0,翠华控股,27.9782,,1411226450.0,,0.185,港股主板
06669,,,2.5633,30,1.47,False,0.005,1.1385,313389171.0,5.855,4.59,132.1897,-56.63,1834893596.0,,1834893596.0,,1000.0,-3.538276912824158,-68.04,-0.09,8.700486167199205,3179965.02,0.085,1629734400000.0,-0.1845,0.0,539268.0,1.12,1.1421,2162.0,0.17,,-26.05,先瑞达医疗-B,-31.7407,,313389171.0,,5.77,港股主板
80700,29.120052698965825,,4.1401,30,-2.0,False,0.2,2.8436,9092605595.0,352.2,1.95,10.6702,-34.41,3202415690559.0,,3202415690559.0,1.51,100.0,20.92946786747076,5.15,0.0,10.758708536169713,4978020.0,-7.2,1687104000000.0,29.5631,0.0,14000.0,1.7,2.8194,2154.0,0.0,411.4,-1.18,腾讯控股-R,11.9135,00700,9092605595.0,,359.4,港股主板
02582,91.60808577123409,,1.1147,30,-10.88,False,0.005,0.2911,119865554.0,3.4,16.91,,-87.41,407542884.0,,430683573.0,,50.0,-37.633814650087224,-95.87,0.89,-14.135581676708576,1766656.35,-0.415,1731600000000.0,-3.6897,-207669.0,509750,5.03,0.2912,2150.0,0.43,,20.0,国富氢能,-0.9215,,126671639.0,,3.815,港股主板
02327,20.268692831965886,,4.7764,30,6.93,False,0.001,0.673,4055356636.0,0.216,2.97,,-16.6,875957033.0,,875957033.0,2.78,6000.0,4.057020282326432,,0.0,38.609139782546094,5160.0,0.014,1066060800000.0,0.0126,0.0,24000,0.18,0.6721,2140.0,0.0,,,美瑞健康国际,17.1186,,4055356636.0,,0.202,港股主板
02715,152.59907680194758,,2.2378,30,-5.72,False,0.01,3.3263,96780000.0,13.01,7.75,17.0203,-15.3,1259107800.0,,12602345350.0,,200.0,,-15.3,0.54,2.046890224168463,29537002.8,-0.79,1772985600000.0,0.2365,256816.0,2212400.0,4.46,3.3397,2138.0,2.29,,-16.02,埃斯顿,55.0034,,968666053.0,,13.8,港股主板
00418,-20.458471563031043,,0.8211,30,-5.88,False,0.005,0.6523,1153368993.0,0.64,12.5,25.4721,-21.95,738156156.0,,738156156.0,,2000.0,2.658446484057341,-51.0,0.0,-3.383617857815302,39120.0,-0.04,819475200000.0,0.0257,0.0,60000.0,0.14,0.6523,2135.0,0.01,,,方正控股,24.8814,,1153368993.0,,0.68,港股主板
08299,53.7417290463799,,1.2374,30,-8.93,False,0.005,3.4814,9540817720.0,0.255,8.93,8.9492,-50.0,2432908519.0,,2432908519.0,,24000.0,11.145523928786025,-78.26,-1.92,134.13031354672276,17421495.0,-0.025,1095868800000.0,0.0099,-1073160.0,66132500,2.06,1.9766,2135.0,0.69,,0.0,大唐黄金,25.6425,,9540817720.0,,0.28,港股GEM
03989,2.569304354828539,,0.2713,30,-4.76,False,0.001,0.1384,14294733167.0,0.08,2.38,2.8203,15.94,1143578653.0,,1143578653.0,,2000.0,4.24778392014629,-91.29,0.0,-3.4323923893520902,368410.0,-0.004,1152720000000.0,0.024,0.0,4554000,2.84,0.1389,2131.0,0.03,,0.0,首创环境,3.3308,,14294733167.0,,0.084,港股主板
08020,156.68020826923433,,0.5432407291906028,30,0.0,False,0.001,,2612959333.0,0.019,,,0.0,49646227.0,,49646227.0,,10000.0,155.69114809995963,-75.48,0.0,0.14522303145143578,,0.0,1318348800000.0,-0.0066,0.0,,,-2.485,2127.0,,,0.0,宏海控股集团,-2.8613,,2612959333.0,,0.019,港股GEM
00438,59.45830127657352,,0.0792,30,-0.41,False,0.005,0.2694,96248670.0,1.205,8.68,0.8789,-37.24,115979647.0,,212468094.0,,200.0,-84.24569779060731,-94.13,0.0,-15.652266416693061,461.0,-0.005,1103472000000.0,-4.9388,0.0,400.0,0.02,0.2702,2120.0,0.0,,0.0,彩虹新能源,-0.244,,176322070.0,,1.21,港股主板
08092,-25.96951868527375,,2.9213,30,21.05,False,0.001,2.327,925508000.0,0.046,23.68,24.6359,66.06,42573368.0,,42573368.0,4.35,4000.0,10.045966975681159,-49.56,0.0,-2.942455863624871,72640.0,0.008,982684800000.0,0.0021,39084.0,1748000,1.64,2.1807,2117.0,0.19,,0.0,ITE HOLDINGS,21.7655,,925508000.0,,0.038,港股GEM
03200,180.63507322234412,,4.4479,30,-9.75,False,0.05,3.0578,58019500.0,87.0,11.31,,-8.75,5047696500.0,,42543673467.0,0.81,100.0,,-17.53,-1.08,94.80629140534083,172022068.5,-9.4,1770307200000.0,3.5477,2475680.0,1898200,6.81,3.0673,2112.0,3.27,,14.82,大族数控,24.5227,,489007741.0,,96.4,港股主板
03336,180.13474847429816,,0.4842,30,-5.65,False,0.005,0.6809,1200008445.0,2.255,3.77,,5.37,2706019043.0,,2706019043.0,,2000.0,-28.02667924581721,183.65,-0.44,-7.838972621721851,2281560.0,-0.135,1130947200000.0,-1.0229,-391600.0,1006000.0,1.9,0.6809,2098.0,0.08,,-0.71,巨腾国际,-2.2045,,1200008445.0,,2.39,港股主板
02135,-68.50803002024493,,0.24434695156971278,30,0.0,False,0.001,,557077333.0,0.11,,20.439795530353567,-29.03,61278507.0,,61278507.0,,10000.0,12.884317102646328,-94.54,2.8,10.70902834447196,,0.0,1609084800000.0,0.0271,0.0,,,0.4744,2098.0,,,8.75,瑞丽医美,4.0544,,557077333.0,,0.11,港股主板
03887,36.727144494561244,,7.5553,30,-7.38,False,0.005,2.4429,2746555202.0,2.135,4.77,,-68.04,5863895356.0,,5863895356.0,,400.0,-311.1113829442382,-68.13,0.0,61.31049445805006,2851619.695,-0.17,1765900800000.0,-0.463,-867860.0,1312247,0.45,2.4257,2096.0,0.05,,-0.15,HASHKEY HLDGS,-4.6112,,2746555202.0,,2.305,港股主板
08076,17.136401291176885,,0.9905,30,-19.15,False,0.001,,1317240000.0,0.038,23.4,,-15.56,50055120.0,,50055120.0,,5000.0,-233.26365536671818,-90.76,0.0,-12.303977882570894,76925.0,-0.009,999619200000.0,-0.0112,0.0,1917500,0.6,-47.5159,2093.0,0.15,,0.0,新利软件,-3.3874,,1317240000.0,,0.047,港股GEM
00117,,,2.9694,30,-9.89,False,0.005,3.4692,744750000.0,3.37,12.17,27.5293,921.21,2509807500.0,,2509807500.0,,2000.0,29.162765628004777,240.78,0.3,18.752636194020745,5206120.0,-0.37,1198166400000.0,0.2403,0.0,1508000,0.96,3.48,2093.0,0.2,,0.0,宇阳控股,14.0261,,744750000.0,,3.74,港股主板
09955,-46.24926268185945,,0.2096,30,3.06,False,0.005,0.5526,645718830.0,0.505,8.16,4.917,-49.5,326088009.0,,326088009.0,,100.0,-54.95552361056249,-98.34,0.0,-32.31705150154885,63913.0,0.015,1657036800000.0,-0.7146,23616.0,133200,2.07,0.5543,2085.0,0.02,,-7.54,智云健康,-0.7066,,645718830.0,,0.49,港股主板
01682,-42.41434348067897,,2.628,30,5.34,False,0.001,2.4855,1571854000.0,0.138,5.34,30.0437,10.93,216915852.0,,216915852.0,,4000.0,-1.178889804059998,-74.17,0.0,-12.500379586968368,34988.0,0.007,1286208000000.0,-0.0007,0.0,260000.0,0.41,1.3902,2083.0,0.02,,0.0,杭品生活科技,-206.1938,,1571854000.0,,0.131,港股主板
00830,-47.9346844647757,,0.2416,30,0.0,False,0.005,0.4501,2254641000.0,0.61,1.64,,-46.74,1375331010.0,,1375331010.0,4.59,2000.0,-0.5077944303780916,-38.33,0.0,-14.232856884801148,718600.0,0.0,1269878400000.0,-0.0069,-81740.0,1178000.0,1.38,0.4501,2077.0,0.05,,0.0,中国建筑兴业,-88.5425,,2254641000.0,,0.61,港股主板
01069,,,0.7359939882556285,30,0.0,False,0.001,,308772660.0,0.248,,1.8190711706575446,-28.53,76575620.0,,76575620.0,,10000.0,489.9688092471409,-99.83,0.0,135.02101226294675,,0.0,1254931200000.0,0.0824,0.0,,,0.9507,2073.0,,,0.0,中国健康科技集团,3.0105,,308772660.0,,0.248,港股主板
01501,15.328429042552894,,5.0644,30,-1.2,False,0.02,2.1793,211200000.0,32.84,4.21,13.9273,10.42,6935808000.0,,6935808000.0,0.82,200.0,9.42537535621624,29.66,0.86,22.307424308414745,5497548.0,-0.4,1573142400000.0,1.1792,0.0,167600.0,1.11,2.1861,2070.0,0.08,,29.81,瑛泰医疗,27.8492,,211200000.0,,33.24,港股主板
00912,-12.219936790815044,,0.1806,30,2.79,False,0.005,0.3968,284790000.0,1.105,0.0,7.8667,11.2,314692950.0,,314692950.0,9.05,2000.0,5.031817345055251,529.27,0.0,6.475653767282563,2210.0,0.03,1032278400000.0,0.142,0.0,2000.0,0.03,0.3829,2069.0,0.0,,0.0,信佳国际,7.779,,284790000.0,,1.075,港股主板
03681,3.3585101380136706,,,30,1.42,False,0.005,3.5536,1386638336.0,1.07,8.53,,-20.15,1483703020.0,,1483703020.0,,300.0,-60.36692636340789,-85.34,0.0,,1801075.5,0.015,1573488000000.0,-0.1511,329544.0,1660500.0,4.04,3.5647,2059.0,0.12,,-21.05,中国抗体-B,-7.0824,,1386638336.0,,1.055,港股主板
02586,,,3.049,30,-0.35,False,0.005,10.436,864877586.0,8.55,2.91,27.9225,18.59,7394703360.0,,7394703360.0,,100.0,28.136055341490344,-60.6,0.06,10.859203633465286,54907224.49,-0.03,1733414400000.0,0.2317,2385118.0,6439913.0,1.64,9.5369,2058.0,0.74,,-54.32,多点数智,36.9027,,864877586.0,,8.58,港股主板
00051,-3.4102700386611007,,2.5664,30,-2.69,False,0.005,0.2379,708750000.0,5.055,4.04,9.0702,18.11,3582731250.0,,3582731250.0,,1000.0,-0.7890477475047208,,0.0,-2.8035265885280602,1118545.0,-0.14,599414400000.0,-0.1651,0.0,221000.0,3.0,0.2379,2057.0,0.03,,,海港企业,-30.6216,,708750000.0,,5.195,港股主板
01875,,,4.7662,30,-2.98,False,0.005,3.897,772787887.0,3.58,7.32,,43.2,2766580635.0,,2766580635.0,,400.0,-24.205206820025136,-44.32,1.56,-21.610595288924863,1939690.0,-0.11,1573142400000.0,-0.2378,-381196.0,542800,1.9,3.9092,2056.0,0.07,,-4.43,东曜药业-B,-15.0522,,772787887.0,,3.69,港股主板
00595,78.53775399479765,,0.708,30,-3.57,False,0.005,0.5277,855001302.0,1.08,3.57,7.2888,170.88,923401406.0,,923401406.0,1.85,2000.0,12.549808186861497,364.72,-1.37,26.46110361539431,778710.0,-0.04,830275200000.0,0.271,0.0,714000.0,1.66,0.4714,2048.0,0.08,,,先思行,3.9849,,855001302.0,,1.12,港股主板
00911,,,0.1346,30,-8.86,False,0.005,0.1548,169445000.0,0.36,0.0,,30.91,61000200.0,,61000200.0,,10000.0,1.023070742625397,-99.36,0.0,-37.74425172428746,3906.0,-0.035,1403798400000.0,0.0237,0.0,10900,0.42,0.1548,2044.0,0.01,,0.0,前海健康,15.2082,,169445000.0,,0.395,港股主板
09878,-9.550339367366467,,0.0665,30,-1.84,False,0.005,0.4249,528389452.0,6.95,2.97,8.9296,-29.44,3672306691.0,,3898554802.0,,100.0,3.958661770940819,-84.04,0.94,-14.973783160030552,2751180.5,-0.13,1645113600000.0,0.6406,333043.0,397100.0,3.7,0.42,2043.0,0.08,,4.88,汇通达网络,10.8494,,560943137.0,,7.08,港股主板
02550,-17.730078896998158,,1.0331,30,-1.85,False,0.005,0.8971,449503244.0,2.12,3.94,,-31.61,952946877.0,,952946877.0,,500.0,3.4238858610181557,-75.06,0.95,14.682101716952346,1218112.5,-0.04,1717689600000.0,0.0666,325500.0,571000.0,0.74,0.8949,2039.0,0.13,,91.72,宜搜科技,31.8332,,449503244.0,,2.16,港股主板
01090,-20.096313765580874,,0.0132,30,1.92,False,0.005,0.2324,1274528000.0,0.53,15.38,0.7317,-37.65,675499840.0,,675499840.0,,2000.0,-0.764746901751717,-69.25,1.92,-3.339803378540951,202580.0,0.01,1291132800000.0,-0.016,0.0,406000,1.11,0.2331,2038.0,0.03,,0.0,大明国际,-33.1839,,1274528000.0,,0.52,港股主板
09616,-1.1039558861025478,,0.4822,30,-1.69,False,0.005,0.3867,646219735.0,1.75,0.84,1.4233,-20.36,1130884536.0,,1130884536.0,16.0,800.0,17.047041397493743,-63.35,0.0,4.727788504864194,233224.0,-0.03,1601308800000.0,0.7258,0.0,132800.0,3.95,0.3864,2031.0,0.02,,0.0,东软睿新集团,2.4111,,646219735.0,,1.78,港股主板
01468,-49.925858798934144,,0.7603,30,0.0,False,0.001,0.0803,416830951.0,0.18,,0.888,-71.88,75029571.0,,75029571.0,,10000.0,-17.68476802511458,,0.0,-33.2173644044429,504.0,0.0,1345737600000.0,-0.3489,0.0,3000.0,0.02,0.0947,2029.0,0.0,,,嘉高达资本,-0.5158,,416830951.0,,0.18,港股主板
02211,-42.12740546561149,,0.4053,30,0.0,False,0.005,0.638,552731090.0,0.44,5.68,,-65.17,243201680.0,,243201680.0,,5000.0,-6.2003104859575675,-99.7,0.0,-26.300836695387098,136348.9,0.0,1386777600000.0,-0.0427,0.0,308010.0,0.61,0.613,2027.0,0.06,,0.0,大健康国际,-10.3009,,552731090.0,,0.44,港股主板
01228,-70.95887113244493,,17.7783,30,-6.2,False,0.005,,597723347.0,1.89,2.48,,-26.17,1129697126.0,,1129697126.0,,1000.0,26.94633146559561,-80.71,0.0,-15.181954393297648,957536.59,-0.125,1639065600000.0,-0.1527,-383000.0,502057,0.2,-4.9882,2026.0,0.08,,-26.93,北海康成-B,-12.3758,,597723347.0,,2.015,港股主板
06938,,,17.2414,30,1.21,False,0.05,4.6322,169582910.0,54.25,6.62,232.0256,-6.42,9199872868.0,,9199872868.0,,200.0,-20.302806715819948,-27.67,-0.73,2289.6970350950746,21078820.0,0.65,1767888000000.0,-1.1174,776115.0,382400.0,3.16,4.5856,2025.0,0.23,,41.62,瑞博生物-B,-48.5495,,169582910.0,,53.6,港股主板
02291,8.396427221978374,,7.9174,30,2.69,False,0.01,1.9781,342874997.0,13.35,4.77,19.6525,-12.55,4577381210.0,,4577381210.0,4.43,1000.0,10.271710363365935,-49.64,-0.67,15.074463534603488,2405470.0,0.35,1667836800000.0,0.6905,0.0,181000.0,1.09,1.9611,2024.0,0.05,,0.0,心泰医疗,19.3338,,342874997.0,,13.0,港股主板
03718,-5.511554395012586,,0.1902,30,0.0,False,0.005,0.3788,3556664000.0,0.39,1.28,1.6586,8.48,1387098960.0,,1387098960.0,9.74,4000.0,7.1641007879608605,-21.7,0.0,8.647078338616687,66280.0,0.0,1579017600000.0,0.0707,0.0,172000.0,0.18,0.3782,2022.0,0.0,,0.0,北控城市资源,5.5195,,3556664000.0,,0.39,港股主板
00993,-6.495597647054385,,14.6181,30,-3.26,False,0.001,,8709586011.0,0.089,3.26,65.6409,-35.97,775153155.0,,775153155.0,,1000.0,30.225299971373538,-99.98,0.0,-57.309694932186375,18672.9,-0.003,761328000000.0,-0.1144,0.0,209450.0,1.54,-0.2037,2022.0,0.0,,,信控国际资本,-0.7777,,8709586011.0,,0.092,港股主板
01713,-19.54490987749856,,0.3092,30,-1.82,False,0.005,0.4047,787396758.0,1.62,0.61,4.0335,-28.89,1275582748.0,,1740459474.0,8.64,2000.0,6.279850671570742,52.38,0.0,5.765006151838792,68020.0,-0.03,1545926400000.0,0.2448,0.0,42000.0,1.82,0.406,2022.0,0.01,,0.0,四川能投发展,6.618,,1074357700.0,,1.65,港股主板
08049,16.968013596876386,,1.3219,30,4.09,False,0.005,0.6481,172500000.0,2.42,1.08,3.8889,22.43,417450000.0,,1355805000.0,12.11,4000.0,12.343262056726882,570.55,0.0,2.03671341434144,124940.0,0.095,990633600000.0,0.4471,0.0,52000,2.42,0.6502,2017.0,0.03,,0.0,吉林长龙药业,5.4129,,560250000.0,,2.325,港股GEM
01168,15.195401062868497,,2.8614,30,0.0,False,0.005,0.2192,436347212.0,5.0,3.6,3.292,0.4,2181736060.0,,2181736060.0,,1000.0,-8.003976178431008,-31.5,0.0,38.10344699848491,1219605.0,0.0,897235200000.0,-1.8084,0.0,244000.0,1.2,0.2192,2015.0,0.06,,,Z FIN,-2.7649,,436347212.0,,5.0,港股主板
01251,-5.098531149998808,,0.2687,30,0.0,False,0.005,0.5112,1954143999.0,0.265,9.43,6.5913,47.22,517848160.0,,517848160.0,,2000.0,-7.822648085503564,-74.83,0.0,-5.105070539160749,215240.0,0.0,1324569600000.0,-0.0416,0.0,806000.0,0.32,0.5128,2015.0,0.04,,0.0,华油能源,-6.3698,,1954143999.0,,0.265,港股主板
01709,,,5.4489,30,-7.61,False,0.005,1.0599,2026791028.0,0.85,9.24,,-57.05,1722772374.0,,1722772374.0,1.18,1000.0,20.148052141163312,,1.19,19.199703636850707,4712566.3,-0.07,1444147200000.0,0.1792,-1307360.0,5431420,1.45,0.6411,2013.0,0.27,,,德林控股,4.7442,,2026791028.0,,0.92,港股主板
01063,-18.28041902306461,,1.4806,30,-6.67,False,0.001,0.3528,307707313.0,0.28,,,-38.46,86158048.0,,86158048.0,,5000.0,10.497783963957366,-99.9,0.0,-0.10251571385399005,456.0,-0.02,768499200000.0,0.0792,0.0,1900,0.09,0.3528,2008.0,0.0,,,新确科技,3.5367,,307707313.0,,0.3,港股主板
00206,,,0.5975,30,-1.52,False,0.001,0.4566,3243433914.0,0.195,1.52,1.2749,-25.0,632469613.0,,632469613.0,,1000.0,-5.84022808586762,-72.55,0.0,-8.950649621348362,82348.0,-0.003,1133107200000.0,-0.0253,0.0,421000.0,1.28,0.4567,2003.0,0.01,,0.0,华商能源,-7.7093,,3243433914.0,,0.198,港股主板
02438,13.6617831590071,,1.6439,30,-3.57,False,0.005,1.9562,1548844356.0,0.27,3.57,,-51.79,418187976.0,,418187976.0,,1000.0,-47.52258226359306,-90.94,0.0,-34.573351245241554,284605.0,-0.01,1713888000000.0,-0.0844,-94080.0,1024000.0,1.55,1.9623,1999.0,0.07,,-3.16,出门问问,-3.1973,,1548844356.0,,0.28,港股主板
03882,-12.635665121536121,,1.5939,30,3.57,False,0.005,,1008587455.0,0.435,1.19,,-37.86,438735543.0,,438735543.0,,1000.0,-138.77743408454853,-85.61,0.0,-6.900251495152132,8640.0,0.015,1435766400000.0,-0.0467,0.0,20000.0,0.02,-75.6441,1998.0,0.0,,0.0,天彩控股,-9.3134,,1008587455.0,,0.42,港股主板
01028,-30.06191512068267,,1.5042,30,-4.17,False,0.005,1.5402,2492400000.0,0.805,5.36,,13.38,2006382000.0,,2006382000.0,,1000.0,-0.12218446511800642,-23.28,0.63,-9.981141950928452,674210.0,-0.035,1316707200000.0,-0.0015,-100170.0,839000.0,1.51,1.545,1990.0,0.03,,0.0,千百度,-549.9943,,2492400000.0,,0.84,港股主板
00279,-32.65010852605358,,5.206,30,-1.2,False,0.005,8.3156,1395527300.0,0.41,1.2,,-29.31,572166193.0,,572166193.0,,6000.0,-36.50923396931092,,-3.53,104.81463402500961,1097250.0,-0.005,579283200000.0,-0.0197,619920.0,2676000.0,0.53,3.1572,1990.0,0.19,,,裕承科金,-20.8295,,1395527300.0,,0.415,港股主板
06168,2.0735405094434833,,0.8851,30,0.69,False,0.01,1.0463,260138883.0,11.6,6.86,,-57.18,3017611043.0,,4953965925.0,9.19,100.0,18.008046794943034,-53.2,0.69,-5.253754187509108,19987917.0,0.08,1750867200000.0,1.9658,14684207.999999998,1659900.0,24.78,1.0063,1988.0,0.64,,25.0,周六福,5.9009,,427066028.0,,11.52,港股主板
01229,-50.67660416362971,,0.3078,30,1.96,False,0.001,0.4797,765373584.0,0.156,6.54,0.7338,-29.09,119398279.0,,119398279.0,,2000.0,-2.788462879260235,-85.07,0.65,17.38048014187019,8040.0,0.003,797702400000.0,-0.0091,0.0,54000,0.68,0.4591,1988.0,0.01,,,南南资源,-17.0593,,765373584.0,,0.153,港股主板
00311,,,0.06079860979286834,30,0.0,False,0.005,,1034112666.0,0.305,,,39.84,315404363.0,,315404363.0,8.2,1000.0,6.7140170647933735,,0.0,0.19294145944224184,,0.0,1089820800000.0,0.0816,0.0,,,0.2427,1986.0,,,,联泰控股,3.7358,,1034112666.0,,0.305,港股主板
08317,,,4.4768,30,1.23,False,0.001,1.7495,999808161.0,0.082,0.0,3.5466,-1.2,81984269.0,,81984269.0,,2000.0,0.22282632915905343,-97.63,0.0,12.493601585200587,14268.0,0.001,1105027200000.0,0.0001,0.0,174000.0,4.67,1.8362,1985.0,0.02,,0.0,财华社集团,819.8427,,999808161.0,,0.081,港股GEM
80020,,,7.4982,30,-6.73,False,0.005,1.3714,41706746330.0,0.97,4.33,,-51.01,40455543940.0,,40950092982.0,,1000.0,1.219330045626014,-56.5,0.0,22.036492066789105,1308985.0,-0.07,1687104000000.0,0.0084,0.0,1321000,8.7,1.3597,1983.0,0.0,1.14,0.24,商汤-WR,115.1162,00020,42216590703.0,,1.04,港股主板
00042,76.36103741766055,,0.8499711970066793,30,0.0,False,0.001,,257950000.0,0.22,,,-18.52,56749000.0,,192141400.0,,2000.0,32.370809849916306,-87.13,0.0,28.673235837864386,,0.0,804960000000.0,-0.1016,0.0,,,-0.604,1982.0,,,,东北电气,-2.1649,,873370000.0,,0.22,港股主板
00035,,,0.3015,30,-1.55,False,0.005,0.1549,3059040482.0,0.635,4.65,0.6384,-11.81,1942490706.0,,1942490706.0,,1000.0,-9.538850144910752,,0.79,0.6479295640364313,889335.0,-0.01,85852800000.0,-0.3958,0.0,1417000.0,2.25,0.1543,1968.0,0.05,,,远东发展,-1.6044,,3059040482.0,,0.645,港股主板
06681,-2.3950907467715443,,5.109,30,-2.83,False,0.005,2.8889,1358278000.0,1.03,8.96,,-84.01,1399026340.0,,1399026340.0,,1000.0,-96.72862297432268,-68.01,-0.48,57.72314619892247,9219940.0,-0.03,1736265600000.0,-0.2701,-511730.0,8692000,4.6,2.8979,1967.0,0.64,,3.42,脑动极光-B,-3.8133,,1358278000.0,,1.06,港股主板
01982,30.626924957772637,,0.3673,30,1.36,False,0.005,0.6465,2279392000.0,0.745,1.36,2.9692,-28.37,1698147040.0,,1698147040.0,14.77,2000.0,12.625500352646487,47.67,1.36,0.15272614785153404,2960.0,0.01,1460390400000.0,0.1319,0.0,4000.0,0.01,0.7106,1965.0,0.0,,-3.79,南旋控股,5.65,,2279392000.0,,0.735,港股主板
00622,,,355.9297,30,-1.45,False,0.005,4.911,6943483326.0,3.055,4.68,,307.33,21212341561.0,,21212341561.0,,3000.0,10.04346500676232,-97.9,0.33,6.221316098158547,76603098.0,-0.045,684950400000.0,0.0542,-9500823.0,24872700,1.21,4.911,1964.0,0.36,,,威华达控股,56.3297,,6943483326.0,,3.1,港股主板
00798,,,0.22923308804818016,30,0.0,False,0.001,,7408560000.0,0.13,,36.966024410839026,-37.68,963112800.0,,963112800.0,3.85,4000.0,-0.7421912189843787,-71.9,0.0,-13.798885287191176,,0.0,1395936000000.0,-0.0094,0.0,,,0.106,1951.0,,,0.0,中电光谷,-13.879,,7408560000.0,,0.13,港股主板
06616,65.34026354957625,,2.2501,30,0.11,False,0.005,3.23,1248441781.0,9.33,3.33,58.7011,-9.77,11647961817.0,,11647961817.0,,1000.0,-17.57321997434691,129.57,0.27,97.38662672963407,10011685.0,0.01,1626364800000.0,-0.5185,434280.0,1080000.0,1.31,2.2834,1951.0,0.09,,13.85,环球新材国际,-17.9956,,1248441781.0,,9.32,港股主板
01613,1.1032076764447396,,31.0954,30,21.14,False,0.005,11.1969,1535864491.0,0.745,16.26,,318.54,1144219046.0,,1144219046.0,,6400.0,-43.71531667329145,-84.37,0.0,-15.291280926708406,1170848.0,0.13,1334678400000.0,-0.0276,0.0,1657600,1.58,5.9064,1951.0,0.11,,0.0,协同通信,-27.0233,,1535864491.0,,0.615,港股主板
06031,26.532643153518798,,1.3163,30,-4.96,False,0.01,1.3929,720614400.0,16.11,5.55,6.6082,-27.96,11609097984.0,,148131521480.0,1.31,200.0,10.728989202230037,-23.57,0.31,13.1329533986438,64803557.4,-0.84,1761580800000.0,1.1114,-15552374.0,3945308,1.28,1.3868,1950.0,0.55,,2.82,三一重工,14.4947,,9195004437.0,,16.95,港股主板
06980,21.310483020244785,,0.7781,30,-3.42,False,0.02,1.0296,83507700.0,26.54,7.06,4.3879,-5.47,2216294358.0,,2218417558.0,5.32,100.0,19.348378673801374,-65.49,1.22,10.907409778763299,1465700.0,-0.94,1761580800000.0,4.1271,0.0,54500.0,2.06,1.0037,1945.0,0.07,,86.7,八马茶业,6.4307,,83587700.0,,27.48,港股主板
00737,2.321503048444118,,6.8544,30,0.26,False,0.005,1.0827,3331690283.0,1.92,1.31,7.9954,13.49,6396845343.0,,6396845343.0,9.48,500.0,10.608311924353615,221.23,0.0,-3.3906781749239667,280468.61,0.005,1060099200000.0,0.1775,0.0,145077.0,2.4,1.0751,1939.0,0.0,1.61,0.0,湾区发展,10.8146,80737,3331690283.0,,1.915,港股主板
01786,0.9042826570835771,,0.2625,30,0.74,False,0.005,0.1422,531900000.0,0.685,2.21,2.3224,-20.13,364351500.0,,1041120540.0,4.96,500.0,2.365619779961002,-80.69,0.0,4.6229307989617,161620.0,0.005,1450195200000.0,0.1098,0.0,241000.0,4.51,0.1425,1937.0,0.05,,0.0,铁建装备,6.2376,,1519884000.0,,0.68,港股主板
00130,2.059628412932457,,0.6127,30,-10.24,False,0.001,0.2084,337930000.0,0.184,16.59,6.2466,21.05,62179120.0,,62179120.0,,2000.0,-15.705227089793153,-54.52,-1.08,-7.435269238612507,296466.0,-0.021,1013356800000.0,-0.1348,0.0,1582000,0.67,0.2378,1936.0,0.47,,0.0,慕诗国际,-1.3648,,337930000.0,,0.205,港股主板
06828,-7.6415862680345725,,0.3628,30,3.03,False,0.001,0.4899,22736114715.0,0.034,3.03,,6.25,773027900.0,,773027900.0,,8000.0,5.326841350051225,-77.03,0.0,-2.1852811568603636,167688.0,0.001,1310400000000.0,0.0037,0.0,5080000.0,7.65,0.4914,1932.0,0.02,,,北京燃气蓝天,9.1347,,22736114715.0,,0.033,港股主板
02475,21.39483916956837,,0.9041,30,-2.59,False,0.05,3.6383,396014700.0,50.8,7.0,21.5249,-19.54,20117546760.0,,393320624584.0,0.25,100.0,,-19.5,0.2,26.17338339771651,182844821.35,-1.35,1783526400000.0,2.6168,-3304839.9999999925,3545943.0,2.25,2.9569,1932.0,0.9,,-1.55,立讯精密,19.4128,,7742531980.0,,52.15,港股主板
00314,,,0.5895,30,-4.11,False,0.005,0.9956,725334114.0,1.4,5.48,23.3899,-43.78,1015467760.0,,1015467760.0,,200.0,-0.9322263750157523,-94.09,-0.71,-35.71445979188278,1053874.0,-0.06,1671724800000.0,-0.013,0.0,733400.0,0.95,0.9411,1927.0,0.1,,0.0,思派健康,-107.8821,,725334114.0,,1.46,港股主板
01244,-31.405996473192697,,1.4531,30,0.0,False,0.005,0.9836,258177000.0,2.31,3.9,,-56.66,596388870.0,,596388870.0,,500.0,-27.943777268387404,-92.03,0.0,-17.356839543699643,258605.0,0.0,1671033600000.0,-0.7677,115200.0,109000.0,2.31,0.9867,1927.0,0.04,,25.9,思路迪医药股份,-3.0089,,258177000.0,,2.31,港股主板
00827,56.73068763218676,,0.0911,30,-13.16,False,0.001,,7028042599.0,0.033,13.16,,17.86,231925406.0,,231925406.0,,4000.0,762.2121752625651,,0.0,-7.6623317301727,112448.0,-0.005,1057766400000.0,-0.1134,0.0,3256000,1.77,-0.4999,1922.0,0.05,,,玖源集团,-0.2911,,7028042599.0,,0.038,港股主板
01269,-30.026745293325597,,0.018860284603433995,30,0.0,False,0.001,,1848000000.0,0.047,,9.28643216080402,-11.32,86856000.0,,86856000.0,,10000.0,14.542485647034301,-96.76,0.0,40.33045487774092,,0.0,1321977600000.0,-0.1778,0.0,,,-0.0358,1919.0,,,0.0,首控集团,-0.2644,,1848000000.0,,0.047,港股主板
02218,-7.462178125060026,,4.4811,30,3.12,False,0.02,2.3543,57352000.0,22.44,5.33,24.3648,68.71,1286978880.0,,7357806720.0,1.74,500.0,9.372860996907214,1465.95,-0.09,13.089980178832228,26587630.0,0.68,1050940800000.0,0.8839,-1853380.0,1195000,6.5,2.3522,1916.0,2.08,,,安德利果汁,25.388,,327888000.0,,21.76,港股主板
00878,6.154415235933652,,3.5189,30,-0.33,False,0.005,0.1309,283308635.0,6.03,0.74,5.6426,-2.75,1708351069.0,,1708351069.0,1.66,500.0,-9.359156235219514,-90.22,0.0,15.530411276443479,72190.0,-0.02,858873600000.0,-4.5249,0.0,12000.0,0.67,0.1309,1907.0,0.0,,,金朝阳集团,-1.3326,,283308635.0,,6.05,港股主板
01760,-70.18098852618037,,0.1657,30,-4.24,False,0.005,0.4261,1087838400.0,1.13,3.81,8.6275,-42.33,1229257392.0,,1229257392.0,1.59,1000.0,0.6177741234462669,-54.73,0.0,6.161348052826132,1019630.0,-0.05,1531324800000.0,0.0168,141360.0,896000.0,1.99,0.4274,1905.0,0.08,,0.0,英恒科技,67.2593,,1087838400.0,,1.18,港股主板
00360,7.371822320357357,,0.8314,30,0.0,False,0.001,1.7437,17216948349.0,0.034,2.94,42.5652,-24.44,585376244.0,,585376244.0,,4000.0,-32.511005446763484,-96.03,0.0,5.578477631527368,54128.0,0.0,1109520000000.0,-0.0079,0.0,1624000.0,0.14,1.7492,1905.0,0.01,,0.0,新焦点,-4.2962,,17216948349.0,,0.034,港股主板
01180,,,8.442,30,1.62,False,0.005,2.832,1052185315.0,0.94,2.7,,52.15,989054196.0,,989054196.0,2.66,4000.0,-22.693460028225644,-99.03,0.0,-52.53927790377511,752940.0,0.015,853689600000.0,-0.0976,0.0,808000.0,1.21,2.832,1901.0,0.08,,,汇彩控股,-9.6332,,1052185315.0,,0.925,港股主板
00745,,,24.4132,30,2.56,False,0.005,19.8515,234366456.0,5.205,13.1,,622.92,1219877403.0,,1219877403.0,,2000.0,24.372648944503002,,0.0,5.118031321579197,1600760.5,0.13,1097596800000.0,0.0538,0.0,296575,1.53,19.2058,1898.0,0.13,,,中国国家文化产业,96.8003,,234366456.0,,5.075,港股主板
01680,212.96395881618437,,0.4047,30,0.64,False,0.001,0.1035,930178068.0,0.158,0.0,1.2348,-49.03,146968135.0,,146968135.0,,4000.0,-18.604044469200062,-99.24,0.0,-29.081520930367333,784.0,0.001,1372953600000.0,-0.3036,0.0,5000,0.09,0.1035,1896.0,0.0,,0.0,澳门励骏,-0.5204,,930178068.0,,0.157,港股主板
03686,,,1.4336,30,3.19,False,0.005,0.8498,1015750000.0,0.485,3.19,5.4705,-25.0,492638750.0,,492638750.0,19.59,10000.0,46.67707669260114,263.84,0.0,-6.548422383537266,53200.0,0.015,1478534400000.0,0.227,0.0,110000,1.2,0.8524,1896.0,0.01,,21.57,祈福生活服务,2.1365,,1015750000.0,,0.47,港股主板
04335,,,,30,0.0,False,0.05,,5622000000.0,300.0,,,0.0,1686600000000.0,,1686600000000.0,,10.0,,,0.0,,,0.0,959702400000.0,,0.0,,,,1892.0,,,,英特尔-T,,,5622000000.0,,300.0,港股主板
01538,9.018973743174907,,0.3469,30,1.18,False,0.005,0.5511,854550000.0,0.86,4.71,5.4141,127.33,734913000.0,,734913000.0,2.91,2000.0,9.083444925128378,-31.08,0.0,2.9751888539979454,509820.0,0.01,1448380800000.0,0.1356,0.0,602000.0,0.4,0.5528,1890.0,0.07,,0.0,中奥到家,6.34,,854550000.0,,0.85,港股主板
01121,-19.54153116753955,,4.2861,30,-2.63,False,0.005,2.9824,1924269608.0,0.37,5.26,47.0717,-70.87,711979755.0,,711979755.0,,2000.0,-94.11652370418703,-78.03,0.0,-23.31818468333948,3810.0,-0.01,1296144000000.0,-0.1402,0.0,10000.0,0.08,2.9917,1888.0,0.0,,0.0,金阳新能源,-2.6386,,1924269608.0,,0.38,港股主板
02587,,,0.2695,30,-4.51,False,0.005,1.7788,874271300.0,0.635,9.77,14.775,-85.47,555162276.0,,555162276.0,,500.0,22.815251235495392,-93.62,0.0,23.416700519669085,1082768.5,-0.03,1735488000000.0,0.0741,66500.0,1703500,1.09,1.7773,1887.0,0.19,,36.67,健康之路,8.564,,874271300.0,,0.665,港股主板
08295,-13.638573587325652,,0.0834,30,0.0,False,0.001,0.2046,4776019590.0,0.026,3.85,2.1726,-10.34,124176509.0,,124176509.0,,20000.0,-27.696578555813396,-90.37,0.0,13.79323265952863,6120.0,0.0,1276790400000.0,-0.0353,0.0,240000.0,0.24,0.2373,1886.0,0.01,,0.0,金慧科技,-0.7375,,4776019590.0,,0.026,港股GEM
00917,43.31342707953223,,0.824,30,-3.02,False,0.005,0.675,264898646.0,6.425,7.17,4.876,-71.11,1701973801.0,,1701973801.0,,100.0,17.077454592579144,-80.53,-0.77,26.40144516806451,24288183.1,-0.2,1716739200000.0,1.4164,-1691045.0000000019,3654800.0,3.01,0.6771,1883.0,1.38,,40.0,趣致集团,4.5361,,264898646.0,,6.625,港股主板
03313,-47.116568378479016,,1.0928,30,-2.88,False,0.005,0.1941,142210462.0,0.675,2.88,,-44.72,95992062.0,,95992062.0,,5000.0,-16.334776271231224,-99.83,0.0,1.832873137357316,54750.0,-0.02,1388332800000.0,-0.5897,0.0,80000,0.97,0.1946,1881.0,0.06,,0.0,雅高控股,-1.1446,,142210462.0,,0.695,港股主板
01461,24.042736629123418,,0.7878,30,-4.65,False,0.005,0.1957,277090000.0,0.615,3.1,,-0.97,170410350.0,,616168500.0,1.3,1000.0,5.6571046812046815,-73.72,0.0,-22.968841575046074,373825.0,-0.03,1436198400000.0,0.1715,0.0,601000,6.9,0.1963,1876.0,0.22,,0.0,中泰期货,3.5851,,1001900000.0,,0.645,港股主板
01102,,,0.4254,30,-5.0,False,0.001,2.0754,2799385743.0,0.076,8.75,7.2407,68.89,212753316.0,,212753316.0,,2000.0,19.183777796711254,-94.32,0.0,1.9084233855824806,16872.0,-0.004,1045497600000.0,0.004,0.0,218000,0.1,2.0754,1872.0,0.01,,,环能国际,18.898,,2799385743.0,,0.08,港股主板
01265,,,0.14123584239309087,30,0.0,False,0.001,,500060000.0,0.155,,0.9048178067366377,-13.41,77509300.0,,285092709.0,,10000.0,-0.973172901595931,-60.54,0.0,2.568997076546786,,0.0,1073577600000.0,-0.0082,0.0,,,0.1844,1871.0,,,0.0,天津津燃公用,-18.9942,,1839307800.0,,0.155,港股主板
00933,,,0.3194,30,-1.45,False,0.005,0.4068,9958575244.0,0.34,4.35,3.5695,-45.1,3385915583.0,,3385915583.0,2.35,8000.0,3.1970132638224893,-70.1,-1.45,-0.7734171959748126,241080.0,-0.005,954950400000.0,0.0259,0.0,696000,0.42,0.4065,1867.0,0.01,,0.0,非凡领越,13.1411,,9958575244.0,,0.345,港股主板
01023,,,0.2532,30,-7.14,False,0.005,0.2416,965430000.0,0.39,1.19,,-21.94,376517700.0,,376517700.0,15.38,1000.0,-8.137361325091318,-54.91,0.0,-6.646711086498536,24480.0,-0.03,1323100800000.0,-0.1272,0.0,62000,0.21,0.26,1866.0,0.01,,0.0,时代集团控股,-3.0654,,965430000.0,,0.42,港股主板
02235,78.0125017164182,,3.0700667357820226,30,0.0,False,0.005,,163006942.0,6.99,,216.3209225777579,-11.85,1139418525.0,,2900214609.0,,100.0,4.12909215930235,-77.45,0.0,63.79221217341837,,0.0,1634572800000.0,0.226,125795.0,,,1.2281,1864.0,,,0.0,微泰医疗-B,30.9359,,414909100.0,,6.99,港股主板
06878,,,0.02289764456362813,30,0.0,False,0.001,,939423988.0,0.037,,,0.0,34758688.0,,34758688.0,,10000.0,-193.24464495344588,,,-31.95485030901629,,0.0,1386518400000.0,-2.9526,0.0,,,0.5218,1863.0,,,,鼎丰集团汽车,-0.0125,,939423988.0,,0.037,港股主板
00113,-0.490586787047409,,1.147,30,-0.34,False,0.005,0.6128,386059308.0,5.91,1.35,6.0014,7.99,2281610510.0,,2281610510.0,9.31,500.0,6.890536608319868,,-0.42,-2.2660452277266097,522747.5,-0.02,100972800000.0,0.6448,-118000.0,88500.0,3.31,0.618,1862.0,0.02,,,迪生创建,9.1654,,386059308.0,,5.93,港股主板
01981,,,1.111,30,-4.41,False,0.005,0.3719,1654937000.0,0.65,2.94,2.0896,-24.25,1075709050.0,,1075709050.0,10.46,1000.0,15.153292540535269,-77.51,0.0,6.280342840184994,150540.0,-0.03,1594742400000.0,0.2485,0.0,228000,0.81,0.3731,1858.0,0.01,,58.71,华夏控股,2.6159,,1654937000.0,,0.68,港股主板
00755,-14.050889448431292,,0.2434959248721843,30,0.0,False,0.001,,178552218.0,0.255,,,-30.14,45530816.0,,45530816.0,,5000.0,-12.13432391693537,-99.65,0.0,-19.66178882520565,,0.0,720115200000.0,-0.2786,0.0,,,0.1165,1846.0,,,,大方广瑞德,-0.9152,,178552218.0,,0.255,港股主板
09669,-79.2009191144248,,1.9369,30,0.15,False,0.005,2.1784,716493423.0,3.295,4.86,13.7683,-54.61,2360845829.0,,2360845829.0,,200.0,-2.1748926155490174,-88.87,1.85,13.736000529797776,11846201.0,0.005,1681315200000.0,-0.037,4521311.0,3710600.0,11.18,1.833,1845.0,0.52,,-12.12,北森控股,-88.9476,,716493423.0,,3.29,港股主板
01236,40.744754417231334,,8.5906,30,-1.14,False,0.02,7.0004,333333400.0,26.1,22.95,,-0.99,8700001740.0,,8700001740.0,,200.0,,-51.21,-0.38,54.05317426495111,79431122.0,-0.3,1778428800000.0,-0.3094,9444716.0,2821000,3.74,7.0223,1841.0,0.85,,127.62,乐动机器人,-84.3618,,333333400.0,,26.4,港股主板
02509,64.40943831237354,,3.3221,30,-1.68,False,0.01,3.882,223369200.0,17.0,1.85,6.6753,-9.48,3797276400.0,,3797276400.0,,200.0,100.44317656157892,-37.96,0.0,,445436.0,-0.29,1710864000000.0,2.7579,0.0,26200.0,0.33,3.8213,1838.0,0.01,,23.74,荃信生物-B,6.1641,,223369200.0,,17.29,港股主板
03277,71.2061714480581,,22.2478,30,-9.22,False,0.05,5.8609,300932600.0,65.0,14.39,37.5756,63.43,19560619000.0,,28930739500.0,0.45,100.0,,-9.48,0.31,36.18506564838071,180582300.4,-6.6,1776355200000.0,1.1782,-5027275.0,2787516,10.04,5.8741,1836.0,0.93,,75.53,长光辰芯,55.1712,,445088300.0,,71.6,港股主板
02080,17.895003629324123,,0.6893,30,-4.3,False,0.005,0.8033,492984000.0,0.445,6.45,12.4477,32.84,219377880.0,,219377880.0,,2000.0,12.776538347919539,-84.05,0.0,-7.110360132672,152210.0,-0.02,1390406400000.0,0.0715,87000.0,346000,1.67,0.7287,1835.0,0.07,,,奥克斯国际,6.2237,,492984000.0,,0.465,港股主板
01372,,,1.692,30,-7.17,False,0.005,23.2256,980478712.0,1.1,6.75,,-29.03,1078526583.0,,1078526583.0,,1000.0,-156.8059749465012,-11.18,0.0,,852510.0,-0.085,1386691200000.0,-0.1891,197355.0,758000,0.76,5.0401,1834.0,0.08,,,中国碳中和,-5.8177,,980478712.0,,1.185,港股主板
06951,37.269358668743145,,19.1855,30,-8.18,False,0.1,9.3453,80221200.0,122.4,12.3,70.5045,22.03,9819074880.0,,244398353090.0,,100.0,,22.03,0.49,34.19661240499343,175990732.0,-10.9,1783526400000.0,1.8991,-4120380.0,1371522,3.1,7.3255,1832.0,1.71,,4.69,三环集团,64.4521,,1996718571.0,,133.3,港股主板
02322,83.57936688201337,,5.4371,30,-5.26,False,0.001,0.3876,4420600000.0,0.054,10.53,,-56.1,238712400.0,,238712400.0,,8000.0,-48.22437095440178,-77.5,0.0,-39.56725769051832,174480.0,-0.003,1049817600000.0,-0.0584,0.0,3208000.0,3.7,0.5531,1825.0,0.07,,,新质数字,-0.9242,,4420600000.0,,0.057,港股主板
08100,-39.604612211435274,,2.0713989591309074,30,0.0,False,0.005,,444448237.0,0.42,,2.6428658804207785,20.0,186668260.0,,186668260.0,,6000.0,-3.1695363283173053,-99.96,0.0,-0.2914715238241272,,0.0,1009728000000.0,-0.0114,0.0,,,1.1954,1823.0,,,,名科国际,-36.9348,,444448237.0,,0.42,港股GEM
00521,91.51230951309093,,0.0477,30,4.17,False,0.001,0.4074,11399996101.0,0.2,4.17,,-23.08,2279999220.0,,2279999220.0,,10000.0,5.4581033172537445,,-1.48,8.155953473862333,382680.0,0.008,598809600000.0,0.0261,0.0,1910000,2.3,0.4074,1819.0,0.02,,,CWT INT'L,7.6566,,11399996101.0,,0.192,港股主板
08172,-8.952147359898044,,5.59098783557047,30,0.0,False,0.001,,420913104.0,0.19,,,0.0,79973490.0,,79973490.0,,20000.0,-29.821239023448808,-99.99,,-9.12161993542674,,0.0,1017072000000.0,-0.0587,0.0,,,1.1011,1806.0,,,,拉近网娱,-3.2348,,420913104.0,,0.19,港股GEM
02477,,,3.8565,30,0.0,False,0.001,4.6172,4796000000.0,0.193,7.25,,-94.24,925628000.0,,925628000.0,,800.0,-17.826567898127905,-12.79,0.0,-7.821694240234168,23493407.2,0.0,1704988800000.0,-0.0082,0.0,118853600.0,3.15,2.3649,1803.0,2.48,,164.0,经纬天地,-23.4403,,4796000000.0,,0.193,港股主板
06831,26.99159898831891,,0.5512,30,-1.33,False,0.005,1.7748,658454800.0,4.815,2.66,3.0296,-20.82,3170459862.0,,3170459862.0,10.8,400.0,32.70575882521951,-24.31,-0.1,15.723068857539424,2690638.34,-0.065,1747324800000.0,0.9438,410182.0,553119,0.73,1.7407,1795.0,0.08,,-12.52,绿茶集团,5.1015,,658454800.0,,4.88,港股主板
01598,8.030345500724966,,0.25028412727017385,30,0.0,False,0.001,,1161204000.0,0.111,,0.8501153813176449,0.0,128893644.0,,128893644.0,,3000.0,4.764494084796826,-92.05,,19.556171042956283,,0.0,1527523200000.0,0.0353,0.0,,,0.1445,1794.0,,,52.21,21世纪教育,3.1426,,1161204000.0,,0.111,港股主板
00334,108.08414434097853,,0.0663,30,0.0,False,0.005,0.4149,2114307929.0,0.29,,3.058,-7.94,613149299.0,,613149299.0,,8000.0,10.924177493698101,-93.42,0.0,49.93601019632396,6960.0,0.0,866563200000.0,0.0705,0.0,24000.0,0.16,0.4162,1793.0,0.0,,,华显光电,4.1108,,2114307929.0,,0.29,港股主板
00057,-3.536521063203424,,0.3824,30,-0.33,False,0.005,0.2997,630561600.0,1.495,0.0,1.8709,-1.42,942689592.0,,942689592.0,5.95,2000.0,3.6993870415959216,221.09,0.0,2.150336673300046,38870.0,-0.005,688060800000.0,0.1855,0.0,26000.0,0.44,0.2909,1792.0,0.0,,,震雄集团,8.0607,,630561600.0,,1.5,港股主板
02608,6.431847014695613,,0.03215202964172549,30,0.0,False,0.001,,2550811477.0,0.01,,,0.0,25508115.0,,25508115.0,,1000.0,40.39611847024022,-99.72,0.0,-42.8037722777289,,0.0,1394640000000.0,-1.592,0.0,,,-0.0021,1791.0,,,0.0,阳光100中国,-0.0063,,2550811477.0,,0.01,港股主板
00154,14.331362016531312,,0.3751,30,0.0,False,0.005,0.1329,1500360150.0,0.415,0.0,0.8742,-18.63,622649462.0,,622649462.0,,1000.0,6.642242290892231,,0.0,-8.5195146919531,12035.0,0.0,599414400000.0,0.1998,0.0,29000.0,0.37,0.1333,1785.0,0.0,,,北京控股环境集团,2.0774,,1500360150.0,,0.415,港股主板
02246,-54.84160857857743,,0.1047,30,0.88,False,0.005,0.8751,66021275.0,1.15,0.0,,-47.0,75924466.0,,75924466.0,,2000.0,-90.35024963756184,-99.47,-2.54,-7.401038847188646,2360.0,0.01,1656000000000.0,-2.0876,0.0,2000,0.02,0.8778,1774.0,0.0,,-22.23,快狗打车,-0.5509,,66021275.0,,1.14,港股主板
00397,-17.596169373040805,,2.4933,30,0.0,False,0.001,0.1276,3422839101.0,0.038,7.89,14.6953,-20.5,130067886.0,,130067886.0,,10000.0,-5.699799889413821,-100.0,2.7,-13.208315664312288,33811.85,0.0,750441600000.0,-0.0175,0.0,930070.0,0.4,0.1224,1769.0,0.03,,,嬴集团,-2.1699,,3422839101.0,,0.038,港股主板
09991,,,0.1414,30,4.47,False,0.005,0.3949,160999472.0,8.995,2.79,2.097,32.28,1448190251.0,,1567830389.0,,100.0,-3.6492206480267826,-89.42,0.0,7.795404001811379,343587.5,0.385,1601308800000.0,-0.8727,0.0,38300,0.5,0.3699,1766.0,0.02,,1.33,宝尊电商-W,-10.3074,,174300210.0,,8.61,港股主板
01328,,,14.084234959047569,30,0.0,False,0.005,,256828296.0,3.1,,3.7400714879624193,0.65,796167718.0,,796167718.0,,1000.0,13.056228724457561,-90.26,0.0,56.227431931219776,,0.0,1192464000000.0,0.5661,0.0,,,0.6487,1760.0,,,0.0,金涌投资,5.4763,,256828296.0,,3.1,港股主板
01292,-27.098763201019583,,0.0323,30,-2.69,False,0.005,0.1465,129844800.0,1.81,0.81,,-50.36,235019088.0,,365735840.0,9.72,1000.0,0.9788480683236135,,0.0,9.62359713318348,43560.0,-0.05,1140624000000.0,0.1257,0.0,24000.0,0.67,0.1468,1757.0,0.02,,,长安民生物流,14.4028,,202064000.0,,1.86,港股主板
08349,,,20.38152323438943,30,0.0,False,0.01,,400000000.0,1.29,,,-7.86,516000000.0,,516000000.0,,10000.0,-11.566760726812415,-58.39,,-30.09250253023261,,0.0,1484236800000.0,-0.0178,0.0,,,8.7806,1750.0,,,388.57,硅鑫集团,-72.6205,,400000000.0,,1.29,港股GEM
01968,-9.225842713986887,,0.5226,30,0.0,False,0.001,0.5695,640000000.0,0.178,2.25,,7.88,113920000.0,,113920000.0,,4000.0,-14.078432466095943,-89.45,0.0,9.64348149782781,68664.0,0.0,1531670400000.0,-0.0473,0.0,388000.0,2.84,0.5695,1748.0,0.06,,150.89,兴纺控股,-3.7607,,640000000.0,,0.178,港股主板
00408,50.16387331363492,,0.453,30,-2.27,False,0.005,0.3463,558460096.0,2.58,1.33,9.121,46.63,1440827048.0,,1440827048.0,7.75,2000.0,5.210543292822775,1040.08,0.0,2.8926296295525455,195740.0,-0.06,682790400000.0,0.3804,0.0,76000.0,0.65,0.3402,1747.0,0.01,,,叶氏化工集团,6.7829,,558460096.0,,2.64,港股主板
01419,-46.86632069491423,,0.44077077297347195,30,-1.27,False,0.005,,379552233.0,0.78,,,-1.27,296050742.0,,296050742.0,3.85,2000.0,3.4417570761749006,-28.44,0.0,-12.475041017053378,,-0.01,1459440000000.0,0.0715,0.0,,,0.3726,1745.0,,,8.65,盈健医疗,10.9135,,379552233.0,,0.79,港股主板
00736,9.344454355014499,,1.1583,30,4.11,False,0.001,0.1622,320599606.0,0.228,10.96,,-66.47,73096710.0,,73096710.0,,3000.0,-17.513641166451517,-100.0,-0.44,-2.5790689365247754,219542.685,0.009,717782400000.0,-0.2332,0.0,945045,3.43,0.1774,1744.0,0.29,,,中国置业投资,-0.9778,,320599606.0,,0.219,港股主板
01118,3.360911446078818,,0.19909427273465233,30,0.0,False,0.005,,574378128.0,1.17,,0.434449963958664,7.17,672022410.0,,672022410.0,5.98,10000.0,10.089628816945345,329.52,,-8.870909561590123,,0.0,774201600000.0,0.2651,0.0,,,0.4254,1744.0,,,,高力集团,4.414,,574378128.0,,1.17,港股主板
02591,-24.008701980120662,,9.4541,30,2.84,False,0.005,1.5201,420285370.0,3.62,8.38,,-88.19,1521433039.0,,1653686043.0,,200.0,-41.15942100348809,-94.97,0.14,,20372765.0,0.1,1755187200000.0,-0.8301,-917317.0,5584000.0,4.69,1.5249,1743.0,1.33,,206.48,银诺医药-B,-4.3608,,456819349.0,,3.52,港股主板
00900,5.8996848798181345,,2.1155,30,-0.22,False,0.005,0.8627,418765600.0,9.05,0.55,15.5987,29.96,3789828680.0,,3789828680.0,6.41,2000.0,9.467809629632761,2536.95,0.0,15.935159240721797,495852.72,-0.02,811008000000.0,1.1783,0.0,54696.0,0.7,0.8216,1742.0,0.01,,,Aeon信贷,7.6808,,418765600.0,,9.07,港股主板
03677,,,0.959,30,1.37,False,0.005,1.1589,1485293739.0,4.44,4.91,4.5788,-46.76,6594704201.0,,11341629697.0,,300.0,12.374570943857757,-47.52,-0.22,49.44037713854541,10047208.5,0.06,1744560000000.0,0.4259,589189.5,2233500.0,7.26,1.1626,1742.0,0.15,,1.45,正力新能,10.4244,,2554421103.0,,4.38,港股主板
00929,30.435219247036738,,0.4375,30,-3.77,False,0.005,0.2766,1052254135.0,0.51,5.66,7.0878,-29.43,536649609.0,,536649609.0,5.49,5000.0,0.6117072597984126,1.61,0.0,15.873718567258987,231900.0,-0.02,1099238400000.0,0.011,0.0,450000.0,1.33,0.2766,1738.0,0.04,,1.3,国际精密,46.1912,,1052254135.0,,0.53,港股主板
01809,-4.985349546886919,,0.2959,30,-1.41,False,0.005,0.4855,638645000.0,6.29,1.88,2.6159,-13.6,4017077050.0,,4017077050.0,7.95,500.0,14.294415425802024,50.26,0.48,6.372313010546038,450772.5,-0.09,1539014400000.0,1.7733,-75600.0,71500,1.09,0.4856,1737.0,0.01,,-25.64,浦林成山,3.547,,638645000.0,,6.38,港股主板
02798,80.0798122166789,,1.0141,30,-7.39,False,0.005,0.3874,1600000000.0,0.815,4.55,,-29.13,1304000000.0,,1304000000.0,,5000.0,-8.05712308834046,56.43,0.0,-15.261773154333635,332675.0,-0.065,1544544000000.0,-0.1713,0.0,405000,0.8,0.3887,1736.0,0.03,,0.0,久泰邦达能源,-4.7566,,1600000000.0,,0.88,港股主板
06958,172.24147370725237,,0.0711,30,-1.23,False,0.001,0.1288,1037500000.0,0.08,4.94,1.4608,-27.27,83000000.0,,83000000.0,,1000.0,-39.71448501484543,-98.32,0.0,-5.0393534400347555,408.0,-0.001,1594310400000.0,-0.2989,0.0,5000.0,0.02,0.1292,1735.0,0.0,,23.08,正荣服务,-0.2677,,1037500000.0,,0.081,港股主板
06960,,,0.3872,30,1.34,False,0.005,0.6224,342609500.0,5.68,1.61,2.4973,-62.96,1946021960.0,,2417461960.0,2.46,500.0,2.3514454852157947,-74.52,0.0,11.890932408781296,164115.0,0.075,1756137600000.0,0.1842,0.0,28500.0,0.79,0.6243,1735.0,0.01,,31.29,双登股份,30.8441,,425609500.0,,5.605,港股主板
08159,,,0.346,30,0.0,False,0.001,0.8004,804800000.0,0.052,3.85,,-35.8,41849600.0,,41849600.0,,5000.0,-185.13968419226097,368.47,0.0,,9420.0,0.0,1010073600000.0,-0.0994,0.0,205000.0,0.39,6.2304,1733.0,0.03,,0.0,新华联合投资,-0.523,,804800000.0,,0.052,港股GEM
00393,28.88695013913074,,2.0382,30,0.0,False,0.005,0.6515,1500000000.0,1.32,1.14,39.704,0.7,1980000000.0,,1980000000.0,7.42,4000.0,2.7361450298669174,250.41,0.76,5.568051794852846,78940.0,0.0,842889600000.0,0.0553,0.0,60000.0,0.41,0.6515,1730.0,0.0,,,旭日企业,23.864,,1500000000.0,,1.32,港股主板
00458,117.34747920584856,,0.1526,30,10.2,False,0.005,0.4006,273975253.0,1.945,0.0,2.5202,18.74,532881867.0,,532881867.0,9.25,1000.0,11.26295519213635,,0.0,-7.482105897639391,9725.0,0.18,568396800000.0,0.5364,0.0,5000,0.56,0.4006,1722.0,0.0,,,联亚集团,3.6262,,273975253.0,,1.765,港股主板
00702,-7.847331874146112,,0.2748922809222292,30,0.0,False,0.001,,3345439069.0,0.034,,0.3366648947190832,0.0,113744928.0,,113744928.0,,10000.0,-433.2916908893754,-95.75,,6.206398925331791,,0.0,950025600000.0,-0.3141,0.0,,,-0.3591,1719.0,,,,中国油气控股,-0.1082,,3345439069.0,,0.034,港股主板
02125,-44.18979241143211,,0.20041373485473973,30,0.0,False,0.001,,706041400.0,0.246,,,-46.52,173686184.0,,173686184.0,,1000.0,-2.833445102614593,-96.49,0.0,-20.761182973776283,,0.0,1610640000000.0,-0.0807,0.0,,,0.0882,1717.0,,,83.67,稻草熊娱乐,-3.0492,,706041400.0,,0.246,港股主板
00945,17.01249777254994,,2.5111,30,-2.81,False,0.2,1.8657,1654296392.0,325.2,1.08,3.1182,16.93,537977186678.0,,537977186678.0,3.24,100.0,12.293400654806517,557.54,0.0,7.609937324926097,3201081.8,-9.4,938361600000.0,21.001,0.0,9797,1.65,1.8643,1717.0,0.0,,,宏利金融-S,15.485,,1654296392.0,,334.6,港股主板
01979,-16.17248354972687,,0.2962,30,0.67,False,0.005,0.6804,1035216837.0,1.51,3.0,,-25.66,1563177424.0,,1563177424.0,7.15,4000.0,12.735276329730679,304.61,1.68,1.3957133161637936,327000.0,0.01,1449763200000.0,0.2673,0.0,220000,1.09,0.6804,1711.0,0.02,,0.0,天宝集团,5.6495,,1035216837.0,,1.5,港股主板
00240,0.10821125025581857,,0.1299,30,-0.37,False,0.005,0.5679,1241877992.0,1.35,0.74,1.0448,5.55,1676535289.0,,1676535289.0,12.59,10000.0,16.394622994750232,,0.0,-1.4798330609886667,405750.0,-0.005,599414400000.0,0.3716,0.0,300000.0,1.52,0.5679,1709.0,0.02,,,利基控股,3.6325,,1241877992.0,,1.355,港股主板
00235,,,11.028,30,5.26,False,0.001,0.1873,20385253835.0,0.02,10.53,,-33.33,407705077.0,,407705077.0,,5000.0,-1.0629904722596104,,0.0,-19.413123850539414,567405.0,0.001,92246400000.0,-0.0011,57000.0,28640000.0,1.95,0.1873,1707.0,0.14,,,中策资本控股,-17.5116,,20385253835.0,,0.019,港股主板
08340,,,2.0735,30,-8.22,False,0.005,1.1484,79990000.0,1.005,8.22,102.9321,151.25,80389950.0,,80389950.0,,5000.0,-17.994547501154916,-97.11,0.0,25.384233596787496,10500.0,-0.09,1211212800000.0,-0.1729,0.0,10000,0.04,1.0615,1704.0,0.01,,0.0,紫荆国际金融,-5.8136,,79990000.0,,1.095,港股GEM
01525,-1.9236160256751678,,0.7563,30,1.17,False,0.005,0.2943,415000000.0,2.17,0.23,1.6914,-16.95,900550000.0,,900550000.0,3.69,500.0,10.176120248850586,-54.65,0.0,4.811201729962278,244675.0,0.025,1579104000000.0,0.7201,0.0,112500.0,1.7,0.2917,1701.0,0.03,,12.56,建桥教育,3.0135,,415000000.0,,2.145,港股主板
00045,,,1.0078,30,-0.29,False,0.005,0.2394,1666939850.0,5.215,2.39,3.7535,-11.76,8693091318.0,,8693091318.0,,500.0,1.7600534699788346,,-0.86,5.6040634739386475,1388760.0,-0.015,599414400000.0,0.3791,0.0,263500.0,0.35,0.2394,1695.0,0.02,,,大酒店,13.7549,,1666939850.0,,5.23,港股主板
01578,-1.843132736432751,,0.6367,30,-0.25,False,0.005,0.1461,1764599063.0,1.995,1.0,4.5624,-15.28,3520375131.0,,12110750885.0,8.02,500.0,5.263901196406056,-58.24,0.0,,218322.5,-0.005,1459267200000.0,0.6982,0.0,109000.0,0.95,0.1465,1694.0,0.01,,0.14,天津银行,2.8575,,6070551822.0,,2.0,港股主板
00833,-46.231218799313226,,0.2033,30,-2.94,False,0.005,0.3293,473058180.0,0.495,3.92,10.4505,-21.78,234163799.0,,234163799.0,10.1,4000.0,2.932316856880641,,0.0,-4.830639309238693,188140.0,-0.015,1121356800000.0,0.044,0.0,376000,1.89,0.3293,1692.0,0.08,,,华讯,11.2406,,473058180.0,,0.51,港股主板
02670,60.42857840086702,,9.4348,30,-5.34,False,0.005,5.0852,693459820.0,5.85,13.75,,-46.33,4056739947.0,,4056739947.0,,100.0,,-59.03,1.47,52.71110982105034,17876003.0,-0.33,1760544000000.0,-0.3369,-1239925.0,2928800.0,1.4,5.022,1691.0,0.42,,26.05,云迹,-17.3619,,693459820.0,,6.18,港股主板
00691,47.74724921482954,,0.09851216934710788,30,0.0,False,0.001,,4353966228.0,0.26,,3.1103860371697367,-57.38,1132031219.0,,1132031219.0,,1000.0,-8.490835610622858,-88.59,0.0,-22.35446438459121,,0.0,1215100800000.0,-0.381,0.0,,,0.0598,1689.0,,,0.0,山水水泥,-0.6825,,4353966228.0,,0.26,港股主板
01116,-64.96552087724602,,0.4808,30,2.33,False,0.001,2.2299,2158000000.0,0.22,4.65,44.1788,-32.31,474760000.0,,474760000.0,,10000.0,-7.83964533016254,-45.97,0.0,16.655338506015305,15020.0,0.005,1087747200000.0,-0.0078,0.0,70000,0.48,2.3125,1688.0,0.0,,0.0,慧源同创科技,-28.1929,,2158000000.0,,0.215,港股主板
09886,-35.33252411980523,,0.1803,30,0.0,False,0.005,0.5809,1233773397.0,0.825,5.45,7.2965,-22.9,1017863053.0,,1017863053.0,,500.0,-3.8804283824936205,-93.31,0.0,1.3789992873488588,318975.0,0.0,1663084800000.0,-0.0586,0.0,386000.0,1.28,0.5729,1686.0,0.03,,0.0,叮当健康,-14.0706,,1233773397.0,,0.825,港股主板
00500,,,0.2404,30,-1.52,False,0.001,2.3531,2403385881.0,0.065,4.55,65.6663,-18.75,156220082.0,,156220082.0,,1000.0,-130.95225840829067,,0.0,-7.261833333759848,33130.0,-0.001,586108800000.0,-0.09,-13000.0,509000.0,0.81,2.3531,1685.0,0.02,,,先丰服务集团,-0.7223,,2403385881.0,,0.066,港股主板
01285,105.83521657390148,,0.3286,30,0.33,False,0.005,0.5183,415000000.0,1.525,0.33,4.1528,67.4,632875000.0,,632875000.0,13.11,1000.0,15.638062331834114,-15.66,0.0,1.400478957802509,10705.0,0.005,1411574400000.0,0.4292,0.0,7000.0,0.23,0.5173,1677.0,0.0,,0.0,嘉士利集团,3.5534,,415000000.0,,1.52,港股主板
80883,6.755239136145863,,2.4364,30,1.99,False,0.02,1.1469,44539953984.0,20.48,1.39,4.0976,7.23,912178257592.0,,973413457592.0,7.28,1000.0,16.848115276385947,110.91,0.0,3.837323346351895,517060.0,0.4,1687104000000.0,3.3428,0.0,25000,0.97,1.1371,1668.0,0.0,24.04,1.44,中国海洋石油-R,6.1266,00883,47529953984.0,,20.08,港股主板
03355,29.556388065017725,,3.7543,30,-6.18,False,0.02,2.6416,403773000.0,35.2,11.03,12.955,-14.1,14212809600.0,,14212809600.0,1.65,100.0,,-36.19,0.28,19.050860419612437,23228756.0,-2.32,1774195200000.0,2.208,-771018.0,651700,6.54,2.6131,1665.0,0.16,,13.46,飞速创新,15.9422,,403773000.0,,37.52,港股主板
00106,24.746244071130796,,0.04888202714576743,30,0.0,False,0.001,,4722307545.0,0.019,,,0.0,89723843.0,,89723843.0,,4000.0,199.78054137979643,,,-40.212963085848806,,0.0,511977600000.0,-0.3399,0.0,,,-0.0554,1661.0,,,,朗诗绿色管理,-0.0559,,4722307545.0,,0.019,港股主板
00990,-10.983327500305663,,0.3235,30,3.6,False,0.005,1.0314,14767824631.0,0.575,6.31,4.7493,-17.86,8491499163.0,,8491499163.0,,10000.0,10.233547591840015,-77.92,0.0,-17.16692298023117,14294400.0,0.02,759427200000.0,0.0526,56500.0,24850000.0,7.77,1.0291,1660.0,0.17,,,至源控股,10.9334,,14767824631.0,,0.555,港股主板
00163,4.76910488883322,,0.2841,30,0.0,False,0.001,0.0374,5516318500.0,0.1,5.0,0.2357,-49.49,551631850.0,,551631850.0,,10000.0,-15.515313026819802,,0.0,17.0525511801102,24720.0,0.0,90518400000.0,-0.4465,0.0,250000.0,4.46,0.0372,1651.0,0.0,,,英皇国际,-0.2239,,5516318500.0,,0.1,港股主板
07618,771.2890739522958,,1.1581,30,2.84,False,0.01,2.6186,2714959931.0,13.02,3.95,13.4283,-7.66,35348778302.0,,35348778302.0,,200.0,39.10996713376623,0.15,0.31,20.75247246708789,13332775.0,0.36,1765382400000.0,1.03,-484626.0,1026069.0,2.53,2.6163,1649.0,0.04,,0.0,京东工业,12.6405,,2714959931.0,,12.66,港股主板
00845,-19.860874344643786,,0.015937108387633875,30,0.0,False,0.001,,7792645623.0,0.01,,0.1279286469448731,0.0,77926456.0,,77926456.0,,1000.0,134.9719208755278,-99.72,,56.577135166842126,,0.0,1254412800000.0,-0.4072,0.0,,,-0.0199,1648.0,,,0.0,恒盛地产,-0.0246,,7792645623.0,,0.01,港股主板
00572,-18.591570223247388,,1.0422,30,0.0,False,0.005,0.1295,301507892.0,0.37,0.0,0.7263,-17.78,111557920.0,,111557920.0,,4000.0,-4.8515860691344175,-99.96,0.0,36.805654327534285,69560.0,0.0,1057075200000.0,-0.1411,0.0,188000.0,5.64,0.1295,1648.0,0.06,,0.0,未来世界控股,-2.6217,,301507892.0,,0.37,港股主板
00126,-44.34653724841009,,0.23344011247028812,30,0.0,False,0.001,,1571359420.0,0.082,,1.3041910969857688,-35.43,128851472.0,,128851472.0,,2000.0,-1.0041892894986895,-80.84,5.13,-6.87586045021682,,0.0,688924800000.0,-0.0193,0.0,,,0.0417,1639.0,,,,佳宁娜,-4.2549,,1571359420.0,,0.082,港股主板
09982,,,2.9152,30,-1.23,False,0.001,0.1254,4638617028.0,0.08,6.17,,-50.62,371089362.0,,371089362.0,,2000.0,-0.6162531219058034,-95.14,0.0,-43.839705013077136,164548.0,-0.001,1622390400000.0,-0.0039,0.0,2034000.0,0.83,0.1224,1637.0,0.04,,-12.0,中原建业,-20.3994,,4638617028.0,,0.081,港股主板
02179,-12.776480059825325,,1214.916,30,0.11,False,0.005,4.8053,458092178.0,4.415,0.0,,10.38,2022476966.0,,2764124224.0,,500.0,-142.53498198178198,-82.34,0.0,,2207.5,0.005,1648656000000.0,-0.88,0.0,500.0,0.15,4.8203,1635.0,0.0,,1.81,瑞科生物-B,-5.0168,,626075702.0,,4.41,港股主板
03688,22.893482592074974,,0.23121185216778917,30,0.0,False,0.001,,1412732441.0,0.165,,0.588953816184422,-54.17,233100853.0,,233100853.0,,500.0,-60.44681316539845,-92.76,0.0,-9.329914032173981,,0.0,1300809600000.0,-1.8619,0.0,,,0.0752,1632.0,,,0.0,莱蒙国际,-0.0886,,1412732441.0,,0.165,港股主板
08193,,,0.8531,30,0.0,False,0.001,0.5064,279812344.0,0.092,1.09,5.5696,-6.88,25742736.0,,25742736.0,,10000.0,87.35980527848041,-99.74,0.0,-1.7600443146724376,7340.0,0.0,1306771200000.0,0.1308,0.0,80000.0,0.04,0.4273,1631.0,0.03,,0.0,亚太金融投资,0.7032,,279812344.0,,0.092,港股GEM
03709,-22.08286405675075,,0.4574,30,-0.11,False,0.005,0.571,708650195.0,4.355,3.67,1.8987,-38.99,3086171599.0,,3086171599.0,8.04,500.0,8.610674786199587,57.64,0.0,-7.208824174748541,1430277.5,-0.005,1403798400000.0,0.6473,1001672.5,323000.0,1.12,0.5728,1627.0,0.05,,0.0,赢家时尚,6.7276,,708650195.0,,4.36,港股主板
09860,-54.832617459172226,,1.0132,30,-12.08,False,0.005,1.5221,725643291.0,4.22,8.75,11.4912,-0.24,3062214688.0,,3062214688.0,,500.0,1.3682394985876893,-65.75,0.0,-6.821339448327047,91412.5,-0.58,1688054400000.0,0.0381,0.0,20500,0.08,1.5235,1626.0,0.0,,12.01,艾迪康控股,110.8084,,725643291.0,,4.8,港股主板
06860,231.18020999626472,,0.5344,30,-3.51,False,0.001,0.2421,1918088000.0,0.11,3.51,,-39.89,210989680.0,,210989680.0,,1000.0,-8.886759473679541,-94.71,0.0,-21.82711091554631,108272.0,-0.004,1531324800000.0,-0.0413,0.0,974000.0,3.47,0.2429,1625.0,0.05,,6.28,指尖悦动,-2.662,,1918088000.0,,0.114,港股主板
01857,-13.315765422801029,,0.8197,30,0.79,False,0.005,0.2489,2860876723.0,1.28,0.79,3.5121,-9.88,3661922205.0,,3661922205.0,8.05,1000.0,5.670384800603162,-24.58,0.0,-16.48633988581799,105750.0,0.01,1557244800000.0,0.2783,0.0,83000,0.91,0.2489,1622.0,0.0,,-11.37,中国光大水务,4.5988,,2860876723.0,,1.27,港股主板
02131,-38.92266665279216,,0.11892955293030605,30,0.0,False,0.005,,795658000.0,0.455,,,0.0,362024390.0,,362024390.0,,1000.0,-2.543296280749983,-93.31,,-7.306801671539132,,0.0,1608134400000.0,-0.0332,0.0,,,0.3455,1622.0,,,16.33,云想科技,-13.7116,,795658000.0,,0.455,港股主板
00090,12.100059264790053,,1.498,30,-2.75,False,0.005,0.382,458600000.0,0.885,3.85,3.6328,-25.14,405861000.0,,405861000.0,8.36,2000.0,6.407359506167628,-36.04,-1.12,-31.086778654714,105220.0,-0.025,1247155200000.0,0.1434,0.0,116000.0,3.22,0.3827,1615.0,0.03,,0.0,普星能量,6.1714,,458600000.0,,0.91,港股主板
00037,-5.800173366165118,,21.5992,30,1.08,False,0.005,1.2081,752529810.0,0.47,4.3,,6.82,353689011.0,,353689011.0,,2000.0,-2.2350429291782126,,0.0,-23.906920218541227,28000.0,0.005,299779200000.0,-0.0088,0.0,62000.0,0.16,1.2016,1614.0,0.01,,,远东酒店实业,-53.2504,,752529810.0,,0.465,港股主板
01617,104.20397053395037,,0.7216,30,-8.93,False,0.001,0.4051,1626240000.0,0.255,8.93,5.5414,155.0,414691200.0,,414691200.0,,4000.0,4.890902366863906,-78.88,0.0,2.7026890863118824,1955340.0,-0.025,1481472000000.0,0.0302,0.0,7428000,4.16,0.4063,1610.0,0.46,,34.88,南方通信,8.4316,,1626240000.0,,0.28,港股主板
00032,2.7246684307553837,,2.7944,30,-0.29,False,0.005,0.3045,372688206.0,6.83,0.29,28.867,-12.26,2545460447.0,,2545460447.0,6.3,1000.0,7.48572675660639,,0.0,0.617866707578818,184535.0,-0.02,144345600000.0,1.6336,0.0,27000.0,2.15,0.3045,1607.0,0.01,,,港通控股,4.1809,,372688206.0,,6.85,港股主板
01115,,,6.7893,30,0.0,False,0.005,0.9334,6011278901.0,0.53,3.77,,-7.02,3185977818.0,,3185977818.0,,10000.0,4.479416251192011,-81.74,0.0,14.30936221067103,3672350.0,0.0,1309363200000.0,0.0231,923900.0,6813000.0,0.68,0.8579,1605.0,0.11,,0.0,5100藏冰川,22.9488,,6011278901.0,,0.53,港股主板
01685,-3.533508165366739,,0.5656,30,0.0,False,0.005,1.4013,773769000.0,0.61,4.92,2.8836,134.8,471999090.0,,471999090.0,1.8,1000.0,7.2662335349753,-88.29,0.0,11.858398872751486,127410.0,0.0,1287504000000.0,0.0316,63000.0,205000.0,2.76,1.4057,1601.0,0.03,,0.0,博耳电力,19.2963,,773769000.0,,0.61,港股主板
08003,,,1.127,30,-3.31,False,0.001,2.2457,332269560.0,0.117,3.31,,-24.03,38875539.0,,38875539.0,,6000.0,-176.57206455203115,-99.22,0.0,-40.17281875729493,15732.0,-0.004,944064000000.0,0.0668,0.0,132000.0,0.16,14.8664,1590.0,0.04,,,世大控股,1.7503,,332269560.0,,0.121,港股GEM
00362,-35.18678199265932,,0.7150544229683973,30,0.0,False,0.001,,1351548168.0,0.015,,,0.0,20273223.0,,20273223.0,,10000.0,13.167267606387348,-99.99,,-26.47323597720346,,0.0,988732800000.0,-0.1069,0.0,,,-0.0188,1590.0,,,,中国天化工,-0.1404,,1351548168.0,,0.015,港股主板
01380,-18.723568438230654,,1.5236,30,-8.97,False,0.005,1.629,516947660.0,0.355,1.28,,-48.55,183516419.0,,183516419.0,,10000.0,-26.963397102731395,-99.85,0.0,42.796135344323275,35600.0,-0.035,1300377600000.0,-0.0538,0.0,100000,0.5,1.6341,1581.0,0.02,,0.0,中国金石,-6.597,,516947660.0,,0.39,港股主板
00825,34.23614924860645,,0.4045,30,2.0,False,0.001,0.1206,1686145000.0,0.255,4.0,3.4019,-7.27,429966975.0,,429966975.0,,1000.0,-24.143020484448808,-94.59,0.0,-10.52401323954446,85970.0,0.005,1184169600000.0,-0.4603,0.0,344000,4.34,0.1471,1579.0,0.02,,0.0,新世界百货中国,-0.554,,1686145000.0,,0.25,港股主板
02101,-38.90298938235836,,1.1655,30,0.54,False,0.005,0.2646,406020887.0,0.93,1.08,1.6361,-6.58,377599425.0,,377599425.0,65.7,500.0,1.5751980093745657,-82.94,0.0,-24.954783892617407,15725.0,0.005,1600358400000.0,0.0592,0.0,17000.0,1.72,0.2629,1577.0,0.0,,3.15,福禄控股,15.7178,,406020887.0,,0.925,港股主板
00831,-11.969106329402457,,0.2047,30,1.32,False,0.005,0.4673,782936974.0,0.385,2.63,1.3889,31.94,301430735.0,,301430735.0,10.39,2000.0,5.632578421282218,,-1.28,0.3408140184248065,115990.0,0.005,979747200000.0,0.0463,0.0,300000.0,0.9,0.4673,1574.0,0.04,,,利亚零售,8.3075,,782936974.0,,0.38,港股主板
08037,,,5.9659,30,-1.87,False,0.005,2.3677,975731150.0,0.525,4.67,,-33.54,512258854.0,,512258854.0,,5000.0,-8.14519193387907,-97.51,0.0,-23.302603122035215,259875.0,-0.01,1087401600000.0,-0.019,-103550.0,480000.0,2.45,2.3677,1574.0,0.05,,0.0,中国生物科技服务,-27.6269,,975731150.0,,0.535,港股GEM
00111,,,1.8785,30,-6.29,False,0.005,0.4039,641205600.0,0.67,9.09,38.423,33.47,429607752.0,,429607752.0,7.46,2000.0,9.796098294286628,-16.91,-0.74,10.923826704230555,733470.0,-0.045,965059200000.0,0.1563,-408000.0,1078000,2.45,0.4039,1570.0,0.17,,0.0,信达国际控股,4.2865,,641205600.0,,0.715,港股主板
01526,-11.747389146177166,,0.4336,30,-5.98,False,0.005,0.71,1586871000.0,0.865,0.0,1.7204,-21.01,1372643415.0,,1372643415.0,2.31,1000.0,19.27900119318601,-57.53,0.0,-2.424622398540144,865.0,-0.055,1475683200000.0,0.21,0.0,1000,0.01,0.7024,1565.0,0.0,,-3.29,瑞慈医疗,4.1195,,1586871000.0,,0.92,港股主板
01931,,,0.1762,30,-5.26,False,0.005,0.1797,1604289096.0,0.36,6.58,0.7943,-86.26,577544075.0,,577544075.0,,1000.0,-2.3785003367304705,-84.16,0.0,-0.8803745145627428,103210.0,-0.02,1562860800000.0,-0.0533,0.0,280000.0,0.4,0.1784,1563.0,0.02,,0.0,华检医疗,-6.759,,1604289096.0,,0.38,港股主板
02003,,,0.2216,30,0.0,False,0.005,0.1311,489459789.0,1.22,6.56,0.0731,-51.2,597140943.0,,597140943.0,4.1,200.0,-17.536768397079253,-91.48,0.0,-34.676006219312704,95873.0,0.0,1529510400000.0,-1.725,54860.0,74800.0,3.72,0.1315,1561.0,0.02,,4.25,维信金科,-0.7072,,489459789.0,,1.22,港股主板
01566,-54.101740264834476,,27.5997,30,31.1,False,0.005,,1616256118.0,6.155,33.87,409.4693,1106.86,9948056406.0,,9948056406.0,,5000.0,8.877128279469032,-65.66,2.75,0.012857929275078561,98541021.25,1.46,1426089600000.0,-0.0618,8611900.0,18160100,10.01,-8.4408,1559.0,1.12,,0.0,华夏文化科技,-99.5423,,1616256118.0,,4.695,港股主板
00560,-14.405412907227577,,0.2623,30,-1.67,False,0.005,0.2004,1121166885.0,0.59,0.83,2.4738,-18.25,661488462.0,,661488462.0,4.24,2000.0,1.9124213173885736,-43.13,0.0,-0.7662823957187759,129900.0,-0.01,864316800000.0,0.0553,0.0,220000.0,3.94,0.2004,1556.0,0.02,,,珠江船务,10.6668,,1121166885.0,,0.6,港股主板
06885,,,0.0293,30,-6.56,False,0.005,0.1758,535421000.0,0.57,4.92,0.3914,-41.24,305189970.0,,305189970.0,,1000.0,-66.30888021783954,-65.45,0.0,-6.803964902135196,6880.0,-0.04,1507564800000.0,-3.1892,0.0,12000,0.04,0.1764,1554.0,0.0,,5.67,金马能源,-0.1787,,535421000.0,,0.61,港股主板
01996,-19.845868589103265,,0.0316,30,-3.85,False,0.001,,3338898000.0,0.025,3.85,0.0639,-24.24,83472450.0,,83472450.0,,1000.0,91.86644525018468,-98.84,0.0,-61.67408701796724,206.0,-0.001,1531324800000.0,-1.3437,0.0,8000.0,0.02,-0.0116,1553.0,0.0,,12.28,弘阳地产,-0.0186,,3338898000.0,,0.026,港股主板
01716,,,9.4054,30,-5.04,False,0.005,16.4722,270000000.0,3.205,6.37,111.1418,472.32,865350000.0,,865350000.0,,2000.0,3.0811470408785846,-55.73,0.0,32.45425472283874,1757680.0,-0.17,1522166400000.0,0.006,-294400.0,540000,1.3,16.2489,1550.0,0.2,,433.33,毛记葵涌,535.4889,,270000000.0,,3.375,港股主板
02236,,,0.2817,30,0.0,False,0.005,0.6019,4080107800.0,0.49,0.0,,42.03,1999252822.0,,1999252822.0,,1000.0,3.214820763488217,-80.42,0.0,7.310363583718993,147000.0,0.0,1356624000000.0,0.0255,0.0,300000.0,0.84,0.6016,1549.0,0.01,,0.0,惠生工程,19.2521,,4080107800.0,,0.49,港股主板
09981,18.361144862369216,,1.0434,30,-2.38,False,0.005,1.0271,139988800.0,7.79,5.08,8.8226,-60.63,1090512752.0,,10905122550.0,2.48,200.0,,-60.65,-0.13,20.311520577590425,9795071.8,-0.19,1770912000000.0,0.9406,-395469.0,1231000.0,3.46,1.0304,1542.0,0.88,,2.94,沃尔核材,8.2823,,1399887362.0,,7.98,港股主板
00610,,,0.05479163215379725,30,0.0,False,0.005,,793124034.0,0.9,,0.4401031315373949,-1.1,713811631.0,,713811631.0,,2000.0,36.61968604115302,77.9,0.0,-1.6156755225209984,,0.0,714931200000.0,0.9673,0.0,,,0.2838,1539.0,,,,惠记集团,0.9304,,793124034.0,,0.9,港股主板
08032,,,,30,,False,0.01,,9716261727.0,1.47,,,,14282904739.0,,14282904739.0,,8000.0,11.38939406713317,-64.41,,304.3405793227668,,,954950400000.0,0.0915,0.0,,,1.7869,1539.0,,,-5.44,非凡领越,16.0679,,9716261727.0,,,港股GEM
00532,-55.471025174539946,,0.0618,30,-3.23,False,0.005,0.1476,729897964.0,0.3,1.61,0.922,-7.69,218969389.0,,218969389.0,,2000.0,-3.2499451905920913,,1.69,-2.28277870170569,61030.0,-0.01,616003200000.0,-0.0639,0.0,204000.0,0.37,0.1476,1536.0,0.03,,,王氏港建,-4.6968,,729897964.0,,0.31,港股主板
00986,6.888452872861528,,0.2969,30,2.94,False,0.001,0.0441,155364660.0,0.105,13.73,,-88.74,16313289.0,,16313289.0,,5000.0,-4.9850814521660824,-100.0,-0.94,-7.074882572616437,73141.23,0.003,760118400000.0,-0.1137,0.0,730070.0,0.44,0.0469,1535.0,0.47,,,杜甫酒业集团,-0.9237,,155364660.0,,0.102,港股主板
00228,-17.350348185983,,1.8798,30,1.15,False,0.005,0.1811,456200400.0,0.88,2.3,169.3194,-43.23,401456352.0,,401456352.0,,2000.0,1.5502058378394352,-97.8,0.0,-16.477399992978903,54592.5,0.01,1013961600000.0,0.069,0.0,61250.0,0.71,0.1811,1530.0,0.01,,0.0,中能控股,12.7564,,456200400.0,,0.87,港股主板
00726,59.65476159171299,,0.9347,30,0.0,False,0.001,,3101095730.0,0.034,,2196.6095,-2.86,105437255.0,,105437255.0,,5000.0,-263.02430744884526,-96.1,0.0,-57.62692952193112,680.0,0.0,680371200000.0,-0.4138,0.0,20000.0,0.12,-0.6886,1527.0,0.0,,,筑友智造科技,-0.0822,,3101095730.0,,0.034,港股主板
00712,,,0.2398,30,1.82,False,0.001,,1059923412.0,0.056,3.64,,-44.55,59355711.0,,59355711.0,,10000.0,20.273032040248278,-99.35,0.0,13.494037629817912,16280.0,0.001,1256832000000.0,-0.0454,0.0,300000,1.05,-0.2216,1525.0,0.03,,0.0,卡姆丹克太阳能,-1.2347,,1059923412.0,,0.055,港股主板
01803,-62.703606950152356,,0.6313169929490471,30,0.0,False,0.005,,168961900.0,0.735,,,-28.64,124186997.0,,124186997.0,,5000.0,-12.37032274162436,-75.53,0.0,49.18734521122141,,0.0,1326643200000.0,-0.0763,0.0,,,1.1346,1524.0,,,0.0,北京体育文化,-9.6344,,168961900.0,,0.735,港股主板
00088,3.228011545636722,,65.4052,30,-0.84,False,0.005,0.2894,617531425.0,2.955,1.85,,-13.76,1824805361.0,,1824805361.0,6.09,1000.0,-0.3508995789205053,,0.0,-25.06289838576068,186265.0,-0.025,92851200000.0,-0.0356,0.0,63000.0,0.48,0.295,1523.0,0.01,,,TAI CHEUNG HOLD,-82.9457,,617531425.0,,2.98,港股主板
03389,-1.331390214573347,,2.2978,30,-5.41,False,0.005,0.4624,4404018959.0,0.35,8.11,56.2004,151.8,1541406636.0,,1541406636.0,,4000.0,-2.8246452046199546,85.28,1.45,-28.326594855217657,1780020.0,-0.02,1127664000000.0,-0.0217,0.0,5044000.0,1.08,0.4639,1522.0,0.11,,,亨得利,-16.1307,,4404018959.0,,0.37,港股主板
03828,-12.989569076038709,,0.2232,30,0.7,False,0.005,0.3736,734262697.0,0.72,2.8,28.1432,-14.82,528669142.0,,528669142.0,9.03,1000.0,6.143269783311059,-6.69,0.0,6.836307242133111,158165.0,0.005,1193932800000.0,0.1151,0.0,219000.0,4.51,0.3736,1522.0,0.03,,0.0,明辉国际,6.2558,,734262697.0,,0.715,港股主板
02320,-2.7030105060922183,,1.7378,30,-6.67,False,0.001,0.2446,817644000.0,0.196,10.48,,127.91,160258224.0,,160258224.0,,2000.0,-13.346483781642963,-76.58,0.0,-36.71978815678185,20120.0,-0.014,1064332800000.0,-0.1114,0.0,96000,0.07,0.2446,1519.0,0.01,,0.0,合丰集团,-1.7597,,817644000.0,,0.21,港股主板
01938,-29.89201528157832,,0.1038,30,-1.6,False,0.001,0.105,1011142000.0,0.185,6.91,,-36.21,187061270.0,,187061270.0,,1000.0,7.929742277698611,-95.58,0.0,-26.897256037146743,103082.0,-0.003,1265731200000.0,0.1355,0.0,552000.0,1.13,0.1053,1516.0,0.05,,0.0,珠江钢管,1.3652,,1011142000.0,,0.188,港股主板
01895,,,0.15956117886970428,30,0.0,False,0.005,,593037500.0,0.271,,5.056894465246531,-39.56,160713163.0,,160713163.0,7.01,1000.0,15.8194129026151,-84.82,,9.643675185919598,,0.0,1570723200000.0,0.1835,0.0,,,0.2131,1506.0,,,41.83,鑫苑服务,1.4768,,593037500.0,,0.271,港股主板
00727,-59.59384089255848,,7.0349,30,0.0,False,0.005,1.6267,1271844000.0,0.41,1.22,,-36.38,521456040.0,,521456040.0,,10000.0,-10.567684412047566,-87.39,0.0,,20100.0,0.0,884880000000.0,-0.0555,0.0,50000.0,1.39,0.543,1505.0,0.0,,,中国丰汇,-7.3918,,1271844000.0,,0.41,港股主板
02326,,,0.3534,30,-7.14,False,0.001,0.713,21084072140.0,0.013,7.14,23.8073,30.0,274092938.0,,274092938.0,,10000.0,-0.9725439476190355,5.69,0.0,-25.66812468290336,312560.0,-0.001,1046620800000.0,-0.0002,0.0,23860000,0.88,0.674,1501.0,0.11,,0.0,新源万恒控股,-71.193,,21084072140.0,,0.014,港股主板
09993,,,0.3346,30,-4.25,False,0.005,0.4444,4045227000.0,1.015,7.08,2.0566,-44.84,4105905405.0,,4105905405.0,,1000.0,-58.40100427254751,-72.84,-0.49,-41.93983973944704,45780575.0,-0.045,1603900800000.0,-1.8161,-4134235.0,43776000.0,1.62,0.4458,1500.0,1.08,,1.4,金辉控股,-0.5589,,4045227000.0,,1.06,港股主板
00668,31.977656469527084,,1.5621,30,-6.67,False,0.1,4.557,50076100.0,103.5,11.09,23.3659,4.93,5182876350.0,,61006226180.0,0.91,100.0,,4.95,-0.77,31.02453928734905,18324220.0,-7.4,1782921600000.0,5.9743,-1082955.0,169700,2.29,4.5272,1500.0,0.34,,15.69,安克创新,17.3242,,589432137.0,,110.9,港股主板
01216,8.452425984330091,,0.363,30,-1.72,False,0.005,0.0943,6945000000.0,0.285,3.45,0.0782,-9.52,1979325000.0,,10416699647.0,,1000.0,3.1382113296765555,-87.14,0.0,,26115.0,-0.005,1500393600000.0,0.0952,0.0,90000.0,0.73,0.0946,1493.0,0.0,,-1.59,中原银行,2.9931,,36549823322.0,,0.29,港股主板
00487,,,3.2167,30,0.0,False,0.001,0.3917,4926491196.0,0.041,0.0,,-18.0,201986139.0,,201986139.0,,4000.0,-58.807690649239895,,0.0,-13.463759494398886,4100.0,0.0,1099929600000.0,-0.0872,0.0,100000.0,3.79,0.3917,1486.0,0.0,,,实德环球,-0.4702,,4926491196.0,,0.041,港股主板
09976,,,2.0747,30,-7.78,False,0.1,4.0609,29989450.0,189.6,8.27,,-19.66,5685999720.0,,87151080770.0,,50.0,19.875988904454147,-19.66,-0.26,,133215205.0,-16.0,1788796800000.0,3.4466,-15744615.0,682400,2.55,3.6207,1484.0,2.28,,-1.02,江波龙,55.0101,,459657599.0,,205.6,港股主板
03660,-20.11075277716906,,0.3158,30,-3.08,False,0.02,0.2117,243823900.0,24.58,1.18,0.6011,-63.88,5993191462.0,,5993191462.0,19.8,50.0,15.344638586533843,-37.72,0.33,-3.8216173465727143,824953.0,-0.78,1669651200000.0,17.573,0.0,33550.0,0.99,0.2094,1474.0,0.01,,3.44,奇富科技-S,1.3987,,243823900.0,,25.36,港股主板
01373,-37.10019963560639,,0.1975,30,0.0,False,0.005,0.5182,713253000.0,0.64,1.56,1.0845,-7.87,456481920.0,,456481920.0,8.28,1000.0,5.193585631520358,-46.71,0.0,-6.4772920641053,141836.32,0.0,1380038400000.0,0.0634,0.0,222588.0,0.38,0.5219,1470.0,0.03,,0.0,国际家居零售,10.1025,,713253000.0,,0.64,港股主板
01008,,,0.6201901091647865,30,0.0,False,0.001,,1567884634.0,0.169,,1.3507565174393117,-3.37,264972503.0,,264972503.0,15.38,2000.0,-0.06542570370750275,46.32,-2.31,-24.900997907419466,,0.0,1238342400000.0,-0.0009,0.0,,,0.1217,1470.0,,,0.0,力图控股,-187.1275,,1567884634.0,,0.169,港股主板
00026,-8.179562493966785,,64.5379,30,0.0,False,0.05,0.3955,45218856.0,57.9,,,2.68,2618171762.0,,2618171762.0,5.53,200.0,-1.8050303200303708,,0.0,-15.372773105522485,58.0,0.0,599414400000.0,-2.6576,0.0,1.0,0.0,0.4022,1466.0,0.0,,,中华汽车,-21.7865,,45218856.0,,57.9,港股主板
00194,-37.86438480320336,,1.6436,30,0.0,False,0.005,0.1495,378583440.0,4.095,0.12,30.1773,-2.2,1550299187.0,,1550299187.0,6.84,2000.0,-2.621443773514814,,0.0,4.818390991469013,57270.0,0.0,90432000000.0,-0.7236,0.0,14000.0,0.43,0.1495,1465.0,0.0,,,廖创兴企业,-5.6593,,378583440.0,,4.095,港股主板
00070,27.79714321067004,,0.8845133166580144,30,0.0,False,0.001,,1938822690.0,0.058,,,18.37,112451716.0,,112451716.0,,10000.0,-2.3346315537146203,-99.79,0.0,8.924520133390601,,0.0,973526400000.0,-0.0117,0.0,,,0.1161,1464.0,,,,金粤控股,-4.9661,,1938822690.0,,0.058,港股主板
08210,,,1.2277094011847396,30,0.0,False,0.001,,800000000.0,0.05,,,-12.28,40000000.0,,40000000.0,,10000.0,-14.00790355909877,-79.67,0.0,-16.9805650203655,,0.0,1535299200000.0,-0.014,0.0,,,0.537,1461.0,,,0.0,衍汇亚洲,-3.5654,,800000000.0,,0.05,港股GEM
00752,23.24564290160165,,0.3767,30,-0.24,False,0.005,1.0145,1277271005.0,2.09,0.72,9.3223,-18.68,2669496400.0,,2669496400.0,9.04,2000.0,17.378577606130346,1634.44,0.48,9.301909541750742,840410.0,-0.005,717609600000.0,0.3379,0.0,404000.0,0.94,1.0145,1456.0,0.03,,,笔克远东,6.1848,,1277271005.0,,2.095,港股主板
03886,,,0.6269554151701424,30,0.0,False,0.001,,6773522452.0,0.163,,5.054983220016941,-34.25,1104084160.0,,1104084160.0,1.23,2000.0,0.4816748901353956,-98.92,0.62,-1.7791570443270621,,0.0,971798400000.0,0.0021,0.0,,,0.364,1451.0,,,,康健国际医疗,75.8664,,6773522452.0,,0.163,港股主板
00509,-57.940434112922624,,0.05908607195423577,30,0.0,False,0.001,,114527921.0,0.17,,0.39697720460801306,0.0,19469747.0,,19469747.0,,10000.0,-9.563196908661556,-94.96,,-35.85484143885843,,0.0,1076947200000.0,-0.7935,0.0,,,0.0242,1448.0,,,,世纪阳光,-0.2142,,114527921.0,,0.17,港股主板
00124,-54.356933491697944,,0.0534,30,-1.0,False,0.001,0.103,1711536850.0,0.198,0.5,0.1722,-12.39,338884296.0,,338884296.0,,2000.0,-21.170701751897532,-79.23,0.0,10.726742024826486,123421.824,-0.002,870969600000.0,-0.4448,-78800.0,626750,1.5,0.103,1435.0,0.04,,,粤海置地,-0.4452,,1711536850.0,,0.2,港股主板
06677,,,0.1103,30,1.82,False,0.005,0.4438,1184000000.0,0.28,9.09,1.5318,-26.74,331520000.0,,331520000.0,4.64,500.0,-92.61827225770017,-93.59,0.0,-6.791643574478911,248837.5,0.005,1608134400000.0,-1.0661,0.0,828500,8.93,0.4452,1429.0,0.07,,-0.51,远洋服务,-0.2626,,1184000000.0,,0.275,港股主板
08005,-1.867221860315027,,4.008547856912665,30,0.0,False,0.001,,2487704800.0,0.065,,3.30818576484789,-23.53,161700812.0,,161700812.0,,2000.0,-5.349166092472425,-94.25,0.0,-49.183026981648815,,0.0,949248000000.0,-0.0339,-67730.0,,,0.1047,1428.0,,,,裕兴科技,-1.9162,,2487704800.0,,0.065,港股GEM
03952,-2.7446550023823124,,11.7665,30,-3.57,False,0.02,2.8637,104135187.0,41.6,5.66,,-51.35,4332023779.0,,4332023779.0,,100.0,,-52.83,1.27,70.63863142878029,3541954.0,-1.54,1782748800000.0,-0.5594,0.0,83600.0,3.09,2.8642,1428.0,0.08,,-14.62,来福谐波,-74.3673,,104135187.0,,43.14,港股主板
02676,,,5.2493,30,-6.61,False,0.1,2.9439,20095000.0,161.0,9.45,,37.84,3235295000.0,,26324344767.0,,100.0,-1.219611769686365,38.79,-0.43,62.40355697884532,33591520.0,-11.4,1765123200000.0,-0.5576,-808800.0,211200,3.48,2.946,1426.0,1.05,,-4.31,纳芯微,-288.7417,,163505247.0,,172.4,港股主板
06868,-17.987880546602742,,1.8815,30,-0.78,False,0.005,1.3639,1082632460.0,2.54,1.95,8.0584,-1.01,2749886448.0,,2749886448.0,4.33,1000.0,6.935783245990497,-15.85,0.0,-10.777723269940264,56085.0,-0.02,1316966400000.0,0.1266,0.0,22000.0,0.25,1.3625,1426.0,0.0,,0.0,天福,20.06,,1082632460.0,,2.56,港股主板
00687,,,0.5444847669398534,30,0.0,False,0.005,,3366035709.0,0.335,,3.696212285503565,24.91,1127621963.0,,1127621963.0,17.91,2000.0,4.10794942482334,413.8,0.0,-8.492797227595549,,0.0,669916800000.0,0.0138,0.0,,,1.0546,1423.0,,,,泰昇集团,24.3012,,3366035709.0,,0.335,港股主板
01100,3.3897583345315896,,0.3072,30,-0.78,False,0.005,0.4359,429164448.0,1.275,0.39,2.8316,6.8,547184671.0,,547184671.0,7.06,2000.0,10.289967447066351,320.51,0.0,9.48807691714968,5070.0,-0.01,976636800000.0,0.2901,0.0,4000.0,0.11,0.4359,1423.0,0.0,,,飞达控股,4.3958,,429164448.0,,1.285,港股主板
01969,8.875900544664251,,0.5551,30,-3.96,False,0.005,0.2025,1200000000.0,0.97,2.97,0.8099,-72.68,1164000000.0,,1164000000.0,,1000.0,18.620983649355022,-48.5,0.0,8.673421802765091,8910.0,-0.04,1536768000000.0,0.8081,0.0,9000.0,0.21,0.2042,1415.0,0.0,,-16.35,中国春来,1.2003,,1200000000.0,,1.01,港股主板
01341,-79.00131583508542,,3.0482,30,-3.85,False,0.001,0.2339,11095376835.0,0.025,15.38,5.0434,-67.95,277384421.0,,277384421.0,,8000.0,0.0814000814000814,-89.3,0.0,-28.21471508932103,3054640.0,-0.001,1449676800000.0,0.0001,199672.0,117800000.0,1.3,0.1751,1412.0,1.06,,0.0,昊天国际建投,277.3844,,11095376835.0,,0.026,港股主板
02358,,,0.31295396053760366,30,0.0,False,0.001,,5472000000.0,0.011,,0.19838502356547247,10.0,60192000.0,,60192000.0,,10000.0,,,0.0,,,0.0,1089820800000.0,-0.0493,73810.0,,,-0.2355,1410.0,,,,久融控股,-0.2233,,5472000000.0,,0.011,港股主板
06623,,,0.2728,30,-2.52,False,0.005,0.0873,1733377784.0,4.45,2.19,1.0925,-59.17,7713531139.0,,7713531139.0,,100.0,-2.7818259499134332,-71.06,0.0,-11.148709183107508,302779.0,-0.115,1681401600000.0,-1.4594,0.0,68100,0.51,0.0848,1408.0,0.0,,10.14,陆控,-3.0493,,1733377784.0,,4.565,港股主板
00733,-24.03283290599272,,0.3201036069244553,30,0.0,False,0.001,,674149989.0,0.19,,8.500132590085606,-25.49,128088498.0,,128088498.0,,2000.0,-25.082383150429493,,0.0,-40.25063039200531,,0.0,1089820800000.0,-0.3956,0.0,,,0.1337,1405.0,,,,合富辉煌,-0.4803,,674149989.0,,0.19,港股主板
01568,-3.2812741296792014,,0.2561,30,-1.49,False,0.005,0.3855,2180210000.0,0.66,1.49,4.4425,-3.94,1438938600.0,,1438938600.0,7.58,2000.0,7.857431259925053,-8.64,0.0,4.449410117945529,61090.0,-0.01,1451318400000.0,0.1299,0.0,92000.0,0.37,0.3855,1402.0,0.0,,0.0,承达集团,5.0802,,2180210000.0,,0.67,港股主板
00188,-30.29281627007223,,3.882652267865246,30,0.0,False,0.001,,764585103.0,0.235,,,-4.16,179677499.0,,179677499.0,8.51,5000.0,-4.47927652305173,-80.73,0.0,4.337625985697846,,0.0,968947200000.0,-0.0348,0.0,,,0.3202,1402.0,,,0.0,新华汇富金融,-6.7578,,764585103.0,,0.235,港股主板
03757,-33.01217982743246,,50.6689,30,-5.41,False,0.2,27.9889,11876000.0,419.8,6.94,145.6925,-3.72,4985544800.0,,75347429798.0,,50.0,,0.05,0.19,14.005046062377513,117126950.05,-24.0,1790611200000.0,-0.1643,-1117010.0,275650.0,1.19,9.5598,1401.0,2.32,,-4.95,罗博特科,-2554.8434,,179484111.0,,443.8,港股主板
01828,,,0.9509,30,-4.08,False,0.02,0.8506,1279622076.0,32.48,6.26,12.7703,-14.62,41562125028.0,,41562125028.0,,100.0,3.8010393466963626,-14.53,-0.06,4.985310534559351,18969670.08,-1.38,1751817600000.0,1.5642,-386400.0,586626.0,0.81,0.8509,1397.0,0.05,,1.05,富卫集团,20.7645,,1279622076.0,,33.86,港股主板
02565,19.91289709222275,,,30,-3.67,False,0.005,6.1688,386002390.0,4.86,8.33,,-92.96,1875971615.0,,1900704846.0,,50.0,-126.77322830422173,-62.62,-0.21,,13135251.5,-0.185,1748275200000.0,-0.9695,1013397.0,2626300.0,2.96,6.1881,1396.0,0.68,,-25.9,派格生物医药-B,-5.0131,,391091532.0,,5.045,港股主板
02473,-31.288675271101894,,0.3431,30,-2.5,False,0.005,0.5544,1856250000.0,0.39,5.0,,-95.12,723937500.0,,723937500.0,,2500.0,4.138073349949827,-46.33,0.0,12.220889838019922,9771425.0,-0.01,1699459200000.0,0.0251,0.0,25405000,3.87,0.5561,1395.0,1.37,,49.09,喜相逢集团,15.5108,,1856250000.0,,0.4,港股主板
00276,,,0.0508,30,-0.91,False,0.005,,188125849.0,0.545,6.36,2.2674,-19.85,102528588.0,,102528588.0,,6000.0,-12.355670834474285,,0.0,-11.448860349710877,260333.13,-0.005,83347200000.0,2.5088,0.0,452163.0,2.31,-0.0288,1395.0,0.24,,,蒙古能源,0.2172,,188125849.0,,0.55,港股主板
00295,37.80824752022593,,0.6731,30,0.0,False,0.001,0.109,14964442519.0,0.016,6.25,1.1365,0.0,239431080.0,,239431080.0,,25000.0,-11.926633945206186,,0.0,-14.071696259363753,6300.0,0.0,28569600000.0,-0.0189,0.0,400000.0,0.08,0.1094,1390.0,0.0,,,江山控股,-0.8467,,14964442519.0,,0.016,港股主板
03881,-0.33146946020933266,,5.8522,30,-3.54,False,0.01,4.4431,424438920.0,19.6,3.84,,-15.3,8319002832.0,,8582704760.0,,100.0,-369.34596143995293,-25.48,-1.01,135.99293387400522,4786160.0,-0.72,1766073600000.0,-1.7519,-997774.0,242700.0,8.08,4.457,1381.0,0.06,,-13.69,希迪智驾,-11.1881,,437893100.0,,20.32,港股主板
02185,-21.812142334911066,,7.1471,30,-6.55,False,0.005,0.6735,235703422.0,1.285,5.09,,-77.81,302878897.0,,312790974.0,,100.0,-17.162796512883464,-93.19,0.39,,137574.0,-0.09,1640188800000.0,-0.3529,0.0,106200,2.17,0.6756,1379.0,0.05,,-5.41,百心安-B,-3.6412,,243417100.0,,1.375,港股主板
06908,-24.07988141552442,,2.5698,30,5.45,False,0.005,0.6952,1171854481.0,0.29,9.09,,-36.96,339837799.0,,339837799.0,,5000.0,-19.059776721541287,,0.0,19.880927430736193,1113175.0,0.015,1483027200000.0,-0.086,1034000.0,4035000.0,11.09,0.6974,1377.0,0.34,,,宏光半导体,-3.3738,,1171854481.0,,0.275,港股主板
03839,90.75264023829675,,0.5807700308869939,30,-0.13,False,0.005,,240718310.0,7.94,,,9.52,1911303381.0,,1911303381.0,,500.0,8.893629180946695,-0.75,0.0,26.2832587071842,,-0.01,1435852800000.0,0.7876,0.0,,,0.8297,1374.0,,,0.0,正大生物,10.0812,,240718310.0,,7.95,港股主板
08247,26.719506715893317,,2.2323,30,-5.94,False,0.005,3.3733,64286143.0,3.01,1.88,,33.19,193501290.0,,435568600.0,,2000.0,-31.718017900956198,124.21,0.0,-17.912485247845154,54350.0,-0.19,1140969600000.0,-0.3238,0.0,18000,2.6,3.3838,1370.0,0.03,,0.0,中生北控生物科技,-9.2955,,144707176.0,,3.2,港股GEM
00294,61.37711559283028,,1.1805,30,1.39,False,0.005,0.2478,206747688.0,1.095,0.93,,49.41,226388718.0,,226388718.0,9.13,1000.0,-10.593593839955503,,0.0,-19.36478694111281,69130.0,0.015,599414400000.0,-0.4726,0.0,63000.0,1.27,0.256,1362.0,0.03,,,长江制衣,-2.317,,206747688.0,,1.08,港股主板
02149,15.604628648938878,,2.8559,30,-0.37,False,0.02,1.2789,18000000.0,32.58,5.44,186.7899,-24.23,586440000.0,,2052540000.0,,100.0,11.745405984769636,30.06,2.84,13.184827203113247,1818370.0,-0.12,1703692800000.0,2.7701,0.0,57300.0,4.24,1.2829,1362.0,0.32,,0.0,贝克微,11.7611,,63000000.0,,32.7,港股主板
01905,-10.811106565295624,,1.377488580611115,30,0.0,False,0.005,,5794453176.0,1.2,,1.4023974986522176,71.4,6953343811.0,,9882360000.0,8.33,2000.0,5.911429164791977,33.56,1.69,-12.05765876465248,,0.0,1559491200000.0,0.1638,1289400.0,,,0.4362,1361.0,,,0.0,海通恒信,7.3274,,8235300000.0,,1.2,港股主板
02178,,,1.7118,30,1.5,False,0.001,1.9937,1726674682.0,0.203,7.0,7.5397,298.04,350514960.0,,350514960.0,,1000.0,-0.2018210970712405,-93.94,0.0,-28.336128261973283,275308.0,0.003,1362499200000.0,-0.0002,0.0,1326000.0,1.0,1.9937,1361.0,0.08,,0.0,百勤油服,-1021.9095,,1726674682.0,,0.2,港股主板
01480,,,0.4526,30,0.0,False,0.005,0.3263,240000000.0,1.0,1.5,,-14.74,240000000.0,,240000000.0,3.0,2000.0,-4.06003033340562,5.23,0.0,-4.644759611152671,7970.0,0.0,1417968000000.0,-0.126,0.0,8000.0,0.29,0.3263,1360.0,0.0,,0.0,恩达集团控股,-7.9376,,240000000.0,,1.0,港股主板
02566,5.360529456939767,,0.934,30,6.31,False,0.005,0.711,238340200.0,5.645,3.58,3.5164,-24.48,1345430429.0,,1345430429.0,1.2,200.0,8.495124051391414,-23.44,0.0,0.07468831700263578,3019426.0,0.335,1732723200000.0,0.6744,907389.0,537000,1.82,0.6853,1357.0,0.23,,-38.41,九源基因,8.3704,,238340200.0,,5.31,港股主板
01916,-1.5516725959216826,,0.3602,30,0.0,False,0.005,0.0635,1345500000.0,0.585,0.85,0.8186,-6.79,787117500.0,,3524201987.0,6.84,500.0,1.340658165905494,-87.32,0.0,,239232.5,0.0,1529942400000.0,0.1243,0.0,411500.0,0.58,0.0637,1354.0,0.03,,0.31,江西银行,4.7082,,6024276901.0,,0.585,港股主板
02657,81.70834550774802,,2.5719,30,1.69,False,0.05,3.5159,106124027.0,60.0,8.14,12.6102,-30.22,6367441620.0,,8381681100.0,4.47,50.0,30.017143769266006,-25.74,1.18,63.10164666563014,4495750.0,1.0,1767024000000.0,3.562,691460.0,76350.0,1.27,3.4403,1346.0,0.07,,9.3,林清轩,16.8444,,139694685.0,,59.0,港股主板
00922,,,1.1432,30,-1.94,False,0.001,0.2445,2221363150.0,0.101,1.94,5.3638,-14.41,224357678.0,,224357678.0,,10000.0,-13.073747377444898,-99.86,0.0,-16.78180425106268,14240.0,-0.002,945705600000.0,-0.0522,0.0,140000.0,0.19,0.2686,1337.0,0.01,,,安贤园中国,-1.9357,,2221363150.0,,0.103,港股主板
03329,-63.39585177142679,,0.893,30,0.0,False,0.005,1.0858,2734392000.0,0.39,2.56,,11.43,1066412880.0,,1066412880.0,,1000.0,-6.711111385207433,-79.84,1.3,50.75246542094429,172594.6,0.0,1495123200000.0,-0.0219,0.0,446040.0,1.01,1.0858,1336.0,0.02,,0.0,交银国际,-17.8178,,2734392000.0,,0.39,港股主板
00928,,,0.5038580259446477,30,,False,0.001,,555127518.0,0.13,,,,72166577.34,,72166577.34,,20000.0,0.8002673344240809,-99.89,0.0,-13.830216288736342,,,1020009600000.0,0.0033,0.0,,,0.303,1336.0,,,0.0,帝王国际投资,39.1359,,555127518.0,,,港股主板
02312,,,2363.1642,30,1.27,False,0.005,2.2174,685317610.0,0.4,3.8,,-60.78,274127044.0,,274127044.0,,10000.0,-70.31181530371589,-98.73,0.0,,258586.5,0.005,1035734400000.0,-0.1042,0.0,651584.0,1.46,2.2174,1334.0,0.1,,,LONG 投资集团,-3.8392,,685317610.0,,0.395,港股主板
00299,-36.30653023995295,,,30,0.0,False,0.001,,109202495.0,0.106,,,0.0,11575464.0,,11575464.0,,5000.0,173.5350160475453,-99.9,,-68.89976843972481,,0.0,1083254400000.0,-3.9239,0.0,,,-0.0244,1331.0,,,,宝新置地,-0.027,,109202495.0,,0.106,港股主板
00328,-44.571108194282274,,1.0988,30,-1.05,False,0.005,,286392150.0,0.47,5.26,,-78.3,134604311.0,,134604311.0,,2000.0,213.54091149257215,-98.68,0.0,11.10343953896804,77570.0,-0.005,722793600000.0,-0.3034,0.0,168000,0.05,1.2386,1326.0,0.06,,,爱高集团,-1.5491,,286392150.0,,0.475,港股主板
00050,4.886769546397307,,3.5775,30,0.0,False,0.005,0.2278,356273883.0,4.7,0.0,12.7892,2.94,1674487250.0,,1674487250.0,5.32,1000.0,4.048106577203715,,0.0,11.17881395861815,287514.83,0.0,599414400000.0,0.8233,0.0,61173.0,0.73,0.2278,1325.0,0.02,,,香港小轮(集团),5.7085,,356273883.0,,4.7,港股主板
00471,-64.03819833215445,,0.4628,30,-4.2,False,0.001,0.1611,479762136.0,0.114,4.2,,-77.59,54692884.0,,54692884.0,,4000.0,-8.499750575286035,-99.94,0.0,53.91443532662099,72764.0,-0.005,1128873600000.0,-0.0431,0.0,640000.0,0.81,0.1612,1323.0,0.13,,0.0,中播数据,-2.6439,,479762136.0,,0.119,港股主板
06118,,,0.18954147970290894,30,0.0,False,0.005,,512582000.0,0.68,,2.0799861555353987,-21.84,348555760.0,,348555760.0,,1000.0,2.1050347619021497,-82.06,0.0,-1.6430303343474617,,0.0,1415289600000.0,0.0391,0.0,,,0.3642,1320.0,,,0.0,奥星生命科技,17.4124,,512582000.0,,0.68,港股主板
03778,,,0.30253879127758865,30,0.0,False,0.005,,125235000.0,2.88,,4.511618132692885,-4.0,360676800.0,,360676800.0,,2000.0,2.1353195839095664,-39.95,,-3.7318458008696265,,0.0,1324483200000.0,0.1285,0.0,,,0.472,1318.0,,,0.0,中国织材控股,22.4076,,125235000.0,,2.88,港股主板
01555,46.063406164505416,,0.1223,30,0.0,False,0.001,,3386525510.0,0.029,3.45,0.2035,7.41,98209240.0,,98209240.0,,2000.0,19.36514596353616,-98.21,0.0,-10.630528433330399,20584.0,0.0,1292256000000.0,-0.1667,0.0,714000.0,0.69,-0.031,1317.0,0.02,,0.0,MI能源,-0.1739,,3386525510.0,,0.029,港股主板
01660,-37.32112658306163,,7.0711,30,0.0,False,0.001,3.7545,6195000000.0,0.196,8.67,41.2551,-60.0,1214220000.0,,1214220000.0,,8000.0,-3.196283406117686,151.28,0.51,-12.729844165607707,16499128.0,0.0,1486656000000.0,-0.0016,-2228256.0,83496000.0,58.45,3.8647,1310.0,1.35,,-19.23,七元投资,-120.3032,,6195000000.0,,0.196,港股主板
09615,12.679447988750248,,18.4553,30,-2.99,False,0.05,,113064770.0,79.55,3.41,,-21.78,8994302454.0,,9944629028.0,,30.0,,-21.78,-0.06,49.26113108410932,9371398.5,-2.45,1788192000000.0,-3.3166,222834.0,117540.0,1.29,-15.8339,1301.0,0.1,,-1.87,梅卡曼德机器人,-23.9854,,125011050.0,,82.0,港股主板
08071,-51.87865072898015,,1.1736,30,-19.35,False,0.005,9.2245,93720967.0,0.5,2.42,25.9041,-56.52,46860484.0,,46860484.0,,5000.0,-32.80440955403374,-99.33,0.0,27.350006906754622,10200.0,-0.12,983462400000.0,-0.021,0.0,20000.0,2.64,9.2245,1299.0,0.02,,,中彩网通控股,-23.8597,,93720967.0,,0.62,港股GEM
01945,,,1.4863,30,-1.45,False,0.005,0.5676,293960800.0,1.36,9.06,9.1314,-7.48,399786688.0,,399786688.0,,400.0,16.90184277850541,-91.4,0.0,7.373958751581444,5510.0,-0.02,1609257600000.0,0.3832,0.0,4400,0.31,0.5422,1298.0,0.0,,5.45,清科控股,3.5495,,293960800.0,,1.38,港股主板
01749,-60.29310353604309,,0.06225920906033822,30,0.0,False,0.005,,33400000.0,0.44,,2.3969291081345965,-38.89,14696000.0,,58696000.0,,1000.0,-0.4142923648226807,-86.52,0.0,-9.448039247968964,,0.0,1530028800000.0,-0.007,0.0,,,0.1844,1294.0,,,-7.94,杉杉品牌,-62.5068,,133400000.0,,0.44,港股主板
00524,7.0262689412368795,,4.0773,30,1.12,False,0.005,,236277500.0,1.8,1.69,,579.25,425299500.0,,425299500.0,,10000.0,243.83752474521594,,0.0,4.806619893964759,114360.0,0.02,609091200000.0,-0.1408,0.0,63000.0,0.27,-19.8145,1293.0,0.03,,,长城天下,-12.7883,,236277500.0,,1.78,港股主板
01731,11.166751552737676,,0.4401,30,0.68,False,0.005,0.5544,1120000000.0,0.745,0.0,6.091,10.37,834400000.0,,834400000.0,11.41,4000.0,12.068233988620415,31.19,0.0,6.024186267140652,32780.0,0.005,1531411200000.0,0.154,0.0,44000,0.2,0.5546,1289.0,0.0,,26.97,其利工业集团,4.8388,,1120000000.0,,0.74,港股主板
09877,-40.607033087985265,,18.9277,30,-3.0,False,0.005,3.4988,310306209.0,7.27,6.27,,-18.31,2255926139.0,,3032806198.0,,200.0,-18.548528370412953,-74.04,3.41,,1531764.0,-0.225,1665331200000.0,-0.4132,662568.0,215800.0,6.35,3.5097,1288.0,0.07,,1.62,健世科技-B,-17.5934,,417167290.0,,7.495,港股主板
02453,-32.967550101636576,,0.9091,30,-4.11,False,0.005,0.2709,313874624.0,0.7,8.22,,-58.82,219712237.0,,548563411.0,,200.0,-9.556880546433716,-92.86,0.0,4.6476388455890305,94553.0,-0.03,1704729600000.0,-0.2316,0.0,134600.0,2.28,0.2717,1288.0,0.04,,-22.41,美中嘉和,-3.0223,,783662016.0,,0.73,港股主板
01110,-34.125494837558875,,0.2641,30,1.33,False,0.005,0.3433,622500000.0,0.38,2.67,5.754,-26.92,236550000.0,,236550000.0,,4000.0,1.8912069593777978,-71.32,0.0,-16.67823247738892,445400.0,0.005,1290614400000.0,0.02,0.0,1188000.0,0.97,0.3444,1287.0,0.19,,-26.52,金活医药集团,18.9992,,622500000.0,,0.375,港股主板
02429,-25.244738954673906,,0.5456,30,-1.15,False,0.005,1.3321,977276433.0,1.725,12.32,25.7703,-29.59,1685801847.0,,1688884422.0,,500.0,-9.947535496816638,-86.2,0.0,0.5866853228752467,71547.5,-0.02,1698940800000.0,-0.1174,0.0,40500,1.59,1.3074,1283.0,0.0,,40.87,友宝在线,-14.692,,979063433.0,,1.745,港股主板
00664,-64.19202881115025,,0.9695,30,2.38,False,0.01,0.7883,62227201.0,11.2,2.29,,-81.33,696944651.0,,721356160.0,,100.0,,-68.38,0.0,10.539742861567136,80837.0,0.26,1774886400000.0,0.3352,0.0,7300,0.51,0.7908,1282.0,0.01,,-49.17,铜师傅,33.4107,,64406800.0,,10.94,港股主板
02665,,,1.1033,30,-3.18,False,0.005,11.7232,1309258881.0,1.52,8.6,,-85.07,1990073499.0,,1990073499.0,,500.0,,-86.18,0.66,,5679762.5,-0.05,1765296000000.0,-1.9515,-316600.0,3658500.0,4.28,11.6855,1266.0,0.28,,0.0,图达通,-0.7794,,1309258881.0,,1.57,港股主板
00227,,,0.653,30,0.0,False,0.001,0.1093,2190679905.0,0.123,2.44,,-50.6,269453628.0,,269453628.0,,8000.0,-4.158504867533301,,0.0,10.161366300413777,40808.0,0.0,83433600000.0,-0.0475,0.0,336000.0,1.33,0.1093,1265.0,0.02,,,第一上海,-2.5871,,2190679905.0,,0.123,港股主板
00366,,,1.166,30,-0.62,False,0.005,0.1721,497571418.0,0.8,1.86,5.4103,-11.66,398057134.0,,398057134.0,5.0,2000.0,0.4874452065591054,331.97,0.0,-7.450421108333671,109200.0,-0.005,986313600000.0,0.0227,0.0,138000.0,2.19,0.1721,1263.0,0.03,,,陆氏集团(越南),35.1703,,497571418.0,,0.805,港股主板
00619,-63.51143532475951,,1.8385,30,-11.94,False,0.005,1.8592,301277070.0,0.295,2.99,,-25.32,88876736.0,,88876736.0,,2000.0,24.97167348145229,-96.38,0.0,-17.639583599256714,5985.0,-0.04,742752000000.0,0.0337,0.0,21000,0.73,1.8592,1261.0,0.01,,,南华金融,8.7667,,301277070.0,,0.335,港股主板
08081,,,0.9079,30,-7.14,False,0.001,0.4347,5156035108.0,0.013,7.14,,-27.78,67028456.0,,67028456.0,,10000.0,-30.85721238668857,-99.95,0.0,6.3960292794447815,139550.0,-0.001,961344000000.0,-0.0108,-126230.0,10730000,51.61,0.4347,1260.0,0.21,,,白居易控股,-1.2014,,5156035108.0,,0.014,港股GEM
02487,-49.271344229682526,,0.8513,30,-2.3,False,0.005,0.3874,373088491.0,0.85,6.9,,-81.28,317125217.0,,317125217.0,,200.0,-38.3040513481337,-96.1,0.0,32.20607508464084,261960.0,-0.02,1686499200000.0,-0.8707,0.0,310200.0,0.46,0.3825,1259.0,0.08,,0.46,科笛-B,-0.9762,,373088491.0,,0.87,港股主板
02570,-2.421004918593761,,0.7275,30,-11.77,False,0.005,0.2506,90342100.0,5.06,15.08,,-92.19,457131026.0,,479767143.0,,20.0,-31.853882793124516,-96.6,0.2,-13.248750070981984,1191062.3,-0.675,1733414400000.0,-6.5416,-244224.89999999997,228500,3.43,0.2477,1259.0,0.25,,0.07,重塑能源,-0.7735,,94815641.0,,5.735,港股主板
01392,,,16.412,30,-9.39,False,0.02,15.9006,756143940.0,20.66,15.96,,186.94,15621933800.0,,15995145957.0,,500.0,,-28.76,-1.05,119.20897447935866,19748060.0,-2.14,1782057600000.0,0.0392,-1245840.0,894500,2.45,15.9503,1258.0,0.12,,270.83,海清智元,526.3982,,774208420.0,,22.8,港股主板
01756,-25.02545779427048,,0.254803225398388,30,0.0,False,0.005,,1200000000.0,0.36,,0.7956006232204882,-43.75,432000000.0,,432000000.0,,1000.0,7.305662863842944,-85.68,0.0,12.80737801972296,,0.0,1574611200000.0,0.2895,0.0,,,0.0869,1256.0,,,-17.18,中国科教产业,1.2435,,1200000000.0,,0.36,港股主板
02161,52.14853099505996,,1.5709,30,-1.85,False,0.005,1.2241,822000000.0,1.595,2.77,8.0732,-37.61,1311090000.0,,1311090000.0,10.72,2000.0,18.600753232085303,38.01,-0.31,17.059774433222753,688240.0,-0.03,1612454400000.0,0.2446,0.0,428000.0,2.58,1.2138,1255.0,0.05,,80.0,健倍苗苗,6.52,,822000000.0,,1.625,港股主板
02459,8.716030403170837,,0.323,30,0.0,False,0.005,0.1724,193800000.0,0.625,6.4,,-36.87,121125000.0,,121125000.0,,10000.0,-24.1157125331189,-95.55,0.0,-15.298018439073946,112515.0,0.0,1673884800000.0,-0.9385,0.0,185500.0,0.57,0.1724,1255.0,0.1,,11.25,昇能集团,-0.666,,193800000.0,,0.625,港股主板
01551,-2.3001446750207433,,,30,0.0,False,0.005,,2674925000.0,1.49,,103.06441997004637,1.42,3985638250.0,,21470586097.0,3.62,1000.0,1.9244456891993025,-55.95,0.0,,,0.0,1497888000000.0,0.1456,0.0,,,0.196,1253.0,,,0.2,广州农商银行,10.2349,,14409789327.0,,1.49,港股主板
01815,,,1.8311,30,-2.68,False,0.005,1.1293,1413675040.0,1.635,4.76,3.5434,-32.99,2311358690.0,,2311358690.0,,1000.0,6.440382941688425,-32.99,0.31,51.657418959188895,10805316.755,-0.045,1520870400000.0,0.0838,6364530.000000001,6545966.0,0.67,1.1219,1249.0,0.46,,0.42,珠峰黄金,19.5122,,1413675040.0,,1.68,港股主板
03680,-7.801815781039235,,6.6602,30,-1.21,False,0.005,15.4501,920572036.0,2.44,2.83,,52.5,2246195768.0,,2246195768.0,,2000.0,-43.46189691017277,78.1,0.21,-11.216988035930854,2433250.0,-0.03,1576166400000.0,-0.0551,244500.0,996000.0,1.62,11.8947,1248.0,0.11,,8.0,瑞和数智,-44.2562,,920572036.0,,2.47,港股主板
02180,9.937364875479805,,0.1235,30,-0.11,False,0.005,0.7873,207505000.0,4.7,3.4,2.8171,-8.47,975273500.0,,975273500.0,3.62,250.0,13.831708244342405,-7.68,0.0,9.239853755665784,45046.25,-0.005,1562688000000.0,0.8845,0.0,9500.0,1.07,0.7898,1239.0,0.0,,-1.01,万宝盛华,5.3139,,207505000.0,,4.705,港股主板
02655,241.1599193761805,,2.364,30,-5.28,False,0.01,5.3624,394689340.0,14.53,6.52,74.6876,-62.71,5734836110.0,,7522349185.0,,100.0,20.856356602720176,-61.76,0.14,138.19345757743622,6410284.0,-0.81,1765814400000.0,0.3445,-553520.0,435200.0,3.89,5.3791,1238.0,0.11,,117.91,果下科技,42.1756,,517711575.0,,15.34,港股主板
00298,-39.89353346969284,,1.0036499091297841,30,0.0,False,0.001,,2347035316.0,0.096,,1.046139299278478,-8.57,225315390.0,,225315390.0,,10000.0,-2.4490532586304896,,0.0,52.733056357187635,,0.0,599414400000.0,-0.0304,0.0,,,0.0771,1230.0,,,,庄士中国,-3.1568,,2347035316.0,,0.096,港股主板
09630,47.418279748582506,,19.9662,30,-11.85,False,0.2,7.0054,14764400.0,290.0,14.1,76.6198,14.75,4281676000.0,,42486483640.0,,50.0,,-33.94,-0.28,42.115300763270504,108439514.0,-39.0,1782403200000.0,3.3605,-1437970.0,356350,6.0,7.0102,1229.0,2.41,,103.77,芯碁微装,86.2979,,146505116.0,,329.0,港股主板
02000,-63.56298930728887,,1.7229,30,-1.59,False,0.005,0.4435,2119047300.0,0.31,6.35,24.6929,-15.07,656904663.0,,656904663.0,,2000.0,-2.239490896999369,-62.31,0.0,-12.426600292631829,7730.0,-0.005,1120060800000.0,-0.0156,0.0,26000.0,0.15,0.4435,1228.0,0.0,,0.0,晨讯科技,-19.8245,,2119047300.0,,0.315,港股主板
00575,,,6.1241,30,7.32,False,0.005,,291815782.0,0.88,1.83,,-17.76,256797888.0,,256797888.0,,10000.0,38.16883497994718,-99.23,0.0,202.8046810796099,114450.0,0.06,863971200000.0,-0.0514,0.0,130000,1.0,-5.4093,1225.0,0.04,,,励晶太平洋,-17.1117,,291815782.0,,0.82,港股主板
01220,,,,30,0.0,False,0.001,,2080000000.0,0.056,,,0.0,116480000.0,,116480000.0,,30000.0,-11.04292775031932,-99.24,,-65.10055898435161,,0.0,874944000000.0,-0.0483,0.0,,,0.5526,1224.0,,,,志道国际,-1.1584,,2080000000.0,,0.056,港股主板
01688,-2.4437444268965547,,0.6964,30,-5.22,False,0.005,1.1556,811811880.0,5.18,7.5,8.2859,-48.93,4205185538.0,,42281345675.0,0.44,660.0,,-51.86,0.58,17.031812682387248,39623802.6,-0.285,1782403200000.0,0.2953,-4157894.4000000022,7515420.0,10.68,1.1592,1223.0,0.93,,-4.62,领益智造,17.5431,,8162421945.0,,5.465,港股主板
02633,6.308663092197531,,1.2426,30,0.0,False,0.005,0.8728,2000221000.0,0.975,1.54,5.9388,-21.45,1950215475.0,,1950215475.0,9.23,2000.0,12.6485019645799,3.12,1.56,-4.209155063588332,399808.35,0.0,1474387200000.0,0.1508,0.0,414306.0,1.41,0.8421,1223.0,0.02,,6.33,雅各臣科研制药,6.4659,,2000221000.0,,0.975,港股主板
00059,-56.230453768962164,,0.6477566012899549,30,0.0,False,0.001,,8446331365.0,0.01,,,0.0,84463314.0,,84463314.0,,2000.0,3.520085059012327,-100.0,,-58.86303733432137,,0.0,753379200000.0,-0.0386,0.0,,,-0.0091,1222.0,,,,天誉置业,-0.2592,,8446331365.0,,0.01,港股主板
03903,-35.38776862711027,,23.424851938294648,30,0.0,False,0.001,,1170000000.0,0.168,,3.498415572657311,0.0,196560000.0,,772800000.0,,2000.0,2.3485118655052752,-85.83,,-60.13570072229767,,0.0,1403107200000.0,0.0037,-168000.0,,,1.1003,1222.0,,,0.0,瀚华控股,45.3842,,4600000000.0,,0.168,港股主板
02549,12.663785649654379,,0.772,30,0.0,False,0.005,1.2738,550801100.0,3.85,0.0,18.681,-13.06,2120584235.0,,2120584235.0,3.69,500.0,21.236030612103036,-56.91,0.0,21.845308293433362,1925.0,0.0,1727798400000.0,0.6002,0.0,500.0,0.01,1.267,1219.0,0.0,,58.3,卡罗特,6.4145,,550801100.0,,3.85,港股主板
02559,,,2.6808,30,-2.15,False,0.005,0.7201,1026282344.0,1.14,3.0,41.2456,-9.39,1169961872.0,,1169961872.0,103.07,500.0,-4.658207404974514,-58.59,0.0,-29.144000290062678,407587.5,-0.025,1719504000000.0,-0.0728,0.0,351000,2.08,0.7206,1211.0,0.03,,-22.5,嘀嗒出行-PF,-15.6676,,1026282344.0,,1.165,港股主板
02579,12.399415658968028,,0.3229,30,0.47,False,0.02,0.7979,104225400.0,21.34,3.77,12.6938,-32.91,2224170036.0,,22288908964.0,4.17,200.0,9.56719784003173,-35.04,0.76,30.30152425827055,14738804.0,0.1,1763308800000.0,2.335,-2493464.0,685600.0,4.47,0.793,1211.0,0.66,,-0.12,中伟新材,9.1393,,1044466212.0,,21.24,港股主板
08156,-4.917357951700541,,2.1827,30,-26.29,False,0.001,,633693055.0,0.157,0.0,,-47.67,99489810.0,,99489810.0,,10000.0,21.956960322797578,-98.51,0.0,2.090347975512996,1996.4,-0.056,1037030400000.0,-0.0144,0.0,13400.0,0.17,-2.144,1206.0,0.0,,0.0,国药科技股份,-10.8827,,633693055.0,,0.213,港股GEM
02629,1.3042144010602552,,22.437558666733654,30,0.0,False,0.01,,298230331.0,12.41,,,-71.82,3701038408.0,,3701038408.0,,100.0,,-57.21,,7.723062014952409,,0.0,1747929600000.0,-1.9857,-1318950.0,,,2.4234,1203.0,,,28.76,MIRXES-B,-6.2498,,298230331.0,,12.41,港股主板
01338,,,0.3281,30,3.23,False,0.001,0.5812,3162440720.0,0.032,9.68,3.3547,-11.11,101198103.0,,101198103.0,,2000.0,5.255391060122816,-98.89,0.0,4.057583093525241,23452.0,0.001,1246550400000.0,0.0027,0.0,742000,1.31,0.583,1201.0,0.02,,0.0,霸王集团,11.7678,,3162440720.0,,0.031,港股主板
06069,23.067547900976916,,5.0228,30,-1.48,False,0.005,1.423,1064285792.0,6.0,3.86,43.1255,-41.38,6385714752.0,,6385714752.0,7.9,500.0,13.134366382968066,,-0.25,-1.7797910737515688,23263290.0,-0.09,1499270400000.0,0.5217,-3259799.0,3850500,1.8,1.4081,1194.0,0.36,,,盛业,11.501,,1064285792.0,,6.09,港股主板
00859,35.85258520300349,,4.3743,30,1.92,False,0.001,0.2178,1125027072.0,0.106,9.62,,-9.4,119252870.0,,119252870.0,,2000.0,-30.644606081796617,-81.59,0.0,-8.755584379397208,3692.0,0.002,960998400000.0,-0.1761,0.0,36000,0.09,0.2178,1191.0,0.0,,0.0,中昌国际控股,-0.6021,,1125027072.0,,0.104,港股主板
01971,,,0.12712645168990508,30,0.0,False,0.005,,415000000.0,0.335,,23.369473861153136,-12.99,139025000.0,,139025000.0,,1000.0,-6.496094952831509,-93.03,4.55,-3.434096663049635,,0.0,1594051200000.0,-0.1541,0.0,,,0.1398,1190.0,,,6.02,弘阳服务,-2.1743,,415000000.0,,0.335,港股主板
00887,34.27158454567301,,0.3686,30,-1.64,False,0.005,0.3705,7256708129.0,0.3,4.92,3.0806,40.71,2177012439.0,,2177012439.0,6.67,10000.0,10.16173616660777,-8.84,0.0,7.87653491937359,2893200.0,-0.005,1216569600000.0,0.0789,-427800.0,9550000.0,0.89,0.3705,1190.0,0.13,,0.0,英皇钟表珠宝,3.8033,,7256708129.0,,0.305,港股主板
00071,-10.629415904743189,,2.7444,30,-0.51,False,0.005,0.3152,690959695.0,9.75,0.46,24.7794,1.15,6736857026.0,,6736857026.0,5.44,1000.0,3.2402702770647913,,0.0,-3.0097410017144277,1131145.0,-0.05,599414400000.0,0.9942,0.0,116000.0,1.94,0.3152,1190.0,0.02,,,美丽华酒店,9.8064,,690959695.0,,9.8,港股主板
00353,-11.511537934128791,,2.0134,30,2.7,False,0.005,0.5839,2115562890.0,0.38,2.7,,18.75,803913898.0,,803913898.0,,4000.0,4.548341193211888,,0.0,2.87232894520264,8140.0,0.01,996076800000.0,0.0292,0.0,22000.0,0.1,0.4673,1187.0,0.0,,,能源国际投资,12.9915,,2115562890.0,,0.37,港股主板
00821,-42.74606521036885,,3.6305,30,-8.0,False,0.005,0.6712,371085219.0,0.575,23.2,,64.29,213374001.0,,213374001.0,,8000.0,-17.029018105626577,-85.26,2.68,-14.088307285538992,6034100.0,-0.05,986745600000.0,-0.1505,27200.0,9908800,1.41,0.6525,1187.0,2.67,,,汇盈控股,-3.8215,,371085219.0,,0.625,港股主板
01259,,,0.1247592476912736,30,0.0,False,0.001,,2203361000.0,0.031,,,-3.13,68304191.0,,68304191.0,,1000.0,-0.5510929162973667,-98.59,0.0,4.599493435651247,,0.0,1310659200000.0,-0.0025,0.0,,,0.0534,1185.0,,,0.0,未来发展控股,-12.5906,,2203361000.0,,0.031,港股主板
00496,,,0.2824,30,-0.5,False,0.001,0.0806,1836541352.0,0.199,0.0,3.0567,-52.05,365471729.0,,365471729.0,,1000.0,0.15978342046776445,-90.8,0.0,6.733419701601506,199.0,-0.001,1129737600000.0,0.0039,0.0,1000.0,0.03,0.0809,1182.0,0.0,,0.0,卡森国际,51.0435,,1836541352.0,,0.2,港股主板
02127,,,0.018292570832341298,30,0.0,False,0.001,,3828908000.0,0.02,,,0.0,76578160.0,,76578160.0,,2000.0,-37.61137393109558,-98.82,,-21.58980111706821,,0.0,1609171200000.0,-0.3009,0.0,,,0.0194,1175.0,,,1.69,汇森股份,-0.0665,,3828908000.0,,0.02,港股主板
00677,-40.40690569335623,,0.2864,30,0.0,False,0.005,0.4657,1697406458.0,0.355,0.0,2.3025,4.94,602579293.0,,602579293.0,6.48,2000.0,2.1099092831204933,49.16,0.0,0.7136310030982917,179630.0,0.0,664992000000.0,0.016,-97980.0,506000.0,3.02,0.4583,1173.0,0.03,,,金源发展国际实业,22.1268,,1697406458.0,,0.355,港股主板
09663,-2.4775887141192943,,3.6637,30,-0.21,False,0.005,0.4627,385860566.0,2.375,3.57,3.927,-52.78,916418844.0,,1211259901.0,,500.0,-17.41304331996323,-85.61,0.0,-25.1839125401382,9652.5,-0.005,1701705600000.0,-0.9838,0.0,4000.0,0.19,0.457,1173.0,0.0,,0.71,国鸿氢能,-2.4142,,510004169.0,,2.38,港股主板
04337,,,,30,0.0,False,0.01,,730600000.0,58.0,,,0.0,42374800000.0,,42374800000.0,,20.0,,,,,,0.0,959702400000.0,,,,,,1171.0,,,,星巴克-T,,,730600000.0,,58.0,港股主板
00391,-5.196345796999047,,16.7493,30,-3.45,False,0.005,7.0825,5923738525.0,0.28,8.62,,180.0,1658646787.0,,1658646787.0,,20000.0,-18.509357041984565,1537.43,0.0,9.429948606928606,283200.0,-0.01,750873600000.0,-0.007,0.0,1000000.0,0.48,8.2546,1169.0,0.02,,,美亚娱乐资讯,-39.7957,,5923738525.0,,0.29,港股主板
00185,-39.32615377015322,,0.0212,30,-3.33,False,0.001,,1913386669.0,0.058,0.0,0.0764,-44.23,110976427.0,,110976427.0,,1000.0,-1957.694491766042,,0.0,-63.90654804106723,684.0,-0.002,93628800000.0,-0.3923,0.0,12000.0,0.48,-4.6781,1166.0,0.0,,,正商实业,-0.1478,,1913386669.0,,0.06,港股主板
01027,-14.919390369251783,,3.9503,30,-3.17,False,0.005,3.8367,417550000.0,2.44,6.94,,-38.23,1018822000.0,,1018822000.0,,1000.0,-11.02963974759706,-36.46,-0.2,-13.07770715508898,24600.0,-0.08,1423756800000.0,-0.0723,0.0,10000.0,0.87,3.8487,1165.0,0.0,,0.0,亚洲策略科技,-33.7347,,417550000.0,,2.52,港股主板
02789,119.60540759603657,,0.301,30,0.0,False,0.001,1.4932,6208734000.0,0.172,7.56,2.1742,26.94,1067902248.0,,1067902248.0,29.07,2000.0,58.79550037547697,-70.66,4.24,10.498424134264672,121572.0,0.0,1305561600000.0,0.0568,-29192.0,738000.0,2.71,1.4979,1164.0,0.01,,0.0,远大中国,3.0292,,6208734000.0,,0.172,港股主板
03737,-52.049893694785496,,0.3487,30,-2.56,False,0.005,0.5155,863600000.0,0.76,2.56,3.3675,35.71,656336000.0,,656336000.0,,1000.0,1.610761197317561,-47.94,0.0,-8.722249364052082,495175.0,-0.02,1436716800000.0,0.0233,0.0,640000.0,1.51,0.5171,1164.0,0.07,,0.0,中智药业,32.5607,,863600000.0,,0.78,港股主板
00689,,,3.2875,30,0.74,False,0.001,0.4187,1857731712.0,0.137,0.74,,-6.55,254509245.0,,254509245.0,,15000.0,-3.9963253954928195,-100.0,0.0,-0.8773281372917441,40815.0,0.001,671644800000.0,-0.0111,0.0,300000.0,0.88,0.4187,1162.0,0.02,,,长盈集团(控股),-12.291,,1857731712.0,,0.136,港股主板
00237,-11.949205863462442,,6.271484083096697,30,0.0,False,0.005,,405000000.0,1.865,,5.19927723283428,-5.1,755325000.0,,755325000.0,4.29,2000.0,-3.668943343403689,,0.0,-0.3948529547789348,,0.0,95356800000.0,-0.3174,0.0,,,0.2207,1162.0,,,,安全货仓,-5.8764,,405000000.0,,1.865,港股主板
02360,1.738021491194286,,0.5829,30,0.3,False,0.005,2.9514,1000000000.0,1.68,1.79,3.5898,-7.38,1680000000.0,,1680000000.0,11.9,2000.0,38.349486029001824,137.39,0.0,7.894601623187847,411880.0,0.005,1547136000000.0,0.2153,0.0,244000.0,1.09,2.9514,1161.0,0.02,,17.0,优品360,7.8031,,1000000000.0,,1.675,港股主板
00033,,,0.8387347952162024,30,0.0,False,0.005,,558245104.0,0.4,,8.313404393149664,0.0,223298042.0,,223298042.0,,2000.0,-3.458587611378658,-99.62,,10.760199909213641,,0.0,1195401600000.0,-0.0277,0.0,,,0.3205,1159.0,,,0.0,INTL GENIUS,-14.4324,,558245104.0,,0.4,港股主板
00953,,,2.3392,30,-3.85,False,0.001,0.4054,1419610000.0,0.125,3.85,,-58.33,177451250.0,,177451250.0,,2000.0,-7.595137939300001,-89.63,0.0,-25.505292029961858,30182.0,-0.005,1264953600000.0,-0.0242,0.0,246000.0,2.39,0.4067,1159.0,0.02,,0.0,邵氏兄弟控股,-5.172,,1419610000.0,,0.13,港股主板
01176,102.95344220003568,,0.1683,30,0.0,False,0.001,,8850632753.0,0.019,10.53,,-60.42,168162022.0,,168162022.0,,2000.0,-17066.402091319127,-99.4,5.56,-23.78906818982458,167892.0,0.0,850060800000.0,-0.7118,45600.0,9174000.0,1.47,-0.0551,1159.0,0.1,,,珠光控股,-0.0267,,8850632753.0,,0.019,港股主板
01079,-47.2632136768153,,1.3154,30,0.56,False,0.001,4.2911,2140052608.0,0.178,1.69,,-32.6,380929364.0,,380929364.0,,10000.0,-20.119601328903656,-92.52,0.0,83.33742603057614,51760.0,0.001,943545600000.0,-0.0071,0.0,290000,0.99,4.5411,1157.0,0.01,,,松景科技,-25.1605,,2140052608.0,,0.177,港股主板
01094,,,5.7962,30,0.0,False,0.005,1.6028,711015213.0,0.4,7.5,,14.29,284406085.0,,284406085.0,,8000.0,-67.71698118548166,-99.58,1.27,-20.3777822844998,4685000.0,0.0,1025625600000.0,-0.1682,1978080.0,12176000.0,4.18,1.4176,1154.0,1.71,,0.0,承辉国际,-2.3776,,711015213.0,,0.4,港股主板
06086,,,0.2647,30,-4.55,False,0.005,3.3991,1385448457.0,0.84,10.23,17.5917,-62.67,1163776704.0,,1163776704.0,,500.0,3.6980790595993263,-82.05,4.35,20.951765539905367,254937.5,-0.04,1720454400000.0,0.0071,0.0,302500,0.98,3.4097,1153.0,0.02,,-44.62,方舟健客,118.9326,,1385448457.0,,0.88,港股主板
00064,-33.76175961688615,,9.4789,30,0.52,False,0.005,0.3601,618197262.0,3.88,0.52,,28.9,2398605377.0,,2398605377.0,1.29,2000.0,0.8043215541588994,32.41,0.26,-5.414877769845139,788753.15,0.02,1023292800000.0,0.0864,0.0,204350.0,0.64,0.3606,1152.0,0.03,,0.0,结好控股,44.9286,,618197262.0,,3.86,港股主板
03388,-8.015244708011526,,3.2355,30,-7.78,False,0.02,4.5178,477854151.0,25.6,8.86,,36.17,12233066266.0,,12233066266.0,,150.0,,-24.44,-0.23,23.296390413552782,31522007.85,-2.16,1779984000000.0,-0.8144,-6166314.0,1192650,1.69,4.532,1151.0,0.25,,21.28,创想三维,-31.4359,,477854151.0,,27.76,港股主板
02489,29.23938827220436,,2.5102,30,0.0,False,0.005,1.1832,2399435000.0,0.81,3.7,6.292,-21.43,1943542350.0,,1943542350.0,3.83,5000.0,10.684403477532209,75.21,0.0,23.931535032699824,632175.0,0.0,1703174400000.0,0.061,-307800.0,775000.0,18.49,1.1805,1146.0,0.03,,1.82,集海黄金,13.2747,,2399435000.0,,0.81,港股主板
02166,138.54598099043267,,0.194,30,-5.01,False,0.005,1.576,586417030.0,3.51,6.63,,73.93,2058323775.0,,2058323775.0,4.76,2000.0,35.43237037991461,188.91,0.0,41.550146947498945,1387520.0,-0.185,1475769600000.0,0.687,-180000.0,386000,1.99,1.287,1145.0,0.07,,-4.26,芯智控股,5.1092,,586417030.0,,3.695,港股主板
00370,-18.90608916367662,,3.1801,30,-19.31,False,0.001,1.064,3146438986.0,0.188,28.76,,-77.64,591530529.0,,591530529.0,,6000.0,-33.910383958532364,-99.07,-1.05,-28.301212100168748,26295548.0,-0.045,827769600000.0,-0.0566,-2968458.0,153520000.0,48.09,0.862,1145.0,4.88,,,港仔机器人,-3.323,,3146438986.0,,0.233,港股主板
01563,,,0.2507,30,2.42,False,0.001,0.078,1690914000.0,0.127,7.26,0.7694,-29.83,214746078.0,,214746078.0,,1000.0,1.8276489033576968,-83.29,0.0,,245.0,0.003,1552579200000.0,0.0301,0.0,2000,0.01,0.0769,1143.0,0.0,,-2.35,友联国际教育租赁,4.2175,,1690914000.0,,0.124,港股主板
00809,-63.2926039234166,,0.2971,30,0.0,False,0.005,,1678821152.0,0.37,,202.8705,-43.08,621163826.0,,621163826.0,,10000.0,-6.894682498709344,-94.39,0.0,2.047951417497984,3600.0,0.0,984672000000.0,0.062,0.0,10000.0,0.05,-0.7629,1142.0,0.0,,16.67,大成生化科技,5.963,,1678821152.0,,0.37,港股主板
08198,68.77435157190797,,18.4247,30,8.7,False,0.005,5.767,784229253.0,1.0,15.76,,-61.83,784229253.0,,784229253.0,,4000.0,-116.16646153522474,,0.0,15.405882430390472,87640.0,0.08,1021564800000.0,-0.1408,0.0,88000,1.85,3.3232,1142.0,0.01,,,加幂科技,-7.1017,,784229253.0,,0.92,港股GEM
02416,,,0.8271,30,0.71,False,0.005,0.9229,486668540.0,2.85,4.59,4.1496,30.14,1387005339.0,,1387005339.0,,500.0,16.35522558791517,-69.87,0.0,11.659618032363927,260562.5,0.02,1684944000000.0,0.5192,-152755.0,92500.0,3.55,0.8329,1141.0,0.02,,-3.04,易点云,5.4896,,486668540.0,,2.83,港股主板
00679,-61.04987605791212,,2.0763,30,-8.86,False,0.005,0.9963,378733400.0,3.705,12.67,19.729,292.44,1403207247.0,,1403207247.0,1.08,5000.0,-3.329144424452014,-82.21,0.14,29.166471744650877,3124950.0,-0.36,665251200000.0,-0.1249,0.0,840000,3.0,0.9963,1138.0,0.22,,,亚洲联网科技,-29.6655,,378733400.0,,4.065,港股主板
02692,-2.2283190704102673,,4.0982,30,-11.56,False,0.02,1.3938,25925900.0,30.46,14.23,29.207,-56.97,789702914.0,,8136484338.0,1.53,100.0,,-60.68,-0.65,13.873108798475453,25420913.7,-3.98,1772985600000.0,0.9217,-1096048.0,796800,8.38,1.381,1135.0,3.07,,2.41,兆威机电,33.0493,,267120300.0,,34.44,港股主板
01745,-18.498504475477052,,0.2038,30,-0.17,False,0.005,0.1019,50616020.0,2.995,3.5,0.3692,-40.1,151594980.0,,151594980.0,,2000.0,6.606188711452317,-96.46,0.0,5.503237276993955,117340.4,-0.005,1579190400000.0,1.7915,0.0,39920.0,1.59,0.1019,1135.0,0.08,,-10.38,驴迹科技,1.6718,,50616020.0,,3.0,港股主板
06033,,,0.13132575996038093,30,0.0,False,0.005,,403753000.0,0.465,,1.453518302029946,-29.42,187745145.0,,187745145.0,6.45,1000.0,-7.3640738107097174,,0.0,-2.3525628385929864,,0.0,1401379200000.0,-0.0848,0.0,,,0.4237,1134.0,,,,电讯数码控股,-5.4853,,403753000.0,,0.465,港股主板
03633,-2.624087924525731,,0.616,30,1.13,False,0.005,0.9258,2687965157.0,2.675,2.08,4.4126,-1.95,7190306795.0,,7190306795.0,1.12,1000.0,2.930654701924471,,0.56,-5.589315791460258,2476232.18,0.03,991670400000.0,0.0848,258395.0,928908.0,1.59,0.9055,1132.0,0.03,,,中裕能源,31.5445,,2687965157.0,,2.645,港股主板
00403,,,0.1203,30,-0.53,False,0.001,0.1678,500633288.0,0.188,4.23,,22.08,94119058.0,,94119058.0,,2000.0,-19.397535456184144,-15.12,2.17,-5.3684958371503,154820.0,-0.001,731088000000.0,-0.21,-54096.0,834000.0,4.41,0.1866,1132.0,0.17,,,星光集团,-0.8952,,500633288.0,,0.189,港股主板
00078,,,0.1354,30,0.0,False,0.005,0.0522,898782333.0,0.42,1.19,0.2598,-26.32,377488580.0,,377488580.0,,2000.0,-6.487635187265664,,1.2,16.728717541854255,37600.0,0.0,599414400000.0,-0.5333,0.0,90000.0,0.98,0.0522,1132.0,0.01,,,富豪酒店,-0.7876,,898782333.0,,0.42,港股主板
02210,-17.91575626199011,,0.10469484446623872,30,0.0,False,0.005,,36667200.0,2.0,,1.2482633599155724,-21.45,73334400.0,,293334400.0,5.65,400.0,6.5039811045227784,-68.52,0.0,13.126375828648772,,0.0,1636473600000.0,0.4409,0.0,,,0.287,1132.0,,,-0.24,京城佳业,4.5359,,146667200.0,,2.0,港股主板
00217,46.10958897142825,,0.9372,30,0.0,False,0.001,0.2167,5964635045.0,0.112,8.04,,-6.35,668039125.0,,668039125.0,2.68,2000.0,2.749699036243434,,0.0,8.9207902933929,237980.0,0.0,599414400000.0,0.0137,-203400.0,2114000.0,10.84,0.2167,1128.0,0.04,,,中国诚通发展集团,8.1697,,5964635045.0,,0.112,港股主板
01652,-42.3114588810225,,2.2005,30,-0.53,False,0.005,1.7318,739301000.0,0.935,0.53,6.5718,16.88,691246435.0,,691246435.0,,1000.0,-0.6709450732347239,-59.18,0.0,-20.876735901877797,76880.0,-0.005,1531238400000.0,-0.0048,0.0,82000.0,0.85,1.7372,1125.0,0.01,,20.19,福森药业,-193.6429,,739301000.0,,0.94,港股主板
00738,5.206504567968762,,1.0031,30,3.45,False,0.005,0.4194,680651060.0,0.3,8.62,,25.0,204195318.0,,204195318.0,,2000.0,-13.159370704276643,100.0,0.0,-24.409545667298772,18800.0,0.01,724003200000.0,-0.0982,0.0,64000.0,0.86,0.4319,1124.0,0.01,,,莱尔斯丹,-3.0561,,680651060.0,,0.29,港股主板
01862,-1.6498386612933569,,0.00576085390449906,30,0.0,False,0.001,,1538813213.0,0.016,,0.038544105514461274,14.29,24621011.0,,24621011.0,,1000.0,113.36987280841917,-99.42,,-43.77975165668637,,0.0,1383148800000.0,-2.4683,146053.0,,,-0.0046,1124.0,,,0.0,景瑞控股,-0.0065,,1538813213.0,,0.016,港股主板
01727,-64.60769127627417,,0.0305,30,4.82,False,0.001,0.0651,461383500.0,0.239,10.09,,-37.11,110270657.0,,420970657.0,,500.0,-11.512880858511808,-93.87,0.0,-35.46517911601583,10272.0,0.011,1513267200000.0,-0.4324,0.0,45500,0.53,0.0653,1122.0,0.01,,0.0,河北建设,-0.5528,,1761383500.0,,0.228,港股主板
08356,,,0.05844496757204857,30,-3.03,False,0.005,,74908184.0,0.32,,6.7219907459338195,-9.86,23970619.0,,23970619.0,,2000.0,-20.471592668902087,-98.54,0.0,-6.1681751015051915,,-0.01,1283097600000.0,0.1015,0.0,,,-0.7192,1121.0,,,0.0,进业控股,3.1536,,74908184.0,,0.33,港股GEM
01140,248.04962828178122,,19.2912,30,-7.62,False,0.001,0.1122,11657280502.0,0.097,9.52,,-50.1,1130756209.0,,1130756209.0,,4000.0,46.65703891919961,-68.6,0.0,4.076627756868323,191060.0,-0.008,1048089600000.0,0.5294,0.0,1928000,2.06,0.0685,1112.0,0.02,,-1.85,华科智能投资,0.1832,,11657280502.0,,0.105,港股主板
02650,121.53741675015391,,3.0062,30,4.04,False,0.005,6.4717,341740235.0,6.69,15.24,,-83.44,2286242172.0,,2286242172.0,,50.0,,-82.39,-0.52,-2.5368392907484827,350110700.9,0.26,1760025600000.0,-0.8318,-8465031.5,49898100,8.89,4.0604,1111.0,14.6,,192.14,挚达科技,-8.043,,341740235.0,,6.43,港股主板
06687,,,3.5618,30,-1.88,False,0.01,3.7693,422801100.0,11.5,6.31,13.1486,-63.14,4862212650.0,,4862212650.0,,100.0,119.84832265073244,-69.74,-0.78,24.38884138562305,6388222.0,-0.22,1760976000000.0,-3.9734,-579832.0,538100.0,7.41,3.6644,1110.0,0.13,,23.86,聚水潭,-2.8942,,422801100.0,,11.72,港股主板
00954,-47.061237009012494,,0.2301,30,29.55,False,0.001,0.2554,183700000.0,0.285,33.64,2.7659,0.0,52354500.0,,150964500.0,,4000.0,-8.585155843815807,,0.0,-2.4029087248085834,51184.0,0.065,1025193600000.0,-0.0977,0.0,196000,1.34,0.2562,1106.0,0.11,,,常茂生物,-2.9169,,529700000.0,,0.22,港股主板
00399,,,105.48010537918871,30,0.0,False,0.001,,3277107928.0,0.073,,36.54581102963642,-14.12,239228879.0,,239228879.0,,5000.0,18.430018749647942,-99.81,,-14.449526839171911,,0.0,966960000000.0,-0.1721,-548740.0,,,-0.3052,1105.0,,,,星太链集团,-0.4243,,3277107928.0,,0.073,港股主板
06968,,,0.0638,30,-5.38,False,0.001,0.0728,1621799000.0,0.088,0.0,0.074,20.55,142718312.0,,142718312.0,,1000.0,-58.60530529555328,-97.65,0.0,-56.350276155325794,13552.0,-0.005,1594742400000.0,-0.9813,0.0,154000.0,0.32,0.073,1104.0,0.01,,-0.25,港龙中国地产,-0.0897,,1621799000.0,,0.093,港股主板
01900,-66.70142175021354,,0.2122,30,-2.67,False,0.001,0.1188,1720185862.0,0.146,6.67,1.8504,-41.6,251147136.0,,251147136.0,,1000.0,-13.76623765420511,-95.45,0.0,12.672387014513387,1852.0,-0.004,1279123200000.0,-0.177,0.0,12000.0,0.04,0.1192,1099.0,0.0,,0.0,中国智能交通,-0.8248,,1720185862.0,,0.15,港股主板
00915,-73.33643544630937,,0.2473,30,-6.38,False,0.001,0.5251,1509592701.0,0.044,10.64,,-12.0,66422079.0,,66422079.0,,1000.0,3.526124795272809,,0.0,-6.026202329336527,7177.0,-0.003,1020960000000.0,0.0029,0.0,163000,0.94,0.5253,1097.0,0.01,,,道和环球,15.4184,,1509592701.0,,0.047,港股主板
01304,28.88439578198472,,12.3637,30,-4.99,False,0.1,2.2474,21556000.0,118.0,4.67,79.373,-14.58,2543608000.0,,13583461440.0,0.77,100.0,7.6635160699740394,-9.22,-0.51,41.17531113693853,34658370.0,-6.2,1751990400000.0,3.008,-2530060.0,287200,3.8,2.2544,1096.0,1.33,,16.02,FORTIOR,39.2288,,115114080.0,,124.2,港股主板
01720,162.53687306507055,,0.3025,30,-7.81,False,0.005,0.4247,1100000000.0,0.295,9.38,3.783,154.31,324500000.0,,324500000.0,,4000.0,9.544227183660807,-78.62,1.72,26.91775032081074,553960.0,-0.025,1510156800000.0,0.0628,0.0,1840000,0.96,0.426,1096.0,0.17,,121.21,普天通信集团,4.6974,,1100000000.0,,0.32,港股主板
01281,,,1.0411591309329848,30,0.0,False,0.001,,1484604000.0,0.091,,15.229282380791343,-18.75,135098964.0,,135098964.0,,1000.0,1.6283287212116544,-88.64,0.0,-4.508222222277281,,0.0,1326297600000.0,0.0099,0.0,,,0.1414,1095.0,,,0.0,鑫达投资控股,9.1693,,1484604000.0,,0.091,港股主板
08173,35.1851349343965,,0.5896233478531425,30,0.0,False,0.001,,215346526.0,0.11,,8.447973609129814,-6.78,23688118.0,,23688118.0,,20000.0,-30.15939681206376,-100.0,0.0,4.219734395190411,,0.0,1020873600000.0,-0.035,0.0,,,1.1163,1089.0,,,0.0,客思控股,-3.1417,,215346526.0,,0.11,港股GEM
09936,58.1839372673062,,1.5896,30,-2.12,False,0.01,2.1103,414100000.0,12.01,6.68,84.3279,85.31,4973341000.0,,4973341000.0,0.55,500.0,16.07840549222858,511.88,0.0,34.48814391333417,15302365.0,-0.26,1583942400000.0,0.7334,-2292060.0,1259500,1.01,2.1156,1086.0,0.3,,-8.97,稀美资源,16.376,,414100000.0,,12.27,港股主板
01081,41.80803112696654,,3.416,30,-0.29,False,0.02,1.5367,102336500.0,34.62,8.35,9.2022,-47.68,3542889630.0,,25621772092.0,0.3,100.0,,-47.68,-1.14,17.784773245896535,276667141.34,-0.1,1780588800000.0,1.7881,-9525078.780000001,7909900.0,3.91,1.5272,1085.0,7.73,,0.0,大金重工,19.3615,,740085849.0,,34.72,港股主板
00381,,,0.2696,30,-5.26,False,0.001,0.2571,1330424526.0,0.054,14.04,0.888,-74.88,71842924.0,,71842924.0,,20000.0,-50.65922968930284,-99.99,0.0,-13.305058124704361,389900.0,-0.003,980092800000.0,-0.1005,0.0,7320000.0,1.02,0.2147,1083.0,0.55,,,权识国际,-0.5374,,1330424526.0,,0.057,港股主板
00205,,,1.9946,30,-1.03,False,0.005,2.258,1251214095.0,0.48,1.03,482.7836,-28.36,600582766.0,,600582766.0,,10000.0,2.053962578303058,-96.34,0.0,149.60087805368124,10064.0,-0.005,726163200000.0,0.0036,0.0,20900,0.22,2.258,1081.0,0.0,,,BFB HEALTH,133.0194,,1251214095.0,,0.485,港股主板
01196,,,36.8459,30,-8.72,False,0.005,11.2571,5769239520.0,3.56,7.69,,6.19,20538492691.0,,20538492691.0,,1000.0,-41.612199970026396,6566.67,-2.06,-11.339820676951328,107000817.5,-0.34,853689600000.0,-0.1518,-25585180.0,29008950,2.51,11.2571,1079.0,0.5,,,伟禄科技股份,-23.4454,,5769239520.0,,3.9,港股主板
03689,-8.88287244971837,,0.27800957910488194,30,5.62,False,0.005,,84394000.0,1.88,,1.6700645274407657,20.75,158660720.0,,628660720.0,9.95,200.0,6.536112391088281,-78.9,0.0,-1.798453774422748,,0.1,1478534400000.0,0.3274,0.0,,,0.3656,1076.0,,,-7.83,康华医疗,5.7421,,334394000.0,,1.78,港股主板
00132,-24.158795623678376,,0.2705,30,-9.33,False,0.001,0.1859,1712329142.0,0.136,4.67,,-43.43,232876763.0,,232876763.0,4.41,1000.0,0.9964530467128797,,0.0,-3.0538816604847474,172012.0,-0.014,106502400000.0,0.0069,0.0,1247000,1.97,0.1859,1073.0,0.07,,,兴业控股,19.6107,,1712329142.0,,0.15,港股主板
08017,31.29049812166005,,4.0803,30,0.0,False,0.005,2.2666,700002400.0,1.015,4.43,23.0516,-29.51,710502436.0,,710502436.0,,4000.0,20.39103180770903,126.97,0.0,23.945542430871434,554310.5,0.0,1538064000000.0,0.0851,0.0,544130.0,0.94,1.7724,1072.0,0.08,,-27.34,捷利交易宝,11.9288,,700002400.0,,1.015,港股GEM
00618,22.64805456316996,,0.4424,30,0.0,False,0.005,0.9729,2737417279.0,0.285,5.26,3.1867,42.5,780163925.0,,780163925.0,,8000.0,-535.1605270935886,-93.7,0.0,-33.07004633823926,47880.0,0.0,686764800000.0,0.7395,0.0,160000.0,0.51,1.1681,1069.0,0.01,,,北大资源,0.3854,,2737417279.0,,0.285,港股主板
01303,-57.09508194484456,,0.1338,30,-2.1,False,0.001,0.2327,2103141290.0,0.14,0.0,,-40.43,294439781.0,,294439781.0,,2000.0,1.2960979257655962,-90.36,2.94,-16.03657572398761,4020.0,-0.003,1326297600000.0,0.008,0.0,30000,0.25,0.2334,1065.0,0.0,,0.0,汇力资源,17.4496,,2103141290.0,,0.143,港股主板
00346,,,0.0179,30,1.74,False,0.001,0.507,1100102803.0,0.234,8.26,,-35.89,257424056.0,,257424056.0,,5000.0,-85.5946078047909,-98.89,0.0,-24.001489103488293,22293.0,0.004,987609600000.0,-0.7012,0.0,91000.0,3.49,0.507,1065.0,0.01,,,延长石油国际,-0.3337,,1100102803.0,,0.23,港股主板
03798,-47.761887330188316,,1.248,30,0.0,False,0.005,0.795,1260829500.0,1.385,9.03,12.0486,-0.36,1746248858.0,,1746248858.0,,2000.0,3.169664802035953,-20.92,0.0,-13.416435482487321,55140.0,0.0,1562169600000.0,0.0558,0.0,40000.0,0.38,0.7742,1065.0,0.0,,26.67,家乡互动,24.8152,,1260829500.0,,1.385,港股主板
01739,18.363367832368873,,0.14193341481267419,30,0.0,False,0.001,,1145011090.0,0.125,,,-45.65,143126386.0,,143126386.0,,500.0,-10.571092237350728,-96.54,0.0,-11.961004569951362,,0.0,1531324800000.0,-0.0841,0.0,,,0.1689,1060.0,,,-7.01,齐屹科技,-1.4869,,1145011090.0,,0.125,港股主板
01163,,,0.3999,30,13.17,False,0.001,0.7424,896400000.0,0.189,12.57,11.1445,18.13,169419600.0,,169419600.0,,2500.0,2.613639172454705,-82.0,0.0,11.00407883024812,44760.0,0.022,1594310400000.0,0.0067,0.0,250000,3.52,0.7448,1058.0,0.03,,24.42,虎视传媒,28.329,,896400000.0,,0.167,港股主板
08283,227.89028516200767,,0.4595776976616752,30,0.0,False,0.001,,345600000.0,0.142,,,-70.72,49075200.0,,49075200.0,,5000.0,-29.01063998729554,-99.71,0.0,-9.234933263966006,,0.0,1478534400000.0,-0.0793,0.0,,,0.3723,1057.0,,,-4.8,中食民安,-1.7901,,345600000.0,,0.142,港股GEM
02443,17.222061161677928,,3.9195,30,2.8,False,0.005,0.8711,832662428.0,1.1,14.49,24.2303,-58.8,915928671.0,,915928671.0,,200.0,-1.4912792864756976,-92.41,0.46,-33.52075022450093,149648.0,0.03,1717084800000.0,-0.019,0.0,140400.0,0.65,0.8739,1056.0,0.02,,26.86,汽车街,-57.7473,,832662428.0,,1.07,港股主板
00626,278.7973517434681,,1.6335,30,0.0,False,0.005,0.3043,1097917618.0,2.155,0.93,1.857,68.7,2366012467.0,,2366012467.0,4.18,2000.0,1.3185143511888893,598.99,-0.23,,4539620.0,0.0,686419200000.0,0.0932,1905120.0,2102000.0,1.39,0.3043,1046.0,0.19,,,大众金融控股,23.1334,,1097917618.0,,2.155,港股主板
01270,,,3.7875,30,-2.22,False,0.005,0.1627,3546270835.0,0.44,2.22,8.4034,-5.82,1560359167.0,,1560359167.0,7.27,2000.0,3.5864508330356495,-82.27,0.0,-6.222431668916217,309834.975,-0.01,1369843200000.0,0.0956,0.0,698955,0.86,0.1627,1045.0,0.02,,0.0,朗廷-SS,4.6036,,3546270835.0,,0.45,港股主板
00550,,,1.4357,30,2.56,False,0.005,3.5217,455534000.0,0.4,7.69,,233.33,182213600.0,,182213600.0,,2000.0,21.380841547520728,-46.31,0.0,90.60194664655587,425740.0,0.01,1185120000000.0,0.0219,0.0,1106000,0.41,3.5217,1044.0,0.24,,-3.73,律齐文化,18.2817,,455534000.0,,0.39,港股主板
00574,-28.50022085322671,,0.37081931773473187,30,0.0,False,0.001,,1990576062.0,0.018,,,-40.79,35830369.0,,35830369.0,,2000.0,11.165528823978846,-97.94,,6.539101767813227,,0.0,1434643200000.0,-0.0089,0.0,,,-0.2213,1044.0,,,0.0,百信国际,-2.0301,,1990576062.0,,0.018,港股主板
08328,59.15197822819531,,0.3347383306717207,30,0.0,False,0.005,,785533629.0,0.42,,,-25.0,329924124.0,,329924124.0,,4000.0,-9.51370530678796,-62.93,0.0,-13.18905229484253,,0.0,1468166400000.0,-0.1139,164978.0,,,0.3733,1041.0,,,3.33,信义储电,-3.6884,,785533629.0,,0.42,港股GEM
00987,,,3.5542,30,-3.21,False,0.001,0.2813,2506157464.0,0.211,2.29,2.8859,88.9,528799225.0,,528799225.0,16.59,2000.0,-1.1273979288685172,-65.43,-0.94,-10.647643947378672,141844.67,-0.007,1023120000000.0,-0.0085,0.0,670735.0,1.09,0.2813,1040.0,0.03,,0.0,中国再生能源投资,-24.8835,,2506157464.0,,0.218,港股主板
02368,-15.982779747155373,,0.3311,30,-1.86,False,0.005,0.844,574180000.0,2.895,3.39,2.682,-18.55,1662251100.0,,1662251100.0,8.98,2000.0,9.60447365763293,1247.14,0.0,7.409864971778712,211170.0,-0.055,1061481600000.0,0.3023,0.0,72000.0,3.46,0.8938,1039.0,0.01,,0.0,鹰美,9.5777,,574180000.0,,2.95,港股主板
01326,111.92470018620253,,0.2715918888544412,30,0.0,False,0.001,,2595613733.0,0.027,,1.7924133865316247,0.0,70081571.0,,70081571.0,,8000.0,230.77211293991704,,,-43.16596552133702,,0.0,1351612800000.0,-0.1295,0.0,,,-0.2826,1039.0,,,,传递娱乐,-0.2085,,2595613733.0,,0.027,港股主板
00209,55.18020920268884,,0.1544,30,-1.2,False,0.005,,148567180.0,0.41,2.41,,-73.02,60912544.0,,60912544.0,,1000.0,79.0618504263406,-99.79,0.0,-7.535240141842481,146730.0,-0.005,1015344000000.0,-0.6644,0.0,354000.0,0.41,-0.8025,1038.0,0.24,,0.0,万维智能科技,-0.6171,,148567180.0,,0.415,港股主板
00983,,,0.0423,30,-10.63,False,0.005,0.1259,373346164.0,0.715,9.38,0.8239,116.67,266942507.0,,266942507.0,,2000.0,1.0319410319410318,-86.48,0.0,-10.712732065310227,111150.0,-0.085,854899200000.0,0.0562,0.0,152000,0.22,0.1259,1036.0,0.04,,,瑞安建业,12.7115,,373346164.0,,0.8,港股主板
03322,,,0.07185285293243,30,0.0,False,0.001,,1284400000.0,0.209,,0.8612501042716066,-3.24,268439600.0,,268439600.0,,2000.0,-10.401632885466991,-84.39,3.47,4.171355008017641,,0.0,1157472000000.0,-0.1041,0.0,,,0.2165,1030.0,,,0.0,永嘉集团,-2.0075,,1284400000.0,,0.209,港股主板
00655,153.04288627009362,,24.3622,30,2.7,False,0.005,0.093,1998280097.0,0.38,8.11,21.6043,26.67,759346437.0,,759346437.0,,2000.0,-18.525520924294756,-1.27,0.0,-33.49768029268567,1145193.325,0.01,718819200000.0,-0.831,0.0,3064947.0,11.14,0.093,1029.0,0.15,,,香港华人有限公司,-0.4573,,1998280097.0,,0.37,港股主板
00289,,,4.2648,30,-0.47,False,0.01,0.2271,288001000.0,12.83,1.24,168.1557,-0.83,3695052830.0,,3695052830.0,7.72,1000.0,-1.6458730973319655,,0.0,-5.847534460513892,423790.0,-0.06,599414400000.0,-0.9429,0.0,33000.0,1.75,0.2271,1029.0,0.01,,,永安百货,-13.6066,,288001000.0,,12.89,港股主板
02511,-31.838855717794623,,,30,-3.45,False,0.005,11.6723,670035668.0,3.36,7.18,,13.9,2251319844.0,,2251319844.0,,500.0,-112.22259987233585,-71.81,-0.59,,1130845.0,-0.12,1703174400000.0,-0.4622,-344520.0,328000.0,3.15,5.3853,1027.0,0.05,,7.65,君圣泰医药-B,-7.2697,,670035668.0,,3.48,港股主板
02181,,,2.346837014477781,30,0.0,False,0.005,,4124080000.0,0.5,,16.526066920456824,0.0,2062040000.0,,2062040000.0,,2000.0,58.48650495387769,-66.67,0.0,120.75850599744786,,0.0,1559232000000.0,0.0234,0.0,,,9.24,1026.0,,,-19.33,迈博药业-B,21.3324,,4124080000.0,,0.5,港股主板
00994,19.963712147120383,,4.9466,30,0.0,False,0.005,1.8067,1291006000.0,0.3,10.0,,1.69,387301800.0,,387301800.0,,4000.0,-20.82541598785374,-76.92,0.0,-46.72748731947998,699920.0,0.0,1500220800000.0,-0.0262,0.0,2492000.0,2.4,1.8067,1026.0,0.19,,-13.85,中天宏信,-11.4549,,1291006000.0,,0.3,港股主板
02408,54.00867810118717,,1.3806,30,1.23,False,0.005,3.1696,710689300.0,4.12,3.81,5.2318,-7.66,2928039916.0,,2928039916.0,0.85,500.0,26.46491696779875,-16.9,0.0,39.37340872433899,471312.5,0.05,1764864000000.0,0.201,0.0,114500.0,0.74,3.1795,1026.0,0.02,,-27.84,遇见小面,20.4938,,710689300.0,,4.07,港股主板
00036,-92.27634643211302,,7.070529115517784,30,0.0,False,0.001,,326735577.0,0.275,,,74.05,89852284.0,,89852284.0,,6000.0,-200.362218849179,,,14.003259093222908,,0.0,98294400000.0,-0.1778,0.0,,,316.3813,1025.0,,,,远东控股国际,-1.547,,326735577.0,,0.275,港股主板
00984,23.641567970914966,,0.0088,30,-3.7,False,0.005,,260000000.0,0.26,0.0,0.1162,-34.18,67600000.0,,67600000.0,,500.0,34.637252968285225,-67.49,0.0,-4.15401392617375,5200.0,-0.01,760291200000.0,-1.3306,0.0,20000.0,0.96,-0.054,1024.0,0.01,,,永旺,-0.1954,,260000000.0,,0.27,港股主板
02230,5.560795181025813,,0.5588,30,-6.74,False,0.001,0.5472,1992000000.0,0.18,6.74,,-21.36,358560000.0,,358560000.0,8.33,5000.0,8.893718473239693,-28.97,-1.1,10.627335958227913,327510.0,-0.013,1558368000000.0,0.0281,0.0,1790000,11.0,0.5583,1024.0,0.09,,-31.11,羚邦集团,6.4143,,1992000000.0,,0.193,港股主板
00204,89.3785859183295,,,30,0.0,False,0.001,,249055128.0,0.09,,,-67.27,22414962.0,,22414962.0,,5000.0,-18.600849060202616,-99.99,,,,0.0,976550400000.0,-0.7843,0.0,,,0.0603,1024.0,,,0.0,资本界金控,-0.1148,,249055128.0,,0.09,港股主板
09600,11.550172961362804,,0.4317,30,0.0,False,0.001,0.2131,997864480.0,0.127,0.0,,-37.13,126728789.0,,126728789.0,,800.0,-26.329758586797,-96.85,0.0,-7.183812801759459,711.2,0.0,1609862400000.0,-0.177,0.0,5600.0,0.02,0.2125,1022.0,0.0,,-5.96,新纽科技,-0.7174,,997864480.0,,0.127,港股主板
02324,,,0.6086,30,3.23,False,0.001,0.179,900256498.0,0.096,2.15,,-27.71,86424624.0,,86424624.0,,10000.0,33.13883770022642,-99.98,0.0,,12240.0,0.003,1067184000000.0,0.1441,0.0,130000,0.67,0.179,1020.0,0.01,,-3.0,首都创投,0.6661,,900256498.0,,0.093,港股主板
00361,,,0.9862,30,-2.33,False,0.001,0.8903,5851250000.0,0.042,6.98,,-50.0,245752500.0,,245752500.0,,20000.0,-2.9147036868719063,230.71,0.0,13.465914743307827,7800.0,-0.001,977241600000.0,-0.0012,0.0,180000.0,0.08,0.8903,1018.0,0.0,,0.0,汉成发展控股,-34.6765,,5851250000.0,,0.043,港股主板
02399,104.19838739060694,,6.3911,30,0.0,False,0.005,3.4966,3571394000.0,0.335,2.99,,-50.74,1196416990.0,,1196416990.0,,1000.0,-103.2326892170943,-60.52,0.0,-26.89789288571959,294440.0,0.0,1405440000000.0,-0.1074,0.0,884000.0,0.19,3.5075,1016.0,0.02,,0.0,中国安储能源,-3.1204,,3571394000.0,,0.335,港股主板
06866,-18.940013014949177,,1.92,30,-1.96,False,0.001,0.1242,300000000.0,0.25,9.02,5.9662,-15.25,75000000.0,,295000000.0,,2000.0,2.6904532185900822,-63.09,0.0,,9124.0,-0.005,1421078400000.0,0.0529,0.0,36000.0,1.21,0.1245,1016.0,0.01,,0.0,佐力科创,4.7257,,1180000000.0,,0.255,港股主板
00034,-25.932681007596724,,1.584,30,-4.15,False,0.005,0.3343,1306206058.0,4.5,4.79,4.7189,7.85,5877927261.0,,5877927261.0,5.33,1000.0,0.7785166398279743,306.87,0.0,-6.318335281840682,739681.96,-0.195,804787200000.0,0.1047,0.0,158821.0,1.04,0.3343,1014.0,0.01,,,九龙建业,42.9937,,1306206058.0,,4.695,港股主板
01909,,,2.8984,30,0.86,False,0.005,3.9169,242821041.0,1.76,5.16,,10.0,427365032.0,,427365032.0,,2000.0,-62.54119405737805,,0.0,3.2920840255111106,19420.5,0.015,1455724800000.0,-0.2653,0.0,11200,0.87,3.9169,1013.0,0.0,,,火岩控股,-6.6331,,242821041.0,,1.745,港股主板
02609,,,3.0153,30,-0.34,False,0.005,2.2171,1318466823.0,2.955,3.2,13.0159,-22.64,3896069462.0,,3896069462.0,,600.0,1.91125207680498,-43.71,-0.67,2.029679670267348,4230342.0,-0.01,1750608000000.0,0.0247,-22140.0,1431600.0,1.32,2.224,1013.0,0.11,,42.18,佰泽医疗,119.8655,,1318466823.0,,2.965,港股主板
00331,-7.307483347725585,,0.3051,30,1.13,False,0.005,1.7392,450000000.0,5.38,1.22,5.9182,-1.4,2421000000.0,,2421000000.0,6.95,1000.0,29.47755650310472,443.16,0.09,0.712031099414312,1145519.75,0.06,1449676800000.0,0.9105,-187600.0,213350.0,1.03,1.5938,1005.0,0.05,,74.58,丰盛生活服务,5.9091,,450000000.0,,5.32,港股主板
00180,56.60705038742431,,0.5673898191272307,30,0.0,False,0.001,,950587991.0,0.208,,5.060330714303995,8.33,197722302.0,,197722302.0,,2000.0,-13.815135901722158,,0.0,-2.6089642043424566,,0.0,485712000000.0,-0.2494,0.0,,,0.124,1001.0,,,,开达集团,-0.8339,,950587991.0,,0.208,港股主板
00771,,,0.2333166310547497,30,0.0,False,0.005,,839429492.0,0.72,,3.7702692010180656,5.94,604389234.0,,604389234.0,18.06,2000.0,-11.962064051951693,433.33,0.0,2.9578382083207844,,0.0,878659200000.0,-0.305,0.0,,,0.3095,999.0,,,,自动系统,-2.3605,,839429492.0,,0.72,港股主板
00062,-49.15705131461387,,0.542,30,-0.23,False,0.005,0.2689,536397661.0,8.51,0.82,2.9429,-15.63,4564744095.0,,4564744095.0,5.86,400.0,1.3824044574189054,,0.0,2.1436777565854825,314530.985,-0.02,-273657600000.0,0.4348,0.0,36869.0,1.07,0.2689,997.0,0.01,,,载通,19.5725,,536397661.0,,8.53,港股主板
89618,-16.503871727347153,,0.196,30,0.28,False,0.05,1.163,2496519005.0,89.65,0.45,5.0193,-10.31,223812928798.0,,252660149708.0,4.38,50.0,6.629948148911664,-35.72,-0.06,6.703676881527532,193560.0,0.25,1687104000000.0,6.1332,0.0,2150.0,1.09,1.1531,994.0,0.0,105.2,-1.4,京东集团-SWR,14.6171,09618,2818295033.0,,89.4,港股主板
01576,-14.547635801654602,,1.2466,30,2.38,False,0.005,0.4824,2000000000.0,1.72,2.98,1.3073,4.18,3440000000.0,,3440000000.0,8.14,1000.0,5.6002192484691475,39.87,0.0,-23.86158750326245,229685.0,0.04,1531929600000.0,0.1959,0.0,135000,3.97,0.4837,994.0,0.01,,-8.8,齐鲁高速,8.7779,,2000000000.0,,1.68,港股主板
00814,32.81819127675334,,0.01225114302303761,30,0.0,False,0.001,,182160000.0,0.265,,,-15.87,48272400.0,,109238300.0,,1000.0,-15.003943034745093,-89.77,0.0,-8.193338288214003,,0.0,1203955200000.0,-0.4786,0.0,,,0.0906,992.0,,,-4.74,北京京客隆,-0.5537,,412220000.0,,0.265,港股主板
00351,,,12.2081,30,-18.57,False,0.005,4.2797,1994975244.0,0.285,7.14,,-1.72,568567945.0,,568567945.0,,10000.0,-10.794592013455823,-98.5,0.0,-40.44223578823457,32372.0,-0.065,714067200000.0,-0.0076,0.0,107400,0.41,4.2797,991.0,0.01,,,亚洲能源物流,-37.5391,,1994975244.0,,0.35,港股主板
01020,44.1949994832491,,16.8944,30,-2.46,False,0.001,7.3921,5983182005.0,0.238,4.92,19.4695,20.81,1423997317.0,,1423997317.0,,4000.0,-82.38014674782545,-68.03,0.85,-7.313283540021509,2918124.0,-0.006,1278432000000.0,-0.0169,0.0,12338400,0.93,7.3966,986.0,0.21,,0.0,中细软科技,-14.0503,,5983182005.0,,0.244,港股主板
08271,,,2.0357,30,5.63,False,0.001,0.2856,1503309540.0,0.075,39.44,,15.38,112748216.0,,112748216.0,,2000.0,-2.314328870228617,-88.33,0.0,-8.433860861214015,30724.0,0.004,1059926400000.0,-0.006,0.0,336000.0,8.41,0.2856,985.0,0.02,,0.0,环球数码创意,-12.4721,,1503309540.0,,0.071,港股GEM
02237,-42.39309252085515,,1.8374,30,2.72,False,0.001,0.607,1600000000.0,0.189,8.15,6.0988,-48.22,302400000.0,,302400000.0,,10000.0,1.6163561405640885,-56.66,0.0,-14.48683993886849,20560.0,0.005,1658073600000.0,0.0044,0.0,110000.0,0.97,0.6089,984.0,0.01,,143.08,中国石墨,42.7694,,1600000000.0,,0.184,港股主板
01025,13.431769270982974,,0.8898,30,-2.5,False,0.001,1.7591,447367440.0,0.195,0.0,,-12.83,87236651.0,,87236651.0,,8000.0,-104.98131861815256,-98.21,0.0,11.010187379316427,685872.0,-0.005,1551283200000.0,-0.1021,299376.0,3464000,0.73,1.2771,979.0,0.77,,8.16,嘉艺控股,-1.9106,,447367440.0,,0.2,港股主板
08153,-49.251017245243474,,0.3112,30,0.0,False,0.005,0.4129,41595175.0,0.565,,,-7.38,23501274.0,,23501274.0,,5000.0,-14.68830202559794,-100.0,0.0,-8.027876085638496,5400.0,0.0,985881600000.0,-0.2112,340500.0,10000.0,0.03,0.3557,979.0,0.02,,-97.5,嘉鼎国际集团,-2.6752,,41595175.0,,0.565,港股GEM
02239,-39.90462751675528,,3.4534489505206247,30,0.0,False,0.005,,324931990.0,1.35,,,63.54,438658187.0,,438658187.0,0.74,1000.0,1.2604065327628213,-58.22,0.0,-7.044410213104301,,0.0,1459267200000.0,0.0367,0.0,,,0.47,977.0,,,-7.35,国微控股,36.821,,324931990.0,,1.35,港股主板
00646,4.1002094581514825,,2.6071,30,-5.46,False,0.001,,342697938.0,0.225,5.46,,84.88,77107036.0,,77107036.0,,8000.0,7.48278431317419,-87.29,0.0,22.482589993101286,1492600.0,-0.013,1017244800000.0,-0.1476,1132880.0,6280000.0,53.31,-0.1041,975.0,1.83,,0.0,中国环保科技,-1.5249,,342697938.0,,0.238,港股主板
01630,-47.46020995931364,,0.4082,30,-8.33,False,0.001,2.7591,1500000000.0,0.209,4.82,197.9167,386.05,313500000.0,,313500000.0,,6000.0,1.5162308822106718,-72.5,0.0,17.39290801967508,58476.0,-0.019,1497542400000.0,0.0011,0.0,270000,0.79,2.7364,973.0,0.02,,42.11,建成控股,181.8445,,1500000000.0,,0.228,港股主板
00422,,,0.4032,30,0.0,False,0.001,0.6686,907680000.0,0.27,9.26,12.5449,-6.9,245073600.0,,245073600.0,,1000.0,6.985988492115782,-89.15,0.0,-12.449796398207425,43580.0,0.0,1198080000000.0,0.0272,0.0,150000.0,2.44,0.6688,971.0,0.02,,0.0,越南制造加工出口,9.9327,,907680000.0,,0.27,港股主板
01183,,,0.2318,30,0.0,False,0.001,1.1352,3980719188.0,0.112,2.68,,-17.04,445840549.0,,445840549.0,,2000.0,2.4821461535273825,-62.23,0.0,12.865171885702775,13513.0,0.0,1518451200000.0,0.0024,0.0,122750.0,0.3,1.1352,968.0,0.0,,9.6,澳能建设,46.4688,,3980719188.0,,0.112,港股主板
02371,,,0.15574440181978272,30,-3.05,False,0.001,,688378950.0,0.159,,,-45.17,109452253.0,,109452253.0,,8000.0,-18.210517763669497,-74.28,0.0,,,-0.005,1100707200000.0,-0.0395,0.0,,,0.7901,968.0,,,0.0,创联控股,-4.0241,,688378950.0,,0.164,港股主板
06106,-9.590576721636223,,10.025,30,-4.87,False,0.05,5.3243,110497300.0,56.65,6.21,,-44.24,6259672045.0,,6259672045.0,,50.0,,-44.24,1.16,43.77562627527058,20806760.0,-2.9,1782230400000.0,-0.3688,1607502.5,361000,3.3,5.341,967.0,0.33,,4.33,仙工智能,-153.6131,,110497300.0,,59.55,港股主板
00171,7.989916379473105,,0.9700115735613344,30,0.0,False,0.001,,2304849611.0,0.038,,,-55.81,87584285.0,,87584285.0,,2000.0,-66.3870958118202,,5.56,-4.386086483649265,,0.0,599414400000.0,-0.4441,0.0,,,0.0829,966.0,,,,银建国际,-0.0856,,2304849611.0,,0.038,港股主板
00632,,,4.1479,30,25.23,False,0.001,0.5046,956353674.0,0.139,40.54,,-23.2,132933161.0,,132933161.0,,2000.0,4.825408678430545,-99.94,-1.42,-52.028021704681905,4383788.0,0.028,1030464000000.0,0.0124,145000.0,32230000,5.64,0.5046,965.0,3.37,,,中港石油,11.1802,,956353674.0,,0.111,港股主板
01808,,,0.1091,30,4.72,False,0.005,0.8874,244888185.0,1.885,13.33,711.4486,-35.45,461614229.0,,461614229.0,,2000.0,12.315235937782074,-99.12,0.0,277.84443270666117,60940.4,0.085,1168444800000.0,0.2342,0.0,36110,1.79,0.8901,963.0,0.01,,0.0,企展控股,8.0496,,244888185.0,,1.8,港股主板
01050,-11.179621303483255,,1.1252,30,-2.09,False,0.005,3.4796,2087675200.0,1.87,5.24,30.7057,-20.92,3903952624.0,,3903952624.0,3.21,2000.0,21.301116046389428,1755.16,0.81,-3.4978875827732847,4751930.0,-0.04,850665600000.0,0.1296,-149600.0,2516000,1.08,2.6705,963.0,0.12,,,嘉利国际,14.4273,,2087675200.0,,1.91,港股主板
01518,,,0.15755933672201727,30,0.0,False,0.001,,490025000.0,0.2,,,-69.7,98005000.0,,98005000.0,,500.0,-32.82927125752143,-97.18,0.0,-19.288507385554077,,0.0,1484668800000.0,-0.3164,0.0,,,0.2476,961.0,,,-2.0,新世纪医疗,-0.632,,490025000.0,,0.2,港股主板
00480,,,0.4964,30,0.0,False,0.005,0.0659,1485301803.0,0.985,2.54,,-7.08,1463022276.0,,1463022276.0,,800.0,-1.1583744777819978,,0.51,20.282061796704753,316522.4,0.0,574012800000.0,-0.1766,0.0,321760.0,1.81,0.0641,958.0,0.02,,,香港兴业国际,-5.5777,,1485301803.0,,0.985,港股主板
00721,-70.89464706603569,,,30,0.0,False,0.001,1.4859,2194326806.0,0.11,0.0,,-57.69,241375949.0,,241375949.0,,10000.0,-6.077796559990068,-97.84,0.0,,18700.0,0.0,991929600000.0,-0.0044,0.0,170000.0,0.81,1.5385,955.0,0.01,,,中国金融国际,-25.2856,,2194326806.0,,0.11,港股主板
00474,,,19.65396884375,30,0.0,False,0.001,,8858126805.0,0.142,,62.8927003,26.79,1257854006.0,,1257854006.0,,6000.0,144.13646055437098,-86.96,0.0,-41.02402537830652,,0.0,1149523200000.0,0.0382,0.0,,,2.7524,954.0,,,0.0,信铭生命科技,3.7215,,8858126805.0,,0.142,港股主板
00653,,,1.1358,30,5.0,False,0.005,1.2972,62495935.0,1.68,8.44,,-52.54,104993171.0,,104993171.0,,5000.0,,,5.0,,1018819.0,0.08,1058284800000.0,0.136,165000.0,626800.0,1.7,0.5916,953.0,1.0,,,卓悦控股,12.3492,,62495935.0,,1.6,港股主板
02526,268.14314056064126,,123.5405,30,21.75,False,0.2,29.0139,88879200.0,292.2,34.17,,195.15,25970502240.0,,25970502240.0,,50.0,,33.42,0.41,55.581309142216995,170966216.0,52.2,1774800000000.0,-1.5509,2491950.0,574340,6.28,29.1046,953.0,0.65,,111.72,德适-B,-188.4024,,88879200.0,,240.0,港股主板
00810,,,160.039,30,4.3,False,0.001,0.8344,712751154.0,0.097,1.08,,3.52,69136862.0,,69136862.0,,6000.0,2.025247971145176,-99.97,0.0,35.46187088571027,11004.0,0.004,1014825600000.0,0.0016,0.0,114000,0.35,0.8344,949.0,0.02,,,中国铸晨81,61.5644,,712751154.0,,0.093,港股主板
01735,-25.738225333876763,,3.2147,30,-7.66,False,0.01,23.1517,4224000000.0,10.12,8.12,,23.26,42746880000.0,,42746880000.0,,1000.0,1.871167965126297,8425.7,0.5,62.30159647312836,208083920.0,-0.84,1522252800000.0,0.007,40359780.0,20070000,0.94,23.1517,948.0,0.48,,0.67,中环新能源,1452.5427,,4224000000.0,,10.96,港股主板
06633,,,4.0082,30,-19.81,False,0.005,0.6911,691330500.0,2.51,0.16,,-19.03,1735239555.0,,1735239555.0,,500.0,18.091208246737217,-74.53,0.0,-29.81239094111273,2502.5,-0.62,1639584000000.0,0.6117,0.0,1000.0,0.16,0.6933,948.0,0.0,,-4.64,青瓷游戏,4.1031,,691330500.0,,3.13,港股主板
80941,-0.8415046134351178,,1.434,30,0.22,False,0.05,1.0184,20788169787.0,67.8,0.81,5.7092,-7.57,1409437911559.0,,1470981372239.0,8.05,500.0,9.13170696556469,25.03,0.0,0.9747666927800935,3092975.0,0.15,1687104000000.0,6.9842,0.0,45500.0,0.59,1.0097,947.0,0.0,79.4,1.89,中国移动-R,9.7076,00941,21695890446.0,,67.65,港股主板
01127,1.9949471961849152,,0.3642,30,0.0,False,0.005,0.5463,770000000.0,1.185,1.27,1.9784,-5.72,912450000.0,,912450000.0,10.13,4000.0,11.899699598998726,477.77,0.0,0.7877773976268543,75920.0,0.0,1311523200000.0,0.2484,0.0,64000.0,0.43,0.5463,945.0,0.01,,0.0,狮子山集团,4.7705,,770000000.0,,1.185,港股主板
02659,27.41784926937607,,189.6476,30,0.78,False,0.01,2.2795,151535850.0,11.7,18.95,,-84.91,1772969445.0,,3781323761.0,,100.0,-31.295350614482516,-80.66,0.6,18.59822162946103,14088280.0,0.09,1765296000000.0,-1.2903,-133789.0,1133500,11.93,2.2573,943.0,0.75,,138.82,宝济药业-B,-9.0678,,323190065.0,,11.61,港股主板
08446,,,0.1258,30,24.14,False,0.005,0.081,56255273.0,0.36,38.62,1.2654,-84.62,20251898.0,,20251898.0,,2000.0,10.379374773168207,-96.54,9.09,17.56294835804082,1054362.3,0.07,1497369600000.0,0.4118,-3600.0,3905800,3.9,0.081,938.0,6.94,,96.67,耀星科技集团,0.8742,,56255273.0,,0.29,港股GEM
00216,,,0.2757,30,-1.16,False,0.005,0.0334,551368153.0,0.425,0.0,0.7982,-25.44,234331465.0,,234331465.0,,4000.0,-6.730515987403152,,0.0,-7.28394893278943,3400.0,-0.005,97257600000.0,-0.8561,0.0,8000,0.14,0.0339,938.0,0.0,,,建业实业,-0.4965,,551368153.0,,0.43,港股主板
02107,,,0.3091,30,-2.67,False,0.005,0.7227,1264000000.0,0.365,0.0,7.4609,62.22,461360000.0,,461360000.0,,2500.0,-7.922142143921734,-73.47,0.0,1.6358636373045687,6387.5,-0.01,1603296000000.0,-0.0394,0.0,17500.0,0.03,0.725,936.0,0.0,,-26.67,第一服务控股,-9.2622,,1264000000.0,,0.375,港股主板
01705,-14.830461384383298,,0.7123,30,1.12,False,0.005,2.1925,400000000.0,0.9,1.12,6.1901,157.36,360000000.0,,360000000.0,11.11,4000.0,11.227964481232156,-36.08,0.0,1.2580722063274319,219060.0,0.01,1520956800000.0,0.0429,0.0,244000.0,0.58,2.3797,936.0,0.06,,305.0,宾仕国际,20.9962,,400000000.0,,0.89,港股主板
01393,-17.337621026094464,,0.0581,30,4.0,False,0.001,0.3437,4605259407.0,0.026,8.0,0.8477,-58.73,119736745.0,,119736745.0,,1000.0,-94.77311869683321,-99.76,0.0,-11.85989139510123,776.0,0.001,1190304000000.0,-0.1338,0.0,31000,0.05,0.3448,933.0,0.0,,0.0,恒鼎实业,-0.1943,,4605259407.0,,0.025,港股主板
00264,5.241745842459933,,9.3254,30,-3.08,False,0.005,,474656000.0,1.575,5.23,,-34.38,747583200.0,,747583200.0,,4000.0,84.79029992710723,422.91,0.0,61.87578696437945,3425440.0,-0.05,1047398400000.0,-0.0502,559680.0,2152000.0,1.03,-222.7602,933.0,0.45,,0.0,中联发展控股,-31.3505,,474656000.0,,1.625,港股主板
08130,40.45232002882442,,2.3365814132597396,30,0.0,False,0.001,,3640627457.0,0.01,,,0.0,36406275.0,,36406275.0,,20000.0,179.9780863299555,-100.0,,-67.06841554678331,,0.0,1030291200000.0,-0.017,0.0,,,-0.1967,931.0,,,,大地国际集团,-0.5869,,3640627457.0,,0.01,港股GEM
00122,14.256012995080658,,1.6872789486282243,30,0.0,False,0.005,,103517513.0,1.43,,4.032197755502288,-2.72,148030044.0,,148030044.0,,2000.0,-8.192974654122537,,0.0,-1.1976523622276636,,0.0,599414400000.0,-1.0999,0.0,,,0.1086,928.0,,,,鳄鱼恤,-1.3002,,103517513.0,,1.43,港股主板
07688,-67.0045364653999,,21.3315,30,-3.64,False,0.01,3.601,381272404.0,17.73,14.4,,-32.82,6759959723.0,,7430311272.0,,100.0,,-52.08,0.57,-13.537468145153142,21739151.0,-0.67,1779206400000.0,-0.3988,-4198614.0,1150700.0,1.78,3.6123,926.0,0.3,,79.99,拓璞数控,-44.4636,,419081290.0,,18.4,港股主板
06811,28.331374854822844,,0.4119,30,-1.27,False,0.005,1.6264,971419000.0,1.56,2.53,1.9097,54.88,1515413640.0,,1515413640.0,7.18,1000.0,15.89459431961369,8.91,-0.95,6.025005788533155,3557335.0,-0.02,1560355200000.0,0.1463,-228010.0,2262000,1.2,1.6264,925.0,0.23,,-12.0,太兴集团,10.6597,,971419000.0,,1.58,港股主板
08238,12.631418717112952,,0.4252,30,-0.85,False,0.001,20.9772,348364800.0,0.117,4.24,,-43.15,40758682.0,,40758682.0,,8000.0,65.60644245531705,-99.61,0.0,98.65490873665208,19928.0,-0.001,1424016000000.0,-0.0325,0.0,168000.0,2.47,2.5694,925.0,0.05,,0.0,玖方数智,-3.5993,,348364800.0,,0.118,港股GEM
01105,16.984612704013212,,0.23893485279292975,30,0.0,False,0.001,,880543017.0,0.186,,,-7.0,163781001.0,,163781001.0,,2000.0,-5.05654468049991,-59.54,0.0,-7.023283217151322,,0.0,836928000000.0,-0.0891,0.0,,,0.108,924.0,,,,星岛,-2.0882,,880543017.0,,0.186,港股主板
08329,,,0.14806267215539398,30,0.0,False,0.001,,426000000.0,0.092,,48.152214597629445,-42.14,39192000.0,,154376000.0,,10000.0,-7.749100794708016,-66.42,0.0,-7.059390119248254,,0.0,1126454400000.0,-0.0346,-101350.0,,,0.2049,923.0,,,0.0,海王英特龙,-2.6572,,1678000000.0,,0.092,港股GEM
01466,,,17.7465,30,-4.76,False,0.005,11.2495,932254085.0,1.7,9.24,,233.33,1584831945.0,,1584831945.0,,8000.0,-23.340616938851618,-18.73,0.29,0.9215006973608997,4346640.0,-0.085,1413475200000.0,-0.0406,-499680.0,2536000,1.38,8.5579,917.0,0.27,,0.0,佰金生命科学,-41.8526,,932254085.0,,1.785,港股主板
00767,,,1.6319,30,-1.04,False,0.005,0.739,636654300.0,0.475,2.08,45.4821,-5.0,302410793.0,,302410793.0,,10000.0,-2.6258678689817208,-99.99,2.15,54.82267656882114,578133.75,-0.005,816796800000.0,-0.0168,0.0,1230075,1.59,0.739,915.0,0.19,,,中基长寿科学,-28.2891,,636654300.0,,0.48,港股主板
00080,104.19430613971095,,3960.1126,30,0.0,False,0.005,2.5156,2608328188.0,0.26,1.92,,-25.71,678165329.0,,678165329.0,,10000.0,-54.35666578758532,-98.05,0.0,42.343659198565156,119900.0,0.0,1294243200000.0,-0.034,0.0,470000.0,0.67,1.6481,914.0,0.02,,-91.58,CAI控股,-7.6518,,2608328188.0,,0.26,港股主板
02407,-36.82553852436402,,0.423,30,-5.06,False,0.005,0.3348,147887869.0,4.315,4.07,3.4531,-47.63,638136155.0,,638136155.0,,100.0,4.55613491137546,-90.41,-0.12,-3.6476703443690806,24398.5,-0.23,1670774400000.0,0.5776,16541.0,5600,0.77,0.3359,913.0,0.0,,0.0,高视医疗,7.4705,,147887869.0,,4.545,港股主板
81211,-5.041395117857683,,0.7566,30,-2.35,False,0.05,2.193,3683400000.0,62.2,2.04,8.9164,-27.08,229107480000.0,,567089688543.0,0.67,100.0,11.822588588807466,-53.42,0.0,7.423442872928754,295535.0,-1.5,1687104000000.0,3.6451,0.0,4700.0,0.38,2.1743,909.0,0.0,72.9,0.06,比亚迪股份-R,17.0642,01211,9117197565.0,,63.7,港股主板
03302,4.84066332665547,,0.471,30,0.0,False,0.005,0.6767,920393394.0,0.37,0.0,11.2439,4.23,340545556.0,,340545556.0,,2000.0,-6.106189894075069,-67.72,0.0,13.763359204940606,116920.0,0.0,1531843200000.0,-0.0329,0.0,316000.0,1.04,0.677,909.0,0.03,,5.13,精技集团,-11.2484,,920393394.0,,0.37,港股主板
02652,-12.538997156908271,,5.001,30,-13.4,False,0.005,1.609,321946786.0,5.75,22.14,,-83.57,1851194020.0,,2482284125.0,,100.0,,-87.77,0.0,-7.4215798021294965,141328636.95,-0.89,1759852800000.0,-0.0186,7923957.179999992,25334505,24.99,1.3298,905.0,7.87,,161.02,长风药业,-309.2025,,431701587.0,,6.64,港股主板
01956,-21.315885397186772,,21.6226,30,-6.92,False,0.05,8.3602,174436207.0,64.6,7.78,,6.43,11268578972.0,,11268578972.0,,50.0,,-41.27,-0.69,33.3364219997635,10663407.5,-4.8,1782403200000.0,-0.9298,670235.0,161100,2.43,8.3639,903.0,0.09,,84.02,中科闻歌,-69.4804,,174436207.0,,69.4,港股主板
06128,67.4354966225079,,0.39305574073124455,30,0.0,False,0.001,,941313336.0,0.057,,,-73.49,53654860.0,,53654860.0,,10000.0,-190.63142653558543,-98.33,0.0,-22.540782216311705,,0.0,1403625600000.0,-0.3993,0.0,,,3.5554,902.0,,,0.0,烯石电车新材料,-0.1427,,941313336.0,,0.057,港股主板
03639,20.85907012425121,,0.0474,30,-11.11,False,0.001,0.0261,2583970000.0,0.04,17.78,0.5428,-11.11,103358800.0,,103358800.0,,2000.0,-61.56265552146741,-98.15,0.0,-24.737074697762207,74276.0,-0.005,1403798400000.0,-1.3336,0.0,1770000,0.4,0.0261,902.0,0.07,,0.0,亿达中国,-0.03,,2583970000.0,,0.045,港股主板
80388,22.908191215362585,,17.5308,30,-0.99,False,0.2,7.8009,1267836895.0,320.4,1.11,20.8373,-12.32,406214941158.0,,406214941158.0,4.35,100.0,33.688311246448805,12.94,0.0,18.919608519401244,4116000.0,-3.2,1687104000000.0,15.6195,0.0,12800.0,2.15,7.8407,900.0,0.0,375.0,-0.69,香港交易所-R,20.5128,00388,1267836895.0,,323.6,港股主板
01239,-33.81943240575893,,3.2291,30,0.0,False,0.001,,434017926.0,0.248,0.81,,-61.85,107636446.0,,107636446.0,,20000.0,7.593883998568077,-90.29,0.0,-66.9083762388981,9960.0,0.0,1321545600000.0,-0.0644,0.0,40000.0,4.04,-0.2948,899.0,0.01,,0.0,TEAMWAY INTL GP,-3.8511,,434017926.0,,0.248,港股主板
06871,24.817281672541824,,12.8173,30,-5.05,False,0.02,8.1524,244953968.0,27.06,5.96,,-11.28,6628454374.0,,6628454374.0,,100.0,,-50.48,0.0,44.89375584645179,3244838.0,-1.44,1779033600000.0,-0.8605,0.0,119100,1.14,8.1779,898.0,0.05,,76.23,翼菲科技,-31.4465,,244953968.0,,28.5,港股主板
01488,-70.48782196791707,,3.7339,30,0.99,False,0.005,,1578664000.0,1.02,0.0,68.7169,70.0,1610237280.0,,1610237280.0,,2000.0,-1.401831240747848,94.14,0.0,-16.552653924122552,10200.0,0.01,1309104000000.0,0.0012,0.0,10000.0,0.0,-7.7918,898.0,0.0,,-91.68,百福控股,827.6486,,1578664000.0,,1.01,港股主板
02508,,,1.1784,30,-2.79,False,0.005,1.453,615539500.0,2.61,8.94,11.0246,-34.59,1606558095.0,,1606558095.0,,500.0,14.70666362768732,-69.11,0.97,36.45314015166572,636147.5,-0.075,1750867200000.0,0.2526,0.0,248000.0,1.57,1.425,896.0,0.04,,33.74,圣贝拉集团,10.3322,,615539500.0,,2.685,港股主板
08417,-48.40995557523876,,2.5235,30,0.0,False,0.001,0.8216,1750400000.0,0.022,4.55,,15.79,38508800.0,,38508800.0,,10000.0,-2.89297694592227,-93.53,0.0,-2.8406789660557763,12390.0,0.0,1487174400000.0,-0.0008,0.0,580000.0,1.22,0.8348,896.0,0.03,,-1.47,大地教育,-28.4408,,1750400000.0,,0.022,港股GEM
00076,179.92933414527747,,0.0595,30,4.83,False,0.001,0.0185,444404073.0,0.152,4.83,1.2129,9.35,67549419.0,,67549419.0,,4000.0,9.381952443315399,,1.33,14.94170203096794,39469.496,0.007,464803200000.0,0.7367,0.0,272011,0.81,0.0185,896.0,0.06,,,谊砾控股,0.2063,,444404073.0,,0.145,港股主板
00828,-66.10675106171804,,1.6756,30,-3.73,False,0.001,0.638,1408405886.0,0.155,11.8,,-39.22,218302912.0,,218302912.0,,2000.0,1.820061546658755,-93.77,0.0,-24.080571844049658,37220.0,-0.006,1106668800000.0,0.0043,0.0,228000.0,0.71,0.638,894.0,0.02,,0.0,王朝酒业,36.3112,,1408405886.0,,0.161,港股主板
00312,-32.61207688685131,,0.4472,30,-9.3,False,0.001,0.1285,2495000000.0,0.039,16.28,0.9947,-18.75,97305000.0,,97305000.0,,2000.0,-13.764934834667402,-97.56,0.0,-0.12202295986755152,10376.0,-0.004,1289923200000.0,-0.0432,0.0,264000,2.08,0.1289,893.0,0.01,,0.0,岁宝百货,-0.9028,,2495000000.0,,0.043,港股主板
03768,-40.32484421724006,,0.2142370648341988,30,0.0,False,0.005,,340023000.0,0.33,,1.4392794843106342,-58.75,112207590.0,,339606630.0,,1000.0,2.0232889527544002,-86.44,0.0,-10.75000476514959,,0.0,1491408000000.0,0.1226,0.0,,,0.0539,893.0,,,-1.03,滇池水务,2.692,,1029111000.0,,0.33,港股主板
03999,-95.68569992901907,,0.0877,30,1.72,False,0.005,0.2383,1016189000.0,0.59,5.17,1.2394,5.36,599551510.0,,599551510.0,,1000.0,1.5568376413935219,-77.19,0.0,-2.362246154055858,29880.0,0.01,1191427200000.0,0.0362,0.0,53000.0,3.74,0.239,890.0,0.01,,0.0,大成食品,16.2965,,1016189000.0,,0.58,港股主板
02886,-5.7208992874081215,,0.2389,30,-2.95,False,0.005,0.6112,1363729112.0,1.15,0.0,2.4477,4.82,1568288479.0,,1568288479.0,7.3,2000.0,9.322523598287063,,0.0,-4.257034777763535,64400.0,-0.035,953136000000.0,0.1943,0.0,56000,0.19,0.5974,890.0,0.0,,,滨海投资,5.9183,,1363729112.0,,1.185,港股主板
00149,3.9839016103026648,,1.7405,30,-2.94,False,0.001,0.3934,9953067822.0,0.066,,4.3861,-12.0,656902476.0,,656902476.0,,5000.0,0.4548206192448416,,0.0,-14.145019552110016,0.504,-0.002,100713600000.0,0.0008,0.0,9,0.0,0.3753,890.0,0.0,,,中国农产品交易,85.4674,,9953067822.0,,0.068,港股主板
00858,,,4.5065,30,3.9,False,0.001,0.2599,2900000000.0,0.08,5.19,692.5373,-2.44,232000000.0,,232000000.0,,10000.0,-114.61026161154962,-22.33,0.0,-10.816881597485018,291690.0,0.003,920995200000.0,-0.3378,80000.0,3700000.0,4.96,0.6185,890.0,0.13,,,精优药业,-0.2368,,2900000000.0,,0.077,港股主板
07630,,,26.2813,30,-12.35,False,0.01,4.0039,282461530.0,12.7,14.22,,-36.82,3587261431.0,,3587261431.0,,200.0,,-64.23,-0.47,,36029092.0,-1.79,1778601600000.0,-1.0383,-742148.0,2649000,1.24,4.0164,886.0,0.94,,108.26,英派药业-B,-12.231,,282461530.0,,14.49,港股主板
01785,-4.244378067820087,,0.9867213135977068,30,0.0,False,0.005,,456102000.0,1.955,,3.8298736182167676,1.4,891679410.0,,3237679410.0,7.31,1000.0,11.055733965381197,58.15,0.0,-0.9209271102153194,,0.0,1547481600000.0,0.3778,0.0,,,0.5379,886.0,,,-0.91,成都高速,5.1753,,1656102000.0,,1.955,港股主板
01082,-6.586145959981604,,16.635505194412225,30,-0.91,False,0.005,,608046880.0,1.085,,,-28.15,659730865.0,,659730865.0,,4000.0,-53.46309403437816,-96.47,0.0,-30.397251255085134,,-0.01,1309708800000.0,-0.0383,0.0,,,21.316,886.0,,,0.0,源宇宙教育,-28.3572,,608046880.0,,1.095,港股主板
08121,-5.32643645541796,,0.3236,30,0.0,False,0.005,1.3633,150040000.0,0.41,0.0,,-40.65,61516400.0,,61516400.0,,10000.0,-12.358912297167132,-99.88,0.0,16.644539523023095,16400.0,0.0,1432828800000.0,-0.0334,0.0,40000.0,0.16,0.7465,886.0,0.03,,0.0,国恩控股,-12.2934,,150040000.0,,0.41,港股GEM
02329,67.09655984288577,,0.3894,30,-13.4,False,0.001,0.0415,4444417986.0,0.084,8.25,,-33.86,373331111.0,,373331111.0,,1000.0,-21.98960641075267,-95.61,-1.18,-43.762318705308125,38620.0,-0.013,1404662400000.0,-0.4855,0.0,450000,5.0,0.0417,885.0,0.01,,0.0,国瑞健康,-0.173,,4444417986.0,,0.097,港股主板
01224,,,7.965,30,-0.43,False,0.005,0.3131,3882334668.0,1.17,0.43,,-2.5,4542331562.0,,4542331562.0,,1000.0,-2.8088249257594633,64.7,0.0,8.170162152492178,273610.0,-0.005,925401600000.0,-0.1025,0.0,233000.0,1.69,0.3131,879.0,0.01,,,中渝置地,-11.4165,,3882334668.0,,1.175,港股主板
02561,-3.605292486307121,,,30,1.68,False,0.01,2.7643,113753364.0,18.81,1.57,,-42.65,2139700777.0,,2139700777.0,,100.0,-31.373501930183302,-72.66,0.0,,38911.0,0.31,1742486400000.0,-2.4006,0.0,2100.0,0.58,2.7687,877.0,0.0,,0.0,维昇药业-B,-7.8354,,113753364.0,,18.5,港股主板
08132,-28.11760027788638,,0.6643953613485564,30,0.0,False,0.001,,2694465453.0,0.066,,,-17.5,177834720.0,,177834720.0,,10000.0,24.850113706843086,-97.3,0.0,-23.72289334053763,,0.0,1305648000000.0,-0.0042,0.0,,,-3.3586,876.0,,,0.0,百能国际能源,-15.5736,,2694465453.0,,0.066,港股GEM
00707,-22.76394283724278,,1.5808800311959121,30,0.0,False,0.001,,2228826200.0,0.06,,,0.0,133729572.0,,133729572.0,,8000.0,29.288253971350674,-99.47,,-20.59365899766149,,0.0,1143648000000.0,-0.0573,0.0,,,-0.3026,876.0,,,-8.63,亚洲电视控股,-1.047,,2228826200.0,,0.06,港股主板
01262,-7.480847760649379,,0.61624293516911,30,0.0,False,0.005,,239250568.0,3.195,,5.98379256493354,59.75,764405565.0,,764405565.0,,2000.0,-3.194823344724272,-87.43,0.0,15.612167935202038,,0.0,1323360000000.0,-0.0418,0.0,,,2.1747,871.0,,,0.0,蜡笔小新食品,-76.4671,,239250568.0,,3.195,港股主板
01273,5.997996249665483,,1.8347835164227861,30,0.0,False,0.005,,415000000.0,0.72,,,25.54,298800000.0,,298800000.0,6.67,4000.0,7.9597252363094855,45.72,0.0,0.3875855828395114,,0.0,1380643200000.0,0.169,0.0,,,0.3283,866.0,,,,香港信贷,4.2607,,415000000.0,,0.72,港股主板
01217,,,,30,0.0,False,0.001,0.2373,12801578629.0,0.01,0.0,,-23.08,128015786.0,,128015786.0,,40000.0,-5.0562539926128744,-96.41,0.0,,3200.0,0.0,1030464000000.0,-0.0022,0.0,320000.0,0.14,0.2373,864.0,0.0,,0.0,中国创新投资,-4.5818,,12801578629.0,,0.01,港股主板
02656,,,1.5069,30,-5.74,False,0.005,4.2308,347240580.0,3.365,10.36,,-93.88,1168464552.0,,1168464552.0,,250.0,-71.44346625237355,-88.78,0.3,4.379055469931981,32787813.0,-0.205,1758038400000.0,-0.1665,28102.5,9359250.0,3.1,4.2337,861.0,2.7,,137.34,健康160,-20.2063,,347240580.0,,3.57,港股主板
01556,-6.528835031138536,,0.2024,30,0.84,False,0.001,0.3996,1500000000.0,0.239,0.42,1.4713,-26.55,358500000.0,,358500000.0,8.37,5000.0,13.735512413567877,9.99,0.0,-14.4871748975002,35750.0,0.002,1447171200000.0,0.0779,0.0,150000,0.62,0.3996,859.0,0.01,,0.0,建业建荣,3.0661,,1500000000.0,,0.237,港股主板
08146,,,8.4471,30,-3.8,False,0.005,3.0633,813000000.0,0.38,1.27,,-1.3,308940000.0,,308940000.0,,10000.0,-2.4287473312020604,8.51,0.0,-23.28299921881043,83850.0,-0.015,1530028800000.0,-0.0031,0.0,220000.0,1.27,3.0729,856.0,0.03,,48.57,怡园酒业,-120.8066,,813000000.0,,0.395,港股GEM
00129,,,0.03858076611665557,30,0.0,False,0.001,,1420635324.0,0.172,,0.10648952904337822,-30.65,244349276.0,,244349276.0,,2000.0,-16.64532010409814,,0.0,45.10951015544489,,0.0,96652800000.0,-1.3103,42700.0,,,0.0229,852.0,,,,泛海集团,-0.1313,,1420635324.0,,0.172,港股主板
06686,-15.505604052208511,,1.414085230503582,30,0.0,False,0.01,,343228815.0,12.38,,4.757864579367674,-18.97,4249172730.0,,4249172730.0,16.87,100.0,6.206591179434758,-30.32,0.0,-7.4035139910266,,0.0,1657641600000.0,1.9685,0.0,,,0.3953,851.0,,,-4.45,诺亚控股,6.289,,343228815.0,,12.38,港股主板
01831,,,1.9016741123219596,30,0.0,False,0.005,,1075449549.0,0.755,,,264.73,811964409.0,,811964409.0,,10000.0,91.336361134049,-93.89,,,,0.0,1291305600000.0,-0.044,0.0,,,-20.9361,849.0,,,0.0,十方控股,-17.1623,,1075449549.0,,0.755,港股主板
01758,,,0.21057714307586486,30,0.0,False,0.001,,903138460.0,0.093,,0.317626484291095,-25.6,83991877.0,,83991877.0,,2000.0,-146.52579297889153,-96.62,0.0,59.52890092095031,,0.0,1532966400000.0,-0.1987,0.0,,,2.51,848.0,,,21.61,博骏教育,-0.4681,,903138460.0,,0.093,港股主板
00472,4.340250135672874,,1.5803,30,4.4,False,0.001,0.5498,3849109674.0,0.19,4.4,,-46.48,731330838.0,,731330838.0,,10000.0,-17.918012232460853,,0.0,4.100768066768179,35740.0,0.008,570384000000.0,-0.0633,0.0,190000,0.21,0.5498,846.0,0.0,,,新丝路控股集团,-2.9997,,3849109674.0,,0.182,港股主板
09680,-38.55254928916027,,0.180192048280352,30,-0.13,False,0.005,,204113852.0,7.69,,,-16.59,1569635522.0,,1569635522.0,,100.0,-28.008719579575637,-74.37,0.0,80.57396185227161,,-0.01,1720540800000.0,-1.3152,0.0,,,1.9012,844.0,,,-3.14,如祺出行,-5.8468,,204113852.0,,7.7,港股主板
08128,,,0.199716861146258,30,,False,0.001,,448606116.0,0.019,,,,8523516.2,,8523516.2,,8000.0,0.7010426357488888,-99.96,0.0,-15.988480870427036,,,1007049600000.0,0.0044,0.0,,,0.0299,844.0,,,0.0,中华节能,4.3421,,448606116.0,,,港股GEM
01340,-45.063222761202304,,0.2813,30,-2.08,False,0.005,0.1479,138425700.0,0.47,0.0,,39.88,65060079.0,,65060079.0,,10000.0,-4.965967252314344,-97.24,0.0,30.325334362236013,9400.0,-0.01,1393516800000.0,-0.158,0.0,20000.0,0.49,0.1482,843.0,0.01,,,惠生国际,-2.9753,,138425700.0,,0.48,港股主板
09930,-45.99564012747918,,0.2173,30,6.06,False,0.005,0.1752,3197244000.0,0.7,6.06,0.5437,-33.19,2238070800.0,,2238070800.0,2.29,1000.0,1.3229508858682388,-76.55,0.0,-3.420288292658469,8620.0,0.04,1684944000000.0,0.0522,0.0,13000.0,0.07,0.1758,840.0,0.0,,-28.98,宏信建发,13.4005,,3197244000.0,,0.66,港股主板
01351,,,0.3797,30,1.56,False,0.005,1.9417,600000000.0,0.325,9.38,1.2892,-9.72,195000000.0,,195000000.0,,2000.0,-53.652231810645326,-64.16,0.0,-41.125716669010274,223190.0,0.005,1605024000000.0,-0.115,0.0,694000.0,0.71,1.9477,839.0,0.12,,31.82,辉煌明天,-2.8258,,600000000.0,,0.32,港股主板
01889,,,0.2747,30,-2.86,False,0.001,0.1326,152898695.0,0.17,0.0,,-66.0,25992778.0,,25992778.0,,5000.0,-8.190726004766889,-99.55,0.0,-13.181806660293338,51432.9,-0.005,1170259200000.0,-0.1455,-34000.0,302700,17.99,0.133,839.0,0.2,,0.0,三爱健康集团,-1.1685,,152898695.0,,0.175,港股主板
02182,,,0.6858704304766423,30,0.0,False,0.005,,620000000.0,0.485,,14.862593910636615,27.63,300700000.0,,300700000.0,,4000.0,-4.856080337244583,-28.0,0.0,-20.175074448557417,,0.0,1520438400000.0,-0.0583,0.0,,,0.402,838.0,,,2.82,天长集团,-8.3133,,620000000.0,,0.485,港股主板
02030,22.71133123410771,,0.7069,30,-8.91,False,0.005,0.499,668593000.0,1.175,14.73,,-18.63,785596775.0,,785596775.0,1.96,1000.0,2.5769246264886028,-22.55,0.0,-5.213267650517539,769580.0,-0.115,1382889600000.0,0.0598,0.0,642000,15.08,0.4983,838.0,0.1,,,卡宾,19.6516,,668593000.0,,1.29,港股主板
08540,-24.50283038263379,,4.7147,30,0.11,False,0.005,4.1279,212975200.0,4.375,1.37,29.0117,-4.58,931766500.0,,931766500.0,0.96,1000.0,5.441988248152076,261.33,0.0,42.075854480333575,1215860.0,0.005,1531670400000.0,0.0553,0.0,278000.0,1.02,4.1279,836.0,0.13,,4.0,胜利证券,79.1242,,212975200.0,,4.37,港股GEM
00271,,,3.1795601423356317,30,0.0,False,0.001,,1240668945.0,0.139,,10.570210419859025,-22.78,172452983.0,,172452983.0,,1000.0,-17.187537488757425,,0.0,7.803428959312408,,0.0,99676800000.0,-0.2136,0.0,,,0.1225,836.0,,,,亚证地产,-0.6506,,1240668945.0,,0.139,港股主板
02683,116.63810837912978,,0.5387,30,-0.88,False,0.005,1.4365,408626000.0,1.12,0.44,9.1175,-0.04,457661120.0,,457661120.0,10.71,2000.0,27.53782142230866,94.41,0.0,23.912598662267225,78500.0,-0.01,1516550400000.0,0.2114,0.0,70000.0,0.41,1.377,836.0,0.02,,-10.37,华新手袋国际控股,5.2988,,408626000.0,,1.13,港股主板
00166,62.645822585330805,,0.017,30,0.0,False,0.001,0.309,8741776988.0,0.033,0.0,,-15.38,288478641.0,,288478641.0,,2000.0,-78.58825939965168,-99.84,0.0,-9.694225347934783,5232.375,0.0,908208000000.0,-0.0878,0.0,158875.0,0.22,0.309,833.0,0.0,,,新时代集团控股,-0.3761,,8741776988.0,,0.033,港股主板
09889,-7.572920658004834,,1.8307,30,-0.32,False,0.005,0.3053,1148091000.0,3.15,0.32,1.8147,-4.33,3616486650.0,,21698918357.0,8.19,1000.0,6.59931386514047,-46.97,0.0,,50505.0,-0.01,1632844800000.0,0.671,0.0,16000.0,0.11,0.3062,832.0,0.0,,4.17,东莞农商银行,4.6947,,6888545510.0,,3.16,港股主板
00899,-9.517366796549709,,7.657,30,2.82,False,0.005,0.1812,474836275.0,0.365,5.63,,87.18,173315240.0,,173315240.0,,10000.0,-20.006769050846323,-100.0,0.0,0.6187261404567268,111629.92,0.01,877622400000.0,-0.3841,0.0,303324.0,0.45,0.1945,831.0,0.06,,,中加国信,-0.9504,,474836275.0,,0.355,港股主板
02623,,,11.301,30,0.69,False,0.005,2.218,548629792.0,3.645,7.04,,-4.31,1999755592.0,,1999755592.0,,500.0,-14.807126298475081,-10.83,-0.27,-24.633646346768955,5535060.0,0.025,1335456000000.0,-0.2002,0.0,1517500,1.56,2.0075,829.0,0.28,,0.0,香港黄金产业集团,-18.2068,,548629792.0,,3.62,港股主板
01278,-17.572554122474948,,1.2832,30,-4.41,False,0.001,0.1288,9726246417.0,0.065,4.41,,-13.22,632206017.0,,632206017.0,6.15,2500.0,1.8179768609752196,-94.65,0.0,13.149472823609365,5070.0,-0.003,1287676800000.0,0.0091,0.0,77500,0.47,0.1286,828.0,0.0,,37.93,中国新城镇,7.1197,,9726246417.0,,0.068,港股主板
01446,-19.143995039083038,,0.31838744016335824,30,0.0,False,0.005,,655944000.0,0.29,,1.5607847255839904,-40.82,190223760.0,,190223760.0,,2000.0,-7.1907153852385965,-74.89,0.0,-4.037688060441591,,0.0,1404403200000.0,-0.0271,0.0,,,0.7895,828.0,,,0.0,鸿福堂,-10.7162,,655944000.0,,0.29,港股主板
00239,1.190298903312348,,3.3969143568246123,30,0.0,False,0.005,,311640000.0,2.4,,17.40519407986596,9.97,747936000.0,,747936000.0,8.33,2500.0,13.760740692327053,5840.59,0.0,-4.16506731564491,,0.0,692985600000.0,0.3175,0.0,,,1.0189,827.0,,,,白花油,7.5583,,311640000.0,,2.4,港股主板
09856,,,2.6916,30,-8.06,False,0.02,5.8729,982941500.0,29.88,9.6,,-9.34,29370292020.0,,29370292020.0,,100.0,,-18.36,0.61,,209286137.1,-2.62,1790006400000.0,1.1953,6669426.0,6860600,1.62,2.7537,827.0,0.7,,4.61,纳真科技,24.9985,,982941500.0,,32.5,港股主板
06051,173.43461283846486,,1.08,30,0.43,False,0.005,1.2954,1598169419.0,1.18,6.81,8.1832,-63.58,1885839914.0,,1885839914.0,,5000.0,13.10649953120609,,0.43,3.445973616495901,2029739.4,0.005,955641600000.0,0.1127,0.0,1704810.0,1.21,1.2724,826.0,0.11,,,有赞,10.4691,,1598169419.0,,1.175,港股主板
02658,24.242138396752622,,23.8741,30,-3.56,False,0.02,6.5528,58564876.0,50.15,7.88,,4.48,2937028531.0,,19701074494.0,,50.0,,31.97,-0.1,-14.18970002506833,7193248.5,-1.85,1764864000000.0,-0.6055,-715435.0,143050.0,1.56,6.489,826.0,0.24,,-30.17,天域半导体,-82.8204,,392842961.0,,52.0,港股主板
02493,,,9.2484,30,-2.58,False,0.02,9.0162,47130200.0,20.36,4.5,,-26.34,959570872.0,,9095426872.0,,200.0,,-28.06,0.99,,5380144.0,-0.54,1777305600000.0,-2.4127,-739496.0,266000.0,1.35,9.0444,826.0,0.56,,0.58,迈威生物-B,-8.4387,,446730200.0,,20.9,港股主板
02685,199.82421190078713,,1.8486,30,-13.72,False,0.005,1.3114,562603201.0,3.615,6.8,,-86.53,2033810572.0,,2033810572.0,,500.0,,-86.1,-0.41,18.899535932376477,50417440.5,-0.575,1764172800000.0,0.1369,-592907.5,13448500,4.74,1.1903,821.0,2.39,,88.78,量化派,26.4047,,562603201.0,,4.19,港股主板
00871,-9.594796893217328,,0.24490817532074896,30,0.0,False,0.001,,1503881500.0,0.05,,1.2635323721664902,-26.47,75194075.0,,75194075.0,,20000.0,-233.31454051560655,-99.12,0.0,-14.583152755540729,,0.0,1308499200000.0,-0.0855,0.0,,,-8.0384,821.0,,,0.0,中国疏浚环保,-0.5846,,1503881500.0,,0.05,港股主板
09857,-26.597520561306133,,0.8531198720031343,30,0.0,False,0.005,,361958556.0,2.7,,,-28.0,977288101.0,,977288101.0,,100.0,2.104256478467509,-89.88,0.0,-1.6388139146955027,,0.0,1660060800000.0,0.1568,0.0,,,0.3557,821.0,,,-2.7,柠萌影视,17.2247,,361958556.0,,2.7,港股主板
01622,63.897826904197494,,0.15279070592663396,30,3.91,False,0.001,,3551609322.0,0.133,,,-31.09,472364040.0,,472364040.0,,2000.0,83.10451162288831,-88.21,-1.54,-16.04622710074417,,0.005,1391011200000.0,-1.1888,0.0,,,-0.0681,821.0,,,0.0,力高集团,-0.1119,,3551609322.0,,0.128,港股主板
02575,-17.82670080569848,,36.8735,30,-0.18,False,0.005,2.9162,517947790.0,8.42,16.6,,-88.06,4361120392.0,,4361120392.0,,500.0,-19.61397082008428,-71.42,0.84,1806.3819454905292,33904472.5,-0.015,1760457600000.0,-0.4611,-558907.5,3880000.0,2.19,2.9253,819.0,0.75,,126.72,轩竹生物-B,-18.2609,,517947790.0,,8.435,港股主板
01520,-21.555355253998655,,3.4066,30,-15.22,False,0.005,4.1262,1095557671.0,0.585,17.39,,-45.83,640901238.0,,640901238.0,,6000.0,-55.962670902218726,,-0.85,82.2697640545006,1327800.0,-0.105,1386000000000.0,-0.0775,0.0,2202000,6.06,3.0852,816.0,0.2,,,天机控股,-7.5477,,1095557671.0,,0.69,港股主板
00841,-70.09885908067527,,0.0724,30,-7.06,False,0.001,0.18,584726715.0,0.158,6.47,0.3186,-39.23,92386821.0,,92386821.0,,2000.0,-0.4901154248925211,-81.76,0.0,-31.508917907427247,992.0,-0.012,1237737600000.0,-0.0043,0.0,6000,0.05,0.1748,815.0,0.0,,0.0,木薯资源,-36.4877,,584726715.0,,0.17,港股主板
09913,,,2.2717,30,-0.43,False,0.005,5.3478,1000000000.0,2.32,0.64,22.2288,-2.11,2320000000.0,,2320000000.0,,4000.0,-16.02603778608749,502.6,-0.22,-14.318813099955596,215477.5,-0.01,1597334400000.0,-0.0686,0.0,92500.0,2.11,5.849,813.0,0.01,,-18.27,智勤控股,-33.8118,,1000000000.0,,2.33,港股主板
00426,21.739333380813687,,2.4593,30,11.39,False,0.001,,400900000.0,0.176,15.19,,95.56,70558400.0,,70558400.0,,2000.0,31.288686235394696,-70.35,0.0,-21.802672643020117,92506.0,0.018,1129564800000.0,-0.0717,0.0,536000,5.12,-0.7421,808.0,0.13,,0.0,万华媒体,-2.4535,,400900000.0,,0.158,港股主板
08293,-23.45453040444504,,0.21662731979876912,30,1.22,False,0.001,,215040093.0,0.083,,,-79.51,17848328.0,,17848328.0,,20000.0,10.84521384928717,-98.75,0.0,-7.488116353871998,,0.001,1468512000000.0,0.0045,0.0,,,1.3851,808.0,,,0.67,星亚控股,18.2926,,215040093.0,,0.082,港股GEM
06188,47.8308950415006,,0.0163,30,-2.74,False,0.005,,548760400.0,0.355,16.44,2.41,-17.44,194809942.0,,314693442.0,,500.0,69.06055577186613,-93.3,0.0,0.2199163380525615,204367.5,-0.01,1404748800000.0,-1.8542,0.0,640500.0,5.55,-0.0954,808.0,0.12,,0.0,迪信通,-0.1915,,886460400.0,,0.365,港股主板
00164,-0.8406202791654938,,3.0974,30,0.0,False,0.005,,349262723.0,0.42,0.0,,15.07,146690344.0,,146690344.0,,5000.0,7.346883022944652,,0.0,-4.041235778037288,63000.0,0.0,96825600000.0,-0.0678,0.0,150000.0,0.13,-0.505,806.0,0.04,,,中国宝力科技,-6.1984,,349262723.0,,0.42,港股主板
00989,-30.617302026712668,,47.4642,30,-6.19,False,0.005,,5362635631.0,0.53,5.31,,-26.39,2842196884.0,,2842196884.0,,10000.0,-21.97154190263427,-99.81,0.0,-45.131882981123525,14195.0,-0.035,877276800000.0,0.0259,0.0,28000,0.17,-5.0159,801.0,0.0,,,中国长白山国际,20.4839,,5362635631.0,,0.565,港股主板
02249,34.96290808801863,,3.9253,30,-8.89,False,0.02,1.8395,227053900.0,22.14,11.52,8.7687,-31.46,5026973346.0,,49478188829.0,,100.0,,-38.5,-0.72,17.581296248320278,36190405.5,-2.16,1783612800000.0,0.3148,-1657880.0,1560350,4.14,1.4508,801.0,0.69,,0.0,晶合集成,70.3301,,2234787210.0,,24.3,港股主板
01150,,,1.0029,30,78.79,False,0.001,1.7554,1056936650.0,0.118,95.45,,-29.76,124718525.0,,124718525.0,,10000.0,15.671923908605645,-98.73,-4.07,-10.670720896652686,4332152.0,0.052,1306080000000.0,0.0098,-190720.0,38638000,251.26,1.7554,798.0,3.66,,0.0,米兰站,12.0338,,1056936650.0,,0.066,港股主板
01097,1.9753096228989797,,0.8607,30,0.0,False,0.001,,7134623520.0,0.061,3.28,,-46.02,435212035.0,,435212035.0,,20000.0,23.15298252456874,-99.23,1.67,-12.820340090057758,131660.0,0.0,943372800000.0,-0.077,0.0,2180000.0,1.81,-0.1643,797.0,0.03,,,周大福媒体娱乐,-0.7918,,7134623520.0,,0.061,港股主板
06830,-22.188741020745407,,0.10575107683446394,30,0.0,False,0.001,,1769193800.0,0.185,,0.7751187138699235,-24.77,327300853.0,,327300853.0,1.62,2000.0,1.6526996795021631,-68.69,0.0,17.350398826933922,,0.0,1326297600000.0,0.0151,0.0,,,0.2033,797.0,,,0.0,华众车载,12.2208,,1769193800.0,,0.185,港股主板
06090,68.08129791701438,,2.1306,30,-0.58,False,0.02,2.961,88753878.0,41.1,2.18,24.5668,-58.06,3647784386.0,,3647784386.0,,100.0,20.303025397219418,-59.06,-0.05,23.741540144279515,10665146.0,-0.24,1758556800000.0,1.4712,873674.0,261000.0,1.26,2.9026,796.0,0.29,,43.96,不同集团,27.9359,,88753878.0,,41.34,港股主板
01087,-8.336770714026953,,0.5477,30,-4.97,False,0.005,1.7772,239865600.0,1.53,5.9,19.3781,31.9,366994368.0,,366994368.0,,2000.0,-23.513742969330362,-97.05,0.0,3.107154395812328,67090.0,-0.08,1289836800000.0,-0.2083,0.0,42000,0.72,1.7828,795.0,0.02,,0.0,威讯控股,-7.346,,239865600.0,,1.61,港股主板
01332,,,6.6346,30,0.68,False,0.001,3.091,2928952149.0,0.149,1.35,,-41.57,436413870.0,,436413870.0,,10000.0,551.7879767291532,,0.0,-30.981881232391018,46490.0,0.001,1342022400000.0,0.0729,0.0,310000,0.3,2.7941,792.0,0.01,,,透云生物,2.045,,2928952149.0,,0.148,港股主板
06929,0.4447054423979191,,2.0635,30,0.66,False,0.005,0.9578,827968337.0,3.795,2.25,11.3426,10.36,3142139839.0,,3142139839.0,5.27,500.0,10.563045662448268,-50.7,0.0,11.483190754217777,188767.5,0.025,1671724800000.0,0.4106,0.0,50000,0.99,0.9576,790.0,0.01,,0.0,业聚医疗,9.2426,,827968337.0,,3.77,港股主板
00970,19.959266138864628,,0.086,30,0.0,False,0.005,0.2078,675362170.0,0.3,0.0,0.891,-41.18,202608651.0,,202608651.0,,2000.0,-9.795230445853342,-99.77,11.11,-16.15265658997703,1080.0,0.0,874512000000.0,-0.1358,0.0,4000.0,0.02,0.2235,789.0,0.0,,,新耀莱,-2.2092,,675362170.0,,0.3,港股主板
00682,35.654014832224746,,0.6414918690374946,30,0.47,False,0.001,,197729124.0,0.215,,,-24.56,42511762.0,,42511762.0,,10000.0,-9.066546418674209,-99.1,0.0,-13.257784994879229,,0.001,976809600000.0,-0.0928,0.0,,,0.2173,789.0,,,0.0,超大现代,-2.3158,,197729124.0,,0.214,港股主板
00519,122.65132373351145,,12.6211,30,-1.54,False,0.001,0.5101,3055105739.0,0.128,2.31,,-41.28,391053535.0,,391053535.0,,5000.0,-85.12034816748816,,0.0,-30.84222406469551,1275.0,-0.002,511977600000.0,-0.157,0.0,10000.0,0.03,1.0595,787.0,0.0,,,诺科达科技,-0.8154,,3055105739.0,,0.13,港股主板
08072,26.062176091208713,,0.9218605818903169,30,0.0,False,0.005,,168349134.0,0.265,,,-15.87,44612521.0,,44612521.0,,20000.0,-21.767554120887254,-99.89,0.0,-7.620327134861105,,0.0,1361721600000.0,-0.3493,0.0,,,0.1853,786.0,,,0.0,兰谷股份,-0.7587,,168349134.0,,0.265,港股GEM
01632,77.33600898892674,,2.4876948267922017,30,0.0,False,0.001,,953274910.0,0.051,,,-53.64,48617020.0,,48617020.0,,2000.0,-32.290991351366266,-93.33,,200.60346157205208,,0.0,1480348800000.0,-0.0588,0.0,,,0.4938,785.0,,,16.01,民商创科,-0.8669,,953274910.0,,0.051,港股主板
02221,41.05271577868965,,0.1907,30,-7.69,False,0.005,0.4141,234303213.0,0.6,0.77,15.3357,-41.75,140581928.0,,140581928.0,,4000.0,-17.35453637185404,-93.23,0.0,10.577170017277183,21760.0,-0.05,1411056000000.0,-0.2491,0.0,36000,1.1,0.3929,784.0,0.02,,0.0,创业集团控股,-2.4087,,234303213.0,,0.65,港股主板
00343,10.276236165945818,,15.3633,30,4.96,False,0.001,4.1478,1734075788.0,0.148,17.02,,-6.92,256643217.0,,256643217.0,,5000.0,-78.53496220196187,,-2.63,-18.271219668651806,647238.56,0.007,524160000000.0,-0.0288,0.0,4744912,3.13,5.2776,783.0,0.27,,,文化传信,-5.1413,,1734075788.0,,0.141,港股主板
02495,,,0.7409,30,-2.71,False,0.02,0.4416,32661809.0,25.1,6.9,3.6103,-65.71,819811406.0,,995442381.0,,20.0,8.641688588361925,-81.41,-0.79,18.712998538445213,279059.6,-0.7,1720540800000.0,4.4783,0.0,11080.0,0.78,0.4429,778.0,0.03,,-11.24,声通科技,5.6048,,39659059.0,,25.8,港股主板
01601,-1.8715352566565202,,1.1702,30,0.0,False,0.005,0.2881,493334000.0,0.68,0.0,1.0734,-13.68,335467120.0,,1098269360.0,10.15,2000.0,8.01211422104074,-20.96,0.0,-1.7826864127325481,1370.0,0.0,1579536000000.0,0.1828,0.0,2000.0,0.01,0.2888,771.0,0.0,,0.0,中关村科技租赁,3.7204,,1615102000.0,,0.68,港股主板
06833,-12.420375642975145,,0.12640329610919815,30,-3.52,False,0.001,,2032890585.0,0.137,,1.8052218073866657,-22.34,278506010.0,,278506010.0,1.46,4000.0,4.355626304128036,-83.62,0.0,-10.848398911782775,,-0.005,1457539200000.0,0.0173,0.0,,,0.3402,770.0,,,-11.11,兴科蓉医药,7.9393,,2032890585.0,,0.142,港股主板
01237,,,0.11625063585575966,30,0.0,False,0.005,,96037051.0,0.72,,,-28.0,69146677.0,,69146677.0,,10000.0,5.685909851219297,,0.0,25.032274351947258,,0.0,1341504000000.0,0.6074,0.0,,,0.0646,763.0,,,,中科生物,1.1853,,96037051.0,,0.72,港股主板
02393,,,0.1102561935759521,30,0.0,False,0.001,,2331590000.0,0.073,,1.5606644966073722,-27.72,170206070.0,,170206070.0,,2500.0,-19.772109360189432,-80.44,0.0,-36.089583916039125,,0.0,1381420800000.0,-0.0401,0.0,,,0.3894,761.0,,,0.0,巨星医疗控股,-1.8206,,2331590000.0,,0.073,港股主板
02203,,,3.1939,30,-4.43,False,0.001,2.0396,800000000.0,0.151,5.06,11.1873,-28.44,120800000.0,,120800000.0,,10000.0,1.6685027081612045,,0.0,-62.217619852923775,38560.0,-0.007,1444320000000.0,0.0009,0.0,250000,0.45,2.0396,761.0,0.03,,,脑洞科技,166.1623,,800000000.0,,0.158,港股主板
01058,-71.36240954808872,,2.5112,30,-7.25,False,0.005,18.7117,538019000.0,0.32,4.35,,-11.11,172166080.0,,172166080.0,,2000.0,-75.92520954223082,-85.12,0.0,-10.372751081424436,29140.0,-0.025,850665600000.0,-0.0164,0.0,92000,1.48,18.7117,760.0,0.02,,,南粤控股,-19.4934,,538019000.0,,0.345,港股主板
01400,,,0.96,30,-6.06,False,0.001,8.5848,3801767365.0,0.031,18.18,9.5721,63.16,117854788.0,,117854788.0,,10000.0,-219.706082229018,-99.96,0.0,-13.324796826592033,525110.0,-0.002,1398355200000.0,0.0756,0.0,15540000,0.57,8.6117,756.0,0.41,,0.0,满地科技股份,0.4101,,3801767365.0,,0.033,港股主板
00601,-9.4271607139079,,0.3017028335738081,30,-1.69,False,0.001,,688595103.0,0.058,,,-27.5,39938516.0,,39938516.0,,10000.0,-1867.548119113087,-99.19,0.0,-37.73665706034641,,-0.001,728150400000.0,-0.4636,0.0,,,-0.4096,756.0,,,,稀镁科技,-0.1251,,688595103.0,,0.059,港股主板
08201,-23.02583403412758,,0.1176,30,0.0,False,0.001,0.3182,540000000.0,0.113,0.0,2.6337,52.7,61020000.0,,61020000.0,,20000.0,-1.2111485184821051,-91.66,0.0,9.494865423097586,2260.0,0.0,1371398400000.0,-0.0042,0.0,20000.0,0.11,0.3242,754.0,0.0,,0.0,宝联控股,-26.7749,,540000000.0,,0.113,港股GEM
08148,,,12.649791220085156,30,0.0,False,0.005,,458150400.0,3.385,,,-15.16,1550839104.0,,1550839104.0,,20000.0,30.551834406464717,-73.46,0.0,97.58980285002829,,0.0,1073577600000.0,0.0386,0.0,,,17.4179,753.0,,,0.0,悟喜生活,87.742,,458150400.0,,3.385,港股GEM
00756,-32.93939571802081,,2.1690831750600785,30,0.0,False,0.005,,340558265.0,0.6,,57.06086540072605,55.84,204334959.0,,204334959.0,,8000.0,3.9425555243534456,-89.27,0.0,35.840722374170596,,0.0,1215619200000.0,-0.039,0.0,,,-0.6601,753.0,,,0.0,森美控股,-15.3874,,340558265.0,,0.6,港股主板
01315,,,0.036742189858460055,30,0.74,False,0.001,,621876317.0,0.137,,1.4393825815171482,-1.44,85197055.0,,85197055.0,,10000.0,5.575815433571997,-97.31,0.0,-3.307670450312661,,0.001,1326816000000.0,0.0141,0.0,,,0.5125,752.0,,,0.0,绿色经济,9.7246,,621876317.0,,0.136,港股主板
02340,55.854160740803785,,0.6055574457162829,30,0.0,False,0.001,,764723000.0,0.145,,,-12.65,110884835.0,,110884835.0,,4000.0,-43.91266346603924,150.0,0.0,13.556308080528634,,0.0,1065628800000.0,-0.0693,0.0,,,1.0729,752.0,,,108.11,昇柏控股,-2.092,,764723000.0,,0.145,港股主板
03773,29.501734505514964,,5.9278,30,0.0,False,0.005,2.4471,415000000.0,2.42,1.65,22.4751,51.25,1004300000.0,,1004300000.0,,2000.0,9.32218864679237,96.48,0.0,16.82235138061847,260490.0,0.0,1452096000000.0,0.087,0.0,108000.0,0.95,2.4547,752.0,0.03,,0.0,银盛数惠,27.8152,,415000000.0,,2.42,港股主板
00160,,,0.5584,30,0.0,False,0.005,0.0445,720429301.0,0.645,0.78,1.5544,-30.37,464676899.0,,464676899.0,1.55,2000.0,-5.052984097991682,,0.0,-7.442180734708881,322740.0,0.0,599414400000.0,-0.732,0.0,502000.0,2.39,0.0449,751.0,0.07,,,汉国置业,-0.8811,,720429301.0,,0.645,港股主板
00254,,,1.409,30,0.0,False,0.001,1.2042,675762840.0,0.212,2.83,,-64.67,143261722.0,,143261722.0,,20000.0,-35.63588611865983,,0.0,-4.377690051702765,306360.0,0.0,90691200000.0,-0.0723,0.0,1440000.0,0.23,0.7596,749.0,0.21,,,国家联合资源,-2.9329,,675762840.0,,0.212,港股主板
08021,,,1.1662,30,-17.53,False,0.001,0.2533,718355052.0,0.16,6.19,23.6788,-50.0,114936808.0,,114936808.0,,10000.0,22.27581474563364,-99.44,0.0,-12.305205342323566,50710.0,-0.034,1007654400000.0,0.1317,0.0,310000,14.45,0.2059,749.0,0.04,,0.0,汇隆控股,1.2146,,718355052.0,,0.194,港股GEM
06858,-29.936457798772466,,1.5955,30,0.7,False,0.005,1.3116,605642500.0,2.89,2.09,32.0172,-7.67,1750306825.0,,1750306825.0,,500.0,3.973695749346236,-53.17,0.0,-8.954834610104479,8610.0,0.02,1475683200000.0,0.0908,0.0,3000.0,0.06,1.2477,747.0,0.0,,7.25,本间高尔夫,31.8376,,605642500.0,,2.87,港股主板
06117,-18.298050919460383,,1.3111,30,-1.72,False,0.005,0.2703,820000000.0,0.57,0.0,2.5406,-10.39,467400000.0,,946200000.0,6.14,2000.0,4.888338300918305,-52.76,0.0,-10.241802664986633,26220.0,-0.01,1560873600000.0,0.1001,0.0,46000.0,1.81,0.2711,747.0,0.01,,166.67,日照港裕廊,5.6935,,1660000000.0,,0.58,港股主板
02726,,,30.6538,30,-7.85,False,0.05,6.956,118923631.0,85.7,10.81,543.8398,12.38,10191755177.0,,36472618217.0,,50.0,,-22.09,0.18,8.75889141887589,11773226.3,-7.3,1774800000000.0,0.1681,-939645.0,133021,0.92,6.9777,746.0,0.11,,35.06,瀚天天成,509.8563,,425584810.0,,93.0,港股主板
01000,69.69988404262264,,0.6494,30,-2.13,False,0.005,0.135,54901000.0,0.46,1.06,,-9.8,25254460.0,,90762600.0,,500.0,-11.852306387098707,-96.46,0.0,-19.6926208159517,5402.5,-0.01,1103644800000.0,-0.4189,0.0,12000,0.14,0.1354,746.0,0.02,,0.0,北青传媒,-1.0982,,197310000.0,,0.47,港股主板
00367,-28.282288451945615,,1.0621795537879746,30,0.0,False,0.001,,1672553104.0,0.221,,,-29.84,369634236.0,,369634236.0,,4000.0,-4.771982953235194,,0.0,11.406573349231518,,0.0,537724800000.0,-0.2131,0.0,,,0.0505,746.0,,,,庄士机构国际,-1.037,,1672553104.0,,0.221,港股主板
08018,-53.59931212475957,,0.5008,30,-2.08,False,0.001,0.6394,504232936.0,0.047,,2.137,38.24,23698948.0,,23698948.0,,10000.0,-16.91400892162072,-99.06,-2.08,-2.056983073480223,7.0,-0.001,1380124800000.0,-0.0136,0.0,200.0,0.0,0.6394,743.0,0.0,,,汇财金融投资,-3.4627,,504232936.0,,0.048,港股GEM
02627,,,33.28952099141235,30,0.0,False,0.02,,296361845.0,29.32,,,-27.14,8689329295.0,,11535737032.0,,200.0,,-11.15,,,,0.0,1754841600000.0,-0.6122,0.0,,,24.6668,743.0,,,157.98,中慧生物-B,-47.8967,,393442600.0,,29.32,港股主板
00201,-38.19890534238591,,0.9068142296703393,30,0.0,False,0.001,,8947051324.0,0.058,,3.3073024078417377,-17.14,518928977.0,,518928977.0,,2000.0,0.8939863593519568,,0.0,9.20100679781346,,0.0,90777600000.0,0.0042,0.0,,,0.1226,742.0,,,,华大酒店,13.7297,,8947051324.0,,0.058,港股主板
02146,-11.289126375082736,,0.3569,30,3.16,False,0.005,0.2691,94000000.0,1.96,6.32,,39.01,184240000.0,,736960000.0,,500.0,4.009450648275162,-80.17,0.0,-1.95122567846312,299932.5,0.06,1610640000000.0,0.2881,0.0,155000,3.03,0.2699,739.0,0.16,,-8.17,荣万家,6.8044,,376000000.0,,1.9,港股主板
00355,-24.683904282890033,,0.0561,30,-3.85,False,0.001,0.0356,3092569188.0,0.075,3.85,0.1003,-11.76,231942689.0,,231942689.0,,4000.0,-7.9398567735417345,,-3.85,20.238900335641794,18184.0,-0.003,368640000000.0,-0.1728,0.0,240000.0,0.62,0.0356,738.0,0.01,,,世纪城市国际,-0.434,,3092569188.0,,0.078,港股主板
01007,-3.9365691445980233,,0.36187599303718077,30,0.0,False,0.001,,189592867.0,0.07,,,0.0,13271501.0,,13271501.0,,4000.0,7.643914266214505,-99.99,,-29.703912660364374,,0.0,1288195200000.0,-0.0866,0.0,,,-0.0597,737.0,,,0.0,龙辉国际控股,-0.8079,,189592867.0,,0.07,港股主板
03625,11.645093052791267,,15.7135,30,-14.22,False,0.05,10.4297,110889800.0,52.5,13.32,,31.25,5821714500.0,,5880000000.0,,100.0,,-38.27,-1.32,24.20727685196036,11263275.0,-8.7,1774886400000.0,-0.9915,-328200.0,203100,1.11,10.4623,736.0,0.18,,100.0,傅里叶,-52.9521,,112000000.0,,61.2,港股主板
01039,-25.001223975049736,,0.4794,30,-10.0,False,0.001,0.3962,1810953272.0,0.054,0.0,3.722,3.85,97791477.0,,97791477.0,,1000.0,-7.2631208970623256,-98.6,0.0,-10.219218149814747,7020.0,-0.006,1285257600000.0,-0.01,0.0,130000,0.32,0.3975,733.0,0.01,,0.0,畅由国际集团,-5.402,,1810953272.0,,0.06,港股主板
01173,,,0.1616071711272276,30,0.0,False,0.001,,2518001334.0,0.027,,0.7122984305261614,-6.9,67986036.0,,67986036.0,,20000.0,-215.02740591315685,-23.51,0.0,-3.806114534916938,,0.0,924451200000.0,-0.0419,0.0,,,3.6015,732.0,,,,威高国际,-0.6442,,2518001334.0,,0.027,港股主板
00256,79.41562315757386,,0.5062,30,0.0,False,0.001,0.1349,5192547029.0,0.102,5.88,0.2773,-49.0,529639797.0,,529639797.0,,2000.0,-3.057543239619666,-86.54,2.0,-13.103386994172507,205282.0,0.0,692294400000.0,-0.0229,0.0,2060000.0,0.87,0.132,731.0,0.04,,,冠城钟表珠宝,-4.4491,,5192547029.0,,0.102,港股主板
00648,-8.340999851515473,,0.6921,30,-7.53,False,0.005,1.4297,107116933.0,0.43,13.98,2.4338,-88.44,46060281.0,,46060281.0,,1000.0,43.36506600746857,,0.0,8.185488334487134,362555.76,-0.035,657129600000.0,0.077,0.0,794306,0.54,1.4297,729.0,0.74,,,京玖康疗,5.5865,,107116933.0,,0.465,港股主板
00417,,,0.1054,30,3.65,False,0.005,0.5303,249182030.0,0.71,2.19,1.6743,-20.22,176919241.0,,176919241.0,,2000.0,26.372673785942197,,0.0,-13.459623296277169,5590.0,0.025,551980800000.0,0.4591,0.0,8000.0,0.06,0.3446,728.0,0.0,,,谢瑞麟,1.5466,,249182030.0,,0.685,港股主板
01319,-1.3728912121150127,,3.0202,30,0.0,False,0.005,0.4595,1924308406.0,0.27,0.0,2.5825,4.05,519563270.0,,519563270.0,8.15,8000.0,7.298469122931792,65.14,0.0,-0.28380669226809596,41040.0,0.0,1363017600000.0,0.0429,0.0,152000.0,1.86,0.4495,728.0,0.01,,0.0,霭华押业信贷,6.2894,,1924308406.0,,0.27,港股主板
03332,-32.00785986119229,,0.2103,30,1.44,False,0.001,0.4146,946298370.0,0.211,1.92,3.1759,-44.47,199668956.0,,199668956.0,,2000.0,4.66912731787035,-90.91,0.0,17.389827619553678,840.0,0.003,1389715200000.0,0.0238,0.0,4000.0,0.2,0.4158,726.0,0.0,,,中生联合,8.8598,,946298370.0,,0.208,港股主板
01511,7.866663099728655,,18.2448,30,-3.47,False,0.02,7.9875,126725450.0,50.0,3.86,,-17.08,6336272500.0,,8124251000.0,,50.0,,-10.71,0.05,49.70463030047665,12924123.15,-1.8,1779206400000.0,-1.7265,-344760.0,256600.0,0.7,8.0125,724.0,0.2,,-4.64,驭势科技,-28.96,,162485020.0,,51.8,港股主板
01498,-39.91746727815465,,0.4059,30,0.0,False,0.001,1.0507,535897647.0,0.245,0.0,,-30.99,131294924.0,,131294924.0,,500.0,-24.412113830824694,-94.39,0.0,-8.518474547852072,3350.0,0.0,1436284800000.0,-0.0516,0.0,13000.0,0.2,1.0507,724.0,0.0,,0.0,培力农本方,-4.7466,,535897647.0,,0.245,港股主板
00602,72.41236282926448,,0.0951,30,0.0,False,0.001,,1037500002.0,0.045,0.0,0.3211,-4.26,46687500.0,,46687500.0,,2500.0,84.67545279873976,-83.03,0.0,9.562627411593416,225.0,0.0,1179676800000.0,-0.1159,0.0,5000.0,0.07,-0.2267,723.0,0.0,,0.0,佳华百货控股,-0.3883,,1037500002.0,,0.045,港股主板
02661,45.44943977065425,,0.7103,30,0.0,False,0.005,0.7356,206467158.0,3.62,10.36,,-94.72,747411112.0,,747411112.0,,200.0,475.2795202316123,-92.76,-0.28,9.124820469249872,46134935.0,0.0,1766419200000.0,-2.7912,-603977.0,12172800.0,9.23,0.7081,722.0,5.9,,158.82,轻松健康,-1.2969,,206467158.0,,3.62,港股主板
06882,35.008949523305844,,0.16135949597692426,30,0.0,False,0.005,,502450000.0,0.495,,3.98578125,7.7,248712750.0,,248712750.0,7.07,2000.0,55.03163198392218,-43.45,0.0,4.887617053733617,,0.0,1417104000000.0,0.1161,0.0,,,2.1017,721.0,,,0.0,东瀛游,4.2643,,502450000.0,,0.495,港股主板
08479,97.38540355040091,,,30,,False,0.01,,930000000.0,0.75,,,,697500000.0,,697500000.0,,4000.0,9.527429651078293,50.0,,19.74775015291477,,,1516118400000.0,0.0461,0.0,,,1.4594,719.0,,,24.0,金泰丰国际控股,16.2527,,930000000.0,,,港股GEM
02567,-56.543948603910955,,0.3437,30,-4.0,False,0.005,1.8506,2003520275.0,0.36,4.0,,-45.45,721267299.0,,721267299.0,,1000.0,-10.713785901907592,-77.5,-2.7,12.832240105574844,227855.0,-0.015,1729008000000.0,-0.0227,0.0,620000.0,0.88,1.8564,719.0,0.03,,-56.73,七牛智能,-15.8356,,2003520275.0,,0.375,港股主板
00482,-20.729759820016326,,0.2477,30,-6.12,False,0.005,,245391143.0,0.46,8.16,1.8338,-27.96,112879926.0,,112879926.0,,10000.0,94.00118807638746,-99.31,0.0,-6.34896153904797,48850.0,-0.03,1115827200000.0,-0.3934,0.0,110000,1.32,-1.2571,718.0,0.04,,0.0,圣马丁国际,-1.1694,,245391143.0,,0.49,港股主板
08178,12.040575481521842,,1.0746,30,-4.76,False,0.001,0.2057,172107158.0,0.2,8.1,,-24.78,34421432.0,,34421432.0,,2000.0,-33.518118342038676,-99.97,0.0,-16.389851199214977,107206.0,-0.01,1008000000000.0,-0.3587,0.0,540000,0.18,0.1937,717.0,0.31,,0.0,中国信息科技,-0.5576,,172107158.0,,0.21,港股GEM
08056,,,0.9339,30,2.41,False,0.001,,113414545.0,0.255,15.26,4.4769,84.78,28920709.0,,28920709.0,,10000.0,-16.663067213783506,-99.72,0.0,-20.38150064983203,257520.0,0.006,1470326400000.0,0.0918,0.0,1010000,0.81,-0.5031,716.0,0.89,,-14.0,生活概念,2.7766,,113414545.0,,0.249,港股GEM
00515,222.88796553682758,,0.17835217943811868,30,0.0,False,0.001,,285567614.0,0.173,,,0.0,49403197.0,,49403197.0,,10000.0,-109.93069109126954,-98.72,,-36.702009835482976,,0.0,1150992000000.0,-0.2414,0.0,,,0.6388,714.0,,,0.0,中华银科技,-0.7165,,285567614.0,,0.173,港股主板
01289,2.6444873501051624,,1.325,30,-0.46,False,0.005,0.3227,32000000.0,2.145,0.0,,-18.72,68640000.0,,274560000.0,8.72,500.0,4.442565036302913,-60.88,0.0,-17.30832979072261,4300.0,-0.01,1415635200000.0,0.2921,0.0,2000.0,0.12,0.3237,714.0,0.01,,0.0,盛力达科技,7.3423,,128000000.0,,2.155,港股主板
02377,-9.952082105990257,,0.2643,30,-1.32,False,0.005,0.1661,854862679.0,0.75,2.63,1.5028,-19.26,641147009.0,,641147009.0,8.53,1000.0,6.172944266529591,-55.26,0.0,-1.995304117412755,2290.0,-0.01,1521129600000.0,0.2705,0.0,3000,0.65,0.1666,713.0,0.0,,0.0,博奇环保,2.7728,,854862679.0,,0.76,港股主板
09919,-20.485747557262812,,0.6758,30,-0.7,False,0.005,1.4122,743656000.0,0.705,2.11,6.0431,-26.73,524277480.0,,524277480.0,11.77,2000.0,20.675098308156446,-31.23,0.0,-12.394658012355297,310580.0,-0.005,1579104000000.0,0.1021,137200.0,444000.0,5.21,1.4002,712.0,0.06,,-22.28,艾德韦宣集团,6.9034,,743656000.0,,0.71,港股主板
01633,,,1.2568,30,-2.44,False,0.005,1.5933,684750000.0,0.4,3.66,23.7225,241.88,273900000.0,,273900000.0,,3000.0,-13.396623817186597,-43.66,0.0,-11.56714618589928,162435.0,-0.01,1478793600000.0,-0.0315,0.0,405000,0.32,1.8239,712.0,0.06,,80.28,上谕集团,-12.7029,,684750000.0,,0.41,港股主板
00852,80.31680147057803,,0.3152,30,-3.7,False,0.001,0.7412,2123364090.0,0.208,16.2,,25.3,441659731.0,,441659731.0,,2000.0,-43.72156293135818,-45.16,0.97,-0.7858771046665214,133158.0,-0.008,1231689600000.0,-0.1541,0.0,614000.0,0.9,0.7412,711.0,0.03,,0.0,海峡石油化工,-1.3498,,2123364090.0,,0.216,港股主板
01697,,,,30,0.9,False,0.001,0.0818,1164735000.0,0.225,1.35,0.8593,-40.0,262065375.0,,1048241250.0,,1800.0,-2.059288317523481,-88.69,0.0,-53.97402498975454,17386.2,0.002,1512662400000.0,-0.0557,0.0,77400,1.02,0.0821,711.0,0.01,,-3.29,山东国信,-4.0426,,4658850000.0,,0.223,港股主板
00718,-31.569678063931196,,1.3535818009431373,30,-3.13,False,0.001,,5250019852.0,0.031,,3.4343542805292366,-3.13,162750615.0,,162750615.0,,5000.0,16.633812707695895,-99.92,6.67,-18.24547158612838,,-0.001,812563200000.0,-0.0711,0.0,,,-0.0651,711.0,,,,太和控股,-0.4361,,5250019852.0,,0.032,港股主板
01476,71.48691393467624,,0.6731182302034355,30,0.0,False,0.005,,450846000.0,1.09,,,-32.26,491422140.0,,2838978479.0,1.65,1000.0,3.7490959032493767,-70.78,0.0,22.182800066696927,,0.0,1444838400000.0,0.1439,0.0,,,0.2824,710.0,,,0.0,金融街证券,7.5728,,2604567412.0,,1.09,港股主板
00498,,,2.1103070641311175,30,0.0,False,0.001,,1040946114.0,0.071,,,-40.83,73907174.0,,73907174.0,,10000.0,4.4374295962690615,-99.4,,-81.29861881132436,,0.0,748540800000.0,0.0493,0.0,,,0.0497,710.0,,,,蓝河控股,1.4404,,1040946114.0,,0.071,港股主板
08187,,,2.7156,30,0.9,False,0.005,22.712,151683840.0,0.56,0.0,,12.0,84942950.0,,84942950.0,,5000.0,-105.0877192982456,-98.74,0.0,3.3970417038311274,61600.0,0.005,1464537600000.0,-0.0553,0.0,110000,1.28,22.712,709.0,0.07,,-48.8,积木集团,-10.1291,,151683840.0,,0.555,港股GEM
08326,-40.3733454216503,,0.3641,30,-1.82,False,0.001,0.3518,1227000000.0,0.108,14.55,2.6815,-32.5,132516000.0,,132516000.0,,25000.0,1.6042194970999173,-82.08,0.0,-19.159169940727118,5800.0,-0.002,1384963200000.0,0.0048,0.0,50000.0,0.25,0.3551,707.0,0.0,,0.0,同景新能源,22.6214,,1227000000.0,,0.11,港股GEM
01321,,,1.6794433417646006,30,0.0,False,0.005,,1844023117.0,0.77,,1.8633340332274744,28.33,1419897800.0,,1419897800.0,,2000.0,-3.018293065454086,-49.67,0.0,-17.068582454363902,,0.0,1404921600000.0,-0.0875,0.0,,,0.2673,707.0,,,0.0,中国新城市,-8.8003,,1844023117.0,,0.77,港股主板
02635,21.243503926322838,,5.2482,30,-7.26,False,0.005,2.869,304345780.0,9.07,5.93,100.3286,-75.75,2760416225.0,,3434500620.0,,100.0,15.317290476770328,-71.64,-0.27,21.873552385371696,9041377.5,-0.71,1766419200000.0,0.3943,-213979.0,990100,2.1,2.8779,707.0,0.33,,363.75,诺比侃,23.0038,,378666000.0,,9.78,港股主板
08227,-38.68940051391824,,18.1681,30,0.0,False,0.001,,645764706.0,0.25,2.0,,15.74,161441177.0,,474407250.0,,1000.0,15.956544462246288,-63.88,0.0,-15.299214915294012,25560.0,0.0,1067961600000.0,-0.0056,0.0,102000.0,1.19,-6.5392,707.0,0.02,,0.0,海天天线,-44.5304,,1897629000.0,,0.25,港股GEM
01080,,,0.1509,30,10.87,False,0.001,0.4286,3874365600.0,0.051,10.87,3.3698,-43.33,197592646.0,,197592646.0,,1500.0,8.773478847861686,-97.53,0.0,36.064176024017904,9964.5,0.005,1261065600000.0,0.01,0.0,211500,1.1,0.43,705.0,0.01,,0.0,胜利管道,5.0846,,3874365600.0,,0.046,港股主板
00377,-58.00873803386195,,0.1117,30,-4.32,False,0.005,,187491851.0,0.885,11.89,,-2.75,165930288.0,,165930288.0,,80.0,2.16440821629236,-89.02,0.0,-24.217215111480773,128334.0,-0.04,735148800000.0,-1.1516,0.0,145480,0.9,-0.0178,705.0,0.08,,,中国华君,-0.7685,,187491851.0,,0.925,港股主板
01312,52.42548814597383,,0.2182,30,6.45,False,0.001,0.3615,5588571777.0,0.033,9.68,4.7537,13.79,184422869.0,,184422869.0,,6000.0,-35.60980221703666,-80.59,0.0,-1.4450465913638744,3726.0,0.002,1326816000000.0,-0.0381,0.0,120000,0.07,0.3615,705.0,0.0,,0.0,华控康泰,-0.8666,,5588571777.0,,0.031,港股主板
01198,25.1613987822666,,0.9483,30,1.6,False,0.001,1.1846,2598561326.0,0.127,73.6,,1.6,330017288.0,,330017288.0,,2000.0,-107.38330716565427,,0.0,-35.997926005021476,120816.5,0.002,1021392000000.0,-0.2932,42640.0,912500.0,4.47,1.1883,705.0,0.04,,,皇朝家居,-0.4332,,2598561326.0,,0.125,港股主板
02701,,,2.5419,30,-6.54,False,0.005,2.3399,95000000.0,7.005,10.14,,-35.14,665475000.0,,4750277534.0,,200.0,,-51.01,0.21,23.450095558819694,18944202.0,-0.49,1774195200000.0,-0.1225,317983.0,2615000,7.94,2.3472,705.0,2.75,,4.17,国民技术,-57.1866,,678126700.0,,7.495,港股主板
00765,-33.642895882574464,,0.5576017676245607,30,0.0,False,0.001,,490385410.0,0.176,,,-41.33,86307832.0,,86307832.0,,2000.0,-16.403513920682435,-25.3,0.0,5.213362840702351,,0.0,719769600000.0,-0.0171,0.0,,,1.2004,703.0,,,,威发国际,-10.2944,,490385410.0,,0.176,港股主板
00073,-22.987732630677403,,0.2908094685508299,30,0.0,False,0.005,,14900529.0,1.85,,,45.68,27565979.0,,27565979.0,,1000.0,-27.185341704290366,-99.97,0.0,-9.32848623526622,,0.0,1259164800000.0,-2.0806,0.0,,,0.2817,703.0,,,0.0,亚洲果业,-0.8892,,14900529.0,,1.85,港股主板
01298,,,1.024047689625547,30,0.0,False,0.005,,275437000.0,1.48,,3.247224005671635,51.02,407646760.0,,407646760.0,,1000.0,5.970903095464784,-36.56,0.0,5.948911548144409,,0.0,1324396800000.0,0.0373,0.0,,,2.2469,702.0,,,0.0,云能国际,39.6351,,275437000.0,,1.48,港股主板
02086,-48.222208716759404,,1.8158815754858941,30,0.0,False,0.005,,319564892.0,0.54,,205.92487112171838,16.13,172565042.0,,172565042.0,,1000.0,-4.563554437807817,,0.0,7.869872570879122,,0.0,1068393600000.0,-0.0082,206000.0,,,3.0036,701.0,,,,高维科技,-66.041,,319564892.0,,0.54,港股主板
00913,,,3.7639,30,-5.19,False,0.001,0.4053,887045040.0,0.146,3.9,,-51.33,129508576.0,,129508576.0,,10000.0,56.24724309671417,-100.0,0.0,48.11278828068952,24844.0,-0.008,940953600000.0,0.1581,0.0,168000,2.21,0.4053,699.0,0.02,,,港湾数字,0.9233,,887045040.0,,0.154,港股主板
00372,7.416132711027901,,0.4838497475977937,30,0.0,False,0.001,,302742424.0,0.164,,,-40.36,49649758.0,,49649758.0,,30000.0,-508.92049324482304,-97.14,0.0,-39.020141276904155,,0.0,697910400000.0,-0.8268,0.0,,,-0.6634,699.0,,,,保德国际发展,-0.1984,,302742424.0,,0.164,港股主板
01609,21.00517260114847,,7.6557,30,-10.41,False,0.05,2.494,54784144.0,68.4,11.53,27.337,-30.56,3747235450.0,,3747235450.0,,50.0,,-76.25,-1.51,27.10300027954615,12169810.0,-7.95,1777910400000.0,2.6192,261630.0,171700,1.04,2.4703,697.0,0.31,,118.27,天星医疗,26.1151,,54784144.0,,76.35,港股主板
89888,-52.756641336865904,,1.5601,30,-2.77,False,0.05,0.6887,2209541178.0,70.2,1.52,20.1986,-40.46,155109790696.0,,191896017160.0,,50.0,-1.3481855638806237,-46.78,0.07,-2.2843899066881335,824295.0,-2.0,1687104000000.0,-1.3154,0.0,11700.0,2.22,0.7061,696.0,0.0,82.15,-1.59,百度集团-WR,-53.3688,09888,2733561498.0,,72.2,港股主板
01752,50.088131630147295,,1.247928272060639,30,0.0,False,0.001,,2231846000.0,0.115,,,25.0,256662290.0,,256662290.0,5.22,10000.0,7.287974744833731,-59.38,0.0,12.400894684799413,,0.0,1525968000000.0,0.0091,0.0,,,0.918,695.0,,,19.7,澳洲成峰高教,12.6438,,2231846000.0,,0.115,港股主板
02392,,,0.5686,30,-4.12,False,0.005,1.5003,554859000.0,0.93,0.0,,-19.83,516018870.0,,516018870.0,,500.0,-8.380857677212022,-85.1,0.0,-12.904250320261458,19530.0,-0.04,1657209600000.0,-0.0516,0.0,21000.0,0.16,1.4903,695.0,0.0,,0.64,玄武云,-18.009,,554859000.0,,0.97,港股主板
02281,-21.879015321657736,,0.3695,30,-0.87,False,0.005,0.14,214940000.0,0.57,3.48,0.8008,-17.38,122515800.0,,490034700.0,8.25,1000.0,3.444212921893155,-54.8,-0.87,-3.4883550894528104,100475.0,-0.005,1490889600000.0,0.1384,0.0,174000.0,1.8,0.1403,695.0,0.08,,-3.45,兴泸水务,4.1195,,859710000.0,,0.575,港股主板
09611,-13.234595834309705,,0.22,30,-0.61,False,0.01,1.2157,51382600.0,19.65,5.16,14.9621,-35.19,1009668090.0,,10244058730.0,3.03,100.0,,-42.6,0.61,13.25121174447208,3277111.0,-0.12,1769011200000.0,1.0346,33438.0,164700.0,2.74,1.2044,693.0,0.32,,3.55,龙旗科技,18.9928,,521326144.0,,19.77,港股主板
06108,-24.352316336103808,,0.2166,30,-0.92,False,0.001,0.099,200616665.0,0.215,1.84,3.8378,-21.82,43132583.0,,43132583.0,,8000.0,-3.761324019534333,,0.0,87.5365574852214,121695.2,-0.002,1382630400000.0,-0.0806,0.0,565600.0,7.11,0.099,688.0,0.28,,,新锐医药,-2.6661,,200616665.0,,0.217,港股主板
08200,-29.69383927313951,,0.0654,30,-0.67,False,0.005,0.0799,78842031.0,0.745,,3.2435,9.56,58737313.0,,58737313.0,,4000.0,-0.6776861817520189,-99.86,0.0,-9.996173869755953,1216.25,-0.005,1069171200000.0,-0.0614,0.0,1750.0,0.03,0.0822,687.0,0.0,,0.0,修身堂,-12.1308,,78842031.0,,0.75,港股GEM
00222,18.10004991997851,,5.5349,30,-0.38,False,0.005,0.1818,597257252.0,2.62,1.14,,-26.26,1564814000.0,,1564814000.0,3.05,2000.0,1.0691591722441567,,0.0,3.0000613974169754,57980.0,-0.01,394041600000.0,0.1506,0.0,22000.0,0.78,0.1818,684.0,0.0,,,闽信集团,17.3982,,597257252.0,,2.63,港股主板
03708,113.50341612448234,,0.2995212992751657,30,0.0,False,0.001,,727280000.0,0.255,,,-31.08,185456400.0,,185456400.0,,10000.0,-9.07894921979429,-80.38,-1.92,8.379397048293624,,0.0,1421164800000.0,-0.0177,-715000.0,,,1.326,683.0,,,0.0,世界数字经济产业,-14.3709,,727280000.0,,0.255,港股主板
01240,,,0.0315,30,0.0,False,0.001,0.1057,1518320030.0,0.18,23.89,0.3008,-5.26,273297605.0,,273297605.0,,2500.0,2.5750885417123883,-58.21,0.0,-7.067230785495426,36842.5,0.0,1350489600000.0,0.0435,0.0,215000.0,1.22,0.1057,683.0,0.01,,0.0,青建国际,4.1408,,1518320030.0,,0.18,港股主板
00556,,,1.2122,30,-3.08,False,0.005,0.2706,1004820842.0,0.315,7.69,,-31.34,316518565.0,,316518565.0,66.67,2000.0,-0.03132163564878372,-84.54,0.0,-1.0362194233520472,260050.0,-0.01,1198166400000.0,-0.0004,0.0,820000.0,0.81,0.2706,682.0,0.08,,0.0,泛亚环保,-711.3407,,1004820842.0,,0.325,港股主板
06657,,,3.8705,30,-5.82,False,0.01,2.8896,225906754.0,13.26,8.74,,-33.7,2995523558.0,,2995523558.0,,100.0,-6.177673224746508,-58.56,0.0,-4.362499471791592,1109666.0,-0.82,1720454400000.0,-0.2884,0.0,82500.0,5.0,2.8987,679.0,0.04,,8.06,百望股份,-45.9794,,225906754.0,,14.08,港股主板
08112,-43.45941912052127,,0.7288,30,0.0,False,0.001,0.3214,229418448.0,0.117,,,7.34,26841958.0,,26841958.0,,24000.0,-8.470045660005047,-99.81,0.0,-21.648533584510986,22.22,0.0,1311782400000.0,-0.0322,0.0,220.0,0.0,0.3214,679.0,0.0,,0.0,基石金融,-3.6356,,229418448.0,,0.117,港股GEM
00731,-23.00166246686467,,0.2269,30,-3.64,False,0.005,3.6374,1414600832.0,0.265,3.64,,23.26,374869220.0,,374869220.0,,20000.0,-49.24369431310867,-90.44,0.0,12.201415483786837,142300.0,-0.01,817747200000.0,-0.0462,0.0,540000.0,3.37,3.6374,678.0,0.04,,,建发新胜,-5.7359,,1414600832.0,,0.275,港股主板
06658,34.790278693323586,,6.8489,30,-3.88,False,0.1,9.0264,78811208.0,180.7,6.81,139.3978,314.64,14241185286.0,,14241185286.0,,100.0,,90.21,0.67,12.704236866698416,15895100.0,-7.3,1781452800000.0,3.17,0.0,86800.0,0.6,9.0546,678.0,0.11,,193.71,溜溜梅,57.0035,,78811208.0,,188.0,港股主板
01868,-31.852721381740857,,0.3546028487698686,30,0.0,False,0.001,,2094465417.0,0.153,,3.787146745296398,-61.75,320453209.0,,320453209.0,,2000.0,0.5124182609306716,-98.24,0.0,3.2106729836715697,,0.0,1166112000000.0,0.0045,0.0,,,0.1786,677.0,,,0.0,同方友友,34.3016,,2094465417.0,,0.153,港股主板
01245,23.383054146656733,,0.1798,30,-11.07,False,0.001,0.27,1195850460.0,0.249,7.5,1.076,29.96,297766765.0,,297766765.0,8.84,2000.0,10.195534068879688,808.76,0.0,10.67663820149798,162516.0,-0.031,1428422400000.0,0.0875,0.0,638000,4.59,0.286,677.0,0.05,,0.0,NIRAKU,2.8472,,1195850460.0,,0.28,港股主板
01221,,,13.062703537809853,30,0.0,False,0.005,,1198009674.0,1.39,,47.80757484497014,-6.56,1665233447.0,,1665233447.0,2.16,2000.0,2.3072697178213466,41.92,0.0,-2.2186713779090317,,0.0,794592000000.0,0.0814,0.0,,,0.3906,676.0,,,,信和酒店,17.0756,,1198009674.0,,1.39,港股主板
00797,,,3.9505,30,2.51,False,0.005,1.364,2508088000.0,1.02,4.02,,108.16,2558249760.0,,2558249760.0,,2000.0,3.7196108627878153,-30.88,2.0,2.0205483887222986,247470.0,0.025,1531843200000.0,0.0285,0.0,248000,0.56,1.3635,675.0,0.01,,-2.0,第七大道,35.7401,,2508088000.0,,0.995,港股主板
08296,28.281778324160523,,0.2338194479554747,30,0.0,False,0.001,,94500000.0,0.157,,14.502932551319649,-51.69,14836500.0,,14836500.0,,4000.0,-11.225091896097311,-98.65,3.29,-13.027655703021935,,0.0,1252425600000.0,-0.1571,0.0,,,0.1181,673.0,,,0.0,中国生命集团,-0.9992,,94500000.0,,0.157,港股GEM
01826,-8.842226455535817,,6.8602,30,0.0,False,0.005,271.5247,2397600000.0,0.73,6.85,,744.91,1750248000.0,,1750248000.0,,10000.0,-7507.755102040816,,0.0,-9.246368036076047,1360600.0,0.0,1443542400000.0,-0.0115,-213150.0,1850000.0,0.42,20.2702,670.0,0.08,,,丰展控股,-63.4355,,2397600000.0,,0.73,港股主板
01327,-24.860612922012326,,7.958755511890244,30,0.0,False,0.005,,258785280.0,1.505,,148.48335722455204,106.16,389471846.0,,389471846.0,,20000.0,-51.2511608061642,-95.46,0.0,11.14186694801218,,0.0,1422547200000.0,-0.0889,0.0,,,8.781,669.0,,,0.0,励时集团,-16.9255,,258785280.0,,1.505,港股主板
03363,,,0.05468138368779029,30,0.0,False,0.005,,500000000.0,0.335,,,-3.24,167500000.0,,167500000.0,3.58,2000.0,3.1994203840131985,-52.56,0.0,6.5007423468005365,,0.0,1307030400000.0,0.083,0.0,,,0.1266,669.0,,,0.0,正业国际,4.0339,,500000000.0,,0.335,港股主板
00527,215.41843847378885,,3.8479,30,-3.23,False,0.005,,2434915002.0,0.75,7.74,9.5519,22.95,1826186252.0,,1826186252.0,,12000.0,175.37472998388634,-71.69,0.0,7.589136807806818,3025400.0,-0.025,1149782400000.0,-0.4152,-280320.0,4106000.0,0.76,-1.9854,667.0,0.17,,0.0,瑞风绿能智算,-1.8064,,2434915002.0,,0.775,港股主板
08275,-4.716193679393399,,4.1992,30,1.15,False,0.001,0.7152,959985543.0,0.088,1.15,,-25.42,84478728.0,,84478728.0,,20000.0,-20.041733769719638,-98.64,0.0,-46.99572606658132,31520.0,0.001,1508083200000.0,-0.0241,0.0,360000.0,0.27,0.7317,667.0,0.04,,17.74,中国新消费集团,-3.6497,,959985543.0,,0.087,港股GEM
08368,-48.15991660865633,,0.8351,30,-1.0,False,0.001,0.3385,692217719.0,0.198,8.0,,-8.76,137059108.0,,137059108.0,,10000.0,15.307225179754514,-99.1,0.0,7.1343955387559665,765189.2,-0.002,1447776000000.0,0.08,0.0,4070400,16.29,0.3188,665.0,0.59,,0.0,中国创意控股,2.4759,,692217719.0,,0.2,港股GEM
08348,,,0.0678,30,-12.5,False,0.005,0.0993,353790000.0,0.28,0.0,1.0325,-28.21,99061200.0,,99061200.0,,2000.0,-4.048088615193412,-77.71,0.0,-40.05357834493163,2240.0,-0.04,1209484800000.0,-0.1114,0.0,8000,0.09,0.0995,664.0,0.0,,0.0,滨海泰达物流,-2.5129,,353790000.0,,0.32,港股GEM
03848,-33.047908756467116,,17.8923,30,0.24,False,0.005,2.4045,782085000.0,2.115,0.24,21.2563,-5.5,1654109775.0,,1654109775.0,0.28,1000.0,1.339432956596833,77.05,0.0,-12.864773788400841,820125.0,0.005,1500566400000.0,0.0122,0.0,388000.0,0.96,2.4097,663.0,0.05,,10.97,浩森金融科技,172.9038,,782085000.0,,2.11,港股主板
01978,-19.051328525856427,,0.1528,30,-1.48,False,0.001,0.737,800000000.0,0.2,0.49,0.9005,-43.66,160000000.0,,160000000.0,,2000.0,-6.713371997276017,-80.18,0.0,-7.413583476653452,97986.0,-0.003,1527609600000.0,-0.0189,0.0,490000,5.5,0.737,663.0,0.06,,40.0,叙福楼集团,-10.608,,800000000.0,,0.203,港股主板
02028,-21.079874276301915,,21.3511,30,-1.41,False,0.005,,858334100.0,3.84,8.47,,4760.76,3296002944.0,,3296002944.0,,2000.0,112.94339969291742,1184.71,1.32,-14.610461861276104,73471710.0,-0.055,1119974400000.0,-0.0576,7127670.0,19100000,1.63,131.3176,661.0,2.23,,0.0,映美控股,-66.6197,,858334100.0,,3.895,港股主板
06038,-17.25936674233409,,1.4053,30,-6.25,False,0.005,1.1738,1003000000.0,0.375,7.5,,29.67,376125000.0,,376125000.0,25.33,10000.0,12.258830327086368,142.09,0.0,-26.0187515857221,315200.0,-0.025,1497283200000.0,0.0389,0.0,830000,4.11,1.1738,660.0,0.08,,12.2,信越控股,9.6348,,1003000000.0,,0.4,港股主板
00128,1.6829684409469525,,38.3373,30,0.0,False,0.005,0.7786,1650658676.0,0.48,1.04,9.3249,24.68,792316164.0,,792316164.0,,4000.0,0.6158509566178979,,0.0,-45.29463068874389,160240.0,0.0,90691200000.0,0.0038,0.0,336000.0,0.49,0.7786,658.0,0.02,,,安宁控股,126.1248,,1650658676.0,,0.48,港股主板
02022,32.19811945335736,,1.1699,30,0.0,False,0.001,0.5933,2000000000.0,0.045,8.89,,-18.18,90000000.0,,90000000.0,,4000.0,-25.332906237129915,-93.28,0.0,1.4910539392685607,15508.0,0.0,1513267200000.0,-0.0216,0.0,348000.0,0.26,0.5934,657.0,0.02,,7.94,游莱互动,-2.0838,,2000000000.0,,0.045,港股主板
03228,6.825446844732208,,4.1971,30,-6.02,False,0.05,5.294,72944300.0,75.0,12.53,43.6506,7.33,5470822500.0,,80651207175.0,,100.0,,15.38,0.94,19.980358732868588,357305510.1,-4.8,1790611200000.0,1.2562,269530.0,4730100,1.65,3.9484,656.0,6.48,,10.26,景旺电子,59.7039,,1075349429.0,,79.8,港股主板
01225,,,0.9763327041510037,30,0.0,False,0.001,,230322413.0,0.265,,0.23514329248325094,33.84,61035439.0,,61035439.0,,10000.0,13.345493189301582,-97.42,0.0,-37.56058597808728,,0.0,913910400000.0,0.1884,0.0,,,0.1749,655.0,,,,隆成金融,1.4067,,230322413.0,,0.265,港股主板
00184,78.79096288435534,,0.4425,30,1.32,False,0.005,0.219,340200000.0,2.3,1.76,2.2208,12.76,782460000.0,,782460000.0,3.91,2000.0,8.714203559591619,,0.0,3.618105964337648,289670.0,0.03,99331200000.0,0.8824,0.0,128000.0,1.3,0.219,654.0,0.04,,,激成投资,2.6066,,340200000.0,,2.27,港股主板
00897,,,0.6196,30,0.0,False,0.005,0.358,1114382888.0,0.38,,6.0123,-2.56,423465497.0,,423465497.0,,5000.0,0.3378988901900554,-98.07,0.0,-19.00859396853952,0.64,0.0,878227200000.0,0.0036,0.0,2.0,0.0,0.3583,654.0,0.0,,,位元堂,106.0785,,1114382888.0,,0.38,港股主板
06913,,,0.1131,30,-4.82,False,0.001,0.0565,1334000000.0,0.079,25.3,1.8726,-72.76,105386000.0,,105386000.0,,2000.0,-5.115535019190218,-92.33,0.0,15.004041975494431,385308.0,-0.004,1626105600000.0,-0.0683,-59200.0,4810000,2.9,0.0567,654.0,0.36,,-16.98,华南职业教育,-1.1559,,1334000000.0,,0.083,港股主板
03822,,,0.11367242653266765,30,0.0,False,0.005,,84000000.0,1.13,,0.5883884405102838,-5.83,94920000.0,,94920000.0,10.62,4000.0,11.324869445138106,-81.47,0.0,26.058714826160355,,0.0,1413388800000.0,0.6776,0.0,,,0.1806,654.0,,,0.0,三和建筑集团,1.6678,,84000000.0,,1.13,港股主板
00442,-11.889241950383568,,0.9927924191383197,30,0.0,False,0.005,,259150000.0,0.605,,,-24.38,156785750.0,,156785750.0,,1000.0,-18.47523650528659,-68.22,0.0,-5.218569261949002,,0.0,1426003200000.0,-0.0685,0.0,,,1.3229,653.0,,,0.0,域能控股,-8.827,,259150000.0,,0.605,港股主板
00526,-62.55885716713867,,0.3215,30,0.0,False,0.001,0.2884,8844020391.0,0.09,6.67,2.2702,3.45,795961835.0,,795961835.0,,2000.0,4.818387525432462,-92.09,0.0,-3.4909356619487353,7202.0,0.0,813340800000.0,0.0157,0.0,76000.0,0.1,0.2692,652.0,0.0,,,利时集团控股,5.7161,,8844020391.0,,0.09,港股主板
00794,-53.392984452980954,,0.16282000635943758,30,0.0,False,0.005,,331084000.0,0.365,,3.467693764526959,82.5,120845660.0,,120845660.0,,2000.0,-1.3278039055809898,-52.93,0.0,-1.9377533138483005,,0.0,1235577600000.0,-0.0206,0.0,,,0.2346,651.0,,,0.0,锦胜集团(控股),-17.7531,,331084000.0,,0.365,港股主板
03889,,,0.2556,30,6.35,False,0.001,,1931374856.0,0.067,9.52,19.5206,-26.37,129402115.0,,129402115.0,,2000.0,41.69744000066562,-97.06,0.0,5.701679115071778,18352.0,0.004,1190217600000.0,-0.0778,0.0,292000,0.97,-0.2963,650.0,0.02,,0.0,大成玉米集团,-0.8607,,1931374856.0,,0.063,港股主板
08239,,,582.1666595727085,30,0.0,False,0.02,,782151688.0,27.0,,,1997.09,21118095576.0,,21118095576.0,,500.0,-75.67159785088687,16.15,0.15,-7.687117319845738,,0.0,1037289600000.0,-0.0263,1452600.0,,,249.3672,650.0,,,0.0,首都金融控股,-1026.9949,,782151688.0,,27.0,港股GEM
00554,32.63249053107482,,0.1178,30,-1.01,False,0.001,0.9897,4387333078.0,0.196,4.04,1.0327,-21.6,859917283.0,,859917283.0,,2000.0,-12.30794114732419,-6.58,0.0,98.03644638071034,7070.0,-0.002,864748800000.0,-0.0246,0.0,36000,0.5,0.9897,648.0,0.0,,,汉思集团控股,-7.9582,,4387333078.0,,0.198,港股主板
00907,-79.610423682573,,0.29694870779561194,30,0.0,False,0.001,,872863684.0,0.061,,,12.96,53244685.0,,53244685.0,,20000.0,24.31881371640408,,,67.06894407970734,,0.0,829152000000.0,-0.0008,0.0,,,-22.8518,648.0,,,,高雅光学,-81.1657,,872863684.0,,0.061,港股主板
00225,,,3.278024132581018,30,0.0,False,0.005,,110179385.0,5.12,,16.081830520554192,-10.21,564118451.0,,564118451.0,7.03,2000.0,-0.9293783140458688,,0.0,-1.8226428463639088,,0.0,93542400000.0,-0.3727,0.0,,,0.1287,647.0,,,,博富临置业,-13.7359,,110179385.0,,5.12,港股主板
02637,4.25425222903606,,17.995,30,0.06,False,0.1,6.3282,78707270.0,155.0,6.78,54.6812,13.97,12199626850.0,,12199626850.0,,50.0,,51.96,-0.64,24.072631939229417,13327265.0,0.1,1760889600000.0,2.1929,0.0,85350.0,3.08,6.348,647.0,0.11,,20.6,海西新药,70.683,,78707270.0,,154.9,港股主板
08030,38.840618576961994,,4.077281168524895,30,-0.66,False,0.005,,349347100.0,1.5,,,-86.65,524020650.0,,524020650.0,,1000.0,19.64176704435478,-92.84,0.0,8.333296192854988,,-0.01,1336320000000.0,0.1519,0.0,,,1.6969,646.0,,,,丰银禾控股,9.876,,349347100.0,,1.51,港股GEM
06715,7.946716669351783,,6.7841,30,-3.29,False,0.05,1.7948,108885600.0,58.8,8.47,36.2642,-21.16,6402473280.0,,6402473280.0,1.49,100.0,,-42.21,0.43,16.9322361420021,10485767.5,-2.0,1782748800000.0,3.6909,1190500.0,177700.0,5.73,1.7793,644.0,0.16,,50.99,鲟龙科技,15.931,,108885600.0,,60.8,港股主板
01129,45.72365369850513,,0.44068514123206537,30,0.0,False,0.001,,632193928.0,0.163,,3.1449554416163097,-44.75,103047610.0,,103047610.0,,4000.0,-38.25444012500952,,,-42.32977813070158,,0.0,1011196800000.0,-0.4366,0.0,,,0.1593,644.0,,,,中国水业集团,-0.3733,,632193928.0,,0.163,港股主板
00943,,,4.769232953738676,30,0.0,False,0.001,,2060601229.0,0.163,,,-16.41,335878000.0,,335878000.0,,16000.0,-23.669973318738453,-99.9,0.0,-56.78964332078035,,0.0,867168000000.0,-0.042,0.0,,,0.712,642.0,,,,中证国际,-3.8832,,2060601229.0,,0.163,港股主板
02176,-47.416964268560754,,1.1983,30,0.0,False,0.005,3.9763,209000000.0,0.46,0.0,8.3994,-67.54,96140000.0,,322000000.0,22.83,10000.0,31.98880264664716,,0.0,-14.395405412182093,4600.0,0.0,1039622400000.0,0.0574,0.0,10000.0,0.05,3.9887,642.0,0.0,,,赛迪顾问,8.012,,700000000.0,,0.46,港股主板
00280,8.612103816061145,,0.4848,30,-0.91,False,0.005,0.5947,909308465.0,0.545,2.73,4.4668,30.63,495573113.0,,495573113.0,20.18,2000.0,11.914804978388794,,0.0,4.539300879465125,131210.0,-0.005,575481600000.0,0.112,0.0,238000.0,0.33,0.5563,641.0,0.03,,,景福集团,4.8673,,909308465.0,,0.55,港股主板
00722,,,0.45808948200136407,30,0.0,False,0.005,,810955244.0,0.405,,,-11.26,328436874.0,,328436874.0,8.15,2000.0,-10.794999291315579,-65.06,6.58,-0.46958627375423,,0.0,1448553600000.0,-0.092,0.0,,,0.513,640.0,,,0.0,联合医务,-4.4003,,810955244.0,,0.405,港股主板
01708,,,0.2475551290222469,30,0.0,False,0.001,,229500000.0,0.243,,,-2.8,55768500.0,,192470216.0,,500.0,-7.334081819373455,306.35,0.0,28.41329965105368,,0.0,1086710400000.0,-0.119,0.0,,,0.1542,639.0,,,0.0,三宝科技,-2.0412,,792058500.0,,0.243,港股主板
08019,,,0.5759666721026439,30,0.0,False,0.001,,356072058.0,0.071,,1.7561208669074744,-45.38,25281116.0,,25281116.0,,20000.0,5.544239672219597,,0.0,-4.4832476165472706,,0.0,995558400000.0,0.0497,0.0,,,0.0789,637.0,,,,皓文控股,1.4288,,356072058.0,,0.071,港股GEM
01917,33.121013246395805,,2.9387,30,-9.09,False,0.001,8.7572,2300000000.0,0.07,3.9,,-41.67,161000000.0,,161000000.0,,10000.0,-73.96046852122987,-88.14,0.0,-12.596338415251896,56900.0,-0.007,1552492800000.0,-0.01,0.0,800000,5.8,8.7846,636.0,0.03,,53.66,豆盟科技,-6.9729,,2300000000.0,,0.077,港股主板
02603,2.3144561016498644,,0.6418,30,-4.38,False,0.01,1.6538,77281500.0,11.57,6.61,12.0365,-10.27,894146955.0,,5298097237.0,3.2,500.0,11.689089113457108,7.76,0.09,5.071338028588079,12126730.0,-0.53,1748275200000.0,0.7883,-641830.0,1008000,0.53,1.5981,636.0,1.3,,39.06,吉宏股份,14.6763,,457916788.0,,12.1,港股主板
01305,10.885715958398379,,0.07054896122342398,30,0.0,False,0.005,,216593000.0,0.89,,26.11321728528854,30.88,192767770.0,,192767770.0,,1000.0,5.191423877555264,-72.37,0.0,14.540486220193593,,0.0,1416240000000.0,0.2305,0.0,,,0.1938,635.0,,,0.0,伟志控股,3.8609,,216593000.0,,0.89,港股主板
06636,-7.864864657724779,,18.6686,30,0.74,False,0.05,11.8127,112352436.0,74.65,3.71,,86.63,8387109347.0,,8429088551.0,,50.0,,24.52,0.0,85.97761753402489,4971277.5,0.55,1774800000000.0,-0.4568,0.0,67550.0,1.03,11.8497,634.0,0.06,,150.0,极视角,-163.4286,,112914783.0,,74.1,港股主板
08315,-58.703715086118535,,1.0713,30,0.0,False,0.001,18.9847,581442248.0,0.067,,,-41.74,38956631.0,,38956631.0,,10000.0,-34.272930648769574,-99.23,0.0,-23.436689720131064,343.2,0.0,1408464000000.0,-0.002,0.0,6600.0,0.13,9.9991,633.0,0.0,,0.0,新都酒店,-33.9048,,581442248.0,,0.067,港股GEM
01124,3.9411729292512465,,0.4246033665707715,30,0.0,False,0.001,,414602028.0,0.11,,0.492901703305017,-55.28,45606223.0,,45606223.0,,10000.0,-78.051880957697,-99.13,,-20.205224952157085,,0.0,876931200000.0,-1.1551,0.0,,,0.1156,631.0,,,,沿海家园,-0.0952,,414602028.0,,0.11,港股主板
00072,6.381936108526576,,0.284,30,0.0,False,0.001,0.7027,438352659.0,0.255,10.98,,6.25,111779928.0,,111779928.0,,2000.0,-24.057517393123323,-78.89,0.0,-5.005498963559962,50648.0,0.0,1252425600000.0,-0.101,0.0,210000.0,1.25,0.7049,631.0,0.05,,0.0,超媒体控股,-2.5254,,438352659.0,,0.255,港股主板
08217,,,0.7877,30,0.0,False,0.001,0.608,301860000.0,0.098,1.02,3.7877,-73.87,29582280.0,,29582280.0,,10000.0,59.97967924067239,-99.66,0.0,-28.92601876572144,8270.0,0.0,1460390400000.0,0.0772,0.0,85625.0,0.75,0.5854,630.0,0.03,,105.0,菊福堂生物,1.2686,,301860000.0,,0.098,港股GEM
01200,,,0.1886,30,-5.97,False,0.005,0.7311,716896005.0,1.655,7.67,1.3784,-25.27,1186462888.0,,1186462888.0,5.44,2000.0,40.01693595216281,688.1,-0.3,20.998378928511706,1866800.0,-0.105,802540800000.0,0.7719,-348000.0,1090000,1.33,0.7311,630.0,0.15,,,美联集团,2.144,,716896005.0,,1.76,港股主板
09971,-3.6870853765657796,,32.7463,30,-0.55,False,0.02,,286950642.0,39.96,1.94,,26.38,11466547654.0,,12136088763.0,,200.0,,17.12,0.05,17.681930459453234,1809456.0,-0.22,1783440000000.0,-1.2043,0.0,45600.0,0.41,16.4541,627.0,0.02,,5.06,基本半导体,-33.1815,,303705925.0,,40.18,港股主板
02415,-36.023550361597664,,1.7234234293118127,30,0.0,False,0.005,,607170950.0,0.85,,5.509894712118462,-32.0,516095308.0,,516095308.0,,250.0,1.310358763686418,-90.33,0.0,-10.11987470635316,,0.0,1682524800000.0,0.0292,0.0,,,0.3861,626.0,,,1.1,梅斯健康,29.0692,,607170950.0,,0.85,港股主板
02576,-37.47650459579632,,4.2779,30,-5.92,False,0.005,2.0752,193172533.0,4.61,6.12,,16.41,890525377.0,,2564814990.0,,200.0,-5.841970619329049,-58.99,-0.65,-1.1674988704749145,1124257.0,-0.29,1728316800000.0,-0.1345,0.0,240800,1.08,2.0301,620.0,0.12,,-29.23,太美医疗科技,-34.2716,,556359000.0,,4.9,港股主板
02317,41.878891799449725,,0.3433,30,-3.47,False,0.005,0.4432,1522742000.0,0.695,2.08,2.8889,22.83,1058305690.0,,1058305690.0,15.25,4000.0,6.05627456255746,182.29,0.0,2.6837228023201876,118880.0,-0.025,1056643200000.0,0.0938,0.0,168000.0,2.64,0.4432,620.0,0.01,,0.0,味丹国际,7.4104,,1522742000.0,,0.72,港股主板
00389,,,0.5473,30,16.13,False,0.005,1.0834,301561800.0,0.36,22.58,,-16.28,108562248.0,,108562248.0,,2000.0,-6.54834897772625,-97.57,0.0,1.8072366360048164,96640.96,0.05,1258560000000.0,-0.0224,0.0,286132,3.16,1.0868,619.0,0.09,,-70.89,通天酒业,-16.0858,,301561800.0,,0.31,港股主板
00704,,,1.3301064232822455,30,0.0,False,0.001,,290373235.0,0.133,,3.9760774220117368,47.78,38619640.0,,38619640.0,,5000.0,-3.611352525650948,-99.64,,,,0.0,675273600000.0,-0.0909,0.0,,,0.0437,618.0,,,,和嘉控股,-1.4633,,290373235.0,,0.133,港股主板
00997,-11.28072052507999,,0.3351,30,0.0,False,0.001,0.0651,1169287752.0,0.019,10.53,8.0699,-42.42,22216467.0,,22216467.0,,8000.0,-87.31458121441874,-99.82,0.0,-19.150547220553406,13072.0,0.0,952617600000.0,-0.2261,0.0,696000.0,1.08,0.1293,617.0,0.06,,0.0,普汇中金国际,-0.084,,1169287752.0,,0.019,港股主板
08250,,,0.014,30,-9.63,False,0.001,0.1365,344208116.0,0.122,6.67,,-10.29,41993390.0,,41993390.0,,10000.0,-17.123565248028687,-99.7,0.0,-16.568951122306107,17900.0,-0.013,1087488000000.0,-0.1504,0.0,141000,0.43,0.1495,617.0,0.04,,0.0,都都控股,-0.8113,,344208116.0,,0.135,港股GEM
00864,23.833027291256602,,2.867786612781005,30,0.0,False,0.001,,386175758.0,0.147,,4.432909261283773,8.89,56767836.0,,56767836.0,,4000.0,-48.85031098653735,-85.2,0.0,-12.520239841546765,,0.0,1363622400000.0,-0.408,0.0,,,0.2435,614.0,,,0.0,永利地产发展,-0.3603,,386175758.0,,0.147,港股主板
01497,10.8654308304992,,1.132289393745264,30,-3.25,False,0.005,,460920800.0,6.095,,8.173234326677742,14.73,2809312276.0,,2809312276.0,9.29,400.0,28.897425523752663,-32.76,2.42,5.865010069806864,,-0.205,1702310400000.0,0.5458,0.0,,,2.9988,614.0,,,0.0,燕之屋,11.1677,,460920800.0,,6.3,港股主板
07687,6.742400789975034,,6.0059,30,-9.5,False,0.05,9.4071,150640819.0,60.0,14.03,,-31.76,9038449140.0,,9038449140.0,,50.0,,-34.07,1.87,63.6590204566146,7132343.2,-6.3,1783440000000.0,-3.5252,-552352.5,114273,1.15,2.769,613.0,0.08,,9.99,易控智驾,-17.0204,,150640819.0,,66.3,港股主板
00383,,,0.4986,30,-15.31,False,0.005,0.4757,1010530457.0,0.83,5.1,5.007,-19.42,838740279.0,,838740279.0,,5000.0,0.4783168785105282,946.66,0.0,3.316485254138457,62730.0,-0.15,680976000000.0,0.0085,0.0,72000,0.78,0.4757,611.0,0.01,,,天安卓健,97.915,,1010530457.0,,0.98,港股主板
01417,,,1.7509,30,-4.41,False,0.005,13.7113,405000000.0,5.415,7.15,,2541.46,2193075000.0,,2193075000.0,,2000.0,-10.782796174470672,275.68,-0.91,6.717876977397674,2849360.0,-0.25,1512921600000.0,-0.042,192800.0,526000,0.87,13.7542,610.0,0.13,,3.23,浦江中国,-128.8331,,405000000.0,,5.665,港股主板
00048,,,2.0118623933545776,30,0.0,False,0.005,,437787760.0,0.37,,5.463303011905967,153.42,161981471.0,,161981471.0,,10000.0,-11.817905732029768,,0.0,-23.286643344340686,,0.0,1285689600000.0,-0.0543,0.0,,,0.7693,610.0,,,,中国汽车内饰,-6.8138,,437787760.0,,0.37,港股主板
03623,206.3624751534025,,3.513600813804243,30,-2.54,False,0.005,,630663336.0,0.575,,44.741692535471934,-48.2,362631418.0,,362631418.0,,2000.0,-18.846055646638867,-79.1,0.0,132.0006716836511,,-0.015,1384272000000.0,-0.106,0.0,,,1.112,608.0,,,,中国金融发展,-5.4262,,630663336.0,,0.59,港股主板
01147,-41.48988722490632,,0.2086,30,-2.54,False,0.001,0.9816,2044947350.0,0.115,11.02,23.6307,-20.69,235168945.0,,235168945.0,,10000.0,0.37395337630263237,-43.52,4.55,9.937417052047293,220090.0,-0.003,1589299200000.0,0.0005,0.0,1920000.0,2.04,0.9847,608.0,0.09,,-34.8,伊登软件,212.1104,,2044947350.0,,0.118,港股主板
01676,-12.683281094904675,,0.3126,30,-4.55,False,0.005,1.7649,394644342.0,0.42,1.14,,-29.1,165750624.0,,165750624.0,,10000.0,-140.17614180884627,-95.63,0.0,-4.707715275678015,118550.0,-0.02,1500307200000.0,-0.2934,0.0,280000,0.2,2.3753,606.0,0.07,,33.33,高地股份,-1.4314,,394644342.0,,0.44,港股主板
00401,,,0.7575,30,16.84,False,0.001,1.865,1128615702.0,0.111,0.0,,37.38,125276343.0,,125276343.0,,20000.0,-13.105257913442056,-97.57,0.0,-1.6222015290407343,199800.0,0.016,1381420800000.0,-0.0087,0.0,1800000,74.72,1.4976,605.0,0.16,,0.0,万嘉集团,-12.7004,,1128615702.0,,0.095,港股主板
00662,68.41059420955418,,1.0107,30,0.55,False,0.005,0.3062,924142000.0,4.55,0.11,25.4418,-0.45,4204846100.0,,4204846100.0,5.05,2000.0,10.171642252748823,,0.0,8.936862613003349,45510.0,0.025,661449600000.0,1.4019,0.0,10000.0,0.21,0.3062,604.0,0.0,,,亚洲金融,3.2456,,924142000.0,,4.525,港股主板
02225,32.25686111596347,,60.0955,30,-2.29,False,0.005,75.6882,5314000000.0,4.485,11.33,,258.8,23833290000.0,,23833290000.0,,5000.0,-28.21159325281763,3161.82,0.11,33.40163598468819,59113800.0,-0.105,1508169600000.0,-0.0125,-35405600.0,13175000.0,7.19,74.8372,603.0,0.25,,5.77,今海医疗科技,-357.8405,,5314000000.0,,4.59,港股主板
08060,,,0.2125,30,0.0,False,0.001,0.4808,326380750.0,0.105,0.0,,12.9,34269979.0,,34269979.0,,10000.0,3.3680077507521293,-97.24,0.0,4.831463847541473,3150.0,0.0,1037116800000.0,0.0081,0.0,30000.0,0.29,0.4298,602.0,0.01,,0.0,国联通信,12.9712,,326380750.0,,0.105,港股GEM
00695,47.23473096770767,,27.7017,30,-0.2,False,0.005,12.478,552000000.0,7.505,2.66,13406.9903,-6.42,4142760000.0,,4142760000.0,,2000.0,-20.358274662492878,,2.11,-31.828527143613496,1858480.0,-0.015,1339516800000.0,-0.1334,-495660.0,250000.0,2.1,12.478,601.0,0.05,,,东吴水泥,-56.2722,,552000000.0,,7.52,港股主板
02169,4.644219834131413,,6.1071,30,0.0,False,0.005,2.2013,4000000000.0,0.54,1.85,8.7276,-34.15,2160000000.0,,2160000000.0,,2000.0,7.595165409879605,138.73,1.89,-0.45520476478615457,90240.0,0.0,1603382400000.0,0.0181,0.0,168000.0,0.47,2.2082,600.0,0.0,,5.26,沧港铁路,29.8913,,4000000000.0,,0.54,港股主板
00901,30.032223556191838,,2.7629,30,0.94,False,0.05,5.4324,209393562.0,59.15,6.57,,80.34,12385629192.0,,12394295141.0,,100.0,,-10.11,-0.34,24.719442540275427,19937430.0,0.55,1779811200000.0,1.7309,0.0,327800.0,1.77,5.4493,599.0,0.16,,86.59,华曦达,34.1736,,209540070.0,,58.6,港股主板
00145,19.480468973465626,,1.3047,30,0.0,False,0.001,1.7642,366201816.0,0.21,4.29,,-9.48,76902381.0,,76902381.0,,8000.0,-50.80395868778606,,0.0,48.82662402925491,27848.0,0.0,78768000000.0,-0.0579,0.0,136000.0,0.27,1.7642,599.0,0.04,,,信能低碳,-3.6273,,366201816.0,,0.21,港股主板
01145,,,0.7721,30,-0.77,False,0.001,0.298,1097223568.0,0.129,6.15,3.237,-20.37,141541840.0,,141541840.0,,20000.0,5.3437319468515305,-96.09,0.0,66.84050575082203,12048.0,-0.001,1308844800000.0,0.0225,0.0,96000.0,0.36,0.2978,599.0,0.01,,0.0,勇利投资,5.731,,1097223568.0,,0.13,港股主板
00640,16.25192608677837,,0.8365,30,-0.21,False,0.005,0.9786,295135538.0,2.345,0.0,3.8552,-1.88,692092837.0,,692092837.0,8.27,2000.0,17.62018382822982,278.59,0.0,6.843424675767573,18760.0,-0.005,1281542400000.0,0.3876,0.0,8000.0,0.84,0.9786,598.0,0.0,,0.0,星谦发展,6.0503,,295135538.0,,2.35,港股主板
02920,41.88731871453313,,,30,1.49,False,0.005,,1500000000.0,1.7,,,392.75,2550000000.0,,2550000000.0,,400.0,4.772443146187427,,0.0,36.83421127422726,,0.025,1058284800000.0,0.0127,0.0,,,6.1205,597.0,,,,卓悦控股,133.7311,,1500000000.0,,1.675,港股主板
01959,-4.074183220309202,,2.3231,30,-3.0,False,0.005,34.4752,530002000.0,4.36,6.79,33.1444,33.33,2310808720.0,,2310808720.0,,2000.0,-55.861773123958336,331.38,0.0,-19.549664656463793,1073330.0,-0.135,1571328000000.0,-0.0857,0.0,246000.0,3.09,34.583,597.0,0.05,,-28.7,中聚投资,-50.8813,,530002000.0,,4.495,港股主板
02480,-21.756158098845024,,,30,-6.19,False,0.01,4.3934,198913232.0,15.0,0.0,,-36.44,2983698480.0,,2983698480.0,,200.0,-20.096319754072134,-52.38,0.0,,18000.0,-0.99,1683475200000.0,-0.7721,0.0,1200,0.45,4.3302,595.0,0.0,,-32.93,绿竹生物-B,-19.4272,,198913232.0,,15.99,港股主板
08090,-31.27522926580718,,1.7015,30,-0.11,False,0.005,1.5741,14470000.0,4.56,0.11,8.7343,-26.69,65983200.0,,263887200.0,,500.0,,-26.69,0.0,-3.473470119686184,212110.0,-0.005,1783440000000.0,0.4004,-127690.0,46500.0,8.81,1.0266,595.0,0.32,,3.38,宝盖新材,11.3874,,57870000.0,,4.565,港股GEM
01718,-14.647480180799821,,0.3588,30,-11.21,False,0.005,1.8297,304120000.0,0.475,11.21,58.5083,72.73,144457000.0,,144457000.0,,5000.0,-51.787264961809065,-94.15,0.0,8.470278583556912,428000.0,-0.06,1439222400000.0,-0.0961,0.0,860000,5.1,2.3318,595.0,0.28,,0.0,宏基集团控股,-4.9434,,304120000.0,,0.535,港股主板
00223,-35.35852926405635,,1.2405,30,0.0,False,0.001,2.7582,1631741754.0,0.095,9.47,,-33.1,155015467.0,,155015467.0,,20000.0,-11.517273943495711,,0.0,-19.420673160337575,9766.0,0.0,1018368000000.0,-0.0036,0.0,106000.0,0.11,1.9668,594.0,0.01,,,易生活控股,-26.4803,,1631741754.0,,0.095,港股主板
02519,-51.38590799737371,,0.09280180951448673,30,0.0,False,0.005,,414787676.0,3.9,,2.3698586283150225,-35.75,1617671936.0,,1619303072.0,,300.0,3.03569932121009,-71.25,0.0,26.651909443976287,,0.0,1730995200000.0,0.2612,0.0,,,0.4482,594.0,,,-11.41,傲基股份,14.9303,,415205916.0,,3.9,港股主板
00711,7.7433925092058375,,0.0818,30,0.0,False,0.005,0.3532,1842911704.0,0.44,2.27,0.6887,4.19,810881150.0,,810881150.0,4.77,2000.0,5.734618939473099,7.21,3.53,6.632896981838754,84060.0,0.0,729446400000.0,0.0713,0.0,192000.0,0.75,0.3441,593.0,0.01,,,亚洲联合基建控股,6.1691,,1842911704.0,,0.44,港股主板
01935,-23.79180051073253,,1.115988048559306,30,1.33,False,0.005,,1600830000.0,0.76,,2.3124983130936245,-14.61,1216630800.0,,1216630800.0,,2000.0,5.067845092489306,-42.3,0.0,2.8132717861472756,,0.01,1560787200000.0,0.1249,0.0,,,0.3095,592.0,,,10.0,嘉宏教育,6.0872,,1600830000.0,,0.75,港股主板
00591,-13.784810229898891,,1.3268,30,-0.84,False,0.001,0.1282,1037500000.0,0.236,2.52,8.2785,-25.08,244850000.0,,244850000.0,,1000.0,-0.8510578528551287,-95.06,0.0,4.1001197785809795,18918.0,-0.002,1258041600000.0,-0.0162,0.0,82000.0,0.59,0.1244,592.0,0.01,,0.0,中国高精密,-14.569,,1037500000.0,,0.238,港股主板
06190,31.960514520082928,,0.7529,30,4.67,False,0.005,0.1684,482367200.0,2.8,13.08,0.3226,68.46,1350628160.0,,7972628160.0,2.36,200.0,1.25537253943882,-70.0,1.82,,6170.0,0.125,1531152000000.0,0.202,0.0,2400,1.45,0.1689,591.0,0.0,,0.0,九江银行,13.8639,,2847367200.0,,2.675,港股主板
08316,,,1.8721,30,-0.87,False,0.001,,953376000.0,0.228,0.0,,26.67,217369728.0,,217369728.0,,2000.0,-175.2643504531722,-86.59,0.0,4.624714438466815,25992.0,-0.002,1439136000000.0,0.0049,0.0,114000.0,3.26,21.659,591.0,0.01,,0.0,中国红包,46.8368,,953376000.0,,0.23,港股GEM
00157,54.10913787747216,,1.683132098038916,30,0.0,False,0.005,,2002100932.0,0.44,,,-10.2,880924410.0,,880924410.0,,10000.0,-12.658102407748133,112.36,2.22,14.72378641918015,,0.0,1017244800000.0,-0.0287,0.0,,,2.08,591.0,,,0.0,自然美,-15.3258,,2002100932.0,,0.44,港股主板
00147,59.50501657655476,,19.3365,30,-1.63,False,0.001,5.7439,23101402320.0,0.181,3.26,,4.62,4181353820.0,,4181353820.0,,5000.0,-62.949902723735406,,0.0,-37.02178087635685,21024330.0,-0.003,581529600000.0,-0.0128,0.0,114800000.0,1.08,6.5894,590.0,0.5,,,国际商业结算,-14.1698,,23101402320.0,,0.184,港股主板
09968,30.49002764530404,,4.3558,30,-5.95,False,0.001,,5254000000.0,0.174,7.03,,728.57,914196000.0,,914196000.0,,2000.0,90.00394835666626,-90.46,1.16,-63.06736219725284,2931768.0,-0.011,1579104000000.0,-0.3608,-785208.0,16688000,1.02,-0.2947,590.0,0.32,,1.04,汇景控股,-0.4823,,5254000000.0,,0.185,港股主板
02119,-5.785533913495344,,0.3973,30,0.0,False,0.005,0.5818,720731512.0,0.445,0.0,3.3266,-15.11,320725523.0,,320725523.0,7.19,2000.0,7.743023055466301,-59.18,0.0,4.27676492972382,1780.0,0.0,1525968000000.0,0.0577,0.0,4000.0,0.06,0.5818,588.0,0.0,,21.21,捷荣国际控股,7.7155,,720731512.0,,0.445,港股主板
01272,3.471567603821746,,0.5331,30,-0.46,False,0.005,0.3375,624296200.0,1.075,1.39,1.7096,5.52,671118415.0,,3190107650.0,9.21,1000.0,7.183786653071865,-53.23,0.0,-3.95551400942441,111055.0,-0.005,1479139200000.0,0.2218,0.0,103000.0,1.44,0.3382,586.0,0.02,,-14.45,大唐环境,4.8457,,2967542000.0,,1.08,港股主板
00369,-46.32110443541697,,2.1714,30,-2.94,False,0.005,0.1061,1374552529.0,1.65,0.0,,-2.92,2268011673.0,,2268011673.0,4.24,2000.0,-2.862165122079165,,0.0,8.7447190175304,43160.0,-0.05,97862400000.0,-0.4525,0.0,26000,0.7,0.1061,586.0,0.0,,,永泰地产,-3.6463,,1374552529.0,,1.7,港股主板
00103,-33.399386162000496,,0.3535,30,-7.82,False,0.005,0.4699,517064941.0,1.71,5.93,5.2779,-42.52,884181049.0,,884181049.0,4.56,1000.0,1.779661844714248,-46.39,-0.87,3.5147106011668816,197725.0,-0.145,702748800000.0,0.067,0.0,114000,0.56,0.4541,584.0,0.02,,,首佳科技,25.5411,,517064941.0,,1.855,港股主板
01783,,,5.527,30,2.84,False,0.005,21.7778,3007266280.0,4.525,4.32,,41.3,13607879917.0,,13607879917.0,0.22,1000.0,8.429993290865202,1906.65,0.56,83.05958696295544,42568739.0,0.125,1534867200000.0,0.0203,1982280.0,9546000.0,1.89,8.9079,582.0,0.32,,-10.91,晋景新能,223.2996,,3007266280.0,,4.4,港股主板
02299,68.2248112076896,,0.4923531524003204,30,1.61,False,0.005,,2110420000.0,5.69,,5.23414464685632,18.39,12008289800.0,,12008289800.0,3.69,2000.0,10.657962008218512,38.41,0.0,10.859614339250555,,0.09,1305648000000.0,0.6832,0.0,,,0.8467,582.0,,,0.0,百宏实业,8.3279,,2110420000.0,,5.6,港股主板
01062,32.18141531670846,,3.7174,30,5.38,False,0.001,0.3392,2902215360.0,0.098,8.6,4.5511,3.16,284417105.0,,284417105.0,,10000.0,-15.797733829897762,,0.0,,30460.0,0.005,1113321600000.0,-0.0496,0.0,330000.0,0.18,0.3392,580.0,0.01,,,国开国际投资,-1.9773,,2902215360.0,,0.093,港股主板
01170,,,0.4449,30,0.0,False,0.005,0.2576,666999445.0,0.405,0.0,,-18.12,270134775.0,,270134775.0,9.88,2000.0,-6.928191006683624,295.12,0.0,-17.003778567803607,22680.0,0.0,780768000000.0,-0.1059,0.0,56000.0,0.55,0.2764,580.0,0.01,,,信星集团,-3.825,,666999445.0,,0.405,港股主板
02122,-50.37857820877916,,0.1168,30,-7.61,False,0.001,,1355914286.0,0.085,0.0,1.5832,-70.69,115252714.0,,115252714.0,,2000.0,63.67537115869284,-95.13,0.0,-8.34077280651293,680.0,-0.007,1510243200000.0,-0.063,0.0,8000,0.04,-0.6209,579.0,0.0,,-3.87,凯知乐国际,-1.3494,,1355914286.0,,0.092,港股主板
00162,-0.4807033457105758,,0.1389,30,11.11,False,0.001,1.7979,1149694715.0,0.04,55.56,,-2.44,45987789.0,,45987789.0,,2000.0,-271.9320912523796,,8.11,-10.917085800434002,26332.0,0.004,972230400000.0,-0.4359,0.0,614000,0.75,1.8035,578.0,0.05,,,世纪金花,-0.0918,,1149694715.0,,0.036,港股主板
01583,-36.46819982767736,,0.7953553697278799,30,5.0,False,0.005,,753776557.0,1.05,,3.3640298079252613,-17.61,791465385.0,,791465385.0,3.33,1000.0,-1.5590317383472612,-87.96,0.0,-5.24047118349028,,0.05,1467907200000.0,-0.0271,0.0,,,0.579,578.0,,,-64.09,亲亲食品,-38.7931,,753776557.0,,1.0,港股主板
00497,,,1.2356,30,0.0,False,0.001,0.1363,12893782542.0,0.137,4.38,1.5916,-21.71,1766448208.0,,1766448208.0,,20000.0,-6.656788447403484,-91.01,0.0,21.13481099575678,295980.0,0.0,703267200000.0,-0.064,0.0,2160000.0,0.95,0.1378,578.0,0.02,,,资本策略地产,-2.1403,,12893782542.0,,0.137,港股主板
02898,17.653848110048376,,,30,0.0,False,0.01,,156666800.0,6.39,,,-4.63,1001100852.0,,1001100852.0,,200.0,-15.950233607859406,-55.81,,,,0.0,1716480000000.0,-0.5625,0.0,,,1.8969,577.0,,,0.0,盛禾生物-B,-11.3599,,156666800.0,,6.39,港股主板
02695,-42.98739691483981,,1.0823,30,1.69,False,0.005,0.4886,36100000.0,1.2,0.85,4.3944,-36.83,43320000.0,,173004000.0,20.5,1000.0,10.661084195011949,-58.92,0.0,-3.9964921900861206,50710.0,0.02,1766332800000.0,0.2159,0.0,42000.0,0.58,0.4901,577.0,0.12,,-35.28,印象大红袍,5.5586,,144170000.0,,1.18,港股主板
01323,35.409944197906576,,0.6344663098337424,30,0.0,False,0.001,,906774743.0,0.197,,4.13611391789576,58.87,178634624.0,,178634624.0,,20000.0,-16.498512360600152,-98.36,0.0,-25.831620273663923,,0.0,1294848000000.0,-0.15,0.0,,,0.232,576.0,,,0.0,华盛国际控股,-1.3135,,906774743.0,,0.197,港股主板
01201,-42.59689572449384,,8.4879,30,-0.99,False,0.005,2.5155,439685228.0,2.0,2.72,,52.67,879370456.0,,879370456.0,,3000.0,-5.438156384200008,-71.11,0.0,9.955416226948287,275385.0,-0.02,898531200000.0,-0.0407,0.0,135000,1.68,1.9345,573.0,0.03,,,天臣控股,-49.1104,,439685228.0,,2.02,港股主板
00219,-6.7863856455279485,,0.5427633626536403,30,0.0,False,0.005,,579753289.0,0.675,,1.683668862319246,16.38,391333470.0,,391333470.0,,2000.0,-1.2341539761843456,,0.0,6.241738010718212,,0.0,105811200000.0,-0.1475,0.0,,,0.0568,573.0,,,,顺豪物业,-4.5765,,579753289.0,,0.675,港股主板
00730,-11.60672998537564,,2.3345,30,-0.17,False,0.005,0.3148,158157548.0,5.99,1.42,,2.46,947363713.0,,947363713.0,1.25,1000.0,1.6697546939437666,-58.17,0.0,12.177827126270335,27317.0,-0.01,681580800000.0,0.1546,0.0,4600.0,0.4,0.6295,572.0,0.0,,,首惠产业金融,38.7549,,158157548.0,,6.0,港股主板
00053,94.17322346150307,,1.0638455010290646,30,0.0,False,0.05,,329051373.0,71.2,,,1.69,23428457758.0,,23428457758.0,5.06,1000.0,8.072110168642526,,0.0,106.81426861363991,,0.0,420739200000.0,9.7666,0.0,,,0.3306,571.0,,,,国浩集团,7.2902,,329051373.0,,71.2,港股主板
01872,,,1.0265,30,0.63,False,0.005,2.943,651701081.0,3.985,3.79,68.5204,-45.41,2597028808.0,,2597028808.0,,5000.0,-14.969473374906134,120.21,0.0,44.39532299321378,3343050.0,0.025,1551283200000.0,-0.1698,0.0,850000,1.81,2.9444,571.0,0.13,,46.51,冠轈控股,-23.4628,,651701081.0,,3.96,港股主板
01290,-7.146298673560159,,0.8748023766208652,30,0.0,False,0.005,,1090335000.0,0.59,,2.7660982951002944,11.32,643297650.0,,643297650.0,5.08,2000.0,2.2443958625640357,-65.15,0.0,-4.03639925084518,,0.0,1382889600000.0,0.0453,0.0,,,0.2894,570.0,,,,中国汇融,13.0198,,1090335000.0,,0.59,港股主板
01560,31.87292395608332,,1.2324,30,-7.41,False,0.001,0.321,641498000.0,0.25,11.11,1.8768,106.61,160374500.0,,160374500.0,,2000.0,-45.81150727083306,-60.44,0.0,-56.865836793492285,26670.0,-0.02,1468339200000.0,-0.4651,0.0,106000,0.45,0.321,569.0,0.02,,-5.29,星星集团,-0.5375,,641498000.0,,0.27,港股主板
01575,30.15745823995313,,5.123,30,4.0,False,0.001,,3860000000.0,0.052,14.0,,18.18,200720000.0,,200720000.0,,2000.0,29.45900367764816,-94.87,-3.7,-55.83388544252821,69932.0,0.002,1484150400000.0,-0.0223,0.0,1322000.0,2.45,-0.6179,569.0,0.03,,11.9,皇庭智家,-2.3273,,3860000000.0,,0.05,港股主板
00120,71.06568493863641,,0.4202,30,-8.16,False,0.001,0.3391,1639620550.0,0.045,10.2,,-49.44,73782925.0,,73782925.0,,600.0,-132.75643731532293,,-4.26,61.48850787220099,13177.8,-0.004,677689200000.0,-0.3836,0.0,273600,0.3,0.3391,568.0,0.02,,,四海国际,-0.1173,,1639620550.0,,0.049,港股主板
01166,,,0.0846,30,0.0,False,0.005,0.0603,142466617.0,0.26,,,-67.5,37041320.0,,37041320.0,,10000.0,12.455130111412496,-100.0,0.0,5.3481388795013185,2.4,0.0,850320000000.0,0.5821,0.0,10.0,0.0,0.052,568.0,0.0,,,星凯控股,0.4467,,142466617.0,,0.26,港股主板
01226,,,88.03907312395108,30,0.0,False,0.005,,412596600.0,0.89,,11.784312891113892,18.67,367210974.0,,367210974.0,,10000.0,62.52750355137506,-99.27,0.0,5.107721248077124,,0.0,1032364800000.0,0.3382,0.0,,,1.2536,568.0,,,,中国投融资,2.6317,,412596600.0,,0.89,港股主板
08051,16.93300029455187,,0.1334040562566743,30,0.0,False,0.005,,26038783.0,2.37,,,-25.24,61711916.0,,61711916.0,,200.0,5.105180733703282,-88.88,0.0,46.025767788402774,,0.0,989251200000.0,0.3386,0.0,,,0.3483,568.0,,,0.0,讯智海,6.9984,,26038783.0,,2.37,港股GEM
00423,,,0.3623,30,0.0,False,0.005,0.3423,431600000.0,0.605,1.65,,-14.48,261118000.0,,261118000.0,11.57,2000.0,-5.589062265244361,5.84,0.0,-11.01852883086789,159210.0,0.0,1122998400000.0,-0.0996,0.0,264000.0,4.82,0.3578,568.0,0.06,,0.0,经济日报集团,-6.0773,,431600000.0,,0.605,港股主板
02630,,,54.7983,30,-1.7,False,0.05,54.7963,166897800.0,81.0,6.74,,-1.04,13518721800.0,,13575421800.0,,200.0,,-14.74,3.18,59.51042487707405,6756790.0,-1.4,1762358400000.0,-2.0732,0.0,83800.0,1.0,54.8343,567.0,0.05,,145.73,旺山旺水-B,-39.0709,,167597800.0,,82.4,港股主板
09916,-3.195892518714416,,0.2961,30,-2.7,False,0.005,0.2228,400000000.0,0.36,1.35,4.263,12.5,144000000.0,,144000000.0,,2000.0,7.701212215805629,-79.21,0.0,7.480248207519846,24680.0,-0.01,1583683200000.0,0.1178,0.0,68000.0,1.33,0.2235,567.0,0.02,,2.01,兴业物联,3.0566,,400000000.0,,0.37,港股主板
00089,,,1.1368,30,-2.13,False,0.005,0.066,287669676.0,1.84,0.0,4.1555,-13.2,529312204.0,,529312204.0,4.35,1000.0,-0.08992942370704973,,0.0,-1.8921362523009466,83950.0,-0.04,99072000000.0,-0.0251,0.0,46000,0.85,0.066,567.0,0.02,,,大生地产,-73.2916,,287669676.0,,1.88,港股主板
01884,-42.604440600945004,,0.2245,30,0.0,False,0.001,0.2738,550000000.0,0.112,0.0,2.063,-10.4,61600000.0,,61600000.0,,4000.0,-1.2041377984354704,-80.68,0.0,-5.687595832166458,4440.0,0.0,1386000000000.0,-0.0049,0.0,40000.0,0.6,0.2762,566.0,0.01,,0.0,EPRINT 集团,-22.8741,,550000000.0,,0.112,港股主板
03390,,,0.20395971015697523,30,-0.4,False,0.001,,894000000.0,0.247,,,-13.33,220818000.0,,220818000.0,,2000.0,5.815042877110801,-80.03,0.4,-3.8166258922112672,,-0.001,1586880000000.0,0.0344,0.0,,,0.407,566.0,,,-35.57,满贯集团,7.1727,,894000000.0,,0.248,港股主板
01983,23.299660027214976,,0.9699,30,0.48,False,0.005,0.3454,753120000.0,2.09,0.0,,-0.14,1574020800.0,,5680101810.0,7.27,1000.0,11.559396102974805,7.49,0.0,,16720.0,0.01,1544976000000.0,0.6648,0.0,8000.0,1.43,0.346,562.0,0.0,,2.2,泸州银行,3.1439,,2717752062.0,,2.08,港股主板
01470,,,1.339,30,-2.44,False,0.001,3.8229,800000000.0,0.12,2.44,,16.5,96000000.0,,96000000.0,,4000.0,19.429501558250788,-89.66,0.0,20.451514193962762,16920.0,-0.003,1431360000000.0,0.0061,0.0,140000,3.31,3.205,562.0,0.02,,0.0,富一国际控股,19.6159,,800000000.0,,0.123,港股主板
01940,23.28245094914967,,0.6611,30,-1.71,False,0.005,0.5912,1200000000.0,1.15,1.71,4.7853,27.78,1380000000.0,,1380000000.0,,2000.0,10.492727368003415,-32.35,0.0,13.439630308967665,74420.0,-0.02,1609171200000.0,0.1872,0.0,64000.0,0.64,0.5931,561.0,0.01,,18.25,CGII HLDGS,6.1442,,1200000000.0,,1.17,港股主板
08050,0.37126207062398997,,6.6758,30,0.0,False,0.005,20.3473,271250000.0,0.725,0.0,,-63.01,196656250.0,,196656250.0,,2000.0,-159.4913006163689,-86.0,0.0,17.21859659132605,2900.0,0.0,964368000000.0,-0.0377,0.0,4000.0,0.11,13.899,560.0,0.0,,0.0,城市酷选,-19.2404,,271250000.0,,0.725,港股GEM
02307,20.095096280408796,,0.03871525343893508,30,0.0,False,0.001,,869919000.0,0.161,,0.42852497131580153,-41.45,140056959.0,,140056959.0,,2000.0,-5.838556907562358,-78.28,0.0,-0.5112305067453415,,0.0,1095868800000.0,-0.115,0.0,,,0.0821,559.0,,,0.0,锦兴国际控股,-1.3999,,869919000.0,,0.161,港股主板
02193,-42.60129303436161,,0.4776,30,6.25,False,0.005,0.6872,419594000.0,0.425,7.5,18.4929,70.0,178327450.0,,178327450.0,,4000.0,3.1193967913433607,-55.56,-1.16,-6.226305278518041,26820.0,0.025,1435852800000.0,0.019,0.0,64000,0.92,0.6869,559.0,0.02,,0.0,万景控股,22.3805,,419594000.0,,0.4,港股主板
03223,60.42619914498633,,5.6161,30,-8.47,False,0.05,2.6406,31287300.0,80.55,10.8,31.2494,-19.45,2520192015.0,,41479356777.0,,100.0,,-19.45,-0.31,22.56200308542231,38104197.5,-7.45,1787587200000.0,3.0687,3782670.0,454200,4.33,2.1876,558.0,1.45,,0.0,君正股份,26.2486,,514951667.0,,88.0,港股主板
03752,-0.15761313413614753,,16.0537,30,9.51,False,0.05,,253246180.0,52.5,11.6,,38.16,13295424450.0,,13921996725.0,,100.0,,38.09,2.24,66.38801734026063,8065704.0,4.56,1783526400000.0,-0.7235,-311934.0,160200,3.42,-26.0771,558.0,0.06,,15.21,珞石机器人,-72.5641,,265180890.0,,47.94,港股主板
01159,-26.148408044883155,,10.4383,30,-5.24,False,0.005,,141856479.0,1.99,5.24,,3.11,282294393.0,,282294393.0,,2000.0,-20.388725724685123,-93.31,0.0,-26.79666721645755,235070.0,-0.11,889718400000.0,0.2689,0.0,118800.0,3.13,-1.8884,556.0,0.08,,,智数科技集团,7.4002,,141856479.0,,2.1,港股主板
08392,,,0.9111285237895658,30,0.0,False,0.001,,1000000000.0,0.05,,73.31378299120234,-1.96,50000000.0,,50000000.0,,10000.0,2.358085422034825,-78.9,0.0,-3.5829463768172864,,0.0,1508083200000.0,0.0005,0.0,,,2.6009,556.0,,,11.36,舍图控股,110.3753,,1000000000.0,,0.05,港股GEM
01500,,,0.8284,30,-1.45,False,0.005,1.0447,830000000.0,0.34,2.9,10.5232,214.81,282200000.0,,282200000.0,14.71,5000.0,23.569270812506588,-32.95,1.49,0.8265059589607882,40800.0,-0.005,1429113600000.0,0.0781,0.0,120000,0.36,0.9177,555.0,0.01,,0.0,现恒建筑,4.3525,,830000000.0,,0.345,港股主板
03268,40.68337065832355,,1.1004,30,-10.36,False,0.01,1.5184,40250000.0,16.18,11.14,,-43.63,651245000.0,,4893238118.0,0.72,100.0,,-43.98,0.0,23.26045423240806,11434124.0,-1.87,1773072000000.0,0.6251,270874.0,677400,4.72,1.5178,550.0,1.68,,1.52,美格智能,25.882,,302425100.0,,18.05,港股主板
00444,20.904417449122835,,0.8497047659215521,30,0.0,False,0.001,,6043950000.0,0.01,,,0.0,60439500.0,,60439500.0,,10000.0,-438.7822949744324,-91.04,,-34.23679140319017,,0.0,1129478400000.0,-0.0359,0.0,,,-1.5034,550.0,,,0.0,先施表行,-0.2789,,6043950000.0,,0.01,港股主板
01572,,,0.261,30,4.29,False,0.001,0.0962,1690500000.0,0.073,4.29,,-26.26,123406500.0,,123406500.0,,4000.0,-0.029172566082840183,-88.4,0.0,155.2760171802169,860.0,0.003,1478534400000.0,-0.0002,0.0,12000,0.04,0.0965,548.0,0.0,,17.39,中国艺术金融,-364.7217,,1690500000.0,,0.07,港股主板
06893,-2.532033083037455,,3.8619,30,0.0,False,0.005,2.8494,1091796000.0,0.37,6.76,28.7029,23.33,403964520.0,,403964520.0,,2000.0,-34.15326712749902,-75.47,7.25,8.692583480653827,136900.0,0.0,1413388800000.0,-0.042,0.0,382000.0,0.38,3.5725,547.0,0.03,,0.0,衍生集团,-8.8152,,1091796000.0,,0.37,港股主板
01643,43.1536478214092,,2.1193,30,-4.29,False,0.005,0.8918,720000000.0,0.67,28.57,,31.37,482400000.0,,482400000.0,,3000.0,-8.78717451172172,-41.01,9.84,-8.251290531290234,678495.0,-0.03,1610640000000.0,-0.0663,155250.0,1083000,2.71,0.8946,547.0,0.15,,6.78,现代中药集团,-10.1107,,720000000.0,,0.7,港股主板
00065,29.64900043374714,,0.5388,30,-2.86,False,0.005,0.8257,245536916.0,0.34,2.86,,15.84,83482551.0,,83482551.0,,4000.0,-42.9479557495725,-98.79,0.0,-8.44358309079345,51150.0,-0.01,999100800000.0,-0.2082,0.0,150800,0.39,0.8257,546.0,0.06,,-58.36,弘海高新资源,-1.6334,,245536916.0,,0.35,港股主板
09638,-1.8794452734658185,,0.7501,30,-26.97,False,0.02,1.0443,338482654.0,26.0,2.25,7.3034,-3.97,8800549004.0,,8800549004.0,3.72,100.0,9.152562216587548,20.07,0.78,1.8374159698406167,79490.0,-9.6,1648656000000.0,2.2474,0.0,3100.0,0.52,1.0445,545.0,0.0,,-0.13,法拉帝,11.5688,,338482654.0,,35.6,港股主板
08087,-51.171967756484385,,29.6731,30,-0.74,False,0.005,70.8002,648000000.0,2.025,2.7,,92.49,1312200000.0,,1312200000.0,,2000.0,-141.4079580236117,-95.67,0.0,6.083617058901014,522920.0,-0.015,1298822400000.0,-0.0228,0.0,258000.0,0.52,71.0216,545.0,0.04,,0.0,中国三三集团,-88.987,,648000000.0,,2.04,港股GEM
01182,347.0782220390551,,0.29902082774063865,30,0.0,False,0.005,,340814567.0,0.67,,,4.69,228345760.0,,228345760.0,,5000.0,44.81435160573646,-100.0,0.0,27.160038463992976,,0.0,782323200000.0,0.214,0.0,,,1.1229,544.0,,,,胜龙国际,3.1315,,340814567.0,,0.67,港股主板
01397,1.2240846127009375,,0.1489,30,-0.66,False,0.005,0.6326,415000000.0,0.75,0.0,3.6337,-30.43,311250000.0,,311250000.0,9.33,4000.0,14.386521027015753,-9.84,0.0,-7.761488831654006,9000.0,-0.005,1400688000000.0,0.1637,0.0,12000.0,0.07,0.6326,544.0,0.0,,0.0,碧瑶绿色集团,4.5811,,415000000.0,,0.755,港股主板
00432,-51.74134536644615,,0.4227,30,-0.95,False,0.001,0.1509,2038236743.0,0.208,2.38,0.2106,10.64,423953243.0,,423953243.0,,1000.0,-0.6526468455402465,-63.19,-1.42,12.449451165949466,109372.621,-0.002,748454400000.0,-0.0044,-41792.0,518940.0,4.63,0.1509,544.0,0.03,,,盈大地产,-47.1059,,2038236743.0,,0.21,港股主板
01355,,,7.0255,30,0.5,False,0.001,,1789597740.0,0.2,8.54,,94.36,357919548.0,,357919548.0,,20000.0,56.65987520692729,,0.0,-9.242314045527655,187460.0,0.001,1310659200000.0,-0.005,0.0,1000000.0,3.73,13.9736,544.0,0.06,,,生物系统工程,-40.2202,,1789597740.0,,0.199,港股主板
02336,,,2.6135582355749065,30,0.0,False,0.001,,1815910767.0,0.199,,,-18.11,361366243.0,,361366243.0,,10000.0,-1.4404258650383592,-53.97,0.0,-13.022513530451974,,0.0,1046620800000.0,-0.003,0.0,,,0.9417,543.0,,,0.0,硕奥国际,-67.1435,,1815910767.0,,0.199,港股主板
00022,,,2.2718,30,-2.49,False,0.005,0.3868,39327757.0,2.55,2.87,,-69.09,100285780.0,,100285780.0,,2000.0,124.17146377493226,,-0.2,-29.570966162324996,411190.0,-0.065,93110400000.0,9.5326,-229500.0,160800,0.45,0.3973,542.0,0.41,,,茂盛控股,0.2675,,39327757.0,,2.615,港股主板
00146,6.582344145714347,,0.5105848680921488,30,0.0,False,0.005,,212187488.0,1.675,,,-9.46,355414042.0,,355414042.0,7.16,1000.0,9.366386747494921,,0.0,5.041617907418328,,0.0,121536000000.0,0.2192,0.0,,,0.6918,542.0,,,,太平地毡,7.6397,,212187488.0,,1.675,港股主板
08039,-28.44055862688284,,2.2632555028578376,30,0.0,False,0.001,,493000000.0,0.151,,,0.0,74443000.0,,74443000.0,,8000.0,-400.5163511187607,-92.37,,8.67582477721407,,0.0,1481472000000.0,-0.0099,0.0,,,-58.6627,542.0,,,-56.5,中国来骑哦,-15.3112,,493000000.0,,0.151,港股GEM
09637,,,66.6516,30,-5.53,False,0.02,5.7821,235635489.0,27.0,11.55,,19.47,6362158203.0,,9405869337.0,,100.0,,-35.71,0.0,,18447428.8,-1.58,1782662400000.0,-2.2791,-624546.4000000004,685700.0,2.07,5.7821,542.0,0.29,,103.54,礼邦医药-B,-11.8467,,348365531.0,,28.58,港股主板
02687,23.45420668247362,,16.2837,30,0.14,False,0.2,17.9488,61952800.0,282.4,9.79,,75.84,17495470720.0,,18826676080.0,,50.0,17.226282278465543,237.8,0.21,20.91276479893036,39290490.0,0.4,1765123200000.0,1.7826,-793030.0,140600.0,2.29,18.0049,541.0,0.23,,87.26,卓越睿新,158.422,,66666700.0,,282.0,港股主板
08120,-30.77711768079623,,4.680540606429986,30,-2.3,False,0.005,,162626760.0,1.7,,,226.92,276465492.0,,276465492.0,,5000.0,-40.28388577084435,-99.99,0.0,-36.23968041122857,,-0.04,986832000000.0,-0.1101,0.0,,,6.412,541.0,,,0.0,国农金融投资,-15.4381,,162626760.0,,1.74,港股GEM
02558,-6.243435048337009,,1.2656,30,-4.85,False,0.005,0.1825,970650000.0,1.08,3.08,,-19.41,1048302000.0,,6305742000.0,5.46,1000.0,5.662849292599479,-54.42,0.0,,57280.0,-0.055,1563379200000.0,0.3265,0.0,52000,1.95,0.1831,540.0,0.01,,0.0,晋商银行,3.3081,,5838650000.0,,1.135,港股主板
08181,18.650863611213264,,0.09972444429722623,30,0.0,False,0.001,,1128986665.0,0.048,,3.2477142514682966,-14.29,54191360.0,,54191360.0,,8000.0,-28.31382380809454,-95.01,0.0,-0.24197960350913483,,0.0,1381420800000.0,-0.0426,0.0,,,0.3693,540.0,,,0.0,港深智能管理,-1.1264,,1128986665.0,,0.048,港股GEM
08371,19.63333673592489,,0.5841,30,-1.9,False,0.005,2.6341,382779000.0,2.06,0.95,2.0612,4.47,788524740.0,,788524740.0,8.25,4000.0,38.52604670012782,348.7,0.0,21.78068269579969,141280.0,-0.04,1516118400000.0,0.3067,0.0,68000.0,0.67,2.3563,539.0,0.02,,11.39,尝高美集团,6.7165,,382779000.0,,2.1,港股GEM
01085,-61.07368598196008,,0.2501,30,0.7,False,0.005,0.3807,465600000.0,1.435,3.51,,-1.71,668136000.0,,668136000.0,,2000.0,2.311346728894722,-26.18,0.0,2.8539935231072455,11600.0,0.01,1293033600000.0,0.0812,0.0,8000.0,0.46,0.3819,538.0,0.0,,0.0,亨鑫科技,17.6656,,465600000.0,,1.425,港股主板
00673,4.464073034595706,,10.2959,30,0.0,False,0.005,,1387138191.0,0.305,,,-59.87,423077148.0,,423077148.0,,6000.0,-210.172761553977,-99.73,0.0,-18.680484622938486,742.5,0.0,992793600000.0,-0.0346,0.0,2700.0,0.09,7.9414,537.0,0.0,,,中国卫生集团,-8.8266,,1387138191.0,,0.305,港股主板
01009,,,1.7118941327367885,30,0.0,False,0.005,,1369157235.0,1.2,,19.47315083202958,0.0,1642988682.0,,1642988682.0,,10000.0,-152.111659407617,241.49,0.0,71.85305568753537,,0.0,964972800000.0,-0.4987,0.0,,,6.8323,537.0,,,,国际娱乐,-2.4063,,1369157235.0,,1.2,港股主板
00096,-14.256661810000093,,0.12806316492597222,30,0.0,False,0.005,,636549600.0,0.505,,0.6305067236780166,-6.98,321457548.0,,321457548.0,2.97,2000.0,8.527841641624958,-95.83,0.0,4.895731311868445,,0.0,1129132800000.0,0.1538,0.0,,,0.2637,533.0,,,-97.63,友成控股,3.2833,,636549600.0,,0.505,港股主板
00764,44.17386258212497,,0.3479636926638192,30,0.0,False,0.001,,402856705.0,0.2,,2.6558770148663347,-80.0,80571341.0,,80571341.0,,10000.0,-47.101246242978014,-100.0,0.0,5.061157665495597,,0.0,950544000000.0,-1.0098,0.0,,,0.116,533.0,,,,永恒策略,-0.1981,,402856705.0,,0.2,港股主板
00167,64.19433221648758,,11.396289600560616,30,0.0,False,0.005,,519984181.0,6.255,,,76.2,3252501052.0,,3252501052.0,,18000.0,-28.321274738886853,,0.0,654.2765792033013,,0.0,593366400000.0,-0.0967,0.0,,,11.4457,532.0,,,,万威国际,-64.662,,519984181.0,,6.255,港股主板
00243,,,0.4087,30,-8.89,False,0.005,0.3459,346490532.0,0.41,3.33,14.888,9.33,142061118.0,,142061118.0,,9000.0,26.270451692517184,,0.0,3.56758709471785,22590.0,-0.04,538070400000.0,0.2851,0.0,54000,0.62,0.3312,531.0,0.02,,,品质国际,1.4382,,346490532.0,,0.45,港股主板
01153,,,0.2386,30,-1.49,False,0.005,7.1013,672209000.0,0.33,5.97,3.7485,-36.54,221828970.0,,221828970.0,,1000.0,21.138788093744033,-91.45,0.0,-2.470736856116229,1880.0,-0.005,1607443200000.0,0.011,0.0,6000,1.3,7.1235,530.0,0.0,,0.52,佳源服务,30.0448,,672209000.0,,0.335,港股主板
01851,0.9049589595528706,,8.2057,30,-13.02,False,0.005,2.8457,500000000.0,7.85,24.38,20.9094,146.86,3925000000.0,,3925000000.0,,2000.0,13.984818663386605,452.82,5.09,6.919621092269979,14058360.0,-1.175,1547740800000.0,0.359,2199100.0,1868000,1.73,2.8546,529.0,0.37,,-6.25,银杏教育,21.8662,,500000000.0,,9.025,港股主板
08140,-8.500451647553986,,1.4264,30,0.86,False,0.001,0.4214,800000000.0,0.117,21.55,8.6611,-13.33,93600000.0,,93600000.0,,10000.0,7.296528537991874,-74.57,0.0,-14.959667348411687,28720.0,0.001,1531324800000.0,0.0199,0.0,250000,0.44,0.4136,528.0,0.03,,63.33,人和科技,5.8757,,800000000.0,,0.116,港股GEM
08305,30.735088602163074,,2.0026,30,-2.78,False,0.001,3.0772,1622000000.0,0.21,6.02,,-27.59,340620000.0,,340620000.0,,10000.0,-23.546000174692104,-34.38,0.0,7.95299543001684,682050.0,-0.006,1530633600000.0,-0.0116,0.0,3210000.0,0.43,3.0772,527.0,0.2,,-19.67,圣唐控股,-18.0509,,1622000000.0,,0.216,港股GEM
02212,-1.2594352363888728,,1.3983436048585487,30,0.0,False,0.001,,1263899200.0,0.16,,,-13.98,202223872.0,,202223872.0,,10000.0,-44.985839898096735,-64.44,0.0,82.46943401634566,,0.0,1420732800000.0,-0.0165,0.0,,,4.0866,526.0,,,0.0,高鹏矿业,-9.7224,,1263899200.0,,0.16,港股主板
01243,,,0.304706483747317,30,0.0,False,0.001,,15200000000.0,0.028,,0.4618666967632434,-15.15,425600000.0,,425600000.0,,4000.0,-30.246744595995445,-59.3,0.0,-11.15728443424393,,0.0,1460390400000.0,-0.0602,0.0,,,0.1658,522.0,,,0.97,宏安地产,-0.4655,,15200000000.0,,0.028,港股主板
06911,-54.40086661447873,,1.1871,30,2.17,False,0.005,0.48,55500000.0,2.35,0.0,,23.04,130425000.0,,352500000.0,,200.0,-9.33014840573725,-66.08,0.0,-17.223310286303473,9870.0,0.05,1703174400000.0,-0.4453,0.0,4200,0.19,0.4815,522.0,0.01,,-18.69,澜沧古茶,-5.2777,,150000000.0,,2.3,港股主板
00681,-17.168083872134453,,0.103,30,0.0,False,0.001,0.0944,8934561203.0,0.029,6.9,1.3753,-14.71,259102275.0,,259102275.0,,2000.0,-7.121926185276352,-99.76,0.0,-5.479980707544652,83058.0,0.0,861811200000.0,-0.0216,0.0,3002000.0,0.62,0.0947,521.0,0.03,,,中民控股,-1.3413,,8934561203.0,,0.029,港股主板
09986,52.510614549162796,,14.055554100757712,30,0.0,False,0.01,,900000000.0,1.88,,99.0400374619527,0.0,1692000000.0,,1692000000.0,,2000.0,-49.48867942200765,59.32,,55.16977686537685,,0.0,1594742400000.0,-0.0701,0.0,,,8.9574,520.0,,,-10.4,大山教育,-26.8191,,900000000.0,,1.88,港股主板
06816,-3.7788438623052256,,0.10420061955737836,30,0.0,False,0.001,,800000000.0,0.203,,1.6074751554024627,-15.42,162400000.0,,162400000.0,,2000.0,-833.1759982638889,-78.12,,-18.216428957077724,,0.0,1468944000000.0,-0.192,0.0,,,-3.1582,520.0,,,14.14,瑞港建设,-1.0575,,800000000.0,,0.203,港股主板
01636,-49.532799227251346,,0.3626431943654273,30,0.0,False,0.005,,448155726.0,0.31,,1.1927835826021258,-27.91,138928275.0,,138928275.0,,8000.0,15.78068559282717,-96.76,,-47.241001127234085,,0.0,1392912000000.0,-1.5253,0.0,,,-0.029,518.0,,,0.0,中国金属利用,-0.2032,,448155726.0,,0.31,港股主板
01421,-32.71157836618603,,0.8437360514047475,30,-0.76,False,0.005,,200195200.0,0.65,,,66.67,130126880.0,,130126880.0,,5000.0,-17.537681166189472,-93.84,0.0,23.680803583228748,,-0.005,1388332800000.0,-0.0938,0.0,,,1.228,518.0,,,0.0,恒昌集团国际,-6.9312,,200195200.0,,0.655,港股主板
01626,,,17.2639,30,4.12,False,0.02,42.7688,600000000.0,23.76,5.0,8855.304,742.55,14256000000.0,,14256000000.0,,1000.0,8.862357068935053,3117.77,0.0,-16.654487521048623,14094620.0,0.94,1403798400000.0,0.0455,0.0,605100,0.95,42.9025,517.0,0.1,,0.0,嘉耀控股,521.8037,,600000000.0,,22.82,港股主板
06667,-6.525362279774949,,3.9397,30,-1.31,False,0.005,2.3012,221647600.0,7.175,1.99,644.8425,2.13,1590321530.0,,1590321530.0,2.48,200.0,4.02761539896167,-62.25,0.0,56.98339199936804,1361703.0,-0.095,1655827200000.0,0.13,0.0,189600,1.3,2.2543,517.0,0.09,,0.0,美因基因,55.1966,,221647600.0,,7.27,港股主板
01973,,,283.7293839822639,30,0.0,False,0.005,,173258000.0,2.89,,1.7656298776402553,-20.39,500715620.0,,2002859908.0,,400.0,2.9487884435230134,-46.38,0.0,-59.07789031339473,,0.0,1696521600000.0,0.3148,0.0,,,0.2667,517.0,,,-24.92,天图投资,9.1806,,693031110.0,,2.89,港股主板
00969,-20.656048089664715,,3.2579,30,0.0,False,0.001,,2191180000.0,0.116,0.0,,-2.52,254176880.0,,254176880.0,,2000.0,2.2766770755396495,-87.64,0.0,-31.84016888272008,3480.0,0.0,949420800000.0,-0.0097,0.0,30000.0,0.06,-0.2684,517.0,0.0,,0.0,华联国际,-11.9844,,2191180000.0,,0.116,港股主板
00938,,,2.7081,30,1.28,False,0.005,,647198595.0,0.395,6.41,43.7147,31.67,255643445.0,,255643445.0,,2000.0,-37.82031976699859,-76.66,0.0,-11.24997637750269,43660.0,0.005,875203200000.0,0.6132,0.0,116000.0,2.25,-0.4233,516.0,0.02,,,民生国际,0.6442,,647198595.0,,0.39,港股主板
00274,,,0.09240136630890247,30,0.0,False,0.005,,68539374.0,0.49,,0.4279998598154662,0.0,33584293.0,,33584293.0,,10000.0,,-99.92,,,,0.0,977068800000.0,-0.6925,0.0,,,0.0735,516.0,,,0.0,复兴亚洲,-0.7076,,68539374.0,,0.49,港股主板
00464,-11.764680158786756,,6.8439,30,-3.47,False,0.005,,756242000.0,0.695,2.78,,-52.4,525588190.0,,525588190.0,,4000.0,-92.06123928010629,196.88,0.0,-23.07342605535344,134240.0,-0.025,1118851200000.0,-0.0403,0.0,192000.0,0.76,7.0324,516.0,0.03,,0.0,中国智能科技,-17.2397,,756242000.0,,0.72,港股主板
01608,,,0.1932,30,0.0,False,0.001,0.1692,6683150524.0,0.035,14.29,,-74.64,233910268.0,,233910268.0,,1000.0,-17.370515400972415,-98.72,2.94,-6.645956300346734,261083.0,0.0,1479916800000.0,-0.0393,-76032.0,7937000.0,4.77,0.1692,515.0,0.12,,-1.04,伟能集团,-0.8898,,6683150524.0,,0.035,港股主板
00455,41.14324424665669,,0.742172092704803,30,0.0,False,0.001,,2150041884.0,0.121,,,-3.97,260155068.0,,260155068.0,,2000.0,-14.882852262728385,-73.25,0.0,-9.980232551392444,,0.0,701884800000.0,-0.0321,0.0,,,0.5893,514.0,,,,天大药业,-3.7698,,2150041884.0,,0.121,港股主板
01710,,,2.5212,30,-1.92,False,0.005,5.1691,1000000000.0,1.785,9.89,21.2129,637.6,1785000000.0,,1785000000.0,0.45,4000.0,-11.098752767129206,335.47,1.71,-17.714180976636463,8201540.0,-0.035,1511366400000.0,-0.0411,0.0,4636000.0,0.52,5.1691,514.0,0.46,,12.9,致丰工业电子,-43.418,,1000000000.0,,1.82,港股主板
00332,,,0.1002,30,1.17,False,0.001,,392731056.0,0.173,7.6,5.3227,-49.12,67942473.0,,67942473.0,,10000.0,13.576180039557384,-99.89,0.0,-56.59354980672593,49580.0,0.002,717350400000.0,-0.4587,0.0,280000.0,1.26,-0.0471,513.0,0.07,,,元亨燃气,-0.3771,,392731056.0,,0.171,港股主板
06676,-37.49974817475326,,0.2636,30,0.0,False,0.005,1.5089,880782515.0,0.66,7.58,0.2247,-63.33,581316460.0,,707340729.0,,500.0,-35.44579232841383,-94.2,0.0,27.57096627868778,29877.5,0.0,1741536000000.0,-0.2092,0.0,47000.0,0.83,1.507,513.0,0.01,,0.0,找钢网-W,-3.1549,,1071728377.0,,0.66,港股主板
06810,,,4.5661,30,2.28,False,0.05,6.3836,304042524.0,53.8,5.99,,116.41,16357487791.0,,21661321840.0,,100.0,,-44.82,-0.46,16.011706547814587,65528621.2,1.2,1777392000000.0,0.3711,0.0,1237346,1.21,6.4036,512.0,0.41,,241.11,商米科技-W,144.9613,,402626800.0,,52.6,港股主板
02383,13.880219284451512,,2.0009,30,0.0,False,0.005,0.6633,3958510558.0,0.37,2.7,16.5284,-9.76,1464648906.0,,1464648906.0,,2000.0,-270.3828430543382,-78.61,0.0,-2.7476706554415475,6580.0,0.0,1091548800000.0,-0.0666,0.0,18000.0,0.11,0.6633,512.0,0.0,,0.0,TOM集团,-5.5532,,3958510558.0,,0.37,港股主板
00888,34.30096146878427,,2.2458771660859465,30,3.03,False,0.001,,1421838398.0,0.034,,,-62.22,48342506.0,,48342506.0,,2000.0,252.31785239504268,-97.37,0.0,-20.26052744997775,,0.001,993657600000.0,-0.0414,0.0,,,-0.9685,508.0,,,0.0,链信控股,-0.8216,,1421838398.0,,0.033,港股主板
08455,-19.159314859190822,,0.2256,30,0.0,False,0.001,126.5934,960000000.0,0.024,20.83,,-77.36,23040000.0,,23040000.0,,10000.0,167.91197089360193,-91.11,0.0,-2.8135517088718087,515440.0,0.0,1491926400000.0,-0.0099,125000.0,22910000.0,17.82,-3.3518,507.0,2.39,,0.0,礼建德集团,-2.4353,,960000000.0,,0.024,港股GEM
00313,,,1.7551827754166467,30,0.0,False,0.001,,1166834362.0,0.063,,,-25.0,73510565.0,,73510565.0,,25000.0,201.5023119750873,-99.65,0.0,-6.7841228099650985,,0.0,726163200000.0,-0.183,0.0,,,-0.3434,505.0,,,,裕田中国,-0.3443,,1166834362.0,,0.063,港股主板
01912,,,3.6102,30,1.78,False,0.005,35.5259,461209833.0,3.15,12.6,16.3989,343.66,1452810974.0,,1452810974.0,,5000.0,,-62.12,0.0,,1176700.0,0.055,1563206400000.0,-0.2349,0.0,360000,0.48,13.952,503.0,0.08,,6.15,康特隆,-13.4073,,461209833.0,,3.095,港股主板
00055,11.383658542433906,,0.0794,30,7.27,False,0.001,0.0531,253359456.0,0.118,10.91,3.3618,-18.06,29896416.0,,29896416.0,,10000.0,-13.323031801742957,-95.2,0.0,-15.698812602260615,14520.0,0.008,716054400000.0,-0.3104,0.0,130000,0.88,0.0531,503.0,0.05,,,中星集团控股,-0.3802,,253359456.0,,0.11,港股主板
02677,,,1.0948,30,-1.15,False,0.02,1.4218,64580450.0,22.3,2.66,5.7629,-62.77,1440144035.0,,1440144035.0,,50.0,,-72.47,0.0,21.73704386801518,44575.0,-0.26,1770307200000.0,2.5567,0.0,2000,0.87,1.4263,503.0,0.0,,13.36,卓正医疗,8.7221,,64580450.0,,22.56,港股主板
02451,-6.4025695875881805,,0.9738,30,-1.01,False,0.01,2.9388,406127000.0,13.76,2.23,,10.97,5588307520.0,,5588307520.0,,500.0,8.463515978272461,91.17,-0.15,-2.5742237837568793,4590180.0,-0.14,1697040000000.0,0.3965,0.0,331000,0.87,2.8,500.0,0.08,,0.95,绿源集团控股,34.705,,406127000.0,,13.9,港股主板
02088,,,4.030549668310745,30,0.0,False,0.001,,1408784239.0,0.038,,,0.0,53533801.0,,53533801.0,,2000.0,-26.90808736646893,-96.39,,-51.86862301880715,,0.0,1134057600000.0,-0.1051,0.0,,,0.1144,500.0,,,0.0,西王置业,-0.3615,,1408784239.0,,0.038,港股主板
00251,-42.729281781401376,,1.5001470059956568,30,0.0,False,0.005,,602122726.0,1.075,,2.4800073946360155,-12.45,647281930.0,,647281930.0,4.65,2000.0,-4.373876381301919,,0.0,2.114235491843819,,0.0,118425600000.0,-0.2727,0.0,,,0.1787,500.0,,,,爪哇控股,-3.9415,,602122726.0,,1.075,港股主板
08027,,,0.6387686012842271,30,0.0,False,0.001,,710400000.0,0.107,,,-13.71,76012800.0,,76012800.0,,10000.0,15.129046635063409,-97.41,0.0,13.951263318806962,,0.0,1436457600000.0,0.0157,0.0,,,0.9562,499.0,,,0.0,吉辉控股,6.7968,,710400000.0,,0.107,港股GEM
00156,,,1.2225,30,-0.84,False,0.005,0.5379,918691271.0,1.18,1.26,12.3594,45.68,1084055700.0,,1084055700.0,,2000.0,8.498624503585942,,0.0,7.210742398892767,63140.0,-0.01,599414400000.0,0.1754,0.0,53000.0,0.06,0.5379,499.0,0.01,,,力宝华润,6.7269,,918691271.0,,1.19,港股主板
01683,,,1.0691,30,-1.54,False,0.001,0.4429,1866240000.0,0.128,0.0,3.3235,-65.87,238878720.0,,238878720.0,,16000.0,-0.5813428759910416,-94.5,0.0,-9.134008433139085,68720.0,-0.002,1441641600000.0,-0.0017,0.0,528000.0,0.63,0.4429,498.0,0.03,,0.0,旷逸国际,-76.4657,,1866240000.0,,0.13,港股主板
03628,-15.38764043785723,,1.1427,30,1.45,False,0.001,1.0735,804000000.0,0.21,6.28,56.8102,5.0,168840000.0,,168840000.0,,4000.0,5.719331567284783,,0.0,12.863092379236152,149952.0,0.003,1321545600000.0,0.0107,0.0,700000.0,1.7,1.0735,498.0,0.09,,,仁恒实业控股,19.6737,,804000000.0,,0.207,港股主板
03661,59.761230626433104,,9.3132,30,-12.34,False,0.05,4.4104,62101300.0,72.45,13.55,75.191,-14.96,4499239185.0,,49784068287.0,,100.0,,-31.07,-1.09,28.59634295419733,86013309.54,-10.2,1782403200000.0,1.2728,-22485803.04,1102346,11.25,4.4066,496.0,1.78,,47.07,圣邦股份,56.9201,,687150701.0,,82.65,港股主板
03816,53.28279497245803,,3.3401,30,12.74,False,0.005,5.936,600000000.0,5.795,21.21,95.5062,1124.64,3477000000.0,,3477000000.0,0.69,4000.0,13.959756104860203,783.11,0.0,19.822558574960514,35320392.0,0.655,1350230400000.0,0.1361,2672000.0,6324000,1.13,5.6524,496.0,1.05,,0.0,KFM金德,42.5941,,600000000.0,,5.14,港股主板
00265,-68.55539632495821,,1.0744482786938536,30,0.0,False,0.005,,258441510.0,1.215,,4.503886099915374,-34.32,314006435.0,,314006435.0,,2000.0,1.3377747693184652,,,-10.51836255408758,,0.0,599414400000.0,0.0232,0.0,,,0.6765,494.0,,,,港誉智慧城市服务,52.2647,,258441510.0,,1.215,港股主板
01377,103.32558684179571,,31.0661,30,-6.84,False,0.2,29.7667,12632000.0,253.2,7.8,353.9157,-33.1,3198422400.0,,107368177289.0,0.46,100.0,,-22.97,-0.31,48.826132265852436,29789932.0,-18.6,1783526400000.0,2.5764,-3396160.0,114030,2.07,12.6889,493.0,0.9,,-1.79,鼎泰高科,98.2767,,424044934.0,,271.8,港股主板
08311,-17.07235486297106,,1.0298,30,7.35,False,0.001,4.4344,1483687151.0,0.073,20.59,,-7.59,108309162.0,,108309162.0,,10000.0,-35.66206602629249,-83.18,0.0,-5.06863815296319,25390.0,0.005,1391702400000.0,-0.0073,0.0,360000,2.4,4.4344,490.0,0.02,,,圆美光电,-9.9567,,1483687151.0,,0.068,港股GEM
00309,-9.009917104693177,,0.1279223223228809,30,0.0,False,0.005,,52101744.0,0.88,,,-43.59,45849535.0,,45849535.0,,2000.0,-17.02432411693992,-91.66,0.0,9.415987178503183,,0.0,1059062400000.0,-0.2555,0.0,,,0.6433,490.0,,,0.0,新华通讯频媒,-3.4442,,52101744.0,,0.88,港股主板
03880,32.74358846398293,,4.6689,30,-0.58,False,0.02,1.5502,141800000.0,20.66,1.54,20.6806,-32.22,2929588000.0,,2929588000.0,,100.0,10.888042501295399,-31.82,0.0,16.08636335401201,1463176.0,-0.12,1751212800000.0,1.3556,0.0,70800.0,0.98,1.5551,490.0,0.05,,0.65,泰德医药,15.24,,141800000.0,,20.78,港股主板
00959,,,3.0516968735541012,30,0.0,False,0.01,,128247561.0,0.72,,,0.0,92338244.0,,92338244.0,,10000.0,-10.415287264803252,-99.92,,,,0.0,875808000000.0,0.0969,519100.0,,,-0.8163,490.0,,,,世纪娱乐国际,7.4305,,128247561.0,,0.72,港股主板
00137,,,0.2817450671446663,30,0.0,False,0.005,,530289480.0,0.61,,0.8210273940962969,-10.29,323476583.0,,323476583.0,,1000.0,0.35957090888835824,24.26,0.0,18.75416072533507,,0.0,691948800000.0,0.0114,0.0,,,0.1924,489.0,,,,金辉集团,53.3086,,530289480.0,,0.61,港股主板
08195,5.145639490334375,,0.6506,30,0.0,False,0.005,0.5705,458664696.0,0.57,18.42,2.5778,-52.89,261438877.0,,261438877.0,,2000.0,8.453946866879686,-91.41,1.79,19.199776336061113,1275861.0,0.0,1412870400000.0,0.0846,0.0,2509000.0,4.81,0.5328,488.0,0.55,,0.0,传承教育集团,6.7359,,458664696.0,,0.57,港股GEM
06999,,,0.013180744414925567,30,0.0,False,0.001,,1026945000.0,0.117,,,0.0,120152565.0,,120152565.0,,1000.0,-169.58279137453766,-97.94,,-17.117806438885154,,0.0,1607529600000.0,-2.159,0.0,,,0.5869,488.0,,,0.0,领地控股,-0.0542,,1026945000.0,,0.117,港股主板
06067,-36.935466902087256,,1.74,30,-4.96,False,0.005,0.7631,149523500.0,6.42,8.96,13.6757,-28.51,959940870.0,,9600590872.0,,500.0,,-48.35,0.31,24.133529099234675,10461980.0,-0.335,1782144000000.0,0.1112,403210.0,1582000,4.17,0.7655,488.0,1.06,,22.49,星源材质,57.708,,1495419139.0,,6.755,港股主板
08512,-24.495350838218677,,0.38000781483439444,30,0.0,False,0.005,,918500000.0,0.36,,4.143089838366119,7.46,330660000.0,,330660000.0,,10000.0,10.397037049212212,-22.58,0.0,-1.40730759039156,,0.0,1531929600000.0,0.0826,0.0,,,0.4305,488.0,,,86.44,凯富善集团控股,4.3561,,918500000.0,,0.36,港股GEM
00150,,,0.5187578737080419,30,0.0,False,0.001,,2013330431.0,0.15,,12.322992002285062,-15.68,301999565.0,,301999565.0,4.67,2800.0,4.121320521983858,,0.0,-15.356385770446701,,0.0,1460304000000.0,0.0087,0.0,,,0.7098,487.0,,,,HYPEBEAST,17.2001,,2013330431.0,,0.15,港股主板
00104,-3.311837879731716,,0.2421,30,-1.36,False,0.001,0.3506,747123220.0,0.217,0.0,2.0089,10.49,162125739.0,,162125739.0,13.82,5000.0,8.597757353101398,,0.0,-1.9631298507288952,7560.0,-0.003,554486400000.0,0.0528,0.0,35000,0.12,0.3407,487.0,0.0,,,冠亚商业,4.1089,,747123220.0,,0.22,港股主板
01950,-37.24514221823739,,0.0962,30,-1.0,False,0.001,0.097,720000000.0,0.099,2.0,1.5363,-44.69,71280000.0,,71280000.0,,4000.0,2.3853789264943073,-96.04,0.0,7.768719199376917,1580.0,-0.001,1583942400000.0,0.0257,0.0,16000,0.02,0.0973,486.0,0.0,,-1.92,帝王实业控股,3.8468,,720000000.0,,0.1,港股主板
00212,,,4.3478,30,0.63,False,0.02,0.2082,33967738.0,28.8,0.7,9.9015,3.81,978270854.0,,978270854.0,4.51,500.0,-0.1788632207950819,,0.0,12.7249011887425,272460.0,0.18,-482745600000.0,-0.2589,0.0,9500,1.6,0.2082,486.0,0.03,,,南洋集团,-111.2556,,33967738.0,,28.62,港股主板
00058,-12.540396512794427,,0.5983,30,-1.91,False,0.001,5.566,515520000.0,0.205,1.91,,0.0,105681600.0,,105681600.0,,20000.0,-105.49141087017742,-95.96,0.0,-16.10541718494304,12460.0,-0.004,936288000000.0,-0.0727,0.0,60000.0,1.05,5.566,485.0,0.01,,,新威国际,-2.8212,,515520000.0,,0.209,港股主板
01536,7.909959445157,,4.7082,30,26.03,False,0.005,7.3199,1824000000.0,0.46,42.47,,660.33,839040000.0,,839040000.0,,2000.0,-3.8580672861655474,1.68,-1.08,4.303546248125634,20221390.0,0.095,1484064000000.0,-0.0024,-888400.0,42766000,1.68,7.4241,485.0,2.34,,-4.55,煜荣集团,-190.561,,1824000000.0,,0.365,港股主板
00630,,,2.0801,30,-8.89,False,0.001,1.0199,967551792.0,0.164,0.0,10.9087,-34.4,158678494.0,,158678494.0,,10000.0,87.00568097978456,-99.96,0.0,37.01866446852882,18040.0,-0.016,849110400000.0,0.0975,0.0,110000,0.65,1.0199,484.0,0.01,,,隽泰控股,1.6819,,967551792.0,,0.18,港股主板
02293,-48.96956894464882,,2.421503888328996,30,0.0,False,0.005,,402460000.0,0.4,,,-18.37,160984000.0,,160984000.0,3.75,4000.0,2.615890010950237,,0.0,-19.313171220853988,,0.0,1404748800000.0,0.0155,390400.0,,,0.6509,483.0,,,,百本医护,25.8194,,402460000.0,,0.4,港股主板
00927,,,0.2751,30,0.0,False,0.005,0.4521,511005000.0,0.425,1.18,,-35.15,217177125.0,,217177125.0,4.24,2000.0,-5.031097130519824,151.78,0.0,-10.050278081961705,11170.0,0.0,955382400000.0,-0.0514,0.0,26000.0,0.22,0.3998,483.0,0.01,,0.0,富士高实业,-8.2696,,511005000.0,,0.425,港股主板
01459,,,0.0199008569676886,30,0.0,False,0.001,,133360000.0,0.195,,1.381156129237879,-20.73,26005200.0,,104005200.0,,2000.0,-4.332426960750265,-81.61,0.0,-17.01100911892979,,0.0,1452528000000.0,-0.1429,0.0,,,0.0588,482.0,,,0.0,巨匠建设,-1.365,,533360000.0,,0.195,港股主板
00723,440.77490159137903,,2.1252,30,1.89,False,0.001,0.8954,1093841518.0,0.216,8.96,,-32.5,236269768.0,,236269768.0,,30000.0,15.747975488923426,,0.0,-39.78956946343298,293810.625,0.004,679766400000.0,0.0405,0.0,1411375,8.07,0.7777,482.0,0.13,,,信保环球控股,5.3358,,1093841518.0,,0.212,港股主板
00896,185.62222616186364,,0.1949,30,0.0,False,0.005,0.094,1073074676.0,0.28,7.14,,15.7,300460909.0,,300460909.0,,2000.0,-29.64352900557744,,0.0,7.743615713755392,29060.0,0.0,1010592000000.0,-0.8345,22400.0,104000.0,2.32,0.1164,481.0,0.01,,,兴胜创建,-0.3355,,1073074676.0,,0.28,港股主板
00075,269.6552869804757,,0.0156,30,-13.1,False,0.001,0.2432,799557415.0,0.126,0.0,0.0296,-10.64,100744234.0,,100744234.0,,2000.0,-82.56235917587469,,0.0,11.917879449736057,1708.0,-0.019,469036800000.0,-0.7161,0.0,14000,0.34,0.2432,481.0,0.0,,,渝太地产,-0.176,,799557415.0,,0.145,港股主板
02262,,,1.045634626557667,30,0.0,False,0.005,,1141401000.0,0.38,,7.801222705852728,-52.5,433732380.0,,433732380.0,,3000.0,3.739674962244119,-54.33,0.0,4.458106784841043,,0.0,1530720000000.0,0.0104,136800.0,,,1.3169,481.0,,,30.68,梁志天设计集团,36.3778,,1141401000.0,,0.38,港股主板
01580,-40.675764093912456,,56.859,30,-9.68,False,0.005,44.7819,1095679546.0,0.42,15.05,,125.81,460185409.0,,460185409.0,,30000.0,-418.8783570300158,-61.04,0.0,-50.715959465663964,1408950.0,-0.045,1482076800000.0,-0.011,0.0,3510000,0.53,-146.629,481.0,0.32,,12.0,大森控股,-38.2283,,1095679546.0,,0.465,港股主板
01202,371.3625035913699,,0.9531,30,2.11,False,0.005,0.6103,160000000.0,1.45,0.0,2.5563,64.16,232000000.0,,580000000.0,0.83,2000.0,5.434352487676151,-37.16,0.0,26.587671874622586,20300.0,0.03,787248000000.0,0.1255,0.0,14000,0.1,0.6122,480.0,0.01,,,四威科技,11.5514,,400000000.0,,1.42,港股主板
00018,-56.88342867089959,,1.0606,30,0.0,False,0.001,0.3062,2397917898.0,0.21,0.0,19.2009,-29.01,503562759.0,,503562759.0,4.76,2000.0,0.8037215238261503,,0.0,-11.16008252432682,14280.0,0.0,556214400000.0,0.0056,0.0,68000.0,0.35,0.3005,479.0,0.0,,,东方传媒集团,37.7172,,2397917898.0,,0.21,港股主板
03869,-53.035243874456775,,0.28009571260658633,30,0.0,False,0.005,,138194000.0,3.385,,1.970781594280442,-44.33,467786690.0,,467786690.0,,200.0,-0.3660532230949017,-73.96,0.0,0.532839504930771,,0.0,1489593600000.0,0.0083,0.0,,,0.7196,479.0,,,-0.15,弘和仁爱医疗,409.6704,,138194000.0,,3.385,港股主板
01004,-66.32911979579352,,1.1966,30,-12.32,False,0.001,,468717568.0,0.185,0.47,1.5532,-64.42,86712750.0,,86712750.0,,10000.0,6.3931621011391755,-90.13,0.0,-27.719883950125844,18430.0,-0.026,876326400000.0,-0.1677,0.0,100000,1.43,-0.0665,478.0,0.02,,,中国智慧能源,-1.1034,,468717568.0,,0.211,港股主板
00063,85.70413180009346,,1.8004,30,0.0,False,0.001,0.5776,6352702084.0,0.046,0.0,2.8845,-16.36,292224296.0,,292224296.0,,1000.0,2.299364282793949,,0.0,64.03785430459052,506.0,0.0,509731200000.0,0.0018,0.0,11000.0,0.01,0.5776,477.0,0.0,,,中亚烯谷集团,25.4706,,6352702084.0,,0.046,港股主板
01255,-82.01164237437749,,4.854460322504587,30,0.0,False,0.005,,242845000.0,1.95,,,50.0,473547750.0,,473547750.0,,2000.0,14.507373041235127,-9.03,-0.26,-22.860690246047554,,0.0,1373472000000.0,-0.031,0.0,,,-8.607,476.0,,,0.0,TATA健康,-62.8381,,242845000.0,,1.95,港股主板
01490,-10.591963219603983,,1.988601337579044,30,0.0,False,0.005,,1234600000.0,0.26,,34.44163090128755,36.84,320996000.0,,320996000.0,,4000.0,2.604351887851087,-84.71,0.0,-2.52477541092081,,0.0,1610640000000.0,0.0133,0.0,,,0.5071,475.0,,,21.95,AI X TECH,19.6029,,1234600000.0,,0.26,港股主板
00199,53.14977475868257,,7.031,30,0.57,False,0.005,1.3913,1088638092.0,2.625,4.98,14.1107,150.0,2857674992.0,,2857674992.0,,1000.0,-27.05819829922006,-98.53,0.77,73.74787743715405,11501495.0,0.015,763920000000.0,-0.4848,353460.0,4469000,0.94,1.5898,475.0,0.41,,,德祥新云算力,-5.4151,,1088638092.0,,2.61,港股主板
06036,,,0.1392,30,0.92,False,0.005,2.6356,1075110000.0,1.1,1.83,,161.9,1182621000.0,,1182621000.0,,5000.0,50.559639870012255,46.24,1.38,72.33322658999066,267250.0,0.01,1521129600000.0,0.1766,0.0,245000,0.62,2.6356,474.0,0.02,,0.0,光丽科技,6.2305,,1075110000.0,,1.09,港股主板
08413,,,0.2514,30,-6.15,False,0.001,0.712,1162000000.0,0.061,1.54,4.4282,-66.85,70882000.0,,70882000.0,,10000.0,1.793010432781943,-73.48,0.0,-0.4983265340260057,10820.0,-0.004,1492012800000.0,0.0016,0.0,180000,0.76,0.6967,472.0,0.02,,71.74,亚洲富思,39.2046,,1162000000.0,,0.065,港股GEM
02729,16.228095564772183,,6.8328,30,-12.47,False,0.01,6.6653,427883729.0,19.38,12.38,,16.33,8292386668.0,,8292386668.0,,200.0,,-39.44,-2.52,33.77122815576674,6973426.0,-2.76,1774281600000.0,-0.2205,410112.0,337600,2.56,6.6862,470.0,0.08,,84.27,凯乐士科技,-87.895,,427883729.0,,22.14,港股主板
06909,,,0.013742216538197748,30,-0.46,False,0.001,,622500000.0,0.218,,0.35017301573785214,-45.24,135705000.0,,135705000.0,10.55,1000.0,-4.133211369719144,-95.03,0.0,-6.693508854800989,,-0.001,1626278400000.0,-0.1954,0.0,,,0.0472,470.0,,,25.0,百得利控股,-1.1154,,622500000.0,,0.219,港股主板
00979,12.377820420411512,,3.2828,30,-2.7,False,0.005,14.2532,1382836176.0,0.36,5.41,,28.57,497821023.0,,497821023.0,,2000.0,-38.384503689954045,-97.87,0.0,22.50318341578086,219430.0,-0.01,867254400000.0,-0.0093,0.0,618000.0,3.58,13.3185,466.0,0.04,,,绿色能源科技集团,-38.8286,,1382836176.0,,0.37,港股主板
06888,,,1.2679399598896968,30,0.0,False,0.001,,1079000000.0,0.075,,8.024293505205751,-46.43,80925000.0,,80925000.0,,1000.0,-12.43208360529392,-96.78,0.0,-66.64313276232775,,0.0,1372176000000.0,-0.0781,0.0,,,0.1243,464.0,,,0.0,英达公路再生科技,-0.9602,,1079000000.0,,0.075,港股主板
01985,-3.081835064627514,,0.5231,30,-5.38,False,0.005,3.5618,309374000.0,2.2,0.0,42.8874,61.76,680622800.0,,680622800.0,,2000.0,13.442427425133177,29.95,0.0,3.695471108344872,13200.0,-0.125,1488902400000.0,0.0976,0.0,6000.0,0.01,2.7424,464.0,0.0,,173.97,美高域,22.5334,,309374000.0,,2.325,港股主板
02297,-23.092536100957428,,7.8147,30,-6.25,False,0.001,0.551,1401358800.0,0.15,11.25,,-44.44,210203820.0,,210203820.0,,1000.0,-18.18461036666576,-97.32,0.0,-28.254639761816968,318642.0,-0.01,1657209600000.0,-0.0542,246050.0,2108000,3.25,0.5527,463.0,0.15,,-15.38,润迈德-B,-2.7671,,1401358800.0,,0.16,港股主板
00125,14.527171443382535,,0.08404941613498756,30,0.0,False,0.005,,262778286.0,0.285,,,-18.57,74891812.0,,74891812.0,,2000.0,-7.477573307226551,1.6,0.0,8.12376680170155,,0.0,927561600000.0,-0.1747,0.0,,,0.1253,463.0,,,,新兴光学,-1.6315,,262778286.0,,0.285,港股主板
03310,-0.0007023438675868299,,9.9081,30,-3.41,False,0.02,5.3712,435707750.0,24.94,8.52,149.0199,19.85,10866551285.0,,10866551285.0,,200.0,,-2.12,0.89,2.1841492199744517,11535260.0,-0.88,1779811200000.0,-0.6122,238904.0,461400.0,1.83,5.388,463.0,0.11,,91.73,云英谷科技,-40.7413,,435707750.0,,25.82,港股主板
02583,50.85988085174375,,3.0511,30,-0.77,False,0.02,1.754,58825000.0,38.9,9.8,,-77.75,2288292500.0,,2288292500.0,,100.0,15.669522153047568,-53.69,0.41,16.70105368535979,41369507.0,-0.3,1759161600000.0,2.8246,1747230.0,1049100.0,1.64,1.7595,463.0,1.78,,258.11,西普尼,13.7716,,58825000.0,,39.2,港股主板
08219,,,0.5441,30,5.56,False,0.005,4.2727,247500000.0,0.38,11.11,489.8438,117.14,94050000.0,,94050000.0,,10000.0,17.278617710583152,-83.8,2.7,6.052957967187256,501800.0,0.02,1531324800000.0,0.0107,0.0,1290000.0,0.6,4.2727,463.0,0.52,,98.0,恒伟集团控股,35.625,,247500000.0,,0.36,港股GEM
01865,40.696529531472336,,1.3255,30,3.57,False,0.005,1.5286,1434541901.0,0.435,5.95,8.9752,78.28,624025727.0,,624025727.0,,12000.0,-7.352075172184244,-92.17,0.0,8.805873282166177,7798560.0,0.015,1553616000000.0,-0.0243,1919400.0,18276000.0,1.58,1.1452,462.0,1.27,,20.0,鹏高控股集团,-17.8821,,1434541901.0,,0.42,港股主板
01679,-42.73488691545484,,5.447917268507331,30,0.0,False,0.005,,285630797.0,1.305,,,190.0,372748190.0,,372748190.0,,5000.0,28.651759839139928,-95.61,0.0,-24.7161800271135,,0.0,1496937600000.0,-0.0996,0.0,,,-10.0345,462.0,,,106.0,瑞斯康集团,-13.0982,,285630797.0,,1.305,港股主板
08395,-3.743329796133965,,22.8141,30,-2.71,False,0.005,85.8478,1776500000.0,1.795,6.23,350.6121,746.7,3188817500.0,,3188817500.0,,20000.0,-27.230318921885484,1059.56,0.0,21.362446120824607,1405000.0,-0.05,1516809600000.0,-0.005,0.0,780000.0,0.45,23.7707,461.0,0.04,,19.23,中显智能齐家控股,-357.0504,,1776500000.0,,1.845,港股GEM
00846,54.281011956998505,,0.137,30,6.98,False,0.001,0.0344,6093451026.0,0.092,11.63,7.5876,-18.58,560597494.0,,560597494.0,,1000.0,-9.038635746665733,-95.67,0.0,-31.519460570150027,54852.0,0.006,1258041600000.0,-0.2475,0.0,625000,0.76,0.0345,461.0,0.01,,0.0,明发集团,-0.3718,,6093451026.0,,0.086,港股主板
08406,,,1.074,30,-3.61,False,0.001,1.4144,2049617722.0,0.08,0.0,,29.03,163969418.0,,163969418.0,,10000.0,-48.147144982311104,-71.18,0.0,-11.956234556291855,23700.0,-0.003,1512576000000.0,-0.0316,0.0,300000.0,0.75,1.2134,460.0,0.01,,31.75,中国口腔产业,-2.5342,,2049617722.0,,0.083,港股GEM
08545,,,0.26635645892931387,30,-2.7,False,0.001,,1192307692.0,0.036,,,-7.69,42923077.0,,42923077.0,,8000.0,-0.6318455305310339,-90.77,0.0,-11.93677850809457,,-0.001,1527696000000.0,-0.001,436600.0,,,0.2221,460.0,,,14.29,佰悦集团,-35.0392,,1192307692.0,,0.037,港股GEM
01142,,,0.6124,30,-6.25,False,0.001,,14281801041.0,0.03,31.25,,-87.5,428454031.0,,428454031.0,,2000.0,4.549404656488235,-99.99,0.0,-15.257131916839784,12319304.0,-0.002,1036684800000.0,-0.0012,-392500.0,387674000,0.68,0.308,460.0,2.71,,0.0,能源及能量环球,-25.8588,,14281801041.0,,0.032,港股主板
02023,8.987042625023145,,0.2712,30,-3.8,False,0.005,0.4952,491800000.0,0.76,1.9,,-5.0,373768000.0,,373768000.0,,4000.0,9.77134057836007,-19.15,0.0,21.84611693333367,30260.0,-0.03,1381420800000.0,0.1329,0.0,40000.0,2.2,0.4967,459.0,0.01,,0.0,中国绿岛科技,5.7192,,491800000.0,,0.79,港股主板
06093,,,0.26125846443626866,30,0.0,False,0.005,,560000000.0,0.68,,3.971465520837679,-2.86,380800000.0,,380800000.0,,2000.0,-9.951599872755423,-62.64,3.01,-3.0095912305077133,,0.0,1562860800000.0,-0.121,0.0,,,0.568,459.0,,,34.38,和泓服务,-5.6214,,560000000.0,,0.68,港股主板
01253,-22.180242256255546,,1.2128,30,-7.47,False,0.001,,604116479.0,0.161,10.34,1.1792,-23.33,97262753.0,,97262753.0,,12000.0,-466.42495999093603,-95.25,0.0,66.9077590953162,27696.0,-0.013,1405872000000.0,-0.308,0.0,180000,0.88,-2.9449,459.0,0.03,,0.0,绿博生态,-0.5227,,604116479.0,,0.174,港股主板
06675,107.93691780707455,,13.027,30,-4.43,False,0.02,5.0363,381897620.0,20.72,8.95,,12.85,7912918686.0,,7912918686.0,,200.0,,-34.43,-0.19,42.91212552963009,5737964.0,-0.96,1781625600000.0,-1.7501,198360.0,273000,2.48,5.0398,459.0,0.07,,127.12,SENASIC,-11.8391,,381897620.0,,21.68,港股主板
00840,,,0.07211067737354829,30,0.0,False,0.001,,202400000.0,0.172,,,-4.44,34812800.0,,89357708.0,,2000.0,-11.1374969978356,-94.98,0.0,-12.60212022782483,,0.0,1201104000000.0,-0.0845,0.0,,,0.2331,459.0,,,11.51,天业节水,-2.036,,519521560.0,,0.172,港股主板
02699,-30.942274881563936,,0.9858,30,0.9,False,0.005,,26300708.0,5.6,4.86,8.8926,44.38,147283965.0,,147283965.0,,2000.0,5.535694821304259,-99.68,0.0,-24.398519757714887,7426420.0,0.05,1436112000000.0,-8.3259,-639600.0,1364000,0.9,-0.0375,458.0,5.19,,0.0,新明中国,-0.6726,,26300708.0,,5.55,港股主板
01395,,,1.3118,30,25.93,False,0.001,0.6724,1107300000.0,0.17,77.78,14.6537,14.09,188241000.0,,188241000.0,,5000.0,5.747506110854198,-74.15,0.0,1.606255588172445,84530.0,0.035,1411660800000.0,0.0145,0.0,440000,2.52,0.6724,458.0,0.04,,0.0,强泰环保,11.6956,,1107300000.0,,0.135,港股主板
01941,,,0.6827,30,-1.43,False,0.005,1.0037,405310000.0,0.69,2.14,10.3729,194.87,279663900.0,,279663900.0,,2000.0,6.662712238242179,-53.06,0.0,1.3083739636839287,214270.0,-0.01,1584028800000.0,0.0451,0.0,312000,4.2,1.0068,457.0,0.08,,10.26,烨星集团,15.3075,,405310000.0,,0.7,港股主板
03626,,,3.7445,30,-9.66,False,0.005,15.4216,184000000.0,2.01,4.04,32.0236,-36.99,369840000.0,,369840000.0,,2000.0,12.052500946531488,-9.89,-0.25,21.984130475489216,194420.0,-0.215,1463500800000.0,0.0156,0.0,96000,2.57,14.7895,455.0,0.05,,4.4,启明东方控股,129.089,,184000000.0,,2.225,港股主板
08462,,,0.18058703329093911,30,0.0,False,0.001,,600000000.0,0.072,,22.61780104712042,-13.25,43200000.0,,43200000.0,,5000.0,-1.4528051959150536,-84.18,0.0,-16.194076083590392,,0.0,1500220800000.0,-0.0034,0.0,,,0.307,455.0,,,4.4,中安控股集团,-20.8853,,600000000.0,,0.072,港股GEM
01817,25.254262699099094,,0.2249,30,44.74,False,0.005,0.5724,950000000.0,0.55,53.95,0.9992,80.33,522500000.0,,522500000.0,,500.0,5.803104625164887,-87.64,0.92,-4.749351554762704,546905.0,0.17,1558886400000.0,0.0534,52500.0,1129500,1.92,0.5741,454.0,0.12,,2.51,慕尚集团控股,10.308,,950000000.0,,0.38,港股主板
00918,-39.19882152582773,,15.5715,30,-3.95,False,0.005,6.0358,1114069159.0,1.46,9.87,,180.77,1626540972.0,,1626540972.0,,6000.0,-2.117322032797284,-56.86,0.0,-21.222406203771772,1183020.0,-0.06,876844800000.0,-0.005,0.0,834000.0,0.33,6.2155,453.0,0.07,,,龙翼航空科技,-293.5465,,1114069159.0,,1.52,港股主板
01527,147.83406787683484,,0.257,30,0.0,False,0.005,0.2342,35000000.0,2.33,,4.26,18.27,81550000.0,,314550000.0,,200.0,18.005435511193983,-79.66,0.0,43.47161345641404,23000.0,0.0,1444579200000.0,1.6255,0.0,10000.0,1.04,0.235,453.0,0.03,,0.0,天洁环境,1.4334,,135000000.0,,2.33,港股主板
02112,,,0.8594,30,2.63,False,0.001,,1500000000.0,0.039,2.63,,-32.76,58500000.0,,58500000.0,,2000.0,15.292512924795885,-96.91,0.0,-38.20977119521463,4034.0,0.001,1372780800000.0,-0.1433,0.0,106000,0.71,-0.0386,452.0,0.01,,0.0,恩典生命科技,-0.2722,,1500000000.0,,0.038,港股主板
01591,,,0.42559204882671253,30,0.0,False,0.001,,533333333.0,0.128,,,-8.57,68266667.0,,68266667.0,,20000.0,-10.240468587357315,-91.47,0.0,-19.96736772577279,,0.0,1474992000000.0,-0.0272,0.0,,,0.4761,452.0,,,-4.0,汛和集团,-4.7045,,533333333.0,,0.128,港股主板
00092,117.50854825711615,,3.7451425196850394,30,0.0,False,0.001,,1097614848.0,0.117,,,-32.76,128420937.0,,128420937.0,,12000.0,-205.03565353918617,-99.73,-0.85,5.979813478226137,,0.0,714153600000.0,-0.1142,-329616.0,,,18.7066,452.0,,,,冠军科技集团,-1.0244,,1097614848.0,,0.117,港股主板
00851,-9.975802911027742,,2.094102897845925,30,0.0,False,0.001,,881970541.0,0.249,,9.275274105672171,-9.45,219610665.0,,219610665.0,,10000.0,-5.743552531103527,-95.27,0.0,90.25073409875174,,0.0,912528000000.0,-0.0077,0.0,,,1.9078,451.0,,,,盛源控股,-32.2625,,881970541.0,,0.249,港股主板
00645,-3.7149050394611582,,1.697794038349273,30,0.0,False,0.001,,513175401.0,0.181,,,47.15,92884748.0,,92884748.0,,2000.0,-17.498226531094822,-90.38,0.0,-48.99426634221169,,0.0,756489600000.0,-0.0113,50318.0,,,3.0714,451.0,,,,安域亚洲,-16.012,,513175401.0,,0.181,港股主板
01222,,,0.1029,30,0.0,False,0.001,0.0672,13538696942.0,0.02,5.0,0.2274,-9.09,270773939.0,,270773939.0,,20000.0,-20.235078424252322,-99.98,0.0,-9.951888172217005,25843.806,0.0,793900800000.0,-0.0594,0.0,1320254.0,1.2,0.0748,449.0,0.01,,,宏安集团,-0.3366,,13538696942.0,,0.02,港股主板
00465,-5.232192112444178,,8.2311,30,-0.15,False,0.005,6.1562,315211000.0,3.27,0.0,,354.17,1030739970.0,,1030739970.0,,2000.0,-38.52256506754237,106.3,0.0,-13.779697649165934,6540.0,-0.005,1259856000000.0,-0.2491,0.0,2000.0,0.02,6.1033,447.0,0.0,,0.0,富通科技,-13.1296,,315211000.0,,3.275,港股主板
00936,-8.293582607957262,,1.2535,30,-3.64,False,0.005,6.6433,1060000000.0,0.265,9.09,3.6196,-19.7,280900000.0,,280900000.0,,10000.0,12.858975498850517,-3.64,0.0,-3.977102841843383,107850.0,-0.01,1279468800000.0,0.0048,0.0,390000.0,0.53,6.6433,447.0,0.04,,0.0,佳兆业资本,55.4919,,1060000000.0,,0.275,港股主板
00450,,,0.2672253452075955,30,0.0,False,0.005,,907864974.0,0.625,,2.420962935624808,-25.75,567415609.0,,567415609.0,11.2,2000.0,-3.436624531907454,207.73,0.0,-2.124989672305422,,0.0,700675200000.0,-0.1006,0.0,,,0.219,447.0,,,,鸿兴印刷集团,-6.2146,,907864974.0,,0.625,港股主板
08491,,,0.5191,30,16.0,False,0.001,0.7361,398606168.0,0.232,20.0,16.0107,-46.05,92476631.0,,92476631.0,,5000.0,-9.226359727940675,-97.36,0.0,-0.7840228812811989,50875.0,0.032,1506009600000.0,-0.0308,0.0,220000,13.89,0.7364,446.0,0.06,,-5.56,COOL LINK,-7.528,,398606168.0,,0.2,港股GEM
00932,,,0.4655,30,0.0,False,0.001,0.7513,3107893440.0,0.03,0.0,6.6808,-25.0,93236803.0,,93236803.0,,4000.0,-21.532589405100527,,0.0,-2.526799397186319,7920.0,0.0,1381420800000.0,-0.0085,0.0,264000.0,0.57,0.8463,446.0,0.01,,,顺腾国际控股,-3.509,,3107893440.0,,0.03,港股主板
08291,,,0.7241,30,0.0,False,0.001,,213333332.0,0.229,0.44,,10.1,48853333.0,,48853333.0,,10000.0,-1.422365245374095,-99.17,0.0,13.159922719903626,45870.0,0.0,1500307200000.0,0.0053,0.0,200000.0,1.45,-0.6916,445.0,0.09,,-10.67,港娱国际,43.2856,,213333332.0,,0.229,港股GEM
00725,23.655563312242922,,0.4666,30,1.06,False,0.005,0.3977,198958000.0,0.95,0.0,2.5878,25.88,189010100.0,,189010100.0,6.32,2000.0,6.589017003844895,145.67,0.0,10.75373944896192,3810.0,0.01,851875200000.0,0.1527,0.0,4000.0,0.23,0.3977,445.0,0.0,,,恒都集团,6.2207,,198958000.0,,0.94,港股主板
08093,-0.18930370536037744,,1.3647,30,0.0,False,0.005,2.1929,49478400.0,2.21,,,-15.0,109347264.0,,109347264.0,,2000.0,-75.0289337291803,-93.3,0.0,4.6240823716292345,1970.0,0.0,1423670400000.0,-0.6027,0.0,1000.0,0.03,3.2422,444.0,0.0,,0.0,瓦普思瑞元宇宙,-3.6668,,49478400.0,,2.21,港股GEM
08307,,,1.0939640283261265,30,0.0,False,0.001,,396736000.0,0.132,,9.499211318701251,-8.33,52369152.0,,52369152.0,,4000.0,19.870502069843965,-93.29,0.0,1.6771377925146824,,0.0,1418832000000.0,0.0024,0.0,,,10.0209,444.0,,,0.0,密迪斯肌,55.9499,,396736000.0,,0.132,港股GEM
08502,-5.818515929075607,,1.6155257239983203,30,1.52,False,0.005,,800000000.0,0.335,,3.6523208591130856,22.49,268000000.0,,268000000.0,11.94,8000.0,8.80175380414418,14.57,0.0,-8.737552801073079,,0.005,1531152000000.0,0.0726,0.0,,,0.3934,444.0,,,9.21,远航港口,4.6166,,800000000.0,,0.33,港股GEM
02420,,,0.3997,30,-5.35,False,0.005,2.5584,500000000.0,5.04,6.76,15.7018,28.1,2520000000.0,,2520000000.0,4.56,500.0,40.20424315488217,-33.43,-0.4,30.82507638055505,1106057.5,-0.285,1668096000000.0,0.6854,0.0,217500.0,0.79,2.5664,444.0,0.04,,5.47,子不语,7.3529,,500000000.0,,5.325,港股主板
00747,108.51553766373443,,4.17634614016437,30,0.0,False,0.001,,605376000.0,0.064,,,-21.95,38744064.0,,94040064.0,,2000.0,-58.91518268855951,-96.05,0.0,322.3544082574959,,0.0,945273600000.0,-0.1183,0.0,,,0.443,443.0,,,,沈阳公用发展股份,-0.541,,1469376000.0,,0.064,港股主板
01557,,,2.5749,30,0.0,False,0.005,3.2499,480000000.0,0.47,0.0,,34.29,225600000.0,,225600000.0,,4000.0,-1056.8200964999617,-61.79,0.0,-29.053432085657704,13020.0,0.0,1458230400000.0,0.2875,0.0,28000.0,0.86,3.8836,443.0,0.01,,13.82,剑虹集团控股,1.6349,,480000000.0,,0.47,港股主板
00557,,,6.479254344083926,30,0.0,False,0.001,,398979524.0,0.5,,15.471518690863968,-28.57,199489762.0,,199489762.0,,2000.0,-14.940528886567822,,,0.25280097907607324,,0.0,630864000000.0,-0.067,0.0,,,1.2157,442.0,,,,天元医疗,-7.4578,,398979524.0,,0.5,港股主板
00333,2.1071693019603988,,0.0551,30,-7.54,False,0.001,0.1733,301052675.0,0.184,18.09,6.634,-24.9,55393692.0,,55393692.0,,2000.0,-28.97241739270085,-91.37,0.0,-0.03781575018869665,28508.0,-0.015,692812800000.0,-0.2996,0.0,150000,2.69,0.2081,441.0,0.05,,,黛丽斯国际,-0.6141,,301052675.0,,0.199,港股主板
06822,30.4129648390991,,0.5996,30,0.0,False,0.005,0.6437,700000000.0,0.38,1.32,,-7.32,266000000.0,,266000000.0,,2000.0,-17.472027568862327,-25.48,0.0,-14.921549407758295,21260.0,0.0,1421337600000.0,-0.1147,0.0,56000.0,0.3,0.6437,441.0,0.01,,0.0,科劲国际,-3.3122,,700000000.0,,0.38,港股主板
02349,1.4648905217806707,,4.9364,30,-2.94,False,0.001,0.5939,3128278542.0,0.099,8.82,16.9605,52.31,309699576.0,,309699576.0,,4000.0,-18.970963911776348,-98.55,0.0,8.930236058304475,2121.6,-0.003,1056470400000.0,-0.0337,0.0,22400,0.06,0.5939,441.0,0.0,,0.0,中国智能基础设施,-2.9369,,3128278542.0,,0.102,港股主板
00488,112.49627073336703,,0.2047,30,7.75,False,0.005,0.0453,1453328830.0,0.695,17.83,,15.83,1010063537.0,,1010063537.0,,300.0,-16.394514253876704,,0.0,0.4478385541376806,2133.84,0.05,574012800000.0,-2.6993,0.0,3321,1.44,0.0453,439.0,0.0,,,丽新发展,-0.2575,,1453328830.0,,0.645,港股主板
06731,419.05634573365023,,26.9585,30,-1.39,False,0.02,,369588080.0,28.3,5.85,,31.02,10459342664.0,,10459342664.0,,100.0,,25.89,-1.05,182.08865344567943,21671534.0,-0.4,1790611200000.0,-3.7785,-3238652.0,767600,0.33,-21.4527,439.0,0.21,,7.41,本末科技,-7.4897,,369588080.0,,28.7,港股主板
02033,,,0.7738769322617832,30,0.0,False,0.001,,2058068000.0,0.228,,,-30.91,469239504.0,,469239504.0,4.39,2000.0,-3.6433537282503243,-70.62,0.0,-14.839321939794846,,0.0,1359993600000.0,-0.0398,0.0,,,0.2103,439.0,,,0.0,时计宝,-5.7329,,2058068000.0,,0.228,港股主板
00046,-13.767571622134655,,1.2051,30,-2.06,False,0.005,0.5786,244334384.0,1.19,2.88,7.0267,-19.72,290757917.0,,290757917.0,8.82,2000.0,4.23882677416353,324.7,0.0,-2.1519904880426433,124370.0,-0.025,895420800000.0,0.0876,0.0,102000.0,2.78,0.5786,439.0,0.04,,,科联系统,13.5811,,244334384.0,,1.215,港股主板
02882,,,0.0692,30,-6.58,False,0.005,,269671601.0,0.355,7.89,,-31.73,95733418.0,,95733418.0,,5000.0,,-99.87,0.0,,14275.6,-0.025,1056902400000.0,-0.565,0.0,38320,0.56,-0.1678,438.0,0.01,,-37.29,金至尊集团,-0.6283,,269671601.0,,0.38,港股主板
06058,75.23008778268459,,1.6357,30,-1.89,False,0.005,0.5844,4000000000.0,0.52,2.83,0.5918,5.05,2080000000.0,,2080000000.0,,2000.0,4.544975098918212,,0.0,35.92113694682482,71610.0,-0.01,1476892800000.0,0.0505,0.0,140000.0,0.63,0.4562,438.0,0.0,,,兴证国际,10.3035,,4000000000.0,,0.53,港股主板
01925,,,0.4979,30,0.4,False,0.005,0.8332,405042000.0,1.25,0.0,7.0043,13.64,506302500.0,,506302500.0,4.0,2000.0,-1.2192951558183942,66.76,0.0,4.151603531888148,2500.0,0.005,1579104000000.0,-0.0192,0.0,2000.0,0.13,0.8358,437.0,0.0,,-25.0,旷世芳香,-65.1011,,405042000.0,,1.245,港股主板
08082,-5.002139065975786,,0.8809,30,0.0,False,0.001,,2672815671.0,0.022,0.0,,-65.63,58801945.0,,58801945.0,,10000.0,127.39257640382107,-98.97,0.0,-51.36097723994031,12320.0,0.0,1004630400000.0,-0.0135,0.0,560000.0,0.29,-1.2627,437.0,0.02,,-86.72,擎华控股,-1.6271,,2672815671.0,,0.022,港股GEM
01449,,,2.9647,30,-23.17,False,0.005,1.2248,800000000.0,1.525,27.46,10.4276,522.45,1220000000.0,,1220000000.0,,1000.0,-8.531790793384483,0.41,-1.29,11.603704679103988,4927805.0,-0.46,1596643200000.0,-0.1045,-8810.0,2855000.0,2.1,1.1671,436.0,0.36,,-11.9,立德教育,-14.5982,,800000000.0,,1.985,港股主板
01965,,,0.0602,30,0.0,False,0.001,,410765000.0,0.125,0.0,3.6677,-10.71,51345625.0,,51345625.0,,1000.0,-67.08438177333765,-97.92,0.0,-8.472669638567309,125.0,0.0,1625673600000.0,0.0736,0.0,1000.0,0.01,-1.7364,435.0,0.0,,41.51,朗诗绿色生活,1.6979,,410765000.0,,0.125,港股主板
01412,-46.179225587203796,,0.47596176484437536,30,0.0,False,0.005,,532000000.0,1.045,,3.573568168670052,-30.33,555940000.0,,555940000.0,5.74,2000.0,3.244466009821232,80.73,0.0,5.362501915467788,,0.0,1579104000000.0,0.0543,0.0,,,0.6191,435.0,,,-6.78,隽思集团,19.246,,532000000.0,,1.045,港股主板
00236,-43.06570724461487,,0.5738912332332272,30,0.0,False,0.005,,373570560.0,1.02,,13.926972624269006,-12.96,381041971.0,,381041971.0,5.88,2000.0,5.259390799851992,,0.0,-6.8854945868649935,,0.0,599414400000.0,0.0985,0.0,,,0.5367,433.0,,,,香港生力啤,10.3505,,373570560.0,,1.02,港股主板
09608,-6.5858284308037085,,0.7525,30,-3.85,False,0.001,0.4109,3840000000.0,0.05,0.0,,-25.37,192000000.0,,192000000.0,,10000.0,2.852798023100511,-77.78,0.0,-6.3833683944737984,17500.0,-0.002,1610899200000.0,0.0034,0.0,350000.0,1.22,0.4122,433.0,0.01,,-36.0,宋都服务,14.6813,,3840000000.0,,0.052,港股主板
00919,-55.94481347628124,,0.1634,30,-1.23,False,0.001,0.373,904483942.0,0.08,6.17,0.9031,6.67,72358715.0,,72358715.0,,4000.0,-0.9459767800818737,-75.78,3.9,2.9077841419083983,71796.0,-0.001,1139414400000.0,-0.0019,59712.0,892000.0,8.04,0.3876,432.0,0.1,,0.0,现代健康科技,-41.0662,,904483942.0,,0.081,港股主板
02560,-10.457004358248678,,0.2779,30,-0.37,False,0.005,0.5053,185370800.0,1.335,0.75,2.7655,-12.16,247470018.0,,774158490.0,14.01,1000.0,7.3506492917264366,-8.09,0.0,2.554764418839861,50930.0,-0.005,1736352000000.0,0.1911,0.0,38000.0,1.24,0.5069,431.0,0.02,,-47.67,海螺材料科技,6.9854,,579894000.0,,1.34,港股主板
01939,37.97844047740124,,3.2872,30,-2.13,False,0.005,1.5838,511880000.0,0.69,1.42,,-31.0,353197200.0,,353197200.0,,2000.0,-8.563930452984156,-50.66,0.0,13.874686428755156,295790.0,-0.015,1539187200000.0,-0.0425,0.0,428000,0.19,1.2306,431.0,0.08,,4.0,上善黄金,-16.227,,511880000.0,,0.705,港股主板
08416,5.174010856507505,,0.41521839329998916,30,0.0,False,0.001,,421415000.0,0.118,,58.3649882629108,49.37,49726970.0,,49726970.0,,5000.0,8.71109416062309,-95.89,0.0,-14.627467144524608,,0.0,1484064000000.0,0.0173,0.0,,,0.5675,431.0,,,-17.96,HM INTL HLDGS,6.8035,,421415000.0,,0.118,港股GEM
06745,19.855210774554187,,0.3774,30,0.71,False,0.005,0.4963,352126000.0,2.82,3.93,2.4243,-18.38,992995320.0,,6793273618.0,0.82,1000.0,,3.67,0.18,31.63396838363508,3220300.0,0.02,1783612800000.0,0.2271,0.0,1124000.0,1.32,0.4515,431.0,0.32,,-18.68,滨化股份,12.4196,,2408962276.0,,2.8,港股主板
00620,-42.26409630136699,,3.756,30,-2.08,False,0.001,0.216,801025230.0,0.235,6.25,,-68.67,188240929.0,,188240929.0,,2000.0,-7.250165677817957,-99.54,0.0,5.4733962837505645,21790.4,-0.005,686160000000.0,-0.0781,0.0,94400.0,0.85,0.2154,430.0,0.01,,,大唐西市,-3.0107,,801025230.0,,0.24,港股主板
01451,,,1.5364,30,-0.35,False,0.005,1.5344,204400000.0,1.42,0.0,8.1864,15.45,290248000.0,,290248000.0,10.56,2000.0,1.693538386785744,35.86,0.0,-18.536678442123666,47480.0,-0.005,1527782400000.0,0.0164,0.0,34000.0,0.32,1.5344,430.0,0.02,,2.99,万成集团股份,86.7448,,204400000.0,,1.425,港股主板
01586,-18.68159830892783,,0.537,30,-1.14,False,0.005,1.5383,586632818.0,1.3,4.56,15.4794,-40.64,762622663.0,,762622663.0,,4000.0,9.055918222973835,91.8,0.0,10.682379452928803,157800.0,-0.015,1468252800000.0,0.0738,0.0,124000,5.45,1.5383,430.0,0.02,,-16.67,力鸿检验,17.6256,,586632818.0,,1.315,港股主板
00229,,,0.38988248696385214,30,0.0,False,0.005,,501324860.0,0.81,,29.121710915088926,-9.78,406073137.0,,406073137.0,4.94,5000.0,0.5061559920536679,,0.0,-9.862674320674437,,0.0,469900800000.0,0.0067,0.0,,,0.622,430.0,,,,利民实业,121.1074,,501324860.0,,0.81,港股主板
08473,-15.620600546253216,,0.9621,30,0.0,False,0.001,1.1711,1120000000.0,0.103,0.0,8.0306,-13.23,115360000.0,,115360000.0,30.1,10000.0,13.782652220323326,3.83,0.0,-11.22775948139445,13390.0,0.0,1518364800000.0,0.0111,0.0,130000.0,0.49,1.5081,430.0,0.01,,3.7,弥明生活百货,9.2584,,1120000000.0,,0.103,港股GEM
02223,19.336906964661814,,0.5317,30,-2.02,False,0.005,0.3453,258152000.0,0.485,4.04,6.2337,-35.33,125203720.0,,125203720.0,,2000.0,-2.181679423085431,-58.56,0.0,-6.1960881097600895,69390.0,-0.01,1353600000000.0,-0.0306,0.0,146000.0,3.07,0.3453,427.0,0.06,,0.0,卡撒天娇,-15.8687,,258152000.0,,0.495,港股主板
08223,,,0.1465,30,8.33,False,0.001,0.1715,516000000.0,0.13,68.33,,-69.05,67080000.0,,67080000.0,,4000.0,-3.5893284754723584,-89.88,0.0,-21.78798001497314,297028.0,0.01,1531065600000.0,-0.0245,72848.0,2528000,0.96,0.1721,426.0,0.49,,107.89,紫元元,-5.3061,,516000000.0,,0.12,港股GEM
01433,56.47917805134648,,0.2961386100442806,30,0.0,False,0.001,,1991470000.0,0.081,,2.772014538080836,-15.63,161309070.0,,161309070.0,,10000.0,23.942353813282168,-39.1,,9.59598880949959,,0.0,1583942400000.0,0.0276,0.0,,,0.6657,423.0,,,-40.0,常达控股,2.9379,,1991470000.0,,0.081,港股主板
03231,-7.232561168197771,,38.4168,30,-1.07,False,0.02,302.8668,282232625.0,35.2,3.2,,143.6,9934588400.0,,14656168419.0,,200.0,,0.57,0.06,13.561362200713356,5549392.0,-0.38,1788883200000.0,-0.3821,0.0,157600,0.89,21.1763,421.0,0.06,,153.84,优地机器人,-92.1141,,416368421.0,,35.58,港股主板
00540,22.048450808743027,,0.28972458559575875,30,0.0,False,0.001,,600000000.0,0.192,,,6.67,115200000.0,,115200000.0,,4000.0,2.1236588872912288,-78.01,0.0,-2.0749537261141593,,0.0,1358179200000.0,0.0032,0.0,,,1.2538,419.0,,,0.0,迅捷环球控股,60.0,,600000000.0,,0.192,港股主板
01247,,,0.3563,30,-2.06,False,0.005,1.3091,222976000.0,0.95,5.67,,-68.44,211827200.0,,211827200.0,,6000.0,-19.79339402894548,-97.05,0.0,41.49560358779665,87330.0,-0.02,1389715200000.0,-0.1489,0.0,90000.0,0.97,1.3132,418.0,0.04,,,米格国际控股,-6.3785,,222976000.0,,0.97,港股主板
02209,58.454355417075774,,0.3056,30,-0.94,False,0.005,1.8173,419185521.0,3.17,1.72,9.3898,-15.94,1328818102.0,,1328818102.0,3.15,1000.0,34.34967242480803,-24.9,0.16,45.338208503400715,800230.0,-0.03,1625760000000.0,0.5095,-107610.0,253000.0,0.89,1.8168,417.0,0.06,,5.49,喆丽控股,6.2219,,419185521.0,,3.2,港股主板
00262,-3.283617561046359,,0.9885,30,2.5,False,0.001,0.0947,1466820600.0,0.082,13.75,3.683,-18.0,120279289.0,,120279289.0,,5000.0,-6.615567649257631,15.49,2.5,7.642252488385148,65415.0,0.002,865872000000.0,-0.0561,-10920.0,820000,40.74,0.0976,417.0,0.06,,,迪臣发展国际,-1.4615,,1466820600.0,,0.08,港股主板
00617,-25.068289845927527,,0.0496,30,-0.54,False,0.001,0.0228,1114585474.0,0.184,2.16,0.0861,-22.69,205083727.0,,205083727.0,,2000.0,-8.914948481184664,-99.72,-0.54,20.323692567428697,57862.0,-0.001,756057600000.0,-0.7475,0.0,314000.0,1.14,0.0228,417.0,0.03,,,百利保控股,-0.2461,,1114585474.0,,0.185,港股主板
08125,11.30699672792046,,1.0651,30,0.0,False,0.005,1.3775,216732672.0,0.55,,,-6.78,119202970.0,,119202970.0,,8000.0,-55.91245213257626,-99.66,0.0,28.531476025700254,8800.0,0.0,1405612800000.0,-0.1563,0.0,16000.0,0.64,1.7042,417.0,0.01,,0.0,荣记万通,-3.519,,216732672.0,,0.55,港股GEM
01692,-31.440027629013912,,0.6815481658399167,30,0.0,False,0.005,,359000000.0,1.24,,22.193638448499353,-24.37,445160000.0,,445160000.0,9.03,2000.0,15.34566989625055,179.97,0.0,-3.5209212213739183,,0.0,1571932800000.0,0.1433,0.0,,,1.3084,416.0,,,-33.85,登辉控股,8.6546,,359000000.0,,1.24,港股主板
00138,-29.834944757991355,,0.07998377301587302,30,0.0,False,0.005,,159967545.0,0.315,,,-55.0,50389777.0,,50389777.0,,5000.0,-70.8092485549133,-99.29,0.0,-8.557817032516779,,0.0,689788800000.0,-1.5316,0.0,,,0.2191,416.0,,,,中建富通,-0.2057,,159967545.0,,0.315,港股主板
00385,-40.96996416459891,,0.02506444813413787,30,0.0,False,0.001,,594899245.0,0.24,,0.6291207957875257,-50.34,142775819.0,,142775819.0,4.17,2000.0,-2.921755612384768,-48.1,0.0,-6.3183013423900425,,0.0,750614400000.0,-0.101,0.0,,,0.0708,416.0,,,,建联集团,-2.3774,,594899245.0,,0.24,港股主板
00974,-7.774507564248545,,0.4335797128797846,30,0.0,False,0.005,,290457000.0,0.735,,,-39.26,213485895.0,,213485895.0,,1000.0,-25.789374172811495,-73.67,0.0,-16.947677837259057,,0.0,1441814400000.0,-0.0687,0.0,,,3.0882,415.0,,,0.0,中国顺客隆,-10.6948,,290457000.0,,0.735,港股主板
08391,,,2.5007,30,0.0,False,0.005,,1049615007.0,0.305,1.64,29.5543,-45.54,320132577.0,,320132577.0,,4000.0,218.622161959438,-59.33,0.0,2.2896775340477626,588960.0,0.0,1525968000000.0,-0.0722,0.0,1932000.0,1.38,-8.7458,415.0,0.18,,5.0,基石科技控股,-4.2244,,1049615007.0,,0.305,港股GEM
00131,69.84240432941407,,1.934,30,0.38,False,0.005,0.1429,652676781.0,1.31,3.07,6.1071,17.63,855006583.0,,855006583.0,3.82,1000.0,1.779445906007617,-28.01,0.0,113.92722517653647,53380.0,0.005,599414400000.0,0.1592,0.0,42000.0,1.2,0.1448,414.0,0.01,,0.0,卓能(集团),8.231,,652676781.0,,1.305,港股主板
08029,-32.1505616271959,,8.424774301900035,30,0.0,False,0.005,,280081621.0,0.6,,,-51.61,168048973.0,,168048973.0,,5000.0,46.02875309299339,-90.43,0.0,-12.982344982650062,,0.0,976723200000.0,-0.1312,0.0,,,-2.0637,413.0,,,,中投金融科技集团,-4.5741,,280081621.0,,0.6,港股GEM
00183,7.968125420587802,,0.9933,30,-1.37,False,0.001,0.0631,566912566.0,0.144,1.37,,-16.28,81635410.0,,81635410.0,,8000.0,-6.616692540154448,-99.39,0.0,29.290395402039636,2944.0,-0.002,1021910400000.0,-0.1501,0.0,21600,0.45,0.0656,412.0,0.0,,,宏辉集团,-0.9593,,566912566.0,,0.146,港股主板
00483,,,0.36700055874434906,30,0.0,False,0.001,,367380000.0,0.177,,1.2119103175786492,-42.9,65026260.0,,65026260.0,,2000.0,-1.7406170757174166,115.59,0.0,-3.409831090247506,,0.0,1115827200000.0,-0.0083,0.0,,,0.3761,412.0,,,0.0,包浩斯国际,-21.4325,,367380000.0,,0.177,港股主板
01673,-25.353960206591143,,0.7044,30,2.17,False,0.001,0.8586,1596134067.0,0.235,0.0,5.3075,-6.0,375091506.0,,375091506.0,,2000.0,-5.299336961358795,,0.0,-4.496038090167098,2820.0,0.005,1368633600000.0,-0.0154,0.0,12000,0.09,0.8336,411.0,0.0,,,华章科技,-15.226,,1596134067.0,,0.23,港股主板
02325,-89.19608598943351,,0.4572,30,0.0,False,0.005,0.2114,621250500.0,0.455,3.3,0.8185,-54.04,282668978.0,,282668978.0,,3000.0,5.3858240610696235,-94.1,-3.19,-18.347823036807853,77580.0,0.0,1652803200000.0,0.1074,0.0,168000.0,0.72,0.212,410.0,0.03,,7.73,云康集团,4.2372,,621250500.0,,0.455,港股主板
82331,-1.2506298240637315,,0.7908395308237354,30,-0.28,False,0.005,,2584813753.0,10.5,,7.773564227141626,-37.76,27140544407.0,,27140544407.0,6.52,500.0,10.799393171680347,-74.73,0.0,3.3141482264599897,,-0.03,1687104000000.0,1.3398,0.0,,,0.947,410.0,,12.28,-4.13,李宁-R,7.8372,02331,2584813753.0,,10.53,港股主板
06959,-20.605966509629347,,0.3532,30,-1.05,False,0.005,0.9254,202160000.0,2.82,0.0,3.4353,-55.52,570091200.0,,570091200.0,,100.0,20.206132572544785,-48.71,0.0,21.431010628105817,282.0,-0.03,1704729600000.0,0.5519,0.0,100,0.01,0.9283,409.0,0.0,,16.13,长久股份,5.1093,,202160000.0,,2.85,港股主板
01362,,,0.19054709317293705,30,0.0,False,0.005,,280000000.0,0.83,,,52.71,232400000.0,,232400000.0,1.2,4000.0,6.0982495765104465,9.41,0.0,-23.879451089027583,,0.0,1421251200000.0,0.0372,0.0,,,1.3288,409.0,,,0.0,新龙移动,22.299,,280000000.0,,0.83,港股主板
01669,-6.698272050766585,,8.0928,30,-2.05,False,0.005,0.6066,400000000.0,1.43,0.68,2.0636,74.14,572000000.0,,572000000.0,8.04,2000.0,4.880142643654646,149.3,0.0,-17.196779320551325,45840.0,-0.03,1418313600000.0,0.1154,0.0,32000.0,0.53,0.6066,408.0,0.01,,0.0,环球信贷集团,12.3919,,400000000.0,,1.46,港股主板
02422,19.312839519786774,,5.1777,30,-9.21,False,0.005,7.3286,1660000000.0,1.775,17.39,,54.35,2946500000.0,,2946500000.0,,4000.0,-13.937751159027451,63.01,-0.56,38.262214017466704,4176360.0,-0.18,1665936000000.0,-0.0321,0.0,2360000,3.83,7.3515,408.0,0.14,,110.94,润歌互动,-55.224,,1660000000.0,,1.955,港股主板
01771,,,0.012719938514243549,30,0.0,False,0.001,,600000000.0,0.16,,0.17095082492676716,-37.25,96000000.0,,96000000.0,,1000.0,-11.272750598411214,-93.69,0.0,-18.8426771060632,,0.0,1400083200000.0,-0.4414,0.0,,,0.0426,408.0,,,0.0,新丰泰集团,-0.3625,,600000000.0,,0.16,港股主板
03893,39.448573042139465,,20.99501727068118,30,0.0,False,0.005,,1054805818.0,1.3,,,22.64,1371247563.0,,1371247563.0,,12000.0,365.83203184039496,-83.42,0.0,10.808753246124336,,0.0,1473609600000.0,-0.1377,0.0,,,-99.9597,407.0,,,-8.1,易纬集团,-9.442,,1054805818.0,,1.3,港股主板
06189,-51.6226529758955,,18.89278330125544,30,0.0,False,0.001,,62763000.0,0.072,,,0.0,4518936.0,,17347006.0,,500.0,9.304879084936468,-98.52,,-83.56180360095766,,0.0,1480003200000.0,-0.2847,8295.0,,,-0.022,407.0,,,4.69,爱得威建设集团,-0.2529,,240930645.0,,0.072,港股主板
00616,,,1.9108,30,4.21,False,0.001,0.0663,1867324348.0,0.099,8.42,,-73.24,184865110.0,,184865110.0,,5000.0,-2.624463462655158,-91.0,2.06,30.92821916181854,754737.158,0.004,684950400000.0,-0.0397,-175115.0,7755026,1.18,0.0654,406.0,0.42,,,财富链,-2.4964,,1867324348.0,,0.095,港股主板
08203,-25.53284647521352,,0.0501935894678398,30,0.0,False,0.001,,583415844.0,0.086,,1.339252695921418,-67.55,50173763.0,,50173763.0,,10000.0,37.64117650772407,-95.64,0.0,52.343767145697065,,0.0,1074528000000.0,-0.0511,0.0,,,-0.5297,405.0,,,0.0,凯顺控股,-1.683,,583415844.0,,0.086,港股GEM
00784,-27.59979540223567,,2.4992,30,-1.75,False,0.005,7.8308,800000000.0,0.56,0.0,24.5938,566.67,448000000.0,,448000000.0,,10000.0,-22.26605988398211,-9.68,0.0,-9.137000208545054,33600.0,-0.01,1514390400000.0,-0.0143,0.0,60000.0,0.29,9.8464,405.0,0.01,,-19.35,爱生命国际,-39.2982,,800000000.0,,0.57,港股主板
08622,-3.905442069898235,,2.4173,30,-1.14,False,0.001,1.5823,515472000.0,0.174,0.0,,-60.0,89692128.0,,89692128.0,,8000.0,-10.018593243136324,-64.85,0.0,15.532909859528822,9840.0,-0.002,1544630400000.0,-0.0112,0.0,56000,0.19,1.5872,405.0,0.01,,-6.0,愉悦集团,-15.5109,,515472000.0,,0.176,港股GEM
01921,-54.167047409341016,,1.3022,30,2.72,False,0.005,2.7439,1554266000.0,3.21,5.92,,-55.85,4989193860.0,,4989193860.0,,2000.0,1.0021854855135892,128.73,0.63,-4.430993020762253,3899160.0,0.085,1573142400000.0,0.0099,0.0,1244000.0,3.65,2.6739,404.0,0.08,,-3.77,达力普控股,325.0477,,1554266000.0,,3.125,港股主板
01064,-63.328653047617344,,1.475,30,5.08,False,0.001,0.1399,768616520.0,0.062,15.25,2.2091,-6.06,47654224.0,,47654224.0,,5000.0,-2.635946787099885,-98.69,0.0,5.536833344299552,10750.0,0.003,876672000000.0,-0.0117,0.0,190000.0,0.93,0.1399,404.0,0.02,,,中华国际,-5.3156,,768616520.0,,0.059,港股主板
00025,17.508092368205517,,0.1656,30,-2.16,False,0.005,0.1435,301268440.0,4.52,2.71,3.345,13.93,1361733349.0,,1361733349.0,6.64,2000.0,4.445523293730653,,0.0,4.840526554046165,27370.0,-0.1,471024000000.0,1.3872,0.0,6000,0.83,0.1414,404.0,0.0,,,CHEVALIER INT'L,3.2583,,301268440.0,,4.62,港股主板
00499,0.18476636360942322,,5.33768377511085,30,0.0,False,0.001,,998553360.0,0.17,,,45.3,169754071.0,,169754071.0,,2000.0,-18.179068484192026,,0.0,-15.794087222906516,,0.0,585504000000.0,-0.0502,0.0,,,0.6758,403.0,,,,青岛控股,-3.3874,,998553360.0,,0.17,港股主板
08490,,,0.4192,30,2.56,False,0.001,0.4148,705500000.0,0.08,3.85,,-23.08,56440000.0,,56440000.0,,5000.0,-13.837520005076179,-86.72,0.0,-16.578371261760537,10545.0,0.002,1527609600000.0,-0.0278,0.0,135000,0.64,0.4148,403.0,0.02,,3.45,骏码半导体,-2.8756,,705500000.0,,0.078,港股GEM
02011,,,1.7001,30,5.77,False,0.005,2.4773,574497800.0,1.1,5.77,3.6891,-26.17,631947580.0,,631947580.0,,2000.0,11.098623867884493,-11.89,0.0,10.60666616546313,13080.0,0.06,1294761600000.0,0.0453,0.0,12000.0,0.35,2.4773,402.0,0.0,,0.0,进腾集团,24.2851,,574497800.0,,1.04,港股主板
01418,-24.950808544451007,,0.03675038608768567,30,0.0,False,0.001,,1750002000.0,0.113,,1.6300961652598258,-49.82,197750226.0,,197750226.0,4.42,2000.0,4.439057855468629,-83.58,-11.72,21.01065872460408,,0.0,1404921600000.0,0.0258,0.0,,,0.1861,401.0,,,0.0,盛诺集团,4.3753,,1750002000.0,,0.113,港股主板
08270,453.29933222295205,,1.5497106916196515,30,0.0,False,0.005,,390450669.0,0.36,,9.772804074254328,14.29,140562241.0,,140562241.0,,10000.0,23.4506877523708,-97.51,0.0,-34.28292349718377,,0.0,1060617600000.0,0.0953,0.0,,,0.8389,401.0,,,,中国煤层气,3.7759,,390450669.0,,0.36,港股GEM
02288,-8.799706388283667,,1.1173148486734614,30,0.0,False,0.001,,375447000.0,0.153,,,-4.97,57443391.0,,57443391.0,,1000.0,-28.204798372328003,-90.84,0.0,-16.305570091061817,,0.0,1250784000000.0,-0.3825,0.0,,,0.1309,401.0,,,0.0,宏基资本,-0.4,,375447000.0,,0.153,港股主板
02167,,,1.1766,30,-2.87,False,0.005,1.1489,173380400.0,4.4,4.42,8.0662,0.0,762873760.0,,762873760.0,2.27,200.0,15.059025620408612,-63.25,0.0,9.707799734029043,5080.0,-0.13,1656518400000.0,0.5439,0.0,1200,0.15,1.1484,400.0,0.0,,-0.08,天润云,8.0894,,173380400.0,,4.53,港股主板
01977,7.708001765407002,,0.2061,30,0.55,False,0.005,0.5244,1400000000.0,0.92,1.09,5.4946,8.44,1288000000.0,,1288000000.0,8.48,2000.0,10.098589033074724,36.78,0.0,1.5978219164982654,117380.0,0.005,1562860800000.0,0.1702,0.0,128000.0,0.73,0.5244,400.0,0.01,,35.83,安乐工程,5.4059,,1400000000.0,,0.915,港股主板
01775,,,0.7448242044419978,30,0.0,False,0.005,,533012000.0,0.33,,15.74136030069805,-8.33,175893960.0,,175893960.0,,4000.0,-15.21600068233187,-71.45,0.0,28.957723878686714,,0.0,1531411200000.0,-0.0134,0.0,,,3.5672,399.0,,,21.3,精英汇集团,-24.6488,,533012000.0,,0.33,港股主板
02189,-35.26370540173486,,1.3568,30,2.13,False,0.005,1.0817,1000000000.0,0.48,0.0,4.0431,13.48,480000000.0,,480000000.0,6.25,4000.0,7.687107070099031,47.83,0.0,-4.6650017582808845,7760.0,0.01,1560355200000.0,0.0342,0.0,16000,0.46,1.058,398.0,0.0,,-6.67,嘉涛(香港)控股,14.0252,,1000000000.0,,0.47,港股主板
00456,212.3217757131301,,2.675,30,10.42,False,0.005,1.3769,214228885.0,0.53,7.29,0.4431,21.84,113541309.0,,113541309.0,,2000.0,-166.60753748960303,-96.04,0.0,-54.40261825789341,12240.0,0.05,959097600000.0,-1.4446,0.0,24000,0.23,1.3769,398.0,0.01,,,新城市建设发展,-0.3669,,214228885.0,,0.48,港股主板
08235,,,,30,,False,0.01,,209000000.0,0.56,,,,117040000.0,,392000000.0,,10000.0,26.94536845426338,229.99,,-52.680265569244256,,,1039622400000.0,0.087,0.0,,,1.7348,397.0,,,0.0,赛迪顾问,6.4379,,700000000.0,,,港股GEM
00266,-31.367598210886804,,2.865654726591109,30,0.0,False,0.005,,474731824.0,1.805,,6.4872731966567745,-7.67,856890942.0,,856890942.0,7.2,2000.0,-6.470244665631368,,0.0,-1.181683937756639,,0.0,599414400000.0,-0.5171,0.0,,,0.2354,397.0,,,,天德地产,-3.4906,,474731824.0,,1.805,港股主板
08162,68.08284338004557,,0.0284,30,0.0,False,0.005,2.3372,995284800.0,0.57,2.63,,29.55,567312336.0,,567312336.0,,10000.0,33.842908320249656,-57.14,0.0,23.13702113935303,4348300.0,0.0,1407168000000.0,0.07,0.0,7680000.0,0.99,2.3372,396.0,0.77,,0.0,港银控股,8.1482,,995284800.0,,0.57,港股GEM
08111,-10.239727062877835,,1.9161535123627473,30,0.0,False,0.001,,460976684.0,0.074,,,-14.94,34112275.0,,34112275.0,,10000.0,-114.24531858740733,-95.93,,,,0.0,978451200000.0,-0.0448,0.0,,,3.3163,396.0,,,0.0,中国科技产业集团,-1.6531,,460976684.0,,0.074,港股GEM
01723,,,1.8796,30,-6.09,False,0.005,0.9062,717408000.0,0.54,7.83,,-50.59,387400320.0,,387400320.0,,2000.0,-13.061021445942957,-41.18,0.0,0.250470371470346,226460.0,-0.035,1537977600000.0,-0.0395,0.0,400000,0.34,1.1815,395.0,0.06,,112.0,恒月控股,-13.662,,717408000.0,,0.575,港股主板
08513,,,0.2260762856178404,30,0.0,False,0.005,,81845537.0,0.375,,29.2027364414843,-67.39,30692076.0,,30692076.0,,5000.0,-23.213264722698685,-95.59,0.0,44.177684750219946,,0.0,1516291200000.0,-0.0298,0.0,,,3.2484,394.0,,,-20.0,加和国际控股,-12.6026,,81845537.0,,0.375,港股GEM
00108,,,20.7406,30,-3.06,False,0.005,3.7678,3321373986.0,2.375,4.49,27.0678,1.93,7888263217.0,,7888263217.0,,2000.0,-8.513573080213224,,0.64,6.717742466517418,1627930.0,-0.075,98035200000.0,-0.0549,0.0,684000.0,0.75,3.7678,392.0,0.02,,,春雨医疗,-43.2646,,3321373986.0,,2.45,港股主板
06872,-13.088316980662395,,,30,-5.68,False,0.1,7.4724,52328926.0,108.0,8.21,,42.67,5651524008.0,,5651524008.0,,50.0,,-28.0,-0.74,,9496215.0,-6.5,1779379200000.0,-3.0418,0.0,85450.0,1.95,7.4957,392.0,0.16,,178.73,丹诺医药-B,-35.5056,,52328926.0,,114.5,港股主板
02592,,,,30,0.0,False,0.005,,924692316.0,1.19,,,-77.12,1100383856.0,,1100383856.0,,500.0,83.83745141588007,-87.47,,,,0.0,1751472000000.0,-1.0202,0.0,,,3.3392,392.0,,,-38.61,拨康视云-B,-1.1665,,924692316.0,,1.19,港股主板
02425,,,0.3698,30,1.12,False,0.005,0.4439,980648356.0,1.8,0.0,1.6637,-14.29,1765167041.0,,1765167041.0,,1000.0,-7.705772760439135,-67.81,0.0,-3.513630548650837,36000.0,0.02,1672329600000.0,-0.3026,0.0,20000.0,0.62,0.4453,390.0,0.0,,-0.47,澳亚集团,-5.9487,,980648356.0,,1.78,港股主板
08026,,,0.5954244207429202,30,0.0,False,0.005,,153998538.0,0.41,,,-90.24,63139401.0,,63139401.0,,1000.0,2.768375896880854,-99.18,0.0,-1.2610391240369556,,0.0,954172800000.0,0.0614,0.0,,,0.1808,390.0,,,-14.61,朗华国际集团,6.6807,,153998538.0,,0.41,港股GEM
00097,-20.665812771407143,,0.2717,30,-0.79,False,0.001,0.3871,3047327395.0,0.126,2.36,1.5176,-32.26,383963252.0,,383963252.0,,1000.0,-4.773744405768275,,0.0,-3.9954905643645566,37991.71,-0.001,89827200000.0,-0.0158,0.0,300990.0,1.67,0.3871,390.0,0.01,,,恒基发展,-7.9992,,3047327395.0,,0.127,港股主板
01401,55.093146776854084,,0.0668,30,0.0,False,0.005,0.6162,1500000000.0,0.27,7.41,,-57.14,405000000.0,,405000000.0,,2000.0,13.25932953826692,-49.07,0.0,35.29752368528458,1021460.0,0.0,1573574400000.0,0.0477,-530000.0,3814000.0,1.38,0.6181,389.0,0.25,,24.0,未来机器有限公司,5.6573,,1500000000.0,,0.27,港股主板
08139,-46.68346572615831,,0.18134352708536075,30,0.0,False,0.005,,38400000.0,1.2,,,-17.24,46080000.0,,46080000.0,,500.0,13.486279947118952,-95.4,0.0,13.799712224675753,,0.0,1421337600000.0,0.4989,0.0,,,0.3022,389.0,,,0.0,长安仁恒,2.4053,,38400000.0,,1.2,港股GEM
08460,,,1.4123,30,0.0,False,0.005,1.6224,265608018.0,0.36,8.33,,-84.07,95618886.0,,95618886.0,,5000.0,-15.897629043074069,-82.23,0.0,-0.34322049137625044,273750.0,0.0,1498492800000.0,-0.0326,0.0,760000.0,0.88,1.6224,387.0,0.29,,-15.83,基地锦标集团,-11.0504,,265608018.0,,0.36,港股GEM
02289,-2.2123504699318786,,0.11095811990799043,30,0.0,False,0.005,,108000000.0,5.495,,1.935010564206902,-1.01,593460000.0,,593460000.0,6.39,500.0,7.859146208658746,9.48,,4.1910747805266935,,0.0,1450022400000.0,0.4977,0.0,,,0.8499,387.0,,,0.0,创美药业,11.0401,,108000000.0,,5.495,港股主板
01532,-31.712531321007365,,1.1221,30,3.47,False,0.001,0.8962,1807263120.0,0.149,0.69,,47.52,269282205.0,,269282205.0,,3000.0,-14.359336417817376,-83.44,0.0,-14.325362823607035,11199.0,0.005,1444924800000.0,-0.0252,0.0,75000.0,0.84,0.899,387.0,0.0,,0.0,中国派对文化,-5.9129,,1807263120.0,,0.144,港股主板
01120,-28.926488972396058,,0.1435,30,0.0,False,0.005,0.3664,386263374.0,0.54,0.0,4.2182,-43.16,208582222.0,,208582222.0,,2000.0,4.0579220868795,-2.3,0.0,10.217527615552857,346440.0,0.0,847382400000.0,0.0579,0.0,630000.0,1.68,0.3664,387.0,0.16,,,雅视光学,9.3296,,386263374.0,,0.54,港股主板
00641,-72.32336825814764,,0.1912,30,2.56,False,0.005,0.4204,1100216570.0,0.4,8.97,2.4846,33.33,440086628.0,,440086628.0,,2000.0,-3.021695809857943,,0.0,12.097605634628072,3060.0,0.01,655660800000.0,-0.0291,0.0,8000,0.26,0.4204,386.0,0.0,,,中国恒天立信国际,-13.7321,,1100216570.0,,0.39,港股主板
01130,-32.588017153714944,,1.560153529972485,30,0.0,False,0.005,,562869147.0,0.41,,,-25.45,230776350.0,,230776350.0,,20000.0,-2.733434185230753,-99.94,0.0,20.559978179904135,,0.0,865267200000.0,-0.0191,0.0,,,0.5602,386.0,,,,中国环境资源,-21.4836,,562869147.0,,0.41,港股主板
08189,,,0.7733,30,-2.0,False,0.001,20.18,1436400000.0,0.245,2.8,5.7825,-19.67,351918000.0,,522805500.0,,5000.0,-124.62998740025199,-74.48,0.0,18.921044316916745,40915.0,-0.005,1024329600000.0,-0.0385,0.0,170000.0,0.36,20.2434,386.0,0.01,,0.0,泰达生物,-6.356,,2133900000.0,,0.25,港股GEM
02563,-30.130394682720173,,27.0535,30,-10.97,False,0.005,2.2669,389588000.0,4.3,2.07,,-12.07,1675228400.0,,1675228400.0,,200.0,-15.001074699552955,-80.0,0.0,7.447738175051288,6040.0,-0.53,1730304000000.0,-0.3024,0.0,1400,0.01,1.9977,386.0,0.0,,0.0,华昊中天医药-B,-14.218,,389588000.0,,4.83,港股主板
00898,,,2.5231,30,0.0,False,0.005,0.0986,836074218.0,0.91,0.0,4.8742,-2.8,760827538.0,,760827538.0,6.59,2000.0,-9.654611813696096,-39.22,0.0,3.7325470486794687,131040.0,0.0,901814400000.0,-0.9267,0.0,144000.0,0.92,0.0986,385.0,0.02,,,万事昌国际,-0.982,,836074218.0,,0.91,港股主板
03991,8.070561465859406,,0.0167,30,0.0,False,0.005,0.2257,1454652000.0,0.58,1.72,,-49.12,843698160.0,,843698160.0,,2000.0,7.360251834770036,,-0.85,15.6649741671409,383740.0,0.0,948643200000.0,0.1728,0.0,662000.0,2.36,0.2257,383.0,0.05,,,长虹佳华,3.3567,,1454652000.0,,0.58,港股主板
02159,-32.29465200819839,,0.8716,30,0.0,False,0.005,3.7688,336480000.0,1.68,0.0,88.6797,43.59,565286400.0,,565286400.0,,8000.0,35.047010638571905,-58.0,3.7,36.930077141227294,12960.0,0.0,1610985600000.0,0.1145,0.0,8000.0,0.28,2.4071,383.0,0.0,,26.33,麦迪卫康,14.6762,,336480000.0,,1.68,港股主板
01592,-11.82776020043942,,6.9951,30,1.24,False,0.001,90.1404,1447776405.0,0.163,9.94,,66.84,235987554.0,,235987554.0,,10000.0,219.80603197311729,-93.01,5.16,-36.39147203804758,109190.0,0.002,1530633600000.0,-0.0456,0.0,680000.0,1.43,90.1404,383.0,0.05,,-30.0,基石控股,-3.572,,1447776405.0,,0.161,港股主板
03603,,,0.4927,30,-7.14,False,0.001,0.0758,1492944000.0,0.078,9.52,0.8644,56.0,116449632.0,,116449632.0,,3000.0,14.888664539837663,-93.92,0.0,-10.04548663876913,11181.0,-0.006,1573142400000.0,0.1423,0.0,138000,1.82,0.076,383.0,0.01,,30.0,信基沙溪,0.548,,1492944000.0,,0.084,港股主板
08427,,,0.7633,30,0.0,False,0.005,0.7407,16567632.0,3.145,4.45,5.6195,-88.11,52105203.0,,52105203.0,,400.0,-5.265171179540425,-91.26,0.0,4.443078002337564,15972.0,0.0,1500393600000.0,-0.2297,0.0,5200.0,1.31,0.7261,382.0,0.03,,53.33,万顺瑞强集团,-13.6937,,16567632.0,,3.145,港股GEM
01346,1.120218637660897,,0.4994,30,-0.74,False,0.005,1.5619,639100000.0,1.35,2.94,11.1001,0.34,862785000.0,,862785000.0,7.41,4000.0,24.259784070446827,214.76,0.0,5.920519490804366,303080.0,-0.01,1573574400000.0,0.1944,0.0,224000.0,1.57,1.5626,382.0,0.04,,-27.06,利华控股集团,6.9451,,639100000.0,,1.36,港股主板
00583,,,2.3995,30,1.16,False,0.001,0.0888,1567745596.0,0.174,0.0,3.7946,-24.35,272787734.0,,272787734.0,,2000.0,-16.80441362472984,,0.0,-2.7550796443060466,1044.0,0.002,646588800000.0,-0.3597,0.0,6000.0,0.01,0.0888,382.0,0.0,,,长城环亚控股,-0.4838,,1567745596.0,,0.172,港股主板
82318,28.879075486064366,,0.6654,30,-0.41,False,0.02,0.7792,7447576912.0,43.86,1.23,1.1742,-25.03,326650723360.0,,794201177901.0,7.29,500.0,16.157514365863506,-2.32,0.0,-2.7777273105362266,1610110.0,-0.18,1687104000000.0,10.0766,0.0,36500.0,0.35,0.7725,381.0,0.0,51.3,-0.67,中国平安-R,4.3527,02318,18107641995.0,,44.04,港股主板
01655,-18.909220627995815,,0.3755,30,2.44,False,0.001,0.2486,719999580.0,0.168,3.05,1.1477,-8.7,120959929.0,,120959929.0,,5000.0,16.90792712949286,-87.83,0.0,2.0579315441325186,64635.0,0.004,1494777600000.0,0.1152,0.0,395000,0.21,0.2233,380.0,0.05,,6.67,OKURA控股,1.4586,,719999580.0,,0.164,港股主板
00760,37.29596525132646,,0.3152861557519259,30,0.0,False,0.001,,514656827.0,0.118,,0.9933022457024158,-26.25,60729506.0,,60729506.0,,30000.0,-12.695102206547546,-97.72,0.0,-45.34892143364251,,0.0,807811200000.0,-0.3794,0.0,,,0.041,380.0,,,,新天地产集团,-0.311,,514656827.0,,0.118,港股主板
02691,26.6573260177871,,3.4668,30,0.17,False,0.005,0.9046,151075550.0,5.875,5.03,1.3978,-13.29,887568856.0,,4471705978.0,1.41,500.0,12.71395368071725,-5.89,0.0,15.588620841217349,5496971.0,0.01,1766332800000.0,0.9678,229357.5,925400.0,3.34,0.6592,378.0,0.61,,-24.17,南华期货股份,6.0704,,761141443.0,,5.865,港股主板
02551,,,0.2908,30,5.34,False,0.005,0.5517,254146643.0,1.48,8.19,12.1873,-46.92,376137032.0,,794977129.0,3.18,1000.0,-0.4365881847429807,-63.31,0.0,8.262739907986983,78635.0,0.075,1730995200000.0,-0.0155,0.0,55000.0,2.87,0.5534,378.0,0.02,,47.65,晶科电子股份,-95.4629,,537146709.0,,1.405,港股主板
02286,25.602336396553717,,1.3334,30,0.0,False,0.005,0.2133,599999989.0,0.28,0.0,1.5415,27.27,167999997.0,,167999997.0,,1000.0,-33.89027204476242,-86.44,0.0,-37.07621876294221,840.0,0.0,1435852800000.0,-0.5314,0.0,3000.0,0.09,0.214,377.0,0.0,,0.0,辰兴发展,-0.5269,,599999989.0,,0.28,港股主板
82020,21.44482718279368,,1.7540109345734711,30,0.08,False,0.05,,2796653300.0,61.05,,8.008240336069418,-15.73,170735683965.0,,170735683965.0,4.24,200.0,23.69132174657787,-22.96,0.08,13.2401537099617,,0.05,1687104000000.0,6.574,0.0,,,2.3821,375.0,,71.8,-3.42,安踏体育-R,9.2867,02020,2796653300.0,,61.0,港股主板
01671,211.3871609285433,,0.1353,30,-5.59,False,0.005,0.3185,159920907.0,0.76,1.24,1.528,19.29,121539889.0,,121539889.0,3.95,2000.0,2.348921500913775,-52.56,0.0,0.6101761308389131,7640.0,-0.045,1524758400000.0,0.057,0.0,10000.0,0.12,0.3195,375.0,0.01,,-4.74,天保能源,13.3266,,159920907.0,,0.805,港股主板
01473,,,0.7805,30,-6.47,False,0.005,6.1606,1182441289.0,1.445,9.71,,275.13,1708627663.0,,1708627663.0,1.04,4000.0,15.000153423787186,129.51,0.0,22.99203199576545,2762780.0,-0.1,1613664000000.0,0.0351,-424920.0,1916000,0.66,5.5121,375.0,0.16,,26.79,环联连讯,41.1202,,1182441289.0,,1.545,港股主板
08216,1.8356373757114186,,,30,,False,0.01,,400000000.0,1.43,,,,572000000.0,,572000000.0,,5000.0,13.542155881812427,186.0,,8.609837097502693,,,1576166400000.0,0.1011,0.0,,,5.5959,375.0,,,-27.5,丰城控股,14.1483,,400000000.0,,,港股GEM
09677,13.644033100459541,,,30,0.33,False,0.005,,1158861000.0,3.04,,1.06840628322568,10.72,3522937440.0,,20882333080.0,3.85,1000.0,7.152643955565323,9.09,0.0,,,0.01,1602432000000.0,0.3892,0.0,,,0.5226,374.0,,,0.0,威海银行,7.811,,6869188513.0,,3.03,港股主板
08402,-34.91260343290216,,0.873,30,9.9,False,0.001,2.7851,720015000.0,0.111,0.99,120.4091,2.87,79921665.0,,79921665.0,,5000.0,-22.50208352625243,-79.57,0.0,0.8563516589881415,8930.0,0.01,1510848000000.0,-0.0098,0.0,80000,0.25,2.7536,374.0,0.01,,-5.56,高原之宝,-11.3328,,720015000.0,,0.101,港股GEM
02041,,,1.8588,30,-3.19,False,0.005,1.6591,479221686.0,6.835,2.83,13.1743,-55.67,3275480224.0,,3681513399.0,,100.0,,-31.65,0.0,12.159830619108813,1307008.5,-0.225,1788710400000.0,0.021,61410.0,189700.0,0.89,1.3051,373.0,0.04,,-42.93,麦科田,325.5022,,538626686.0,,7.06,港股主板
00923,62.06354088378676,,1.6478,30,7.69,False,0.001,0.3227,4823009000.0,0.014,7.69,,-33.33,67522126.0,,67522126.0,,2000.0,-123.16517263190036,-99.51,7.69,-1.0840315169807546,31384.0,0.001,1269964800000.0,-0.0351,0.0,2414000,0.26,1.238,373.0,0.05,,0.0,综合环保集团,-0.3986,,4823009000.0,,0.013,港股主板
01215,11.6532375065743,,0.9561,30,0.0,False,0.001,0.1502,12778879806.0,0.022,13.64,3.1619,-4.35,281135356.0,,281135356.0,,20000.0,-1.5937317055531715,-99.98,4.76,15.669892263274644,13820.0,0.0,853430400000.0,-0.0024,0.0,680000.0,0.19,0.1502,373.0,0.01,,,开源控股,-9.3119,,12778879806.0,,0.022,港股主板
01701,3.211450098638835,,0.18321980236779983,30,0.0,False,0.001,,1000000000.0,0.067,,3.140674073032391,-45.53,67000000.0,,67000000.0,,4000.0,6.988958247900244,-83.46,0.0,51.54886092192861,,0.0,1561651200000.0,0.0141,0.0,,,0.3588,372.0,,,-41.35,途屹控股,4.7425,,1000000000.0,,0.067,港股主板
01561,-94.2053821004148,,1.374,30,-9.73,False,0.001,,1065454100.0,0.102,17.7,,45.71,108676318.0,,108676318.0,,4000.0,49.845656703091116,-89.31,3.03,-57.66522533513181,870656.0,-0.011,1448899200000.0,-0.0275,0.0,8460000,0.38,-1.5027,372.0,0.79,,0.0,联洋智能控股,-3.7081,,1065454100.0,,0.113,港股主板
02231,-31.382726754657053,,0.0933,30,6.25,False,0.001,,1646173000.0,0.017,12.5,,-80.9,27984941.0,,27984941.0,,1000.0,77.62443721040128,-99.44,6.25,-31.744232922968173,67162.0,0.001,1575475200000.0,-0.3268,0.0,4154000,0.59,-0.0307,371.0,0.25,,2.22,景业名邦集团,-0.052,,1646173000.0,,0.016,港股主板
08147,21.32766419821874,,2.0620475934605014,30,-1.96,False,0.005,,207229597.0,1.0,,,17.65,207229597.0,,207229597.0,,8000.0,-189.07400232468035,-76.94,0.0,12.723944308755186,,-0.02,1405612800000.0,-0.0589,0.0,,,10.6136,370.0,,,0.0,云晶数智,-16.986,,207229597.0,,1.02,港股GEM
00613,,,241.6396,30,0.0,False,0.005,1.4135,1149633210.0,5.075,4.14,73.1631,181.94,5834388541.0,,5834388541.0,,2000.0,29.928359061883913,371.61,1.6,,1409960.0,0.0,753033600000.0,0.7316,0.0,284000.0,0.32,1.4135,369.0,0.02,,,梧桐国际,6.9367,,1149633210.0,,5.075,港股主板
00542,-60.4560529163058,,1.5577040867854657,30,0.0,False,0.005,,1530930808.0,0.81,,20.34977032016673,1.25,1240053954.0,,1240053954.0,,4000.0,-161.86523067164023,,0.0,69.46038039827815,,0.0,627753600000.0,0.0767,0.0,,,22.0642,369.0,,,,中国文旅农业,10.5645,,1530930808.0,,0.81,港股主板
01125,18.86808609848083,,0.1243,30,-14.49,False,0.005,0.0161,331033443.0,0.59,16.67,0.3796,-37.89,195309731.0,,195309731.0,,400.0,-5.2908868611201365,-99.41,0.0,0.8833056861050848,26526.0,-0.1,880646400000.0,-1.9315,-13320.0,45600,3.0,0.0161,368.0,0.01,,,丽丰控股,-0.3055,,331033443.0,,0.69,港股主板
08321,,,16.17472765845868,30,0.0,False,0.005,,536400000.0,1.265,,,26.5,678546000.0,,678546000.0,,10000.0,25.107087376168284,-90.63,0.0,-24.46256676111088,,0.0,1477584000000.0,0.0459,0.0,,,4.9372,368.0,,,3.7,泰锦控股,27.5306,,536400000.0,,1.265,港股GEM
01231,,,1.4655,30,-6.25,False,0.005,7.2329,4000000000.0,0.3,0.0,24.0103,-1.64,1200000000.0,,1200000000.0,,2000.0,-30.666720025612292,-83.7,0.0,-58.679528898475766,40200.0,-0.02,1309708800000.0,-0.0149,0.0,134000,0.67,7.235,368.0,0.0,,0.0,新矿资源,-20.1069,,4000000000.0,,0.32,港股主板
08487,-15.00843368196696,,0.8387,30,0.0,False,0.001,1.2747,1046628000.0,0.09,0.0,2.1859,95.65,94196520.0,,94196520.0,,2000.0,-26.603022299758507,-77.5,0.0,-22.628737848693227,89280.0,0.0,1516032000000.0,-0.0182,0.0,992000.0,0.46,1.5926,367.0,0.09,,122.86,ISP GLOBAL,-4.9491,,1046628000.0,,0.09,港股GEM
00174,8.477631066568204,,0.1945275397012903,30,-2.6,False,0.001,,730905500.0,0.187,,0.39445352276892265,-13.02,136679329.0,,136679329.0,,2000.0,-12.800300187767249,,1.05,-16.29216720924046,,-0.005,591984000000.0,-0.701,0.0,,,0.0363,367.0,,,,盛洋投资,-0.2668,,730905500.0,,0.192,港股主板
00329,49.694652145977614,,4.1013,30,3.18,False,0.001,0.9717,1499749920.0,0.162,8.28,,-45.08,242959487.0,,242959487.0,,4000.0,-9.74970973943166,-99.68,0.0,-15.728153574957526,26256.0,0.005,989337600000.0,-0.0171,0.0,164000,0.18,0.9717,366.0,0.01,,0.0,东建国际,-9.4862,,1499749920.0,,0.157,港股主板
01843,,,1.3373,30,-4.29,False,0.005,1.917,800000000.0,0.335,11.43,12.8643,207.34,268000000.0,,268000000.0,,4000.0,-8.075157467705775,-67.26,0.0,7.668129135291757,792640.0,-0.015,1571760000000.0,-0.0144,-205640.0,2372000.0,6.7,1.9455,366.0,0.3,,-6.15,快餐帝国,-23.3237,,800000000.0,,0.35,港股主板
00537,22.242126450550238,,4.1256,30,-7.2,False,0.02,1.3474,24802200.0,22.18,10.54,52.1676,-51.76,550112796.0,,4850247365.0,,100.0,,-40.63,-0.54,22.568041788473625,16703960.0,-1.72,1783526400000.0,0.5532,936868.0,726100,3.69,1.0223,365.0,2.93,,-37.36,普源精电,40.0907,,218676617.0,,23.9,港股主板
02553,32.840912490192075,,7.4494,30,-1.6,False,0.01,4.1171,266548803.0,11.68,9.77,,-20.0,3113290019.0,,4672000000.0,,200.0,,-58.29,-0.34,-1.0809890608593498,10311211.0,-0.19,1780416000000.0,-0.5104,453600.0,891000.0,1.3,4.13,365.0,0.33,,44.25,首钢朗泽,-22.884,,400000000.0,,11.87,港股主板
02187,,,0.8836,30,-2.08,False,0.005,0.9066,897600000.0,0.47,4.17,,-14.55,421872000.0,,421872000.0,,2000.0,-4.680005575339508,-67.59,0.0,-8.751801618634758,24750.0,-0.01,1616688000000.0,-0.0225,0.0,54000.0,0.29,0.9095,363.0,0.01,,-29.33,智欣集团控股,-20.8431,,897600000.0,,0.48,港股主板
01662,35.42886338600337,,0.3419,30,-2.5,False,0.005,0.5415,515000000.0,0.585,8.33,2.0313,-74.45,301275000.0,,301275000.0,25.64,1000.0,6.275393192506675,-41.3,0.0,7.579673341826498,44670.0,-0.015,1450368000000.0,0.0583,0.0,73000,1.6,0.6338,362.0,0.01,,0.0,义合控股,10.0415,,515000000.0,,0.6,港股主板
01455,-17.096261993054373,,2.3411,30,-3.13,False,0.005,0.9539,1278562500.0,0.31,4.69,18.0038,38.95,396354375.0,,396354375.0,4.84,5000.0,8.071777571604924,-46.57,3.33,-22.630619269347875,152975.0,-0.01,1600099200000.0,0.0286,0.0,510000.0,0.94,0.8766,362.0,0.04,,230.0,科利实业控股,10.8341,,1278562500.0,,0.32,港股主板
02697,,,497.5117,30,-0.71,False,0.2,15.807,35647003.0,278.0,4.71,,120.29,9909866834.0,,9909866834.0,,20.0,,-15.04,0.07,,37596512.0,-2.0,1782748800000.0,-3.029,905984.0,134620.0,1.74,15.8564,360.0,0.38,,216.96,真健康医疗-B,-91.7807,,35647003.0,,280.0,港股主板
01645,,,2.8451,30,-4.51,False,0.005,4.5679,563976000.0,2.75,6.6,23.0488,-12.14,1550934000.0,,1550934000.0,,4000.0,6.447671113519601,137.79,-0.54,9.720983714228426,11407080.0,-0.13,1591113600000.0,0.0366,1504720.0,4080000,0.87,4.5822,359.0,0.72,,-13.04,海纳智能,75.1485,,563976000.0,,2.88,港股主板
02177,,,0.2571,30,6.19,False,0.005,0.5092,165894700.0,2.4,6.64,5.5035,-6.46,398147280.0,,398147280.0,10.42,200.0,5.014245175454728,-64.22,6.19,-6.097221210851956,14016.0,0.14,1626019200000.0,0.2448,0.0,6200,0.34,0.5105,359.0,0.0,,-23.78,优趣汇控股,9.8045,,165894700.0,,2.26,港股主板
08366,19.331579657518283,,0.3227358472468235,30,0.0,False,0.001,,1577200000.0,0.032,,82.06569105691057,-3.03,50470400.0,,50470400.0,,10000.0,21.507632802534665,-98.93,0.0,-7.745755112116381,,0.0,1446393600000.0,-0.0033,0.0,,,-1.8711,359.0,,,0.0,浙江联合投资,-9.6557,,1577200000.0,,0.032,港股GEM
01726,-5.689216556160992,,2.4414,30,-1.92,False,0.005,5.795,1141746668.0,0.255,1.92,,-82.41,291145400.0,,291145400.0,,5000.0,-91.13744252980975,-63.57,0.0,13.545242550062353,27175.0,-0.005,1523980800000.0,-0.0647,0.0,105000.0,0.06,3.4877,358.0,0.01,,1.82,HKE HOLDINGS,-3.9425,,1141746668.0,,0.26,港股主板
08073,,,0.7229,30,0.0,False,0.005,0.6487,520000000.0,0.285,3.51,2.1573,23.91,148200000.0,,148200000.0,,4000.0,12.31317498603363,-74.89,0.0,34.829481456399236,40080.0,0.0,1500566400000.0,0.0511,0.0,136000.0,1.89,0.6508,357.0,0.03,,-8.4,水发兴业新材料,5.5762,,520000000.0,,0.285,港股GEM
08160,292.6663662458159,,2.217,30,-10.62,False,0.005,3.6558,214791940.0,0.505,11.5,11.2462,42.25,108469930.0,,108469930.0,,12000.0,-39.743724398697616,-93.19,0.0,3.867972442592915,65820.0,-0.06,1480608000000.0,-0.0705,0.0,120000,0.45,2.4944,357.0,0.06,,-9.21,GOLDWAY EDU,-7.1664,,214791940.0,,0.565,港股GEM
00211,-20.174254243580446,,2.9145,30,0.0,False,0.001,0.7066,733046541.0,0.26,1.92,4.4758,-8.77,190592101.0,,190592101.0,,10000.0,-13.344739746640135,-100.0,0.0,35.93184554990163,5250.0,0.0,691862400000.0,-0.0477,0.0,20000.0,1.06,0.7799,357.0,0.0,,,大凌集团,-5.4545,,733046541.0,,0.26,港股主板
00544,,,0.8783,30,0.48,False,0.005,,123690455.0,1.05,0.0,2.5205,-44.74,129874978.0,,129874978.0,,5000.0,94.02586544037328,-97.03,0.0,-21.180276930325526,21000.0,0.005,973785600000.0,-0.5637,0.0,20000.0,0.52,-1.6491,357.0,0.02,,,大同集团,-1.8627,,123690455.0,,1.045,港股主板
02113,-53.60745762780097,,1.2218,30,-5.41,False,0.005,,48285000.0,0.7,9.46,40.8207,-45.31,33799500.0,,33799500.0,,1000.0,13.509377344336086,-94.53,-0.71,-40.66384904101547,602948.75,-0.04,1476633600000.0,-0.0466,0.0,875750.0,0.83,1.3168,356.0,1.81,,25.0,世纪集团国际,-15.0153,,48285000.0,,0.74,港股主板
00094,-66.1562502560788,,4.096,30,3.45,False,0.001,0.3005,2782486584.0,0.06,8.62,,-24.34,166949195.0,,166949195.0,16.67,80000.0,3.2256509571189174,,0.0,-25.46955944347461,82720.0,0.002,582825600000.0,0.0061,0.0,1380000.0,1.09,0.3005,355.0,0.05,,,绿心集团,9.7837,,2782486584.0,,0.058,港股主板
01961,-5.324067185340587,,0.47887594635433844,30,0.0,False,0.001,,734301174.0,0.099,,,-64.0,72695816.0,,72695816.0,,2000.0,-34.442861361075835,-92.93,,-29.33170017045178,,0.0,1584374400000.0,-0.088,-2095980.0,,,0.5375,355.0,,,3.7,多牛科技,-1.1245,,734301174.0,,0.099,港股主板
01779,,,,30,-3.11,False,0.05,5.5698,75059218.0,95.0,6.48,,-1.1,7130625710.0,,7250599500.0,,50.0,,-34.16,2.1,,1848702.5,-3.05,1780588800000.0,-3.2496,0.0,19450.0,0.49,5.5823,355.0,0.03,,37.21,天辰生物-B,-29.2345,,76322100.0,,98.05,港股主板
01549,15.171954635851058,,0.2429,30,1.32,False,0.001,0.5525,1550000000.0,0.077,3.95,5.9753,-18.95,119350000.0,,119350000.0,,8000.0,0.3687745946980483,-79.47,0.0,10.99030299833852,3816.0,0.001,1467734400000.0,0.0005,0.0,48000.0,0.08,0.5525,354.0,0.0,,-16.0,永丰集团控股,151.0759,,1550000000.0,,0.076,港股主板
01241,123.52377612856733,,1.5124,30,-1.74,False,0.001,0.4196,650000000.0,0.169,7.56,,0.6,109850000.0,,109850000.0,,2000.0,-13.146766681778841,-83.65,0.0,3.2651815216591773,3774.0,-0.003,1309363200000.0,-0.0557,0.0,24000.0,0.1,0.4209,354.0,0.0,,0.0,双桦控股,-3.0354,,650000000.0,,0.172,港股主板
08310,,,0.18928165345166095,30,0.0,False,0.001,,1288000000.0,0.175,,135.61973525872443,-26.16,225400000.0,,225400000.0,,10000.0,-0.015416533103714726,-36.36,-1.69,4.579516571020803,,0.0,1377100800000.0,0.0001,0.0,,,-0.4279,354.0,,,0.0,盐城港,2748.7805,,1288000000.0,,0.175,港股GEM
08040,,,0.4137,30,-5.88,False,0.005,4.7854,340000000.0,0.48,0.98,36.2184,4.35,163200000.0,,163200000.0,,5000.0,-16.61004641995799,-24.41,0.0,14.835857346354864,21700.0,-0.03,1518537600000.0,-0.0188,0.0,45000.0,2.07,4.6162,353.0,0.01,,0.0,快意智能,-25.4801,,340000000.0,,0.51,港股GEM
02933,7.909959445157,,,30,,False,0.001,,1824000000.0,0.126,,,,229824000.0,,229824000.0,,2000.0,-3.8580672861655474,-21.25,17.76,4.303546248125634,,,1790611200000.0,-0.0024,-420184.0,,,2.0336,353.0,,,-75.74,煜荣集团股权,-52.1971,,1824000000.0,,,港股主板
00675,-49.41243300451138,,0.5816481559983043,30,0.0,False,0.005,,267004800.0,0.37,,9.120363367799113,-4.88,98791776.0,,98791776.0,5.41,2000.0,-1.8039991527044563,78.66,0.0,-1.237138188340292,,0.0,852134400000.0,-0.0164,0.0,,,0.4131,352.0,,,,坚宝国际,-22.5243,,267004800.0,,0.37,港股主板
00186,,,1.479,30,4.69,False,0.005,6.133,5492232889.0,0.335,1.56,,112.03,1839898018.0,,1839898018.0,,30000.0,17.579250720461097,,0.0,29.03690532410621,19950.0,0.015,552758400000.0,0.0111,0.0,60000,0.48,4.779,351.0,0.0,,,敏捷控股,30.1623,,5492232889.0,,0.32,港股主板
00910,1.6151471524041616,,0.000248214145739402,30,0.0,False,0.001,,25441037.0,0.012,,0.0012751741767329959,-99.57,305292.0,,305292.0,,6000.0,442.17096197574267,-99.99,0.0,-44.25606843759869,,0.0,912441600000.0,-23.1919,-43200.0,,,-0.0008,350.0,,,,中国三迪,-0.0005,,25441037.0,,0.012,港股主板
08280,-31.44931443030542,,0.616380233416615,30,0.0,False,0.001,,630332000.0,0.056,,,-18.84,35298592.0,,35298592.0,,2000.0,62.98103171947375,-97.19,1.75,-42.12882363937865,,0.0,1466956800000.0,-0.0644,0.0,,,-0.4187,349.0,,,-12.06,中国数字视频,-0.8697,,630332000.0,,0.056,港股GEM
00193,,,1.0631,30,3.11,False,0.001,0.056,233202559.0,0.199,1.55,0.6395,4.19,46407309.0,,46407309.0,,3000.0,-0.5364190012180268,,0.0,28.15928087866453,3247.5,0.006,84988800000.0,-0.0189,0.0,16500,1.04,0.056,347.0,0.01,,,冠中地产,-10.5375,,233202559.0,,0.193,港股主板
01953,,,2.3884,30,-0.84,False,0.005,6.1416,1260000000.0,1.185,3.35,64.8946,687.38,1493100000.0,,1493100000.0,2.28,5000.0,8.023271302926553,220.18,0.0,-8.475436437351302,1096050.0,-0.01,1588003200000.0,0.018,-478000.0,920000.0,0.76,6.1261,347.0,0.07,,18.75,赛孚迅国际,65.7265,,1260000000.0,,1.195,港股主板
08379,-14.636387076193092,,0.9511215712916571,30,0.0,False,0.001,,800000000.0,0.098,,6.513791957460951,-35.1,78400000.0,,78400000.0,,10000.0,-117.27609756097561,-78.46,-3.92,24.07845835170608,,0.0,1518537600000.0,-0.0188,0.0,,,14.6296,347.0,,,0.0,盈证国际,-5.2176,,800000000.0,,0.098,港股GEM
01640,,,0.21845989822361564,30,0.0,False,0.005,,599230768.0,0.45,,1.3623284597041467,-87.67,269653846.0,,269653846.0,,2000.0,-105.9981947977353,-60.18,0.0,14.016146550706289,,0.0,1573488000000.0,-0.3552,0.0,,,2.0936,346.0,,,-0.8,千循科技,-1.2668,,599230768.0,,0.45,港股主板
00865,,,3.0497653842071335,30,-5.88,False,0.001,,5837989696.0,0.048,,11.31941771691711,29.73,280223505.0,,280223505.0,,4000.0,-9.796113804479088,-99.3,0.0,-35.5405020450553,,-0.003,978019200000.0,-0.0137,0.0,,,0.3604,346.0,,,0.0,建德国际控股,-3.4924,,5837989696.0,,0.051,港股主板
08057,99.47472597056921,,0.5326885361978447,30,0.0,False,0.001,,155781805.0,0.198,,,-63.19,30844797.0,,30844797.0,,4000.0,14.684864104967199,-99.56,0.0,-15.850250292512358,,0.0,1444233600000.0,-0.1127,0.0,,,-0.8465,345.0,,,0.0,麦迪森控股,-1.7576,,155781805.0,,0.198,港股GEM
08066,,,1.96,30,-3.45,False,0.005,1.8372,663796750.0,0.28,3.45,,-34.12,185863090.0,,185863090.0,,5000.0,-38.81959598790767,-72.64,0.0,-7.911676372809673,22025.0,-0.01,1008777600000.0,-0.0584,0.0,80000.0,0.54,1.8363,345.0,0.01,,0.0,品创控股,-4.7928,,663796750.0,,0.29,港股GEM
01013,-5.712338703071085,,0.4606,30,2.25,False,0.005,,267389531.0,0.455,8.99,,139.47,121662237.0,,121662237.0,,10000.0,18.29258848129695,-99.54,0.0,14.319935959604525,30050.0,0.01,854899200000.0,-0.159,0.0,70000,0.94,-0.4966,344.0,0.03,,,伟俊集团控股,-2.8616,,267389531.0,,0.445,港股主板
00854,281.77730630120317,,0.20408358633066626,30,-0.84,False,0.005,,102989049.0,5.3,,1.1559427790895904,-3.64,545841960.0,,545841960.0,,1000.0,17.937698664971393,108.24,-0.65,-1.4389361000599177,,-0.045,1386259200000.0,0.8904,0.0,,,0.9436,344.0,,,,威雅利,5.9523,,102989049.0,,5.345,港股主板
08480,-13.917491579988905,,0.2946,30,-5.07,False,0.001,0.3043,923321600.0,0.131,6.52,1.4116,5.65,120955130.0,,120955130.0,11.45,4000.0,9.200001949669288,-74.81,0.0,-5.09393193278993,3704.0,-0.007,1508083200000.0,0.0399,0.0,28000,0.1,0.3042,343.0,0.0,,8.33,飞霓控股,3.2817,,923321600.0,,0.138,港股GEM
00685,310.3160748916079,,0.2418848740994121,30,0.0,False,0.001,,1621521441.0,0.18,,,-23.4,291873859.0,,291873859.0,,1000.0,-8.048650941026791,-74.52,0.0,4.272487525478663,,0.0,669571200000.0,-0.0879,0.0,,,0.3226,343.0,,,,世界华文媒体,-2.0487,,1621521441.0,,0.18,港股主板
02680,,,13.732436412848784,30,0.0,False,0.005,,60000000.0,5.75,,38.521661456007145,-40.72,345000000.0,,345000000.0,,2000.0,6.074411147403185,-33.04,0.0,-17.98208606267303,,0.0,1536854400000.0,0.1951,0.0,,,1.7373,343.0,,,-45.56,南强控股,29.4695,,60000000.0,,5.75,港股主板
01847,129.85119788652307,,0.11790154183371224,30,0.0,False,0.005,,133882000.0,0.38,,,-25.49,50875160.0,,169583360.0,,1000.0,-17.458696199296288,-82.36,0.0,-1.286841580955711,,0.0,1572451200000.0,-0.4494,0.0,,,0.158,342.0,,,-20.83,云南建投混凝土,-0.8456,,446272000.0,,0.38,港股主板
00110,5.132576183977444,,1.9848036654881305,30,0.0,False,0.005,,278555888.0,0.395,,,75.56,110029576.0,,110029576.0,,4000.0,84.42872466877337,-96.52,0.0,-14.099300781976808,,0.0,1075046400000.0,-0.0523,0.0,,,-5.2323,342.0,,,0.0,中国长远,-7.5565,,278555888.0,,0.395,港股主板
08161,-49.3037415389355,,0.2768,30,20.65,False,0.005,1.9936,41600000.0,0.555,15.22,20.6512,-9.02,23088000.0,,23088000.0,,4000.0,-32.45732592481353,-99.29,0.0,-8.923931400864117,37500.0,0.095,1464624000000.0,-0.0779,0.0,72000,1.21,2.7574,341.0,0.17,,-53.02,医汇集团,-7.1215,,41600000.0,,0.46,港股GEM
08028,,,0.3802,30,-6.84,False,0.001,1.6394,505932270.0,0.177,12.11,9.8299,-38.97,89550012.0,,89550012.0,,20000.0,17.339430046512362,-99.68,0.0,1037.5757708251424,25900.0,-0.013,943459200000.0,0.0218,0.0,140000,0.77,1.2789,341.0,0.03,,,天时资源,8.1291,,505932270.0,,0.19,港股GEM
06877,-23.554239424061475,,1.4219675869618098,30,0.0,False,0.001,,2033290000.0,0.092,,,-38.26,187062680.0,,187062680.0,,5000.0,-1.437747176435609,,0.0,-3.0607976768048273,,0.0,1372780800000.0,-0.0017,0.0,,,0.7704,341.0,,,,TE HEALTHCARE,-52.9923,,2033290000.0,,0.092,港股主板
02310,-58.999052187493774,,1.5951581120420621,30,0.0,False,0.001,,1092877195.0,0.181,,124.95942640555907,389.19,197810772.0,,197810772.0,,2000.0,-4.083153663925045,-83.21,0.0,9.258436995397723,,0.0,1057248000000.0,0.0014,0.0,,,-5.2559,341.0,,,,时代环球集团,128.951,,1092877195.0,,0.181,港股主板
01425,0.702759643543005,,0.6181,30,0.0,False,0.005,0.7193,1250000000.0,0.56,0.89,8.2904,-4.03,700000000.0,,700000000.0,8.57,5000.0,19.1357916362148,101.87,0.0,2.5514039345028383,158175.0,0.0,1574870400000.0,0.1352,0.0,280000.0,0.15,0.7193,340.0,0.02,,3.75,捷隆控股,4.1417,,1250000000.0,,0.56,港股主板
06922,-37.177752388333055,,7.5646,30,-0.66,False,0.005,9.6576,149033579.0,3.0,0.66,,-56.4,447100737.0,,734115000.0,,200.0,-47.72552230698761,-83.78,0.0,22.799662492213724,123947.0,-0.02,1672329600000.0,-0.1382,0.0,41200.0,0.98,9.6878,340.0,0.03,,-6.56,康沣生物-B,-21.7066,,244705000.0,,3.02,港股主板
03638,,,0.8356,30,-0.6,False,0.005,0.9986,76948775.0,2.485,6.8,1.3481,-82.19,191217706.0,,191217706.0,,1000.0,13.797968466405234,,0.0,-20.56689295710238,23410.0,-0.015,1378656000000.0,0.366,0.0,10000.0,1.32,0.8879,339.0,0.01,,,亨利加集团,6.789,,76948775.0,,2.5,港股主板
01146,-44.40104934747894,,1.0761769641414303,30,0.0,False,0.001,,3545450000.0,0.05,,,98.41,177272500.0,,177272500.0,20.0,2000.0,-6.672577395949654,-93.02,0.0,-10.42386022561198,,0.0,1323360000000.0,-0.019,0.0,,,0.181,339.0,,,0.0,汇成国际控股,-2.6264,,3545450000.0,,0.05,港股主板
01123,-42.95409726932156,,0.1603,30,0.0,False,0.001,0.2339,1185318349.0,0.135,0.0,4.6212,19.68,160017977.0,,160017977.0,2.22,2000.0,1.1148472161929497,-53.04,0.0,-2.5720948330984372,4590.0,0.0,779904000000.0,0.0064,0.0,34000.0,0.44,0.2339,339.0,0.0,,,中港照相,21.1217,,1185318349.0,,0.135,港股主板
00158,,,8.8893,30,-0.17,False,0.05,0.2288,25000000.0,58.25,0.43,21.9011,-2.09,1456250000.0,,1456250000.0,5.49,500.0,-7.209082356844684,,0.0,1.14792560007706,262000.0,-0.1,83865600000.0,-19.1548,0.0,4500.0,1.95,0.2288,339.0,0.02,,,万邦投资,-3.041,,25000000.0,,58.35,港股主板
01232,,,0.1712,30,14.46,False,0.005,0.0534,210421515.0,0.475,25.3,0.8915,18.75,99950220.0,,99950220.0,,8000.0,194.54356332656397,-96.59,0.0,-39.151628754107,48440.0,0.06,1358265600000.0,7.0676,0.0,112000,0.59,0.0536,338.0,0.05,,0.0,金轮天地控股,0.0672,,210421515.0,,0.415,港股主板
06696,184.79380289197147,,0.9316768145099151,30,0.0,False,0.01,,672000000.0,2.94,,,406.9,1975680000.0,,1975680000.0,,1000.0,-46.90061088898743,-93.72,,63.47937486480228,,0.0,1667923200000.0,-0.4039,317980.0,,,2.6144,338.0,,,2.04,多想云,-7.2786,,672000000.0,,2.94,港股主板
02205,,,0.2265865440172485,30,0.0,False,0.005,,700000000.0,0.35,,,-75.86,245000000.0,,245000000.0,,1000.0,-5.62970918199151,-88.63,0.0,0.9793701823532563,,0.0,1626364800000.0,-0.0633,0.0,,,0.2979,337.0,,,-1.09,康桥悦生活,-5.5323,,700000000.0,,0.35,港股主板
02330,1.2809542168628285,,1.8402,30,8.87,False,0.001,0.8312,452845748.0,0.221,10.34,,2.31,100078910.0,,100078910.0,,8000.0,-40.99359039993447,-95.85,0.0,63.669231303116256,5460.0,0.018,1043769600000.0,-0.1238,0.0,26000,0.53,0.8338,337.0,0.01,,12.31,中国上城,-1.7853,,452845748.0,,0.203,港股主板
00084,,,0.1152503431056701,30,1.47,False,0.001,,1036919025.0,0.069,,0.8133622804524527,-1.43,71547413.0,,71547413.0,,1000.0,-5.186760273792055,,-8.11,-8.313867187227563,,0.001,86803200000.0,-0.0455,0.0,,,0.0788,336.0,,,,宝光实业,-1.5151,,1036919025.0,,0.068,港股主板
08337,14.316556606999399,,0.7497,30,17.7,False,0.001,1.7267,244875000.0,0.133,18.58,,27.88,32568375.0,,32568375.0,,10000.0,-47.376929916740764,-95.91,0.0,-36.68868617953931,32540.0,0.02,1275408000000.0,-0.0479,0.0,260000,1.37,1.7267,336.0,0.11,,0.0,直通电讯,-2.7784,,244875000.0,,0.113,港股GEM
00306,,,0.4249961598733507,30,0.0,False,0.005,,476776842.0,2.5,,1.701270026933326,-8.99,1191942105.0,,1191942105.0,8.0,2000.0,11.13387146218123,234.18,0.0,28.841183845823615,,0.0,843580800000.0,0.5081,0.0,,,0.5207,334.0,,,,冠忠巴士集团,4.9203,,476776842.0,,2.5,港股主板
01593,298.5574332174635,,1.6355,30,4.69,False,0.005,2.3516,992780000.0,1.115,9.86,4.952,-10.8,1106949700.0,,1106949700.0,,2000.0,-69.22056071827288,-49.1,0.0,2.2172677603294,686240.0,0.05,1576166400000.0,-0.4857,0.0,646000,1.06,2.3552,334.0,0.07,,-6.36,辰林教育,-2.2955,,992780000.0,,1.065,港股主板
02458,50.81318996059683,,0.7656,30,0.08,False,0.005,1.402,142710128.0,6.405,0.0,4.81,0.39,914058370.0,,914058370.0,,400.0,37.29238470582892,34.95,0.0,22.310126998189883,17920.0,0.005,1673798400000.0,1.4901,0.0,2800.0,0.01,1.406,333.0,0.0,,-11.54,望尘科技控股,4.2983,,142710128.0,,6.4,港股主板
01581,,,0.143,30,-1.69,False,0.005,0.4097,415000000.0,0.29,1.69,1.5601,32.42,120350000.0,,120350000.0,,10000.0,6.775239320116515,-92.75,0.0,18.079836662182892,20350.0,-0.005,1481126400000.0,0.0491,0.0,70000.0,0.57,0.3869,333.0,0.02,,-18.75,进昇集团控股,5.9033,,415000000.0,,0.295,港股主板
01937,,,0.737,30,5.56,False,0.001,0.399,1000000000.0,0.152,10.42,3.0683,-11.11,152000000.0,,152000000.0,,5000.0,2.2720652490533064,-60.0,0.0,-10.269467239132378,13140.0,0.008,1579190400000.0,0.0083,0.0,85000.0,0.73,0.4003,333.0,0.01,,-36.79,佳辰控股,18.2308,,1000000000.0,,0.144,港股主板
02621,,,0.37717569639942883,30,0.0,False,0.005,,226378600.0,2.92,,,-8.01,661025512.0,,661025512.0,7.19,400.0,15.934355751219767,-58.3,0.0,0.5503360675952473,,0.0,1748534400000.0,1.0508,0.0,,,0.4256,333.0,,,-18.19,手回集团,2.7788,,226378600.0,,2.92,港股主板
01301,,,0.4107,30,-1.67,False,0.005,0.294,626984000.0,0.295,11.67,19.132,-13.24,184960280.0,,184960280.0,,2000.0,-1.7927316482661597,-86.83,0.0,13.284245031684772,60480.0,-0.005,1432656000000.0,-0.0175,0.0,194000.0,2.22,0.295,332.0,0.03,,0.0,德基科技控股,-16.859,,626984000.0,,0.3,港股主板
06080,,,0.1756,30,-4.24,False,0.001,0.9194,1120350000.0,0.113,1.69,,1.8,126599550.0,,126599550.0,,6000.0,-14.317951793679947,-79.45,0.0,10.287447764708379,15606.0,-0.005,1508428800000.0,-0.017,0.0,138000.0,0.48,0.9625,332.0,0.01,,-5.45,荣智控股,-6.6289,,1120350000.0,,0.118,港股主板
01452,-21.440952468531226,,0.465,30,-15.96,False,0.001,1.0102,770697720.0,0.158,12.23,2.2093,36.21,121770240.0,,121770240.0,,1000.0,-13.482579806633865,-92.18,-1.25,33.35886559576853,148378.0,-0.03,1447257600000.0,-0.0225,0.0,907000,21.47,0.8401,332.0,0.12,,0.0,迪诺斯环保,-7.0341,,770697720.0,,0.188,港股主板
00287,-45.5197616735707,,8.293793888783451,30,0.0,False,0.005,,40000000.0,4.37,,44.59183673469388,10.14,174800000.0,,174800000.0,3.2,2000.0,-0.5813258257818699,,0.0,3.0847386182169867,,0.0,100972800000.0,-0.1465,0.0,,,0.1735,331.0,,,,永发置业,-29.8395,,40000000.0,,4.37,港股主板
08237,,,7.0541,30,11.94,False,0.005,1.5776,201024000.0,0.75,11.94,15.5575,212.5,150768000.0,,150768000.0,,6000.0,-1053.5282716374338,-88.89,0.0,-23.674596282367354,66540.0,0.08,1404662400000.0,1.0951,0.0,90000,4.07,1.5776,330.0,0.04,,0.0,华星控股,0.6849,,201024000.0,,0.67,港股GEM
01187,20.87107217890145,,1.424,30,-2.57,False,0.02,1.0097,27000000.0,27.32,5.92,9.3061,-28.98,737640000.0,,6444706040.0,2.57,100.0,,-29.89,-0.22,18.02902288837851,1583430.0,-0.72,1777996800000.0,1.9669,-137396.0,56400.0,2.22,1.0026,330.0,0.21,,-1.09,可孚医疗,13.8899,,235897000.0,,28.04,港股主板
01927,,,0.7234,30,-5.8,False,0.005,0.5611,792000000.0,0.325,5.8,,138.97,257400000.0,,257400000.0,,5000.0,-1.7447386711583377,-52.9,0.0,-3.7943070782238686,196600.0,-0.02,1615824000000.0,-0.0094,0.0,600000.0,2.09,0.5629,329.0,0.08,,-26.67,久久王,-34.4091,,792000000.0,,0.345,港股主板
01627,18.218501618350636,,0.0806,30,0.0,False,0.005,0.4279,2000000000.0,0.37,0.0,0.5804,-41.25,740000000.0,,740000000.0,8.11,4000.0,15.72051804991694,-19.07,0.0,21.79437301876712,34040.0,0.0,1487520000000.0,0.1438,0.0,92000.0,0.63,0.3847,329.0,0.0,,-9.09,安保工程控股,2.5731,,2000000000.0,,0.37,港股主板
01443,,,0.1079,30,-8.53,False,0.001,1.6466,1300000000.0,0.118,18.6,0.5259,47.5,153400000.0,,153400000.0,,2000.0,-34.163391327451464,-88.86,0.0,-4.687031419704557,83858.0,-0.011,1415808000000.0,-0.0287,0.0,700000,0.08,1.6936,329.0,0.05,,0.0,富临集团控股,-4.1138,,1300000000.0,,0.129,港股主板
01156,-53.76294721126311,,2.1196,30,-8.62,False,0.005,,707710677.0,0.265,8.62,,46.41,187543329.0,,187543329.0,,4000.0,250.7205584327854,-77.92,-1.85,12.104200157779976,862460.0,-0.025,1594742400000.0,-0.0354,0.0,3204000,7.21,-72.1233,329.0,0.45,,-28.57,CHINANEWENERGY,-7.477,,707710677.0,,0.29,港股主板
01711,-56.56690202349542,,0.8923,30,0.0,False,0.001,5.8189,800000000.0,0.153,,9.5476,29.66,122400000.0,,122400000.0,,10000.0,-7.542046250875964,-88.57,0.0,-14.0651534616841,6120.0,0.0,1517155200000.0,-0.0022,0.0,40000.0,0.72,5.571,328.0,0.01,,185.71,欧化,-71.0801,,800000000.0,,0.153,港股主板
02571,,,7.827269924910686,30,0.0,False,0.01,,33333400.0,16.3,,37.18025147979608,24.43,543334420.0,,2173334420.0,,200.0,0.7971796016759257,22.56,0.0,6.57698602600425,,0.0,1736870400000.0,0.0424,0.0,,,2.2285,328.0,,,1.46,赛目科技,384.2257,,133333400.0,,16.3,港股主板
07656,28.590241694635065,,8.8113,30,-7.42,False,0.01,73.3275,273727616.0,15.6,12.4,,-27.98,4270150810.0,,4762569318.0,,200.0,,-13.33,-0.76,42.60598261735049,2751756.0,-1.25,1783440000000.0,-0.2407,-152448.0,172800,1.12,7.0811,327.0,0.06,,-3.05,瑞为技术,-64.8234,,305292905.0,,16.85,港股主板
08419,-25.5688303833015,,0.27107923420116337,30,0.0,False,0.001,,400000000.0,0.072,,1.3783861395615966,12.5,28800000.0,,28800000.0,,5000.0,-10.02040313786189,-87.8,0.0,-9.054444592000943,,0.0,1513785600000.0,-0.0142,0.0,,,0.5587,327.0,,,1.69,AV策划推广,-5.0553,,400000000.0,,0.072,港股GEM
00776,,,3.181,30,-7.69,False,0.001,,671837550.0,0.24,8.46,,-75.83,161241012.0,,161241012.0,,5000.0,,-38.92,-0.41,,423785.0,-0.02,1129132800000.0,-0.0951,0.0,1710000,2.45,-1.821,326.0,0.25,,0.0,帝国科技集团,-2.5225,,671837550.0,,0.26,港股主板
01746,,,4.50415334909787,30,0.0,False,0.005,,1000000000.0,0.52,,,82.46,520000000.0,,520000000.0,,4000.0,-1.937072595871577,27.08,0.0,-3.5659817388338677,,0.0,1531238400000.0,-0.0023,0.0,,,4.4358,326.0,,,-30.77,万顺集团控股,-226.7771,,1000000000.0,,0.52,港股主板
01901,60.003377687915545,,0.17785320722672307,30,0.0,False,0.001,,998400000.0,0.14,,,-69.23,139776000.0,,139776000.0,,2000.0,-71.27307835939848,-83.91,0.0,5.57679150593553,,0.0,1561651200000.0,-0.0432,0.0,,,2.7017,325.0,,,-6.67,飞扬集团,-3.2392,,998400000.0,,0.14,港股主板
00599,,,0.262049181243569,30,0.0,False,0.001,,718838942.0,0.124,,1.7316372802331228,-32.97,89136029.0,,89136029.0,,16000.0,-4.6084025242260775,3.51,0.0,,,0.0,955468800000.0,-0.0288,0.0,,,0.2056,325.0,,,0.0,怡邦行控股,-4.3009,,718838942.0,,0.124,港股主板
01993,-61.7425420185272,,0.2063829554581706,30,0.0,False,0.005,,484910739.0,0.435,,0.47357860079163194,-16.35,210936171.0,,210936171.0,,500.0,12.036633231574356,-90.54,0.0,-18.437160500822735,,0.0,1421251200000.0,0.0211,0.0,,,2.2839,325.0,,,0.0,雅仕维,20.6118,,484910739.0,,0.435,港股主板
01420,180.1116995440657,,0.2228,30,2.0,False,0.001,0.3853,1342651200.0,0.255,2.0,1.0224,53.61,342376056.0,,342376056.0,,4000.0,28.117040393780762,-66.45,0.0,49.7213066566563,2020.0,0.005,1465315200000.0,0.1618,0.0,8000,0.03,0.3855,325.0,0.0,,23.68,川控股,1.5761,,1342651200.0,,0.25,港股主板
02531,,,1.5003,30,8.93,False,0.005,1.5544,366600000.0,3.05,0.0,,-58.33,1118130000.0,,1118130000.0,,500.0,-6.397233695130152,-44.34,0.0,0.65979346564633,7625.0,0.25,1720972800000.0,-0.1305,0.0,2500,0.15,1.5593,324.0,0.0,,2.13,广联科技控股,-23.3706,,366600000.0,,2.8,港股主板
01460,37.98812756747887,,0.1837439097517671,30,0.0,False,0.001,,877590312.0,0.25,,,-13.79,219397578.0,,219397578.0,,8000.0,4.947752543682651,,0.0,10.820460868648652,,0.0,1426608000000.0,0.0328,0.0,,,0.3644,324.0,,,,扬科集团,7.6148,,877590312.0,,0.25,港股主板
00202,-30.141707296291955,,3.9528425260545514,30,0.0,False,0.001,,7294369363.0,0.069,,,-45.67,503311486.0,,503311486.0,,5000.0,-6.642205054265425,-99.31,6.15,-4.543978818704364,,0.0,967651200000.0,-0.0092,0.0,,,0.5297,323.0,,,12.24,润中国际控股,-7.5114,,7294369363.0,,0.069,港股主板
09908,-17.561501925009658,,0.2782,30,1.17,False,0.005,0.7384,37844500.0,7.79,0.0,3.3308,0.2,294808655.0,,1073808655.0,5.56,500.0,11.711218770467253,-28.34,0.0,7.494366989835566,7790.0,0.09,1594828800000.0,1.1795,0.0,1000.0,0.23,0.7352,323.0,0.0,,10.4,嘉兴燃气,6.6044,,137844500.0,,7.7,港股主板
01335,,,4.825824765835205,30,0.0,False,0.001,,2434136166.0,0.098,,6.478689407930473,-35.53,238545344.0,,238545344.0,,2000.0,-12.795810347455335,,0.0,-51.278780392677234,,0.0,1342108800000.0,-0.0343,0.0,,,0.3843,323.0,,,,顺泰控股,-2.8556,,2434136166.0,,0.098,港股主板
03616,,,0.1328,30,-3.04,False,0.001,0.175,1200000000.0,0.223,9.57,0.9952,-10.8,267600000.0,,267600000.0,,2000.0,-15.688155763372185,-72.71,0.0,-28.840383144259363,45474.0,-0.007,1541952000000.0,-0.2087,0.0,202000.0,0.25,0.1755,323.0,0.02,,-8.87,恒达集团控股,-1.0685,,1200000000.0,,0.23,港股主板
02337,,,0.0828,30,0.0,False,0.005,0.9433,374502000.0,1.405,1.07,25.0209,-18.31,526175310.0,,526175310.0,,1000.0,-0.2693559737763749,-42.38,0.0,-12.24674376852547,258015.0,0.0,1508083200000.0,-0.0049,0.0,184000.0,1.07,0.9462,323.0,0.05,,13.43,众诚能源,-284.6716,,374502000.0,,1.405,港股主板
02335,,,,30,3.57,False,0.02,6.8793,280071100.0,22.64,5.86,243.3796,24.4,6340809704.0,,7510601524.0,,200.0,,-33.45,-0.26,,8496544.0,0.78,1782230400000.0,-1.255,446788.0,378400.0,1.9,6.9008,323.0,0.14,,102.75,麦科医药-B,-18.0397,,331740350.0,,21.86,港股主板
02496,-63.90428987714232,,5.9392,30,-30.88,False,0.005,,179479113.0,2.205,0.0,,-72.51,395751444.0,,427437486.0,,200.0,74.78430734168973,-86.55,0.0,,1320.0,-0.985,1695571200000.0,-0.1913,0.0,600.0,0.45,-6.3402,322.0,0.0,,0.0,友芝友生物-B,-11.5257,,193849200.0,,3.19,港股主板
01948,24.882340847520766,,0.1677,30,0.0,False,0.005,1.1424,600000000.0,3.55,0.0,,-14.43,2130000000.0,,2130000000.0,1.41,1000.0,10.146034182377264,-41.52,0.0,15.797951805719613,3550.0,0.0,1636300800000.0,0.3002,0.0,1000.0,0.23,1.146,322.0,0.0,,-4.48,优矩控股,11.8269,,600000000.0,,3.55,港股主板
09906,,,1.2457445132850897,30,0.0,False,0.01,,600000000.0,1.56,,7.440204128677377,-10.86,936000000.0,,936000000.0,,2000.0,1.868924562496866,-40.0,,-4.086786979565793,,0.0,1594569600000.0,0.0181,0.0,,,1.5382,321.0,,,15.24,宏力医疗管理,86.2471,,600000000.0,,1.56,港股主板
00375,39.74063999285811,,1.1325,30,-0.9,False,0.005,0.4557,165863792.0,1.1,3.15,5.8079,36.58,182450171.0,,182450171.0,9.09,1000.0,-9.616779845145738,,0.0,-9.048037297160139,177265.0,-0.01,570038400000.0,-0.2266,0.0,160000.0,2.99,0.4953,321.0,0.1,,,YGM 贸易,-4.8552,,165863792.0,,1.11,港股主板
01740,-52.56568877255998,,10.6577,30,-2.86,False,0.001,2.7173,1037500000.0,0.17,8.0,,78.95,176375000.0,,176375000.0,,5000.0,-24.009817792403716,-82.65,0.0,-45.75859755980354,240675.0,-0.005,1579104000000.0,-0.0167,0.0,1410000,3.82,2.7258,319.0,0.14,,40.0,新石文化,-10.1541,,1037500000.0,,0.175,港股主板
00396,-64.84557101762204,,3.4767,30,-7.92,False,0.001,6.181,808096025.0,0.244,9.81,23.5828,141.11,197175430.0,,197175430.0,6.15,2000.0,-7.96430589021986,72.32,0.0,-21.108988193913014,204358.0,-0.021,1245600000000.0,-0.0043,0.0,822000,2.82,6.181,319.0,0.1,,0.0,兴利(香港)控股,-57.0861,,808096025.0,,0.265,港股主板
08232,,,0.9805,30,2.5,False,0.005,5.2538,55750000.0,0.615,9.17,,-75.79,34286250.0,,34286250.0,,5000.0,,-98.71,0.0,,26175.0,0.015,1468166400000.0,-0.1259,0.0,40000,0.14,13.7585,319.0,0.07,,23.53,一木集团,-4.8862,,55750000.0,,0.6,港股GEM
00660,-3.7335775801083604,,0.2908046077337566,30,0.0,False,0.005,,384309785.0,0.43,,3.3156743178170145,128.72,165253208.0,,165253208.0,,20000.0,46.50273676698293,-58.69,6.17,-7.037469554812192,,0.0,728841600000.0,-0.018,0.0,,,-2.5917,319.0,,,,玮俊生物科技,-23.9463,,384309785.0,,0.43,港股主板
01001,8.85962649295271,,0.1079,30,1.41,False,0.005,0.2146,636508315.0,0.36,0.0,0.763,-6.74,229142993.0,,229142993.0,9.44,2000.0,9.891266774241465,41.62,0.0,-7.204477695562961,1440.0,0.005,761500800000.0,0.1679,0.0,4000.0,0.19,0.1974,318.0,0.0,,,沪港联合,2.144,,636508315.0,,0.355,港股主板
06838,,,0.7146,30,-1.15,False,0.005,0.2825,600000000.0,0.43,8.05,1.7156,59.26,258000000.0,,258000000.0,,2000.0,-9.94608081036993,-38.31,0.0,-31.413589354012018,268930.0,-0.005,1311091200000.0,-0.1551,0.0,652000,0.75,0.2825,318.0,0.11,,0.0,盈利时,-2.7729,,600000000.0,,0.435,港股主板
02130,-18.841959643272922,,0.29299826311455457,30,0.0,False,0.005,,300489000.0,3.1,,5.762833298276438,-7.14,931515900.0,,931515900.0,0.65,1000.0,4.6149987906936065,29.8,0.65,16.90267967563368,,0.0,1602691200000.0,0.086,0.0,,,1.6443,318.0,,,1.88,嘉泓物流,36.0285,,300489000.0,,3.1,港股主板
08436,-12.675328066592462,,0.6626450964262864,30,0.0,False,0.005,,400000000.0,0.29,,5.734058329214038,40.78,116000000.0,,116000000.0,,5000.0,3.2356250370107182,-58.57,0.0,-3.5611729683192483,,0.0,1509033600000.0,0.0205,0.0,,,0.4454,318.0,,,-10.14,德宝集团控股,14.1532,,400000000.0,,0.29,港股GEM
00674,,,0.2541,30,6.52,False,0.001,0.2958,3428466570.0,0.049,15.22,2.2945,-40.96,167994862.0,,167994862.0,,4000.0,-14.10599889908324,-99.4,0.0,0.521932462229513,4816.0,0.003,664732800000.0,-0.0225,0.0,112000,1.51,0.3212,318.0,0.0,,,中国唐商,-2.178,,3428466570.0,,0.046,港股主板
01553,-23.308958531123224,,0.358,30,0.0,False,0.005,0.4753,433800000.0,1.59,0.0,4.5416,5.3,689742000.0,,689742000.0,,2000.0,7.920464737006375,-37.77,0.0,-16.156079344773676,9540.0,0.0,1576598400000.0,0.2548,0.0,6000.0,0.73,0.4768,318.0,0.0,,-5.7,迈科管业,6.2405,,433800000.0,,1.59,港股主板
06898,7.293701047632806,,2.445769140838118,30,0.0,False,0.005,,941401000.0,0.7,,46.42016765285996,-3.55,658980700.0,,658980700.0,0.57,2000.0,9.089122640495056,-22.57,-3.45,9.02584611652102,,0.0,1373558400000.0,0.026,0.0,,,2.4256,318.0,,,0.0,中国铝罐,26.8818,,941401000.0,,0.7,港股主板
00380,-5.764530751594976,,0.25142300982716165,30,-1.6,False,0.001,,1332266000.0,0.123,,2.369654505227539,-20.13,163868718.0,,163868718.0,,4000.0,5.919074959727,-15.64,7.76,-2.693963090786722,,-0.002,977328000000.0,0.0389,0.0,,,0.1817,317.0,,,,中国管业,3.1607,,1332266000.0,,0.125,港股主板
08096,-7.084125645322215,,1.7562,30,-1.71,False,0.001,3.8808,481250000.0,0.115,3.42,27.0762,9.63,55343750.0,,55343750.0,,5000.0,-63.03745928338762,-97.53,0.0,-9.326547216151326,7020.0,-0.002,1552579200000.0,-0.0161,0.0,60000.0,0.26,1.4828,317.0,0.01,,-32.14,赏之味,-7.1494,,481250000.0,,0.117,港股GEM
08059,-7.689184948340133,,0.014808351014570903,30,0.0,False,0.001,,50530250.0,0.025,,0.073569157300099,-94.32,1263256.0,,1263256.0,,5000.0,27.661157463995323,-99.94,0.0,-4.947648754539413,,0.0,1408032000000.0,-0.206,0.0,,,-0.03,317.0,,,0.0,朝威控股,-0.1214,,50530250.0,,0.025,港股GEM
08067,,,1.797,30,0.0,False,0.005,0.0753,180000000.0,0.52,0.0,2.8965,48.57,93600000.0,,93600000.0,,1000.0,0.991024648376658,-78.6,0.0,-2.593143446403934,19760.0,0.0,1421337600000.0,0.0705,0.0,38000.0,0.61,0.0736,317.0,0.02,,0.0,东方大学城控股,7.3748,,180000000.0,,0.52,港股GEM
00224,-4.394029667881306,,3.1080890830007943,30,0.0,False,0.005,,1154038656.0,0.6,,5.430770149019608,14.94,692423194.0,,692423194.0,3.33,4000.0,0.71045107236821,,0.0,-2.232962766355706,,0.0,599414400000.0,0.0453,0.0,,,0.0936,317.0,,,,建生国际,13.2422,,1154038656.0,,0.6,港股主板
00244,1.1847559810611141,,3.799143499250874,30,0.0,False,0.005,,1313962560.0,0.33,,,1.54,433607645.0,,433607645.0,,1000.0,800.4869141813755,,0.0,-14.192104224895951,,0.0,599414400000.0,-0.045,0.0,,,-12.206,316.0,,,,先施,-7.3264,,1313962560.0,,0.33,港股主板
02663,-29.960504717859614,,0.5040553081157152,30,0.0,False,0.005,,556930000.0,0.355,,9.150282315916138,20.34,197710150.0,,197710150.0,,10000.0,4.904027004232379,,0.0,-11.635875043840048,,0.0,1444233600000.0,0.0229,0.0,,,0.763,316.0,,,,应力控股,15.4909,,556930000.0,,0.355,港股主板
06802,92.91267610798093,,12.7623,30,-6.49,False,0.1,27.0836,96573639.0,111.0,8.17,,88.62,10719673929.0,,10719673929.0,,100.0,,-33.93,-0.89,37.71321461396651,9744985.2,-7.7,1790697600000.0,0.2158,0.0,86008,0.08,9.9231,316.0,0.09,,265.68,欢创科技,514.3315,,96573639.0,,118.7,港股主板
02667,-3.317318533979219,,0.7605,30,-4.43,False,0.005,1.4813,218292524.0,2.05,4.2,20.3557,-62.73,447499674.0,,953992200.0,,500.0,,-56.93,-0.24,-3.8728124243759154,235790.0,-0.095,1783353600000.0,0.06,0.0,113000,1.7,0.7717,316.0,0.05,,-39.09,同仁堂医养,34.1464,,465362049.0,,2.145,港股主板
04333,,,,30,0.0,False,0.2,,5907136000.0,750.0,,,30.71,4430352000000.0,,4430352000000.0,,10.0,,,,,,0.0,959702400000.0,,0.0,,,,316.0,,,,思科-T,,,5907136000.0,,750.0,港股主板
08290,-67.67250214173214,,2.1632,30,0.0,False,0.001,1.3515,2000000000.0,0.037,0.0,71.5667,60.87,74000000.0,,74000000.0,,10000.0,0.47105897330968943,-98.75,0.0,-8.278152880854627,1110.0,0.0,1444233600000.0,0.0001,0.0,30000.0,0.07,1.3515,315.0,0.0,,0.0,亚势备份,285.7143,,2000000000.0,,0.037,港股GEM
01447,6.419241437078305,,0.0454,30,0.0,False,0.005,0.5597,400000000.0,0.53,1.89,,20.98,212000000.0,,212000000.0,3.77,2000.0,6.341911145315135,17.75,0.0,6.94491034804503,262120.0,0.0,1449676800000.0,0.0588,0.0,504000.0,1.0,0.5597,314.0,0.13,,0.0,新福港,9.0109,,400000000.0,,0.53,港股主板
08176,-37.304721552118004,,0.7014,30,-8.57,False,0.001,,715500728.0,0.032,14.29,,-60.0,22896023.0,,22896023.0,,5000.0,11.696839599045104,-99.99,3.23,46.14722535517566,156435.0,-0.003,1014048000000.0,-0.0129,0.0,4880000,1.01,-0.2841,314.0,0.68,,0.0,超人智能,-2.479,,715500728.0,,0.035,港股GEM
08428,-23.56402545599867,,1.70634727264578,30,0.0,False,0.01,,111971512.0,0.68,,44.16509744779582,0.0,76140628.0,,76140628.0,,10000.0,110.07485444968117,-97.13,,14.099314314819233,,0.0,1487088000000.0,-0.0886,306800.0,,,-6.2631,314.0,,,20.0,汉诺佳池,-7.6708,,111971512.0,,0.68,港股GEM
01936,7.084859994845005,,4.5039,30,3.38,False,0.005,3.9818,466762000.0,2.445,18.82,13.9214,230.41,1141233090.0,,1141233090.0,,2000.0,8.225643640422652,39.72,2.3,4.645946194409389,7978400.0,0.08,1589299200000.0,0.0498,0.0,3330000,0.97,3.9374,314.0,0.71,,176.0,利特米,49.1173,,466762000.0,,2.365,港股主板
08118,-60.323865835056864,,2.3296,30,-3.06,False,0.001,3.402,600000000.0,0.095,2.04,26.3158,-23.39,57000000.0,,57000000.0,,8000.0,-32.99093655589124,-78.89,0.0,-29.745222398837424,181560.0,-0.003,1510761600000.0,-0.0073,-115744.0,1912000.0,16.84,5.4239,313.0,0.32,,100.0,中资国际控股,-13.0495,,600000000.0,,0.098,港股GEM
02290,,,0.7011,30,7.36,False,0.005,24.923,500000000.0,4.595,7.59,1.3555,-11.29,2297500000.0,,2297500000.0,,500.0,594.6961325966851,6.37,0.0,44.15341035559186,14075785.0,0.315,1780588800000.0,0.5382,1722850.0,3123500,1.63,3.3123,313.0,0.62,,-45.75,龙丰集团,8.5377,,500000000.0,,4.28,港股主板
01663,,,0.2765567343784091,30,-1.79,False,0.001,,2464000000.0,0.055,,,-11.29,135520000.0,,135520000.0,,2000.0,-7.4892482845145745,-84.81,0.0,20.385106556981846,,-0.001,1311264000000.0,-0.0583,0.0,,,0.0735,313.0,,,0.0,汉港控股,-0.9426,,2464000000.0,,0.056,港股主板
08245,-34.21937057053251,,1.8652,30,-5.0,False,0.001,30.9198,347441272.0,0.152,5.63,,85.37,52811073.0,,52811073.0,,20000.0,176.9949166568152,-99.36,4.11,-24.730749734179803,105040.0,-0.008,1443542400000.0,-0.0215,0.0,700000,0.16,36.2464,312.0,0.2,,0.0,烽翼集团,-7.0546,,347441272.0,,0.16,港股GEM
01949,,,1.1968,30,6.78,False,0.005,1.876,230400000.0,0.63,15.25,,-13.7,145152000.0,,145152000.0,,4000.0,-20.15276407205111,-91.3,-7.35,55.71942192010455,55600.0,0.04,1563206400000.0,-0.0713,0.0,92000,0.88,1.614,312.0,0.04,,24.0,佰达国际控股,-8.8389,,230400000.0,,0.59,港股主板
01376,200.40846918834455,,0.24948134686103873,30,0.0,False,0.001,,1000000000.0,0.096,,29.143897996357012,-26.72,96000000.0,,96000000.0,,8000.0,-8.660097313652534,-87.03,,6.449924995871048,,0.0,1588780800000.0,-0.0045,0.0,,,1.3314,312.0,,,26.0,RAFFLESINTERIOR,-21.3307,,1000000000.0,,0.096,港股主板
08117,16.04053809818444,,0.3101,30,-3.03,False,0.001,0.3238,1023987439.0,0.064,0.0,3.1195,-24.71,65535196.0,,65535196.0,,10000.0,-12.960482330183943,-97.41,0.0,4.891764160176404,25600.0,-0.002,1008172800000.0,-0.0266,0.0,400000.0,0.99,0.3238,312.0,0.04,,,中国基础能源,-2.4062,,1023987439.0,,0.066,港股GEM
82333,-18.24602167492496,,0.1909177135071265,30,-3.04,False,0.005,,2296439000.0,5.91,,1.2161886455966702,-56.83,13571954490.0,,50565172487.0,6.97,500.0,6.974784301607976,-27.62,-0.08,12.464939701168554,,-0.185,1687104000000.0,0.8048,0.0,,,0.5786,311.0,,6.91,-0.75,长城汽车-R,7.3433,02333,8555866749.0,,6.095,港股主板
08367,-5.932490542027635,,0.2629378348057776,30,0.0,False,0.001,,96649984.0,0.194,,14.013525411061286,-46.85,18750097.0,,18750097.0,,10000.0,-870.9254242121775,-97.84,-2.51,1.2496860970850232,,0.0,1519574400000.0,-0.316,0.0,,,-2.2213,311.0,,,0.0,倩碧控股,-0.614,,96649984.0,,0.194,港股GEM
09958,,,1.5746,30,1.48,False,0.001,,500000000.0,0.137,5.93,3.6361,15.22,68500000.0,,68500000.0,,1000.0,,-92.56,0.0,,77027.0,0.002,1592755200000.0,-0.1157,0.0,559000.0,1.64,-0.1094,311.0,0.11,,-37.89,力天影业,-1.1837,,500000000.0,,0.135,港股主板
01796,-11.298269639603264,,0.7836,30,-3.23,False,0.005,1.9776,480000000.0,0.3,9.68,25.0478,-89.44,144000000.0,,144000000.0,,2000.0,-18.594525143652522,-61.87,3.45,-3.713846630125739,259190.0,-0.01,1546185600000.0,-0.0271,0.0,862000.0,1.02,2.2665,311.0,0.18,,-6.67,中国数智科技,-11.0557,,480000000.0,,0.31,港股主板
08206,,,1.9796770089040343,30,0.0,False,0.001,,1895697017.0,0.038,,3.6464939002784105,0.0,72036487.0,,72036487.0,,1000.0,-10.583573655951795,-87.54,,32.41725711547563,,0.0,1037289600000.0,0.0036,-13638.0,,,-1.2113,310.0,,,0.0,神通机器人教育,10.639,,1895697017.0,,0.038,港股GEM
01957,,,0.444,30,-1.89,False,0.005,0.3788,628000000.0,0.26,0.0,8.3721,9.7,163280000.0,,163280000.0,,2500.0,0.35787790495855737,-40.23,0.0,-4.416168223545547,1950.0,-0.005,1594137600000.0,0.0033,0.0,7500.0,0.04,0.3788,310.0,0.0,,-56.88,大人国际,79.6151,,628000000.0,,0.265,港股主板
02436,,,2.2913,30,0.87,False,0.01,7.5195,342498000.0,17.45,3.82,48.8881,283.52,5976590100.0,,5976590100.0,,300.0,4.02335784679837,120.89,0.23,8.96990291132662,11124168.0,0.15,1669219200000.0,0.097,1245330.0,636600,0.94,7.2272,309.0,0.19,,2.63,凌雄科技,179.879,,342498000.0,,17.3,港股主板
08401,2.786246559515071,,0.9034,30,0.0,False,0.001,0.7228,813210607.0,0.034,0.0,,-66.67,27649161.0,,27649161.0,,2000.0,-127.38295964125561,-96.38,0.0,63.12703538732642,680.0,0.0,1522166400000.0,-0.0218,0.0,20000.0,0.01,1.0655,309.0,0.0,,-15.24,华夏水务集团,-1.5573,,813210607.0,,0.034,港股GEM
08222,,,0.4213133766328541,30,0.0,False,0.001,,451035713.0,0.064,,2.444845091894639,106.45,28866286.0,,28866286.0,,4000.0,57.756563245823386,-98.17,0.0,-4.606227910543814,,0.0,1411920000000.0,0.0072,0.0,,,3.9597,309.0,,,0.0,壹照明,8.8357,,451035713.0,,0.064,港股GEM
08437,,,0.5915069345413166,30,0.0,False,0.001,,66600000.0,0.25,,27.205882352941178,-24.24,16650000.0,,16650000.0,,8000.0,29.7867333431387,-97.77,,-30.371685708666508,,0.0,1507824000000.0,-0.4375,0.0,,,-0.1443,308.0,,,41.67,德斯控股,-0.5714,,66600000.0,,0.25,港股GEM
02250,50.94972534096374,,1.9247,30,0.0,False,0.005,3.3153,1008355000.0,0.31,0.0,,-67.37,312590050.0,,312590050.0,,1000.0,-69.73876441062879,-87.5,0.0,5.3154256113640885,315.0,0.0,1642348800000.0,-0.0956,0.0,1000.0,0.01,3.3153,308.0,0.0,,16.59,小黄鸭德盈,-3.2418,,1008355000.0,,0.31,港股主板
08373,53.24509362821275,,0.0763,30,-1.11,False,0.005,0.3289,52250000.0,0.89,0.56,0.8461,36.92,46502500.0,,46502500.0,,5000.0,17.50261841033399,-86.31,1.14,40.832468411040466,74900.0,-0.01,1510761600000.0,0.4314,0.0,85000,1.38,0.3261,308.0,0.16,,46.67,靛蓝星,2.0629,,52250000.0,,0.9,港股GEM
02505,-27.406776814562704,,0.1284,30,0.0,False,0.005,0.5591,463315750.0,0.67,2.99,1.5532,-53.15,310421553.0,,310421553.0,,1000.0,-13.781142304113994,-77.46,3.08,23.365605712860283,3920.0,0.0,1716825600000.0,-0.18,0.0,6000.0,0.14,0.5609,307.0,0.0,,84.21,EDA集团控股,-3.7218,,463315750.0,,0.67,港股主板
08268,26.773621708247152,,0.1086,30,16.79,False,0.001,0.4316,288000000.0,0.153,32.82,,-61.75,44064000.0,,44064000.0,,8000.0,-22.266922253479052,-92.25,6.25,7.819969846813346,1521440.0,0.022,1420646400000.0,-0.0776,0.0,9552000,3.08,0.4938,307.0,3.32,,0.0,智城发展控股,-1.9706,,288000000.0,,0.131,港股GEM
09929,,,33.8951,30,1.07,False,0.005,19.1109,2000000000.0,1.415,3.93,,148.25,2830000000.0,,2830000000.0,,10000.0,-40.130437069373585,328.79,1.07,-22.768841805375395,1383850.0,0.015,1581609600000.0,-0.0362,-420000.0,980000.0,2.17,19.1109,307.0,0.05,,2.0,澳达控股,-39.0426,,2000000000.0,,1.4,港股主板
01855,,,0.0768,30,-0.67,False,0.001,0.1558,825000000.0,0.148,8.72,0.1699,-87.97,122100000.0,,122100000.0,,2000.0,-3.297057772449082,-77.63,0.0,-21.974582247417864,19332.0,-0.001,1609862400000.0,-0.0309,0.0,130000.0,1.54,0.1562,307.0,0.02,,2.5,中庆股份,-4.7961,,825000000.0,,0.149,港股主板
01172,,,1.1342575093895249,30,0.0,False,0.001,,5779196660.0,0.022,,,-12.0,127142327.0,,127142327.0,,20000.0,66.38479487844279,-96.81,0.0,-35.45332589001262,,0.0,834508800000.0,0.0086,0.0,,,1.356,307.0,,,,融太集团,2.5465,,5779196660.0,,0.022,港股主板
08282,,,0.2785902140435535,30,0.0,False,0.005,,57000000.0,0.63,,,1.61,35910000.0,,35910000.0,,12000.0,13.123789661850141,-97.63,0.0,17.610017491467445,,0.0,1452614400000.0,0.0773,0.0,,,0.8817,306.0,,,0.0,智傲控股,8.1521,,57000000.0,,0.63,港股GEM
06133,-14.236499230401057,,,30,0.0,False,0.005,,850000000.0,0.27,,6.6463944396177235,54.29,229500000.0,,229500000.0,,1000.0,-3.3308197364906684,-85.97,,,,0.0,1435248000000.0,-0.0208,0.0,,,0.4349,306.0,,,0.0,维太创科,-12.9697,,850000000.0,,0.27,港股主板
08516,-39.46933385905535,,1.2462,30,-3.75,False,0.005,15.0126,57548400.0,1.41,21.16,,58.43,81143244.0,,81143244.0,,5000.0,-33.737897938115566,-95.47,10.16,30.303753013336365,68555.0,-0.055,1539532800000.0,-0.1051,0.0,49500.0,1.15,2.8432,305.0,0.09,,87.5,中盈国际,-13.421,,57548400.0,,1.465,港股GEM
00684,-15.253767227836034,,0.2616323711167438,30,0.0,False,0.005,,333054520.0,0.45,,,-16.67,149874534.0,,149874534.0,,2000.0,-5.355579236495306,173.89,0.0,11.492532332540573,,0.0,721324800000.0,-0.1134,0.0,,,0.2162,304.0,,,,亚伦国际,-3.9683,,333054520.0,,0.45,港股主板
01547,69.19956550890699,,0.2968,30,-7.17,False,0.001,1.0041,800000000.0,0.22,0.0,4.613,14.82,176000000.0,,176000000.0,2.27,8000.0,7.733492986657543,-34.05,0.0,24.43106690792729,15168.0,-0.017,1476374400000.0,0.017,0.0,64000,0.67,0.9655,304.0,0.01,,-20.91,IBI GROUP HLDGS,12.9765,,800000000.0,,0.237,港股主板
01782,11.779631221446852,,16.5295,30,0.0,False,0.005,7.7575,800000000.0,2.185,,,-40.95,1748000000.0,,1748000000.0,,5000.0,-34.65022098425642,,0.0,-14.167354551976363,11250.0,0.0,1481731200000.0,-0.09,0.0,5000.0,0.42,7.7818,304.0,0.0,,,国际商业数字技术,-24.2662,,800000000.0,,2.185,港股主板
01543,-58.99705111710618,,1.0974949052249,30,0.0,False,0.001,,554363334.0,0.189,,,-39.03,104774670.0,,294989818.0,,2000.0,-0.2514191480684673,-76.51,0.0,-16.100965740453432,,0.0,1450800000000.0,-0.0032,0.0,,,0.1267,304.0,,,0.0,中盈盛达融资担保,-58.1692,,1560792687.0,,0.189,港股主板
01870,,,0.8914,30,7.36,False,0.001,1.4991,1017170000.0,0.175,11.04,270.5239,-64.6,178004750.0,,178004750.0,,2500.0,-33.82413780875568,-82.36,0.0,10.7719140384813,153244.3,0.012,1573142400000.0,-0.0422,0.0,870600,0.57,1.4991,303.0,0.09,,46.39,绿色电能集团,-4.1471,,1017170000.0,,0.163,港股主板
01741,95.21286527799529,,0.8025525630129161,30,-0.69,False,0.001,,800000000.0,0.144,,4.466328073508317,-14.79,115200000.0,,115200000.0,,4000.0,-59.154929577464785,-76.39,0.0,-15.433243682419096,,-0.001,1539619200000.0,-0.0158,0.0,,,7.6418,303.0,,,0.8,成志控股,-9.0974,,800000000.0,,0.145,港股主板
08430,34.699593499731996,,0.1191,30,-1.47,False,0.001,0.2036,166835200.0,0.067,4.41,,-40.71,11177958.0,,11177958.0,,10000.0,-37.427269857020434,-99.24,0.0,-15.008776669571876,37280.0,-0.001,1508256000000.0,-0.1503,0.0,550000,3.19,0.2037,302.0,0.33,,-9.18,春能控股,-0.4458,,166835200.0,,0.068,港股GEM
01955,-59.403378525579775,,0.0992,30,3.88,False,0.005,0.5487,500000000.0,0.67,4.65,6.3337,10.05,335000000.0,,335000000.0,0.15,2000.0,0.3371298931459876,-49.43,0.0,13.99253465699546,6140130.0,0.025,1571155200000.0,0.0041,5971680.0,9300000.0,115.97,0.5538,301.0,1.86,,23.0,庄臣控股,163.8943,,500000000.0,,0.645,港股主板
00105,-33.10274948894135,,6.2145529973606415,30,0.0,False,0.005,,360000000.0,5.01,,13.552037389076318,2.77,1803600000.0,,1803600000.0,6.59,2000.0,-6.92446522898293,,0.0,-1.0195492206714563,,0.0,498931200000.0,-1.3179,0.0,,,0.2752,301.0,,,,凯联国际酒店,-3.8016,,360000000.0,,5.01,港股主板
01629,,,0.7894407047390282,30,0.0,False,0.001,,546092537.0,0.2,,10.153249697871154,41.84,109218507.0,,109218507.0,,4000.0,-10.905673274094326,-73.33,0.0,-24.18483794246804,,0.0,1480003200000.0,-0.0529,0.0,,,0.4274,300.0,,,1.33,冠均国际控股,-3.7812,,546092537.0,,0.2,港股主板
01389,-51.844993643749525,,5.463378878338166,30,0.0,False,0.005,,554333332.0,0.52,,,33.33,288253333.0,,288253333.0,,12000.0,-1.7048878665899942,,0.0,-10.841438972592321,,0.0,1389283200000.0,-0.0033,0.0,,,2.6749,300.0,,,,美捷汇控股,-155.5604,,554333332.0,,0.52,港股主板
08320,,,1.1584,30,-4.88,False,0.001,0.8777,733190000.0,0.078,0.0,40.7984,-29.09,57188820.0,,57188820.0,,20000.0,1.6959176619685854,-98.41,0.0,2.039793688621927,15600.0,-0.004,1476633600000.0,0.0015,0.0,200000,0.29,0.8708,299.0,0.03,,-45.12,沛然环保,51.8015,,733190000.0,,0.082,港股GEM
01486,-31.365883490968493,,0.5009669556044063,30,0.0,False,0.005,,432391170.0,0.38,,10.390731992664264,-40.63,164308645.0,,164308645.0,,10000.0,-8.379888268156424,,,-19.003805916961813,,0.0,1387468800000.0,-0.087,0.0,,,0.3785,299.0,,,,思城控股,-4.3693,,432391170.0,,0.38,港股主板
08619,,,0.3727,30,1.52,False,0.001,0.1372,433635000.0,0.067,1.52,7.2435,-33.93,29053545.0,,29053545.0,,10000.0,-107.31562167906483,-97.3,0.0,-3.561298197891005,22350.0,0.001,1537113600000.0,-0.3202,0.0,330000.0,0.51,0.3146,299.0,0.08,,245.0,NIU HOLDINGS,-0.2092,,433635000.0,,0.066,港股GEM
08645,,,0.6798,30,11.9,False,0.001,1.4754,756504000.0,0.141,13.49,28.6971,-77.62,106667064.0,,106667064.0,,6000.0,-30.809821390267274,-65.19,0.0,6.002955652216757,46914.0,0.015,1575820800000.0,-0.0285,0.0,342000,0.17,1.7513,298.0,0.05,,-30.0,比特元宇宙,-4.9509,,756504000.0,,0.126,港股GEM
01348,-29.794701884510623,,8.137,30,-11.98,False,0.001,7.8934,1474232000.0,0.147,6.59,,13.08,216712104.0,,216712104.0,,2000.0,-97.27702085479389,-68.74,0.68,-54.60359491972846,245216.0,-0.02,1358870400000.0,-0.017,-600.0,1640000,3.11,16.4014,298.0,0.11,,0.0,滉达富控股,-8.6598,,1474232000.0,,0.167,港股主板
08249,-37.23283033176694,,1.6971165227880871,30,0.0,False,0.001,,130000000.0,0.13,,4.993853718500307,8.33,16900000.0,,65000000.0,,5000.0,2.0536361439961346,-72.03,0.0,29.257395605288018,,0.0,1068739200000.0,-0.0025,0.0,,,-1.0542,298.0,,,0.0,瑞远智控,-51.6719,,500000000.0,,0.13,港股GEM
08106,34.221243000875525,,0.4832,30,-3.7,False,0.001,1.8742,314400000.0,0.26,0.0,,-16.13,81744000.0,,145293504.0,,5000.0,9.765444679609452,-76.22,0.0,43.653351098197476,16900.0,-0.01,1020355200000.0,0.0115,0.0,65000.0,0.61,1.8801,297.0,0.02,,0.0,芯化兰德,22.5971,,558821170.0,,0.27,港股GEM
08186,,,4.0698,30,-5.26,False,0.005,4.2301,113868640.0,0.9,2.63,100.5709,-39.19,102481776.0,,102481776.0,,5000.0,7.801007826739573,-99.78,0.0,-20.982337495325865,9225.3,-0.05,1009728000000.0,0.016,0.0,10118.0,0.31,4.2301,296.0,0.01,,,浩盟控股,56.3396,,113868640.0,,0.95,港股GEM
06939,,,3.8226,30,-0.45,False,0.005,2.4431,622500000.0,1.105,8.11,,49.32,687862500.0,,687862500.0,,2000.0,-29.95678157404045,-11.63,3.76,-2.319012109432006,590760.0,-0.005,1617120000000.0,-0.158,99070.0,544000.0,2.4,1.9956,296.0,0.09,,6.35,美佳音控股,-6.9931,,622500000.0,,1.11,港股主板
08331,74.40544916657758,,0.6069834546173107,30,0.0,False,0.001,,159114400.0,0.2,,,-28.57,31822880.0,,31822880.0,,10000.0,-13.22432312957722,-97.8,0.0,-20.604443436714526,,0.0,1451318400000.0,-0.1035,0.0,,,0.262,295.0,,,0.0,倍搏集团,-1.9324,,159114400.0,,0.2,港股GEM
03928,,,45.9242,30,-1.41,False,0.02,49.7112,496000000.0,26.48,4.32,,175.55,13134080000.0,,13134080000.0,,500.0,-19.313896549783305,1876.12,1.15,-17.52994270997362,12788450.0,-0.38,1568822400000.0,-0.0838,0.0,487000,1.53,49.7836,295.0,0.1,,14.02,中国新零售供应链,-316.1061,,496000000.0,,26.86,港股主板
08031,,,1.1415,30,-8.8,False,0.001,1.2945,354745000.0,0.228,9.6,,-27.62,80881860.0,,80881860.0,,2000.0,-26.650949109024406,-68.1,0.0,-6.148558997130138,53648.0,-0.022,1326038400000.0,-0.0465,0.0,226000,3.96,1.2945,295.0,0.06,,0.0,易通讯集团,-4.9007,,354745000.0,,0.25,港股GEM
02215,,,0.2032,30,-4.26,False,0.001,0.4419,917881000.0,0.225,6.38,7.4864,-22.41,206523225.0,,206523225.0,,1000.0,-39.79115490089237,-92.48,0.0,-2.2591537855102484,76913.0,-0.01,1626278400000.0,-0.268,-52875.0,327000.0,3.62,0.4433,295.0,0.04,,0.0,德信服务集团,-0.8394,,917881000.0,,0.235,港股主板
04336,,,,30,0.0,False,0.5,,1341660000.0,1620.0,,,0.0,2173489200000.0,,2173489200000.0,,10.0,,,,,,0.0,959702400000.0,,0.0,,,,294.0,,,,应用材料-T,,,1341660000.0,,1620.0,港股主板
08188,0.043931148226628025,,0.5261,30,-0.46,False,0.005,2.2585,476688000.0,1.085,2.29,,12.17,517206480.0,,517206480.0,7.37,4000.0,33.15817714211705,-46.47,-0.46,23.367530288457374,543820.0,-0.005,1487692800000.0,0.1504,0.0,496000.0,0.93,2.2585,294.0,0.1,,542.59,骏杰集团控股,7.2151,,476688000.0,,1.09,港股GEM
01010,,,0.491,30,-11.11,False,0.001,,444294170.0,0.04,44.44,,-57.45,17771767.0,,17771767.0,,2000.0,,-97.16,-18.37,,28128.0,-0.005,761500800000.0,-0.148,0.0,686000,1.4,-0.0972,293.0,0.15,,,天玺曜11,-0.2704,,444294170.0,,0.045,港股主板
02361,-53.88967542990984,,3.625,30,-3.79,False,0.005,2.1145,451770000.0,3.94,0.24,26.9801,-26.65,1779973800.0,,1779973800.0,1.8,500.0,10.09882672023113,-8.1,0.0,4.919448623315592,5917.5,-0.155,1657555200000.0,0.177,0.0,1500.0,0.76,2.1211,293.0,0.0,,0.0,中康科技控股,22.2624,,451770000.0,,4.095,港股主板
00118,,,0.0744,30,0.54,False,0.001,0.1236,861930692.0,0.186,0.54,3.5427,-25.6,160319109.0,,160319109.0,,2000.0,1.2178561538930877,,0.0,1.1045456545685894,7810.0,0.001,597859200000.0,0.0181,0.0,42000.0,0.1,0.1236,292.0,0.0,,,大同机械,10.2973,,861930692.0,,0.185,港股主板
01853,-12.489996471799468,,0.28524199450004484,30,0.0,False,0.005,,116700000.0,1.21,,11.569493956156526,-22.95,141207000.0,,564707000.0,2.89,2500.0,6.908976568487807,-15.73,0.0,1.0025291981805795,,0.0,1571846400000.0,0.2065,0.0,,,0.412,292.0,,,-6.38,春城热力,5.859,,466700000.0,,1.21,港股主板
08422,-79.39446163243402,,0.5057501306847882,30,0.0,False,0.001,,360000000.0,0.086,,,14.67,30960000.0,,30960000.0,,10000.0,-0.5952468221736772,-94.88,0.0,17.829415061927257,,0.0,1514390400000.0,-0.0006,0.0,,,0.5338,292.0,,,19.15,WT集团,-152.5123,,360000000.0,,0.086,港股GEM
02017,-39.821246616702425,,0.5209,30,-10.63,False,0.005,0.3758,618502000.0,0.715,11.25,55.6431,210.87,442228930.0,,442228930.0,,2000.0,0.5387005951288675,-69.31,0.0,-31.65378558895756,881630.0,-0.085,1490889600000.0,0.0108,0.0,1194000,1.45,0.377,291.0,0.19,,-6.87,沧海控股,65.9506,,618502000.0,,0.8,港股主板
08646,-4.289295379261981,,0.7683,30,0.0,False,0.005,0.4204,782990000.0,0.3,6.67,13.3349,64.84,234897000.0,,234897000.0,,3000.0,10.294949494949494,-68.42,0.0,15.422362676176181,677505.0,0.0,1578844800000.0,0.064,0.0,2304000.0,1.22,0.4217,291.0,0.29,,2.6,中国宏光,4.6878,,782990000.0,,0.3,港股GEM
08606,,,0.1795758904109589,30,0.0,False,0.001,,1445849998.0,0.051,,2.279110774556469,-21.54,73738350.0,,73738350.0,,10000.0,4.149230486778047,-88.63,0.0,11.205087398238355,,0.0,1531670400000.0,0.0023,0.0,,,0.9156,290.0,,,133.33,倢冠控股,22.5018,,1445849998.0,,0.051,港股GEM
01429,,,0.7704,30,0.0,False,0.001,1.4771,1920000000.0,0.194,5.15,,100.0,372480000.0,,372480000.0,,8000.0,-75.6288394543887,-78.44,3.74,-7.594674901021525,377864.0,0.0,1601308800000.0,-0.0729,0.0,1992000.0,1.11,2.4938,290.0,0.1,,185.71,天任集团,-2.6622,,1920000000.0,,0.194,港股主板
06132,,,175.0295,30,-2.55,False,0.02,1.9706,73599605.0,37.38,6.15,,-54.3,2751153235.0,,2751153235.0,,100.0,,-54.3,0.59,,2628886.3,-0.98,1782144000000.0,-2.4085,0.0,70600.0,1.27,1.9768,290.0,0.1,,-56.89,华健未来-B,-15.5201,,73599605.0,,38.36,港股主板
02539,4.033599264046139,,0.4456,30,0.18,False,0.005,0.7912,23226020.0,8.395,2.98,1.6694,-76.93,194982438.0,,466389262.0,7.05,100.0,,-86.56,0.0,16.49229558308136,70751.0,0.015,1764691200000.0,1.8521,0.0,8400.0,1.7,0.7937,289.0,0.04,,36.25,乐摩科技,4.5326,,55555600.0,,8.38,港股主板
00352,,,3.895918999613191,30,0.0,False,0.005,,246183390.0,0.36,,,0.0,88626020.0,,88626020.0,,2000.0,124.14914258744558,-63.1,,19.670264908187352,,0.0,1152028800000.0,0.0535,,,,5.2099,289.0,,,0.0,富阳,6.7264,,246183390.0,,0.36,港股主板
01483,,,5.0248,30,-2.9,False,0.005,8.5287,819450000.0,1.17,6.22,6.1812,4.46,958756500.0,,958756500.0,,2000.0,-62.266754073636086,,0.0,-9.449695985462547,383700.0,-0.035,1386604800000.0,-0.1773,0.0,332000,0.86,7.9872,288.0,0.04,,,网誉科技,-6.5973,,819450000.0,,1.205,港股主板
00768,,,14.7098,30,-2.22,False,0.001,0.5573,1271732200.0,0.044,6.67,,7.32,55956217.0,,55956217.0,,2000.0,9.66358602761317,-96.33,7.32,-9.382438724427367,580.0,-0.001,948124800000.0,0.0074,0.0,14000,0.03,0.5463,288.0,0.0,,0.0,开明投资,5.9263,,1271732200.0,,0.045,港股主板
06727,-12.435240225962518,,8.5292,30,3.65,False,0.02,5.2354,14010800.0,33.54,9.95,,-31.55,469922232.0,,4532820855.0,,100.0,,-31.55,-0.42,1.3074002198781187,21611916.0,1.18,1789920000000.0,-1.8253,-115452.0,630700.0,3.15,2.921,287.0,4.5,,-9.18,星环科技,-18.3754,,135146716.0,,32.36,港股主板
08370,-37.76072041480055,,15.3657,30,1.35,False,0.005,40.8682,186388529.0,7.5,1.35,,47.93,1397913968.0,,1397913968.0,,800.0,-50.4678331659354,-78.57,0.0,-10.779343196941982,417140.0,0.1,1484841600000.0,-0.1184,0.0,56000.0,1.89,8.421,287.0,0.03,,706.45,智昇集团控股,-63.3488,,186388529.0,,7.4,港股GEM
01408,,,3.7566,30,-4.4,False,0.005,1.1038,500000000.0,0.435,8.79,14.0896,82.08,217500000.0,,217500000.0,0.46,2000.0,0.6127076452900873,-74.03,1.16,-29.911801447614938,178740.0,-0.02,1599753600000.0,0.0024,0.0,408000,0.77,1.1039,287.0,0.08,,186.0,濠江机电,180.243,,500000000.0,,0.455,港股主板
00804,,,42.4384,30,1.25,False,0.01,5.6156,68800013.0,16.2,4.37,,320.78,1114560211.0,,1114560211.0,,5000.0,-6.236185301160434,,1.19,3.198496859066058,2130125.0,0.2,1434038400000.0,-0.1575,0.0,132500.0,0.58,4.6505,287.0,0.19,,,鼎石资本,-102.8762,,68800013.0,,16.0,港股主板
09938,,,0.5796,30,-2.06,False,0.001,1.1165,1000000000.0,0.238,,10.0937,61.9,238000000.0,,238000000.0,,5000.0,-2.4511466418119845,-49.36,0.0,25.374898801076707,10610.0,-0.005,1579190400000.0,-0.005,0.0,45000.0,0.45,1.1754,286.0,0.0,,60.0,华和控股,-47.382,,1000000000.0,,0.243,港股主板
80992,,,0.5769,30,-8.24,False,0.02,7.4911,12414766938.0,27.6,5.59,16.5111,232.53,342647567489.0,,342647567489.0,1.53,2000.0,4.185662814403024,265.01,-0.07,16.85203963237676,2403960.0,-2.48,1687104000000.0,0.5033,0.0,86000,3.26,7.6756,286.0,0.0,32.32,-0.72,联想集团-R,54.8371,00992,12414766938.0,,30.08,港股主板
08107,-5.333505616135692,,4.6678,30,1.27,False,0.001,,1373145000.0,0.08,3.8,,-76.47,109851600.0,,109851600.0,,5000.0,179.87214884461358,-50.46,0.0,-33.05703687083593,8920.0,0.001,1525363200000.0,-0.0263,0.0,115000.0,0.46,-2.8612,286.0,0.01,,77.78,细叶榕科技,-3.0382,,1373145000.0,,0.079,港股GEM
02569,1.1563233123414118,,1.2788,30,-0.67,False,0.005,2.4004,1000000000.0,1.485,2.01,,51.53,1485000000.0,,1485000000.0,,5000.0,11.569101850034471,203.06,0.0,20.039136505665155,787825.0,-0.01,1743004800000.0,0.0672,0.0,530000.0,1.14,2.4079,286.0,0.05,,31.37,舒宝国际,22.0876,,1000000000.0,,1.495,港股主板
06162,-3.5440925559750203,,0.1818,30,-5.71,False,0.001,0.2336,2400000000.0,0.033,11.43,,-84.86,79200000.0,,79200000.0,,8000.0,1.8750806049153579,-84.07,0.0,20.01894168301792,255744.0,-0.002,1547481600000.0,0.0024,0.0,7576000.0,0.63,0.2343,285.0,0.32,,-0.8,天瑞汽车内饰,14.016,,2400000000.0,,0.035,港股主板
01849,,,0.2609231606497064,30,0.0,False,0.001,,800000000.0,0.05,,,0.0,40000000.0,,40000000.0,,5000.0,-1269.3425905836407,-90.0,,-11.42048607015872,,0.0,1561478400000.0,-0.0184,0.0,,,2.7327,285.0,,,-24.62,秀商时代控股,-2.7187,,800000000.0,,0.05,港股主板
08300,-41.09917460366489,,4.4078,30,0.0,False,0.001,,2643360000.0,0.037,0.0,,-36.21,97804320.0,,97804320.0,,20000.0,29.84499983404693,-96.48,0.0,-9.305812891419674,2220.0,0.0,1470585600000.0,-0.0017,0.0,60000.0,0.05,-5.7092,285.0,0.0,,80.95,今米房集团,-21.7536,,2643360000.0,,0.037,港股GEM
00248,25.129873193511433,,0.8863,30,0.0,False,0.001,0.2404,233499610.0,0.215,,2.4738,-41.77,50202416.0,,50202416.0,,10000.0,-18.40818952685508,,0.0,-30.608700831322366,225.896,0.0,1005235200000.0,-0.1642,0.0,1208.0,0.01,0.2521,284.0,0.0,,,香港通讯国际控股,-1.3095,,233499610.0,,0.215,港股主板
00213,-5.4625659967782125,,0.0811,30,0.0,False,0.005,0.1252,912070962.0,0.36,0.0,0.1316,6.67,328345546.0,,328345546.0,3.33,2000.0,1.577302129567978,,-2.7,100.63011941702112,740.0,0.0,476294400000.0,0.0453,0.0,2000.0,0.01,0.1237,283.0,0.0,,,乐声电子,7.9522,,912070962.0,,0.36,港股主板
08036,60.06200543763758,,2.4134,30,-1.96,False,0.001,1.098,1230000000.0,0.05,1.96,,78.57,61500000.0,,61500000.0,,10000.0,-12.157637305348105,-85.71,0.0,-13.886881725174227,8410.0,-0.001,1550505600000.0,-0.0058,0.0,170000.0,0.59,1.098,283.0,0.01,,0.0,电子交易集团,-8.5762,,1230000000.0,,0.051,港股GEM
02078,,,0.6254506693419444,30,0.0,False,0.001,,1200000000.0,0.133,,,0.76,159600000.0,,159600000.0,,1000.0,-12.738059397005316,-96.4,0.0,-41.76196676854783,,0.0,1359993600000.0,-0.0725,0.0,,,0.2432,282.0,,,0.0,荣阳实业,-1.8356,,1200000000.0,,0.133,港股主板
01472,11.529091374782329,,0.2975,30,0.0,False,0.001,0.339,1000000000.0,0.095,0.0,2.5953,55.74,95000000.0,,95000000.0,,5000.0,-4.043268421445393,-89.0,0.0,-0.45388641644746874,1900.0,0.0,1584374400000.0,-0.0116,0.0,20000.0,0.37,0.3365,282.0,0.0,,148.0,生兴控股,-8.1552,,1000000000.0,,0.095,港股主板
02529,2.598724742969827,,0.5353711922140901,30,0.0,False,0.005,,40000000.0,2.55,,6.807033935066235,-7.19,102000000.0,,408000000.0,11.02,1000.0,19.03422409751524,-5.08,0.0,0.42224476815073686,,0.0,1715875200000.0,0.5372,0.0,,,0.8582,281.0,,,0.0,泓盈城市服务,4.747,,160000000.0,,2.55,港股主板
08483,,,7.5277,30,-5.63,False,0.005,23.4184,800000000.0,0.335,11.27,72.1012,181.51,268000000.0,,268000000.0,,8000.0,-45.686487957545246,29.49,0.0,-28.467189361338086,853800.0,-0.02,1519747200000.0,-0.0084,-156000.0,2552000.0,0.81,23.4184,281.0,0.32,,0.0,名仕快相,-39.9106,,800000000.0,,0.355,港股GEM
01780,,,46.3873,30,2.57,False,0.005,24.8585,620000000.0,6.185,7.79,,823.13,3834700000.0,,3834700000.0,,2500.0,-25.212870279571487,797.81,-1.67,-27.932027752622666,190984291.3,0.155,1556553600000.0,-0.0549,50689100.000000015,29632780,2.59,36.2846,280.0,4.78,,0.0,荣尊国际控股,-112.5635,,620000000.0,,6.03,港股主板
08163,-69.47442655780581,,1.9269,30,0.0,False,0.001,1.4257,1025255612.0,0.035,0.0,20.2049,-66.02,35883946.0,,35883946.0,,20000.0,-46.04847045030313,-100.0,0.0,-4.613124965372761,2800.0,0.0,1015430400000.0,-0.0146,0.0,80000.0,0.38,1.4257,280.0,0.01,,0.0,声扬集团,-2.4043,,1025255612.0,,0.035,港股GEM
06918,53.47568863710828,,0.3802,30,-3.62,False,0.001,0.6217,874386800.0,0.133,4.35,,-16.87,116293444.0,,116293444.0,,2000.0,-60.40743332555789,-87.77,-1.48,42.73852949905967,707222.0,-0.005,1584460800000.0,-0.1716,644540.0,5440000.0,4.98,0.5611,279.0,0.62,,-34.78,九泰数智,-0.7752,,874386800.0,,0.138,港股主板
01738,,,0.19815192540792345,30,0.0,False,0.001,,1380545800.0,0.057,,0.7141985551047821,-43.56,78691111.0,,78691111.0,,2500.0,29.32329700081034,-96.63,,-39.50275384068511,,0.0,1390320000000.0,-0.5047,0.0,,,-0.029,278.0,,,,飞尚无烟煤,-0.1129,,1380545800.0,,0.057,港股主板
02025,23.16885570202849,,8.1979,30,0.48,False,0.01,8.8,800000000.0,12.64,0.24,70.3123,6.48,10112000000.0,,10112000000.0,0.24,2000.0,2.172098923596719,733.28,0.0,13.467703646438501,3869640.0,0.06,1515081600000.0,0.0313,0.0,306000.0,0.94,8.8275,278.0,0.04,,-2.3,瑞丰动力,403.9527,,800000000.0,,12.58,港股主板
01596,19.249892813772938,,0.1626,30,0.0,False,0.005,0.0953,224460000.0,0.325,0.0,0.5188,-53.32,72949500.0,,291798000.0,4.0,1000.0,9.879482090599382,-87.54,0.0,6.863208315572877,4875.0,0.0,1482249600000.0,0.3117,0.0,15000.0,0.06,0.0956,277.0,0.01,,0.67,翼辰实业,1.0428,,897840000.0,,0.325,港股主板
01737,,,0.4217,30,-0.52,False,0.001,1.1169,1000000000.0,0.193,1.55,8.3909,101.04,193000000.0,,193000000.0,,10000.0,-12.332959973740056,-40.92,0.0,-3.4445495744404586,47940.0,-0.001,1520956800000.0,-0.0214,0.0,250000.0,0.34,1.1842,277.0,0.03,,10.42,亚洲实业集团,-9.012,,1000000000.0,,0.194,港股主板
08621,38.8415788066927,,1.917273788456989,30,-2.04,False,0.001,,960000000.0,0.048,,1.3992469330742134,92.0,46080000.0,,46080000.0,,8000.0,-10.788322586916372,-93.14,0.0,-34.0303631919057,,-0.001,1544544000000.0,-0.0204,0.0,,,0.2742,275.0,,,41.03,METROPOLIS CAP,-2.3487,,960000000.0,,0.049,港股GEM
02258,-2.130499547535214,,0.137,30,1.37,False,0.005,0.3658,825400000.0,0.37,2.74,2.9103,74.36,305398000.0,,305398000.0,2.97,2000.0,4.335598666892712,-68.49,0.0,-1.0091748738278339,3620.0,0.005,1542556800000.0,0.0429,0.0,10000.0,0.22,0.367,275.0,0.0,,9.02,华滋国际海洋,8.6168,,825400000.0,,0.365,港股主板
02165,-17.63953958217478,,0.7697,30,-1.75,False,0.005,0.6652,285685000.0,1.965,3.75,44.4158,6.22,561371025.0,,561371025.0,,1000.0,9.385160792583907,-62.21,0.0,0.13807105877983172,271065.0,-0.035,1626019200000.0,0.2635,0.0,140000.0,0.2,0.6673,275.0,0.05,,0.0,领悦服务集团,7.4582,,285685000.0,,2.0,港股主板
00356,,,54.6772,30,1.3,False,0.005,1.0629,201398666.0,0.39,0.0,,-62.86,78545480.0,,78545480.0,,5000.0,-0.7609488779354608,-91.63,0.0,-12.98236434023734,11700.0,0.005,1023379200000.0,-0.0025,0.0,30000.0,1.21,1.0629,275.0,0.01,,0.0,鼎立资本,-153.7094,,201398666.0,,0.385,港股主板
08445,-5.303099753071628,,0.3644,30,-10.59,False,0.001,1.0137,331656000.0,0.228,5.49,,49.02,75617568.0,,75617568.0,,10000.0,-13.568745097499551,-91.34,0.0,-4.357223532937427,20920.0,-0.027,1506614400000.0,-0.0297,0.0,90000,0.61,0.9734,275.0,0.03,,17.02,怡康泰工程集团,-7.6691,,331656000.0,,0.255,港股GEM
00339,-20.989304834720823,,14515.7049,30,0.0,False,0.005,41.7437,432000000.0,0.69,0.0,,238.24,298080000.0,,298080000.0,,10000.0,-112.43807040417211,-90.77,0.0,-57.84700493743733,34500.0,0.0,964540800000.0,-0.015,0.0,50000.0,0.76,41.7421,274.0,0.01,,,全球数字控股,-46.0853,,432000000.0,,0.69,港股主板
09607,15.326672684250632,,6.0697,30,-0.95,False,0.02,5.5867,68118700.0,39.6,7.6,146.1079,-10.0,2697500520.0,,27093858106.0,,100.0,,-1.0,-0.75,14.597895189457866,24944986.0,-0.38,1790611200000.0,1.0104,0.0,630000.0,1.3,3.4332,274.0,0.92,,-9.14,彤程新材,39.1932,,684188336.0,,39.98,港股主板
86618,49.210665353202046,,1.236,30,-0.07,False,0.02,1.5729,3190481011.0,30.04,0.0,11.5851,-39.68,95842049570.0,,95842049570.0,,50.0,10.409185356289036,-38.82,-0.27,16.706675692796445,111148.0,-0.02,1687104000000.0,2.2286,0.0,3700.0,2.24,1.5595,274.0,0.0,35.36,-0.54,京东健康-R,13.4792,06618,3190481011.0,,30.06,港股主板
08482,-18.890470238802372,,0.1348,30,-5.0,False,0.001,0.8883,224609400.0,0.114,1.67,62.4524,-19.72,25605472.0,,25605472.0,,10000.0,-46.23575867426204,-95.78,0.0,-2.8193629548007526,17190.0,-0.006,1536076800000.0,-0.0636,0.0,150000,1.88,0.8568,273.0,0.07,,-9.45,万励达,-1.7925,,224609400.0,,0.12,港股GEM
00701,-29.895191496276663,,0.6159680504623863,30,0.0,False,0.001,,1903685690.0,0.093,,7.058277279432285,-52.79,177042769.0,,177042769.0,,2000.0,-2.854452190363484,-88.87,2.2,-14.295153051078202,,0.0,674755200000.0,-0.018,0.0,,,0.1476,273.0,,,,北海集团,-5.169,,1903685690.0,,0.093,港股主板
09933,169.16103030637206,,0.3250445991788475,30,0.0,False,0.005,,1009500000.0,1.65,,45.181874898280256,-8.33,1665675000.0,,1665675000.0,,4000.0,5.734519699227957,275.0,0.0,15.411204229816299,,0.0,1579536000000.0,0.04,0.0,,,2.3059,273.0,,,-31.37,GHW INTL,41.2185,,1009500000.0,,1.65,港股主板
02490,18.3767432527298,,1.2339,30,3.28,False,0.005,1.4173,614691912.0,4.245,4.26,14.7729,-1.1,2609367166.0,,2609367166.0,5.49,300.0,12.031375551515776,76.65,3.92,13.906611548953274,2226562.5,0.135,1695571200000.0,0.3505,0.0,537000,0.2,1.4217,273.0,0.09,,-0.58,乐舱控股,12.1106,,614691912.0,,4.11,港股主板
01084,,,0.4758,30,0.0,False,0.005,0.5834,874120000.0,0.64,2.34,4.1797,-1.3,559436800.0,,559436800.0,1.88,2000.0,2.091959454956347,-56.68,0.0,0.175892798135302,12710.0,0.0,1571241600000.0,0.0217,0.0,20000.0,0.64,0.5852,272.0,0.0,,16.38,绿新生物科技,29.526,,874120000.0,,0.64,港股主板
01842,,,0.1983,30,-5.88,False,0.001,0.4776,1440000000.0,0.032,14.71,,-31.91,46080000.0,,46080000.0,,4000.0,-25.308350342866316,-94.07,0.0,-12.826635353231275,152738.0,-0.002,1561651200000.0,-0.0192,0.0,4898000.0,8.65,0.4414,272.0,0.34,,14.0,植华集团,-1.6703,,1440000000.0,,0.034,港股主板
02385,5.168308301851465,,6.2138,30,-2.45,False,0.005,8.2965,352000000.0,4.58,11.4,,-26.25,1612160000.0,,1612160000.0,,400.0,-45.713700692037754,-15.19,0.0,-27.463136470333005,1052842.0,-0.115,1657555200000.0,-0.3378,0.0,218800,0.81,8.3225,272.0,0.06,,-5.26,读书郎,-13.5584,,352000000.0,,4.695,港股主板
03683,-29.27484759410125,,1.021719592798333,30,0.0,False,0.001,,952613513.0,0.032,,,-60.0,30483632.0,,30483632.0,,2500.0,-123.30750407830342,-97.59,0.0,-40.67967105046883,,0.0,1286726400000.0,-0.0498,0.0,,,1.183,270.0,,,0.0,荣丰亿控股,-0.6431,,952613513.0,,0.032,港股主板
01962,1.8232166952574236,,0.25565963832768696,30,0.0,False,0.005,,616136000.0,0.48,,0.8327662641917463,17.68,295745280.0,,295745280.0,12.92,2000.0,5.394670867937398,-38.06,0.0,9.808476569015578,,0.0,1499788800000.0,0.0688,0.0,,,0.3771,269.0,,,-19.33,训修实业,6.9766,,616136000.0,,0.48,港股主板
01695,80.40473851645193,,0.3467,30,1.25,False,0.001,0.3672,1080000000.0,0.081,1.25,84.2763,-14.74,87480000.0,,87480000.0,,5000.0,-2.9795040735407254,-88.43,0.0,13.905179991717475,28855.0,0.001,1499702400000.0,-0.0063,0.0,355000.0,1.23,0.3671,268.0,0.03,,75.71,椰丰集团,-12.7644,,1080000000.0,,0.08,港股主板
02581,-37.658262953868714,,0.2821,30,1.43,False,0.005,0.34,311945001.0,2.84,8.75,2.0588,-30.9,885923803.0,,885923803.0,,500.0,3.4187990605262972,-56.31,0.0,1.1699073742281296,115797.5,0.04,1766332800000.0,0.2448,-56000.0,42000.0,0.77,0.3411,268.0,0.01,,-49.46,明基医院,11.6015,,311945001.0,,2.8,港股主板
02546,53.375454731893754,,11.7932,30,-3.91,False,0.02,5.0612,487773659.0,20.16,6.2,23.9061,103.02,9833516965.0,,9833516965.0,0.15,1000.0,,88.17,0.0,25.668176845177083,10248220.0,-0.82,1766073600000.0,0.517,0.0,493000.0,0.98,5.017,268.0,0.1,,90.69,智汇矿业,38.9946,,487773659.0,,20.98,港股主板
08196,,,0.3428730237827885,30,0.0,False,0.005,,63593856.0,0.805,,,21.97,51193054.0,,51193054.0,,8000.0,-18.38838758357093,-96.84,0.0,7.610005627153593,,0.0,1449590400000.0,-0.2687,0.0,,,0.5524,268.0,,,936.84,福田股份,-2.9962,,63593856.0,,0.805,港股GEM
01343,330.9073920088761,,0.17774959914793784,30,0.0,False,0.001,,1064000000.0,0.127,,,4.1,135128000.0,,135128000.0,,5000.0,13.429920097928246,-81.86,0.0,17.180266910210417,,0.0,1583942400000.0,0.0455,0.0,,,0.3512,267.0,,,64.58,伟源控股,2.7888,,1064000000.0,,0.127,港股主板
01587,,,0.42637092733875426,30,0.0,False,0.005,,680000000.0,0.47,,,-25.81,319600000.0,,319600000.0,3.19,4000.0,-1.6220950003962447,-14.78,0.0,-1.109726163701108,,0.0,1530028800000.0,-0.0158,0.0,,,0.576,267.0,,,-22.67,欣融国际,-29.7672,,680000000.0,,0.47,港股主板
08069,40.44795702426154,,0.046,30,-7.89,False,0.005,0.2613,40835700.0,0.35,2.63,,-52.7,14292495.0,,14292495.0,,5000.0,-22.53710003451166,-97.92,0.0,25.127458198195196,3350.0,-0.03,1484150400000.0,-0.2799,0.0,10000,0.42,0.3038,265.0,0.02,,1.11,飞道旅游科技,-1.2507,,40835700.0,,0.38,港股GEM
02409,34.90827750923289,,1.0527,30,-7.78,False,0.005,1.4205,500000000.0,6.46,12.71,4.1407,54.55,3230000000.0,,3230000000.0,,1000.0,16.721133202912604,111.71,0.08,23.575689137069222,3511250.0,-0.545,1680019200000.0,0.6973,-244120.0,529000,1.08,1.4209,265.0,0.11,,-21.1,洲际船务,9.2646,,500000000.0,,7.005,港股主板
08308,-18.426759118087332,,0.6554,30,0.0,False,0.001,0.1899,1388800767.0,0.022,4.55,2.2007,-73.17,30553617.0,,30553617.0,,4000.0,-39.03124757119155,-98.76,0.0,-24.489947444008564,39052.0,0.0,1481212800000.0,-0.0475,0.0,1812000.0,0.91,0.1905,265.0,0.13,,-62.36,古兜控股,-0.4633,,1388800767.0,,0.022,港股GEM
01026,,,1.8152,30,-24.64,False,0.001,1.0014,5513000000.0,0.104,5.07,4.1879,-0.95,573352000.0,,573352000.0,,10000.0,,,-0.95,,24150.0,-0.034,1004025600000.0,-0.0289,0.0,240000.0,0.95,1.208,265.0,0.0,,,环球实业科技,-3.6028,,5513000000.0,,0.138,港股主板
08309,,,0.08704980303882949,30,0.0,False,0.001,,600000000.0,0.066,,,6.45,39600000.0,,39600000.0,,10000.0,-8.305629476377362,-77.9,0.0,-23.014951273849103,,0.0,1492012800000.0,-0.0175,0.0,,,0.3263,264.0,,,6.25,万成环球控股,-3.765,,600000000.0,,0.066,港股GEM
08418,-31.191184574493324,,1.934,30,-1.74,False,0.005,11.6741,850000000.0,0.565,5.22,51.6174,-7.38,480250000.0,,480250000.0,,2000.0,9.266231271609682,109.26,0.0,-33.62696967366965,29120.0,-0.01,1570723200000.0,0.0043,0.0,52000.0,0.69,11.6797,264.0,0.01,,93.75,傲迪玛汽车,131.1271,,850000000.0,,0.575,港股GEM
08191,193.9917154921959,,0.3817,30,2.04,False,0.001,0.3867,354040431.0,0.1,3.06,0.9753,-20.06,35404043.0,,35404043.0,,6000.0,-41.577084468843786,-98.25,2.04,-44.25172537772123,453072.0,0.002,1389110400000.0,-0.1788,146400.0,4542000,1.05,0.2766,263.0,1.28,,,鸿伟亚洲,-0.5592,,354040431.0,,0.098,港股GEM
01160,-15.040292938484512,,18269.8863,30,20.31,False,0.005,23.0041,237271250.0,0.385,25.0,,-8.33,91349431.0,,91349431.0,,100000.0,-170.1582105837425,42.17,0.0,,316500.0,0.065,1080835200000.0,-0.0263,0.0,900000,1.8,167.0008,263.0,0.38,,0.0,金石资本集团,-14.644,,237271250.0,,0.32,港股主板
01223,-50.69522825165173,,10.9212,30,-3.92,False,0.005,1.5114,2974225233.0,1.225,5.1,23.1508,-20.14,3643425910.0,,3643425910.0,0.41,10000.0,-1.2476458865469569,3788.89,-0.81,5.765750852981544,7292350.0,-0.05,793987200000.0,-0.01,0.0,5810000.0,0.95,1.5114,262.0,0.2,,,新沣集团,-123.0762,,2974225233.0,,1.275,港股主板
02632,83.01415094017106,,9.6175,30,-1.07,False,0.05,6.8054,109037029.0,59.95,4.79,,35.63,6536769889.0,,7397546197.0,,50.0,,36.56,-0.91,7.4173155035278215,495807.5,-0.65,1774281600000.0,-7.7498,0.0,8250,1.92,6.8267,262.0,0.01,,-36.92,泽景股份,-7.7357,,123395266.0,,60.6,港股主板
01742,49.1136664089123,,0.08027172284022904,30,0.0,False,0.001,,1600000000.0,0.129,,4.999031195504747,4.03,206400000.0,,206400000.0,,5000.0,12.58380608561114,-67.75,0.0,28.972361776712475,,0.0,1525968000000.0,0.0553,0.0,,,0.2778,262.0,,,-10.0,HPC HOLDINGS,2.3318,,1600000000.0,,0.129,港股主板
02651,-16.373638418344726,,3.9114,30,-4.87,False,0.02,4.7472,21871368.0,26.98,3.53,17.784,234.73,590089509.0,,1637547053.0,2.26,100.0,12.519805781548317,43.66,0.07,-6.502873430727907,2052946.0,-1.38,1751990400000.0,0.5074,1946000.0,73900,1.08,4.5571,261.0,0.34,,3.5,大众口腔,53.1745,,60694850.0,,28.36,港股主板
08213,28.141360351393875,,6.8221,30,14.91,False,0.001,,555057588.0,0.185,14.91,,-36.21,102685654.0,,102685654.0,,10000.0,18.11020887311323,-92.03,0.0,-54.754733069413405,26550.0,0.024,1047916800000.0,-0.047,0.0,150000,0.54,-0.6532,261.0,0.03,,2.78,荣晖控股,-3.9385,,555057588.0,,0.161,港股GEM
06119,-21.630008530222057,,0.9312643044842811,30,0.0,False,0.005,,600000000.0,0.44,,,-15.38,264000000.0,,264000000.0,,3000.0,4.543953790074337,4.22,,-7.641068428242326,,0.0,1527782400000.0,0.0242,0.0,,,0.8188,260.0,,,-12.94,天源集团,18.1932,,600000000.0,,0.44,港股主板
01582,,,0.0287,30,-1.94,False,0.005,0.35,500000000.0,0.505,2.91,1.0285,38.36,252500000.0,,252500000.0,,2500.0,1.851237714215706,-62.75,0.0,18.614474193705544,367312.5,-0.01,1571155200000.0,0.0263,0.0,720000.0,1.36,0.35,260.0,0.14,,15.0,华营建筑,19.2074,,500000000.0,,0.515,港股主板
08635,0.5456658781348267,,0.7664,30,0.0,False,0.001,1.4978,543000000.0,0.247,5.67,,-66.16,134121000.0,,134121000.0,,4000.0,7.12335490996104,-60.45,-0.8,49.30805242416516,145240.0,0.0,1556726400000.0,0.0107,0.0,584000.0,1.61,1.179,259.0,0.11,,0.0,大象控股集团,23.1044,,543000000.0,,0.247,港股GEM
01863,-4.864788115354768,,0.8112695853434675,30,0.0,False,0.01,,852612470.0,1.37,,11.837399637200159,0.0,1168079084.0,,1168079084.0,,1000.0,6.083887344678493,-57.92,,12.112823135613482,,0.0,1272470400000.0,0.0643,,,,1.2411,259.0,,,0.0,中国龙天集团,21.3028,,852612470.0,,1.37,港股主板
01715,6.864696039132778,,1.6809,30,-2.74,False,0.005,2.8689,360759879.0,0.355,0.0,5.0427,-26.8,128069757.0,,128069757.0,,10000.0,-69.48768299886649,-94.1,-2.74,0.2838894867579045,98550.0,-0.01,1531670400000.0,-0.1371,0.0,270000.0,1.38,2.8779,259.0,0.07,,5.0,智慧健康科技,-2.5885,,360759879.0,,0.365,港股主板
02265,114.42852188236112,,2.5666,30,-0.9,False,0.005,1.3808,1000000000.0,1.105,3.14,24.2215,1.38,1105000000.0,,1105000000.0,,5000.0,19.53308498723211,9.0,0.0,61.424114208719246,548075.0,-0.01,1636646400000.0,0.1406,0.0,495000.0,0.96,1.3851,258.0,0.05,,-10.78,鸿承环保科技,7.8586,,1000000000.0,,1.115,港股主板
00099,-29.94416399173475,,0.2367,30,-7.17,False,0.005,0.1653,478483794.0,1.23,0.38,6.5432,0.37,588535067.0,,588535067.0,3.66,1000.0,1.2586687563450536,,0.0,-8.448970755114004,66220.0,-0.095,440265600000.0,0.0914,0.0,54000,0.38,0.1653,258.0,0.01,,,王氏国际,13.4513,,478483794.0,,1.325,港股主板
06928,-44.61506252810668,,14.1822,30,9.09,False,0.005,2.4787,765000000.0,0.3,21.82,,9.09,229500000.0,,229500000.0,,4000.0,-22.602596751972612,,3.45,-36.19777367164594,1105100.0,0.025,1499875200000.0,-0.0211,126880.0,3740000,1.9,2.4799,258.0,0.49,,,万马控股,-14.1915,,765000000.0,,0.275,港股主板
08070,83.98175002457397,,0.4442,30,0.0,False,0.005,1.2942,200000000.0,1.035,0.0,4.7435,23.21,207000000.0,,207000000.0,,5000.0,43.382859120966444,-43.9,0.0,23.021771043061314,538200.0,0.0,1456243200000.0,0.2757,0.0,520000.0,2.26,1.2942,258.0,0.26,,-56.1,侨洋国际控股,3.7539,,200000000.0,,1.035,港股GEM
02031,322.0027505661225,,1.2309,30,-1.02,False,0.005,1.9008,762000000.0,0.485,0.0,7.2963,61.34,369570000.0,,369570000.0,6.19,5000.0,18.452182461756593,52.23,0.0,27.120984774926526,14550.0,-0.005,1473609600000.0,0.049,0.0,30000,0.08,1.7299,257.0,0.0,,13.73,澳至尊,9.8945,,762000000.0,,0.49,港股主板
01943,,,2.51,30,3.03,False,0.005,15.8993,1173420000.0,1.19,3.9,,150.53,1396369800.0,,1396369800.0,,5000.0,-13.25613424667464,190.24,0.85,14.347204910386147,3094400.0,0.035,1561651200000.0,-0.0125,297500.0,2595000.0,1.54,7.2308,257.0,0.22,,-7.0,金石控股集团,-95.4456,,1173420000.0,,1.155,港股主板
02455,32.279734318434805,,0.1934,30,0.0,False,0.005,0.4453,300000000.0,0.72,0.0,4.0385,-1.85,216000000.0,,216000000.0,6.94,2000.0,17.506932872189907,-28.64,0.0,10.270538913694494,87840.0,0.0,1673884800000.0,0.2659,0.0,122000.0,0.61,0.4467,257.0,0.04,,-25.88,润华服务,2.7079,,300000000.0,,0.72,港股主板
01637,,,0.6493238786279684,30,0.0,False,0.005,,400000000.0,0.63,,5.509160071706528,187.41,252000000.0,,252000000.0,7.94,2000.0,2.6358454746039746,-43.83,0.0,-25.910230986337012,,0.0,1483372800000.0,0.015,0.0,,,1.144,256.0,,,70.0,顺兴集团控股,42.0631,,400000000.0,,0.63,港股主板
08375,7.3200495599608395,,2.804,30,-1.25,False,0.005,2.6214,345600000.0,0.79,0.0,,-57.07,273024000.0,,273024000.0,,10000.0,-19.07304430065305,-58.97,0.0,6.925003662575446,7900.0,-0.01,1510502400000.0,-0.0461,0.0,10000.0,0.42,2.6214,256.0,0.0,,93.33,数盟资本,-17.1368,,345600000.0,,0.8,港股GEM
08611,37.52444359155227,,15.4952,30,42.66,False,0.005,,596014196.0,1.02,44.76,,-20.62,607934480.0,,607934480.0,,5000.0,-67638.09523809524,16.58,4.08,17.52844424702773,3144825.0,0.305,1540137600000.0,-0.0234,0.0,3715000,0.89,16.069,256.0,0.62,,16.13,九福来,-43.6306,,596014196.0,,0.715,港股GEM
08218,2.4448119096558196,,2.1602046378257076,30,0.0,False,0.001,,666423133.0,0.13,,,15.04,86635007.0,,86635007.0,,12000.0,-38.588089330024815,-98.76,0.0,-10.147450946294445,,0.0,1381420800000.0,-0.0233,0.0,,,2.7886,255.0,,,0.0,毅高国际控股,-5.571,,666423133.0,,0.13,港股GEM
01757,138.84100556617267,,10.9923,30,-5.34,False,0.005,65.4196,1200000000.0,4.87,5.25,297.0418,58.63,5844000000.0,,5844000000.0,,1000.0,11.592071678413497,1271.83,0.0,17.64752383623818,74115.0,-0.275,1528300800000.0,0.0092,0.0,15000.0,1.52,57.7083,255.0,0.0,,5.88,环球华商俱乐部,529.5397,,1200000000.0,,5.145,港股主板
06829,25.48116953745636,,1.1769,30,-1.3,False,0.005,3.3721,288000000.0,3.8,5.19,,27.52,1094400000.0,,1094400000.0,,1000.0,4.785414482191496,23.15,0.26,5.75433210806795,2319218.9,-0.05,1518019200000.0,0.0544,268560.0,629030,0.37,3.2643,254.0,0.22,,0.0,龙昇集团控股,69.9118,,288000000.0,,3.85,港股主板
00720,108.44695248708578,,14.7471,30,0.0,False,0.001,5.013,6142515390.0,0.25,0.0,,66.67,1535628848.0,,1535628848.0,,25000.0,11.179703768017836,412.3,0.0,41.954786392191835,206250.0,0.0,679593600000.0,0.0049,0.0,825000.0,1.47,5.013,253.0,0.01,,,意达利控股,50.5341,,6142515390.0,,0.25,港股主板
01134,,,0.2263,30,-5.26,False,0.001,0.7613,500000000.0,0.216,2.19,11.5446,-12.2,108000000.0,,108000000.0,,4000.0,-14.990410536339374,-82.72,0.0,4.821821259139347,2600.0,-0.012,1563206400000.0,-0.0447,0.0,12000.0,0.19,0.7613,252.0,0.0,,6.0,恒发光学,-4.8314,,500000000.0,,0.228,港股主板
08277,-45.430451703908645,,1.766704061027597,30,0.0,False,0.001,,262473333.0,0.09,,,-18.18,23622600.0,,23622600.0,,2000.0,-226.44391408114558,-99.1,0.0,-51.08583701983909,,0.0,1424620800000.0,-0.0181,0.0,,,-40.519,252.0,,,0.0,骏东控股,-4.9795,,262473333.0,,0.09,港股GEM
01920,,,1.3447,30,-7.25,False,0.005,2.148,587600000.0,0.32,11.59,,-22.89,188032000.0,,188032000.0,,10000.0,-54.16517441444023,-81.29,0.0,20.985423580103003,379750.0,-0.025,1565884800000.0,-0.0515,0.0,1220000,3.26,2.148,252.0,0.21,,-16.0,巨美集团,-6.2163,,587600000.0,,0.345,港股主板
06915,-12.664352169929604,,13.0401,30,-1.96,False,0.01,3.3366,307090319.0,10.53,7.91,45.9087,-5.98,3233661059.0,,3247213169.0,,500.0,,42.3,-1.77,-0.2303410777484971,9477915.0,-0.21,1782748800000.0,0.2651,371000.0,895500.0,0.89,3.347,252.0,0.29,,-12.68,江西生物,39.719,,308377319.0,,10.74,港股主板
00905,123.9031425493855,,109.7892,30,-2.8,False,0.001,1.6402,1050500887.0,0.139,2.8,23.4006,-92.28,146019623.0,,146019623.0,,16000.0,-122.34289145580041,-99.41,0.0,23.600552458176736,15296.0,-0.004,900604800000.0,-0.1804,0.0,112000.0,0.13,1.6402,251.0,0.01,,,胡桃资本,-0.7706,,1050500887.0,,0.143,港股主板
02110,-42.410982816732655,,0.2581,30,-7.8,False,0.005,0.9313,43200000.0,0.65,11.35,,-36.27,28080000.0,,28080000.0,,2000.0,-39.23076923076923,-97.51,-4.41,-18.09590444325515,39530.0,-0.055,1607270400000.0,-0.3849,0.0,60000,6.73,0.6799,251.0,0.14,,-14.67,天成控股,-1.6889,,43200000.0,,0.705,港股主板
03348,-9.193157005355612,,0.3485,30,-2.65,False,0.005,0.4628,500000000.0,1.1,2.65,2.5069,-6.35,550000000.0,,550000000.0,6.45,2000.0,10.42248923475587,9.15,0.0,-8.553206232616295,200740.0,-0.03,1573747200000.0,0.2355,0.0,182000.0,7.99,0.4642,251.0,0.04,,-24.68,中国鹏飞集团,4.6699,,500000000.0,,1.13,港股主板
00436,-31.7090087374309,,0.4245,30,-12.07,False,0.001,0.1718,3035697018.0,0.051,0.0,2.8764,-17.07,154820548.0,,154820548.0,3.92,20000.0,-1.2082060493079603,,0.0,-2.0899659108019275,9600.0,-0.007,958579200000.0,-0.0035,0.0,200000,0.56,0.1718,250.0,0.01,,,新宇环保,-14.5303,,3035697018.0,,0.058,港股主板
01894,10.012667899995375,,0.6678,30,-0.97,False,0.005,0.8619,233357000.0,0.51,4.85,5.4844,8.05,119012070.0,,119012070.0,,5000.0,-16.899629578737176,-96.21,0.0,-1.2201369356888647,136950.0,-0.005,1539273600000.0,-0.1239,0.0,270000.0,0.9,0.6025,250.0,0.12,,3.53,恒益控股,-4.1178,,233357000.0,,0.515,港股主板
08527,-26.594229315261863,,4.5208,30,-1.9,False,0.005,,500000000.0,0.515,3.81,141.5577,201.17,257500000.0,,257500000.0,,5000.0,22.990764393790528,-42.78,0.0,-22.424556324582134,1643325.0,-0.01,1525795200000.0,-0.0211,0.0,3170000.0,0.79,-5.0512,249.0,0.63,,100.0,聚利宝控股,-24.4437,,500000000.0,,0.525,港股GEM
02271,-20.911960274738316,,3.7134,30,0.52,False,0.005,5.1333,542864000.0,3.87,3.9,,100.54,2100883680.0,,2100883680.0,0.44,2000.0,8.845874519337354,232.59,0.0,14.283022530056112,1489150.0,0.02,1689609600000.0,0.0604,0.0,390000.0,0.69,5.1494,249.0,0.07,,2.54,众安智慧生活,64.0993,,542864000.0,,3.85,港股主板
01850,,,0.1535,30,0.0,False,0.005,0.1842,172800000.0,0.385,1.3,,-38.89,66528000.0,,66528000.0,,10000.0,-5.1517374691782045,,0.0,16.00104517764054,104370.0,0.0,1492444800000.0,-0.0957,0.0,271000.0,0.73,0.1914,249.0,0.16,,,美好生活集团控股,-4.023,,172800000.0,,0.385,港股主板
03395,-29.24592997233173,,5.2192,30,11.39,False,0.001,,869292597.0,0.225,15.35,,-19.64,195590834.0,,195590834.0,,1000.0,58.6042129349216,-93.59,0.0,-14.194706853752304,8446.0,0.023,1489075200000.0,-0.1126,0.0,42000,1.22,-1.1879,248.0,0.0,,-2.53,吉星新能源,-1.9984,,869292597.0,,0.202,港股主板
01552,80.71009059628717,,0.172,30,3.51,False,0.005,0.615,800000000.0,0.295,5.26,8.0843,31.7,236000000.0,,236000000.0,,5000.0,16.86629395296273,-65.29,0.0,-5.599177646671604,156700.0,0.01,1505145600000.0,0.0738,0.0,535000.0,1.62,0.6153,248.0,0.07,,-18.82,BHCC HOLDING,3.9961,,800000000.0,,0.285,港股主板
01440,,,57.3014,30,0.9,False,0.01,90.245,1259770000.0,20.18,4.2,,169.43,25422158600.0,,25422158600.0,,2500.0,-19.683213847840285,4704.76,0.7,-2.9810262777925423,40634800.0,0.18,1610467200000.0,-0.045,0.0,2045000,2.42,90.5107,247.0,0.16,,3.75,应星控股,-448.1952,,1259770000.0,,20.0,港股主板
01703,,,0.1258,30,1.72,False,0.005,2.2857,138000000.0,0.295,8.62,1.2899,-59.59,40710000.0,,40710000.0,,5000.0,74.68039900608592,-94.73,0.0,2.0705836784828957,358925.0,0.005,1550160000000.0,0.0751,0.0,1245000.0,4.25,1.2048,247.0,0.9,,22.0,谊和股份,3.9261,,138000000.0,,0.29,港股主板
01987,,,0.8454,30,0.0,False,0.001,0.9291,1000000000.0,0.215,0.0,5.4648,16.09,215000000.0,,215000000.0,6.98,4000.0,2.4130097162146553,-56.63,0.0,18.294972203398665,6880.0,0.0,1573142400000.0,0.0058,0.0,32000.0,0.26,0.9295,247.0,0.0,,0.0,BENG SOON MACH,37.3328,,1000000000.0,,0.215,港股主板
08297,-46.731389316269755,,2.2422,30,5.41,False,0.001,,1552376400.0,0.039,32.43,10.6048,0.0,60542680.0,,60542680.0,,2500.0,18.33874969423769,-90.58,2.63,-15.46048783442494,355920.0,0.002,1499875200000.0,-0.0034,-36270.0,10872500.0,4.12,-2.916,246.0,0.7,,-26.09,海纳星空科技,-11.5363,,1552376400.0,,0.037,港股GEM
03830,-50.19230195426934,,0.997,30,-3.85,False,0.001,9.0188,1000000000.0,0.2,0.96,16.9334,198.51,200000000.0,,200000000.0,,5000.0,-41.29313764379214,-47.52,0.0,4.410551462086931,35910.0,-0.008,1505923200000.0,-0.0062,0.0,180000.0,0.51,16.8237,245.0,0.02,,4.0,童园国际,-32.0205,,1000000000.0,,0.208,港股主板
01871,1.7840081619790338,,5.8207,30,-6.8,False,0.005,1.0505,435958192.0,0.48,13.59,,84.62,209259932.0,,209259932.0,,4000.0,-5.386010589234185,-64.94,0.0,-8.915213639321829,496760.0,-0.035,1571846400000.0,-0.025,0.0,992000,2.22,1.0538,245.0,0.23,,-32.03,向中国际,-19.2167,,435958192.0,,0.515,港股主板
00077,-22.951228758369936,,0.32108074985612317,30,0.0,False,0.005,,271913000.0,0.515,,1.0666016330136872,26.26,140035195.0,,140035195.0,11.65,2000.0,44.6340524361315,157.24,0.0,5.172946637234066,,0.0,1081958400000.0,0.0661,0.0,,,3.1948,243.0,,,0.0,进智公共交通,7.7932,,271913000.0,,0.515,港股主板
02720,-2.8661871827419305,,3.9377,30,-4.0,False,0.02,7.3901,128205000.0,22.1,4.52,35.5241,80.41,2833330500.0,,2833330500.0,,500.0,,-7.99,0.0,8.857213941477472,1620190.0,-0.92,1770652800000.0,0.504,0.0,72500.0,1.76,7.4132,241.0,0.06,,102.29,乐欣户外,43.8476,,128205000.0,,23.02,港股主板
01933,,,0.4693,30,-1.28,False,0.001,0.6364,503927177.0,0.232,0.43,,79.84,116911105.0,,116911105.0,,4000.0,-77.11008458260824,-82.15,0.0,-21.31301543564512,12052.0,-0.003,1519920000000.0,-0.3004,0.0,52000,0.59,0.9711,241.0,0.01,,61.05,元力控股,-0.7723,,503927177.0,,0.235,港股主板
02482,2.0397672998154093,,0.1085,30,0.0,False,0.001,0.4418,527431924.0,0.27,0.0,,-63.51,142406619.0,,376346548.0,,1000.0,-0.645549315651425,-90.39,0.0,-26.181264983032214,18360.0,0.0,1678291200000.0,-0.0041,0.0,68000.0,2.1,0.4432,241.0,0.01,,-2.07,维天运通,-66.1966,,1393876104.0,,0.27,港股主板
08133,113.3415586316652,,0.3717,30,0.0,False,0.001,0.6868,38184000.0,0.26,,,-12.61,9927840.0,,9927840.0,,8000.0,-43.845097814895325,-99.78,0.0,-20.28344957851712,240.0,0.0,1430323200000.0,-0.2007,0.0,1000.0,0.02,0.6868,241.0,0.0,,0.0,吉盛集团控股,-1.2952,,38184000.0,,0.26,港股GEM
08281,-7.046013237062576,,0.8149786150761963,30,0.0,False,0.005,,1000000000.0,0.255,,,155.0,255000000.0,,255000000.0,,8000.0,4.37645521479112,-59.68,0.0,-1.1809981282476567,,0.0,1467907200000.0,0.0128,0.0,,,0.819,241.0,,,-35.07,中国金典集团,19.9655,,1000000000.0,,0.255,港股GEM
00021,219.48357009526504,,4.8498,30,0.0,False,0.001,0.5119,3975233406.0,0.08,1.25,15.0292,-22.33,318018672.0,,318018672.0,,5000.0,-20.063553322915904,,0.0,44.640229770968844,20390.0,0.0,599414400000.0,-0.0361,0.0,255000.0,0.09,0.5119,241.0,0.01,,,大中华控股,-2.2164,,3975233406.0,,0.08,港股主板
08035,,,0.1926,30,-2.94,False,0.001,1.8666,600000000.0,0.066,0.0,2.2901,29.41,39600000.0,,39600000.0,,10000.0,-42.53984747555341,-97.62,0.0,-9.119731778254113,3300.0,-0.002,1475769600000.0,-0.0191,0.0,50000,0.16,1.8666,240.0,0.01,,33.57,骏高控股,-3.4546,,600000000.0,,0.068,港股GEM
08475,-52.03535938272312,,0.6494117647058824,30,0.0,False,0.001,,68160000.0,0.069,,3.4129462989840347,0.0,4703040.0,,4703040.0,,5000.0,4.936780220665217,-99.01,,-32.65024032886517,,0.0,1534089600000.0,-0.018,0.0,,,-0.1918,240.0,,,-31.25,易站绿色科技,-3.8361,,68160000.0,,0.069,港股GEM
00079,,,0.9137,30,7.69,False,0.001,0.2159,326077423.0,0.126,10.26,3.618,15.6,41085755.0,,41085755.0,,4000.0,-16.209285422798956,-99.57,0.0,-6.106533466953001,97940.0,0.009,742060800000.0,-0.1029,0.0,820000,1.73,0.2159,240.0,0.25,,,世纪建业,-1.2241,,326077423.0,,0.117,港股主板
08357,66.6310850633024,,2.4329,30,6.52,False,0.001,2.532,624000000.0,0.196,13.04,,40.0,122304000.0,,122304000.0,,5000.0,-35.17817314176047,-69.85,0.0,-4.02129666316382,1085670.0,0.012,1528992000000.0,-0.0327,-769730.0,6085000,3.36,2.5331,240.0,0.98,,31.67,REPUBLIC HC,-5.9968,,624000000.0,,0.184,港股GEM
08496,,,0.4424030647512923,30,0.0,False,0.001,,266175000.0,0.041,,,-26.79,10913175.0,,10913175.0,,2500.0,105.37459283387622,-97.27,,-32.62618429343349,,0.0,1589731200000.0,-0.0989,0.0,,,-0.2516,240.0,,,128.89,环球友饮智能,-0.4145,,266175000.0,,0.041,港股GEM
08053,-14.63831327933548,,,30,,False,0.01,,3558724852.0,0.6,,,,2135234911.0,,2135234911.0,1.67,20000.0,8.617210901452035,-11.03,,5.697706668056357,,,1091721600000.0,0.0367,0.0,,,2.1303,238.0,,,0.0,比优集团,16.3408,,3558724852.0,,,港股GEM
03878,23.5108393438191,,0.3991,30,-1.01,False,0.001,0.3412,479600000.0,0.197,0.5,1.0537,-20.56,94481200.0,,94481200.0,,2000.0,1.6467298430946093,-84.11,0.0,-17.202694416831466,3956.0,-0.002,1513872000000.0,0.0094,0.0,20000,0.09,0.3425,237.0,0.0,,1.61,VICON HOLDINGS,20.9725,,479600000.0,,0.199,港股主板
02672,15.31240814693926,,13.3458,30,-7.7,False,0.05,40.2449,150963472.0,68.95,12.99,,341.99,10408931394.0,,22106792576.0,,200.0,,12.85,1.4,37.29954454376394,81867710.0,-5.75,1782662400000.0,-0.1322,979220.0,1138400,1.62,40.3708,237.0,0.75,,367.95,白鸽在线,-521.4496,,320620632.0,,74.7,港股主板
01073,,,4.895361810916486,30,0.0,False,0.001,,3417990570.0,0.1,,,-4.76,341799057.0,,341799057.0,3.0,5000.0,9.599489138780353,,0.0,18.672381030713915,,0.0,1010937600000.0,0.0168,0.0,,,0.4941,236.0,,,,大禹金融,5.9366,,3417990570.0,,0.1,港股主板
00115,85.63859761552592,,1.004383091268866,30,0.0,False,0.005,,20709308.0,7.5,,2.924602884687806,-1.83,155319810.0,,155319810.0,,2000.0,-51.60860265847865,-95.67,0.0,-27.878204389716167,,0.0,939744000000.0,-4.7479,0.0,,,0.948,236.0,,,,钧濠集团,-1.5796,,20709308.0,,7.5,港股主板
09918,356.82504911643696,,0.1406,30,5.38,False,0.005,0.7222,100000000.0,0.98,5.91,,-4.85,98000000.0,,98000000.0,,2000.0,-54.03303077168066,-75.05,0.0,-22.684168227240054,28150.0,0.05,1578585600000.0,-1.001,0.0,29600.0,2.04,0.7222,236.0,0.03,,-0.4,丽年国际,-0.9791,,100000000.0,,0.93,港股主板
01354,10.937512284432005,,0.1452,30,-1.69,False,0.005,0.4746,16666800.0,2.9,0.17,66.8828,-12.12,48333720.0,,193333720.0,,300.0,20.591789988820878,-62.09,0.0,14.952122595019034,196848.0,-0.05,1719936000000.0,1.1285,0.0,66900.0,0.85,0.4761,236.0,0.4,,-11.47,经发物业,2.5699,,66666800.0,,2.95,港股主板
02381,,,4.6821,30,14.67,False,0.005,6.9922,2000000000.0,0.43,18.67,,227.25,860000000.0,,860000000.0,11.86,10000.0,-4.974567312827577,374.09,2.38,-11.654224662730606,3775200.0,0.055,1591027200000.0,-0.0034,0.0,9370000,2.86,6.9922,236.0,0.47,,-43.6,蚬壳电业,-127.3508,,2000000000.0,,0.375,港股主板
06933,-35.63270549655127,,14.5002,30,-6.98,False,0.005,6.2975,428002816.0,1.0,9.77,,25.0,428002816.0,,428002816.0,,2000.0,-40.44844372326302,-42.86,0.0,39.96893153873642,383560.0,-0.075,1594742400000.0,-0.0754,-98000.0,382000,2.7,6.3172,236.0,0.09,,4.29,新娱科控股,-13.2683,,428002816.0,,1.075,港股主板
01702,4.520057097017682,,0.4053,30,-7.22,False,0.005,0.4852,620944000.0,1.8,0.77,2.3913,-3.32,1117699200.0,,1117699200.0,2.22,4000.0,9.344064342400019,131.42,0.0,-5.775197908136798,14460.0,-0.14,1499702400000.0,0.332,0.0,8000,0.38,0.4867,235.0,0.0,,60.0,东光化工,5.4213,,620944000.0,,1.94,港股主板
01827,,,0.8830290102624527,30,0.0,False,0.005,,400000000.0,0.8,,4.297955784779864,-11.11,320000000.0,,320000000.0,12.5,5000.0,7.345839069034407,,0.0,-7.850122738281041,,0.0,1483977600000.0,0.0281,0.0,,,2.0218,234.0,,,,卓珈控股,28.4875,,400000000.0,,0.8,港股主板
02440,,,4.5217,30,0.0,False,0.005,1.4178,417029093.0,0.825,0.0,,-54.92,344049002.0,,344049002.0,,1000.0,-95.34546423080182,-54.51,0.0,-43.221805782664326,99000.0,0.0,1670774400000.0,-0.5344,0.0,120000.0,3.37,1.4222,234.0,0.03,,-26.74,迷策略,-1.5438,,417029093.0,,0.825,港股主板
02147,,,0.3274,30,0.0,False,0.005,0.7796,470400000.0,0.6,5.0,,-2.01,282240000.0,,282240000.0,,4000.0,,-94.44,0.0,,43520.0,0.0,1673539200000.0,-0.1687,0.0,72000.0,0.18,0.8335,234.0,0.02,,-17.65,正味集团,-3.5573,,470400000.0,,0.6,港股主板
01825,,,0.1898,30,-11.76,False,0.005,2.8703,41472000.0,1.5,8.82,10.0481,12.78,62208000.0,,62208000.0,,2000.0,-2647.3538788522847,-90.96,0.0,-19.28671557866283,396370.0,-0.2,1539878400000.0,-1.5017,0.0,253000,0.6,-2.4112,233.0,0.61,,-3.75,STERLING GP,-0.9989,,41472000.0,,1.7,港股主板
09978,,,3.0526,30,-3.55,False,0.005,,400000000.0,2.99,5.81,41.4762,3591.36,1196000000.0,,1196000000.0,,4000.0,-422.541460979533,,-0.33,-7.745449960214468,1438940.0,-0.11,1510675200000.0,-0.1054,0.0,484000.0,0.3,-88.1706,233.0,0.12,,,方圆生活服务,-28.3783,,400000000.0,,3.1,港股主板
08319,-41.91612425151088,,0.0868,30,5.88,False,0.001,0.4898,803280000.0,0.108,0.0,24.3145,-4.26,86754240.0,,86754240.0,4.63,10000.0,2.178309109472618,-91.65,0.0,4.089309529881402,5400.0,0.006,1460390400000.0,0.0048,0.0,50000.0,0.46,0.4905,232.0,0.01,,41.51,思博系统,22.5277,,803280000.0,,0.102,港股GEM
08536,-15.488848730224003,,0.5241923113865419,30,0.0,False,0.001,,212505000.0,0.238,,,-3.25,50576190.0,,50576190.0,,5000.0,-19.51610033801815,-88.77,0.0,1.8119190752878378,,0.0,1526572800000.0,-0.0529,0.0,,,0.9698,232.0,,,2.08,TL NATURAL GAS,-4.4992,,212505000.0,,0.238,港股GEM
08113,19.260634181465484,,0.0725,30,-7.22,False,0.005,0.8955,196117411.0,0.45,4.12,,25.45,88252835.0,,88252835.0,,5000.0,4.750043629325253,-95.52,0.0,9.364592462442856,4600.0,-0.035,1452096000000.0,0.0229,0.0,10000,0.26,0.7272,232.0,0.01,,0.0,时腾科技,19.651,,196117411.0,,0.485,港股GEM
08131,,,7.9265,30,-0.97,False,0.005,140.7512,719211139.0,0.51,10.68,90.8815,537.5,366797681.0,,366797681.0,,10000.0,627.7998411437649,141.48,0.99,25.051967188643353,1102121.69,-0.005,980870400000.0,0.0055,0.0,2140354.0,1.03,25.1128,231.0,0.3,,,诺亚智能,92.8132,,719211139.0,,0.515,港股GEM
02593,,,0.6165,30,-2.39,False,0.005,0.9682,133333600.0,1.02,1.44,62.2142,-13.56,136000272.0,,136000272.0,,800.0,-12.784560430772512,-76.42,0.49,-5.245623805004174,85656.0,-0.025,1734537600000.0,-0.1439,0.0,84800.0,0.44,0.9682,231.0,0.06,,10.4,草姬集团,-7.0893,,133333600.0,,1.045,港股主板
01759,-6.529310099260477,,0.0775,30,-2.5,False,0.005,0.4233,216000000.0,0.78,0.0,,-29.09,168480000.0,,168480000.0,,1000.0,-6.353936553147112,-72.24,0.0,5.193323208038381,12480.0,-0.02,1545926400000.0,-0.1169,0.0,16000,0.19,0.4246,230.0,0.01,,1.43,中油洁能控股,-6.6742,,216000000.0,,0.8,港股主板
00571,,,0.0857,30,-2.56,False,0.001,0.9091,1755876866.0,0.038,0.0,0.4051,-2.56,66723321.0,,66723321.0,,2000.0,51.70459050186316,,0.0,-8.46397428283373,17024.0,-0.001,636220800000.0,0.0223,0.0,448000.0,0.68,0.9091,229.0,0.03,,,丰德丽控股,1.7052,,1755876866.0,,0.039,港股主板
01856,,,6.2835,30,0.0,False,0.005,11.6127,360257512.0,1.545,0.65,,-17.82,556597856.0,,556597856.0,,1000.0,-51.79488986784141,-47.22,0.0,-15.761781282713683,233940.0,0.0,1405008000000.0,-0.102,0.0,152000.0,0.99,11.6127,229.0,0.04,,0.0,依波路,-15.1488,,360257512.0,,1.545,港股主板
02881,24.733274525766547,,0.29784170427575435,30,0.0,False,0.005,,93300000.0,9.6,,4.329738430972557,85.91,895680000.0,,895680000.0,3.92,500.0,15.74042556196637,17.36,0.0,-0.9928559848729313,,0.0,1718640000000.0,1.3768,0.0,,,1.0394,229.0,,,27.64,武汉有机,6.9726,,93300000.0,,9.6,港股主板
80175,47.41955265371256,,0.3764,30,-2.58,False,0.01,1.4438,10785882097.0,12.48,1.87,2.6683,-22.58,134607808571.0,,134607808571.0,4.01,1000.0,18.117301580951743,41.18,0.16,30.238411656270014,226960.0,-0.33,1687104000000.0,1.7729,0.0,18000.0,1.19,1.4231,229.0,0.0,14.61,0.55,吉利汽车-R,7.0393,00175,10785882097.0,,12.81,港股主板
09686,-47.92286007856348,,1.5581,30,0.0,False,0.005,2.6528,841889805.0,0.985,0.0,19.5135,9.44,829261458.0,,829261458.0,,500.0,-5.891964353463902,-73.31,0.0,-4.034790133813326,24625.0,0.0,1695830400000.0,-0.0255,0.0,25000.0,0.96,2.63,229.0,0.0,,-42.86,熙康云医院,-38.6311,,841889805.0,,0.985,港股主板
08613,0.08886229993407824,,3.8147,30,-6.25,False,0.001,,1927716667.0,0.03,3.13,,-37.5,57831500.0,,57831500.0,,10000.0,153.07770646330198,-90.91,0.0,21.852844106978985,8280.0,-0.002,1539619200000.0,-0.0168,0.0,270000,0.91,-1.5678,228.0,0.01,,10.0,东方支付集团控股,-1.7895,,1927716667.0,,0.032,港股GEM
08136,,,0.6606110652353427,30,-5.26,False,0.001,,1000000000.0,0.036,,10.560281607509534,-10.0,36000000.0,,36000000.0,,10000.0,-0.4083959061284167,-88.02,0.0,-9.44375089537466,,-0.002,1516809600000.0,-0.0004,0.0,,,0.355,228.0,,,104.0,英马斯集团,-87.3786,,1000000000.0,,0.038,港股GEM
02350,,,0.8825,30,0.0,False,0.005,3.6994,875000000.0,0.715,3.5,16.4881,2.41,625625000.0,,625625000.0,,5000.0,-27.580633174791913,-1.01,0.0,-1.9719767804148525,173565.0,0.0,1664121600000.0,-0.0509,0.0,241000.0,1.81,3.0052,227.0,0.03,,-27.06,数科集团,-14.0479,,875000000.0,,0.715,港股主板
08052,,,0.20237223497636733,30,0.0,False,0.001,,548256000.0,0.041,,,-18.0,22478496.0,,22478496.0,,20000.0,-8.825838873475371,-99.82,,14.369558169815665,,0.0,1478793600000.0,0.0015,0.0,,,-2.5555,227.0,,,82.61,陆庆娱乐,26.6649,,548256000.0,,0.041,港股GEM
02682,-18.574367727621233,,0.3528,30,0.0,False,0.001,0.5017,1000000000.0,0.14,1.43,4.4284,7.12,140000000.0,,140000000.0,7.14,4000.0,6.9557470513836535,-40.09,0.0,18.269248335644363,23880.0,0.0,1552838400000.0,0.0194,0.0,172000.0,0.22,0.4926,226.0,0.02,,-44.0,润利海事,7.2013,,1000000000.0,,0.14,港股主板
02376,-19.377554576586686,,0.5397,30,-1.96,False,0.005,0.4923,33340000.0,2.5,4.9,6.9988,-7.04,83350000.0,,333350000.0,3.8,500.0,5.043732764745224,-42.33,0.0,-18.503154218385042,82470.0,-0.05,1657209600000.0,0.2483,0.0,33000.0,0.04,0.4938,226.0,0.1,,-25.17,鲁商服务,10.0666,,133340000.0,,2.55,港股主板
03321,,,20.1384,30,0.53,False,0.005,,77669600.0,0.945,3.72,24.3949,110.0,73397772.0,,73397772.0,,10000.0,,-93.25,0.0,,379400.0,0.005,1555948800000.0,-0.5498,0.0,400000.0,0.26,-0.9455,226.0,0.52,,0.0,中科集团控股,-1.7189,,77669600.0,,0.94,港股主板
01906,119.3339906719851,,8.9788,30,1.71,False,0.005,6.1342,1471123710.0,1.485,3.08,,215.96,2184618709.0,,2184618709.0,,10000.0,-14.543695338307217,172.93,1.02,3.04307137674078,14083770.0,0.025,1556208000000.0,-0.0361,-130350.0,9580000.0,0.93,6.1534,225.0,0.65,,0.0,博尼控股,-41.1421,,1471123710.0,,1.46,港股主板
01002,,,0.2427,30,2.22,False,0.001,0.2018,2778834792.0,0.046,8.89,1.8617,-17.86,127826400.0,,127826400.0,,4000.0,0.6924283801060259,-87.47,0.0,-49.32509602342644,73384.0,0.001,1013097600000.0,0.0072,0.0,1500000,1.94,0.2018,225.0,0.05,,0.0,威铖国际,6.379,,2778834792.0,,0.045,港股主板
01559,-19.14216023892279,,0.4714112886889586,30,0.0,False,0.001,,2754600460.0,0.049,,,-24.38,134975423.0,,134975423.0,,10000.0,-74.637145438806,-97.31,0.0,-22.87769521583918,,0.0,1427385600000.0,-0.0214,0.0,,,1.6343,224.0,,,,均安控股,-2.2854,,2754600460.0,,0.049,港股主板
08372,3.6186839274316984,,1.3424284849026442,30,0.0,False,0.001,,800000000.0,0.169,,,31.42,135200000.0,,135200000.0,1.78,10000.0,7.380310108121148,-44.19,0.0,9.503542448538727,,0.0,1522252800000.0,0.0105,0.0,,,1.1536,224.0,,,19.4,君百延集团,16.0704,,800000000.0,,0.169,港股GEM
02370,-7.62761808211827,,0.53962190367851,30,0.0,False,0.005,,200000000.0,1.19,,,105.17,238000000.0,,238000000.0,,500.0,-5.753250288202895,-73.85,0.0,-6.1138703847268605,,0.0,1648656000000.0,-0.081,0.0,,,0.8508,224.0,,,26.34,力高健康生活,-14.6839,,200000000.0,,1.19,港股主板
03963,-56.81458666881256,,0.9377,30,18.92,False,0.001,5.8406,606802571.0,0.132,19.82,4.273,1.54,80097939.0,,80097939.0,,10000.0,-75.69198280413303,-94.68,0.0,0.22855475022554028,18080.0,0.021,1453910400000.0,-0.0165,0.0,150000,3.27,8.731,224.0,0.02,,-14.92,融众金融,-7.9811,,606802571.0,,0.111,港股主板
03997,-7.665594759932171,,3.003,30,-2.92,False,0.005,3.1104,128342000.0,1.165,,17.6153,53.29,149518430.0,,149518430.0,,2000.0,-11.122805623957422,,0.0,-1.0436616009827038,23700.0,-0.035,1369843200000.0,-0.0436,0.0,20000,0.07,3.2307,223.0,0.02,,,电讯首科,-26.695,,128342000.0,,1.2,港股主板
01736,-75.26597464212509,,0.2840303911759442,30,0.0,False,0.005,,51138203.0,0.4,,,-33.33,20455281.0,,20455281.0,,5000.0,-5.321533245215792,,0.0,18.870876098173994,,0.0,1436284800000.0,0.012,0.0,,,-0.8477,223.0,,,,中国育儿网络,33.2315,,51138203.0,,0.4,港股主板
01539,,,8.3479,30,-1.75,False,0.005,4.2287,3538657002.0,0.28,1.75,,-5.08,990823961.0,,990823961.0,,2000.0,27.95657475184675,,-1.75,36.61569238811424,179830.0,-0.005,1427126400000.0,0.0189,0.0,642000.0,0.24,3.0708,223.0,0.02,,,知行集团控股,14.85,,3538657002.0,,0.285,港股主板
06805,24.498587766585935,,1.3841,30,0.0,False,0.005,2.4349,1104982000.0,2.835,0.18,4.2794,15.24,3132623970.0,,3132623970.0,,2000.0,14.048446151837418,175.86,-2.91,26.086346035391127,218880.0,0.0,1563206400000.0,0.1578,0.0,76000.0,0.37,2.4077,223.0,0.01,,-2.26,金茂源环保,17.9653,,1104982000.0,,2.835,港股主板
02915,,,,30,-6.39,False,0.005,,1461609692.0,5.785,13.67,,-40.36,8455412068.0,,8455412068.0,,500.0,,,-1.28,,1325885.0,-0.395,1760544000000.0,0.028,0.0,219000,0.08,,222.0,0.01,,,云迹,28.6829,,1461609692.0,,6.18,港股主板
02585,,,0.3624,30,8.7,False,0.02,3.2276,273023466.0,31.0,12.76,,104.13,8463727446.0,,8463727446.0,1.13,200.0,8.217173291328237,157.91,0.98,-0.07462984965420638,29595368.0,2.48,1732809600000.0,0.7574,-21257980.0,1027600,4.07,3.2377,221.0,0.38,,7.5,梦金园,40.9287,,273023466.0,,28.52,港股主板
08062,-46.88910012069905,,1.4747,30,0.0,False,0.001,0.9589,480000000.0,0.26,0.0,14.3103,28.02,124800000.0,,124800000.0,7.69,5000.0,2.1969507053488,-37.08,0.0,-8.740049351205425,18100.0,0.0,1481731200000.0,0.006,0.0,70000.0,0.53,0.9532,221.0,0.01,,23.21,俊盟国际,43.1535,,480000000.0,,0.26,港股GEM
02885,,,1.2914,30,0.0,False,0.005,1.4994,400000000.0,0.92,0.0,,38.33,368000000.0,,368000000.0,22.17,2000.0,1.2354223559940698,40.61,0.0,8.431527409360019,29480.0,0.0,1547136000000.0,0.0086,0.0,32000.0,0.31,1.4994,220.0,0.01,,-25.6,彼岸控股,106.5431,,400000000.0,,0.92,港股主板
01722,,,0.2887,30,-6.4,False,0.001,1.1482,1100000000.0,0.117,6.4,3.7077,60.27,128700000.0,,128700000.0,,10000.0,-33.08042927421716,-72.14,0.0,-18.815040051353982,49190.0,-0.008,1513267200000.0,-0.0404,0.0,420000,0.5,1.1483,220.0,0.04,,-15.63,建鹏控股,-2.8972,,1100000000.0,,0.125,港股主板
01597,24.62344325132113,,8.174,30,-1.92,False,0.005,6.5468,250000000.0,5.1,3.75,,104.0,1275000000.0,,1275000000.0,,1000.0,-16.743834091397805,142.86,0.0,-22.00549968112201,92040.0,-0.1,1603123200000.0,-0.14,0.0,18000.0,0.72,6.5672,220.0,0.01,,3.5,纳泉能源科技,-36.4391,,250000000.0,,5.2,港股主板
08360,3.6656303814461166,,0.8845,30,-7.17,False,0.001,,362059714.0,0.246,3.4,10.0176,-10.55,89066690.0,,89066690.0,,6000.0,67.09539404183393,-96.28,0.0,33.978984893469864,53760.0,-0.019,1468252800000.0,-0.0702,0.0,216000,4.74,-1.7685,220.0,0.06,,-34.67,简朴新生活,-3.5059,,362059714.0,,0.265,港股GEM
08080,110.46465739007036,,0.09699302413809456,30,0.0,False,0.005,,454509311.0,0.36,,1.4300365498737098,-30.77,163623352.0,,163623352.0,,20000.0,0.7372365513203643,-99.99,0.0,-9.376544542196275,,0.0,956160000000.0,0.0223,0.0,,,0.1178,219.0,,,,北亚策略,16.1317,,454509311.0,,0.36,港股GEM
02363,,,1.2780550712976622,30,0.0,False,0.005,,204224073.0,0.28,,,-25.33,57182740.0,,57182740.0,,5000.0,20.157801496850993,-98.52,0.0,-24.57589791414071,,0.0,1521129600000.0,-0.1897,0.0,,,-0.2744,218.0,,,0.0,通达宏泰,-1.4759,,204224073.0,,0.28,港股主板
02512,12.86420025224686,,0.9535,30,0.0,False,0.005,2.3176,479368000.0,2.7,3.52,31.8763,-32.5,1294293600.0,,1294293600.0,,1000.0,4.821916624355886,-38.22,0.0,33.68041278223719,89610.0,0.0,1718294400000.0,0.0546,0.0,34000.0,3.22,2.2025,218.0,0.01,,-17.39,云工场,49.4342,,479368000.0,,2.7,港股主板
08471,-27.843298327851606,,0.2205,30,-7.81,False,0.005,0.46,73560000.0,0.295,7.81,,-84.08,21700200.0,,21700200.0,,10000.0,-26.312591425677955,-93.69,0.0,11.795664141029372,45700.0,-0.025,1500566400000.0,-0.18,0.0,150000,4.73,0.4615,218.0,0.2,,3.08,新达控股,-1.6391,,73560000.0,,0.32,港股GEM
08511,-33.385584817117135,,0.1411,30,-9.43,False,0.001,0.8839,31096329.0,0.24,16.98,,-73.33,7463119.0,,7463119.0,,2000.0,-174.215082924794,-98.96,0.0,18.26273451021767,79538.0,-0.025,1524153600000.0,-0.2686,0.0,312000,0.48,1.6512,218.0,1.0,,-23.85,民富国际,-0.8937,,31096329.0,,0.265,港股GEM
01707,-22.27817823309566,,0.6503225806451612,30,0.0,False,0.001,,1680000000.0,0.042,,,20.0,70560000.0,,70560000.0,,8000.0,-9.578517930658201,-90.23,,-19.066314919671655,,0.0,1507737600000.0,-0.0092,0.0,,,0.4589,218.0,,,-5.81,致浩达控股,-4.5673,,1680000000.0,,0.042,港股主板
01570,188.1262915622088,,18.331,30,-0.19,False,0.01,3.7267,196133152.0,10.38,1.44,89.087,73.29,2035862118.0,,2035862118.0,,1000.0,-68.43809171360957,270.71,0.0,-45.650801325310006,123800.0,-0.02,1459872000000.0,-2.8072,0.0,12000.0,0.36,3.7383,217.0,0.01,,21.79,伟业控股,-3.6977,,196133152.0,,10.4,港股主板
01496,-5.807111909994678,,1.2052,30,1.51,False,0.001,0.7509,864000000.0,0.202,1.51,4.2145,33.6,174528000.0,,174528000.0,4.46,4000.0,4.531852851667452,-77.34,0.0,-3.3811321586287857,64092.0,0.003,1460044800000.0,0.0124,0.0,320000.0,2.19,0.736,217.0,0.04,,-21.74,亚积邦租赁,16.3462,,864000000.0,,0.199,港股主板
02396,40.85055912422357,,,30,-1.14,False,0.005,0.7159,83022145.0,3.91,1.14,,-75.82,324616587.0,,460040911.0,,200.0,,-88.43,0.0,,9474.0,-0.045,1766332800000.0,-2.3674,0.0,2400,0.17,0.7181,217.0,0.0,,-29.32,青城新药-B,-1.6516,,117657522.0,,3.955,港股主板
01047,,,0.0843,30,0.0,False,0.005,0.2458,369200000.0,0.34,0.0,5.7587,-18.07,125528000.0,,125528000.0,,2000.0,0.49890619131993436,0.41,0.0,8.145703230217016,204000.0,0.0,767203200000.0,0.0069,-136000.0,600000.0,1.51,0.2393,217.0,0.16,,,毅兴行,49.3428,,369200000.0,,0.34,港股主板
00406,,,0.020253445910122105,30,0.0,False,0.005,,438053600.0,0.505,,1.7575601671619023,-32.67,221217068.0,,221217068.0,,2000.0,-15.619887005822944,-94.53,0.0,17.774686304516017,,0.0,683395200000.0,-0.4652,0.0,,,0.1794,216.0,,,,有利集团,-1.0856,,438053600.0,,0.505,港股主板
08452,,,1.9896550527698695,30,0.0,False,0.001,,89840000.0,0.229,,,-21.03,20573360.0,,82288860.0,,2000.0,-12.44517777693829,-78.24,0.0,-46.977563032159985,,0.0,1495468800000.0,-0.1593,0.0,,,0.1858,216.0,,,2.24,富银融资股份,-1.4379,,359340000.0,,0.229,港股GEM
08221,2.0830003240396078,,4.0194,30,2.48,False,0.005,0.7052,47600000.0,2.07,0.0,21.935,84.82,98532000.0,,98532000.0,,5000.0,-7.227607876742899,-97.36,0.0,21.22333331509674,2697500.0,0.05,1483632000000.0,-0.2126,2636739.0,1300000,1.74,0.73,216.0,2.73,,2033.33,高裕金融,-9.7354,,47600000.0,,2.02,港股GEM
00214,,,0.0278,30,1.44,False,0.001,0.0231,840873996.0,0.212,0.0,0.0779,-24.29,178265287.0,,178265287.0,,2000.0,-14.548211466944913,,0.0,40.75046495841734,5102.95,0.003,505324800000.0,-1.2933,0.0,24470.0,0.93,0.0248,215.0,0.0,,,汇汉控股,-0.1639,,840873996.0,,0.209,港股主板
08448,,,0.692,30,0.0,False,0.005,11.0472,99800000.0,1.25,4.0,11.7622,160.42,124750000.0,,124750000.0,,20000.0,18.12326485285952,-85.28,0.0,23.59883755589771,49000.0,0.0,1522166400000.0,0.0164,0.0,40000.0,1.09,12.2955,215.0,0.04,,-0.43,环球印馆,76.44,,99800000.0,,1.25,港股GEM
08043,,,0.40148024998980114,30,0.0,False,0.001,,400000000.0,0.214,,124.78134110787173,18.23,85600000.0,,85600000.0,,5000.0,-6.745633406946397,-72.63,0.0,-9.79792490529553,,0.0,1516291200000.0,-0.0115,0.0,,,1.3109,215.0,,,56.25,ATLINKS,-18.57,,400000000.0,,0.214,港股GEM
01967,-8.746219219534712,,0.2509,30,-3.77,False,0.001,0.2678,300000000.0,0.255,6.04,,-32.89,76500000.0,,76500000.0,,200.0,-0.6056826952689832,-92.03,0.0,0.13142074701169015,29926.6,-0.01,1571328000000.0,-0.0065,0.0,123200.0,0.83,0.2686,215.0,0.04,,70.0,信恳智能,-39.2584,,300000000.0,,0.265,港股主板
01835,,,21.0847,30,-0.13,False,0.005,2.3059,38340000.0,3.995,0.12,,280.48,153168300.0,,612593300.0,,400.0,-12.85776689659376,-22.05,0.0,6.988293103909382,23990.0,-0.005,1542038400000.0,-0.23,0.0,6000.0,0.38,2.3131,214.0,0.02,,4.2,瑞威资管,-17.3696,,153340000.0,,4.0,港股主板
02925,,,,30,0.0,False,0.005,,1120444272.0,0.39,,,-51.25,436973266.0,,436973266.0,,200.0,-58.20843741326672,,0.0,6.200158886008755,,0.0,1121270400000.0,-0.0077,0.0,,,6.5054,214.0,,,,金泰能源控股,-50.9056,,1120444272.0,,0.39,港股主板
02439,-43.45690510286293,,0.899,30,0.48,False,0.001,0.3396,1200000000.0,0.211,4.29,7.0515,-11.34,253200000.0,,253200000.0,,2000.0,1.9539805069987912,-67.54,0.0,-13.14662170166786,207764.0,0.001,1680192000000.0,0.0124,0.0,978000.0,0.19,0.3406,214.0,0.08,,-35.24,中宝新材,17.0117,,1200000000.0,,0.21,港股主板
02195,16.01400937953954,,0.2066,30,0.0,False,0.001,0.5473,169142857.0,0.25,4.8,19.8524,-48.45,42285714.0,,42285714.0,,10000.0,-53.44671722975561,-93.75,0.0,22.214133899187004,4880.0,0.0,1617120000000.0,-0.3093,0.0,20000.0,0.2,0.5473,214.0,0.01,,-41.07,盈汇企业控股,-0.8082,,169142857.0,,0.25,港股主板
01650,51.259517224930626,,0.6902,30,1.76,False,0.001,2.2202,2000000000.0,0.173,2.35,,48.63,346000000.0,,346000000.0,5.2,8000.0,7.01679614095585,-6.54,0.0,9.174033676638093,81616.0,0.003,1593705600000.0,0.0054,0.0,480000.0,0.29,2.1807,212.0,0.02,,-46.4,HYGIEIA GROUP,32.2246,,2000000000.0,,0.17,港股主板
08420,,,0.9076,30,3.45,False,0.001,1.8984,887760000.0,0.03,3.45,7.1135,-6.25,26632800.0,,26632800.0,,5000.0,-15.181298977287822,-94.55,0.0,30.476759702817535,107245.0,0.001,1497542400000.0,-0.0026,-78000.0,3565000.0,15.17,1.8984,211.0,0.4,,0.0,NEXION TECH,-11.6504,,887760000.0,,0.029,港股GEM
01235,,,0.3551,30,-1.96,False,0.001,2.1061,509859000.0,0.25,5.1,7.4445,46.2,127464750.0,,127464750.0,4.0,5000.0,9.1430647431919,,0.0,107.35049643292855,59640.0,-0.005,1317225600000.0,0.0118,0.0,250000.0,0.79,1.8991,211.0,0.05,,,专业旅运,21.1034,,509859000.0,,0.255,港股主板
08385,-12.897468150824709,,0.3337,30,0.0,False,0.001,,104388000.0,0.1,0.0,,-50.0,10438800.0,,10438800.0,,10000.0,26.71993846679771,-97.37,0.0,8.301083837915723,10000.0,0.0,1513094400000.0,-0.2396,0.0,100000.0,0.03,-0.0833,211.0,0.1,,4.29,万里印刷,-0.4174,,104388000.0,,0.1,港股GEM
02116,-17.96071015924846,,1.551,30,0.0,False,0.005,1.2396,480000000.0,0.74,1.35,28.5406,45.1,355200000.0,,355200000.0,,2000.0,5.433444226965508,30.97,0.0,2.011949711945915,30980.0,0.0,1522166400000.0,0.0315,0.0,42000.0,0.69,1.2435,210.0,0.01,,-2.4,江苏创新,23.4559,,480000000.0,,0.74,港股主板
00114,-13.282599165965546,,0.5206190356720701,30,0.0,False,0.005,,604490763.0,0.69,,7.426176441263398,16.28,417098626.0,,417098626.0,8.7,5000.0,9.05961328819783,,0.0,-14.077353864689213,,0.0,599414400000.0,0.0888,0.0,,,0.6859,210.0,,,,兴利集团,7.7692,,604490763.0,,0.69,港股主板
02272,-2.0128435426687297,,6.0597,30,-2.72,False,0.05,3.4775,98265569.0,53.65,7.43,58.2445,35.65,5271947777.0,,5425227973.0,,60.0,,-51.27,0.66,-0.2651823957228072,5839203.0,-1.5,1782403200000.0,1.0451,293787.0,109620.0,1.62,3.4884,210.0,0.11,,203.92,科拓股份,51.3372,,101122609.0,,55.15,港股主板
00770,59.62454631161662,,,30,0.0,False,0.001,,17631415.0,0.21,,,-36.36,3702597.0,,3702597.0,,1000.0,-103.12965722801788,-81.31,0.0,,,0.0,754588800000.0,-0.4588,0.0,,,3.821,210.0,,,,楠爵资本,-0.4578,,17631415.0,,0.21,港股主板
02227,,,2.6622,30,1.54,False,0.005,0.5947,915600000.0,0.33,0.0,5.6951,126.03,302148000.0,,302148000.0,,4000.0,29.828462284302077,-52.17,0.0,1.0398527512418765,14520.0,0.005,1512921600000.0,0.1351,0.0,44000.0,1.04,0.595,207.0,0.0,,-18.82,守益控股,2.4432,,915600000.0,,0.325,港股主板
00413,498.9988540311896,,0.16646721946423004,30,0.0,False,0.001,,13221302172.0,0.021,,0.640951442818228,-36.36,277647346.0,,277647346.0,,8000.0,-34.674272441127165,,0.0,-31.43889404996748,,0.0,550771200000.0,-0.1354,0.0,,,0.0627,207.0,,,,南华集团控股,-0.1551,,13221302172.0,,0.021,港股主板
01975,-42.65893578133627,,0.9142,30,0.0,False,0.005,0.6913,480000000.0,0.52,0.0,11.9386,47.1,249600000.0,,249600000.0,9.23,4000.0,3.982211028017767,-25.03,0.0,-20.06045101016627,20800.0,0.0,1510761600000.0,0.0304,0.0,40000.0,0.4,0.689,206.0,0.01,,0.72,新兴印刷,17.0854,,480000000.0,,0.52,港股主板
08079,-59.994825451329234,,0.3529,30,0.0,False,0.005,0.5523,37337201.0,0.43,0.0,2.9362,3.61,16054996.0,,16054996.0,,5000.0,-12.461328153104539,,0.0,-13.946859252689059,4300.0,0.0,1003075200000.0,-0.0928,0.0,10000.0,0.14,0.6044,206.0,0.03,,,曌生命,-4.6348,,37337201.0,,0.43,港股GEM
00191,77.25843033280826,,0.0693,30,1.28,False,0.005,0.0251,883373901.0,0.395,5.13,,-21.0,348932691.0,,348932691.0,,1000.0,-15.068003041866938,,0.0,0.46865255199075584,51730.0,0.005,565459200000.0,-2.5297,0.0,127000.0,1.49,0.0251,206.0,0.01,,,丽新国际,-0.1561,,883373901.0,,0.39,港股主板
02605,-37.29837493382977,,0.7958,30,0.85,False,0.005,0.445,154911462.0,1.18,6.84,53.028,-54.26,182795525.0,,182795525.0,,400.0,-1.9908938099826503,-84.47,0.0,3.896453843889791,30948.0,0.01,1749484800000.0,-0.0657,0.0,25600,0.89,0.4449,205.0,0.02,,-30.26,METALIGHT,-17.9584,,154911462.0,,1.17,港股主板
00387,13.353335851631364,,0.2220311342221899,30,0.0,False,0.005,,230076062.0,0.69,,4.357261980567602,7.13,158752483.0,,158752483.0,8.7,4000.0,3.6986352623182963,,0.0,9.90162874649101,,0.0,1057766400000.0,0.0709,0.0,,,0.374,205.0,,,,力丰(集团),9.7328,,230076062.0,,0.69,港股主板
02797,21.269932781725174,,25.6599,30,-7.7,False,0.05,32.118,25000000.0,94.15,8.82,218.2086,1076.88,2353750000.0,,9415000000.0,,500.0,,488.44,0.0,9.891874329133653,7836200.0,-7.85,1783526400000.0,0.5214,0.0,83500,14.06,19.1321,203.0,0.33,,162.5,齐云山食品,180.5584,,100000000.0,,102.0,港股主板
08612,-37.951340510464895,,1.3336,30,6.85,False,0.001,2.1556,414720000.0,0.078,5.48,,-11.16,32348160.0,,32348160.0,,20000.0,-186.3244729605866,-98.67,0.0,2.4092188407830673,316120.0,0.005,1562860800000.0,-0.0368,299200.0,3960000,12.16,2.1555,203.0,0.95,,41.82,维亮控股,-2.1217,,414720000.0,,0.073,港股GEM
01767,-6.215844791617053,,0.856,30,-2.5,False,0.005,0.7037,1000000000.0,0.39,2.5,11.0757,30.92,390000000.0,,390000000.0,0.51,10000.0,4.668546847847763,-36.28,0.0,4.172154825993291,55900.0,-0.01,1547395200000.0,0.0246,0.0,140000,0.14,0.704,202.0,0.01,,26.0,TS WONDERS,15.8719,,1000000000.0,,0.4,港股主板
00430,102.9680866139079,,6.1735139324433295,30,0.0,False,0.005,,388183600.0,0.355,,0.8959791552885491,-11.23,137805178.0,,137805178.0,3.94,4000.0,-39.988024789191655,-97.1,0.0,-4.413352490724664,,0.0,733420800000.0,-1.2232,0.0,,,0.1455,201.0,,,,东方兴业控股,-0.2902,,388183600.0,,0.355,港股主板
08432,12.841687546055368,,0.1979,30,0.0,False,0.001,2.9387,879264000.0,0.045,0.0,0.6808,13.07,39566880.0,,39566880.0,13.33,10000.0,105.64718400851258,-98.28,0.0,4.546112818360526,18000.0,0.0,1484064000000.0,0.0158,0.0,400000.0,3.23,1.9359,200.0,0.05,,6.58,太平洋酒吧,2.8465,,879264000.0,,0.045,港股GEM
02479,-38.54589828315144,,6.463279643159693,30,0.0,False,0.05,,50118200.0,65.0,,,0.0,3257683000.0,,3257683000.0,,50.0,-2.608689118690847,-42.48,,-5.571509149048548,,0.0,1719504000000.0,-0.5786,0.0,,,2.8833,200.0,,,-27.82,天聚地合,-112.3395,,50118200.0,,65.0,港股主板
01540,-17.5747198752615,,0.4745,30,0.0,False,0.005,0.8064,498671823.0,0.5,3.0,3.3518,110.79,249335912.0,,249335912.0,66.0,3000.0,8.285782899432101,63.35,2.04,-0.6285005588885451,133995.0,0.0,1538928000000.0,0.0491,0.0,273000.0,0.85,0.8064,199.0,0.05,,-16.0,澳狮环球,10.1782,,498671823.0,,0.5,港股主板
00093,73.82817492488452,,2.1989,30,-7.69,False,0.005,0.8089,2667643050.0,0.36,2.56,,-28.0,960351498.0,,960351498.0,,2000.0,5.1783353742215175,-21.52,0.0,39.5074976565329,10320.0,-0.03,688147200000.0,0.0223,0.0,28000,0.76,0.8089,199.0,0.0,,,零在科技金融,16.1233,,2667643050.0,,0.39,港股主板
00428,,,109.69474814814815,30,0.0,False,0.001,,154258237.0,0.192,,,-19.67,29617582.0,,29617582.0,,4000.0,-21.87354280202041,-99.86,0.0,-59.10237632169505,,0.0,755798400000.0,-0.1992,0.0,,,0.209,198.0,,,,中国天弓控股,-0.964,,154258237.0,,0.192,港股主板
01869,,,1.0217,30,4.17,False,0.001,,1692300000.0,0.05,8.33,,-60.63,84615000.0,,84615000.0,,10000.0,4.737967296469637,,0.0,-27.63837932141122,100440.0,0.002,1467216000000.0,-0.0019,0.0,2030000,1.02,-1.696,198.0,0.12,,,猫屎咖啡控股,-25.7973,,1692300000.0,,0.048,港股主板
09893,32.52809498491904,,2.9477781116169743,30,0.0,False,0.005,,3558724852.0,1.445,,8.625236558598722,56.72,5142357411.0,,5142357411.0,1.94,20000.0,17.976491976010287,,0.35,0.9398218876574882,,0.0,1091721600000.0,0.0653,0.0,,,3.5817,198.0,,,,比优集团,22.1134,,3558724852.0,,1.445,港股主板
08400,,,1.2771,30,0.0,False,0.001,3.4349,1000000000.0,0.098,,5.853,157.89,98000000.0,,98000000.0,,10000.0,34.5775950668037,-80.78,0.0,48.3665526233968,8640.0,0.0,1510675200000.0,0.0084,0.0,90000.0,0.15,3.4349,198.0,0.01,,10.71,亚洲先锋娱乐,11.6514,,1000000000.0,,0.098,港股GEM
09609,-53.653459834877005,,3.0252,30,-2.17,False,0.005,0.7962,66234139.0,6.76,2.32,19.3327,-26.68,447742780.0,,1087863052.0,,200.0,,-49.93,0.0,-3.3481610403867212,9610.0,-0.15,1764259200000.0,0.12,0.0,1400,0.3,0.7987,197.0,0.0,,-22.97,海伟股份,56.3376,,160926487.0,,6.91,港股主板
02261,13.81385307387304,,11.8911,30,-2.1,False,0.01,,594984292.0,16.28,4.69,,56.24,9686344274.0,,9686344274.0,,100.0,,-3.67,-0.12,45.62211695025458,5135352.7,-0.35,1786032000000.0,-0.4383,0.0,308800,0.93,-13.1283,197.0,0.05,,64.11,拿森科技,-37.1458,,594984292.0,,16.63,港股主板
00310,-75.38437541876885,,,30,0.0,False,0.001,,621132020.0,0.12,,,-40.0,74535842.0,,74535842.0,,15000.0,-2634.4615384615386,-98.62,0.0,,,0.0,1008086400000.0,-0.0207,0.0,,,4.7927,197.0,,,,嘉进投资国际,-5.8036,,621132020.0,,0.12,港股主板
08205,-3.2096733714275016,,2.676966667721652,30,-1.23,False,0.005,,132000000.0,0.4,,21.611886537595677,-9.09,52800000.0,,192000000.0,,4000.0,-138.7645478961504,-40.3,0.0,4.721224950972558,,-0.005,1028044800000.0,-0.0169,0.0,,,108.4317,196.0,,,0.0,交大慧谷,-23.6802,,480000000.0,,0.405,港股GEM
02427,131.58037463757833,,23.9483,30,-2.8,False,0.005,9.9825,950000000.0,2.43,4.0,,358.49,2308500000.0,,2308500000.0,,5000.0,-31.015149913604724,118.94,0.0,-20.323673234849938,333650.0,-0.07,1672243200000.0,-0.0859,0.0,135000,1.32,10.0137,195.0,0.01,,230.19,GUANZE MEDICAL,-28.2859,,950000000.0,,2.5,港股主板
01283,-8.006249919782682,,2.7257,30,0.0,False,0.005,3.0814,825827000.0,1.75,0.57,,-2.03,1445197250.0,,1445197250.0,1.03,5000.0,9.135940990078439,109.23,0.0,-0.5146917543950802,506200.0,0.0,1571328000000.0,0.0532,0.0,290000.0,0.72,2.8277,194.0,0.04,,1.37,高陞集团控股,32.8685,,825827000.0,,1.75,港股主板
00247,-6.071658721601503,,4.662925987678132,30,0.0,False,0.01,,2249048488.0,19.35,,22.057317913329953,-2.99,43519088243.0,,43519088243.0,2.93,2000.0,2.7149862456643943,,,-7.854682520128975,,0.0,80409600000.0,1.2112,0.0,,,0.426,193.0,,,,尖沙咀置业,15.9762,,2249048488.0,,19.35,港股主板
08426,13.489644805472611,,0.428,30,0.0,False,0.005,1.3314,800000000.0,0.27,0.0,,-23.99,216000000.0,,216000000.0,6.3,10000.0,14.975760724405331,27.54,0.0,20.554736812332976,8100.0,0.0,1510243200000.0,0.0294,0.0,30000.0,0.01,1.3314,193.0,0.0,,5.0,雅居投资控股,9.1942,,800000000.0,,0.27,港股GEM
08525,,,2.7451,30,1.9,False,0.005,0.6796,270000000.0,0.805,11.39,,-10.56,217350000.0,,217350000.0,,2000.0,6.671232851146741,-55.16,0.0,40.79685513608447,27700.0,0.015,1531843200000.0,0.0765,0.0,36000,0.59,0.6818,192.0,0.01,,8.59,百应控股,10.5295,,270000000.0,,0.79,港股GEM
02175,-18.19762398914122,,3.054,30,-0.44,False,0.005,0.5144,505517000.0,2.25,4.42,10.1897,-30.12,1137413250.0,,1137413250.0,,1000.0,3.9658893291114676,-31.61,0.0,0.45025925428043845,246370.0,-0.01,1626364800000.0,0.1707,0.0,112000.0,1.2,0.519,192.0,0.02,,0.0,中国通才教育,13.1774,,505517000.0,,2.26,港股主板
01271,,,0.4988257561537354,30,0.0,False,0.005,,1420222346.0,0.305,,1.0121571063054222,-64.94,433167816.0,,433167816.0,,1000.0,-13.714158802235007,35.98,0.0,-44.224029316460786,,0.0,1375977600000.0,-0.2461,0.0,,,0.1823,191.0,,,0.0,佳明集团控股,-1.2394,,1420222346.0,,0.305,港股主板
02917,,,,30,,False,0.001,,407671369.0,0.01,,,,4076714.0,,4076714.0,,2000.0,-31.775799621968087,-62.96,0.0,-0.7394976760035088,,,1789920000000.0,-0.0369,0.0,,,0.054,191.0,,,-80.0,智算能建股权,-0.271,,407671369.0,,,港股主板
08347,-64.30433056219213,,0.05650914800141081,30,0.0,False,0.001,,137520190.0,0.12,,2.0041805926645617,-14.29,16502423.0,,16502423.0,,8000.0,-0.24171308656624588,-96.55,0.0,-12.096324506554657,,0.0,1491926400000.0,-0.0016,0.0,,,0.1806,191.0,,,-16.67,F8企业,-75.011,,137520190.0,,0.12,港股GEM
02934,,,,30,-24.74,False,0.005,,1014444348.0,1.095,37.8,,-21.79,1110816561.0,,3390619415.0,,30.0,-0.5274095511056102,,-28.9,-16.14590755394163,76405.46,-0.36,912441600000.0,-0.0945,0.0,55141.0,1.78,1.1546,191.0,0.01,,,中国三迪,-11.588,,3096456087.0,,1.455,港股主板
01795,13.504783617157123,,0.1988,30,-10.0,False,0.005,0.6312,600000000.0,0.45,4.0,1.1411,-19.64,270000000.0,,270000000.0,,3000.0,12.940159798883851,-33.99,0.0,7.183432545322144,56985.0,-0.05,1605628800000.0,0.085,0.0,123000,3.08,0.6332,191.0,0.02,,-1.19,亚东集团,5.297,,600000000.0,,0.5,港股主板
01751,,,2.8625,30,-2.99,False,0.005,3.5113,407671369.0,0.65,2.99,,-65.66,264986390.0,,264986390.0,,2000.0,-31.775799621968087,,0.0,-0.7394976760035088,14540.0,-0.02,1481817600000.0,-0.0369,0.0,22000.0,0.16,3.5113,191.0,0.01,,,智算能建,-17.6117,,407671369.0,,0.67,港股主板
01719,32.33151443901734,,0.9856275055831435,30,0.0,False,0.001,,1725066689.0,0.23,,3.7271409730115637,-30.3,396765338.0,,396765338.0,,4000.0,2.031366562956066,,0.0,2.8743258215698786,,0.0,1126800000000.0,0.0096,0.0,,,0.4709,191.0,,,,中国通商集团,24.0245,,1725066689.0,,0.23,港股主板
01059,18.795849116602902,,1.1345,30,5.0,False,0.005,0.7111,375033506.0,0.42,20.0,3.9025,1.2,157514073.0,,157514073.0,,3000.0,6.968736734230081,-92.16,0.0,2.550578873818976,87795.0,0.02,853948800000.0,0.0433,0.0,222000,1.4,0.6447,190.0,0.06,,,看通集团,9.692,,375033506.0,,0.4,港股主板
02619,,,0.2095,30,-0.9,False,0.005,0.243,68220000.0,1.105,0.0,5.5366,-57.65,75383100.0,,301531857.0,3.71,1000.0,-0.5253733982742994,-57.01,0.0,1.1881095422064947,11100.0,-0.01,1750780800000.0,-0.0265,0.0,10000.0,0.58,0.2436,189.0,0.01,,-11.89,香江电器,-41.6818,,272879509.0,,1.115,港股主板
02405,,,17.29019876206139,30,0.0,False,0.005,,800000000.0,0.36,,15.565043506458412,-72.31,288000000.0,,288000000.0,,4000.0,-9.239378485107059,-52.63,0.0,-63.08381114539443,,0.0,1680192000000.0,-0.0225,0.0,,,1.5267,188.0,,,20.0,力盟科技,-16.0342,,800000000.0,,0.36,港股主板
01667,-0.14910994839993919,,4.056147598704286,30,0.0,False,0.005,,960000000.0,0.36,,,-7.69,345600000.0,,345600000.0,,10000.0,-212.73711650290755,-45.85,0.0,-7.975338137899646,,0.0,1491494400000.0,-0.0276,0.0,,,32.8924,188.0,,,23.08,迪米生活控股,-13.0302,,960000000.0,,0.36,港股主板
06063,-25.821055054659293,,7.9653,30,-4.76,False,0.005,13.8188,2000000000.0,0.9,7.41,119.4505,361.54,1800000000.0,,1800000000.0,,8000.0,-2.597586216376497,105.2,0.56,5.835919410066492,3242200.0,-0.045,1586880000000.0,-0.0017,-1237760.0,3616000,1.33,14.3246,187.0,0.18,,176.0,智中国际,-544.3,,2000000000.0,,0.945,港股主板
01689,-4.810769299633389,,2.12,30,37.7,False,0.005,1.5971,701430000.0,0.42,42.62,7.2739,-3.45,294600600.0,,294600600.0,,2000.0,-17.460605889985693,-22.62,0.0,-6.639119048626451,464430.0,0.115,1386259200000.0,-0.0486,0.0,1346000,6.55,1.5971,187.0,0.19,,,华禧控股,-8.6363,,701430000.0,,0.305,港股主板
08412,,,3.0824,30,2.67,False,0.005,15.7146,146697120.0,0.385,30.67,8.6703,-10.47,56478391.0,,56478391.0,,10000.0,-156.03404080795653,-94.51,0.0,-38.29278768648457,156600.0,0.01,1491494400000.0,-0.0519,0.0,400000.0,4.17,7.9974,186.0,0.27,,8.82,新爱德集团,-7.4226,,146697120.0,,0.375,港股GEM
01379,-11.097639657339942,,1.8798159715120257,30,0.0,False,0.005,,20000000.0,1.83,,22.98994974874372,-39.81,36600000.0,,146400000.0,7.65,500.0,2.2118326757387874,-55.3,0.0,-11.408180541760215,,0.0,1609257600000.0,0.2509,0.0,,,0.1592,186.0,,,-3.04,温岭工量刃具,7.2952,,80000000.0,,1.83,港股主板
01542,21.853258527676765,,0.16717229069918266,30,-0.81,False,0.005,,50000000.0,0.615,,0.49957556385022484,-46.05,30750000.0,,123000000.0,,1000.0,-10.558151738814951,-81.99,0.0,4.449220870925341,,-0.005,1577721600000.0,-0.5357,0.0,,,0.1028,186.0,,,0.0,台州水务,-1.1479,,200000000.0,,0.62,港股主板
06083,-7.153844997315362,,0.6961,30,-7.32,False,0.005,2.8267,501843114.0,0.57,13.01,4.2587,14.67,286050575.0,,286050575.0,4.74,4000.0,16.849163325523715,,0.0,12.999624106812036,540820.0,-0.045,1451318400000.0,0.0342,0.0,932000,4.06,2.8267,185.0,0.19,,,环宇物流(亚洲),16.6425,,501843114.0,,0.615,港股主板
08208,11.415978746020672,,1.164483238580563,30,-4.0,False,0.001,,720000000.0,0.12,,111.48387096774194,20.0,86400000.0,,86400000.0,,6000.0,-3.2143365097425685,-75.0,0.0,5.331313325257203,,-0.005,1574956800000.0,-0.0009,0.0,,,4.1123,185.0,,,0.0,永通万国集团,-135.6368,,720000000.0,,0.125,港股GEM
01690,199.3095636657142,,0.7528,30,0.73,False,0.001,1.58,1445230000.0,0.138,0.0,5.3008,130.77,199441740.0,,199441740.0,21.74,10000.0,15.723128394957758,,0.0,-8.494592055420558,6860.0,0.001,1443110400000.0,0.0142,0.0,50000.0,0.25,1.58,185.0,0.0,,,立基工程控股,9.7113,,1445230000.0,,0.137,港股主板
01406,144.10002644064681,,1.077591542008773,30,0.0,False,0.005,,539767122.0,0.355,,,0.0,191617328.0,,191617328.0,,1250.0,-33.30188171560802,-77.67,,-5.964360734566309,,0.0,1645113600000.0,-0.086,0.0,,,1.6316,184.0,,,-3.75,清晰医疗,-4.1286,,539767122.0,,0.355,港股主板
81299,41.05577483685534,,1.8776,30,0.85,False,0.05,2.236,10346644870.0,59.2,2.39,22.4699,-17.61,612521376304.0,,612521376304.0,3.37,200.0,19.69256540375425,-19.04,0.08,11.364845025680047,213870.0,0.5,1687104000000.0,6.0218,0.0,3600,0.15,2.2484,184.0,0.0,69.25,1.11,友邦保险-R,9.831,01299,10346644870.0,,58.7,港股主板
08411,-16.221658634611735,,2.0697,30,-4.07,False,0.001,2.7506,1000000000.0,0.118,1.63,32.9609,39.81,118000000.0,,118000000.0,7.63,10000.0,15.24625184115805,-93.22,0.0,41.27883463240713,19140.0,-0.005,1481126400000.0,0.0078,0.0,160000.0,1.08,2.7506,184.0,0.02,,31.56,K W NELSON GP,15.0992,,1000000000.0,,0.123,港股GEM
08472,,,0.182,30,0.0,False,0.005,0.3167,115200000.0,0.375,9.33,,-46.43,43200000.0,,43200000.0,,2000.0,-8.569443859722982,-94.76,0.0,-38.15925362599596,265160.0,0.0,1500307200000.0,-0.106,0.0,742000.0,1.94,0.3167,183.0,0.64,,-8.33,立高控股,-3.5372,,115200000.0,,0.375,港股GEM
08403,10.221427824381069,,5.0227,30,-0.44,False,0.005,17.1507,169200000.0,3.43,4.21,,127.15,580356000.0,,580356000.0,,4000.0,-98.65401329543586,16.67,0.0,-2.613892491719816,560200.0,-0.015,1528732800000.0,-0.1434,0.0,164000.0,1.46,17.2044,182.0,0.1,,-4.83,德丰宿来,-23.9162,,169200000.0,,3.445,港股GEM
08431,-2.976675942703755,,15.7169,30,0.0,False,0.005,26.8966,236563600.0,1.28,2.34,,454.11,302801408.0,,302801408.0,,10000.0,-310.7957165547984,-91.91,0.0,7.298284010223677,2324400.0,0.0,1495728000000.0,-0.1282,0.0,1820000.0,1.06,17.4601,182.0,0.77,,-11.21,浩柏国际,-9.9839,,236563600.0,,1.28,港股GEM
06113,-21.70947151545234,,2.6333,30,0.42,False,0.005,7.8441,400000000.0,1.2,11.3,29.1044,-37.17,480000000.0,,480000000.0,,2000.0,-40.28080612026266,24.57,0.0,0.14889250269718435,72250.0,0.005,1499788800000.0,-0.0761,0.0,60000.0,0.96,7.8437,182.0,0.02,,-17.98,比特策略,-15.7605,,400000000.0,,1.195,港股主板
08620,-61.9661918234596,,0.282,30,-1.34,False,0.001,2.7498,628705000.0,0.147,1.34,8.2129,54.74,92419635.0,,92419635.0,,5000.0,-3.423601258404787,-79.0,0.0,-0.005390808173955097,19240.0,-0.002,1587312000000.0,-0.0018,0.0,130000,0.06,2.2914,181.0,0.02,,-36.0,亚洲速运,-83.2609,,628705000.0,,0.149,港股GEM
01577,16.010032180842536,,5.225,30,1.46,False,0.005,0.4751,180000000.0,1.045,4.85,8.1449,11.63,188100000.0,,710600000.0,5.65,2000.0,7.961621422016968,-0.49,0.0,1.0438279562823283,39180.0,0.015,1475164800000.0,0.1683,0.0,38000.0,0.79,0.4765,181.0,0.02,,-6.67,汇鑫小贷,6.2094,,680000000.0,,1.03,港股主板
08507,-45.547798528725956,,3.239,30,0.0,False,0.005,25.0784,800000000.0,0.66,3.03,66.4653,204.29,528000000.0,,528000000.0,,4000.0,-4.918990377225074,143.36,0.0,2.8698706675045704,642800.0,0.0,1523808000000.0,-0.001,-245520.0,976000.0,1.4,9.5132,181.0,0.12,,-15.52,爱世纪集团,-660.0,,800000000.0,,0.66,港股GEM
08098,60.831071078608765,,11.658,30,32.02,False,0.001,2.7736,2200000000.0,0.235,30.9,28.0149,400.0,517000000.0,,517000000.0,,10000.0,-13.6619497738078,57.72,0.0,4.928146131171918,351740.0,0.057,1299513600000.0,-0.0105,0.0,1800000,0.45,3.2429,181.0,0.08,,0.0,昌利控股,-22.3635,,2200000000.0,,0.178,港股GEM
01621,22.14444937784674,,0.1737,30,-0.44,False,0.001,0.9327,1000000000.0,0.227,0.44,7.7599,75.97,227000000.0,,227000000.0,,8000.0,6.668094939960521,-39.99,0.0,8.72168057521796,63480.0,-0.001,1520179200000.0,0.016,0.0,280000.0,0.49,0.9139,181.0,0.03,,10.0,域高国际控股,14.1618,,1000000000.0,,0.228,港股主板
08547,,,0.7217383743013729,30,0.0,False,0.001,,1064073316.0,0.075,,6.329750872461929,20.97,79805499.0,,79805499.0,,10000.0,,-98.72,4.17,,,0.0,1531843200000.0,-0.0379,-385920.0,,,0.9256,180.0,,,-1.67,PACIFIC LEGEND,-1.9792,,1064073316.0,,0.075,港股GEM
08500,-8.490973783352851,,2.5380424721187054,30,0.0,False,0.001,,432000000.0,0.091,,1.5572192513368983,-41.29,39312000.0,,39312000.0,,10000.0,-97.78480135296238,-88.18,,-41.563582320450045,,0.0,1578931200000.0,-0.0434,0.0,,,1.0443,180.0,,,-28.78,天泓文创,-2.0973,,432000000.0,,0.091,港股GEM
00948,297.1630703616901,,1.1618413370143579,30,0.0,False,0.005,,412280383.0,0.295,,,55.84,121622713.0,,121622713.0,,10000.0,-384.1279462849416,-98.88,0.0,-34.19419859032984,,0.0,1267372800000.0,0.1998,144100.0,,,4.4992,179.0,,,0.0,阿尔法企业,1.4763,,412280383.0,,0.295,港股主板
06228,55.053486386511395,,209.468,30,-0.98,False,0.02,17.9011,1473136606.0,34.46,3.56,,29.55,50764287443.0,,50764287443.0,,100.0,,29.55,0.7,226.43385260012718,43892958.0,-0.34,1782403200000.0,-0.0139,-84560.0,1266600.0,1.79,17.9052,179.0,0.09,,-6.54,自由黄金-DRS,-248.0387,,1473136606.0,,34.8,港股主板
01631,-42.36457795269959,,4.2541,30,-1.14,False,0.005,3.6655,307200000.0,1.3,0.0,9.4903,154.9,399360000.0,,399360000.0,,5000.0,1.9387728696012214,,0.0,-8.497306164933061,13000.0,-0.015,1443110400000.0,0.0061,0.0,10000,0.14,3.6655,179.0,0.0,,,REF HOLDINGS,213.2194,,307200000.0,,1.315,港股主板
08065,-29.27318204395447,,0.4787,30,-3.43,False,0.001,0.5186,404960000.0,0.169,1.14,6.457,42.02,68438240.0,,68438240.0,,5000.0,-8.721330538427406,-78.17,0.0,-2.325586611748276,4090.0,-0.006,1508083200000.0,-0.0282,0.0,25000.0,0.14,0.5474,178.0,0.01,,45.0,高萌科技,-6.0034,,404960000.0,,0.175,港股GEM
02738,,,0.3025,30,-4.32,False,0.001,,600000000.0,0.155,4.32,,-44.64,93000000.0,,93000000.0,,2000.0,161.7904803598925,-94.41,0.0,-71.37611681755114,26214.0,-0.007,1460649600000.0,-1.6135,0.0,164000,0.74,-0.0843,178.0,0.03,,-10.0,华津国际控股,-0.0961,,600000000.0,,0.162,港股主板
02573,,,0.9093,30,-0.1,False,0.005,0.6975,96231234.0,4.895,3.88,,-39.19,471051890.0,,471051890.0,,200.0,-12.040995338703956,-83.82,0.0,-7.355218059923507,120100.0,-0.005,1749484800000.0,-0.9039,-80463.0,25000.0,7.58,0.6997,178.0,0.03,,21.43,新琪安,-5.4154,,96231234.0,,4.9,港股主板
08423,,,0.1128,30,0.0,False,0.001,0.2628,800000000.0,0.041,0.0,,-4.65,32800000.0,,32800000.0,,10000.0,-55.92594064126505,-84.84,0.0,-4.862957056440087,48790.0,0.0,1489334400000.0,-0.0792,0.0,1190000.0,3.99,0.402,177.0,0.15,,3.39,CHI HO DEV,-0.5178,,800000000.0,,0.041,港股GEM
08450,26.717963605993965,,13.5422,30,-4.29,False,0.005,23.7227,1000000000.0,0.67,6.43,,612.77,670000000.0,,670000000.0,,10000.0,-40.28388446693905,36.29,-2.19,24.615944738471285,397450.0,-0.03,1517500800000.0,-0.0142,0.0,600000.0,0.3,23.7227,177.0,0.06,,15.91,钜京控股,-47.0274,,1000000000.0,,0.7,港股GEM
03789,-11.940802621377511,,0.429,30,-4.62,False,0.001,0.947,1200000000.0,0.248,14.23,10.8692,243.02,297600000.0,,297600000.0,2.02,4000.0,4.5976469107839435,-49.43,0.0,-0.3991535176884109,57832.0,-0.012,1486483200000.0,0.0122,0.0,216000,0.81,0.9152,176.0,0.02,,11.54,御佳控股,20.3626,,1200000000.0,,0.26,港股主板
08659,-38.2080975163677,,0.5336,30,-1.03,False,0.001,0.2416,823331036.0,0.096,3.09,47.5891,-39.62,79039779.0,,79039779.0,,5000.0,-8.376885815293852,-85.45,0.0,-32.763666940188685,29995.0,-0.001,1594569600000.0,-0.0331,0.0,315000,0.76,0.2423,176.0,0.04,,90.0,易和国际控股,-2.8969,,823331036.0,,0.097,港股GEM
08631,34.935186207620525,,0.24424590260931306,30,0.0,False,0.005,,48000000.0,0.43,,,-21.82,20640000.0,,20640000.0,,10000.0,-158.51877017156446,-92.71,,6.6822686213038995,,0.0,1546876800000.0,-0.7759,0.0,,,-2.1422,176.0,,,-17.5,申港控股,-0.5542,,48000000.0,,0.43,港股GEM
02263,-5.109780356449001,,9.879987214134193,30,0.0,False,0.005,,1000000000.0,0.34,,,17.24,340000000.0,,340000000.0,,10000.0,2.8216589418091296,-39.29,0.0,-2.3316977874871636,,0.0,1582041600000.0,0.0103,0.0,,,0.9222,175.0,,,-20.0,富石金融,33.1449,,1000000000.0,,0.34,港股主板
02129,-14.73361095192528,,0.9219,30,-3.39,False,0.005,1.184,1250000000.0,0.285,5.08,5.6368,86.27,356250000.0,,356250000.0,,5000.0,-4.849771070368842,-38.04,0.0,3.8658598196110505,62425.0,-0.01,1610467200000.0,-0.0118,0.0,215000.0,0.17,1.1846,175.0,0.02,,-12.5,LEGION CONSO,-24.1402,,1250000000.0,,0.295,港股主板
01653,,,3.6332,30,2.5,False,0.005,2.8981,288917000.0,1.435,0.0,22.3755,-34.17,414595895.0,,414595895.0,,20000.0,-13.732227263235824,-52.17,0.0,-9.498346984202055,28700.0,0.035,1539878400000.0,-0.0626,0.0,20000,0.11,3.3605,174.0,0.01,,84.21,MOS HOUSE,-22.9248,,288917000.0,,1.4,港股主板
02270,,,6.31685889196521,30,-0.17,False,0.005,,620259200.0,5.94,,360.7146708439397,49.62,3684339648.0,,3684339648.0,,2000.0,2.0583190394511153,431.97,0.0,16.427204400417384,,-0.01,1639670400000.0,0.0109,0.0,,,10.2837,173.0,,,-5.41,德商产投服务,546.2548,,620259200.0,,5.95,港股主板
02152,-3.197531946067411,,0.39241867981494033,30,0.0,False,0.005,,26047000.0,4.465,,11.18458204219242,-16.11,116299855.0,,451174855.0,9.52,500.0,8.019571637602331,-30.31,0.0,12.712376880331222,,0.0,1661270400000.0,0.7605,0.0,,,0.4593,172.0,,,-0.12,苏新服务,5.8713,,101047000.0,,4.465,港股主板
08241,66.21183112639287,,2.0963,30,0.0,False,0.001,,361650000.0,0.168,0.0,13.4478,80.65,60757200.0,,60757200.0,,5000.0,139.64334017933174,-86.0,0.0,-8.181942776837147,11760.0,0.0,1523808000000.0,-0.0771,0.0,70000.0,0.65,-2.0824,172.0,0.02,,33.33,英记茶庄集团,-2.1795,,361650000.0,,0.168,港股GEM
08341,-19.35353127896541,,0.1932,30,-9.33,False,0.001,0.582,240000000.0,0.136,9.33,,3.03,32640000.0,,32640000.0,,5000.0,6.954721281479223,-99.43,0.0,-13.673023969146747,25115.0,-0.014,1484236800000.0,0.0181,0.0,180000,3.29,0.448,172.0,0.08,,-19.75,艾硕控股,7.5329,,240000000.0,,0.15,港股GEM
08286,73.06746641127306,,2.1554,30,-4.11,False,0.001,,110000000.0,0.14,10.27,241.4945,48.94,15400000.0,,43240400.0,,5000.0,18.477719691311925,-63.2,0.0,-14.6875208388882,33800.0,-0.006,1084809600000.0,-0.1085,0.0,255000.0,1.04,-0.214,172.0,0.23,,0.0,长城微光,-1.2908,,308860000.0,,0.146,港股GEM
01793,16.713528316355152,,1.7982,30,-4.59,False,0.005,7.0038,800000000.0,2.39,6.39,14.7164,1003.93,1912000000.0,,1912000000.0,0.5,4000.0,3.4236716751368292,528.95,-0.83,6.956846016709339,4272614.25,-0.115,1551196800000.0,0.0118,432580.0,1735900,0.66,6.9242,171.0,0.22,,4.0,伟工控股,202.221,,800000000.0,,2.505,港股主板
08521,,,1.9928,30,0.0,False,0.005,2.2611,639000000.0,0.625,0.0,,-50.0,399375000.0,,399375000.0,,5000.0,0.6296898069805228,18.84,0.0,50.824809123266505,21775.0,0.0,1526400000000.0,0.0015,0.0,35000.0,0.84,2.2611,171.0,0.01,,12.07,智云国际控股,427.5964,,639000000.0,,0.625,港股GEM
06890,21.892989986847855,,0.2142,30,-1.37,False,0.005,0.3976,606252000.0,0.72,0.0,8.6187,106.07,436501440.0,,436501440.0,12.5,2000.0,7.191681380349565,-8.1,-0.69,0.9776534357073707,2900.0,-0.01,1542556800000.0,0.124,0.0,4000,0.2,0.3971,171.0,0.0,,4.9,康利国际控股,5.8047,,606252000.0,,0.73,港股主板
02499,40.57485037473978,,0.9669,30,-0.36,False,0.005,1.26,264151704.0,5.54,0.0,2.8121,-7.97,1463400440.0,,2008376401.0,,200.0,6.539026848994606,-64.01,0.0,11.256685254540333,14456.0,-0.02,1699545600000.0,0.2696,0.0,2600.0,0.72,1.264,171.0,0.0,,3.36,佛朗斯股份,20.5525,,362522816.0,,5.56,港股主板
08465,-31.077480874573226,,,30,,False,0.01,,260000000.0,1.16,,,,301600000.0,,301600000.0,,2000.0,6.91252819143546,-53.23,,-33.34149020832281,,,1500480000000.0,0.1692,0.0,,,0.4516,170.0,,,-26.21,高科桥,6.8549,,260000000.0,,,港股GEM
08115,,,4.4637,30,0.39,False,0.005,13.642,83560000.0,3.845,0.13,19.0466,-26.06,321288200.0,,828328350.0,,500.0,-478.21486399362175,586.61,0.0,47.14967379837165,122932.5,0.015,1088524800000.0,-2.6057,0.0,32000.0,0.23,13.6847,170.0,0.04,,0.0,清大东方,-1.4756,,215430000.0,,3.83,港股GEM
01891,-39.23829190789997,,0.0739,30,-4.31,False,0.001,0.4222,1000000000.0,0.2,3.83,3.4587,38.89,200000000.0,,200000000.0,,4000.0,2.931620549349081,-50.38,1.01,-0.603148216437388,313348.0,-0.009,1552579200000.0,0.0143,0.0,1556000,3.49,0.4222,170.0,0.16,,-26.0,兴合控股,13.9647,,1000000000.0,,0.209,港股主板
01413,,,0.3525,30,-0.47,False,0.001,0.3324,328000000.0,0.212,6.1,,-40.65,69536000.0,,69536000.0,,7000.0,-25.720362646894568,-90.69,0.0,-16.456631935438004,175378.0,-0.001,1615392000000.0,-0.165,0.0,840000.0,2.24,0.3496,170.0,0.26,,-22.22,铸帝控股,-1.285,,328000000.0,,0.213,港股主板
01370,-58.6350335175235,,0.2955,30,2.99,False,0.001,0.4416,1635329892.0,0.138,8.96,2.7321,-58.18,225675525.0,,225675525.0,,1000.0,-32.851592173658226,-95.63,0.0,2.515870551602828,120565.0,0.004,1385568000000.0,-0.119,-41942.0,894000.0,0.42,0.443,170.0,0.05,,0.0,奥威控股,-1.1595,,1635329892.0,,0.134,港股主板
80737,2.321503048444118,,6.6952,30,0.0,False,0.005,1.0575,3331690283.0,1.61,0.0,7.8096,0.63,5364021356.0,,5364021356.0,11.3,500.0,10.608311924353615,-47.87,0.0,-3.3906781749239667,805.0,0.0,1351440000000.0,0.1775,0.0,500.0,0.06,1.0485,169.0,0.0,1.92,,湾区发展-R,9.0685,00737,3331690283.0,,1.61,港股主板
08627,,,1.7923,30,-8.47,False,0.001,0.5543,800000000.0,0.054,10.17,,-34.94,43200000.0,,43200000.0,,8000.0,-24.09007250600942,-82.0,-3.57,-8.346567834845576,12400.0,-0.005,1573660800000.0,-0.0262,0.0,224000,0.41,0.556,169.0,0.03,,1.82,旅橙文化,-2.0595,,800000000.0,,0.059,港股GEM
02153,49.89987640690718,,1.4119,30,-1.84,False,0.005,0.687,1166871250.0,0.8,4.29,3.9792,-16.67,933497000.0,,933497000.0,,2000.0,-9.726238638631376,-39.02,0.0,-8.952726961620993,98570.0,-0.015,1610467200000.0,-0.1173,0.0,120000.0,0.99,0.6987,168.0,0.01,,-8.67,达丰设备,-6.8182,,1166871250.0,,0.815,港股主板
08377,,,5.012997385393063,30,0.0,False,0.001,,539241860.0,0.16,,,16.79,86278698.0,,86278698.0,,10000.0,126.63942252606653,-90.71,0.0,-40.71318251576669,,0.0,1513267200000.0,-0.0307,0.0,,,-5.1356,168.0,,,4.0,维港育马,-5.2041,,539241860.0,,0.16,港股GEM
01529,18.235717371782446,,2.0299,30,0.47,False,0.005,3.8583,667080000.0,1.07,2.82,,72.58,713775600.0,,713775600.0,,2000.0,-15.140174568389853,,0.0,27.405571048112165,4220.0,0.005,1508256000000.0,-0.0444,0.0,4000.0,0.02,3.8704,168.0,0.0,,,乐氏国际控股,-24.0956,,667080000.0,,1.065,港股主板
08476,3.6780582938715334,,3.303121242434347,30,,False,0.01,,280000000.0,4.67,,,,1307600000.0,,1307600000.0,0.9,2000.0,15.068790260195636,357.17,,-1.051019932699493,,,1508342400000.0,0.1489,0.0,,,4.4799,168.0,,,0.82,大洋环球控股,31.3678,,280000000.0,,,港股GEM
02418,-35.79790865488225,,1.6267,30,-3.7,False,0.005,1.5191,523398400.0,2.6,2.59,10.2309,-72.16,1360835840.0,,5596235840.0,1.42,1500.0,0.8921168916922182,65.13,-1.33,3.768577193408018,9057562.5,-0.1,1657814400000.0,0.017,-4341232.5,3477000.0,3.87,1.5036,168.0,0.66,,0.0,德银天下,152.4933,,2152398400.0,,2.7,港股主板
02923,6.244819652206535,,,30,-9.52,False,0.005,,1274521534.0,0.665,8.84,,-72.52,847556820.0,,5791639365.0,,250.0,7.818357217693955,,0.0,8.657469678207196,14665.0,-0.07,1476633600000.0,0.8318,0.0,20250,0.27,0.0615,168.0,0.0,,,世纪集团国际,0.7995,,8709232128.0,,0.735,港股主板
08451,28.17764952309463,,0.8222,30,2.27,False,0.001,0.6109,800000000.0,0.09,7.95,6.4691,47.54,72000000.0,,72000000.0,,10000.0,4.242584745762712,-64.71,0.0,-0.4304722865749899,20840.0,0.002,1523808000000.0,0.0061,0.0,230000,1.06,0.6118,167.0,0.03,,3.64,日光控股,14.7172,,800000000.0,,0.088,港股GEM
08429,,,0.2709,30,1.96,False,0.001,0.5302,480000000.0,0.052,1.96,,-7.14,24960000.0,,24960000.0,,5000.0,-15.786880018552338,-90.86,1.96,19.642763944693755,4620.0,0.001,1512662400000.0,-0.017,0.0,90000,0.81,0.5302,167.0,0.02,,3.64,华美乐乐,-3.0555,,480000000.0,,0.051,港股GEM
02649,,,0.3954949393353033,30,0.0,False,0.01,,87653705.0,3.9,,3.665394619114006,-64.55,341849450.0,,352310400.0,,500.0,10.752636291018652,-48.0,,,,0.0,1772985600000.0,0.4723,164205.0,,,0.515,167.0,,,-43.64,优乐赛共享,8.2583,,90336000.0,,3.9,港股主板
09879,-2.6702616547948144,,1.1869,30,1.16,False,0.005,2.7667,908940000.0,9.165,1.27,32.5695,15.76,8330435100.0,,8330435100.0,1.06,1000.0,12.949670968234045,116.21,0.0,9.350697518565564,4217925.0,0.105,1710950400000.0,0.4664,0.0,462000.0,1.0,2.372,167.0,0.05,,0.25,米高集团,19.651,,908940000.0,,9.06,港股主板
00301,15.193670177535857,,2.8285,30,0.14,False,0.005,14.7258,470459740.0,7.33,2.19,88.356,438.97,3448469894.0,,3448469894.0,,2000.0,-7.734803922769555,561.55,-0.07,-0.11488597929480981,2484670.0,0.01,1579104000000.0,-0.0375,680800.0,338000.0,0.71,14.7718,166.0,0.07,,-20.77,三和精化,-195.7201,,470459740.0,,7.32,港股主板
08425,10.079726188498729,,0.4679,30,-2.17,False,0.001,0.5362,376000000.0,0.135,3.62,1.7384,56.98,50760000.0,,50760000.0,,4000.0,3.3699118064220284,-82.24,0.0,3.3655502624779787,22708.0,-0.003,1489507200000.0,0.0084,0.0,164000,0.7,0.5323,165.0,0.04,,10.67,兴铭控股,16.0633,,376000000.0,,0.138,港股GEM
02442,,,77.0452,30,-13.79,False,0.02,74.2782,408000000.0,39.5,20.43,,102.98,16116000000.0,,16116000000.0,,100.0,-14.778167890201086,5076.25,-2.13,-14.65574247488577,20789252.6,-6.32,1683561600000.0,-0.0749,0.0,515500,1.16,84.1571,164.0,0.13,,-23.44,怡俊集团控股,-527.3905,,408000000.0,,45.82,港股主板
01620,11.697140548272845,,3.5038,30,-7.57,False,0.001,28.9381,1200000000.0,0.171,14.59,,69.31,205200000.0,,205200000.0,,10000.0,-1772.279069767442,-58.25,-0.58,-20.72381210176507,206620.0,-0.014,1530115200000.0,0.0159,0.0,1200000,1.06,28.9381,164.0,0.1,,-1.39,富盈环球集团,10.7705,,1200000000.0,,0.185,港股主板
08603,49.45100163308924,,,30,,False,0.01,,818920000.0,14.3,,,,11710556000.0,,11710556000.0,,1000.0,34.897430002043734,3566.67,,37.35785832550951,,,1539532800000.0,0.0667,0.0,,,56.5555,163.0,,,46.43,亮晴控股,214.3181,,818920000.0,,,港股GEM
82388,9.514199677752178,,6.706,30,-4.92,False,0.02,1.4121,10572780266.0,41.32,4.37,5.8999,17.12,436867280591.0,,436867280591.0,5.72,500.0,11.789235608014984,97.38,0.05,7.238421094139902,7175800.0,-2.14,1687104000000.0,3.9441,0.0,169500,3.17,1.4193,162.0,0.0,48.48,1.25,中银香港-R,10.4764,02388,10572780266.0,,43.46,港股主板
02536,-32.10371743596902,,1.0596,30,1.72,False,0.005,0.8282,806594000.0,0.59,12.07,9.6968,-71.66,475890460.0,,475890460.0,4.92,1000.0,2.4757153285652227,-77.46,0.0,4.926283750690352,2500.0,0.01,1711382400000.0,0.0171,0.0,4000.0,0.05,0.839,162.0,0.0,,15.38,百乐皇宫,34.4349,,806594000.0,,0.58,港股主板
04332,,,,30,0.0,False,1.0,,1058036000.0,1850.0,,,0.0,1957366600000.0,,1957366600000.0,4.22,10.0,,,,,,0.0,959702400000.0,,0.0,,,,162.0,,,,AMGEN-T,,,1058036000.0,,1850.0,港股主板
02108,,,1.0797,30,0.0,False,0.005,0.5668,800000000.0,0.41,0.0,4.9729,38.05,328000000.0,,328000000.0,4.63,4000.0,9.203790495651093,-46.5,0.0,-3.645261700332192,42640.0,0.0,1551801600000.0,0.0643,0.0,104000.0,0.69,0.5669,161.0,0.01,,-10.67,K2 F&B,6.3719,,800000000.0,,0.41,港股主板
02907,-41.044148149816564,,,30,,False,0.001,,1973797360.0,0.02,,,,39475947.0,,39475947.0,,30000.0,-55.349159372835466,-75.61,,23.234595246186984,,,1786982400000.0,-0.0156,0.0,,,0.5488,160.0,,,-83.17,中木国际股权,-1.2831,,1973797360.0,,,港股主板
02352,-21.99771516816008,,0.16146193955343172,30,0.0,False,0.005,,66990867.0,4.0,,2.7349908957295663,-33.44,267963468.0,,267963468.0,,200.0,2.5099995532949326,-65.17,0.0,-2.3202701846164797,,0.0,1651161600000.0,0.1847,0.0,,,0.5525,159.0,,,0.0,东原仁知服务,21.6555,,66990867.0,,4.0,港股主板
06611,,,0.017903553927451184,30,0.0,False,0.001,,675529000.0,0.046,,,0.0,31074334.0,,31074334.0,,1000.0,-19.483436201920664,-99.03,,-40.002069975835795,,0.0,1626624000000.0,-0.3891,-44000.0,,,0.026,159.0,,,0.0,三巽集团,-0.1182,,675529000.0,,0.046,港股主板
02481,3.9059108651443353,,0.40829316630243156,30,0.0,False,0.005,,301600000.0,2.54,,3.1395550892608317,6.96,766064000.0,,766064000.0,7.83,1000.0,12.991252293135078,-13.05,0.0,4.896654452129279,,0.0,1688918400000.0,0.6427,0.0,,,0.4921,158.0,,,0.0,双良睿能,3.9523,,301600000.0,,2.54,港股主板
08229,34.86898447383926,,1.0104,30,-0.71,False,0.005,4.1532,555480000.0,0.7,0.0,,40.0,388836000.0,,388836000.0,,5000.0,-33.10902536726775,-17.63,0.0,-11.090178338312906,49000.0,-0.005,1467907200000.0,-0.0713,0.0,70000.0,0.31,4.1532,158.0,0.01,,-5.38,未来数据集团,-9.8112,,555480000.0,,0.705,港股GEM
01930,-13.629962088100545,,0.5709,30,3.17,False,0.005,0.5029,660000000.0,0.325,3.17,167.9398,-12.8,214500000.0,,214500000.0,2.15,4000.0,3.866842906418613,-72.21,0.0,19.743378709962123,24280.0,0.01,1561651200000.0,0.0244,0.0,76000,1.03,0.5044,158.0,0.01,,34.09,勋龙,13.2967,,660000000.0,,0.315,港股主板
08447,0.9653588429410442,,0.3052,30,-7.69,False,0.001,4.9389,1000000000.0,0.072,0.0,2.1061,84.62,72000000.0,,72000000.0,,10000.0,31.54722812439637,-64.95,0.0,-1.9686140061395907,5100.0,-0.006,1523808000000.0,0.0041,0.0,70000,0.23,4.8051,157.0,0.01,,1.85,MS CONCEPT,17.6341,,1000000000.0,,0.078,港股GEM
01204,43.021757148843506,,0.8922,30,-5.8,False,0.005,1.8654,500000000.0,1.3,0.0,14.7798,-35.0,650000000.0,,650000000.0,,2000.0,2.515649902958207,14.04,0.0,0.18528653305982523,36400.0,-0.08,1657814400000.0,0.0173,0.0,28000.0,0.44,1.8654,157.0,0.01,,12.96,博维智慧,75.3536,,500000000.0,,1.38,港股主板
01750,-18.815341658516548,,1.7045,30,-2.55,False,0.001,1.5753,1800000000.0,0.153,3.18,138.1836,71.91,275400000.0,,275400000.0,,10000.0,2.9986780769498367,-49.84,0.0,-1.1561057820916654,121890.0,-0.004,1525968000000.0,0.0029,0.0,820000.0,0.28,1.5753,157.0,0.05,,3.33,全达电器集团控股,53.2483,,1800000000.0,,0.157,港股主板
08149,-14.959510083960193,,2.047238315196117,30,0.0,False,0.001,,836780000.0,0.125,,5.564880825707597,20.08,104597500.0,,104597500.0,1.6,10000.0,1.6578000515760016,-96.74,0.0,2.2513212532218274,,0.0,1476633600000.0,0.0073,0.0,,,0.289,156.0,,,28.57,浩德控股,17.2177,,836780000.0,,0.125,港股GEM
00693,53.15735815990279,,0.2634002134316578,30,-1.92,False,0.005,,2013309000.0,1.53,,7.0066686759183225,-16.48,3080362770.0,,3080362770.0,5.56,3000.0,1.8819426235953267,457.78,0.0,-6.235400146632653,,-0.03,899740800000.0,0.1062,0.0,,,0.2752,156.0,,,,陈唱国际,14.4042,,2013309000.0,,1.56,港股主板
08042,-55.92604134461785,,0.3023,30,-1.0,False,0.001,1.3073,800000000.0,0.099,8.0,3.1511,65.0,79200000.0,,79200000.0,,10000.0,-0.15659125561462067,-52.17,0.0,22.86537598001994,67000.0,-0.001,1539273600000.0,-0.0001,0.0,700000,0.62,1.3073,156.0,0.09,,-28.33,高奥士人才集团,-833.6842,,800000000.0,,0.1,港股GEM
01615,,,1.2487,30,3.33,False,0.005,1.3397,600000000.0,0.465,5.56,,34.78,279000000.0,,279000000.0,,5000.0,0.9529188706528642,-27.31,0.0,13.294937548232344,39925.0,0.015,1536508800000.0,0.0033,0.0,85000,0.32,1.3398,155.0,0.01,,-5.97,奥邦建筑,141.3634,,600000000.0,,0.45,港股主板
01960,55.773184333641844,,2.727,30,-7.06,False,0.005,2.5177,1000000000.0,0.395,5.88,13.3245,49.06,395000000.0,,395000000.0,,5000.0,-51.667881809700766,-42.75,0.0,-41.044054689402124,316650.0,-0.03,1569772800000.0,-0.0634,0.0,785000,2.47,4.3726,155.0,0.08,,60.0,TBKS HLDGS,-6.2269,,1000000000.0,,0.425,港股主板
08365,65.13681040335993,,2.3983,30,-0.59,False,0.005,1.1933,208749440.0,0.845,2.94,92.5949,-65.08,176393277.0,,176393277.0,,10000.0,-37.06390603802877,-91.57,0.0,-6.4451742681101205,1510100.0,-0.005,1495728000000.0,-0.2447,0.0,1790000.0,0.79,1.1177,153.0,0.86,,-6.45,亦辰集团,-3.4526,,208749440.0,,0.85,港股GEM
02966,71.27035607172556,,,30,,False,0.001,,1493753401.0,0.01,,,,14937534.0,,14937534.0,1040.0,20000.0,56.16601343784995,0.0,,120.80273084654935,,,1782144000000.0,1.6159,0.0,,,0.0026,152.0,,,-99.89,亚太资源股权,0.0062,,1493753401.0,,,港股主板
08537,,,0.23706190255959472,30,0.0,False,0.001,,360000000.0,0.215,,2.530155928214181,-27.12,77400000.0,,77400000.0,2.33,10000.0,14.168068636931649,-93.99,0.0,33.631164676328005,,0.0,1553616000000.0,0.0446,0.0,,,0.5987,152.0,,,35.0,创辉珠宝,4.8245,,360000000.0,,0.215,港股GEM
08152,,,0.42571978177919334,30,1.12,False,0.001,,600000000.0,0.09,,17.419354838709676,30.43,54000000.0,,54000000.0,,10000.0,16.067916612036186,-88.48,0.0,20.747944385775206,,0.001,1500566400000.0,0.0286,0.0,,,0.4606,152.0,,,12.5,明梁控股,3.1474,,600000000.0,,0.089,港股GEM
00513,85.35278271100697,,0.2361,30,0.0,False,0.001,0.0632,683118258.0,0.145,0.0,0.9193,10.69,99052147.0,,99052147.0,,10000.0,-49.406511968632536,,0.0,-2.7119951057585467,1855.0,0.0,594921600000.0,-0.9162,0.0,13000.0,0.23,0.102,152.0,0.0,,,恒和集团,-0.1583,,683118258.0,,0.145,港股主板
01747,,,2.6374,30,-1.84,False,0.005,5.8717,535074000.0,3.73,0.0,43.8438,-9.22,1995826020.0,,1995826020.0,1.39,2000.0,11.518918993755971,355.82,0.0,-4.737242731300773,7460.0,-0.07,1573660800000.0,0.0601,0.0,2000.0,0.01,5.8735,152.0,0.0,,-9.8,HOME CONTROL,62.0433,,535074000.0,,3.8,港股主板
02540,-17.129215946553188,,0.2545,30,-1.23,False,0.005,0.5845,600000000.0,0.805,0.0,,-35.08,483000000.0,,483000000.0,,2500.0,5.828499420378895,-10.56,0.0,42.30951474499236,36225.0,-0.01,1709827200000.0,0.0734,0.0,45000.0,1.09,0.5863,151.0,0.01,,36.36,乐思集团,10.9746,,600000000.0,,0.815,港股主板
01545,,,1.1453,30,-0.56,False,0.001,1.1732,2000000000.0,0.178,4.47,4.4391,93.48,356000000.0,,356000000.0,,10000.0,0.3612390499412987,-12.53,0.0,-16.257512894102543,56410.0,-0.001,1556121600000.0,0.0007,0.0,320000.0,0.59,1.1737,151.0,0.02,,0.0,设计都会,263.7291,,2000000000.0,,0.179,港股主板
08529,76.9093950857084,,0.7,30,3.39,False,0.005,1.7364,514975000.0,0.305,3.39,5.4111,98.31,157067375.0,,157067375.0,6.23,5000.0,22.45432967655846,-50.08,0.0,10.383713857878085,53275.0,0.01,1717344000000.0,0.0369,0.0,175000.0,4.28,1.7364,151.0,0.03,,0.0,优博控股,8.2602,,514975000.0,,0.295,港股GEM
09963,,,16.7451,30,-1.53,False,0.005,10.3213,387343000.0,8.685,7.26,167.3169,655.22,3364073955.0,,3364073955.0,,2000.0,-12.723587438154324,,0.0,26.9225174780956,1790430.0,-0.135,1500480000000.0,-0.1119,0.0,206000.0,1.22,5.5519,151.0,0.05,,,高科桥光导,-77.6116,,387343000.0,,8.82,港股主板
02932,,,,30,,False,0.001,,470400000.0,0.01,,,,4704000.0,,4704000.0,,4000.0,,-64.29,0.0,,,,1790006400000.0,-0.1979,0.0,,,0.0122,150.0,,,0.0,正味集团股权,-0.0505,,470400000.0,,,港股主板
02321,8.227086672899976,,0.2607,30,1.0,False,0.005,0.888,1000150000.0,0.505,1.0,91.4229,25.25,505075750.0,,505075750.0,1.78,5000.0,12.108750122606935,-27.73,0.0,4.327852461043724,35150.0,0.005,1660838400000.0,0.0664,0.0,70000.0,0.52,0.8937,150.0,0.01,,41.07,双财庄,7.607,,1000150000.0,,0.5,港股主板
01416,27.964715653235306,,0.1712,30,-0.56,False,0.001,0.6854,1550000000.0,0.179,0.0,1.0034,1.13,277450000.0,,277450000.0,,10000.0,21.477930926520905,-28.4,0.0,42.9192818796309,37590.0,-0.001,1579017600000.0,0.0575,0.0,210000.0,0.4,0.61,149.0,0.01,,-29.17,CTR HOLDINGS,3.1125,,1550000000.0,,0.18,港股主板
01471,23.398525016151183,,3.907210580363694,30,-0.2,False,0.005,,35300000.0,9.88,,36.334128457571495,-44.22,348764000.0,,1395012528.0,1.89,100.0,10.11986741333112,47.23,0.0,30.654616834038116,,-0.02,1722873600000.0,0.5141,0.0,,,1.8727,149.0,,,-27.94,众淼控股,19.2186,,141195600.0,,9.9,港股主板
00176,47.65950488106399,,0.3746303521805705,30,0.0,False,0.001,,2032571385.0,0.013,,0.3792927294911361,0.0,26423428.0,,26423428.0,,2000.0,-256.0818280572566,-97.08,,-17.666337919497966,,0.0,767462400000.0,-0.1311,0.0,,,-0.8634,148.0,,,,先机企业集团,-0.0992,,2032571385.0,,0.013,港股主板
01932,-22.625033059458378,,0.6144015728680265,30,-3.61,False,0.001,,1000000000.0,0.16,,9.760263527115232,11.11,160000000.0,,160000000.0,,4000.0,-10.253021598378192,-80.32,0.0,-15.313481771356264,,-0.006,1499616000000.0,-0.0365,0.0,,,0.4572,148.0,,,-9.41,中漆集团,-4.3786,,1000000000.0,,0.166,港股主板
08456,-17.43146866803802,,0.8917568296795952,30,0.0,False,0.005,,132202950.0,0.3,,,-7.69,39660885.0,,39660885.0,,10000.0,-24.268953392415053,-99.73,0.0,-17.231517269988515,,0.0,1516896000000.0,-0.0256,0.0,,,1.47,147.0,,,17.14,民信国际控股,-11.7271,,132202950.0,,0.3,港股GEM
00277,-29.49168867259171,,6.500909381773145,30,0.0,False,0.005,,277232883.0,1.136,,40.33511206454918,-21.77,314936555.0,,314936555.0,1.5,2000.0,-1.045726795197059,,,-2.2550880896603953,,0.0,599846400000.0,-0.0951,0.0,,,0.125,147.0,,,,太兴置业,-11.9471,,277232883.0,,1.136,港股主板
06163,-63.26004204314988,,1.0083529766856087,30,-0.63,False,0.005,,276504000.0,0.785,,,180.36,217055640.0,,217055640.0,,2000.0,-2.8507031522808797,-37.91,0.0,27.450342037642272,,-0.005,1478793600000.0,-0.0126,0.0,,,1.7051,147.0,,,-2.84,彭顺国际,-62.2395,,276504000.0,,0.79,港股主板
08493,168.06672665877946,,1.2732631578947369,30,0.0,False,0.001,,290304000.0,0.035,,,0.0,10160640.0,,10160640.0,,12000.0,-13.865290625721057,-98.41,,-61.39620817797004,,0.0,1516032000000.0,0.0569,0.0,,,-0.0916,146.0,,,1.9,炙龙控股,0.6149,,290304000.0,,0.035,港股GEM
01407,-8.11099890068383,,0.8476,30,0.72,False,0.005,0.8414,440000000.0,0.7,4.32,9.424,16.98,308000000.0,,308000000.0,1.57,2000.0,7.858072980408667,-41.42,0.0,-9.132479259913339,102860.0,0.005,1668528000000.0,0.0623,0.0,142000.0,1.03,0.8435,145.0,0.03,,0.0,交运燃气,11.2395,,440000000.0,,0.695,港股主板
08637,37.40404981983867,,1.8378,30,-1.88,False,0.005,1.297,148617000.0,3.66,2.28,14.2779,144.0,543938220.0,,543938220.0,,1000.0,18.80289193973071,120.48,0.0,10.175744982785574,394545.0,-0.07,1719849600000.0,0.4325,0.0,107000.0,1.24,1.2638,145.0,0.07,,-39.26,元续科技,8.4623,,148617000.0,,3.73,港股GEM
01641,-37.33623746149522,,1.3017,30,-0.86,False,0.005,0.2759,24566464.0,3.47,4.86,2.5642,-69.3,85245630.0,,340972610.0,10.29,500.0,4.885055499277061,-80.78,0.0,3.2360372130613824,210052.5,-0.03,1768233600000.0,0.5353,93800.0,63000.0,15.91,0.2767,145.0,0.26,,0.33,红星冷链,6.4819,,98263000.0,,3.5,港股主板
01947,-0.2987107253804244,,2.4315,30,0.0,False,0.005,2.8998,600154350.0,0.535,0.93,19.1898,44.59,321082577.0,,321082577.0,,5000.0,-13.386939571150098,-27.8,0.0,22.315720923241187,15950.0,0.0,1670947200000.0,-0.0264,0.0,30000.0,0.33,2.9089,145.0,0.0,,-14.29,美皓集团,-20.2409,,600154350.0,,0.535,港股主板
09881,,,4.694027091004821,30,0.0,False,0.01,,94733000.0,17.7,,96.68862299619421,11.53,1676774100.0,,1676774100.0,,500.0,,6.63,,-7.257698563447034,,0.0,1749484800000.0,0.2267,0.0,,,4.9797,145.0,,,42.0,容大科技,78.089,,94733000.0,,17.7,港股主板
01546,,,0.2483,30,5.04,False,0.001,1.1435,800000000.0,0.146,0.0,,62.22,116800000.0,,116800000.0,,8000.0,-32.9558039603668,,0.0,21.988745078168126,3392.0,0.007,1444320000000.0,-0.0418,0.0,24000.0,0.06,1.3767,145.0,0.0,,,德莱建业,-3.489,,800000000.0,,0.139,港股主板
08333,148.86343490705877,,2.059569670205769,30,0.0,False,0.005,,96000000.0,0.685,,,48.91,65760000.0,,65760000.0,,5000.0,3.004398838770898,-84.92,0.0,36.126489792633755,,0.0,1468425600000.0,0.0389,0.0,,,0.521,144.0,,,5.17,阿仕特朗金融,17.6017,,96000000.0,,0.685,港股GEM
02530,-7.449283061521439,,3.7376,30,0.0,False,0.005,1.2263,1000000000.0,0.72,1.39,16.5744,19.92,720000000.0,,720000000.0,3.47,8000.0,10.408448683927418,0.66,0.0,-29.77966103720138,556480.0,0.0,1736438400000.0,0.0603,0.0,776000.0,1.33,1.2301,144.0,0.08,,-13.75,纽曼思,11.9457,,1000000000.0,,0.72,港股主板
01693,,,2.5635,30,-0.08,False,0.005,,80278240.0,6.195,,139.8451,163.62,497323697.0,,497323697.0,,2000.0,-442.30812961910175,-83.47,0.0,50.1928140274905,86730.0,-0.005,1502208000000.0,-0.9717,0.0,14000.0,0.73,-12.285,143.0,0.02,,5.19,璋利国际,-6.3755,,80278240.0,,6.2,港股主板
08013,-12.128257285099853,,0.45067300810380256,30,0.0,False,0.001,,1600000000.0,0.061,,43.090507726269315,15.09,97600000.0,,97600000.0,,20000.0,5.0763464666300395,-62.8,7.02,10.885991577601505,,0.0,1489075200000.0,0.0029,0.0,,,1.0384,143.0,,,0.0,ECI TECH,20.9173,,1600000000.0,,0.061,港股GEM
02433,,,0.0581400166121401,30,-1.52,False,0.001,,576000000.0,0.065,,,-10.96,37440000.0,,37440000.0,,2000.0,-35.716080511944156,-97.77,0.0,-34.7155886461911,,-0.001,1680105600000.0,-0.283,0.0,,,0.099,142.0,,,126.27,中天湖南集团,-0.2297,,576000000.0,,0.066,港股主板
08549,,,0.5293,30,0.0,False,0.001,1.6087,400000000.0,0.205,0.49,,-38.81,82000000.0,,82000000.0,,5000.0,-12.650589817376096,-93.17,0.0,,60590.0,0.0,1760025600000.0,-0.0227,0.0,295000.0,2.14,0.9462,142.0,0.07,,330.0,金叶国际集团,-9.0328,,400000000.0,,0.205,港股GEM
01463,5.125874355067173,,3.9222,30,0.0,False,0.005,5.2913,2874251497.0,0.365,0.0,900.7117,43.14,1049101796.0,,1049101796.0,,2000.0,-18.77842726370354,0.47,0.0,17.492211612376195,36500.0,0.0,1585238400000.0,-0.0174,0.0,100000.0,0.91,5.291,142.0,0.0,,36.51,C-LINK SQ,-21.03,,2874251497.0,,0.365,港股主板
03938,,,17.1449,30,-0.92,False,0.005,9.8996,490470397.0,2.7,3.49,52.8208,82.43,1324270072.0,,1324270072.0,,2000.0,6.759488362340113,134.68,0.0,19.338283301221647,294020.0,-0.025,1569772800000.0,0.0164,0.0,110000.0,5.29,9.4571,142.0,0.02,,-36.31,LFG投资控股,164.3219,,490470397.0,,2.725,港股主板
01427,,,0.1191,30,0.53,False,0.001,0.2058,877936000.0,0.191,2.63,0.4435,-6.37,167685776.0,,167685776.0,,1000.0,-19.531012014477263,-92.25,0.0,-34.706408544468545,578.0,0.001,1573401600000.0,-0.1957,0.0,3000.0,0.11,0.2064,142.0,0.0,,2.8,中国天保集团,-0.9759,,877936000.0,,0.19,港股主板
02596,9.835919623495393,,4.6664,30,1.15,False,0.005,0.9066,688400000.0,2.635,0.0,7.3577,1.57,1813934000.0,,12090434000.0,1.59,1000.0,5.577121018206697,5.13,0.0,,21080.0,0.03,1736697600000.0,0.1474,0.0,8000.0,0.34,0.9094,141.0,0.0,,0.77,宜宾银行,17.8791,,4588400000.0,,2.605,港股主板
02863,,,1.3562,30,0.0,False,0.005,2.2293,689511000.0,0.795,0.0,,130.43,548161245.0,,548161245.0,,3000.0,-9.665318187130755,1.11,0.0,-19.004202471062616,9540.0,0.0,1502380800000.0,-0.0372,0.0,12000.0,0.05,2.2293,141.0,0.0,,1.18,高丰集团控股,-21.3825,,689511000.0,,0.795,港股主板
00529,-24.86666767782285,,0.0493,30,5.97,False,0.005,0.1364,277966666.0,1.775,0.0,,-17.06,493390832.0,,493390832.0,1.41,2000.0,0.7114097309268125,258.59,0.0,4.950838281182257,46150.0,0.1,714067200000.0,0.0933,0.0,26000.0,1.49,0.1364,140.0,0.01,,,新龙国际,19.0183,,277966666.0,,1.675,港股主板
08623,-6.48213454919625,,0.11208480661359008,30,0.0,False,0.001,,187175245.0,0.12,,,-42.86,22461029.0,,22461029.0,,40000.0,169.89483435982774,-94.06,0.0,-18.753958970227092,,0.0,1594310400000.0,-0.5919,0.0,,,-0.1838,140.0,,,-27.67,中国蜀塔,-0.2027,,187175245.0,,0.12,港股GEM
02545,,,0.5405955750043531,30,0.0,False,0.005,,640000000.0,0.46,,,15.0,294400000.0,,294400000.0,,2000.0,0.02452402946153406,-39.47,0.0,-5.340221961551905,,0.0,1719936000000.0,0.0001,0.0,,,0.5972,139.0,,,-46.4,中赣通信,6181.3547,,640000000.0,,0.46,港股主板
08091,-36.822490963301505,,0.6530612244897959,30,0.0,False,0.001,,720000000.0,0.042,,2.0062363165925827,13.51,30240000.0,,30240000.0,,10000.0,-12.899389090122723,-98.83,0.0,1.7952980100430782,,0.0,1483545600000.0,-0.0033,0.0,,,1.7476,139.0,,,122.22,奥传思维控股,-12.6739,,720000000.0,,0.042,港股GEM
06966,-54.513468915113904,,16.245963101551258,30,0.0,False,0.005,,1000000000.0,0.6,,144.36958614051974,20.0,600000000.0,,600000000.0,,10000.0,-0.50286078154117,,0.0,-10.433288494352311,,0.0,1506441600000.0,-0.0013,0.0,,,2.4463,138.0,,,,中国万桐园,-460.6151,,1000000000.0,,0.6,港股主板
08532,,,0.0498,30,-3.33,False,0.001,,84874400.0,0.058,0.0,,-42.0,4922715.0,,4922715.0,,16000.0,59.93492434047391,-98.55,0.0,-33.15795554540046,3712.0,-0.002,1519315200000.0,-0.5838,0.0,64000.0,0.33,-0.0458,138.0,0.08,,0.0,宝发控股,-0.0993,,84874400.0,,0.06,港股GEM
01656,122.48585709641043,,0.627805960531794,30,0.0,False,0.005,,455527383.0,3.98,,473.1208204592902,77.11,1812998984.0,,1812998984.0,0.8,2000.0,7.42414733075417,197.01,,15.331008711676319,,0.0,1484150400000.0,0.2104,0.0,,,1.3191,138.0,,,10.4,亿仕登控股,18.9172,,455527383.0,,3.98,港股主板
09998,104.21175813596952,,0.2937,30,-1.0,False,0.005,1.1627,800000000.0,0.495,0.0,1.0608,33.78,396000000.0,,396000000.0,4.04,5000.0,32.70564915758176,-13.1,0.0,25.921212096461964,12375.0,-0.005,1578412800000.0,0.1499,0.0,25000,0.13,0.946,138.0,0.0,,-7.69,光荣控股,3.3017,,800000000.0,,0.5,港股主板
01867,23.088290312557124,,1.373693016525396,30,0.0,False,0.001,,1494000000.0,0.183,,,-29.62,273402000.0,,273402000.0,,10000.0,-18.881122890709662,,0.0,-32.982768584110275,,0.0,1484150400000.0,-0.011,0.0,,,3.4271,138.0,,,,标准发展集团,-16.605,,1494000000.0,,0.183,港股主板
08616,-8.460488621383334,,0.5522,30,1.03,False,0.001,0.5596,1000000000.0,0.098,0.0,2.9413,96.0,98000000.0,,98000000.0,,10000.0,2.40751865570718,-72.28,0.0,-7.301775803035038,4900.0,0.001,1587571200000.0,0.0042,0.0,50000.0,0.21,0.5514,137.0,0.01,,112.5,新威工程集团,23.1788,,1000000000.0,,0.097,港股GEM
08481,,,0.2003,30,14.35,False,0.001,0.3433,405170000.0,0.255,0.0,,-31.08,103318350.0,,103318350.0,,5000.0,14.960872654378685,-66.0,0.0,-2.3399903373335085,2550.0,0.032,1500220800000.0,0.1244,0.0,10000,0.17,0.2845,136.0,0.0,,29.33,盛龙锦秀国际,2.0496,,405170000.0,,0.223,港股GEM
08262,-21.089235742426915,,0.5018630501841308,30,0.0,False,0.001,,923290000.0,0.04,,,-16.67,36931600.0,,36931600.0,,10000.0,-9.482947691632855,-96.67,0.0,-14.107812139535048,,0.0,1459267200000.0,-0.0075,0.0,,,0.5314,136.0,,,27.66,宏强控股,-5.3385,,923290000.0,,0.04,港股GEM
01732,-30.5986946892696,,0.8805,30,-4.21,False,0.001,1.05,1280000000.0,0.182,6.84,,-32.59,232960000.0,,232960000.0,,20000.0,-8.519566629581787,,0.0,11.738350135032682,37860.0,-0.008,1499356800000.0,-0.015,0.0,200000.0,0.78,1.0533,135.0,0.02,,,象兴科技,-12.1703,,1280000000.0,,0.19,港股主板
01792,,,4.5745,30,-1.68,False,0.005,,247680000.0,1.46,7.07,,99.56,361612800.0,,361612800.0,,2000.0,-599.0426804946151,,0.0,-38.21033991679538,500515.52,-0.025,1480608000000.0,-0.4706,0.0,346857.0,1.15,3.1155,135.0,0.14,,,CMON,-3.1026,,247680000.0,,1.485,港股主板
02930,-41.04053897312016,,,30,0.0,False,0.001,,712751154.0,365.2,,,2148135.29,260296721441.0,,260296721441.0,,100.0,-35.07518379142254,,,-15.998552145211864,,0.0,1765123200000.0,-0.0155,27600.0,,,8173.8647,135.0,,,,卓越睿新(一百),-23566.9282,,712751154.0,,365.2,港股主板
02597,-21.317499065971933,,4.3053,30,-3.1,False,0.02,3.1932,41630000.0,35.0,3.77,,130.57,1457050000.0,,4653050185.0,,500.0,5.700925533504426,141.05,0.0,5.533080688580672,918180.0,-1.12,1751990400000.0,0.5155,0.0,25500.0,1.38,2.614,134.0,0.06,,0.22,讯众通信,67.8899,,132944291.0,,36.12,港股主板
08519,,,0.26616848813761856,30,0.0,False,0.001,,144972500.0,0.295,,3.390967967015541,34.09,42766888.0,,42766888.0,,20000.0,144.76190476190476,-87.71,0.0,-22.464355029522665,,0.0,1518019200000.0,0.0183,0.0,,,14.1378,134.0,,,0.0,新享时代,16.0778,,144972500.0,,0.295,港股GEM
08526,29.816305068900405,,0.3664,30,5.56,False,0.005,2.1888,162250000.0,0.475,6.67,62.0022,107.42,77068750.0,,77068750.0,,10000.0,-58.14347011542878,-72.06,0.0,35.79591351900084,1135900.0,0.025,1519660800000.0,-0.1779,0.0,2375000.0,3.53,2.1888,133.0,1.46,,2.63,荣丰集团亚洲,-2.6702,,162250000.0,,0.45,港股GEM
01845,,,1.4739,30,4.84,False,0.001,1.0109,1333335000.0,0.26,14.92,5.4305,94.03,346667100.0,,346667100.0,,3000.0,-20.569275556744003,-71.11,0.0,-6.058451668053233,6591.0,0.012,1546444800000.0,-0.0573,0.0,27000,0.04,1.0141,132.0,0.0,,2.27,维港环保科技,-4.5359,,1333335000.0,,0.248,港股主板
00676,,,37.1069,30,0.0,False,0.005,1.2338,730650000.0,1.0,0.0,64.0603,0.99,730650000.0,,730650000.0,1.0,2000.0,-5.696412681125736,52.09,0.0,-25.83561677138443,4000.0,0.0,844963200000.0,-0.0457,0.0,4000.0,2.02,1.2334,132.0,0.0,,,创信国际,-21.8886,,730650000.0,,1.0,港股主板
03728,-15.95835138053927,,0.0387,30,-1.75,False,0.001,0.4064,1013000000.0,0.056,1.75,2.0445,-9.68,56728000.0,,56728000.0,,20000.0,5.005012146875524,,0.0,27.42837244544678,4500.0,-0.001,1459180800000.0,0.0069,0.0,80000.0,0.15,0.3949,132.0,0.01,,,正利控股,8.0867,,1013000000.0,,0.057,港股主板
01854,47.0070038713388,,2.0574,30,0.0,False,0.005,47.0949,2038729769.0,0.935,0.0,,-32.73,1906212334.0,,1906212334.0,,10000.0,-120.81546525083384,,0.0,52.25144130572525,37400.0,0.0,1476288000000.0,-0.0609,0.0,40000.0,0.01,47.0949,130.0,0.0,,,中国万天控股,-15.3426,,2038729769.0,,0.935,港股主板
80291,-16.40752238761518,,1.1854028862420274,30,1.26,False,0.01,,3244176905.0,16.1,,6.83207955147155,-31.66,52231248171.0,,52231248171.0,7.29,500.0,7.665728536796054,-67.43,0.31,-0.40767564530185263,,0.2,1687104000000.0,1.0428,0.0,,,1.4683,130.0,,18.87,-1.26,华润啤酒-R,15.439,00291,3244176905.0,,15.9,港股主板
06193,-51.45069774024933,,0.5945,30,1.43,False,0.005,0.6151,400000000.0,0.355,0.0,9.7143,31.48,142000000.0,,142000000.0,,2000.0,-1.4764273539102217,-77.72,0.0,-10.263263834483649,15010.0,0.005,1576598400000.0,-0.0082,0.0,42000.0,0.81,0.617,129.0,0.01,,13.85,泰林科建,-43.1433,,400000000.0,,0.35,港股主板
08509,34.21781789377481,,0.5690249589967309,30,0.0,False,0.005,,400000000.0,0.51,,,4.08,204000000.0,,204000000.0,,4000.0,11.284452036017797,-45.74,0.0,34.3836164237034,,0.0,1515686400000.0,0.1003,0.0,,,0.543,128.0,,,6.67,威扬酒业控股,5.083,,400000000.0,,0.51,港股GEM
03919,,,0.1067,30,-6.37,False,0.005,0.1129,45372000.0,0.735,12.74,0.9794,-39.26,33348420.0,,33348420.0,,4000.0,-2.2126932604424705,,0.0,2.3342885996026963,232160.0,-0.05,1433433600000.0,-0.1427,0.0,320000,0.33,0.1113,128.0,0.71,,,金力集团,-5.1495,,45372000.0,,0.785,港股主板
01802,-60.01173020232364,,0.17708041363826837,30,0.0,False,0.001,,831600000.0,0.045,,2.743146166251283,0.0,37422000.0,,37422000.0,,2000.0,59.102608041180304,-95.41,,197.8148159244756,,0.0,1578931200000.0,-0.0405,54000.0,,,-0.4161,127.0,,,2.83,文业集团,-1.1099,,831600000.0,,0.045,港股主板
01748,7.421822536296374,,1.732882916694989,30,0.0,False,0.01,,440000000.0,1.76,,40.73002682375217,0.0,774400000.0,,774400000.0,,2000.0,12.237760022303465,16.39,,-0.5296342010387423,,0.0,1537891200000.0,0.1709,0.0,,,0.6437,125.0,,,13.33,信源企业集团,10.2985,,440000000.0,,1.76,港股主板
02521,16.142977546605163,,1.9206,30,-2.47,False,0.005,2.8518,1949735000.0,0.79,1.85,1019.7255,27.42,1540290650.0,,1540290650.0,,7500.0,7.005050538569257,163.33,0.0,3.8932437098188055,2832675.0,-0.02,1701705600000.0,0.0184,2647350.0,3562500,7.71,2.8607,125.0,0.18,,3.13,升辉清洁,42.855,,1949735000.0,,0.81,港股主板
01841,-43.65513660285904,,1.7355,30,-1.03,False,0.005,1.6669,400000000.0,0.48,2.06,15.1671,111.45,192000000.0,,192000000.0,,10000.0,3.2660815241713776,,1.05,-4.972894017930463,33150.0,-0.005,1460995200000.0,0.0089,0.0,70000,1.4,1.7254,124.0,0.02,,,优越集团控股,53.6913,,400000000.0,,0.485,港股主板
02502,3.936546010255171,,0.1621,30,-12.5,False,0.005,0.44,955640000.0,0.525,20.0,3.9148,22.09,501711000.0,,501711000.0,,2000.0,2.289651753320318,-49.0,5.0,6.07318390411995,453420.0,-0.075,1703001600000.0,0.0273,0.0,900000,6.36,0.4413,124.0,0.09,,-27.5,金源氢化,19.2376,,955640000.0,,0.6,港股主板
02613,-48.231302055238714,,2.3015,30,0.06,False,0.02,2.1745,40000000.0,31.04,11.86,16.6931,2.37,1241600000.0,,1241600000.0,,100.0,3.93702072449015,-3.26,8.84,6.96092199090701,24808.0,0.02,1736352000000.0,0.562,0.0,800.0,0.08,2.1813,123.0,0.0,,6.29,汇舸环保,55.2303,,40000000.0,,31.02,港股主板
08350,103.52038227440121,,4.467749358739465,30,0.0,False,0.005,,950064000.0,0.385,,,6.94,365774640.0,,365774640.0,,8000.0,53.762180507688804,-0.39,0.0,54.28852280617842,,0.0,1515686400000.0,0.0647,0.0,,,2.1767,123.0,,,-6.82,立桥证券控股,5.9512,,950064000.0,,0.385,港股GEM
01721,,,1.495546962983061,30,0.0,False,0.001,,1000000000.0,0.14,,,-26.32,140000000.0,,140000000.0,,5000.0,-22.81195769621165,-77.78,,-10.228790318768299,,0.0,1531670400000.0,-0.0416,0.0,,,0.8154,123.0,,,15.09,FSM HOLDINGS,-3.3686,,1000000000.0,,0.14,港股主板
08495,-60.994684801314,,0.2997,30,6.56,False,0.005,2.253,384000000.0,0.325,21.31,1.6347,-23.53,124800000.0,,124800000.0,,4000.0,1.3455690901476667,-52.21,0.0,-5.466727411535532,77240.0,0.02,1512403200000.0,0.0019,0.0,260000,1.43,2.253,123.0,0.07,,-20.59,1957 & CO.,168.8769,,384000000.0,,0.305,港股GEM
08285,,,0.7262976535410186,30,0.0,False,0.001,,560000000.0,0.106,,7.10727969348659,194.44,59360000.0,,59360000.0,,5000.0,-42.31338957944226,-84.86,0.0,-15.412230585032793,,0.0,1516032000000.0,0.0068,0.0,,,-8.973,123.0,,,1.16,森浩集团,15.6262,,560000000.0,,0.106,港股GEM
01790,-11.664286663846523,,2.3411,30,8.91,False,0.005,0.3433,1000000000.0,0.55,55.45,7.5452,-3.51,550000000.0,,550000000.0,,5000.0,3.28532196005583,-2.07,0.0,10.108051558332631,153275.0,0.045,1543420800000.0,0.0505,104500.0,295000,8.68,0.3433,123.0,0.03,,-1.72,达力环保,10.8909,,1000000000.0,,0.505,港股主板
02503,,,1.9517,30,0.0,False,0.005,1.0888,3432851094.0,0.27,7.41,,-28.93,926869795.0,,926869795.0,,4000.0,-5.485745775636137,-55.25,1.89,-35.749017115118676,11526900.0,0.0,1704729600000.0,-0.0113,9591000.0,41980000.0,22.79,0.7778,122.0,1.22,,-28.0,中深建业,-23.9315,,3432851094.0,,0.27,港股主板
02921,-1.669399399530025,,,30,0.08,False,0.005,,3705537136.0,5.945,,,1881.67,22029418274.0,,22029418274.0,,20.0,,,0.0,-29.09029226668546,,0.005,681580800000.0,-0.0357,0.0,,,183.1161,122.0,,,,首惠产业金融,-166.569,,3705537136.0,,5.94,港股主板
02497,0.7806376711861684,,1.3322,30,-4.88,False,0.005,0.4469,500000000.0,0.585,17.89,3.1687,24.47,292500000.0,,292500000.0,,2000.0,10.578021412193555,-72.54,0.0,7.136371198173297,308520.0,-0.03,1711555200000.0,0.1299,0.0,506000,0.88,0.4483,121.0,0.1,,37.04,富景中国控股,4.5026,,500000000.0,,0.615,港股主板
02515,,,3.7618,30,-3.06,False,0.005,2.7126,310742749.0,3.48,11.14,,278.26,1081384767.0,,1081384767.0,,2000.0,-14.27933825720899,85.11,1.31,-5.526050247410597,4295670.0,-0.11,1713801600000.0,-0.1724,-2637030.0,1264000.0,3.82,2.721,120.0,0.41,,-39.2,天津建发,-20.1904,,310742749.0,,3.59,港股主板
08023,-10.251038022998971,,1.2217,30,0.0,False,0.005,1.5246,597444000.0,0.34,0.0,16.1068,20.35,203130960.0,,203130960.0,2.65,6000.0,10.416038589086524,-24.02,0.0,-0.8530700198231322,20400.0,0.0,1476288000000.0,0.0231,0.0,60000.0,0.36,1.4718,120.0,0.01,,-5.66,邝文记,14.6983,,597444000.0,,0.34,港股GEM
02913,,,,30,1.41,False,0.005,,230280000.0,0.72,1.41,,14.29,165801600.0,,165801600.0,,1000.0,0.5483336637222851,,0.0,-4.047253348971491,1430.0,0.01,1607270400000.0,-0.0828,0.0,2000.0,0.32,1.2008,120.0,0.0,,,天成控股,-8.6907,,230280000.0,,0.71,港股主板
02516,,,0.191,30,2.48,False,0.005,0.6481,936000000.0,0.62,1.65,,-27.91,580320000.0,,580320000.0,,4000.0,3.3195466947798846,-52.31,0.0,21.180702299871612,24280.0,0.015,1703174400000.0,0.029,0.0,40000,0.13,0.6502,120.0,0.0,,11.11,泛远国际,21.4099,,936000000.0,,0.605,港股主板
02944,-42.12740546561149,,,30,0.0,False,0.001,,552731090.0,0.01,0.0,,-99.23,5527311.0,,5527311.0,,5000.0,-6.2003104859575675,0.0,0.0,-26.300836695387098,35050.0,0.0,1791302400000.0,-0.0427,14400.0,3505000.0,1.06,0.0139,119.0,0.63,,-99.23,大健康国际股权,-0.2341,,552731090.0,,0.01,港股主板
01832,-14.811365034471047,,1.4734833894686243,30,-0.33,False,0.005,,360000000.0,1.515,,171.1864406779661,148.36,545400000.0,,545400000.0,,1000.0,-61.62203798674315,-52.92,0.0,10.966004610889147,,-0.005,1557936000000.0,-0.3282,0.0,,,2.8421,119.0,,,-2.26,海天地悦旅,-4.616,,360000000.0,,1.52,港股主板
01410,,,1.4951,30,5.5,False,0.005,5.4665,1009717000.0,1.15,7.34,26.5145,112.96,1161174550.0,,1161174550.0,,10000.0,11.34980897138242,,1.32,10.381609941550462,1489650.0,0.06,1492531200000.0,0.0222,0.0,1360000.0,0.72,5.5704,119.0,0.13,,,安领国际,51.8058,,1009717000.0,,1.09,港股主板
01897,-20.985576370483827,,0.5774,30,0.0,False,0.005,0.3541,402289630.0,0.46,0.0,,1.39,185053230.0,,185053230.0,1.96,2000.0,1.1351518826376126,-19.73,0.0,-19.18642348842151,1933.99,0.0,1552924800000.0,0.0148,0.0,4445.0,0.1,0.3505,119.0,0.0,,0.0,美亨实业,30.9868,,402289630.0,,0.46,港股主板
07836,,,,30,,False,0.01,,100065000.0,9.86,,,,986640900.0,,1224359692.0,,105000.0,-369.2990673237486,1.65,,,,,1647532800000.0,-0.3651,0.0,,,37.067,118.0,,,0.0,AQUILA ACQ-Z,-27.0058,,124174411.0,,,港股主板
06661,-10.671570908497275,,0.37834667097142083,30,0.0,False,0.005,,52714500.0,4.95,,4.066365874414929,5.62,260936775.0,,1003436775.0,7.09,500.0,6.921542649523254,5.53,,-0.8721722241910479,,0.0,1657641600000.0,0.4859,0.0,,,0.6945,118.0,,,-7.89,湖州燃气,10.1876,,202714500.0,,4.95,港股主板
02457,,,1.0018,30,-1.01,False,0.005,1.036,1000000000.0,0.49,5.05,,68.97,490000000.0,,490000000.0,,5000.0,1.0173181932978126,52.32,0.0,7.9671007774406055,148675.0,-0.005,1671033600000.0,0.0047,0.0,305000,0.4,1.0392,118.0,0.03,,-40.0,步阳国际,104.6898,,1000000000.0,,0.495,港股主板
00368,32.77265222523722,,2.8054,30,0.81,False,0.005,10.4512,800000000.0,3.12,4.52,88.5075,625.58,2496000000.0,,2496000000.0,,4000.0,12.411198495127174,378.6,0.0,-4.4787450596944005,954440.0,0.025,1594915200000.0,0.0349,0.0,312000,1.07,10.4512,116.0,0.04,,11.11,德合集团,89.4335,,800000000.0,,3.095,港股主板
08489,121.03260746593651,,0.1118,30,14.89,False,0.001,1.1698,307575000.0,0.27,10.64,34.7034,-32.5,83045250.0,,83045250.0,,5000.0,-27.08162541143074,-63.51,1.89,-2.4555234463079945,116650.0,0.035,1610467200000.0,-0.072,0.0,460000,1.95,1.1698,115.0,0.15,,17.57,裕程物流,-3.7521,,307575000.0,,0.235,港股GEM
00475,29.575374766304563,,1.3341218884120172,30,0.0,False,0.001,,499581000.0,0.28,,,-44.0,139882680.0,,139882680.0,,2000.0,343.5962061418054,-81.54,0.0,-24.93547793059403,,0.0,1176739200000.0,-0.0518,0.0,,,-49.639,114.0,,,0.0,中发展控股,-5.4005,,499581000.0,,0.28,港股主板
02625,8.296566682497142,,0.103,30,0.0,False,0.005,0.2182,235639565.0,0.79,5.06,3.319,-82.52,186155256.0,,186155256.0,,1000.0,6.628169358272956,-77.03,0.64,4.870526708506739,86545.0,0.0,1743350400000.0,0.2214,0.0,111000.0,0.24,0.2188,114.0,0.05,,0.0,江苏宏信,3.5686,,235639565.0,,0.79,港股主板
08485,13.016253977726988,,,30,,False,0.005,,1000000000.0,0.32,,,,320000000.0,,320000000.0,,10000.0,23.87173970199226,-9.4,,-3.1322696812891793,,,1514390400000.0,0.0222,0.0,,,3.1141,112.0,,,-11.11,竣球控股,14.3853,,1000000000.0,,,港股GEM
01213,144.3088145231353,,0.3688458076985497,30,0.0,False,0.005,,200000000.0,0.5,,2.094986696834475,-5.2,100000000.0,,100000000.0,1.0,2000.0,-4.884857561913709,-4.58,0.0,-12.908616149587349,,0.0,989164800000.0,-0.0276,0.0,,,0.8849,112.0,,,0.0,万保刚集团,-18.1422,,200000000.0,,0.5,港股主板
02936,7.899545858092849,,,30,5.8,False,0.005,,387072000.0,5.29,1.8,,52800.0,2047610880.0,,2047610880.0,,5000.0,-62.31669138243533,,0.0,-1.5395324975215785,52450.0,0.29,1490025600000.0,-0.0293,0.0,10000.0,0.0,24.3202,111.0,0.0,,,桦欣控股,-180.4698,,387072000.0,,5.0,港股主板
08103,,,1.2140841740226986,30,0.0,False,0.001,,129447897.0,0.119,,,10.19,15404300.0,,15404300.0,,1500.0,-21.376064129876475,-33.89,,-19.13333392115416,,0.0,968342400000.0,0.0981,0.0,,,-0.2905,111.0,,,,HMVOD视频,1.2136,,129447897.0,,0.119,港股GEM
80016,-3.5863170454153215,,2.7949055979467907,30,0.22,False,0.05,,2897780274.0,90.85,,,7.2,263263337893.0,,263263337893.0,4.16,500.0,3.4232660987851764,3.27,0.0,9.780342611191939,,0.2,1687104000000.0,7.3939,0.0,,,0.4862,111.0,,106.9,0.29,新鸿基地产-R,12.2871,00016,2897780274.0,,90.65,港股主板
01861,,,0.8097470037642023,30,0.0,False,0.005,,233917250.0,2.3,,99.66833549462764,18.29,538009675.0,,538009675.0,1.65,2000.0,-2.189646793027807,-38.13,0.0,6.50435050253646,,0.0,1561046400000.0,-0.0356,0.0,,,1.4167,110.0,,,0.0,保宝龙科技,-64.5483,,233917250.0,,2.3,港股主板
02132,-27.68600725647413,,0.2324,30,-2.42,False,0.001,0.7782,1600000000.0,0.161,0.61,3.7655,22.9,257600000.0,,257600000.0,,8000.0,3.7058953622512716,-45.55,-0.62,5.039686475611305,28504.0,-0.004,1603123200000.0,0.0078,0.0,176000,0.98,0.7558,110.0,0.01,,-15.38,誉燊丰控股,20.7742,,1600000000.0,,0.165,港股主板
08510,,,2.9946,30,-3.75,False,0.001,,238878720.0,0.231,0.42,191.6006,29.05,55180984.0,,55180984.0,,20000.0,10.08147929243889,-92.3,0.0,23.95244185032739,14216.0,-0.009,1518451200000.0,-0.005,0.0,61600.0,0.19,-4.7846,110.0,0.03,,0.0,TOPSTANDARDCORP,-46.2152,,238878720.0,,0.24,港股GEM
01218,,,0.4383,30,-1.67,False,0.005,0.1078,147976806.0,1.18,7.5,1.1656,-26.02,174612631.0,,174612631.0,,1000.0,-28.815197310458906,-96.76,0.0,57.143775515903215,48710.0,-0.02,791395200000.0,-2.9418,0.0,41000.0,7.77,0.135,109.0,0.03,,,永义国际,-0.4011,,147976806.0,,1.2,港股主板
01820,,,0.3453,30,0.0,False,0.005,1.6485,300632000.0,2.8,0.0,16.4462,14.97,841769600.0,,841769600.0,2.86,1000.0,-7.436909774444243,11.15,0.0,2.909202987732473,5600.0,0.0,1545321600000.0,-0.1305,0.0,2000.0,0.67,1.6522,108.0,0.0,,0.0,济丰包装,-21.4638,,300632000.0,,2.8,港股主板
08362,,,0.5880335179105209,30,0.0,False,0.001,,1400000000.0,0.06,,64.46661550268611,11.11,84000000.0,,84000000.0,,20000.0,2.562286523720856,-42.75,0.0,15.565291067612375,,0.0,1498752000000.0,0.0016,0.0,,,0.9841,108.0,,,-30.0,运兴泰集团,37.4498,,1400000000.0,,0.06,港股GEM
02937,,,,30,-23.08,False,0.001,,685317610.0,0.01,76.92,,-84.62,6853176.0,,6853176.0,,10000.0,-70.31181530371589,0.0,0.0,,91547.0,-0.003,1791129600000.0,-0.1042,0.0,8770500.0,0.73,0.0554,105.0,1.28,,-76.92,LONG投资股权,-0.096,,685317610.0,,0.013,港股主板
02102,56.21840387272998,,1.0195,30,-5.63,False,0.005,0.7695,1000000000.0,0.335,5.63,5.1367,30.1,335000000.0,,335000000.0,10.45,10000.0,6.280727448316389,,0.0,6.23657087420062,13850.0,-0.02,1501084800000.0,0.0276,0.0,40000.0,0.23,0.7695,104.0,0.0,,,德利机械,12.1487,,1000000000.0,,0.355,港股主板
01903,-59.75993302891125,,1.2359,30,-2.0,False,0.005,4.1508,500000000.0,1.96,2.0,,2.08,980000000.0,,980000000.0,,2000.0,-0.4332573516336065,89.98,0.0,23.755235577059565,63920.0,-0.04,1557417600000.0,-0.0021,0.0,32000.0,3.34,4.1533,103.0,0.01,,0.0,JBB BUILDERS,-949.7965,,500000000.0,,2.0,港股主板
02486,12.240367041199374,,0.4285,30,-0.25,False,0.005,0.8741,113207600.0,4.0,4.61,5.2582,-46.31,452830400.0,,452830400.0,,200.0,4.300988098541705,-61.26,0.0,-0.8516710706297226,89356.0,-0.01,1683734400000.0,0.2061,0.0,22200.0,0.73,0.8224,102.0,0.02,,-24.62,普乐师集团控股,19.4046,,113207600.0,,4.01,港股主板
06182,3.8116162268125864,,2.7343,30,-1.48,False,0.005,5.5542,800000000.0,0.665,6.67,24.2402,-10.14,532000000.0,,532000000.0,,8000.0,-32.17060507304742,-8.06,-1.48,0.8955487107551452,1487440.0,-0.01,1516118400000.0,-0.0325,0.0,2144000,0.65,7.8559,102.0,0.27,,-16.25,乙德投资控股,-20.4915,,800000000.0,,0.675,港股主板
01005,,,0.5358028650588181,30,0.0,False,0.005,,756203313.0,0.39,,,-18.75,294919292.0,,294919292.0,,2000.0,-38.07908150332074,-84.65,0.0,-4.635782807316757,,0.0,761500800000.0,-0.1937,0.0,,,0.9689,102.0,,,,美力时集团,-2.0136,,756203313.0,,0.39,港股主板
09900,-50.29241471131867,,22.7093,30,14.75,False,0.005,64.3928,2976000000.0,6.495,16.87,409.2118,4.76,19329120000.0,,19329120000.0,,4000.0,2.321867219571499,,2.61,-11.067363547443643,34754920.0,0.835,1518451200000.0,0.0023,7061600.0,5800000,0.97,63.6417,100.0,0.19,,,智云科技建设,2772.7901,,2976000000.0,,5.66,港股主板
02693,-32.1366324007065,,0.9836182679069038,30,0.0,False,0.005,,24300000.0,2.855,,54.356468560235065,-33.22,69376500.0,,277489772.0,9.32,500.0,4.475890907470402,-67.33,0.0,2.426873502035054,,0.0,1764691200000.0,0.2836,0.0,,,0.4057,99.0,,,2.19,金岩高岭新材,10.0666,,97194316.0,,2.855,港股主板
08601,-14.32115500507235,,1.2839139101936008,30,0.0,False,0.001,,800000000.0,0.285,,18.935304376712896,17.96,228000000.0,,228000000.0,2.81,10000.0,12.755323350230801,21.69,0.0,-0.5494947733041711,,0.0,1536768000000.0,0.0246,0.0,,,1.4312,99.0,,,-7.5,宝燵控股,11.5724,,800000000.0,,0.285,港股GEM
02260,-8.21963407070745,,1.7092,30,0.0,False,0.005,1.2722,483442000.0,1.2,0.0,7.1272,0.66,580130400.0,,580130400.0,1.67,2000.0,8.933899552628926,4.06,0.0,13.812350306631703,2400.0,0.0,1641830400000.0,0.0816,0.0,2000.0,0.18,1.2762,99.0,0.0,,0.82,环龙控股,14.7092,,483442000.0,,1.2,港股主板
02535,,,4.3709,30,-0.84,False,0.005,4.5859,2000000000.0,0.59,8.4,,-34.44,1180000000.0,,1180000000.0,,10000.0,-2.393098116255379,-9.23,-0.84,-20.737216529200452,3960300.0,-0.005,1709827200000.0,-0.0031,-2982000.0,6610000.0,3.11,4.5859,98.0,0.33,,136.0,泓基集团,-189.1935,,2000000000.0,,0.595,港股主板
01770,9.32441990233308,,1.7659,30,1.27,False,0.05,3.7533,51185739.0,76.0,7.86,30.6255,-3.36,3890116164.0,,3890116164.0,,50.0,,-1.49,0.0,28.557660480172053,397065.0,0.95,1783526400000.0,1.6295,0.0,5300.0,0.35,2.7099,98.0,0.01,,1.73,东方科脉,46.6401,,51185739.0,,75.05,港股主板
02347,38.51807656890593,,0.5117,30,0.0,False,0.005,1.3883,484088000.0,0.765,0.65,5.4259,14.93,370327320.0,,370327320.0,3.92,2000.0,6.220802851944001,-60.35,0.0,-4.8425923591087106,124450.0,0.0,1654790400000.0,0.0346,0.0,162000.0,0.88,1.3852,97.0,0.03,,0.0,友和集团,22.1065,,484088000.0,,0.765,港股主板
08439,,,3.3987,30,0.0,False,0.005,3.1751,151491894.0,1.26,0.79,18.843,287.81,190879786.0,,190879786.0,1.59,2000.0,3.328941872047814,-23.83,-0.4,-2.7178780694045446,165460.0,0.0,1490630400000.0,0.0137,0.0,132000.0,0.51,3.0786,97.0,0.09,,-4.19,新百利融资,92.1234,,151491894.0,,1.26,港股GEM
02501,-27.083841711358193,,2.4205,30,1.49,False,0.005,3.2929,558838000.0,2.05,5.94,31.817,122.83,1145617900.0,,1145617900.0,,2000.0,-0.05815137756342443,66.67,-1.2,42.09017197277844,2804260.0,0.03,1696953600000.0,-0.0019,415800.0,1354000.0,0.75,2.789,96.0,0.24,,38.14,迈越科技,-1060.8053,,558838000.0,,2.02,港股主板
08501,,,0.52218412212146,30,-4.26,False,0.005,,200000000.0,0.9,,9.385754510376474,102.25,180000000.0,,180000000.0,,2000.0,-11.89977021555969,-41.11,0.0,-12.672343693012866,,-0.04,1514995200000.0,-0.068,0.0,,,1.6719,95.0,,,6.88,庄皇集团公司,-13.2411,,200000000.0,,0.94,港股GEM
08313,37.79224316296133,,3.6682,30,3.23,False,0.001,0.7147,2000000000.0,0.032,9.68,,-15.79,64000000.0,,64000000.0,,10000.0,-24.814836414533154,-89.72,0.0,-32.060911145598524,3130.0,0.001,1516032000000.0,-0.0128,0.0,100000,0.24,0.715,94.0,0.01,,1.56,杰地集团,-2.494,,2000000000.0,,0.031,港股GEM
01334,-61.23876927143277,,0.7061,30,2.98,False,0.005,1.1365,500000000.0,0.865,0.0,5.5189,-23.56,432500000.0,,432500000.0,5.43,2500.0,5.653678104808021,-27.87,0.0,4.999773290401199,11000.0,0.025,1720540800000.0,0.0381,0.0,12500.0,0.27,1.139,94.0,0.0,,14.29,瑞昌国际控股,22.6945,,500000000.0,,0.84,港股主板
08535,-32.356391470127086,,1.0421,30,-4.42,False,0.001,1.7997,1200000000.0,0.238,0.8,13.2486,25.26,285600000.0,,285600000.0,,20000.0,0.944392082940622,68.79,-0.42,-1.5317324539752764,67100.0,-0.011,1518364800000.0,0.0013,0.0,280000,0.57,1.7849,94.0,0.02,,-18.82,荧德控股,190.02,,1200000000.0,,0.249,港股GEM
01481,,,4.7835,30,0.0,False,0.005,9.8382,1020000000.0,1.375,0.0,,-23.61,1402500000.0,,1402500000.0,,10000.0,10.046492221493713,,0.0,57.70631453980408,41250.0,0.0,1514390400000.0,0.0132,0.0,30000.0,0.5,9.8382,94.0,0.0,,,竣球控股,104.0122,,1020000000.0,,1.375,港股主板
09639,-23.107603816340806,,1.467,30,0.55,False,0.005,2.4536,1000000000.0,0.91,1.1,,-23.53,910000000.0,,910000000.0,,5000.0,5.107201614434553,82.0,0.0,19.753102917724654,77400.0,0.005,1728403200000.0,0.0184,0.0,85000.0,0.72,2.4601,92.0,0.01,,-15.07,荣利营造,49.3921,,1000000000.0,,0.905,港股主板
01402,-60.01074808147657,,4.9912,30,-7.41,False,0.005,4.4692,1050500000.0,0.5,8.33,372.2537,108.33,525250000.0,,525250000.0,,10000.0,0.3124122138704213,,0.0,-12.64038545902385,742850.0,-0.04,1432656000000.0,0.0003,0.0,1450000,0.96,4.4613,91.0,0.14,,,超智能控股,1431.1989,,1050500000.0,,0.54,港股主板
08657,-20.284167238100625,,45.5919,30,10.91,False,0.005,8.4914,610183500.0,0.305,7.27,,-23.75,186105968.0,,186105968.0,,2000.0,-111.99181626187962,-77.73,0.0,-69.1865424260689,56220.0,0.03,1602777600000.0,-0.0556,0.0,174000,4.25,8.4914,91.0,0.03,,-22.86,TRUE PARTNER,-5.4837,,610183500.0,,0.275,港股GEM
00924,,,0.3730496410830587,30,0.0,False,0.001,,1000000000.0,0.124,,,0.81,124000000.0,,124000000.0,,8000.0,-88.63292897112281,-87.6,,6.228137402455292,,0.0,1562256000000.0,-0.1442,0.0,,,1.6192,91.0,,,0.0,坤集团,-0.86,,1000000000.0,,0.124,港股主板
02916,,,,30,0.0,False,0.001,,6437200203.0,128.7,,,0.0,828467666126.0,,828467666126.0,,500.0,2.6691079560252233,,,4.870142535760502,,0.0,661363200000.0,0.2627,0.0,,,13.1978,90.0,,,,创科实业(五百),489.9277,,6437200203.0,,128.7,港股主板
08668,331.9485390460982,,1.3305,30,-3.17,False,0.001,,1200000000.0,0.122,2.38,,17.31,146400000.0,,146400000.0,,10000.0,-306.17188790398063,-49.17,0.0,4.587450413456584,16080.0,-0.004,1569427200000.0,-0.0232,0.0,130000.0,0.31,-30.6854,89.0,0.01,,0.42,瀛海集团,-5.2652,,1200000000.0,,0.126,港股GEM
02450,,,26.7582,30,8.48,False,0.01,9.0288,66000000.0,16.75,19.43,37.2404,425.08,1105500000.0,,4422000000.0,,1500.0,-9.614752212439043,1334.94,4.95,-32.135631470883084,5762810.6,1.31,1674144000000.0,-0.1835,0.0,370940,2.67,9.057,89.0,0.56,,-44.5,淮北绿金股份,-91.2853,,264000000.0,,15.44,港股主板
02892,,,6.200111573006698,30,0.0,False,0.005,,750000000.0,0.61,,,74.29,457500000.0,,457500000.0,,2000.0,-2.312825177626279,-51.97,0.0,-53.58833354947413,,0.0,1545235200000.0,-0.0192,0.0,,,0.7064,89.0,,,5.0,万城控股,-31.7612,,750000000.0,,0.61,港股主板
08209,,,,30,,False,0.01,,,1.39,,,,,,,,4000.0,,,,,,,,,,,,,88.0,,,,美捷滙控股,,,,,,港股GEM
00252,,,1.6768434230505003,30,0.0,False,0.005,,225420034.0,1.7,,12.012603303971662,7.55,383214058.0,,383214058.0,1.76,2000.0,-3.781130383957882,,0.0,-1.4175645066365594,,0.0,599414400000.0,-0.1908,0.0,,,0.33,88.0,,,,华信地产财务,-8.9078,,225420034.0,,1.7,港股主板
02904,,,,30,,False,0.001,,247680000.0,0.01,,,,2476800.0,,2476800.0,,2000.0,-309.70451010886467,-33.33,,-39.76765181463403,,,1786550400000.0,-0.6258,0.0,,,-0.1393,87.0,,,-94.46,CMON RTS,-0.016,,247680000.0,,,港股主板
01442,,,0.6428472233890659,30,0.0,False,0.005,,2064000000.0,0.28,,19.726925177498636,-13.85,577920000.0,,577920000.0,,5000.0,1.8142244253488167,-15.0,0.0,8.34837303475664,,0.0,1579536000000.0,0.0066,0.0,,,0.834,87.0,,,9.68,鹰辉物流,42.6792,,2064000000.0,,0.28,港股主板
01657,-23.67487882544198,,105.86784564949322,30,0.0,False,0.05,,320000000.0,55.0,,1535.2407536636426,3693.1,17600000000.0,,17600000000.0,,500.0,-9.162009771639665,,0.0,3.6341343205485988,,0.0,1490025600000.0,-0.0228,0.0,,,230.5747,85.0,,,,桦欣控股,-2409.6386,,320000000.0,,55.0,港股主板
01284,-14.421027942876085,,1.9201,30,-4.84,False,0.005,2.0351,600000000.0,0.59,2.42,16.4536,71.26,354000000.0,,354000000.0,6.61,5000.0,6.116224862509367,,0.0,-6.853772867873742,120025.0,-0.03,1689523200000.0,0.0184,0.0,200000,1.17,2.0351,81.0,0.03,,,新传企划,32.0072,,600000000.0,,0.62,港股主板
08441,66.06788791421508,,,30,,False,0.01,,800000000.0,1.3,,,,1040000000.0,,1040000000.0,,10000.0,27.222320669579,158.04,,18.84446484473552,,,1571673600000.0,0.0616,0.0,,,5.6821,80.0,,,0.0,国际永胜集团,21.0872,,800000000.0,,,港股GEM
02528,,,0.393,30,-1.19,False,0.005,1.2699,400000000.0,0.83,0.0,1.3349,196.43,332000000.0,,332000000.0,,2000.0,43.17868538455822,-47.03,0.0,-6.63011187248893,16600.0,-0.01,1578844800000.0,0.2251,0.0,20000.0,0.58,1.2699,79.0,0.01,,-27.0,尚晋国际控股,3.6865,,400000000.0,,0.84,港股主板
03860,-32.84934598759578,,0.7635987269636356,30,0.0,False,0.005,,582429838.0,0.6,,12.388609720646626,-11.76,349457903.0,,349457903.0,,5000.0,-12.223894363804067,,0.0,0.347648268244094,,0.0,1496160000000.0,-0.0238,0.0,,,3.2997,78.0,,,,EPS创健科技,-25.2334,,582429838.0,,0.6,港股主板
03119,,,,30,,False,0.5,,,820.5,,,,,,,0.0,2.0,,,,,,,,,,,,,76.0,,,,ETFS铂金,,,,,,港股主板
01915,29.006768369414402,,7.164824313956582,30,0.0,False,0.005,,150000000.0,0.265,,,0.0,39750000.0,,159000000.0,,2000.0,7.931843528883665,,,,,0.0,1494172800000.0,-0.0325,2411020.0,,,-0.6147,76.0,,,,泰和小贷,-8.1558,,600000000.0,,0.265,港股主板
02372,,,5.095885323427492,30,0.0,False,0.005,,800000000.0,0.915,,39.47794196958257,226.79,732000000.0,,732000000.0,,4000.0,-9.659133103943363,30.71,0.0,-7.36051945885764,,0.0,1656518400000.0,-0.0279,0.0,,,3.3075,76.0,,,0.0,伟立控股,-32.8077,,800000000.0,,0.915,港股主板
02671,-70.94719530035485,,0.5459,30,-2.14,False,0.005,1.2516,120550005.0,6.86,0.0,,5.71,826973034.0,,826973034.0,6.31,300.0,0.8414753868449347,-7.3,0.88,-20.589024008132906,2070.0,-0.15,1767024000000.0,0.0511,0.0,300,0.01,1.2555,75.0,0.0,,7.61,美联股份,134.1829,,120550005.0,,7.01,港股主板
08169,,,0.183377416252746,30,0.0,False,0.001,,649540000.0,0.032,,,-27.27,20785280.0,,20785280.0,,10000.0,0.1952221461482948,-88.85,0.0,10.975109081187885,,0.0,1007481600000.0,0.0003,0.0,,,0.1865,75.0,,,0.0,环康集团,98.5084,,649540000.0,,0.032,港股GEM
02938,-83.30534434572394,,,30,-4.78,False,0.005,,234366456.0,1.295,15.44,,6066.67,303504561.0,,303504561.0,,2000.0,13.560940670884564,,0.0,-16.85894358700879,305790.0,-0.065,1020009600000.0,-0.1605,-100640.0,238000,0.64,22.5453,74.0,0.1,,,帝王国际投资,-8.0664,,234366456.0,,1.36,港股主板
01489,,,13.3289,30,-2.4,False,0.005,13.1408,1000000000.0,3.46,10.16,99.9971,787.18,3460000000.0,,3460000000.0,,5000.0,-25.118201355595964,458.06,1.76,-21.74332812073797,3018600.0,-0.085,1665331200000.0,-0.0608,0.0,895000,0.67,16.3538,72.0,0.09,,10.0,GC CONSTRUCTION,-56.9304,,1000000000.0,,3.545,港股主板
02902,77.42551439417002,,,30,,False,0.001,,1789597740.0,0.071,,,,127061440.0,,127061440.0,,20000.0,112.18864763868308,343.75,,-6.616864535483424,,,1785945600000.0,-0.0243,-51240.0,,,8.6143,69.0,,,-99.72,生物系统工程股权,-2.9188,,1789597740.0,,,港股主板
02987,,,,30,,False,0.001,,2058390867.0,0.01,,,,20583909.0,,20583909.0,,2000.0,-12.65788955567386,-44.44,,33.87828598431359,,,1785340800000.0,-0.0482,35436.0,,,0.0224,69.0,,,-91.94,马可数字科技股权,-0.2077,,2058390867.0,,,港股主板
03006,,,,30,,False,0.02,,,11.96,,,,,,23920000.0,0.0,100.0,,,,,,,1258473600000.0,,,,,,67.0,,,,X安硕A股基建,,,2000000.0,,,港股主板
00335,-3.622120055880085,,21.941521811372844,30,-0.78,False,0.005,,2682316758.0,0.64,,25.804688768301116,-2.99,1716682725.0,,1716682725.0,3.13,2000.0,3.123668940486628,766.04,0.0,-12.038845812016097,,-0.005,971798400000.0,0.0335,0.0,,,0.5916,67.0,,,0.0,美建集团,19.1167,,2682316758.0,,0.645,港股主板
02928,-18.90608916367662,,,30,,False,0.001,,3146438986.0,0.01,,,,31464390.0,,31464390.0,,6000.0,-33.910383958532364,-16.67,0.0,-28.301212100168748,,,1789574400000.0,-0.0566,42540.0,,,0.0675,67.0,,,-98.77,港仔机器人股权,-0.1768,,3146438986.0,,,港股主板
02935,20.815249094931843,,,30,0.0,False,0.001,,675000000.0,63.85,,,0.0,43098750000.0,,43098750000.0,,200.0,-29.692179292061464,,,-42.83607849725699,,0.0,1782403200000.0,-0.0268,-24776.0,,,811.0497,67.0,,,,中科闻歌(二百),-2383.7349,,675000000.0,,63.85,港股主板
02818,,,,30,,False,0.02,,,16.58,,,,,,,0.0,100.0,,,,,,,1273161600000.0,,,,,,64.0,,,,潘渡比特币,,,,,,港股主板
08617,20.52785507102417,,,30,,False,0.01,,400000000.0,2.6,,,,1040000000.0,,1040000000.0,2.31,5000.0,19.562267302272176,444.96,,27.435390951625106,,,1573747200000.0,0.0703,0.0,,,7.4874,63.0,,,1.82,永联丰控股,36.9975,,400000000.0,,,港股GEM
02939,13.901426322383958,,,30,0.0,False,0.001,,246080744.0,51.95,,,519400.0,12783894651.0,,12783894651.0,,2000.0,102.19655756710961,,,-15.521482861053581,,0.0,1683561600000.0,-0.4657,-193050.0,,,-79.9703,63.0,,32.0,,怡俊集团(二千),-111.5591,82939,246080744.0,,51.95,港股主板
07855,37.1108940892866,,,30,,False,0.01,,100100000.0,10.55,,,,1056055000.0,,1319805000.0,,110000.0,889.8823580624448,,,,,,1671724800000.0,-24.7949,0.0,,,-24.3471,62.0,,,,TECHSTARACQ-Z,-0.4255,,125100000.0,,,港股主板
08610,,,1.0271,30,-5.17,False,0.005,1.533,500000000.0,0.55,4.31,,-6.78,275000000.0,,275000000.0,1.82,4000.0,10.633606246127814,-81.36,0.0,18.477618017347595,20340.0,-0.03,1768233600000.0,0.031,0.0,36000,0.39,1.5365,61.0,0.01,,11.67,BBSB INTL,17.7244,,500000000.0,,0.58,港股GEM
06812,,,0.2886,30,0.81,False,0.001,0.7635,600000000.0,0.248,0.0,,31.63,148800000.0,,148800000.0,3.23,5000.0,-2.697341716893998,,0.0,3.705933429912922,4960.0,0.002,1489593600000.0,-0.0088,0.0,20000,0.2,0.7701,60.0,0.0,,,永顺控股香港,-28.1658,,600000000.0,,0.246,港股主板
02520,-6.1395363447741875,,0.30522087905063494,30,0.0,False,0.005,,373486000.0,2.41,,,3.69,900101260.0,,3310101260.0,1.0,2000.0,4.628123887578379,12.19,0.0,-8.432639978106016,,0.0,1700582400000.0,0.111,0.0,,,0.9781,56.0,,,0.0,山西安装,21.7145,,1373486000.0,,2.41,港股主板
03774,49.45100163308924,,35.8229,30,-10.23,False,0.02,166.4563,818920000.0,25.8,19.42,168.9075,80.42,21128136000.0,,21128136000.0,,1000.0,34.897430002043734,,0.23,37.35785832550951,22646760.0,-2.94,1539532800000.0,0.0667,2213920.0,865000,1.62,102.0372,52.0,0.11,,,亮晴控股,386.6718,,818920000.0,,28.74,港股主板
01162,,,2.1945,30,2.05,False,0.001,2.1938,600000000.0,0.249,6.15,25.6173,26.4,149400000.0,,149400000.0,,8000.0,2.1457258411739377,,0.0,-4.615188952471916,86976.0,0.005,1508860800000.0,0.0025,0.0,344000,0.09,2.0864,52.0,0.06,,,莹岚集团,98.2895,,600000000.0,,0.244,港股主板
02421,-56.51164736941298,,1.8891,30,3.45,False,0.005,0.3191,505364800.0,0.6,5.17,3.7759,-7.69,303218880.0,,303218880.0,,2000.0,1.7154037466936616,-63.33,0.0,-41.3703937570718,284750.0,0.02,1679500800000.0,0.0334,0.0,481000.0,1.64,0.3063,52.0,0.1,,0.0,嘉创地产,17.9611,,505364800.0,,0.58,港股主板
08629,52.89758168922172,,2.3818,30,-0.12,False,0.005,1.2686,10179000.0,8.25,0.0,15.2062,-10.41,83976750.0,,279914250.0,2.56,500.0,12.07805474976919,,0.0,54.55255141025441,4127.5,-0.01,1725552000000.0,0.73,0.0,500.0,0.51,1.2726,51.0,0.0,,,集信国控,11.3018,,33929000.0,,8.26,港股GEM
02483,25.09929475760606,,2.253291414959709,30,0.0,False,0.005,,499990000.0,1.68,,,4.97,839983200.0,,840000000.0,7.68,2000.0,9.91111115784736,22.4,0.0,17.465625187093757,,0.0,1701705600000.0,0.1885,0.0,,,0.8682,45.0,,,-0.56,K CASH集团,8.9124,,500000000.0,,1.68,港股主板
02295,6.391962315865096,,10.04,30,0.18,False,0.005,22.1824,400000000.0,5.51,3.45,64.7493,39.49,2204000000.0,,2204000000.0,,5000.0,14.968709263896926,,0.0,6.640999104491385,112100.0,0.01,1576166400000.0,0.0346,0.0,20000.0,0.44,22.1824,44.0,0.01,,,丰城控股,159.2831,,400000000.0,,5.5,港股主板
02922,,,,30,-2.05,False,0.005,,540000000.0,3.575,16.44,,31.77,1930500000.0,,1930500000.0,,8000.0,-7.567088443707455,,-0.69,1.6739082903355573,4563440.0,-0.075,853689600000.0,-0.0422,0.0,1200000.0,3.46,6.7179,43.0,0.22,,,伟禄科技股份,-84.6933,,540000000.0,,3.65,港股主板
08572,,,,30,44.93,False,0.005,,368852325.0,0.5,127.54,,2677.78,184426163.0,,184426163.0,,250.0,-43.38597949570518,,0.0,-23.317718243927356,18637.5,0.155,1408032000000.0,-0.0425,0.0,39000,0.01,6.6855,42.0,0.01,,,朝威控股,-11.7784,,368852325.0,,0.345,港股GEM
08581,,,,30,,False,0.001,,213333332.0,0.01,,,,2133333.0,,2133333.0,,10000.0,-1.422365245374095,0.0,0.0,13.159922719903626,,,1789574400000.0,0.0053,0.0,,,-0.0302,42.0,,,-95.56,港娱国际股权,1.8902,,213333332.0,,,港股GEM
03032,,,,30,,False,0.05,,,37.2,,,,,,,0.0,200.0,,,,,0.0,,,,,0.0,,,39.0,,,,恒生科技ETF,,,,,,港股主板
03139,,,,30,,False,0.05,,,36.15,,,,,,63546928.2,0.0,100.0,,,,,,,1371484800000.0,,,,,,38.0,,,,安硕人债基金,,,1757868.0,,,港股主板
03004,,,,30,,False,0.05,,,39.8,,,,,,,0.0,200.0,,,,,,,1240416000000.0,,,,,,35.0,,,,安硕亚洲小型股,,,,,,港股主板
04621,-58.604609612683944,,,30,0.0,False,0.001,,13567602831.0,99.92,,,0.08,1355674874874.0,,3813400351888.0,0.03,10000.0,0.26382657021105954,0.88,,-10.396732150786214,,0.0,1635955200000.0,0.0161,,,,134.1734,34.0,,,0.0,CINDA 21USDPREF,6193.3866,,38164535147.0,,99.92,港股主板
06663,,,0.7191,30,5.0,False,0.005,1.6365,800000000.0,0.42,0.0,19.366,40.0,336000000.0,,336000000.0,,10000.0,-3.8509655158497953,,0.0,5.982611546830929,163350.0,0.02,1571673600000.0,-0.0095,0.0,390000,1.04,1.7404,32.0,0.05,,,国际永胜集团,-44.0136,,800000000.0,,0.4,港股主板
08585,-2.703631568838516,,,30,-0.15,False,0.005,,240000000.0,3.395,14.71,,19870.59,814800000.0,,814800000.0,,4000.0,14.573288557867286,,0.0,-7.9769459385965575,4467900.0,-0.005,1037289600000.0,0.0232,2046500.0,1300000.0,0.2,14.5279,29.0,0.54,,,首都金融控股,146.4414,,240000000.0,,3.4,港股GEM
08567,-45.3566294960296,,,30,0.0,False,0.001,,3426382152.0,0.265,,,-25.35,907991270.0,,907991270.0,,2000.0,876.7727975270478,,0.0,-16.84025136432725,,0.0,1020960000000.0,-0.024,0.0,,,-23.1885,28.0,,,,金威医疗,-11.0236,,3426382152.0,,0.265,港股GEM
08573,,,,30,0.0,False,0.001,,57548400.0,0.114,,,235.29,6560518.0,,6560518.0,,800.0,-204.04998271348842,,0.88,-43.10420294941776,,0.0,1007049600000.0,-0.2219,0.0,,,1.2138,27.0,,,,中华节能,-0.5137,,57548400.0,,0.114,港股GEM
09689,,,0.2793426631752356,30,0.0,False,0.005,,1116000000.0,0.53,,,29.27,591480000.0,,591480000.0,,4000.0,7.455079564445644,,0.0,37.24817767037023,,0.0,1516118400000.0,0.0336,152640.0,,,0.9131,26.0,,,,金泰丰国际控股,15.7815,,1116000000.0,,0.53,港股主板
02841,,,,30,,False,0.05,,,25.25,,,,,,56812500.0,0.0,100.0,,,,,,,1279555200000.0,,,,,,26.0,,,,X安硕主要消费,,,2250000.0,,,港股主板
08580,,,,30,,False,0.001,,710400000.0,0.027,,,,19180800.0,,19180800.0,,10000.0,15.129046635063409,170.0,,13.951263318806962,,,1788710400000.0,0.0157,0.0,,,0.2413,25.0,,,-99.6,吉辉控股股权,1.7151,,710400000.0,,,港股GEM
03039,,,,30,,False,0.02,,,10.94,,,,,,10940000.0,0.0,100.0,,,,,,,1258473600000.0,,,,,,25.0,,,,X安硕A股原材料,,,1000000.0,,,港股主板
08579,,,,30,,False,0.01,,,0.85,,,,,,,,2400.0,,,,,,,1760976000000.0,,0.0,,,,24.0,,,,龙皇集团,,,,,,港股GEM
03001,,,,30,,False,0.05,,,20.3,,,,,,,5.946,5.0,,,,,0.0,,,,,0.0,,,23.0,,,,X安硕可选消费,,,,,,港股主板
03050,,,,30,,False,0.01,,,5.52,,,,,,,0.0,100.0,,,,,0.0,,,,,0.0,,,23.0,,,,X安硕A股能源,,,,,,港股主板
08583,11.07821586703841,,,30,0.0,False,0.005,,34665175.0,4.9,18.37,,8066.67,169859358.0,,169859358.0,,100.0,-80.08939401930279,,0.41,11.376538097365497,64475.0,0.0,954172800000.0,-1.7523,0.0,14000.0,0.03,2.766,21.0,0.04,,,朗华国际集团,-2.7964,,34665175.0,,4.9,港股GEM
08582,,,,30,0.0,False,0.005,,301108062.0,3.85,,,1066.67,1159266039.0,,1159266039.0,,4000.0,,,,,,0.0,1088524800000.0,-0.02,0.0,,,,20.0,,,,清大东方(四千),,,301108062.0,,3.85,港股GEM
09882,-33.09607747741148,,5.69150890947297,30,0.0,False,0.005,,800000000.0,0.755,,28.84569463680214,21.77,604000000.0,,604000000.0,,2000.0,-5.814327015740443,,0.0,-17.391182645354053,,0.0,1573747200000.0,-0.01,0.0,,,4.4792,16.0,,,,永联丰控股,-75.8413,,800000000.0,,0.755,港股主板
09876,-7.906460893302524,,1.97,30,-5.51,False,0.005,2.803,280000000.0,3.0,4.41,30.0989,-9.23,840000000.0,,840000000.0,1.4,2000.0,12.818608121418778,,0.0,-3.010068910844621,173170.0,-0.175,1508342400000.0,0.1399,0.0,56000.0,0.79,2.6308,14.0,0.02,,,大洋环球控股,21.4439,,280000000.0,,3.175,港股主板
03064,,,,30,,False,0.05,,,23.0,,,,,,,0.0,500.0,,,,,,,1327593600000.0,,,,,,9.0,,,,GX亚太,,,,,,港股主板
03134,,,,30,,False,0.02,,,13.12,,,,,,9840000.0,0.0,200.0,,,,,0.0,,,,,0.0,,,9.0,,,,F 三星恒期人汇,,,,,,港股主板
03071,,,,30,,False,0.01,,,0.0,,,,,,,0.0,500.0,,,,,0.0,,,,,0.0,,,5.0,,,,X大成中国消费,,,,,,港股主板
03075,,,,30,,False,0.02,,,18.6,,,,,,,4.237,500.0,,,,,,,1327593600000.0,,,,,,5.0,,,,HZ标普亚洲工业,,,,,,港股主板
03413,,,,30,0.0,False,0.001,,,7.835,,,0.0,,,,0.0,1.0,,,,,5482960.0,0.0,,,,700000.0,,,0.0,,,,03413,,,,,7.835,港股主板
03426,,,,30,0.0,False,0.001,,,7.835,,,0.0,,,,0.0,1.0,,,,,5482960.0,0.0,,,,700000.0,,,0.0,,,,03426,,,,,7.835,港股主板
03412,,,,30,0.0,False,0.001,,,7.835,,,0.0,,,,0.0,1.0,,,,,5482960.0,0.0,,,,700000.0,,,0.0,,,,03412,,,,,7.835,港股主板
02826,,,,30,0.0,False,0.01,,,57.95,,,0.0,,,,0.0,,,,0.0,,2898.0,57.95,,,0.0,50.0,,,,,,,未来中国云算,,,,,0.0,港股主板
09788,,,,30,0.0,False,0.005,,,10.07,,,0.7,,,,0.0,,,,,,0.0,0.0,,,,0.0,,,,,,,09788,,,,,10.07,港股主板
02820,,,,30,0.0,False,0.01,,,57.05,,,0.0,,,,0.0,,,,0.0,,2853.0,57.05,,,,50.0,,,,,,,未来中国生科,,,,,0.0,港股主板
09711,,,,30,0.0,False,0.01,,,10.42,0.0,,4.2,,,,0.0,,,,,,0.0,0.0,,,,0.0,0.0,,,0.0,,,09711,,,,,10.42,港股主板
09366,,,,30,0.0,False,0.005,,,9.59,0.0,,-4.1,,,,0.0,,,,,,0.0,0.0,,,,0.0,0.0,,,0.0,,,09366,,,,,9.59,港股主板
02809,,,,30,,False,0.01,,,0.0,,,,,,,0.0,,,,,,0.0,,,,,0.0,,,,,,,GX中国洁能,,,,,,港股主板
03077,,,,30,,False,0.01,,,0.0,,,0.0,,,,3.685,,,,,,0.0,,,,,0.0,,,,,,,PP美国国库,,,,,,港股主板
03033,,,,30,,False,0.01,,,0.0,,,,,,,0.0,,,,,,0.0,,,,,0.0,,,,,,,南方恒生科技,,,,,,港股主板
02806,,,,30,,False,0.01,,,0.0,,,,,,,0.0,,,,,,0.0,,,,,0.0,,,,,,,GX中国消费,,,,,,港股主板
02814,,,,30,,False,0.01,,,0.0,,,,,,,0.0,,,,,,0.0,,,,,0.0,,,,,,,X领先日本ETF,,,,,,港股主板
03037,,,,30,,False,0.02,,,10.46,,,,,,,3.284,,,,,,0.0,,,,,0.0,,,,,,,X易亚菲律宾,,,,,,港股主板
03088,,,,30,,False,0.01,,,0.0,,,,,,,0.385,,,,,,0.0,,,,,0.0,,,,,,,华夏恒生科技,,,,,,港股主板
03069,,,,30,,False,0.01,,,0.0,,,,,,,0.314,,,,,,0.0,,,,,0.0,,,,,,,X易亚泰国,,,,,,港股主板
