symbol,name,followers,current,last_close,percent,market_capital,turnover_rate,pe_ttm,pb,dividend_yield
SH600519,贵州茅台,3725975.0,1258.62,1235.58,1.86,1573377704651.0,0.31,19.321,6.262,4.133
SH601318,中国平安,3170433.0,53.29,52.5,1.5,964956241914.0,0.52,6.057,0.939,5.123
SH600036,招商银行,2930647.0,41.26,40.51,1.85,1040570829497.0,0.34,6.86,0.909,4.886
SH600887,伊利股份,2248759.0,27.3,27.24,0.22,172682346209.0,0.48,17.058,3.215,5.055
SH601166,兴业银行,2093572.0,18.05,17.79,1.46,381989614210.0,0.32,5.062,0.455,2.776
SH600276,恒瑞医药,2074861.0,47.2,45.62,3.46,313275834053.0,1.76,40.546,4.86,0.424
SH601919,中远海控,2067859.0,16.37,16.33,0.24,249939172937.0,0.42,9.343,1.069,5.321
SH601012,隆基绿能,1959381.0,11.21,10.89,2.94,84950155149.0,1.16,-11.275,1.764,
SH603288,海天味业,1934961.0,33.17,32.91,0.79,193844599137.0,0.22,26.492,4.965,2.415
SH600900,长江电力,1776459.0,28.54,28.38,0.56,698322933615.0,0.28,19.29,3.231,3.504
SH600585,XD海螺水,1718561.0,17.51,16.85,3.92,92401321370.0,1.0,14.842,0.483,4.243
SH603259,药明康德,1601387.0,167.34,160.66,4.16,507860846404.0,1.82,23.436,5.992,1.229
SH601088,中国神华,1600042.0,47.8,47.3,1.06,1036754959731.0,0.13,19.206,2.299,4.205
SH600436,片仔癀,1588891.0,118.0,115.22,2.41,71191430780.0,0.38,39.348,4.872,2.237
SH600309,万华化学,1569619.0,68.9,67.66,1.83,215689495031.0,0.63,13.098,1.899,2.99
SH601888,中国中免,1568289.0,51.44,50.93,1.0,106881859367.0,0.7,26.114,1.86,1.359
SH600009,上海机场,1545116.0,22.58,22.38,0.89,56186108443.0,0.22,24.55,1.303,2.347
SH601633,长城汽车,1399074.0,13.73,13.66,0.51,117778737474.0,0.23,19.653,1.349,2.542
SH600763,通策医疗,1394843.0,34.07,33.0,3.24,15142614319.0,1.89,24.625,3.684,
SH600702,舍得酒业,1334903.0,32.71,31.76,2.99,10862692194.0,1.94,-144.547,1.559,0.939
SH601155,新城控股,1256589.0,12.87,13.01,-1.08,29029866157.0,2.8,45.786,0.465,
SH600030,中信证券,811882.0,25.86,25.82,0.15,404043679402.0,0.45,10.189,1.297,3.155
SH601899,紫金矿业,747418.0,29.79,29.46,1.12,792139879599.0,0.48,11.708,3.922,2.685
SH600016,民生银行,725842.0,3.51,3.47,1.15,153676288942.0,0.59,5.351,0.265,4.872
SH600196,复星医药,700368.0,24.02,23.39,2.69,64143712387.0,1.75,18.921,1.316,1.624
SH600031,三一重工,689215.0,17.49,17.06,2.52,160820627603.0,0.72,18.102,1.746,1.029
SH600660,福耀玻璃,678937.0,53.58,53.0,1.09,139830058445.0,0.31,16.493,3.663,3.919
SH600000,浦发银行,629050.0,9.48,9.18,3.27,315739347084.0,0.44,6.163,0.419,4.43
SH601398,工商银行,593768.0,8.28,8.16,1.47,2951043808697.0,0.11,7.888,0.745,3.865
SH601988,中国银行,566771.0,6.73,6.65,1.2,2168489531508.0,0.13,8.708,0.788,3.507
SH601288,农业银行,561340.0,6.97,6.94,0.43,2439381746095.0,0.07,8.188,0.853,3.73
SH600570,恒生电子,496027.0,19.4,19.32,0.41,36736770075.0,0.53,29.835,3.782,1.289
SH600089,特变电工,493744.0,17.32,17.15,0.99,87514367330.0,0.73,16.442,1.235,2.067
SH600048,保利发展,488830.0,5.77,5.84,-1.2,69069458522.0,4.37,-217.596,0.355,0.607
SH601668,中国建筑,485661.0,4.34,4.27,1.64,179330494527.0,0.69,5.663,0.362,6.267
SH600111,北方稀土,472925.0,35.3,35.41,-0.31,127611824223.0,0.6,37.832,4.861,0.368
SH601939,建设银行,460501.0,11.06,11.03,0.27,2893300218937.0,0.85,8.353,0.808,3.653
SH601328,交通银行,438909.0,7.75,7.62,1.71,684819327728.0,0.73,7.025,0.586,4.335
SH600150,中国船舶,430212.0,39.1,38.95,0.39,294251792361.0,1.11,20.981,1.931,2.123
SH600886,国投电力,422460.0,15.24,15.15,0.59,121988492553.0,0.3,17.099,1.838,3.333
SH601766,中国中车,405888.0,6.19,6.12,1.14,177645968705.0,0.41,12.757,1.007,3.716
SH603019,中科曙光,394583.0,79.52,80.4,-1.09,116346967144.0,0.91,48.097,5.047,0.566
SH600584,长电科技,393846.0,64.28,65.7,-2.16,115023568560.0,2.5,59.318,3.974,0.233
SH600690,海尔智家,391524.0,20.42,20.21,1.04,189969060309.0,0.41,10.651,1.6,4.403
SH601857,中国石油,391290.0,11.21,11.12,0.81,2051665161340.0,0.07,11.653,1.252,4.55
SH603986,兆易创新,383632.0,353.9,367.57,-3.72,249135488015.0,3.61,31.419,6.661,0.211
SH601688,华泰证券,377678.0,17.8,17.72,0.45,160678175391.0,0.5,7.828,0.898,3.258
SH600566,济川药业,375001.0,25.63,24.87,3.06,23624606767.0,0.53,12.855,1.713,6.773
SH601127,赛力斯,353767.0,46.94,46.81,0.28,81768779937.0,1.61,62.946,2.182,1.704
SH600438,通威股份,352925.0,11.52,11.07,4.07,51862935629.0,1.24,-5.337,1.607,
SH600028,XD中国石,351614.0,5.28,5.18,1.93,637372450028.0,0.22,17.728,0.757,4.11
SH600703,三安光电,349395.0,11.48,11.41,0.61,57273934986.0,1.1,-91.257,1.651,
SH600050,中国联通,347234.0,4.23,4.17,1.44,132248519133.0,0.45,19.12,0.771,1.229
SH601933,永辉超市,340658.0,2.99,2.96,1.01,26685861123.0,0.64,-12.963,12.31,
SH600104,上汽集团,334314.0,10.88,10.71,1.59,125068619244.0,0.35,13.535,0.419,2.426
SH601818,光大银行,332857.0,3.04,3.01,1.0,179620075225.0,0.38,5.457,0.354,4.967
SH601600,中国铝业,332286.0,8.93,8.94,-0.11,153191995611.0,0.76,8.766,1.813,4.737
SH600893,航发动力,330158.0,38.86,38.41,1.17,103584992089.0,0.65,150.391,2.579,0.185
SH603993,洛阳钼业,325964.0,16.88,16.75,0.78,361135955771.0,0.45,12.981,4.027,2.257
SH601006,大秦铁路,325565.0,4.74,4.67,1.5,94150111768.0,0.62,15.587,0.572,4.684
SH600010,包钢股份,320090.0,2.09,2.08,0.48,94522408861.0,0.69,188.417,1.804,
SH600795,国电电力,318356.0,5.34,5.36,-0.37,95242205898.0,0.53,14.678,1.581,4.513
SH601390,中国中铁,317331.0,4.33,4.25,1.88,106220573725.0,0.45,5.386,0.329,3.464
SH601607,上海医药,316091.0,16.22,16.0,1.38,60149628542.0,0.41,12.61,0.768,2.774
SH600118,中国卫星,313045.0,55.03,55.27,-0.43,65072377099.0,0.96,646.753,10.16,0.022
SH601669,中国电建,310476.0,4.57,4.52,1.11,78723548156.0,0.48,9.368,0.533,2.319
SH600332,白云山,309822.0,19.72,19.4,1.65,32060597514.0,0.4,12.51,0.819,3.803
SH600588,用友网络,298113.0,9.22,9.25,-0.32,31504716111.0,0.61,-22.943,4.688,
SH600362,江西铜业,297425.0,41.8,41.74,0.14,144742089129.0,0.9,12.491,1.652,1.435
SH600298,安琪酵母,297126.0,37.47,37.3,0.46,32517053192.0,0.56,19.998,2.612,1.468
SH600460,士兰微,295577.0,30.75,31.84,-3.42,51170209234.0,2.53,78.762,4.143,0.26
SH601777,千里科技,294512.0,8.18,7.91,3.41,36982598581.0,0.87,281.118,3.581,
SH600019,宝钢股份,288915.0,5.93,5.85,1.37,129167762562.0,0.45,12.868,0.626,5.211
SH600905,三峡能源,288436.0,3.52,3.52,0.0,100628528500.0,0.22,89.953,1.133,1.165
SH601138,工业富联,288070.0,58.2,58.42,-0.38,1154926170929.0,0.26,24.619,6.571,1.117
SH600096,云天化,286862.0,27.86,27.32,1.98,50788521766.0,0.74,9.536,1.999,5.025
SH601009,南京银行,284285.0,11.98,11.79,1.61,148115535595.0,0.31,6.485,0.767,4.416
SH601985,中国核电,281896.0,9.07,9.02,0.55,186551778811.0,0.48,25.629,1.575,1.985
SH601727,上海电气,274778.0,6.44,6.41,0.47,100078383336.0,0.23,73.833,1.808,0.217
SH601788,光大证券,273247.0,13.68,13.55,0.96,63075574902.0,0.26,14.771,1.026,2.515
SH600518,康美药业,272638.0,1.34,1.33,0.75,18530721565.0,0.61,628.983,2.53,
SH600316,洪都航空,270474.0,33.41,32.84,1.74,23958795846.0,0.96,505.387,4.453,0.051
SH603799,华友钴业,267352.0,35.0,34.03,2.85,66273463095.0,2.08,9.595,1.303,1.431
SH601998,中信银行,266137.0,9.1,9.02,0.89,506370976602.0,0.09,7.058,0.678,4.352
SH600809,山西汾酒,266086.0,115.6,111.5,3.68,141027864063.0,0.61,13.853,3.702,5.675
SH600750,华润江中,266065.0,22.53,22.3,1.03,14319804151.0,0.54,16.352,3.617,6.125
SH600745,*ST闻泰,261840.0,16.43,16.51,-0.48,21544356589.0,0.99,-2.238,0.911,
SH600522,中天科技,258211.0,31.13,31.33,-0.64,106245122667.0,2.49,28.545,2.764,0.835
SH600352,浙江龙盛,256161.0,12.59,12.1,4.05,40959448117.0,1.66,21.499,1.277,3.574
SH600391,航发科技,252810.0,40.61,40.92,-0.76,13406553594.0,2.95,236.415,7.488,
SH601169,北京银行,252515.0,5.57,5.48,1.64,117766422395.0,0.73,5.626,0.413,7.325
SH600446,金证股份,248405.0,10.41,10.39,0.19,9798594456.0,1.21,-83.804,2.731,
SH601179,中国西电,246800.0,11.61,11.41,1.75,59511494107.0,1.02,43.773,2.54,0.939
SH600267,海正药业,245979.0,11.75,11.43,2.8,13868197128.0,2.26,15.793,1.542,1.753
SH600418,江淮汽车,245680.0,27.47,26.04,5.49,61922275017.0,12.19,-36.887,4.989,
SH600085,同仁堂,242216.0,23.74,23.3,1.89,32558704020.0,0.4,33.563,2.39,2.106
SH600547,山东黄金,240958.0,27.3,26.49,3.06,125851076033.0,2.41,22.989,3.799,1.026
SH601800,中国交建,236567.0,5.94,5.83,1.89,96309890497.0,0.22,7.73,0.331,1.313
SH600109,国金证券,235875.0,8.13,8.08,0.62,29944927442.0,0.3,12.079,0.83,0.984
SH600221,海航控股,235723.0,1.22,1.21,0.83,52723071693.0,0.46,24.044,9.599,
SH600029,南方航空,231316.0,4.92,4.84,1.65,89155174821.0,0.41,-68.266,2.96,
SH603501,豪威集团,229704.0,82.21,80.36,2.3,103403587145.0,1.07,31.95,3.193,0.59
SH601628,中国人寿,229384.0,36.7,36.62,0.22,1037314673500.0,0.08,4.189,1.562,2.659
SH601225,陕西煤业,228985.0,26.03,25.66,1.44,252360850000.0,0.4,12.371,2.495,3.715
SH601336,新华保险,226406.0,56.35,55.94,0.73,175786450910.0,0.31,3.97,1.423,4.951
SH601186,中国铁建,225695.0,6.02,5.95,1.18,81748839830.0,0.24,5.0,0.294,4.983
SH601168,西部矿业,225246.0,35.35,35.17,0.51,84239050000.0,0.93,14.175,3.757,0.283
SH601360,三六零,224545.0,8.95,9.12,-1.86,62646043017.0,1.32,82.377,2.218,1.676
SH688256,寒武纪,219679.0,1009.01,1046.0,-3.54,634519982612.0,1.37,190.429,46.768,0.1
SH600895,张江高科,216608.0,28.01,27.77,0.86,43378794296.0,0.81,45.836,3.17,0.685
SH600760,中航沈飞,210086.0,43.63,42.65,2.3,123687971075.0,0.42,43.332,5.285,0.928
SH600999,招商证券,209814.0,17.07,16.94,0.77,148449712578.0,0.26,8.346,1.18,3.609
SH600406,国电南瑞,208525.0,22.52,22.21,1.4,180875148633.0,0.54,21.534,3.473,2.771
SH600489,中金黄金,208232.0,21.9,21.59,1.44,106156145152.0,1.0,16.095,3.267,2.091
SH600875,东方电气,205011.0,23.04,22.97,0.3,79680621911.0,0.62,17.192,1.728,2.3
SH601377,兴业证券,203404.0,5.72,5.72,0.0,49397847322.0,0.57,13.462,0.878,3.497
SH601106,中国一重,203352.0,2.95,2.92,1.03,20230459635.0,0.49,-97.212,3.907,
SH600143,金发科技,203290.0,12.76,12.74,0.16,34111287150.0,0.5,27.3,1.737,2.343
SH600256,广汇能源,200908.0,6.67,6.68,-0.15,42634659770.0,1.21,24.084,1.706,0.945
SH600839,四川长虹,200898.0,6.42,6.41,0.16,29636287905.0,0.43,13.887,1.782,0.935
SH600600,青岛啤酒,199091.0,50.02,49.52,1.01,68237039952.0,0.36,14.823,2.177,4.698
SH600219,南山铝业,197571.0,4.71,4.62,1.95,54088234343.0,0.86,12.413,1.085,8.471
SH600771,广誉远,195934.0,14.15,13.89,1.87,6926299645.0,1.9,97.769,4.154,
SH600938,中国海油,194909.0,33.42,33.36,0.18,1588451062145.0,0.91,11.48,1.856,3.866
SH600176,中国巨石,194190.0,39.41,39.69,-0.71,157763618450.0,2.39,34.813,4.758,1.314
SH603027,千禾味业,190308.0,7.31,7.12,2.67,9727699254.0,1.0,25.937,2.733,3.83
SH600516,方大炭素,189721.0,5.29,5.27,0.38,21297383247.0,0.83,101.68,1.285,0.718
SH601901,方正证券,187206.0,6.71,6.63,1.21,55237400360.0,0.3,12.157,1.047,2.176
SH600183,生益科技,187094.0,129.96,132.98,-2.27,315673316953.0,1.47,60.771,17.063,0.616
SH603444,吉比特,186563.0,339.69,335.96,1.11,24471641599.0,1.02,10.922,4.04,4.985
SH600699,均胜电子,183996.0,23.46,22.75,3.12,36381077408.0,6.72,26.611,2.194,0.767
SH600315,上海家化,183796.0,18.38,17.7,3.84,12355513512.0,1.18,32.277,1.748,1.387
SH600392,盛和资源,183587.0,20.17,20.27,-0.49,35354511917.0,1.02,26.213,2.707,1.735
SH600674,川投能源,183237.0,16.62,16.5,0.73,81015965481.0,0.58,17.525,1.813,3.008
SH600015,华夏银行,181412.0,6.27,6.21,0.97,99786601494.0,0.4,3.976,0.311,5.104
SH601872,招商轮船,181177.0,20.15,19.89,1.31,162701950815.0,0.93,15.0,3.474,1.886
SH600879,航天电子,180336.0,13.55,13.66,-0.81,44705505976.0,1.06,476.211,2.144,0.155
SH601000,唐山港,177924.0,4.62,4.58,0.87,27377790197.0,0.94,12.902,1.284,4.329
SH600153,建发股份,176857.0,8.82,8.65,1.97,25573930020.0,1.2,-2.398,0.616,7.937
SH601601,中国太保,175079.0,31.06,30.4,2.17,298807805592.0,0.46,5.298,0.936,5.055
SH600100,同方股份,174565.0,6.52,6.51,0.15,21843941089.0,0.4,88.633,1.4,0.69
SH600521,华海药业,174025.0,16.34,15.99,2.19,24465100883.0,1.42,38.968,2.565,0.612
SH603866,桃李面包,170133.0,4.21,4.19,0.48,6734817643.0,0.98,29.898,1.338,4.751
SH688825,长鑫科技,169522.0,54.79,55.55,-1.37,3719369788429.0,2.6,45.462,18.501,
SH600188,兖矿能源,169194.0,19.44,19.26,0.93,195116403269.0,0.4,18.25,2.539,2.675
SH600559,老白干酒,168788.0,10.98,10.81,1.57,10043926935.0,1.12,27.107,1.844,1.821
SH601618,中国中冶,167108.0,2.54,2.5,1.6,52556712692.0,0.39,95.799,0.512,
SH600158,中体产业,165879.0,6.93,6.98,-0.72,6649425554.0,1.57,-33.964,2.772,
SH600038,中直股份,165349.0,27.06,26.6,1.73,22186310344.0,0.56,39.826,1.262,0.883
SH600536,中国软件,164374.0,30.64,30.98,-1.1,28611220934.0,0.84,1381.46,7.973,
SH601099,太平洋,163588.0,3.46,3.46,0.0,23584454640.0,1.02,100.943,2.347,
SH600867,通化东宝,162622.0,7.86,7.68,2.34,15394146636.0,1.03,11.847,2.252,3.817
SH600066,宇通客车,162551.0,26.72,26.34,1.44,59156456039.0,0.86,10.782,4.559,7.485
SH600941,XD中国移,162371.0,95.8,94.85,1.0,2077991827253.0,0.93,15.771,1.461,4.914
SH600498,烽火通信,162252.0,35.7,36.28,-1.6,48486579107.0,3.52,141.746,2.755,0.272
SH600021,上海电力,161298.0,13.25,12.78,3.68,37389854416.0,1.19,20.105,1.866,2.792
SH600325,华发股份,159726.0,2.92,2.95,-1.02,8036284179.0,9.48,-0.603,1.363,
SH600635,大众公用,159701.0,4.45,4.4,1.14,13138334304.0,0.71,39.604,1.474,1.124
SH600011,华能国际,159232.0,7.04,6.95,1.29,110514577247.0,0.75,9.419,1.713,5.682
SH601018,宁波港,158257.0,3.53,3.49,1.15,68673991048.0,0.36,13.43,0.84,3.428
SH601615,明阳智能,158196.0,9.77,9.78,-0.1,22094822818.0,1.81,137.118,0.846,1.812
SH600372,中航机载,158070.0,11.25,11.15,0.9,54437587088.0,0.3,52.666,1.427,0.604
SH600783,鲁信创投,158000.0,14.52,14.62,-0.68,10808096949.0,0.94,88.137,2.375,0.448
SH603005,晶方科技,156230.0,26.99,27.86,-3.12,17602114345.0,3.62,52.159,3.802,0.445
SH601005,重庆钢铁,154380.0,1.21,1.2,0.83,11627300824.0,0.89,-4.198,0.789,
SH600733,北汽蓝谷,154137.0,5.07,4.93,2.84,32281470587.0,4.47,-7.698,6.516,
SH600645,中源协和,153829.0,19.41,18.74,3.58,9082887955.0,2.54,77.559,2.429,
SH600737,中粮糖业,153679.0,14.66,13.8,6.23,31355515022.0,3.13,28.129,2.799,2.319
SH600884,杉杉股份,151995.0,11.51,11.58,-0.6,25847307860.0,1.97,24.087,1.126,
SH600872,中炬高新,151905.0,17.24,16.84,2.38,13291832258.0,0.9,19.142,2.395,2.552
SH600637,东方明珠,151566.0,8.69,8.8,-1.25,29214909410.0,0.82,42.008,0.982,2.071
SH600989,宝丰能源,151395.0,22.46,22.41,0.22,164707265600.0,0.42,10.723,2.984,3.709
SH600115,中国东航,149361.0,3.4,3.32,2.41,75098304678.0,0.93,-31.541,7.519,
SH600079,ST人福,149328.0,19.17,18.83,1.81,31289771749.0,0.78,15.412,1.62,2.504
SH601728,中国电信,147975.0,6.28,6.27,0.16,574664831030.0,0.06,19.313,1.218,3.997
SH600160,巨化股份,147339.0,33.13,33.1,0.09,89442587664.0,0.55,20.408,4.055,2.354
SH600685,中船防务,147075.0,28.71,28.45,0.91,40581768112.0,1.39,30.779,2.137,0.819
SH603083,剑桥科技,146840.0,205.45,201.1,2.16,75657039133.0,7.61,160.86,8.078,0.174
SH601216,君正集团,146148.0,4.54,4.44,2.25,38308598951.0,0.55,12.501,1.395,8.37
SH600535,天士力,145845.0,14.0,13.74,1.89,20915300070.0,0.84,17.102,1.599,2.429
SH600171,上海贝岭,145703.0,21.76,22.14,-1.72,15426171073.0,1.1,71.338,3.387,0.551
SH603658,安图生物,145228.0,34.08,33.61,1.4,19474156093.0,0.62,19.589,2.245,3.844
SH603899,晨光股份,145021.0,22.36,21.87,2.24,20477184630.0,0.26,15.292,2.348,4.472
SH600161,天坛生物,143787.0,12.59,12.12,3.88,24895106505.0,1.09,32.878,2.085,1.191
SH601689,拓普集团,143332.0,46.52,47.35,-1.75,80844111182.0,1.65,32.251,3.338,1.053
SH600580,卧龙电驱,142941.0,26.39,25.96,1.66,41224281115.0,1.42,43.83,3.781,0.682
SH600208,衢州发展,142538.0,2.91,2.9,0.34,24761017728.0,1.46,145.258,0.594,
SH600597,光明乳业,141792.0,6.93,6.8,1.91,9552823178.0,0.78,-82.433,0.985,
SH600141,兴发集团,141524.0,26.87,26.5,1.4,32140917464.0,1.08,20.078,1.294,2.605
SH600507,方大特钢,141097.0,4.08,3.98,2.51,9437806591.0,0.83,12.659,0.952,4.804
SH600177,雅戈尔,140860.0,8.38,8.33,0.6,38744443139.0,0.39,13.569,0.919,5.704
SH603160,汇顶科技,140543.0,53.19,54.06,-1.61,24785622738.0,0.72,37.668,2.663,0.731
SH600266,城建发展,139693.0,4.42,4.48,-1.34,9174786301.0,4.31,-8.417,0.512,1.131
SH600741,华域汽车,139341.0,15.38,15.18,1.32,48488894874.0,0.5,6.971,0.729,6.502
SH600410,华胜天成,138588.0,14.18,14.59,-2.81,15548294605.0,4.1,-43.538,3.734,0.056
SH600598,北大荒,138438.0,12.63,12.42,1.69,22452097251.0,0.9,-63.288,3.461,4.355
SH601877,XD正泰电,136797.0,24.95,24.38,2.34,53616775951.0,0.47,10.574,1.165,2.581
SH688012,中微公司,135378.0,318.55,324.78,-1.92,305120679955.0,1.26,72.12,11.167,0.072
SH600415,小商品城,135135.0,11.08,10.72,3.36,60757836224.0,0.81,13.526,2.749,5.415
SH600428,中远海特,135046.0,10.71,10.42,2.78,29387387430.0,0.94,12.632,1.727,3.035
SH600755,厦门国贸,134441.0,5.68,5.69,-0.18,12110660206.0,0.79,29.375,0.638,3.891
SH603087,甘李药业,134345.0,77.4,74.85,3.41,46241249881.0,2.74,40.221,3.948,1.292
SH600683,京投发展,133835.0,8.95,9.25,-3.24,6629959493.0,2.87,-5.238,-4.527,
SH600064,南京高科,133187.0,8.04,7.75,3.74,13911930738.0,2.57,8.16,0.699,3.98
SH600056,中国医药,132576.0,8.88,8.78,1.14,13283412162.0,0.54,31.008,1.109,0.845
SH603778,国晟科技,132237.0,8.02,8.03,-0.12,5293537802.0,7.03,-9.399,22.655,
SH600562,国睿科技,132222.0,26.81,26.35,1.75,33294208690.0,0.37,58.218,4.932,0.929
SH601066,中信建投,131617.0,23.03,23.01,0.09,178636681175.0,0.11,14.211,2.04,2.019
SH600988,赤峰黄金,130865.0,39.56,38.44,2.91,75180266202.0,2.49,20.276,5.248,0.809
SH600312,平高电气,130102.0,20.29,19.95,1.7,27531933360.0,1.87,21.646,2.32,1.897
SH600717,天津港,129871.0,4.3,4.23,1.65,12444204463.0,1.02,10.778,0.608,2.372
SH601211,国泰海通,129607.0,16.87,16.65,1.32,296592447583.0,0.32,9.173,0.893,3.859
SH600271,航天信息,129186.0,6.64,6.65,-0.15,12303153996.0,0.3,-14.997,0.956,
SH600549,厦门钨业,127961.0,44.11,43.75,0.82,70028410785.0,1.31,19.778,3.746,1.859
SH600157,永泰能源,127898.0,1.45,1.45,0.0,31635758010.0,0.98,182.591,0.678,
SH600787,中储股份,127518.0,4.62,4.57,1.09,10025767669.0,0.63,31.532,0.724,2.446
SH600343,航天动力,126814.0,18.88,19.16,-1.46,12049335850.0,3.83,-68.327,9.72,
SH600779,水井坊,126068.0,26.18,25.73,1.75,12759452577.0,0.42,43.362,2.561,0.97
SH600711,盛屯矿业,125735.0,10.14,10.29,-1.46,31338801127.0,1.0,11.552,1.753,1.45
SH600062,华润双鹤,124971.0,16.24,15.92,2.01,16866416620.0,0.83,10.454,1.377,2.95
SH600169,ST太重,124768.0,2.19,2.18,0.46,7299579885.0,0.23,30.419,1.392,
SH601117,中国化学,124643.0,7.17,7.13,0.56,43776869947.0,0.53,6.756,0.622,3.013
SH600739,辽宁成大,123554.0,10.21,10.08,1.29,15542845625.0,0.65,9.483,0.52,1.469
SH603000,人民网,122470.0,16.51,16.65,-0.84,18254959335.0,0.92,76.343,4.865,0.806
SH603893,瑞芯微,121963.0,215.57,212.94,1.24,91217055074.0,2.2,66.687,18.52,0.695
SH603026,石大胜华,121525.0,56.92,55.87,1.88,13245341717.0,2.29,25.376,2.449,0.07
SH601636,旗滨集团,120969.0,5.39,5.29,1.89,15947143594.0,1.51,-36.362,1.11,2.004
SH600026,中远海能,120966.0,20.56,20.27,1.43,112488163500.0,1.17,16.755,2.338,3.21
SH600881,亚泰集团,120550.0,1.85,1.84,0.54,5979479328.0,2.12,-3.52,56.575,
SH601100,恒立液压,120192.0,90.31,90.82,-0.56,121089543788.0,0.38,44.173,6.76,0.952
SH601020,华钰矿业,119710.0,19.66,19.95,-1.45,16120505963.0,1.05,19.881,3.659,0.402
SH601238,广汽集团,118960.0,5.84,5.6,4.29,59550864856.0,2.7,-5.559,0.593,
SH600348,华阳股份,118256.0,8.88,8.72,1.83,32034600000.0,0.51,16.163,1.162,2.669
SH601118,海南橡胶,117904.0,6.37,5.79,10.02,27259955067.0,1.47,-474.389,2.869,
SH603589,口子窖,117364.0,17.78,17.3,2.77,10634564212.0,1.26,32.91,1.016,2.807
SH603605,珀莱雅,116989.0,54.7,53.98,1.33,21659892670.0,0.91,11.601,3.253,4.305
SH601111,中国国航,116425.0,5.91,5.78,2.25,121111035687.0,0.61,-53.813,2.023,
SH600499,科达制造,116392.0,11.19,11.07,1.08,21460813015.0,1.01,11.612,1.619,2.681
SH600198,大唐电信,116381.0,7.21,7.27,-0.83,9398981531.0,0.58,-253.934,45.836,
SH688363,华熙生物,115820.0,34.81,34.1,2.08,16767219604.0,0.77,74.855,2.365,0.543
SH603369,今世缘,115545.0,28.09,27.13,3.54,35022613039.0,1.13,14.256,2.042,4.272
SH600633,浙数文化,115376.0,10.0,10.11,-1.09,12680744720.0,0.7,25.534,1.227,2.5
SH600667,太极实业,114775.0,17.29,17.95,-3.68,36162764258.0,4.92,82.845,4.123,0.463
SH600305,恒顺醋业,114572.0,6.74,6.67,1.05,7445473562.0,0.47,48.401,2.23,1.78
SH600098,广州发展,113317.0,6.32,6.2,1.94,22157066680.0,0.52,13.592,0.815,5.538
SH600025,华能水电,113315.0,9.89,9.78,1.12,184261522202.0,0.15,22.277,2.635,2.073
SH600398,海澜之家,112642.0,5.65,5.62,0.53,27135652172.0,0.41,13.087,1.523,12.035
SH600346,恒力石化,111904.0,16.07,15.91,1.01,113118333561.0,0.33,10.073,1.572,1.805
SH600478,科力远,111696.0,4.54,4.49,1.11,7690391879.0,1.4,52.797,2.57,
SH601698,中国卫通,110681.0,22.6,22.7,-0.44,95471110311.0,0.2,255.411,6.013,0.137
SH601016,节能风电,110350.0,3.26,3.26,0.0,21335039275.0,0.82,50.848,1.189,0.429
SH600329,达仁堂,109843.0,35.32,34.6,2.08,27199732654.0,0.35,32.07,4.578,10.04
SH600511,国药股份,109535.0,26.1,25.8,1.16,19692528248.0,0.77,10.215,1.047,3.065
SH600993,马应龙,107804.0,22.52,22.21,1.4,9707333625.0,0.59,16.155,2.186,3.108
SH600380,健康元,107755.0,10.16,9.9,2.63,18587246402.0,1.73,15.512,1.221,9.154
SH600018,上港集团,107722.0,5.45,5.43,0.37,126875784747.0,0.17,9.034,0.865,3.578
SH600369,西南证券,107402.0,3.92,3.91,0.26,26048827766.0,0.24,20.944,0.994,2.704
SH600704,物产中大,106698.0,4.87,4.78,1.88,25183646064.0,0.65,7.058,0.601,4.497
SH603195,公牛集团,106301.0,38.71,38.08,1.65,69811395008.0,0.15,16.774,4.596,4.921
SH601869,长飞光纤,106204.0,411.16,407.95,0.79,340401464205.0,1.85,98.881,20.801,0.33
SH600004,白云机场,105916.0,7.76,7.61,1.97,19999418080.0,0.4,17.469,0.966,3.673
SH603606,东方电缆,105519.0,36.53,35.33,3.4,30130254067.0,2.48,22.102,3.563,1.273
SH603127,昭衍新药,104375.0,49.3,44.82,10.0,36942867246.0,8.83,37.527,4.116,0.243
SH601898,中煤能源,103945.0,13.8,13.9,-0.72,182969554920.0,0.29,9.981,1.101,2.906
SH600383,金地集团,103804.0,2.74,2.55,7.45,12369958987.0,10.89,-1.003,0.291,
SH600330,天通股份,103791.0,26.9,27.84,-3.38,33179385790.0,4.12,-66.344,4.417,
SH600751,海航科技,103175.0,2.91,2.86,1.75,8437072949.0,0.9,110.641,1.124,0.619
SH600707,彩虹股份,103089.0,10.08,9.57,5.33,36170968499.0,7.71,1602.404,1.671,0.694
SH600863,华能蒙电,102552.0,4.72,4.68,0.85,36982094723.0,0.66,17.911,1.859,4.661
SH600313,农发种业,102414.0,6.73,6.45,4.34,7816046811.0,4.11,106.926,3.205,0.134
SH601995,中金公司,102376.0,30.63,30.61,0.07,147858877867.0,0.48,10.825,1.418,1.045
SH600105,永鼎股份,102167.0,36.26,37.0,-2.0,53011931521.0,4.63,126.651,14.568,0.138
SH603260,合盛硅业,101334.0,31.55,31.01,1.74,37298628989.0,0.48,-16.436,1.256,
SH601816,京沪高铁,101183.0,4.76,4.7,1.28,232886233801.0,0.34,17.09,1.112,1.996
SH601658,邮储银行,100597.0,5.46,5.41,0.92,655718992066.0,0.21,7.312,0.627,4.176
SH600596,新安股份,100474.0,10.59,10.46,1.24,14292232749.0,2.01,43.05,1.137,0.944
SH600601,方正科技,99797.0,13.2,13.72,-3.79,58573406100.0,3.52,67.079,8.122,
SH603568,伟明环保,99689.0,13.42,13.22,1.51,27490298550.0,0.19,15.998,1.883,3.733
SH600606,绿地控股,99643.0,1.54,1.5,2.67,21643496204.0,3.09,-0.941,0.563,
SH600919,江苏银行,99589.0,12.38,12.16,1.81,227189396852.0,0.43,6.287,0.837,4.556
SH600801,华新建材,99376.0,23.8,23.8,0.0,49480096446.0,0.53,14.29,1.49,2.311
SH600061,国投资本,99212.0,6.19,6.15,0.65,39579465215.0,0.32,10.478,0.736,2.488
SH600826,兰生股份,99090.0,7.97,7.98,-0.13,5771743037.0,0.76,20.168,1.383,3.262
SH601866,中远海发,99006.0,2.44,2.41,1.24,32042218397.0,0.61,19.545,1.026,1.516
SH601868,中国能建,98917.0,2.39,2.37,0.84,99641881090.0,0.57,18.74,0.893,1.381
SH600199,金种子酒,98874.0,7.0,6.89,1.6,4604577768.0,2.56,-24.08,2.43,
SH600338,西藏珠峰,98797.0,12.0,11.93,0.59,10970522016.0,1.52,19.373,2.31,0.167
SH603881,数据港,98785.0,22.92,23.04,-0.52,19758240985.0,1.16,141.472,5.843,0.209
SH600127,金健米业,98125.0,13.14,13.36,-1.65,8433031485.0,35.15,-482.71,12.746,
SH603290,斯达半导,97802.0,81.21,83.4,-2.63,19447640174.0,1.14,99.842,2.827,0.626
SH603886,元祖股份,97398.0,12.76,13.2,-3.33,3062400000.0,2.24,40.744,2.278,4.702
SH600006,东风股份,97070.0,5.73,5.58,2.69,11460000000.0,3.11,-25.325,1.449,
SH605499,东鹏饮料,97069.0,112.25,110.19,1.87,82413872548.0,0.43,16.794,4.232,4.386
SH600072,中船科技,96602.0,9.7,8.82,9.98,14556302177.0,4.09,-4.367,1.999,
SH600958,东方证券,96407.0,8.65,8.61,0.46,73495981776.0,0.36,10.988,0.9,2.312
SH600611,大众交通,96396.0,4.29,4.31,-0.46,10142087087.0,1.32,-58.976,1.071,0.466
SH600873,梅花生物,96096.0,7.48,7.24,3.31,20975727542.0,0.69,9.645,1.339,5.722
SH601058,赛轮轮胎,95534.0,13.24,13.22,0.15,43534447429.0,0.65,11.303,1.921,2.492
SH601991,大唐发电,95340.0,5.31,5.25,1.14,98270632776.0,0.84,11.816,2.607,3.032
SH601890,亚星锚链,94894.0,9.35,9.23,1.3,8970390000.0,4.43,25.222,2.298,1.176
SH600765,中航重机,94437.0,13.19,13.08,0.84,20477397878.0,0.42,36.543,1.391,0.5
SH603882,金域医学,94334.0,29.06,28.25,2.87,13462285472.0,2.63,132.3,2.132,3.028
SH600110,诺德股份,94118.0,10.87,11.18,-2.77,18861416731.0,4.09,-153.137,3.14,
SH600132,重庆啤酒,93659.0,38.03,37.26,2.07,18405424660.0,0.5,15.842,11.62,3.155
SH600435,北方导航,93635.0,11.16,10.87,2.67,16877912479.0,1.06,-389.626,5.949,0.224
SH600027,华电国际,92830.0,4.95,4.86,1.85,57478282211.0,1.03,10.904,1.155,4.646
SH601865,福莱特,92736.0,9.22,9.1,1.32,21601363041.0,0.51,60.599,1.02,1.627
SH603659,璞泰来,92523.0,21.45,21.27,0.85,45992750554.0,0.73,16.691,2.149,1.054
SH601918,新集能源,92302.0,11.29,11.36,-0.62,29247216922.0,1.34,12.02,1.609,1.063
SH600744,华银电力,92020.0,6.06,6.0,1.0,12308613100.0,2.15,-167.895,10.139,
SH600859,王府井,90369.0,9.84,9.68,1.65,11059485212.0,0.91,-165.57,0.569,
SH600529,山东药玻,90243.0,18.17,17.97,1.11,12057868433.0,0.49,17.492,1.411,2.642
SH600732,爱旭股份,90157.0,11.57,10.88,6.34,24472801557.0,2.42,-10.467,5.488,
SH601126,四方股份,89550.0,36.49,36.63,-0.38,30399143935.0,1.89,35.059,6.3,3.289
SH600008,首创环保,89139.0,2.73,2.71,0.74,20039812548.0,0.68,11.914,0.956,2.93
SH600546,山煤国际,88942.0,13.12,13.0,0.92,26009824557.0,0.55,17.101,1.5,2.706
SH601808,中海油服,88879.0,12.22,12.06,1.33,58308854240.0,0.24,15.003,1.232,2.316
SH600868,梅雁吉祥,88260.0,2.77,2.78,-0.36,5257871841.0,1.03,-76.194,2.7,
SH600120,浙江东方,88253.0,4.65,4.63,0.43,15881523938.0,0.5,11.306,0.948,1.032
SH688525,佰维存储,88216.0,192.35,198.6,-3.15,91718639432.0,2.78,11.125,7.142,0.331
SH688017,绿的谐波,88054.0,273.75,275.6,-0.67,50186621719.0,2.09,355.783,13.915,0.077
SH601021,春秋航空,87871.0,40.76,39.84,2.31,39876870321.0,0.47,18.2,2.254,2.051
SH600567,山鹰国际,87746.0,1.32,1.31,0.76,8191204700.0,0.73,-4.406,0.571,
SH600108,亚盛集团,87338.0,3.97,3.87,2.58,7729253030.0,7.28,143.535,1.785,0.076
SH600673,东阳光,87212.0,30.37,30.44,-0.23,91400187142.0,0.42,1754.387,8.723,
SH600482,中国动力,87178.0,33.51,33.8,-0.86,76008935792.0,0.48,44.876,1.846,0.952
SH600583,海油工程,86884.0,6.62,6.53,1.38,29269368776.0,0.93,14.089,1.014,2.961
SH600497,驰宏锌锗,86747.0,8.96,8.93,0.34,45161809128.0,0.81,26.67,2.541,0.781
SH603345,安井食品,86725.0,79.4,79.05,0.44,26463141201.0,1.35,17.579,1.671,3.996
SH600166,福田汽车,86651.0,2.8,2.76,1.45,22168721028.0,1.05,14.855,1.4,
SH600789,鲁抗医药,86282.0,7.85,7.63,2.88,8204739757.0,3.4,57.129,1.562,0.637
SH605358,立昂微,86169.0,45.36,46.13,-1.67,35026963559.0,3.6,510.943,3.267,0.328
SH600776,东方通信,85938.0,12.28,12.34,-0.49,15423680786.0,0.79,28.2,3.828,0.448
SH603486,科沃斯,85622.0,49.89,49.22,1.36,28905294791.0,0.56,14.262,2.868,1.842
SH600797,浙大网新,85517.0,6.45,6.49,-0.62,6627545087.0,0.73,-66.504,2.055,0.465
SH600023,浙能电力,85248.0,5.22,5.18,0.77,69993584950.0,0.34,12.682,0.95,5.747
SH601162,天风证券,85158.0,3.56,3.56,0.0,35863387433.0,0.75,109.276,1.31,
SH600151,航天机电,84716.0,9.13,9.14,-0.11,13094723380.0,0.8,-53.872,2.966,
SH601699,潞安环能,84630.0,15.09,14.79,2.03,45140364828.0,0.61,29.224,0.964,1.239
SH603650,彤程新材,83979.0,62.3,63.21,-1.44,42624933333.0,2.35,70.962,9.14,0.722
SH603533,掌阅科技,83368.0,23.88,23.65,0.97,10480856420.0,10.01,-157.717,4.604,
SH600426,华鲁恒升,83324.0,19.43,19.05,1.99,53431392781.0,0.84,13.033,1.53,2.326
SH600862,中航高科,83235.0,17.85,17.73,0.68,24865926560.0,0.41,28.753,3.183,1.244
SH603690,至纯科技,83205.0,22.22,22.95,-3.18,8509465635.0,3.29,-8.276,2.642,
SH600037,歌华有线,82962.0,7.07,7.06,0.14,9839869640.0,0.95,38.222,0.766,0.707
SH601008,连云港,82856.0,4.4,4.35,1.15,5458807226.0,0.64,28.644,1.3,2.045
SH600456,宝钛股份,82609.0,24.63,24.58,0.2,11767660786.0,0.35,34.499,1.637,1.218
SH688111,金山办公,82320.0,218.8,216.9,0.88,101526139578.0,0.85,28.148,6.734,0.571
SH600845,宝信软件,82193.0,17.69,17.81,-0.67,50556324184.0,0.47,38.911,4.56,1.306
SH600537,*ST亿晶,82094.0,2.11,2.11,0.0,2497638688.0,1.25,-4.919,-11.755,
SH600977,中国电影,81686.0,12.89,13.13,-1.83,24065630000.0,1.35,205.94,2.202,0.248
SH601718,ST际华,81676.0,1.94,1.91,1.57,8460474836.0,0.18,-16.796,0.709,
SH601606,长城军工,81660.0,30.7,31.09,-1.25,22233811880.0,1.63,-366.273,10.39,0.013
SH601319,中国人保,81653.0,7.98,8.06,-0.99,352907444852.0,0.12,6.206,1.038,3.195
SH600149,廊坊发展,81645.0,5.18,5.14,0.78,1969228800.0,2.03,137.627,7.857,
SH600563,法拉电子,81522.0,115.26,115.84,-0.5,25933500000.0,0.93,21.523,4.255,1.995
SH688110,东芯股份,81462.0,113.81,117.73,-3.33,50346970870.0,2.22,87.494,18.014,0.525
SH600718,东软集团,81088.0,7.91,7.9,0.13,9463831319.0,0.45,-13.452,1.088,
SH600422,昆药集团,81033.0,8.11,8.0,1.38,6139073389.0,0.57,-28.909,1.262,2.219
SH600459,贵研铂业,80892.0,18.02,18.02,0.0,14833654063.0,0.76,22.295,1.643,1.754
SH600252,中恒集团,80735.0,2.2,2.17,1.38,7005158754.0,1.44,-16.223,1.34,
SH601958,金钼股份,80549.0,19.37,19.3,0.36,62499327228.0,0.39,17.788,3.024,2.065
SH600756,浪潮软件,79581.0,13.76,13.95,-1.36,4810891641.0,2.19,-18.411,2.208,
SH600550,保变电气,79453.0,10.22,10.08,1.39,18820421066.0,0.78,73.717,19.189,
SH600399,抚顺特钢,79091.0,4.29,4.25,0.94,8460309000.0,0.93,-10.85,1.608,
SH605117,德业股份,78974.0,78.16,77.85,0.4,99519726748.0,0.49,22.794,8.664,3.692
SH600552,凯盛科技,78648.0,17.0,17.2,-1.16,16058317198.0,6.54,114.405,3.71,0.294
SH600233,圆通速递,78520.0,17.79,18.0,-1.17,60932769841.0,0.36,10.753,1.639,2.08
SH603538,美诺华,78065.0,28.59,25.99,10.0,9718546895.0,14.11,83.162,3.314,0.388
SH603392,万泰生物,77372.0,27.34,26.48,3.25,34568499261.0,0.71,-90.364,2.945,
SH603516,淳中科技,77103.0,77.46,77.59,-0.17,15745160891.0,1.49,34.897,8.683,0.128
SH600377,宁沪高速,76901.0,13.0,12.93,0.54,65490717500.0,0.27,14.014,1.577,5.692
SH600126,杭钢股份,76455.0,5.94,5.99,-0.83,20060503153.0,0.61,132.962,1.033,0.084
SH600885,宏发股份,76283.0,33.53,33.48,0.15,51890837315.0,0.39,26.62,3.927,1.035
SH601611,中国核建,75928.0,10.08,10.01,0.7,30379448857.0,0.26,28.176,1.349,0.595
SH600366,宁波韵升,75666.0,10.71,10.76,-0.46,11770729656.0,1.01,23.679,1.833,0.924
SH600114,东睦股份,75431.0,25.43,25.37,0.24,16974885216.0,1.79,35.711,4.217,1.51
SH600307,酒钢宏兴,75176.0,1.47,1.46,0.68,9207135413.0,0.56,-5.88,1.734,
SH600479,千金药业,75086.0,12.4,11.95,3.77,6103404198.0,16.33,17.982,2.02,4.516
SH600138,中青旅,74964.0,7.0,6.94,0.86,5066880000.0,0.76,130.628,0.8,0.514
SH603688,石英股份,74247.0,43.54,44.44,-2.03,23584672703.0,1.33,171.067,4.026,0.198
SH688396,华润微,74188.0,55.1,56.89,-3.15,73184408468.0,0.87,70.09,3.118,0.194
SH600184,光电股份,73960.0,17.85,18.12,-1.49,10401685304.0,1.76,190.525,3.045,0.185
SH603517,ST绝味,73908.0,11.43,11.3,1.15,6926602128.0,0.73,-29.9,1.141,2.187
SH600641,先导基电,73846.0,48.57,48.76,-0.39,46052758724.0,8.47,1077.818,5.468,
SH688126,沪硅产业,73780.0,23.38,23.66,-1.18,77271446928.0,1.17,-36.689,3.985,
SH603198,迎驾贡酒,73524.0,38.72,37.45,3.39,30976000000.0,0.68,15.356,2.923,3.874
SH603667,五洲新春,73465.0,49.43,49.84,-0.82,18939199504.0,3.56,245.936,4.742,0.243
SH601231,环旭电子,73426.0,23.74,24.09,-1.45,56713332996.0,0.64,27.835,2.532,1.803
SH601233,桐昆股份,73394.0,22.73,22.49,1.07,54074703868.0,0.73,10.483,1.271,0.528
SH600808,马钢股份,73198.0,2.51,2.46,2.03,19328709777.0,0.93,-94.784,0.807,
SH600268,国电南自,72694.0,10.09,9.99,1.0,10247269924.0,0.78,19.895,2.742,1.982
SH600586,金晶科技,72594.0,3.99,3.95,1.01,5655177423.0,0.75,-7.052,1.166,
SH600390,五矿资本,72192.0,4.85,4.79,1.25,21815617476.0,0.55,22.14,0.512,0.598
SH600754,锦江酒店,72131.0,18.05,17.85,1.12,19206616239.0,0.64,17.462,1.205,2.831
SH603678,火炬电子,72105.0,42.72,43.76,-2.38,20316206476.0,2.02,67.492,3.156,0.489
SH600185,珠免集团,72071.0,4.8,4.77,0.63,9048027816.0,1.52,-12.561,160.535,
SH601222,林洋能源,72048.0,5.94,5.91,0.51,12124847727.0,1.0,34.947,0.782,3.249
SH600602,云赛智联,71984.0,16.05,16.21,-0.99,21951158953.0,0.92,109.44,4.41,0.268
SH600877,电科芯片,71848.0,11.22,11.4,-1.58,13285147500.0,0.81,590.476,5.331,
SH600285,羚锐制药,71628.0,18.98,18.69,1.55,10763851924.0,0.78,13.796,3.331,5.796
SH600060,海信视像,71595.0,27.45,27.23,0.81,35821488372.0,0.37,13.811,1.62,3.424
SH600557,康缘药业,71348.0,12.3,12.1,1.65,6963753314.0,0.89,22.557,1.402,
SH603629,利通电子,71254.0,95.96,98.16,-2.24,35191218880.0,3.33,37.282,13.354,0.451
SH600926,杭州银行,70892.0,17.11,16.81,1.78,124030433596.0,0.4,6.146,0.862,4.325
SH600773,西藏城投,70842.0,9.82,9.67,1.55,9344583014.0,1.88,-16.766,2.223,
SH601369,陕鼓动力,70617.0,8.51,8.42,1.07,14652407966.0,0.28,22.019,1.633,2.938
SH603156,养元饮品,70469.0,43.63,43.95,-0.73,54985910205.0,0.54,40.137,6.265,3.438
SH600664,哈药股份,70314.0,7.4,7.14,3.64,18636973082.0,20.61,36.385,3.052,
SH603123,翠微股份,70069.0,9.49,9.22,2.93,7580010951.0,4.01,-21.653,4.775,
SH688599,天合光能,70013.0,10.99,10.8,1.76,25744818869.0,1.11,-5.874,1.264,
SH603858,步长制药,69882.0,14.64,14.46,1.24,15438881991.0,0.37,65.511,1.535,1.209
SH600216,浙江医药,69796.0,12.43,12.18,2.05,11953157233.0,1.07,14.829,1.025,2.245
SH603728,鸣志电器,69762.0,51.5,52.47,-1.85,21572448750.0,1.01,302.244,7.26,0.049
SH600759,ST洲际,69659.0,2.25,2.2,2.27,9335270880.0,2.27,32.412,1.036,
SH600528,中铁工业,69655.0,6.85,6.75,1.48,15217628378.0,0.28,11.768,0.596,1.314
SH600820,隧道股份,69631.0,5.3,5.2,1.92,16663709298.0,0.45,8.146,0.527,3.208
SH600211,西藏药业,69585.0,36.35,35.76,1.65,11716302775.0,0.75,11.973,2.994,5.494
SH688836,宇树科技-W,69222.0,450.4,451.02,-0.14,182170738736.0,5.46,311.811,20.708,
SH603738,泰晶科技,69058.0,32.73,33.83,-3.25,12630097613.0,4.56,156.189,6.857,0.125
SH605111,新洁能,68647.0,54.0,56.12,-3.78,22427958618.0,1.95,57.232,4.984,0.354
SH600170,上海建工,68619.0,2.24,2.21,1.36,19904505027.0,1.76,21.276,0.634,1.563
SH601908,京运通,68616.0,2.93,2.91,0.69,7074786383.0,0.84,-4.27,0.987,
SH600678,ST金顶,68524.0,5.78,5.75,0.52,2017162200.0,2.1,-299.304,7.51,
SH600825,新华传媒,68388.0,10.35,9.41,9.99,10814589248.0,1.34,253.415,4.301,0.126
SH603662,柯力传感,68376.0,47.89,48.15,-0.54,13448942379.0,0.84,45.069,4.666,0.76
SH600581,*ST八钢,68285.0,2.47,2.45,0.82,3786257739.0,0.36,-2.484,-7.329,
SH600059,古越龙山,67943.0,12.27,11.15,10.04,11184625408.0,9.87,50.032,1.911,0.717
SH603773,沃格光电,67893.0,89.67,90.6,-1.03,20146933021.0,12.01,-88.464,19.821,
SH600816,建元信托,67739.0,2.38,2.34,1.71,23429786845.0,0.8,20.408,1.55,
SH600970,中材国际,67711.0,7.72,7.63,1.18,20240395773.0,0.51,8.523,0.897,6.218
SH600123,兰花科创,67708.0,6.86,6.81,0.73,10106426544.0,0.79,-19.651,0.662,
SH603806,福斯特,67554.0,13.86,13.76,0.73,36157215430.0,0.43,32.395,2.221,1.948
SH600055,万东医疗,67544.0,10.6,10.42,1.73,7452447215.0,0.48,-20.097,1.717,
SH600694,大商股份,67536.0,14.4,14.26,0.98,5454627998.0,0.47,11.091,0.612,6.313
SH603299,苏盐井神,67071.0,8.69,8.62,0.81,8296863861.0,0.2,23.523,1.032,2.9
SH601069,XD西部黄,67051.0,24.56,24.3,1.07,22374138461.0,1.09,25.221,4.354,0.839
SH601966,玲珑轮胎,66943.0,10.49,10.36,1.25,15352143145.0,0.27,24.928,0.681,1.668
SH600197,伊力特,66856.0,9.32,9.18,1.53,4409988362.0,0.83,32.505,1.114,4.614
SH603185,弘元绿能,66762.0,15.15,13.77,10.02,10348613550.0,2.48,-52.883,0.916,0.99
SH601975,招商南油,66715.0,4.52,4.43,2.03,21155157945.0,2.95,13.619,1.735,0.597
SH600326,西藏天路,66712.0,6.73,6.63,1.51,9169385567.0,1.02,-297.284,2.383,
SH601838,成都银行,66629.0,19.31,18.88,2.28,81844186724.0,0.66,6.031,0.887,7.302
SH600869,远东股份,66534.0,17.65,18.03,-2.11,39171575967.0,3.83,324.355,8.961,0.057
SH600503,华丽家族,66424.0,2.53,2.47,2.43,4053793700.0,14.89,-51.408,1.178,
SH601001,晋控煤业,66411.0,17.21,17.0,1.24,28804377000.0,0.81,17.158,1.506,3.178
SH601598,中国外运,66344.0,6.61,6.69,-1.2,47418495610.0,0.27,12.479,1.148,4.463
SH600481,双良节能,66314.0,4.03,3.91,3.07,8318744212.0,1.98,-6.476,2.092,
SH603228,景旺电子,66311.0,101.21,100.53,0.68,108835018694.0,2.37,91.997,7.564,0.498
SH600409,三友化工,66281.0,6.16,6.05,1.82,12716392600.0,0.74,69.062,0.908,0.487
SH603063,禾望电气,66206.0,27.61,28.16,-1.95,12814994691.0,1.67,28.816,2.347,0.464
SH600655,豫园股份,66175.0,4.66,4.54,2.64,18133031065.0,0.42,-3.779,0.607,
SH603338,浙江鼎力,66159.0,53.36,52.56,1.52,27018722823.0,0.63,14.711,2.294,2.155
SH600556,天下秀,65854.0,4.57,4.65,-1.72,8261406724.0,1.47,-111.703,2.212,0.109
SH600376,首开股份,65816.0,3.3,3.39,-2.65,8512565299.0,5.53,-1.285,6.81,
SH600495,晋西车轴,65602.0,4.08,4.07,0.25,4929418815.0,0.43,142.368,1.503,0.441
SH600320,振华重工,65308.0,4.07,4.02,1.24,21486555111.0,0.78,24.141,1.351,1.966
SH600378,昊华科技,65272.0,41.2,41.75,-1.32,53147984344.0,1.73,31.247,2.846,0.951
SH600986,浙文互联,65117.0,6.89,6.98,-1.29,10248007287.0,1.71,-64.217,2.03,
SH600129,太极集团,64960.0,13.54,13.19,2.65,7466202225.0,1.67,107.226,2.078,
SH603601,再升科技,64771.0,9.5,9.76,-2.66,10852239225.0,6.61,266.825,3.982,0.105
SH603236,移远通信,64389.0,71.35,70.3,1.49,28922804023.0,2.81,29.871,3.905,1.037
SH600490,鹏欣资源,64276.0,6.8,6.7,1.49,15047632137.0,0.97,48.75,2.365,0.456
SH600855,航天长峰,64154.0,12.4,12.35,0.4,5809929827.0,1.23,-34.55,4.202,
SH600095,湘财股份,64134.0,8.73,8.86,-1.47,24960708996.0,1.39,29.304,1.947,
SH603077,和邦生物,64046.0,2.19,2.18,0.46,19341559279.0,0.77,-92.979,1.023,
SH600775,南京熊猫,64042.0,9.26,9.29,-0.32,8462144779.0,1.07,279.315,2.739,0.108
SH603305,旭升集团,63950.0,11.2,11.11,0.81,12943935827.0,1.13,32.183,1.393,1.42
SH600022,山东钢铁,63887.0,1.31,1.3,0.77,14015492916.0,0.78,126.401,0.738,
SH601212,白银有色,63832.0,5.65,5.61,0.71,41836975987.0,1.17,-91.355,2.713,
SH600857,宁波中百,63702.0,17.22,17.53,-1.77,3862789005.0,3.32,145.899,4.549,0.261
SH603043,广州酒家,63467.0,13.14,12.95,1.47,7432488182.0,0.35,15.494,1.99,3.813
SH600545,卓郎智能,63414.0,3.84,3.97,-3.27,6865582932.0,3.39,-14.031,2.735,
SH600354,敦煌种业,63364.0,9.24,8.96,3.13,4876891219.0,16.45,35.477,5.765,
SH600728,佳都科技,62909.0,4.45,4.47,-0.45,9490066711.0,0.6,136.903,1.201,0.18
SH600578,京能电力,62772.0,5.21,5.15,1.17,34878975488.0,0.49,9.87,1.399,3.263
SH603108,润达医疗,62651.0,9.97,10.08,-1.09,6027900125.0,1.51,-11.691,1.633,
SH600572,康恩贝,62643.0,4.31,4.24,1.65,10941073054.0,1.82,21.947,1.548,3.48
SH600571,信雅达,62622.0,10.21,10.28,-0.68,4761109935.0,0.87,113.752,4.105,0.421
SH600860,京城股份,62545.0,7.47,7.52,-0.66,4076729253.0,0.86,-40.561,5.152,
SH601928,凤凰传媒,62354.0,8.34,8.27,0.85,21224466000.0,0.37,16.306,1.06,5.995
SH601608,中信重工,62323.0,4.59,4.56,0.66,21020150276.0,0.39,55.105,2.241,0.719
SH688235,百济神州,62298.0,264.41,259.46,1.91,407882719776.0,2.81,95.266,11.505,
SH603308,应流股份,62228.0,35.64,36.79,-3.13,25961384944.0,2.21,68.029,4.665,0.418
SH600130,波导股份,62158.0,4.56,4.59,-0.65,3420000000.0,1.56,687.677,3.768,
SH601015,陕西黑猫,62052.0,3.58,3.58,0.0,7312141548.0,2.11,-6.766,1.537,
SH600990,四创电子,62020.0,17.84,17.54,1.71,4799186497.0,0.8,-12.686,3.288,
SH603719,良品铺子,61970.0,9.21,9.08,1.43,3665427114.0,0.69,-96.701,1.933,2.725
SH600577,精达股份,61717.0,8.71,8.25,5.58,19439102884.0,4.39,31.476,2.978,1.01
SH603939,XD益丰药,61711.0,23.31,22.71,2.64,28260868849.0,1.25,16.037,2.376,2.999
SH601002,晋亿实业,61690.0,5.26,5.22,0.77,5058282787.0,0.96,15.22,1.13,2.452
SH600876,凯盛新能,61582.0,7.47,7.54,-0.93,4823191974.0,1.78,-3.699,2.13,
SH600201,生物股份,61331.0,11.61,11.43,1.57,12770162060.0,0.75,88.812,2.385,0.319
SH601878,浙商证券,61239.0,8.97,8.92,0.56,40679084900.0,0.24,14.152,1.093,2.787
SH600688,上海石化,61226.0,2.75,2.73,0.73,28992198125.0,0.47,-43.27,1.238,
SH601003,柳钢股份,60825.0,3.58,3.5,2.29,9430513940.0,0.64,24.867,1.027,2.793
SH600373,中文传媒,60589.0,7.51,7.54,-0.4,10118663980.0,0.81,36.44,0.569,2.663
SH600486,XD扬农化,60542.0,51.18,50.21,1.93,20682448987.0,0.47,16.286,1.729,1.864
SH601666,平煤股份,60190.0,8.82,8.73,1.03,21779800261.0,0.7,75.049,0.989,0.646
SH600186,莲花控股,59775.0,11.46,11.57,-0.95,20545082786.0,8.15,52.495,10.189,0.07
SH688169,石头科技,59585.0,118.76,114.76,3.49,30826269078.0,1.89,18.434,2.121,0.437
SH600416,湘电股份,59417.0,8.32,8.15,2.09,12278509435.0,0.68,257.429,1.266,
SH600638,新黄浦,59381.0,5.3,5.23,1.34,3569002966.0,4.02,20.071,0.751,0.585
SH601579,会稽山,59367.0,37.3,37.66,-0.96,17883985156.0,11.03,64.006,4.764,0.788
SH600480,凌云股份,58901.0,7.74,7.67,0.91,9460039542.0,0.72,13.393,1.173,3.876
SH601778,晶科科技,58865.0,3.39,3.38,0.3,12621120848.0,1.32,641.414,0.767,0.826
SH600587,新华医疗,58797.0,13.02,12.82,1.56,7898512028.0,2.35,18.546,0.995,0.768
SH603833,欧派家居,58725.0,31.49,30.26,4.06,19074349748.0,1.21,13.43,1.065,7.866
SH600686,金龙汽车,58540.0,11.25,11.26,-0.09,8066783441.0,3.61,12.84,2.23,1.911
SH600630,龙头股份,58420.0,7.63,7.71,-1.04,3241693985.0,11.57,57.713,3.951,0.511
SH688180,君实生物-U,58381.0,35.66,34.94,2.06,36611760800.0,2.36,-83.055,6.16,
SH688122,西部超导,58260.0,51.94,52.12,-0.35,33743573974.0,0.96,52.854,4.67,1.155
SH603220,中贝通信,58201.0,16.71,17.07,-2.11,8962545639.0,2.3,216.585,2.354,0.419
SH600310,广西能源,58167.0,4.52,4.56,-0.88,6625012463.0,2.65,-417.101,2.337,0.664
SH600405,动力源,57993.0,4.94,5.02,-1.59,3027378165.0,1.23,-10.79,78.537,
SH600590,泰豪科技,57855.0,8.03,8.12,-1.11,6848544092.0,1.27,157.97,2.168,0.286
SH600612,老凤祥,57795.0,31.37,30.79,1.88,16410204257.0,0.24,13.123,1.239,4.845
SH600995,南网储能,57565.0,11.86,11.67,1.63,37904628847.0,0.26,19.258,1.618,1.577
SH601717,中创智领,57498.0,13.35,12.99,2.77,23835089066.0,1.08,7.048,1.006,9.363
SH600835,上海机电,57305.0,18.29,18.21,0.44,18423420886.0,0.47,26.421,1.302,0.875
SH600827,百联股份,57257.0,7.94,7.76,2.32,14166294849.0,0.81,11.509,0.693,1.889
SH600238,ST椰岛,57254.0,4.01,4.01,0.0,1797282000.0,0.8,-87.042,25.821,
SH600531,豫光金铅,57234.0,11.11,11.12,-0.09,13434908575.0,1.24,14.596,1.899,1.935
SH600520,三佳科技,57230.0,24.31,25.03,-2.88,3851433300.0,3.16,335.951,9.666,
SH603393,新天然气,57053.0,24.48,24.52,-0.16,10377594085.0,0.94,18.176,1.071,3.268
SH688005,容百科技,57049.0,23.48,23.07,1.78,16779248297.0,1.71,-1738.801,2.159,
SH600078,澄星股份,57029.0,9.79,9.78,0.1,6653899409.0,0.73,61.872,3.682,
SH600039,四川路桥,56937.0,8.73,8.69,0.46,75912506331.0,0.17,9.978,1.504,5.67
SH688027,国盾量子,56642.0,328.49,339.01,-3.1,33788810218.0,1.85,5625.331,10.491,0.005
SH603300,海南华铁,56472.0,4.51,4.53,-0.44,9016338859.0,0.91,21.27,1.321,
SH603598,引力传媒,56442.0,18.78,19.13,-1.83,5073555972.0,11.39,270.945,21.794,
SH600125,铁龙物流,56399.0,5.27,5.22,0.96,6880100276.0,0.55,12.938,0.869,2.296
SH688498,源杰科技,56202.0,1613.0,1638.5,-1.56,200819108101.0,1.56,267.142,63.921,0.092
SH600740,山西焦化,56188.0,3.76,3.7,1.62,9633575539.0,0.8,65.919,0.636,0.665
SH601881,中国银河,56171.0,11.59,11.51,0.7,126729722147.0,0.23,9.164,1.049,3.236
SH600223,福瑞达,56120.0,5.74,5.66,1.41,5835104769.0,0.82,36.115,1.371,0.993
SH600720,中交设计,56091.0,5.19,5.12,1.37,11908950982.0,0.74,9.889,0.747,2.967
SH603366,日出东方,56066.0,7.27,7.26,0.14,5910859694.0,1.31,34.761,1.367,0.619
SH600610,中毅达,56009.0,7.41,7.36,0.68,7938144823.0,1.63,172.927,51.033,
SH603169,兰石重装,55803.0,5.93,5.87,1.02,7746310362.0,0.51,-9.647,3.1,
SH603686,福龙马,55731.0,14.29,14.05,1.71,5936500473.0,8.29,36.648,1.701,0.791
SH600419,天润乳业,55724.0,8.94,8.77,1.94,2820706746.0,1.75,23.988,1.139,0.224
SH603283,赛腾股份,55530.0,41.82,42.94,-2.61,14742647482.0,2.38,27.121,4.213,0.992
SH600515,海南机场,55412.0,2.75,2.71,1.48,31419601406.0,1.11,149.839,1.301,0.182
SH600152,维科技术,55384.0,8.48,8.32,1.92,4486593100.0,18.24,-47.311,2.757,
SH600985,淮北矿业,55356.0,15.87,15.9,-0.19,42742015712.0,0.51,24.945,1.012,1.575
SH600121,郑州煤电,55215.0,5.34,5.33,0.19,6506320283.0,15.86,-6.241,10.821,
SH688185,康希诺,55209.0,102.64,85.53,20.0,25356575735.0,9.32,623.973,5.094,
SH603025,大豪科技,55137.0,12.93,12.95,-0.15,14438346215.0,0.29,17.117,5.228,3.48
SH603186,华正新材,54969.0,212.66,212.0,0.31,33343071558.0,9.99,81.929,13.535,0.061
SH600388,紫金龙净,54968.0,16.8,16.69,0.66,23726535890.0,0.37,19.389,1.839,2.03
SH600230,沧州大化,54899.0,13.15,13.18,-0.23,5443587347.0,4.83,50.308,1.325,0.175
SH600282,南钢股份,54853.0,4.54,4.43,2.48,27989513190.0,0.7,10.266,1.005,5.374
SH600054,黄山旅游,54801.0,10.5,10.53,-0.28,7658484120.0,0.83,25.856,1.567,1.343
SH600328,中盐化工,54686.0,5.68,5.59,1.61,8328638147.0,0.81,-33.181,0.712,0.44
SH600975,新五丰,54643.0,5.19,5.22,-0.57,6485744431.0,0.95,-3.912,4.544,
SH600882,妙可蓝多,54604.0,19.31,18.71,3.21,9818239924.0,0.82,71.792,2.082,1.036
SH603918,金桥信息,54602.0,10.41,10.59,-1.7,3800769346.0,1.63,-68.376,3.918,
SH688313,仕佳光子,54551.0,154.48,153.7,0.51,69822847949.0,2.74,148.444,40.667,0.194
SH603233,大参林,54541.0,18.2,17.83,2.08,20727152264.0,0.52,15.198,2.748,4.918
SH600967,内蒙一机,54479.0,12.82,12.73,0.71,21817007631.0,1.98,100.668,1.82,0.772
SH600629,华建集团,54361.0,16.37,16.35,0.12,18822305853.0,1.58,-351.271,3.58,0.116
SH603317,天味食品,54329.0,12.55,12.42,1.05,13329067768.0,0.45,17.527,3.141,4.359
SH600359,新农开发,54226.0,7.4,7.25,2.07,2823194868.0,7.02,-332.208,4.216,
SH600782,新钢股份,54097.0,2.7,2.66,1.5,8559489102.0,0.93,-12.741,0.343,5.037
SH601678,滨化股份,54068.0,5.68,5.64,0.71,13682905728.0,1.54,29.914,0.986,0.951
SH603466,风语筑,53785.0,11.88,11.78,0.85,7066562485.0,5.32,121.023,3.334,0.168
SH600502,安徽建工,53785.0,4.23,4.16,1.68,7260938558.0,1.71,4.723,0.606,6.383
SH601789,宁波建工,53755.0,4.21,4.18,0.72,6417689802.0,2.29,23.565,1.023,1.188
SH600706,曲江文旅,53405.0,8.1,8.06,0.5,2065984259.0,2.24,-11.769,4.395,
SH600604,市北高新,53378.0,4.86,4.85,0.21,9104261347.0,2.01,-37.31,1.513,
SH600331,宏达股份,53357.0,11.56,11.65,-0.77,30536896000.0,0.72,-1250.703,9.767,
SH601880,辽港股份,53187.0,1.47,1.45,1.38,34650497803.0,0.52,28.036,0.855,1.973
SH601555,东吴证券,53185.0,8.13,8.14,-0.12,40395554065.0,0.4,9.996,0.935,2.706
SH600251,冠农股份,52935.0,9.99,9.77,2.25,7762165894.0,1.8,13.253,1.812,0.601
SH600803,新奥股份,52869.0,19.2,18.39,4.4,59427554054.0,0.37,13.626,2.535,5.0
SH601098,中南传媒,52767.0,10.27,10.2,0.69,18444920000.0,0.48,12.213,1.132,4.382
SH600777,XD新潮能,52605.0,4.0,3.99,0.25,27201983300.0,0.14,46.992,1.21,0.25
SH601229,上海银行,52494.0,9.75,9.55,2.09,139427073026.0,0.4,5.747,0.538,5.303
SH601137,博威合金,52427.0,18.91,19.17,-1.36,17361780284.0,0.77,-110.712,1.775,0.217
SH603919,金徽酒,52171.0,17.4,15.82,9.99,8826323948.0,2.51,32.67,2.594,2.874
SH603920,世运电路,52096.0,44.4,46.13,-3.75,31994298875.0,3.47,83.339,5.061,1.351
SH603906,龙蟠科技,51992.0,19.04,17.31,9.99,15062770690.0,6.57,45.217,2.907,
SH688063,派能科技,51987.0,40.9,40.16,1.84,10035193284.0,1.72,66.855,1.078,0.296
SH600871,石化油服,51957.0,2.1,2.09,0.48,39809796249.0,0.46,58.879,3.962,
SH600500,中化国际,51893.0,5.08,5.01,1.4,18228596019.0,1.4,-11.264,1.791,
SH601333,广深铁路,51861.0,3.08,3.05,0.98,21817293960.0,0.72,14.478,0.753,2.922
SH688270,ST臻镭,51480.0,53.2,54.15,-1.75,15934179008.0,0.84,111.685,6.836,
SH603306,华懋科技,51363.0,71.36,71.87,-0.71,23512812938.0,1.82,225.064,6.612,0.109
SH603816,顾家家居,51322.0,23.81,22.97,3.66,22041703016.0,1.33,13.004,1.798,5.141
SH600397,江钨装备,51290.0,16.12,15.94,1.13,15958153298.0,3.73,-1414.088,82.624,
SH603200,上海洗霸,51262.0,44.74,40.67,10.01,7850979808.0,13.87,-326.668,7.23,0.067
SH688072,拓荆科技,51234.0,640.0,656.68,-2.54,186990892800.0,1.19,85.966,15.758,0.104
SH600163,中闽能源,51208.0,5.6,5.55,0.9,10656778401.0,2.92,21.558,1.482,0.536
SH603626,科森科技,51086.0,24.22,23.91,1.3,13439186092.0,10.43,518.325,6.228,
SH600888,新疆众和,51084.0,9.78,9.67,1.14,15189180581.0,2.59,19.148,1.171,1.329
SH603167,渤海轮渡,51079.0,7.99,7.98,0.13,3748464579.0,0.36,17.318,1.132,10.638
SH600323,瀚蓝环境,51002.0,29.48,29.14,1.17,24036433864.0,0.36,10.864,1.583,3.664
SH600663,陆家嘴,50975.0,10.11,9.19,10.01,50905403695.0,0.93,33.522,1.996,1.217
SH601992,金隅集团,50892.0,1.43,1.41,1.42,15269212722.0,1.07,-9.058,0.408,3.497
SH600133,东湖高新,50856.0,7.87,7.79,1.03,8391307816.0,0.72,39.792,0.941,2.109
SH603301,振德医疗,50677.0,75.17,75.8,-0.83,19835575833.0,0.53,71.652,3.494,0.399
SH600273,嘉化能源,50659.0,6.2,6.13,1.14,8130116556.0,0.61,12.987,0.816,5.258
SH603588,高能环境,50633.0,16.54,16.25,1.78,25194297919.0,3.11,18.56,2.417,1.427
SH600592,龙溪股份,50544.0,16.2,14.73,9.98,6472767850.0,4.72,41.246,2.484,0.525
SH603011,合锻智能,50525.0,23.98,24.59,-2.48,11856058199.0,3.04,-40.527,6.382,
SH600063,皖维高新,50514.0,5.34,5.35,-0.19,11049028438.0,0.83,22.485,1.289,1.873
SH603979,金诚信,50375.0,72.28,72.35,-0.1,45087727682.0,0.45,15.865,3.694,0.913
SH600589,大位科技,50354.0,7.35,7.53,-2.39,10889538692.0,1.78,-69.319,18.664,
SH600396,华电辽能,50273.0,12.39,12.35,0.32,18246837463.0,2.95,384.638,12.207,
SH600726,华电能源,50269.0,4.96,4.96,0.0,39220387602.0,0.34,117.591,7.447,
SH600057,厦门象屿,50214.0,6.11,6.0,1.83,17346384943.0,0.63,13.073,1.139,3.601
SH600722,金牛化工,50168.0,14.72,14.57,1.03,10014305631.0,9.53,177.812,7.802,
SH603663,三祥新材,50103.0,43.24,44.26,-2.3,25665972291.0,2.16,171.504,17.734,0.164
SH603126,中材节能,50097.0,6.31,6.3,0.16,3852255000.0,0.7,99.743,1.894,0.158
SH601990,南京证券,50078.0,6.58,6.54,0.61,28949550891.0,0.2,23.114,1.241,1.976
SH600501,航天晨光,49923.0,14.45,14.49,-0.28,6182059690.0,0.83,-36.196,4.07,
SH600619,海立股份,49898.0,12.93,13.18,-1.9,13878343170.0,1.6,68.659,2.237,0.217
SH603883,老百姓,49624.0,13.04,12.89,1.16,9895928677.0,0.82,22.973,1.417,4.371
SH601696,中银证券,49589.0,10.96,10.96,0.0,30446880000.0,0.55,24.827,1.555,0.429
SH600821,金开新能,49496.0,5.68,5.7,-0.35,11174405733.0,1.19,-43.377,1.28,
SH603596,伯特利,49491.0,28.14,27.82,1.15,25259641040.0,1.02,17.682,3.069,0.913
SH600798,宁波海运,49460.0,3.41,3.38,0.89,4114281625.0,1.1,71.907,1.049,0.587
SH603496,恒为科技,49454.0,21.97,21.97,0.0,7034997069.0,1.03,179.502,5.009,0.118
SH600295,鄂尔多斯,49387.0,13.06,12.84,1.71,36552017877.0,0.44,13.102,1.708,5.36
SH603379,三美股份,49373.0,49.12,49.04,0.16,29986730297.0,0.44,14.033,3.535,3.502
SH603618,杭电股份,49347.0,32.75,33.69,-2.79,22642551424.0,5.27,402.522,7.55,
SH601882,海天精工,49324.0,22.62,22.75,-0.57,11807640000.0,0.66,24.863,3.84,1.326
SH600736,苏州高新,49224.0,6.57,6.53,0.61,7563994399.0,2.33,12.991,0.962,0.274
SH600916,中国黄金,49217.0,7.19,7.14,0.7,12079200000.0,0.8,51.172,1.686,3.338
SH601952,苏垦农发,49061.0,8.97,8.72,2.87,12360660000.0,1.17,25.827,1.718,2.118
SH601158,重庆水务,49023.0,4.02,4.0,0.5,19296121078.0,0.11,23.231,1.125,2.512
SH600621,华鑫股份,48932.0,13.37,13.45,-0.59,14184223534.0,1.17,17.429,1.552,1.571
SH603619,中曼石油,48866.0,20.73,20.76,-0.14,9584276297.0,2.38,31.088,2.195,0.671
SH600075,新疆天业,48851.0,4.59,4.52,1.55,7838789804.0,0.65,-298.321,0.879,
SH600793,宜宾纸业,48840.0,16.36,16.39,-0.18,2894149473.0,1.63,-75.452,13.826,
SH601311,骆驼股份,48803.0,7.36,7.33,0.41,8634355428.0,0.49,14.744,0.87,4.891
SH688146,中船特气,48534.0,190.66,193.25,-1.34,100937647115.0,5.39,195.775,16.8,0.103
SH600961,株冶集团,48450.0,22.56,22.59,-0.13,24204008180.0,1.25,9.729,4.13,
SH600998,九州通,48449.0,5.05,4.96,1.81,25464474682.0,0.89,12.67,0.944,3.921
SH600318,新力金融,48333.0,6.8,6.85,-0.73,3486547898.0,2.13,81.857,3.143,0.294
SH688048,长光华芯,48221.0,289.7,296.9,-2.43,51068299487.0,3.5,1184.126,16.795,
SH600477,杭萧钢构,48220.0,2.43,2.41,0.83,5732293299.0,0.83,81.517,1.146,1.44
SH600371,万向德农,47882.0,13.51,12.84,5.22,3952728780.0,22.77,-717.625,7.601,0.74
SH600784,鲁银投资,47778.0,7.0,7.06,-0.85,4729565939.0,0.48,31.938,1.403,0.714
SH603363,傲农生物,47719.0,2.81,2.78,1.08,7674283731.0,0.76,-16.224,2.592,
SH600210,紫江企业,47718.0,6.36,6.26,1.6,9646441965.0,1.2,8.701,1.439,5.503
SH603069,海汽集团,47666.0,13.55,13.44,0.82,4281800000.0,1.06,-55.11,5.719,
SH603078,江化微,47653.0,28.83,29.59,-2.57,11117921860.0,2.6,107.235,5.585,0.312
SH601929,吉视传媒,47620.0,2.31,2.37,-2.53,8061410668.0,2.8,-18.0,1.768,
SH600963,岳阳林纸,47605.0,3.38,3.34,1.2,5940579347.0,1.15,-15.333,0.781,
SH688777,中控技术,47591.0,80.05,78.48,2.0,63334721636.0,1.17,261.194,6.427,0.468
SH601567,三星电气,47442.0,13.67,13.86,-1.37,19209212498.0,1.73,32.553,1.638,1.053
SH600650,锦江在线,47407.0,10.22,10.22,0.0,5637455294.0,0.6,46.385,1.294,1.272
SH603636,南威软件,47232.0,7.67,7.87,-2.54,4451365211.0,10.99,-8.173,2.573,
SH688271,联影医疗,47226.0,107.37,105.1,2.16,88489843172.0,0.65,50.043,4.017,0.286
SH600218,全柴动力,47125.0,8.03,7.92,1.39,3497867350.0,3.28,64.359,1.07,0.747
SH600880,博瑞传播,46852.0,4.06,4.18,-2.87,4438928294.0,3.4,-57.72,1.509,
SH688036,传音控股,46773.0,53.8,53.49,0.58,61933728521.0,0.52,19.716,2.926,3.16
SH600292,电投水电,46625.0,11.42,11.13,2.61,54406993431.0,1.68,45.772,2.438,0.49
SH600178,东安动力,46603.0,9.89,9.92,-0.3,4613449232.0,2.42,-13753.521,1.81,0.111
SH600483,福能股份,46590.0,11.02,10.83,1.75,30637215631.0,0.34,10.39,1.111,3.848
SH689009,九号公司-WD,46571.0,37.1,36.04,2.94,27299979276.0,1.14,17.903,3.688,3.296
SH603218,日月股份,46522.0,9.56,9.5,0.63,9845332540.0,1.16,22.789,0.936,3.933
SH600255,鑫科材料,46436.0,3.35,3.38,-0.89,6050592299.0,1.8,112.524,4.028,
SH600996,贵广网络,46400.0,6.76,6.9,-2.03,8428367013.0,1.08,-6.455,6.547,
SH600258,首旅酒店,46393.0,11.01,11.01,0.0,12293800417.0,1.2,14.383,1.023,4.087
SH603118,共进股份,46287.0,15.72,16.3,-3.56,12375985102.0,7.21,133.189,2.43,0.191
SH603399,永杉锂业,46220.0,13.01,13.16,-1.14,6664901343.0,3.58,784.246,3.929,
SH600257,大湖股份,46219.0,5.5,5.45,0.92,2646804534.0,1.69,107.952,3.243,
SH600303,曙光股份,46154.0,3.11,3.06,1.63,2126009096.0,3.92,-6.254,2.42,
SH600864,哈投股份,46138.0,5.62,5.63,-0.18,11692806322.0,1.09,31.449,0.883,0.907
SH601116,三江购物,46016.0,9.91,9.85,0.61,5427492944.0,1.04,33.547,1.645,1.009
SH600668,尖峰集团,46006.0,7.46,7.39,0.95,3080238431.0,0.78,-14.346,0.57,1.327
SH600452,涪陵电力,45756.0,8.78,8.73,0.57,13490835722.0,0.71,31.145,2.359,1.173
SH601858,中国科传,45607.0,21.58,22.11,-2.4,17058990000.0,1.14,36.154,2.921,1.418
SH600642,申能股份,45495.0,8.78,8.76,0.23,42970016921.0,0.51,11.872,1.17,5.239
SH603387,基蛋生物,45483.0,10.01,9.81,2.04,5076606705.0,2.01,17.142,1.727,2.997
SH600381,*ST春天,45330.0,4.2,4.13,1.69,2465655112.0,0.7,-32.993,2.571,
SH600458,时代新材,45326.0,10.99,10.86,1.2,10463719232.0,1.46,18.81,1.289,2.293
SH601198,东兴证券,45276.0,13.06,13.06,0.0,42215738491.0,,18.294,1.387,0.689
SH600116,三峡水利,45264.0,6.15,6.08,1.15,11759678860.0,0.58,15.352,1.019,2.016
SH603009,北特科技,45096.0,45.88,45.57,0.68,15892364712.0,1.95,124.474,7.8,0.303
SH605589,圣泉集团,45031.0,35.67,36.08,-1.14,30190463704.0,1.86,31.678,2.796,1.819
SH603938,三孚股份,45029.0,42.68,43.56,-2.02,16330413532.0,2.62,101.458,6.248,0.052
SH603099,长白山,44899.0,40.68,39.78,2.26,11079436385.0,3.23,83.513,7.383,0.356
SH688268,华特气体,44857.0,120.85,123.35,-2.03,15430374292.0,1.67,102.678,5.801,0.412
SH601566,九牧王,44829.0,9.06,9.1,-0.44,5206212579.0,2.82,32.552,1.386,5.519
SH603508,思维列控,44810.0,20.59,20.47,0.59,7850439422.0,0.3,13.767,1.905,2.55
SH600350,山东高速,44772.0,10.16,9.96,2.01,49119239582.0,0.24,15.91,1.676,4.134
SH605090,九丰能源,44579.0,31.25,30.33,3.03,22080766188.0,1.21,14.07,1.797,1.437
SH688019,安集科技,44412.0,211.0,214.22,-1.5,48183230573.0,2.01,51.271,9.912,0.182
SH600624,ST复华,44251.0,4.61,4.61,0.0,3131789403.0,0.23,-14.394,7.704,
SH600510,黑牡丹,44236.0,6.4,6.54,-2.14,6604962925.0,1.12,-83.309,0.637,0.359
SH600770,综艺股份,44209.0,6.36,6.18,2.91,8268000000.0,6.86,60.635,2.43,
SH600831,广电网络,44027.0,3.4,3.41,-0.29,2417219773.0,3.0,-1.487,44.386,
SH600395,盘江股份,43871.0,4.99,4.95,0.81,10711658221.0,0.76,26.914,1.01,1.202
SH688047,龙芯中科,43844.0,98.1,100.2,-2.1,39338100000.0,0.68,-102.287,17.131,
SH600812,华北制药,43791.0,4.98,4.84,2.89,8544337243.0,2.1,69.238,1.548,0.703
SH601108,财通证券,43781.0,8.15,8.17,-0.24,37846717269.0,0.51,10.974,0.971,1.337
SH600101,明星电力,43774.0,7.83,7.78,0.64,4289763148.0,1.08,26.234,1.384,1.405
SH603983,丸美生物,43683.0,30.86,30.4,1.51,12374860000.0,0.81,54.205,3.659,0.81
SH600203,福日电子,43599.0,9.78,9.89,-1.11,5799423442.0,1.52,454.513,3.373,
SH603888,新华网,43516.0,17.2,17.27,-0.41,12766046142.0,1.99,39.803,3.335,0.779
SH603868,飞科电器,43485.0,31.09,30.69,1.3,13542804000.0,0.32,24.603,3.905,3.216
SH688018,乐鑫科技,43439.0,115.08,115.79,-0.61,26972946510.0,1.87,47.254,5.732,0.31
SH600103,青山纸业,43401.0,3.4,3.41,-0.29,7618810940.0,5.92,196.184,1.913,0.265
SH600509,天富能源,43335.0,7.15,7.18,-0.42,9826941460.0,0.65,43.172,1.237,1.175
SH603002,宏昌电子,43328.0,17.34,17.56,-1.25,19664921346.0,5.52,336.567,5.655,0.087
SH600496,精工钢构,43078.0,3.39,3.32,2.11,6746525781.0,1.61,10.827,0.744,6.49
SH601456,国联民生,42928.0,8.51,8.53,-0.23,48341844779.0,0.24,21.044,0.921,0.705
SH600976,健民集团,42866.0,26.86,26.56,1.13,4120286396.0,0.79,13.021,1.529,3.351
SH600969,郴电国际,42863.0,9.52,9.5,0.21,3522880608.0,1.35,34.409,0.969,1.324
SH601595,上海电影,42849.0,23.0,23.26,-1.12,10308600000.0,1.93,138.568,6.171,0.23
SH600698,湖南天雁,42838.0,6.7,6.86,-2.33,7159872804.0,2.4,-235.278,9.668,
SH603985,恒润股份,42487.0,16.98,16.79,1.13,7485768891.0,2.1,67.041,2.254,0.353
SH600903,贵州燃气,42486.0,6.68,6.51,2.61,7775421470.0,3.15,428.836,2.497,0.374
SH603885,吉祥航空,42372.0,9.96,9.76,2.05,21603292469.0,0.6,31.563,2.518,1.968
SH600517,国网英大,42275.0,4.94,4.85,1.86,28249072575.0,0.29,10.935,1.181,2.773
SH600336,澳柯玛,42259.0,6.22,6.33,-1.74,4963651863.0,0.43,-16.86,2.406,
SH600288,大恒科技,42147.0,10.36,10.51,-1.43,4525248000.0,2.01,24.41,2.255,0.232
SH600576,祥源文旅,42146.0,5.3,5.32,-0.38,5589106732.0,0.64,77.673,2.157,
SH603117,万林物流,41928.0,3.97,4.02,-1.24,2378815036.0,0.96,622.352,2.31,
SH600231,凌钢股份,41928.0,1.69,1.65,2.42,4853787114.0,1.08,-2.716,1.482,
SH603912,佳力图,41911.0,8.79,9.01,-2.44,4767048089.0,2.57,-45.427,2.847,
SH603477,巨星农牧,41896.0,14.38,14.3,0.56,7520446993.0,1.55,-7.603,3.023,0.132
SH603456,九洲药业,41859.0,16.75,16.26,3.01,14665377209.0,3.04,24.788,1.674,1.194
SH600425,青松建化,41842.0,3.69,3.62,1.93,5921356679.0,0.99,20.358,0.921,2.71
SH600848,上海临港,41795.0,9.05,8.7,4.02,22828507386.0,1.2,17.749,1.363,2.21
SH600965,*ST福成,41744.0,2.57,2.6,-1.15,2104061454.0,0.56,53.197,0.958,
SH603929,亚翔集成,41656.0,139.46,142.76,-2.31,29755185600.0,0.8,24.356,12.462,2.366
SH603067,振华股份,41558.0,40.25,39.45,2.03,30409897511.0,3.93,45.434,7.027,0.398
SH600603,广汇物流,41501.0,4.81,4.8,0.21,5549777764.0,0.55,45.955,0.773,
SH600289,ST信通,41485.0,4.4,4.26,3.29,2776629104.0,0.31,-5.703,3.295,
SH603197,保隆科技,41421.0,29.1,28.94,0.55,6228145746.0,0.79,18.224,1.879,1.959
SH600748,上实发展,41243.0,4.1,4.09,0.24,7562707857.0,1.91,-62.416,0.742,
SH600351,亚宝药业,41229.0,6.82,6.7,1.79,4719440314.0,3.06,14.602,1.673,8.065
SH688322,奥比中光-W,41194.0,84.4,85.1,-0.82,34843251381.0,1.21,318.608,8.691,
SH600794,保税科技,41093.0,3.19,3.19,0.0,3828485381.0,0.61,-41.337,1.531,0.627
SH603085,天成自控,40847.0,9.73,9.75,-0.21,3863783000.0,0.87,34.428,3.877,
SH603859,能科科技,40763.0,37.71,38.16,-1.18,10045909646.0,1.07,47.906,2.418,0.22
SH600353,旭光电子,40727.0,28.68,29.3,-2.12,23770304040.0,3.98,140.66,12.45,0.244
SH688167,炬光科技,40680.0,282.88,284.26,-0.49,36813712116.0,2.92,-456.193,16.191,
SH600283,钱江水利,40678.0,8.04,8.0,0.5,4509032180.0,0.27,20.64,1.374,3.109
SH600301,华锡有色,40598.0,49.83,48.64,2.45,31520837479.0,4.15,33.083,6.19,0.783
SH600058,五矿发展,40549.0,8.52,8.56,-0.47,9132679258.0,0.75,-110.305,1.898,0.399
SH603529,爱玛科技,40528.0,22.23,21.8,1.97,19212241576.0,1.24,12.921,1.961,4.193
SH603757,大元泵业,40506.0,70.77,69.31,2.11,13201949519.0,3.85,175.184,6.272,0.424
SH601038,一拖股份,40483.0,13.71,13.67,0.29,15405176720.0,0.58,18.668,1.874,1.947
SH600987,航民股份,40479.0,6.28,6.23,0.8,6410742522.0,0.34,8.899,0.951,3.981
SH601218,吉鑫科技,40382.0,6.08,6.13,-0.82,5891723753.0,24.14,34.1,1.93,0.576
SH600131,国网信通,40372.0,15.39,13.99,10.01,18421609446.0,2.25,29.576,2.806,0.747
SH600582,天地科技,40309.0,4.9,4.8,2.08,20279085571.0,0.44,18.408,0.807,6.122
SH601388,怡球资源,40299.0,3.18,3.17,0.32,6999887919.0,0.82,19.13,1.486,0.786
SH605009,豪悦护理,40282.0,25.52,25.09,1.71,5485714201.0,0.75,23.113,1.627,3.315
SH603128,华贸物流,40230.0,5.37,5.34,0.56,7029579673.0,0.56,14.592,1.093,4.171
SH688676,金盘科技,40228.0,61.53,61.55,-0.03,28290718291.0,0.99,40.575,5.545,1.461
SH600992,贵绳股份,40177.0,10.2,10.22,-0.2,2499918000.0,2.53,-66.946,1.814,
SH600843,上工申贝,40153.0,7.58,7.68,-1.3,5405801918.0,5.16,-44.064,2.035,
SH600971,恒源煤电,40151.0,8.19,8.14,0.61,9828040000.0,0.61,99.574,0.837,3.028
SH600327,大东方,40126.0,3.88,3.85,0.78,3432944530.0,1.11,-12.3,1.222,
SH688223,晶科能源,40105.0,3.83,3.74,2.41,39218016519.0,0.77,-5.564,1.692,
SH600345,长江通信,40085.0,48.79,47.06,3.68,16081775920.0,4.4,23.978,3.836,0.225
SH600715,文投控股,39945.0,1.64,1.65,-0.61,6658159740.0,1.15,-95.823,6.236,
SH601011,宝泰隆,39934.0,2.9,2.87,1.05,5555427163.0,1.64,-10.338,1.038,
SH600959,江苏有线,39892.0,3.11,3.11,0.0,15552232003.0,0.43,97.366,0.688,0.514
SH603098,森特股份,39880.0,10.65,10.74,-0.84,5745887766.0,0.6,61.993,2.023,0.939
SH600073,光明肉业,39772.0,5.53,5.48,0.91,5185643980.0,0.76,-25.697,1.104,
SH601101,昊华能源,39700.0,12.73,12.59,1.11,18331173598.0,0.96,22.664,1.474,2.828
SH688195,腾景科技,39699.0,180.9,181.24,-0.19,32759181000.0,3.26,389.482,31.435,0.065
SH600088,中视传媒,39667.0,13.36,13.34,0.15,5313357504.0,3.66,-81.732,4.361,0.165
SH600569,安阳钢铁,39632.0,1.82,1.78,2.25,5227806923.0,0.83,-3.047,5.417,
SH688390,固德威,39549.0,55.36,54.8,1.02,13459296532.0,1.9,30.73,4.397,
SH688775,影石创新,39525.0,90.18,90.67,-0.54,36162180000.0,1.1,82.272,6.87,0.261
SH603611,诺力股份,39498.0,15.47,15.41,0.39,3985084237.0,0.38,12.254,1.287,5.385
SH601677,明泰铝业,39447.0,16.17,16.16,0.06,20104009439.0,0.9,8.285,0.989,1.948
SH603777,来伊份,39372.0,13.5,13.83,-2.39,4514726241.0,1.84,-22.302,3.046,
SH600761,安徽合力,39340.0,14.85,14.7,1.02,13226787501.0,0.65,12.258,1.198,4.04
SH600526,菲达环保,39273.0,4.63,4.59,0.87,4113633879.0,0.52,12.937,0.88,2.268
SH600613,神奇制药,39220.0,8.19,8.11,0.99,4374046633.0,12.46,159.628,1.905,0.855
SH600594,益佰制药,39118.0,3.64,3.6,1.11,2855193796.0,2.31,-7.321,1.368,
SH600137,浪莎股份,38942.0,18.03,18.26,-1.26,1752833112.0,1.18,57.522,3.218,1.109
SH688629,XD华丰科,38939.0,101.35,104.38,-2.9,47457640804.0,1.9,133.604,16.149,0.114
SH600764,中国海防,38933.0,18.39,18.3,0.49,13068474409.0,0.72,160.684,1.581,0.381
SH603203,快克智能,38915.0,41.74,42.9,-2.7,13774686396.0,1.5,87.763,9.386,1.09
SH600666,奥瑞德,38894.0,3.16,3.2,-1.25,8694162965.0,1.43,120.703,7.804,
SH601139,深圳燃气,38880.0,6.25,6.18,1.13,17979652844.0,0.4,11.612,1.086,2.56
SH600470,六国化工,38871.0,5.45,5.46,-0.18,2842720000.0,1.65,-5.956,1.964,
SH601969,海南矿业,38762.0,8.92,8.89,0.34,17701823411.0,0.32,26.62,2.489,1.794
SH600182,S佳通,38700.0,12.4,12.52,-0.96,4216000000.0,0.77,19.986,3.905,4.597
SH600439,ST瑞贝卡,38666.0,1.84,1.84,0.0,2082853210.0,0.69,-24.002,0.835,
SH600269,赣粤高速,38579.0,3.81,3.76,1.33,8897900723.0,0.49,12.3,0.463,4.462
SH600730,*ST高科,38567.0,8.55,8.41,1.66,5015908817.0,1.08,-38.315,3.004,
SH688016,心脉医疗,38566.0,85.48,83.84,1.96,10536445761.0,0.89,18.451,2.475,2.638
SH600389,江山股份,38560.0,17.89,17.48,2.35,7704328500.0,1.48,14.177,1.792,1.677
SH600640,国脉文化,38505.0,12.63,12.62,0.08,9997293424.0,1.96,428.113,2.543,0.143
SH600017,日照港,38488.0,2.83,2.81,0.71,8704100503.0,0.86,18.555,0.614,2.58
SH603988,中电电机,38384.0,17.0,17.02,-0.12,3998400000.0,0.94,10645.044,6.095,0.265
SH600071,凤凰光学,38366.0,16.28,16.24,0.25,4584022913.0,0.59,258.856,8.83,
SH688158,优刻得-W,38110.0,28.0,28.55,-1.93,12899742268.0,2.29,-260.191,5.241,
SH600956,新天绿能,38092.0,7.09,7.02,1.0,31906896384.0,0.17,18.821,1.311,2.821
SH600573,惠泉啤酒,38017.0,10.42,10.25,1.66,2605000000.0,3.58,29.205,1.886,0.96
SH603887,城地香江,38011.0,8.21,8.49,-3.3,4942661546.0,2.3,-44.578,1.405,
SH603616,韩建河山,38007.0,5.65,5.68,-0.53,2187781700.0,3.37,-63.259,10.693,
SH603267,鸿远电子,37955.0,46.15,47.21,-2.25,10664383166.0,1.71,37.376,2.327,0.54
SH688303,大全能源,37853.0,15.99,15.7,1.85,34097760580.0,0.53,-21.615,0.918,
SH600679,上海凤凰,37850.0,10.55,10.52,0.29,5225354622.0,0.92,55.239,2.542,0.597
SH688116,天奈科技,37757.0,33.75,33.73,0.06,12370456721.0,2.0,50.334,3.249,0.246
SH600513,联环药业,37707.0,15.09,14.81,1.89,4307535114.0,3.49,-90.149,3.412,0.464
SH603716,塞力医疗,37657.0,16.62,16.58,0.24,3752642597.0,4.68,-18.857,3.435,
SH603039,泛微网络,37633.0,34.73,34.53,0.58,10684307541.0,2.96,31.634,3.986,0.397
SH600280,中央商场,37593.0,3.01,3.0,0.33,3396287712.0,2.05,-8.228,13.903,
SH603296,华勤技术,37534.0,74.49,75.35,-1.14,112912167854.0,1.71,21.861,3.517,1.18
SH600299,安迪苏,37528.0,8.21,8.07,1.73,25284987700.0,0.69,19.167,1.282,1.839
SH600300,维维股份,37295.0,3.1,3.05,1.64,5013140758.0,1.31,14.52,1.398,3.355
SH600467,好当家,37285.0,2.44,2.42,0.83,3564826102.0,1.87,101.198,1.036,0.246
SH600033,福建高速,37097.0,3.67,3.62,1.38,10071948000.0,1.05,11.051,0.806,3.297
SH600691,潞化科技,37094.0,2.72,2.72,0.0,6462670909.0,1.18,-11.733,2.015,
SH600729,重百集团,37053.0,18.44,18.08,1.99,8121954740.0,1.3,11.313,1.022,4.29
SH688333,铂力特,36951.0,97.9,101.0,-3.07,26856140835.0,2.48,150.353,5.122,0.112
SH600548,深高速,36913.0,8.12,8.06,0.74,20607391751.0,0.15,18.594,0.895,3.005
SH600749,西藏旅游,36882.0,12.65,12.76,-0.86,2871113790.0,1.54,119.184,2.701,
SH600710,苏美达,36869.0,11.28,11.1,1.62,14740133616.0,0.57,10.539,1.749,3.679
SH600846,同济科技,36869.0,10.66,10.68,-0.19,6659957761.0,0.22,26.702,1.539,1.238
SH603168,莎普爱思,36861.0,6.04,6.04,0.0,2249984590.0,1.56,-9.333,1.649,
SH603068,博通集成,36827.0,44.85,45.0,-0.33,6807661257.0,7.82,127.227,3.806,0.022
SH600449,宁夏建材,36804.0,12.48,12.49,-0.08,5967699404.0,0.81,44.446,0.811,1.282
SH603105,芯能科技,36790.0,8.5,8.83,-3.74,4250096688.0,4.47,35.552,2.052,2.353
SH600284,浦东建设,36763.0,5.14,5.1,0.78,4987115840.0,1.03,19.362,0.624,2.918
SH600508,上海能源,36701.0,10.58,10.45,1.24,10704899016.0,1.08,35.86,0.834,2.221
SH600595,中孚实业,36697.0,5.95,5.97,-0.34,23847035428.0,0.96,8.545,1.303,2.941
SH600249,两面针,36665.0,5.35,5.36,-0.19,2942500000.0,0.87,287.097,1.354,0.561
SH600551,时代出版,36584.0,7.98,7.87,1.4,5410880807.0,3.33,13.436,0.903,3.759
SH600682,南京新百,36578.0,5.84,5.74,1.74,7855572171.0,1.31,-8.08,0.48,
SH603129,春风动力,36530.0,287.06,284.0,1.08,44058761947.0,0.64,25.349,5.503,1.463
SH601700,风范股份,36516.0,6.19,6.04,2.48,7048907687.0,2.99,-23.129,3.19,
SH600272,开开实业,36488.0,15.01,14.99,0.13,3942405694.0,8.83,168.756,4.96,0.1
SH600308,华泰股份,36383.0,3.27,3.25,0.62,4960165476.0,0.34,-43.234,0.548,
SH600433,冠豪高新,36372.0,3.26,3.24,0.62,5705910300.0,0.86,-172.871,1.284,
SH601799,星宇股份,36341.0,70.33,69.75,0.83,20091833538.0,0.82,12.661,1.774,2.814
SH688297,中无人机,36338.0,41.79,41.45,0.82,28208250000.0,0.64,252.474,5.084,0.476
SH688331,荣昌生物,36309.0,117.34,116.67,0.57,66235787855.0,1.94,11.378,7.967,
SH601298,青岛港,36271.0,10.06,10.09,-0.3,65300466000.0,0.28,12.577,1.383,3.37
SH688050,爱博医疗,36081.0,38.8,38.0,2.11,7505384118.0,1.01,31.606,2.601,0.825
SH603766,隆鑫通用,36033.0,14.18,14.21,-0.21,29119223433.0,0.51,18.61,3.183,4.937
SH600155,华创云信,36029.0,5.92,5.92,0.0,12924477542.0,0.62,37.812,0.648,
SH603612,索通发展,35987.0,16.08,15.78,1.9,8009519701.0,1.34,12.72,1.324,0.74
SH600966,博汇纸业,35955.0,4.85,4.77,1.68,6483694797.0,0.57,45.49,0.867,0.474
SH603336,宏辉果蔬,35947.0,9.89,9.9,-0.1,6020230366.0,1.95,374.915,4.198,0.111
SH603313,梦百合,35911.0,6.21,6.21,0.0,3543344556.0,1.82,-29.756,1.042,
SH603223,XD恒通股,35904.0,9.39,9.39,0.0,6627670392.0,0.63,18.874,1.605,1.491
SH600082,ST海泰,35885.0,3.32,3.35,-0.9,2145104542.0,1.18,-29.612,1.282,
SH603505,金石资源,35811.0,13.98,14.08,-0.71,11766530006.0,0.82,40.666,6.246,0.858
SH603876,鼎胜新材,35809.0,17.24,17.21,0.17,16020566752.0,1.14,19.905,2.083,1.334
SH600982,宁波能源,35778.0,5.3,5.49,-3.46,5923425671.0,10.01,16.185,1.331,3.208
SH600622,光大嘉宝,35591.0,2.56,2.52,1.59,3839194629.0,4.38,-3.043,2.058,
SH600866,星湖科技,35558.0,4.19,4.09,2.44,6961570261.0,1.11,32.633,0.91,9.069
SH603348,文灿股份,35528.0,14.6,14.48,0.83,4591367003.0,0.65,-7.958,1.2,
SH603896,寿仙谷,35511.0,14.82,14.69,0.88,2937975161.0,0.57,-279.446,1.325,
SH603595,ST东尼,35480.0,31.02,31.5,-1.52,7210360953.0,0.66,59.906,4.274,
SH600657,信达地产,35464.0,3.55,3.38,5.03,10124169012.0,7.31,-1.839,0.691,
SH603222,济民健康,35351.0,8.07,7.92,1.89,4237481263.0,4.03,-17.488,3.894,
SH600119,*ST长投,35322.0,4.74,4.78,-0.84,1731381554.0,0.32,-35.993,25.334,
SH600810,神马股份,35320.0,6.3,6.22,1.29,6852039062.0,0.52,-268.922,0.954,
SH600020,中原高速,35297.0,3.87,3.83,1.04,8697328990.0,0.54,13.336,0.73,3.101
SH600734,*ST实达,35288.0,1.86,1.85,0.54,4051643777.0,1.08,-33.442,18.999,
SH600525,长园集团,35273.0,4.86,4.85,0.21,6409271539.0,0.78,-8.416,2.262,
SH600278,东方创业,35125.0,6.52,6.53,-0.15,5610581644.0,0.5,26.81,0.661,1.518
SH603297,永新光学,35124.0,106.92,107.39,-0.44,11839155372.0,0.56,57.172,5.776,0.842
SH601997,贵阳银行,34952.0,5.61,5.56,0.9,20511271206.0,1.04,3.994,0.311,5.348
SH600165,宁科生物,34948.0,3.35,3.25,3.08,5413210646.0,2.56,-104.411,5.033,
SH603801,志邦家居,34929.0,6.29,6.22,1.13,2732070828.0,1.77,-30.084,0.938,6.2
SH600908,无锡银行,34924.0,5.9,5.84,1.03,12948622001.0,0.76,5.514,0.541,2.203
SH603613,国联股份,34873.0,18.78,18.87,-0.48,13531700128.0,1.17,10.192,1.383,
SH601801,皖新传媒,34820.0,5.49,5.54,-0.9,10749042491.0,1.58,17.493,0.902,7.286
SH600189,泉阳泉,34813.0,8.95,9.01,-0.67,6401020417.0,7.34,210.968,5.06,
SH600339,中油工程,34786.0,3.24,3.21,0.93,18089397806.0,0.42,71.919,0.669,0.401
SH600506,统一股份,34775.0,16.2,16.18,0.12,4043918747.0,5.3,82.711,7.989,0.167
SH600236,桂冠电力,34768.0,9.27,9.18,0.98,73069642225.0,0.09,18.975,4.039,3.916
SH603698,航天工程,34749.0,19.84,20.04,-1.0,10634041600.0,1.17,52.153,3.018,0.68
SH605337,李子园,34734.0,9.29,9.1,2.09,3600957861.0,1.2,21.797,2.236,3.821
SH603587,地素时尚,34650.0,12.43,12.22,1.72,5875695642.0,0.59,19.592,1.608,3.21
SH600052,东望时代,34614.0,3.82,3.8,0.53,3224823911.0,1.49,-5.944,1.489,
SH600742,XD富维股,34554.0,7.67,7.55,1.59,5699253940.0,0.53,14.611,0.665,5.085
SH600649,城投控股,34548.0,4.06,4.13,-1.69,10116711118.0,2.36,120.111,0.488,0.985
SH601949,中国出版,34532.0,5.91,6.01,-1.66,11252451199.0,4.63,21.241,1.118,1.726
SH600076,康欣新材,34483.0,2.13,2.14,-0.47,2863877372.0,2.0,-7.42,0.824,
SH603166,福达股份,34447.0,10.61,10.69,-0.75,6850353407.0,0.76,20.927,2.504,1.857
SH603008,ST喜临门,34434.0,10.6,9.98,6.21,3903899811.0,2.06,-63.707,1.11,
SH600335,国机汽车,34433.0,5.26,5.21,0.96,7824023252.0,0.68,16.78,0.672,2.357
SH603212,赛伍技术,34282.0,11.46,11.66,-1.72,5013642689.0,1.32,-25.09,2.09,
SH603733,仙鹤股份,34274.0,17.74,17.6,0.8,14498072300.0,0.64,13.443,1.443,3.501
SH600639,浦东金桥,34222.0,9.88,9.75,1.33,11089439383.0,1.39,10.862,0.754,3.968
SH600195,中牧股份,34135.0,6.73,6.64,1.36,6872327790.0,0.49,49.299,1.202,0.758
SH600420,国药现代,34051.0,8.39,8.21,2.19,11252438886.0,0.54,20.642,0.816,2.98
SH600403,大有能源,33952.0,7.02,7.05,-0.43,16783503062.0,3.27,-9.285,5.44,
SH603712,七一二,33951.0,11.41,11.28,1.15,8808520000.0,0.98,-18.024,2.33,
SH600375,汉马科技,33926.0,3.73,3.66,1.91,5979456199.0,1.45,112.688,1.759,
SH600227,赤天化,33880.0,3.85,3.81,1.05,6501601587.0,6.2,-34.553,2.811,
SH600746,江苏索普,33847.0,6.88,6.76,1.78,8034759042.0,0.57,33.493,1.43,0.567
SH603178,圣龙股份,33803.0,16.12,16.42,-1.83,3810959522.0,3.39,-26.792,3.362,
SH600853,龙建股份,33740.0,3.32,3.29,0.91,3365480962.0,1.05,8.572,0.924,1.175
SH600661,昂立教育,33722.0,9.17,9.3,-1.4,2627652771.0,4.77,22.889,9.909,
SH601010,ST文峰,33666.0,1.42,1.43,-0.7,2568348604.0,0.5,-17.314,0.647,
SH601236,红塔证券,33642.0,7.01,6.88,1.89,32899568279.0,0.51,31.241,1.35,2.996
SH605089,味知香,33589.0,21.84,21.94,-0.46,3013920000.0,1.1,38.651,2.436,2.903
SH600850,电科数字,33539.0,13.63,13.65,-0.15,11125330605.0,0.61,38.431,2.3,0.976
SH600167,联美控股,33534.0,5.65,5.52,2.36,12785048616.0,0.27,25.826,1.101,2.602
SH603927,中科软,33512.0,13.64,13.61,0.22,11335385600.0,0.61,54.694,3.689,2.199
SH600084,*ST尼雅,33498.0,4.45,4.38,1.6,5000584394.0,0.17,-262.475,3.921,
SH600830,香溢融通,33493.0,8.38,8.36,0.24,3807224620.0,1.61,44.8,1.666,0.215
SH603960,克来机电,33431.0,16.81,17.24,-2.49,4407546699.0,2.8,12248.954,3.961,0.059
SH600540,新赛股份,33415.0,5.52,5.67,-2.65,3209200819.0,12.77,-135.048,6.855,
SH605376,博迁新材,33374.0,114.32,118.55,-3.57,29906112000.0,4.05,119.977,16.393,0.087
SH600838,上海九百,33342.0,8.18,8.15,0.37,3279214605.0,2.16,70.347,2.109,0.416
SH603696,安记食品,33255.0,13.06,13.12,-0.46,3071712000.0,3.3,97.129,5.42,0.536
SH603035,常熟汽饰,33219.0,10.5,10.4,0.96,3846644340.0,0.77,15.602,0.719,1.562
SH600053,*ST九鼎,33183.0,7.77,7.69,1.04,3368612016.0,0.38,-8.458,1.553,
SH603131,上海沪工,33140.0,13.57,13.69,-0.88,4571830975.0,1.0,-285.363,2.777,
SH600035,楚天高速,33096.0,3.74,3.68,1.63,6021833470.0,0.74,10.482,0.663,4.278
SH600721,百花医药,33075.0,13.11,12.95,1.24,5041419495.0,36.5,168.245,6.297,0.305
SH603214,爱婴室,33021.0,13.86,13.85,0.07,1920164899.0,2.23,24.941,1.617,2.605
SH603565,中谷物流,32933.0,11.59,11.4,1.67,24339731364.0,0.65,12.095,2.214,2.071
SH600279,重庆港,32888.0,4.32,4.27,1.17,5127262343.0,0.42,75.65,0.758,0.394
SH603040,新坐标,32725.0,44.3,44.33,-0.07,8742936010.0,0.53,34.689,5.766,1.454
SH600618,氯碱化工,32714.0,9.66,9.52,1.47,11170823768.0,0.4,14.093,1.187,2.484
SH601007,金陵饭店,32708.0,6.78,6.8,-0.29,2644200000.0,1.02,39.496,1.672,1.991
SH688120,华海清科,32706.0,227.43,233.0,-2.39,112869287444.0,1.33,98.876,14.223,0.125
SH688339,亿华通-U,32687.0,20.42,19.92,2.51,4911665094.0,4.98,-8.026,2.618,
SH600693,东百集团,32662.0,9.32,9.12,2.19,8106967013.0,3.96,165.651,2.25,0.858
SH600889,*ST京化,32633.0,13.32,13.17,1.14,7813370102.0,0.2,3994.863,4.947,
SH688585,上纬新材,32567.0,126.81,131.01,-3.21,51150300728.0,0.44,-329.255,43.45,
SH688690,纳微科技,32516.0,44.98,45.28,-0.66,18163588130.0,2.79,86.695,8.73,0.227
SH688002,睿创微纳,32407.0,173.42,176.56,-1.78,80735632616.0,1.25,39.713,10.288,0.46
SH605020,永和股份,32320.0,30.3,30.4,-0.33,15477807307.0,0.99,19.271,2.563,2.304
SH600476,*ST湘邮,32305.0,9.92,9.9,0.2,1597814400.0,0.44,-3.523,-3.622,
SH603318,水发燃气,32262.0,8.71,8.65,0.69,4831203729.0,3.94,214.007,2.52,
SH600558,大西洋,32261.0,4.76,4.75,0.21,4272598996.0,1.04,21.391,1.761,3.571
SH601619,嘉泽新能,32249.0,3.89,3.86,0.78,11714099016.0,1.09,23.823,1.424,0.488
SH603737,三棵树,32145.0,22.65,21.82,3.8,20053878925.0,2.33,31.326,6.378,2.088
SH600662,外服控股,32076.0,4.26,4.19,1.67,9727467623.0,0.4,14.596,1.856,3.521
SH603429,*ST集友,31916.0,9.09,8.88,2.36,4767572877.0,0.49,-138.215,3.819,
SH603383,顶点软件,31844.0,26.78,26.83,-0.19,5499978894.0,0.54,27.862,3.792,2.987
SH600675,中华企业,31833.0,2.52,2.49,1.2,15236261034.0,2.23,-21.714,1.08,0.238
SH601399,国机重装,31785.0,3.15,3.13,0.64,22722701054.0,0.65,47.034,1.517,
SH600012,皖通高速,31780.0,15.58,15.47,0.71,26619861631.0,0.25,13.833,2.113,4.236
SH601916,浙商银行,31672.0,2.88,2.87,0.35,79098151573.0,0.49,6.044,0.436,4.549
SH600712,南宁百货,31588.0,5.39,5.4,-0.19,2935692390.0,2.23,-110.591,3.879,
SH603990,麦迪科技,31539.0,19.34,18.94,2.11,5903446636.0,4.4,338.034,7.015,
SH688327,云从科技-UW,31493.0,9.7,9.71,-0.1,10087760691.0,1.16,-24.935,13.955,
SH603666,亿嘉和,31475.0,26.77,26.72,0.19,5502049343.0,0.98,-36.99,2.685,
SH600713,南京医药,31453.0,5.0,4.94,1.21,6540822180.0,0.53,10.415,0.902,5.2
SH688068,热景生物,31239.0,94.47,90.0,4.97,8762481339.0,3.76,-33.775,3.589,
SH603232,格尔软件,31227.0,16.13,16.69,-3.36,3750960447.0,6.0,-51.252,2.977,
SH601330,绿色动力,31194.0,8.14,8.26,-1.45,11643497864.0,0.82,16.519,1.341,4.054
SH603106,恒银科技,31182.0,7.16,7.27,-1.51,3726923200.0,1.19,152.084,2.826,0.279
SH603010,万盛股份,31171.0,12.29,12.07,1.82,7190022301.0,1.21,-7.303,2.789,0.081
SH600735,ST新华锦,31169.0,6.65,6.51,2.15,2851375156.0,0.95,-21.209,2.682,
SH603800,洪田股份,31039.0,52.99,53.93,-1.74,11021920000.0,1.19,3949.621,14.365,
SH603180,金牌家居,31030.0,15.89,15.83,0.38,2451145955.0,0.67,-14.504,0.96,0.623
SH603579,荣泰健康,31024.0,17.8,17.85,-0.28,3578732079.0,0.88,20.154,1.297,2.787
SH600909,华安证券,30940.0,7.77,7.69,1.04,39038106090.0,1.08,12.315,1.429,2.819
SH600361,创新新材,30856.0,3.49,3.47,0.58,13026993566.0,0.47,15.754,1.17,2.521
SH600616,金枫酒业,30845.0,5.27,5.02,4.98,3525656086.0,7.59,1032.604,1.862,0.949
SH603599,广信股份,30841.0,10.3,10.12,1.78,9375774254.0,0.66,14.134,0.918,2.67
SH603122,合富中国,30813.0,13.86,14.02,-1.14,5517009493.0,10.27,-163.206,5.316,
SH603699,纽威股份,30803.0,43.21,43.6,-0.89,33680692891.0,0.39,19.839,7.264,3.337
SH600644,乐山电力,30742.0,8.88,8.86,0.23,5135488864.0,3.24,230.156,2.482,0.169
SH600757,长江传媒,30719.0,7.43,7.41,0.27,9017421528.0,0.44,11.106,0.903,5.518
SH600358,国旅联合,30707.0,5.69,5.76,-1.22,6618354277.0,2.85,-239.8,3.073,
SH601588,北辰实业,30667.0,1.83,1.81,1.1,6161646600.0,2.73,-2.699,1.058,
SH600067,冠城新材,30629.0,2.66,2.62,1.53,3701838846.0,2.41,299.121,0.67,1.09
SH600815,厦工股份,30584.0,3.82,3.77,1.33,6777040914.0,8.26,-52.935,4.807,
SH600874,创业环保,30539.0,5.52,5.46,1.1,8668707829.0,0.47,9.875,0.832,3.786
SH600984,建设机械,30533.0,3.6,3.58,0.56,4525358130.0,2.58,-2.012,2.894,
SH600623,华谊集团,30514.0,8.49,8.42,0.83,17994477011.0,0.47,32.282,0.796,1.296
SH603298,杭叉集团,30422.0,21.87,21.91,-0.18,28645589512.0,0.32,12.507,2.349,1.829
SH600128,苏豪弘业,30409.0,8.66,8.64,0.23,2179710742.0,0.96,49.735,1.022,1.674
SH600468,百利电气,30407.0,5.87,5.86,0.17,6385006334.0,0.78,86.463,3.141,0.426
SH603976,正川股份,30387.0,29.59,29.9,-1.04,5078073913.0,1.49,296.927,3.845,0.865
SH603660,苏州科达,30343.0,9.1,9.3,-2.15,5200583534.0,1.83,-9.185,8.811,
SH603693,江苏新能,30294.0,12.25,12.71,-3.62,10920579530.0,1.94,30.532,1.544,1.224
SH601068,中铝国际,30226.0,4.33,4.35,-0.46,12933354797.0,0.5,49.345,4.166,
SH600805,悦达投资,30211.0,4.63,4.63,0.0,3939641507.0,0.95,48.056,0.917,1.08
SH601609,金田股份,30167.0,11.72,11.32,3.53,20259639622.0,2.72,24.667,1.986,1.16
SH601128,常熟银行,30094.0,6.26,6.16,1.62,22837602067.0,1.28,5.157,0.681,3.818
SH603227,雪峰科技,30060.0,7.42,7.35,0.95,7951959752.0,0.38,15.106,1.508,2.022
SH600727,鲁北化工,29936.0,7.49,7.43,0.81,3959087681.0,1.39,30.065,1.183,0.668
SH600648,外高桥,29932.0,9.66,9.47,2.01,13136752026.0,0.51,13.934,0.843,3.623
SH688366,昊海生科,29916.0,30.38,30.1,0.93,6951922084.0,0.29,45.565,1.311,2.808
SH603066,音飞储存,29855.0,9.28,9.32,-0.43,2729991087.0,0.98,24.54,1.785,0.366
SH603119,浙江荣泰,29854.0,52.6,52.26,0.65,24872434317.0,1.82,81.517,11.852,0.337
SH688082,盛美上海,29850.0,294.28,303.44,-3.02,142804170884.0,1.34,84.544,9.723,0.209
SH603368,柳药集团,29849.0,15.18,15.03,1.0,6029668369.0,0.82,9.286,0.765,4.374
SH600007,中国国贸,29828.0,20.5,20.35,0.74,20649291947.0,0.27,17.159,2.22,5.22
SH603628,清源股份,29820.0,10.2,10.32,-1.16,2780919055.0,1.41,-335.527,2.117,0.422
SH600807,济高发展,29759.0,2.68,2.68,0.0,2370821079.0,1.69,-10.901,8.69,
SH688385,复旦微电,29752.0,56.18,57.52,-2.33,46276547465.0,1.5,52.12,6.626,0.103
SH600997,开滦股份,29702.0,5.22,5.18,0.77,8288315222.0,0.6,-15.602,0.615,0.383
SH603721,中广天择,29666.0,18.45,18.45,0.0,2398500000.0,3.64,89.253,5.052,0.434
SH605179,一鸣食品,29640.0,23.56,23.47,0.38,9447560000.0,3.56,162.924,8.151,0.289
SH688561,奇安信-U,29638.0,29.9,29.86,0.13,20399356478.0,2.21,-21.966,2.898,
SH600081,东风科技,29622.0,11.89,10.81,9.99,6575481161.0,3.0,100.974,1.408,0.093
SH688630,芯碁微装,29611.0,388.68,397.17,-2.14,56943608487.0,1.56,132.64,10.701,0.162
SH688536,思瑞浦,29608.0,327.0,337.5,-3.11,45150682941.0,1.55,108.78,6.82,0.047
SH600973,宝胜股份,29602.0,5.71,5.71,0.0,7830501276.0,0.44,371.233,2.185,
SH603713,密尔克卫,29597.0,67.86,66.65,1.82,11810934060.0,1.27,18.005,2.214,1.34
SH600191,华资实业,29564.0,8.85,8.74,1.26,4291648200.0,0.85,47.273,2.502,0.26
SH601599,浙文影业,29556.0,3.25,3.27,-0.61,3771762972.0,1.1,35.289,2.354,
SH603708,家家悦,29548.0,8.99,8.9,1.01,5738664688.0,0.52,28.142,2.35,3.348
SH603268,松发股份,29545.0,213.66,214.02,-0.17,217659061614.0,1.65,38.756,10.882,
SH688183,生益电子,29474.0,108.0,110.5,-2.26,92908195236.0,0.94,45.247,10.287,0.531
SH600239,ST云城,29433.0,1.44,1.43,0.7,2312189149.0,1.47,-12.907,2.1,
SH603103,横店影视,29423.0,15.82,16.13,-1.92,10033044000.0,0.58,-95.948,8.528,0.885
SH688187,时代电气,29376.0,44.6,44.27,0.75,59349372175.0,0.19,14.345,1.417,2.556
SH688298,东方生物,29359.0,19.37,18.92,2.38,3904992000.0,1.03,-6.172,0.679,
SH603398,*ST沐邦,29353.0,8.38,8.32,0.72,3633915971.0,0.79,-4.39,-48.608,
SH600180,*ST瑞茂,29346.0,1.49,1.5,-0.67,1619074921.0,1.45,-0.381,0.466,
SH688029,南微医学,29327.0,86.76,84.05,3.22,16297642333.0,1.58,31.933,3.892,1.717
SH688025,杰普特,29283.0,419.45,414.0,1.32,39868480477.0,2.64,105.196,15.618,0.212
SH603843,*ST正平,29276.0,6.34,6.18,2.59,4435611323.0,1.37,-21.732,-43.276,
SH600834,XD申通地,29243.0,7.65,7.69,-0.52,3651971573.0,0.29,61.866,2.083,0.562
SH601965,中国汽研,29239.0,13.57,13.03,4.14,13605938612.0,1.17,12.641,1.695,1.769
SH688088,虹软科技,29159.0,28.72,29.12,-1.37,11521613888.0,0.61,46.644,4.205,0.763
SH600684,珠江股份,29114.0,3.64,3.66,-0.55,4026110390.0,3.15,58.987,3.145,
SH600505,西昌电力,29064.0,10.43,10.29,1.36,3802439025.0,1.5,249.481,3.094,0.24
SH600575,淮河能源,29024.0,3.16,3.13,0.96,22647063257.0,0.69,16.269,1.07,6.013
SH601156,东航物流,28997.0,18.39,18.06,1.83,29195146675.0,0.55,10.362,1.462,3.681
SH688166,博瑞医药,28996.0,35.81,34.36,4.22,15605818628.0,2.96,162.097,5.113,0.045
SH603088,宁波精达,28976.0,9.9,9.96,-0.6,4973640863.0,1.29,47.355,4.496,1.717
SH600429,三元股份,28966.0,4.85,4.75,2.11,7263153516.0,1.2,-32.5,1.49,0.763
SH600234,科新发展,28950.0,19.19,19.63,-2.24,5037777472.0,0.65,-126.819,11.143,
SH600543,*ST莫高,28913.0,4.07,4.07,0.0,1306958400.0,0.4,-12.558,1.94,
SH688608,恒玄科技,28901.0,109.61,108.75,0.79,25965079612.0,1.9,56.41,3.691,0.912
SH600785,新华百货,28857.0,10.65,10.28,3.6,3364162385.0,6.3,58.947,1.469,0.667
SH600790,轻纺城,28742.0,3.68,3.65,0.82,5394110615.0,3.12,27.44,0.957,3.016
SH605006,山东玻纤,28736.0,14.58,14.64,-0.41,9529507012.0,2.74,1348.273,3.044,
SH688567,孚能科技,28719.0,9.2,9.09,1.21,11243355742.0,1.06,-11.46,1.264,
SH600714,金瑞矿业,28718.0,17.15,17.49,-1.94,4942223082.0,4.08,444.3,6.412,0.117
SH603767,中马传动,28666.0,14.83,15.35,-3.39,4577005145.0,5.51,-1055.378,3.332,
SH688388,嘉元科技,28660.0,27.05,28.1,-3.74,17850492654.0,3.38,44.348,2.138,0.115
SH603989,艾华集团,28629.0,27.01,28.0,-3.54,10771044019.0,3.67,37.149,2.711,0.74
SH688099,晶晨股份,28616.0,96.8,90.32,7.17,40977375516.0,4.21,41.508,5.14,0.205
SH603015,弘讯科技,28608.0,10.3,10.43,-1.25,4163455700.0,0.62,104.568,3.007,0.777
SH603998,方盛制药,28580.0,10.36,10.26,0.97,4548882890.0,1.54,13.587,2.56,3.378
SH601828,美凯龙,28569.0,2.23,2.19,1.83,9708723957.0,2.19,-0.446,0.432,
SH600148,长春一东,28563.0,15.8,15.92,-0.75,2235959910.0,0.79,111.089,4.624,0.253
SH603987,康德莱,28539.0,7.59,7.47,1.61,3315242779.0,0.81,14.569,1.172,2.24
SH600192,长城电工,28492.0,7.19,7.25,-0.83,3176168120.0,1.75,-8.538,4.697,
SH603229,奥翔药业,28490.0,8.26,8.14,1.47,6858254418.0,0.96,84.602,2.871,0.775
SH688106,金宏气体,28488.0,24.65,25.25,-2.38,13220433238.0,1.81,112.403,3.313,1.002
SH603158,腾龙股份,28458.0,10.22,10.29,-0.68,5015670913.0,1.58,66.483,2.195,0.577
SH600981,苏豪汇鸿,28405.0,2.42,2.41,0.41,5426688325.0,0.69,-16.993,1.132,0.413
SH601375,中原证券,28334.0,3.94,3.94,0.0,18292965718.0,0.52,29.754,1.243,0.863
SH688598,金博股份,28328.0,32.18,33.44,-3.77,6679702873.0,4.19,-5.322,1.754,
SH603029,天鹅股份,28286.0,16.65,16.76,-0.66,2020344300.0,1.47,26.6,2.126,1.111
SH688202,美迪西,28239.0,107.64,103.96,3.54,14461669086.0,6.01,-139.96,7.221,
SH600822,上海物贸,28208.0,8.92,9.18,-2.83,4424078393.0,1.85,178.95,3.554,
SH605338,巴比食品,28166.0,17.97,17.59,2.16,4305012916.0,0.77,15.596,1.971,6.678
SH600918,中泰证券,28157.0,5.42,5.39,0.56,42917408198.0,0.4,17.334,0.954,0.923
SH601515,衢州东峰,28141.0,3.18,3.19,-0.31,6119816734.0,0.62,-13.8,1.272,
SH603583,捷昌驱动,28115.0,27.65,27.92,-0.97,10687332056.0,0.75,30.072,2.25,1.118
SH603825,ST华扬,28033.0,7.61,7.58,0.4,1927891161.0,0.47,-3.398,-28.481,
SH603319,美湖股份,28029.0,28.0,28.4,-1.41,9496190984.0,2.48,164.865,3.843,0.393
SH600901,江苏金租,28016.0,6.94,6.85,1.31,40195553031.0,0.34,11.873,1.56,2.45
SH603600,永艺股份,27932.0,10.08,10.26,-1.75,3330766354.0,1.41,14.049,1.453,4.96
SH600653,申华控股,27840.0,1.68,1.71,-1.75,3269918933.0,2.42,-23.767,5.196,
SH603609,禾丰股份,27775.0,6.34,6.26,1.28,5731466087.0,0.26,-30.32,0.906,
SH605011,杭州热电,27705.0,19.21,17.46,10.02,7685921000.0,3.06,44.72,3.09,0.781
SH603507,振江股份,27685.0,27.71,27.6,0.4,6620860974.0,5.11,26.964,2.538,0.834
SH600379,宝光股份,27672.0,13.94,14.18,-1.69,4603009802.0,1.93,87.21,5.697,0.459
SH600368,五洲交通,27668.0,4.11,4.12,-0.24,6615677356.0,0.6,11.939,0.906,3.382
SH603520,司太立,27661.0,8.75,8.39,4.29,3836086459.0,2.81,182.48,1.548,3.429
SH603258,电魂网络,27622.0,14.03,14.19,-1.13,3405989443.0,1.83,-12.923,1.786,
SH603890,春秋电子,27622.0,14.97,14.91,0.4,7545123532.0,3.15,28.622,2.092,1.182
SH688578,艾力斯,27544.0,111.58,106.25,5.02,50211000000.0,2.13,18.745,5.934,1.075
SH601136,首创证券,27468.0,13.89,13.95,-0.43,37966006482.0,0.24,30.671,2.742,1.21
SH603897,长城科技,27455.0,29.58,29.01,1.96,6106367444.0,2.91,19.086,2.569,4.733
SH688321,微芯生物,27449.0,25.22,24.92,1.2,11170988211.0,1.82,120.445,4.604,0.23
SH601886,江河集团,27426.0,13.09,12.8,2.27,14830996965.0,1.09,20.518,2.05,4.584
SH600179,安通控股,27364.0,4.35,4.35,0.0,18407142359.0,0.45,14.964,1.472,
SH600609,金杯汽车,27279.0,3.62,3.59,0.84,4722501980.0,3.88,20.991,2.769,0.912
SH688300,联瑞新材,27274.0,144.3,148.68,-2.95,34844004117.0,2.57,114.991,20.105,0.347
SH600654,中安科,27258.0,3.02,3.05,-0.98,8593137176.0,1.55,86.906,4.569,
SH600222,太龙药业,27232.0,7.89,7.87,0.25,4413375514.0,1.82,83.774,2.807,0.177
SH601226,华电科工,27175.0,6.51,6.51,0.0,7566076287.0,0.53,42.265,1.711,0.737
SH600523,贵航股份,27125.0,11.83,11.81,0.17,4783002916.0,0.47,22.953,1.469,1.217
SH600906,财达证券,27125.0,6.29,6.27,0.32,20411050000.0,0.59,17.924,1.6,1.908
SH603711,香飘飘,27089.0,11.64,11.65,-0.09,4805854524.0,0.53,23.617,1.385,0.601
SH603528,多伦科技,27078.0,6.33,6.48,-2.31,4468537729.0,1.04,-73.692,2.398,
SH600791,京能置业,27077.0,6.94,7.1,-2.25,3142987200.0,4.63,-2.804,-4.506,
SH603969,银龙股份,27025.0,7.2,7.19,0.14,6275043360.0,0.61,14.428,2.077,0.972
SH603032,德新科技,26990.0,17.77,17.65,0.68,4140967978.0,2.16,56.276,3.491,0.242
SH603530,神马电力,26970.0,41.22,40.9,0.78,17782488420.0,0.64,36.575,9.803,0.825
SH603515,XD欧普照,26956.0,14.87,14.52,2.41,11037699868.0,0.23,13.699,1.664,6.369
SH600106,重庆路桥,26950.0,4.51,4.45,1.35,5993903030.0,0.76,103.123,1.134,0.576
SH600527,江南高纤,26937.0,2.17,2.16,0.46,3757921157.0,1.37,155.04,1.848,1.382
SH603871,嘉友国际,26920.0,12.0,11.82,1.52,16416103896.0,0.36,12.517,2.622,3.975
SH603007,顺景科技,26883.0,4.47,4.48,-0.22,3953474071.0,1.8,-26.848,13.67,
SH600113,浙江东日,26873.0,27.99,27.86,0.47,11515958168.0,0.53,96.295,4.625,0.582
SH688559,海目星,26819.0,48.8,49.75,-1.91,12090641347.0,4.52,-101.406,4.883,
SH603559,中通国脉,26802.0,8.57,8.81,-2.72,3438943710.0,1.59,-30.919,4.375,
SH603707,健友股份,26686.0,8.19,7.89,3.8,13232181854.0,1.11,27.406,1.907,1.221
SH600250,南京商旅,26599.0,8.75,8.82,-0.79,2736924785.0,1.75,372.915,4.369,
SH600962,国投中鲁,26538.0,26.03,25.24,3.13,6825326300.0,1.55,386.431,7.251,
SH688076,ST诺泰,26501.0,29.76,29.35,1.4,9428442999.0,0.83,39.712,3.043,1.173
SH600643,爱建集团,26437.0,4.1,4.07,0.74,6532000190.0,1.03,-3.209,0.664,
SH688662,富信科技,26369.0,110.5,114.09,-3.15,12674973662.0,10.06,308.1,17.636,0.279
SH600212,绿能慧充,26305.0,5.63,5.71,-1.4,3964365699.0,0.91,-410.9,6.905,
SH600593,大连圣亚,26301.0,48.12,48.05,0.15,6277013400.0,9.49,105.727,29.774,
SH603225,新凤鸣,26253.0,16.72,16.65,0.42,28047461922.0,0.44,16.036,1.288,1.178
SH603052,可川科技,26249.0,51.02,52.96,-3.66,9586519328.0,1.56,-254.072,9.148,
SH603789,ST星农,26168.0,5.84,5.9,-1.02,1548853264.0,0.64,-11.327,26.679,
SH603042,华脉科技,26085.0,16.66,16.55,0.66,3478054755.0,19.12,-153.943,4.081,0.072
SH603898,好莱客,26059.0,11.86,11.54,2.77,3560721657.0,1.05,-80.395,1.237,0.363
SH600897,厦门空港,26052.0,15.1,15.02,0.53,6295703400.0,0.86,12.898,1.528,2.517
SH603518,锦泓集团,25969.0,7.79,7.84,-0.64,2680336335.0,1.24,10.367,0.707,2.58
SH603060,国检集团,25957.0,5.53,5.53,0.0,4445921224.0,0.98,47.819,2.251,1.212
SH600968,海油发展,25864.0,3.92,3.91,0.26,39847208460.0,0.19,10.157,1.336,3.75
SH688507,索辰科技,25824.0,133.15,134.63,-1.1,11864834590.0,4.28,-8155.335,4.374,0.212
SH603327,福蓉科技,25823.0,8.0,8.0,0.0,8363674880.0,0.79,57.658,3.467,1.375
SH600162,香江控股,25771.0,4.26,4.32,-1.39,13923546400.0,2.11,-163.545,2.429,0.117
SH600818,ST中路,25724.0,9.31,9.17,1.53,2992680042.0,1.77,-46.733,5.97,
SH600929,雪天盐业,25695.0,5.96,5.99,-0.5,9775075006.0,1.15,141.734,1.278,0.252
SH603776,永安行,25672.0,20.83,21.07,-1.14,5848242715.0,0.55,-32.955,1.714,
SH600844,金煤科技,25582.0,3.23,3.21,0.62,3283373295.0,2.28,-43.1,41.463,
SH605123,派克新材,25579.0,76.4,77.46,-1.37,9257456149.0,0.57,33.556,1.953,1.021
SH600400,红豆股份,25488.0,3.29,3.31,-0.6,7538613393.0,1.46,-17.932,5.866,
SH688499,利元亨,25452.0,42.19,41.54,1.56,7118655837.0,9.1,124.788,3.008,
SH688143,长盈通,25447.0,174.67,180.23,-3.08,22494142685.0,9.29,2287.578,16.475,0.028
SH600802,福建水泥,25419.0,7.24,6.94,4.32,3317718416.0,24.29,-15.303,3.964,
SH603189,*ST网达,25412.0,9.27,9.4,-1.38,2498713195.0,0.49,-215.131,1.743,1.068
SH688205,德科立,25392.0,209.0,207.19,0.87,33280634992.0,5.34,234.837,13.565,0.048
SH600681,百川能源,25370.0,3.52,3.48,1.15,4719808931.0,1.48,21.631,1.298,3.693
SH605305,中际联合,25352.0,30.33,30.24,0.3,6445731600.0,0.8,12.123,2.071,2.506
SH600651,飞乐音响,25328.0,4.98,4.99,-0.2,12484999515.0,0.51,369.228,4.958,
SH605199,ST葫芦娃,25314.0,5.71,5.72,-0.17,2284620974.0,0.2,-5.667,7.638,
SH688819,天能股份,25292.0,20.78,20.7,0.39,20200238000.0,0.14,20.118,1.2,2.642
SH688249,晶合集成,25288.0,32.81,34.08,-3.73,73323368360.0,0.71,118.752,2.828,
SH600136,ST明诚,25266.0,1.49,1.47,1.36,3040830637.0,0.28,-173.061,13.351,
SH688213,思特威-W,25223.0,97.88,94.01,4.12,39377787137.0,2.58,34.761,7.297,1.026
SH600800,渤海化学,25125.0,3.21,3.2,0.31,3563245143.0,1.01,-6.133,3.726,
SH600628,新世界,25026.0,6.36,6.29,1.11,4114127442.0,0.97,59.991,0.964,0.629
SH603638,艾迪精密,24970.0,19.82,19.65,0.87,17455356051.0,1.59,35.448,3.791,0.964
SH605277,新亚电子,24967.0,16.73,17.04,-1.82,6504380060.0,1.62,25.982,3.692,1.046
SH601900,南方传媒,24966.0,12.69,12.58,0.87,11192200493.0,1.15,10.493,1.27,4.413
SH603803,瑞斯康达,24920.0,11.06,11.39,-2.9,4699212140.0,5.59,-674.078,3.076,
SH603697,有友食品,24889.0,9.6,9.49,1.16,4105844141.0,1.21,20.406,2.263,4.792
SH603439,三力制药,24855.0,13.18,13.46,-2.08,5322614047.0,2.48,14223.409,3.673,0.448
SH600758,辽宁能源,24845.0,3.75,3.77,-0.53,4957565228.0,4.83,-6.629,0.991,
SH601702,华峰铝业,24824.0,14.88,14.84,0.27,14858135328.0,0.31,12.499,2.219,2.016
SH605133,嵘泰股份,24763.0,24.01,24.35,-1.4,6849456400.0,1.49,37.862,1.789,0.866
SH600448,华纺股份,24731.0,3.1,3.11,-0.32,1952440952.0,10.51,-7.233,2.179,
SH600892,大晟文化,24711.0,4.1,4.16,-1.44,2293803171.0,3.89,-26.585,-168.724,
SH600365,ST通葡,24691.0,2.86,2.86,0.0,1298239800.0,0.16,-14.33,6.378,
SH605077,华康股份,24633.0,11.53,11.31,1.95,3490174560.0,2.3,32.15,1.172,2.602
SH605136,丽人丽妆,24570.0,8.66,8.98,-3.56,3467970610.0,5.47,-140.354,1.43,0.289
SH600217,中再资环,24512.0,3.27,3.26,0.31,5420527511.0,0.37,-21.663,1.906,
SH600135,乐凯胶片,24487.0,7.44,7.54,-1.33,4116604817.0,0.98,-52.645,1.753,
SH600676,久事动娱,24469.0,6.6,6.65,-0.75,6788053430.0,0.82,-32.76,1.39,
SH603050,科林电气,24432.0,16.35,16.45,-0.61,6594268806.0,0.74,30.995,3.446,1.211
SH603111,康尼机电,24386.0,6.13,6.15,-0.33,5284248019.0,0.29,14.419,1.329,7.227
SH603718,*ST海利,24308.0,3.09,3.09,0.0,2005347273.0,0.43,-6.302,2.256,
SH600865,百大集团,24302.0,10.43,10.43,0.0,3924186496.0,3.42,-107.441,1.71,
SH688356,键凯科技,24301.0,106.41,95.79,11.09,6453840987.0,13.46,151.623,4.967,0.29
SH601107,四川成渝,24283.0,6.09,6.04,0.83,18623585400.0,0.41,12.17,1.103,4.877
SH688400,凌云光,24268.0,41.57,42.51,-2.21,19776912743.0,1.18,27.402,2.538,0.202
SH688305,科德数控,24259.0,54.4,54.9,-0.91,7211188003.0,0.76,96.907,3.795,0.388
SH600930,华电新能,24237.0,3.88,3.82,1.57,161851428570.0,0.83,33.286,1.459,0.773
SH600743,华远控股,24204.0,2.35,2.4,-2.08,5513337054.0,7.8,-52.753,10.164,
SH600960,渤海汽车,24203.0,3.9,3.89,0.26,6318912491.0,1.02,-46.051,1.144,
SH600692,亚通股份,24191.0,6.72,6.73,-0.15,2363854510.0,3.96,54.102,2.392,
SH603028,赛福天,24137.0,7.16,7.26,-1.38,2055206400.0,0.84,-25.56,4.675,
SH688568,中科星图,24058.0,29.19,29.17,0.07,23587823441.0,0.6,-64.206,6.824,0.041
SH603266,天龙股份,24049.0,19.57,19.29,1.45,3892213698.0,4.74,41.034,2.388,0.613
SH688222,成都先导,24036.0,44.69,43.68,2.31,17928408410.0,6.93,127.933,11.736,0.291
SH603901,永创智能,24033.0,9.28,9.32,-0.43,5351688740.0,0.76,26.447,1.491,1.185
SH600261,阳光照明,23997.0,3.29,3.27,0.61,4392324258.0,0.95,31.061,1.294,3.951
SH688472,阿特斯,23955.0,8.42,8.33,1.08,30675239743.0,0.67,52.493,1.35,1.152
SH688102,斯瑞新材,23949.0,28.73,29.14,-1.41,22440284951.0,0.79,132.844,10.864,0.278
SH601368,绿城水务,23936.0,4.59,4.63,-0.86,4052846423.0,0.36,33.032,0.838,0.763
SH600617,国新能源,23887.0,3.4,3.27,3.98,6559252038.0,2.08,-26.092,2.06,
SH601968,宝钢包装,23759.0,4.5,4.47,0.67,5741007570.0,0.48,25.053,1.26,2.956
SH603982,泉峰汽车,23733.0,6.77,6.48,4.48,2471923296.0,10.08,-7.177,1.216,
SH605255,天普股份,23711.0,58.87,56.2,4.75,7893289600.0,0.77,15099.268,9.897,0.042
SH600980,北矿科技,23657.0,18.75,18.78,-0.16,3623691113.0,0.76,26.162,2.364,1.04
SH601811,新华文轩,23653.0,21.12,20.37,3.68,26058721920.0,7.26,19.071,1.701,2.794
SH600708,光明地产,23640.0,3.12,3.12,0.0,6953346638.0,2.26,-1.874,1.211,
SH688188,柏楚电子,23611.0,97.97,95.0,3.13,39732452894.0,0.64,31.544,6.267,2.0
SH603179,新泉股份,23589.0,40.48,40.22,0.65,29759222152.0,2.18,36.874,3.802,0.514
SH600117,西宁特钢,23545.0,2.17,2.16,0.46,7063599240.0,0.21,-7.233,2.042,
SH600475,华光环能,23480.0,13.97,14.3,-2.31,13284805098.0,0.58,34.596,1.555,2.491
SH600226,亨通股份,23458.0,5.15,5.32,-3.2,15318063304.0,2.03,92.503,4.107,
SH600979,广安爱众,23430.0,3.88,3.89,-0.26,4855427926.0,0.97,-13.413,1.157,
SH605399,晨光新材,23358.0,11.63,11.73,-0.85,3621248266.0,1.44,-28.05,1.778,
SH600408,安泰集团,23318.0,3.13,3.04,2.96,3151284000.0,4.23,-11.222,2.782,
SH688361,中科飞测,23298.0,349.09,354.72,-1.59,122897717829.0,1.51,-2436.958,24.182,
SH603355,莱克电气,23256.0,30.31,30.42,-0.36,17379659493.0,0.38,28.801,2.959,
SH601798,蓝科高新,23255.0,7.68,7.68,0.0,2722776561.0,1.09,33.725,2.04,
SH688003,天准科技,23224.0,71.9,74.46,-3.44,14004848520.0,1.35,74.177,6.875,0.69
SH600107,*ST尔雅,23196.0,5.62,5.64,-0.35,2023200000.0,0.13,-25.373,5.199,
SH603703,盛洋科技,23180.0,9.76,9.88,-1.21,4050225491.0,1.67,-81.352,5.02,
SH603808,歌力思,23140.0,8.83,8.81,0.23,3211764447.0,0.76,17.811,1.221,2.061
SH603188,亚邦股份,23084.0,5.4,4.91,9.98,3078918000.0,5.76,-64.814,4.392,
SH600814,杭州解百,23076.0,6.93,6.87,0.87,5094094684.0,0.84,22.546,1.331,1.818
SH600828,茂业商业,22978.0,4.33,4.28,1.17,7499484424.0,0.72,-15.994,1.144,
SH688668,XD鼎通科,22977.0,206.41,210.19,-1.8,28746845784.0,2.35,93.065,13.695,0.339
SH600933,爱柯迪,22941.0,13.27,13.3,-0.23,13668357557.0,0.91,12.705,1.42,2.999
SH603536,惠发食品,22933.0,10.19,10.02,1.7,2451023729.0,2.22,-68.224,6.986,
SH603566,普莱柯,22922.0,10.24,10.22,0.2,3543677676.0,0.6,24.249,1.392,3.857
SH601200,上海环境,22885.0,6.8,6.77,0.44,9154365707.0,0.34,15.958,0.776,1.985
SH688596,正帆科技,22874.0,57.93,59.94,-3.35,18402650153.0,2.97,-2320.02,5.142,0.161
SH600917,重庆燃气,22837.0,4.84,4.79,1.04,7555432438.0,0.28,41.92,1.301,1.054
SH688220,翱捷科技-U,22799.0,90.22,93.54,-3.55,37739106206.0,1.4,-622.376,6.458,
SH600769,祥龙电业,22763.0,14.82,14.56,1.79,5557162104.0,3.08,397.373,42.331,
SH600333,长春燃气,22736.0,6.82,6.73,1.34,4153589265.0,1.89,170.161,2.189,
SH600491,ST龙元,22707.0,1.57,1.55,1.29,2401719989.0,2.2,-0.694,0.383,
SH605488,福莱新材,22690.0,29.42,29.98,-1.87,8825741075.0,2.51,112.69,3.943,0.513
SH600512,腾达建设,22677.0,2.09,2.09,0.0,3317676791.0,1.59,419.508,0.537,0.478
SH603669,灵康药业,22673.0,6.33,6.01,5.32,4509235451.0,5.04,-33.061,7.762,
SH600262,北方股份,22622.0,14.52,14.53,-0.07,3455760000.0,0.89,13.676,1.849,1.873
SH603556,海兴电力,22484.0,22.45,22.28,0.76,10916630617.0,0.36,16.432,1.603,3.528
SH603997,继峰股份,22466.0,13.65,13.65,0.0,17366415394.0,1.16,26.124,3.158,0.784
SH605366,宏柏新材,22463.0,10.41,9.75,6.77,8045136357.0,11.67,-53.755,3.005,
SH603187,海容冷链,22419.0,10.7,10.63,0.66,4134453689.0,0.48,12.733,0.974,5.14
SH601665,齐鲁银行,22406.0,7.13,6.94,2.74,43876897203.0,0.76,7.131,0.844,3.492
SH603416,信捷电气,22281.0,46.01,46.18,-0.37,7222454396.0,0.71,25.603,2.685,2.063
SH603739,蔚蓝生物,22239.0,14.04,12.76,10.03,3552525279.0,3.64,43.508,1.978,0.712
SH600493,凤竹纺织,22165.0,6.51,6.57,-0.91,1770720000.0,2.11,195.513,1.584,0.276
SH601177,杭齿前进,22160.0,13.85,13.64,1.54,5646831975.0,1.39,19.823,1.886,0.505
SH600626,申达股份,22158.0,3.77,3.75,0.53,4979207395.0,0.93,52.449,1.551,0.265
SH603869,ST智知,22112.0,8.6,8.62,-0.23,4202149097.0,0.09,140.967,1.131,0.279
SH600248,陕建股份,22080.0,2.89,2.82,2.48,10733255637.0,0.49,-17.838,0.388,0.692
SH603045,福达合金,22024.0,46.03,47.16,-2.4,6234540485.0,2.57,15.856,4.579,0.322
SH600697,欧亚集团,21908.0,11.43,11.36,0.62,1818376697.0,3.15,-35.466,0.809,0.875
SH605388,均瑶健康,21903.0,7.39,6.72,9.97,4437576760.0,1.92,-22.972,2.896,
SH688318,财富趋势,21893.0,74.56,76.9,-3.04,26734774906.0,1.09,88.969,6.98,0.363
SH603037,凯众股份,21852.0,10.36,10.44,-0.77,2761335307.0,3.51,41.593,2.871,1.931
SH688700,东威科技,21834.0,60.36,61.32,-1.57,18011506090.0,2.6,101.442,9.293,0.613
SH603357,设计总院,21825.0,6.01,5.97,0.67,3368864951.0,0.41,21.204,0.867,2.163
SH603113,金能科技,21798.0,4.94,4.87,1.44,4191543643.0,1.3,-7.067,0.556,0.972
SH603020,爱普股份,21785.0,12.48,12.11,3.06,4687959420.0,4.43,74.11,1.451,0.801
SH688007,光峰科技,21771.0,10.54,10.66,-1.13,4844348793.0,1.0,-20.617,2.054,
SH600533,栖霞建设,21752.0,2.29,2.29,0.0,2404500000.0,2.5,-0.947,3.376,
SH603100,川仪股份,21732.0,18.29,18.29,0.0,9385937389.0,1.1,15.6,1.934,2.788
SH600293,三峡新材,21688.0,3.93,3.93,0.0,4559370031.0,,-54.414,2.763,
SH688139,海尔生物,21661.0,35.85,35.19,1.88,11346271254.0,1.44,44.424,2.566,0.909
SH600829,人民同泰,21648.0,9.43,9.33,1.07,5468349470.0,1.19,38.439,1.766,
SH688556,高测股份,21616.0,7.47,7.55,-1.06,6205881287.0,1.49,-14.043,1.8,
SH600983,惠而浦,21598.0,7.54,7.46,1.07,5778950060.0,0.19,12.006,2.187,8.886
SH688595,芯海科技,21591.0,29.82,30.69,-2.83,4340902648.0,1.27,-41.352,6.571,
SH603668,天马科技,21589.0,11.85,12.03,-1.5,5993691274.0,0.91,-26.367,2.822,
SH603558,健盛集团,21571.0,12.88,13.1,-1.68,4413178071.0,0.85,10.079,1.971,4.814
SH600716,凤凰股份,21567.0,3.79,3.79,0.0,3547669636.0,0.77,-5.1,0.87,
SH600281,华阳新材,21561.0,4.62,4.71,-1.91,2376537356.0,2.51,-27.646,40.562,
SH603999,XD读者传,21520.0,6.78,6.64,2.11,3905280000.0,4.8,49.283,1.861,0.885
SH603809,豪能股份,21510.0,8.47,8.49,-0.24,7794846195.0,0.53,27.722,2.095,1.771
SH600530,ST交昂,21445.0,3.76,3.79,-0.79,2913699200.0,0.28,-228.9,9.393,
SH603838,*ST四通,21432.0,12.56,12.45,0.88,4019400960.0,0.38,-44.289,4.648,
SH600689,上海三毛,21373.0,11.92,12.02,-0.83,2395816809.0,1.49,184.998,4.999,0.151
SH601163,三角轮胎,21293.0,12.24,12.17,0.58,9792000000.0,0.23,11.293,0.701,4.248
SH688114,华大智造,21233.0,71.9,71.59,0.43,29947511545.0,2.62,-141.693,4.255,
SH603848,好太太,21183.0,13.22,13.22,0.0,5319814075.0,0.34,24.26,2.057,1.513
SH600894,广日股份,21174.0,7.65,7.66,-0.13,6481127652.0,0.73,10.842,0.75,6.562
SH600620,天宸股份,21170.0,4.36,4.35,0.23,2993912213.0,0.88,271.064,2.13,0.229
SH603030,全筑股份,21108.0,2.08,2.09,-0.48,2739221722.0,2.01,-12.235,3.939,
SH603968,醋化股份,21098.0,11.5,11.15,3.14,2351520000.0,8.12,-34.924,1.331,
SH603489,八方股份,21073.0,28.48,28.99,-1.76,6681920042.0,0.72,37.556,2.39,0.527
SH600463,空港股份,20994.0,8.37,8.41,-0.48,2511000000.0,1.91,-30.278,2.962,
SH688519,南亚新材,20993.0,272.65,276.14,-1.26,64121947511.0,1.69,104.399,19.587,0.114
SH688108,赛诺医疗,20978.0,14.87,14.65,1.5,6214946240.0,1.42,74.189,6.232,
SH688516,奥特维,20960.0,41.93,42.47,-1.27,13197906004.0,1.41,30.344,3.634,2.626
SH605099,共创草坪,20957.0,27.97,27.77,0.72,11262476726.0,0.18,16.048,3.56,2.964
SH600228,返利科技,20908.0,10.12,10.18,-0.59,4216724961.0,7.38,-72.238,11.462,
SH688131,皓元医药,20810.0,99.47,97.6,1.92,21210397519.0,2.63,81.816,6.587,0.241
SH688609,九联科技,20790.0,8.82,8.93,-1.23,4603624560.0,1.91,-87.7,4.677,
SH688006,杭可科技,20782.0,20.35,20.29,0.3,12284728293.0,1.16,51.055,2.257,1.145
SH600854,春兰股份,20748.0,4.75,4.78,-0.63,2467428056.0,1.14,23.021,1.002,2.526
SH605333,沪光股份,20745.0,16.57,16.3,1.66,7689149527.0,0.35,29.759,2.301,1.207
SH603933,睿能科技,20743.0,18.31,18.82,-2.71,3800141168.0,0.91,58.395,2.81,0.328
SH688582,芯动联科,20743.0,35.92,36.72,-2.18,14430466892.0,0.66,77.765,5.696,0.412
SH600780,通宝能源,20739.0,6.13,6.1,0.49,7028060466.0,0.62,9.685,0.819,2.936
SH688165,埃夫特-U,20686.0,14.91,15.0,-0.6,7779739800.0,1.3,-19.338,6.685,
SH603916,苏博特,20684.0,10.47,10.43,0.38,4400831972.0,0.99,33.399,1.05,1.165
SH603018,华设集团,20683.0,5.2,5.2,0.0,4259568180.0,0.58,15.238,0.792,2.75
SH601339,百隆东方,20674.0,7.25,7.2,0.69,10871875250.0,0.35,13.168,1.18,5.931
SH601999,出版传媒,20658.0,6.81,6.96,-2.16,3751729107.0,4.69,39.991,1.402,0.881
SH603818,曲美家居,20578.0,4.05,4.0,1.25,2780502613.0,3.16,-15.872,1.455,
SH688032,禾迈股份,20562.0,67.57,67.24,0.49,8383649436.0,0.37,-24.557,1.528,
SH601059,信达证券,20538.0,15.56,15.56,0.0,50461080000.0,,25.655,2.347,0.257
SH601616,广电电气,20518.0,3.75,3.78,-0.79,3201282446.0,0.75,-48.952,1.374,
SH600833,第一医药,20478.0,10.48,10.56,-0.76,2337944917.0,1.75,33.45,2.086,0.744
SH688778,厦钨新能,20474.0,43.87,42.17,4.03,22140797811.0,2.08,24.303,2.328,1.365
SH600824,益民集团,20455.0,3.71,3.66,1.37,3910440441.0,1.11,-110.946,1.668,0.943
SH688066,*ST航图,20448.0,8.8,8.5,3.53,2682611862.0,3.14,-1.366,-1.598,
SH600719,大连热电,20418.0,8.72,8.18,6.6,3528108512.0,16.5,-906.944,9.82,
SH600337,ST美克,20418.0,3.82,3.7,3.24,5489332883.0,2.72,-2.181,60.539,
SH600322,津投城开,20410.0,2.79,2.79,0.0,3084903000.0,4.08,-3.658,40.435,
SH603286,日盈电子,20410.0,45.62,44.77,1.9,5382871271.0,4.04,-91.176,6.702,
SH603877,太平鸟,20386.0,11.91,11.75,1.36,5596566204.0,0.32,28.226,1.279,2.519
SH603191,望变电气,20375.0,13.12,13.12,0.0,4584886546.0,1.01,136.099,1.687,0.358
SH600159,大龙地产,20347.0,2.81,2.83,-0.71,2332309082.0,3.39,-8.411,1.621,
SH688065,凯赛生物,20339.0,38.64,38.2,1.15,27870637640.0,0.56,44.608,1.569,1.162
SH600243,*ST海华,20327.0,3.64,3.64,0.0,1597414000.0,0.84,-17.033,2.934,
SH688696,极米科技,20277.0,84.79,81.0,4.68,5936995800.0,2.7,43.031,2.019,1.348
SH688083,中望软件,20259.0,50.11,50.5,-0.77,8500973387.0,0.64,152.078,3.261,0.698
SH688295,中复神鹰,20217.0,35.6,35.22,1.08,32040000000.0,0.3,207.491,6.728,0.093
SH603779,威龙股份,20214.0,8.07,8.04,0.37,2679907825.0,2.18,-36.903,5.555,
SH603309,维力医疗,20211.0,11.18,11.1,0.72,3263122453.0,0.81,56.997,1.835,4.472
SH605299,舒华体育,20201.0,12.2,12.3,-0.81,4973443558.0,1.18,43.077,4.082,1.639
SH600488,津药药业,20183.0,6.69,6.9,-3.04,7304721889.0,20.07,113.368,2.416,0.777
SH605588,冠石科技,20149.0,44.24,45.6,-2.98,3241707279.0,0.98,-31.134,3.517,
SH603908,牧高笛,20130.0,19.45,19.77,-1.62,1811319917.0,1.04,-37.694,3.64,
SH688208,XD道通科,20117.0,24.85,24.89,-0.16,16654132313.0,0.43,18.73,4.453,3.992
SH688506,百利天恒,20056.0,242.0,236.0,2.54,99915463714.0,0.36,-63.524,21.672,
SH600819,耀皮玻璃,19991.0,5.62,5.61,0.18,5489374750.0,0.8,65.963,1.418,0.267
SH603360,百傲化学,19991.0,12.26,12.19,0.57,8658301998.0,0.75,49.348,6.17,
SH603861,白云电器,19923.0,10.89,10.75,1.3,5886349430.0,0.78,28.071,1.471,0.909
SH600774,汉商集团,19844.0,7.97,7.96,0.13,2303395928.0,1.15,-13.365,1.577,
SH688660,电气风电,19826.0,9.04,8.76,3.2,12053333936.0,2.11,-9.63,3.337,
SH600287,苏豪时尚,19825.0,5.02,5.03,-0.2,2192716291.0,0.63,103.531,0.998,
SH605168,三人行,19782.0,50.03,49.87,0.32,10547173810.0,1.77,84.654,3.979,1.439
SH603610,麒盛科技,19776.0,13.07,13.18,-0.83,4613600486.0,2.06,163.036,1.517,1.071
SH688353,华盛锂电,19767.0,80.57,78.95,2.05,12850915000.0,1.77,42.904,3.52,0.361
SH600080,ST金花,19749.0,4.61,4.64,-0.65,1720776014.0,0.65,169.174,1.08,
SH603115,海星股份,19695.0,70.06,71.23,-1.64,17135456956.0,2.63,70.18,8.107,0.846
SH603333,福华尚纬,19668.0,8.88,8.85,0.34,6617033738.0,0.82,-1300.833,2.272,
SH688031,星环科技-U,19664.0,88.0,90.39,-2.64,11892911008.0,3.23,-55.3,14.219,
SH601187,厦门银行,19598.0,6.9,6.84,0.88,18209982427.0,0.5,6.696,0.663,1.594
SH600229,城市传媒,19590.0,5.75,5.85,-1.71,3799069758.0,1.45,-8.263,1.4,
SH600851,海欣股份,19588.0,7.93,7.9,0.38,9571959568.0,0.7,48.387,1.902,0.631
SH603811,诚意药业,19578.0,6.99,6.95,0.58,3203000076.0,0.73,18.039,2.257,3.062
SH603171,税友股份,19570.0,38.97,39.88,-2.28,15817533300.0,0.69,99.336,6.191,0.513
SH600094,大名城,19557.0,4.19,4.13,1.45,9741540689.0,2.31,81.123,0.947,
SH688136,科兴制药,19532.0,24.27,23.57,2.97,4902175950.0,6.07,23.437,2.667,1.009
SH600444,国机通用,19530.0,14.51,14.53,-0.14,2124582233.0,1.29,35.981,2.782,1.103
SH601228,广州港,19523.0,3.11,3.06,1.63,23463492502.0,0.3,28.413,1.086,1.543
SH601860,紫金银行,19520.0,2.58,2.54,1.57,9445649035.0,1.48,7.409,0.446,3.876
SH601077,渝农商行,19516.0,6.71,6.58,1.98,76205470000.0,0.76,6.049,0.545,4.784
SH600861,北京人力,19409.0,12.83,12.69,1.1,7263226172.0,0.23,9.472,1.018,8.051
SH603931,格林达,19376.0,32.42,33.4,-2.93,6469682680.0,1.58,53.005,3.027,0.771
SH603823,百合花,19376.0,42.41,42.69,-0.66,17658154327.0,6.04,96.552,7.0,0.307
SH688052,纳芯微,19318.0,236.32,240.36,-1.68,38639559971.0,0.89,-464.012,4.964,
SH603022,新通联,19308.0,9.06,9.17,-1.2,1812000000.0,1.18,30.168,2.131,1.104
SH600461,洪城环境,19285.0,8.81,8.73,0.92,11609444676.0,0.55,9.957,1.142,5.165
SH603051,鹿山新材,19214.0,24.26,24.71,-1.82,3950326057.0,2.8,-88.564,2.273,
SH603788,宁波高发,19148.0,13.64,13.66,-0.15,3042607528.0,0.43,14.795,1.49,5.865
SH603080,新疆火炬,19141.0,19.95,19.56,1.99,2822925000.0,1.19,13.235,1.755,2.607
SH600202,哈空调,19131.0,5.18,5.24,-1.15,1985704681.0,1.32,-52.828,2.516,
SH601199,江南水务,19086.0,6.3,6.44,-2.17,5891824840.0,1.39,16.669,1.257,1.905
SH600724,宁波富达,19085.0,5.01,5.0,0.2,7240657766.0,0.63,39.049,2.575,2.395
SH688808,联讯仪器,19066.0,1546.63,1496.0,3.38,235005273582.0,5.15,343.454,69.371,
SH688277,天智航-U,19065.0,15.64,15.48,1.03,7295197595.0,1.28,-37.353,6.114,
SH600841,动力新科,19040.0,5.7,5.65,0.88,7910584169.0,0.79,2.432,1.225,
SH900948,伊泰B股,18999.0,3.736,3.689,1.27,10943744434.0,0.17,10.331,1.555,7.843
SH603199,九华旅游,18996.0,31.97,32.02,-0.16,3538439600.0,0.7,15.859,2.058,2.409
SH688503,聚和材料,18991.0,69.56,72.3,-3.79,16835860207.0,2.85,110.377,3.499,0.594
SH603335,迪生力,18969.0,6.03,6.19,-2.58,2581711938.0,1.46,39.722,9.978,
SH603339,四方科技,18936.0,12.2,12.17,0.25,3775182335.0,1.2,22.028,1.354,1.27
SH600658,电子城,18923.0,4.21,4.24,-0.71,4709243039.0,2.76,-2.492,0.949,
SH600455,博通股份,18914.0,24.63,24.81,-0.73,1538340540.0,1.42,31.765,4.287,
SH688316,青云科技-U,18885.0,44.4,45.8,-3.06,2126676928.0,2.58,-35.678,68.213,
SH688372,伟测科技,18872.0,99.85,103.45,-3.48,16882520177.0,2.9,46.71,3.97,0.548
SH603058,永吉股份,18843.0,8.51,8.67,-1.85,3529042247.0,1.25,32.818,3.138,
SH600215,派斯林,18831.0,6.23,6.31,-1.27,2846380342.0,1.25,-8.359,1.172,
SH601061,中信金属,18791.0,10.55,10.52,0.29,51695000000.0,0.16,13.208,2.087,2.085
SH688127,蓝特光学,18763.0,61.05,62.24,-1.91,24780054585.0,1.12,44.447,10.377,0.491
SH600382,广东明珠,18723.0,5.64,5.57,1.26,3656508562.0,1.24,21.332,1.284,7.323
SH688617,惠泰医疗,18640.0,248.25,240.03,3.42,35134614467.0,1.2,37.666,11.38,0.396
SH603367,辰欣药业,18616.0,14.53,14.22,2.18,6578517494.0,1.91,14.41,1.031,2.588
SH603959,ST百利,18581.0,4.09,4.2,-2.62,2005322877.0,1.33,-8.635,-24.345,
SH600097,开创国际,18559.0,9.25,9.29,-0.43,2228663171.0,0.87,139.437,1.008,1.081
SH600738,丽尚国潮,18541.0,4.23,4.23,0.0,3220448048.0,0.99,17.159,1.51,2.53
SH600579,中化装备,18541.0,7.03,7.02,0.14,3470013336.0,0.45,-20.972,2.307,
SH688399,硕世生物,18501.0,27.54,26.78,2.84,3418544248.0,1.31,-134.026,1.161,
SH601577,XD长沙银,18473.0,9.71,9.48,2.43,39049286951.0,0.54,4.69,0.514,4.634
SH688023,安恒信息,18431.0,46.27,47.47,-2.53,4727643867.0,4.3,-119.404,2.199,
SH603630,拉芳家化,18388.0,15.35,15.57,-1.41,3456890303.0,7.36,-10352.236,1.816,0.45
SH688469,芯联集成-U,18386.0,8.86,9.0,-1.56,74270608344.0,2.37,-507.94,5.563,
SH688425,铁建重工,18344.0,3.95,3.93,0.51,21067313150.0,0.21,16.824,1.13,2.127
SH600173,卧龙新能,18338.0,5.96,5.93,0.51,4175017214.0,1.12,-16.463,1.166,
SH603031,安孚科技,18315.0,36.67,36.57,0.27,13708930987.0,2.14,43.397,4.76,0.226
SH688039,当虹科技,18293.0,34.86,34.78,0.23,3855565641.0,4.2,-32.892,3.745,
SH603165,荣晟环保,18288.0,13.34,13.21,0.98,4171796563.0,1.04,13.946,1.695,12.744
SH601188,龙江交通,18248.0,2.88,2.87,0.35,3759753355.0,0.64,23.739,0.821,1.806
SH603607,京华激光,18243.0,23.15,23.13,0.09,4132663920.0,2.0,38.732,4.124,2.16
SH688502,茂莱光学,18157.0,404.0,414.57,-2.55,21331544208.0,1.53,134565.562,18.001,0.069
SH603023,威帝股份,18142.0,4.06,4.08,-0.49,2265956672.0,1.17,-545.815,2.96,
SH603279,景津装备,18090.0,10.94,10.71,2.15,6305520620.0,0.93,15.492,1.383,7.313
SH688411,海博思创,18072.0,158.86,154.9,2.56,28984775247.0,1.62,22.867,5.602,1.001
SH605598,上海港湾,18047.0,23.67,23.7,-0.13,5701360922.0,0.68,-179.328,3.59,0.346
SH600858,银座股份,18030.0,4.95,4.94,0.2,2574329616.0,1.19,87.777,0.936,0.404
SH600235,民丰特纸,17979.0,5.97,5.96,0.17,2097261000.0,1.21,262.929,1.387,0.419
SH688320,禾川科技,17966.0,35.13,36.25,-3.09,5305110157.0,1.95,-76.682,4.275,
SH600778,友好集团,17896.0,5.77,5.78,-0.17,1797305101.0,2.57,128.006,7.303,
SH603269,海鸥股份,17881.0,23.16,23.44,-1.19,10003857548.0,3.06,83.277,9.692,0.553
SH600796,钱江生化,17835.0,5.11,5.09,0.39,4428253264.0,1.07,32.321,1.269,0.607
SH603602,纵横通信,17726.0,12.37,12.71,-2.68,2858181201.0,8.68,-17.881,3.133,
SH603729,ST龙韵,17703.0,12.45,12.45,0.0,1147455495.0,0.51,-11.573,4.116,
SH600560,金自天正,17666.0,11.46,11.55,-0.78,2562977430.0,1.18,53.717,2.567,0.62
SH603822,ST嘉澳,17660.0,64.5,62.7,2.87,4955269647.0,0.53,28.037,10.984,0.189
SH600939,重庆建工,17660.0,2.69,2.65,1.51,5117657599.0,0.83,-4.292,0.749,
SH688779,五矿新能,17656.0,7.45,7.32,1.78,14372688881.0,0.92,22.724,1.965,0.55
SH688206,概伦电子,17644.0,34.34,35.18,-2.39,18235022477.0,0.73,-976.872,4.325,0.073
SH600538,国发股份,17479.0,4.79,4.71,1.7,2510910087.0,1.23,-26.969,3.712,
SH688508,芯朋微,17432.0,76.59,78.65,-2.62,10142074300.0,2.68,40.027,3.504,0.581
SH603038,华立股份,17428.0,15.71,15.68,0.19,4220917335.0,1.82,53.083,2.959,0.318
SH605296,神农集团,17417.0,31.48,31.6,-0.38,16565739855.0,0.33,-19.32,3.995,
SH688062,迈威生物-U,17400.0,27.04,26.01,3.96,12079584608.0,3.89,-12.854,13.829,
SH603722,阿科力,17386.0,28.08,28.49,-1.44,2743980998.0,0.95,-53.664,3.109,
SH688686,奥普特,17382.0,128.4,131.14,-2.09,15695032422.0,0.52,74.496,4.921,0.572
SH605016,百龙创园,17354.0,21.11,20.73,1.83,8866460075.0,0.39,21.657,4.217,1.137
SH603569,长久物流,17337.0,5.86,5.85,0.17,3536552491.0,0.28,-39.255,1.448,5.802
SH688728,格科微,17333.0,13.95,14.05,-0.71,36278184005.0,0.58,1292.704,4.589,
SH603086,先达股份,17332.0,5.87,5.84,0.51,2552353149.0,1.37,34.936,1.198,1.704
SH603365,水星家纺,17322.0,16.03,15.91,0.75,4207815689.0,0.71,10.119,1.362,7.38
SH605108,同庆楼,17307.0,12.11,12.21,-0.82,3148600000.0,0.78,99.871,1.358,0.991
SH603900,莱绅通灵,17277.0,6.27,6.29,-0.32,2150007077.0,1.99,117.874,1.097,1.595
SH603016,新宏泰,17261.0,32.16,31.88,0.88,4764825600.0,2.39,88.763,5.847,1.057
SH688160,步科股份,17241.0,94.7,95.0,-0.32,8638080008.0,0.9,104.444,6.459,0.316
SH603017,中衡设计,17181.0,10.03,10.2,-1.67,2770188639.0,3.7,47.508,1.851,3.45
SH603826,坤彩科技,17178.0,15.37,15.53,-1.03,13091551200.0,1.17,383.237,6.641,0.748
SH603786,科博达,17071.0,36.75,37.17,-1.13,14841733725.0,0.35,20.904,2.615,1.687
SH600605,汇通能源,17052.0,29.4,29.6,-0.68,6064703413.0,2.08,207.116,4.22,0.136
SH603867,新化股份,17046.0,34.38,34.51,-0.38,7477194224.0,3.64,27.24,2.388,1.739
SH603567,珍宝岛,17029.0,5.26,5.2,1.15,4945637610.0,1.72,-3.172,0.823,
SH688301,奕瑞科技,17021.0,83.2,83.72,-0.62,26075661664.0,1.07,36.161,3.364,0.81
SH603648,畅联股份,16968.0,9.52,9.56,-0.42,3450169856.0,0.41,27.598,1.902,3.361
SH688261,东微半导,16919.0,72.72,74.95,-2.98,8918768179.0,2.59,71.39,2.948,0.103
SH603390,通达电气,16889.0,11.08,11.32,-2.12,3896104543.0,4.03,30.896,2.294,1.444
SH603211,晋拓股份,16870.0,18.71,19.0,-1.53,5085527680.0,1.04,93.589,4.039,0.412
SH688289,圣湘生物,16869.0,16.72,16.27,2.77,9612960083.0,1.11,71.613,1.385,3.128
SH603590,康辰药业,16865.0,32.11,29.19,10.0,5178876666.0,3.86,30.349,1.603,1.062
SH688580,伟思医疗,16826.0,42.25,42.41,-0.38,4046336918.0,0.83,23.961,2.393,2.559
SH688009,中国通号,16792.0,4.69,4.64,1.08,49666251110.0,0.2,14.033,1.057,3.625
SH600817,宇通重工,16780.0,9.79,9.75,0.41,5232528322.0,0.26,17.807,2.131,5.087
SH603093,南华期货,16776.0,13.16,13.31,-1.13,13661982146.0,1.69,21.237,2.34,0.388
SH603136,天目湖,16764.0,9.04,9.09,-0.55,2441945458.0,1.83,30.936,1.804,2.212
SH900905,老凤祥B,16749.0,2.65,2.647,0.11,1386262075.0,0.13,7.433,0.702,8.415
SH600665,天地源,16722.0,3.46,3.42,1.17,2989863923.0,2.18,-1.75,2.867,
SH688317,之江生物,16692.0,19.5,18.1,7.73,3701952384.0,5.42,-56.922,1.149,
SH603787,新日股份,16597.0,10.46,10.55,-0.85,2407304043.0,0.81,103.919,1.588,0.956
SH600099,林海股份,16594.0,9.4,9.41,-0.11,2059728000.0,1.15,77.529,3.71,0.479
SH688549,中巨芯-U,16552.0,20.91,21.72,-3.73,30889841160.0,1.91,-2893.341,10.237,
SH600936,北投科技,16549.0,4.24,4.25,-0.24,7085151253.0,1.1,-277.094,6.936,
SH688336,三生国健,16508.0,41.43,40.68,1.84,37130619523.0,1.13,12.054,4.366,0.85
SH600928,西安银行,16482.0,3.55,3.48,2.01,15777777780.0,0.59,5.885,0.435,2.817
SH601996,丰林集团,16463.0,2.88,2.9,-0.69,3228233518.0,1.18,-17.012,1.379,
SH605577,龙版传媒,16440.0,16.28,14.8,10.0,7235555565.0,2.31,39.601,1.85,0.983
SH603278,大业股份,16418.0,10.27,10.56,-2.75,3509868956.0,19.25,-29.283,1.85,
SH603608,天创时尚,16366.0,19.22,19.54,-1.64,8169070526.0,1.36,228.362,6.881,
SH603679,华体科技,16323.0,23.23,22.98,1.09,4127650821.0,3.45,-32.038,4.765,
SH688800,瑞可达,16295.0,56.18,57.51,-2.31,16201582896.0,2.21,64.044,6.748,0.379
SH603337,杰克科技,16285.0,35.07,35.46,-1.1,16706930351.0,0.49,19.197,3.091,2.05
SH603580,艾艾精工,16281.0,72.95,75.5,-3.38,9532609940.0,4.29,236.285,21.304,0.112
SH688626,翔宇医疗,16199.0,41.95,42.05,-0.24,6712000000.0,1.25,81.439,3.196,0.42
SH605398,新炬网络,16182.0,23.76,23.16,2.59,3866141165.0,7.23,1589.164,3.773,0.126
SH601279,英利汽车,16115.0,3.65,3.55,2.82,5788118845.0,1.39,-44.721,1.414,
SH603311,金海高科,16110.0,25.62,25.79,-0.66,6043345697.0,3.12,98.199,4.596,0.461
SH603208,江山欧派,16105.0,11.5,11.43,0.61,2022612491.0,1.28,-6.798,2.112,
SH603378,*ST亚士,16100.0,4.91,4.69,4.69,2104409512.0,2.03,-1.49,-7.199,
SH603330,天洋新材,16096.0,9.16,9.34,-1.93,3963290625.0,4.22,-17.428,3.008,
SH603889,新澳股份,16081.0,6.05,5.97,1.34,5742688290.0,0.66,10.736,1.528,4.446
SH603006,联明股份,16068.0,10.83,10.94,-1.01,2753573528.0,0.69,27.175,2.117,4.524
SH688105,诺唯赞,16061.0,27.24,25.49,6.87,14082673143.0,4.75,-1603.913,3.901,1.41
SH600469,风神股份,16026.0,4.94,4.9,0.82,4396771971.0,0.48,18.396,0.946,2.024
SH601963,重庆银行,16008.0,11.2,10.97,2.1,40608817872.0,0.49,6.788,0.671,3.938
SH603977,国泰集团,15994.0,10.57,10.67,-0.94,6566526122.0,0.8,28.685,1.91,1.23
SH605289,罗曼股份,15990.0,94.05,94.91,-0.91,14353017525.0,1.08,126.874,10.492,0.19
SH688278,特宝生物,15963.0,52.89,51.2,3.3,21589141597.0,0.75,19.992,6.956,1.163
SH605555,德昌股份,15959.0,12.66,12.76,-0.78,6128314046.0,1.11,71.641,2.141,2.212
SH605218,伟时电子,15950.0,13.9,14.13,-1.63,3375124622.0,1.79,-68.9,1.939,0.144
SH603585,苏利股份,15890.0,10.53,10.56,-0.28,2899496690.0,0.92,17.376,1.041,2.412
SH688299,长阳科技,15873.0,13.15,13.29,-1.05,3779216556.0,1.22,-30.217,1.924,
SH603557,*ST起步,15804.0,3.05,3.03,0.66,1901482508.0,0.63,-13.358,44.787,
SH603915,国茂股份,15797.0,13.29,13.15,1.06,8876158159.0,0.72,33.315,2.325,1.655
SH603012,创力集团,15791.0,8.51,8.47,0.47,5501715000.0,1.34,50.483,1.433,2.35
SH603815,交建股份,15785.0,5.11,5.09,0.39,3162702841.0,0.76,-3.794,2.003,
SH601921,浙版传媒,15765.0,7.56,7.55,0.13,16800000006.0,0.32,13.38,1.155,4.233
SH600232,金鹰股份,15743.0,6.66,6.81,-2.2,2429025503.0,2.78,49.322,2.505,
SH603324,盛剑科技,15742.0,24.21,24.97,-3.04,3655306177.0,1.56,-23.248,2.187,
SH603759,海天股份,15712.0,8.01,7.97,0.5,3698697600.0,0.79,24.787,1.276,1.436
SH688387,信科移动-U,15701.0,11.46,11.49,-0.26,39178875000.0,0.58,-161.874,6.58,
SH600725,云维股份,15631.0,3.27,3.27,0.0,4030176900.0,0.61,-150.973,15.721,
SH603727,博迈科,15615.0,18.71,18.95,-1.27,5270967673.0,4.11,-246.557,1.707,0.791
SH603726,朗迪集团,15574.0,23.36,23.61,-1.06,4334665248.0,1.32,17.199,2.824,2.354
SH688239,航宇科技,15532.0,51.85,53.0,-2.17,9898831376.0,2.08,46.522,4.417,0.289
SH600568,ST中珠,15521.0,2.37,2.4,-1.25,4723101144.0,0.32,-35.7,2.964,
SH688228,开普云,15455.0,89.6,91.2,-1.75,6052548096.0,3.9,-179.466,4.994,
SH688049,炬芯科技,15383.0,45.78,47.0,-2.6,8058010832.0,2.98,36.295,3.796,0.564
SH603389,亚振家居,15375.0,44.57,43.58,2.27,11710856640.0,0.54,-261.425,58.846,
SH603013,亚普股份,15357.0,14.26,14.2,0.42,7247210983.0,0.28,13.579,1.582,2.805
SH600671,天目药业,15338.0,21.79,21.62,0.79,2653561904.0,1.24,194.016,34.775,
SH605196,华通线缆,15312.0,33.2,33.17,0.09,16964276409.0,1.33,54.488,4.956,
SH600955,维远股份,15308.0,12.36,12.28,0.65,6798000000.0,0.25,-8.031,0.9,0.405
SH600319,亚星化学,15293.0,6.32,6.3,0.32,2450323307.0,0.86,-19.608,7.53,
SH603506,南都物业,15285.0,12.25,12.29,-0.33,2300277793.0,3.08,27.063,1.816,1.722
SH603109,神驰机电,15266.0,17.37,17.48,-0.63,3627696013.0,0.65,44.652,1.855,1.986
SH603377,ST东时,15250.0,3.06,3.09,-0.97,2211864151.0,0.36,-2.652,-26.586,
SH605300,佳禾食品,15192.0,10.39,10.26,1.27,4721201423.0,0.68,100.429,1.648,1.097
SH603917,合力科技,15187.0,13.85,14.04,-1.35,2823184000.0,0.9,178.499,1.71,1.083
SH600168,武汉控股,15141.0,4.41,4.38,0.68,4380883279.0,0.36,41.566,0.807,0.635
SH600731,湖南海利,15109.0,5.95,5.83,2.06,3295421875.0,1.09,18.401,1.011,
SH603359,*ST东珠,15099.0,2.03,2.07,-1.93,905574880.0,1.3,-0.819,0.656,
SH600386,北巴传媒,15058.0,3.54,3.55,-0.28,2854656000.0,0.85,-67.282,1.742,
SH601500,通用股份,15039.0,3.86,3.85,0.26,6110382837.0,0.46,22.202,1.021,
SH688179,阿拉丁,15014.0,22.56,22.57,-0.04,8183999426.0,6.3,57.836,6.055,0.594
SH688161,威高骨科,14979.0,21.79,21.76,0.14,8716000000.0,0.29,33.663,2.078,1.505
SH603121,华培动力,14945.0,12.29,12.58,-2.31,4160579357.0,1.33,-61.161,3.796,
SH688170,德龙激光,14938.0,64.16,64.55,-0.6,6631577600.0,3.27,2101.071,5.439,
SH605188,国光连锁,14931.0,12.4,12.41,-0.08,6307861400.0,1.09,361.944,5.083,0.121
SH603639,海利尔,14922.0,10.49,10.36,1.25,3667809996.0,0.44,35.068,1.028,2.86
SH688418,震有科技,14879.0,28.85,29.86,-3.38,5555201191.0,1.48,-37.184,7.595,
SH601518,吉林高速,14875.0,2.79,2.76,1.09,5274643342.0,0.31,10.858,0.927,4.659
SH603323,苏农银行,14868.0,4.49,4.43,1.35,9969576159.0,1.45,4.796,0.5,4.655
SH603657,春光科技,14852.0,39.5,37.88,4.28,5340006975.0,6.24,-54.871,6.298,
SH688266,泽璟制药-U,14847.0,110.0,106.66,3.13,29117900460.0,1.92,52.954,16.924,
SH603810,丰山集团,14819.0,12.23,12.25,-0.16,2022135742.0,1.02,73.669,1.32,1.455
SH605208,永茂泰,14805.0,14.59,14.61,-0.14,4813824600.0,1.4,37.554,2.118,0.411
SH603176,汇通集团,14804.0,5.24,5.28,-0.76,2469149334.0,0.52,-51.465,2.367,0.286
SH600302,ST标准,14768.0,6.76,6.77,-0.15,2339026275.0,0.54,-13.32,4.999,
SH688520,神州细胞,14762.0,37.05,35.22,5.2,17425938204.0,0.99,-19.432,-117.619,
SH603730,岱美股份,14699.0,9.85,9.63,2.28,21163647758.0,1.14,25.233,4.546,2.538
SH603421,鼎信通讯,14686.0,6.18,6.38,-3.13,4030537358.0,2.53,-6.547,1.751,
SH605007,五洲特纸,14676.0,14.38,14.2,1.27,6840997443.0,0.54,19.381,1.875,1.113
SH603798,康普顿,14600.0,14.67,13.69,7.16,3762116366.0,3.69,92.536,3.097,0.675
SH603079,圣达生物,14592.0,13.61,13.17,3.34,2572693183.0,4.03,57.327,1.621,0.727
SH603181,皇马科技,14574.0,12.27,12.19,0.66,7223349000.0,0.47,16.052,1.999,1.809
SH603683,晶华新材,14573.0,15.03,15.32,-1.89,4379479020.0,3.92,43.841,2.546,0.659
SH688380,中微半导,14567.0,39.33,40.64,-3.22,15746355450.0,1.3,42.634,4.878,0.76
SH603076,乐惠国际,14566.0,20.12,20.41,-1.42,2428511041.0,0.88,122.223,1.899,0.994
SH688095,福昕软件,14564.0,55.6,56.39,-1.4,5079589534.0,1.53,103.508,1.946,0.538
SH688137,近岸蛋白,14555.0,160.39,141.35,13.47,11214060287.0,14.92,-135.494,5.611,
SH603966,法兰泰克,14526.0,7.31,7.3,0.14,3804086690.0,0.51,16.194,1.825,2.941
SH603061,金海通,14521.0,311.73,318.5,-2.13,27120510000.0,2.6,99.82,14.299,0.084
SH603958,哈森股份,14504.0,18.0,18.59,-3.17,3948480000.0,3.21,-167.921,6.0,
SH603955,大千生态,14477.0,24.97,25.03,-0.24,4092464992.0,1.43,-27.829,1.938,
SH601825,沪农商行,14457.0,8.61,8.58,0.35,83038666671.0,0.19,6.711,0.624,5.157
SH603991,领先股份,14456.0,165.82,169.2,-2.0,25322324112.0,2.92,162.101,6.989,0.006
SH600847,万里股份,14444.0,12.79,12.86,-0.54,1960545846.0,3.0,-27.585,4.291,
SH688107,安路科技,14396.0,28.01,29.03,-3.51,12614971230.0,1.22,-61.68,5.945,
SH603860,中公高科,14359.0,26.32,26.5,-0.68,1755017600.0,1.27,36.168,2.117,0.779
SH688001,华兴源创,14348.0,60.69,62.45,-2.82,28619317417.0,1.61,296.713,6.646,0.12
SH603155,新亚强,14284.0,14.46,14.78,-2.17,6621101836.0,1.95,69.607,2.949,1.667
SH603163,圣晖集成,14271.0,73.92,75.86,-2.56,7392000000.0,1.69,45.55,6.322,1.15
SH603326,我乐家居,14259.0,7.68,7.63,0.66,2451278822.0,0.93,18.558,2.125,3.255
SH603519,立霸股份,14258.0,17.02,16.56,2.78,4532899820.0,2.54,25.347,4.266,5.817
SH688135,利扬芯片,14237.0,36.5,37.53,-2.74,8508293847.0,3.7,642.672,5.327,
SH603196,璞源材料,14114.0,17.82,17.84,-0.11,7461010181.0,0.32,191.984,3.677,
SH688286,敏芯股份,14091.0,51.37,52.94,-2.97,4022965574.0,6.94,-409.802,3.883,0.374
SH688177,百奥泰,14020.0,21.03,20.21,4.06,8708102400.0,1.21,-18.973,70.264,
SH600241,时代万恒,14001.0,9.72,8.84,9.95,2860616558.0,2.61,-19.262,2.798,
SH605368,蓝天燃气,13930.0,6.68,6.63,0.75,4773767912.0,0.22,20.203,1.407,
SH688698,伟创电气,13922.0,41.58,42.17,-1.4,8941079375.0,0.84,38.521,3.711,0.835
SH688258,卓易信息,13885.0,83.0,84.97,-2.32,10054805671.0,1.44,63.296,10.132,0.236
SH601326,秦港股份,13841.0,3.55,3.51,1.14,19835312600.0,0.34,12.136,0.953,3.239
SH603855,华荣股份,13828.0,16.82,16.93,-0.65,5676935020.0,0.4,15.819,2.448,5.892
SH688332,中科蓝讯,13826.0,85.6,87.83,-2.54,15278344762.0,2.45,8.661,2.683,1.578
SH601827,三峰环境,13821.0,7.9,7.82,1.02,13208273070.0,0.18,10.889,1.077,3.367
SH600615,鑫源智造,13791.0,9.53,9.54,-0.1,2150202533.0,0.63,-96.722,2.998,
SH603950,长源东谷,13785.0,51.72,52.2,-0.92,16764044976.0,0.77,42.798,5.341,0.251
SH603928,兴业股份,13685.0,13.07,11.88,10.02,4453001280.0,3.01,36.827,2.754,1.163
SH603758,秦安股份,13681.0,10.74,10.79,-0.46,4651666366.0,1.38,39.642,1.8,
SH603687,大胜达,13670.0,13.99,14.29,-2.1,7694945777.0,2.46,93.295,2.34,0.3
SH603689,皖天然气,13656.0,7.72,7.67,0.65,4059279023.0,0.61,11.761,1.091,4.534
SH688248,南网科技,13625.0,49.76,49.4,0.73,28099472000.0,0.65,69.816,8.478,0.589
SH688408,中信博,13602.0,22.98,22.53,2.0,5034134060.0,1.13,-13.542,1.296,
SH603755,日辰股份,13596.0,25.85,25.51,1.33,2549163654.0,1.75,32.523,3.308,1.907
SH605005,合兴股份,13594.0,16.07,15.93,0.88,6444070000.0,0.17,35.67,3.104,1.245
SH688365,光云科技,13568.0,15.46,15.85,-2.46,6590453975.0,2.66,-2830.956,6.828,
SH603701,德宏股份,13425.0,18.21,18.18,0.17,4759400217.0,0.56,343.827,5.912,0.22
SH688306,均普智能,13352.0,9.88,9.92,-0.4,12135434064.0,0.87,841.721,7.037,0.081
SH603527,众源新材,13338.0,9.72,9.84,-1.22,3080960064.0,1.36,101.601,1.458,1.029
SH603980,吉华集团,13312.0,9.06,8.84,2.49,6132110242.0,9.77,63.216,1.584,1.623
SH603183,建研院,13310.0,5.19,5.19,0.0,2580225373.0,,-1272.698,1.618,0.096
SH688776,国光电气,13275.0,47.4,48.82,-2.91,5137374061.0,2.15,-32.289,3.069,
SH600051,宁波联合,13259.0,6.38,6.39,-0.16,1983414400.0,1.58,29.311,0.581,0.94
SH603315,福鞍股份,13235.0,10.47,10.65,-1.69,3354234784.0,1.34,125.926,1.94,0.43
SH603097,江苏华辰,13234.0,18.67,18.29,2.08,4292902656.0,0.76,215.441,4.047,0.573
SH603682,锦和商管,13199.0,9.43,9.36,0.75,4455675000.0,1.6,-25.987,6.71,2.333
SH688518,联赢激光,13152.0,20.1,20.3,-0.99,6860634410.0,2.14,33.027,2.075,1.144
SH688117,圣诺生物,13146.0,18.56,17.8,4.27,4089517249.0,5.16,20.031,3.575,1.352
SH605339,南侨食品,13145.0,13.26,13.2,0.45,5626093568.0,0.2,770.543,1.651,0.226
SH603856,东宏股份,13137.0,11.73,11.71,0.17,3308517584.0,0.79,13.207,1.196,1.952
SH603586,金麒麟,13113.0,13.85,14.0,-1.07,2715331003.0,0.64,59.072,1.208,3.971
SH605118,力鼎光电,13104.0,32.17,31.62,1.74,13228915230.0,1.0,42.975,8.151,1.088
SH605222,起帆电缆,13088.0,22.11,21.79,1.47,9129390419.0,0.96,44.857,1.909,0.271
SH688772,珠海冠宇,13054.0,14.34,14.17,1.2,16322929808.0,1.78,107.654,2.4,2.057
SH603341,龙旗科技,13044.0,35.21,35.42,-0.59,18386755095.0,2.27,38.679,2.518,1.42
SH605266,健之佳,12972.0,16.04,15.96,0.5,2478868565.0,0.72,19.153,0.977,7.594
SH605088,冠盛股份,12929.0,23.33,23.75,-1.77,4727238754.0,4.49,18.247,1.632,2.538
SH603956,威派格,12906.0,6.88,6.85,0.44,3920955248.0,2.75,-19.344,2.207,
SH688348,昱能科技,12887.0,30.47,30.17,0.99,4761773444.0,0.53,-13.769,1.459,
SH605116,奥锐特,12870.0,20.07,19.28,4.1,8152097506.0,0.92,21.852,3.068,1.684
SH688155,先惠技术,12868.0,54.87,54.35,0.96,6988234585.0,2.79,17.056,2.861,2.178
SH603090,宏盛股份,12859.0,36.85,36.68,0.46,3685000000.0,3.95,55.039,5.805,0.814
SH688639,华恒生物,12834.0,19.11,17.76,7.6,4779710893.0,4.37,40.377,1.766,0.837
SH603577,汇金通,12795.0,9.7,9.68,0.21,3289649270.0,0.78,41.803,1.664,0.629
SH688097,博众精工,12763.0,41.2,41.96,-1.81,18425696286.0,0.68,26.786,3.624,0.359
SH603385,惠达卫浴,12725.0,5.73,5.79,-1.04,2181210267.0,0.76,-7.573,0.629,
SH688218,江苏北人,12716.0,41.0,38.05,7.75,4775488858.0,4.44,-115.651,5.417,
SH603329,上海雅仕,12713.0,10.25,10.34,-0.87,2563024544.0,0.69,19.46,1.672,0.449
SH603681,永冠新材,12644.0,18.31,18.74,-2.29,4353052907.0,2.34,23.473,1.254,0.524
SH605183,XD确成股,12610.0,16.4,16.4,0.0,6809024242.0,0.58,17.12,1.837,2.732
SH603055,台华新材,12603.0,9.17,9.04,1.44,8163994183.0,0.68,13.845,1.487,1.963
SH601022,宁波远洋,12603.0,8.25,8.24,0.12,11995805564.0,0.38,19.378,1.604,1.552
SH603948,建业股份,12593.0,21.36,19.42,9.99,3470768607.0,1.23,22.114,1.701,4.682
SH603706,东方环宇,12577.0,17.19,16.95,1.42,3255488854.0,0.46,15.133,1.92,5.236
SH688221,前沿生物-U,12565.0,16.87,16.42,2.74,6319141876.0,3.9,-290.258,6.112,
SH688591,泰凌微,12545.0,30.5,31.11,-1.96,7367699835.0,1.78,58.969,2.922,0.862
SH605100,华丰股份,12536.0,35.83,34.55,3.7,8564158260.0,3.41,299.922,4.745,0.14
SH600356,恒丰纸业,12532.0,11.46,10.42,9.98,3776488336.0,5.15,17.584,1.228,1.658
SH605336,*ST帅电,12528.0,11.85,11.48,3.22,2173437533.0,0.51,-31.199,1.206,
SH600423,*ST柳化,12518.0,2.67,2.64,1.14,2132515719.0,0.27,-142.436,3.942,
SH688783,西安奕材-U,12496.0,26.92,27.78,-3.1,108697576000.0,5.46,-158.177,8.949,
SH600768,富邦新材,12481.0,14.75,14.89,-0.94,1972771200.0,1.42,18.365,4.097,0.339
SH603937,丽岛新材,12431.0,12.44,12.87,-3.34,2598616368.0,4.74,110.741,1.669,
SH605286,同力天启,12401.0,24.85,24.38,1.93,4174800000.0,1.16,40.758,1.933,0.241
SH688707,振华新材,12398.0,10.78,10.29,4.76,5484219410.0,3.01,-14.09,1.438,
SH688133,泰坦科技,12393.0,22.38,21.76,2.85,3680099545.0,3.52,-44.141,1.357,
SH603615,茶花股份,12370.0,18.46,18.46,0.0,4463997200.0,0.87,239.119,3.889,0.108
SH603213,镇洋发展,12342.0,13.87,13.75,0.87,6170674717.0,0.38,222.427,3.415,1.788
SH688401,路维光电,12311.0,64.0,65.68,-2.56,13143662592.0,1.53,45.307,4.933,0.586
SH688716,中研股份,12287.0,25.52,25.9,-1.47,3105273600.0,1.4,-382.249,2.708,0.784
SH605580,恒盛能源,12274.0,20.85,21.03,-0.86,5838000000.0,2.21,32.085,5.64,1.439
SH605167,利柏特,12240.0,15.68,15.38,1.95,7995351074.0,0.89,41.944,2.815,0.287
SH688375,国博电子,12181.0,64.02,65.2,-1.81,38156873898.0,0.45,94.377,6.045,0.665
SH688196,卓越新能,12146.0,30.1,30.63,-1.73,3828442930.0,1.64,71.865,1.232,1.661
SH605178,时空科技,12144.0,63.4,63.54,-0.22,6281672000.0,2.22,-30.389,5.893,
SH688207,格灵深瞳,12091.0,19.47,19.66,-0.97,5042207172.0,2.59,-25.021,2.043,
SH603081,大丰实业,12072.0,9.36,9.43,-0.74,3954592035.0,0.39,59.991,1.227,0.641
SH603676,卫信康,12071.0,9.09,8.97,1.34,3955618035.0,0.34,20.496,2.567,3.575
SH603238,诺邦股份,12058.0,12.86,12.71,1.18,2282765740.0,2.05,21.769,1.559,2.333
SH603633,徕木股份,12045.0,6.22,6.35,-2.05,2654763288.0,1.58,-10.97,1.547,
SH603970,中农立华,12040.0,11.84,11.74,0.85,3182593587.0,4.81,20.602,1.99,2.703
SH688192,迪哲医药-U,11973.0,58.01,55.82,3.92,26984270494.0,1.8,-45.195,23.879,
SH688692,达梦数据,11946.0,182.72,187.92,-2.77,20691212800.0,1.33,38.823,5.339,0.93
SH688059,华锐精密,11933.0,82.02,84.7,-3.16,11481280580.0,1.67,33.865,5.281,1.012
SH603101,汇嘉时代,11912.0,7.39,7.37,0.27,3476256000.0,0.91,32.186,2.37,1.34
SH603162,海通发展,11902.0,13.04,12.72,2.52,17931412036.0,1.92,19.889,3.68,0.514
SH603215,比依股份,11829.0,15.63,15.27,2.36,3354121069.0,1.51,-697.143,1.8,1.472
SH688733,壹石通,11824.0,27.6,28.13,-1.88,5513795244.0,1.67,777.559,2.641,0.359
SH605060,联德股份,11808.0,37.03,37.85,-2.17,8908751460.0,0.8,34.555,3.426,0.945
SH603700,宁水集团,11797.0,11.81,11.56,2.16,2361550441.0,2.59,35.041,1.476,2.515
SH688089,ST嘉必优,11780.0,8.42,8.47,-0.59,1400751225.0,0.61,-21.615,0.925,
SH605028,世茂能源,11779.0,23.75,23.89,-0.59,3800000000.0,0.8,33.421,2.968,3.789
SH603995,甬金股份,11758.0,25.62,25.27,1.39,9315676492.0,0.8,15.439,1.569,3.123
SH603239,浙江仙通,11715.0,13.75,13.71,0.29,3722400000.0,0.73,19.036,2.804,2.182
SH688798,艾为电子,11708.0,53.78,54.67,-1.63,12537677566.0,1.26,49.098,2.988,0.8
SH605567,春雪食品,11694.0,9.67,9.64,0.31,1924330000.0,1.6,42.107,1.741,1.044
SH601019,山东出版,11681.0,6.84,6.76,1.18,14274396000.0,0.42,12.496,0.918,4.24
SH688323,瑞华泰,11653.0,23.47,24.14,-2.78,4703347796.0,3.6,-48.131,3.874,
SH605599,菜百股份,11620.0,13.54,13.24,2.27,10531111412.0,0.52,9.478,2.381,5.761
SH688680,海优新材,11577.0,38.81,38.57,0.62,3786728880.0,1.38,-9.295,2.291,
SH603053,成都燃气,11559.0,8.75,8.7,0.57,7777787500.0,0.12,17.069,1.597,3.429
SH603903,中持股份,11426.0,13.7,13.83,-0.94,3497876876.0,4.11,-34.543,2.452,
SH603656,泰禾智能,11416.0,17.19,17.41,-1.26,3144830704.0,0.85,93.172,2.368,0.285
SH603879,永悦科技,11413.0,4.91,4.97,-1.21,1764381200.0,2.82,-29.504,7.424,
SH600927,永安期货,11407.0,12.1,12.06,0.33,17550380338.0,0.19,22.777,1.327,1.157
SH603270,金帝股份,11372.0,31.15,31.87,-2.26,6825172677.0,4.55,49.123,2.983,0.867
SH605389,长龄液压,11332.0,60.88,61.44,-0.91,11384390145.0,0.41,85.963,5.365,1.145
SH688326,经纬恒润-W,11328.0,56.5,56.46,0.07,6776176080.0,0.6,-34.787,1.822,0.497
SH603380,易德龙,11327.0,32.4,32.87,-1.43,5198294880.0,0.96,23.297,3.274,1.849
SH688257,新锐股份,11262.0,53.58,55.52,-3.49,19035006489.0,2.49,27.568,6.632,0.332
SH688631,莱斯信息,11237.0,35.88,35.72,0.45,5865303600.0,0.5,121.188,3.169,0.474
SH603070,万控智造,11235.0,11.3,11.33,-0.26,4531300000.0,0.36,173.672,2.126,0.708
SH688229,博睿数据,11226.0,58.45,60.36,-3.16,2595180000.0,1.12,-24.423,7.597,
SH603221,爱丽家居,11191.0,25.1,25.43,-1.3,6080977000.0,5.03,-123.055,3.931,0.12
SH688033,*ST天宜,11129.0,7.21,7.29,-1.1,4053451877.0,0.39,-1.853,3.246,
SH603488,展鹏科技,11124.0,7.7,7.79,-1.16,2248326388.0,1.28,-13.65,2.954,
SH688260,昀冢科技,11112.0,97.12,100.8,-3.65,11654400000.0,2.97,-64.25,83.53,
SH603161,科华控股,11105.0,14.38,14.5,-0.83,3223440256.0,0.78,84.592,1.791,1.008
SH688449,联芸科技,11103.0,55.8,57.69,-3.28,25668000000.0,1.56,42.386,10.554,0.09
SH603132,金徽股份,11081.0,18.33,18.42,-0.49,17926740000.0,0.65,25.684,5.287,3.055
SH688150,莱特光电,11072.0,39.09,39.46,-0.94,15731285198.0,1.05,77.602,7.27,0.304
SH688475,萤石网络,10988.0,27.1,26.99,0.41,21341250000.0,0.3,31.675,3.626,1.476
SH603717,天域生物,10986.0,6.02,6.04,-0.33,1746680365.0,3.43,-10.149,5.155,
SH688010,福光股份,10975.0,27.16,27.77,-2.2,4360852458.0,2.02,153.197,2.537,
SH688077,大地熊,10954.0,27.08,26.9,0.67,3100077888.0,2.23,44.603,2.797,0.783
SH605169,洪通燃气,10939.0,13.21,13.1,0.84,3736844800.0,0.87,25.307,1.815,1.484
SH605228,神通科技,10919.0,11.24,11.21,0.27,5391325786.0,0.67,33.438,2.355,1.628
SH603878,武进不锈,10874.0,4.9,4.92,-0.41,2749634931.0,1.2,-61.075,1.086,1.02
SH688181,八亿时空,10872.0,42.3,43.6,-2.98,5627163120.0,5.16,59.931,2.731,0.437
SH688615,合合信息,10839.0,83.21,84.62,-1.67,16309160000.0,1.95,35.039,5.493,1.417
SH688186,广大特材,10833.0,14.11,14.17,-0.42,3957704813.0,1.01,119.435,0.861,
SH688389,普门科技,10828.0,11.38,11.26,1.07,4876167607.0,0.62,34.359,2.347,2.478
SH603112,华翔股份,10811.0,16.55,16.67,-0.72,8936361187.0,0.9,16.888,1.978,2.411
SH603895,天永智能,10807.0,25.77,26.56,-2.97,2785221600.0,1.05,164.094,13.41,
SH601528,瑞丰银行,10798.0,5.14,5.04,1.98,10085509570.0,1.27,5.109,0.494,6.031
SH688085,三友医疗,10773.0,13.26,13.32,-0.45,4863883998.0,0.64,89.655,2.27,0.128
SH601568,北元化工,10753.0,3.55,3.51,1.14,14101388895.0,0.36,328.36,1.255,1.408
SH688538,和辉光电-U,10715.0,2.07,2.05,0.98,28585535884.0,0.77,-14.085,3.99,
SH603332,苏州龙杰,10689.0,12.01,11.99,0.17,2598329680.0,0.91,26.514,1.99,2.323
SH688677,海泰新光,10678.0,76.06,76.4,-0.45,9117844620.0,2.72,52.827,6.809,0.778
SH600539,狮头股份,10673.0,13.48,13.62,-1.03,3100400000.0,2.73,-142.585,10.314,
SH688601,力芯微,10640.0,57.46,59.4,-3.27,7681982542.0,1.95,468.662,6.162,0.172
SH688550,瑞联新材,10561.0,35.72,36.3,-1.6,6289153104.0,0.95,23.101,1.894,2.825
SH601113,华鼎股份,10547.0,3.5,3.5,0.0,4739532791.0,0.89,39.877,0.99,
SH605369,拱东医疗,10519.0,18.2,18.05,0.83,4000415128.0,0.62,71.628,2.361,0.824
SH605186,健麾信息,10517.0,24.66,25.07,-1.64,3353760000.0,0.78,102.065,3.021,
SH605098,行动教育,10480.0,52.83,52.47,0.69,6300035613.0,0.34,17.489,6.037,4.149
SH688275,万润新能,10469.0,68.33,68.3,0.04,8617674577.0,2.75,21.041,1.535,
SH603358,华达科技,10467.0,44.4,43.04,3.16,20856592574.0,1.24,-730.79,6.104,0.923
SH688788,科思科技,10424.0,27.61,27.26,1.28,6043944161.0,1.61,-16.855,3.655,
SH605066,天正电气,10415.0,6.71,6.7,0.15,3371326269.0,0.64,76.145,1.992,1.49
SH688172,燕东微,10412.0,42.43,44.05,-3.68,60573835856.0,0.48,-62.449,3.345,
SH603511,爱慕股份,10357.0,13.0,13.0,0.0,5276366056.0,0.36,30.165,1.216,4.754
SH603551,奥普科技,10353.0,9.4,9.35,0.53,3616026310.0,0.33,13.313,2.821,8.489
SH603096,新经典,10344.0,16.1,16.36,-1.59,2483177446.0,1.32,33.426,1.371,3.727
SH688070,纵横股份,10304.0,35.37,35.3,0.2,3127433085.0,1.8,143.812,5.274,
SH603637,镇海股份,10290.0,13.87,13.69,1.31,3310573114.0,2.11,54.169,3.175,0.721
SH688809,强一股份,10266.0,488.64,493.74,-1.03,63307856352.0,3.74,132.043,15.207,0.205
SH603839,安正时尚,10260.0,6.82,6.88,-0.87,2639450484.0,0.82,-19.43,1.529,
SH900932,陆家B股,10222.0,0.408,0.394,3.55,2054342701.0,0.49,9.071,0.54,4.412
SH688663,新风光,10194.0,56.98,56.33,1.15,11239190128.0,1.2,129.684,8.004,0.274
SH688717,艾罗能源,10191.0,41.14,41.0,0.34,6582400000.0,4.27,-117.553,1.521,
SH688276,百克生物,10180.0,17.95,17.5,2.57,7425153884.0,1.1,-30.796,1.957,
SH688022,ST瀚川,10169.0,9.21,9.1,1.21,1569927206.0,1.28,106.783,2.435,
SH688560,明冠新材,10164.0,12.78,12.81,-0.23,2572638512.0,0.96,-24.228,1.004,
SH603709,中源家居,10102.0,12.68,12.86,-1.4,2069820548.0,2.22,-134.723,4.054,0.875
SH603967,中创物流,10100.0,12.02,11.92,0.84,4166933854.0,1.04,14.217,1.791,5.408
SH688523,航天环宇,10094.0,37.42,37.59,-0.45,15225449600.0,0.45,902.644,9.045,
SH605001,威奥股份,10079.0,5.78,5.86,-1.37,2270881080.0,0.74,1396.743,0.861,1.73
SH601512,中新集团,10073.0,8.46,8.45,0.12,12680609400.0,0.39,13.004,0.818,2.506
SH603535,嘉诚国际,10072.0,6.12,6.14,-0.33,3126820186.0,0.41,-160.651,1.261,0.327
SH603655,朗博科技,9993.0,30.89,31.03,-0.45,3274340000.0,0.77,73.024,5.845,1.123
SH601096,宏盛华源,9985.0,3.97,3.92,1.28,10620365699.0,0.75,29.798,2.219,1.134
SH688199,久日新材,9981.0,25.1,25.33,-0.91,4046804000.0,2.98,50.527,1.551,0.239
SH688281,华秦科技,9977.0,48.47,49.25,-1.58,18496100864.0,0.67,55.578,3.823,0.51
SH603219,富佳股份,9972.0,12.6,12.83,-1.79,7073640000.0,0.6,113.984,4.418,0.397
SH603281,江瀚新材,9969.0,18.02,18.12,-0.55,9345835731.0,0.38,24.214,1.879,3.885
SH688484,南芯科技,9954.0,32.03,32.77,-2.26,13760430016.0,0.62,193.625,3.405,0.774
SH688697,纽威数控,9882.0,14.35,14.59,-1.64,9187827604.0,0.61,25.955,5.044,2.237
SH688658,悦康药业,9876.0,14.04,12.97,8.25,6318000000.0,5.36,-23.534,1.968,
SH601083,锦江航运,9867.0,12.65,12.62,0.24,16370618000.0,2.08,11.235,1.77,6.68
SH601366,利群股份,9844.0,3.65,3.63,0.55,3503055062.0,1.1,-9.34,0.83,2.74
SH688818,电科蓝天,9835.0,39.46,40.08,-1.55,68539016699.0,2.66,205.46,12.451,0.19
SH688259,创耀科技,9833.0,31.99,32.71,-2.2,3573283000.0,1.03,60.727,2.27,0.775
SH688678,福立旺,9830.0,31.15,32.0,-2.66,12556767506.0,5.72,88.785,5.376,0.228
SH605507,国邦医药,9759.0,18.09,17.87,1.23,14152763961.0,0.72,20.029,1.685,2.371
SH603059,倍加洁,9736.0,26.22,25.89,1.27,2638196094.0,1.42,22.098,2.351,1.716
SH603661,恒林股份,9710.0,33.11,33.4,-0.87,4604509396.0,1.35,44.332,1.231,1.087
SH603828,*ST利达,9683.0,6.19,6.0,3.17,3688993378.0,0.52,-12.733,7.959,
SH688079,美迪凯,9553.0,16.24,16.82,-3.45,6687353939.0,5.22,-34.273,5.519,
SH605086,龙高股份,9532.0,23.21,23.31,-0.43,4159232000.0,0.83,35.974,2.6,1.129
SH688091,上海谊众,9521.0,39.4,38.83,1.47,8144123416.0,1.08,118.278,5.464,
SH603177,德创环保,9521.0,11.01,10.99,0.18,2248153920.0,1.31,-27.529,7.496,
SH601089,福元医药,9496.0,16.48,16.01,2.94,7910400000.0,0.75,20.404,2.12,2.961
SH688726,拉普拉斯,9492.0,44.52,45.31,-1.74,18045121934.0,1.8,33.292,4.2,0.696
SH688383,新益昌,9486.0,125.8,129.0,-2.48,12787129700.0,1.49,-154.895,9.979,
SH603217,元利科技,9476.0,27.07,26.46,2.31,5632931332.0,1.35,24.223,1.61,1.108
SH605055,迎丰股份,9459.0,8.69,8.76,-0.8,3823600000.0,0.58,-82.197,3.97,0.667
SH688153,唯捷创芯,9434.0,25.37,25.89,-2.01,10917041013.0,0.56,-257.158,2.518,0.3
SH688378,奥来德,9429.0,45.1,46.07,-2.11,11790274896.0,3.39,53.326,5.614,0.439
SH603130,云中马,9419.0,39.63,38.66,2.51,5449687746.0,1.29,50.047,3.814,0.58
SH688311,盟升电子,9374.0,23.83,24.17,-1.41,4172799596.0,1.17,-129.782,2.374,
SH688319,欧林生物,9353.0,31.18,31.0,0.58,12640661974.0,1.68,-530.913,14.541,
SH605068,明新旭腾,9338.0,20.32,20.12,0.99,3295876913.0,1.86,-915.217,2.181,0.197
SH688510,航亚科技,9334.0,23.5,23.2,1.29,6108181288.0,1.16,66.378,5.025,0.851
SH688118,普元信息,9302.0,19.99,20.27,-1.38,1895194189.0,1.56,-228.137,2.329,1.476
SH603036,如通股份,9289.0,13.52,13.7,-1.31,2785201458.0,1.52,27.622,1.996,2.219
SH603049,中策橡胶,9289.0,43.96,43.83,0.3,38442386888.0,0.28,9.012,1.528,3.253
SH688575,亚辉龙,9258.0,10.53,10.3,2.23,6017034699.0,1.48,89.536,2.186,0.199
SH603277,银都股份,9242.0,11.31,11.2,0.98,6918484944.0,0.19,21.91,2.533,4.872
SH605080,浙江自然,9219.0,22.72,23.0,-1.22,3201457478.0,0.73,19.35,1.395,0.625
SH688182,灿勤科技,9219.0,26.07,26.91,-3.12,10428000000.0,0.92,83.639,4.554,0.384
SH603289,泰瑞机器,9186.0,11.04,11.36,-2.82,3239112529.0,3.09,74.258,2.235,1.359
SH605198,安德利,9181.0,64.75,65.68,-1.42,21230748000.0,1.76,84.08,7.996,0.473
SH688621,阳光诺和,9179.0,71.0,70.95,0.07,7952000000.0,1.38,160.211,6.618,0.256
SH688288,鸿泉技术,9175.0,19.48,19.77,-1.47,1944370954.0,1.07,-124.419,2.635,0.513
SH603499,翔港科技,9137.0,12.6,12.72,-0.94,5337765040.0,0.52,44.282,5.599,0.452
SH603817,海峡环保,9121.0,5.7,5.73,-0.52,3249479022.0,2.47,13.996,0.978,1.456
SH688302,海创药业-U,9112.0,33.34,32.29,3.25,3301180037.0,1.65,-25.082,3.277,
SH688636,智明达,9094.0,19.46,19.8,-1.72,3384218622.0,2.04,28.788,2.359,0.514
SH605008,长鸿高科,9078.0,13.71,13.98,-1.93,8856144696.0,0.54,-130.144,4.613,
SH603089,正裕工业,9044.0,9.46,9.53,-0.73,2608303925.0,0.97,-56.903,1.42,1.057
SH605128,上海沿浦,9018.0,23.75,23.62,0.55,7457185146.0,0.71,36.838,3.415,0.787
SH603331,百达精工,9003.0,12.38,12.39,-0.08,2502934374.0,1.27,-14.913,2.189,
SH688392,骄成超声,9001.0,156.44,161.6,-3.19,18105326838.0,2.26,111.448,9.57,0.374
SH603500,祥和实业,8979.0,10.05,10.44,-3.74,3344471622.0,6.45,23.481,3.21,2.189
SH688526,科前生物,8972.0,12.34,12.15,1.56,5752020211.0,0.22,18.287,1.427,5.186
SH688543,国科军工,8951.0,42.19,41.7,1.18,10573254168.0,1.43,46.265,4.577,1.778
SH600883,博闻科技,8941.0,8.16,8.21,-0.61,1926478080.0,1.2,77.857,1.954,0.429
SH688100,威胜信息,8910.0,24.61,24.38,0.94,12100372157.0,0.34,21.473,3.361,1.207
SH603209,兴通股份,8876.0,14.8,14.49,2.14,4810000000.0,1.76,13.844,1.402,1.338
SH605319,XD无锡振,8850.0,22.22,22.1,0.54,7779176760.0,0.7,16.584,2.704,2.025
SH688279,峰岹科技,8818.0,199.31,204.33,-2.46,22943387285.0,0.98,76.064,4.384,0.391
SH688030,山石网科,8802.0,19.59,19.38,1.08,3530868140.0,3.21,-25.567,5.082,
SH600935,华塑股份,8792.0,2.31,2.3,0.43,8303844909.0,0.41,-81.828,1.412,
SH688635,长进光子,8787.0,251.5,258.7,-2.78,23558005000.0,5.34,253.183,15.613,
SH603395,红四方,8776.0,24.94,24.62,1.3,6484400000.0,9.5,193.399,4.587,0.257
SH603153,上海建科,8702.0,13.68,13.48,1.48,5606899930.0,0.54,14.997,1.477,1.974
SH603125,常青科技,8688.0,20.94,20.77,0.82,8477273693.0,0.92,37.215,3.295,0.191
SH603102,百合股份,8679.0,37.29,36.87,1.14,2386560000.0,1.72,20.118,1.393,1.958
SH688238,和元生物,8656.0,8.85,8.54,3.63,5743974795.0,8.66,-24.769,4.391,
SH603725,天安新材,8646.0,11.77,12.03,-2.16,3588174894.0,3.82,43.292,4.101,1.011
SH688500,慧辰股份,8644.0,30.27,30.85,-1.88,2299243756.0,1.76,-34.005,3.235,
SH688628,优利德,8633.0,85.99,88.07,-2.36,9664664439.0,6.94,50.026,7.244,0.926
SH688558,国盛智科,8628.0,32.8,33.6,-2.38,4329600000.0,0.72,25.652,2.53,2.268
SH603192,汇得科技,8624.0,19.93,19.85,0.4,3330511288.0,1.16,46.313,1.527,1.882
SH605365,立达信,8622.0,14.53,14.51,0.14,7294247088.0,0.77,34.869,1.955,1.445
SH688198,佰仁医疗,8608.0,68.58,68.4,0.26,9446766961.0,0.29,56.889,7.535,1.167
SH601065,江盐集团,8602.0,6.67,6.64,0.45,4287316447.0,0.45,29.157,0.964,1.799
SH605018,长华集团,8599.0,11.66,11.83,-1.44,5480967146.0,1.86,68.793,1.983,1.278
SH603320,迪贝电气,8597.0,18.07,18.02,0.28,2695071888.0,0.65,37.985,2.269,0.941
SH605033,美邦股份,8584.0,19.6,19.49,0.56,2649920000.0,1.44,41.669,2.226,0.765
SH688807,优迅股份,8560.0,300.21,310.06,-3.18,24016800000.0,5.58,236.982,13.282,0.12
SH688212,澳华内镜,8544.0,28.12,27.83,1.04,3786786830.0,1.32,-113.368,3.097,
SH603206,嘉环科技,8544.0,13.54,13.8,-1.88,4132407838.0,0.65,105.082,1.813,0.443
SH688314,康拓医疗,8508.0,30.2,30.58,-1.24,2465173814.0,0.87,28.968,3.306,1.55
SH603072,天和磁材,8476.0,29.39,29.75,-1.21,7767189200.0,0.89,41.415,3.538,0.851
SH603677,奇精机械,8453.0,14.35,14.42,-0.49,2763822413.0,0.51,210.66,2.477,1.394
SH688152,麒麟信安,8422.0,40.69,41.44,-1.81,4146232712.0,8.46,-82.729,3.403,
SH605303,园林股份,8419.0,28.66,26.05,10.02,4621064113.0,0.11,-27.759,5.873,
SH603880,南卫股份,8399.0,8.45,8.63,-2.09,2442404900.0,2.35,-22.926,15.322,
SH688428,诺诚健华,8393.0,29.11,28.88,0.8,51515621726.0,5.18,56.061,6.706,
SH688015,交控科技,8376.0,17.04,16.8,1.43,3215119844.0,1.35,20.149,1.216,2.465
SH603303,得邦照明,8369.0,27.63,28.09,-1.64,13177978607.0,0.51,66.604,4.246,1.274
SH688315,诺禾致源,8344.0,19.77,18.9,4.6,8228274000.0,7.26,54.369,3.069,0.223
SH603057,紫燕食品,8335.0,17.84,17.74,0.56,7405651600.0,0.46,37.297,3.505,1.009
SH688026,洁特生物,8327.0,27.61,24.54,12.51,3875462934.0,10.12,170.618,3.567,0.261
SH603280,南方路机,8290.0,27.51,27.2,1.14,2982267409.0,1.65,43.192,2.165,1.018
SH601956,东贝集团,8266.0,5.02,5.07,-0.99,3120515282.0,1.05,-74.593,1.325,1.972
SH603617,君禾股份,8265.0,6.74,6.85,-1.61,2627328411.0,1.02,50.45,1.676,0.742
SH688351,微电生理,8257.0,17.06,16.97,0.53,8028436000.0,0.49,137.24,4.426,0.123
SH605180,华生科技,8234.0,13.9,14.18,-1.97,2349100000.0,2.32,4109.915,2.078,0.504
SH605050,福然德,8234.0,10.05,9.99,0.6,4952933269.0,0.22,12.955,1.107,3.97
SH605377,华旺科技,8203.0,8.08,7.92,2.02,4497895765.0,0.77,18.247,1.147,5.074
SH603193,润本股份,8196.0,20.25,20.0,1.25,8193014609.0,1.77,23.271,3.5,2.667
SH688606,奥泰生物,8193.0,49.8,46.62,6.82,3767586779.0,1.44,27.1,1.05,2.044
SH600561,江西长运,8167.0,6.02,6.07,-0.82,1712550336.0,1.04,105.961,1.812,
SH603351,威尔药业,8166.0,27.46,27.21,0.92,3719158565.0,0.83,23.997,2.079,2.185
SH600265,*ST景谷,8164.0,22.95,22.55,1.77,2978910000.0,0.3,-24.458,9.023,
SH603082,北自科技,8142.0,41.25,42.0,-1.79,6871140746.0,11.12,47.004,3.932,1.423
SH688093,世华科技,8123.0,22.05,22.24,-0.85,6182440542.0,0.34,18.835,2.194,3.156
SH688652,京仪装备,8097.0,130.68,134.68,-2.97,21954240000.0,2.14,146.585,9.662,0.096
SH603159,上海亚虹,8091.0,22.38,22.92,-2.36,3133200000.0,1.75,-434.96,6.31,
SH688148,芳源股份,8090.0,5.92,5.89,0.51,3020224474.0,2.05,33.303,8.181,
SH688369,致远互联,8073.0,19.49,19.72,-1.17,2245600204.0,2.23,-10.745,3.066,
SH688687,凯因科技,8027.0,18.91,18.41,2.72,3232559020.0,3.1,324.496,1.895,1.322
SH605288,凯迪股份,8021.0,71.83,65.3,10.0,7087647183.0,3.0,1304.794,3.274,0.738
SH603237,五芳斋,8017.0,15.2,15.15,0.33,2979378235.0,0.72,23.428,1.665,3.276
SH688433,华曙高科,8005.0,78.78,80.98,-2.72,32793777464.0,0.76,449.65,15.276,0.065
SH688075,安旭生物,7955.0,30.96,30.1,2.86,3934483643.0,1.02,-7480.83,0.783,2.571
SH603819,神力股份,7950.0,16.06,16.54,-2.9,3496746803.0,2.85,109.52,4.282,0.249
SH603139,康惠股份,7946.0,34.18,34.94,-2.18,3638618228.0,1.24,-12.805,6.381,
SH688603,天承科技,7943.0,111.5,112.6,-0.98,13906784426.0,3.11,124.663,11.197,0.126
SH688613,奥精医疗,7940.0,20.1,20.5,-1.95,2753872538.0,3.74,319.531,1.917,0.149
SH688786,悦安新材,7935.0,26.12,26.69,-2.14,4527130415.0,1.76,55.724,5.678,0.636
SH688505,复旦张江,7915.0,8.55,8.23,3.89,8862691455.0,1.77,-70.194,4.117,
SH603356,华菱精工,7905.0,16.51,16.6,-0.54,2201443400.0,1.67,-15.943,8.053,
SH900934,锦江B股,7870.0,1.478,1.483,-0.34,1572707967.0,0.11,9.587,0.662,5.007
SH688590,新致软件,7863.0,11.84,12.15,-2.55,3704323317.0,1.35,-22.038,2.089,0.245
SH688349,三一重能,7837.0,13.24,13.13,0.84,21095772016.0,0.4,28.69,1.51,2.145
SH603173,福斯达,7833.0,29.9,28.78,3.89,4784000000.0,0.81,14.888,2.394,2.716
SH603170,宝立食品,7826.0,13.68,13.53,1.11,5472136800.0,3.02,19.941,3.671,3.289
SH603992,松霖科技,7819.0,19.39,19.27,0.62,8590580890.0,0.38,32.173,2.387,2.811
SH601686,友发集团,7819.0,5.0,4.97,0.6,7396736630.0,0.28,11.015,1.072,5.8
SH688358,祥生医疗,7815.0,28.95,28.9,0.17,3246036496.0,0.45,28.041,2.373,4.249
SH603578,三星新材,7799.0,14.35,14.38,-0.21,3358769093.0,1.97,-18.766,2.43,
SH688739,成大生物,7784.0,21.02,20.55,2.29,8753779000.0,0.59,204.641,0.938,0.471
SH688201,ST信安,7766.0,7.69,7.7,-0.13,2438912845.0,0.58,103.929,1.918,0.325
SH688053,ST思科瑞,7747.0,39.39,39.39,0.0,3939000000.0,0.43,-287.231,2.465,
SH603124,江南新材,7742.0,119.85,120.2,-0.29,17467562100.0,6.18,63.811,8.992,0.384
SH603829,洛凯股份,7720.0,15.49,15.68,-1.21,2885262803.0,1.04,56.31,1.902,0.968
SH688665,四方光电,7661.0,41.08,42.6,-3.57,4156981368.0,0.81,32.262,3.42,0.974
SH688128,中国电研,7649.0,22.13,21.81,1.47,8951585000.0,0.31,16.578,2.488,3.615
SH603863,松炀资源,7644.0,12.38,12.11,2.23,2533567000.0,5.45,-13.535,11.621,
SH603680,今创集团,7641.0,10.02,10.01,0.1,7852862045.0,0.3,12.128,1.309,3.194
SH605268,王力安防,7636.0,10.12,10.22,-0.98,4458366000.0,1.15,35.096,2.524,2.47
SH688533,上声电子,7627.0,19.91,19.94,-0.15,3284893340.0,0.28,23.875,1.885,1.758
SH688382,益方生物-U,7625.0,19.07,18.2,4.78,11052819516.0,2.84,-33.041,7.833,
SH688381,帝奥微,7600.0,41.4,42.26,-2.04,10246500000.0,2.64,133.463,3.853,0.227
SH605056,咸亨国际,7591.0,13.48,13.73,-1.82,5518620336.0,1.09,21.12,3.147,2.893
SH603071,物产环能,7583.0,12.49,12.34,1.22,6968850981.0,0.33,9.988,1.173,3.763
SH603004,鼎龙科技,7537.0,19.87,19.14,3.81,4679782400.0,12.73,40.938,2.229,1.007
SH605166,聚合顺,7531.0,8.42,8.45,-0.36,2650060078.0,1.0,27.256,1.327,0.748
SH605138,盛泰集团,7515.0,6.19,6.18,0.16,3438988699.0,0.44,21.574,1.411,0.872
SH688357,建龙微纳,7479.0,26.31,26.88,-2.12,2632575311.0,0.68,30.08,1.513,1.14
SH688071,华依科技,7459.0,35.19,36.4,-3.32,2983750388.0,2.28,-61.094,2.925,
SH688190,云路股份,7428.0,65.78,67.14,-2.03,7893600000.0,0.46,31.496,2.943,2.052
SH688722,同益中,7392.0,14.56,14.47,0.62,3262971712.0,1.06,28.948,2.219,0.687
SH688269,凯立新材,7265.0,26.48,26.54,-0.23,3461041920.0,0.7,34.158,3.246,1.133
SH603207,小方制药,7205.0,24.46,24.14,1.33,3957225927.0,5.17,20.587,3.437,3.087
SH603768,常青股份,7198.0,12.14,11.81,2.79,2888784104.0,2.94,-17.402,1.312,
SH688293,奥浦迈,7194.0,79.61,74.56,6.77,11320080182.0,6.89,88.311,3.603,0.502
SH688682,霍莱沃,7176.0,33.65,33.2,1.36,3426878817.0,4.8,-177.108,5.755,0.594
SH603685,晨丰科技,7166.0,24.82,25.08,-1.04,6278233098.0,0.54,218.736,3.146,0.121
SH688101,三达膜,7152.0,14.21,14.29,-0.56,4717891458.0,0.53,12.863,1.049,0.985
SH603033,三维股份,7129.0,7.71,7.64,0.92,7950271001.0,0.54,-14.591,3.238,
SH601121,宝地矿业,7124.0,7.03,6.91,1.74,6919226518.0,0.83,25.808,1.553,1.465
SH688011,新光光电,7116.0,59.24,61.07,-3.0,5894380000.0,1.97,-116.141,5.708,
SH603836,海程邦达,7082.0,9.55,9.66,-1.14,2733299121.0,0.61,46.081,1.572,1.476
SH605287,德才股份,7074.0,37.39,33.99,10.0,5234600000.0,5.47,78.059,3.287,0.134
SH605189,富春染织,7047.0,13.73,13.72,0.07,3270965712.0,1.58,13.457,1.27,0.75
SH688176,亚虹医药-U,7020.0,14.6,13.75,6.18,8354005653.0,4.01,-16.953,6.17,
SH688586,江航装备,7014.0,10.9,10.91,-0.09,8625596800.0,0.35,180.321,3.47,0.239
SH603216,梦天家居,7008.0,21.38,21.7,-1.47,4761112200.0,1.91,77.985,2.664,0.935
SH603273,天元智能,6997.0,14.52,14.7,-1.22,3128092968.0,2.03,132.848,3.487,0.207
SH688058,宝兰德,6990.0,25.6,26.22,-2.36,1941415526.0,1.36,-29.45,3.279,
SH688090,瑞松科技,6975.0,77.28,78.3,-1.3,12266072095.0,2.56,224.328,13.083,0.1
SH688765,禾元生物-U,6961.0,39.84,39.47,0.94,14242800000.0,6.04,-103.085,5.009,
SH688376,美埃科技,6937.0,55.97,57.2,-2.15,7570051306.0,0.7,71.105,3.799,0.268
SH603922,ST金鸿顺,6923.0,12.02,12.15,-1.07,2153984000.0,0.36,-21.943,2.299,
SH688522,纳睿雷达,6920.0,17.82,17.86,-0.22,7556437813.0,1.36,66.018,3.207,0.241
SH900926,宝信B,6915.0,0.813,0.836,-2.75,2323476063.0,0.41,11.991,1.405,4.182
SH603926,铁流股份,6914.0,16.75,16.84,-0.53,3902525734.0,0.86,39.981,2.218,0.776
SH605151,西上海,6907.0,18.61,18.78,-0.91,2504054071.0,0.74,73.69,1.798,
SH688189,ST南新,6886.0,6.44,6.41,0.47,1757021426.0,0.63,-13.106,2.264,
SH603255,鼎际得,6837.0,30.88,30.82,0.19,4138820677.0,1.98,81.516,2.576,0.113
SH688046,药康生物,6830.0,37.94,34.98,8.46,15562464428.0,4.04,85.252,6.863,0.841
SH688080,映翰通,6829.0,36.65,37.24,-1.58,2699497238.0,0.95,22.703,2.265,0.3
SH688589,力合微,6822.0,20.13,20.62,-2.38,2925463067.0,1.45,194.929,3.052,0.497
SH688280,精进电动-W,6781.0,4.93,5.0,-1.4,2909792818.0,1.37,-45.03,5.209,
SH688685,迈信林,6768.0,41.11,39.7,3.55,6037072030.0,9.11,-473.986,7.468,0.109
SH688729,屹唐股份,6747.0,21.95,22.59,-2.83,64874542000.0,1.39,90.271,7.103,0.123
SH603344,星德胜,6725.0,21.97,22.35,-1.7,4273845631.0,3.27,28.287,1.962,
SH688458,美芯晟,6714.0,36.81,37.81,-2.64,4105663313.0,1.39,-169.581,2.254,
SH603048,浙江黎明,6706.0,25.27,24.59,2.77,3711657600.0,1.8,134.121,2.974,1.1
SH688443,智翔金泰-U,6670.0,25.3,24.14,4.81,9277004000.0,3.91,-16.492,7.239,
SH603408,建霖家居,6661.0,11.59,11.6,-0.09,5187371070.0,0.39,12.702,1.527,5.522
SH688056,莱伯泰科,6647.0,49.9,48.31,3.29,3365877754.0,6.01,103.004,4.168,0.299
SH688488,艾迪药业,6617.0,16.63,16.12,3.16,6997618097.0,2.53,-1208.74,7.649,
SH688055,龙腾光电,6614.0,3.62,3.65,-0.82,12066666908.0,0.2,-43.866,3.103,
SH688359,三孚新科,6596.0,105.0,106.0,-0.94,10466415435.0,3.47,-726.962,14.528,
SH688290,景业智能,6577.0,56.48,56.8,-0.56,5771675047.0,0.49,-121.442,4.562,
SH688656,浩欧博,6547.0,131.72,132.03,-0.23,8366672758.0,1.27,301.946,10.065,0.15
SH688767,博拓生物,6457.0,40.2,40.46,-0.64,6003200027.0,1.34,295.746,2.804,1.741
SH688529,豪森智能,6448.0,14.79,15.05,-1.73,2487322345.0,0.78,-2.048,3.753,
SH688625,呈和科技,6427.0,66.58,68.11,-2.25,17288624865.0,2.2,67.2,10.632,
SH603150,万朗磁塑,6373.0,66.4,68.49,-3.05,5676071200.0,2.53,58.943,3.265,0.271
SH688191,智洋创新,6361.0,19.45,20.0,-2.75,6379653254.0,1.11,-2328.84,7.624,0.365
SH688539,高华科技,6351.0,23.41,23.91,-2.09,4352387200.0,0.58,-9880.767,2.559,0.846
SH688360,德马科技,6296.0,15.77,16.03,-1.62,4159269169.0,1.43,45.077,2.776,0.698
SH688227,品高股份,6289.0,70.31,73.03,-3.72,7948916385.0,1.98,-246.223,6.281,
SH603790,雅运股份,6276.0,24.75,24.75,0.0,4736160000.0,1.25,52.726,3.627,0.525
SH688439,振华风光,6257.0,36.7,37.04,-0.92,7340000000.0,0.73,75.026,1.472,0.463
SH603095,越剑智能,6237.0,14.01,14.11,-0.71,3618351492.0,1.22,68.747,1.538,
SH688577,浙海德曼,6210.0,39.23,39.18,0.13,6111705253.0,0.48,68.952,5.978,0.729
SH688768,容知日新,6201.0,52.3,52.3,0.0,4601809690.0,2.01,151.218,4.434,0.574
SH603909,建发合诚,6169.0,10.13,10.17,-0.39,2640618908.0,2.26,22.726,2.254,1.481
SH688826,频准激光,6152.0,718.95,737.75,-2.55,28758000000.0,6.63,162.592,12.517,
SH688219,会通股份,6145.0,10.19,10.17,0.2,5590574346.0,0.5,28.395,1.857,1.462
SH688226,威腾电气,6144.0,30.49,29.77,2.42,5978654274.0,4.57,189.821,2.973,0.167
SH900911,金桥B股,6118.0,0.698,0.694,0.58,783444199.0,0.13,5.145,0.357,8.166
SH688255,凯尔达,6089.0,25.98,26.47,-1.85,2854133443.0,1.16,54.806,2.67,0.558
SH603813,原尚股份,6087.0,25.92,25.91,0.04,2721988800.0,0.42,-32.575,5.728,
SH688307,中润光学,6049.0,43.93,44.84,-2.03,5493912158.0,1.88,73.941,5.977,0.646
SH688552,航天南湖,5953.0,28.98,29.06,-0.28,9773447040.0,0.43,-568.371,3.786,0.1
SH688393,安必平,5936.0,22.45,22.24,0.94,2100594843.0,2.94,-62.221,1.847,0.445
SH688087,英科再生,5916.0,32.15,31.95,0.63,6209595354.0,0.61,21.156,2.109,0.681
SH688157,松井股份,5913.0,18.51,18.87,-1.91,3474647149.0,1.22,1206.994,2.603,0.178
SH688209,英集芯,5911.0,31.79,32.44,-2.0,13789994918.0,2.26,59.982,5.946,0.195
SH688583,思看科技,5878.0,77.53,80.1,-3.21,9595112800.0,2.57,171.315,8.088,0.184
SH603135,中重科技,5847.0,8.53,8.59,-0.7,5410212892.0,0.7,-1287.272,1.815,0.551
SH688345,博力威,5778.0,46.94,47.08,-0.3,4781887640.0,1.25,51.783,3.779,0.422
SH688330,宏力达,5766.0,36.7,36.85,-0.41,5138000000.0,0.79,6.193,1.114,1.248
SH603321,梅轮电梯,5712.0,7.21,7.14,0.98,2509256421.0,1.93,71.075,1.743,0.693
SH603291,XD联合水,5704.0,8.53,8.6,-0.81,3610071752.0,0.4,38.299,2.057,3.283
SH605298,必得科技,5703.0,40.88,41.92,-2.48,7679308000.0,0.25,138.304,7.279,0.489
SH688291,金橙子,5683.0,39.36,40.56,-2.96,4040961312.0,1.21,55.249,3.943,0.254
SH688600,皖仪科技,5659.0,34.91,34.95,-0.11,4702673386.0,1.96,55.313,5.895,0.533
SH688435,英方软件,5634.0,29.74,30.46,-2.36,2483290000.0,3.11,-102.984,2.308,
SH605177,东亚药业,5628.0,24.26,24.82,-2.26,2782765474.0,4.93,-16.317,1.75,
SH688073,毕得医药,5619.0,76.6,74.28,3.12,6961633817.0,5.76,38.327,3.376,1.436
SH688588,凌志软件,5606.0,8.85,9.05,-2.21,3451588527.0,0.61,-113.005,3.138,2.237
SH605122,四方新材,5600.0,12.28,12.24,0.33,2116507120.0,1.34,-7.627,1.218,
SH688410,XD山外山,5526.0,9.38,9.11,2.96,4196995361.0,1.96,22.66,2.317,3.657
SH688737,中自科技,5477.0,16.76,17.08,-1.87,2003901171.0,1.25,-18.22,1.172,
SH688162,巨一科技,5451.0,25.86,25.8,0.23,3545426042.0,1.13,41.68,1.465,0.77
SH600925,苏能股份,5440.0,4.18,4.1,1.95,28795555556.0,0.12,155.384,1.874,0.478
SH688553,汇宇制药-W,5413.0,12.85,12.17,5.59,8042826038.0,3.73,70.92,2.156,1.051
SH688670,金迪克,5411.0,18.73,18.26,2.57,2307536000.0,2.1,-12.152,2.202,
SH688292,浩瀚深度,5400.0,22.05,22.7,-2.86,3491638470.0,4.01,-65.076,3.659,0.272
SH605259,绿田机械,5372.0,17.39,17.3,0.52,2999427200.0,0.2,15.499,1.632,1.725
SH688398,赛特新材,5364.0,22.13,22.81,-2.98,3713728357.0,0.79,269.761,3.635,0.226
SH605158,华达新材,5363.0,7.61,7.75,-1.81,3891906200.0,0.75,145.613,1.582,0.644
SH900942,黄山B股,5347.0,0.66,0.661,-0.15,481390430.0,0.03,10.897,0.66,3.03
SH603137,恒尚节能,5343.0,17.78,17.98,-1.11,3252554679.0,2.78,-64.209,2.732,
SH688051,佳华科技,5319.0,25.03,25.54,-2.0,1935670020.0,1.59,-14.104,3.573,
SH688793,倍轻松,5285.0,18.32,18.8,-2.55,1557257140.0,3.13,-14.38,8.456,
SH688246,嘉和美康,5284.0,17.69,17.5,1.09,2433889229.0,1.76,-11.362,1.988,
SH688486,龙迅股份,5275.0,47.03,47.04,-0.02,8788552959.0,1.97,48.107,5.779,1.571
SH605318,法狮龙,5274.0,70.29,71.46,-1.64,8837493378.0,0.79,-723.808,14.089,
SH605155,西大门,5256.0,14.25,14.42,-1.18,2714901051.0,1.1,26.434,2.003,2.112
SH605500,森林包装,5255.0,7.39,7.42,-0.4,3062416000.0,0.5,79.972,1.194,0.947
SH688620,安凯微,5227.0,16.15,16.78,-3.75,6330800000.0,3.84,-124.541,4.823,
SH688244,永信至诚,5106.0,22.54,21.24,6.12,3402672638.0,14.72,-56.336,3.708,
SH605566,福莱蒽特,5090.0,32.07,32.02,0.16,4276213800.0,2.6,83.202,2.075,0.309
SH688619,罗普特,5081.0,13.53,14.06,-3.77,2508976708.0,1.38,-11.32,3.874,
SH688232,新点软件,5054.0,17.66,17.66,0.0,5686201679.0,0.52,161.761,1.086,0.561
SH688789,宏华数科,5042.0,50.0,50.93,-1.83,9012805350.0,1.77,23.176,2.649,1.18
SH688566,吉贝尔,4987.0,27.46,27.8,-1.22,5522250623.0,1.4,26.106,2.195,1.894
SH688210,统联精密,4977.0,27.19,27.45,-0.95,4422739213.0,1.19,-65.855,3.563,
SH688648,中邮科技,4975.0,28.54,28.59,-0.17,3881440000.0,1.6,-42.477,1.823,0.876
SH688799,华纳药厂,4967.0,57.21,56.59,1.1,7645372770.0,2.42,32.988,3.6,0.313
SH688796,百奥赛图,4945.0,126.77,121.7,4.17,56653312703.0,8.47,154.666,23.394,
SH688633,星球石墨,4880.0,21.77,21.85,-0.37,3709621715.0,0.66,14.987,1.55,2.747
SH688563,航材股份,4880.0,50.09,50.12,-0.06,22508419759.0,1.61,46.284,2.156,0.811
SH688557,兰剑智能,4872.0,20.86,20.97,-0.52,3094007934.0,0.51,27.63,2.531,1.083
SH688669,聚石化学,4860.0,60.5,62.65,-3.43,7340666707.0,0.97,-27.959,7.051,
SH688758,赛分科技,4859.0,30.13,30.03,0.33,12548062851.0,5.94,68.376,9.041,0.232
SH688579,地纬智能,4852.0,7.84,7.94,-1.26,3136078400.0,0.66,242.825,2.275,0.638
SH603275,众辰科技,4843.0,36.67,37.0,-0.89,5451173386.0,1.52,29.323,1.786,0.33
SH688265,南模生物,4842.0,64.98,54.21,19.87,5066069075.0,8.61,226.713,2.949,0.191
SH688156,路德科技,4835.0,22.62,23.05,-1.87,2278154231.0,2.36,-47.361,2.953,
SH688581,安杰思,4798.0,56.39,56.5,-0.19,4552965592.0,1.86,21.294,1.795,1.851
SH688496,*ST清越,4784.0,0.58,0.58,0.0,261000000.0,,-0.878,0.368,
SH688273,麦澜德,4770.0,29.5,29.42,0.27,2950000000.0,0.76,39.104,2.209,2.651
SH603201,常润股份,4727.0,15.26,15.23,0.2,2899090558.0,1.06,14.566,1.629,1.9
SH603257,中国瑞林,4719.0,64.2,64.4,-0.31,7704000000.0,2.79,42.469,3.019,0.779
SH688230,芯导科技,4712.0,58.0,59.1,-1.86,6820800000.0,0.62,51.882,2.971,0.741
SH688517,金冠电气,4703.0,18.7,18.27,2.35,2554666541.0,5.01,44.972,3.42,2.578
SH688513,苑东生物,4696.0,51.16,50.36,1.59,9031390217.0,1.31,32.576,3.079,0.946
SH603325,博隆技术,4694.0,53.46,52.81,1.23,4277013840.0,0.79,16.113,1.553,1.871
SH900910,海立B股,4689.0,0.626,0.629,-0.48,671913598.0,0.08,22.288,0.726,0.639
SH688078,龙软科技,4661.0,30.2,30.6,-1.31,2201368600.0,1.87,-30.066,3.328,
SH603312,西典新能,4634.0,32.9,32.9,0.0,5263983550.0,1.63,25.602,2.91,1.976
SH601033,永兴股份,4633.0,14.18,14.1,0.57,12762000000.0,0.61,13.847,1.184,4.443
SH603407,长裕集团,4574.0,57.46,57.89,-0.74,23436510773.0,7.36,85.461,10.934,
SH603041,美思德,4552.0,11.53,11.66,-1.11,2111692889.0,0.95,34.161,1.38,1.032
SH605003,众望布艺,4551.0,24.21,24.47,-1.06,2663100000.0,0.77,39.065,1.859,2.065
SH688282,理工导航,4504.0,50.38,50.74,-0.71,4489220736.0,0.41,-220.579,3.49,
SH900912,外高B股,4498.0,0.642,0.64,0.31,873063644.0,0.13,6.209,0.376,7.944
SH688225,亚信安全,4464.0,15.7,16.28,-3.56,6280157000.0,3.7,-18.206,4.308,
SH900936,鄂资B股,4451.0,1.284,1.268,1.26,3593628710.0,0.12,8.637,1.126,7.944
SH603062,麦加芯彩,4402.0,36.84,36.6,0.66,3978720000.0,0.75,28.837,1.964,3.621
SH688659,元琛科技,4391.0,9.1,9.33,-2.47,1456000000.0,1.96,-24.901,2.936,
SH688325,赛微微电,4390.0,107.5,109.0,-1.38,9295140903.0,0.83,104.244,5.483,1.177
SH603350,安乃达,4376.0,28.27,28.66,-1.36,3292889600.0,0.87,38.059,2.436,1.061
SH688004,博汇科技,4368.0,29.95,31.04,-3.51,2398635600.0,10.49,-90.964,4.275,
SH688310,迈得医疗,4316.0,15.22,15.6,-2.44,2501020412.0,0.7,58.801,3.224,1.616
SH688197,首药控股-U,4308.0,37.7,37.66,0.11,5606719231.0,3.2,-65.559,9.056,
SH603190,亚通精工,4302.0,16.29,16.38,-0.55,2840259240.0,0.63,21.948,1.266,1.314
SH688593,新相微,4302.0,30.89,29.93,3.21,14194863537.0,3.02,1489.898,9.223,0.146
SH688236,春立医疗,4296.0,14.23,14.11,0.85,5458179755.0,0.45,19.632,1.791,3.443
SH900916,凤凰B股,4273.0,0.556,0.561,-0.89,275383618.0,0.58,19.519,0.898,1.619
SH688253,英诺特,4263.0,54.32,54.35,-0.06,7494437187.0,0.54,148.348,3.668,0.81
SH688708,佳驰科技,4237.0,38.3,38.39,-0.23,15338292080.0,0.67,38.924,4.523,1.303
SH688021,奥福科技,4214.0,19.81,20.27,-2.27,1513755734.0,1.36,42.961,1.714,0.757
SH688501,青达环保,4194.0,14.9,15.3,-2.61,2591354360.0,1.73,21.807,2.272,1.342
SH603271,永杰新材,4190.0,38.42,38.25,0.44,7612346700.0,0.67,10.238,2.245,2.535
SH603402,陕西旅游,4156.0,58.85,59.78,-1.56,5916386706.0,5.19,19.429,2.064,2.613
SH688607,康众科技,4150.0,35.55,36.03,-1.33,3132986910.0,1.21,-105.718,3.739,
SH603091,众鑫股份,4146.0,45.32,45.2,0.27,6486846929.0,0.78,18.866,2.845,1.514
SH603307,扬州金泉,4140.0,25.49,25.62,-0.51,2499971260.0,0.95,23.564,1.792,4.292
SH688489,三未信安,4101.0,27.4,27.78,-1.37,4646452133.0,1.45,-173.23,2.618,
SH688163,赛伦生物,4079.0,40.0,38.0,5.26,4328800000.0,2.57,79.483,3.864,0.95
SH603194,中力股份,4064.0,33.03,32.77,0.79,13245030000.0,0.34,15.78,2.367,1.968
SH688057,金达莱,4062.0,18.51,18.8,-1.54,5108760000.0,0.72,139.141,1.614,1.08
SH900902,市北B股,4041.0,0.162,0.161,0.62,303475378.0,0.04,-8.339,0.338,
SH688211,中科微至,4035.0,31.85,32.42,-1.76,4175307655.0,0.55,-238.596,1.178,
SH688569,铁科轨道,4015.0,18.5,18.46,0.22,3897333950.0,0.27,20.199,1.307,2.146
SH688693,锴威特,4008.0,70.2,72.27,-2.86,5172631612.0,2.11,-56.587,6.799,
SH688710,益诺思,3959.0,105.2,96.8,8.68,14831055498.0,6.06,621.942,6.267,
SH603107,上海汽配,3951.0,12.23,12.12,0.91,4125607050.0,0.92,30.363,1.966,2.453
SH688151,华强科技,3916.0,16.65,16.64,0.06,5735925000.0,0.59,119.071,1.36,0.414
SH688252,天德钰,3898.0,20.4,20.87,-2.25,8344035356.0,0.74,38.073,3.327,0.559
SH688511,天微电子,3877.0,21.73,22.22,-2.21,2904820441.0,0.93,363.37,3.554,1.063
SH603235,天新药业,3861.0,25.96,25.14,3.26,11364768800.0,0.3,20.481,2.275,2.107
SH688231,隆达股份,3846.0,31.31,32.3,-3.07,10006027539.0,0.78,77.998,3.509,0.987
SH688355,明志科技,3838.0,16.7,16.98,-1.65,2070066402.0,0.57,39.312,1.953,2.982
SH688612,威迈斯,3814.0,32.94,33.18,-0.72,13807904754.0,0.84,24.1,3.841,1.998
SH688373,盟科药业-U,3812.0,5.78,5.73,0.87,3793000036.0,1.63,-26.996,23.278,
SH688565,力源科技,3783.0,11.58,11.71,-1.11,1733873400.0,0.97,167.779,3.493,0.259
SH688329,艾隆科技,3758.0,23.95,23.86,0.38,1848940000.0,2.16,142.486,2.391,1.04
SH603182,嘉华股份,3756.0,13.69,13.64,0.37,2252689500.0,0.9,25.289,1.996,2.922
SH603014,威高血净,3754.0,30.79,30.88,-0.29,21392854529.0,0.77,43.498,1.359,1.114
SH688098,申联生物,3753.0,8.46,8.43,0.36,3474048240.0,0.58,-129.766,2.506,
SH688247,宣泰医药,3735.0,10.09,9.87,2.23,4574200600.0,1.67,144.758,3.468,0.248
SH688448,磁谷科技,3721.0,67.29,65.19,3.22,6562049473.0,2.21,982.857,6.396,
SH688573,信宇人,3699.0,17.08,16.96,0.71,1669644947.0,12.17,-3.484,5.553,
SH688309,恒誉科技,3664.0,74.0,73.71,0.39,5875693906.0,1.21,55.372,6.998,0.23
SH688081,兴图新科,3648.0,25.02,25.4,-1.5,2578060800.0,1.16,-37.423,7.069,
SH688512,慧智微-U,3640.0,16.28,16.47,-1.15,8032266612.0,7.17,-26.737,4.464,
SH603172,万丰股份,3639.0,19.98,19.81,0.86,2664932400.0,3.49,47.448,2.376,0.35
SH688334,西高院,3633.0,17.98,17.94,0.22,5692098799.0,0.37,22.305,1.908,2.497
SH688335,复洁科技,3627.0,17.46,17.38,0.46,2584683976.0,1.42,-2791.334,2.323,1.134
SH688618,三旺通信,3617.0,27.96,28.69,-2.54,3076937830.0,0.97,157.315,3.805,0.565
SH603285,键邦股份,3610.0,37.0,36.72,0.76,5920000000.0,4.01,43.562,3.444,0.7
SH688468,科美诊断,3606.0,6.69,6.58,1.67,2683412520.0,0.94,76.433,1.881,
SH688371,菲沃泰,3596.0,21.81,22.66,-3.75,7316652084.0,1.36,-227.579,3.823,0.225
SH900946,天雁B股,3572.0,0.192,0.194,-1.03,205178445.0,0.3,-45.207,1.857,
SH603120,肯特催化,3551.0,56.05,57.75,-2.94,5066920000.0,5.88,60.157,4.175,0.714
SH688611,杭州柯林,3547.0,62.73,63.3,-0.9,9622129608.0,0.47,-225.256,11.402,
SH688084,晶品特装,3546.0,41.05,42.1,-2.49,3105804659.0,1.26,-118.67,2.0,
SH688130,晶华微,3542.0,25.7,26.48,-2.95,3106901116.0,3.1,-146.576,2.505,
SH603231,索宝蛋白,3542.0,17.26,17.3,-0.23,3304584152.0,2.95,20.599,1.649,2.144
SH603282,亚光股份,3526.0,17.08,17.32,-1.39,2285645600.0,0.8,28.38,1.737,1.335
SH603381,永臻股份,3512.0,14.72,14.79,-0.47,3492413119.0,1.14,-14.987,1.05,
SH688597,煜邦电力,3477.0,6.2,6.31,-1.74,2083573711.0,0.99,315.027,2.744,
SH603202,天有为,3452.0,51.3,51.04,0.51,8208000000.0,1.59,11.932,1.207,3.899
SH601112,振石股份,3437.0,15.82,16.3,-2.94,27532595926.0,2.74,34.639,4.197,1.087
SH601026,道生天合,3419.0,14.6,14.69,-0.61,9627240000.0,3.04,46.798,3.783,3.288
SH900938,海科B,3404.0,0.228,0.226,0.88,661049015.0,0.24,58.124,0.59,1.316
SH900906,中毅达B,3387.0,0.193,0.191,1.05,206755999.0,0.17,30.2,8.894,
SH688272,富吉瑞,3361.0,28.33,28.79,-1.6,2153080000.0,1.37,-24.289,5.582,
SH688562,航天软件,3329.0,14.26,14.47,-1.45,5704000000.0,0.49,-116.336,3.508,
SH688377,迪威尔,3326.0,16.74,16.81,-0.42,3909983010.0,0.84,38.779,2.074,0.998
SH688096,京源环保,3304.0,7.84,7.34,6.81,1832645464.0,6.78,-26.403,2.229,
SH603092,德力佳,3299.0,48.19,49.02,-1.69,19276004819.0,10.6,22.801,3.385,1.289
SH688485,九州一轨,3298.0,101.44,105.08,-3.46,15245626769.0,4.23,-495.666,12.328,
SH688113,联测科技,3293.0,36.95,37.4,-1.2,2379489805.0,1.07,25.088,2.308,0.917
SH900940,大名城B,3275.0,0.217,0.216,0.46,504514160.0,0.14,28.17,0.329,
SH688480,赛恩斯,3210.0,65.5,65.45,0.08,6359794485.0,0.51,50.792,5.083,0.629
SH688602,康鹏科技,3175.0,6.8,6.89,-1.31,3531750000.0,0.88,-25.968,1.314,
SH688653,康希通信,3166.0,14.28,14.68,-2.72,6061574400.0,2.95,703.219,4.132,
SH603418,友升股份,3166.0,48.48,48.17,0.64,9359958165.0,3.18,18.057,2.029,1.712
SH688646,逸飞激光,3162.0,71.25,72.77,-2.09,6709085820.0,2.29,-80.961,4.716,
SH688119,中钢洛耐,3151.0,3.81,3.82,-0.26,4286250000.0,0.58,-15.996,1.571,
SH688681,科汇股份,3151.0,15.49,15.67,-1.15,1621338300.0,1.07,36.346,2.65,1.233
SH603400,华之杰,3150.0,53.0,54.67,-3.05,6880993975.0,29.36,80.518,5.786,1.16
SH688338,赛科希德,3148.0,31.75,31.67,0.25,3370021200.0,1.6,40.062,1.976,0.803
SH688576,西山科技,3136.0,39.85,39.9,-0.13,2695581082.0,1.31,-339.698,1.602,0.838
SH688509,正元地信,3132.0,4.17,4.25,-1.88,3210900000.0,1.08,-16.222,3.034,
SH688592,司南导航,3084.0,22.1,22.58,-2.13,2566844523.0,1.79,210.682,2.694,0.249
SH688217,睿昂基因,3044.0,25.65,25.68,-0.12,1432703732.0,1.76,-21.618,1.721,
SH603075,热威股份,3028.0,19.73,19.95,-1.1,7939369737.0,4.92,24.359,3.881,3.548
SH900925,机电B股,3026.0,1.205,1.195,0.84,1213790168.0,0.11,11.671,0.575,1.909
SH688651,盛邦安全,3017.0,24.96,25.56,-2.35,2558224282.0,4.97,-49.543,2.88,
SH688805,健信超导,3014.0,38.83,38.5,0.86,6511014400.0,2.59,70.421,5.326,0.773
SH688060,云涌科技,2999.0,36.15,37.1,-2.56,2175894817.0,0.64,-96.52,2.478,
SH603151,邦基科技,2996.0,17.72,18.14,-2.32,3035113496.0,1.75,66.093,2.253,1.129
SH688013,天臣医疗,2994.0,24.81,24.8,0.04,2013470436.0,1.09,39.702,4.069,3.184
SH900924,上工B股,2973.0,0.303,0.303,0.0,216089443.0,0.08,-11.81,0.545,
SH688828,国仪公司-U,2962.0,82.68,84.1,-1.69,33072826800.0,5.97,-9345.831,23.337,
SH688092,爱科科技,2942.0,22.5,22.45,0.22,1859934150.0,0.69,58.335,2.846,0.933
SH688350,富淼科技,2937.0,29.0,29.22,-0.75,4154094212.0,0.98,955.802,2.25,0.252
SH688115,思林杰,2917.0,62.09,63.6,-2.37,5795356420.0,2.0,407.705,4.536,0.232
SH688391,钜泉科技,2854.0,26.16,26.45,-1.1,3024711283.0,0.9,159.434,1.638,1.147
SH688129,东来技术,2840.0,22.61,22.59,0.09,2724025668.0,0.61,26.72,2.566,1.128
SH688571,杭华股份,2825.0,8.11,8.27,-1.93,3440024377.0,0.69,30.812,2.067,1.837
SH688267,中触媒,2817.0,21.7,21.81,-0.5,4950557580.0,0.59,31.232,1.723,2.295
SH688718,唯赛勃,2780.0,14.67,14.85,-1.21,2548976887.0,0.66,48.221,3.113,0.784
SH688069,德林海,2740.0,34.72,35.55,-2.33,5438299010.0,0.69,56.579,4.357,1.002
SH688283,坤恒顺维,2729.0,28.84,29.49,-2.2,3512712000.0,2.0,78.4,3.638,0.895
SH688237,超卓航科,2723.0,58.93,58.4,0.91,5284957431.0,1.07,335.504,4.339,0.568
SH688125,安达智能,2707.0,114.1,115.01,-0.79,9419901574.0,1.11,-139.22,5.137,
SH688466,金科环境,2684.0,14.0,14.26,-1.82,1710158128.0,0.76,84.475,1.515,2.05
SH688811,有研复材,2606.0,18.67,19.22,-2.86,9366246205.0,4.36,129.094,5.963,0.225
SH688781,视涯科技-UW,2605.0,40.21,41.26,-2.54,40210000000.0,8.85,-281.241,9.914,
SH688790,昂瑞微-UW,2588.0,97.12,99.55,-2.44,9666517539.0,6.46,125.11,3.29,
SH688750,金天钛业,2586.0,13.79,13.85,-0.43,6377875000.0,0.44,123.707,2.565,0.167
SH601123,马矿股份,2569.0,16.72,17.01,-1.7,20642697776.0,16.37,31.342,,
SH688837,信诺维,2565.0,49.4,43.61,13.28,21513157341.0,37.29,52.662,9.698,
SH900923,百联B股,2551.0,0.573,0.567,1.06,1022328331.0,0.25,5.569,0.335,3.839
SH603276,恒兴新材,2521.0,17.5,17.58,-0.46,3633866198.0,2.36,47.045,2.029,0.857
SH688395,正弦电气,2513.0,26.2,26.33,-0.49,2268860264.0,1.32,52.185,2.866,0.687
SH688038,中科通达,2506.0,18.93,19.1,-0.89,2202948462.0,0.8,-2333.671,3.692,
SH900941,东信B股,2496.0,0.486,0.486,0.0,610416031.0,0.15,7.483,1.016,1.646
SH688712,北芯生命,2490.0,30.92,30.52,1.31,12893640000.0,4.17,104.372,7.077,
SH688683,莱尔科技,2464.0,29.39,30.3,-3.0,4734664342.0,0.61,100.788,3.914,0.272
SH900908,氯碱B股,2453.0,0.578,0.576,0.35,668399186.0,0.09,5.654,0.476,6.055
SH900903,大众B股,2442.0,0.18,0.182,-1.1,425542116.0,0.07,-16.592,0.301,1.667
SH688679,通源环境,2425.0,38.3,38.89,-1.52,5043714553.0,1.05,-131.58,4.622,
SH900947,振华B股,2413.0,0.251,0.25,0.4,1325092219.0,0.04,9.982,0.559,4.781
SH688296,和达科技,2413.0,25.6,25.21,1.55,2749264896.0,6.35,-35.891,4.938,
SH603334,丰倍生物,2355.0,31.8,31.5,0.95,4563300000.0,3.76,33.329,2.638,1.101
SH688251,井松智能,2354.0,18.45,18.84,-2.07,1856115479.0,1.51,-110.468,2.285,0.271
SH603370,华新精科,2329.0,27.53,27.35,0.66,4816373500.0,1.67,35.961,2.467,1.035
SH688285,高铁电气,2313.0,7.6,7.67,-0.91,2859803339.0,0.34,51.52,1.665,0.289
SH688759,必贝特-U,2298.0,21.69,21.57,0.56,9761295090.0,5.98,-54.993,6.128,
SH603205,健尔康,2288.0,21.74,21.55,0.88,3391440000.0,2.22,29.815,2.249,1.15
SH603310,巍华新材,2279.0,14.54,14.51,0.21,5021243600.0,0.35,31.9,1.246,1.376
SH603073,彩蝶实业,2276.0,20.88,19.72,5.88,2422080000.0,7.83,48.485,1.744,0.479
SH688657,浩辰软件,2268.0,33.38,33.78,-1.18,3185132017.0,1.29,68.768,2.276,1.225
SH688171,纬德信息,2255.0,23.99,23.91,0.33,2803249732.0,2.79,2778.835,3.44,0.133
SH603382,海阳科技,2253.0,19.11,18.84,1.43,3463713642.0,1.39,34.407,1.929,0.523
SH688806,泰诺麦博-U,2252.0,30.67,25.56,19.99,14124951647.0,23.59,-27.667,15.041,
SH688175,高凌信息,2242.0,28.99,28.07,3.28,4873569779.0,6.83,-732.275,2.853,0.266
SH900945,海控B股,2220.0,0.201,0.199,1.01,8686342140.0,0.02,26.56,10.579,
SH603406,天富龙,2176.0,27.36,27.61,-0.91,10944273600.0,1.69,23.325,2.319,4.569
SH900939,汇丽B,2164.0,0.418,0.424,-1.42,75867000.0,0.21,57.871,2.853,
SH688570,天玛智控,2163.0,14.65,14.58,0.48,6343450000.0,0.25,181.341,1.488,0.683
SH688367,工大高科,2143.0,29.17,29.65,-1.62,2556009582.0,0.84,368.457,4.335,0.377
SH603391,力聚热能,2039.0,69.56,69.0,0.81,6329960000.0,12.85,30.706,2.928,2.156
SH688215,瑞晟智能,2037.0,43.28,43.96,-1.55,3910402576.0,1.04,67.477,7.829,0.287
SH688695,中创股份,2029.0,19.86,20.4,-2.65,1689120367.0,2.4,-42.572,2.247,
SH688178,万德斯,1984.0,28.85,29.55,-2.37,2452187799.0,0.7,-28.659,2.668,
SH900909,华谊B股,1955.0,0.5,0.498,0.4,1059745407.0,0.05,12.748,0.314,3.2
SH603409,汇通控股,1947.0,17.85,17.62,1.31,3351835390.0,5.2,22.107,2.183,1.126
SH688455,科捷智能,1937.0,17.37,17.58,-1.19,2918692668.0,1.18,23.493,2.81,
SH688132,邦彦技术,1936.0,16.18,16.5,-1.94,2463003801.0,1.12,-9.612,2.212,
SH688671,碧兴物联,1923.0,24.97,25.8,-3.22,1960616933.0,2.17,-21.295,1.987,
SH688184,ST帕瓦,1920.0,10.67,10.79,-1.11,1672287056.0,0.34,-3.379,1.52,
SH688616,西力科技,1908.0,11.11,11.17,-0.54,1992892524.0,0.73,19.382,2.249,2.655
SH603210,泰鸿万立,1882.0,13.23,13.38,-1.12,4503492000.0,0.87,21.02,2.31,0.892
SH900937,华电B股,1855.0,0.197,0.198,-0.51,1557745233.0,0.16,31.315,1.984,
SH688450,光格科技,1853.0,31.34,32.16,-2.55,2068440000.0,2.42,-41.691,2.229,
SH603376,大明电子,1849.0,26.39,26.29,0.38,10556026390.0,3.38,63.544,6.165,0.568
SH900928,临港B股,1834.0,0.58,0.571,1.58,1463042462.0,0.36,7.627,0.586,5.0
SH603448,天博智能,1831.0,59.3,59.86,-0.94,7116000000.0,11.89,21.73,1.926,
SH900901,云赛B股,1798.0,0.612,0.619,-1.13,837016154.0,0.15,27.98,1.127,0.98
SH900929,锦旅B股,1769.0,0.907,0.906,0.11,120228537.0,0.04,56.463,0.82,1.654
SH603262,技源集团,1737.0,17.06,17.13,-0.41,6824170600.0,1.99,62.567,4.316,0.809
SH688755,汉邦科技,1727.0,30.24,29.21,3.53,3459456000.0,4.68,45.369,2.692,0.304
SH688528,秦川物联,1725.0,10.29,10.42,-1.25,1728720000.0,0.69,-17.705,3.987,
SH900927,物贸B股,1721.0,0.326,0.326,0.0,161687170.0,0.13,43.851,0.871,
SH688067,爱威科技,1711.0,24.52,24.53,-0.04,1667360000.0,1.35,51.313,3.174,0.62
SH688193,仁度生物,1659.0,52.19,49.96,4.46,2091246515.0,2.48,118.653,2.365,2.133
SH900913,国新B股,1626.0,0.21,0.208,0.96,405130273.0,0.21,-10.805,0.853,
SH688623,双元科技,1625.0,63.4,63.23,0.27,5421468218.0,1.8,77.784,2.562,1.065
SH603352,至信股份,1609.0,24.81,24.84,-0.12,5623600008.0,1.31,30.073,1.899,0.443
SH900904,神奇B股,1583.0,0.44,0.442,-0.45,234991516.0,0.29,57.501,0.686,2.273
SH900914,锦在线B,1527.0,0.426,0.425,0.24,234985906.0,0.03,12.964,0.362,4.46
SH603293,埃泰克,1487.0,35.17,35.61,-1.24,6298618442.0,3.03,25.261,2.138,
SH688429,时创能源,1465.0,9.93,9.95,-0.2,3972007944.0,0.23,-9.151,3.513,
SH688426,康为世纪,1464.0,22.58,21.23,6.36,2540108107.0,3.72,-29.302,1.927,
SH688459,哈铁科技,1455.0,8.23,8.28,-0.6,3950400000.0,0.15,53.15,1.162,1.458
SH900917,海欣B股,1416.0,0.251,0.251,0.0,302971230.0,0.26,10.269,0.404,2.789
SH688479,友车科技,1374.0,34.11,34.71,-1.73,6867173920.0,1.47,180.127,3.717,0.539
SH900920,动力B股,1368.0,0.267,0.267,0.0,370548416.0,0.09,0.764,0.385,
SH900915,ST中路B,1363.0,0.264,0.262,0.76,84862248.0,0.17,-8.885,1.135,
SH688420,美腾科技,1211.0,22.9,22.78,0.53,2025047000.0,0.77,-61.685,1.442,
SH688701,卓锦股份,1209.0,8.68,8.81,-1.48,1165527589.0,1.56,-16.29,10.581,
SH688816,易思维,1204.0,46.26,46.15,0.24,4626000000.0,1.33,99.569,2.585,0.519
SH900918,耀皮B股,1143.0,0.315,0.316,-0.32,307678478.0,0.01,24.79,0.533,0.635
SH688370,丛麟科技,1089.0,28.65,28.67,-0.07,3928140733.0,1.13,98.444,1.495,0.726
SH688638,誉辰智能,1059.0,34.71,35.33,-1.75,1943760000.0,2.58,-11.355,2.628,
SH603284,林平发展,983.0,40.49,40.54,-0.12,3053545252.0,3.45,14.521,1.365,1.531
SH900921,金煤B股,965.0,0.185,0.183,1.09,188056984.0,0.18,-16.552,15.948,
SH900943,开开B股,935.0,0.427,0.426,0.23,112152381.0,0.04,32.189,0.946,0.468
SH603468,津富士达,909.0,21.98,22.69,-3.13,9060632966.0,9.19,24.145,2.529,
SH900922,三毛B股,779.0,0.645,0.634,1.74,129639416.0,0.17,67.12,1.814,0.465
SH600187,*ST国中,,1.24,1.24,0.0,2001088568.0,0.92,-10.332,0.681,
SH600259,中稀有色,,73.74,74.2,-0.62,24808784003.0,0.99,54.107,6.448,0.203
